timestamp,open,high,low,close,volume,year,month,day
2025-10-11 00:00:00+00:00,3983.0,3986.2,3969.51,3981.54,227.8363,2025,10,11
2025-10-11 00:05:00+00:00,3981.54,3987.3,3973.48,3977.21,197.406,2025,10,11
2025-10-11 00:10:00+00:00,3977.22,3983.62,3975.2,3978.77,174.1056,2025,10,11
2025-10-11 00:15:00+00:00,3978.78,3986.0,3976.08,3978.79,182.3462,2025,10,11
2025-10-11 00:20:00+00:00,3978.79,3979.95,3966.94,3969.25,178.2748,2025,10,11
2025-10-11 00:25:00+00:00,3969.11,3972.75,3960.47,3964.61,198.1934,2025,10,11
2025-10-11 00:30:00+00:00,3964.62,3977.49,3960.01,3971.59,139.1366,2025,10,11
2025-10-11 00:35:00+00:00,3970.92,3977.5,3967.62,3972.39,118.7401,2025,10,11
2025-10-11 00:40:00+00:00,3972.57,3980.5,3963.29,3974.69,190.2229,2025,10,11
2025-10-11 00:45:00+00:00,3974.69,3979.05,3970.41,3972.63,182.4332,2025,10,11
2025-10-11 00:50:00+00:00,3972.63,3974.53,3970.03,3971.24,128.6921,2025,10,11
2025-10-11 00:55:00+00:00,3971.36,3973.97,3966.28,3973.65,163.3545,2025,10,11
2025-10-11 01:00:00+00:00,3973.65,3977.85,3970.11,3974.3,105.3904,2025,10,11
2025-10-11 01:05:00+00:00,3974.31,3977.03,3968.31,3971.19,97.601,2025,10,11
2025-10-11 01:10:00+00:00,3971.19,3984.91,3968.91,3974.27,145.6335,2025,10,11
2025-10-11 01:15:00+00:00,3974.27,3976.92,3968.25,3971.37,106.762,2025,10,11
2025-10-11 01:20:00+00:00,3971.36,3971.37,3965.19,3967.31,109.407,2025,10,11
2025-10-11 01:25:00+00:00,3967.47,3970.0,3966.92,3967.83,121.4476,2025,10,11
2025-10-11 01:30:00+00:00,3967.87,3969.73,3964.31,3968.29,86.7127,2025,10,11
2025-10-11 01:35:00+00:00,3968.29,3970.0,3960.0,3962.43,148.8757,2025,10,11
2025-10-11 01:40:00+00:00,3962.07,3963.78,3959.31,3961.28,99.3184,2025,10,11
2025-10-11 01:45:00+00:00,3961.28,3970.0,3959.1,3962.34,105.4079,2025,10,11
2025-10-11 01:50:00+00:00,3962.36,3965.0,3958.83,3963.13,75.5768,2025,10,11
2025-10-11 01:55:00+00:00,3964.96,3965.95,3960.0,3962.31,79.6836,2025,10,11
2025-10-11 02:00:00+00:00,3962.3,3967.66,3950.01,3953.17,106.5288,2025,10,11
2025-10-11 02:05:00+00:00,3953.89,3960.96,3952.28,3956.98,119.3912,2025,10,11
2025-10-11 02:10:00+00:00,3957.83,3961.4,3953.57,3957.0,71.6428,2025,10,11
2025-10-11 02:15:00+00:00,3957.19,3960.98,3950.0,3959.56,167.3395,2025,10,11
2025-10-11 02:20:00+00:00,3959.57,3962.79,3955.97,3960.6,112.0771,2025,10,11
2025-10-11 02:25:00+00:00,3960.6,3963.72,3959.05,3961.51,185.7004,2025,10,11
2025-10-11 02:30:00+00:00,3961.5,3966.33,3959.66,3965.22,145.6562,2025,10,11
2025-10-11 02:35:00+00:00,3965.23,3974.49,3965.11,3972.08,205.0728,2025,10,11
2025-10-11 02:40:00+00:00,3972.08,3977.9,3969.58,3974.9,114.6696,2025,10,11
2025-10-11 02:45:00+00:00,3974.91,3981.7,3973.6,3979.32,121.8323,2025,10,11
2025-10-11 02:50:00+00:00,3979.32,3986.71,3979.32,3985.0,281.3468,2025,10,11
2025-10-11 02:55:00+00:00,3985.0,3987.26,3985.0,3985.01,92.3937,2025,10,11
2025-10-11 03:00:00+00:00,3985.02,3985.02,3980.24,3980.46,108.872,2025,10,11
2025-10-11 03:05:00+00:00,3980.45,3985.0,3973.0,3982.08,188.1481,2025,10,11
2025-10-11 03:10:00+00:00,3981.61,3981.61,3968.4,3968.41,99.105,2025,10,11
2025-10-11 03:15:00+00:00,3968.4,3971.53,3964.7,3964.7,140.8542,2025,10,11
2025-10-11 03:20:00+00:00,3964.58,3968.07,3964.52,3964.54,135.555,2025,10,11
2025-10-11 03:25:00+00:00,3965.08,3970.56,3964.74,3967.57,103.3517,2025,10,11
2025-10-11 03:30:00+00:00,3967.57,3969.74,3964.31,3966.65,118.2337,2025,10,11
2025-10-11 03:35:00+00:00,3966.65,3973.43,3965.0,3971.97,100.6716,2025,10,11
2025-10-11 03:40:00+00:00,3971.96,3974.96,3970.62,3973.53,107.0167,2025,10,11
2025-10-11 03:45:00+00:00,3974.32,3978.44,3972.04,3977.44,85.3832,2025,10,11
2025-10-11 03:50:00+00:00,3977.45,3982.99,3976.55,3978.36,118.782,2025,10,11
2025-10-11 03:55:00+00:00,3977.89,3979.76,3972.95,3973.35,115.4433,2025,10,11
2025-10-11 04:00:00+00:00,3974.23,3974.86,3965.86,3970.99,127.9491,2025,10,11
2025-10-11 04:05:00+00:00,3970.76,3974.19,3968.51,3973.28,125.6812,2025,10,11
2025-10-11 04:10:00+00:00,3973.28,3977.7,3970.46,3974.41,129.547,2025,10,11
2025-10-11 04:15:00+00:00,3974.6,3979.98,3973.95,3979.34,91.0686,2025,10,11
2025-10-11 04:20:00+00:00,3979.5,3983.26,3979.5,3980.15,132.0924,2025,10,11
2025-10-11 04:25:00+00:00,3980.75,3983.14,3979.57,3980.62,109.5176,2025,10,11
2025-10-11 04:30:00+00:00,3980.51,3980.95,3972.67,3973.49,80.6169,2025,10,11
2025-10-11 04:35:00+00:00,3973.49,3980.0,3971.77,3976.76,86.5638,2025,10,11
2025-10-11 04:40:00+00:00,3976.76,3977.39,3970.0,3970.01,141.3812,2025,10,11
2025-10-11 04:45:00+00:00,3970.01,3973.54,3970.0,3972.32,66.8938,2025,10,11
2025-10-11 04:50:00+00:00,3972.33,3975.08,3970.0,3972.49,122.8703,2025,10,11
2025-10-11 04:55:00+00:00,3972.59,3980.0,3971.2,3974.22,95.0776,2025,10,11
2025-10-11 05:00:00+00:00,3974.22,3977.22,3973.18,3973.18,66.4163,2025,10,11
2025-10-11 05:05:00+00:00,3974.58,3977.55,3973.66,3974.68,61.7741,2025,10,11
2025-10-11 05:10:00+00:00,3974.75,3975.99,3973.8,3975.36,63.3799,2025,10,11
2025-10-11 05:15:00+00:00,3975.75,3976.64,3972.22,3974.95,75.4605,2025,10,11
2025-10-11 05:20:00+00:00,3974.94,3978.81,3972.17,3975.54,50.8304,2025,10,11
2025-10-11 05:25:00+00:00,3975.68,3982.23,3975.42,3981.31,32.6295,2025,10,11
2025-10-11 05:30:00+00:00,3981.31,3982.34,3977.63,3978.5,16.7143,2025,10,11
2025-10-11 05:35:00+00:00,3978.5,3983.33,3978.5,3981.36,16.2456,2025,10,11
2025-10-11 05:40:00+00:00,3981.37,3981.37,3975.44,3975.96,22.8879,2025,10,11
2025-10-11 05:45:00+00:00,3975.95,3978.0,3972.98,3976.6,16.1448,2025,10,11
2025-10-11 05:50:00+00:00,3976.6,3981.92,3976.0,3981.39,25.8517,2025,10,11
2025-10-11 05:55:00+00:00,3981.39,3981.87,3976.73,3980.29,27.9849,2025,10,11
2025-10-11 06:00:00+00:00,3980.28,3982.6,3976.67,3981.09,19.8457,2025,10,11
2025-10-11 06:05:00+00:00,3981.01,3983.25,3980.5,3982.61,12.1654,2025,10,11
2025-10-11 06:10:00+00:00,3982.61,3984.21,3981.22,3982.45,14.1136,2025,10,11
2025-10-11 06:15:00+00:00,3982.37,3988.7,3982.37,3985.18,22.8888,2025,10,11
2025-10-11 06:20:00+00:00,3985.18,3988.93,3985.01,3988.91,51.4867,2025,10,11
2025-10-11 06:25:00+00:00,3988.91,3988.92,3988.01,3988.92,5.7671,2025,10,11
2025-10-11 06:30:00+00:00,3988.91,3994.96,3988.91,3992.81,88.929,2025,10,11
2025-10-11 06:35:00+00:00,3992.81,4000.8,3988.23,3988.9,64.3746,2025,10,11
2025-10-11 06:40:00+00:00,3988.89,3990.73,3988.89,3990.48,10.6673,2025,10,11
2025-10-11 06:45:00+00:00,3990.73,3990.73,3989.4,3990.55,5.7953,2025,10,11
2025-10-11 06:50:00+00:00,3990.55,3991.95,3988.75,3988.76,7.3094,2025,10,11
2025-10-11 06:55:00+00:00,3988.75,3990.4,3987.98,3988.52,22.2749,2025,10,11
2025-10-11 07:00:00+00:00,3988.61,3989.13,3986.26,3986.27,12.1118,2025,10,11
2025-10-11 07:05:00+00:00,3986.27,3986.75,3983.33,3983.5,17.9719,2025,10,11
2025-10-11 07:10:00+00:00,3983.49,3983.49,3982.0,3982.4,8.7926,2025,10,11
2025-10-11 07:15:00+00:00,3982.4,3986.58,3982.39,3986.04,10.4771,2025,10,11
2025-10-11 07:20:00+00:00,3986.3,3991.91,3983.36,3985.27,38.6732,2025,10,11
2025-10-11 07:25:00+00:00,3985.27,3986.34,3983.05,3984.36,10.7911,2025,10,11
2025-10-11 07:30:00+00:00,3984.47,3991.78,3984.46,3990.33,22.9535,2025,10,11
2025-10-11 07:35:00+00:00,3990.33,3990.33,3985.59,3985.68,23.7273,2025,10,11
2025-10-11 07:40:00+00:00,3985.68,3985.68,3984.0,3985.3,11.6141,2025,10,11
2025-10-11 07:45:00+00:00,3985.29,4000.09,3985.14,3991.8,70.4221,2025,10,11
2025-10-11 07:50:00+00:00,3991.8,3993.83,3990.0,3993.65,25.9634,2025,10,11
2025-10-11 07:55:00+00:00,3993.65,3993.91,3990.72,3993.49,19.365,2025,10,11
2025-10-11 08:00:00+00:00,3993.49,3995.56,3991.91,3995.55,18.2396,2025,10,11
2025-10-11 08:05:00+00:00,3995.55,4000.49,3995.18,3997.95,28.849,2025,10,11
2025-10-11 08:10:00+00:00,3997.61,3997.61,3992.15,3992.34,29.4625,2025,10,11
2025-10-11 08:15:00+00:00,3992.34,3994.6,3991.97,3994.6,21.1414,2025,10,11
2025-10-11 08:20:00+00:00,3994.81,3995.67,3992.27,3992.28,40.1641,2025,10,11
2025-10-11 08:25:00+00:00,3992.28,3994.78,3991.9,3994.74,25.478,2025,10,11
2025-10-11 08:30:00+00:00,3994.75,3997.63,3994.75,3997.32,21.1476,2025,10,11
2025-10-11 08:35:00+00:00,3997.38,3998.06,3993.64,3994.77,62.4037,2025,10,11
2025-10-11 08:40:00+00:00,3994.77,4000.88,3994.76,3997.47,27.5141,2025,10,11
2025-10-11 08:45:00+00:00,3997.42,4000.83,3995.99,3998.14,57.3692,2025,10,11
2025-10-11 08:50:00+00:00,3998.13,3998.8,3998.08,3998.27,8.3186,2025,10,11
2025-10-11 08:55:00+00:00,3998.28,3998.28,3994.35,3994.35,52.1662,2025,10,11
2025-10-11 09:00:00+00:00,3994.34,3994.35,3990.1,3990.49,40.1564,2025,10,11
2025-10-11 09:05:00+00:00,3990.5,3993.29,3990.5,3992.99,29.8004,2025,10,11
2025-10-11 09:10:00+00:00,3993.49,3996.62,3991.8,3992.31,19.0016,2025,10,11
2025-10-11 09:15:00+00:00,3992.3,3995.0,3990.64,3994.21,16.4026,2025,10,11
2025-10-11 09:20:00+00:00,3994.21,3996.39,3994.21,3996.11,15.7776,2025,10,11
2025-10-11 09:25:00+00:00,3996.12,3998.54,3994.98,3998.52,12.5353,2025,10,11
2025-10-11 09:30:00+00:00,3998.52,4000.18,3997.28,3998.52,17.9696,2025,10,11
2025-10-11 09:35:00+00:00,3998.52,3998.53,3995.64,3996.88,8.0894,2025,10,11
2025-10-11 09:40:00+00:00,3996.89,3997.65,3995.5,3996.17,17.9406,2025,10,11
2025-10-11 09:45:00+00:00,3996.17,3998.45,3996.17,3997.5,11.0811,2025,10,11
2025-10-11 09:50:00+00:00,3997.49,3997.49,3994.13,3995.31,17.9563,2025,10,11
2025-10-11 09:55:00+00:00,3995.31,3998.01,3995.31,3996.85,12.6463,2025,10,11
2025-10-11 10:00:00+00:00,3996.85,3996.86,3995.65,3995.65,9.5816,2025,10,11
2025-10-11 10:05:00+00:00,3995.64,3995.88,3995.42,3995.87,15.163,2025,10,11
2025-10-11 10:10:00+00:00,3995.87,3996.36,3995.87,3996.13,10.0466,2025,10,11
2025-10-11 10:15:00+00:00,3996.13,3996.13,3994.6,3995.34,9.572,2025,10,11
2025-10-11 10:20:00+00:00,3995.34,3997.79,3995.34,3997.78,24.3736,2025,10,11
2025-10-11 10:25:00+00:00,3997.79,3999.11,3996.01,3998.1,19.6226,2025,10,11
2025-10-11 10:30:00+00:00,3998.1,4000.0,3998.09,3998.11,27.3429,2025,10,11
2025-10-11 10:35:00+00:00,3998.1,3998.1,3997.0,3997.43,5.9627,2025,10,11
2025-10-11 10:40:00+00:00,3997.43,3997.82,3997.0,3997.12,9.0243,2025,10,11
2025-10-11 10:45:00+00:00,3997.12,3997.13,3997.11,3997.11,2.4139,2025,10,11
2025-10-11 10:50:00+00:00,3997.11,3997.11,3996.81,3996.81,8.1701,2025,10,11
2025-10-11 10:55:00+00:00,3996.81,3996.82,3996.74,3996.76,7.096,2025,10,11
2025-10-11 11:00:00+00:00,3996.77,3996.97,3996.0,3996.0,11.2988,2025,10,11
2025-10-11 11:05:00+00:00,3995.99,3995.99,3995.0,3995.39,12.3167,2025,10,11
2025-10-11 11:10:00+00:00,3995.39,3995.4,3994.32,3994.32,10.1389,2025,10,11
2025-10-11 11:15:00+00:00,3994.33,3994.65,3994.1,3994.11,14.3961,2025,10,11
2025-10-11 11:20:00+00:00,3994.11,3996.59,3994.1,3996.59,16.0106,2025,10,11
2025-10-11 11:25:00+00:00,3996.59,4000.38,3996.59,3999.56,35.1483,2025,10,11
2025-10-11 11:30:00+00:00,3999.56,3999.79,3998.31,3998.86,8.2669,2025,10,11
2025-10-11 11:35:00+00:00,3998.85,3998.85,3998.43,3998.5,4.8458,2025,10,11
2025-10-11 11:40:00+00:00,3998.5,3998.75,3998.5,3998.51,10.2441,2025,10,11
2025-10-11 11:45:00+00:00,3998.52,3998.74,3998.5,3998.72,7.6109,2025,10,11
2025-10-11 11:50:00+00:00,3998.72,3998.73,3998.5,3998.5,18.082,2025,10,11
2025-10-11 11:55:00+00:00,3998.5,3998.62,3997.37,3997.66,18.268,2025,10,11
2025-10-11 12:00:00+00:00,3997.43,3998.26,3996.38,3996.88,6.1561,2025,10,11
2025-10-11 12:05:00+00:00,3996.88,3996.88,3996.27,3996.38,9.1073,2025,10,11
2025-10-11 12:10:00+00:00,3996.38,3996.64,3996.38,3996.56,8.0076,2025,10,11
2025-10-11 12:15:00+00:00,3996.57,3998.18,3996.22,3998.18,16.7883,2025,10,11
2025-10-11 12:20:00+00:00,3997.98,3999.6,3997.98,3999.15,5.0096,2025,10,11
2025-10-11 12:25:00+00:00,3999.15,3999.71,3999.15,3999.6,6.997,2025,10,11
2025-10-11 12:30:00+00:00,3999.59,3999.93,3999.46,3999.46,8.2633,2025,10,11
2025-10-11 12:35:00+00:00,3999.46,3999.47,3998.03,3998.69,7.2945,2025,10,11
2025-10-11 12:40:00+00:00,3998.7,4000.0,3998.7,3999.99,4.3461,2025,10,11
2025-10-11 12:45:00+00:00,3999.99,4000.0,3998.54,3999.92,31.8583,2025,10,11
2025-10-11 12:50:00+00:00,3999.92,3999.92,3997.37,3997.38,12.2099,2025,10,11
2025-10-11 12:55:00+00:00,3997.37,3997.52,3997.37,3997.52,6.7078,2025,10,11
2025-10-11 13:00:00+00:00,3997.51,3997.52,3997.51,3997.52,1.1788,2025,10,11
2025-10-11 13:05:00+00:00,3997.51,3997.88,3997.51,3997.88,4.3766,2025,10,11
2025-10-11 13:10:00+00:00,3997.87,3999.15,3997.87,3999.15,2.6482,2025,10,11
2025-10-11 13:15:00+00:00,3999.14,3999.15,3998.69,3998.7,7.6982,2025,10,11
2025-10-11 13:20:00+00:00,3998.7,3999.56,3998.67,3999.46,20.4304,2025,10,11
2025-10-11 13:25:00+00:00,3999.46,3999.46,3999.0,3999.0,15.5551,2025,10,11
2025-10-11 13:30:00+00:00,3999.0,3999.01,3993.56,3994.61,101.0627,2025,10,11
2025-10-11 13:35:00+00:00,3994.61,3995.18,3990.0,3991.02,53.8134,2025,10,11
2025-10-11 13:40:00+00:00,3991.02,3991.02,3982.81,3986.74,96.5014,2025,10,11
2025-10-11 13:45:00+00:00,3986.73,3987.98,3984.55,3987.97,54.391,2025,10,11
2025-10-11 13:50:00+00:00,3987.97,3987.98,3986.96,3987.93,14.8792,2025,10,11
2025-10-11 13:55:00+00:00,3987.93,3990.84,3987.93,3990.83,10.2334,2025,10,11
2025-10-11 14:00:00+00:00,3990.83,3994.16,3990.83,3994.15,30.8793,2025,10,11
2025-10-11 14:05:00+00:00,3994.15,3997.02,3993.11,3993.11,23.793,2025,10,11
2025-10-11 14:10:00+00:00,3993.11,3993.12,3992.79,3992.8,6.9251,2025,10,11
2025-10-11 14:15:00+00:00,3992.79,3992.8,3992.6,3992.7,11.3686,2025,10,11
2025-10-11 14:20:00+00:00,3992.7,3993.17,3990.79,3992.6,33.6116,2025,10,11
2025-10-11 14:25:00+00:00,3992.6,3993.14,3992.34,3992.97,15.9537,2025,10,11
2025-10-11 14:30:00+00:00,3992.98,3993.16,3992.18,3993.15,24.4123,2025,10,11
2025-10-11 14:35:00+00:00,3993.14,3999.17,3993.14,3998.18,52.7884,2025,10,11
2025-10-11 14:40:00+00:00,3998.18,3999.39,3997.95,3997.95,18.2564,2025,10,11
2025-10-11 14:45:00+00:00,3997.96,3998.48,3997.08,3997.87,18.6028,2025,10,11
2025-10-11 14:50:00+00:00,3997.87,3998.04,3997.87,3998.03,11.8491,2025,10,11
2025-10-11 14:55:00+00:00,3998.03,4000.0,3998.03,3999.25,14.6658,2025,10,11
2025-10-11 15:00:00+00:00,3999.25,4001.02,3999.23,4001.02,39.0315,2025,10,11
2025-10-11 15:05:00+00:00,4001.05,4002.45,4000.39,4000.83,43.4443,2025,10,11
2025-10-11 15:10:00+00:00,4000.83,4000.83,3998.4,3998.4,21.4356,2025,10,11
2025-10-11 15:15:00+00:00,3998.4,3998.4,3995.03,3995.16,22.6263,2025,10,11
2025-10-11 15:20:00+00:00,3995.17,3995.17,3993.58,3993.87,18.523,2025,10,11
2025-10-11 15:25:00+00:00,3993.87,3995.03,3986.0,3990.24,108.8377,2025,10,11
2025-10-11 15:30:00+00:00,3990.23,3990.23,3985.4,3987.96,152.6947,2025,10,11
2025-10-11 15:35:00+00:00,3987.97,3987.97,3985.26,3987.5,23.4282,2025,10,11
2025-10-11 15:40:00+00:00,3987.49,3989.42,3987.49,3989.18,12.204,2025,10,11
2025-10-11 15:45:00+00:00,3989.18,3989.19,3983.98,3986.97,176.0921,2025,10,11
2025-10-11 15:50:00+00:00,3986.97,3988.0,3986.97,3987.81,16.8643,2025,10,11
2025-10-11 15:55:00+00:00,3987.81,3987.81,3987.7,3987.71,6.5181,2025,10,11
2025-10-11 16:00:00+00:00,3987.71,3991.67,3987.71,3991.25,10.3028,2025,10,11
2025-10-11 16:05:00+00:00,3991.26,3991.26,3984.65,3986.71,119.8117,2025,10,11
2025-10-11 16:10:00+00:00,3986.72,3987.64,3984.89,3984.9,26.0368,2025,10,11
2025-10-11 16:15:00+00:00,3984.89,3985.41,3984.14,3984.91,30.3816,2025,10,11
2025-10-11 16:20:00+00:00,3984.9,3985.54,3983.01,3985.11,29.6791,2025,10,11
2025-10-11 16:25:00+00:00,3985.11,3985.11,3983.05,3984.2,46.2388,2025,10,11
2025-10-11 16:30:00+00:00,3984.19,3985.44,3982.81,3985.04,43.779,2025,10,11
2025-10-11 16:35:00+00:00,3985.04,3985.24,3980.65,3982.9,135.482,2025,10,11
2025-10-11 16:40:00+00:00,3982.9,3984.83,3982.9,3983.51,20.2905,2025,10,11
2025-10-11 16:45:00+00:00,3983.51,3983.8,3982.82,3983.11,9.5618,2025,10,11
2025-10-11 16:50:00+00:00,3983.12,3993.57,3983.09,3988.41,146.6408,2025,10,11
2025-10-11 16:55:00+00:00,3988.41,3997.55,3986.05,3986.08,33.472,2025,10,11
2025-10-11 17:00:00+00:00,3986.07,3986.07,3985.23,3985.24,8.2466,2025,10,11
2025-10-11 17:05:00+00:00,3985.23,3986.6,3983.79,3983.8,16.0233,2025,10,11
2025-10-11 17:10:00+00:00,3983.8,3984.27,3983.31,3984.22,19.5834,2025,10,11
2025-10-11 17:15:00+00:00,3984.22,3984.52,3984.09,3984.09,9.9708,2025,10,11
2025-10-11 17:20:00+00:00,3984.1,3984.84,3984.0,3984.84,4.9558,2025,10,11
2025-10-11 17:25:00+00:00,3984.83,3985.55,3984.83,3984.89,7.338,2025,10,11
2025-10-11 17:30:00+00:00,3984.9,3984.9,3984.6,3984.61,6.5157,2025,10,11
2025-10-11 17:35:00+00:00,3984.6,3984.61,3981.42,3982.0,41.6483,2025,10,11
2025-10-11 17:40:00+00:00,3982.0,3982.67,3980.0,3981.54,60.7854,2025,10,11
2025-10-11 17:45:00+00:00,3981.54,3984.53,3981.53,3982.2,7.3284,2025,10,11
2025-10-11 17:50:00+00:00,3982.21,3982.98,3982.2,3982.98,5.2604,2025,10,11
2025-10-11 17:55:00+00:00,3982.98,3982.98,3982.97,3982.98,1.7689,2025,10,11
2025-10-11 18:00:00+00:00,3982.98,3984.89,3981.61,3981.67,35.3757,2025,10,11
2025-10-11 18:05:00+00:00,3981.67,3981.67,3981.66,3981.67,1.3437,2025,10,11
2025-10-11 18:10:00+00:00,3981.67,3981.67,3979.05,3980.1,13.9222,2025,10,11
2025-10-11 18:15:00+00:00,3980.1,3982.22,3977.11,3980.76,52.5472,2025,10,11
2025-10-11 18:20:00+00:00,3980.76,3982.16,3980.76,3981.43,7.3537,2025,10,11
2025-10-11 18:25:00+00:00,3981.43,3981.43,3980.57,3980.58,3.4314,2025,10,11
2025-10-11 18:30:00+00:00,3980.58,3980.58,3978.85,3979.15,13.2338,2025,10,11
2025-10-11 18:35:00+00:00,3979.15,3982.13,3979.15,3980.8,10.4887,2025,10,11
2025-10-11 18:40:00+00:00,3980.8,3986.36,3980.8,3983.99,21.09,2025,10,11
2025-10-11 18:45:00+00:00,3983.99,3983.99,3981.79,3982.97,18.1135,2025,10,11
2025-10-11 18:50:00+00:00,3982.98,3983.85,3982.69,3982.95,8.0323,2025,10,11
2025-10-11 18:55:00+00:00,3982.95,3983.15,3982.94,3983.15,1.0267,2025,10,11
2025-10-11 19:00:00+00:00,3983.14,3984.66,3983.14,3983.91,8.7759,2025,10,11
2025-10-11 19:05:00+00:00,3983.91,3986.59,3983.91,3986.04,12.428,2025,10,11
2025-10-11 19:10:00+00:00,3986.03,3986.04,3983.25,3984.37,10.2665,2025,10,11
2025-10-11 19:15:00+00:00,3984.38,3987.25,3984.38,3986.48,14.2368,2025,10,11
2025-10-11 19:20:00+00:00,3986.48,3986.48,3984.3,3984.37,12.1026,2025,10,11
2025-10-11 19:25:00+00:00,3984.38,3985.03,3983.38,3983.38,15.9699,2025,10,11
2025-10-11 19:30:00+00:00,3983.39,3983.39,3979.56,3979.76,187.565,2025,10,11
2025-10-11 19:35:00+00:00,3979.76,3983.3,3977.76,3980.0,121.0647,2025,10,11
2025-10-11 19:40:00+00:00,3980.0,3980.58,3979.09,3980.58,13.9225,2025,10,11
2025-10-11 19:45:00+00:00,3980.72,3981.85,3980.67,3980.67,12.3007,2025,10,11
2025-10-11 19:50:00+00:00,3980.67,3980.69,3979.73,3980.37,10.9525,2025,10,11
2025-10-11 19:55:00+00:00,3980.37,3980.37,3977.55,3979.0,60.5141,2025,10,11
2025-10-11 20:00:00+00:00,3978.99,3981.42,3978.8,3980.44,13.2225,2025,10,11
2025-10-11 20:05:00+00:00,3980.44,3980.44,3975.95,3978.85,40.8614,2025,10,11
2025-10-11 20:10:00+00:00,3978.85,3979.06,3978.7,3979.06,6.056,2025,10,11
2025-10-11 20:15:00+00:00,3979.06,3980.81,3979.06,3979.97,6.8582,2025,10,11
2025-10-11 20:20:00+00:00,3979.97,3980.12,3979.52,3980.02,5.959,2025,10,11
2025-10-11 20:25:00+00:00,3980.03,3981.1,3980.03,3980.89,7.7843,2025,10,11
2025-10-11 20:30:00+00:00,3980.88,3980.89,3979.13,3979.14,15.7975,2025,10,11
2025-10-11 20:35:00+00:00,3979.14,3981.22,3976.15,3978.49,185.1744,2025,10,11
2025-10-11 20:40:00+00:00,3978.49,3979.89,3977.78,3978.45,11.0153,2025,10,11
2025-10-11 20:45:00+00:00,3978.45,3980.44,3977.76,3978.14,7.0469,2025,10,11
2025-10-11 20:50:00+00:00,3978.13,3978.28,3977.38,3977.41,7.9566,2025,10,11
2025-10-11 20:55:00+00:00,3977.41,3978.0,3975.87,3977.86,31.177,2025,10,11
2025-10-11 21:00:00+00:00,3977.87,3977.87,3975.71,3975.77,12.5781,2025,10,11
2025-10-11 21:05:00+00:00,3975.77,3975.77,3973.78,3973.8,42.4976,2025,10,11
2025-10-11 21:10:00+00:00,3973.79,3975.36,3973.18,3975.36,9.547,2025,10,11
2025-10-11 21:15:00+00:00,3975.35,3978.9,3975.2,3978.4,34.6376,2025,10,11
2025-10-11 21:20:00+00:00,3978.4,3981.37,3976.79,3980.66,31.382,2025,10,11
2025-10-11 21:25:00+00:00,3980.8,3985.74,3980.8,3984.06,48.6419,2025,10,11
2025-10-11 21:30:00+00:00,3984.06,3985.58,3984.06,3985.05,18.9232,2025,10,11
2025-10-11 21:35:00+00:00,3985.05,3987.95,3985.05,3987.31,60.6889,2025,10,11
2025-10-11 21:40:00+00:00,3987.31,3988.12,3986.14,3988.12,28.5055,2025,10,11
2025-10-11 21:45:00+00:00,3988.12,3990.0,3986.89,3988.61,77.1803,2025,10,11
2025-10-11 21:50:00+00:00,3988.61,3989.99,3987.72,3989.1,35.4699,2025,10,11
2025-10-11 21:55:00+00:00,3989.1,3989.1,3988.89,3988.91,11.2474,2025,10,11
2025-10-11 22:00:00+00:00,3988.91,3989.46,3988.91,3989.46,3.2744,2025,10,11
2025-10-11 22:05:00+00:00,3989.47,3989.47,3987.15,3987.3,14.7093,2025,10,11
2025-10-11 22:10:00+00:00,3987.3,3988.54,3986.4,3986.4,10.5988,2025,10,11
2025-10-11 22:15:00+00:00,3986.4,3986.5,3984.85,3984.85,23.5117,2025,10,11
2025-10-11 22:20:00+00:00,3984.85,3984.86,3984.83,3984.83,8.2716,2025,10,11
2025-10-11 22:25:00+00:00,3984.83,3984.84,3983.53,3983.54,17.1292,2025,10,11
2025-10-11 22:30:00+00:00,3983.54,3983.54,3983.12,3983.12,10.7396,2025,10,11
2025-10-11 22:35:00+00:00,3983.12,3984.98,3983.12,3984.97,15.3293,2025,10,11
2025-10-11 22:40:00+00:00,3984.97,3986.17,3984.15,3986.16,7.9568,2025,10,11
2025-10-11 22:45:00+00:00,3986.16,3986.96,3986.14,3986.5,10.7508,2025,10,11
2025-10-11 22:50:00+00:00,3986.51,3987.77,3986.51,3987.76,9.4105,2025,10,11
2025-10-11 22:55:00+00:00,3987.76,3987.88,3987.75,3987.88,3.8445,2025,10,11
2025-10-11 23:00:00+00:00,3987.88,3987.89,3987.87,3987.89,20.051,2025,10,11
2025-10-11 23:05:00+00:00,3987.89,3990.0,3987.89,3990.0,4.31,2025,10,11
2025-10-11 23:10:00+00:00,3990.0,3990.0,3989.85,3990.0,4.9076,2025,10,11
2025-10-11 23:15:00+00:00,3990.0,3990.0,3989.96,3989.97,11.626,2025,10,11
2025-10-11 23:20:00+00:00,3989.97,3990.24,3989.97,3990.22,15.9789,2025,10,11
2025-10-11 23:25:00+00:00,3990.23,3990.64,3990.22,3990.24,38.2583,2025,10,11
2025-10-11 23:30:00+00:00,3990.24,3990.34,3990.24,3990.33,6.5542,2025,10,11
2025-10-11 23:35:00+00:00,3990.33,3990.33,3990.24,3990.25,1.5467,2025,10,11
2025-10-11 23:40:00+00:00,3990.25,3990.25,3990.24,3990.25,4.9293,2025,10,11
2025-10-11 23:45:00+00:00,3990.25,3991.22,3990.24,3991.22,9.0578,2025,10,11
2025-10-11 23:50:00+00:00,3991.22,3991.37,3991.19,3991.37,12.609,2025,10,11
2025-10-11 23:55:00+00:00,3991.36,3992.53,3991.36,3992.15,17.2871,2025,10,11
2025-10-12 00:00:00+00:00,3992.14,3993.0,3992.14,3993.0,26.7716,2025,10,12
2025-10-12 00:05:00+00:00,3993.0,3993.42,3992.56,3993.09,20.3335,2025,10,12
2025-10-12 00:10:00+00:00,3993.09,3994.88,3993.01,3994.78,20.3951,2025,10,12
2025-10-12 00:15:00+00:00,3994.78,3996.24,3994.77,3996.24,12.0471,2025,10,12
2025-10-12 00:20:00+00:00,3996.07,3996.5,3994.55,3995.5,35.3188,2025,10,12
2025-10-12 00:25:00+00:00,3995.5,3997.82,3995.4,3997.15,31.4567,2025,10,12
2025-10-12 00:30:00+00:00,3997.16,4000.0,3997.16,3999.42,51.9843,2025,10,12
2025-10-12 00:35:00+00:00,3999.42,4000.0,3999.41,3999.99,20.3662,2025,10,12
2025-10-12 00:40:00+00:00,3999.99,3999.99,3999.15,3999.4,21.0802,2025,10,12
2025-10-12 00:45:00+00:00,3999.39,3999.99,3998.05,3998.6,39.4295,2025,10,12
2025-10-12 00:50:00+00:00,3998.6,3998.62,3996.28,3996.29,49.6997,2025,10,12
2025-10-12 00:55:00+00:00,3996.28,3998.38,3993.5,3998.12,40.1832,2025,10,12
2025-10-12 01:00:00+00:00,3998.12,3999.82,3997.99,3998.89,34.0513,2025,10,12
2025-10-12 01:05:00+00:00,3998.9,3999.56,3998.14,3998.28,18.3922,2025,10,12
2025-10-12 01:10:00+00:00,3998.39,3999.53,3998.39,3999.53,22.7975,2025,10,12
2025-10-12 01:15:00+00:00,3999.52,3999.54,3998.3,3998.66,13.5194,2025,10,12
2025-10-12 01:20:00+00:00,3998.67,3999.81,3998.67,3999.41,52.3794,2025,10,12
2025-10-12 01:25:00+00:00,3999.42,4000.55,3999.42,4000.54,40.4371,2025,10,12
2025-10-12 01:30:00+00:00,4000.54,4001.86,3999.96,4000.62,49.6496,2025,10,12
2025-10-12 01:35:00+00:00,4000.62,4000.63,4000.45,4000.45,21.189,2025,10,12
2025-10-12 01:40:00+00:00,4000.44,4000.59,4000.4,4000.49,19.4855,2025,10,12
2025-10-12 01:45:00+00:00,4000.5,4000.52,4000.41,4000.46,15.9677,2025,10,12
2025-10-12 01:50:00+00:00,4000.42,4000.63,4000.41,4000.6,19.3857,2025,10,12
2025-10-12 01:55:00+00:00,4000.6,4001.12,4000.5,4000.81,95.3204,2025,10,12
2025-10-12 02:00:00+00:00,4000.82,4003.72,4000.51,4002.03,41.3034,2025,10,12
2025-10-12 02:05:00+00:00,4002.04,4004.0,4001.98,4002.32,49.4734,2025,10,12
2025-10-12 02:10:00+00:00,4002.32,4003.92,4001.75,4001.82,83.6557,2025,10,12
2025-10-12 02:15:00+00:00,4001.82,4004.0,4001.81,4003.11,57.9688,2025,10,12
2025-10-12 02:20:00+00:00,4003.11,4005.0,4003.1,4005.0,86.8533,2025,10,12
2025-10-12 02:25:00+00:00,4005.0,4009.41,4004.99,4009.3,62.8307,2025,10,12
2025-10-12 02:30:00+00:00,4009.3,4009.31,4008.43,4008.43,64.9175,2025,10,12
2025-10-12 02:35:00+00:00,4008.44,4008.55,4008.05,4008.06,23.9656,2025,10,12
2025-10-12 02:40:00+00:00,4008.06,4008.06,4006.32,4007.25,37.8729,2025,10,12
2025-10-12 02:45:00+00:00,4007.25,4008.64,4007.0,4008.63,15.2739,2025,10,12
2025-10-12 02:50:00+00:00,4008.63,4010.39,4007.66,4007.67,51.0609,2025,10,12
2025-10-12 02:55:00+00:00,4007.66,4009.4,4007.64,4009.0,29.8465,2025,10,12
2025-10-12 03:00:00+00:00,4008.99,4009.09,4008.99,4009.09,3.7004,2025,10,12
2025-10-12 03:05:00+00:00,4009.09,4009.65,4008.56,4009.64,30.5627,2025,10,12
2025-10-12 03:10:00+00:00,4009.65,4012.0,4009.65,4011.9,14.2221,2025,10,12
2025-10-12 03:15:00+00:00,4011.9,4011.91,4011.9,4011.91,5.0924,2025,10,12
2025-10-12 03:20:00+00:00,4011.9,4016.64,4008.54,4014.37,97.9647,2025,10,12
2025-10-12 03:25:00+00:00,4014.37,4014.38,4012.31,4012.31,38.8791,2025,10,12
2025-10-12 03:30:00+00:00,4012.31,4012.31,4007.81,4008.7,20.6551,2025,10,12
2025-10-12 03:35:00+00:00,4008.71,4010.42,4008.71,4009.69,15.1832,2025,10,12
2025-10-12 03:40:00+00:00,4009.69,4009.69,4007.21,4008.06,19.2686,2025,10,12
2025-10-12 03:45:00+00:00,4008.06,4008.07,4007.8,4007.8,10.6163,2025,10,12
2025-10-12 03:50:00+00:00,4007.81,4007.81,4007.8,4007.8,8.4653,2025,10,12
2025-10-12 03:55:00+00:00,4007.8,4007.81,4007.8,4007.81,2.3512,2025,10,12
2025-10-12 04:00:00+00:00,4007.81,4009.62,4007.8,4009.62,24.5971,2025,10,12
2025-10-12 04:05:00+00:00,4009.63,4010.42,4009.62,4010.42,4.307,2025,10,12
2025-10-12 04:10:00+00:00,4010.42,4010.42,4009.58,4009.62,25.3346,2025,10,12
2025-10-12 04:15:00+00:00,4009.61,4009.73,4008.8,4008.81,29.5941,2025,10,12
2025-10-12 04:20:00+00:00,4008.81,4009.09,4008.5,4008.5,31.8958,2025,10,12
2025-10-12 04:25:00+00:00,4008.5,4010.4,4007.8,4007.81,31.2263,2025,10,12
2025-10-12 04:30:00+00:00,4007.81,4011.57,4007.8,4009.63,15.1272,2025,10,12
2025-10-12 04:35:00+00:00,4009.63,4009.63,4007.8,4008.36,24.4464,2025,10,12
2025-10-12 04:40:00+00:00,4008.35,4008.35,4008.05,4008.14,33.9724,2025,10,12
2025-10-12 04:45:00+00:00,4008.13,4010.77,4008.13,4010.76,12.2148,2025,10,12
2025-10-12 04:50:00+00:00,4010.76,4010.77,4008.47,4008.48,7.989,2025,10,12
2025-10-12 04:55:00+00:00,4008.48,4009.85,4008.47,4009.84,10.4018,2025,10,12
2025-10-12 05:00:00+00:00,4009.84,4011.7,4009.74,4011.56,11.4364,2025,10,12
2025-10-12 05:05:00+00:00,4011.56,4011.57,4008.29,4008.3,12.609,2025,10,12
2025-10-12 05:10:00+00:00,4008.29,4009.36,4008.19,4009.35,8.6442,2025,10,12
2025-10-12 05:15:00+00:00,4009.36,4009.36,4008.96,4008.96,8.7748,2025,10,12
2025-10-12 05:20:00+00:00,4008.96,4009.46,4008.49,4009.3,12.7185,2025,10,12
2025-10-12 05:25:00+00:00,4009.3,4009.39,4009.3,4009.3,3.3971,2025,10,12
2025-10-12 05:30:00+00:00,4009.31,4013.08,4009.31,4013.08,42.8032,2025,10,12
2025-10-12 05:35:00+00:00,4013.07,4013.08,4012.69,4012.7,12.8734,2025,10,12
2025-10-12 05:40:00+00:00,4012.7,4012.7,4012.02,4012.02,7.4519,2025,10,12
2025-10-12 05:45:00+00:00,4012.02,4012.03,4012.0,4012.01,28.8736,2025,10,12
2025-10-12 05:50:00+00:00,4012.02,4012.19,4012.02,4012.17,12.8021,2025,10,12
2025-10-12 05:55:00+00:00,4012.17,4012.17,4012.0,4012.0,34.3923,2025,10,12
2025-10-12 06:00:00+00:00,4012.0,4012.01,4012.0,4012.0,4.114,2025,10,12
2025-10-12 06:05:00+00:00,4012.0,4012.02,4012.0,4012.01,7.0464,2025,10,12
2025-10-12 06:10:00+00:00,4012.0,4012.01,4011.79,4011.79,30.7727,2025,10,12
2025-10-12 06:15:00+00:00,4011.78,4011.79,4009.23,4009.47,14.4583,2025,10,12
2025-10-12 06:20:00+00:00,4009.48,4009.48,4009.23,4009.24,6.4388,2025,10,12
2025-10-12 06:25:00+00:00,4009.24,4010.89,4008.74,4009.03,23.9286,2025,10,12
2025-10-12 06:30:00+00:00,4009.03,4009.04,4008.0,4008.34,59.2658,2025,10,12
2025-10-12 06:35:00+00:00,4008.34,4009.64,4008.33,4008.48,10.3539,2025,10,12
2025-10-12 06:40:00+00:00,4008.47,4008.81,4008.01,4008.8,27.1173,2025,10,12
2025-10-12 06:45:00+00:00,4008.8,4008.8,4007.73,4007.73,9.9109,2025,10,12
2025-10-12 06:50:00+00:00,4007.74,4007.95,4007.0,4007.95,20.8115,2025,10,12
2025-10-12 06:55:00+00:00,4007.94,4009.7,4007.94,4009.21,7.7929,2025,10,12
2025-10-12 07:00:00+00:00,4009.2,4009.2,4008.96,4008.96,3.4184,2025,10,12
2025-10-12 07:05:00+00:00,4008.96,4009.14,4008.76,4009.14,11.7075,2025,10,12
2025-10-12 07:10:00+00:00,4009.14,4009.14,4009.13,4009.13,10.1442,2025,10,12
2025-10-12 07:15:00+00:00,4009.14,4009.94,4009.14,4009.94,9.0538,2025,10,12
2025-10-12 07:20:00+00:00,4009.93,4011.4,4009.93,4010.01,25.9584,2025,10,12
2025-10-12 07:25:00+00:00,4010.0,4010.0,4007.26,4007.86,10.6886,2025,10,12
2025-10-12 07:30:00+00:00,4007.86,4007.86,4007.85,4007.86,1.9515,2025,10,12
2025-10-12 07:35:00+00:00,4007.86,4010.86,4007.85,4009.69,13.1129,2025,10,12
2025-10-12 07:40:00+00:00,4009.69,4012.99,4009.69,4012.38,15.682,2025,10,12
2025-10-12 07:45:00+00:00,4012.24,4012.4,4011.53,4012.34,5.3314,2025,10,12
2025-10-12 07:50:00+00:00,4012.33,4012.34,4012.07,4012.08,7.934,2025,10,12
2025-10-12 07:55:00+00:00,4012.07,4012.36,4012.07,4012.34,11.3025,2025,10,12
2025-10-12 08:00:00+00:00,4012.35,4014.22,4012.34,4012.88,7.8397,2025,10,12
2025-10-12 08:05:00+00:00,4012.88,4015.0,4012.88,4013.98,21.6431,2025,10,12
2025-10-12 08:10:00+00:00,4013.99,4015.0,4013.98,4014.99,12.9712,2025,10,12
2025-10-12 08:15:00+00:00,4014.98,4015.02,4014.98,4015.01,5.7547,2025,10,12
2025-10-12 08:20:00+00:00,4015.02,4015.35,4015.01,4015.35,8.0593,2025,10,12
2025-10-12 08:25:00+00:00,4015.34,4015.96,4014.01,4014.24,39.0445,2025,10,12
2025-10-12 08:30:00+00:00,4014.2,4014.2,4013.99,4014.0,3.6409,2025,10,12
2025-10-12 08:35:00+00:00,4014.0,4014.1,4013.82,4013.99,17.1374,2025,10,12
2025-10-12 08:40:00+00:00,4013.99,4014.01,4013.81,4013.81,6.0222,2025,10,12
2025-10-12 08:45:00+00:00,4013.81,4014.17,4013.76,4014.16,14.3448,2025,10,12
2025-10-12 08:50:00+00:00,4014.16,4014.16,4013.8,4013.81,5.172,2025,10,12
2025-10-12 08:55:00+00:00,4013.81,4013.81,4013.8,4013.81,1.6576,2025,10,12
2025-10-12 09:00:00+00:00,4013.81,4013.81,4012.01,4012.01,17.0295,2025,10,12
2025-10-12 09:05:00+00:00,4012.01,4012.01,4010.99,4010.99,4.0392,2025,10,12
2025-10-12 09:10:00+00:00,4010.99,4014.18,4010.99,4014.18,18.0821,2025,10,12
2025-10-12 09:15:00+00:00,4014.17,4014.93,4014.17,4014.33,14.8046,2025,10,12
2025-10-12 09:20:00+00:00,4014.33,4014.35,4013.86,4013.86,37.2691,2025,10,12
2025-10-12 09:25:00+00:00,4013.86,4013.87,4013.68,4013.69,4.7937,2025,10,12
2025-10-12 09:30:00+00:00,4013.69,4013.79,4013.68,4013.78,8.3416,2025,10,12
2025-10-12 09:35:00+00:00,4013.78,4014.65,4013.78,4014.0,17.2075,2025,10,12
2025-10-12 09:40:00+00:00,4013.99,4014.0,4013.61,4013.61,7.8418,2025,10,12
2025-10-12 09:45:00+00:00,4013.61,4013.62,4011.86,4011.86,6.3216,2025,10,12
2025-10-12 09:50:00+00:00,4011.83,4013.11,4010.8,4013.11,19.0711,2025,10,12
2025-10-12 09:55:00+00:00,4013.1,4013.1,4009.5,4009.95,48.6882,2025,10,12
2025-10-12 10:00:00+00:00,4009.95,4010.06,4008.82,4009.96,30.4809,2025,10,12
2025-10-12 10:05:00+00:00,4009.96,4013.16,4009.69,4012.45,26.5209,2025,10,12
2025-10-12 10:10:00+00:00,4012.45,4012.45,4011.07,4011.74,24.6038,2025,10,12
2025-10-12 10:15:00+00:00,4011.73,4011.74,4011.73,4011.73,2.9991,2025,10,12
2025-10-12 10:20:00+00:00,4011.73,4011.74,4011.73,4011.74,1.4806,2025,10,12
2025-10-12 10:25:00+00:00,4011.74,4011.74,4010.03,4010.04,21.1603,2025,10,12
2025-10-12 10:30:00+00:00,4010.03,4010.04,4009.94,4009.95,13.4041,2025,10,12
2025-10-12 10:35:00+00:00,4009.94,4009.94,4009.36,4009.37,22.9114,2025,10,12
2025-10-12 10:40:00+00:00,4009.37,4012.62,4009.37,4012.61,16.7676,2025,10,12
2025-10-12 10:45:00+00:00,4012.61,4013.34,4012.61,4012.91,9.4708,2025,10,12
2025-10-12 10:50:00+00:00,4012.91,4012.92,4011.14,4011.15,9.9195,2025,10,12
2025-10-12 10:55:00+00:00,4011.14,4012.22,4011.13,4011.24,12.0469,2025,10,12
2025-10-12 11:00:00+00:00,4011.25,4011.42,4010.79,4011.22,10.609,2025,10,12
2025-10-12 11:05:00+00:00,4011.22,4013.34,4011.22,4012.2,7.217,2025,10,12
2025-10-12 11:10:00+00:00,4012.2,4012.21,4011.21,4011.21,6.0478,2025,10,12
2025-10-12 11:15:00+00:00,4011.22,4012.24,4011.11,4011.38,12.8573,2025,10,12
2025-10-12 11:20:00+00:00,4011.38,4011.46,4010.94,4011.45,16.0575,2025,10,12
2025-10-12 11:25:00+00:00,4011.46,4011.48,4011.42,4011.42,10.9771,2025,10,12
2025-10-12 11:30:00+00:00,4011.42,4011.57,4011.42,4011.57,8.8618,2025,10,12
2025-10-12 11:35:00+00:00,4011.57,4011.57,4011.01,4011.13,11.6963,2025,10,12
2025-10-12 11:40:00+00:00,4011.13,4011.13,4009.66,4009.66,28.4501,2025,10,12
2025-10-12 11:45:00+00:00,4009.67,4009.8,4009.66,4009.66,9.3285,2025,10,12
2025-10-12 11:50:00+00:00,4009.66,4011.71,4009.66,4011.7,13.1417,2025,10,12
2025-10-12 11:55:00+00:00,4011.7,4011.96,4011.7,4011.96,7.6134,2025,10,12
2025-10-12 12:00:00+00:00,4011.96,4012.99,4011.95,4012.43,23.7128,2025,10,12
2025-10-12 12:05:00+00:00,4012.43,4012.44,4012.0,4012.0,9.4414,2025,10,12
2025-10-12 12:10:00+00:00,4012.01,4012.01,4011.31,4011.31,6.519,2025,10,12
2025-10-12 12:15:00+00:00,4011.32,4011.32,4011.31,4011.31,4.2992,2025,10,12
2025-10-12 12:20:00+00:00,4011.31,4011.32,4011.25,4011.25,16.6753,2025,10,12
2025-10-12 12:25:00+00:00,4011.25,4011.36,4008.88,4010.15,22.0942,2025,10,12
2025-10-12 12:30:00+00:00,4010.15,4010.16,4010.14,4010.15,10.7534,2025,10,12
2025-10-12 12:35:00+00:00,4010.16,4010.4,4010.15,4010.4,10.8817,2025,10,12
2025-10-12 12:40:00+00:00,4010.39,4010.39,4010.3,4010.31,5.5344,2025,10,12
2025-10-12 12:45:00+00:00,4010.31,4010.31,4008.67,4009.08,15.4233,2025,10,12
2025-10-12 12:50:00+00:00,4009.08,4009.09,4000.0,4005.88,61.6264,2025,10,12
2025-10-12 12:55:00+00:00,4005.88,4006.74,4005.69,4006.74,37.2096,2025,10,12
2025-10-12 13:00:00+00:00,4006.73,4006.73,4005.92,4006.47,15.411,2025,10,12
2025-10-12 13:05:00+00:00,4006.47,4006.86,4006.46,4006.86,30.758,2025,10,12
2025-10-12 13:10:00+00:00,4006.85,4009.22,4006.85,4009.22,11.5657,2025,10,12
2025-10-12 13:15:00+00:00,4009.21,4009.22,4007.51,4007.51,11.5137,2025,10,12
2025-10-12 13:20:00+00:00,4007.51,4008.11,4007.16,4007.77,14.7754,2025,10,12
2025-10-12 13:25:00+00:00,4007.77,4013.0,4007.76,4012.98,8.4547,2025,10,12
2025-10-12 13:30:00+00:00,4012.98,4013.62,4008.0,4008.0,13.4917,2025,10,12
2025-10-12 13:35:00+00:00,4008.01,4013.95,4008.01,4013.81,22.1398,2025,10,12
2025-10-12 13:40:00+00:00,4013.8,4013.99,4013.25,4013.34,12.4048,2025,10,12
2025-10-12 13:45:00+00:00,4013.34,4014.0,4012.09,4012.39,14.8153,2025,10,12
2025-10-12 13:50:00+00:00,4012.39,4013.79,4010.45,4012.15,20.9719,2025,10,12
2025-10-12 13:55:00+00:00,4012.16,4012.41,4012.08,4012.41,3.2247,2025,10,12
2025-10-12 14:00:00+00:00,4012.41,4014.56,4012.09,4013.6,9.3143,2025,10,12
2025-10-12 14:05:00+00:00,4013.6,4014.08,4011.99,4012.18,11.6899,2025,10,12
2025-10-12 14:10:00+00:00,4012.19,4013.52,4012.18,4013.52,4.4155,2025,10,12
2025-10-12 14:15:00+00:00,4013.53,4013.62,4013.52,4013.61,2.7536,2025,10,12
2025-10-12 14:20:00+00:00,4013.62,4015.13,4013.62,4015.03,18.7083,2025,10,12
2025-10-12 14:25:00+00:00,4015.03,4015.56,4015.03,4015.56,4.7165,2025,10,12
2025-10-12 14:30:00+00:00,4015.56,4017.18,4015.56,4016.09,26.5072,2025,10,12
2025-10-12 14:35:00+00:00,4016.1,4016.23,4015.97,4016.11,6.6598,2025,10,12
2025-10-12 14:40:00+00:00,4016.11,4016.12,4012.03,4014.6,29.5061,2025,10,12
2025-10-12 14:45:00+00:00,4014.59,4014.82,4012.03,4012.91,51.5607,2025,10,12
2025-10-12 14:50:00+00:00,4012.91,4014.38,4012.03,4013.97,29.5613,2025,10,12
2025-10-12 14:55:00+00:00,4013.97,4014.8,4007.92,4008.36,59.072,2025,10,12
2025-10-12 15:00:00+00:00,4008.36,4009.28,4006.76,4008.89,46.448,2025,10,12
2025-10-12 15:05:00+00:00,4008.9,4009.57,4002.04,4004.62,121.5778,2025,10,12
2025-10-12 15:10:00+00:00,4004.61,4004.82,3999.55,4003.9,54.6584,2025,10,12
2025-10-12 15:15:00+00:00,4003.9,4005.14,3996.84,4003.67,83.0602,2025,10,12
2025-10-12 15:20:00+00:00,4003.7,4009.9,4003.7,4008.02,65.9232,2025,10,12
2025-10-12 15:25:00+00:00,4008.02,4008.4,4005.53,4005.8,114.3037,2025,10,12
2025-10-12 15:30:00+00:00,4005.79,4005.8,4003.7,4003.71,54.1049,2025,10,12
2025-10-12 15:35:00+00:00,4003.72,4003.72,4002.41,4002.55,10.4576,2025,10,12
2025-10-12 15:40:00+00:00,4002.56,4003.01,4002.21,4003.01,17.6456,2025,10,12
2025-10-12 15:45:00+00:00,4003.01,4003.01,3980.0,3999.51,167.9244,2025,10,12
2025-10-12 15:50:00+00:00,3999.51,3999.52,3998.14,3998.76,65.9332,2025,10,12
2025-10-12 15:55:00+00:00,3998.76,3999.0,3997.4,3998.9,16.8402,2025,10,12
2025-10-12 16:00:00+00:00,3998.9,4002.99,3996.12,4002.8,150.3732,2025,10,12
2025-10-12 16:05:00+00:00,4002.8,4003.0,4002.44,4002.73,45.5631,2025,10,12
2025-10-12 16:10:00+00:00,4002.74,4003.0,4002.44,4002.45,17.1208,2025,10,12
2025-10-12 16:15:00+00:00,4002.45,4002.45,4001.83,4001.83,30.8083,2025,10,12
2025-10-12 16:20:00+00:00,4001.84,4002.45,4001.26,4002.31,38.6328,2025,10,12
2025-10-12 16:25:00+00:00,4002.3,4002.44,4001.99,4001.99,15.7055,2025,10,12
2025-10-12 16:30:00+00:00,4002.0,4002.5,4001.02,4002.5,38.0573,2025,10,12
2025-10-12 16:35:00+00:00,4002.49,4003.0,4001.44,4002.94,42.6986,2025,10,12
2025-10-12 16:40:00+00:00,4002.93,4003.0,4002.93,4003.0,36.0053,2025,10,12
2025-10-12 16:45:00+00:00,4003.0,4003.0,4002.56,4002.98,53.4153,2025,10,12
2025-10-12 16:50:00+00:00,4002.98,4003.0,4002.5,4002.5,47.9222,2025,10,12
2025-10-12 16:55:00+00:00,4002.5,4002.55,4002.45,4002.55,9.0621,2025,10,12
2025-10-12 17:00:00+00:00,4002.54,4002.55,4002.35,4002.36,8.1763,2025,10,12
2025-10-12 17:05:00+00:00,4002.35,4002.99,4002.34,4002.98,20.5,2025,10,12
2025-10-12 17:10:00+00:00,4002.97,4003.0,4002.71,4003.0,47.9454,2025,10,12
2025-10-12 17:15:00+00:00,4003.0,4003.0,4002.39,4002.5,48.127,2025,10,12
2025-10-12 17:20:00+00:00,4002.49,4003.0,4002.24,4002.5,73.3219,2025,10,12
2025-10-12 17:25:00+00:00,4002.5,4002.5,4001.83,4001.83,14.7765,2025,10,12
2025-10-12 17:30:00+00:00,4001.84,4001.84,4000.0,4000.01,50.5277,2025,10,12
2025-10-12 17:35:00+00:00,4000.01,4000.13,4000.0,4000.09,15.741,2025,10,12
2025-10-12 17:40:00+00:00,4000.09,4000.1,3999.67,3999.68,4.3626,2025,10,12
2025-10-12 17:45:00+00:00,3999.67,3999.68,3998.01,3998.18,9.8753,2025,10,12
2025-10-12 17:50:00+00:00,3998.18,3998.18,3996.87,3997.79,29.9411,2025,10,12
2025-10-12 17:55:00+00:00,3997.79,3999.77,3997.78,3999.77,9.2373,2025,10,12
2025-10-12 18:00:00+00:00,3999.78,4000.1,3999.77,4000.09,15.9258,2025,10,12
2025-10-12 18:05:00+00:00,4000.09,4001.58,4000.0,4000.0,13.1229,2025,10,12
2025-10-12 18:10:00+00:00,4000.0,4000.01,3999.7,3999.71,16.6138,2025,10,12
2025-10-12 18:15:00+00:00,3999.7,3999.9,3999.7,3999.89,18.2162,2025,10,12
2025-10-12 18:20:00+00:00,3999.89,3999.99,3999.89,3999.99,6.2438,2025,10,12
2025-10-12 18:25:00+00:00,3999.99,3999.99,3999.98,3999.99,1.8789,2025,10,12
2025-10-12 18:30:00+00:00,3999.99,4000.01,3999.98,4000.01,31.4066,2025,10,12
2025-10-12 18:35:00+00:00,4000.01,4001.47,4000.0,4001.47,11.6499,2025,10,12
2025-10-12 18:40:00+00:00,4001.48,4001.66,4001.47,4001.66,3.6776,2025,10,12
2025-10-12 18:45:00+00:00,4001.65,4003.0,4001.65,4002.99,68.47,2025,10,12
2025-10-12 18:50:00+00:00,4002.98,4003.0,4002.98,4002.99,22.1234,2025,10,12
2025-10-12 18:55:00+00:00,4002.99,4003.0,4002.99,4003.0,25.6635,2025,10,12
2025-10-12 19:00:00+00:00,4002.99,4003.0,4002.99,4003.0,13.4027,2025,10,12
2025-10-12 19:05:00+00:00,4003.0,4003.0,4002.99,4002.99,5.896,2025,10,12
2025-10-12 19:10:00+00:00,4003.0,4003.0,4002.99,4002.99,17.8689,2025,10,12
2025-10-12 19:15:00+00:00,4003.0,4003.0,4002.99,4003.0,36.4919,2025,10,12
2025-10-12 19:20:00+00:00,4002.99,4003.0,4002.99,4003.0,10.6352,2025,10,12
2025-10-12 19:25:00+00:00,4003.0,4003.0,4002.99,4002.99,23.8335,2025,10,12
2025-10-12 19:30:00+00:00,4002.99,4003.0,4002.99,4002.99,22.6211,2025,10,12
2025-10-12 19:35:00+00:00,4002.99,4002.99,4000.16,4000.33,60.1963,2025,10,12
2025-10-12 19:40:00+00:00,4000.33,4000.53,4000.32,4000.52,12.3177,2025,10,12
2025-10-12 19:45:00+00:00,4000.53,4000.69,4000.52,4000.68,5.9708,2025,10,12
2025-10-12 19:50:00+00:00,4000.68,4002.07,4000.68,4002.07,6.9354,2025,10,12
2025-10-12 19:55:00+00:00,4002.06,4002.99,4002.06,4002.72,12.1916,2025,10,12
2025-10-12 20:00:00+00:00,4002.71,4002.99,4002.48,4002.52,23.5284,2025,10,12
2025-10-12 20:05:00+00:00,4002.52,4002.52,4001.94,4001.94,8.8256,2025,10,12
2025-10-12 20:10:00+00:00,4001.94,4001.95,4001.16,4001.24,9.4516,2025,10,12
2025-10-12 20:15:00+00:00,4001.24,4001.86,4001.23,4001.86,11.3839,2025,10,12
2025-10-12 20:20:00+00:00,4001.86,4002.3,4001.86,4002.29,6.5086,2025,10,12
2025-10-12 20:25:00+00:00,4002.29,4003.0,4000.82,4003.0,26.6777,2025,10,12
2025-10-12 20:30:00+00:00,4003.0,4003.0,4002.21,4002.22,23.0669,2025,10,12
2025-10-12 20:35:00+00:00,4002.21,4002.22,4001.62,4001.62,1.8249,2025,10,12
2025-10-12 20:40:00+00:00,4001.63,4002.99,4001.62,4002.99,22.57,2025,10,12
2025-10-12 20:45:00+00:00,4002.99,4003.0,4002.62,4002.63,7.5192,2025,10,12
2025-10-12 20:50:00+00:00,4002.63,4003.0,4002.63,4002.69,6.4022,2025,10,12
2025-10-12 20:55:00+00:00,4002.69,4003.0,4002.63,4003.0,13.4786,2025,10,12
2025-10-12 21:00:00+00:00,4003.0,4003.0,4002.99,4003.0,6.4986,2025,10,12
2025-10-12 21:05:00+00:00,4003.0,4003.0,4002.25,4002.26,10.2809,2025,10,12
2025-10-12 21:10:00+00:00,4002.25,4003.0,4001.53,4003.0,33.4183,2025,10,12
2025-10-12 21:15:00+00:00,4002.84,4003.0,4002.84,4002.99,4.4704,2025,10,12
2025-10-12 21:20:00+00:00,4002.99,4003.0,4002.99,4003.0,2.7168,2025,10,12
2025-10-12 21:25:00+00:00,4003.0,4003.0,4002.99,4003.0,5.353,2025,10,12
2025-10-12 21:30:00+00:00,4003.0,4003.0,4002.82,4002.83,14.287,2025,10,12
2025-10-12 21:35:00+00:00,4002.83,4003.0,4002.82,4003.0,27.0212,2025,10,12
2025-10-12 21:40:00+00:00,4003.0,4003.0,4002.76,4003.0,41.0197,2025,10,12
2025-10-12 21:45:00+00:00,4002.99,4003.0,4002.98,4003.0,14.1021,2025,10,12
2025-10-12 21:50:00+00:00,4003.0,4003.0,4002.99,4002.99,7.6624,2025,10,12
2025-10-12 21:55:00+00:00,4002.99,4003.0,4002.64,4002.64,20.0973,2025,10,12
2025-10-12 22:00:00+00:00,4002.64,4012.71,4002.63,4007.7,858.9351,2025,10,12
2025-10-12 22:05:00+00:00,4007.7,4011.98,4004.94,4008.49,157.0778,2025,10,12
2025-10-12 22:10:00+00:00,4008.5,4019.55,4007.81,4018.53,132.1635,2025,10,12
2025-10-12 22:15:00+00:00,4018.52,4024.74,4016.15,4022.29,67.8032,2025,10,12
2025-10-12 22:20:00+00:00,4022.29,4033.0,4021.42,4033.0,257.8149,2025,10,12
2025-10-12 22:25:00+00:00,4033.0,4037.68,4033.0,4034.79,90.4592,2025,10,12
2025-10-12 22:30:00+00:00,4034.8,4035.6,4030.75,4033.62,496.9686,2025,10,12
2025-10-12 22:35:00+00:00,4033.62,4038.02,4031.64,4038.0,78.8589,2025,10,12
2025-10-12 22:40:00+00:00,4038.01,4045.0,4038.0,4040.98,927.8294,2025,10,12
2025-10-12 22:45:00+00:00,4040.98,4047.04,4036.5,4042.98,206.2298,2025,10,12
2025-10-12 22:50:00+00:00,4042.97,4046.54,4041.31,4043.66,52.4422,2025,10,12
2025-10-12 22:55:00+00:00,4043.66,4044.51,4040.19,4044.48,39.2367,2025,10,12
2025-10-12 23:00:00+00:00,4044.57,4055.83,4041.86,4052.14,138.4873,2025,10,12
2025-10-12 23:05:00+00:00,4052.15,4058.65,4049.11,4058.12,129.3483,2025,10,12
2025-10-12 23:10:00+00:00,4058.19,4058.3,4043.61,4047.28,62.7562,2025,10,12
2025-10-12 23:15:00+00:00,4047.29,4056.27,4047.29,4051.2,50.5723,2025,10,12
2025-10-12 23:20:00+00:00,4051.2,4051.61,4048.42,4050.71,29.939,2025,10,12
2025-10-12 23:25:00+00:00,4050.7,4052.08,4049.06,4051.33,41.5684,2025,10,12
2025-10-12 23:30:00+00:00,4051.32,4051.32,4044.52,4044.52,11.1429,2025,10,12
2025-10-12 23:35:00+00:00,4044.53,4045.88,4043.25,4043.25,23.8908,2025,10,12
2025-10-12 23:40:00+00:00,4043.25,4043.25,4038.99,4039.73,21.1162,2025,10,12
2025-10-12 23:45:00+00:00,4039.72,4043.19,4038.48,4042.0,39.5427,2025,10,12
2025-10-12 23:50:00+00:00,4042.0,4042.0,4037.41,4037.73,23.24,2025,10,12
2025-10-12 23:55:00+00:00,4037.72,4037.75,4034.22,4036.56,16.8149,2025,10,12
2025-10-13 00:00:00+00:00,4036.57,4037.23,4033.48,4034.7,17.9918,2025,10,13
2025-10-13 00:05:00+00:00,4034.62,4034.62,4028.99,4029.0,12.2787,2025,10,13
2025-10-13 00:10:00+00:00,4028.99,4034.51,4027.63,4034.4,14.6315,2025,10,13
2025-10-13 00:15:00+00:00,4034.41,4034.64,4028.16,4028.16,16.1568,2025,10,13
2025-10-13 00:20:00+00:00,4028.16,4037.17,4026.55,4035.83,36.7703,2025,10,13
2025-10-13 00:25:00+00:00,4035.87,4039.99,4034.45,4039.48,18.2345,2025,10,13
2025-10-13 00:30:00+00:00,4039.49,4041.0,4039.01,4039.29,14.2671,2025,10,13
2025-10-13 00:35:00+00:00,4039.29,4050.53,4039.28,4050.32,45.8831,2025,10,13
2025-10-13 00:40:00+00:00,4050.29,4053.85,4046.74,4053.55,68.2131,2025,10,13
2025-10-13 00:45:00+00:00,4053.55,4056.28,4043.83,4044.95,52.1123,2025,10,13
2025-10-13 00:50:00+00:00,4044.94,4049.44,4044.94,4047.02,31.2331,2025,10,13
2025-10-13 00:55:00+00:00,4047.02,4049.45,4045.07,4045.15,15.029,2025,10,13
2025-10-13 01:00:00+00:00,4045.04,4045.11,4037.02,4043.52,64.6102,2025,10,13
2025-10-13 01:05:00+00:00,4043.52,4049.46,4043.52,4049.43,33.7275,2025,10,13
2025-10-13 01:10:00+00:00,4049.43,4053.23,4046.88,4046.88,47.6355,2025,10,13
2025-10-13 01:15:00+00:00,4046.88,4046.88,4040.28,4045.1,36.582,2025,10,13
2025-10-13 01:20:00+00:00,4045.09,4047.39,4043.54,4044.03,19.155,2025,10,13
2025-10-13 01:25:00+00:00,4044.03,4044.03,4036.32,4042.35,49.6871,2025,10,13
2025-10-13 01:30:00+00:00,4042.36,4049.45,4042.06,4048.3,23.6515,2025,10,13
2025-10-13 01:35:00+00:00,4048.29,4050.38,4045.15,4050.32,47.5787,2025,10,13
2025-10-13 01:40:00+00:00,4050.32,4051.29,4047.39,4049.7,17.0643,2025,10,13
2025-10-13 01:45:00+00:00,4049.33,4049.7,4048.08,4048.08,12.4562,2025,10,13
2025-10-13 01:50:00+00:00,4048.08,4050.68,4048.08,4049.91,8.4187,2025,10,13
2025-10-13 01:55:00+00:00,4049.91,4050.0,4049.69,4050.0,101.0373,2025,10,13
2025-10-13 02:00:00+00:00,4049.99,4050.0,4048.13,4048.13,130.4806,2025,10,13
2025-10-13 02:05:00+00:00,4048.13,4048.27,4044.11,4045.42,11.2112,2025,10,13
2025-10-13 02:10:00+00:00,4045.42,4050.0,4044.48,4047.56,50.4648,2025,10,13
2025-10-13 02:15:00+00:00,4047.57,4048.86,4046.15,4047.44,13.7551,2025,10,13
2025-10-13 02:20:00+00:00,4047.36,4050.0,4047.36,4049.99,104.6913,2025,10,13
2025-10-13 02:25:00+00:00,4049.99,4050.0,4046.07,4046.07,475.9822,2025,10,13
2025-10-13 02:30:00+00:00,4046.06,4046.85,4045.6,4046.01,11.0059,2025,10,13
2025-10-13 02:35:00+00:00,4046.01,4050.0,4045.26,4047.68,72.1935,2025,10,13
2025-10-13 02:40:00+00:00,4047.69,4049.04,4047.34,4047.6,7.1217,2025,10,13
2025-10-13 02:45:00+00:00,4047.61,4047.61,4047.34,4047.34,3.2481,2025,10,13
2025-10-13 02:50:00+00:00,4047.34,4047.34,4043.68,4043.7,2.9388,2025,10,13
2025-10-13 02:55:00+00:00,4043.69,4049.08,4043.69,4048.93,17.5554,2025,10,13
2025-10-13 03:00:00+00:00,4048.93,4050.0,4047.52,4049.22,27.8982,2025,10,13
2025-10-13 03:05:00+00:00,4049.1,4049.11,4047.69,4047.81,7.1953,2025,10,13
2025-10-13 03:10:00+00:00,4047.8,4050.0,4047.8,4049.79,35.5268,2025,10,13
2025-10-13 03:15:00+00:00,4049.78,4049.9,4049.08,4049.9,23.8556,2025,10,13
2025-10-13 03:20:00+00:00,4049.9,4049.9,4048.76,4049.0,6.5059,2025,10,13
2025-10-13 03:25:00+00:00,4048.83,4050.0,4045.33,4050.0,131.3685,2025,10,13
2025-10-13 03:30:00+00:00,4049.99,4050.0,4048.37,4048.99,31.3304,2025,10,13
2025-10-13 03:35:00+00:00,4049.0,4050.0,4049.0,4050.0,107.221,2025,10,13
2025-10-13 03:40:00+00:00,4050.0,4054.91,4049.99,4054.2,321.7122,2025,10,13
2025-10-13 03:45:00+00:00,4054.2,4054.99,4050.65,4050.95,30.569,2025,10,13
2025-10-13 03:50:00+00:00,4050.95,4051.1,4048.0,4050.51,32.4443,2025,10,13
2025-10-13 03:55:00+00:00,4050.5,4052.01,4050.5,4052.01,5.6111,2025,10,13
2025-10-13 04:00:00+00:00,4052.01,4054.31,4052.01,4053.38,14.8595,2025,10,13
2025-10-13 04:05:00+00:00,4053.39,4054.32,4053.38,4054.32,5.7366,2025,10,13
2025-10-13 04:10:00+00:00,4054.32,4054.53,4054.22,4054.22,21.4366,2025,10,13
2025-10-13 04:15:00+00:00,4054.23,4057.35,4054.22,4057.33,22.811,2025,10,13
2025-10-13 04:20:00+00:00,4057.34,4057.34,4055.45,4056.51,16.647,2025,10,13
2025-10-13 04:25:00+00:00,4056.51,4058.71,4056.51,4058.6,27.3047,2025,10,13
2025-10-13 04:30:00+00:00,4058.59,4059.0,4057.04,4057.58,22.3375,2025,10,13
2025-10-13 04:35:00+00:00,4057.57,4060.53,4057.57,4060.47,13.9208,2025,10,13
2025-10-13 04:40:00+00:00,4060.47,4060.85,4057.59,4058.49,29.5191,2025,10,13
2025-10-13 04:45:00+00:00,4058.48,4058.48,4058.0,4058.01,14.5905,2025,10,13
2025-10-13 04:50:00+00:00,4058.01,4058.83,4058.0,4058.69,10.7194,2025,10,13
2025-10-13 04:55:00+00:00,4058.68,4058.69,4058.01,4058.01,2.7232,2025,10,13
2025-10-13 05:00:00+00:00,4058.01,4059.91,4058.0,4059.84,9.9407,2025,10,13
2025-10-13 05:05:00+00:00,4059.91,4064.96,4059.91,4064.95,25.9997,2025,10,13
2025-10-13 05:10:00+00:00,4064.96,4065.54,4062.11,4065.48,31.2474,2025,10,13
2025-10-13 05:15:00+00:00,4065.47,4070.69,4065.47,4068.82,54.8464,2025,10,13
2025-10-13 05:20:00+00:00,4068.81,4075.21,4068.81,4072.19,83.9662,2025,10,13
2025-10-13 05:25:00+00:00,4072.2,4079.0,4072.2,4074.03,99.8442,2025,10,13
2025-10-13 05:30:00+00:00,4074.03,4078.11,4072.25,4076.87,47.9656,2025,10,13
2025-10-13 05:35:00+00:00,4076.87,4077.68,4073.13,4076.76,42.9029,2025,10,13
2025-10-13 05:40:00+00:00,4076.76,4078.66,4076.76,4077.01,18.9381,2025,10,13
2025-10-13 05:45:00+00:00,4077.0,4079.0,4075.83,4076.89,20.7939,2025,10,13
2025-10-13 05:50:00+00:00,4076.74,4076.74,4071.11,4073.43,66.8244,2025,10,13
2025-10-13 05:55:00+00:00,4073.7,4074.41,4066.22,4066.57,38.7343,2025,10,13
2025-10-13 06:00:00+00:00,4066.57,4070.18,4064.33,4066.88,106.5475,2025,10,13
2025-10-13 06:05:00+00:00,4066.87,4069.4,4065.63,4069.39,37.5768,2025,10,13
2025-10-13 06:10:00+00:00,4069.39,4073.4,4069.39,4073.32,128.7865,2025,10,13
2025-10-13 06:15:00+00:00,4073.32,4074.0,4070.75,4073.67,21.6698,2025,10,13
2025-10-13 06:20:00+00:00,4073.68,4077.8,4073.27,4077.77,62.4167,2025,10,13
2025-10-13 06:25:00+00:00,4077.78,4077.78,4074.13,4076.08,43.0969,2025,10,13
2025-10-13 06:30:00+00:00,4076.08,4078.56,4075.23,4075.86,25.5728,2025,10,13
2025-10-13 06:35:00+00:00,4075.8,4075.96,4073.13,4073.14,32.3777,2025,10,13
2025-10-13 06:40:00+00:00,4073.14,4077.28,4072.75,4076.11,25.1889,2025,10,13
2025-10-13 06:45:00+00:00,4076.11,4077.29,4073.93,4074.17,35.6344,2025,10,13
2025-10-13 06:50:00+00:00,4074.17,4075.21,4072.76,4072.84,27.4941,2025,10,13
2025-10-13 06:55:00+00:00,4072.84,4075.07,4072.84,4075.05,15.3865,2025,10,13
2025-10-13 07:00:00+00:00,4075.05,4075.82,4073.0,4073.02,19.898,2025,10,13
2025-10-13 07:05:00+00:00,4073.02,4075.44,4072.59,4074.8,20.5881,2025,10,13
2025-10-13 07:10:00+00:00,4074.66,4077.63,4073.6,4076.81,18.761,2025,10,13
2025-10-13 07:15:00+00:00,4076.82,4076.82,4073.17,4074.65,21.7702,2025,10,13
2025-10-13 07:20:00+00:00,4074.65,4075.71,4074.41,4075.71,50.2694,2025,10,13
2025-10-13 07:25:00+00:00,4075.71,4079.0,4075.71,4078.46,28.341,2025,10,13
2025-10-13 07:30:00+00:00,4078.47,4078.81,4072.79,4074.25,144.1844,2025,10,13
2025-10-13 07:35:00+00:00,4074.25,4075.93,4074.24,4075.93,29.9205,2025,10,13
2025-10-13 07:40:00+00:00,4075.93,4078.01,4075.93,4078.01,24.3607,2025,10,13
2025-10-13 07:45:00+00:00,4078.15,4079.66,4078.0,4079.66,33.8648,2025,10,13
2025-10-13 07:50:00+00:00,4079.67,4080.69,4077.42,4077.42,27.4171,2025,10,13
2025-10-13 07:55:00+00:00,4077.4,4078.32,4073.38,4075.56,24.3771,2025,10,13
2025-10-13 08:00:00+00:00,4075.56,4079.49,4075.56,4079.3,30.0287,2025,10,13
2025-10-13 08:05:00+00:00,4079.29,4081.53,4079.21,4081.52,13.5886,2025,10,13
2025-10-13 08:10:00+00:00,4081.53,4082.37,4078.33,4081.36,43.262,2025,10,13
2025-10-13 08:15:00+00:00,4081.35,4081.36,4076.59,4078.53,30.5487,2025,10,13
2025-10-13 08:20:00+00:00,4078.52,4080.64,4078.38,4079.42,16.4329,2025,10,13
2025-10-13 08:25:00+00:00,4079.42,4081.51,4078.22,4079.31,28.2488,2025,10,13
2025-10-13 08:30:00+00:00,4079.32,4080.1,4076.16,4078.88,15.8967,2025,10,13
2025-10-13 08:35:00+00:00,4079.07,4079.08,4076.54,4076.7,26.7771,2025,10,13
2025-10-13 08:40:00+00:00,4076.7,4080.49,4076.7,4080.2,95.722,2025,10,13
2025-10-13 08:45:00+00:00,4080.2,4085.0,4079.7,4084.56,80.3157,2025,10,13
2025-10-13 08:50:00+00:00,4084.56,4085.0,4082.21,4084.85,49.5727,2025,10,13
2025-10-13 08:55:00+00:00,4084.86,4085.14,4083.65,4084.01,34.3769,2025,10,13
2025-10-13 09:00:00+00:00,4084.01,4088.01,4084.0,4087.26,20.0783,2025,10,13
2025-10-13 09:05:00+00:00,4087.26,4087.27,4084.42,4085.01,22.5238,2025,10,13
2025-10-13 09:10:00+00:00,4085.01,4086.0,4082.59,4083.53,37.0869,2025,10,13
2025-10-13 09:15:00+00:00,4083.42,4084.51,4083.16,4083.69,20.8937,2025,10,13
2025-10-13 09:20:00+00:00,4083.7,4083.7,4081.02,4082.22,13.8295,2025,10,13
2025-10-13 09:25:00+00:00,4082.21,4082.21,4080.03,4080.18,14.332,2025,10,13
2025-10-13 09:30:00+00:00,4080.19,4080.35,4077.91,4079.85,23.4606,2025,10,13
2025-10-13 09:35:00+00:00,4079.69,4080.19,4077.62,4079.52,23.5007,2025,10,13
2025-10-13 09:40:00+00:00,4079.4,4082.19,4079.4,4082.04,9.6276,2025,10,13
2025-10-13 09:45:00+00:00,4082.04,4084.08,4081.5,4083.94,17.0533,2025,10,13
2025-10-13 09:50:00+00:00,4083.94,4087.0,4082.94,4086.39,53.489,2025,10,13
2025-10-13 09:55:00+00:00,4086.4,4087.58,4086.15,4086.18,20.9558,2025,10,13
2025-10-13 10:00:00+00:00,4086.16,4086.2,4081.46,4085.11,19.8892,2025,10,13
2025-10-13 10:05:00+00:00,4085.11,4086.02,4083.77,4083.84,7.4007,2025,10,13
2025-10-13 10:10:00+00:00,4083.83,4083.83,4080.07,4080.07,17.0447,2025,10,13
2025-10-13 10:15:00+00:00,4080.08,4084.25,4080.0,4084.25,65.1601,2025,10,13
2025-10-13 10:20:00+00:00,4083.58,4083.58,4081.59,4082.11,12.3859,2025,10,13
2025-10-13 10:25:00+00:00,4082.11,4085.34,4082.11,4085.33,13.0212,2025,10,13
2025-10-13 10:30:00+00:00,4085.33,4087.8,4084.12,4085.27,23.4279,2025,10,13
2025-10-13 10:35:00+00:00,4085.27,4088.9,4085.26,4087.88,15.6137,2025,10,13
2025-10-13 10:40:00+00:00,4087.87,4088.9,4087.31,4088.48,11.5935,2025,10,13
2025-10-13 10:45:00+00:00,4088.47,4089.99,4088.47,4089.99,13.0504,2025,10,13
2025-10-13 10:50:00+00:00,4089.99,4095.65,4089.99,4092.65,51.3257,2025,10,13
2025-10-13 10:55:00+00:00,4092.62,4094.39,4091.17,4091.36,21.2024,2025,10,13
2025-10-13 11:00:00+00:00,4091.35,4091.4,4087.43,4088.05,28.2668,2025,10,13
2025-10-13 11:05:00+00:00,4088.05,4090.55,4080.03,4085.56,54.744,2025,10,13
2025-10-13 11:10:00+00:00,4085.55,4090.76,4085.55,4089.23,15.9033,2025,10,13
2025-10-13 11:15:00+00:00,4089.5,4092.65,4088.9,4092.55,22.4841,2025,10,13
2025-10-13 11:20:00+00:00,4092.07,4094.37,4090.52,4091.81,66.1888,2025,10,13
2025-10-13 11:25:00+00:00,4091.8,4091.8,4088.84,4088.84,22.1148,2025,10,13
2025-10-13 11:30:00+00:00,4088.68,4088.68,4084.41,4085.08,41.797,2025,10,13
2025-10-13 11:35:00+00:00,4085.07,4088.0,4085.02,4086.44,32.923,2025,10,13
2025-10-13 11:40:00+00:00,4086.45,4088.56,4085.56,4086.4,25.3404,2025,10,13
2025-10-13 11:45:00+00:00,4086.4,4086.95,4083.93,4084.94,18.7305,2025,10,13
2025-10-13 11:50:00+00:00,4084.95,4085.78,4084.94,4085.75,7.3884,2025,10,13
2025-10-13 11:55:00+00:00,4085.75,4085.75,4082.53,4082.64,39.1979,2025,10,13
2025-10-13 12:00:00+00:00,4082.64,4083.06,4078.0,4082.76,32.3933,2025,10,13
2025-10-13 12:05:00+00:00,4082.76,4082.8,4081.57,4082.79,18.1046,2025,10,13
2025-10-13 12:10:00+00:00,4082.79,4084.71,4081.3,4082.28,18.6762,2025,10,13
2025-10-13 12:15:00+00:00,4082.28,4084.86,4082.24,4084.86,13.349,2025,10,13
2025-10-13 12:20:00+00:00,4084.93,4090.02,4084.93,4088.77,140.9896,2025,10,13
2025-10-13 12:25:00+00:00,4088.78,4091.8,4088.77,4091.79,10.7113,2025,10,13
2025-10-13 12:30:00+00:00,4091.8,4092.99,4090.61,4091.34,59.8506,2025,10,13
2025-10-13 12:35:00+00:00,4091.34,4091.35,4085.63,4087.65,33.4541,2025,10,13
2025-10-13 12:40:00+00:00,4087.65,4087.76,4084.7,4085.35,50.3743,2025,10,13
2025-10-13 12:45:00+00:00,4085.36,4086.88,4084.03,4084.04,57.8685,2025,10,13
2025-10-13 12:50:00+00:00,4084.04,4085.03,4083.0,4083.93,31.7506,2025,10,13
2025-10-13 12:55:00+00:00,4083.93,4086.66,4083.09,4086.32,22.8516,2025,10,13
2025-10-13 13:00:00+00:00,4086.31,4089.17,4085.18,4087.24,33.1198,2025,10,13
2025-10-13 13:05:00+00:00,4087.23,4090.87,4087.23,4090.87,23.812,2025,10,13
2025-10-13 13:10:00+00:00,4090.87,4092.56,4090.87,4092.35,25.8258,2025,10,13
2025-10-13 13:15:00+00:00,4092.34,4095.57,4092.29,4093.37,25.5149,2025,10,13
2025-10-13 13:20:00+00:00,4093.39,4094.99,4090.94,4094.98,25.8598,2025,10,13
2025-10-13 13:25:00+00:00,4094.99,4097.3,4094.99,4096.24,21.8158,2025,10,13
2025-10-13 13:30:00+00:00,4096.24,4097.75,4087.13,4093.26,77.68,2025,10,13
2025-10-13 13:35:00+00:00,4093.26,4093.67,4088.67,4093.21,19.4912,2025,10,13
2025-10-13 13:40:00+00:00,4093.22,4095.09,4090.33,4091.91,41.6125,2025,10,13
2025-10-13 13:45:00+00:00,4092.2,4098.07,4092.2,4097.8,11.2931,2025,10,13
2025-10-13 13:50:00+00:00,4097.81,4100.49,4097.81,4100.49,35.9669,2025,10,13
2025-10-13 13:55:00+00:00,4100.52,4101.97,4100.3,4101.78,36.2397,2025,10,13
2025-10-13 14:00:00+00:00,4101.78,4102.39,4088.56,4100.28,68.9535,2025,10,13
2025-10-13 14:05:00+00:00,4100.29,4103.44,4099.43,4101.48,72.9534,2025,10,13
2025-10-13 14:10:00+00:00,4101.48,4103.23,4099.77,4099.87,28.5189,2025,10,13
2025-10-13 14:15:00+00:00,4099.88,4100.96,4097.09,4099.77,57.4728,2025,10,13
2025-10-13 14:20:00+00:00,4099.78,4101.99,4099.72,4100.84,50.1944,2025,10,13
2025-10-13 14:25:00+00:00,4100.84,4102.23,4098.88,4099.0,42.8683,2025,10,13
2025-10-13 14:30:00+00:00,4098.99,4103.05,4098.99,4102.94,51.7695,2025,10,13
2025-10-13 14:35:00+00:00,4102.95,4105.0,4102.59,4103.99,42.2033,2025,10,13
2025-10-13 14:40:00+00:00,4103.99,4104.07,4101.27,4102.88,39.8339,2025,10,13
2025-10-13 14:45:00+00:00,4102.68,4105.0,4100.95,4103.71,92.1533,2025,10,13
2025-10-13 14:50:00+00:00,4103.72,4112.63,4103.72,4108.19,74.3979,2025,10,13
2025-10-13 14:55:00+00:00,4108.19,4109.05,4105.4,4105.56,181.4826,2025,10,13
2025-10-13 15:00:00+00:00,4105.56,4107.71,4105.08,4107.57,54.3227,2025,10,13
2025-10-13 15:05:00+00:00,4107.57,4107.68,4098.98,4100.7,155.6142,2025,10,13
2025-10-13 15:10:00+00:00,4100.69,4104.44,4099.96,4102.44,65.8291,2025,10,13
2025-10-13 15:15:00+00:00,4102.44,4119.0,4102.44,4106.02,135.1227,2025,10,13
2025-10-13 15:20:00+00:00,4106.02,4106.25,4102.85,4104.48,91.5403,2025,10,13
2025-10-13 15:25:00+00:00,4104.48,4107.65,4100.25,4100.47,93.2206,2025,10,13
2025-10-13 15:30:00+00:00,4100.47,4102.88,4100.0,4101.6,65.0272,2025,10,13
2025-10-13 15:35:00+00:00,4101.61,4105.48,4101.61,4105.48,35.4227,2025,10,13
2025-10-13 15:40:00+00:00,4105.47,4106.19,4104.73,4105.96,34.7212,2025,10,13
2025-10-13 15:45:00+00:00,4105.96,4105.97,4103.86,4104.56,27.5249,2025,10,13
2025-10-13 15:50:00+00:00,4104.56,4107.3,4102.89,4107.29,41.4256,2025,10,13
2025-10-13 15:55:00+00:00,4107.29,4111.39,4107.28,4110.75,55.9814,2025,10,13
2025-10-13 16:00:00+00:00,4110.75,4114.34,4110.75,4113.18,78.6225,2025,10,13
2025-10-13 16:05:00+00:00,4113.18,4118.16,4113.15,4117.58,51.2479,2025,10,13
2025-10-13 16:10:00+00:00,4117.58,4121.33,4117.58,4120.96,37.8336,2025,10,13
2025-10-13 16:15:00+00:00,4120.97,4122.0,4119.16,4119.67,36.8194,2025,10,13
2025-10-13 16:20:00+00:00,4119.66,4119.75,4117.18,4119.66,25.7531,2025,10,13
2025-10-13 16:25:00+00:00,4119.66,4121.24,4115.44,4115.83,43.716,2025,10,13
2025-10-13 16:30:00+00:00,4115.82,4116.64,4115.56,4116.06,17.9885,2025,10,13
2025-10-13 16:35:00+00:00,4116.08,4117.7,4113.47,4113.9,35.0278,2025,10,13
2025-10-13 16:40:00+00:00,4113.89,4115.01,4113.12,4113.39,29.7057,2025,10,13
2025-10-13 16:45:00+00:00,4113.42,4120.4,4113.42,4119.0,36.2616,2025,10,13
2025-10-13 16:50:00+00:00,4119.0,4120.07,4118.02,4118.55,27.6225,2025,10,13
2025-10-13 16:55:00+00:00,4118.54,4118.55,4111.21,4112.17,72.614,2025,10,13
2025-10-13 17:00:00+00:00,4112.17,4115.57,4112.1,4114.07,24.376,2025,10,13
2025-10-13 17:05:00+00:00,4114.08,4115.71,4112.04,4113.1,31.0651,2025,10,13
2025-10-13 17:10:00+00:00,4113.09,4115.27,4112.0,4115.25,30.5627,2025,10,13
2025-10-13 17:15:00+00:00,4115.25,4115.68,4112.39,4113.83,65.7176,2025,10,13
2025-10-13 17:20:00+00:00,4113.84,4121.44,4113.83,4120.16,67.1843,2025,10,13
2025-10-13 17:25:00+00:00,4120.16,4123.28,4120.09,4121.71,33.5518,2025,10,13
2025-10-13 17:30:00+00:00,4121.71,4121.71,4120.03,4120.32,28.6733,2025,10,13
2025-10-13 17:35:00+00:00,4120.31,4121.15,4117.87,4118.99,48.2206,2025,10,13
2025-10-13 17:40:00+00:00,4118.99,4119.0,4115.09,4116.06,26.5184,2025,10,13
2025-10-13 17:45:00+00:00,4116.06,4116.48,4115.24,4115.24,24.7706,2025,10,13
2025-10-13 17:50:00+00:00,4115.25,4115.25,4111.0,4111.01,46.7006,2025,10,13
2025-10-13 17:55:00+00:00,4111.0,4112.86,4110.72,4112.28,46.6495,2025,10,13
2025-10-13 18:00:00+00:00,4112.29,4112.29,4111.55,4111.55,23.6993,2025,10,13
2025-10-13 18:05:00+00:00,4111.56,4111.56,4108.81,4109.48,31.0113,2025,10,13
2025-10-13 18:10:00+00:00,4109.47,4109.73,4108.61,4109.0,24.4635,2025,10,13
2025-10-13 18:15:00+00:00,4109.32,4113.76,4109.32,4112.75,168.1881,2025,10,13
2025-10-13 18:20:00+00:00,4112.75,4114.44,4112.75,4114.44,26.2118,2025,10,13
2025-10-13 18:25:00+00:00,4114.43,4115.17,4112.75,4112.99,25.5895,2025,10,13
2025-10-13 18:30:00+00:00,4112.99,4115.22,4112.75,4114.73,34.2392,2025,10,13
2025-10-13 18:35:00+00:00,4114.73,4115.43,4112.77,4113.12,28.554,2025,10,13
2025-10-13 18:40:00+00:00,4113.12,4113.18,4110.07,4111.1,188.2165,2025,10,13
2025-10-13 18:45:00+00:00,4111.1,4112.41,4110.1,4112.41,10.0764,2025,10,13
2025-10-13 18:50:00+00:00,4112.42,4113.28,4111.47,4111.47,18.8633,2025,10,13
2025-10-13 18:55:00+00:00,4111.47,4111.47,4108.67,4110.64,25.8613,2025,10,13
2025-10-13 19:00:00+00:00,4111.12,4111.95,4109.78,4109.78,23.5482,2025,10,13
2025-10-13 19:05:00+00:00,4109.78,4109.79,4101.58,4103.87,110.5418,2025,10,13
2025-10-13 19:10:00+00:00,4104.06,4109.35,4104.06,4107.84,30.1754,2025,10,13
2025-10-13 19:15:00+00:00,4107.84,4111.16,4107.13,4110.77,25.8517,2025,10,13
2025-10-13 19:20:00+00:00,4110.78,4113.26,4110.78,4112.82,43.522,2025,10,13
2025-10-13 19:25:00+00:00,4113.07,4117.21,4113.07,4115.4,34.1491,2025,10,13
2025-10-13 19:30:00+00:00,4115.4,4116.44,4115.0,4115.54,34.8769,2025,10,13
2025-10-13 19:35:00+00:00,4115.53,4115.53,4112.24,4112.25,42.5478,2025,10,13
2025-10-13 19:40:00+00:00,4112.25,4116.54,4110.38,4112.67,62.791,2025,10,13
2025-10-13 19:45:00+00:00,4112.68,4115.43,4112.68,4115.3,42.558,2025,10,13
2025-10-13 19:50:00+00:00,4115.29,4119.13,4112.47,4119.0,80.529,2025,10,13
2025-10-13 19:55:00+00:00,4119.01,4124.06,4119.01,4124.0,657.3778,2025,10,13
2025-10-13 20:00:00+00:00,4124.0,4124.01,4121.0,4121.0,421.2351,2025,10,13
2025-10-13 20:05:00+00:00,4121.0,4124.23,4119.17,4120.92,154.1509,2025,10,13
2025-10-13 20:10:00+00:00,4120.93,4121.29,4117.58,4120.38,55.9302,2025,10,13
2025-10-13 20:15:00+00:00,4120.39,4121.4,4116.6,4118.48,39.34,2025,10,13
2025-10-13 20:20:00+00:00,4118.47,4122.31,4118.47,4122.28,22.882,2025,10,13
2025-10-13 20:25:00+00:00,4122.29,4122.51,4121.62,4122.47,23.3428,2025,10,13
2025-10-13 20:30:00+00:00,4122.47,4122.47,4120.69,4120.72,30.246,2025,10,13
2025-10-13 20:35:00+00:00,4120.72,4120.72,4117.77,4117.78,17.611,2025,10,13
2025-10-13 20:40:00+00:00,4117.78,4119.0,4117.77,4119.0,29.7205,2025,10,13
2025-10-13 20:45:00+00:00,4119.0,4122.82,4118.99,4121.78,16.4488,2025,10,13
2025-10-13 20:50:00+00:00,4121.78,4123.62,4121.59,4123.55,12.0261,2025,10,13
2025-10-13 20:55:00+00:00,4123.54,4123.54,4121.65,4121.65,15.641,2025,10,13
2025-10-13 21:00:00+00:00,4121.58,4121.59,4121.55,4121.56,18.1225,2025,10,13
2025-10-13 21:05:00+00:00,4121.56,4121.85,4121.33,4121.85,11.7787,2025,10,13
2025-10-13 21:10:00+00:00,4121.85,4123.19,4121.36,4121.36,19.8791,2025,10,13
2025-10-13 21:15:00+00:00,4121.36,4123.53,4120.26,4122.71,20.3366,2025,10,13
2025-10-13 21:20:00+00:00,4122.73,4123.54,4122.72,4122.96,18.9767,2025,10,13
2025-10-13 21:25:00+00:00,4122.97,4123.11,4122.73,4123.11,18.9195,2025,10,13
2025-10-13 21:30:00+00:00,4123.11,4123.44,4123.1,4123.18,16.1428,2025,10,13
2025-10-13 21:35:00+00:00,4123.17,4123.18,4122.84,4122.85,13.6266,2025,10,13
2025-10-13 21:40:00+00:00,4122.85,4123.65,4122.75,4123.06,32.3051,2025,10,13
2025-10-13 21:45:00+00:00,4123.06,4123.07,4122.75,4123.0,19.7744,2025,10,13
2025-10-13 21:50:00+00:00,4123.0,4123.68,4122.73,4123.61,33.2101,2025,10,13
2025-10-13 21:55:00+00:00,4123.61,4123.7,4122.22,4122.78,27.2937,2025,10,13
2025-10-13 22:00:00+00:00,4122.78,4123.35,4122.78,4123.35,10.5694,2025,10,13
2025-10-13 22:05:00+00:00,4123.34,4123.35,4122.19,4122.2,23.2111,2025,10,13
2025-10-13 22:10:00+00:00,4122.2,4123.65,4122.19,4122.9,27.397,2025,10,13
2025-10-13 22:15:00+00:00,4122.9,4123.0,4121.74,4121.74,15.6871,2025,10,13
2025-10-13 22:20:00+00:00,4121.75,4123.36,4121.0,4122.33,30.9738,2025,10,13
2025-10-13 22:25:00+00:00,4122.33,4122.35,4118.48,4118.86,17.8411,2025,10,13
2025-10-13 22:30:00+00:00,4118.86,4118.86,4115.26,4118.86,31.0151,2025,10,13
2025-10-13 22:35:00+00:00,4118.86,4118.86,4118.28,4118.28,11.4772,2025,10,13
2025-10-13 22:40:00+00:00,4118.29,4118.29,4118.11,4118.12,9.6084,2025,10,13
2025-10-13 22:45:00+00:00,4118.12,4121.3,4118.12,4121.3,25.8311,2025,10,13
2025-10-13 22:50:00+00:00,4121.41,4125.33,4121.41,4125.33,30.6895,2025,10,13
2025-10-13 22:55:00+00:00,4125.32,4126.01,4125.0,4125.01,19.6763,2025,10,13
2025-10-13 23:00:00+00:00,4125.01,4125.5,4120.99,4121.79,110.9768,2025,10,13
2025-10-13 23:05:00+00:00,4121.8,4123.11,4121.79,4123.11,16.4496,2025,10,13
2025-10-13 23:10:00+00:00,4122.9,4124.14,4122.9,4123.63,11.1453,2025,10,13
2025-10-13 23:15:00+00:00,4123.62,4124.65,4123.62,4124.48,24.9035,2025,10,13
2025-10-13 23:20:00+00:00,4124.53,4124.65,4123.52,4123.53,14.7956,2025,10,13
2025-10-13 23:25:00+00:00,4123.53,4125.91,4123.52,4125.21,18.2734,2025,10,13
2025-10-13 23:30:00+00:00,4125.21,4133.61,4125.21,4133.2,75.5463,2025,10,13
2025-10-13 23:35:00+00:00,4133.21,4139.37,4133.21,4138.41,41.4412,2025,10,13
2025-10-13 23:40:00+00:00,4138.41,4139.92,4137.92,4137.92,72.5755,2025,10,13
2025-10-13 23:45:00+00:00,4137.8,4141.16,4137.55,4141.16,37.3921,2025,10,13
2025-10-13 23:50:00+00:00,4141.17,4141.66,4137.04,4137.2,38.2288,2025,10,13
2025-10-13 23:55:00+00:00,4137.54,4142.3,4137.13,4141.69,108.0705,2025,10,13
2025-10-14 00:00:00+00:00,4141.69,4144.47,4133.53,4136.48,184.6948,2025,10,14
2025-10-14 00:05:00+00:00,4136.49,4140.81,4135.47,4137.18,72.6443,2025,10,14
2025-10-14 00:10:00+00:00,4137.17,4139.08,4135.92,4137.2,55.8934,2025,10,14
2025-10-14 00:15:00+00:00,4137.2,4138.72,4135.47,4135.61,25.6706,2025,10,14
2025-10-14 00:20:00+00:00,4135.6,4138.59,4133.47,4136.09,49.0511,2025,10,14
2025-10-14 00:25:00+00:00,4136.09,4140.08,4136.04,4139.96,30.0271,2025,10,14
2025-10-14 00:30:00+00:00,4139.96,4143.01,4139.23,4140.9,42.8586,2025,10,14
2025-10-14 00:35:00+00:00,4140.89,4145.05,4140.89,4142.36,66.3769,2025,10,14
2025-10-14 00:40:00+00:00,4142.21,4143.23,4141.3,4142.96,21.7976,2025,10,14
2025-10-14 00:45:00+00:00,4142.97,4143.21,4140.61,4141.8,42.7186,2025,10,14
2025-10-14 00:50:00+00:00,4141.82,4143.46,4140.17,4142.91,57.2802,2025,10,14
2025-10-14 00:55:00+00:00,4142.91,4143.05,4140.01,4140.01,22.3509,2025,10,14
2025-10-14 01:00:00+00:00,4140.0,4149.26,4138.32,4147.04,88.8249,2025,10,14
2025-10-14 01:05:00+00:00,4147.03,4147.03,4142.14,4143.4,22.4017,2025,10,14
2025-10-14 01:10:00+00:00,4143.6,4154.0,4143.6,4153.94,149.1799,2025,10,14
2025-10-14 01:15:00+00:00,4154.0,4162.28,4154.0,4157.99,122.9693,2025,10,14
2025-10-14 01:20:00+00:00,4157.9,4162.33,4157.0,4160.52,60.4879,2025,10,14
2025-10-14 01:25:00+00:00,4160.49,4164.61,4159.41,4162.78,90.2447,2025,10,14
2025-10-14 01:30:00+00:00,4162.78,4163.81,4157.28,4160.44,49.1043,2025,10,14
2025-10-14 01:35:00+00:00,4160.76,4166.0,4158.62,4160.21,59.9847,2025,10,14
2025-10-14 01:40:00+00:00,4160.22,4160.22,4149.81,4155.91,49.9555,2025,10,14
2025-10-14 01:45:00+00:00,4155.91,4155.91,4151.04,4151.47,28.5949,2025,10,14
2025-10-14 01:50:00+00:00,4151.46,4153.47,4148.43,4152.58,28.3663,2025,10,14
2025-10-14 01:55:00+00:00,4152.58,4154.92,4147.13,4153.59,84.7933,2025,10,14
2025-10-14 02:00:00+00:00,4153.51,4157.13,4153.51,4156.19,27.4542,2025,10,14
2025-10-14 02:05:00+00:00,4156.19,4157.62,4156.19,4157.62,27.6708,2025,10,14
2025-10-14 02:10:00+00:00,4157.69,4157.83,4157.09,4157.28,15.6339,2025,10,14
2025-10-14 02:15:00+00:00,4157.29,4157.29,4154.31,4155.51,21.6915,2025,10,14
2025-10-14 02:20:00+00:00,4155.5,4158.26,4154.0,4158.26,29.9955,2025,10,14
2025-10-14 02:25:00+00:00,4158.25,4158.71,4156.51,4158.64,40.9016,2025,10,14
2025-10-14 02:30:00+00:00,4158.64,4160.96,4158.51,4160.88,12.2991,2025,10,14
2025-10-14 02:35:00+00:00,4160.88,4161.75,4160.31,4161.74,12.5593,2025,10,14
2025-10-14 02:40:00+00:00,4161.74,4166.0,4161.74,4165.03,59.0353,2025,10,14
2025-10-14 02:45:00+00:00,4165.04,4165.04,4160.31,4162.65,31.7732,2025,10,14
2025-10-14 02:50:00+00:00,4162.66,4163.03,4160.66,4163.03,22.026,2025,10,14
2025-10-14 02:55:00+00:00,4163.03,4166.0,4162.53,4162.84,54.5634,2025,10,14
2025-10-14 03:00:00+00:00,4162.85,4164.71,4162.09,4163.89,29.8902,2025,10,14
2025-10-14 03:05:00+00:00,4163.89,4169.6,4163.89,4169.6,55.7844,2025,10,14
2025-10-14 03:10:00+00:00,4169.59,4176.0,4169.27,4171.49,58.7204,2025,10,14
2025-10-14 03:15:00+00:00,4171.49,4175.47,4171.49,4173.7,37.2527,2025,10,14
2025-10-14 03:20:00+00:00,4173.7,4175.88,4173.7,4173.76,40.3857,2025,10,14
2025-10-14 03:25:00+00:00,4173.76,4173.76,4167.53,4173.23,63.9485,2025,10,14
2025-10-14 03:30:00+00:00,4173.23,4174.83,4172.93,4174.83,14.1397,2025,10,14
2025-10-14 03:35:00+00:00,4174.82,4179.05,4173.61,4177.03,109.5311,2025,10,14
2025-10-14 03:40:00+00:00,4177.03,4180.0,4177.03,4178.22,33.1175,2025,10,14
2025-10-14 03:45:00+00:00,4178.22,4180.0,4178.22,4180.0,24.7021,2025,10,14
2025-10-14 03:50:00+00:00,4180.0,4183.67,4179.0,4180.7,49.6596,2025,10,14
2025-10-14 03:55:00+00:00,4180.69,4180.69,4176.96,4179.1,45.6661,2025,10,14
2025-10-14 04:00:00+00:00,4179.11,4179.97,4177.33,4179.26,59.0052,2025,10,14
2025-10-14 04:05:00+00:00,4179.26,4182.24,4179.26,4181.34,53.7122,2025,10,14
2025-10-14 04:10:00+00:00,4181.34,4184.79,4180.58,4184.77,42.735,2025,10,14
2025-10-14 04:15:00+00:00,4184.78,4184.78,4176.68,4179.41,59.1395,2025,10,14
2025-10-14 04:20:00+00:00,4179.41,4179.55,4173.36,4176.97,40.7196,2025,10,14
2025-10-14 04:25:00+00:00,4176.79,4179.77,4176.25,4179.3,18.4996,2025,10,14
2025-10-14 04:30:00+00:00,4179.3,4179.84,4177.41,4178.68,74.5992,2025,10,14
2025-10-14 04:35:00+00:00,4178.68,4178.68,4170.31,4173.63,96.291,2025,10,14
2025-10-14 04:40:00+00:00,4173.63,4178.6,4173.63,4178.59,67.9893,2025,10,14
2025-10-14 04:45:00+00:00,4178.59,4182.41,4177.99,4182.41,54.8677,2025,10,14
2025-10-14 04:50:00+00:00,4182.43,4182.44,4180.66,4180.99,59.3077,2025,10,14
2025-10-14 04:55:00+00:00,4180.99,4185.4,4180.66,4185.04,129.9659,2025,10,14
2025-10-14 05:00:00+00:00,4185.04,4187.39,4183.1,4186.97,52.4645,2025,10,14
2025-10-14 05:05:00+00:00,4186.87,4197.14,4186.08,4195.75,74.8629,2025,10,14
2025-10-14 05:10:00+00:00,4195.75,4198.79,4193.14,4195.04,63.218,2025,10,14
2025-10-14 05:15:00+00:00,4195.03,4200.0,4194.76,4199.32,89.3014,2025,10,14
2025-10-14 05:20:00+00:00,4199.35,4199.51,4192.49,4192.49,149.3105,2025,10,14
2025-10-14 05:25:00+00:00,4192.49,4195.04,4190.73,4194.97,77.4353,2025,10,14
2025-10-14 05:30:00+00:00,4194.83,4195.72,4190.78,4190.79,77.4334,2025,10,14
2025-10-14 05:35:00+00:00,4190.79,4190.79,4148.77,4156.57,289.9882,2025,10,14
2025-10-14 05:40:00+00:00,4156.57,4168.32,4119.71,4120.38,696.2917,2025,10,14
2025-10-14 05:45:00+00:00,4120.38,4141.07,4120.38,4129.92,267.8418,2025,10,14
2025-10-14 05:50:00+00:00,4129.92,4151.78,4129.92,4151.78,135.3679,2025,10,14
2025-10-14 05:55:00+00:00,4151.77,4152.09,4120.88,4132.44,311.8939,2025,10,14
2025-10-14 06:00:00+00:00,4132.28,4146.62,4129.14,4139.82,124.224,2025,10,14
2025-10-14 06:05:00+00:00,4139.81,4139.81,4130.69,4137.7,164.0067,2025,10,14
2025-10-14 06:10:00+00:00,4137.89,4139.07,4120.88,4123.64,117.6241,2025,10,14
2025-10-14 06:15:00+00:00,4123.76,4133.23,4123.76,4125.63,180.1876,2025,10,14
2025-10-14 06:20:00+00:00,4125.64,4126.44,4103.38,4110.51,281.263,2025,10,14
2025-10-14 06:25:00+00:00,4110.51,4129.5,4110.51,4129.5,189.4575,2025,10,14
2025-10-14 06:30:00+00:00,4129.35,4129.56,4117.65,4125.74,88.6675,2025,10,14
2025-10-14 06:35:00+00:00,4125.72,4127.23,4116.65,4119.72,138.6727,2025,10,14
2025-10-14 06:40:00+00:00,4119.89,4125.63,4114.83,4114.83,106.5273,2025,10,14
2025-10-14 06:45:00+00:00,4114.83,4116.37,4107.7,4115.01,226.9148,2025,10,14
2025-10-14 06:50:00+00:00,4115.3,4127.66,4115.3,4124.63,227.1696,2025,10,14
2025-10-14 06:55:00+00:00,4124.63,4127.78,4119.61,4127.5,256.1768,2025,10,14
2025-10-14 07:00:00+00:00,4127.28,4127.28,4121.22,4121.23,116.6646,2025,10,14
2025-10-14 07:05:00+00:00,4121.22,4123.88,4118.3,4120.5,78.3229,2025,10,14
2025-10-14 07:10:00+00:00,4120.49,4128.16,4119.87,4127.2,73.0807,2025,10,14
2025-10-14 07:15:00+00:00,4127.5,4139.61,4127.19,4137.97,199.4245,2025,10,14
2025-10-14 07:20:00+00:00,4137.96,4139.66,4135.57,4138.5,130.1229,2025,10,14
2025-10-14 07:25:00+00:00,4138.28,4143.27,4137.69,4140.1,82.8607,2025,10,14
2025-10-14 07:30:00+00:00,4140.11,4143.11,4134.9,4135.01,72.494,2025,10,14
2025-10-14 07:35:00+00:00,4135.02,4142.35,4135.02,4138.19,143.2767,2025,10,14
2025-10-14 07:40:00+00:00,4138.19,4141.89,4135.83,4135.91,153.0631,2025,10,14
2025-10-14 07:45:00+00:00,4135.91,4140.65,4135.91,4139.32,89.4179,2025,10,14
2025-10-14 07:50:00+00:00,4139.31,4142.92,4138.58,4140.84,94.8939,2025,10,14
2025-10-14 07:55:00+00:00,4140.85,4143.19,4139.38,4142.41,57.7635,2025,10,14
2025-10-14 08:00:00+00:00,4142.41,4150.02,4142.41,4147.17,135.598,2025,10,14
2025-10-14 08:05:00+00:00,4147.17,4150.46,4146.58,4148.97,58.257,2025,10,14
2025-10-14 08:10:00+00:00,4148.97,4158.44,4145.86,4157.91,122.7086,2025,10,14
2025-10-14 08:15:00+00:00,4158.03,4159.86,4154.91,4158.64,85.5803,2025,10,14
2025-10-14 08:20:00+00:00,4158.64,4158.94,4155.93,4157.03,53.5311,2025,10,14
2025-10-14 08:25:00+00:00,4157.03,4160.87,4156.67,4160.87,42.723,2025,10,14
2025-10-14 08:30:00+00:00,4160.87,4160.87,4153.02,4153.02,59.9986,2025,10,14
2025-10-14 08:35:00+00:00,4153.03,4155.28,4153.03,4153.04,49.7832,2025,10,14
2025-10-14 08:40:00+00:00,4153.04,4155.8,4147.04,4147.05,56.7462,2025,10,14
2025-10-14 08:45:00+00:00,4147.05,4153.42,4147.05,4152.77,23.5173,2025,10,14
2025-10-14 08:50:00+00:00,4152.77,4156.93,4150.72,4156.63,36.0622,2025,10,14
2025-10-14 08:55:00+00:00,4156.82,4157.8,4154.42,4157.28,53.3937,2025,10,14
2025-10-14 09:00:00+00:00,4157.27,4157.4,4152.36,4152.37,64.6604,2025,10,14
2025-10-14 09:05:00+00:00,4152.37,4154.01,4150.0,4151.42,76.9345,2025,10,14
2025-10-14 09:10:00+00:00,4151.42,4156.75,4151.42,4155.22,42.288,2025,10,14
2025-10-14 09:15:00+00:00,4155.21,4161.26,4152.0,4152.0,73.7565,2025,10,14
2025-10-14 09:20:00+00:00,4152.0,4154.01,4151.58,4153.69,40.9372,2025,10,14
2025-10-14 09:25:00+00:00,4153.69,4155.1,4152.2,4155.0,23.6624,2025,10,14
2025-10-14 09:30:00+00:00,4155.0,4157.46,4153.07,4154.31,53.7522,2025,10,14
2025-10-14 09:35:00+00:00,4154.24,4154.24,4151.12,4151.12,25.9305,2025,10,14
2025-10-14 09:40:00+00:00,4151.11,4152.44,4150.03,4150.03,20.8607,2025,10,14
2025-10-14 09:45:00+00:00,4150.03,4150.03,4143.43,4145.98,67.833,2025,10,14
2025-10-14 09:50:00+00:00,4145.96,4145.97,4139.39,4140.22,64.4242,2025,10,14
2025-10-14 09:55:00+00:00,4140.21,4141.72,4136.0,4141.57,36.3028,2025,10,14
2025-10-14 10:00:00+00:00,4141.57,4142.39,4140.8,4142.01,18.3024,2025,10,14
2025-10-14 10:05:00+00:00,4141.9,4143.14,4140.28,4140.8,28.8672,2025,10,14
2025-10-14 10:10:00+00:00,4140.9,4142.1,4130.48,4140.49,118.1459,2025,10,14
2025-10-14 10:15:00+00:00,4140.49,4141.26,4139.01,4141.26,19.7835,2025,10,14
2025-10-14 10:20:00+00:00,4141.25,4147.6,4141.25,4146.92,47.5329,2025,10,14
2025-10-14 10:25:00+00:00,4146.92,4150.88,4146.91,4149.91,39.717,2025,10,14
2025-10-14 10:30:00+00:00,4149.91,4153.0,4149.91,4151.75,41.9414,2025,10,14
2025-10-14 10:35:00+00:00,4151.74,4152.98,4150.21,4151.93,92.4805,2025,10,14
2025-10-14 10:40:00+00:00,4152.21,4153.0,4148.22,4150.32,45.7907,2025,10,14
2025-10-14 10:45:00+00:00,4150.32,4150.32,4140.27,4144.07,41.3266,2025,10,14
2025-10-14 10:50:00+00:00,4144.08,4148.86,4143.9,4145.38,42.0018,2025,10,14
2025-10-14 10:55:00+00:00,4145.39,4145.85,4142.4,4142.69,23.2108,2025,10,14
2025-10-14 11:00:00+00:00,4142.7,4145.29,4142.69,4143.71,24.2387,2025,10,14
2025-10-14 11:05:00+00:00,4143.7,4145.17,4141.28,4142.98,21.6562,2025,10,14
2025-10-14 11:10:00+00:00,4142.97,4142.97,4140.86,4141.12,14.353,2025,10,14
2025-10-14 11:15:00+00:00,4141.12,4143.32,4138.79,4143.21,21.8518,2025,10,14
2025-10-14 11:20:00+00:00,4143.21,4150.0,4143.21,4148.84,27.7266,2025,10,14
2025-10-14 11:25:00+00:00,4148.88,4149.43,4140.0,4140.58,173.2471,2025,10,14
2025-10-14 11:30:00+00:00,4140.58,4140.83,4133.99,4139.21,488.7131,2025,10,14
2025-10-14 11:35:00+00:00,4139.22,4139.81,4135.81,4137.7,59.0275,2025,10,14
2025-10-14 11:40:00+00:00,4137.7,4142.38,4136.1,4140.62,57.6955,2025,10,14
2025-10-14 11:45:00+00:00,4140.61,4140.61,4137.05,4137.08,41.6285,2025,10,14
2025-10-14 11:50:00+00:00,4137.07,4138.7,4135.45,4138.43,32.1249,2025,10,14
2025-10-14 11:55:00+00:00,4138.42,4141.93,4137.63,4139.6,65.8109,2025,10,14
2025-10-14 12:00:00+00:00,4139.59,4145.01,4139.1,4140.91,62.4384,2025,10,14
2025-10-14 12:05:00+00:00,4140.91,4140.91,4137.13,4138.56,12.031,2025,10,14
2025-10-14 12:10:00+00:00,4138.55,4140.45,4137.9,4138.75,29.0104,2025,10,14
2025-10-14 12:15:00+00:00,4138.75,4143.27,4138.74,4143.27,16.248,2025,10,14
2025-10-14 12:20:00+00:00,4143.26,4143.26,4135.29,4135.29,119.9928,2025,10,14
2025-10-14 12:25:00+00:00,4135.28,4135.28,4126.79,4129.89,39.1151,2025,10,14
2025-10-14 12:30:00+00:00,4129.96,4130.3,4122.39,4125.75,27.8493,2025,10,14
2025-10-14 12:35:00+00:00,4125.44,4125.94,4122.01,4122.01,52.8957,2025,10,14
2025-10-14 12:40:00+00:00,4122.0,4124.81,4116.76,4119.99,73.287,2025,10,14
2025-10-14 12:45:00+00:00,4119.99,4123.09,4117.42,4119.7,91.5879,2025,10,14
2025-10-14 12:50:00+00:00,4119.36,4122.05,4117.24,4118.06,43.0452,2025,10,14
2025-10-14 12:55:00+00:00,4118.06,4120.33,4116.1,4117.73,83.4368,2025,10,14
2025-10-14 13:00:00+00:00,4117.73,4119.93,4112.0,4119.8,153.4213,2025,10,14
2025-10-14 13:05:00+00:00,4119.86,4121.61,4113.0,4116.8,114.4181,2025,10,14
2025-10-14 13:10:00+00:00,4116.8,4131.09,4115.4,4128.51,155.352,2025,10,14
2025-10-14 13:15:00+00:00,4128.51,4133.94,4124.26,4124.31,58.1444,2025,10,14
2025-10-14 13:20:00+00:00,4124.3,4125.18,4120.94,4121.6,24.7815,2025,10,14
2025-10-14 13:25:00+00:00,4121.16,4128.0,4120.23,4125.39,28.1858,2025,10,14
2025-10-14 13:30:00+00:00,4125.38,4127.83,4121.2,4122.84,80.8741,2025,10,14
2025-10-14 13:35:00+00:00,4122.85,4132.24,4121.45,4132.24,113.079,2025,10,14
2025-10-14 13:40:00+00:00,4132.24,4141.09,4132.15,4140.69,90.0027,2025,10,14
2025-10-14 13:45:00+00:00,4140.68,4143.31,4134.91,4138.34,73.0569,2025,10,14
2025-10-14 13:50:00+00:00,4138.35,4138.35,4129.58,4130.9,60.4839,2025,10,14
2025-10-14 13:55:00+00:00,4130.92,4137.48,4128.0,4136.3,35.3984,2025,10,14
2025-10-14 14:00:00+00:00,4136.3,4142.39,4136.3,4140.61,58.7733,2025,10,14
2025-10-14 14:05:00+00:00,4140.54,4141.73,4133.08,4141.42,34.0658,2025,10,14
2025-10-14 14:10:00+00:00,4141.43,4149.01,4141.23,4144.7,110.4425,2025,10,14
2025-10-14 14:15:00+00:00,4145.41,4147.55,4143.48,4143.49,60.6401,2025,10,14
2025-10-14 14:20:00+00:00,4143.49,4145.9,4140.65,4140.68,37.9829,2025,10,14
2025-10-14 14:25:00+00:00,4140.92,4145.94,4139.71,4144.97,46.1321,2025,10,14
2025-10-14 14:30:00+00:00,4145.17,4150.0,4143.28,4146.62,83.3274,2025,10,14
2025-10-14 14:35:00+00:00,4146.91,4148.61,4141.73,4143.53,15.1108,2025,10,14
2025-10-14 14:40:00+00:00,4143.54,4143.54,4138.69,4141.8,84.2896,2025,10,14
2025-10-14 14:45:00+00:00,4141.85,4146.0,4141.27,4143.83,84.7458,2025,10,14
2025-10-14 14:50:00+00:00,4143.79,4143.79,4139.3,4140.14,42.1869,2025,10,14
2025-10-14 14:55:00+00:00,4140.14,4143.38,4139.57,4140.8,16.494,2025,10,14
2025-10-14 15:00:00+00:00,4140.8,4144.63,4138.89,4143.84,45.5837,2025,10,14
2025-10-14 15:05:00+00:00,4143.84,4144.92,4142.7,4144.76,154.9909,2025,10,14
2025-10-14 15:10:00+00:00,4144.76,4151.65,4144.58,4150.77,49.9004,2025,10,14
2025-10-14 15:15:00+00:00,4150.77,4152.42,4148.55,4148.8,39.5187,2025,10,14
2025-10-14 15:20:00+00:00,4148.79,4149.45,4147.49,4149.44,40.8901,2025,10,14
2025-10-14 15:25:00+00:00,4149.44,4149.44,4148.01,4149.42,15.4401,2025,10,14
2025-10-14 15:30:00+00:00,4149.43,4152.33,4148.8,4152.09,18.0141,2025,10,14
2025-10-14 15:35:00+00:00,4152.08,4154.22,4150.95,4152.28,39.1786,2025,10,14
2025-10-14 15:40:00+00:00,4152.29,4152.29,4149.63,4150.38,24.4064,2025,10,14
2025-10-14 15:45:00+00:00,4150.38,4150.72,4146.54,4146.8,75.4028,2025,10,14
2025-10-14 15:50:00+00:00,4146.8,4148.86,4144.45,4144.45,135.8962,2025,10,14
2025-10-14 15:55:00+00:00,4144.45,4148.93,4144.01,4148.88,30.9051,2025,10,14
2025-10-14 16:00:00+00:00,4148.94,4152.26,4148.55,4149.94,58.1395,2025,10,14
2025-10-14 16:05:00+00:00,4149.93,4149.94,4142.17,4142.17,54.0734,2025,10,14
2025-10-14 16:10:00+00:00,4142.17,4146.19,4141.86,4143.37,42.4696,2025,10,14
2025-10-14 16:15:00+00:00,4143.37,4145.33,4140.0,4143.15,138.3821,2025,10,14
2025-10-14 16:20:00+00:00,4143.15,4151.55,4142.35,4145.71,49.362,2025,10,14
2025-10-14 16:25:00+00:00,4145.71,4148.69,4145.71,4146.81,12.6085,2025,10,14
2025-10-14 16:30:00+00:00,4146.8,4148.11,4145.49,4146.71,196.6606,2025,10,14
2025-10-14 16:35:00+00:00,4146.71,4151.64,4146.71,4150.59,59.5813,2025,10,14
2025-10-14 16:40:00+00:00,4150.6,4155.96,4150.12,4154.76,73.8112,2025,10,14
2025-10-14 16:45:00+00:00,4154.76,4162.33,4154.2,4161.39,37.6667,2025,10,14
2025-10-14 16:50:00+00:00,4161.51,4169.43,4161.08,4166.24,79.671,2025,10,14
2025-10-14 16:55:00+00:00,4166.23,4167.5,4154.5,4155.7,100.4856,2025,10,14
2025-10-14 17:00:00+00:00,4154.96,4163.62,4152.4,4160.72,69.8881,2025,10,14
2025-10-14 17:05:00+00:00,4160.72,4170.74,4160.71,4163.99,126.6609,2025,10,14
2025-10-14 17:10:00+00:00,4164.0,4172.69,4161.24,4161.26,133.8877,2025,10,14
2025-10-14 17:15:00+00:00,4161.26,4169.28,4160.13,4160.86,126.0022,2025,10,14
2025-10-14 17:20:00+00:00,4160.86,4173.74,4159.21,4167.84,141.1981,2025,10,14
2025-10-14 17:25:00+00:00,4167.84,4173.99,4163.02,4164.18,192.0129,2025,10,14
2025-10-14 17:30:00+00:00,4164.18,4172.38,4164.17,4166.47,117.9436,2025,10,14
2025-10-14 17:35:00+00:00,4166.47,4173.19,4165.84,4167.12,158.3626,2025,10,14
2025-10-14 17:40:00+00:00,4167.13,4172.65,4166.07,4166.34,210.8617,2025,10,14
2025-10-14 17:45:00+00:00,4166.34,4166.34,4160.51,4161.83,97.3001,2025,10,14
2025-10-14 17:50:00+00:00,4161.83,4165.87,4161.65,4162.35,71.7747,2025,10,14
2025-10-14 17:55:00+00:00,4162.35,4163.39,4162.15,4162.76,43.4793,2025,10,14
2025-10-14 18:00:00+00:00,4162.75,4169.12,4162.48,4166.63,58.8766,2025,10,14
2025-10-14 18:05:00+00:00,4166.63,4167.61,4162.96,4163.4,59.8272,2025,10,14
2025-10-14 18:10:00+00:00,4163.41,4164.5,4160.67,4162.78,53.3981,2025,10,14
2025-10-14 18:15:00+00:00,4162.77,4163.69,4158.18,4160.5,72.2905,2025,10,14
2025-10-14 18:20:00+00:00,4160.5,4164.18,4160.5,4161.53,57.7036,2025,10,14
2025-10-14 18:25:00+00:00,4161.54,4162.96,4160.52,4162.59,19.4771,2025,10,14
2025-10-14 18:30:00+00:00,4162.59,4163.8,4161.3,4161.62,28.3548,2025,10,14
2025-10-14 18:35:00+00:00,4161.62,4162.43,4158.69,4162.43,40.0707,2025,10,14
2025-10-14 18:40:00+00:00,4162.42,4165.35,4161.1,4161.6,60.6138,2025,10,14
2025-10-14 18:45:00+00:00,4161.6,4163.83,4161.6,4163.73,13.5732,2025,10,14
2025-10-14 18:50:00+00:00,4163.74,4163.74,4163.31,4163.32,6.6492,2025,10,14
2025-10-14 18:55:00+00:00,4163.32,4163.49,4161.88,4161.89,19.6043,2025,10,14
2025-10-14 19:00:00+00:00,4161.89,4164.04,4161.89,4163.29,25.8944,2025,10,14
2025-10-14 19:05:00+00:00,4163.28,4163.29,4161.45,4162.14,13.0353,2025,10,14
2025-10-14 19:10:00+00:00,4162.13,4165.96,4162.13,4162.91,20.8746,2025,10,14
2025-10-14 19:15:00+00:00,4162.91,4162.92,4161.95,4161.96,12.3777,2025,10,14
2025-10-14 19:20:00+00:00,4161.96,4163.01,4161.95,4162.93,10.7066,2025,10,14
2025-10-14 19:25:00+00:00,4162.94,4163.0,4161.48,4161.89,23.648,2025,10,14
2025-10-14 19:30:00+00:00,4161.88,4161.9,4160.44,4160.49,14.1794,2025,10,14
2025-10-14 19:35:00+00:00,4160.26,4162.67,4146.31,4152.8,91.4178,2025,10,14
2025-10-14 19:40:00+00:00,4153.15,4155.46,4151.37,4152.43,22.8954,2025,10,14
2025-10-14 19:45:00+00:00,4152.44,4157.36,4151.93,4153.64,23.006,2025,10,14
2025-10-14 19:50:00+00:00,4153.64,4153.64,4150.0,4152.64,15.6342,2025,10,14
2025-10-14 19:55:00+00:00,4152.65,4155.67,4152.65,4155.65,7.2036,2025,10,14
2025-10-14 20:00:00+00:00,4155.53,4159.66,4153.26,4156.04,31.8998,2025,10,14
2025-10-14 20:05:00+00:00,4156.05,4156.46,4154.67,4155.62,10.9734,2025,10,14
2025-10-14 20:10:00+00:00,4155.61,4155.61,4154.34,4155.22,5.1996,2025,10,14
2025-10-14 20:15:00+00:00,4155.22,4158.34,4155.21,4156.72,17.6135,2025,10,14
2025-10-14 20:20:00+00:00,4156.72,4157.99,4156.72,4156.81,7.6994,2025,10,14
2025-10-14 20:25:00+00:00,4156.8,4156.81,4156.27,4156.27,3.9941,2025,10,14
2025-10-14 20:30:00+00:00,4156.28,4156.28,4155.08,4155.78,8.8215,2025,10,14
2025-10-14 20:35:00+00:00,4155.78,4155.78,4154.45,4154.45,3.3198,2025,10,14
2025-10-14 20:40:00+00:00,4154.44,4154.83,4153.62,4154.36,13.8109,2025,10,14
2025-10-14 20:45:00+00:00,4154.35,4155.7,4154.3,4155.7,5.6115,2025,10,14
2025-10-14 20:50:00+00:00,4155.7,4156.94,4155.7,4155.97,11.3875,2025,10,14
2025-10-14 20:55:00+00:00,4155.98,4156.1,4153.9,4153.92,16.4076,2025,10,14
2025-10-14 21:00:00+00:00,4153.91,4153.92,4152.97,4152.98,2.4614,2025,10,14
2025-10-14 21:05:00+00:00,4152.98,4153.9,4152.97,4153.9,2.4902,2025,10,14
2025-10-14 21:10:00+00:00,4153.91,4154.58,4152.65,4152.65,18.4989,2025,10,14
2025-10-14 21:15:00+00:00,4152.65,4152.99,4151.84,4151.85,6.1424,2025,10,14
2025-10-14 21:20:00+00:00,4151.84,4151.85,4151.67,4151.68,3.7817,2025,10,14
2025-10-14 21:25:00+00:00,4151.68,4154.55,4151.68,4154.54,13.0981,2025,10,14
2025-10-14 21:30:00+00:00,4154.55,4155.98,4154.54,4155.95,3.3336,2025,10,14
2025-10-14 21:35:00+00:00,4155.94,4155.94,4154.6,4154.62,5.4562,2025,10,14
2025-10-14 21:40:00+00:00,4154.61,4156.8,4154.61,4156.8,4.4722,2025,10,14
2025-10-14 21:45:00+00:00,4156.8,4157.88,4156.8,4157.87,6.4855,2025,10,14
2025-10-14 21:50:00+00:00,4157.87,4157.98,4155.06,4155.61,12.6441,2025,10,14
2025-10-14 21:55:00+00:00,4155.62,4155.62,4155.54,4155.55,3.9856,2025,10,14
2025-10-14 22:00:00+00:00,4155.54,4157.32,4155.12,4155.12,19.8276,2025,10,14
2025-10-14 22:05:00+00:00,4155.01,4158.92,4153.35,4158.91,21.9155,2025,10,14
2025-10-14 22:10:00+00:00,4158.92,4170.34,4158.92,4170.31,27.1287,2025,10,14
2025-10-14 22:15:00+00:00,4170.31,4174.25,4169.21,4171.42,42.8765,2025,10,14
2025-10-14 22:20:00+00:00,4171.41,4171.42,4167.03,4167.03,13.5986,2025,10,14
2025-10-14 22:25:00+00:00,4167.23,4167.66,4165.39,4166.15,18.4667,2025,10,14
2025-10-14 22:30:00+00:00,4166.14,4166.14,4163.18,4165.63,10.9619,2025,10,14
2025-10-14 22:35:00+00:00,4165.93,4172.32,4165.93,4171.56,14.2121,2025,10,14
2025-10-14 22:40:00+00:00,4171.56,4171.56,4169.7,4170.13,20.7068,2025,10,14
2025-10-14 22:45:00+00:00,4170.54,4173.25,4170.45,4173.24,28.8139,2025,10,14
2025-10-14 22:50:00+00:00,4173.25,4177.61,4173.24,4175.0,73.8424,2025,10,14
2025-10-14 22:55:00+00:00,4174.88,4174.88,4170.41,4171.62,50.1553,2025,10,14
2025-10-14 23:00:00+00:00,4171.61,4172.39,4169.0,4171.06,31.3189,2025,10,14
2025-10-14 23:05:00+00:00,4171.05,4174.0,4171.05,4173.27,16.3894,2025,10,14
2025-10-14 23:10:00+00:00,4173.27,4173.76,4171.53,4171.76,16.813,2025,10,14
2025-10-14 23:15:00+00:00,4171.77,4176.36,4171.77,4173.97,33.3821,2025,10,14
2025-10-14 23:20:00+00:00,4173.97,4174.29,4173.96,4174.29,8.3005,2025,10,14
2025-10-14 23:25:00+00:00,4174.3,4177.37,4174.3,4177.36,19.4695,2025,10,14
2025-10-14 23:30:00+00:00,4177.37,4178.98,4176.37,4177.08,76.73,2025,10,14
2025-10-14 23:35:00+00:00,4177.08,4180.01,4176.67,4180.0,121.0367,2025,10,14
2025-10-14 23:40:00+00:00,4180.0,4180.74,4177.74,4177.76,42.071,2025,10,14
2025-10-14 23:45:00+00:00,4177.75,4184.13,4177.75,4179.11,83.4684,2025,10,14
2025-10-14 23:50:00+00:00,4179.16,4181.62,4178.42,4181.13,45.5624,2025,10,14
2025-10-14 23:55:00+00:00,4181.13,4181.13,4176.7,4176.71,21.8375,2025,10,14
2025-10-15 00:00:00+00:00,4176.7,4181.32,4174.1,4181.31,53.6272,2025,10,15
2025-10-15 00:05:00+00:00,4181.32,4182.75,4179.98,4181.44,23.7039,2025,10,15
2025-10-15 00:10:00+00:00,4181.44,4183.45,4181.44,4183.45,16.2146,2025,10,15
2025-10-15 00:15:00+00:00,4183.45,4184.95,4182.01,4182.2,66.4879,2025,10,15
2025-10-15 00:20:00+00:00,4182.2,4182.7,4180.58,4180.59,40.3755,2025,10,15
2025-10-15 00:25:00+00:00,4180.58,4180.58,4170.81,4172.34,24.9344,2025,10,15
2025-10-15 00:30:00+00:00,4172.35,4176.0,4171.02,4173.75,41.7795,2025,10,15
2025-10-15 00:35:00+00:00,4173.75,4178.95,4173.75,4178.95,16.0208,2025,10,15
2025-10-15 00:40:00+00:00,4178.95,4183.03,4178.95,4181.61,37.3855,2025,10,15
2025-10-15 00:45:00+00:00,4181.76,4182.35,4177.41,4179.42,16.5152,2025,10,15
2025-10-15 00:50:00+00:00,4179.55,4179.8,4176.5,4176.83,22.9243,2025,10,15
2025-10-15 00:55:00+00:00,4176.83,4177.98,4176.5,4177.88,34.8602,2025,10,15
2025-10-15 01:00:00+00:00,4177.95,4187.85,4177.95,4187.84,88.2652,2025,10,15
2025-10-15 01:05:00+00:00,4187.84,4193.49,4187.52,4193.03,91.2324,2025,10,15
2025-10-15 01:10:00+00:00,4193.02,4200.0,4192.84,4195.48,141.8836,2025,10,15
2025-10-15 01:15:00+00:00,4195.49,4198.2,4193.37,4193.37,150.3709,2025,10,15
2025-10-15 01:20:00+00:00,4193.36,4198.97,4191.54,4198.97,57.281,2025,10,15
2025-10-15 01:25:00+00:00,4198.97,4204.01,4198.97,4201.5,143.3204,2025,10,15
2025-10-15 01:30:00+00:00,4201.5,4203.67,4201.5,4203.08,241.6301,2025,10,15
2025-10-15 01:35:00+00:00,4203.08,4203.1,4200.0,4200.0,128.6367,2025,10,15
2025-10-15 01:40:00+00:00,4200.01,4200.01,4193.4,4195.25,65.4658,2025,10,15
2025-10-15 01:45:00+00:00,4195.23,4197.68,4194.03,4196.98,21.9042,2025,10,15
2025-10-15 01:50:00+00:00,4196.97,4199.1,4195.62,4197.57,19.9957,2025,10,15
2025-10-15 01:55:00+00:00,4197.57,4198.98,4197.57,4198.98,17.3759,2025,10,15
2025-10-15 02:00:00+00:00,4198.98,4201.05,4198.49,4198.51,41.829,2025,10,15
2025-10-15 02:05:00+00:00,4198.51,4199.72,4197.14,4199.11,24.604,2025,10,15
2025-10-15 02:10:00+00:00,4199.11,4199.11,4194.99,4195.74,31.8014,2025,10,15
2025-10-15 02:15:00+00:00,4195.78,4199.44,4195.77,4198.44,29.5184,2025,10,15
2025-10-15 02:20:00+00:00,4198.43,4201.22,4198.41,4199.09,43.597,2025,10,15
2025-10-15 02:25:00+00:00,4199.09,4199.82,4197.0,4197.12,11.0912,2025,10,15
2025-10-15 02:30:00+00:00,4197.11,4197.11,4188.0,4188.09,126.4236,2025,10,15
2025-10-15 02:35:00+00:00,4188.1,4194.14,4188.09,4190.0,68.4907,2025,10,15
2025-10-15 02:40:00+00:00,4190.0,4192.58,4189.29,4191.68,24.4933,2025,10,15
2025-10-15 02:45:00+00:00,4191.68,4192.79,4188.0,4188.61,42.9487,2025,10,15
2025-10-15 02:50:00+00:00,4188.71,4195.18,4188.18,4194.0,32.8968,2025,10,15
2025-10-15 02:55:00+00:00,4194.0,4194.68,4190.0,4194.48,43.6208,2025,10,15
2025-10-15 03:00:00+00:00,4194.49,4195.78,4194.49,4194.65,19.141,2025,10,15
2025-10-15 03:05:00+00:00,4194.64,4198.06,4194.64,4198.05,14.9771,2025,10,15
2025-10-15 03:10:00+00:00,4198.05,4200.79,4198.05,4199.69,25.7588,2025,10,15
2025-10-15 03:15:00+00:00,4199.7,4201.06,4198.03,4199.43,23.5721,2025,10,15
2025-10-15 03:20:00+00:00,4199.42,4199.42,4197.42,4197.45,30.4612,2025,10,15
2025-10-15 03:25:00+00:00,4197.46,4201.25,4197.45,4200.75,16.1546,2025,10,15
2025-10-15 03:30:00+00:00,4200.75,4200.94,4199.0,4200.93,14.3703,2025,10,15
2025-10-15 03:35:00+00:00,4200.94,4200.94,4199.22,4199.92,13.7003,2025,10,15
2025-10-15 03:40:00+00:00,4199.92,4200.47,4199.92,4200.37,8.5679,2025,10,15
2025-10-15 03:45:00+00:00,4200.37,4204.85,4200.32,4203.02,81.8036,2025,10,15
2025-10-15 03:50:00+00:00,4203.01,4207.13,4203.01,4205.1,41.7877,2025,10,15
2025-10-15 03:55:00+00:00,4205.11,4206.43,4205.1,4205.24,28.716,2025,10,15
2025-10-15 04:00:00+00:00,4205.24,4205.25,4200.71,4203.01,51.5356,2025,10,15
2025-10-15 04:05:00+00:00,4203.19,4204.22,4203.18,4204.06,19.0101,2025,10,15
2025-10-15 04:10:00+00:00,4204.05,4208.37,4203.99,4205.74,85.8222,2025,10,15
2025-10-15 04:15:00+00:00,4205.74,4205.74,4202.48,4203.1,29.3223,2025,10,15
2025-10-15 04:20:00+00:00,4203.11,4203.11,4196.14,4196.14,67.7802,2025,10,15
2025-10-15 04:25:00+00:00,4196.14,4196.14,4191.24,4194.76,86.5907,2025,10,15
2025-10-15 04:30:00+00:00,4194.75,4195.66,4192.06,4192.28,25.5236,2025,10,15
2025-10-15 04:35:00+00:00,4192.27,4193.35,4191.73,4193.35,32.402,2025,10,15
2025-10-15 04:40:00+00:00,4193.46,4197.06,4193.46,4196.23,9.3828,2025,10,15
2025-10-15 04:45:00+00:00,4196.23,4196.86,4194.69,4194.73,6.0585,2025,10,15
2025-10-15 04:50:00+00:00,4194.75,4197.51,4194.75,4195.41,118.6523,2025,10,15
2025-10-15 04:55:00+00:00,4195.42,4196.61,4195.31,4195.78,27.1697,2025,10,15
2025-10-15 05:00:00+00:00,4195.78,4196.73,4193.71,4195.23,22.9301,2025,10,15
2025-10-15 05:05:00+00:00,4195.23,4199.0,4194.7,4198.99,31.799,2025,10,15
2025-10-15 05:10:00+00:00,4198.99,4203.41,4194.99,4203.41,174.7561,2025,10,15
2025-10-15 05:15:00+00:00,4203.41,4203.41,4192.99,4202.39,145.3541,2025,10,15
2025-10-15 05:20:00+00:00,4202.39,4204.81,4195.77,4204.22,199.2775,2025,10,15
2025-10-15 05:25:00+00:00,4204.22,4204.62,4203.1,4204.56,14.2977,2025,10,15
2025-10-15 05:30:00+00:00,4204.28,4204.69,4197.82,4199.38,24.9802,2025,10,15
2025-10-15 05:35:00+00:00,4199.38,4202.04,4198.27,4198.35,67.9237,2025,10,15
2025-10-15 05:40:00+00:00,4198.34,4204.19,4197.98,4201.8,24.7057,2025,10,15
2025-10-15 05:45:00+00:00,4201.61,4203.37,4201.34,4202.81,26.0234,2025,10,15
2025-10-15 05:50:00+00:00,4202.8,4204.81,4202.8,4204.4,18.5611,2025,10,15
2025-10-15 05:55:00+00:00,4204.41,4204.41,4198.64,4198.72,10.9845,2025,10,15
2025-10-15 06:00:00+00:00,4198.75,4201.3,4198.75,4201.29,29.5361,2025,10,15
2025-10-15 06:05:00+00:00,4201.29,4204.63,4201.29,4204.6,14.2296,2025,10,15
2025-10-15 06:10:00+00:00,4204.61,4208.48,4204.61,4208.48,84.2693,2025,10,15
2025-10-15 06:15:00+00:00,4208.5,4208.53,4203.3,4204.4,62.6757,2025,10,15
2025-10-15 06:20:00+00:00,4204.4,4208.99,4203.67,4207.56,72.8955,2025,10,15
2025-10-15 06:25:00+00:00,4207.57,4209.56,4205.87,4205.92,37.2802,2025,10,15
2025-10-15 06:30:00+00:00,4205.92,4205.92,4202.77,4205.05,53.8086,2025,10,15
2025-10-15 06:35:00+00:00,4205.05,4205.77,4205.05,4205.77,25.282,2025,10,15
2025-10-15 06:40:00+00:00,4205.78,4211.0,4205.78,4210.99,63.6428,2025,10,15
2025-10-15 06:45:00+00:00,4211.0,4215.61,4211.0,4214.58,27.5884,2025,10,15
2025-10-15 06:50:00+00:00,4214.47,4215.68,4212.38,4215.09,25.0807,2025,10,15
2025-10-15 06:55:00+00:00,4215.08,4217.93,4215.08,4217.93,30.8824,2025,10,15
2025-10-15 07:00:00+00:00,4217.93,4217.93,4214.46,4216.23,54.4026,2025,10,15
2025-10-15 07:05:00+00:00,4216.23,4217.78,4215.37,4216.25,79.9341,2025,10,15
2025-10-15 07:10:00+00:00,4216.25,4221.15,4216.25,4216.83,90.159,2025,10,15
2025-10-15 07:15:00+00:00,4216.83,4216.84,4211.02,4214.04,86.4564,2025,10,15
2025-10-15 07:20:00+00:00,4214.04,4215.07,4212.82,4215.06,32.1441,2025,10,15
2025-10-15 07:25:00+00:00,4215.06,4217.55,4210.06,4215.51,74.6,2025,10,15
2025-10-15 07:30:00+00:00,4215.51,4219.06,4215.5,4217.69,27.187,2025,10,15
2025-10-15 07:35:00+00:00,4217.69,4225.4,4216.87,4221.53,70.6921,2025,10,15
2025-10-15 07:40:00+00:00,4221.52,4225.99,4218.95,4223.52,56.6166,2025,10,15
2025-10-15 07:45:00+00:00,4223.52,4223.6,4222.4,4223.6,16.1977,2025,10,15
2025-10-15 07:50:00+00:00,4223.6,4223.61,4222.0,4222.62,25.8031,2025,10,15
2025-10-15 07:55:00+00:00,4222.81,4227.36,4222.81,4224.66,44.7135,2025,10,15
2025-10-15 08:00:00+00:00,4224.94,4227.2,4224.94,4227.2,28.7277,2025,10,15
2025-10-15 08:05:00+00:00,4227.2,4233.0,4227.08,4232.99,55.4869,2025,10,15
2025-10-15 08:10:00+00:00,4232.99,4239.54,4232.7,4233.0,81.592,2025,10,15
2025-10-15 08:15:00+00:00,4232.71,4236.93,4232.19,4236.28,38.279,2025,10,15
2025-10-15 08:20:00+00:00,4236.21,4240.29,4234.48,4235.05,81.29,2025,10,15
2025-10-15 08:25:00+00:00,4235.04,4235.04,4227.74,4228.04,49.9728,2025,10,15
2025-10-15 08:30:00+00:00,4228.05,4235.06,4228.04,4231.9,83.8033,2025,10,15
2025-10-15 08:35:00+00:00,4231.89,4232.95,4229.98,4232.95,44.0652,2025,10,15
2025-10-15 08:40:00+00:00,4233.07,4233.84,4232.55,4232.91,26.0443,2025,10,15
2025-10-15 08:45:00+00:00,4232.9,4233.62,4232.22,4232.89,23.3705,2025,10,15
2025-10-15 08:50:00+00:00,4232.88,4232.89,4231.22,4231.22,14.4579,2025,10,15
2025-10-15 08:55:00+00:00,4231.23,4231.23,4226.83,4226.84,74.2889,2025,10,15
2025-10-15 09:00:00+00:00,4226.66,4226.99,4223.94,4225.18,104.6172,2025,10,15
2025-10-15 09:05:00+00:00,4225.18,4227.7,4220.32,4221.72,38.3018,2025,10,15
2025-10-15 09:10:00+00:00,4221.71,4226.16,4219.15,4219.16,55.7404,2025,10,15
2025-10-15 09:15:00+00:00,4219.16,4220.13,4210.26,4210.3,58.7757,2025,10,15
2025-10-15 09:20:00+00:00,4210.29,4210.29,4188.0,4202.2,318.7623,2025,10,15
2025-10-15 09:25:00+00:00,4201.86,4211.64,4200.47,4207.91,62.3625,2025,10,15
2025-10-15 09:30:00+00:00,4207.9,4212.77,4206.29,4209.01,38.085,2025,10,15
2025-10-15 09:35:00+00:00,4209.0,4213.8,4208.09,4210.56,38.0804,2025,10,15
2025-10-15 09:40:00+00:00,4210.55,4213.95,4209.73,4212.49,53.5879,2025,10,15
2025-10-15 09:45:00+00:00,4212.48,4213.96,4208.34,4209.02,76.9177,2025,10,15
2025-10-15 09:50:00+00:00,4209.01,4212.13,4207.8,4208.84,81.6853,2025,10,15
2025-10-15 09:55:00+00:00,4208.95,4210.94,4208.53,4210.01,22.6983,2025,10,15
2025-10-15 10:00:00+00:00,4210.01,4212.39,4208.68,4209.46,72.8875,2025,10,15
2025-10-15 10:05:00+00:00,4209.36,4214.24,4208.93,4213.7,42.6482,2025,10,15
2025-10-15 10:10:00+00:00,4213.44,4214.88,4212.47,4214.18,51.9664,2025,10,15
2025-10-15 10:15:00+00:00,4214.18,4220.47,4214.18,4219.5,31.3475,2025,10,15
2025-10-15 10:20:00+00:00,4219.55,4221.83,4213.86,4215.23,31.472,2025,10,15
2025-10-15 10:25:00+00:00,4215.25,4225.01,4215.25,4220.37,255.5652,2025,10,15
2025-10-15 10:30:00+00:00,4220.38,4225.01,4220.0,4223.0,153.8374,2025,10,15
2025-10-15 10:35:00+00:00,4223.0,4226.0,4220.0,4225.0,258.4497,2025,10,15
2025-10-15 10:40:00+00:00,4225.0,4225.0,4220.0,4220.0,387.0918,2025,10,15
2025-10-15 10:45:00+00:00,4220.0,4220.83,4220.0,4220.11,226.9804,2025,10,15
2025-10-15 10:50:00+00:00,4220.11,4222.81,4220.0,4222.81,51.8328,2025,10,15
2025-10-15 10:55:00+00:00,4222.8,4224.65,4220.64,4224.65,125.3952,2025,10,15
2025-10-15 11:00:00+00:00,4224.65,4224.68,4221.2,4221.59,57.8063,2025,10,15
2025-10-15 11:05:00+00:00,4221.59,4224.32,4221.2,4224.31,47.0143,2025,10,15
2025-10-15 11:10:00+00:00,4224.31,4224.47,4222.64,4223.58,30.4863,2025,10,15
2025-10-15 11:15:00+00:00,4223.59,4224.0,4223.0,4223.81,113.787,2025,10,15
2025-10-15 11:20:00+00:00,4223.81,4224.77,4222.4,4223.91,43.6198,2025,10,15
2025-10-15 11:25:00+00:00,4223.92,4225.1,4222.29,4223.21,42.6657,2025,10,15
2025-10-15 11:30:00+00:00,4223.21,4223.6,4220.98,4220.98,75.1709,2025,10,15
2025-10-15 11:35:00+00:00,4220.98,4224.71,4220.0,4224.25,88.3689,2025,10,15
2025-10-15 11:40:00+00:00,4224.26,4227.14,4224.26,4226.0,191.7564,2025,10,15
2025-10-15 11:45:00+00:00,4226.0,4226.01,4225.0,4225.0,149.8959,2025,10,15
2025-10-15 11:50:00+00:00,4225.0,4225.01,4220.0,4222.03,193.1575,2025,10,15
2025-10-15 11:55:00+00:00,4222.03,4225.3,4222.03,4223.0,94.628,2025,10,15
2025-10-15 12:00:00+00:00,4223.0,4228.07,4223.0,4228.0,47.3571,2025,10,15
2025-10-15 12:05:00+00:00,4228.0,4228.88,4224.67,4224.8,62.0436,2025,10,15
2025-10-15 12:10:00+00:00,4224.79,4228.35,4221.38,4221.38,377.8307,2025,10,15
2025-10-15 12:15:00+00:00,4221.34,4221.63,4211.25,4221.5,116.1923,2025,10,15
2025-10-15 12:20:00+00:00,4221.5,4222.54,4214.9,4221.47,61.2894,2025,10,15
2025-10-15 12:25:00+00:00,4221.46,4222.55,4209.01,4209.02,98.4768,2025,10,15
2025-10-15 12:30:00+00:00,4209.02,4213.12,4205.61,4213.12,88.1905,2025,10,15
2025-10-15 12:35:00+00:00,4213.13,4215.07,4208.75,4210.48,93.8948,2025,10,15
2025-10-15 12:40:00+00:00,4210.48,4211.09,4208.07,4208.12,32.831,2025,10,15
2025-10-15 12:45:00+00:00,4208.11,4208.95,4200.76,4204.12,83.5839,2025,10,15
2025-10-15 12:50:00+00:00,4204.13,4210.77,4202.21,4209.58,92.5602,2025,10,15
2025-10-15 12:55:00+00:00,4209.5,4211.76,4207.83,4210.35,41.9037,2025,10,15
2025-10-15 13:00:00+00:00,4210.35,4210.85,4205.09,4208.66,60.0943,2025,10,15
2025-10-15 13:05:00+00:00,4208.54,4210.21,4205.62,4206.06,63.4796,2025,10,15
2025-10-15 13:10:00+00:00,4206.07,4215.15,4205.93,4212.46,83.4466,2025,10,15
2025-10-15 13:15:00+00:00,4212.46,4214.91,4211.8,4211.8,30.2233,2025,10,15
2025-10-15 13:20:00+00:00,4211.8,4211.8,4207.05,4208.68,30.1519,2025,10,15
2025-10-15 13:25:00+00:00,4208.98,4211.03,4208.95,4210.64,65.9219,2025,10,15
2025-10-15 13:30:00+00:00,4210.63,4211.76,4202.16,4204.1,83.2106,2025,10,15
2025-10-15 13:35:00+00:00,4204.11,4209.0,4202.42,4208.69,82.303,2025,10,15
2025-10-15 13:40:00+00:00,4208.69,4215.42,4208.69,4211.59,72.6599,2025,10,15
2025-10-15 13:45:00+00:00,4211.59,4213.06,4205.78,4211.28,64.0084,2025,10,15
2025-10-15 13:50:00+00:00,4211.28,4214.47,4209.02,4213.01,81.1257,2025,10,15
2025-10-15 13:55:00+00:00,4213.0,4213.0,4210.56,4211.13,53.1949,2025,10,15
2025-10-15 14:00:00+00:00,4211.12,4222.0,4210.56,4219.87,118.0042,2025,10,15
2025-10-15 14:05:00+00:00,4219.78,4223.6,4219.0,4222.77,37.6967,2025,10,15
2025-10-15 14:10:00+00:00,4222.99,4229.89,4222.25,4228.06,110.6498,2025,10,15
2025-10-15 14:15:00+00:00,4228.06,4228.14,4223.41,4228.14,52.2094,2025,10,15
2025-10-15 14:20:00+00:00,4228.13,4229.98,4225.97,4228.08,30.0723,2025,10,15
2025-10-15 14:25:00+00:00,4227.9,4227.91,4224.59,4226.46,45.5207,2025,10,15
2025-10-15 14:30:00+00:00,4226.45,4226.78,4222.28,4222.28,115.934,2025,10,15
2025-10-15 14:35:00+00:00,4222.08,4222.22,4216.54,4217.0,54.1489,2025,10,15
2025-10-15 14:40:00+00:00,4217.17,4220.73,4214.81,4218.79,106.443,2025,10,15
2025-10-15 14:45:00+00:00,4218.8,4223.0,4217.63,4220.99,124.4855,2025,10,15
2025-10-15 14:50:00+00:00,4220.99,4221.14,4215.35,4215.35,66.5347,2025,10,15
2025-10-15 14:55:00+00:00,4215.27,4219.47,4212.69,4219.47,54.784,2025,10,15
2025-10-15 15:00:00+00:00,4219.47,4220.85,4214.39,4215.46,62.7236,2025,10,15
2025-10-15 15:05:00+00:00,4215.52,4220.26,4215.02,4220.24,43.4816,2025,10,15
2025-10-15 15:10:00+00:00,4220.24,4220.25,4215.42,4219.04,35.0013,2025,10,15
2025-10-15 15:15:00+00:00,4219.03,4220.39,4217.6,4219.95,61.2839,2025,10,15
2025-10-15 15:20:00+00:00,4220.17,4220.39,4217.6,4219.4,41.6674,2025,10,15
2025-10-15 15:25:00+00:00,4219.39,4222.0,4219.39,4220.33,111.2892,2025,10,15
2025-10-15 15:30:00+00:00,4220.33,4220.6,4209.0,4211.05,90.5751,2025,10,15
2025-10-15 15:35:00+00:00,4211.05,4212.72,4205.53,4211.1,157.4445,2025,10,15
2025-10-15 15:40:00+00:00,4211.1,4216.52,4209.89,4216.52,38.92,2025,10,15
2025-10-15 15:45:00+00:00,4216.53,4221.08,4212.0,4212.0,43.6465,2025,10,15
2025-10-15 15:50:00+00:00,4212.0,4212.06,4203.51,4210.5,43.7324,2025,10,15
2025-10-15 15:55:00+00:00,4210.57,4214.41,4207.92,4211.71,39.5349,2025,10,15
2025-10-15 16:00:00+00:00,4211.71,4212.96,4207.73,4212.96,70.3356,2025,10,15
2025-10-15 16:05:00+00:00,4212.96,4214.6,4208.49,4212.32,50.1476,2025,10,15
2025-10-15 16:10:00+00:00,4212.32,4212.32,4206.16,4210.34,52.5556,2025,10,15
2025-10-15 16:15:00+00:00,4210.34,4215.0,4210.34,4213.56,47.7835,2025,10,15
2025-10-15 16:20:00+00:00,4213.09,4217.0,4212.07,4217.0,31.6791,2025,10,15
2025-10-15 16:25:00+00:00,4216.99,4217.16,4213.56,4214.62,25.1256,2025,10,15
2025-10-15 16:30:00+00:00,4214.24,4216.1,4211.24,4213.24,23.5369,2025,10,15
2025-10-15 16:35:00+00:00,4213.23,4213.31,4207.53,4208.59,25.4767,2025,10,15
2025-10-15 16:40:00+00:00,4208.58,4212.94,4208.19,4212.41,39.7457,2025,10,15
2025-10-15 16:45:00+00:00,4212.4,4214.47,4209.85,4213.71,42.9271,2025,10,15
2025-10-15 16:50:00+00:00,4213.71,4214.38,4211.43,4211.81,26.6762,2025,10,15
2025-10-15 16:55:00+00:00,4211.81,4215.76,4211.28,4215.49,28.7037,2025,10,15
2025-10-15 17:00:00+00:00,4215.49,4215.97,4212.84,4214.33,45.7667,2025,10,15
2025-10-15 17:05:00+00:00,4214.33,4215.9,4211.72,4212.97,31.0165,2025,10,15
2025-10-15 17:10:00+00:00,4212.96,4212.96,4205.13,4208.02,182.6109,2025,10,15
2025-10-15 17:15:00+00:00,4206.94,4218.0,4206.8,4212.06,92.4692,2025,10,15
2025-10-15 17:20:00+00:00,4212.05,4215.22,4208.47,4209.03,31.7409,2025,10,15
2025-10-15 17:25:00+00:00,4209.03,4210.99,4205.06,4208.91,26.135,2025,10,15
2025-10-15 17:30:00+00:00,4208.91,4212.02,4207.15,4209.73,23.5797,2025,10,15
2025-10-15 17:35:00+00:00,4209.7,4212.35,4209.01,4211.81,23.8966,2025,10,15
2025-10-15 17:40:00+00:00,4211.81,4213.27,4210.94,4213.26,13.8671,2025,10,15
2025-10-15 17:45:00+00:00,4213.26,4217.64,4213.26,4215.35,36.8199,2025,10,15
2025-10-15 17:50:00+00:00,4215.35,4217.5,4214.46,4217.5,12.4258,2025,10,15
2025-10-15 17:55:00+00:00,4217.49,4218.6,4216.69,4218.6,14.0796,2025,10,15
2025-10-15 18:00:00+00:00,4218.6,4221.48,4218.1,4221.29,53.4172,2025,10,15
2025-10-15 18:05:00+00:00,4221.3,4224.33,4217.67,4222.36,110.6037,2025,10,15
2025-10-15 18:10:00+00:00,4222.35,4223.54,4219.3,4221.03,35.444,2025,10,15
2025-10-15 18:15:00+00:00,4221.04,4227.93,4209.47,4217.73,611.3951,2025,10,15
2025-10-15 18:20:00+00:00,4218.18,4219.46,4216.54,4217.82,37.9535,2025,10,15
2025-10-15 18:25:00+00:00,4218.13,4220.95,4216.78,4216.99,34.8322,2025,10,15
2025-10-15 18:30:00+00:00,4216.98,4219.31,4216.98,4217.96,36.8796,2025,10,15
2025-10-15 18:35:00+00:00,4217.96,4218.94,4216.38,4218.02,34.6694,2025,10,15
2025-10-15 18:40:00+00:00,4218.02,4218.9,4216.41,4218.48,30.2633,2025,10,15
2025-10-15 18:45:00+00:00,4218.47,4218.47,4215.49,4215.49,24.2824,2025,10,15
2025-10-15 18:50:00+00:00,4215.49,4219.34,4215.49,4218.09,23.1076,2025,10,15
2025-10-15 18:55:00+00:00,4218.1,4220.89,4217.95,4220.0,21.0607,2025,10,15
2025-10-15 19:00:00+00:00,4220.01,4223.25,4219.09,4223.25,11.2237,2025,10,15
2025-10-15 19:05:00+00:00,4223.24,4224.28,4221.97,4223.44,37.4603,2025,10,15
2025-10-15 19:10:00+00:00,4223.44,4225.05,4223.44,4225.05,10.294,2025,10,15
2025-10-15 19:15:00+00:00,4225.04,4229.99,4225.04,4229.99,93.2781,2025,10,15
2025-10-15 19:20:00+00:00,4230.0,4230.7,4226.85,4229.47,39.4415,2025,10,15
2025-10-15 19:25:00+00:00,4229.48,4230.8,4228.21,4229.99,28.3136,2025,10,15
2025-10-15 19:30:00+00:00,4229.98,4230.0,4229.54,4230.0,39.3957,2025,10,15
2025-10-15 19:35:00+00:00,4230.0,4230.0,4224.97,4226.04,152.22,2025,10,15
2025-10-15 19:40:00+00:00,4226.03,4228.99,4224.94,4226.66,75.7267,2025,10,15
2025-10-15 19:45:00+00:00,4226.66,4231.65,4226.66,4231.65,12.9699,2025,10,15
2025-10-15 19:50:00+00:00,4231.65,4231.65,4228.56,4231.17,22.5065,2025,10,15
2025-10-15 19:55:00+00:00,4231.17,4231.81,4230.6,4230.95,87.21,2025,10,15
2025-10-15 20:00:00+00:00,4230.95,4235.47,4229.55,4234.2,135.8101,2025,10,15
2025-10-15 20:05:00+00:00,4234.2,4235.0,4233.23,4233.61,32.1835,2025,10,15
2025-10-15 20:10:00+00:00,4233.6,4234.75,4231.71,4232.19,99.2042,2025,10,15
2025-10-15 20:15:00+00:00,4232.19,4233.34,4231.24,4231.59,72.2927,2025,10,15
2025-10-15 20:20:00+00:00,4231.59,4233.58,4230.2,4233.4,127.7477,2025,10,15
2025-10-15 20:25:00+00:00,4233.4,4233.54,4230.78,4231.48,45.9886,2025,10,15
2025-10-15 20:30:00+00:00,4231.0,4231.32,4230.37,4230.69,37.412,2025,10,15
2025-10-15 20:35:00+00:00,4230.68,4234.99,4230.25,4234.97,35.6379,2025,10,15
2025-10-15 20:40:00+00:00,4234.97,4235.86,4233.86,4235.33,59.0683,2025,10,15
2025-10-15 20:45:00+00:00,4235.34,4235.5,4234.0,4234.66,24.3075,2025,10,15
2025-10-15 20:50:00+00:00,4234.66,4234.66,4231.88,4232.5,17.5003,2025,10,15
2025-10-15 20:55:00+00:00,4232.49,4233.85,4231.48,4232.04,17.4602,2025,10,15
2025-10-15 21:00:00+00:00,4232.04,4234.25,4232.04,4234.24,19.5858,2025,10,15
2025-10-15 21:05:00+00:00,4234.24,4235.67,4232.76,4234.29,53.9194,2025,10,15
2025-10-15 21:10:00+00:00,4234.29,4234.29,4231.01,4231.02,29.1164,2025,10,15
2025-10-15 21:15:00+00:00,4231.01,4235.69,4230.86,4235.69,23.1111,2025,10,15
2025-10-15 21:20:00+00:00,4235.69,4236.6,4235.52,4236.57,32.514,2025,10,15
2025-10-15 21:25:00+00:00,4236.57,4237.27,4236.57,4237.26,4.8195,2025,10,15
2025-10-15 21:30:00+00:00,4237.27,4238.62,4236.58,4236.8,39.4363,2025,10,15
2025-10-15 21:35:00+00:00,4236.8,4236.8,4233.09,4233.1,24.6747,2025,10,15
2025-10-15 21:40:00+00:00,4233.09,4233.09,4231.11,4231.24,19.9714,2025,10,15
2025-10-15 21:45:00+00:00,4231.24,4232.15,4231.0,4232.15,21.6481,2025,10,15
2025-10-15 21:50:00+00:00,4232.15,4235.11,4232.14,4233.79,58.751,2025,10,15
2025-10-15 21:55:00+00:00,4233.8,4236.64,4233.79,4235.98,53.2997,2025,10,15
2025-10-15 22:00:00+00:00,4235.62,4238.89,4235.58,4238.89,20.6706,2025,10,15
2025-10-15 22:05:00+00:00,4238.89,4239.04,4235.79,4235.81,162.6437,2025,10,15
2025-10-15 22:10:00+00:00,4235.8,4236.2,4232.81,4234.25,32.5315,2025,10,15
2025-10-15 22:15:00+00:00,4234.01,4235.0,4219.82,4233.77,124.0256,2025,10,15
2025-10-15 22:20:00+00:00,4233.76,4238.61,4233.76,4235.9,33.7103,2025,10,15
2025-10-15 22:25:00+00:00,4235.89,4237.01,4234.12,4237.0,15.993,2025,10,15
2025-10-15 22:30:00+00:00,4237.14,4240.0,4235.31,4238.63,35.8673,2025,10,15
2025-10-15 22:35:00+00:00,4238.63,4241.56,4238.47,4241.31,29.6699,2025,10,15
2025-10-15 22:40:00+00:00,4241.3,4242.49,4241.3,4242.49,14.4489,2025,10,15
2025-10-15 22:45:00+00:00,4242.49,4242.96,4238.82,4239.56,32.2973,2025,10,15
2025-10-15 22:50:00+00:00,4239.56,4242.93,4239.26,4242.93,15.2749,2025,10,15
2025-10-15 22:55:00+00:00,4242.92,4247.41,4242.18,4242.18,105.27,2025,10,15
2025-10-15 23:00:00+00:00,4243.04,4244.11,4238.89,4239.88,82.8416,2025,10,15
2025-10-15 23:05:00+00:00,4239.88,4240.82,4236.94,4236.99,43.9904,2025,10,15
2025-10-15 23:10:00+00:00,4237.1,4241.69,4237.1,4239.47,30.126,2025,10,15
2025-10-15 23:15:00+00:00,4239.48,4242.13,4239.48,4240.64,32.4491,2025,10,15
2025-10-15 23:20:00+00:00,4240.64,4242.07,4240.4,4241.36,23.3043,2025,10,15
2025-10-15 23:25:00+00:00,4241.36,4243.31,4241.36,4243.31,42.5136,2025,10,15
2025-10-15 23:30:00+00:00,4243.31,4243.36,4242.0,4242.01,44.3006,2025,10,15
2025-10-15 23:35:00+00:00,4242.0,4245.15,4241.99,4241.99,88.8253,2025,10,15
2025-10-15 23:40:00+00:00,4241.99,4245.18,4239.36,4242.27,108.8146,2025,10,15
2025-10-15 23:45:00+00:00,4242.28,4243.53,4239.39,4240.23,82.1264,2025,10,15
2025-10-15 23:50:00+00:00,4240.22,4240.22,4236.36,4238.2,58.223,2025,10,15
2025-10-15 23:55:00+00:00,4238.46,4239.7,4237.59,4238.42,22.2911,2025,10,15
2025-10-16 00:00:00+00:00,4238.42,4239.5,4235.66,4235.67,53.0369,2025,10,16
2025-10-16 00:05:00+00:00,4235.66,4239.62,4235.66,4239.19,27.3272,2025,10,16
2025-10-16 00:10:00+00:00,4239.18,4242.51,4238.67,4242.33,42.4843,2025,10,16
2025-10-16 00:15:00+00:00,4242.33,4247.37,4242.33,4247.0,87.9153,2025,10,16
2025-10-16 00:20:00+00:00,4247.0,4248.0,4246.13,4248.0,110.0256,2025,10,16
2025-10-16 00:25:00+00:00,4248.0,4260.28,4247.99,4260.28,478.3512,2025,10,16
2025-10-16 00:30:00+00:00,4260.28,4266.31,4260.0,4260.31,126.525,2025,10,16
2025-10-16 00:35:00+00:00,4260.3,4263.35,4259.66,4263.35,66.2695,2025,10,16
2025-10-16 00:40:00+00:00,4263.35,4266.3,4261.5,4262.32,79.0326,2025,10,16
2025-10-16 00:45:00+00:00,4262.32,4262.32,4257.0,4257.45,41.8227,2025,10,16
2025-10-16 00:50:00+00:00,4257.45,4257.46,4251.86,4253.3,75.9445,2025,10,16
2025-10-16 00:55:00+00:00,4253.87,4274.0,4250.65,4250.65,317.6827,2025,10,16
2025-10-16 01:00:00+00:00,4250.65,4255.84,4248.3,4250.84,71.33,2025,10,16
2025-10-16 01:05:00+00:00,4251.74,4259.92,4251.74,4257.15,42.9389,2025,10,16
2025-10-16 01:10:00+00:00,4257.14,4262.82,4254.38,4260.02,40.5962,2025,10,16
2025-10-16 01:15:00+00:00,4260.01,4264.54,4258.88,4261.72,38.4836,2025,10,16
2025-10-16 01:20:00+00:00,4261.73,4261.73,4258.13,4258.91,21.7492,2025,10,16
2025-10-16 01:25:00+00:00,4258.92,4266.04,4258.92,4264.21,52.7862,2025,10,16
2025-10-16 01:30:00+00:00,4264.2,4264.21,4261.33,4261.8,20.3013,2025,10,16
2025-10-16 01:35:00+00:00,4261.8,4266.86,4261.79,4263.4,18.5394,2025,10,16
2025-10-16 01:40:00+00:00,4263.41,4267.35,4263.41,4266.61,16.5002,2025,10,16
2025-10-16 01:45:00+00:00,4266.61,4266.61,4260.5,4262.38,77.7447,2025,10,16
2025-10-16 01:50:00+00:00,4262.38,4263.73,4260.09,4262.33,56.0144,2025,10,16
2025-10-16 01:55:00+00:00,4262.33,4262.79,4257.93,4258.94,61.0133,2025,10,16
2025-10-16 02:00:00+00:00,4258.94,4260.4,4257.94,4257.95,60.6532,2025,10,16
2025-10-16 02:05:00+00:00,4257.96,4260.22,4257.39,4258.5,54.8125,2025,10,16
2025-10-16 02:10:00+00:00,4258.5,4259.48,4253.12,4256.5,89.5795,2025,10,16
2025-10-16 02:15:00+00:00,4256.5,4257.86,4255.32,4256.36,64.4142,2025,10,16
2025-10-16 02:20:00+00:00,4256.36,4263.61,4256.2,4260.3,88.7312,2025,10,16
2025-10-16 02:25:00+00:00,4260.3,4260.31,4257.61,4257.62,40.4938,2025,10,16
2025-10-16 02:30:00+00:00,4257.62,4257.62,4252.94,4255.19,86.788,2025,10,16
2025-10-16 02:35:00+00:00,4255.18,4257.42,4254.38,4256.69,30.106,2025,10,16
2025-10-16 02:40:00+00:00,4256.69,4260.09,4256.13,4259.2,54.3292,2025,10,16
2025-10-16 02:45:00+00:00,4259.2,4259.59,4256.89,4258.2,35.4041,2025,10,16
2025-10-16 02:50:00+00:00,4258.2,4264.11,4258.2,4260.0,60.5764,2025,10,16
2025-10-16 02:55:00+00:00,4260.0,4264.32,4259.79,4262.3,46.8899,2025,10,16
2025-10-16 03:00:00+00:00,4262.29,4263.54,4261.56,4262.11,30.2962,2025,10,16
2025-10-16 03:05:00+00:00,4262.1,4265.28,4262.1,4264.58,40.2387,2025,10,16
2025-10-16 03:10:00+00:00,4264.57,4265.41,4260.52,4262.01,41.3681,2025,10,16
2025-10-16 03:15:00+00:00,4262.0,4264.2,4260.98,4261.09,52.9645,2025,10,16
2025-10-16 03:20:00+00:00,4261.1,4261.81,4256.69,4258.34,118.3582,2025,10,16
2025-10-16 03:25:00+00:00,4258.34,4260.73,4256.98,4258.9,36.2803,2025,10,16
2025-10-16 03:30:00+00:00,4258.04,4258.36,4255.0,4256.0,38.1562,2025,10,16
2025-10-16 03:35:00+00:00,4255.99,4256.0,4253.16,4254.2,43.0906,2025,10,16
2025-10-16 03:40:00+00:00,4254.2,4257.61,4253.0,4255.43,41.3494,2025,10,16
2025-10-16 03:45:00+00:00,4255.43,4256.13,4254.34,4255.14,24.9214,2025,10,16
2025-10-16 03:50:00+00:00,4255.15,4257.61,4255.14,4257.21,35.8405,2025,10,16
2025-10-16 03:55:00+00:00,4257.2,4264.14,4257.18,4261.56,203.9171,2025,10,16
2025-10-16 04:00:00+00:00,4261.65,4261.65,4256.69,4259.78,45.3419,2025,10,16
2025-10-16 04:05:00+00:00,4259.78,4259.96,4257.74,4259.65,53.7514,2025,10,16
2025-10-16 04:10:00+00:00,4259.65,4260.03,4258.48,4258.89,108.4375,2025,10,16
2025-10-16 04:15:00+00:00,4258.88,4260.14,4258.01,4259.19,77.4139,2025,10,16
2025-10-16 04:20:00+00:00,4260.0,4262.08,4259.88,4261.09,62.169,2025,10,16
2025-10-16 04:25:00+00:00,4261.34,4262.4,4260.28,4260.28,56.305,2025,10,16
2025-10-16 04:30:00+00:00,4260.28,4260.69,4258.2,4259.73,118.338,2025,10,16
2025-10-16 04:35:00+00:00,4259.73,4259.85,4257.46,4257.87,95.4045,2025,10,16
2025-10-16 04:40:00+00:00,4257.88,4261.54,4252.99,4253.78,218.8221,2025,10,16
2025-10-16 04:45:00+00:00,4253.79,4254.03,4252.0,4252.13,103.4286,2025,10,16
2025-10-16 04:50:00+00:00,4252.13,4252.13,4250.12,4250.95,102.0466,2025,10,16
2025-10-16 04:55:00+00:00,4250.95,4256.17,4250.95,4253.98,228.958,2025,10,16
2025-10-16 05:00:00+00:00,4253.99,4255.25,4250.87,4252.32,70.4929,2025,10,16
2025-10-16 05:05:00+00:00,4252.32,4253.33,4248.68,4253.15,102.0234,2025,10,16
2025-10-16 05:10:00+00:00,4253.15,4255.0,4248.1,4248.68,33.47,2025,10,16
2025-10-16 05:15:00+00:00,4248.7,4251.95,4247.0,4247.0,51.2513,2025,10,16
2025-10-16 05:20:00+00:00,4247.0,4247.17,4244.01,4245.47,37.7365,2025,10,16
2025-10-16 05:25:00+00:00,4245.47,4246.16,4245.0,4245.16,34.0375,2025,10,16
2025-10-16 05:30:00+00:00,4245.15,4245.15,4228.2,4234.66,151.9971,2025,10,16
2025-10-16 05:35:00+00:00,4234.65,4239.45,4228.49,4233.49,99.1358,2025,10,16
2025-10-16 05:40:00+00:00,4233.49,4236.64,4230.07,4234.09,82.0272,2025,10,16
2025-10-16 05:45:00+00:00,4235.31,4235.31,4226.02,4230.69,206.9294,2025,10,16
2025-10-16 05:50:00+00:00,4230.69,4231.64,4228.36,4229.0,25.8232,2025,10,16
2025-10-16 05:55:00+00:00,4229.0,4230.17,4225.28,4226.56,76.7676,2025,10,16
2025-10-16 06:00:00+00:00,4226.57,4236.77,4226.56,4236.3,70.162,2025,10,16
2025-10-16 06:05:00+00:00,4236.32,4243.0,4235.75,4238.4,80.573,2025,10,16
2025-10-16 06:10:00+00:00,4238.4,4243.32,4236.39,4240.6,40.0878,2025,10,16
2025-10-16 06:15:00+00:00,4240.6,4245.9,4239.0,4240.81,171.0419,2025,10,16
2025-10-16 06:20:00+00:00,4241.48,4242.38,4238.9,4241.08,62.0071,2025,10,16
2025-10-16 06:25:00+00:00,4241.08,4242.0,4238.91,4240.05,25.0268,2025,10,16
2025-10-16 06:30:00+00:00,4240.05,4242.5,4238.14,4238.73,21.217,2025,10,16
2025-10-16 06:35:00+00:00,4238.73,4242.05,4238.72,4240.31,28.3496,2025,10,16
2025-10-16 06:40:00+00:00,4240.31,4240.33,4231.98,4233.34,267.9782,2025,10,16
2025-10-16 06:45:00+00:00,4233.34,4235.45,4230.0,4231.98,132.3322,2025,10,16
2025-10-16 06:50:00+00:00,4231.98,4236.89,4230.1,4235.91,60.9126,2025,10,16
2025-10-16 06:55:00+00:00,4235.92,4237.93,4233.13,4237.92,23.6145,2025,10,16
2025-10-16 07:00:00+00:00,4237.93,4242.55,4237.92,4241.67,37.307,2025,10,16
2025-10-16 07:05:00+00:00,4241.67,4244.92,4241.06,4244.91,15.156,2025,10,16
2025-10-16 07:10:00+00:00,4244.92,4248.5,4243.44,4247.3,145.0652,2025,10,16
2025-10-16 07:15:00+00:00,4247.31,4250.55,4244.49,4249.06,39.9775,2025,10,16
2025-10-16 07:20:00+00:00,4249.07,4249.93,4246.85,4248.03,36.6671,2025,10,16
2025-10-16 07:25:00+00:00,4248.03,4250.48,4244.0,4250.48,182.1172,2025,10,16
2025-10-16 07:30:00+00:00,4250.47,4250.47,4247.92,4248.2,33.7072,2025,10,16
2025-10-16 07:35:00+00:00,4248.19,4248.52,4245.35,4245.35,35.1956,2025,10,16
2025-10-16 07:40:00+00:00,4245.34,4248.07,4245.0,4248.07,49.1785,2025,10,16
2025-10-16 07:45:00+00:00,4248.07,4250.11,4247.89,4247.89,27.5221,2025,10,16
2025-10-16 07:50:00+00:00,4247.88,4247.88,4237.72,4246.27,118.6581,2025,10,16
2025-10-16 07:55:00+00:00,4246.44,4246.92,4243.24,4246.92,31.8482,2025,10,16
2025-10-16 08:00:00+00:00,4246.91,4253.59,4246.87,4250.82,62.1401,2025,10,16
2025-10-16 08:05:00+00:00,4250.82,4256.15,4248.39,4252.07,49.7321,2025,10,16
2025-10-16 08:10:00+00:00,4252.06,4252.79,4250.64,4250.65,10.0202,2025,10,16
2025-10-16 08:15:00+00:00,4250.64,4251.26,4250.64,4251.23,11.5138,2025,10,16
2025-10-16 08:20:00+00:00,4251.23,4254.26,4251.23,4253.51,14.6633,2025,10,16
2025-10-16 08:25:00+00:00,4253.51,4253.51,4250.83,4250.84,20.3682,2025,10,16
2025-10-16 08:30:00+00:00,4250.84,4251.72,4250.0,4251.29,38.193,2025,10,16
2025-10-16 08:35:00+00:00,4251.29,4251.32,4248.0,4248.01,30.9678,2025,10,16
2025-10-16 08:40:00+00:00,4248.0,4250.62,4248.0,4249.68,30.7088,2025,10,16
2025-10-16 08:45:00+00:00,4249.67,4252.02,4247.02,4247.03,38.2193,2025,10,16
2025-10-16 08:50:00+00:00,4247.02,4248.94,4246.8,4248.92,23.7618,2025,10,16
2025-10-16 08:55:00+00:00,4248.92,4248.93,4248.14,4248.41,59.2836,2025,10,16
2025-10-16 09:00:00+00:00,4248.41,4250.7,4248.34,4249.84,17.5182,2025,10,16
2025-10-16 09:05:00+00:00,4249.85,4249.85,4246.04,4248.45,50.8076,2025,10,16
2025-10-16 09:10:00+00:00,4248.46,4248.46,4245.46,4246.35,23.1792,2025,10,16
2025-10-16 09:15:00+00:00,4246.34,4246.53,4244.47,4245.73,31.0949,2025,10,16
2025-10-16 09:20:00+00:00,4245.74,4245.74,4244.42,4244.92,28.6333,2025,10,16
2025-10-16 09:25:00+00:00,4244.92,4245.81,4236.6,4237.41,64.5529,2025,10,16
2025-10-16 09:30:00+00:00,4237.41,4241.47,4236.2,4239.72,125.6605,2025,10,16
2025-10-16 09:35:00+00:00,4239.71,4241.91,4237.55,4241.33,39.9655,2025,10,16
2025-10-16 09:40:00+00:00,4241.33,4243.54,4236.52,4242.81,77.1553,2025,10,16
2025-10-16 09:45:00+00:00,4242.81,4245.27,4242.52,4244.71,43.0837,2025,10,16
2025-10-16 09:50:00+00:00,4244.91,4249.81,4241.77,4249.7,49.2647,2025,10,16
2025-10-16 09:55:00+00:00,4249.71,4256.65,4249.7,4254.0,34.74,2025,10,16
2025-10-16 10:00:00+00:00,4254.26,4260.82,4253.66,4254.59,98.6887,2025,10,16
2025-10-16 10:05:00+00:00,4253.69,4257.0,4252.68,4254.34,38.5986,2025,10,16
2025-10-16 10:10:00+00:00,4254.34,4255.15,4251.66,4254.99,46.7506,2025,10,16
2025-10-16 10:15:00+00:00,4255.0,4257.59,4253.57,4254.92,47.51,2025,10,16
2025-10-16 10:20:00+00:00,4254.93,4256.29,4251.51,4251.51,26.4115,2025,10,16
2025-10-16 10:25:00+00:00,4251.5,4254.35,4251.0,4252.01,20.4156,2025,10,16
2025-10-16 10:30:00+00:00,4252.0,4253.14,4249.9,4252.01,18.3552,2025,10,16
2025-10-16 10:35:00+00:00,4252.0,4253.57,4250.52,4252.33,19.302,2025,10,16
2025-10-16 10:40:00+00:00,4252.32,4254.77,4251.44,4254.77,18.801,2025,10,16
2025-10-16 10:45:00+00:00,4254.77,4256.76,4253.79,4256.76,11.216,2025,10,16
2025-10-16 10:50:00+00:00,4256.75,4257.77,4255.15,4256.42,18.8595,2025,10,16
2025-10-16 10:55:00+00:00,4256.43,4259.97,4256.09,4259.65,14.9534,2025,10,16
2025-10-16 11:00:00+00:00,4259.64,4259.65,4256.0,4256.16,40.397,2025,10,16
2025-10-16 11:05:00+00:00,4256.55,4259.93,4256.55,4258.71,11.585,2025,10,16
2025-10-16 11:10:00+00:00,4258.72,4260.33,4257.12,4258.23,23.6784,2025,10,16
2025-10-16 11:15:00+00:00,4258.22,4263.08,4258.22,4261.14,60.3665,2025,10,16
2025-10-16 11:20:00+00:00,4261.15,4263.09,4260.66,4261.72,19.4288,2025,10,16
2025-10-16 11:25:00+00:00,4261.72,4263.29,4261.07,4261.42,20.3646,2025,10,16
2025-10-16 11:30:00+00:00,4261.41,4263.88,4259.9,4261.57,55.6088,2025,10,16
2025-10-16 11:35:00+00:00,4261.58,4263.39,4259.37,4262.51,25.4654,2025,10,16
2025-10-16 11:40:00+00:00,4262.52,4266.13,4262.51,4264.26,21.4936,2025,10,16
2025-10-16 11:45:00+00:00,4264.27,4265.01,4262.0,4262.0,46.8117,2025,10,16
2025-10-16 11:50:00+00:00,4262.0,4263.8,4260.4,4261.3,54.7613,2025,10,16
2025-10-16 11:55:00+00:00,4261.95,4263.42,4258.47,4258.48,29.9717,2025,10,16
2025-10-16 12:00:00+00:00,4258.47,4261.08,4255.3,4258.94,59.5623,2025,10,16
2025-10-16 12:05:00+00:00,4258.94,4261.51,4255.95,4260.83,49.3021,2025,10,16
2025-10-16 12:10:00+00:00,4260.17,4261.79,4259.98,4260.71,38.3211,2025,10,16
2025-10-16 12:15:00+00:00,4260.71,4261.43,4258.16,4258.17,19.4786,2025,10,16
2025-10-16 12:20:00+00:00,4258.19,4259.0,4255.57,4255.8,19.036,2025,10,16
2025-10-16 12:25:00+00:00,4255.8,4255.99,4253.11,4254.93,73.6655,2025,10,16
2025-10-16 12:30:00+00:00,4254.93,4262.76,4254.15,4260.64,74.5847,2025,10,16
2025-10-16 12:35:00+00:00,4260.65,4265.92,4249.23,4254.12,83.337,2025,10,16
2025-10-16 12:40:00+00:00,4253.48,4255.17,4246.18,4253.16,84.3833,2025,10,16
2025-10-16 12:45:00+00:00,4253.0,4255.06,4249.37,4254.52,38.7429,2025,10,16
2025-10-16 12:50:00+00:00,4254.51,4255.51,4250.75,4253.43,14.041,2025,10,16
2025-10-16 12:55:00+00:00,4253.43,4254.38,4248.01,4250.27,42.7473,2025,10,16
2025-10-16 13:00:00+00:00,4250.14,4258.66,4249.95,4255.55,65.5704,2025,10,16
2025-10-16 13:05:00+00:00,4256.0,4258.6,4254.69,4255.97,51.3487,2025,10,16
2025-10-16 13:10:00+00:00,4255.98,4259.81,4255.01,4257.29,57.6287,2025,10,16
2025-10-16 13:15:00+00:00,4257.29,4262.18,4257.29,4262.17,92.9871,2025,10,16
2025-10-16 13:20:00+00:00,4262.18,4268.86,4261.97,4267.99,171.0599,2025,10,16
2025-10-16 13:25:00+00:00,4268.0,4268.29,4261.58,4265.94,69.5594,2025,10,16
2025-10-16 13:30:00+00:00,4265.94,4266.36,4260.52,4262.99,20.3384,2025,10,16
2025-10-16 13:35:00+00:00,4261.89,4269.08,4261.22,4266.78,40.4021,2025,10,16
2025-10-16 13:40:00+00:00,4266.79,4272.42,4264.73,4270.76,103.9381,2025,10,16
2025-10-16 13:45:00+00:00,4271.12,4272.49,4268.92,4271.25,109.0683,2025,10,16
2025-10-16 13:50:00+00:00,4271.25,4273.67,4268.92,4270.75,104.9979,2025,10,16
2025-10-16 13:55:00+00:00,4270.74,4270.75,4265.01,4267.11,55.2342,2025,10,16
2025-10-16 14:00:00+00:00,4267.1,4273.69,4265.93,4272.19,103.7653,2025,10,16
2025-10-16 14:05:00+00:00,4272.63,4275.99,4271.76,4275.51,139.6415,2025,10,16
2025-10-16 14:10:00+00:00,4275.5,4280.0,4274.52,4279.32,79.1119,2025,10,16
2025-10-16 14:15:00+00:00,4279.31,4280.64,4277.0,4277.99,107.461,2025,10,16
2025-10-16 14:20:00+00:00,4277.99,4278.63,4275.79,4275.82,151.0827,2025,10,16
2025-10-16 14:25:00+00:00,4275.83,4279.68,4275.8,4278.91,81.2734,2025,10,16
2025-10-16 14:30:00+00:00,4278.9,4284.55,4278.9,4283.07,119.7244,2025,10,16
2025-10-16 14:35:00+00:00,4282.65,4283.7,4276.07,4276.07,32.8239,2025,10,16
2025-10-16 14:40:00+00:00,4276.18,4284.53,4276.18,4278.0,83.2077,2025,10,16
2025-10-16 14:45:00+00:00,4277.61,4278.88,4275.0,4276.35,65.6973,2025,10,16
2025-10-16 14:50:00+00:00,4276.35,4282.14,4275.92,4280.57,60.1002,2025,10,16
2025-10-16 14:55:00+00:00,4280.57,4285.14,4280.19,4281.35,114.6266,2025,10,16
2025-10-16 15:00:00+00:00,4281.36,4286.24,4281.0,4282.9,59.5508,2025,10,16
2025-10-16 15:05:00+00:00,4282.9,4290.01,4282.39,4288.64,156.6896,2025,10,16
2025-10-16 15:10:00+00:00,4288.66,4289.46,4286.69,4288.18,83.1831,2025,10,16
2025-10-16 15:15:00+00:00,4288.18,4293.01,4288.0,4290.86,170.7151,2025,10,16
2025-10-16 15:20:00+00:00,4290.87,4293.01,4290.56,4290.78,212.8109,2025,10,16
2025-10-16 15:25:00+00:00,4290.79,4297.89,4290.56,4291.35,202.4868,2025,10,16
2025-10-16 15:30:00+00:00,4291.35,4292.09,4289.72,4289.73,83.1746,2025,10,16
2025-10-16 15:35:00+00:00,4289.72,4289.73,4287.39,4288.0,87.6309,2025,10,16
2025-10-16 15:40:00+00:00,4288.01,4289.66,4286.13,4288.38,103.4123,2025,10,16
2025-10-16 15:45:00+00:00,4288.38,4289.61,4286.56,4289.41,73.79,2025,10,16
2025-10-16 15:50:00+00:00,4289.4,4297.78,4289.08,4294.48,102.6362,2025,10,16
2025-10-16 15:55:00+00:00,4294.48,4295.4,4290.9,4292.64,143.6283,2025,10,16
2025-10-16 16:00:00+00:00,4292.65,4293.75,4288.68,4291.88,142.5076,2025,10,16
2025-10-16 16:05:00+00:00,4291.89,4298.46,4291.88,4296.82,139.0045,2025,10,16
2025-10-16 16:10:00+00:00,4296.82,4301.68,4296.8,4300.07,310.611082,2025,10,16
2025-10-16 16:15:00+00:00,4300.07,4307.0,4300.05,4303.18,285.7227,2025,10,16
2025-10-16 16:20:00+00:00,4303.18,4310.14,4303.0,4308.61,287.5212,2025,10,16
2025-10-16 16:25:00+00:00,4308.61,4312.52,4305.44,4310.01,271.0692,2025,10,16
2025-10-16 16:30:00+00:00,4310.0,4313.17,4302.3,4302.33,311.5351,2025,10,16
2025-10-16 16:35:00+00:00,4302.3,4305.18,4294.76,4295.78,559.2453,2025,10,16
2025-10-16 16:40:00+00:00,4295.78,4301.27,4286.51,4301.26,820.5129,2025,10,16
2025-10-16 16:45:00+00:00,4301.26,4303.41,4299.59,4301.21,245.2363,2025,10,16
2025-10-16 16:50:00+00:00,4301.1,4304.65,4298.32,4298.33,139.154,2025,10,16
2025-10-16 16:55:00+00:00,4298.75,4308.63,4298.75,4306.26,157.7122,2025,10,16
2025-10-16 17:00:00+00:00,4306.27,4313.0,4302.39,4308.5,231.9704,2025,10,16
2025-10-16 17:05:00+00:00,4308.5,4310.07,4304.2,4308.03,144.8047,2025,10,16
2025-10-16 17:10:00+00:00,4308.03,4313.84,4307.38,4313.84,134.989,2025,10,16
2025-10-16 17:15:00+00:00,4313.84,4324.29,4313.83,4317.84,374.6279,2025,10,16
2025-10-16 17:20:00+00:00,4317.85,4322.02,4316.67,4319.0,202.6446,2025,10,16
2025-10-16 17:25:00+00:00,4318.99,4319.0,4313.1,4313.99,179.6943,2025,10,16
2025-10-16 17:30:00+00:00,4313.81,4320.99,4313.19,4319.83,156.2125,2025,10,16
2025-10-16 17:35:00+00:00,4319.7,4322.22,4318.75,4320.43,94.986,2025,10,16
2025-10-16 17:40:00+00:00,4320.4,4320.4,4313.64,4315.99,115.7168,2025,10,16
2025-10-16 17:45:00+00:00,4316.0,4322.77,4314.26,4322.77,39.9933,2025,10,16
2025-10-16 17:50:00+00:00,4322.58,4322.89,4315.0,4315.4,134.439,2025,10,16
2025-10-16 17:55:00+00:00,4315.93,4318.66,4314.23,4318.66,95.1502,2025,10,16
2025-10-16 18:00:00+00:00,4318.65,4319.23,4315.62,4317.95,152.2008,2025,10,16
2025-10-16 18:05:00+00:00,4317.95,4317.95,4310.51,4313.22,56.4532,2025,10,16
2025-10-16 18:10:00+00:00,4313.23,4316.61,4308.76,4308.83,136.3114,2025,10,16
2025-10-16 18:15:00+00:00,4308.83,4308.83,4300.03,4305.54,102.4737,2025,10,16
2025-10-16 18:20:00+00:00,4305.54,4315.53,4305.54,4315.52,230.3559,2025,10,16
2025-10-16 18:25:00+00:00,4315.52,4315.52,4308.27,4309.99,57.0127,2025,10,16
2025-10-16 18:30:00+00:00,4310.0,4315.51,4309.5,4310.74,112.2503,2025,10,16
2025-10-16 18:35:00+00:00,4310.74,4317.2,4310.62,4315.34,152.9242,2025,10,16
2025-10-16 18:40:00+00:00,4315.34,4316.62,4313.48,4314.43,183.6682,2025,10,16
2025-10-16 18:45:00+00:00,4314.5,4315.46,4312.5,4313.16,102.3974,2025,10,16
2025-10-16 18:50:00+00:00,4313.15,4314.17,4310.81,4313.41,32.78,2025,10,16
2025-10-16 18:55:00+00:00,4313.4,4314.38,4311.94,4312.38,71.2408,2025,10,16
2025-10-16 19:00:00+00:00,4312.38,4316.0,4311.12,4312.85,120.8982,2025,10,16
2025-10-16 19:05:00+00:00,4312.85,4316.97,4312.17,4316.96,56.9468,2025,10,16
2025-10-16 19:10:00+00:00,4316.96,4319.29,4315.55,4317.07,93.7683,2025,10,16
2025-10-16 19:15:00+00:00,4317.06,4321.82,4314.0,4319.53,103.4059,2025,10,16
2025-10-16 19:20:00+00:00,4319.52,4321.71,4318.87,4321.71,43.0305,2025,10,16
2025-10-16 19:25:00+00:00,4321.85,4321.86,4319.42,4320.33,66.5631,2025,10,16
2025-10-16 19:30:00+00:00,4320.33,4320.34,4318.0,4318.01,89.7875,2025,10,16
2025-10-16 19:35:00+00:00,4318.0,4328.0,4317.18,4319.5,131.3354,2025,10,16
2025-10-16 19:40:00+00:00,4319.5,4323.99,4319.5,4323.98,21.6159,2025,10,16
2025-10-16 19:45:00+00:00,4323.98,4325.27,4323.97,4324.21,128.8557,2025,10,16
2025-10-16 19:50:00+00:00,4324.21,4335.0,4324.12,4333.64,124.1255,2025,10,16
2025-10-16 19:55:00+00:00,4333.64,4336.65,4331.75,4333.33,189.7313,2025,10,16
2025-10-16 20:00:00+00:00,4333.07,4345.08,4333.0,4341.36,123.1738,2025,10,16
2025-10-16 20:05:00+00:00,4341.36,4345.61,4338.64,4344.6,71.1336,2025,10,16
2025-10-16 20:10:00+00:00,4344.6,4350.05,4344.38,4344.78,149.2883,2025,10,16
2025-10-16 20:15:00+00:00,4344.78,4346.91,4342.8,4342.91,64.7578,2025,10,16
2025-10-16 20:20:00+00:00,4342.91,4345.92,4341.6,4342.31,71.1913,2025,10,16
2025-10-16 20:25:00+00:00,4342.31,4347.24,4341.52,4345.11,78.5554,2025,10,16
2025-10-16 20:30:00+00:00,4345.09,4347.59,4345.0,4345.56,125.9927,2025,10,16
2025-10-16 20:35:00+00:00,4345.56,4346.1,4342.85,4343.91,115.1621,2025,10,16
2025-10-16 20:40:00+00:00,4343.99,4351.33,4343.99,4351.33,82.7918,2025,10,16
2025-10-16 20:45:00+00:00,4351.49,4364.33,4351.49,4360.52,281.7303,2025,10,16
2025-10-16 20:50:00+00:00,4360.51,4362.41,4357.75,4359.4,298.2786,2025,10,16
2025-10-16 20:55:00+00:00,4359.5,4363.62,4357.77,4362.29,143.0147,2025,10,16
2025-10-16 21:00:00+00:00,4362.29,4365.77,4360.93,4363.9,117.0968,2025,10,16
2025-10-16 21:05:00+00:00,4363.9,4365.41,4362.42,4364.18,76.835,2025,10,16
2025-10-16 21:10:00+00:00,4364.17,4370.98,4364.17,4370.11,112.5695,2025,10,16
2025-10-16 21:15:00+00:00,4370.1,4378.0,4370.0,4375.66,84.9563,2025,10,16
2025-10-16 21:20:00+00:00,4375.66,4379.0,4372.35,4373.23,73.657,2025,10,16
2025-10-16 21:25:00+00:00,4373.53,4375.62,4370.0,4372.72,82.1203,2025,10,16
2025-10-16 21:30:00+00:00,4372.71,4378.13,4372.71,4375.0,54.8112,2025,10,16
2025-10-16 21:35:00+00:00,4375.07,4377.55,4373.51,4375.59,52.4496,2025,10,16
2025-10-16 21:40:00+00:00,4375.59,4377.45,4372.71,4375.98,58.4865,2025,10,16
2025-10-16 21:45:00+00:00,4375.97,4378.59,4372.08,4372.59,45.9787,2025,10,16
2025-10-16 21:50:00+00:00,4372.58,4372.58,4370.0,4370.01,39.6707,2025,10,16
2025-10-16 21:55:00+00:00,4370.0,4373.76,4370.0,4373.66,44.2598,2025,10,16
2025-10-16 22:00:00+00:00,4373.66,4380.0,4371.97,4373.39,124.7744,2025,10,16
2025-10-16 22:05:00+00:00,4373.39,4385.0,4364.97,4383.13,319.2412,2025,10,16
2025-10-16 22:10:00+00:00,4383.3,4790.0,4383.3,4410.69,2367.4105,2025,10,16
2025-10-16 22:15:00+00:00,4410.55,4440.0,4401.36,4434.93,640.7806,2025,10,16
2025-10-16 22:20:00+00:00,4434.92,4439.99,4393.03,4404.69,610.1386,2025,10,16
2025-10-16 22:25:00+00:00,4404.69,4428.37,4402.76,4425.05,163.8906,2025,10,16
2025-10-16 22:30:00+00:00,4425.05,4425.05,4415.0,4417.15,307.9445,2025,10,16
2025-10-16 22:35:00+00:00,4417.14,4417.14,4398.53,4407.98,191.1889,2025,10,16
2025-10-16 22:40:00+00:00,4407.48,4420.07,4407.48,4418.05,63.7963,2025,10,16
2025-10-16 22:45:00+00:00,4418.05,4427.27,4417.09,4425.01,87.2694,2025,10,16
2025-10-16 22:50:00+00:00,4425.0,4425.0,4408.51,4411.93,289.6185,2025,10,16
2025-10-16 22:55:00+00:00,4411.94,4411.94,4405.0,4406.76,60.1071,2025,10,16
2025-10-16 23:00:00+00:00,4406.76,4416.33,4406.38,4413.6,71.7379,2025,10,16
2025-10-16 23:05:00+00:00,4413.6,4429.93,4413.43,4429.44,80.7977,2025,10,16
2025-10-16 23:10:00+00:00,4429.57,4431.48,4415.0,4422.1,105.4052,2025,10,16
2025-10-16 23:15:00+00:00,4422.09,4433.06,4419.93,4427.87,106.7293,2025,10,16
2025-10-16 23:20:00+00:00,4427.97,4440.32,4426.52,4436.02,307.1734,2025,10,16
2025-10-16 23:25:00+00:00,4436.01,4530.0,4431.43,4465.7,549.1726,2025,10,16
2025-10-16 23:30:00+00:00,4465.71,4465.71,4436.07,4441.01,201.6694,2025,10,16
2025-10-16 23:35:00+00:00,4441.01,4443.21,4425.01,4442.64,359.1546,2025,10,16
2025-10-16 23:40:00+00:00,4442.63,4449.09,4433.95,4442.95,187.5502,2025,10,16
2025-10-16 23:45:00+00:00,4443.6,4459.71,4441.51,4448.0,371.6138,2025,10,16
2025-10-16 23:50:00+00:00,4448.0,4449.44,4433.86,4437.02,326.4448,2025,10,16
2025-10-16 23:55:00+00:00,4437.03,4445.01,4435.84,4436.75,293.2243,2025,10,16
2025-10-17 00:00:00+00:00,4436.74,4436.75,4414.11,4417.38,457.8452,2025,10,17
2025-10-17 00:05:00+00:00,4417.38,4420.0,4403.42,4414.67,259.0577,2025,10,17
2025-10-17 00:10:00+00:00,4414.66,4418.77,4410.0,4410.0,97.3191,2025,10,17
2025-10-17 00:15:00+00:00,4410.01,4415.0,4404.61,4409.88,110.1393,2025,10,17
2025-10-17 00:20:00+00:00,4409.87,4410.01,4403.03,4404.31,69.1147,2025,10,17
2025-10-17 00:25:00+00:00,4404.31,4405.71,4390.1,4395.83,154.2849,2025,10,17
2025-10-17 00:30:00+00:00,4395.82,4400.47,4392.82,4397.42,102.5536,2025,10,17
2025-10-17 00:35:00+00:00,4397.41,4397.8,4390.43,4392.15,103.8856,2025,10,17
2025-10-17 00:40:00+00:00,4392.26,4403.18,4392.26,4400.61,96.2704,2025,10,17
2025-10-17 00:45:00+00:00,4400.6,4414.61,4398.1,4408.43,130.8458,2025,10,17
2025-10-17 00:50:00+00:00,4408.43,4409.5,4392.37,4401.57,330.4858,2025,10,17
2025-10-17 00:55:00+00:00,4402.01,4403.61,4391.68,4394.16,59.0436,2025,10,17
2025-10-17 01:00:00+00:00,4394.16,4394.91,4350.0,4381.53,292.0096,2025,10,17
2025-10-17 01:05:00+00:00,4381.52,4386.22,4378.54,4384.2,89.2922,2025,10,17
2025-10-17 01:10:00+00:00,4384.2,4388.0,4380.01,4380.2,76.2369,2025,10,17
2025-10-17 01:15:00+00:00,4380.19,4381.02,4345.0,4365.93,382.2016,2025,10,17
2025-10-17 01:20:00+00:00,4365.83,4367.32,4353.13,4362.0,140.0216,2025,10,17
2025-10-17 01:25:00+00:00,4361.99,4366.15,4359.68,4364.16,53.5839,2025,10,17
2025-10-17 01:30:00+00:00,4364.16,4369.0,4351.94,4354.02,133.331,2025,10,17
2025-10-17 01:35:00+00:00,4354.03,4356.89,4332.0,4350.73,169.6191,2025,10,17
2025-10-17 01:40:00+00:00,4350.73,4351.79,4256.0,4322.91,517.9463,2025,10,17
2025-10-17 01:45:00+00:00,4322.99,4342.64,4316.6,4332.41,216.413,2025,10,17
2025-10-17 01:50:00+00:00,4332.4,4337.48,4324.41,4325.85,97.2227,2025,10,17
2025-10-17 01:55:00+00:00,4325.86,4343.15,4318.45,4343.14,475.3543,2025,10,17
2025-10-17 02:00:00+00:00,4343.15,4355.55,4341.36,4349.93,444.8227,2025,10,17
2025-10-17 02:05:00+00:00,4349.75,4364.66,4344.64,4359.85,131.6153,2025,10,17
2025-10-17 02:10:00+00:00,4360.16,4365.5,4353.83,4357.08,276.2789,2025,10,17
2025-10-17 02:15:00+00:00,4357.07,4361.81,4351.3,4357.55,172.2886,2025,10,17
2025-10-17 02:20:00+00:00,4357.55,4360.16,4352.18,4355.76,189.6976,2025,10,17
2025-10-17 02:25:00+00:00,4355.76,4366.69,4355.22,4361.47,122.8435,2025,10,17
2025-10-17 02:30:00+00:00,4361.47,4371.36,4360.5,4366.28,191.4461,2025,10,17
2025-10-17 02:35:00+00:00,4366.28,4369.84,4365.02,4368.49,211.6264,2025,10,17
2025-10-17 02:40:00+00:00,4368.5,4370.0,4365.47,4369.91,256.3348,2025,10,17
2025-10-17 02:45:00+00:00,4369.91,4377.99,4368.98,4377.84,251.2714,2025,10,17
2025-10-17 02:50:00+00:00,4377.83,4382.8,4373.36,4381.48,182.0098,2025,10,17
2025-10-17 02:55:00+00:00,4381.49,4382.18,4372.99,4378.03,143.9029,2025,10,17
2025-10-17 03:00:00+00:00,4378.03,4381.81,4375.28,4378.55,247.2991,2025,10,17
2025-10-17 03:05:00+00:00,4378.55,4387.34,4378.55,4384.98,213.8628,2025,10,17
2025-10-17 03:10:00+00:00,4384.99,4393.63,4384.56,4393.07,162.148,2025,10,17
2025-10-17 03:15:00+00:00,4393.08,4395.88,4389.94,4392.52,161.5748,2025,10,17
2025-10-17 03:20:00+00:00,4392.53,4392.53,4389.68,4390.46,215.4071,2025,10,17
2025-10-17 03:25:00+00:00,4390.45,4390.86,4389.08,4389.45,131.246,2025,10,17
2025-10-17 03:30:00+00:00,4389.45,4393.01,4389.45,4391.0,187.4809,2025,10,17
2025-10-17 03:35:00+00:00,4391.01,4394.54,4389.0,4390.68,137.1548,2025,10,17
2025-10-17 03:40:00+00:00,4390.84,4391.64,4389.0,4390.62,53.1451,2025,10,17
2025-10-17 03:45:00+00:00,4390.62,4396.31,4390.21,4396.0,303.6538,2025,10,17
2025-10-17 03:50:00+00:00,4396.0,4399.0,4396.0,4398.21,231.884,2025,10,17
2025-10-17 03:55:00+00:00,4398.21,4401.48,4398.21,4401.2,324.503,2025,10,17
2025-10-17 04:00:00+00:00,4401.27,4428.32,4401.26,4425.67,496.203,2025,10,17
2025-10-17 04:05:00+00:00,4425.67,4432.13,4417.79,4423.66,339.4816,2025,10,17
2025-10-17 04:10:00+00:00,4423.66,4428.96,4415.65,4418.05,174.5604,2025,10,17
2025-10-17 04:15:00+00:00,4418.05,4418.65,4408.08,4412.24,121.4285,2025,10,17
2025-10-17 04:20:00+00:00,4412.25,4415.84,4405.76,4413.14,110.1725,2025,10,17
2025-10-17 04:25:00+00:00,4413.13,4418.96,4410.55,4411.49,93.6883,2025,10,17
2025-10-17 04:30:00+00:00,4411.48,4419.45,4409.83,4416.4,90.5735,2025,10,17
2025-10-17 04:35:00+00:00,4416.39,4424.65,4415.85,4421.1,91.9432,2025,10,17
2025-10-17 04:40:00+00:00,4421.1,4424.31,4410.06,4413.3,108.3889,2025,10,17
2025-10-17 04:45:00+00:00,4413.3,4419.62,4409.6,4414.56,418.5739,2025,10,17
2025-10-17 04:50:00+00:00,4414.55,4416.43,4410.0,4415.53,197.2602,2025,10,17
2025-10-17 04:55:00+00:00,4415.54,4427.87,4414.09,4425.69,158.7773,2025,10,17
2025-10-17 05:00:00+00:00,4425.68,4429.39,4416.95,4422.48,210.6465,2025,10,17
2025-10-17 05:05:00+00:00,4422.48,4422.48,4419.58,4420.07,98.3119,2025,10,17
2025-10-17 05:10:00+00:00,4420.07,4421.51,4416.76,4418.12,82.3664,2025,10,17
2025-10-17 05:15:00+00:00,4418.12,4418.13,4404.16,4408.27,111.6191,2025,10,17
2025-10-17 05:20:00+00:00,4408.26,4409.84,4400.67,4406.93,172.5491,2025,10,17
2025-10-17 05:25:00+00:00,4406.93,4410.03,4405.14,4407.27,104.183,2025,10,17
2025-10-17 05:30:00+00:00,4407.26,4409.7,4400.0,4404.03,238.0912,2025,10,17
2025-10-17 05:35:00+00:00,4404.4,4415.37,4404.4,4415.37,91.7707,2025,10,17
2025-10-17 05:40:00+00:00,4415.37,4415.37,4412.66,4412.67,67.1995,2025,10,17
2025-10-17 05:45:00+00:00,4412.66,4416.64,4411.89,4414.38,66.4186,2025,10,17
2025-10-17 05:50:00+00:00,4414.39,4423.0,4414.35,4422.7,259.7562,2025,10,17
2025-10-17 05:55:00+00:00,4422.7,4426.31,4421.04,4423.08,187.6758,2025,10,17
2025-10-17 06:00:00+00:00,4423.07,4423.31,4417.87,4421.08,63.2787,2025,10,17
2025-10-17 06:05:00+00:00,4421.08,4424.88,4416.78,4420.6,202.2802,2025,10,17
2025-10-17 06:10:00+00:00,4420.6,4421.78,4389.0,4411.22,499.3202,2025,10,17
2025-10-17 06:15:00+00:00,4411.21,4415.33,4406.58,4415.08,44.8881,2025,10,17
2025-10-17 06:20:00+00:00,4415.08,4416.35,4408.05,4410.74,96.4535,2025,10,17
2025-10-17 06:25:00+00:00,4410.73,4421.18,4409.12,4415.23,124.1585,2025,10,17
2025-10-17 06:30:00+00:00,4415.23,4416.54,4398.38,4403.17,98.0769,2025,10,17
2025-10-17 06:35:00+00:00,4403.16,4411.73,4398.81,4406.04,148.9732,2025,10,17
2025-10-17 06:40:00+00:00,4406.05,4414.67,4404.53,4413.55,153.046,2025,10,17
2025-10-17 06:45:00+00:00,4413.54,4414.32,4404.25,4404.25,207.2491,2025,10,17
2025-10-17 06:50:00+00:00,4404.36,4412.71,4400.73,4410.0,204.7955,2025,10,17
2025-10-17 06:55:00+00:00,4410.0,4411.99,4406.29,4407.99,144.1698,2025,10,17
2025-10-17 07:00:00+00:00,4407.99,4414.07,4405.43,4406.89,168.7245,2025,10,17
2025-10-17 07:05:00+00:00,4406.89,4415.83,4404.0,4414.36,280.5779,2025,10,17
2025-10-17 07:10:00+00:00,4414.33,4419.35,4408.85,4410.37,274.9763,2025,10,17
2025-10-17 07:15:00+00:00,4410.92,4413.82,4405.65,4405.89,189.8924,2025,10,17
2025-10-17 07:20:00+00:00,4405.89,4405.89,4385.0,4401.54,440.1643,2025,10,17
2025-10-17 07:25:00+00:00,4401.28,4406.26,4390.46,4393.11,181.6781,2025,10,17
2025-10-17 07:30:00+00:00,4393.09,4394.63,4385.0,4389.99,312.194,2025,10,17
2025-10-17 07:35:00+00:00,4389.99,4401.44,4389.47,4397.89,198.4779,2025,10,17
2025-10-17 07:40:00+00:00,4397.89,4398.61,4381.17,4382.47,201.1187,2025,10,17
2025-10-17 07:45:00+00:00,4382.47,4393.41,4377.82,4384.88,197.2195,2025,10,17
2025-10-17 07:50:00+00:00,4384.88,4384.89,4351.0,4368.94,387.5461,2025,10,17
2025-10-17 07:55:00+00:00,4368.93,4382.35,4361.31,4382.34,231.3431,2025,10,17
2025-10-17 08:00:00+00:00,4382.35,4391.99,4372.14,4376.15,264.6282,2025,10,17
2025-10-17 08:05:00+00:00,4376.12,4377.94,4368.16,4369.38,296.7596,2025,10,17
2025-10-17 08:10:00+00:00,4369.37,4383.65,4369.37,4380.05,193.8674,2025,10,17
2025-10-17 08:15:00+00:00,4380.04,4399.23,4379.56,4394.74,221.1603,2025,10,17
2025-10-17 08:20:00+00:00,4394.74,4396.87,4390.8,4393.14,124.4723,2025,10,17
2025-10-17 08:25:00+00:00,4393.14,4395.08,4385.63,4388.6,131.6459,2025,10,17
2025-10-17 08:30:00+00:00,4388.6,4388.61,4379.05,4381.91,118.0878,2025,10,17
2025-10-17 08:35:00+00:00,4381.66,4389.64,4379.73,4385.93,118.7108,2025,10,17
2025-10-17 08:40:00+00:00,4385.92,4390.0,4385.03,4389.9,87.0555,2025,10,17
2025-10-17 08:45:00+00:00,4389.9,4499.0,4389.01,4400.54,1301.3977,2025,10,17
2025-10-17 08:50:00+00:00,4400.54,4408.53,4395.21,4402.0,638.2016,2025,10,17
2025-10-17 08:55:00+00:00,4402.0,4411.25,4402.0,4410.0,766.7219,2025,10,17
2025-10-17 09:00:00+00:00,4410.0,4414.55,4406.05,4411.8,509.8088,2025,10,17
2025-10-17 09:05:00+00:00,4411.8,4411.8,4395.37,4405.07,1487.6127,2025,10,17
2025-10-17 09:10:00+00:00,4405.07,4410.92,4404.46,4405.05,623.024,2025,10,17
2025-10-17 09:15:00+00:00,4405.05,4406.31,4400.0,4405.0,512.295,2025,10,17
2025-10-17 09:20:00+00:00,4405.01,4405.17,4395.9,4396.95,326.0571,2025,10,17
2025-10-17 09:25:00+00:00,4396.95,4398.0,4391.55,4392.0,154.6759,2025,10,17
2025-10-17 09:30:00+00:00,4392.0,4392.86,4388.25,4389.02,223.8309,2025,10,17
2025-10-17 09:35:00+00:00,4389.03,4397.4,4379.0,4395.34,449.4103,2025,10,17
2025-10-17 09:40:00+00:00,4395.34,4395.39,4391.14,4391.15,84.239,2025,10,17
2025-10-17 09:45:00+00:00,4391.14,4391.15,4386.48,4387.09,114.0258,2025,10,17
2025-10-17 09:50:00+00:00,4387.09,4388.34,4378.01,4387.24,83.8126,2025,10,17
2025-10-17 09:55:00+00:00,4387.24,4393.5,4384.2,4391.1,82.6458,2025,10,17
2025-10-17 10:00:00+00:00,4391.11,4394.83,4389.61,4394.17,98.433,2025,10,17
2025-10-17 10:05:00+00:00,4394.17,4394.18,4385.0,4390.8,84.1671,2025,10,17
2025-10-17 10:10:00+00:00,4390.79,4393.66,4390.0,4391.85,64.7603,2025,10,17
2025-10-17 10:15:00+00:00,4391.86,4393.12,4389.06,4391.09,110.7396,2025,10,17
2025-10-17 10:20:00+00:00,4391.09,4391.09,4386.93,4389.43,70.2512,2025,10,17
2025-10-17 10:25:00+00:00,4389.42,4390.0,4388.12,4390.0,53.274,2025,10,17
2025-10-17 10:30:00+00:00,4390.0,4391.43,4382.61,4383.42,113.8646,2025,10,17
2025-10-17 10:35:00+00:00,4383.42,4385.93,4370.62,4374.67,244.311,2025,10,17
2025-10-17 10:40:00+00:00,4374.67,4383.39,4363.87,4379.64,248.2538,2025,10,17
2025-10-17 10:45:00+00:00,4379.63,4385.0,4378.46,4384.99,78.6651,2025,10,17
2025-10-17 10:50:00+00:00,4385.0,4428.0,4380.73,4381.93,292.5648,2025,10,17
2025-10-17 10:55:00+00:00,4381.94,4382.2,4376.58,4377.91,172.7804,2025,10,17
2025-10-17 11:00:00+00:00,4377.92,4385.54,4377.13,4385.15,126.8877,2025,10,17
2025-10-17 11:05:00+00:00,4385.14,4386.66,4378.31,4382.12,107.2112,2025,10,17
2025-10-17 11:10:00+00:00,4382.11,4382.42,4363.0,4373.16,254.3637,2025,10,17
2025-10-17 11:15:00+00:00,4373.15,4382.16,4371.91,4382.08,173.8464,2025,10,17
2025-10-17 11:20:00+00:00,4382.08,4384.92,4377.93,4379.22,66.2949,2025,10,17
2025-10-17 11:25:00+00:00,4379.22,4379.49,4373.48,4375.96,107.3652,2025,10,17
2025-10-17 11:30:00+00:00,4375.96,4375.96,4350.0,4351.16,305.5777,2025,10,17
2025-10-17 11:35:00+00:00,4351.16,4356.09,4329.29,4356.08,376.8386,2025,10,17
2025-10-17 11:40:00+00:00,4356.09,4361.93,4342.75,4346.03,136.5639,2025,10,17
2025-10-17 11:45:00+00:00,4346.03,4352.91,4346.02,4348.95,105.8033,2025,10,17
2025-10-17 11:50:00+00:00,4348.94,4349.11,4324.97,4338.07,218.7174,2025,10,17
2025-10-17 11:55:00+00:00,4338.06,4339.59,4305.89,4307.81,323.2757,2025,10,17
2025-10-17 12:00:00+00:00,4307.8,4321.86,4289.06,4318.06,671.248,2025,10,17
2025-10-17 12:05:00+00:00,4318.07,4341.88,4317.34,4335.07,181.4672,2025,10,17
2025-10-17 12:10:00+00:00,4335.21,4346.51,4333.91,4346.49,123.8432,2025,10,17
2025-10-17 12:15:00+00:00,4346.49,4346.5,4318.0,4340.44,349.3654,2025,10,17
2025-10-17 12:20:00+00:00,4340.41,4340.41,4324.24,4324.88,162.3962,2025,10,17
2025-10-17 12:25:00+00:00,4324.68,4331.84,4322.04,4322.92,152.8585,2025,10,17
2025-10-17 12:30:00+00:00,4322.91,4337.36,4320.68,4336.85,184.8714,2025,10,17
2025-10-17 12:35:00+00:00,4336.84,4338.94,4334.54,4338.93,116.0986,2025,10,17
2025-10-17 12:40:00+00:00,4338.93,4339.88,4335.56,4339.85,94.9283,2025,10,17
2025-10-17 12:45:00+00:00,4339.84,4346.3,4339.44,4344.88,351.7116,2025,10,17
2025-10-17 12:50:00+00:00,4345.42,4347.67,4342.2,4344.61,110.9461,2025,10,17
2025-10-17 12:55:00+00:00,4344.61,4346.56,4338.96,4344.35,85.4891,2025,10,17
2025-10-17 13:00:00+00:00,4344.35,4344.35,4327.24,4330.36,146.7377,2025,10,17
2025-10-17 13:05:00+00:00,4330.36,4335.97,4327.19,4329.99,158.6405,2025,10,17
2025-10-17 13:10:00+00:00,4330.0,4340.7,4329.9,4340.67,179.3133,2025,10,17
2025-10-17 13:15:00+00:00,4340.67,4343.16,4334.35,4336.57,140.9063,2025,10,17
2025-10-17 13:20:00+00:00,4336.57,4340.43,4336.57,4338.8,137.7502,2025,10,17
2025-10-17 13:25:00+00:00,4338.8,4343.16,4338.16,4343.09,83.6663,2025,10,17
2025-10-17 13:30:00+00:00,4343.09,4344.36,4319.21,4324.84,135.3282,2025,10,17
2025-10-17 13:35:00+00:00,4324.84,4324.84,4287.26,4309.29,647.2912,2025,10,17
2025-10-17 13:40:00+00:00,4309.28,4315.07,4302.54,4309.1,149.867,2025,10,17
2025-10-17 13:45:00+00:00,4309.02,4310.0,4300.99,4305.0,120.406,2025,10,17
2025-10-17 13:50:00+00:00,4305.0,4307.57,4262.81,4304.27,727.8231,2025,10,17
2025-10-17 13:55:00+00:00,4304.4,4305.88,4292.72,4294.03,157.626,2025,10,17
2025-10-17 14:00:00+00:00,4294.03,4294.03,4251.5,4253.64,486.2284,2025,10,17
2025-10-17 14:05:00+00:00,4253.63,4265.17,4236.31,4254.32,485.4681,2025,10,17
2025-10-17 14:10:00+00:00,4254.73,4271.17,4230.0,4235.03,384.6292,2025,10,17
2025-10-17 14:15:00+00:00,4235.03,4249.01,4230.0,4248.49,611.6014,2025,10,17
2025-10-17 14:20:00+00:00,4248.49,4248.77,4225.0,4230.0,409.8642,2025,10,17
2025-10-17 14:25:00+00:00,4230.0,4253.54,4230.0,4252.3,278.2535,2025,10,17
2025-10-17 14:30:00+00:00,4252.27,4260.75,4246.56,4246.77,114.7422,2025,10,17
2025-10-17 14:35:00+00:00,4246.61,4268.53,4241.33,4267.21,180.1407,2025,10,17
2025-10-17 14:40:00+00:00,4267.05,4274.12,4263.86,4268.17,125.2037,2025,10,17
2025-10-17 14:45:00+00:00,4267.91,4273.34,4256.31,4267.19,232.3533,2025,10,17
2025-10-17 14:50:00+00:00,4267.26,4273.86,4264.05,4270.09,98.643,2025,10,17
2025-10-17 14:55:00+00:00,4270.1,4272.79,4255.69,4261.6,128.6022,2025,10,17
2025-10-17 15:00:00+00:00,4261.59,4272.95,4258.47,4267.55,77.2848,2025,10,17
2025-10-17 15:05:00+00:00,4267.55,4267.59,4258.87,4263.95,116.3854,2025,10,17
2025-10-17 15:10:00+00:00,4263.95,4273.1,4252.55,4254.7,126.7471,2025,10,17
2025-10-17 15:15:00+00:00,4254.71,4259.0,4249.54,4251.2,108.1689,2025,10,17
2025-10-17 15:20:00+00:00,4251.2,4255.46,4244.55,4254.41,126.7375,2025,10,17
2025-10-17 15:25:00+00:00,4254.4,4260.49,4251.64,4260.49,84.9859,2025,10,17
2025-10-17 15:30:00+00:00,4260.1,4271.24,4258.43,4265.39,75.3526,2025,10,17
2025-10-17 15:35:00+00:00,4265.4,4279.94,4265.4,4268.91,74.5444,2025,10,17
2025-10-17 15:40:00+00:00,4268.9,4273.66,4266.64,4269.5,42.9934,2025,10,17
2025-10-17 15:45:00+00:00,4269.5,4279.33,4261.22,4261.22,70.5756,2025,10,17
2025-10-17 15:50:00+00:00,4261.22,4264.12,4256.81,4260.0,88.177,2025,10,17
2025-10-17 15:55:00+00:00,4260.0,4261.76,4252.57,4253.1,144.1619,2025,10,17
2025-10-17 16:00:00+00:00,4253.11,4260.63,4252.18,4258.8,185.4419,2025,10,17
2025-10-17 16:05:00+00:00,4258.8,4258.8,4247.02,4247.02,147.1617,2025,10,17
2025-10-17 16:10:00+00:00,4247.01,4255.09,4241.9,4247.21,181.7086,2025,10,17
2025-10-17 16:15:00+00:00,4247.22,4255.0,4242.55,4245.71,91.5847,2025,10,17
2025-10-17 16:20:00+00:00,4245.71,4249.92,4242.73,4245.6,56.6488,2025,10,17
2025-10-17 16:25:00+00:00,4245.59,4245.59,4231.91,4233.9,194.2617,2025,10,17
2025-10-17 16:30:00+00:00,4232.53,4235.88,4215.11,4222.53,299.0136,2025,10,17
2025-10-17 16:35:00+00:00,4222.64,4225.51,4214.48,4225.5,202.2255,2025,10,17
2025-10-17 16:40:00+00:00,4225.5,4233.33,4214.62,4217.61,107.9436,2025,10,17
2025-10-17 16:45:00+00:00,4217.62,4230.0,4213.34,4226.98,131.8143,2025,10,17
2025-10-17 16:50:00+00:00,4227.07,4230.0,4215.01,4218.83,62.0418,2025,10,17
2025-10-17 16:55:00+00:00,4218.83,4218.83,4208.0,4210.6,173.5814,2025,10,17
2025-10-17 17:00:00+00:00,4210.6,4215.49,4192.55,4195.74,187.7337,2025,10,17
2025-10-17 17:05:00+00:00,4195.74,4207.83,4195.74,4198.05,159.8122,2025,10,17
2025-10-17 17:10:00+00:00,4198.05,4215.39,4198.05,4212.21,69.2913,2025,10,17
2025-10-17 17:15:00+00:00,4212.29,4216.23,4208.02,4210.35,108.9804,2025,10,17
2025-10-17 17:20:00+00:00,4210.36,4220.97,4205.04,4215.41,230.6197,2025,10,17
2025-10-17 17:25:00+00:00,4215.4,4217.94,4207.16,4207.5,39.7566,2025,10,17
2025-10-17 17:30:00+00:00,4207.5,4210.56,4203.0,4207.51,63.8512,2025,10,17
2025-10-17 17:35:00+00:00,4207.51,4221.03,4207.51,4219.97,98.6618,2025,10,17
2025-10-17 17:40:00+00:00,4219.97,4243.18,4219.4,4227.56,120.8422,2025,10,17
2025-10-17 17:45:00+00:00,4227.56,4231.44,4224.01,4231.3,37.2056,2025,10,17
2025-10-17 17:50:00+00:00,4231.29,4231.44,4223.55,4225.38,63.62,2025,10,17
2025-10-17 17:55:00+00:00,4224.37,4229.6,4222.56,4226.5,70.3585,2025,10,17
2025-10-17 18:00:00+00:00,4226.5,4243.18,4225.18,4237.75,65.6995,2025,10,17
2025-10-17 18:05:00+00:00,4237.75,4244.76,4225.58,4242.87,144.6015,2025,10,17
2025-10-17 18:10:00+00:00,4242.86,4249.0,4236.1,4240.47,170.673,2025,10,17
2025-10-17 18:15:00+00:00,4240.8,4248.41,4235.89,4247.22,44.1308,2025,10,17
2025-10-17 18:20:00+00:00,4247.22,4254.6,4243.88,4251.13,70.0617,2025,10,17
2025-10-17 18:25:00+00:00,4251.13,4256.99,4251.13,4256.07,46.3673,2025,10,17
2025-10-17 18:30:00+00:00,4256.06,4257.36,4251.6,4253.78,46.323,2025,10,17
2025-10-17 18:35:00+00:00,4253.77,4257.29,4252.44,4254.0,40.9309,2025,10,17
2025-10-17 18:40:00+00:00,4254.25,4257.23,4247.64,4251.01,45.1605,2025,10,17
2025-10-17 18:45:00+00:00,4251.0,4255.0,4250.93,4255.0,24.1455,2025,10,17
2025-10-17 18:50:00+00:00,4255.0,4257.28,4249.67,4249.8,30.6035,2025,10,17
2025-10-17 18:55:00+00:00,4249.79,4251.02,4246.64,4251.02,37.1422,2025,10,17
2025-10-17 19:00:00+00:00,4251.02,4252.3,4246.59,4247.97,23.7599,2025,10,17
2025-10-17 19:05:00+00:00,4247.97,4251.84,4246.43,4246.44,17.9517,2025,10,17
2025-10-17 19:10:00+00:00,4246.43,4246.55,4238.0,4238.01,26.9673,2025,10,17
2025-10-17 19:15:00+00:00,4238.0,4238.99,4227.61,4228.33,36.5738,2025,10,17
2025-10-17 19:20:00+00:00,4228.33,4237.68,4228.33,4235.68,88.6439,2025,10,17
2025-10-17 19:25:00+00:00,4235.68,4236.24,4225.64,4230.47,37.473,2025,10,17
2025-10-17 19:30:00+00:00,4230.46,4242.24,4229.01,4240.0,79.8726,2025,10,17
2025-10-17 19:35:00+00:00,4240.0,4241.39,4235.17,4237.93,30.3603,2025,10,17
2025-10-17 19:40:00+00:00,4237.93,4239.16,4233.88,4234.91,35.2558,2025,10,17
2025-10-17 19:45:00+00:00,4234.9,4236.19,4233.28,4234.31,19.5949,2025,10,17
2025-10-17 19:50:00+00:00,4234.31,4240.62,4231.89,4232.77,35.6732,2025,10,17
2025-10-17 19:55:00+00:00,4232.88,4240.63,4230.49,4236.8,19.09,2025,10,17
2025-10-17 20:00:00+00:00,4236.81,4240.73,4231.4,4231.98,119.9168,2025,10,17
2025-10-17 20:05:00+00:00,4231.79,4244.28,4231.79,4242.72,41.6275,2025,10,17
2025-10-17 20:10:00+00:00,4242.49,4244.15,4240.08,4242.89,31.97,2025,10,17
2025-10-17 20:15:00+00:00,4242.88,4246.79,4241.29,4244.47,38.2172,2025,10,17
2025-10-17 20:20:00+00:00,4244.47,4246.56,4241.76,4246.56,40.4758,2025,10,17
2025-10-17 20:25:00+00:00,4246.56,4254.96,4245.6,4254.96,66.3915,2025,10,17
2025-10-17 20:30:00+00:00,4254.96,4256.56,4252.55,4252.7,15.4336,2025,10,17
2025-10-17 20:35:00+00:00,4252.7,4259.58,4251.61,4255.2,42.8588,2025,10,17
2025-10-17 20:40:00+00:00,4255.21,4256.16,4252.81,4256.16,16.2955,2025,10,17
2025-10-17 20:45:00+00:00,4256.16,4261.3,4255.0,4259.83,139.7518,2025,10,17
2025-10-17 20:50:00+00:00,4259.83,4260.3,4256.16,4258.09,41.6145,2025,10,17
2025-10-17 20:55:00+00:00,4258.2,4262.7,4258.12,4262.51,48.3366,2025,10,17
2025-10-17 21:00:00+00:00,4262.51,4266.16,4262.39,4265.3,76.5522,2025,10,17
2025-10-17 21:05:00+00:00,4265.29,4270.89,4263.06,4267.62,37.4619,2025,10,17
2025-10-17 21:10:00+00:00,4267.61,4272.15,4266.19,4270.85,19.9513,2025,10,17
2025-10-17 21:15:00+00:00,4270.85,4271.76,4258.16,4259.09,63.557,2025,10,17
2025-10-17 21:20:00+00:00,4259.1,4263.16,4254.52,4257.7,54.4062,2025,10,17
2025-10-17 21:25:00+00:00,4257.69,4260.96,4257.5,4257.51,39.8108,2025,10,17
2025-10-17 21:30:00+00:00,4257.51,4259.96,4255.0,4257.11,31.9,2025,10,17
2025-10-17 21:35:00+00:00,4257.12,4267.04,4257.12,4264.81,39.7482,2025,10,17
2025-10-17 21:40:00+00:00,4264.81,4265.29,4260.96,4260.96,19.5916,2025,10,17
2025-10-17 21:45:00+00:00,4260.96,4267.44,4260.73,4267.44,24.704,2025,10,17
2025-10-17 21:50:00+00:00,4267.68,4271.59,4263.84,4263.84,17.7778,2025,10,17
2025-10-17 21:55:00+00:00,4263.66,4267.9,4263.65,4265.22,21.1375,2025,10,17
2025-10-17 22:00:00+00:00,4265.22,4268.12,4264.09,4266.96,43.6981,2025,10,17
2025-10-17 22:05:00+00:00,4266.73,4269.0,4262.75,4264.0,51.2747,2025,10,17
2025-10-17 22:10:00+00:00,4264.0,4266.46,4261.92,4263.36,35.7813,2025,10,17
2025-10-17 22:15:00+00:00,4263.12,4267.2,4262.64,4264.09,29.006,2025,10,17
2025-10-17 22:20:00+00:00,4264.08,4264.55,4260.26,4260.45,39.6363,2025,10,17
2025-10-17 22:25:00+00:00,4260.29,4263.31,4260.01,4260.81,25.5692,2025,10,17
2025-10-17 22:30:00+00:00,4260.82,4262.15,4254.87,4256.41,39.3069,2025,10,17
2025-10-17 22:35:00+00:00,4256.41,4261.11,4256.41,4260.91,30.1294,2025,10,17
2025-10-17 22:40:00+00:00,4260.92,4268.16,4260.92,4266.99,29.3179,2025,10,17
2025-10-17 22:45:00+00:00,4266.84,4271.82,4266.09,4271.53,200.7679,2025,10,17
2025-10-17 22:50:00+00:00,4271.5,4272.6,4262.56,4266.91,128.7531,2025,10,17
2025-10-17 22:55:00+00:00,4266.91,4267.48,4264.6,4265.02,14.6154,2025,10,17
2025-10-17 23:00:00+00:00,4265.03,4267.63,4263.48,4264.19,27.9003,2025,10,17
2025-10-17 23:05:00+00:00,4264.2,4265.14,4260.13,4264.78,40.0776,2025,10,17
2025-10-17 23:10:00+00:00,4264.79,4272.31,4264.79,4272.31,93.4518,2025,10,17
2025-10-17 23:15:00+00:00,4272.31,4273.28,4269.62,4270.23,156.8459,2025,10,17
2025-10-17 23:20:00+00:00,4270.23,4270.77,4263.51,4263.54,85.0532,2025,10,17
2025-10-17 23:25:00+00:00,4263.54,4264.15,4261.8,4261.99,27.3299,2025,10,17
2025-10-17 23:30:00+00:00,4262.0,4263.2,4253.93,4255.65,165.3878,2025,10,17
2025-10-17 23:35:00+00:00,4255.64,4256.4,4253.28,4255.0,45.3836,2025,10,17
2025-10-17 23:40:00+00:00,4254.99,4257.4,4188.0,4240.0,971.757,2025,10,17
2025-10-17 23:45:00+00:00,4240.0,4244.97,4237.59,4239.98,348.9077,2025,10,17
2025-10-17 23:50:00+00:00,4239.98,4240.0,4238.19,4238.94,194.9007,2025,10,17
2025-10-17 23:55:00+00:00,4238.94,4240.0,4237.1,4238.93,83.2446,2025,10,17
2025-10-18 00:00:00+00:00,4238.93,4245.36,4238.64,4245.36,196.7883,2025,10,18
2025-10-18 00:05:00+00:00,4245.36,4249.01,4243.23,4248.86,42.8203,2025,10,18
2025-10-18 00:10:00+00:00,4248.86,4259.28,4247.7,4249.45,99.1142,2025,10,18
2025-10-18 00:15:00+00:00,4249.45,4250.15,4248.96,4249.96,22.1743,2025,10,18
2025-10-18 00:20:00+00:00,4249.96,4254.1,4249.0,4250.0,65.0779,2025,10,18
2025-10-18 00:25:00+00:00,4250.0,4250.0,4242.26,4245.42,85.4838,2025,10,18
2025-10-18 00:30:00+00:00,4245.41,4246.18,4243.25,4245.7,13.1644,2025,10,18
2025-10-18 00:35:00+00:00,4245.7,4246.18,4243.6,4244.3,16.0008,2025,10,18
2025-10-18 00:40:00+00:00,4244.45,4247.34,4243.57,4244.44,16.5004,2025,10,18
2025-10-18 00:45:00+00:00,4244.63,4245.3,4242.99,4243.72,23.5476,2025,10,18
2025-10-18 00:50:00+00:00,4243.72,4245.6,4243.09,4244.45,14.0594,2025,10,18
2025-10-18 00:55:00+00:00,4244.45,4244.45,4241.83,4242.7,15.9392,2025,10,18
2025-10-18 01:00:00+00:00,4242.7,4245.7,4241.32,4241.91,13.9392,2025,10,18
2025-10-18 01:05:00+00:00,4241.91,4244.14,4241.54,4243.71,13.9063,2025,10,18
2025-10-18 01:10:00+00:00,4243.74,4244.24,4239.44,4241.72,84.626,2025,10,18
2025-10-18 01:15:00+00:00,4241.71,4242.41,4240.24,4241.71,67.3852,2025,10,18
2025-10-18 01:20:00+00:00,4241.65,4242.63,4240.79,4241.73,110.2642,2025,10,18
2025-10-18 01:25:00+00:00,4241.74,4241.87,4241.7,4241.83,27.7272,2025,10,18
2025-10-18 01:30:00+00:00,4241.83,4246.76,4241.7,4243.19,26.546,2025,10,18
2025-10-18 01:35:00+00:00,4243.19,4243.87,4241.91,4243.66,11.5613,2025,10,18
2025-10-18 01:40:00+00:00,4243.66,4244.73,4243.29,4244.73,14.8223,2025,10,18
2025-10-18 01:45:00+00:00,4244.73,4245.12,4244.2,4244.2,9.4497,2025,10,18
2025-10-18 01:50:00+00:00,4244.2,4244.2,4241.61,4241.61,19.5871,2025,10,18
2025-10-18 01:55:00+00:00,4241.61,4241.61,4240.2,4240.5,17.2032,2025,10,18
2025-10-18 02:00:00+00:00,4240.51,4240.51,4238.46,4239.5,19.3523,2025,10,18
2025-10-18 02:05:00+00:00,4239.51,4240.83,4239.5,4240.82,20.5868,2025,10,18
2025-10-18 02:10:00+00:00,4240.83,4243.58,4239.53,4240.97,43.3718,2025,10,18
2025-10-18 02:15:00+00:00,4240.97,4244.65,4240.96,4244.43,10.1417,2025,10,18
2025-10-18 02:20:00+00:00,4243.96,4247.98,4243.96,4247.98,27.1794,2025,10,18
2025-10-18 02:25:00+00:00,4247.98,4249.88,4247.17,4249.88,16.0811,2025,10,18
2025-10-18 02:30:00+00:00,4249.87,4253.65,4249.87,4251.11,20.9094,2025,10,18
2025-10-18 02:35:00+00:00,4251.12,4251.3,4241.09,4244.61,39.7375,2025,10,18
2025-10-18 02:40:00+00:00,4244.61,4246.43,4242.41,4243.28,22.6748,2025,10,18
2025-10-18 02:45:00+00:00,4243.27,4248.0,4243.27,4248.0,5.6237,2025,10,18
2025-10-18 02:50:00+00:00,4248.0,4248.21,4247.0,4247.19,7.4025,2025,10,18
2025-10-18 02:55:00+00:00,4247.19,4249.96,4247.18,4248.3,13.3969,2025,10,18
2025-10-18 03:00:00+00:00,4248.3,4251.23,4246.11,4246.11,19.0467,2025,10,18
2025-10-18 03:05:00+00:00,4246.11,4248.5,4246.11,4248.5,2.4932,2025,10,18
2025-10-18 03:10:00+00:00,4248.5,4249.14,4245.37,4245.37,109.9461,2025,10,18
2025-10-18 03:15:00+00:00,4245.37,4245.37,4242.86,4242.86,15.8068,2025,10,18
2025-10-18 03:20:00+00:00,4242.87,4242.96,4241.84,4242.95,12.648,2025,10,18
2025-10-18 03:25:00+00:00,4242.96,4245.57,4242.96,4243.86,20.0648,2025,10,18
2025-10-18 03:30:00+00:00,4243.7,4243.7,4241.52,4243.43,10.4713,2025,10,18
2025-10-18 03:35:00+00:00,4243.44,4243.62,4239.0,4240.63,56.9854,2025,10,18
2025-10-18 03:40:00+00:00,4240.63,4241.52,4240.63,4240.83,14.7698,2025,10,18
2025-10-18 03:45:00+00:00,4240.83,4245.35,4240.83,4244.03,33.8982,2025,10,18
2025-10-18 03:50:00+00:00,4244.03,4244.4,4242.69,4243.1,28.5277,2025,10,18
2025-10-18 03:55:00+00:00,4243.05,4247.27,4243.05,4246.44,38.2124,2025,10,18
2025-10-18 04:00:00+00:00,4246.44,4246.44,4240.24,4242.72,16.3444,2025,10,18
2025-10-18 04:05:00+00:00,4242.71,4242.71,4240.56,4241.27,5.6914,2025,10,18
2025-10-18 04:10:00+00:00,4241.27,4242.08,4240.1,4241.64,24.592,2025,10,18
2025-10-18 04:15:00+00:00,4241.64,4241.87,4241.63,4241.87,5.6081,2025,10,18
2025-10-18 04:20:00+00:00,4241.87,4245.36,4241.86,4245.35,9.6895,2025,10,18
2025-10-18 04:25:00+00:00,4245.37,4247.03,4242.78,4247.03,27.3019,2025,10,18
2025-10-18 04:30:00+00:00,4247.03,4250.49,4247.02,4250.49,28.8574,2025,10,18
2025-10-18 04:35:00+00:00,4250.52,4250.74,4249.27,4249.93,14.4319,2025,10,18
2025-10-18 04:40:00+00:00,4249.96,4250.75,4248.6,4250.04,14.3922,2025,10,18
2025-10-18 04:45:00+00:00,4250.03,4252.53,4250.03,4252.41,5.0234,2025,10,18
2025-10-18 04:50:00+00:00,4252.41,4252.41,4250.99,4251.0,7.9872,2025,10,18
2025-10-18 04:55:00+00:00,4251.1,4252.19,4246.86,4246.87,22.7588,2025,10,18
2025-10-18 05:00:00+00:00,4246.87,4249.44,4241.12,4249.44,34.0943,2025,10,18
2025-10-18 05:05:00+00:00,4249.43,4250.11,4245.84,4245.84,14.1606,2025,10,18
2025-10-18 05:10:00+00:00,4245.84,4245.84,4240.68,4242.96,12.4584,2025,10,18
2025-10-18 05:15:00+00:00,4242.96,4246.02,4242.88,4243.92,18.3717,2025,10,18
2025-10-18 05:20:00+00:00,4243.92,4245.0,4243.92,4244.99,24.1257,2025,10,18
2025-10-18 05:25:00+00:00,4244.99,4248.05,4244.99,4248.05,66.4871,2025,10,18
2025-10-18 05:30:00+00:00,4248.05,4248.05,4242.66,4242.67,10.2869,2025,10,18
2025-10-18 05:35:00+00:00,4242.67,4245.92,4238.65,4245.92,17.4442,2025,10,18
2025-10-18 05:40:00+00:00,4245.91,4247.43,4243.36,4243.36,4.7646,2025,10,18
2025-10-18 05:45:00+00:00,4243.35,4244.43,4239.95,4239.96,10.3591,2025,10,18
2025-10-18 05:50:00+00:00,4239.96,4240.66,4237.61,4240.08,29.0257,2025,10,18
2025-10-18 05:55:00+00:00,4240.08,4243.14,4239.24,4242.3,15.6249,2025,10,18
2025-10-18 06:00:00+00:00,4241.39,4242.71,4240.22,4242.71,16.7202,2025,10,18
2025-10-18 06:05:00+00:00,4242.77,4243.16,4239.17,4239.18,30.3003,2025,10,18
2025-10-18 06:10:00+00:00,4239.18,4240.4,4239.17,4240.4,8.4545,2025,10,18
2025-10-18 06:15:00+00:00,4240.4,4240.4,4239.1,4239.19,6.5562,2025,10,18
2025-10-18 06:20:00+00:00,4239.18,4241.0,4239.1,4240.31,36.3239,2025,10,18
2025-10-18 06:25:00+00:00,4240.31,4240.32,4239.11,4240.0,12.338,2025,10,18
2025-10-18 06:30:00+00:00,4240.01,4240.01,4237.29,4238.19,16.2717,2025,10,18
2025-10-18 06:35:00+00:00,4238.2,4241.29,4238.2,4241.29,11.2969,2025,10,18
2025-10-18 06:40:00+00:00,4241.39,4241.42,4238.41,4238.5,24.7168,2025,10,18
2025-10-18 06:45:00+00:00,4238.5,4239.0,4237.9,4237.9,15.4515,2025,10,18
2025-10-18 06:50:00+00:00,4237.9,4238.8,4237.89,4237.94,4.3194,2025,10,18
2025-10-18 06:55:00+00:00,4237.93,4238.0,4234.8,4236.44,19.8724,2025,10,18
2025-10-18 07:00:00+00:00,4236.44,4236.59,4234.2,4234.2,37.1008,2025,10,18
2025-10-18 07:05:00+00:00,4234.1,4234.99,4230.29,4231.04,63.5879,2025,10,18
2025-10-18 07:10:00+00:00,4231.04,4232.47,4226.0,4229.13,78.824,2025,10,18
2025-10-18 07:15:00+00:00,4229.13,4236.01,4229.13,4233.0,34.3472,2025,10,18
2025-10-18 07:20:00+00:00,4233.0,4233.01,4230.96,4232.52,20.1232,2025,10,18
2025-10-18 07:25:00+00:00,4232.59,4234.59,4232.09,4234.59,11.1748,2025,10,18
2025-10-18 07:30:00+00:00,4234.59,4236.6,4234.59,4236.51,3.6839,2025,10,18
2025-10-18 07:35:00+00:00,4236.5,4236.5,4231.51,4232.51,22.8847,2025,10,18
2025-10-18 07:40:00+00:00,4232.51,4234.97,4231.81,4234.96,24.8968,2025,10,18
2025-10-18 07:45:00+00:00,4234.96,4234.97,4231.7,4232.4,34.1662,2025,10,18
2025-10-18 07:50:00+00:00,4232.4,4235.4,4232.27,4235.4,37.7593,2025,10,18
2025-10-18 07:55:00+00:00,4235.4,4235.41,4235.07,4235.41,9.2669,2025,10,18
2025-10-18 08:00:00+00:00,4235.41,4240.25,4235.4,4240.25,23.312,2025,10,18
2025-10-18 08:05:00+00:00,4240.24,4241.88,4237.91,4239.51,15.3358,2025,10,18
2025-10-18 08:10:00+00:00,4239.5,4239.77,4238.1,4238.1,12.3327,2025,10,18
2025-10-18 08:15:00+00:00,4237.88,4240.63,4237.87,4239.47,25.7396,2025,10,18
2025-10-18 08:20:00+00:00,4239.47,4241.83,4239.46,4241.72,14.3587,2025,10,18
2025-10-18 08:25:00+00:00,4241.71,4241.72,4240.1,4240.1,5.296,2025,10,18
2025-10-18 08:30:00+00:00,4240.1,4241.24,4240.09,4240.21,21.8097,2025,10,18
2025-10-18 08:35:00+00:00,4240.2,4242.0,4240.0,4241.03,42.0451,2025,10,18
2025-10-18 08:40:00+00:00,4241.04,4241.52,4240.26,4240.27,5.4233,2025,10,18
2025-10-18 08:45:00+00:00,4240.26,4241.38,4240.0,4241.38,12.8717,2025,10,18
2025-10-18 08:50:00+00:00,4241.38,4241.9,4241.0,4241.49,14.4063,2025,10,18
2025-10-18 08:55:00+00:00,4241.49,4241.5,4237.96,4237.96,29.7163,2025,10,18
2025-10-18 09:00:00+00:00,4237.97,4239.12,4237.01,4239.12,3.7565,2025,10,18
2025-10-18 09:05:00+00:00,4239.12,4240.01,4236.49,4236.5,13.3403,2025,10,18
2025-10-18 09:10:00+00:00,4236.49,4237.64,4236.03,4236.5,17.3863,2025,10,18
2025-10-18 09:15:00+00:00,4236.5,4236.5,4236.0,4236.14,34.2424,2025,10,18
2025-10-18 09:20:00+00:00,4236.15,4239.21,4236.15,4238.29,20.3263,2025,10,18
2025-10-18 09:25:00+00:00,4238.28,4239.2,4238.27,4239.2,3.7686,2025,10,18
2025-10-18 09:30:00+00:00,4239.2,4240.98,4239.19,4240.88,22.3133,2025,10,18
2025-10-18 09:35:00+00:00,4240.89,4243.2,4240.89,4243.19,8.3933,2025,10,18
2025-10-18 09:40:00+00:00,4243.19,4248.01,4243.19,4247.63,35.2544,2025,10,18
2025-10-18 09:45:00+00:00,4247.64,4247.64,4243.85,4243.85,13.4483,2025,10,18
2025-10-18 09:50:00+00:00,4243.85,4250.0,4242.91,4249.24,73.5481,2025,10,18
2025-10-18 09:55:00+00:00,4249.25,4249.25,4244.6,4244.6,17.2215,2025,10,18
2025-10-18 10:00:00+00:00,4244.6,4245.35,4240.03,4244.34,24.7363,2025,10,18
2025-10-18 10:05:00+00:00,4244.34,4245.19,4242.88,4243.64,7.1625,2025,10,18
2025-10-18 10:10:00+00:00,4243.65,4243.65,4241.58,4241.59,3.1532,2025,10,18
2025-10-18 10:15:00+00:00,4241.58,4243.38,4241.01,4241.79,18.5069,2025,10,18
2025-10-18 10:20:00+00:00,4241.8,4242.03,4241.79,4242.03,3.818,2025,10,18
2025-10-18 10:25:00+00:00,4242.03,4242.03,4241.42,4241.43,8.5625,2025,10,18
2025-10-18 10:30:00+00:00,4241.42,4244.95,4241.42,4244.81,12.4054,2025,10,18
2025-10-18 10:35:00+00:00,4244.81,4244.94,4243.91,4244.93,19.7043,2025,10,18
2025-10-18 10:40:00+00:00,4244.94,4249.66,4244.94,4248.0,22.5834,2025,10,18
2025-10-18 10:45:00+00:00,4248.01,4248.59,4242.18,4242.74,9.9009,2025,10,18
2025-10-18 10:50:00+00:00,4242.74,4242.9,4240.46,4241.84,9.9537,2025,10,18
2025-10-18 10:55:00+00:00,4241.84,4242.44,4240.14,4240.14,9.7225,2025,10,18
2025-10-18 11:00:00+00:00,4240.15,4240.91,4240.11,4240.53,20.3519,2025,10,18
2025-10-18 11:05:00+00:00,4240.53,4242.55,4240.3,4242.54,5.682,2025,10,18
2025-10-18 11:10:00+00:00,4242.55,4243.88,4242.54,4243.57,7.7602,2025,10,18
2025-10-18 11:15:00+00:00,4243.57,4244.23,4242.0,4242.25,9.9274,2025,10,18
2025-10-18 11:20:00+00:00,4242.25,4243.08,4242.24,4243.07,15.2387,2025,10,18
2025-10-18 11:25:00+00:00,4243.07,4243.08,4240.9,4240.91,19.8579,2025,10,18
2025-10-18 11:30:00+00:00,4240.91,4240.91,4240.0,4240.09,8.4237,2025,10,18
2025-10-18 11:35:00+00:00,4240.1,4240.1,4239.28,4239.28,11.6835,2025,10,18
2025-10-18 11:40:00+00:00,4239.28,4241.16,4239.01,4240.68,12.8199,2025,10,18
2025-10-18 11:45:00+00:00,4240.68,4241.65,4240.44,4240.95,12.0129,2025,10,18
2025-10-18 11:50:00+00:00,4240.95,4240.96,4239.75,4239.75,0.9869,2025,10,18
2025-10-18 11:55:00+00:00,4239.75,4239.75,4237.47,4238.43,33.3544,2025,10,18
2025-10-18 12:00:00+00:00,4238.43,4242.36,4234.78,4237.92,39.0294,2025,10,18
2025-10-18 12:05:00+00:00,4237.91,4237.92,4237.21,4237.21,2.4898,2025,10,18
2025-10-18 12:10:00+00:00,4237.21,4240.53,4237.21,4239.0,8.7083,2025,10,18
2025-10-18 12:15:00+00:00,4239.0,4239.0,4237.68,4237.68,12.175,2025,10,18
2025-10-18 12:20:00+00:00,4237.69,4239.0,4237.68,4238.99,9.8304,2025,10,18
2025-10-18 12:25:00+00:00,4238.99,4239.0,4238.99,4238.99,14.3093,2025,10,18
2025-10-18 12:30:00+00:00,4239.0,4239.0,4238.99,4238.99,12.4151,2025,10,18
2025-10-18 12:35:00+00:00,4238.99,4239.0,4237.09,4237.15,17.5462,2025,10,18
2025-10-18 12:40:00+00:00,4237.15,4237.16,4234.84,4237.15,17.3868,2025,10,18
2025-10-18 12:45:00+00:00,4237.14,4238.61,4237.14,4238.61,4.0819,2025,10,18
2025-10-18 12:50:00+00:00,4238.78,4241.77,4238.78,4239.81,46.8484,2025,10,18
2025-10-18 12:55:00+00:00,4239.8,4239.8,4237.99,4237.99,10.8336,2025,10,18
2025-10-18 13:00:00+00:00,4238.0,4238.0,4237.59,4237.6,5.0199,2025,10,18
2025-10-18 13:05:00+00:00,4237.6,4237.6,4236.97,4236.98,6.4008,2025,10,18
2025-10-18 13:10:00+00:00,4236.97,4238.64,4236.97,4238.64,10.4886,2025,10,18
2025-10-18 13:15:00+00:00,4238.64,4238.79,4237.1,4237.11,11.6229,2025,10,18
2025-10-18 13:20:00+00:00,4237.1,4241.23,4237.1,4240.39,10.2432,2025,10,18
2025-10-18 13:25:00+00:00,4240.39,4241.31,4240.38,4240.39,4.3179,2025,10,18
2025-10-18 13:30:00+00:00,4240.39,4240.59,4239.51,4239.51,8.6575,2025,10,18
2025-10-18 13:35:00+00:00,4239.41,4241.96,4239.41,4240.09,14.7743,2025,10,18
2025-10-18 13:40:00+00:00,4240.09,4241.54,4239.85,4241.54,7.4418,2025,10,18
2025-10-18 13:45:00+00:00,4241.53,4243.85,4241.53,4243.7,14.607,2025,10,18
2025-10-18 13:50:00+00:00,4243.7,4243.86,4243.17,4243.86,3.661,2025,10,18
2025-10-18 13:55:00+00:00,4243.86,4246.85,4243.85,4244.72,11.9823,2025,10,18
2025-10-18 14:00:00+00:00,4244.52,4246.71,4244.51,4246.7,9.6432,2025,10,18
2025-10-18 14:05:00+00:00,4246.71,4248.0,4245.7,4246.31,18.3793,2025,10,18
2025-10-18 14:10:00+00:00,4246.2,4246.2,4240.08,4240.59,19.8906,2025,10,18
2025-10-18 14:15:00+00:00,4240.59,4245.6,4240.59,4245.6,11.6907,2025,10,18
2025-10-18 14:20:00+00:00,4245.6,4245.6,4243.04,4243.43,8.0828,2025,10,18
2025-10-18 14:25:00+00:00,4243.44,4243.44,4243.05,4243.06,4.0868,2025,10,18
2025-10-18 14:30:00+00:00,4243.06,4245.23,4242.12,4245.23,9.3824,2025,10,18
2025-10-18 14:35:00+00:00,4245.23,4248.79,4239.99,4244.1,88.139,2025,10,18
2025-10-18 14:40:00+00:00,4244.7,4244.7,4242.82,4242.83,16.0005,2025,10,18
2025-10-18 14:45:00+00:00,4242.83,4242.83,4240.87,4240.91,8.0077,2025,10,18
2025-10-18 14:50:00+00:00,4240.91,4240.91,4238.84,4239.79,14.366,2025,10,18
2025-10-18 14:55:00+00:00,4239.78,4239.9,4239.55,4239.56,4.5844,2025,10,18
2025-10-18 15:00:00+00:00,4239.55,4239.78,4237.81,4239.47,9.2394,2025,10,18
2025-10-18 15:05:00+00:00,4239.46,4241.71,4239.0,4240.41,11.4996,2025,10,18
2025-10-18 15:10:00+00:00,4240.41,4241.6,4240.11,4241.13,10.1716,2025,10,18
2025-10-18 15:15:00+00:00,4241.13,4241.71,4241.0,4241.01,8.3325,2025,10,18
2025-10-18 15:20:00+00:00,4241.0,4241.01,4239.69,4240.2,8.6678,2025,10,18
2025-10-18 15:25:00+00:00,4240.21,4240.21,4240.09,4240.1,3.5362,2025,10,18
2025-10-18 15:30:00+00:00,4240.09,4240.1,4239.6,4239.7,4.1074,2025,10,18
2025-10-18 15:35:00+00:00,4239.69,4239.7,4233.46,4235.87,56.659,2025,10,18
2025-10-18 15:40:00+00:00,4235.87,4239.04,4235.86,4239.04,11.5839,2025,10,18
2025-10-18 15:45:00+00:00,4239.04,4242.75,4239.04,4242.39,30.7718,2025,10,18
2025-10-18 15:50:00+00:00,4242.4,4242.98,4240.14,4240.8,8.9385,2025,10,18
2025-10-18 15:55:00+00:00,4240.79,4246.05,4240.79,4244.1,32.7241,2025,10,18
2025-10-18 16:00:00+00:00,4244.11,4245.2,4243.67,4243.68,11.5162,2025,10,18
2025-10-18 16:05:00+00:00,4243.68,4243.68,4243.67,4243.68,2.5656,2025,10,18
2025-10-18 16:10:00+00:00,4243.68,4244.19,4243.68,4243.84,6.194,2025,10,18
2025-10-18 16:15:00+00:00,4243.84,4243.84,4240.5,4240.5,3.8381,2025,10,18
2025-10-18 16:20:00+00:00,4240.01,4240.01,4239.12,4239.12,3.5822,2025,10,18
2025-10-18 16:25:00+00:00,4239.13,4239.37,4239.0,4239.36,3.0099,2025,10,18
2025-10-18 16:30:00+00:00,4239.37,4243.21,4238.17,4243.0,35.5949,2025,10,18
2025-10-18 16:35:00+00:00,4243.0,4243.0,4239.89,4239.89,3.0104,2025,10,18
2025-10-18 16:40:00+00:00,4239.89,4241.44,4239.63,4240.01,14.4404,2025,10,18
2025-10-18 16:45:00+00:00,4240.01,4240.01,4239.46,4239.8,2.4762,2025,10,18
2025-10-18 16:50:00+00:00,4239.79,4244.06,4239.79,4244.06,12.832,2025,10,18
2025-10-18 16:55:00+00:00,4244.07,4246.45,4244.06,4245.77,15.372,2025,10,18
2025-10-18 17:00:00+00:00,4245.78,4247.07,4245.78,4247.07,2.2614,2025,10,18
2025-10-18 17:05:00+00:00,4247.07,4247.29,4243.88,4247.1,12.7411,2025,10,18
2025-10-18 17:10:00+00:00,4247.27,4249.29,4247.27,4249.29,5.0469,2025,10,18
2025-10-18 17:15:00+00:00,4249.32,4252.94,4249.32,4252.38,86.8048,2025,10,18
2025-10-18 17:20:00+00:00,4252.38,4253.15,4250.05,4253.15,14.3992,2025,10,18
2025-10-18 17:25:00+00:00,4253.15,4258.44,4253.15,4256.56,40.0985,2025,10,18
2025-10-18 17:30:00+00:00,4256.55,4259.95,4256.55,4258.8,25.6265,2025,10,18
2025-10-18 17:35:00+00:00,4258.79,4259.69,4255.45,4255.45,19.3986,2025,10,18
2025-10-18 17:40:00+00:00,4255.45,4259.68,4255.45,4258.44,16.7092,2025,10,18
2025-10-18 17:45:00+00:00,4258.43,4259.01,4257.31,4258.48,17.554,2025,10,18
2025-10-18 17:50:00+00:00,4258.48,4262.36,4258.47,4261.0,36.3326,2025,10,18
2025-10-18 17:55:00+00:00,4261.0,4261.39,4260.01,4260.6,7.9804,2025,10,18
2025-10-18 18:00:00+00:00,4260.7,4260.7,4258.34,4259.5,5.3961,2025,10,18
2025-10-18 18:05:00+00:00,4259.5,4259.5,4258.5,4259.18,13.5538,2025,10,18
2025-10-18 18:10:00+00:00,4259.17,4259.17,4257.31,4258.52,14.5197,2025,10,18
2025-10-18 18:15:00+00:00,4258.53,4258.53,4258.52,4258.52,3.0073,2025,10,18
2025-10-18 18:20:00+00:00,4258.53,4260.71,4258.52,4258.69,10.466,2025,10,18
2025-10-18 18:25:00+00:00,4258.68,4258.68,4257.31,4257.44,6.8932,2025,10,18
2025-10-18 18:30:00+00:00,4257.43,4260.41,4257.43,4260.32,11.2984,2025,10,18
2025-10-18 18:35:00+00:00,4260.31,4260.32,4259.99,4260.0,3.1364,2025,10,18
2025-10-18 18:40:00+00:00,4260.0,4260.04,4259.99,4260.04,10.1088,2025,10,18
2025-10-18 18:45:00+00:00,4260.04,4261.94,4260.0,4260.0,21.2717,2025,10,18
2025-10-18 18:50:00+00:00,4260.01,4260.01,4258.56,4259.59,10.4637,2025,10,18
2025-10-18 18:55:00+00:00,4259.59,4261.22,4259.59,4261.22,20.8357,2025,10,18
2025-10-18 19:00:00+00:00,4261.31,4261.31,4260.2,4260.2,2.0625,2025,10,18
2025-10-18 19:05:00+00:00,4260.2,4261.0,4260.1,4261.0,5.4871,2025,10,18
2025-10-18 19:10:00+00:00,4260.99,4260.99,4257.99,4258.0,3.162,2025,10,18
2025-10-18 19:15:00+00:00,4258.0,4261.66,4258.0,4261.41,11.0827,2025,10,18
2025-10-18 19:20:00+00:00,4261.42,4262.65,4261.41,4262.07,9.6437,2025,10,18
2025-10-18 19:25:00+00:00,4262.09,4263.65,4262.08,4262.29,18.6765,2025,10,18
2025-10-18 19:30:00+00:00,4262.3,4262.79,4262.08,4262.79,10.673,2025,10,18
2025-10-18 19:35:00+00:00,4262.79,4263.87,4262.61,4263.31,19.5441,2025,10,18
2025-10-18 19:40:00+00:00,4262.73,4263.75,4260.87,4263.1,31.4437,2025,10,18
2025-10-18 19:45:00+00:00,4263.09,4263.1,4262.98,4263.1,7.2807,2025,10,18
2025-10-18 19:50:00+00:00,4263.09,4265.58,4263.09,4264.76,26.1389,2025,10,18
2025-10-18 19:55:00+00:00,4264.76,4265.39,4264.67,4265.39,8.3024,2025,10,18
2025-10-18 20:00:00+00:00,4265.39,4265.66,4263.16,4265.31,13.6923,2025,10,18
2025-10-18 20:05:00+00:00,4265.3,4265.99,4265.3,4265.78,7.42,2025,10,18
2025-10-18 20:10:00+00:00,4265.79,4266.66,4263.85,4263.86,11.1923,2025,10,18
2025-10-18 20:15:00+00:00,4263.86,4264.97,4262.72,4263.88,8.9714,2025,10,18
2025-10-18 20:20:00+00:00,4263.88,4263.88,4263.71,4263.75,9.1635,2025,10,18
2025-10-18 20:25:00+00:00,4263.75,4265.95,4263.74,4265.94,3.1963,2025,10,18
2025-10-18 20:30:00+00:00,4265.95,4266.01,4264.01,4264.03,19.7674,2025,10,18
2025-10-18 20:35:00+00:00,4264.03,4264.03,4260.07,4260.96,15.7596,2025,10,18
2025-10-18 20:40:00+00:00,4260.95,4260.95,4259.07,4260.82,10.3716,2025,10,18
2025-10-18 20:45:00+00:00,4260.81,4260.81,4256.0,4256.0,124.8165,2025,10,18
2025-10-18 20:50:00+00:00,4255.77,4255.77,4250.32,4250.45,66.9324,2025,10,18
2025-10-18 20:55:00+00:00,4250.45,4250.46,4250.01,4250.12,7.1378,2025,10,18
2025-10-18 21:00:00+00:00,4250.12,4250.12,4247.15,4249.03,54.8147,2025,10,18
2025-10-18 21:05:00+00:00,4249.02,4249.03,4249.02,4249.03,1.5281,2025,10,18
2025-10-18 21:10:00+00:00,4249.02,4249.03,4246.8,4248.32,12.4844,2025,10,18
2025-10-18 21:15:00+00:00,4248.49,4248.49,4246.0,4246.7,9.3336,2025,10,18
2025-10-18 21:20:00+00:00,4246.7,4247.99,4246.03,4247.91,11.3952,2025,10,18
2025-10-18 21:25:00+00:00,4247.91,4247.99,4247.55,4247.56,3.3812,2025,10,18
2025-10-18 21:30:00+00:00,4247.55,4247.76,4247.42,4247.42,3.7514,2025,10,18
2025-10-18 21:35:00+00:00,4247.29,4247.29,4242.77,4244.64,25.9115,2025,10,18
2025-10-18 21:40:00+00:00,4244.63,4247.48,4244.3,4246.56,27.2767,2025,10,18
2025-10-18 21:45:00+00:00,4246.56,4246.57,4242.94,4244.49,24.8097,2025,10,18
2025-10-18 21:50:00+00:00,4244.49,4244.5,4234.3,4241.13,111.9477,2025,10,18
2025-10-18 21:55:00+00:00,4241.13,4247.74,4241.12,4246.78,20.5803,2025,10,18
2025-10-18 22:00:00+00:00,4246.78,4247.78,4246.77,4247.47,7.9786,2025,10,18
2025-10-18 22:05:00+00:00,4247.47,4247.47,4239.97,4240.67,32.6266,2025,10,18
2025-10-18 22:10:00+00:00,4240.68,4242.48,4239.85,4242.47,13.6295,2025,10,18
2025-10-18 22:15:00+00:00,4242.48,4245.77,4242.48,4242.61,21.281,2025,10,18
2025-10-18 22:20:00+00:00,4242.6,4242.61,4241.52,4241.53,6.3627,2025,10,18
2025-10-18 22:25:00+00:00,4241.52,4241.71,4240.14,4241.71,25.8603,2025,10,18
2025-10-18 22:30:00+00:00,4241.7,4243.62,4241.7,4243.14,8.7364,2025,10,18
2025-10-18 22:35:00+00:00,4243.14,4243.66,4242.75,4243.66,22.6026,2025,10,18
2025-10-18 22:40:00+00:00,4243.67,4249.83,4243.66,4248.54,49.8574,2025,10,18
2025-10-18 22:45:00+00:00,4248.54,4251.65,4248.54,4251.65,16.5872,2025,10,18
2025-10-18 22:50:00+00:00,4251.64,4253.44,4251.64,4253.44,2.7953,2025,10,18
2025-10-18 22:55:00+00:00,4253.44,4255.0,4253.44,4254.27,13.5972,2025,10,18
2025-10-18 23:00:00+00:00,4254.28,4255.78,4252.99,4255.78,12.9532,2025,10,18
2025-10-18 23:05:00+00:00,4255.78,4258.09,4255.78,4256.34,7.486,2025,10,18
2025-10-18 23:10:00+00:00,4256.34,4256.34,4250.89,4250.89,9.1796,2025,10,18
2025-10-18 23:15:00+00:00,4250.89,4250.9,4245.92,4247.75,13.6586,2025,10,18
2025-10-18 23:20:00+00:00,4247.75,4247.76,4245.01,4245.01,3.016,2025,10,18
2025-10-18 23:25:00+00:00,4245.01,4246.32,4241.97,4245.11,44.0479,2025,10,18
2025-10-18 23:30:00+00:00,4245.12,4246.56,4245.12,4245.13,4.0125,2025,10,18
2025-10-18 23:35:00+00:00,4245.12,4245.12,4244.41,4244.42,5.0755,2025,10,18
2025-10-18 23:40:00+00:00,4244.42,4244.42,4243.05,4243.05,5.7503,2025,10,18
2025-10-18 23:45:00+00:00,4243.06,4244.09,4242.64,4244.09,7.5378,2025,10,18
2025-10-18 23:50:00+00:00,4244.09,4245.12,4243.34,4244.16,18.103,2025,10,18
2025-10-18 23:55:00+00:00,4244.15,4246.75,4241.83,4242.81,22.1048,2025,10,18
2025-10-19 00:00:00+00:00,4242.81,4249.26,4242.81,4246.89,22.8561,2025,10,19
2025-10-19 00:05:00+00:00,4246.88,4246.88,4243.92,4246.08,9.08,2025,10,19
2025-10-19 00:10:00+00:00,4246.07,4247.52,4244.66,4244.67,24.2325,2025,10,19
2025-10-19 00:15:00+00:00,4244.66,4244.67,4242.98,4244.34,3.8162,2025,10,19
2025-10-19 00:20:00+00:00,4244.34,4246.56,4244.34,4246.56,4.7381,2025,10,19
2025-10-19 00:25:00+00:00,4246.56,4247.45,4244.36,4245.71,5.3103,2025,10,19
2025-10-19 00:30:00+00:00,4245.7,4245.71,4244.63,4245.58,5.8193,2025,10,19
2025-10-19 00:35:00+00:00,4245.57,4246.14,4242.84,4242.85,12.6025,2025,10,19
2025-10-19 00:40:00+00:00,4242.84,4245.36,4242.84,4245.16,9.7828,2025,10,19
2025-10-19 00:45:00+00:00,4245.16,4248.29,4245.15,4247.0,11.4962,2025,10,19
2025-10-19 00:50:00+00:00,4247.0,4251.42,4247.0,4251.42,9.4963,2025,10,19
2025-10-19 00:55:00+00:00,4251.42,4252.27,4251.42,4252.27,3.5884,2025,10,19
2025-10-19 01:00:00+00:00,4252.26,4253.12,4249.94,4250.13,4.1371,2025,10,19
2025-10-19 01:05:00+00:00,4250.13,4250.13,4245.98,4247.61,10.3126,2025,10,19
2025-10-19 01:10:00+00:00,4247.62,4250.23,4247.61,4250.19,3.1152,2025,10,19
2025-10-19 01:15:00+00:00,4250.19,4251.11,4248.33,4248.33,12.504,2025,10,19
2025-10-19 01:20:00+00:00,4248.34,4248.35,4248.26,4248.34,5.7758,2025,10,19
2025-10-19 01:25:00+00:00,4248.34,4248.94,4248.34,4248.86,7.4924,2025,10,19
2025-10-19 01:30:00+00:00,4248.85,4248.86,4248.84,4248.86,6.9793,2025,10,19
2025-10-19 01:35:00+00:00,4248.86,4251.75,4248.85,4249.44,12.348,2025,10,19
2025-10-19 01:40:00+00:00,4249.43,4251.35,4249.05,4250.41,7.3215,2025,10,19
2025-10-19 01:45:00+00:00,4250.41,4253.53,4250.41,4253.53,1.0557,2025,10,19
2025-10-19 01:50:00+00:00,4253.53,4253.94,4252.76,4253.94,16.5011,2025,10,19
2025-10-19 01:55:00+00:00,4253.94,4253.94,4253.1,4253.93,8.7049,2025,10,19
2025-10-19 02:00:00+00:00,4253.97,4254.24,4253.96,4254.23,10.78,2025,10,19
2025-10-19 02:05:00+00:00,4254.24,4254.4,4252.24,4253.28,11.4898,2025,10,19
2025-10-19 02:10:00+00:00,4253.28,4255.88,4253.28,4254.72,7.0165,2025,10,19
2025-10-19 02:15:00+00:00,4254.71,4256.24,4253.7,4255.88,14.2055,2025,10,19
2025-10-19 02:20:00+00:00,4255.88,4255.88,4253.7,4255.52,8.2771,2025,10,19
2025-10-19 02:25:00+00:00,4255.51,4255.52,4255.51,4255.51,1.0628,2025,10,19
2025-10-19 02:30:00+00:00,4255.52,4257.23,4255.51,4257.23,2.8595,2025,10,19
2025-10-19 02:35:00+00:00,4257.23,4257.23,4252.65,4256.57,7.8929,2025,10,19
2025-10-19 02:40:00+00:00,4256.58,4256.59,4255.35,4256.1,4.5921,2025,10,19
2025-10-19 02:45:00+00:00,4256.1,4256.1,4253.76,4253.84,3.4971,2025,10,19
2025-10-19 02:50:00+00:00,4253.84,4255.35,4253.83,4255.35,3.0149,2025,10,19
2025-10-19 02:55:00+00:00,4255.44,4257.12,4255.43,4256.19,2.3733,2025,10,19
2025-10-19 03:00:00+00:00,4256.18,4257.96,4248.56,4248.95,46.2832,2025,10,19
2025-10-19 03:05:00+00:00,4248.96,4250.34,4242.02,4242.03,194.3979,2025,10,19
2025-10-19 03:10:00+00:00,4243.19,4245.97,4241.81,4243.38,90.3246,2025,10,19
2025-10-19 03:15:00+00:00,4243.39,4243.46,4236.82,4243.1,299.8621,2025,10,19
2025-10-19 03:20:00+00:00,4243.1,4243.99,4237.5,4242.24,74.9844,2025,10,19
2025-10-19 03:25:00+00:00,4242.24,4242.24,4235.34,4238.64,266.4158,2025,10,19
2025-10-19 03:30:00+00:00,4238.3,4241.79,4238.29,4241.78,13.3431,2025,10,19
2025-10-19 03:35:00+00:00,4241.78,4242.47,4241.78,4242.46,1.0899,2025,10,19
2025-10-19 03:40:00+00:00,4242.47,4244.75,4242.47,4243.93,6.8898,2025,10,19
2025-10-19 03:45:00+00:00,4243.92,4243.98,4240.11,4240.8,10.0541,2025,10,19
2025-10-19 03:50:00+00:00,4241.06,4242.23,4241.05,4242.18,8.2201,2025,10,19
2025-10-19 03:55:00+00:00,4242.19,4243.42,4242.18,4242.81,15.811,2025,10,19
2025-10-19 04:00:00+00:00,4242.89,4243.68,4242.12,4242.13,2.6597,2025,10,19
2025-10-19 04:05:00+00:00,4242.12,4244.24,4241.06,4242.18,28.4555,2025,10,19
2025-10-19 04:10:00+00:00,4242.19,4246.24,4242.19,4245.13,24.8828,2025,10,19
2025-10-19 04:15:00+00:00,4245.12,4245.5,4245.12,4245.36,9.5978,2025,10,19
2025-10-19 04:20:00+00:00,4245.37,4245.84,4245.37,4245.83,1.5129,2025,10,19
2025-10-19 04:25:00+00:00,4245.84,4248.24,4245.0,4248.24,2.8676,2025,10,19
2025-10-19 04:30:00+00:00,4248.24,4248.47,4244.55,4244.55,7.4552,2025,10,19
2025-10-19 04:35:00+00:00,4244.55,4248.71,4244.55,4248.64,14.3664,2025,10,19
2025-10-19 04:40:00+00:00,4248.64,4248.67,4247.18,4247.18,8.9266,2025,10,19
2025-10-19 04:45:00+00:00,4247.19,4247.19,4247.17,4247.18,6.5759,2025,10,19
2025-10-19 04:50:00+00:00,4247.18,4247.18,4245.01,4245.09,6.3323,2025,10,19
2025-10-19 04:55:00+00:00,4245.1,4247.28,4244.65,4247.28,7.9578,2025,10,19
2025-10-19 05:00:00+00:00,4247.37,4247.88,4244.9,4247.14,19.552,2025,10,19
2025-10-19 05:05:00+00:00,4247.14,4247.14,4246.23,4246.23,14.5791,2025,10,19
2025-10-19 05:10:00+00:00,4246.24,4246.24,4241.67,4241.73,11.5015,2025,10,19
2025-10-19 05:15:00+00:00,4241.73,4242.52,4239.27,4242.42,24.5225,2025,10,19
2025-10-19 05:20:00+00:00,4242.41,4242.47,4241.76,4242.03,2.6977,2025,10,19
2025-10-19 05:25:00+00:00,4242.03,4243.28,4240.09,4242.09,20.4295,2025,10,19
2025-10-19 05:30:00+00:00,4242.09,4244.94,4240.76,4242.24,55.4537,2025,10,19
2025-10-19 05:35:00+00:00,4242.24,4245.42,4242.24,4244.21,17.5986,2025,10,19
2025-10-19 05:40:00+00:00,4244.21,4244.21,4244.11,4244.12,3.9046,2025,10,19
2025-10-19 05:45:00+00:00,4244.12,4244.8,4244.08,4244.8,2.9402,2025,10,19
2025-10-19 05:50:00+00:00,4244.8,4244.8,4243.68,4244.0,19.7503,2025,10,19
2025-10-19 05:55:00+00:00,4244.01,4245.42,4244.0,4245.41,9.3538,2025,10,19
2025-10-19 06:00:00+00:00,4245.41,4245.43,4245.41,4245.43,4.7135,2025,10,19
2025-10-19 06:05:00+00:00,4245.42,4245.44,4245.42,4245.42,4.9157,2025,10,19
2025-10-19 06:10:00+00:00,4245.43,4245.43,4244.19,4244.27,26.5069,2025,10,19
2025-10-19 06:15:00+00:00,4244.27,4244.63,4244.01,4244.01,30.8593,2025,10,19
2025-10-19 06:20:00+00:00,4244.02,4245.35,4244.02,4244.56,14.0902,2025,10,19
2025-10-19 06:25:00+00:00,4244.55,4244.56,4244.54,4244.54,1.1711,2025,10,19
2025-10-19 06:30:00+00:00,4244.54,4244.55,4244.26,4244.27,2.2693,2025,10,19
2025-10-19 06:35:00+00:00,4244.26,4244.26,4242.24,4242.24,9.6125,2025,10,19
2025-10-19 06:40:00+00:00,4242.25,4243.19,4241.47,4243.18,5.8199,2025,10,19
2025-10-19 06:45:00+00:00,4243.18,4246.54,4242.04,4244.12,25.8031,2025,10,19
2025-10-19 06:50:00+00:00,4244.11,4244.12,4242.71,4242.72,3.9179,2025,10,19
2025-10-19 06:55:00+00:00,4242.71,4244.49,4242.71,4243.26,15.9084,2025,10,19
2025-10-19 07:00:00+00:00,4243.27,4243.27,4242.71,4242.89,13.504,2025,10,19
2025-10-19 07:05:00+00:00,4242.9,4242.9,4240.53,4241.27,25.2196,2025,10,19
2025-10-19 07:10:00+00:00,4241.28,4242.0,4241.03,4241.03,19.354,2025,10,19
2025-10-19 07:15:00+00:00,4241.03,4241.04,4241.03,4241.04,1.4399,2025,10,19
2025-10-19 07:20:00+00:00,4241.04,4241.75,4240.7,4240.98,17.5893,2025,10,19
2025-10-19 07:25:00+00:00,4240.99,4241.52,4240.52,4240.52,11.7715,2025,10,19
2025-10-19 07:30:00+00:00,4240.33,4245.01,4240.32,4243.41,39.98,2025,10,19
2025-10-19 07:35:00+00:00,4243.41,4244.57,4243.15,4243.15,8.5119,2025,10,19
2025-10-19 07:40:00+00:00,4243.15,4243.15,4241.24,4241.46,15.8482,2025,10,19
2025-10-19 07:45:00+00:00,4241.46,4241.51,4241.32,4241.51,11.2553,2025,10,19
2025-10-19 07:50:00+00:00,4241.52,4241.69,4241.52,4241.68,8.5372,2025,10,19
2025-10-19 07:55:00+00:00,4241.68,4241.7,4241.68,4241.7,4.9042,2025,10,19
2025-10-19 08:00:00+00:00,4241.7,4241.7,4241.69,4241.69,5.1779,2025,10,19
2025-10-19 08:05:00+00:00,4241.7,4241.99,4241.69,4241.99,5.152,2025,10,19
2025-10-19 08:10:00+00:00,4242.0,4242.39,4241.69,4241.7,7.9293,2025,10,19
2025-10-19 08:15:00+00:00,4241.7,4243.6,4241.7,4242.42,15.6331,2025,10,19
2025-10-19 08:20:00+00:00,4242.42,4242.43,4241.7,4241.7,12.4367,2025,10,19
2025-10-19 08:25:00+00:00,4241.7,4241.72,4236.0,4239.62,95.4985,2025,10,19
2025-10-19 08:30:00+00:00,4239.37,4241.33,4239.37,4241.07,7.0155,2025,10,19
2025-10-19 08:35:00+00:00,4241.07,4241.74,4240.74,4241.17,16.3988,2025,10,19
2025-10-19 08:40:00+00:00,4241.18,4242.73,4241.18,4242.2,7.464,2025,10,19
2025-10-19 08:45:00+00:00,4242.2,4242.21,4242.16,4242.17,2.5323,2025,10,19
2025-10-19 08:50:00+00:00,4242.16,4244.0,4242.16,4243.38,11.9123,2025,10,19
2025-10-19 08:55:00+00:00,4243.38,4243.53,4243.38,4243.52,3.3422,2025,10,19
2025-10-19 09:00:00+00:00,4243.52,4244.16,4242.99,4243.42,13.8006,2025,10,19
2025-10-19 09:05:00+00:00,4242.99,4242.99,4240.0,4241.38,16.9337,2025,10,19
2025-10-19 09:10:00+00:00,4240.71,4241.74,4240.71,4241.59,5.88,2025,10,19
2025-10-19 09:15:00+00:00,4241.59,4241.99,4240.7,4240.71,19.0809,2025,10,19
2025-10-19 09:20:00+00:00,4240.7,4241.76,4240.7,4241.66,6.8058,2025,10,19
2025-10-19 09:25:00+00:00,4241.67,4243.72,4241.65,4243.71,16.5445,2025,10,19
2025-10-19 09:30:00+00:00,4243.71,4243.71,4242.67,4242.69,9.0202,2025,10,19
2025-10-19 09:35:00+00:00,4242.69,4244.36,4242.69,4244.36,4.7199,2025,10,19
2025-10-19 09:40:00+00:00,4244.36,4246.56,4244.36,4246.56,13.8269,2025,10,19
2025-10-19 09:45:00+00:00,4246.55,4251.96,4246.55,4251.48,28.6577,2025,10,19
2025-10-19 09:50:00+00:00,4251.49,4252.8,4250.88,4250.99,57.4847,2025,10,19
2025-10-19 09:55:00+00:00,4251.0,4253.23,4249.6,4252.45,26.8972,2025,10,19
2025-10-19 10:00:00+00:00,4252.46,4252.46,4249.83,4249.84,13.322,2025,10,19
2025-10-19 10:05:00+00:00,4249.84,4249.84,4247.56,4249.14,22.991,2025,10,19
2025-10-19 10:10:00+00:00,4249.15,4250.84,4249.15,4249.55,45.9564,2025,10,19
2025-10-19 10:15:00+00:00,4249.5,4251.35,4248.49,4251.34,15.0734,2025,10,19
2025-10-19 10:20:00+00:00,4251.35,4251.65,4250.33,4250.33,9.1202,2025,10,19
2025-10-19 10:25:00+00:00,4250.34,4250.34,4247.99,4249.14,23.3855,2025,10,19
2025-10-19 10:30:00+00:00,4249.14,4249.15,4248.3,4248.31,10.5958,2025,10,19
2025-10-19 10:35:00+00:00,4248.31,4248.32,4248.3,4248.31,6.8456,2025,10,19
2025-10-19 10:40:00+00:00,4248.31,4249.0,4247.79,4247.8,23.6763,2025,10,19
2025-10-19 10:45:00+00:00,4247.81,4247.81,4246.09,4246.09,6.483,2025,10,19
2025-10-19 10:50:00+00:00,4246.03,4246.96,4242.62,4246.96,16.3148,2025,10,19
2025-10-19 10:55:00+00:00,4246.97,4246.97,4244.45,4244.45,22.4853,2025,10,19
2025-10-19 11:00:00+00:00,4244.45,4245.25,4242.36,4242.36,41.089,2025,10,19
2025-10-19 11:05:00+00:00,4242.36,4246.38,4242.36,4246.28,27.198,2025,10,19
2025-10-19 11:10:00+00:00,4246.28,4246.29,4245.07,4245.19,14.0538,2025,10,19
2025-10-19 11:15:00+00:00,4245.18,4245.19,4243.03,4243.03,12.6985,2025,10,19
2025-10-19 11:20:00+00:00,4243.04,4243.04,4240.0,4242.98,38.8627,2025,10,19
2025-10-19 11:25:00+00:00,4242.99,4242.99,4242.24,4242.68,8.8815,2025,10,19
2025-10-19 11:30:00+00:00,4242.69,4248.23,4242.68,4247.48,58.8952,2025,10,19
2025-10-19 11:35:00+00:00,4247.48,4248.08,4245.84,4245.84,6.2566,2025,10,19
2025-10-19 11:40:00+00:00,4245.83,4245.83,4242.49,4243.5,9.6583,2025,10,19
2025-10-19 11:45:00+00:00,4243.5,4245.27,4243.3,4243.31,6.3578,2025,10,19
2025-10-19 11:50:00+00:00,4243.3,4243.31,4242.78,4242.78,3.9827,2025,10,19
2025-10-19 11:55:00+00:00,4242.79,4242.79,4242.0,4242.0,18.7818,2025,10,19
2025-10-19 12:00:00+00:00,4242.01,4242.01,4242.0,4242.01,11.6465,2025,10,19
2025-10-19 12:05:00+00:00,4242.01,4242.01,4241.85,4241.97,2.593,2025,10,19
2025-10-19 12:10:00+00:00,4241.97,4241.97,4241.7,4241.7,4.9684,2025,10,19
2025-10-19 12:15:00+00:00,4241.69,4246.24,4241.34,4245.88,89.1595,2025,10,19
2025-10-19 12:20:00+00:00,4245.87,4245.87,4244.13,4245.68,8.7887,2025,10,19
2025-10-19 12:25:00+00:00,4245.67,4245.67,4242.97,4242.98,11.3694,2025,10,19
2025-10-19 12:30:00+00:00,4242.97,4242.98,4242.93,4242.93,12.1761,2025,10,19
2025-10-19 12:35:00+00:00,4242.93,4244.85,4242.12,4244.34,10.5171,2025,10,19
2025-10-19 12:40:00+00:00,4244.14,4245.52,4243.69,4245.0,8.3113,2025,10,19
2025-10-19 12:45:00+00:00,4244.99,4244.99,4238.64,4240.93,136.3647,2025,10,19
2025-10-19 12:50:00+00:00,4240.93,4240.94,4235.0,4237.24,314.223,2025,10,19
2025-10-19 12:55:00+00:00,4237.25,4242.99,4237.25,4240.46,67.1026,2025,10,19
2025-10-19 13:00:00+00:00,4240.47,4240.47,4239.46,4239.47,29.9551,2025,10,19
2025-10-19 13:05:00+00:00,4239.47,4239.7,4239.38,4239.7,18.5942,2025,10,19
2025-10-19 13:10:00+00:00,4239.7,4241.42,4239.69,4241.3,31.7897,2025,10,19
2025-10-19 13:15:00+00:00,4241.31,4242.37,4241.31,4241.8,10.0421,2025,10,19
2025-10-19 13:20:00+00:00,4241.97,4242.88,4241.25,4241.4,29.9754,2025,10,19
2025-10-19 13:25:00+00:00,4241.36,4241.36,4241.04,4241.05,3.9492,2025,10,19
2025-10-19 13:30:00+00:00,4241.05,4246.05,4241.04,4243.24,22.7104,2025,10,19
2025-10-19 13:35:00+00:00,4243.25,4244.05,4241.66,4242.24,29.0767,2025,10,19
2025-10-19 13:40:00+00:00,4242.23,4244.77,4242.23,4242.4,21.4907,2025,10,19
2025-10-19 13:45:00+00:00,4242.33,4245.51,4242.32,4244.09,17.655,2025,10,19
2025-10-19 13:50:00+00:00,4244.08,4244.09,4241.68,4242.71,12.045,2025,10,19
2025-10-19 13:55:00+00:00,4242.72,4243.88,4241.52,4243.88,28.2472,2025,10,19
2025-10-19 14:00:00+00:00,4243.88,4243.88,4239.15,4241.01,56.1713,2025,10,19
2025-10-19 14:05:00+00:00,4241.0,4241.01,4241.0,4241.0,11.3409,2025,10,19
2025-10-19 14:10:00+00:00,4241.0,4242.97,4240.26,4240.78,27.0795,2025,10,19
2025-10-19 14:15:00+00:00,4240.77,4242.97,4239.67,4240.69,25.8537,2025,10,19
2025-10-19 14:20:00+00:00,4240.68,4243.09,4236.28,4238.55,76.3944,2025,10,19
2025-10-19 14:25:00+00:00,4238.55,4239.32,4237.04,4237.06,38.1973,2025,10,19
2025-10-19 14:30:00+00:00,4237.06,4239.43,4236.58,4238.66,24.9208,2025,10,19
2025-10-19 14:35:00+00:00,4238.66,4240.0,4238.45,4238.45,22.267,2025,10,19
2025-10-19 14:40:00+00:00,4238.45,4238.76,4238.02,4238.24,21.1774,2025,10,19
2025-10-19 14:45:00+00:00,4238.23,4238.23,4236.59,4238.14,29.3149,2025,10,19
2025-10-19 14:50:00+00:00,4238.14,4239.0,4238.14,4239.0,21.3811,2025,10,19
2025-10-19 14:55:00+00:00,4238.99,4239.0,4234.43,4234.44,79.9406,2025,10,19
2025-10-19 15:00:00+00:00,4234.44,4236.32,4234.42,4234.89,42.0543,2025,10,19
2025-10-19 15:05:00+00:00,4234.88,4235.11,4233.69,4234.33,34.6139,2025,10,19
2025-10-19 15:10:00+00:00,4234.33,4237.51,4234.32,4235.12,71.9809,2025,10,19
2025-10-19 15:15:00+00:00,4235.12,4236.24,4232.23,4235.38,69.8616,2025,10,19
2025-10-19 15:20:00+00:00,4235.38,4236.37,4228.99,4234.58,187.682,2025,10,19
2025-10-19 15:25:00+00:00,4234.58,4234.58,4228.99,4232.1,112.3217,2025,10,19
2025-10-19 15:30:00+00:00,4232.11,4235.63,4232.1,4235.62,18.1495,2025,10,19
2025-10-19 15:35:00+00:00,4235.61,4235.61,4234.5,4234.5,9.4609,2025,10,19
2025-10-19 15:40:00+00:00,4234.5,4234.51,4232.25,4233.11,35.9024,2025,10,19
2025-10-19 15:45:00+00:00,4233.12,4234.21,4232.73,4233.72,30.9238,2025,10,19
2025-10-19 15:50:00+00:00,4233.71,4235.61,4233.71,4235.52,11.9274,2025,10,19
2025-10-19 15:55:00+00:00,4235.08,4236.25,4234.47,4236.1,15.5713,2025,10,19
2025-10-19 16:00:00+00:00,4236.1,4236.11,4233.86,4235.45,23.2667,2025,10,19
2025-10-19 16:05:00+00:00,4235.45,4236.54,4234.94,4236.5,17.3541,2025,10,19
2025-10-19 16:10:00+00:00,4236.5,4238.05,4235.16,4235.85,58.7097,2025,10,19
2025-10-19 16:15:00+00:00,4235.85,4241.84,4235.85,4240.29,75.0228,2025,10,19
2025-10-19 16:20:00+00:00,4240.29,4242.0,4237.98,4237.98,20.5848,2025,10,19
2025-10-19 16:25:00+00:00,4237.98,4245.16,4237.98,4240.17,90.1536,2025,10,19
2025-10-19 16:30:00+00:00,4240.17,4240.18,4240.15,4240.16,2.063,2025,10,19
2025-10-19 16:35:00+00:00,4240.15,4244.71,4240.15,4243.14,29.2983,2025,10,19
2025-10-19 16:40:00+00:00,4243.03,4243.03,4240.71,4241.24,32.7201,2025,10,19
2025-10-19 16:45:00+00:00,4241.24,4244.4,4241.12,4242.8,12.0158,2025,10,19
2025-10-19 16:50:00+00:00,4242.79,4243.4,4242.79,4243.4,19.1878,2025,10,19
2025-10-19 16:55:00+00:00,4243.48,4244.6,4243.48,4243.96,10.0597,2025,10,19
2025-10-19 17:00:00+00:00,4243.95,4243.96,4241.87,4241.88,10.1158,2025,10,19
2025-10-19 17:05:00+00:00,4241.88,4243.85,4241.88,4243.08,20.7511,2025,10,19
2025-10-19 17:10:00+00:00,4243.09,4243.18,4243.01,4243.18,9.5457,2025,10,19
2025-10-19 17:15:00+00:00,4243.17,4245.17,4242.62,4242.66,29.9644,2025,10,19
2025-10-19 17:20:00+00:00,4242.66,4242.75,4239.56,4241.68,47.9133,2025,10,19
2025-10-19 17:25:00+00:00,4241.68,4241.86,4240.69,4241.86,19.2792,2025,10,19
2025-10-19 17:30:00+00:00,4241.86,4242.05,4241.58,4242.05,16.4967,2025,10,19
2025-10-19 17:35:00+00:00,4242.05,4242.14,4241.62,4242.13,14.1332,2025,10,19
2025-10-19 17:40:00+00:00,4242.13,4242.13,4239.82,4241.51,20.8369,2025,10,19
2025-10-19 17:45:00+00:00,4241.5,4241.51,4240.46,4240.46,4.7454,2025,10,19
2025-10-19 17:50:00+00:00,4240.47,4240.65,4239.4,4240.45,12.0029,2025,10,19
2025-10-19 17:55:00+00:00,4240.44,4240.44,4239.79,4239.79,11.5332,2025,10,19
2025-10-19 18:00:00+00:00,4239.79,4241.66,4239.79,4240.82,14.4267,2025,10,19
2025-10-19 18:05:00+00:00,4240.82,4240.82,4239.37,4240.21,20.3517,2025,10,19
2025-10-19 18:10:00+00:00,4240.21,4241.5,4239.68,4240.9,18.3283,2025,10,19
2025-10-19 18:15:00+00:00,4240.91,4241.16,4239.21,4239.21,14.5857,2025,10,19
2025-10-19 18:20:00+00:00,4239.21,4239.93,4238.85,4238.87,15.073,2025,10,19
2025-10-19 18:25:00+00:00,4238.87,4238.87,4237.34,4238.31,24.5374,2025,10,19
2025-10-19 18:30:00+00:00,4238.31,4240.59,4238.31,4240.58,26.9917,2025,10,19
2025-10-19 18:35:00+00:00,4240.57,4241.09,4240.46,4241.08,9.9795,2025,10,19
2025-10-19 18:40:00+00:00,4241.08,4241.5,4237.16,4237.92,20.8894,2025,10,19
2025-10-19 18:45:00+00:00,4237.92,4238.72,4237.91,4238.62,18.0825,2025,10,19
2025-10-19 18:50:00+00:00,4238.61,4238.61,4238.21,4238.28,13.3815,2025,10,19
2025-10-19 18:55:00+00:00,4238.27,4238.28,4237.94,4237.95,10.7503,2025,10,19
2025-10-19 19:00:00+00:00,4237.95,4237.95,4232.95,4235.49,129.747,2025,10,19
2025-10-19 19:05:00+00:00,4235.49,4235.97,4230.63,4234.81,160.7427,2025,10,19
2025-10-19 19:10:00+00:00,4234.81,4237.06,4233.66,4236.74,40.7201,2025,10,19
2025-10-19 19:15:00+00:00,4236.73,4240.7,4230.0,4232.92,286.5286,2025,10,19
2025-10-19 19:20:00+00:00,4232.92,4235.89,4228.0,4233.41,151.6388,2025,10,19
2025-10-19 19:25:00+00:00,4233.41,4235.14,4233.15,4234.71,22.1187,2025,10,19
2025-10-19 19:30:00+00:00,4234.71,4234.71,4232.37,4234.37,20.0906,2025,10,19
2025-10-19 19:35:00+00:00,4234.38,4237.91,4234.38,4237.7,28.3924,2025,10,19
2025-10-19 19:40:00+00:00,4237.7,4238.11,4237.69,4237.92,11.0855,2025,10,19
2025-10-19 19:45:00+00:00,4237.92,4238.5,4235.94,4238.49,15.3612,2025,10,19
2025-10-19 19:50:00+00:00,4238.48,4243.44,4236.6,4239.58,72.819,2025,10,19
2025-10-19 19:55:00+00:00,4239.58,4239.93,4237.48,4237.49,21.3378,2025,10,19
2025-10-19 20:00:00+00:00,4237.49,4237.6,4234.84,4237.09,43.1199,2025,10,19
2025-10-19 20:05:00+00:00,4237.08,4237.45,4233.83,4235.85,97.0649,2025,10,19
2025-10-19 20:10:00+00:00,4235.84,4237.4,4235.45,4236.38,41.7495,2025,10,19
2025-10-19 20:15:00+00:00,4236.26,4237.06,4235.33,4237.06,52.2861,2025,10,19
2025-10-19 20:20:00+00:00,4237.06,4237.43,4236.28,4237.2,18.8745,2025,10,19
2025-10-19 20:25:00+00:00,4237.21,4239.46,4237.2,4238.74,50.8665,2025,10,19
2025-10-19 20:30:00+00:00,4238.74,4239.14,4238.73,4239.09,14.3511,2025,10,19
2025-10-19 20:35:00+00:00,4239.09,4239.46,4239.08,4239.46,21.113,2025,10,19
2025-10-19 20:40:00+00:00,4239.46,4239.46,4234.59,4237.02,43.6702,2025,10,19
2025-10-19 20:45:00+00:00,4237.01,4237.02,4235.61,4235.62,11.0772,2025,10,19
2025-10-19 20:50:00+00:00,4235.62,4235.9,4235.61,4235.82,9.7862,2025,10,19
2025-10-19 20:55:00+00:00,4235.82,4236.65,4235.81,4236.65,9.7185,2025,10,19
2025-10-19 21:00:00+00:00,4236.65,4236.65,4233.19,4233.2,35.1492,2025,10,19
2025-10-19 21:05:00+00:00,4233.2,4237.9,4232.31,4235.96,47.2753,2025,10,19
2025-10-19 21:10:00+00:00,4235.95,4235.96,4232.98,4232.99,23.6459,2025,10,19
2025-10-19 21:15:00+00:00,4232.99,4235.19,4232.98,4234.8,13.1184,2025,10,19
2025-10-19 21:20:00+00:00,4234.8,4241.49,4234.7,4235.88,30.9985,2025,10,19
2025-10-19 21:25:00+00:00,4235.89,4236.4,4235.01,4235.01,15.5232,2025,10,19
2025-10-19 21:30:00+00:00,4235.01,4236.38,4235.0,4235.65,7.5681,2025,10,19
2025-10-19 21:35:00+00:00,4235.64,4235.65,4235.11,4235.11,9.656,2025,10,19
2025-10-19 21:40:00+00:00,4235.11,4235.12,4233.2,4233.53,15.7019,2025,10,19
2025-10-19 21:45:00+00:00,4233.52,4233.52,4232.3,4232.31,20.5515,2025,10,19
2025-10-19 21:50:00+00:00,4232.31,4232.82,4231.0,4231.01,19.5538,2025,10,19
2025-10-19 21:55:00+00:00,4231.0,4232.32,4231.0,4231.96,36.1569,2025,10,19
2025-10-19 22:00:00+00:00,4231.95,4249.56,4231.95,4247.68,184.5432,2025,10,19
2025-10-19 22:05:00+00:00,4247.69,4254.33,4243.65,4246.33,234.3481,2025,10,19
2025-10-19 22:10:00+00:00,4246.33,4259.0,4246.33,4254.87,177.09,2025,10,19
2025-10-19 22:15:00+00:00,4254.87,4264.37,4254.12,4261.98,97.8159,2025,10,19
2025-10-19 22:20:00+00:00,4261.85,4265.0,4256.72,4260.1,90.399,2025,10,19
2025-10-19 22:25:00+00:00,4260.1,4262.0,4256.62,4258.95,34.7766,2025,10,19
2025-10-19 22:30:00+00:00,4258.95,4260.49,4245.78,4250.33,43.5413,2025,10,19
2025-10-19 22:35:00+00:00,4250.33,4255.0,4249.13,4255.0,17.4194,2025,10,19
2025-10-19 22:40:00+00:00,4255.14,4257.08,4252.8,4256.99,41.5422,2025,10,19
2025-10-19 22:45:00+00:00,4256.99,4259.26,4254.63,4259.2,19.975,2025,10,19
2025-10-19 22:50:00+00:00,4259.2,4261.59,4256.45,4257.24,51.3327,2025,10,19
2025-10-19 22:55:00+00:00,4257.23,4257.23,4255.14,4256.69,33.496,2025,10,19
2025-10-19 23:00:00+00:00,4256.8,4260.18,4254.03,4254.51,96.1403,2025,10,19
2025-10-19 23:05:00+00:00,4254.51,4258.07,4251.66,4253.75,46.7388,2025,10,19
2025-10-19 23:10:00+00:00,4253.76,4254.16,4245.88,4247.77,31.4863,2025,10,19
2025-10-19 23:15:00+00:00,4247.77,4250.9,4242.51,4246.99,49.8083,2025,10,19
2025-10-19 23:20:00+00:00,4247.0,4249.89,4246.46,4247.28,42.5719,2025,10,19
2025-10-19 23:25:00+00:00,4247.29,4248.2,4244.43,4246.73,19.4786,2025,10,19
2025-10-19 23:30:00+00:00,4246.74,4250.0,4245.43,4245.7,18.3202,2025,10,19
2025-10-19 23:35:00+00:00,4245.7,4248.28,4245.7,4246.94,8.2678,2025,10,19
2025-10-19 23:40:00+00:00,4246.8,4248.39,4246.44,4248.38,10.2589,2025,10,19
2025-10-19 23:45:00+00:00,4248.38,4248.38,4243.28,4243.59,21.4117,2025,10,19
2025-10-19 23:50:00+00:00,4243.44,4244.5,4238.47,4243.8,31.1872,2025,10,19
2025-10-19 23:55:00+00:00,4243.91,4246.38,4242.46,4242.46,4.7961,2025,10,19
2025-10-20 00:00:00+00:00,4242.34,4242.34,4239.73,4240.97,19.0203,2025,10,20
2025-10-20 00:05:00+00:00,4240.96,4240.96,4234.03,4235.65,18.8945,2025,10,20
2025-10-20 00:10:00+00:00,4235.65,4238.33,4221.0,4222.67,109.8374,2025,10,20
2025-10-20 00:15:00+00:00,4222.67,4227.46,4221.42,4225.22,13.6899,2025,10,20
2025-10-20 00:20:00+00:00,4225.32,4233.17,4225.32,4226.96,43.825,2025,10,20
2025-10-20 00:25:00+00:00,4226.96,4226.96,4214.16,4218.81,56.6023,2025,10,20
2025-10-20 00:30:00+00:00,4218.81,4225.77,4218.81,4223.75,34.0167,2025,10,20
2025-10-20 00:35:00+00:00,4223.75,4236.34,4223.31,4235.02,33.8335,2025,10,20
2025-10-20 00:40:00+00:00,4235.01,4240.79,4231.32,4235.76,34.7732,2025,10,20
2025-10-20 00:45:00+00:00,4235.69,4238.84,4235.55,4237.9,8.3495,2025,10,20
2025-10-20 00:50:00+00:00,4237.9,4242.72,4237.9,4241.27,15.7349,2025,10,20
2025-10-20 00:55:00+00:00,4241.26,4247.11,4240.58,4246.05,15.2888,2025,10,20
2025-10-20 01:00:00+00:00,4246.04,4246.57,4218.75,4228.91,196.9436,2025,10,20
2025-10-20 01:05:00+00:00,4228.9,4231.52,4224.28,4231.52,37.3559,2025,10,20
2025-10-20 01:10:00+00:00,4231.63,4244.75,4231.63,4244.41,48.0865,2025,10,20
2025-10-20 01:15:00+00:00,4244.41,4248.28,4244.41,4246.38,12.8769,2025,10,20
2025-10-20 01:20:00+00:00,4246.39,4246.39,4241.56,4245.85,18.502,2025,10,20
2025-10-20 01:25:00+00:00,4245.86,4256.46,4245.8,4255.92,43.4014,2025,10,20
2025-10-20 01:30:00+00:00,4255.92,4255.92,4249.86,4252.05,60.8343,2025,10,20
2025-10-20 01:35:00+00:00,4252.04,4253.23,4246.25,4249.8,72.9814,2025,10,20
2025-10-20 01:40:00+00:00,4249.81,4256.6,4247.91,4256.6,21.6976,2025,10,20
2025-10-20 01:45:00+00:00,4256.63,4259.48,4256.26,4259.47,71.1806,2025,10,20
2025-10-20 01:50:00+00:00,4259.48,4263.0,4257.36,4259.62,46.0647,2025,10,20
2025-10-20 01:55:00+00:00,4259.63,4261.38,4257.8,4260.0,10.1755,2025,10,20
2025-10-20 02:00:00+00:00,4259.99,4261.29,4256.41,4260.01,31.4387,2025,10,20
2025-10-20 02:05:00+00:00,4260.0,4265.0,4258.42,4258.43,99.0709,2025,10,20
2025-10-20 02:10:00+00:00,4258.42,4263.0,4256.89,4261.87,28.3492,2025,10,20
2025-10-20 02:15:00+00:00,4261.86,4263.04,4258.31,4259.76,10.5339,2025,10,20
2025-10-20 02:20:00+00:00,4259.76,4261.94,4258.65,4261.94,18.5514,2025,10,20
2025-10-20 02:25:00+00:00,4262.0,4264.56,4262.0,4264.24,13.1705,2025,10,20
2025-10-20 02:30:00+00:00,4264.66,4272.5,4264.65,4266.99,66.811,2025,10,20
2025-10-20 02:35:00+00:00,4266.99,4270.97,4263.35,4263.37,54.2047,2025,10,20
2025-10-20 02:40:00+00:00,4263.36,4264.99,4261.73,4261.75,29.6665,2025,10,20
2025-10-20 02:45:00+00:00,4261.76,4262.39,4258.73,4261.73,30.3678,2025,10,20
2025-10-20 02:50:00+00:00,4261.92,4263.36,4257.11,4257.12,35.3805,2025,10,20
2025-10-20 02:55:00+00:00,4257.11,4257.11,4255.0,4256.34,25.9335,2025,10,20
2025-10-20 03:00:00+00:00,4256.4,4256.91,4252.84,4253.47,17.2867,2025,10,20
2025-10-20 03:05:00+00:00,4253.29,4257.24,4252.87,4257.24,49.7965,2025,10,20
2025-10-20 03:10:00+00:00,4257.25,4259.02,4254.97,4255.54,41.0602,2025,10,20
2025-10-20 03:15:00+00:00,4255.54,4260.4,4252.43,4259.53,22.6519,2025,10,20
2025-10-20 03:20:00+00:00,4259.54,4262.64,4259.54,4262.01,24.7603,2025,10,20
2025-10-20 03:25:00+00:00,4262.02,4262.16,4255.45,4255.45,23.1367,2025,10,20
2025-10-20 03:30:00+00:00,4255.45,4256.35,4252.82,4253.34,28.6763,2025,10,20
2025-10-20 03:35:00+00:00,4253.34,4254.93,4250.6,4254.93,37.4288,2025,10,20
2025-10-20 03:40:00+00:00,4254.96,4258.27,4254.8,4258.0,34.4493,2025,10,20
2025-10-20 03:45:00+00:00,4258.0,4260.24,4257.18,4259.18,34.8318,2025,10,20
2025-10-20 03:50:00+00:00,4259.18,4266.0,4259.17,4265.58,55.336,2025,10,20
2025-10-20 03:55:00+00:00,4265.58,4265.58,4249.52,4260.78,139.4749,2025,10,20
2025-10-20 04:00:00+00:00,4260.77,4265.99,4260.77,4261.53,48.5009,2025,10,20
2025-10-20 04:05:00+00:00,4261.53,4263.03,4250.53,4261.13,149.0598,2025,10,20
2025-10-20 04:10:00+00:00,4261.12,4262.13,4259.7,4260.95,27.8589,2025,10,20
2025-10-20 04:15:00+00:00,4260.95,4262.79,4260.69,4260.87,24.2121,2025,10,20
2025-10-20 04:20:00+00:00,4260.87,4262.79,4260.86,4262.2,43.7683,2025,10,20
2025-10-20 04:25:00+00:00,4262.2,4262.51,4258.79,4262.49,17.7721,2025,10,20
2025-10-20 04:30:00+00:00,4262.49,4264.43,4262.2,4262.2,29.6929,2025,10,20
2025-10-20 04:35:00+00:00,4262.09,4266.22,4261.48,4266.22,15.2106,2025,10,20
2025-10-20 04:40:00+00:00,4266.21,4268.29,4265.2,4266.91,25.2114,2025,10,20
2025-10-20 04:45:00+00:00,4266.91,4267.43,4265.98,4266.77,30.9102,2025,10,20
2025-10-20 04:50:00+00:00,4266.78,4267.21,4265.18,4265.19,33.3817,2025,10,20
2025-10-20 04:55:00+00:00,4265.18,4265.5,4264.62,4265.5,26.8518,2025,10,20
2025-10-20 05:00:00+00:00,4265.5,4265.5,4263.44,4263.44,40.083,2025,10,20
2025-10-20 05:05:00+00:00,4263.45,4265.49,4262.03,4262.03,89.3797,2025,10,20
2025-10-20 05:10:00+00:00,4262.03,4262.57,4258.23,4261.4,84.7347,2025,10,20
2025-10-20 05:15:00+00:00,4261.5,4263.08,4250.0,4254.54,166.3858,2025,10,20
2025-10-20 05:20:00+00:00,4254.55,4254.7,4246.29,4248.91,92.804,2025,10,20
2025-10-20 05:25:00+00:00,4248.9,4252.85,4247.76,4252.84,88.5236,2025,10,20
2025-10-20 05:30:00+00:00,4252.85,4257.09,4251.65,4252.99,94.3009,2025,10,20
2025-10-20 05:35:00+00:00,4253.0,4256.35,4248.51,4248.94,107.8914,2025,10,20
2025-10-20 05:40:00+00:00,4248.83,4252.39,4248.48,4252.23,71.0465,2025,10,20
2025-10-20 05:45:00+00:00,4252.4,4253.88,4245.45,4245.45,60.5919,2025,10,20
2025-10-20 05:50:00+00:00,4245.45,4249.39,4241.95,4243.53,96.664,2025,10,20
2025-10-20 05:55:00+00:00,4243.53,4243.71,4237.29,4237.29,129.3255,2025,10,20
2025-10-20 06:00:00+00:00,4237.29,4237.29,4228.81,4230.44,198.1477,2025,10,20
2025-10-20 06:05:00+00:00,4230.45,4239.1,4230.45,4238.08,110.2755,2025,10,20
2025-10-20 06:10:00+00:00,4237.87,4241.72,4235.9,4239.77,80.6999,2025,10,20
2025-10-20 06:15:00+00:00,4239.78,4242.06,4234.56,4234.56,85.7712,2025,10,20
2025-10-20 06:20:00+00:00,4234.56,4236.55,4230.09,4234.43,78.1307,2025,10,20
2025-10-20 06:25:00+00:00,4234.43,4234.66,4223.08,4223.08,145.8088,2025,10,20
2025-10-20 06:30:00+00:00,4223.01,4230.87,4220.16,4230.76,110.3511,2025,10,20
2025-10-20 06:35:00+00:00,4230.75,4235.85,4230.75,4235.38,118.9016,2025,10,20
2025-10-20 06:40:00+00:00,4235.38,4235.9,4230.0,4231.02,119.609,2025,10,20
2025-10-20 06:45:00+00:00,4230.92,4232.38,4227.53,4228.6,176.362,2025,10,20
2025-10-20 06:50:00+00:00,4228.6,4231.32,4226.3,4231.32,69.3214,2025,10,20
2025-10-20 06:55:00+00:00,4231.39,4232.74,4228.26,4230.87,70.4889,2025,10,20
2025-10-20 07:00:00+00:00,4230.88,4232.59,4229.01,4231.47,99.2558,2025,10,20
2025-10-20 07:05:00+00:00,4231.47,4242.03,4231.47,4242.01,91.591,2025,10,20
2025-10-20 07:10:00+00:00,4242.02,4248.27,4241.16,4246.17,102.9818,2025,10,20
2025-10-20 07:15:00+00:00,4246.16,4249.56,4246.16,4248.5,93.7079,2025,10,20
2025-10-20 07:20:00+00:00,4248.51,4253.29,4247.58,4248.78,148.8801,2025,10,20
2025-10-20 07:25:00+00:00,4248.78,4249.18,4246.81,4247.33,96.0317,2025,10,20
2025-10-20 07:30:00+00:00,4247.33,4250.33,4244.48,4246.73,62.6756,2025,10,20
2025-10-20 07:35:00+00:00,4246.73,4248.09,4240.65,4243.11,109.848,2025,10,20
2025-10-20 07:40:00+00:00,4243.12,4251.92,4242.89,4250.32,85.0258,2025,10,20
2025-10-20 07:45:00+00:00,4250.32,4250.88,4246.29,4247.36,86.0247,2025,10,20
2025-10-20 07:50:00+00:00,4247.36,4249.51,4245.0,4247.74,112.1244,2025,10,20
2025-10-20 07:55:00+00:00,4247.74,4247.74,4245.1,4245.67,73.2947,2025,10,20
2025-10-20 08:00:00+00:00,4245.66,4249.67,4244.16,4248.19,89.1731,2025,10,20
2025-10-20 08:05:00+00:00,4248.2,4251.08,4246.8,4248.71,96.6083,2025,10,20
2025-10-20 08:10:00+00:00,4248.71,4251.33,4247.93,4249.94,96.4448,2025,10,20
2025-10-20 08:15:00+00:00,4249.93,4250.11,4246.91,4249.04,84.9953,2025,10,20
2025-10-20 08:20:00+00:00,4249.04,4249.05,4244.18,4245.7,88.4313,2025,10,20
2025-10-20 08:25:00+00:00,4245.7,4249.05,4241.69,4247.39,111.1887,2025,10,20
2025-10-20 08:30:00+00:00,4247.4,4251.18,4245.93,4250.86,115.1062,2025,10,20
2025-10-20 08:35:00+00:00,4250.85,4252.34,4246.84,4246.85,136.1566,2025,10,20
2025-10-20 08:40:00+00:00,4246.85,4248.12,4243.42,4245.92,110.7235,2025,10,20
2025-10-20 08:45:00+00:00,4245.91,4246.67,4240.15,4240.15,114.628,2025,10,20
2025-10-20 08:50:00+00:00,4240.15,4240.39,4237.31,4239.49,141.4031,2025,10,20
2025-10-20 08:55:00+00:00,4239.5,4244.39,4239.41,4244.39,103.7645,2025,10,20
2025-10-20 09:00:00+00:00,4244.39,4245.24,4240.74,4240.74,36.07,2025,10,20
2025-10-20 09:05:00+00:00,4240.75,4242.04,4239.9,4240.41,16.1441,2025,10,20
2025-10-20 09:10:00+00:00,4240.4,4240.87,4238.47,4239.29,34.9931,2025,10,20
2025-10-20 09:15:00+00:00,4239.29,4242.11,4239.28,4241.48,17.4512,2025,10,20
2025-10-20 09:20:00+00:00,4241.3,4241.3,4238.76,4240.79,26.6789,2025,10,20
2025-10-20 09:25:00+00:00,4240.79,4244.46,4240.41,4243.67,64.8169,2025,10,20
2025-10-20 09:30:00+00:00,4243.67,4243.68,4241.84,4242.72,8.488,2025,10,20
2025-10-20 09:35:00+00:00,4242.72,4244.14,4240.23,4243.3,58.9235,2025,10,20
2025-10-20 09:40:00+00:00,4243.52,4247.22,4243.52,4247.21,9.4348,2025,10,20
2025-10-20 09:45:00+00:00,4247.21,4252.16,4247.21,4252.16,21.3378,2025,10,20
2025-10-20 09:50:00+00:00,4252.16,4252.3,4249.58,4251.65,16.4398,2025,10,20
2025-10-20 09:55:00+00:00,4251.66,4251.66,4248.88,4249.59,11.19,2025,10,20
2025-10-20 10:00:00+00:00,4249.6,4249.6,4241.82,4241.82,16.8639,2025,10,20
2025-10-20 10:05:00+00:00,4241.83,4243.57,4238.24,4238.24,32.9078,2025,10,20
2025-10-20 10:10:00+00:00,4238.25,4244.98,4237.29,4244.46,46.3924,2025,10,20
2025-10-20 10:15:00+00:00,4244.3,4248.89,4244.3,4246.07,19.5228,2025,10,20
2025-10-20 10:20:00+00:00,4246.08,4250.27,4244.33,4249.77,20.8598,2025,10,20
2025-10-20 10:25:00+00:00,4249.71,4251.0,4248.46,4250.82,116.8498,2025,10,20
2025-10-20 10:30:00+00:00,4250.82,4252.94,4249.71,4249.9,89.494,2025,10,20
2025-10-20 10:35:00+00:00,4250.15,4253.6,4248.49,4250.1,33.2248,2025,10,20
2025-10-20 10:40:00+00:00,4249.99,4253.09,4249.98,4252.8,11.8558,2025,10,20
2025-10-20 10:45:00+00:00,4252.8,4253.58,4250.45,4253.01,46.9129,2025,10,20
2025-10-20 10:50:00+00:00,4253.23,4253.57,4251.54,4252.49,15.082,2025,10,20
2025-10-20 10:55:00+00:00,4252.49,4253.69,4251.56,4251.57,19.4106,2025,10,20
2025-10-20 11:00:00+00:00,4251.56,4251.69,4248.72,4251.44,31.0358,2025,10,20
2025-10-20 11:05:00+00:00,4251.44,4251.98,4246.64,4251.44,19.8598,2025,10,20
2025-10-20 11:10:00+00:00,4251.45,4252.74,4251.07,4251.07,18.9262,2025,10,20
2025-10-20 11:15:00+00:00,4251.07,4255.54,4250.38,4254.47,27.5678,2025,10,20
2025-10-20 11:20:00+00:00,4254.35,4256.69,4254.35,4256.09,19.0766,2025,10,20
2025-10-20 11:25:00+00:00,4256.09,4256.12,4254.25,4255.31,12.7464,2025,10,20
2025-10-20 11:30:00+00:00,4255.32,4256.61,4253.85,4253.86,7.5458,2025,10,20
2025-10-20 11:35:00+00:00,4253.85,4258.17,4253.5,4257.84,21.9274,2025,10,20
2025-10-20 11:40:00+00:00,4257.84,4257.84,4254.9,4255.89,11.5988,2025,10,20
2025-10-20 11:45:00+00:00,4255.88,4257.63,4254.4,4257.63,35.7247,2025,10,20
2025-10-20 11:50:00+00:00,4257.65,4259.79,4257.65,4259.79,10.6638,2025,10,20
2025-10-20 11:55:00+00:00,4259.79,4269.42,4259.79,4269.17,41.519,2025,10,20
2025-10-20 12:00:00+00:00,4269.18,4274.95,4268.76,4269.75,89.8951,2025,10,20
2025-10-20 12:05:00+00:00,4269.75,4271.35,4265.84,4271.35,37.2089,2025,10,20
2025-10-20 12:10:00+00:00,4271.36,4278.44,4271.36,4276.46,109.0226,2025,10,20
2025-10-20 12:15:00+00:00,4276.46,4290.0,4273.21,4290.0,120.9327,2025,10,20
2025-10-20 12:20:00+00:00,4290.0,4294.24,4286.82,4292.34,163.304,2025,10,20
2025-10-20 12:25:00+00:00,4292.58,4293.3,4289.97,4290.89,70.3697,2025,10,20
2025-10-20 12:30:00+00:00,4290.9,4304.46,4289.39,4302.56,150.7765,2025,10,20
2025-10-20 12:35:00+00:00,4302.56,4314.97,4302.48,4314.21,168.7016,2025,10,20
2025-10-20 12:40:00+00:00,4314.21,4320.0,4312.3,4318.49,170.4643,2025,10,20
2025-10-20 12:45:00+00:00,4318.48,4318.53,4310.34,4313.52,117.2334,2025,10,20
2025-10-20 12:50:00+00:00,4313.79,4321.05,4309.59,4321.0,291.1464,2025,10,20
2025-10-20 12:55:00+00:00,4321.01,4326.98,4321.0,4325.14,298.9337,2025,10,20
2025-10-20 13:00:00+00:00,4325.14,4325.66,4318.97,4321.61,276.7824,2025,10,20
2025-10-20 13:05:00+00:00,4321.69,4327.13,4315.42,4323.21,102.7017,2025,10,20
2025-10-20 13:10:00+00:00,4323.21,4326.93,4320.39,4321.84,78.2652,2025,10,20
2025-10-20 13:15:00+00:00,4321.83,4323.69,4318.61,4323.69,60.6034,2025,10,20
2025-10-20 13:20:00+00:00,4323.81,4327.97,4318.18,4319.36,215.9067,2025,10,20
2025-10-20 13:25:00+00:00,4319.61,4321.49,4318.36,4321.0,24.1195,2025,10,20
2025-10-20 13:30:00+00:00,4321.01,4321.49,4305.3,4308.55,115.8067,2025,10,20
2025-10-20 13:35:00+00:00,4308.43,4308.74,4298.12,4305.96,325.8254,2025,10,20
2025-10-20 13:40:00+00:00,4305.96,4311.46,4303.43,4304.34,105.3507,2025,10,20
2025-10-20 13:45:00+00:00,4304.34,4309.04,4300.0,4309.04,43.0592,2025,10,20
2025-10-20 13:50:00+00:00,4309.23,4321.3,4305.12,4312.82,133.6489,2025,10,20
2025-10-20 13:55:00+00:00,4312.61,4312.62,4294.0,4296.8,154.3187,2025,10,20
2025-10-20 14:00:00+00:00,4296.91,4296.91,4281.5,4285.66,193.7256,2025,10,20
2025-10-20 14:05:00+00:00,4285.4,4302.04,4285.39,4302.04,72.277,2025,10,20
2025-10-20 14:10:00+00:00,4302.07,4310.25,4302.07,4310.0,114.2957,2025,10,20
2025-10-20 14:15:00+00:00,4310.0,4316.89,4309.95,4316.18,72.85,2025,10,20
2025-10-20 14:20:00+00:00,4316.18,4323.23,4315.23,4319.21,81.5917,2025,10,20
2025-10-20 14:25:00+00:00,4319.21,4320.34,4311.66,4315.62,45.6786,2025,10,20
2025-10-20 14:30:00+00:00,4315.66,4317.8,4311.21,4311.21,27.2717,2025,10,20
2025-10-20 14:35:00+00:00,4311.11,4318.78,4308.57,4318.06,52.9566,2025,10,20
2025-10-20 14:40:00+00:00,4318.06,4319.31,4315.93,4317.79,21.0649,2025,10,20
2025-10-20 14:45:00+00:00,4317.78,4325.98,4316.35,4324.43,67.7458,2025,10,20
2025-10-20 14:50:00+00:00,4324.42,4325.95,4323.32,4325.08,58.8357,2025,10,20
2025-10-20 14:55:00+00:00,4325.08,4328.69,4324.2,4327.54,100.5795,2025,10,20
2025-10-20 15:00:00+00:00,4327.74,4337.42,4327.74,4337.42,237.2767,2025,10,20
2025-10-20 15:05:00+00:00,4337.42,4340.28,4336.88,4340.14,131.9818,2025,10,20
2025-10-20 15:10:00+00:00,4340.27,4348.67,4340.27,4347.44,113.0757,2025,10,20
2025-10-20 15:15:00+00:00,4347.44,4355.01,4347.44,4355.01,151.8319,2025,10,20
2025-10-20 15:20:00+00:00,4355.01,4355.55,4346.18,4348.51,224.6203,2025,10,20
2025-10-20 15:25:00+00:00,4348.5,4348.51,4341.68,4344.83,64.2028,2025,10,20
2025-10-20 15:30:00+00:00,4344.84,4348.49,4342.62,4348.08,34.424,2025,10,20
2025-10-20 15:35:00+00:00,4348.02,4348.47,4341.64,4345.74,45.8227,2025,10,20
2025-10-20 15:40:00+00:00,4345.73,4349.25,4342.63,4349.24,10.5244,2025,10,20
2025-10-20 15:45:00+00:00,4349.24,4349.25,4346.32,4348.56,16.1076,2025,10,20
2025-10-20 15:50:00+00:00,4348.3,4349.17,4346.34,4348.64,22.7985,2025,10,20
2025-10-20 15:55:00+00:00,4348.84,4349.02,4345.64,4348.17,20.5721,2025,10,20
2025-10-20 16:00:00+00:00,4348.16,4348.16,4340.29,4340.29,57.6111,2025,10,20
2025-10-20 16:05:00+00:00,4340.29,4348.66,4339.59,4347.27,28.5591,2025,10,20
2025-10-20 16:10:00+00:00,4347.26,4347.4,4344.48,4345.62,44.0268,2025,10,20
2025-10-20 16:15:00+00:00,4345.62,4348.37,4343.27,4347.97,26.4977,2025,10,20
2025-10-20 16:20:00+00:00,4347.97,4348.99,4346.94,4346.98,23.5954,2025,10,20
2025-10-20 16:25:00+00:00,4346.98,4346.98,4343.59,4344.66,21.5562,2025,10,20
2025-10-20 16:30:00+00:00,4344.36,4345.12,4341.44,4345.02,42.1091,2025,10,20
2025-10-20 16:35:00+00:00,4345.01,4346.38,4341.14,4341.14,17.0947,2025,10,20
2025-10-20 16:40:00+00:00,4341.14,4344.59,4340.44,4342.84,22.2744,2025,10,20
2025-10-20 16:45:00+00:00,4342.84,4345.04,4342.12,4344.2,41.3907,2025,10,20
2025-10-20 16:50:00+00:00,4344.19,4346.34,4344.19,4344.27,23.349,2025,10,20
2025-10-20 16:55:00+00:00,4344.27,4352.65,4344.27,4349.03,141.787,2025,10,20
2025-10-20 17:00:00+00:00,4349.02,4352.18,4349.02,4349.84,14.0379,2025,10,20
2025-10-20 17:05:00+00:00,4349.84,4352.65,4349.84,4352.42,18.3412,2025,10,20
2025-10-20 17:10:00+00:00,4352.41,4352.88,4347.01,4347.01,41.8351,2025,10,20
2025-10-20 17:15:00+00:00,4347.0,4347.0,4335.46,4336.81,77.0032,2025,10,20
2025-10-20 17:20:00+00:00,4337.23,4345.76,4336.57,4345.76,28.1141,2025,10,20
2025-10-20 17:25:00+00:00,4345.76,4345.76,4338.76,4338.77,16.2959,2025,10,20
2025-10-20 17:30:00+00:00,4338.76,4338.76,4335.41,4337.01,20.1808,2025,10,20
2025-10-20 17:35:00+00:00,4337.0,4339.54,4333.51,4339.54,51.1264,2025,10,20
2025-10-20 17:40:00+00:00,4339.56,4344.0,4339.2,4342.26,38.1245,2025,10,20
2025-10-20 17:45:00+00:00,4342.25,4344.99,4342.05,4344.98,22.1031,2025,10,20
2025-10-20 17:50:00+00:00,4344.97,4346.21,4344.14,4345.58,22.6644,2025,10,20
2025-10-20 17:55:00+00:00,4345.58,4347.19,4344.99,4346.41,16.7507,2025,10,20
2025-10-20 18:00:00+00:00,4346.4,4348.84,4346.4,4348.84,23.5442,2025,10,20
2025-10-20 18:05:00+00:00,4348.83,4350.98,4344.4,4345.3,74.9304,2025,10,20
2025-10-20 18:10:00+00:00,4345.3,4346.04,4345.21,4345.68,4.1611,2025,10,20
2025-10-20 18:15:00+00:00,4345.67,4346.91,4344.63,4346.56,11.1037,2025,10,20
2025-10-20 18:20:00+00:00,4346.56,4349.75,4346.56,4349.75,16.0472,2025,10,20
2025-10-20 18:25:00+00:00,4349.74,4357.08,4349.37,4357.08,76.8283,2025,10,20
2025-10-20 18:30:00+00:00,4357.08,4359.99,4355.42,4359.32,89.2567,2025,10,20
2025-10-20 18:35:00+00:00,4359.32,4366.16,4359.32,4362.4,69.3554,2025,10,20
2025-10-20 18:40:00+00:00,4363.19,4363.81,4359.01,4363.23,53.2073,2025,10,20
2025-10-20 18:45:00+00:00,4363.22,4365.91,4362.39,4362.39,44.8753,2025,10,20
2025-10-20 18:50:00+00:00,4362.19,4364.03,4362.19,4363.95,7.916,2025,10,20
2025-10-20 18:55:00+00:00,4363.94,4364.42,4363.0,4364.09,15.9389,2025,10,20
2025-10-20 19:00:00+00:00,4364.09,4369.05,4364.09,4369.05,71.3362,2025,10,20
2025-10-20 19:05:00+00:00,4369.05,4370.87,4368.69,4370.86,31.5375,2025,10,20
2025-10-20 19:10:00+00:00,4370.87,4372.92,4370.86,4372.68,21.0451,2025,10,20
2025-10-20 19:15:00+00:00,4372.67,4373.2,4370.12,4371.43,46.5376,2025,10,20
2025-10-20 19:20:00+00:00,4371.43,4375.0,4370.42,4372.01,88.2179,2025,10,20
2025-10-20 19:25:00+00:00,4372.01,4373.11,4370.85,4372.92,10.6091,2025,10,20
2025-10-20 19:30:00+00:00,4372.93,4374.73,4372.2,4374.33,116.5378,2025,10,20
2025-10-20 19:35:00+00:00,4373.66,4380.8,4372.89,4376.97,189.0566,2025,10,20
2025-10-20 19:40:00+00:00,4376.75,4401.66,4375.02,4381.44,269.7926,2025,10,20
2025-10-20 19:45:00+00:00,4381.43,4393.17,4381.43,4383.91,106.1323,2025,10,20
2025-10-20 19:50:00+00:00,4383.9,4385.42,4382.43,4384.12,22.3426,2025,10,20
2025-10-20 19:55:00+00:00,4384.12,4391.29,4383.85,4388.43,27.2752,2025,10,20
2025-10-20 20:00:00+00:00,4388.43,4390.74,4370.29,4373.55,218.1359,2025,10,20
2025-10-20 20:05:00+00:00,4373.55,4380.33,4370.8,4370.8,48.9961,2025,10,20
2025-10-20 20:10:00+00:00,4370.72,4373.11,4365.75,4369.8,93.0796,2025,10,20
2025-10-20 20:15:00+00:00,4369.8,4369.8,4355.9,4358.17,82.5858,2025,10,20
2025-10-20 20:20:00+00:00,4358.16,4370.87,4356.54,4370.7,47.4239,2025,10,20
2025-10-20 20:25:00+00:00,4370.34,4372.4,4364.58,4364.64,70.1722,2025,10,20
2025-10-20 20:30:00+00:00,4364.65,4365.75,4359.81,4360.27,22.2142,2025,10,20
2025-10-20 20:35:00+00:00,4360.27,4365.33,4358.84,4363.61,16.926,2025,10,20
2025-10-20 20:40:00+00:00,4363.61,4371.29,4363.61,4369.51,34.2837,2025,10,20
2025-10-20 20:45:00+00:00,4369.47,4370.5,4368.3,4369.51,12.9163,2025,10,20
2025-10-20 20:50:00+00:00,4369.51,4369.52,4365.19,4368.56,19.0263,2025,10,20
2025-10-20 20:55:00+00:00,4368.55,4368.6,4366.11,4367.43,8.9669,2025,10,20
2025-10-20 21:00:00+00:00,4367.47,4370.15,4366.7,4369.55,30.621,2025,10,20
2025-10-20 21:05:00+00:00,4369.39,4370.5,4360.69,4363.26,97.8387,2025,10,20
2025-10-20 21:10:00+00:00,4363.27,4364.25,4358.71,4359.47,49.6197,2025,10,20
2025-10-20 21:15:00+00:00,4359.47,4360.39,4356.47,4357.24,30.841,2025,10,20
2025-10-20 21:20:00+00:00,4357.24,4357.72,4355.9,4356.14,15.201,2025,10,20
2025-10-20 21:25:00+00:00,4356.14,4366.31,4356.14,4366.31,7.5578,2025,10,20
2025-10-20 21:30:00+00:00,4366.31,4369.21,4366.3,4368.99,11.2302,2025,10,20
2025-10-20 21:35:00+00:00,4369.0,4370.58,4368.6,4370.58,7.7365,2025,10,20
2025-10-20 21:40:00+00:00,4370.57,4370.57,4364.53,4368.61,19.2675,2025,10,20
2025-10-20 21:45:00+00:00,4368.61,4372.05,4368.61,4371.72,31.2058,2025,10,20
2025-10-20 21:50:00+00:00,4371.72,4371.72,4369.74,4370.26,24.7179,2025,10,20
2025-10-20 21:55:00+00:00,4370.26,4375.46,4370.0,4370.0,52.2566,2025,10,20
2025-10-20 22:00:00+00:00,4369.69,4375.1,4363.29,4372.34,84.3941,2025,10,20
2025-10-20 22:05:00+00:00,4372.34,4379.85,4371.94,4374.43,92.0786,2025,10,20
2025-10-20 22:10:00+00:00,4374.43,4374.43,4367.78,4371.11,32.7236,2025,10,20
2025-10-20 22:15:00+00:00,4371.12,4386.43,4371.12,4382.65,112.3818,2025,10,20
2025-10-20 22:20:00+00:00,4382.65,4382.65,4378.78,4380.06,70.7092,2025,10,20
2025-10-20 22:25:00+00:00,4380.05,4384.35,4378.33,4378.89,69.29,2025,10,20
2025-10-20 22:30:00+00:00,4378.89,4379.33,4372.9,4372.91,54.5714,2025,10,20
2025-10-20 22:35:00+00:00,4372.91,4373.64,4368.43,4369.98,50.9442,2025,10,20
2025-10-20 22:40:00+00:00,4369.99,4369.99,4365.0,4365.65,27.9567,2025,10,20
2025-10-20 22:45:00+00:00,4365.65,4374.23,4365.38,4373.91,18.6275,2025,10,20
2025-10-20 22:50:00+00:00,4373.9,4376.69,4373.9,4374.0,17.1159,2025,10,20
2025-10-20 22:55:00+00:00,4373.78,4373.91,4372.14,4372.84,11.6857,2025,10,20
2025-10-20 23:00:00+00:00,4372.83,4377.26,4372.83,4376.84,13.2771,2025,10,20
2025-10-20 23:05:00+00:00,4376.84,4379.04,4372.31,4373.54,34.1123,2025,10,20
2025-10-20 23:10:00+00:00,4373.54,4374.46,4371.19,4373.92,15.8894,2025,10,20
2025-10-20 23:15:00+00:00,4373.9,4373.9,4368.4,4370.85,11.0528,2025,10,20
2025-10-20 23:20:00+00:00,4370.85,4373.12,4370.38,4370.38,15.0087,2025,10,20
2025-10-20 23:25:00+00:00,4370.38,4370.99,4366.4,4367.13,31.1859,2025,10,20
2025-10-20 23:30:00+00:00,4367.22,4368.28,4366.04,4366.43,28.2219,2025,10,20
2025-10-20 23:35:00+00:00,4366.44,4366.9,4363.24,4364.02,25.0868,2025,10,20
2025-10-20 23:40:00+00:00,4364.05,4364.45,4362.6,4364.45,34.2871,2025,10,20
2025-10-20 23:45:00+00:00,4364.45,4365.72,4362.91,4364.73,19.0774,2025,10,20
2025-10-20 23:50:00+00:00,4364.41,4366.05,4361.66,4364.44,20.0218,2025,10,20
2025-10-20 23:55:00+00:00,4363.45,4366.04,4362.36,4364.09,17.1939,2025,10,20
