timestamp,open,high,low,close,volume,year,month,day
2021-12-11 00:00:00+00:00,1783.0,1784.0,1783.0,1784.0,2.2804,2021,12,11
2021-12-11 00:05:00+00:00,1783.0,1784.0,1783.0,1783.0,5.0118,2021,12,11
2021-12-11 00:10:00+00:00,1783.0,1785.0,1782.0,1784.0,16.0551,2021,12,11
2021-12-11 00:15:00+00:00,1783.0,1783.0,1781.0,1782.0,32.7426,2021,12,11
2021-12-11 00:20:00+00:00,1782.0,1783.0,1780.0,1783.0,17.4856,2021,12,11
2021-12-11 00:25:00+00:00,1783.0,1785.0,1782.0,1785.0,10.6504,2021,12,11
2021-12-11 00:30:00+00:00,1785.0,1786.0,1782.0,1783.0,26.5387,2021,12,11
2021-12-11 00:35:00+00:00,1783.0,1787.0,1782.0,1786.0,28.0546,2021,12,11
2021-12-11 00:40:00+00:00,1785.0,1785.0,1783.0,1783.0,3.5852,2021,12,11
2021-12-11 00:45:00+00:00,1783.0,1786.0,1783.0,1785.0,3.8523,2021,12,11
2021-12-11 00:50:00+00:00,1784.0,1786.0,1784.0,1784.0,2.7712,2021,12,11
2021-12-11 00:55:00+00:00,1784.0,1784.0,1783.0,1783.0,2.2482,2021,12,11
2021-12-11 01:00:00+00:00,1783.0,1783.0,1783.0,1783.0,1.0392,2021,12,11
2021-12-11 01:05:00+00:00,1782.0,1783.0,1781.0,1783.0,15.0777,2021,12,11
2021-12-11 01:10:00+00:00,1783.0,1783.0,1782.0,1782.0,0.2456,2021,12,11
2021-12-11 01:15:00+00:00,1783.0,1785.0,1783.0,1785.0,7.7752,2021,12,11
2021-12-11 01:20:00+00:00,1785.0,1786.0,1785.0,1785.0,1.3739,2021,12,11
2021-12-11 01:25:00+00:00,1785.0,1786.0,1785.0,1786.0,0.3121,2021,12,11
2021-12-11 01:30:00+00:00,1786.0,1786.0,1785.0,1785.0,0.3606,2021,12,11
2021-12-11 01:35:00+00:00,1785.0,1786.0,1785.0,1786.0,0.5026,2021,12,11
2021-12-11 01:40:00+00:00,1786.0,1786.0,1786.0,1786.0,0.0112,2021,12,11
2021-12-11 01:45:00+00:00,1785.0,1786.0,1785.0,1785.0,2.9551,2021,12,11
2021-12-11 01:50:00+00:00,1785.0,1786.0,1785.0,1785.0,1.1168,2021,12,11
2021-12-11 01:55:00+00:00,1785.0,1786.0,1785.0,1785.0,66.5606,2021,12,11
2021-12-11 02:00:00+00:00,1785.0,1786.0,1785.0,1786.0,0.6048,2021,12,11
2021-12-11 02:05:00+00:00,1786.0,1786.0,1785.0,1786.0,0.4364,2021,12,11
2021-12-11 02:10:00+00:00,1786.0,1786.0,1785.0,1786.0,0.6595,2021,12,11
2021-12-11 02:15:00+00:00,1785.0,1785.0,1785.0,1785.0,0.1363,2021,12,11
2021-12-11 02:20:00+00:00,1785.0,1786.0,1785.0,1785.0,2.738,2021,12,11
2021-12-11 02:25:00+00:00,1786.0,1786.0,1785.0,1786.0,0.0738,2021,12,11
2021-12-11 02:30:00+00:00,1785.0,1785.0,1785.0,1785.0,0.0533,2021,12,11
2021-12-11 02:35:00+00:00,1786.0,1786.0,1785.0,1786.0,0.0648,2021,12,11
2021-12-11 02:40:00+00:00,1786.0,1786.0,1785.0,1786.0,0.1293,2021,12,11
2021-12-11 02:45:00+00:00,1786.0,1786.0,1785.0,1785.0,0.2814,2021,12,11
2021-12-11 02:50:00+00:00,1786.0,1788.0,1786.0,1786.0,20.2937,2021,12,11
2021-12-11 02:55:00+00:00,1786.0,1786.0,1785.0,1785.0,3.2326,2021,12,11
2021-12-11 03:00:00+00:00,1785.0,1786.0,1784.0,1786.0,2.0176,2021,12,11
2021-12-11 03:05:00+00:00,1786.0,1787.0,1786.0,1786.0,25.9356,2021,12,11
2021-12-11 03:10:00+00:00,1785.0,1787.0,1785.0,1787.0,0.0531,2021,12,11
2021-12-11 03:15:00+00:00,1786.0,1788.0,1786.0,1788.0,26.3001,2021,12,11
2021-12-11 03:20:00+00:00,1788.0,1788.0,1786.0,1788.0,1.2554,2021,12,11
2021-12-11 03:25:00+00:00,1787.0,1788.0,1785.0,1787.0,2.7937,2021,12,11
2021-12-11 03:30:00+00:00,1787.0,1787.0,1787.0,1787.0,0.0177,2021,12,11
2021-12-11 03:35:00+00:00,1787.0,1787.0,1785.0,1785.0,0.0881,2021,12,11
2021-12-11 03:40:00+00:00,1786.0,1786.0,1785.0,1785.0,0.0675,2021,12,11
2021-12-11 03:45:00+00:00,1785.0,1786.0,1785.0,1786.0,0.0319,2021,12,11
2021-12-11 03:50:00+00:00,1786.0,1786.0,1783.0,1783.0,2.8341,2021,12,11
2021-12-11 03:55:00+00:00,1784.0,1784.0,1783.0,1783.0,2.8773,2021,12,11
2021-12-11 04:00:00+00:00,1784.0,1784.0,1783.0,1783.0,1.2147,2021,12,11
2021-12-11 04:05:00+00:00,1783.0,1783.0,1783.0,1783.0,0.4515,2021,12,11
2021-12-11 04:10:00+00:00,1783.0,1783.0,1783.0,1783.0,0.0059,2021,12,11
2021-12-11 04:15:00+00:00,1783.0,1783.0,1783.0,1783.0,0.4588,2021,12,11
2021-12-11 04:20:00+00:00,1782.0,1782.0,1782.0,1782.0,0.0067,2021,12,11
2021-12-11 04:25:00+00:00,1782.0,1783.0,1782.0,1783.0,2.2924,2021,12,11
2021-12-11 04:30:00+00:00,1782.0,1783.0,1782.0,1783.0,0.5371,2021,12,11
2021-12-11 04:35:00+00:00,1783.0,1783.0,1782.0,1782.0,1.0238,2021,12,11
2021-12-11 04:40:00+00:00,1782.0,1783.0,1782.0,1783.0,0.8518,2021,12,11
2021-12-11 04:45:00+00:00,1782.0,1782.0,1781.0,1782.0,3.8233,2021,12,11
2021-12-11 04:50:00+00:00,1782.0,1783.0,1782.0,1783.0,1.0256,2021,12,11
2021-12-11 04:55:00+00:00,1783.0,1785.0,1783.0,1785.0,4.6741,2021,12,11
2021-12-11 05:00:00+00:00,1785.0,1785.0,1784.0,1785.0,0.7226,2021,12,11
2021-12-11 05:05:00+00:00,1785.0,1786.0,1784.0,1784.0,0.6079,2021,12,11
2021-12-11 05:10:00+00:00,1785.0,1785.0,1784.0,1785.0,2.2359,2021,12,11
2021-12-11 05:15:00+00:00,1784.0,1784.0,1784.0,1784.0,0.2068,2021,12,11
2021-12-11 05:20:00+00:00,1784.0,1784.0,1784.0,1784.0,0.0,2021,12,11
2021-12-11 05:25:00+00:00,1785.0,1785.0,1784.0,1784.0,0.9898,2021,12,11
2021-12-11 05:30:00+00:00,1784.0,1785.0,1784.0,1785.0,2.7384,2021,12,11
2021-12-11 05:35:00+00:00,1785.0,1785.0,1784.0,1784.0,1.9935,2021,12,11
2021-12-11 05:40:00+00:00,1784.0,1784.0,1784.0,1784.0,0.0,2021,12,11
2021-12-11 05:45:00+00:00,1785.0,1785.0,1784.0,1785.0,0.1535,2021,12,11
2021-12-11 05:50:00+00:00,1784.0,1784.0,1783.0,1784.0,3.1715,2021,12,11
2021-12-11 05:55:00+00:00,1783.0,1785.0,1783.0,1784.0,6.1606,2021,12,11
2021-12-11 06:00:00+00:00,1784.0,1785.0,1784.0,1784.0,0.1017,2021,12,11
2021-12-11 06:05:00+00:00,1784.0,1784.0,1783.0,1784.0,1.898,2021,12,11
2021-12-11 06:10:00+00:00,1784.0,1787.0,1784.0,1787.0,15.3671,2021,12,11
2021-12-11 06:15:00+00:00,1787.0,1787.0,1785.0,1785.0,0.9669,2021,12,11
2021-12-11 06:20:00+00:00,1786.0,1788.0,1784.0,1784.0,8.6636,2021,12,11
2021-12-11 06:25:00+00:00,1784.0,1784.0,1784.0,1784.0,0.1237,2021,12,11
2021-12-11 06:30:00+00:00,1784.0,1784.0,1783.0,1783.0,0.334,2021,12,11
2021-12-11 06:35:00+00:00,1783.0,1784.0,1783.0,1784.0,1.3948,2021,12,11
2021-12-11 06:40:00+00:00,1784.0,1784.0,1784.0,1784.0,0.5972,2021,12,11
2021-12-11 06:45:00+00:00,1783.0,1783.0,1783.0,1783.0,2.1564,2021,12,11
2021-12-11 06:50:00+00:00,1783.0,1784.0,1783.0,1783.0,0.4066,2021,12,11
2021-12-11 06:55:00+00:00,1783.0,1784.0,1781.0,1784.0,29.4586,2021,12,11
2021-12-11 07:00:00+00:00,1784.0,1784.0,1783.0,1784.0,2.0085,2021,12,11
2021-12-11 07:05:00+00:00,1784.0,1784.0,1784.0,1784.0,0.0148,2021,12,11
2021-12-11 07:10:00+00:00,1784.0,1784.0,1783.0,1784.0,1.4581,2021,12,11
2021-12-11 07:15:00+00:00,1784.0,1784.0,1784.0,1784.0,0.0846,2021,12,11
2021-12-11 07:20:00+00:00,1784.0,1784.0,1783.0,1783.0,0.3064,2021,12,11
2021-12-11 07:25:00+00:00,1784.0,1784.0,1783.0,1783.0,0.2286,2021,12,11
2021-12-11 07:30:00+00:00,1783.0,1784.0,1783.0,1784.0,6.7456,2021,12,11
2021-12-11 07:35:00+00:00,1784.0,1785.0,1784.0,1785.0,0.0667,2021,12,11
2021-12-11 07:40:00+00:00,1785.0,1785.0,1784.0,1785.0,0.4832,2021,12,11
2021-12-11 07:45:00+00:00,1784.0,1784.0,1782.0,1784.0,3.6186,2021,12,11
2021-12-11 07:50:00+00:00,1784.0,1784.0,1783.0,1783.0,2.687,2021,12,11
2021-12-11 07:55:00+00:00,1784.0,1784.0,1784.0,1784.0,1.2422,2021,12,11
2021-12-11 08:00:00+00:00,1784.0,1786.0,1784.0,1785.0,10.4212,2021,12,11
2021-12-11 08:05:00+00:00,1786.0,1786.0,1785.0,1786.0,1.5255,2021,12,11
2021-12-11 08:10:00+00:00,1786.0,1787.0,1785.0,1785.0,3.6143,2021,12,11
2021-12-11 08:15:00+00:00,1785.0,1786.0,1784.0,1784.0,4.5421,2021,12,11
2021-12-11 08:20:00+00:00,1784.0,1787.0,1784.0,1787.0,4.3016,2021,12,11
2021-12-11 08:25:00+00:00,1786.0,1787.0,1785.0,1786.0,34.301,2021,12,11
2021-12-11 08:30:00+00:00,1787.0,1787.0,1783.0,1787.0,37.143,2021,12,11
2021-12-11 08:35:00+00:00,1787.0,1787.0,1785.0,1785.0,1.327,2021,12,11
2021-12-11 08:40:00+00:00,1785.0,1785.0,1784.0,1785.0,1.6541,2021,12,11
2021-12-11 08:45:00+00:00,1784.0,1785.0,1783.0,1784.0,4.6061,2021,12,11
2021-12-11 08:50:00+00:00,1783.0,1783.0,1782.0,1783.0,8.6544,2021,12,11
2021-12-11 08:55:00+00:00,1783.0,1783.0,1783.0,1783.0,0.0196,2021,12,11
2021-12-11 09:00:00+00:00,1784.0,1784.0,1783.0,1783.0,4.0973,2021,12,11
2021-12-11 09:05:00+00:00,1783.0,1784.0,1783.0,1783.0,5.4413,2021,12,11
2021-12-11 09:10:00+00:00,1783.0,1783.0,1781.0,1783.0,15.1341,2021,12,11
2021-12-11 09:15:00+00:00,1782.0,1784.0,1782.0,1784.0,4.0935,2021,12,11
2021-12-11 09:20:00+00:00,1784.0,1784.0,1784.0,1784.0,0.3595,2021,12,11
2021-12-11 09:25:00+00:00,1784.0,1784.0,1783.0,1783.0,0.8346,2021,12,11
2021-12-11 09:30:00+00:00,1783.0,1784.0,1782.0,1783.0,8.7681,2021,12,11
2021-12-11 09:35:00+00:00,1784.0,1784.0,1783.0,1783.0,1.7637,2021,12,11
2021-12-11 09:40:00+00:00,1783.0,1783.0,1783.0,1783.0,0.0,2021,12,11
2021-12-11 09:45:00+00:00,1783.0,1783.0,1783.0,1783.0,0.8368,2021,12,11
2021-12-11 09:50:00+00:00,1783.0,1784.0,1783.0,1783.0,0.1683,2021,12,11
2021-12-11 09:55:00+00:00,1784.0,1785.0,1784.0,1785.0,2.1379,2021,12,11
2021-12-11 10:00:00+00:00,1785.0,1785.0,1785.0,1785.0,0.2927,2021,12,11
2021-12-11 10:05:00+00:00,1785.0,1785.0,1784.0,1784.0,0.077,2021,12,11
2021-12-11 10:10:00+00:00,1785.0,1787.0,1784.0,1787.0,18.1402,2021,12,11
2021-12-11 10:15:00+00:00,1787.0,1788.0,1785.0,1785.0,40.1549,2021,12,11
2021-12-11 10:20:00+00:00,1786.0,1786.0,1785.0,1785.0,1.1023,2021,12,11
2021-12-11 10:25:00+00:00,1785.0,1787.0,1785.0,1785.0,14.8847,2021,12,11
2021-12-11 10:30:00+00:00,1786.0,1786.0,1785.0,1786.0,1.3702,2021,12,11
2021-12-11 10:35:00+00:00,1786.0,1786.0,1786.0,1786.0,0.0724,2021,12,11
2021-12-11 10:40:00+00:00,1786.0,1786.0,1786.0,1786.0,16.0331,2021,12,11
2021-12-11 10:45:00+00:00,1786.0,1786.0,1786.0,1786.0,0.0068,2021,12,11
2021-12-11 10:50:00+00:00,1785.0,1786.0,1785.0,1785.0,0.1714,2021,12,11
2021-12-11 10:55:00+00:00,1785.0,1786.0,1785.0,1785.0,0.2559,2021,12,11
2021-12-11 11:00:00+00:00,1786.0,1786.0,1785.0,1786.0,2.0867,2021,12,11
2021-12-11 11:05:00+00:00,1786.0,1786.0,1784.0,1784.0,2.8981,2021,12,11
2021-12-11 11:10:00+00:00,1783.0,1784.0,1782.0,1783.0,10.2678,2021,12,11
2021-12-11 11:15:00+00:00,1783.0,1784.0,1783.0,1784.0,0.1286,2021,12,11
2021-12-11 11:20:00+00:00,1783.0,1784.0,1782.0,1783.0,16.1248,2021,12,11
2021-12-11 11:25:00+00:00,1783.0,1783.0,1783.0,1783.0,0.2838,2021,12,11
2021-12-11 11:30:00+00:00,1783.0,1784.0,1783.0,1784.0,1.0959,2021,12,11
2021-12-11 11:35:00+00:00,1784.0,1784.0,1783.0,1784.0,0.703,2021,12,11
2021-12-11 11:40:00+00:00,1783.0,1784.0,1783.0,1784.0,0.6081,2021,12,11
2021-12-11 11:45:00+00:00,1784.0,1784.0,1784.0,1784.0,1.1147,2021,12,11
2021-12-11 11:50:00+00:00,1784.0,1784.0,1783.0,1783.0,0.369,2021,12,11
2021-12-11 11:55:00+00:00,1784.0,1784.0,1784.0,1784.0,0.0157,2021,12,11
2021-12-11 12:00:00+00:00,1783.0,1783.0,1783.0,1783.0,0.4601,2021,12,11
2021-12-11 12:05:00+00:00,1783.0,1784.0,1783.0,1784.0,0.2495,2021,12,11
2021-12-11 12:10:00+00:00,1784.0,1784.0,1783.0,1784.0,0.3487,2021,12,11
2021-12-11 12:15:00+00:00,1784.0,1784.0,1784.0,1784.0,0.2906,2021,12,11
2021-12-11 12:20:00+00:00,1784.0,1784.0,1783.0,1784.0,2.041,2021,12,11
2021-12-11 12:25:00+00:00,1784.0,1785.0,1784.0,1784.0,1.4842,2021,12,11
2021-12-11 12:30:00+00:00,1784.0,1784.0,1784.0,1784.0,0.0,2021,12,11
2021-12-11 12:35:00+00:00,1784.0,1785.0,1783.0,1785.0,1.8881,2021,12,11
2021-12-11 12:40:00+00:00,1785.0,1785.0,1784.0,1784.0,1.0134,2021,12,11
2021-12-11 12:45:00+00:00,1785.0,1785.0,1784.0,1784.0,0.1484,2021,12,11
2021-12-11 12:50:00+00:00,1784.0,1784.0,1784.0,1784.0,0.0,2021,12,11
2021-12-11 12:55:00+00:00,1784.0,1785.0,1784.0,1785.0,0.0783,2021,12,11
2021-12-11 13:00:00+00:00,1784.0,1784.0,1783.0,1783.0,0.6763,2021,12,11
2021-12-11 13:05:00+00:00,1784.0,1784.0,1783.0,1784.0,1.4202,2021,12,11
2021-12-11 13:10:00+00:00,1784.0,1788.0,1782.0,1784.0,24.2184,2021,12,11
2021-12-11 13:15:00+00:00,1784.0,1785.0,1784.0,1784.0,3.3004,2021,12,11
2021-12-11 13:20:00+00:00,1785.0,1785.0,1785.0,1785.0,0.0255,2021,12,11
2021-12-11 13:25:00+00:00,1785.0,1785.0,1784.0,1784.0,0.1788,2021,12,11
2021-12-11 13:30:00+00:00,1785.0,1788.0,1785.0,1786.0,103.4749,2021,12,11
2021-12-11 13:35:00+00:00,1787.0,1788.0,1785.0,1785.0,57.42,2021,12,11
2021-12-11 13:40:00+00:00,1785.0,1785.0,1785.0,1785.0,0.07,2021,12,11
2021-12-11 13:45:00+00:00,1785.0,1786.0,1785.0,1785.0,0.6819,2021,12,11
2021-12-11 13:50:00+00:00,1786.0,1788.0,1785.0,1786.0,8.185,2021,12,11
2021-12-11 13:55:00+00:00,1786.0,1786.0,1785.0,1785.0,7.8862,2021,12,11
2021-12-11 14:00:00+00:00,1786.0,1786.0,1785.0,1785.0,1.1624,2021,12,11
2021-12-11 14:05:00+00:00,1786.0,1786.0,1785.0,1785.0,0.4532,2021,12,11
2021-12-11 14:10:00+00:00,1785.0,1786.0,1785.0,1785.0,0.6229,2021,12,11
2021-12-11 14:15:00+00:00,1786.0,1786.0,1785.0,1786.0,4.0839,2021,12,11
2021-12-11 14:20:00+00:00,1785.0,1786.0,1785.0,1785.0,1.6344,2021,12,11
2021-12-11 14:25:00+00:00,1785.0,1786.0,1785.0,1785.0,3.8831,2021,12,11
2021-12-11 14:30:00+00:00,1784.0,1785.0,1784.0,1785.0,0.4716,2021,12,11
2021-12-11 14:35:00+00:00,1785.0,1785.0,1784.0,1784.0,0.3684,2021,12,11
2021-12-11 14:40:00+00:00,1784.0,1787.0,1784.0,1786.0,12.9272,2021,12,11
2021-12-11 14:45:00+00:00,1787.0,1787.0,1785.0,1785.0,1.6317,2021,12,11
2021-12-11 14:50:00+00:00,1786.0,1786.0,1785.0,1785.0,0.0299,2021,12,11
2021-12-11 14:55:00+00:00,1785.0,1786.0,1785.0,1786.0,0.3449,2021,12,11
2021-12-11 15:00:00+00:00,1785.0,1786.0,1785.0,1786.0,1.0736,2021,12,11
2021-12-11 15:05:00+00:00,1785.0,1785.0,1785.0,1785.0,0.1174,2021,12,11
2021-12-11 15:10:00+00:00,1785.0,1785.0,1785.0,1785.0,0.9781,2021,12,11
2021-12-11 15:15:00+00:00,1785.0,1786.0,1785.0,1785.0,0.0495,2021,12,11
2021-12-11 15:20:00+00:00,1786.0,1786.0,1785.0,1786.0,0.2472,2021,12,11
2021-12-11 15:25:00+00:00,1786.0,1786.0,1785.0,1785.0,0.5865,2021,12,11
2021-12-11 15:30:00+00:00,1786.0,1786.0,1786.0,1786.0,2.2262,2021,12,11
2021-12-11 15:35:00+00:00,1786.0,1786.0,1786.0,1786.0,0.6862,2021,12,11
2021-12-11 15:40:00+00:00,1785.0,1786.0,1785.0,1786.0,0.3541,2021,12,11
2021-12-11 15:45:00+00:00,1786.0,1786.0,1786.0,1786.0,0.0,2021,12,11
2021-12-11 15:50:00+00:00,1785.0,1786.0,1785.0,1785.0,0.354,2021,12,11
2021-12-11 15:55:00+00:00,1786.0,1787.0,1786.0,1786.0,18.9291,2021,12,11
2021-12-11 16:00:00+00:00,1786.0,1787.0,1785.0,1786.0,31.516,2021,12,11
2021-12-11 16:05:00+00:00,1786.0,1787.0,1785.0,1786.0,8.8482,2021,12,11
2021-12-11 16:10:00+00:00,1785.0,1786.0,1785.0,1786.0,0.0669,2021,12,11
2021-12-11 16:15:00+00:00,1786.0,1787.0,1786.0,1786.0,7.9371,2021,12,11
2021-12-11 16:20:00+00:00,1787.0,1787.0,1786.0,1787.0,2.0293,2021,12,11
2021-12-11 16:25:00+00:00,1785.0,1786.0,1781.0,1782.0,34.42,2021,12,11
2021-12-11 16:30:00+00:00,1783.0,1786.0,1783.0,1784.0,18.9077,2021,12,11
2021-12-11 16:35:00+00:00,1786.0,1786.0,1784.0,1785.0,4.9744,2021,12,11
2021-12-11 16:40:00+00:00,1785.0,1785.0,1782.0,1783.0,8.9506,2021,12,11
2021-12-11 16:45:00+00:00,1784.0,1784.0,1782.0,1782.0,0.794,2021,12,11
2021-12-11 16:50:00+00:00,1783.0,1784.0,1783.0,1783.0,0.9155,2021,12,11
2021-12-11 16:55:00+00:00,1783.0,1783.0,1783.0,1783.0,0.0067,2021,12,11
2021-12-11 17:00:00+00:00,1784.0,1784.0,1782.0,1783.0,11.2807,2021,12,11
2021-12-11 17:05:00+00:00,1782.0,1783.0,1782.0,1783.0,3.0584,2021,12,11
2021-12-11 17:10:00+00:00,1784.0,1784.0,1783.0,1783.0,2.8686,2021,12,11
2021-12-11 17:15:00+00:00,1784.0,1784.0,1782.0,1783.0,9.2183,2021,12,11
2021-12-11 17:20:00+00:00,1783.0,1783.0,1783.0,1783.0,0.0,2021,12,11
2021-12-11 17:25:00+00:00,1784.0,1784.0,1782.0,1783.0,3.5646,2021,12,11
2021-12-11 17:30:00+00:00,1784.0,1784.0,1783.0,1783.0,0.2169,2021,12,11
2021-12-11 17:35:00+00:00,1783.0,1783.0,1783.0,1783.0,0.1988,2021,12,11
2021-12-11 17:40:00+00:00,1784.0,1784.0,1783.0,1784.0,2.6063,2021,12,11
2021-12-11 17:45:00+00:00,1784.0,1784.0,1784.0,1784.0,4.122,2021,12,11
2021-12-11 17:50:00+00:00,1785.0,1785.0,1784.0,1784.0,0.6952,2021,12,11
2021-12-11 17:55:00+00:00,1784.0,1784.0,1784.0,1784.0,1.2885,2021,12,11
2021-12-11 18:00:00+00:00,1784.0,1784.0,1783.0,1784.0,13.0015,2021,12,11
2021-12-11 18:05:00+00:00,1784.0,1784.0,1781.0,1781.0,0.4283,2021,12,11
2021-12-11 18:10:00+00:00,1782.0,1782.0,1781.0,1781.0,4.5551,2021,12,11
2021-12-11 18:15:00+00:00,1782.0,1782.0,1782.0,1782.0,1.4994,2021,12,11
2021-12-11 18:20:00+00:00,1782.0,1782.0,1782.0,1782.0,0.0285,2021,12,11
2021-12-11 18:25:00+00:00,1781.0,1782.0,1781.0,1782.0,0.2896,2021,12,11
2021-12-11 18:30:00+00:00,1781.0,1782.0,1780.0,1781.0,9.9031,2021,12,11
2021-12-11 18:35:00+00:00,1781.0,1781.0,1781.0,1781.0,0.0115,2021,12,11
2021-12-11 18:40:00+00:00,1781.0,1781.0,1781.0,1781.0,0.2146,2021,12,11
2021-12-11 18:45:00+00:00,1782.0,1782.0,1782.0,1782.0,0.0118,2021,12,11
2021-12-11 18:50:00+00:00,1781.0,1781.0,1781.0,1781.0,0.1321,2021,12,11
2021-12-11 18:55:00+00:00,1781.0,1781.0,1781.0,1781.0,3.008,2021,12,11
2021-12-11 19:00:00+00:00,1781.0,1781.0,1781.0,1781.0,0.0101,2021,12,11
2021-12-11 19:05:00+00:00,1782.0,1782.0,1781.0,1782.0,0.4039,2021,12,11
2021-12-11 19:10:00+00:00,1782.0,1782.0,1782.0,1782.0,0.0561,2021,12,11
2021-12-11 19:15:00+00:00,1781.0,1781.0,1780.0,1781.0,9.9471,2021,12,11
2021-12-11 19:20:00+00:00,1781.0,1781.0,1781.0,1781.0,0.1582,2021,12,11
2021-12-11 19:25:00+00:00,1781.0,1781.0,1781.0,1781.0,0.3015,2021,12,11
2021-12-11 19:30:00+00:00,1781.0,1784.0,1781.0,1784.0,8.6214,2021,12,11
2021-12-11 19:35:00+00:00,1784.0,1785.0,1783.0,1784.0,5.9287,2021,12,11
2021-12-11 19:40:00+00:00,1785.0,1785.0,1784.0,1784.0,1.6516,2021,12,11
2021-12-11 19:45:00+00:00,1784.0,1784.0,1784.0,1784.0,1.3034,2021,12,11
2021-12-11 19:50:00+00:00,1784.0,1784.0,1783.0,1783.0,1.1699,2021,12,11
2021-12-11 19:55:00+00:00,1783.0,1784.0,1782.0,1782.0,2.3227,2021,12,11
2021-12-11 20:00:00+00:00,1783.0,1783.0,1781.0,1781.0,7.2296,2021,12,11
2021-12-11 20:05:00+00:00,1783.0,1783.0,1782.0,1782.0,0.6122,2021,12,11
2021-12-11 20:10:00+00:00,1782.0,1783.0,1781.0,1781.0,1.0889,2021,12,11
2021-12-11 20:15:00+00:00,1781.0,1781.0,1781.0,1781.0,0.5209,2021,12,11
2021-12-11 20:20:00+00:00,1781.0,1782.0,1781.0,1781.0,1.0364,2021,12,11
2021-12-11 20:25:00+00:00,1781.0,1782.0,1781.0,1782.0,3.2602,2021,12,11
2021-12-11 20:30:00+00:00,1782.0,1783.0,1781.0,1783.0,1.8539,2021,12,11
2021-12-11 20:35:00+00:00,1783.0,1783.0,1782.0,1783.0,0.7322,2021,12,11
2021-12-11 20:40:00+00:00,1782.0,1782.0,1781.0,1781.0,3.8354,2021,12,11
2021-12-11 20:45:00+00:00,1782.0,1782.0,1781.0,1781.0,0.2862,2021,12,11
2021-12-11 20:50:00+00:00,1781.0,1783.0,1781.0,1782.0,1.1868,2021,12,11
2021-12-11 20:55:00+00:00,1783.0,1783.0,1783.0,1783.0,0.1328,2021,12,11
2021-12-11 21:00:00+00:00,1782.0,1784.0,1782.0,1783.0,2.0714,2021,12,11
2021-12-11 21:05:00+00:00,1783.0,1784.0,1783.0,1783.0,1.2743,2021,12,11
2021-12-11 21:10:00+00:00,1783.0,1783.0,1781.0,1783.0,6.0181,2021,12,11
2021-12-11 21:15:00+00:00,1783.0,1783.0,1783.0,1783.0,0.0126,2021,12,11
2021-12-11 21:20:00+00:00,1783.0,1783.0,1782.0,1783.0,0.5772,2021,12,11
2021-12-11 21:25:00+00:00,1782.0,1783.0,1782.0,1782.0,0.5752,2021,12,11
2021-12-11 21:30:00+00:00,1783.0,1783.0,1782.0,1782.0,0.0538,2021,12,11
2021-12-11 21:35:00+00:00,1782.0,1783.0,1782.0,1782.0,0.7548,2021,12,11
2021-12-11 21:40:00+00:00,1782.0,1782.0,1780.0,1782.0,15.891,2021,12,11
2021-12-11 21:45:00+00:00,1782.0,1783.0,1782.0,1783.0,5.6309,2021,12,11
2021-12-11 21:50:00+00:00,1782.0,1783.0,1782.0,1783.0,0.2401,2021,12,11
2021-12-11 21:55:00+00:00,1783.0,1784.0,1783.0,1784.0,1.1173,2021,12,11
2021-12-11 22:00:00+00:00,1784.0,1784.0,1780.0,1780.0,26.1405,2021,12,11
2021-12-11 22:05:00+00:00,1780.0,1780.0,1780.0,1780.0,0.3644,2021,12,11
2021-12-11 22:10:00+00:00,1780.0,1781.0,1780.0,1780.0,0.7765,2021,12,11
2021-12-11 22:15:00+00:00,1781.0,1782.0,1781.0,1782.0,3.1081,2021,12,11
2021-12-11 22:20:00+00:00,1781.0,1781.0,1781.0,1781.0,0.7333,2021,12,11
2021-12-11 22:25:00+00:00,1781.0,1781.0,1781.0,1781.0,0.0069,2021,12,11
2021-12-11 22:30:00+00:00,1781.0,1782.0,1781.0,1782.0,0.1596,2021,12,11
2021-12-11 22:35:00+00:00,1782.0,1782.0,1782.0,1782.0,1.0404,2021,12,11
2021-12-11 22:40:00+00:00,1781.0,1783.0,1780.0,1780.0,6.9224,2021,12,11
2021-12-11 22:45:00+00:00,1781.0,1781.0,1781.0,1781.0,0.4487,2021,12,11
2021-12-11 22:50:00+00:00,1781.0,1782.0,1781.0,1781.0,0.4684,2021,12,11
2021-12-11 22:55:00+00:00,1781.0,1781.0,1781.0,1781.0,0.0585,2021,12,11
2021-12-11 23:00:00+00:00,1781.0,1781.0,1781.0,1781.0,0.1049,2021,12,11
2021-12-11 23:05:00+00:00,1781.0,1782.0,1780.0,1781.0,1.2034,2021,12,11
2021-12-11 23:10:00+00:00,1781.0,1784.0,1780.0,1783.0,4.9368,2021,12,11
2021-12-11 23:15:00+00:00,1783.0,1784.0,1782.0,1784.0,0.9343,2021,12,11
2021-12-11 23:20:00+00:00,1782.0,1783.0,1782.0,1783.0,0.8714,2021,12,11
2021-12-11 23:25:00+00:00,1783.0,1783.0,1780.0,1782.0,18.9423,2021,12,11
2021-12-11 23:30:00+00:00,1782.0,1786.0,1782.0,1784.0,24.2108,2021,12,11
2021-12-11 23:35:00+00:00,1784.0,1785.0,1784.0,1784.0,0.775,2021,12,11
2021-12-11 23:40:00+00:00,1785.0,1785.0,1782.0,1782.0,4.6716,2021,12,11
2021-12-11 23:45:00+00:00,1782.0,1783.0,1782.0,1783.0,0.9562,2021,12,11
2021-12-11 23:50:00+00:00,1782.0,1783.0,1782.0,1783.0,1.1994,2021,12,11
2021-12-11 23:55:00+00:00,1784.0,1786.0,1784.0,1785.0,26.2054,2021,12,11
2021-12-12 00:00:00+00:00,1784.0,1786.0,1784.0,1784.0,4.3381,2021,12,12
2021-12-12 00:05:00+00:00,1784.0,1784.0,1783.0,1783.0,5.3194,2021,12,12
2021-12-12 00:10:00+00:00,1783.0,1785.0,1783.0,1785.0,3.4411,2021,12,12
2021-12-12 00:15:00+00:00,1785.0,1785.0,1785.0,1785.0,0.017,2021,12,12
2021-12-12 00:20:00+00:00,1785.0,1785.0,1785.0,1785.0,0.0935,2021,12,12
2021-12-12 00:25:00+00:00,1784.0,1785.0,1784.0,1785.0,1.3302,2021,12,12
2021-12-12 00:30:00+00:00,1784.0,1784.0,1782.0,1782.0,1.2385,2021,12,12
2021-12-12 00:35:00+00:00,1784.0,1784.0,1782.0,1782.0,1.7807,2021,12,12
2021-12-12 00:40:00+00:00,1782.0,1783.0,1782.0,1783.0,0.1493,2021,12,12
2021-12-12 00:45:00+00:00,1782.0,1786.0,1781.0,1784.0,15.1402,2021,12,12
2021-12-12 00:50:00+00:00,1784.0,1786.0,1783.0,1784.0,4.033,2021,12,12
2021-12-12 00:55:00+00:00,1783.0,1784.0,1783.0,1783.0,0.2651,2021,12,12
2021-12-12 01:00:00+00:00,1784.0,1784.0,1783.0,1783.0,1.7674,2021,12,12
2021-12-12 01:05:00+00:00,1783.0,1784.0,1783.0,1783.0,0.8915,2021,12,12
2021-12-12 01:10:00+00:00,1783.0,1783.0,1783.0,1783.0,1.2445,2021,12,12
2021-12-12 01:15:00+00:00,1783.0,1783.0,1780.0,1782.0,36.6077,2021,12,12
2021-12-12 01:20:00+00:00,1782.0,1782.0,1780.0,1782.0,9.6039,2021,12,12
2021-12-12 01:25:00+00:00,1781.0,1781.0,1780.0,1780.0,4.0522,2021,12,12
2021-12-12 01:30:00+00:00,1780.0,1781.0,1780.0,1781.0,0.2289,2021,12,12
2021-12-12 01:35:00+00:00,1781.0,1781.0,1780.0,1781.0,0.1591,2021,12,12
2021-12-12 01:40:00+00:00,1780.0,1782.0,1780.0,1780.0,0.1629,2021,12,12
2021-12-12 01:45:00+00:00,1782.0,1782.0,1782.0,1782.0,0.0103,2021,12,12
2021-12-12 01:50:00+00:00,1782.0,1782.0,1782.0,1782.0,0.0,2021,12,12
2021-12-12 01:55:00+00:00,1780.0,1780.0,1780.0,1780.0,0.046,2021,12,12
2021-12-12 02:00:00+00:00,1780.0,1780.0,1780.0,1780.0,0.3436,2021,12,12
2021-12-12 02:05:00+00:00,1780.0,1782.0,1780.0,1782.0,0.0979,2021,12,12
2021-12-12 02:10:00+00:00,1780.0,1780.0,1780.0,1780.0,0.7648,2021,12,12
2021-12-12 02:15:00+00:00,1781.0,1781.0,1780.0,1781.0,0.2067,2021,12,12
2021-12-12 02:20:00+00:00,1781.0,1781.0,1781.0,1781.0,0.7236,2021,12,12
2021-12-12 02:25:00+00:00,1781.0,1781.0,1780.0,1780.0,2.1342,2021,12,12
2021-12-12 02:30:00+00:00,1782.0,1782.0,1781.0,1782.0,1.7187,2021,12,12
2021-12-12 02:35:00+00:00,1782.0,1782.0,1781.0,1781.0,0.4774,2021,12,12
2021-12-12 02:40:00+00:00,1781.0,1782.0,1781.0,1782.0,0.1987,2021,12,12
2021-12-12 02:45:00+00:00,1781.0,1782.0,1781.0,1781.0,1.2856,2021,12,12
2021-12-12 02:50:00+00:00,1781.0,1781.0,1780.0,1780.0,0.3919,2021,12,12
2021-12-12 02:55:00+00:00,1780.0,1780.0,1780.0,1780.0,0.0,2021,12,12
2021-12-12 03:00:00+00:00,1781.0,1781.0,1781.0,1781.0,0.0341,2021,12,12
2021-12-12 03:05:00+00:00,1781.0,1783.0,1781.0,1781.0,6.7032,2021,12,12
2021-12-12 03:10:00+00:00,1781.0,1781.0,1781.0,1781.0,0.0,2021,12,12
2021-12-12 03:15:00+00:00,1782.0,1782.0,1780.0,1781.0,0.5592,2021,12,12
2021-12-12 03:20:00+00:00,1780.0,1781.0,1780.0,1781.0,0.134,2021,12,12
2021-12-12 03:25:00+00:00,1781.0,1781.0,1781.0,1781.0,0.0585,2021,12,12
2021-12-12 03:30:00+00:00,1780.0,1781.0,1780.0,1781.0,0.2836,2021,12,12
2021-12-12 03:35:00+00:00,1781.0,1781.0,1781.0,1781.0,0.0114,2021,12,12
2021-12-12 03:40:00+00:00,1781.0,1782.0,1781.0,1782.0,1.6547,2021,12,12
2021-12-12 03:45:00+00:00,1781.0,1781.0,1781.0,1781.0,2.806,2021,12,12
2021-12-12 03:50:00+00:00,1782.0,1782.0,1781.0,1781.0,5.0694,2021,12,12
2021-12-12 03:55:00+00:00,1780.0,1781.0,1779.0,1781.0,46.925,2021,12,12
2021-12-12 04:00:00+00:00,1781.0,1781.0,1779.0,1780.0,3.0853,2021,12,12
2021-12-12 04:05:00+00:00,1780.0,1780.0,1780.0,1780.0,0.1186,2021,12,12
2021-12-12 04:10:00+00:00,1780.0,1780.0,1780.0,1780.0,0.0284,2021,12,12
2021-12-12 04:15:00+00:00,1780.0,1781.0,1780.0,1780.0,2.9296,2021,12,12
2021-12-12 04:20:00+00:00,1780.0,1782.0,1780.0,1780.0,0.6271,2021,12,12
2021-12-12 04:25:00+00:00,1782.0,1782.0,1782.0,1782.0,0.0086,2021,12,12
2021-12-12 04:30:00+00:00,1782.0,1782.0,1782.0,1782.0,0.0057,2021,12,12
2021-12-12 04:35:00+00:00,1782.0,1782.0,1782.0,1782.0,0.0,2021,12,12
2021-12-12 04:40:00+00:00,1782.0,1782.0,1780.0,1780.0,0.3537,2021,12,12
2021-12-12 04:45:00+00:00,1780.0,1780.0,1778.0,1780.0,5.3089,2021,12,12
2021-12-12 04:50:00+00:00,1780.0,1780.0,1779.0,1780.0,1.9269,2021,12,12
2021-12-12 04:55:00+00:00,1780.0,1780.0,1779.0,1780.0,0.492,2021,12,12
2021-12-12 05:00:00+00:00,1780.0,1780.0,1779.0,1780.0,0.1645,2021,12,12
2021-12-12 05:05:00+00:00,1780.0,1781.0,1780.0,1781.0,1.202,2021,12,12
2021-12-12 05:10:00+00:00,1781.0,1781.0,1781.0,1781.0,0.0683,2021,12,12
2021-12-12 05:15:00+00:00,1780.0,1781.0,1779.0,1781.0,0.8204,2021,12,12
2021-12-12 05:20:00+00:00,1781.0,1781.0,1781.0,1781.0,0.0147,2021,12,12
2021-12-12 05:25:00+00:00,1781.0,1781.0,1781.0,1781.0,0.0,2021,12,12
2021-12-12 05:30:00+00:00,1779.0,1781.0,1779.0,1781.0,0.4505,2021,12,12
2021-12-12 05:35:00+00:00,1781.0,1781.0,1781.0,1781.0,0.0,2021,12,12
2021-12-12 05:40:00+00:00,1781.0,1781.0,1781.0,1781.0,0.0081,2021,12,12
2021-12-12 05:45:00+00:00,1779.0,1779.0,1779.0,1779.0,0.0558,2021,12,12
2021-12-12 05:50:00+00:00,1779.0,1779.0,1779.0,1779.0,0.0,2021,12,12
2021-12-12 05:55:00+00:00,1781.0,1781.0,1781.0,1781.0,0.0078,2021,12,12
2021-12-12 06:00:00+00:00,1781.0,1781.0,1781.0,1781.0,0.0163,2021,12,12
2021-12-12 06:05:00+00:00,1781.0,1781.0,1781.0,1781.0,0.4013,2021,12,12
2021-12-12 06:10:00+00:00,1779.0,1781.0,1779.0,1781.0,0.3065,2021,12,12
2021-12-12 06:15:00+00:00,1781.0,1781.0,1781.0,1781.0,0.1845,2021,12,12
2021-12-12 06:20:00+00:00,1781.0,1781.0,1781.0,1781.0,0.017,2021,12,12
2021-12-12 06:25:00+00:00,1781.0,1781.0,1781.0,1781.0,0.0,2021,12,12
2021-12-12 06:30:00+00:00,1781.0,1781.0,1781.0,1781.0,0.0091,2021,12,12
2021-12-12 06:35:00+00:00,1780.0,1780.0,1780.0,1780.0,0.1302,2021,12,12
2021-12-12 06:40:00+00:00,1781.0,1781.0,1779.0,1781.0,0.6997,2021,12,12
2021-12-12 06:45:00+00:00,1781.0,1781.0,1781.0,1781.0,0.0063,2021,12,12
2021-12-12 06:50:00+00:00,1781.0,1781.0,1778.0,1780.0,1.2051,2021,12,12
2021-12-12 06:55:00+00:00,1781.0,1781.0,1780.0,1780.0,0.0226,2021,12,12
2021-12-12 07:00:00+00:00,1781.0,1781.0,1781.0,1781.0,0.0326,2021,12,12
2021-12-12 07:05:00+00:00,1781.0,1782.0,1781.0,1782.0,0.6191,2021,12,12
2021-12-12 07:10:00+00:00,1782.0,1782.0,1780.0,1780.0,0.3136,2021,12,12
2021-12-12 07:15:00+00:00,1781.0,1781.0,1781.0,1781.0,0.0191,2021,12,12
2021-12-12 07:20:00+00:00,1781.0,1781.0,1778.0,1780.0,1.7125,2021,12,12
2021-12-12 07:25:00+00:00,1780.0,1782.0,1779.0,1782.0,2.6214,2021,12,12
2021-12-12 07:30:00+00:00,1781.0,1782.0,1781.0,1782.0,0.0253,2021,12,12
2021-12-12 07:35:00+00:00,1782.0,1782.0,1782.0,1782.0,0.0077,2021,12,12
2021-12-12 07:40:00+00:00,1781.0,1782.0,1781.0,1781.0,0.5763,2021,12,12
2021-12-12 07:45:00+00:00,1782.0,1782.0,1781.0,1782.0,0.3293,2021,12,12
2021-12-12 07:50:00+00:00,1782.0,1782.0,1782.0,1782.0,0.0325,2021,12,12
2021-12-12 07:55:00+00:00,1780.0,1780.0,1780.0,1780.0,0.8339,2021,12,12
2021-12-12 08:00:00+00:00,1782.0,1782.0,1782.0,1782.0,0.0062,2021,12,12
2021-12-12 08:05:00+00:00,1782.0,1782.0,1782.0,1782.0,0.1664,2021,12,12
2021-12-12 08:10:00+00:00,1781.0,1781.0,1781.0,1781.0,0.1713,2021,12,12
2021-12-12 08:15:00+00:00,1781.0,1781.0,1781.0,1781.0,0.5422,2021,12,12
2021-12-12 08:20:00+00:00,1780.0,1781.0,1780.0,1781.0,0.0203,2021,12,12
2021-12-12 08:25:00+00:00,1780.0,1781.0,1778.0,1781.0,1.6185,2021,12,12
2021-12-12 08:30:00+00:00,1781.0,1781.0,1780.0,1780.0,0.0178,2021,12,12
2021-12-12 08:35:00+00:00,1781.0,1781.0,1780.0,1780.0,0.2134,2021,12,12
2021-12-12 08:40:00+00:00,1780.0,1782.0,1779.0,1779.0,3.7672,2021,12,12
2021-12-12 08:45:00+00:00,1781.0,1781.0,1779.0,1779.0,0.1117,2021,12,12
2021-12-12 08:50:00+00:00,1779.0,1781.0,1779.0,1781.0,20.6017,2021,12,12
2021-12-12 08:55:00+00:00,1779.0,1779.0,1779.0,1779.0,0.6459,2021,12,12
2021-12-12 09:00:00+00:00,1779.0,1779.0,1778.0,1779.0,0.3785,2021,12,12
2021-12-12 09:05:00+00:00,1781.0,1781.0,1781.0,1781.0,0.3255,2021,12,12
2021-12-12 09:10:00+00:00,1781.0,1781.0,1779.0,1779.0,1.2423,2021,12,12
2021-12-12 09:15:00+00:00,1781.0,1781.0,1779.0,1779.0,1.2009,2021,12,12
2021-12-12 09:20:00+00:00,1779.0,1781.0,1779.0,1779.0,0.6374,2021,12,12
2021-12-12 09:25:00+00:00,1779.0,1779.0,1779.0,1779.0,0.3185,2021,12,12
2021-12-12 09:30:00+00:00,1779.0,1781.0,1779.0,1781.0,0.4349,2021,12,12
2021-12-12 09:35:00+00:00,1780.0,1780.0,1779.0,1780.0,0.0323,2021,12,12
2021-12-12 09:40:00+00:00,1780.0,1780.0,1779.0,1779.0,0.0202,2021,12,12
2021-12-12 09:45:00+00:00,1779.0,1779.0,1778.0,1779.0,5.8272,2021,12,12
2021-12-12 09:50:00+00:00,1779.0,1779.0,1779.0,1779.0,5.2023,2021,12,12
2021-12-12 09:55:00+00:00,1779.0,1780.0,1779.0,1779.0,0.2601,2021,12,12
2021-12-12 10:00:00+00:00,1779.0,1781.0,1779.0,1781.0,0.3886,2021,12,12
2021-12-12 10:05:00+00:00,1779.0,1779.0,1778.0,1778.0,0.2933,2021,12,12
2021-12-12 10:10:00+00:00,1778.0,1778.0,1778.0,1778.0,0.3111,2021,12,12
2021-12-12 10:15:00+00:00,1779.0,1781.0,1779.0,1781.0,0.755,2021,12,12
2021-12-12 10:20:00+00:00,1781.0,1783.0,1781.0,1783.0,3.1126,2021,12,12
2021-12-12 10:25:00+00:00,1782.0,1782.0,1780.0,1782.0,0.0313,2021,12,12
2021-12-12 10:30:00+00:00,1782.0,1783.0,1781.0,1782.0,1.0481,2021,12,12
2021-12-12 10:35:00+00:00,1782.0,1782.0,1781.0,1781.0,0.05,2021,12,12
2021-12-12 10:40:00+00:00,1781.0,1783.0,1781.0,1783.0,1.2251,2021,12,12
2021-12-12 10:45:00+00:00,1781.0,1782.0,1781.0,1782.0,0.0131,2021,12,12
2021-12-12 10:50:00+00:00,1781.0,1781.0,1781.0,1781.0,0.0226,2021,12,12
2021-12-12 10:55:00+00:00,1782.0,1782.0,1782.0,1782.0,0.0646,2021,12,12
2021-12-12 11:00:00+00:00,1782.0,1782.0,1782.0,1782.0,0.3992,2021,12,12
2021-12-12 11:05:00+00:00,1781.0,1781.0,1781.0,1781.0,0.0131,2021,12,12
2021-12-12 11:10:00+00:00,1781.0,1781.0,1781.0,1781.0,0.3684,2021,12,12
2021-12-12 11:15:00+00:00,1781.0,1781.0,1781.0,1781.0,0.0142,2021,12,12
2021-12-12 11:20:00+00:00,1781.0,1781.0,1781.0,1781.0,0.451,2021,12,12
2021-12-12 11:25:00+00:00,1780.0,1781.0,1780.0,1781.0,0.7256,2021,12,12
2021-12-12 11:30:00+00:00,1782.0,1783.0,1781.0,1783.0,2.1485,2021,12,12
2021-12-12 11:35:00+00:00,1783.0,1783.0,1783.0,1783.0,0.3934,2021,12,12
2021-12-12 11:40:00+00:00,1783.0,1786.0,1783.0,1784.0,20.1439,2021,12,12
2021-12-12 11:45:00+00:00,1785.0,1785.0,1784.0,1784.0,0.8723,2021,12,12
2021-12-12 11:50:00+00:00,1784.0,1785.0,1784.0,1784.0,6.7239,2021,12,12
2021-12-12 11:55:00+00:00,1784.0,1784.0,1784.0,1784.0,0.0777,2021,12,12
2021-12-12 12:00:00+00:00,1785.0,1785.0,1784.0,1785.0,0.4678,2021,12,12
2021-12-12 12:05:00+00:00,1785.0,1785.0,1784.0,1785.0,0.6783,2021,12,12
2021-12-12 12:10:00+00:00,1784.0,1786.0,1784.0,1786.0,4.3138,2021,12,12
2021-12-12 12:15:00+00:00,1786.0,1786.0,1784.0,1786.0,4.0256,2021,12,12
2021-12-12 12:20:00+00:00,1785.0,1786.0,1784.0,1784.0,2.5599,2021,12,12
2021-12-12 12:25:00+00:00,1784.0,1784.0,1784.0,1784.0,2.2261,2021,12,12
2021-12-12 12:30:00+00:00,1784.0,1784.0,1783.0,1784.0,1.5075,2021,12,12
2021-12-12 12:35:00+00:00,1784.0,1784.0,1783.0,1784.0,0.3745,2021,12,12
2021-12-12 12:40:00+00:00,1784.0,1784.0,1784.0,1784.0,0.0618,2021,12,12
2021-12-12 12:45:00+00:00,1783.0,1784.0,1782.0,1782.0,7.2569,2021,12,12
2021-12-12 12:50:00+00:00,1781.0,1782.0,1780.0,1781.0,5.8143,2021,12,12
2021-12-12 12:55:00+00:00,1781.0,1781.0,1780.0,1780.0,0.0723,2021,12,12
2021-12-12 13:00:00+00:00,1781.0,1781.0,1780.0,1780.0,0.2083,2021,12,12
2021-12-12 13:05:00+00:00,1780.0,1784.0,1780.0,1782.0,12.8756,2021,12,12
2021-12-12 13:10:00+00:00,1783.0,1783.0,1783.0,1783.0,0.7641,2021,12,12
2021-12-12 13:15:00+00:00,1783.0,1783.0,1782.0,1782.0,0.1221,2021,12,12
2021-12-12 13:20:00+00:00,1783.0,1783.0,1783.0,1783.0,0.0303,2021,12,12
2021-12-12 13:25:00+00:00,1782.0,1782.0,1782.0,1782.0,3.8807,2021,12,12
2021-12-12 13:30:00+00:00,1782.0,1782.0,1781.0,1781.0,3.7816,2021,12,12
2021-12-12 13:35:00+00:00,1782.0,1782.0,1781.0,1782.0,0.5217,2021,12,12
2021-12-12 13:40:00+00:00,1782.0,1782.0,1781.0,1781.0,0.1737,2021,12,12
2021-12-12 13:45:00+00:00,1782.0,1782.0,1782.0,1782.0,0.1199,2021,12,12
2021-12-12 13:50:00+00:00,1781.0,1782.0,1781.0,1782.0,0.1695,2021,12,12
2021-12-12 13:55:00+00:00,1782.0,1782.0,1781.0,1782.0,1.6129,2021,12,12
2021-12-12 14:00:00+00:00,1782.0,1783.0,1781.0,1783.0,1.2679,2021,12,12
2021-12-12 14:05:00+00:00,1783.0,1783.0,1783.0,1783.0,0.6033,2021,12,12
2021-12-12 14:10:00+00:00,1782.0,1782.0,1781.0,1782.0,2.2446,2021,12,12
2021-12-12 14:15:00+00:00,1782.0,1782.0,1782.0,1782.0,0.8023,2021,12,12
2021-12-12 14:20:00+00:00,1782.0,1782.0,1782.0,1782.0,0.0616,2021,12,12
2021-12-12 14:25:00+00:00,1781.0,1781.0,1781.0,1781.0,0.5007,2021,12,12
2021-12-12 14:30:00+00:00,1781.0,1781.0,1781.0,1781.0,0.7429,2021,12,12
2021-12-12 14:35:00+00:00,1782.0,1783.0,1781.0,1781.0,6.9639,2021,12,12
2021-12-12 14:40:00+00:00,1782.0,1782.0,1782.0,1782.0,0.6617,2021,12,12
2021-12-12 14:45:00+00:00,1782.0,1782.0,1782.0,1782.0,0.3246,2021,12,12
2021-12-12 14:50:00+00:00,1782.0,1782.0,1782.0,1782.0,0.1456,2021,12,12
2021-12-12 14:55:00+00:00,1782.0,1782.0,1782.0,1782.0,0.0,2021,12,12
2021-12-12 15:00:00+00:00,1782.0,1782.0,1781.0,1781.0,1.3191,2021,12,12
2021-12-12 15:05:00+00:00,1782.0,1782.0,1781.0,1781.0,0.555,2021,12,12
2021-12-12 15:10:00+00:00,1781.0,1782.0,1781.0,1781.0,0.1044,2021,12,12
2021-12-12 15:15:00+00:00,1781.0,1781.0,1781.0,1781.0,0.0429,2021,12,12
2021-12-12 15:20:00+00:00,1781.0,1782.0,1781.0,1781.0,0.0472,2021,12,12
2021-12-12 15:25:00+00:00,1781.0,1781.0,1781.0,1781.0,0.0066,2021,12,12
2021-12-12 15:30:00+00:00,1781.0,1781.0,1781.0,1781.0,0.4045,2021,12,12
2021-12-12 15:35:00+00:00,1781.0,1782.0,1781.0,1781.0,0.926,2021,12,12
2021-12-12 15:40:00+00:00,1781.0,1782.0,1781.0,1782.0,0.4278,2021,12,12
2021-12-12 15:45:00+00:00,1782.0,1782.0,1782.0,1782.0,0.1707,2021,12,12
2021-12-12 15:50:00+00:00,1781.0,1781.0,1781.0,1781.0,0.637,2021,12,12
2021-12-12 15:55:00+00:00,1781.0,1781.0,1781.0,1781.0,0.0,2021,12,12
2021-12-12 16:00:00+00:00,1782.0,1782.0,1781.0,1782.0,0.4119,2021,12,12
2021-12-12 16:05:00+00:00,1782.0,1782.0,1782.0,1782.0,0.0,2021,12,12
2021-12-12 16:10:00+00:00,1781.0,1782.0,1781.0,1782.0,3.4827,2021,12,12
2021-12-12 16:15:00+00:00,1781.0,1781.0,1781.0,1781.0,2.4173,2021,12,12
2021-12-12 16:20:00+00:00,1782.0,1782.0,1782.0,1782.0,0.0218,2021,12,12
2021-12-12 16:25:00+00:00,1781.0,1782.0,1781.0,1782.0,0.0216,2021,12,12
2021-12-12 16:30:00+00:00,1782.0,1782.0,1782.0,1782.0,0.0208,2021,12,12
2021-12-12 16:35:00+00:00,1782.0,1782.0,1782.0,1782.0,0.0175,2021,12,12
2021-12-12 16:40:00+00:00,1782.0,1782.0,1782.0,1782.0,0.0,2021,12,12
2021-12-12 16:45:00+00:00,1782.0,1782.0,1781.0,1781.0,0.7133,2021,12,12
2021-12-12 16:50:00+00:00,1782.0,1782.0,1781.0,1781.0,0.2161,2021,12,12
2021-12-12 16:55:00+00:00,1782.0,1782.0,1780.0,1780.0,3.0333,2021,12,12
2021-12-12 17:00:00+00:00,1781.0,1783.0,1781.0,1782.0,13.8018,2021,12,12
2021-12-12 17:05:00+00:00,1781.0,1782.0,1781.0,1781.0,0.6653,2021,12,12
2021-12-12 17:10:00+00:00,1782.0,1782.0,1781.0,1781.0,0.1495,2021,12,12
2021-12-12 17:15:00+00:00,1782.0,1786.0,1782.0,1785.0,24.6028,2021,12,12
2021-12-12 17:20:00+00:00,1785.0,1785.0,1785.0,1785.0,0.2399,2021,12,12
2021-12-12 17:25:00+00:00,1785.0,1786.0,1785.0,1785.0,0.8514,2021,12,12
2021-12-12 17:30:00+00:00,1785.0,1785.0,1783.0,1783.0,3.8017,2021,12,12
2021-12-12 17:35:00+00:00,1783.0,1783.0,1782.0,1782.0,0.8402,2021,12,12
2021-12-12 17:40:00+00:00,1782.0,1782.0,1781.0,1782.0,3.5397,2021,12,12
2021-12-12 17:45:00+00:00,1782.0,1782.0,1781.0,1782.0,0.3069,2021,12,12
2021-12-12 17:50:00+00:00,1782.0,1782.0,1781.0,1781.0,1.4975,2021,12,12
2021-12-12 17:55:00+00:00,1781.0,1782.0,1781.0,1782.0,0.3761,2021,12,12
2021-12-12 18:00:00+00:00,1782.0,1782.0,1782.0,1782.0,0.3599,2021,12,12
2021-12-12 18:05:00+00:00,1782.0,1786.0,1781.0,1784.0,26.9725,2021,12,12
2021-12-12 18:10:00+00:00,1784.0,1786.0,1783.0,1785.0,28.2773,2021,12,12
2021-12-12 18:15:00+00:00,1785.0,1786.0,1782.0,1782.0,30.8644,2021,12,12
2021-12-12 18:20:00+00:00,1783.0,1784.0,1783.0,1784.0,0.2794,2021,12,12
2021-12-12 18:25:00+00:00,1784.0,1785.0,1782.0,1783.0,7.716,2021,12,12
2021-12-12 18:30:00+00:00,1783.0,1783.0,1783.0,1783.0,0.0783,2021,12,12
2021-12-12 18:35:00+00:00,1783.0,1783.0,1783.0,1783.0,0.6135,2021,12,12
2021-12-12 18:40:00+00:00,1783.0,1784.0,1783.0,1783.0,2.7668,2021,12,12
2021-12-12 18:45:00+00:00,1783.0,1783.0,1782.0,1782.0,0.0882,2021,12,12
2021-12-12 18:50:00+00:00,1782.0,1782.0,1782.0,1782.0,0.0112,2021,12,12
2021-12-12 18:55:00+00:00,1783.0,1783.0,1783.0,1783.0,0.0555,2021,12,12
2021-12-12 19:00:00+00:00,1783.0,1783.0,1782.0,1783.0,1.2766,2021,12,12
2021-12-12 19:05:00+00:00,1783.0,1783.0,1782.0,1783.0,1.3136,2021,12,12
2021-12-12 19:10:00+00:00,1782.0,1782.0,1782.0,1782.0,2.6196,2021,12,12
2021-12-12 19:15:00+00:00,1782.0,1782.0,1782.0,1782.0,0.6407,2021,12,12
2021-12-12 19:20:00+00:00,1782.0,1782.0,1782.0,1782.0,0.0,2021,12,12
2021-12-12 19:25:00+00:00,1782.0,1783.0,1782.0,1782.0,0.8228,2021,12,12
2021-12-12 19:30:00+00:00,1783.0,1783.0,1782.0,1782.0,0.5973,2021,12,12
2021-12-12 19:35:00+00:00,1783.0,1783.0,1781.0,1783.0,2.295,2021,12,12
2021-12-12 19:40:00+00:00,1783.0,1783.0,1783.0,1783.0,0.0,2021,12,12
2021-12-12 19:45:00+00:00,1782.0,1782.0,1781.0,1782.0,3.914,2021,12,12
2021-12-12 19:50:00+00:00,1782.0,1782.0,1782.0,1782.0,0.5994,2021,12,12
2021-12-12 19:55:00+00:00,1782.0,1782.0,1782.0,1782.0,0.8628,2021,12,12
2021-12-12 20:00:00+00:00,1782.0,1784.0,1779.0,1781.0,28.865,2021,12,12
2021-12-12 20:05:00+00:00,1782.0,1784.0,1782.0,1784.0,12.7059,2021,12,12
2021-12-12 20:10:00+00:00,1785.0,1785.0,1784.0,1785.0,12.3201,2021,12,12
2021-12-12 20:15:00+00:00,1785.0,1785.0,1783.0,1785.0,6.7853,2021,12,12
2021-12-12 20:20:00+00:00,1785.0,1785.0,1783.0,1785.0,15.7671,2021,12,12
2021-12-12 20:25:00+00:00,1784.0,1785.0,1784.0,1784.0,1.2002,2021,12,12
2021-12-12 20:30:00+00:00,1784.0,1784.0,1783.0,1783.0,0.8283,2021,12,12
2021-12-12 20:35:00+00:00,1783.0,1783.0,1783.0,1783.0,0.0,2021,12,12
2021-12-12 20:40:00+00:00,1784.0,1784.0,1784.0,1784.0,0.1349,2021,12,12
2021-12-12 20:45:00+00:00,1783.0,1784.0,1783.0,1783.0,1.1953,2021,12,12
2021-12-12 20:50:00+00:00,1784.0,1784.0,1779.0,1780.0,11.8706,2021,12,12
2021-12-12 20:55:00+00:00,1781.0,1781.0,1781.0,1781.0,0.9003,2021,12,12
2021-12-12 21:00:00+00:00,1781.0,1781.0,1781.0,1781.0,0.829,2021,12,12
2021-12-12 21:05:00+00:00,1781.0,1781.0,1781.0,1781.0,0.0628,2021,12,12
2021-12-12 21:10:00+00:00,1782.0,1782.0,1782.0,1782.0,0.0113,2021,12,12
2021-12-12 21:15:00+00:00,1782.0,1783.0,1782.0,1783.0,5.6274,2021,12,12
2021-12-12 21:20:00+00:00,1783.0,1783.0,1783.0,1783.0,0.5267,2021,12,12
2021-12-12 21:25:00+00:00,1784.0,1784.0,1783.0,1783.0,0.1466,2021,12,12
2021-12-12 21:30:00+00:00,1783.0,1783.0,1783.0,1783.0,0.0093,2021,12,12
2021-12-12 21:35:00+00:00,1783.0,1785.0,1783.0,1785.0,19.1934,2021,12,12
2021-12-12 21:40:00+00:00,1784.0,1785.0,1784.0,1784.0,1.3841,2021,12,12
2021-12-12 21:45:00+00:00,1784.0,1785.0,1784.0,1785.0,3.9492,2021,12,12
2021-12-12 21:50:00+00:00,1784.0,1785.0,1784.0,1785.0,4.0177,2021,12,12
2021-12-12 21:55:00+00:00,1784.0,1785.0,1784.0,1784.0,1.0287,2021,12,12
2021-12-12 22:00:00+00:00,1785.0,1786.0,1784.0,1785.0,26.7221,2021,12,12
2021-12-12 22:05:00+00:00,1785.0,1785.0,1785.0,1785.0,0.5389,2021,12,12
2021-12-12 22:10:00+00:00,1784.0,1785.0,1784.0,1785.0,2.0547,2021,12,12
2021-12-12 22:15:00+00:00,1784.0,1785.0,1784.0,1785.0,0.6856,2021,12,12
2021-12-12 22:20:00+00:00,1785.0,1785.0,1784.0,1784.0,0.2904,2021,12,12
2021-12-12 22:25:00+00:00,1784.0,1785.0,1784.0,1785.0,1.1909,2021,12,12
2021-12-12 22:30:00+00:00,1785.0,1785.0,1784.0,1784.0,0.2995,2021,12,12
2021-12-12 22:35:00+00:00,1785.0,1785.0,1785.0,1785.0,0.2739,2021,12,12
2021-12-12 22:40:00+00:00,1785.0,1785.0,1785.0,1785.0,0.0107,2021,12,12
2021-12-12 22:45:00+00:00,1785.0,1785.0,1785.0,1785.0,1.5733,2021,12,12
2021-12-12 22:50:00+00:00,1784.0,1785.0,1783.0,1785.0,2.6849,2021,12,12
2021-12-12 22:55:00+00:00,1785.0,1785.0,1783.0,1784.0,2.2203,2021,12,12
2021-12-12 23:00:00+00:00,1785.0,1785.0,1784.0,1784.0,1.5081,2021,12,12
2021-12-12 23:05:00+00:00,1785.0,1785.0,1785.0,1785.0,0.0415,2021,12,12
2021-12-12 23:10:00+00:00,1784.0,1784.0,1784.0,1784.0,0.0748,2021,12,12
2021-12-12 23:15:00+00:00,1784.0,1784.0,1784.0,1784.0,1.7826,2021,12,12
2021-12-12 23:20:00+00:00,1784.0,1785.0,1784.0,1784.0,0.4218,2021,12,12
2021-12-12 23:25:00+00:00,1784.0,1784.0,1784.0,1784.0,0.362,2021,12,12
2021-12-12 23:30:00+00:00,1785.0,1785.0,1784.0,1784.0,0.6543,2021,12,12
2021-12-12 23:35:00+00:00,1784.0,1785.0,1784.0,1784.0,0.0999,2021,12,12
2021-12-12 23:40:00+00:00,1784.0,1784.0,1784.0,1784.0,0.1207,2021,12,12
2021-12-12 23:45:00+00:00,1784.0,1784.0,1784.0,1784.0,0.0,2021,12,12
2021-12-12 23:50:00+00:00,1784.0,1785.0,1784.0,1785.0,5.9449,2021,12,12
2021-12-12 23:55:00+00:00,1785.0,1785.0,1784.0,1784.0,0.312,2021,12,12
2021-12-13 00:00:00+00:00,1784.0,1785.0,1784.0,1785.0,0.0139,2021,12,13
2021-12-13 00:05:00+00:00,1785.0,1785.0,1785.0,1785.0,1.113,2021,12,13
2021-12-13 00:10:00+00:00,1785.0,1785.0,1785.0,1785.0,0.0168,2021,12,13
2021-12-13 00:15:00+00:00,1785.0,1785.0,1784.0,1784.0,0.3295,2021,12,13
2021-12-13 00:20:00+00:00,1784.0,1784.0,1783.0,1784.0,2.2464,2021,12,13
2021-12-13 00:25:00+00:00,1783.0,1784.0,1783.0,1784.0,2.0153,2021,12,13
2021-12-13 00:30:00+00:00,1783.0,1785.0,1783.0,1784.0,4.6468,2021,12,13
2021-12-13 00:35:00+00:00,1784.0,1785.0,1783.0,1783.0,2.6505,2021,12,13
2021-12-13 00:40:00+00:00,1783.0,1784.0,1783.0,1783.0,0.4094,2021,12,13
2021-12-13 00:45:00+00:00,1783.0,1784.0,1783.0,1783.0,0.4072,2021,12,13
2021-12-13 00:50:00+00:00,1783.0,1783.0,1783.0,1783.0,0.4656,2021,12,13
2021-12-13 00:55:00+00:00,1784.0,1784.0,1783.0,1783.0,16.4281,2021,12,13
2021-12-13 01:00:00+00:00,1783.0,1783.0,1783.0,1783.0,16.8446,2021,12,13
2021-12-13 01:05:00+00:00,1784.0,1784.0,1783.0,1783.0,1.1183,2021,12,13
2021-12-13 01:10:00+00:00,1783.0,1785.0,1783.0,1783.0,20.0305,2021,12,13
2021-12-13 01:15:00+00:00,1783.0,1784.0,1783.0,1784.0,33.6795,2021,12,13
2021-12-13 01:20:00+00:00,1785.0,1787.0,1785.0,1785.0,6.7136,2021,12,13
2021-12-13 01:25:00+00:00,1785.0,1786.0,1784.0,1786.0,6.8646,2021,12,13
2021-12-13 01:30:00+00:00,1785.0,1786.0,1785.0,1785.0,0.4685,2021,12,13
2021-12-13 01:35:00+00:00,1786.0,1786.0,1785.0,1785.0,0.0739,2021,12,13
2021-12-13 01:40:00+00:00,1785.0,1787.0,1785.0,1786.0,3.3184,2021,12,13
2021-12-13 01:45:00+00:00,1786.0,1787.0,1785.0,1786.0,30.2641,2021,12,13
2021-12-13 01:50:00+00:00,1786.0,1787.0,1786.0,1786.0,0.6567,2021,12,13
2021-12-13 01:55:00+00:00,1786.0,1788.0,1786.0,1786.0,7.6485,2021,12,13
2021-12-13 02:00:00+00:00,1786.0,1788.0,1783.0,1788.0,8.5777,2021,12,13
2021-12-13 02:05:00+00:00,1788.0,1788.0,1787.0,1787.0,0.0318,2021,12,13
2021-12-13 02:10:00+00:00,1788.0,1788.0,1787.0,1787.0,0.1017,2021,12,13
2021-12-13 02:15:00+00:00,1787.0,1788.0,1787.0,1788.0,1.3549,2021,12,13
2021-12-13 02:20:00+00:00,1787.0,1787.0,1787.0,1787.0,0.1915,2021,12,13
2021-12-13 02:25:00+00:00,1787.0,1787.0,1787.0,1787.0,0.0195,2021,12,13
2021-12-13 02:30:00+00:00,1787.0,1787.0,1785.0,1786.0,2.1003,2021,12,13
2021-12-13 02:35:00+00:00,1787.0,1789.0,1787.0,1789.0,7.9642,2021,12,13
2021-12-13 02:40:00+00:00,1788.0,1789.0,1788.0,1788.0,1.9593,2021,12,13
2021-12-13 02:45:00+00:00,1788.0,1788.0,1788.0,1788.0,0.149,2021,12,13
2021-12-13 02:50:00+00:00,1788.0,1789.0,1788.0,1789.0,0.4603,2021,12,13
2021-12-13 02:55:00+00:00,1789.0,1789.0,1788.0,1789.0,1.1104,2021,12,13
2021-12-13 03:00:00+00:00,1788.0,1788.0,1783.0,1785.0,9.9518,2021,12,13
2021-12-13 03:05:00+00:00,1786.0,1786.0,1785.0,1785.0,7.0754,2021,12,13
2021-12-13 03:10:00+00:00,1786.0,1786.0,1786.0,1786.0,0.0084,2021,12,13
2021-12-13 03:15:00+00:00,1786.0,1787.0,1786.0,1787.0,2.6669,2021,12,13
2021-12-13 03:20:00+00:00,1787.0,1787.0,1785.0,1785.0,0.9554,2021,12,13
2021-12-13 03:25:00+00:00,1786.0,1787.0,1786.0,1787.0,2.1466,2021,12,13
2021-12-13 03:30:00+00:00,1788.0,1788.0,1787.0,1787.0,0.7801,2021,12,13
2021-12-13 03:35:00+00:00,1788.0,1788.0,1786.0,1787.0,1.2421,2021,12,13
2021-12-13 03:40:00+00:00,1787.0,1787.0,1786.0,1786.0,0.6121,2021,12,13
2021-12-13 03:45:00+00:00,1786.0,1786.0,1786.0,1786.0,0.0,2021,12,13
2021-12-13 03:50:00+00:00,1788.0,1788.0,1788.0,1788.0,0.8126,2021,12,13
2021-12-13 03:55:00+00:00,1787.0,1788.0,1787.0,1787.0,1.9405,2021,12,13
2021-12-13 04:00:00+00:00,1787.0,1787.0,1787.0,1787.0,0.0494,2021,12,13
2021-12-13 04:05:00+00:00,1788.0,1788.0,1788.0,1788.0,0.2371,2021,12,13
2021-12-13 04:10:00+00:00,1787.0,1788.0,1787.0,1788.0,0.2818,2021,12,13
2021-12-13 04:15:00+00:00,1788.0,1788.0,1787.0,1787.0,0.0235,2021,12,13
2021-12-13 04:20:00+00:00,1787.0,1787.0,1787.0,1787.0,0.0,2021,12,13
2021-12-13 04:25:00+00:00,1787.0,1787.0,1787.0,1787.0,0.0,2021,12,13
2021-12-13 04:30:00+00:00,1787.0,1788.0,1787.0,1787.0,0.4476,2021,12,13
2021-12-13 04:35:00+00:00,1788.0,1788.0,1788.0,1788.0,0.5755,2021,12,13
2021-12-13 04:40:00+00:00,1787.0,1787.0,1787.0,1787.0,0.1997,2021,12,13
2021-12-13 04:45:00+00:00,1788.0,1788.0,1787.0,1787.0,0.0376,2021,12,13
2021-12-13 04:50:00+00:00,1788.0,1795.0,1788.0,1788.0,30.4724,2021,12,13
2021-12-13 04:55:00+00:00,1789.0,1789.0,1788.0,1788.0,0.3765,2021,12,13
2021-12-13 05:00:00+00:00,1788.0,1788.0,1788.0,1788.0,0.0,2021,12,13
2021-12-13 05:05:00+00:00,1788.0,1788.0,1788.0,1788.0,0.2253,2021,12,13
2021-12-13 05:10:00+00:00,1788.0,1788.0,1788.0,1788.0,0.0129,2021,12,13
2021-12-13 05:15:00+00:00,1788.0,1788.0,1788.0,1788.0,0.0064,2021,12,13
2021-12-13 05:20:00+00:00,1788.0,1789.0,1788.0,1789.0,0.3088,2021,12,13
2021-12-13 05:25:00+00:00,1788.0,1788.0,1787.0,1787.0,1.0174,2021,12,13
2021-12-13 05:30:00+00:00,1787.0,1787.0,1787.0,1787.0,0.6448,2021,12,13
2021-12-13 05:35:00+00:00,1787.0,1787.0,1787.0,1787.0,0.0062,2021,12,13
2021-12-13 05:40:00+00:00,1787.0,1788.0,1786.0,1786.0,3.0128,2021,12,13
2021-12-13 05:45:00+00:00,1787.0,1788.0,1786.0,1788.0,2.4237,2021,12,13
2021-12-13 05:50:00+00:00,1787.0,1788.0,1787.0,1787.0,0.2278,2021,12,13
2021-12-13 05:55:00+00:00,1787.0,1788.0,1787.0,1788.0,0.0909,2021,12,13
2021-12-13 06:00:00+00:00,1787.0,1788.0,1787.0,1788.0,0.091,2021,12,13
2021-12-13 06:05:00+00:00,1787.0,1788.0,1787.0,1787.0,0.1497,2021,12,13
2021-12-13 06:10:00+00:00,1787.0,1787.0,1787.0,1787.0,0.008,2021,12,13
2021-12-13 06:15:00+00:00,1788.0,1788.0,1787.0,1787.0,0.2244,2021,12,13
2021-12-13 06:20:00+00:00,1788.0,1788.0,1787.0,1787.0,0.059,2021,12,13
2021-12-13 06:25:00+00:00,1787.0,1787.0,1786.0,1786.0,2.8171,2021,12,13
2021-12-13 06:30:00+00:00,1786.0,1787.0,1786.0,1786.0,0.0709,2021,12,13
2021-12-13 06:35:00+00:00,1786.0,1787.0,1786.0,1787.0,1.0622,2021,12,13
2021-12-13 06:40:00+00:00,1786.0,1787.0,1786.0,1786.0,0.2925,2021,12,13
2021-12-13 06:45:00+00:00,1786.0,1786.0,1786.0,1786.0,0.0112,2021,12,13
2021-12-13 06:50:00+00:00,1786.0,1786.0,1786.0,1786.0,0.0122,2021,12,13
2021-12-13 06:55:00+00:00,1786.0,1786.0,1785.0,1785.0,2.7964,2021,12,13
2021-12-13 07:00:00+00:00,1786.0,1788.0,1785.0,1787.0,10.5023,2021,12,13
2021-12-13 07:05:00+00:00,1787.0,1787.0,1786.0,1787.0,6.1835,2021,12,13
2021-12-13 07:10:00+00:00,1786.0,1786.0,1785.0,1785.0,2.5081,2021,12,13
2021-12-13 07:15:00+00:00,1786.0,1787.0,1786.0,1787.0,4.1525,2021,12,13
2021-12-13 07:20:00+00:00,1787.0,1787.0,1787.0,1787.0,1.7565,2021,12,13
2021-12-13 07:25:00+00:00,1786.0,1787.0,1786.0,1787.0,0.121,2021,12,13
2021-12-13 07:30:00+00:00,1787.0,1787.0,1787.0,1787.0,0.8723,2021,12,13
2021-12-13 07:35:00+00:00,1786.0,1787.0,1786.0,1786.0,1.0775,2021,12,13
2021-12-13 07:40:00+00:00,1786.0,1787.0,1782.0,1785.0,38.9375,2021,12,13
2021-12-13 07:45:00+00:00,1785.0,1788.0,1783.0,1788.0,14.3158,2021,12,13
2021-12-13 07:50:00+00:00,1788.0,1788.0,1787.0,1788.0,0.9522,2021,12,13
2021-12-13 07:55:00+00:00,1788.0,1788.0,1787.0,1787.0,0.2691,2021,12,13
2021-12-13 08:00:00+00:00,1787.0,1787.0,1786.0,1787.0,1.4337,2021,12,13
2021-12-13 08:05:00+00:00,1787.0,1788.0,1787.0,1788.0,9.5187,2021,12,13
2021-12-13 08:10:00+00:00,1788.0,1788.0,1784.0,1786.0,38.5809,2021,12,13
2021-12-13 08:15:00+00:00,1786.0,1786.0,1786.0,1786.0,0.6262,2021,12,13
2021-12-13 08:20:00+00:00,1785.0,1787.0,1785.0,1787.0,0.83,2021,12,13
2021-12-13 08:25:00+00:00,1786.0,1788.0,1786.0,1786.0,32.6198,2021,12,13
2021-12-13 08:30:00+00:00,1787.0,1787.0,1787.0,1787.0,0.2412,2021,12,13
2021-12-13 08:35:00+00:00,1786.0,1787.0,1786.0,1786.0,0.151,2021,12,13
2021-12-13 08:40:00+00:00,1786.0,1787.0,1786.0,1787.0,0.49,2021,12,13
2021-12-13 08:45:00+00:00,1787.0,1787.0,1787.0,1787.0,0.0228,2021,12,13
2021-12-13 08:50:00+00:00,1787.0,1787.0,1787.0,1787.0,1.6779,2021,12,13
2021-12-13 08:55:00+00:00,1786.0,1787.0,1786.0,1787.0,0.1463,2021,12,13
2021-12-13 09:00:00+00:00,1786.0,1786.0,1786.0,1786.0,0.7633,2021,12,13
2021-12-13 09:05:00+00:00,1786.0,1788.0,1786.0,1787.0,2.272,2021,12,13
2021-12-13 09:10:00+00:00,1787.0,1788.0,1787.0,1788.0,0.7009,2021,12,13
2021-12-13 09:15:00+00:00,1787.0,1788.0,1787.0,1787.0,0.6176,2021,12,13
2021-12-13 09:20:00+00:00,1787.0,1787.0,1783.0,1783.0,9.145,2021,12,13
2021-12-13 09:25:00+00:00,1785.0,1785.0,1785.0,1785.0,0.9888,2021,12,13
2021-12-13 09:30:00+00:00,1785.0,1786.0,1785.0,1785.0,1.1501,2021,12,13
2021-12-13 09:35:00+00:00,1785.0,1785.0,1785.0,1785.0,0.019,2021,12,13
2021-12-13 09:40:00+00:00,1786.0,1787.0,1786.0,1787.0,3.6672,2021,12,13
2021-12-13 09:45:00+00:00,1787.0,1787.0,1787.0,1787.0,3.4669,2021,12,13
2021-12-13 09:50:00+00:00,1787.0,1787.0,1787.0,1787.0,0.0076,2021,12,13
2021-12-13 09:55:00+00:00,1787.0,1787.0,1786.0,1786.0,0.7807,2021,12,13
2021-12-13 10:00:00+00:00,1787.0,1787.0,1786.0,1787.0,1.381,2021,12,13
2021-12-13 10:05:00+00:00,1786.0,1786.0,1783.0,1785.0,10.0966,2021,12,13
2021-12-13 10:10:00+00:00,1785.0,1785.0,1784.0,1784.0,2.6615,2021,12,13
2021-12-13 10:15:00+00:00,1784.0,1784.0,1782.0,1782.0,6.3536,2021,12,13
2021-12-13 10:20:00+00:00,1784.0,1786.0,1784.0,1785.0,3.0252,2021,12,13
2021-12-13 10:25:00+00:00,1785.0,1785.0,1784.0,1785.0,5.044,2021,12,13
2021-12-13 10:30:00+00:00,1785.0,1785.0,1784.0,1784.0,0.841,2021,12,13
2021-12-13 10:35:00+00:00,1784.0,1784.0,1783.0,1784.0,1.8991,2021,12,13
2021-12-13 10:40:00+00:00,1783.0,1784.0,1782.0,1784.0,2.1639,2021,12,13
2021-12-13 10:45:00+00:00,1784.0,1785.0,1784.0,1785.0,0.5418,2021,12,13
2021-12-13 10:50:00+00:00,1785.0,1785.0,1783.0,1783.0,12.9744,2021,12,13
2021-12-13 10:55:00+00:00,1786.0,1786.0,1786.0,1786.0,0.4054,2021,12,13
2021-12-13 11:00:00+00:00,1786.0,1786.0,1786.0,1786.0,0.0703,2021,12,13
2021-12-13 11:05:00+00:00,1786.0,1786.0,1786.0,1786.0,0.0098,2021,12,13
2021-12-13 11:10:00+00:00,1785.0,1786.0,1785.0,1786.0,0.0597,2021,12,13
2021-12-13 11:15:00+00:00,1785.0,1786.0,1785.0,1786.0,1.0082,2021,12,13
2021-12-13 11:20:00+00:00,1786.0,1786.0,1785.0,1785.0,0.019,2021,12,13
2021-12-13 11:25:00+00:00,1785.0,1786.0,1785.0,1785.0,3.5556,2021,12,13
2021-12-13 11:30:00+00:00,1785.0,1787.0,1785.0,1787.0,3.7822,2021,12,13
2021-12-13 11:35:00+00:00,1787.0,1787.0,1786.0,1786.0,0.8167,2021,12,13
2021-12-13 11:40:00+00:00,1787.0,1787.0,1787.0,1787.0,0.1735,2021,12,13
2021-12-13 11:45:00+00:00,1787.0,1788.0,1786.0,1787.0,4.3811,2021,12,13
2021-12-13 11:50:00+00:00,1788.0,1788.0,1787.0,1787.0,1.3541,2021,12,13
2021-12-13 11:55:00+00:00,1788.0,1788.0,1787.0,1787.0,0.3098,2021,12,13
2021-12-13 12:00:00+00:00,1788.0,1788.0,1786.0,1786.0,5.554,2021,12,13
2021-12-13 12:05:00+00:00,1786.0,1787.0,1786.0,1786.0,7.9878,2021,12,13
2021-12-13 12:10:00+00:00,1787.0,1787.0,1786.0,1787.0,2.4387,2021,12,13
2021-12-13 12:15:00+00:00,1787.0,1787.0,1787.0,1787.0,0.2606,2021,12,13
2021-12-13 12:20:00+00:00,1787.0,1788.0,1787.0,1788.0,3.6774,2021,12,13
2021-12-13 12:25:00+00:00,1788.0,1788.0,1787.0,1788.0,0.0875,2021,12,13
2021-12-13 12:30:00+00:00,1788.0,1788.0,1787.0,1787.0,1.524,2021,12,13
2021-12-13 12:35:00+00:00,1787.0,1788.0,1787.0,1787.0,1.3807,2021,12,13
2021-12-13 12:40:00+00:00,1787.0,1787.0,1787.0,1787.0,1.6343,2021,12,13
2021-12-13 12:45:00+00:00,1788.0,1788.0,1787.0,1788.0,1.1314,2021,12,13
2021-12-13 12:50:00+00:00,1788.0,1788.0,1787.0,1788.0,12.5921,2021,12,13
2021-12-13 12:55:00+00:00,1788.0,1789.0,1788.0,1788.0,27.8282,2021,12,13
2021-12-13 13:00:00+00:00,1788.0,1789.0,1787.0,1788.0,1.8709,2021,12,13
2021-12-13 13:05:00+00:00,1788.0,1789.0,1788.0,1789.0,2.3505,2021,12,13
2021-12-13 13:10:00+00:00,1788.0,1788.0,1787.0,1787.0,3.5562,2021,12,13
2021-12-13 13:15:00+00:00,1787.0,1787.0,1786.0,1787.0,3.896,2021,12,13
2021-12-13 13:20:00+00:00,1787.0,1787.0,1786.0,1786.0,3.7798,2021,12,13
2021-12-13 13:25:00+00:00,1787.0,1787.0,1786.0,1786.0,1.6598,2021,12,13
2021-12-13 13:30:00+00:00,1786.0,1787.0,1785.0,1786.0,5.4062,2021,12,13
2021-12-13 13:35:00+00:00,1786.0,1786.0,1786.0,1786.0,0.4785,2021,12,13
2021-12-13 13:40:00+00:00,1786.0,1787.0,1786.0,1787.0,6.2301,2021,12,13
2021-12-13 13:45:00+00:00,1786.0,1786.0,1786.0,1786.0,2.3327,2021,12,13
2021-12-13 13:50:00+00:00,1786.0,1786.0,1785.0,1785.0,1.3794,2021,12,13
2021-12-13 13:55:00+00:00,1785.0,1785.0,1785.0,1785.0,8.4609,2021,12,13
2021-12-13 14:00:00+00:00,1785.0,1785.0,1785.0,1785.0,0.0,2021,12,13
2021-12-13 14:05:00+00:00,1784.0,1785.0,1784.0,1785.0,2.0048,2021,12,13
2021-12-13 14:10:00+00:00,1784.0,1785.0,1784.0,1785.0,3.1156,2021,12,13
2021-12-13 14:15:00+00:00,1784.0,1786.0,1784.0,1786.0,7.7633,2021,12,13
2021-12-13 14:20:00+00:00,1786.0,1786.0,1783.0,1785.0,24.7046,2021,12,13
2021-12-13 14:25:00+00:00,1786.0,1786.0,1784.0,1785.0,17.2401,2021,12,13
2021-12-13 14:30:00+00:00,1785.0,1786.0,1785.0,1785.0,0.9673,2021,12,13
2021-12-13 14:35:00+00:00,1786.0,1786.0,1785.0,1785.0,1.3547,2021,12,13
2021-12-13 14:40:00+00:00,1785.0,1785.0,1784.0,1784.0,2.8073,2021,12,13
2021-12-13 14:45:00+00:00,1784.0,1786.0,1783.0,1786.0,5.177,2021,12,13
2021-12-13 14:50:00+00:00,1786.0,1788.0,1786.0,1786.0,8.9921,2021,12,13
2021-12-13 14:55:00+00:00,1786.0,1787.0,1786.0,1786.0,8.0502,2021,12,13
2021-12-13 15:00:00+00:00,1786.0,1787.0,1786.0,1787.0,0.6379,2021,12,13
2021-12-13 15:05:00+00:00,1787.0,1787.0,1786.0,1787.0,5.0895,2021,12,13
2021-12-13 15:10:00+00:00,1788.0,1788.0,1786.0,1786.0,3.5196,2021,12,13
2021-12-13 15:15:00+00:00,1786.0,1787.0,1783.0,1785.0,31.6282,2021,12,13
2021-12-13 15:20:00+00:00,1785.0,1786.0,1785.0,1785.0,1.7879,2021,12,13
2021-12-13 15:25:00+00:00,1786.0,1786.0,1784.0,1786.0,40.8229,2021,12,13
2021-12-13 15:30:00+00:00,1786.0,1787.0,1785.0,1786.0,3.8862,2021,12,13
2021-12-13 15:35:00+00:00,1787.0,1788.0,1786.0,1787.0,6.3719,2021,12,13
2021-12-13 15:40:00+00:00,1786.0,1786.0,1785.0,1786.0,6.2382,2021,12,13
2021-12-13 15:45:00+00:00,1786.0,1786.0,1784.0,1784.0,0.8868,2021,12,13
2021-12-13 15:50:00+00:00,1785.0,1785.0,1783.0,1784.0,16.5882,2021,12,13
2021-12-13 15:55:00+00:00,1785.0,1786.0,1782.0,1784.0,49.69,2021,12,13
2021-12-13 16:00:00+00:00,1785.0,1789.0,1785.0,1787.0,38.6855,2021,12,13
2021-12-13 16:05:00+00:00,1786.0,1788.0,1786.0,1787.0,8.0131,2021,12,13
2021-12-13 16:10:00+00:00,1787.0,1788.0,1787.0,1787.0,1.8242,2021,12,13
2021-12-13 16:15:00+00:00,1787.0,1788.0,1787.0,1787.0,1.8702,2021,12,13
2021-12-13 16:20:00+00:00,1787.0,1788.0,1784.0,1786.0,14.2037,2021,12,13
2021-12-13 16:25:00+00:00,1786.0,1787.0,1786.0,1786.0,6.5115,2021,12,13
2021-12-13 16:30:00+00:00,1787.0,1787.0,1786.0,1787.0,10.4514,2021,12,13
2021-12-13 16:35:00+00:00,1787.0,1788.0,1786.0,1788.0,5.1436,2021,12,13
2021-12-13 16:40:00+00:00,1787.0,1789.0,1783.0,1786.0,124.8029,2021,12,13
2021-12-13 16:45:00+00:00,1787.0,1789.0,1784.0,1788.0,16.3245,2021,12,13
2021-12-13 16:50:00+00:00,1789.0,1791.0,1786.0,1789.0,89.0227,2021,12,13
2021-12-13 16:55:00+00:00,1789.0,1790.0,1788.0,1789.0,7.2937,2021,12,13
2021-12-13 17:00:00+00:00,1789.0,1790.0,1789.0,1790.0,3.1267,2021,12,13
2021-12-13 17:05:00+00:00,1790.0,1791.0,1789.0,1791.0,8.3571,2021,12,13
2021-12-13 17:10:00+00:00,1791.0,1791.0,1790.0,1790.0,5.8198,2021,12,13
2021-12-13 17:15:00+00:00,1790.0,1791.0,1789.0,1789.0,11.5939,2021,12,13
2021-12-13 17:20:00+00:00,1790.0,1790.0,1789.0,1789.0,3.2193,2021,12,13
2021-12-13 17:25:00+00:00,1789.0,1789.0,1789.0,1789.0,1.946,2021,12,13
2021-12-13 17:30:00+00:00,1790.0,1794.0,1789.0,1791.0,14.3484,2021,12,13
2021-12-13 17:35:00+00:00,1791.0,1791.0,1790.0,1791.0,2.6303,2021,12,13
2021-12-13 17:40:00+00:00,1791.0,1791.0,1790.0,1791.0,6.9259,2021,12,13
2021-12-13 17:45:00+00:00,1791.0,1791.0,1790.0,1790.0,1.9696,2021,12,13
2021-12-13 17:50:00+00:00,1791.0,1791.0,1790.0,1790.0,20.0333,2021,12,13
2021-12-13 17:55:00+00:00,1790.0,1791.0,1790.0,1790.0,1.6147,2021,12,13
2021-12-13 18:00:00+00:00,1791.0,1793.0,1790.0,1792.0,1.7403,2021,12,13
2021-12-13 18:05:00+00:00,1792.0,1792.0,1790.0,1791.0,5.728,2021,12,13
2021-12-13 18:10:00+00:00,1791.0,1791.0,1790.0,1791.0,1.3244,2021,12,13
2021-12-13 18:15:00+00:00,1791.0,1791.0,1789.0,1789.0,5.5722,2021,12,13
2021-12-13 18:20:00+00:00,1789.0,1790.0,1789.0,1789.0,1.3904,2021,12,13
2021-12-13 18:25:00+00:00,1789.0,1791.0,1789.0,1789.0,5.1712,2021,12,13
2021-12-13 18:30:00+00:00,1789.0,1790.0,1788.0,1790.0,2.5169,2021,12,13
2021-12-13 18:35:00+00:00,1790.0,1791.0,1789.0,1790.0,2.9946,2021,12,13
2021-12-13 18:40:00+00:00,1791.0,1791.0,1790.0,1790.0,9.2221,2021,12,13
2021-12-13 18:45:00+00:00,1790.0,1790.0,1786.0,1788.0,7.9453,2021,12,13
2021-12-13 18:50:00+00:00,1788.0,1789.0,1787.0,1789.0,1.636,2021,12,13
2021-12-13 18:55:00+00:00,1788.0,1789.0,1788.0,1788.0,1.2876,2021,12,13
2021-12-13 19:00:00+00:00,1788.0,1789.0,1785.0,1786.0,10.7432,2021,12,13
2021-12-13 19:05:00+00:00,1786.0,1787.0,1785.0,1787.0,3.3926,2021,12,13
2021-12-13 19:10:00+00:00,1787.0,1787.0,1785.0,1786.0,4.5459,2021,12,13
2021-12-13 19:15:00+00:00,1786.0,1788.0,1785.0,1788.0,5.9607,2021,12,13
2021-12-13 19:20:00+00:00,1787.0,1788.0,1787.0,1787.0,6.5067,2021,12,13
2021-12-13 19:25:00+00:00,1787.0,1791.0,1784.0,1787.0,63.236,2021,12,13
2021-12-13 19:30:00+00:00,1788.0,1791.0,1784.0,1789.0,73.0253,2021,12,13
2021-12-13 19:35:00+00:00,1789.0,1790.0,1783.0,1787.0,24.5396,2021,12,13
2021-12-13 19:40:00+00:00,1787.0,1788.0,1784.0,1788.0,9.0996,2021,12,13
2021-12-13 19:45:00+00:00,1786.0,1788.0,1783.0,1786.0,46.4432,2021,12,13
2021-12-13 19:50:00+00:00,1786.0,1786.0,1783.0,1786.0,18.2751,2021,12,13
2021-12-13 19:55:00+00:00,1786.0,1789.0,1783.0,1784.0,42.6681,2021,12,13
2021-12-13 20:00:00+00:00,1784.0,1787.0,1783.0,1786.0,9.8546,2021,12,13
2021-12-13 20:05:00+00:00,1786.0,1788.0,1786.0,1787.0,9.5975,2021,12,13
2021-12-13 20:10:00+00:00,1787.0,1788.0,1786.0,1787.0,5.9208,2021,12,13
2021-12-13 20:15:00+00:00,1786.0,1786.0,1784.0,1784.0,14.297,2021,12,13
2021-12-13 20:20:00+00:00,1784.0,1786.0,1784.0,1784.0,12.3869,2021,12,13
2021-12-13 20:25:00+00:00,1784.0,1789.0,1784.0,1788.0,9.3811,2021,12,13
2021-12-13 20:30:00+00:00,1788.0,1788.0,1785.0,1785.0,1.0392,2021,12,13
2021-12-13 20:35:00+00:00,1787.0,1787.0,1785.0,1785.0,4.8548,2021,12,13
2021-12-13 20:40:00+00:00,1785.0,1789.0,1784.0,1787.0,10.0098,2021,12,13
2021-12-13 20:45:00+00:00,1787.0,1790.0,1787.0,1789.0,11.3798,2021,12,13
2021-12-13 20:50:00+00:00,1788.0,1789.0,1787.0,1789.0,4.9506,2021,12,13
2021-12-13 20:55:00+00:00,1788.0,1789.0,1788.0,1789.0,4.913,2021,12,13
2021-12-13 21:00:00+00:00,1789.0,1789.0,1788.0,1788.0,2.0282,2021,12,13
2021-12-13 21:05:00+00:00,1788.0,1790.0,1788.0,1788.0,13.8526,2021,12,13
2021-12-13 21:10:00+00:00,1789.0,1790.0,1788.0,1789.0,10.8991,2021,12,13
2021-12-13 21:15:00+00:00,1789.0,1790.0,1788.0,1788.0,7.2464,2021,12,13
2021-12-13 21:20:00+00:00,1788.0,1789.0,1787.0,1788.0,4.2663,2021,12,13
2021-12-13 21:25:00+00:00,1788.0,1789.0,1788.0,1788.0,0.825,2021,12,13
2021-12-13 21:30:00+00:00,1788.0,1789.0,1787.0,1789.0,2.5369,2021,12,13
2021-12-13 21:35:00+00:00,1788.0,1789.0,1787.0,1788.0,22.0132,2021,12,13
2021-12-13 21:40:00+00:00,1789.0,1790.0,1788.0,1788.0,8.7999,2021,12,13
2021-12-13 21:45:00+00:00,1788.0,1791.0,1787.0,1789.0,12.2308,2021,12,13
2021-12-13 21:50:00+00:00,1789.0,1790.0,1789.0,1789.0,2.2384,2021,12,13
2021-12-13 21:55:00+00:00,1789.0,1790.0,1789.0,1789.0,0.1996,2021,12,13
2021-12-13 22:00:00+00:00,1789.0,1790.0,1789.0,1790.0,1.105,2021,12,13
2021-12-13 22:05:00+00:00,1790.0,1791.0,1789.0,1791.0,7.5215,2021,12,13
2021-12-13 22:10:00+00:00,1790.0,1791.0,1789.0,1789.0,4.1518,2021,12,13
2021-12-13 22:15:00+00:00,1789.0,1790.0,1789.0,1789.0,2.4655,2021,12,13
2021-12-13 22:20:00+00:00,1789.0,1790.0,1788.0,1789.0,1.8789,2021,12,13
2021-12-13 22:25:00+00:00,1789.0,1789.0,1788.0,1788.0,1.5201,2021,12,13
2021-12-13 22:30:00+00:00,1788.0,1791.0,1788.0,1791.0,22.4173,2021,12,13
2021-12-13 22:35:00+00:00,1790.0,1790.0,1789.0,1790.0,2.1204,2021,12,13
2021-12-13 22:40:00+00:00,1789.0,1790.0,1787.0,1789.0,4.4958,2021,12,13
2021-12-13 22:45:00+00:00,1789.0,1791.0,1789.0,1789.0,53.3419,2021,12,13
2021-12-13 22:50:00+00:00,1790.0,1790.0,1787.0,1788.0,5.0433,2021,12,13
2021-12-13 22:55:00+00:00,1788.0,1788.0,1787.0,1788.0,1.2471,2021,12,13
2021-12-13 23:00:00+00:00,1788.0,1790.0,1788.0,1790.0,7.4454,2021,12,13
2021-12-13 23:05:00+00:00,1790.0,1790.0,1787.0,1789.0,30.3483,2021,12,13
2021-12-13 23:10:00+00:00,1789.0,1790.0,1788.0,1790.0,2.5052,2021,12,13
2021-12-13 23:15:00+00:00,1790.0,1790.0,1789.0,1790.0,5.8097,2021,12,13
2021-12-13 23:20:00+00:00,1790.0,1790.0,1789.0,1789.0,1.9974,2021,12,13
2021-12-13 23:25:00+00:00,1790.0,1796.0,1788.0,1792.0,178.6169,2021,12,13
2021-12-13 23:30:00+00:00,1791.0,1796.0,1789.0,1789.0,54.4085,2021,12,13
2021-12-13 23:35:00+00:00,1790.0,1792.0,1789.0,1790.0,37.6169,2021,12,13
2021-12-13 23:40:00+00:00,1791.0,1791.0,1789.0,1790.0,15.9079,2021,12,13
2021-12-13 23:45:00+00:00,1790.0,1791.0,1789.0,1790.0,2.577,2021,12,13
2021-12-13 23:50:00+00:00,1790.0,1791.0,1789.0,1789.0,13.3099,2021,12,13
2021-12-13 23:55:00+00:00,1789.0,1790.0,1788.0,1789.0,6.4335,2021,12,13
2021-12-14 00:00:00+00:00,1789.0,1790.0,1788.0,1789.0,26.0789,2021,12,14
2021-12-14 00:05:00+00:00,1789.0,1791.0,1788.0,1789.0,7.6227,2021,12,14
2021-12-14 00:10:00+00:00,1789.0,1789.0,1788.0,1789.0,1.3061,2021,12,14
2021-12-14 00:15:00+00:00,1789.0,1791.0,1787.0,1790.0,11.9347,2021,12,14
2021-12-14 00:20:00+00:00,1790.0,1790.0,1789.0,1790.0,0.915,2021,12,14
2021-12-14 00:25:00+00:00,1790.0,1790.0,1789.0,1790.0,0.8762,2021,12,14
2021-12-14 00:30:00+00:00,1790.0,1790.0,1788.0,1789.0,2.9529,2021,12,14
2021-12-14 00:35:00+00:00,1789.0,1792.0,1789.0,1792.0,22.1015,2021,12,14
2021-12-14 00:40:00+00:00,1792.0,1792.0,1789.0,1790.0,9.2083,2021,12,14
2021-12-14 00:45:00+00:00,1789.0,1791.0,1789.0,1789.0,3.796,2021,12,14
2021-12-14 00:50:00+00:00,1789.0,1790.0,1789.0,1790.0,0.3296,2021,12,14
2021-12-14 00:55:00+00:00,1790.0,1790.0,1788.0,1788.0,4.7201,2021,12,14
2021-12-14 01:00:00+00:00,1788.0,1789.0,1787.0,1787.0,3.1134,2021,12,14
2021-12-14 01:05:00+00:00,1787.0,1787.0,1787.0,1787.0,2.3296,2021,12,14
2021-12-14 01:10:00+00:00,1787.0,1787.0,1787.0,1787.0,1.7316,2021,12,14
2021-12-14 01:15:00+00:00,1788.0,1788.0,1787.0,1787.0,10.5328,2021,12,14
2021-12-14 01:20:00+00:00,1787.0,1788.0,1787.0,1787.0,5.9971,2021,12,14
2021-12-14 01:25:00+00:00,1787.0,1788.0,1787.0,1787.0,6.776,2021,12,14
2021-12-14 01:30:00+00:00,1787.0,1787.0,1787.0,1787.0,0.5379,2021,12,14
2021-12-14 01:35:00+00:00,1788.0,1789.0,1788.0,1789.0,0.906,2021,12,14
2021-12-14 01:40:00+00:00,1788.0,1789.0,1788.0,1788.0,0.2597,2021,12,14
2021-12-14 01:45:00+00:00,1788.0,1790.0,1788.0,1790.0,0.7145,2021,12,14
2021-12-14 01:50:00+00:00,1790.0,1793.0,1790.0,1792.0,3.8466,2021,12,14
2021-12-14 01:55:00+00:00,1792.0,1792.0,1791.0,1792.0,0.7848,2021,12,14
2021-12-14 02:00:00+00:00,1792.0,1792.0,1791.0,1792.0,1.2397,2021,12,14
2021-12-14 02:05:00+00:00,1792.0,1792.0,1791.0,1791.0,0.3744,2021,12,14
2021-12-14 02:10:00+00:00,1791.0,1792.0,1791.0,1792.0,1.2746,2021,12,14
2021-12-14 02:15:00+00:00,1791.0,1791.0,1787.0,1790.0,10.2769,2021,12,14
2021-12-14 02:20:00+00:00,1789.0,1789.0,1789.0,1789.0,0.3221,2021,12,14
2021-12-14 02:25:00+00:00,1789.0,1790.0,1787.0,1789.0,15.8967,2021,12,14
2021-12-14 02:30:00+00:00,1789.0,1790.0,1789.0,1790.0,0.2592,2021,12,14
2021-12-14 02:35:00+00:00,1789.0,1792.0,1789.0,1792.0,3.3665,2021,12,14
2021-12-14 02:40:00+00:00,1792.0,1792.0,1790.0,1791.0,1.7913,2021,12,14
2021-12-14 02:45:00+00:00,1791.0,1791.0,1790.0,1791.0,0.1336,2021,12,14
2021-12-14 02:50:00+00:00,1790.0,1791.0,1790.0,1790.0,6.2163,2021,12,14
2021-12-14 02:55:00+00:00,1790.0,1791.0,1789.0,1791.0,3.2861,2021,12,14
2021-12-14 03:00:00+00:00,1791.0,1791.0,1791.0,1791.0,0.2137,2021,12,14
2021-12-14 03:05:00+00:00,1791.0,1791.0,1790.0,1790.0,3.5554,2021,12,14
2021-12-14 03:10:00+00:00,1789.0,1790.0,1789.0,1790.0,1.9233,2021,12,14
2021-12-14 03:15:00+00:00,1790.0,1790.0,1789.0,1789.0,0.3632,2021,12,14
2021-12-14 03:20:00+00:00,1789.0,1790.0,1789.0,1790.0,0.3968,2021,12,14
2021-12-14 03:25:00+00:00,1789.0,1790.0,1789.0,1790.0,0.5574,2021,12,14
2021-12-14 03:30:00+00:00,1790.0,1790.0,1789.0,1789.0,6.6974,2021,12,14
2021-12-14 03:35:00+00:00,1789.0,1789.0,1789.0,1789.0,1.8839,2021,12,14
2021-12-14 03:40:00+00:00,1789.0,1789.0,1788.0,1789.0,3.6953,2021,12,14
2021-12-14 03:45:00+00:00,1788.0,1788.0,1787.0,1788.0,0.8673,2021,12,14
2021-12-14 03:50:00+00:00,1788.0,1788.0,1788.0,1788.0,0.0,2021,12,14
2021-12-14 03:55:00+00:00,1787.0,1788.0,1787.0,1788.0,0.2744,2021,12,14
2021-12-14 04:00:00+00:00,1788.0,1789.0,1788.0,1789.0,0.7298,2021,12,14
2021-12-14 04:05:00+00:00,1789.0,1789.0,1788.0,1789.0,0.0871,2021,12,14
2021-12-14 04:10:00+00:00,1789.0,1789.0,1788.0,1789.0,0.3883,2021,12,14
2021-12-14 04:15:00+00:00,1788.0,1789.0,1787.0,1787.0,6.3824,2021,12,14
2021-12-14 04:20:00+00:00,1787.0,1787.0,1787.0,1787.0,1.0894,2021,12,14
2021-12-14 04:25:00+00:00,1787.0,1787.0,1787.0,1787.0,0.4999,2021,12,14
2021-12-14 04:30:00+00:00,1788.0,1788.0,1788.0,1788.0,0.2587,2021,12,14
2021-12-14 04:35:00+00:00,1788.0,1788.0,1787.0,1787.0,1.3693,2021,12,14
2021-12-14 04:40:00+00:00,1787.0,1788.0,1787.0,1787.0,2.8974,2021,12,14
2021-12-14 04:45:00+00:00,1787.0,1787.0,1787.0,1787.0,0.0258,2021,12,14
2021-12-14 04:50:00+00:00,1787.0,1789.0,1787.0,1787.0,1.189,2021,12,14
2021-12-14 04:55:00+00:00,1788.0,1788.0,1787.0,1788.0,0.0711,2021,12,14
2021-12-14 05:00:00+00:00,1787.0,1788.0,1787.0,1788.0,0.0765,2021,12,14
2021-12-14 05:05:00+00:00,1787.0,1787.0,1787.0,1787.0,0.5653,2021,12,14
2021-12-14 05:10:00+00:00,1787.0,1787.0,1787.0,1787.0,0.0302,2021,12,14
2021-12-14 05:15:00+00:00,1788.0,1788.0,1787.0,1788.0,2.9956,2021,12,14
2021-12-14 05:20:00+00:00,1787.0,1788.0,1787.0,1788.0,2.0162,2021,12,14
2021-12-14 05:25:00+00:00,1788.0,1788.0,1788.0,1788.0,1.0414,2021,12,14
2021-12-14 05:30:00+00:00,1789.0,1789.0,1788.0,1789.0,1.156,2021,12,14
2021-12-14 05:35:00+00:00,1788.0,1789.0,1788.0,1788.0,1.5162,2021,12,14
2021-12-14 05:40:00+00:00,1788.0,1788.0,1788.0,1788.0,0.0,2021,12,14
2021-12-14 05:45:00+00:00,1788.0,1789.0,1788.0,1788.0,1.6188,2021,12,14
2021-12-14 05:50:00+00:00,1788.0,1788.0,1787.0,1787.0,5.8164,2021,12,14
2021-12-14 05:55:00+00:00,1787.0,1789.0,1787.0,1788.0,2.7153,2021,12,14
2021-12-14 06:00:00+00:00,1789.0,1789.0,1788.0,1789.0,0.9657,2021,12,14
2021-12-14 06:05:00+00:00,1789.0,1790.0,1788.0,1788.0,0.5381,2021,12,14
2021-12-14 06:10:00+00:00,1788.0,1790.0,1788.0,1790.0,4.5668,2021,12,14
2021-12-14 06:15:00+00:00,1789.0,1789.0,1786.0,1787.0,24.0418,2021,12,14
2021-12-14 06:20:00+00:00,1787.0,1788.0,1787.0,1788.0,4.2839,2021,12,14
2021-12-14 06:25:00+00:00,1787.0,1789.0,1787.0,1789.0,1.9476,2021,12,14
2021-12-14 06:30:00+00:00,1788.0,1788.0,1785.0,1788.0,27.5683,2021,12,14
2021-12-14 06:35:00+00:00,1788.0,1789.0,1788.0,1789.0,0.3636,2021,12,14
2021-12-14 06:40:00+00:00,1789.0,1789.0,1786.0,1787.0,10.6117,2021,12,14
2021-12-14 06:45:00+00:00,1788.0,1789.0,1787.0,1789.0,1.7211,2021,12,14
2021-12-14 06:50:00+00:00,1788.0,1789.0,1788.0,1789.0,0.1128,2021,12,14
2021-12-14 06:55:00+00:00,1788.0,1791.0,1788.0,1791.0,56.8571,2021,12,14
2021-12-14 07:00:00+00:00,1791.0,1797.0,1790.0,1792.0,118.0282,2021,12,14
2021-12-14 07:05:00+00:00,1791.0,1791.0,1784.0,1790.0,33.5508,2021,12,14
2021-12-14 07:10:00+00:00,1789.0,1794.0,1785.0,1792.0,112.236,2021,12,14
2021-12-14 07:15:00+00:00,1791.0,1793.0,1791.0,1791.0,74.0507,2021,12,14
2021-12-14 07:20:00+00:00,1792.0,1792.0,1792.0,1792.0,0.2252,2021,12,14
2021-12-14 07:25:00+00:00,1791.0,1791.0,1791.0,1791.0,1.8565,2021,12,14
2021-12-14 07:30:00+00:00,1791.0,1791.0,1790.0,1790.0,0.5172,2021,12,14
2021-12-14 07:35:00+00:00,1791.0,1791.0,1790.0,1790.0,6.187,2021,12,14
2021-12-14 07:40:00+00:00,1790.0,1791.0,1789.0,1789.0,8.6075,2021,12,14
2021-12-14 07:45:00+00:00,1788.0,1790.0,1787.0,1788.0,21.3029,2021,12,14
2021-12-14 07:50:00+00:00,1789.0,1789.0,1788.0,1788.0,7.0177,2021,12,14
2021-12-14 07:55:00+00:00,1788.0,1788.0,1786.0,1787.0,2.2753,2021,12,14
2021-12-14 08:00:00+00:00,1788.0,1789.0,1786.0,1787.0,43.1289,2021,12,14
2021-12-14 08:05:00+00:00,1786.0,1787.0,1786.0,1787.0,0.063,2021,12,14
2021-12-14 08:10:00+00:00,1786.0,1787.0,1786.0,1787.0,1.9929,2021,12,14
2021-12-14 08:15:00+00:00,1788.0,1788.0,1787.0,1787.0,1.6188,2021,12,14
2021-12-14 08:20:00+00:00,1787.0,1787.0,1786.0,1787.0,5.1769,2021,12,14
2021-12-14 08:25:00+00:00,1787.0,1787.0,1785.0,1786.0,24.285,2021,12,14
2021-12-14 08:30:00+00:00,1786.0,1787.0,1786.0,1787.0,0.2615,2021,12,14
2021-12-14 08:35:00+00:00,1786.0,1789.0,1786.0,1787.0,29.0518,2021,12,14
2021-12-14 08:40:00+00:00,1787.0,1789.0,1786.0,1786.0,57.2421,2021,12,14
2021-12-14 08:45:00+00:00,1787.0,1787.0,1786.0,1786.0,5.1214,2021,12,14
2021-12-14 08:50:00+00:00,1786.0,1786.0,1786.0,1786.0,1.9108,2021,12,14
2021-12-14 08:55:00+00:00,1787.0,1789.0,1787.0,1789.0,20.303,2021,12,14
2021-12-14 09:00:00+00:00,1788.0,1789.0,1788.0,1789.0,1.0905,2021,12,14
2021-12-14 09:05:00+00:00,1788.0,1789.0,1787.0,1787.0,4.8301,2021,12,14
2021-12-14 09:10:00+00:00,1787.0,1788.0,1787.0,1788.0,6.5311,2021,12,14
2021-12-14 09:15:00+00:00,1788.0,1789.0,1788.0,1789.0,25.0894,2021,12,14
2021-12-14 09:20:00+00:00,1787.0,1787.0,1787.0,1787.0,2.069,2021,12,14
2021-12-14 09:25:00+00:00,1787.0,1787.0,1786.0,1787.0,0.5318,2021,12,14
2021-12-14 09:30:00+00:00,1786.0,1787.0,1786.0,1787.0,0.0918,2021,12,14
2021-12-14 09:35:00+00:00,1786.0,1787.0,1784.0,1784.0,16.6006,2021,12,14
2021-12-14 09:40:00+00:00,1784.0,1786.0,1784.0,1785.0,6.7797,2021,12,14
2021-12-14 09:45:00+00:00,1785.0,1786.0,1785.0,1786.0,2.7458,2021,12,14
2021-12-14 09:50:00+00:00,1785.0,1786.0,1785.0,1785.0,1.7868,2021,12,14
2021-12-14 09:55:00+00:00,1786.0,1790.0,1785.0,1787.0,35.4312,2021,12,14
2021-12-14 10:00:00+00:00,1787.0,1787.0,1786.0,1787.0,1.2074,2021,12,14
2021-12-14 10:05:00+00:00,1787.0,1787.0,1786.0,1786.0,0.4188,2021,12,14
2021-12-14 10:10:00+00:00,1787.0,1787.0,1787.0,1787.0,0.3512,2021,12,14
2021-12-14 10:15:00+00:00,1786.0,1787.0,1786.0,1786.0,0.9483,2021,12,14
2021-12-14 10:20:00+00:00,1787.0,1787.0,1787.0,1787.0,0.0533,2021,12,14
2021-12-14 10:25:00+00:00,1786.0,1786.0,1783.0,1786.0,89.6063,2021,12,14
2021-12-14 10:30:00+00:00,1786.0,1788.0,1784.0,1788.0,10.0506,2021,12,14
2021-12-14 10:35:00+00:00,1788.0,1788.0,1786.0,1786.0,4.8877,2021,12,14
2021-12-14 10:40:00+00:00,1787.0,1787.0,1786.0,1786.0,0.5875,2021,12,14
2021-12-14 10:45:00+00:00,1786.0,1787.0,1786.0,1787.0,0.9452,2021,12,14
2021-12-14 10:50:00+00:00,1787.0,1788.0,1787.0,1788.0,2.3794,2021,12,14
2021-12-14 10:55:00+00:00,1788.0,1788.0,1787.0,1788.0,1.4804,2021,12,14
2021-12-14 11:00:00+00:00,1788.0,1788.0,1787.0,1787.0,0.8962,2021,12,14
2021-12-14 11:05:00+00:00,1788.0,1788.0,1784.0,1784.0,9.0885,2021,12,14
2021-12-14 11:10:00+00:00,1786.0,1790.0,1786.0,1788.0,22.8558,2021,12,14
2021-12-14 11:15:00+00:00,1788.0,1788.0,1787.0,1787.0,1.0091,2021,12,14
2021-12-14 11:20:00+00:00,1788.0,1788.0,1787.0,1788.0,1.5944,2021,12,14
2021-12-14 11:25:00+00:00,1787.0,1788.0,1787.0,1787.0,0.3887,2021,12,14
2021-12-14 11:30:00+00:00,1787.0,1787.0,1786.0,1786.0,1.3604,2021,12,14
2021-12-14 11:35:00+00:00,1786.0,1787.0,1786.0,1786.0,2.004,2021,12,14
2021-12-14 11:40:00+00:00,1787.0,1787.0,1786.0,1786.0,0.6395,2021,12,14
2021-12-14 11:45:00+00:00,1786.0,1787.0,1786.0,1786.0,1.7547,2021,12,14
2021-12-14 11:50:00+00:00,1786.0,1789.0,1785.0,1787.0,28.8971,2021,12,14
2021-12-14 11:55:00+00:00,1786.0,1788.0,1786.0,1787.0,21.4532,2021,12,14
2021-12-14 12:00:00+00:00,1787.0,1788.0,1787.0,1787.0,4.4227,2021,12,14
2021-12-14 12:05:00+00:00,1787.0,1788.0,1787.0,1787.0,1.3478,2021,12,14
2021-12-14 12:10:00+00:00,1788.0,1788.0,1787.0,1788.0,0.6773,2021,12,14
2021-12-14 12:15:00+00:00,1788.0,1788.0,1787.0,1788.0,1.2961,2021,12,14
2021-12-14 12:20:00+00:00,1788.0,1788.0,1783.0,1786.0,73.2871,2021,12,14
2021-12-14 12:25:00+00:00,1786.0,1786.0,1785.0,1785.0,0.2553,2021,12,14
2021-12-14 12:30:00+00:00,1785.0,1786.0,1781.0,1786.0,70.2567,2021,12,14
2021-12-14 12:35:00+00:00,1786.0,1787.0,1786.0,1786.0,1.1045,2021,12,14
2021-12-14 12:40:00+00:00,1786.0,1787.0,1786.0,1786.0,0.2589,2021,12,14
2021-12-14 12:45:00+00:00,1786.0,1787.0,1786.0,1787.0,2.0456,2021,12,14
2021-12-14 12:50:00+00:00,1786.0,1787.0,1786.0,1787.0,1.831,2021,12,14
2021-12-14 12:55:00+00:00,1786.0,1787.0,1786.0,1786.0,0.9787,2021,12,14
2021-12-14 13:00:00+00:00,1786.0,1788.0,1786.0,1788.0,2.6506,2021,12,14
2021-12-14 13:05:00+00:00,1787.0,1787.0,1786.0,1786.0,14.7676,2021,12,14
2021-12-14 13:10:00+00:00,1787.0,1787.0,1786.0,1787.0,0.2593,2021,12,14
2021-12-14 13:15:00+00:00,1787.0,1787.0,1786.0,1786.0,1.164,2021,12,14
2021-12-14 13:20:00+00:00,1786.0,1786.0,1783.0,1783.0,28.9475,2021,12,14
2021-12-14 13:25:00+00:00,1783.0,1783.0,1783.0,1783.0,0.0618,2021,12,14
2021-12-14 13:30:00+00:00,1783.0,1783.0,1781.0,1781.0,4.4432,2021,12,14
2021-12-14 13:35:00+00:00,1782.0,1782.0,1780.0,1780.0,46.1563,2021,12,14
2021-12-14 13:40:00+00:00,1782.0,1782.0,1777.0,1777.0,28.2619,2021,12,14
2021-12-14 13:45:00+00:00,1778.0,1778.0,1777.0,1777.0,17.0631,2021,12,14
2021-12-14 13:50:00+00:00,1777.0,1777.0,1776.0,1777.0,2.2649,2021,12,14
2021-12-14 13:55:00+00:00,1776.0,1776.0,1775.0,1776.0,2.9667,2021,12,14
2021-12-14 14:00:00+00:00,1776.0,1776.0,1772.0,1773.0,59.0084,2021,12,14
2021-12-14 14:05:00+00:00,1773.0,1773.0,1771.0,1771.0,32.4774,2021,12,14
2021-12-14 14:10:00+00:00,1771.0,1772.0,1769.0,1770.0,99.6434,2021,12,14
2021-12-14 14:15:00+00:00,1770.0,1770.0,1769.0,1770.0,1.0752,2021,12,14
2021-12-14 14:20:00+00:00,1769.0,1771.0,1769.0,1771.0,13.9835,2021,12,14
2021-12-14 14:25:00+00:00,1771.0,1772.0,1770.0,1771.0,3.0355,2021,12,14
2021-12-14 14:30:00+00:00,1772.0,1772.0,1771.0,1772.0,2.5078,2021,12,14
2021-12-14 14:35:00+00:00,1771.0,1774.0,1771.0,1774.0,4.7736,2021,12,14
2021-12-14 14:40:00+00:00,1774.0,1776.0,1774.0,1775.0,6.5501,2021,12,14
2021-12-14 14:45:00+00:00,1774.0,1774.0,1774.0,1774.0,0.3262,2021,12,14
2021-12-14 14:50:00+00:00,1774.0,1776.0,1774.0,1776.0,18.9503,2021,12,14
2021-12-14 14:55:00+00:00,1776.0,1779.0,1776.0,1779.0,94.0784,2021,12,14
2021-12-14 15:00:00+00:00,1779.0,1779.0,1778.0,1779.0,1.7496,2021,12,14
2021-12-14 15:05:00+00:00,1778.0,1779.0,1777.0,1778.0,7.4622,2021,12,14
2021-12-14 15:10:00+00:00,1778.0,1778.0,1777.0,1777.0,0.6448,2021,12,14
2021-12-14 15:15:00+00:00,1777.0,1778.0,1777.0,1777.0,9.6404,2021,12,14
2021-12-14 15:20:00+00:00,1776.0,1777.0,1776.0,1777.0,1.9809,2021,12,14
2021-12-14 15:25:00+00:00,1776.0,1777.0,1776.0,1777.0,1.6252,2021,12,14
2021-12-14 15:30:00+00:00,1776.0,1776.0,1776.0,1776.0,3.6461,2021,12,14
2021-12-14 15:35:00+00:00,1776.0,1776.0,1776.0,1776.0,1.2868,2021,12,14
2021-12-14 15:40:00+00:00,1776.0,1779.0,1776.0,1777.0,17.6872,2021,12,14
2021-12-14 15:45:00+00:00,1777.0,1777.0,1773.0,1775.0,17.6168,2021,12,14
2021-12-14 15:50:00+00:00,1775.0,1777.0,1775.0,1776.0,10.6052,2021,12,14
2021-12-14 15:55:00+00:00,1776.0,1777.0,1776.0,1777.0,22.9573,2021,12,14
2021-12-14 16:00:00+00:00,1776.0,1779.0,1776.0,1779.0,6.6922,2021,12,14
2021-12-14 16:05:00+00:00,1779.0,1779.0,1778.0,1779.0,7.5847,2021,12,14
2021-12-14 16:10:00+00:00,1779.0,1779.0,1778.0,1778.0,1.9236,2021,12,14
2021-12-14 16:15:00+00:00,1778.0,1779.0,1778.0,1779.0,3.6325,2021,12,14
2021-12-14 16:20:00+00:00,1778.0,1778.0,1777.0,1777.0,8.035,2021,12,14
2021-12-14 16:25:00+00:00,1777.0,1778.0,1777.0,1778.0,18.0231,2021,12,14
2021-12-14 16:30:00+00:00,1778.0,1778.0,1777.0,1777.0,11.8974,2021,12,14
2021-12-14 16:35:00+00:00,1778.0,1778.0,1777.0,1777.0,0.2335,2021,12,14
2021-12-14 16:40:00+00:00,1777.0,1777.0,1776.0,1776.0,4.7141,2021,12,14
2021-12-14 16:45:00+00:00,1776.0,1776.0,1773.0,1775.0,10.495,2021,12,14
2021-12-14 16:50:00+00:00,1775.0,1776.0,1774.0,1775.0,7.6398,2021,12,14
2021-12-14 16:55:00+00:00,1775.0,1775.0,1774.0,1774.0,15.1608,2021,12,14
2021-12-14 17:00:00+00:00,1775.0,1775.0,1774.0,1774.0,0.956,2021,12,14
2021-12-14 17:05:00+00:00,1774.0,1775.0,1774.0,1775.0,0.0484,2021,12,14
2021-12-14 17:10:00+00:00,1775.0,1776.0,1775.0,1775.0,3.0916,2021,12,14
2021-12-14 17:15:00+00:00,1775.0,1776.0,1775.0,1776.0,0.6681,2021,12,14
2021-12-14 17:20:00+00:00,1775.0,1776.0,1775.0,1776.0,0.2375,2021,12,14
2021-12-14 17:25:00+00:00,1775.0,1776.0,1775.0,1776.0,3.352,2021,12,14
2021-12-14 17:30:00+00:00,1775.0,1777.0,1775.0,1777.0,3.843,2021,12,14
2021-12-14 17:35:00+00:00,1776.0,1776.0,1774.0,1774.0,2.9828,2021,12,14
2021-12-14 17:40:00+00:00,1773.0,1774.0,1773.0,1773.0,1.3385,2021,12,14
2021-12-14 17:45:00+00:00,1773.0,1775.0,1773.0,1773.0,2.9081,2021,12,14
2021-12-14 17:50:00+00:00,1775.0,1775.0,1773.0,1773.0,1.4055,2021,12,14
2021-12-14 17:55:00+00:00,1774.0,1774.0,1773.0,1773.0,0.8811,2021,12,14
2021-12-14 18:00:00+00:00,1773.0,1774.0,1772.0,1773.0,2.4097,2021,12,14
2021-12-14 18:05:00+00:00,1774.0,1774.0,1772.0,1774.0,6.9525,2021,12,14
2021-12-14 18:10:00+00:00,1773.0,1774.0,1773.0,1774.0,0.2549,2021,12,14
2021-12-14 18:15:00+00:00,1773.0,1774.0,1773.0,1773.0,0.8988,2021,12,14
2021-12-14 18:20:00+00:00,1774.0,1775.0,1773.0,1775.0,2.3651,2021,12,14
2021-12-14 18:25:00+00:00,1774.0,1775.0,1774.0,1775.0,0.4699,2021,12,14
2021-12-14 18:30:00+00:00,1774.0,1775.0,1773.0,1773.0,2.7419,2021,12,14
2021-12-14 18:35:00+00:00,1773.0,1774.0,1772.0,1772.0,2.5049,2021,12,14
2021-12-14 18:40:00+00:00,1773.0,1773.0,1772.0,1772.0,2.3655,2021,12,14
2021-12-14 18:45:00+00:00,1773.0,1776.0,1773.0,1776.0,4.862,2021,12,14
2021-12-14 18:50:00+00:00,1776.0,1776.0,1775.0,1775.0,0.5381,2021,12,14
2021-12-14 18:55:00+00:00,1775.0,1775.0,1774.0,1775.0,1.3775,2021,12,14
2021-12-14 19:00:00+00:00,1775.0,1775.0,1774.0,1774.0,2.7388,2021,12,14
2021-12-14 19:05:00+00:00,1775.0,1775.0,1774.0,1774.0,1.9701,2021,12,14
2021-12-14 19:10:00+00:00,1775.0,1776.0,1775.0,1776.0,2.5465,2021,12,14
2021-12-14 19:15:00+00:00,1776.0,1776.0,1775.0,1776.0,1.3938,2021,12,14
2021-12-14 19:20:00+00:00,1776.0,1777.0,1775.0,1777.0,6.782,2021,12,14
2021-12-14 19:25:00+00:00,1777.0,1777.0,1776.0,1777.0,0.4513,2021,12,14
2021-12-14 19:30:00+00:00,1777.0,1777.0,1776.0,1777.0,2.0748,2021,12,14
2021-12-14 19:35:00+00:00,1776.0,1776.0,1772.0,1772.0,9.188,2021,12,14
2021-12-14 19:40:00+00:00,1772.0,1776.0,1772.0,1775.0,4.0029,2021,12,14
2021-12-14 19:45:00+00:00,1775.0,1775.0,1774.0,1774.0,1.24,2021,12,14
2021-12-14 19:50:00+00:00,1775.0,1775.0,1774.0,1774.0,1.8049,2021,12,14
2021-12-14 19:55:00+00:00,1774.0,1774.0,1773.0,1774.0,0.5188,2021,12,14
2021-12-14 20:00:00+00:00,1773.0,1776.0,1773.0,1776.0,3.596,2021,12,14
2021-12-14 20:05:00+00:00,1776.0,1778.0,1773.0,1773.0,28.3253,2021,12,14
2021-12-14 20:10:00+00:00,1773.0,1775.0,1772.0,1775.0,1.4949,2021,12,14
2021-12-14 20:15:00+00:00,1775.0,1775.0,1772.0,1775.0,4.9728,2021,12,14
2021-12-14 20:20:00+00:00,1775.0,1775.0,1774.0,1774.0,0.7563,2021,12,14
2021-12-14 20:25:00+00:00,1775.0,1775.0,1773.0,1774.0,3.126,2021,12,14
2021-12-14 20:30:00+00:00,1773.0,1774.0,1773.0,1774.0,0.2112,2021,12,14
2021-12-14 20:35:00+00:00,1774.0,1778.0,1774.0,1777.0,58.7682,2021,12,14
2021-12-14 20:40:00+00:00,1777.0,1777.0,1775.0,1775.0,5.0192,2021,12,14
2021-12-14 20:45:00+00:00,1775.0,1776.0,1775.0,1775.0,3.238,2021,12,14
2021-12-14 20:50:00+00:00,1775.0,1776.0,1775.0,1775.0,3.0157,2021,12,14
2021-12-14 20:55:00+00:00,1775.0,1776.0,1775.0,1776.0,0.1594,2021,12,14
2021-12-14 21:00:00+00:00,1775.0,1777.0,1775.0,1776.0,10.2495,2021,12,14
2021-12-14 21:05:00+00:00,1777.0,1777.0,1776.0,1776.0,17.1293,2021,12,14
2021-12-14 21:10:00+00:00,1775.0,1777.0,1775.0,1777.0,3.6245,2021,12,14
2021-12-14 21:15:00+00:00,1776.0,1777.0,1775.0,1777.0,72.939,2021,12,14
2021-12-14 21:20:00+00:00,1777.0,1777.0,1775.0,1776.0,59.6701,2021,12,14
2021-12-14 21:25:00+00:00,1776.0,1776.0,1775.0,1776.0,0.8029,2021,12,14
2021-12-14 21:30:00+00:00,1776.0,1776.0,1775.0,1775.0,0.3649,2021,12,14
2021-12-14 21:35:00+00:00,1776.0,1777.0,1776.0,1776.0,3.2067,2021,12,14
2021-12-14 21:40:00+00:00,1776.0,1776.0,1775.0,1775.0,2.7221,2021,12,14
2021-12-14 21:45:00+00:00,1775.0,1775.0,1775.0,1775.0,2.3564,2021,12,14
2021-12-14 21:50:00+00:00,1776.0,1776.0,1775.0,1775.0,4.0622,2021,12,14
2021-12-14 21:55:00+00:00,1775.0,1777.0,1774.0,1775.0,13.2098,2021,12,14
2021-12-14 22:00:00+00:00,1775.0,1778.0,1775.0,1776.0,15.7316,2021,12,14
2021-12-14 22:05:00+00:00,1775.0,1778.0,1772.0,1775.0,28.0576,2021,12,14
2021-12-14 22:10:00+00:00,1775.0,1778.0,1773.0,1774.0,13.1254,2021,12,14
2021-12-14 22:15:00+00:00,1774.0,1774.0,1773.0,1773.0,0.5384,2021,12,14
2021-12-14 22:20:00+00:00,1774.0,1775.0,1774.0,1774.0,0.9566,2021,12,14
2021-12-14 22:25:00+00:00,1774.0,1775.0,1774.0,1774.0,0.8423,2021,12,14
2021-12-14 22:30:00+00:00,1774.0,1774.0,1772.0,1772.0,2.6508,2021,12,14
2021-12-14 22:35:00+00:00,1773.0,1774.0,1773.0,1774.0,0.0494,2021,12,14
2021-12-14 22:40:00+00:00,1774.0,1774.0,1773.0,1774.0,2.0066,2021,12,14
2021-12-14 22:45:00+00:00,1774.0,1774.0,1773.0,1774.0,0.1459,2021,12,14
2021-12-14 22:50:00+00:00,1773.0,1780.0,1773.0,1777.0,107.1673,2021,12,14
2021-12-14 22:55:00+00:00,1775.0,1777.0,1774.0,1776.0,23.5701,2021,12,14
2021-12-14 23:00:00+00:00,1774.0,1774.0,1774.0,1774.0,0.1348,2021,12,14
2021-12-14 23:05:00+00:00,1774.0,1780.0,1774.0,1777.0,23.2017,2021,12,14
2021-12-14 23:10:00+00:00,1777.0,1777.0,1776.0,1776.0,3.6347,2021,12,14
2021-12-14 23:15:00+00:00,1776.0,1776.0,1776.0,1776.0,1.0069,2021,12,14
2021-12-14 23:20:00+00:00,1776.0,1776.0,1776.0,1776.0,0.5416,2021,12,14
2021-12-14 23:25:00+00:00,1776.0,1779.0,1776.0,1776.0,10.0829,2021,12,14
2021-12-14 23:30:00+00:00,1777.0,1777.0,1776.0,1776.0,0.5318,2021,12,14
2021-12-14 23:35:00+00:00,1777.0,1777.0,1776.0,1776.0,1.1555,2021,12,14
2021-12-14 23:40:00+00:00,1776.0,1777.0,1776.0,1777.0,1.2193,2021,12,14
2021-12-14 23:45:00+00:00,1776.0,1777.0,1772.0,1775.0,15.1722,2021,12,14
2021-12-14 23:50:00+00:00,1775.0,1778.0,1775.0,1777.0,21.674,2021,12,14
2021-12-14 23:55:00+00:00,1778.0,1778.0,1773.0,1775.0,70.7715,2021,12,14
2021-12-15 00:00:00+00:00,1775.0,1775.0,1771.0,1774.0,69.2746,2021,12,15
2021-12-15 00:05:00+00:00,1774.0,1774.0,1771.0,1774.0,63.2393,2021,12,15
2021-12-15 00:10:00+00:00,1773.0,1777.0,1773.0,1776.0,7.8085,2021,12,15
2021-12-15 00:15:00+00:00,1775.0,1776.0,1774.0,1774.0,6.8444,2021,12,15
2021-12-15 00:20:00+00:00,1774.0,1778.0,1774.0,1778.0,40.503,2021,12,15
2021-12-15 00:25:00+00:00,1778.0,1778.0,1777.0,1777.0,1.7881,2021,12,15
2021-12-15 00:30:00+00:00,1778.0,1778.0,1777.0,1778.0,0.0787,2021,12,15
2021-12-15 00:35:00+00:00,1778.0,1778.0,1778.0,1778.0,0.0,2021,12,15
2021-12-15 00:40:00+00:00,1777.0,1777.0,1774.0,1774.0,17.1651,2021,12,15
2021-12-15 00:45:00+00:00,1774.0,1775.0,1774.0,1775.0,2.1644,2021,12,15
2021-12-15 00:50:00+00:00,1775.0,1776.0,1775.0,1775.0,2.4899,2021,12,15
2021-12-15 00:55:00+00:00,1775.0,1777.0,1775.0,1775.0,6.0067,2021,12,15
2021-12-15 01:00:00+00:00,1775.0,1775.0,1775.0,1775.0,0.9142,2021,12,15
2021-12-15 01:05:00+00:00,1775.0,1775.0,1775.0,1775.0,1.1358,2021,12,15
2021-12-15 01:10:00+00:00,1776.0,1776.0,1775.0,1775.0,0.0633,2021,12,15
2021-12-15 01:15:00+00:00,1775.0,1775.0,1775.0,1775.0,0.1502,2021,12,15
2021-12-15 01:20:00+00:00,1776.0,1776.0,1775.0,1775.0,0.3122,2021,12,15
2021-12-15 01:25:00+00:00,1776.0,1776.0,1774.0,1775.0,1.6427,2021,12,15
2021-12-15 01:30:00+00:00,1775.0,1775.0,1775.0,1775.0,0.0,2021,12,15
2021-12-15 01:35:00+00:00,1774.0,1774.0,1774.0,1774.0,0.1442,2021,12,15
2021-12-15 01:40:00+00:00,1774.0,1776.0,1774.0,1775.0,4.5183,2021,12,15
2021-12-15 01:45:00+00:00,1775.0,1776.0,1775.0,1776.0,0.0675,2021,12,15
2021-12-15 01:50:00+00:00,1775.0,1776.0,1775.0,1776.0,0.4221,2021,12,15
2021-12-15 01:55:00+00:00,1776.0,1776.0,1775.0,1775.0,0.0955,2021,12,15
2021-12-15 02:00:00+00:00,1775.0,1775.0,1775.0,1775.0,0.5455,2021,12,15
2021-12-15 02:05:00+00:00,1775.0,1775.0,1774.0,1775.0,24.8361,2021,12,15
2021-12-15 02:10:00+00:00,1775.0,1775.0,1775.0,1775.0,1.8043,2021,12,15
2021-12-15 02:15:00+00:00,1776.0,1776.0,1776.0,1776.0,0.0111,2021,12,15
2021-12-15 02:20:00+00:00,1776.0,1776.0,1775.0,1776.0,0.0545,2021,12,15
2021-12-15 02:25:00+00:00,1775.0,1775.0,1775.0,1775.0,0.3875,2021,12,15
2021-12-15 02:30:00+00:00,1775.0,1776.0,1775.0,1775.0,0.044,2021,12,15
2021-12-15 02:35:00+00:00,1776.0,1776.0,1775.0,1775.0,1.2527,2021,12,15
2021-12-15 02:40:00+00:00,1776.0,1776.0,1776.0,1776.0,0.1469,2021,12,15
2021-12-15 02:45:00+00:00,1775.0,1776.0,1775.0,1776.0,4.6326,2021,12,15
2021-12-15 02:50:00+00:00,1776.0,1776.0,1775.0,1775.0,1.2651,2021,12,15
2021-12-15 02:55:00+00:00,1776.0,1776.0,1776.0,1776.0,0.5065,2021,12,15
2021-12-15 03:00:00+00:00,1776.0,1781.0,1775.0,1776.0,50.8643,2021,12,15
2021-12-15 03:05:00+00:00,1776.0,1778.0,1775.0,1776.0,22.3112,2021,12,15
2021-12-15 03:10:00+00:00,1775.0,1776.0,1775.0,1776.0,0.2937,2021,12,15
2021-12-15 03:15:00+00:00,1776.0,1776.0,1776.0,1776.0,0.014,2021,12,15
2021-12-15 03:20:00+00:00,1776.0,1776.0,1775.0,1776.0,6.4136,2021,12,15
2021-12-15 03:25:00+00:00,1775.0,1776.0,1775.0,1775.0,21.5332,2021,12,15
2021-12-15 03:30:00+00:00,1774.0,1774.0,1774.0,1774.0,0.0378,2021,12,15
2021-12-15 03:35:00+00:00,1775.0,1775.0,1774.0,1774.0,0.0315,2021,12,15
2021-12-15 03:40:00+00:00,1775.0,1775.0,1774.0,1775.0,2.7108,2021,12,15
2021-12-15 03:45:00+00:00,1775.0,1775.0,1774.0,1774.0,0.084,2021,12,15
2021-12-15 03:50:00+00:00,1775.0,1775.0,1774.0,1775.0,0.8523,2021,12,15
2021-12-15 03:55:00+00:00,1775.0,1775.0,1773.0,1773.0,3.3714,2021,12,15
2021-12-15 04:00:00+00:00,1774.0,1776.0,1773.0,1775.0,22.6355,2021,12,15
2021-12-15 04:05:00+00:00,1774.0,1775.0,1774.0,1774.0,1.7829,2021,12,15
2021-12-15 04:10:00+00:00,1774.0,1774.0,1773.0,1774.0,4.6981,2021,12,15
2021-12-15 04:15:00+00:00,1774.0,1774.0,1773.0,1774.0,0.4729,2021,12,15
2021-12-15 04:20:00+00:00,1774.0,1775.0,1774.0,1775.0,0.6941,2021,12,15
2021-12-15 04:25:00+00:00,1775.0,1775.0,1774.0,1774.0,0.1961,2021,12,15
2021-12-15 04:30:00+00:00,1774.0,1775.0,1774.0,1775.0,1.0468,2021,12,15
2021-12-15 04:35:00+00:00,1775.0,1775.0,1775.0,1775.0,0.2047,2021,12,15
2021-12-15 04:40:00+00:00,1775.0,1775.0,1774.0,1774.0,1.4496,2021,12,15
2021-12-15 04:45:00+00:00,1775.0,1775.0,1775.0,1775.0,0.013,2021,12,15
2021-12-15 04:50:00+00:00,1774.0,1774.0,1773.0,1773.0,7.3321,2021,12,15
2021-12-15 04:55:00+00:00,1774.0,1774.0,1773.0,1773.0,1.049,2021,12,15
2021-12-15 05:00:00+00:00,1773.0,1774.0,1773.0,1774.0,0.0971,2021,12,15
2021-12-15 05:05:00+00:00,1774.0,1774.0,1774.0,1774.0,0.3429,2021,12,15
2021-12-15 05:10:00+00:00,1773.0,1773.0,1773.0,1773.0,1.0907,2021,12,15
2021-12-15 05:15:00+00:00,1774.0,1774.0,1773.0,1773.0,3.5484,2021,12,15
2021-12-15 05:20:00+00:00,1773.0,1773.0,1773.0,1773.0,0.4928,2021,12,15
2021-12-15 05:25:00+00:00,1774.0,1774.0,1773.0,1774.0,6.3621,2021,12,15
2021-12-15 05:30:00+00:00,1774.0,1774.0,1773.0,1773.0,2.5205,2021,12,15
2021-12-15 05:35:00+00:00,1773.0,1775.0,1773.0,1774.0,6.8959,2021,12,15
2021-12-15 05:40:00+00:00,1773.0,1773.0,1772.0,1773.0,13.6027,2021,12,15
2021-12-15 05:45:00+00:00,1772.0,1772.0,1772.0,1772.0,0.1881,2021,12,15
2021-12-15 05:50:00+00:00,1772.0,1773.0,1772.0,1773.0,1.478,2021,12,15
2021-12-15 05:55:00+00:00,1773.0,1774.0,1773.0,1774.0,1.3016,2021,12,15
2021-12-15 06:00:00+00:00,1774.0,1774.0,1773.0,1774.0,0.4358,2021,12,15
2021-12-15 06:05:00+00:00,1774.0,1774.0,1773.0,1774.0,1.5114,2021,12,15
2021-12-15 06:10:00+00:00,1774.0,1774.0,1773.0,1773.0,0.095,2021,12,15
2021-12-15 06:15:00+00:00,1773.0,1774.0,1773.0,1774.0,0.1494,2021,12,15
2021-12-15 06:20:00+00:00,1774.0,1775.0,1773.0,1773.0,6.2402,2021,12,15
2021-12-15 06:25:00+00:00,1773.0,1774.0,1773.0,1773.0,1.9047,2021,12,15
2021-12-15 06:30:00+00:00,1773.0,1774.0,1772.0,1772.0,0.67,2021,12,15
2021-12-15 06:35:00+00:00,1774.0,1775.0,1772.0,1773.0,2.0545,2021,12,15
2021-12-15 06:40:00+00:00,1773.0,1773.0,1773.0,1773.0,0.9061,2021,12,15
2021-12-15 06:45:00+00:00,1773.0,1774.0,1772.0,1772.0,3.3071,2021,12,15
2021-12-15 06:50:00+00:00,1773.0,1773.0,1772.0,1772.0,1.0227,2021,12,15
2021-12-15 06:55:00+00:00,1772.0,1772.0,1772.0,1772.0,0.2034,2021,12,15
2021-12-15 07:00:00+00:00,1771.0,1772.0,1771.0,1771.0,2.3378,2021,12,15
2021-12-15 07:05:00+00:00,1772.0,1772.0,1771.0,1771.0,3.9912,2021,12,15
2021-12-15 07:10:00+00:00,1772.0,1773.0,1772.0,1773.0,3.147,2021,12,15
2021-12-15 07:15:00+00:00,1773.0,1773.0,1773.0,1773.0,0.7166,2021,12,15
2021-12-15 07:20:00+00:00,1772.0,1773.0,1771.0,1771.0,10.3441,2021,12,15
2021-12-15 07:25:00+00:00,1773.0,1773.0,1773.0,1773.0,0.0208,2021,12,15
2021-12-15 07:30:00+00:00,1771.0,1773.0,1771.0,1772.0,2.0175,2021,12,15
2021-12-15 07:35:00+00:00,1771.0,1772.0,1771.0,1772.0,0.5404,2021,12,15
2021-12-15 07:40:00+00:00,1772.0,1772.0,1772.0,1772.0,0.5152,2021,12,15
2021-12-15 07:45:00+00:00,1771.0,1773.0,1771.0,1772.0,3.4443,2021,12,15
2021-12-15 07:50:00+00:00,1771.0,1772.0,1771.0,1772.0,0.0488,2021,12,15
2021-12-15 07:55:00+00:00,1772.0,1773.0,1772.0,1773.0,2.9404,2021,12,15
2021-12-15 08:00:00+00:00,1773.0,1773.0,1771.0,1772.0,4.7076,2021,12,15
2021-12-15 08:05:00+00:00,1772.0,1773.0,1771.0,1773.0,1.7439,2021,12,15
2021-12-15 08:10:00+00:00,1773.0,1773.0,1773.0,1773.0,0.0,2021,12,15
2021-12-15 08:15:00+00:00,1773.0,1773.0,1770.0,1773.0,35.5948,2021,12,15
2021-12-15 08:20:00+00:00,1773.0,1776.0,1773.0,1774.0,14.926,2021,12,15
2021-12-15 08:25:00+00:00,1774.0,1774.0,1773.0,1773.0,0.0737,2021,12,15
2021-12-15 08:30:00+00:00,1773.0,1774.0,1773.0,1774.0,0.713,2021,12,15
2021-12-15 08:35:00+00:00,1774.0,1775.0,1773.0,1775.0,27.6779,2021,12,15
2021-12-15 08:40:00+00:00,1774.0,1775.0,1773.0,1774.0,3.3528,2021,12,15
2021-12-15 08:45:00+00:00,1774.0,1774.0,1773.0,1773.0,0.5917,2021,12,15
2021-12-15 08:50:00+00:00,1773.0,1773.0,1771.0,1771.0,2.1814,2021,12,15
2021-12-15 08:55:00+00:00,1771.0,1772.0,1771.0,1772.0,1.0118,2021,12,15
2021-12-15 09:00:00+00:00,1772.0,1772.0,1771.0,1772.0,0.2673,2021,12,15
2021-12-15 09:05:00+00:00,1772.0,1773.0,1771.0,1772.0,3.4766,2021,12,15
2021-12-15 09:10:00+00:00,1773.0,1773.0,1772.0,1773.0,1.4428,2021,12,15
2021-12-15 09:15:00+00:00,1772.0,1775.0,1772.0,1775.0,3.2708,2021,12,15
2021-12-15 09:20:00+00:00,1774.0,1774.0,1773.0,1773.0,1.4077,2021,12,15
2021-12-15 09:25:00+00:00,1773.0,1773.0,1773.0,1773.0,0.0117,2021,12,15
2021-12-15 09:30:00+00:00,1774.0,1776.0,1773.0,1773.0,6.1294,2021,12,15
2021-12-15 09:35:00+00:00,1775.0,1775.0,1774.0,1774.0,1.2168,2021,12,15
2021-12-15 09:40:00+00:00,1775.0,1775.0,1775.0,1775.0,0.0068,2021,12,15
2021-12-15 09:45:00+00:00,1774.0,1775.0,1773.0,1775.0,4.2367,2021,12,15
2021-12-15 09:50:00+00:00,1775.0,1775.0,1774.0,1775.0,0.1008,2021,12,15
2021-12-15 09:55:00+00:00,1775.0,1775.0,1774.0,1774.0,0.4849,2021,12,15
2021-12-15 10:00:00+00:00,1774.0,1774.0,1773.0,1773.0,2.0043,2021,12,15
2021-12-15 10:05:00+00:00,1774.0,1775.0,1774.0,1775.0,1.9327,2021,12,15
2021-12-15 10:10:00+00:00,1775.0,1775.0,1773.0,1774.0,1.7422,2021,12,15
2021-12-15 10:15:00+00:00,1773.0,1773.0,1772.0,1772.0,6.9693,2021,12,15
2021-12-15 10:20:00+00:00,1772.0,1773.0,1772.0,1772.0,1.5096,2021,12,15
2021-12-15 10:25:00+00:00,1772.0,1772.0,1771.0,1771.0,1.145,2021,12,15
2021-12-15 10:30:00+00:00,1772.0,1772.0,1771.0,1772.0,4.3081,2021,12,15
2021-12-15 10:35:00+00:00,1772.0,1773.0,1772.0,1773.0,2.6346,2021,12,15
2021-12-15 10:40:00+00:00,1774.0,1774.0,1773.0,1773.0,16.4103,2021,12,15
2021-12-15 10:45:00+00:00,1773.0,1774.0,1772.0,1774.0,2.5985,2021,12,15
2021-12-15 10:50:00+00:00,1772.0,1774.0,1772.0,1773.0,10.483,2021,12,15
2021-12-15 10:55:00+00:00,1772.0,1772.0,1772.0,1772.0,0.0664,2021,12,15
2021-12-15 11:00:00+00:00,1772.0,1773.0,1772.0,1773.0,0.0625,2021,12,15
2021-12-15 11:05:00+00:00,1772.0,1772.0,1772.0,1772.0,0.1942,2021,12,15
2021-12-15 11:10:00+00:00,1773.0,1773.0,1773.0,1773.0,0.0239,2021,12,15
2021-12-15 11:15:00+00:00,1773.0,1773.0,1772.0,1773.0,0.6346,2021,12,15
2021-12-15 11:20:00+00:00,1773.0,1775.0,1772.0,1773.0,65.5174,2021,12,15
2021-12-15 11:25:00+00:00,1772.0,1773.0,1772.0,1773.0,0.2964,2021,12,15
2021-12-15 11:30:00+00:00,1773.0,1773.0,1772.0,1773.0,1.1382,2021,12,15
2021-12-15 11:35:00+00:00,1772.0,1773.0,1772.0,1773.0,0.1392,2021,12,15
2021-12-15 11:40:00+00:00,1772.0,1773.0,1772.0,1773.0,3.3942,2021,12,15
2021-12-15 11:45:00+00:00,1774.0,1774.0,1773.0,1773.0,23.7806,2021,12,15
2021-12-15 11:50:00+00:00,1772.0,1772.0,1772.0,1772.0,2.2662,2021,12,15
2021-12-15 11:55:00+00:00,1773.0,1773.0,1773.0,1773.0,0.8967,2021,12,15
2021-12-15 12:00:00+00:00,1773.0,1775.0,1773.0,1774.0,5.719,2021,12,15
2021-12-15 12:05:00+00:00,1775.0,1775.0,1774.0,1774.0,15.871,2021,12,15
2021-12-15 12:10:00+00:00,1774.0,1774.0,1773.0,1773.0,0.5908,2021,12,15
2021-12-15 12:15:00+00:00,1773.0,1774.0,1773.0,1774.0,3.0651,2021,12,15
2021-12-15 12:20:00+00:00,1773.0,1773.0,1772.0,1772.0,1.2545,2021,12,15
2021-12-15 12:25:00+00:00,1773.0,1773.0,1773.0,1773.0,0.0061,2021,12,15
2021-12-15 12:30:00+00:00,1773.0,1773.0,1772.0,1772.0,1.3809,2021,12,15
2021-12-15 12:35:00+00:00,1772.0,1773.0,1771.0,1771.0,5.7727,2021,12,15
2021-12-15 12:40:00+00:00,1773.0,1773.0,1771.0,1772.0,0.451,2021,12,15
2021-12-15 12:45:00+00:00,1773.0,1773.0,1771.0,1771.0,1.7921,2021,12,15
2021-12-15 12:50:00+00:00,1772.0,1772.0,1771.0,1771.0,5.2201,2021,12,15
2021-12-15 12:55:00+00:00,1772.0,1772.0,1772.0,1772.0,0.8075,2021,12,15
2021-12-15 13:00:00+00:00,1772.0,1775.0,1772.0,1772.0,8.7867,2021,12,15
2021-12-15 13:05:00+00:00,1772.0,1773.0,1772.0,1773.0,1.6679,2021,12,15
2021-12-15 13:10:00+00:00,1772.0,1773.0,1772.0,1773.0,1.2534,2021,12,15
2021-12-15 13:15:00+00:00,1772.0,1773.0,1772.0,1772.0,1.8057,2021,12,15
2021-12-15 13:20:00+00:00,1772.0,1772.0,1772.0,1772.0,2.3357,2021,12,15
2021-12-15 13:25:00+00:00,1772.0,1773.0,1772.0,1773.0,0.4408,2021,12,15
2021-12-15 13:30:00+00:00,1772.0,1774.0,1772.0,1774.0,2.7904,2021,12,15
2021-12-15 13:35:00+00:00,1775.0,1776.0,1775.0,1776.0,1.7246,2021,12,15
2021-12-15 13:40:00+00:00,1776.0,1776.0,1774.0,1775.0,8.2589,2021,12,15
2021-12-15 13:45:00+00:00,1775.0,1776.0,1774.0,1775.0,27.5688,2021,12,15
2021-12-15 13:50:00+00:00,1774.0,1776.0,1774.0,1776.0,26.446,2021,12,15
2021-12-15 13:55:00+00:00,1775.0,1775.0,1774.0,1774.0,1.5872,2021,12,15
2021-12-15 14:00:00+00:00,1774.0,1775.0,1774.0,1775.0,4.7385,2021,12,15
2021-12-15 14:05:00+00:00,1774.0,1775.0,1773.0,1773.0,2.8458,2021,12,15
2021-12-15 14:10:00+00:00,1774.0,1776.0,1774.0,1775.0,5.0888,2021,12,15
2021-12-15 14:15:00+00:00,1775.0,1776.0,1774.0,1774.0,6.2397,2021,12,15
2021-12-15 14:20:00+00:00,1775.0,1775.0,1774.0,1775.0,9.2875,2021,12,15
2021-12-15 14:25:00+00:00,1775.0,1775.0,1773.0,1774.0,7.4184,2021,12,15
2021-12-15 14:30:00+00:00,1773.0,1773.0,1770.0,1770.0,82.8996,2021,12,15
2021-12-15 14:35:00+00:00,1770.0,1771.0,1770.0,1770.0,33.913,2021,12,15
2021-12-15 14:40:00+00:00,1771.0,1771.0,1770.0,1771.0,2.5918,2021,12,15
2021-12-15 14:45:00+00:00,1770.0,1771.0,1770.0,1770.0,1.3259,2021,12,15
2021-12-15 14:50:00+00:00,1770.0,1771.0,1770.0,1771.0,14.2583,2021,12,15
2021-12-15 14:55:00+00:00,1770.0,1772.0,1770.0,1772.0,47.2656,2021,12,15
2021-12-15 15:00:00+00:00,1771.0,1772.0,1770.0,1770.0,6.6835,2021,12,15
2021-12-15 15:05:00+00:00,1770.0,1770.0,1769.0,1770.0,9.6429,2021,12,15
2021-12-15 15:10:00+00:00,1770.0,1772.0,1770.0,1772.0,17.6643,2021,12,15
2021-12-15 15:15:00+00:00,1771.0,1771.0,1771.0,1771.0,15.0109,2021,12,15
2021-12-15 15:20:00+00:00,1771.0,1772.0,1771.0,1771.0,1.9786,2021,12,15
2021-12-15 15:25:00+00:00,1772.0,1772.0,1771.0,1771.0,8.2763,2021,12,15
2021-12-15 15:30:00+00:00,1771.0,1772.0,1771.0,1772.0,17.7734,2021,12,15
2021-12-15 15:35:00+00:00,1772.0,1772.0,1770.0,1770.0,21.733,2021,12,15
2021-12-15 15:40:00+00:00,1771.0,1771.0,1770.0,1771.0,3.7965,2021,12,15
2021-12-15 15:45:00+00:00,1770.0,1772.0,1770.0,1771.0,11.0335,2021,12,15
2021-12-15 15:50:00+00:00,1770.0,1771.0,1770.0,1771.0,5.9251,2021,12,15
2021-12-15 15:55:00+00:00,1771.0,1771.0,1769.0,1769.0,30.8709,2021,12,15
2021-12-15 16:00:00+00:00,1769.0,1770.0,1766.0,1768.0,21.1171,2021,12,15
2021-12-15 16:05:00+00:00,1768.0,1768.0,1767.0,1767.0,1.2951,2021,12,15
2021-12-15 16:10:00+00:00,1767.0,1769.0,1766.0,1769.0,28.7958,2021,12,15
2021-12-15 16:15:00+00:00,1769.0,1770.0,1769.0,1769.0,4.1256,2021,12,15
2021-12-15 16:20:00+00:00,1768.0,1768.0,1768.0,1768.0,0.5654,2021,12,15
2021-12-15 16:25:00+00:00,1768.0,1770.0,1768.0,1770.0,0.4948,2021,12,15
2021-12-15 16:30:00+00:00,1770.0,1770.0,1769.0,1769.0,0.3522,2021,12,15
2021-12-15 16:35:00+00:00,1769.0,1770.0,1769.0,1769.0,0.7655,2021,12,15
2021-12-15 16:40:00+00:00,1769.0,1770.0,1768.0,1768.0,3.7555,2021,12,15
2021-12-15 16:45:00+00:00,1768.0,1769.0,1768.0,1769.0,1.7311,2021,12,15
2021-12-15 16:50:00+00:00,1769.0,1769.0,1769.0,1769.0,0.1402,2021,12,15
2021-12-15 16:55:00+00:00,1769.0,1769.0,1768.0,1769.0,1.7064,2021,12,15
2021-12-15 17:00:00+00:00,1768.0,1769.0,1768.0,1769.0,4.4205,2021,12,15
2021-12-15 17:05:00+00:00,1768.0,1771.0,1768.0,1770.0,5.1708,2021,12,15
2021-12-15 17:10:00+00:00,1771.0,1771.0,1770.0,1770.0,3.8,2021,12,15
2021-12-15 17:15:00+00:00,1770.0,1770.0,1770.0,1770.0,0.0966,2021,12,15
2021-12-15 17:20:00+00:00,1769.0,1770.0,1769.0,1770.0,0.0355,2021,12,15
2021-12-15 17:25:00+00:00,1769.0,1770.0,1769.0,1770.0,0.0911,2021,12,15
2021-12-15 17:30:00+00:00,1770.0,1771.0,1769.0,1770.0,17.6201,2021,12,15
2021-12-15 17:35:00+00:00,1772.0,1772.0,1771.0,1772.0,11.7235,2021,12,15
2021-12-15 17:40:00+00:00,1772.0,1772.0,1771.0,1772.0,4.6119,2021,12,15
2021-12-15 17:45:00+00:00,1772.0,1772.0,1769.0,1769.0,10.8061,2021,12,15
2021-12-15 17:50:00+00:00,1769.0,1769.0,1768.0,1769.0,3.0489,2021,12,15
2021-12-15 17:55:00+00:00,1769.0,1769.0,1769.0,1769.0,0.0653,2021,12,15
2021-12-15 18:00:00+00:00,1768.0,1768.0,1768.0,1768.0,0.0148,2021,12,15
2021-12-15 18:05:00+00:00,1769.0,1771.0,1769.0,1770.0,2.8977,2021,12,15
2021-12-15 18:10:00+00:00,1769.0,1771.0,1769.0,1771.0,27.2261,2021,12,15
2021-12-15 18:15:00+00:00,1769.0,1769.0,1768.0,1769.0,2.1747,2021,12,15
2021-12-15 18:20:00+00:00,1769.0,1770.0,1768.0,1770.0,1.3158,2021,12,15
2021-12-15 18:25:00+00:00,1770.0,1770.0,1768.0,1768.0,4.3635,2021,12,15
2021-12-15 18:30:00+00:00,1768.0,1770.0,1767.0,1768.0,46.2693,2021,12,15
2021-12-15 18:35:00+00:00,1768.0,1768.0,1767.0,1768.0,1.9813,2021,12,15
2021-12-15 18:40:00+00:00,1768.0,1768.0,1766.0,1767.0,50.1785,2021,12,15
2021-12-15 18:45:00+00:00,1766.0,1766.0,1761.0,1766.0,75.6636,2021,12,15
2021-12-15 18:50:00+00:00,1766.0,1766.0,1763.0,1764.0,25.8855,2021,12,15
2021-12-15 18:55:00+00:00,1764.0,1764.0,1763.0,1763.0,4.2274,2021,12,15
2021-12-15 19:00:00+00:00,1763.0,1763.0,1759.0,1762.0,138.5081,2021,12,15
2021-12-15 19:05:00+00:00,1762.0,1767.0,1760.0,1766.0,163.6092,2021,12,15
2021-12-15 19:10:00+00:00,1766.0,1770.0,1765.0,1769.0,70.3505,2021,12,15
2021-12-15 19:15:00+00:00,1770.0,1770.0,1766.0,1769.0,61.3447,2021,12,15
2021-12-15 19:20:00+00:00,1769.0,1770.0,1766.0,1766.0,37.9316,2021,12,15
2021-12-15 19:25:00+00:00,1766.0,1766.0,1761.0,1763.0,32.4905,2021,12,15
2021-12-15 19:30:00+00:00,1762.0,1765.0,1760.0,1764.0,26.7199,2021,12,15
2021-12-15 19:35:00+00:00,1764.0,1767.0,1763.0,1766.0,8.7868,2021,12,15
2021-12-15 19:40:00+00:00,1767.0,1768.0,1766.0,1766.0,23.1435,2021,12,15
2021-12-15 19:45:00+00:00,1767.0,1770.0,1767.0,1769.0,14.1249,2021,12,15
2021-12-15 19:50:00+00:00,1769.0,1770.0,1768.0,1770.0,4.2197,2021,12,15
2021-12-15 19:55:00+00:00,1769.0,1769.0,1767.0,1769.0,9.7691,2021,12,15
2021-12-15 20:00:00+00:00,1769.0,1772.0,1769.0,1772.0,18.0728,2021,12,15
2021-12-15 20:05:00+00:00,1773.0,1776.0,1772.0,1776.0,24.4578,2021,12,15
2021-12-15 20:10:00+00:00,1776.0,1778.0,1776.0,1778.0,21.8664,2021,12,15
2021-12-15 20:15:00+00:00,1777.0,1780.0,1776.0,1779.0,39.5066,2021,12,15
2021-12-15 20:20:00+00:00,1780.0,1780.0,1777.0,1779.0,17.2592,2021,12,15
2021-12-15 20:25:00+00:00,1779.0,1781.0,1779.0,1779.0,9.647,2021,12,15
2021-12-15 20:30:00+00:00,1780.0,1780.0,1778.0,1780.0,18.7649,2021,12,15
2021-12-15 20:35:00+00:00,1780.0,1780.0,1779.0,1780.0,7.1399,2021,12,15
2021-12-15 20:40:00+00:00,1780.0,1780.0,1779.0,1779.0,10.0392,2021,12,15
2021-12-15 20:45:00+00:00,1779.0,1780.0,1779.0,1780.0,5.6374,2021,12,15
2021-12-15 20:50:00+00:00,1780.0,1787.0,1779.0,1780.0,62.4597,2021,12,15
2021-12-15 20:55:00+00:00,1780.0,1783.0,1779.0,1779.0,22.977,2021,12,15
2021-12-15 21:00:00+00:00,1780.0,1780.0,1779.0,1779.0,1.2746,2021,12,15
2021-12-15 21:05:00+00:00,1779.0,1780.0,1779.0,1779.0,3.3791,2021,12,15
2021-12-15 21:10:00+00:00,1779.0,1780.0,1777.0,1778.0,4.9945,2021,12,15
2021-12-15 21:15:00+00:00,1779.0,1779.0,1777.0,1778.0,11.9241,2021,12,15
2021-12-15 21:20:00+00:00,1778.0,1779.0,1778.0,1779.0,2.8562,2021,12,15
2021-12-15 21:25:00+00:00,1779.0,1779.0,1778.0,1779.0,8.625,2021,12,15
2021-12-15 21:30:00+00:00,1779.0,1779.0,1778.0,1779.0,4.7814,2021,12,15
2021-12-15 21:35:00+00:00,1778.0,1778.0,1778.0,1778.0,0.476,2021,12,15
2021-12-15 21:40:00+00:00,1779.0,1779.0,1778.0,1779.0,1.9777,2021,12,15
2021-12-15 21:45:00+00:00,1778.0,1779.0,1778.0,1778.0,0.5506,2021,12,15
2021-12-15 21:50:00+00:00,1779.0,1779.0,1779.0,1779.0,0.4453,2021,12,15
2021-12-15 21:55:00+00:00,1779.0,1780.0,1779.0,1780.0,2.7566,2021,12,15
2021-12-15 22:00:00+00:00,1780.0,1780.0,1779.0,1780.0,0.8296,2021,12,15
2021-12-15 22:05:00+00:00,1780.0,1780.0,1779.0,1779.0,1.0276,2021,12,15
2021-12-15 22:10:00+00:00,1779.0,1780.0,1779.0,1779.0,3.2119,2021,12,15
2021-12-15 22:15:00+00:00,1779.0,1780.0,1779.0,1780.0,1.699,2021,12,15
2021-12-15 22:20:00+00:00,1780.0,1780.0,1779.0,1779.0,3.5263,2021,12,15
2021-12-15 22:25:00+00:00,1779.0,1779.0,1778.0,1778.0,22.3468,2021,12,15
2021-12-15 22:30:00+00:00,1778.0,1778.0,1776.0,1777.0,23.5754,2021,12,15
2021-12-15 22:35:00+00:00,1776.0,1777.0,1776.0,1776.0,0.5666,2021,12,15
2021-12-15 22:40:00+00:00,1777.0,1777.0,1777.0,1777.0,0.4512,2021,12,15
2021-12-15 22:45:00+00:00,1776.0,1777.0,1774.0,1776.0,7.0461,2021,12,15
2021-12-15 22:50:00+00:00,1775.0,1776.0,1775.0,1776.0,2.3746,2021,12,15
2021-12-15 22:55:00+00:00,1775.0,1776.0,1775.0,1775.0,1.3886,2021,12,15
2021-12-15 23:00:00+00:00,1775.0,1776.0,1775.0,1776.0,3.6343,2021,12,15
2021-12-15 23:05:00+00:00,1776.0,1777.0,1776.0,1777.0,8.3356,2021,12,15
2021-12-15 23:10:00+00:00,1776.0,1776.0,1776.0,1776.0,0.0115,2021,12,15
2021-12-15 23:15:00+00:00,1777.0,1778.0,1777.0,1778.0,4.1197,2021,12,15
2021-12-15 23:20:00+00:00,1778.0,1778.0,1777.0,1777.0,0.5137,2021,12,15
2021-12-15 23:25:00+00:00,1777.0,1779.0,1777.0,1779.0,24.1513,2021,12,15
2021-12-15 23:30:00+00:00,1779.0,1780.0,1779.0,1780.0,11.8511,2021,12,15
2021-12-15 23:35:00+00:00,1780.0,1780.0,1779.0,1779.0,4.2328,2021,12,15
2021-12-15 23:40:00+00:00,1779.0,1780.0,1779.0,1779.0,1.1886,2021,12,15
2021-12-15 23:45:00+00:00,1780.0,1780.0,1779.0,1779.0,1.196,2021,12,15
2021-12-15 23:50:00+00:00,1780.0,1780.0,1779.0,1779.0,12.382,2021,12,15
2021-12-15 23:55:00+00:00,1780.0,1780.0,1779.0,1779.0,2.227,2021,12,15
2021-12-16 00:00:00+00:00,1779.0,1780.0,1779.0,1779.0,3.5797,2021,12,16
2021-12-16 00:05:00+00:00,1780.0,1780.0,1779.0,1779.0,5.6738,2021,12,16
2021-12-16 00:10:00+00:00,1780.0,1780.0,1780.0,1780.0,0.0078,2021,12,16
2021-12-16 00:15:00+00:00,1779.0,1780.0,1778.0,1778.0,9.4392,2021,12,16
2021-12-16 00:20:00+00:00,1779.0,1780.0,1778.0,1779.0,4.3818,2021,12,16
2021-12-16 00:25:00+00:00,1780.0,1780.0,1778.0,1778.0,1.7756,2021,12,16
2021-12-16 00:30:00+00:00,1778.0,1779.0,1778.0,1779.0,1.3254,2021,12,16
2021-12-16 00:35:00+00:00,1779.0,1779.0,1778.0,1778.0,2.4979,2021,12,16
2021-12-16 00:40:00+00:00,1778.0,1779.0,1778.0,1779.0,2.0435,2021,12,16
2021-12-16 00:45:00+00:00,1779.0,1780.0,1779.0,1779.0,6.1793,2021,12,16
2021-12-16 00:50:00+00:00,1779.0,1780.0,1779.0,1779.0,0.2029,2021,12,16
2021-12-16 00:55:00+00:00,1779.0,1780.0,1779.0,1780.0,0.0974,2021,12,16
2021-12-16 01:00:00+00:00,1780.0,1780.0,1778.0,1779.0,7.9116,2021,12,16
2021-12-16 01:05:00+00:00,1779.0,1779.0,1778.0,1779.0,4.3097,2021,12,16
2021-12-16 01:10:00+00:00,1778.0,1779.0,1778.0,1778.0,0.797,2021,12,16
2021-12-16 01:15:00+00:00,1778.0,1779.0,1778.0,1778.0,0.7024,2021,12,16
2021-12-16 01:20:00+00:00,1779.0,1779.0,1779.0,1779.0,0.5988,2021,12,16
2021-12-16 01:25:00+00:00,1779.0,1779.0,1778.0,1779.0,3.4187,2021,12,16
2021-12-16 01:30:00+00:00,1778.0,1779.0,1778.0,1778.0,0.9856,2021,12,16
2021-12-16 01:35:00+00:00,1779.0,1779.0,1778.0,1779.0,0.4474,2021,12,16
2021-12-16 01:40:00+00:00,1778.0,1779.0,1778.0,1778.0,0.904,2021,12,16
2021-12-16 01:45:00+00:00,1779.0,1779.0,1779.0,1779.0,6.9064,2021,12,16
2021-12-16 01:50:00+00:00,1780.0,1781.0,1780.0,1780.0,2.1666,2021,12,16
2021-12-16 01:55:00+00:00,1781.0,1781.0,1781.0,1781.0,0.8873,2021,12,16
2021-12-16 02:00:00+00:00,1782.0,1782.0,1781.0,1781.0,0.0603,2021,12,16
2021-12-16 02:05:00+00:00,1781.0,1781.0,1781.0,1781.0,0.3059,2021,12,16
2021-12-16 02:10:00+00:00,1781.0,1781.0,1781.0,1781.0,0.3196,2021,12,16
2021-12-16 02:15:00+00:00,1781.0,1784.0,1781.0,1783.0,76.8515,2021,12,16
2021-12-16 02:20:00+00:00,1783.0,1783.0,1782.0,1782.0,1.8904,2021,12,16
2021-12-16 02:25:00+00:00,1783.0,1783.0,1783.0,1783.0,0.04,2021,12,16
2021-12-16 02:30:00+00:00,1782.0,1783.0,1782.0,1782.0,0.3249,2021,12,16
2021-12-16 02:35:00+00:00,1783.0,1783.0,1782.0,1782.0,0.3848,2021,12,16
2021-12-16 02:40:00+00:00,1782.0,1782.0,1782.0,1782.0,0.0791,2021,12,16
2021-12-16 02:45:00+00:00,1782.0,1782.0,1782.0,1782.0,0.0,2021,12,16
2021-12-16 02:50:00+00:00,1782.0,1783.0,1782.0,1783.0,0.1733,2021,12,16
2021-12-16 02:55:00+00:00,1783.0,1783.0,1783.0,1783.0,0.0498,2021,12,16
2021-12-16 03:00:00+00:00,1783.0,1783.0,1783.0,1783.0,0.0,2021,12,16
2021-12-16 03:05:00+00:00,1782.0,1782.0,1782.0,1782.0,0.0899,2021,12,16
2021-12-16 03:10:00+00:00,1782.0,1783.0,1781.0,1781.0,5.9676,2021,12,16
2021-12-16 03:15:00+00:00,1780.0,1781.0,1779.0,1781.0,13.4187,2021,12,16
2021-12-16 03:20:00+00:00,1781.0,1781.0,1780.0,1780.0,0.656,2021,12,16
2021-12-16 03:25:00+00:00,1780.0,1780.0,1779.0,1779.0,9.4722,2021,12,16
2021-12-16 03:30:00+00:00,1779.0,1780.0,1778.0,1780.0,9.0275,2021,12,16
2021-12-16 03:35:00+00:00,1781.0,1781.0,1780.0,1780.0,4.1961,2021,12,16
2021-12-16 03:40:00+00:00,1780.0,1780.0,1779.0,1780.0,1.0416,2021,12,16
2021-12-16 03:45:00+00:00,1780.0,1780.0,1780.0,1780.0,0.2212,2021,12,16
2021-12-16 03:50:00+00:00,1779.0,1780.0,1779.0,1779.0,0.541,2021,12,16
2021-12-16 03:55:00+00:00,1780.0,1780.0,1780.0,1780.0,0.045,2021,12,16
2021-12-16 04:00:00+00:00,1780.0,1780.0,1775.0,1779.0,36.8602,2021,12,16
2021-12-16 04:05:00+00:00,1779.0,1779.0,1778.0,1778.0,1.4611,2021,12,16
2021-12-16 04:10:00+00:00,1777.0,1779.0,1777.0,1779.0,1.7372,2021,12,16
2021-12-16 04:15:00+00:00,1779.0,1779.0,1778.0,1778.0,14.6076,2021,12,16
2021-12-16 04:20:00+00:00,1778.0,1779.0,1778.0,1778.0,4.9646,2021,12,16
2021-12-16 04:25:00+00:00,1778.0,1780.0,1778.0,1779.0,3.3599,2021,12,16
2021-12-16 04:30:00+00:00,1780.0,1781.0,1780.0,1781.0,5.8549,2021,12,16
2021-12-16 04:35:00+00:00,1780.0,1780.0,1780.0,1780.0,2.6928,2021,12,16
2021-12-16 04:40:00+00:00,1780.0,1780.0,1780.0,1780.0,0.175,2021,12,16
2021-12-16 04:45:00+00:00,1781.0,1781.0,1781.0,1781.0,0.0417,2021,12,16
2021-12-16 04:50:00+00:00,1780.0,1781.0,1780.0,1781.0,0.4763,2021,12,16
2021-12-16 04:55:00+00:00,1780.0,1780.0,1780.0,1780.0,0.0251,2021,12,16
2021-12-16 05:00:00+00:00,1780.0,1781.0,1780.0,1781.0,0.8845,2021,12,16
2021-12-16 05:05:00+00:00,1780.0,1780.0,1779.0,1780.0,1.983,2021,12,16
2021-12-16 05:10:00+00:00,1780.0,1780.0,1779.0,1780.0,0.2624,2021,12,16
2021-12-16 05:15:00+00:00,1780.0,1780.0,1779.0,1779.0,0.4854,2021,12,16
2021-12-16 05:20:00+00:00,1779.0,1779.0,1779.0,1779.0,0.012,2021,12,16
2021-12-16 05:25:00+00:00,1779.0,1779.0,1778.0,1778.0,22.0334,2021,12,16
2021-12-16 05:30:00+00:00,1779.0,1780.0,1779.0,1779.0,10.5482,2021,12,16
2021-12-16 05:35:00+00:00,1779.0,1780.0,1779.0,1780.0,4.2159,2021,12,16
2021-12-16 05:40:00+00:00,1781.0,1782.0,1779.0,1779.0,6.9408,2021,12,16
2021-12-16 05:45:00+00:00,1779.0,1781.0,1779.0,1780.0,2.2251,2021,12,16
2021-12-16 05:50:00+00:00,1781.0,1782.0,1779.0,1782.0,22.3584,2021,12,16
2021-12-16 05:55:00+00:00,1782.0,1782.0,1779.0,1780.0,2.9413,2021,12,16
2021-12-16 06:00:00+00:00,1781.0,1782.0,1781.0,1781.0,5.8531,2021,12,16
2021-12-16 06:05:00+00:00,1782.0,1782.0,1781.0,1782.0,0.6201,2021,12,16
2021-12-16 06:10:00+00:00,1782.0,1784.0,1782.0,1784.0,12.988,2021,12,16
2021-12-16 06:15:00+00:00,1784.0,1785.0,1784.0,1785.0,4.2572,2021,12,16
2021-12-16 06:20:00+00:00,1785.0,1785.0,1785.0,1785.0,2.6001,2021,12,16
2021-12-16 06:25:00+00:00,1786.0,1786.0,1786.0,1786.0,1.0221,2021,12,16
2021-12-16 06:30:00+00:00,1785.0,1785.0,1785.0,1785.0,1.4911,2021,12,16
2021-12-16 06:35:00+00:00,1785.0,1786.0,1785.0,1786.0,2.5431,2021,12,16
2021-12-16 06:40:00+00:00,1786.0,1787.0,1784.0,1787.0,6.6366,2021,12,16
2021-12-16 06:45:00+00:00,1785.0,1786.0,1785.0,1786.0,1.4989,2021,12,16
2021-12-16 06:50:00+00:00,1786.0,1787.0,1786.0,1787.0,0.6529,2021,12,16
2021-12-16 06:55:00+00:00,1787.0,1787.0,1787.0,1787.0,0.7236,2021,12,16
2021-12-16 07:00:00+00:00,1787.0,1787.0,1786.0,1787.0,1.8051,2021,12,16
2021-12-16 07:05:00+00:00,1787.0,1788.0,1786.0,1788.0,11.3922,2021,12,16
2021-12-16 07:10:00+00:00,1787.0,1788.0,1787.0,1787.0,11.3927,2021,12,16
2021-12-16 07:15:00+00:00,1788.0,1788.0,1787.0,1787.0,4.7978,2021,12,16
2021-12-16 07:20:00+00:00,1787.0,1787.0,1787.0,1787.0,1.8969,2021,12,16
2021-12-16 07:25:00+00:00,1787.0,1788.0,1787.0,1787.0,2.9542,2021,12,16
2021-12-16 07:30:00+00:00,1788.0,1788.0,1787.0,1787.0,1.2123,2021,12,16
2021-12-16 07:35:00+00:00,1786.0,1786.0,1786.0,1786.0,0.6046,2021,12,16
2021-12-16 07:40:00+00:00,1786.0,1787.0,1785.0,1785.0,4.4476,2021,12,16
2021-12-16 07:45:00+00:00,1786.0,1787.0,1786.0,1786.0,1.6581,2021,12,16
2021-12-16 07:50:00+00:00,1785.0,1787.0,1785.0,1787.0,3.2735,2021,12,16
2021-12-16 07:55:00+00:00,1787.0,1787.0,1785.0,1785.0,5.5799,2021,12,16
2021-12-16 08:00:00+00:00,1785.0,1785.0,1784.0,1785.0,3.3074,2021,12,16
2021-12-16 08:05:00+00:00,1785.0,1785.0,1784.0,1784.0,0.1081,2021,12,16
2021-12-16 08:10:00+00:00,1785.0,1785.0,1784.0,1784.0,2.2865,2021,12,16
2021-12-16 08:15:00+00:00,1784.0,1784.0,1784.0,1784.0,0.4634,2021,12,16
2021-12-16 08:20:00+00:00,1785.0,1785.0,1785.0,1785.0,1.0043,2021,12,16
2021-12-16 08:25:00+00:00,1784.0,1784.0,1784.0,1784.0,0.1156,2021,12,16
2021-12-16 08:30:00+00:00,1785.0,1786.0,1785.0,1785.0,1.7256,2021,12,16
2021-12-16 08:35:00+00:00,1786.0,1786.0,1785.0,1786.0,0.8632,2021,12,16
2021-12-16 08:40:00+00:00,1785.0,1786.0,1785.0,1786.0,0.4622,2021,12,16
2021-12-16 08:45:00+00:00,1786.0,1786.0,1784.0,1785.0,5.6377,2021,12,16
2021-12-16 08:50:00+00:00,1785.0,1787.0,1784.0,1786.0,13.0289,2021,12,16
2021-12-16 08:55:00+00:00,1787.0,1787.0,1786.0,1786.0,11.1663,2021,12,16
2021-12-16 09:00:00+00:00,1787.0,1787.0,1786.0,1786.0,0.061,2021,12,16
2021-12-16 09:05:00+00:00,1787.0,1787.0,1786.0,1787.0,0.4405,2021,12,16
2021-12-16 09:10:00+00:00,1787.0,1787.0,1786.0,1786.0,1.1349,2021,12,16
2021-12-16 09:15:00+00:00,1786.0,1786.0,1786.0,1786.0,1.6764,2021,12,16
2021-12-16 09:20:00+00:00,1785.0,1785.0,1785.0,1785.0,1.9543,2021,12,16
2021-12-16 09:25:00+00:00,1786.0,1786.0,1786.0,1786.0,0.0745,2021,12,16
2021-12-16 09:30:00+00:00,1786.0,1786.0,1786.0,1786.0,0.0139,2021,12,16
2021-12-16 09:35:00+00:00,1785.0,1785.0,1785.0,1785.0,0.0569,2021,12,16
2021-12-16 09:40:00+00:00,1785.0,1786.0,1785.0,1786.0,0.0476,2021,12,16
2021-12-16 09:45:00+00:00,1786.0,1786.0,1786.0,1786.0,8.7499,2021,12,16
2021-12-16 09:50:00+00:00,1786.0,1786.0,1786.0,1786.0,2.8041,2021,12,16
2021-12-16 09:55:00+00:00,1786.0,1786.0,1786.0,1786.0,2.9392,2021,12,16
2021-12-16 10:00:00+00:00,1786.0,1786.0,1786.0,1786.0,1.1534,2021,12,16
2021-12-16 10:05:00+00:00,1786.0,1786.0,1786.0,1786.0,1.2085,2021,12,16
2021-12-16 10:10:00+00:00,1786.0,1786.0,1786.0,1786.0,0.3166,2021,12,16
2021-12-16 10:15:00+00:00,1786.0,1786.0,1785.0,1786.0,2.8828,2021,12,16
2021-12-16 10:20:00+00:00,1786.0,1786.0,1785.0,1785.0,0.1582,2021,12,16
2021-12-16 10:25:00+00:00,1786.0,1786.0,1785.0,1786.0,2.8956,2021,12,16
2021-12-16 10:30:00+00:00,1786.0,1786.0,1786.0,1786.0,1.0251,2021,12,16
2021-12-16 10:35:00+00:00,1785.0,1785.0,1785.0,1785.0,0.488,2021,12,16
2021-12-16 10:40:00+00:00,1786.0,1786.0,1785.0,1785.0,1.3509,2021,12,16
2021-12-16 10:45:00+00:00,1785.0,1786.0,1785.0,1786.0,0.1393,2021,12,16
2021-12-16 10:50:00+00:00,1785.0,1786.0,1785.0,1786.0,0.5185,2021,12,16
2021-12-16 10:55:00+00:00,1786.0,1786.0,1783.0,1783.0,7.1792,2021,12,16
2021-12-16 11:00:00+00:00,1785.0,1785.0,1784.0,1784.0,8.0369,2021,12,16
2021-12-16 11:05:00+00:00,1785.0,1785.0,1784.0,1785.0,8.1684,2021,12,16
2021-12-16 11:10:00+00:00,1785.0,1785.0,1784.0,1785.0,3.868,2021,12,16
2021-12-16 11:15:00+00:00,1786.0,1786.0,1785.0,1786.0,5.6747,2021,12,16
2021-12-16 11:20:00+00:00,1785.0,1786.0,1785.0,1786.0,2.7535,2021,12,16
2021-12-16 11:25:00+00:00,1786.0,1786.0,1785.0,1786.0,1.6657,2021,12,16
2021-12-16 11:30:00+00:00,1786.0,1786.0,1786.0,1786.0,4.2571,2021,12,16
2021-12-16 11:35:00+00:00,1785.0,1785.0,1785.0,1785.0,2.2036,2021,12,16
2021-12-16 11:40:00+00:00,1785.0,1788.0,1785.0,1788.0,41.3758,2021,12,16
2021-12-16 11:45:00+00:00,1788.0,1788.0,1787.0,1787.0,4.387,2021,12,16
2021-12-16 11:50:00+00:00,1786.0,1787.0,1786.0,1787.0,6.4613,2021,12,16
2021-12-16 11:55:00+00:00,1786.0,1787.0,1786.0,1786.0,1.0427,2021,12,16
2021-12-16 12:00:00+00:00,1787.0,1787.0,1786.0,1786.0,0.1794,2021,12,16
2021-12-16 12:05:00+00:00,1786.0,1786.0,1786.0,1786.0,0.0307,2021,12,16
2021-12-16 12:10:00+00:00,1786.0,1786.0,1786.0,1786.0,0.0205,2021,12,16
2021-12-16 12:15:00+00:00,1786.0,1787.0,1785.0,1786.0,3.655,2021,12,16
2021-12-16 12:20:00+00:00,1786.0,1786.0,1786.0,1786.0,0.8988,2021,12,16
2021-12-16 12:25:00+00:00,1785.0,1786.0,1785.0,1785.0,6.5188,2021,12,16
2021-12-16 12:30:00+00:00,1785.0,1786.0,1785.0,1786.0,0.1109,2021,12,16
2021-12-16 12:35:00+00:00,1786.0,1786.0,1785.0,1785.0,0.4872,2021,12,16
2021-12-16 12:40:00+00:00,1785.0,1786.0,1785.0,1786.0,6.3668,2021,12,16
2021-12-16 12:45:00+00:00,1785.0,1785.0,1784.0,1784.0,8.7583,2021,12,16
2021-12-16 12:50:00+00:00,1784.0,1785.0,1784.0,1784.0,1.712,2021,12,16
2021-12-16 12:55:00+00:00,1784.0,1784.0,1784.0,1784.0,0.025,2021,12,16
2021-12-16 13:00:00+00:00,1785.0,1785.0,1779.0,1783.0,29.3961,2021,12,16
2021-12-16 13:05:00+00:00,1783.0,1786.0,1783.0,1785.0,20.3684,2021,12,16
2021-12-16 13:10:00+00:00,1785.0,1787.0,1785.0,1786.0,4.6353,2021,12,16
2021-12-16 13:15:00+00:00,1787.0,1788.0,1786.0,1787.0,62.2205,2021,12,16
2021-12-16 13:20:00+00:00,1788.0,1788.0,1787.0,1788.0,2.3236,2021,12,16
2021-12-16 13:25:00+00:00,1788.0,1788.0,1787.0,1788.0,4.0431,2021,12,16
2021-12-16 13:30:00+00:00,1788.0,1789.0,1788.0,1788.0,10.4503,2021,12,16
2021-12-16 13:35:00+00:00,1789.0,1789.0,1788.0,1788.0,3.653,2021,12,16
2021-12-16 13:40:00+00:00,1788.0,1790.0,1788.0,1789.0,43.6899,2021,12,16
2021-12-16 13:45:00+00:00,1788.0,1789.0,1788.0,1789.0,3.0676,2021,12,16
2021-12-16 13:50:00+00:00,1789.0,1790.0,1789.0,1789.0,36.6075,2021,12,16
2021-12-16 13:55:00+00:00,1790.0,1790.0,1788.0,1789.0,6.2547,2021,12,16
2021-12-16 14:00:00+00:00,1789.0,1789.0,1783.0,1787.0,34.9892,2021,12,16
2021-12-16 14:05:00+00:00,1787.0,1788.0,1787.0,1788.0,4.4161,2021,12,16
2021-12-16 14:10:00+00:00,1788.0,1789.0,1787.0,1787.0,27.2886,2021,12,16
2021-12-16 14:15:00+00:00,1788.0,1788.0,1787.0,1788.0,2.2008,2021,12,16
2021-12-16 14:20:00+00:00,1788.0,1788.0,1787.0,1788.0,0.8995,2021,12,16
2021-12-16 14:25:00+00:00,1787.0,1788.0,1787.0,1788.0,0.7403,2021,12,16
2021-12-16 14:30:00+00:00,1787.0,1788.0,1787.0,1788.0,1.3014,2021,12,16
2021-12-16 14:35:00+00:00,1788.0,1788.0,1788.0,1788.0,10.9145,2021,12,16
2021-12-16 14:40:00+00:00,1789.0,1792.0,1788.0,1791.0,46.3128,2021,12,16
2021-12-16 14:45:00+00:00,1791.0,1791.0,1790.0,1790.0,8.6445,2021,12,16
2021-12-16 14:50:00+00:00,1791.0,1792.0,1790.0,1792.0,8.0315,2021,12,16
2021-12-16 14:55:00+00:00,1792.0,1793.0,1792.0,1793.0,4.5998,2021,12,16
2021-12-16 15:00:00+00:00,1792.0,1795.0,1792.0,1794.0,23.5787,2021,12,16
2021-12-16 15:05:00+00:00,1795.0,1800.0,1795.0,1798.0,77.6348,2021,12,16
2021-12-16 15:10:00+00:00,1799.0,1800.0,1798.0,1798.0,34.2094,2021,12,16
2021-12-16 15:15:00+00:00,1798.0,1799.0,1797.0,1798.0,3.3041,2021,12,16
2021-12-16 15:20:00+00:00,1797.0,1798.0,1797.0,1797.0,4.6074,2021,12,16
2021-12-16 15:25:00+00:00,1798.0,1799.0,1796.0,1798.0,22.2009,2021,12,16
2021-12-16 15:30:00+00:00,1798.0,1799.0,1797.0,1798.0,14.0639,2021,12,16
2021-12-16 15:35:00+00:00,1798.0,1798.0,1797.0,1797.0,2.422,2021,12,16
2021-12-16 15:40:00+00:00,1798.0,1801.0,1797.0,1801.0,6.9458,2021,12,16
2021-12-16 15:45:00+00:00,1800.0,1800.0,1799.0,1799.0,0.9707,2021,12,16
2021-12-16 15:50:00+00:00,1800.0,1801.0,1799.0,1801.0,14.698,2021,12,16
2021-12-16 15:55:00+00:00,1800.0,1800.0,1799.0,1800.0,3.48,2021,12,16
2021-12-16 16:00:00+00:00,1800.0,1800.0,1798.0,1798.0,3.8223,2021,12,16
2021-12-16 16:05:00+00:00,1799.0,1799.0,1797.0,1799.0,4.8609,2021,12,16
2021-12-16 16:10:00+00:00,1799.0,1799.0,1799.0,1799.0,1.3107,2021,12,16
2021-12-16 16:15:00+00:00,1799.0,1799.0,1796.0,1796.0,10.4415,2021,12,16
2021-12-16 16:20:00+00:00,1796.0,1797.0,1795.0,1797.0,5.0343,2021,12,16
2021-12-16 16:25:00+00:00,1797.0,1797.0,1796.0,1796.0,2.1115,2021,12,16
2021-12-16 16:30:00+00:00,1797.0,1798.0,1797.0,1798.0,6.9071,2021,12,16
2021-12-16 16:35:00+00:00,1797.0,1798.0,1797.0,1798.0,9.011,2021,12,16
2021-12-16 16:40:00+00:00,1798.0,1799.0,1797.0,1798.0,7.3202,2021,12,16
2021-12-16 16:45:00+00:00,1799.0,1802.0,1799.0,1801.0,8.4142,2021,12,16
2021-12-16 16:50:00+00:00,1801.0,1801.0,1800.0,1801.0,0.2518,2021,12,16
2021-12-16 16:55:00+00:00,1800.0,1800.0,1800.0,1800.0,0.2383,2021,12,16
2021-12-16 17:00:00+00:00,1801.0,1802.0,1800.0,1800.0,33.0682,2021,12,16
2021-12-16 17:05:00+00:00,1801.0,1801.0,1796.0,1797.0,27.2544,2021,12,16
2021-12-16 17:10:00+00:00,1798.0,1799.0,1797.0,1798.0,6.9578,2021,12,16
2021-12-16 17:15:00+00:00,1798.0,1799.0,1798.0,1798.0,2.0446,2021,12,16
2021-12-16 17:20:00+00:00,1798.0,1799.0,1798.0,1798.0,0.5605,2021,12,16
2021-12-16 17:25:00+00:00,1799.0,1799.0,1798.0,1798.0,0.2938,2021,12,16
2021-12-16 17:30:00+00:00,1798.0,1801.0,1796.0,1801.0,10.213,2021,12,16
2021-12-16 17:35:00+00:00,1801.0,1801.0,1797.0,1799.0,10.6237,2021,12,16
2021-12-16 17:40:00+00:00,1798.0,1799.0,1798.0,1798.0,1.529,2021,12,16
2021-12-16 17:45:00+00:00,1798.0,1800.0,1797.0,1799.0,34.709,2021,12,16
2021-12-16 17:50:00+00:00,1799.0,1800.0,1796.0,1799.0,19.1227,2021,12,16
2021-12-16 17:55:00+00:00,1799.0,1799.0,1798.0,1798.0,0.12,2021,12,16
2021-12-16 18:00:00+00:00,1799.0,1799.0,1796.0,1799.0,6.1992,2021,12,16
2021-12-16 18:05:00+00:00,1799.0,1799.0,1798.0,1799.0,2.1041,2021,12,16
2021-12-16 18:10:00+00:00,1799.0,1799.0,1798.0,1799.0,1.9393,2021,12,16
2021-12-16 18:15:00+00:00,1798.0,1799.0,1798.0,1799.0,1.054,2021,12,16
2021-12-16 18:20:00+00:00,1798.0,1799.0,1798.0,1798.0,0.6481,2021,12,16
2021-12-16 18:25:00+00:00,1798.0,1799.0,1798.0,1798.0,1.4493,2021,12,16
2021-12-16 18:30:00+00:00,1798.0,1798.0,1798.0,1798.0,0.1605,2021,12,16
2021-12-16 18:35:00+00:00,1797.0,1798.0,1796.0,1797.0,6.4395,2021,12,16
2021-12-16 18:40:00+00:00,1796.0,1797.0,1796.0,1797.0,4.3749,2021,12,16
2021-12-16 18:45:00+00:00,1797.0,1799.0,1797.0,1799.0,10.2027,2021,12,16
2021-12-16 18:50:00+00:00,1797.0,1798.0,1793.0,1796.0,17.217,2021,12,16
2021-12-16 18:55:00+00:00,1797.0,1798.0,1796.0,1798.0,3.6876,2021,12,16
2021-12-16 19:00:00+00:00,1798.0,1799.0,1797.0,1798.0,4.6778,2021,12,16
2021-12-16 19:05:00+00:00,1798.0,1799.0,1798.0,1799.0,0.9203,2021,12,16
2021-12-16 19:10:00+00:00,1798.0,1798.0,1798.0,1798.0,4.1367,2021,12,16
2021-12-16 19:15:00+00:00,1798.0,1799.0,1798.0,1798.0,23.1999,2021,12,16
2021-12-16 19:20:00+00:00,1798.0,1799.0,1797.0,1797.0,3.5091,2021,12,16
2021-12-16 19:25:00+00:00,1798.0,1799.0,1798.0,1798.0,16.7705,2021,12,16
2021-12-16 19:30:00+00:00,1797.0,1797.0,1792.0,1796.0,30.701,2021,12,16
2021-12-16 19:35:00+00:00,1796.0,1799.0,1796.0,1799.0,40.2603,2021,12,16
2021-12-16 19:40:00+00:00,1799.0,1799.0,1795.0,1797.0,7.5264,2021,12,16
2021-12-16 19:45:00+00:00,1796.0,1797.0,1796.0,1796.0,0.3899,2021,12,16
2021-12-16 19:50:00+00:00,1796.0,1799.0,1796.0,1798.0,3.309,2021,12,16
2021-12-16 19:55:00+00:00,1798.0,1799.0,1798.0,1799.0,0.2721,2021,12,16
2021-12-16 20:00:00+00:00,1799.0,1800.0,1798.0,1800.0,5.5627,2021,12,16
2021-12-16 20:05:00+00:00,1799.0,1800.0,1799.0,1799.0,7.0448,2021,12,16
2021-12-16 20:10:00+00:00,1799.0,1800.0,1799.0,1799.0,0.1681,2021,12,16
2021-12-16 20:15:00+00:00,1800.0,1800.0,1800.0,1800.0,1.78,2021,12,16
2021-12-16 20:20:00+00:00,1800.0,1800.0,1799.0,1800.0,2.3063,2021,12,16
2021-12-16 20:25:00+00:00,1800.0,1801.0,1800.0,1801.0,42.7029,2021,12,16
2021-12-16 20:30:00+00:00,1800.0,1801.0,1800.0,1801.0,1.6777,2021,12,16
2021-12-16 20:35:00+00:00,1801.0,1801.0,1800.0,1800.0,0.2576,2021,12,16
2021-12-16 20:40:00+00:00,1800.0,1801.0,1800.0,1800.0,1.4943,2021,12,16
2021-12-16 20:45:00+00:00,1800.0,1800.0,1798.0,1798.0,3.472,2021,12,16
2021-12-16 20:50:00+00:00,1799.0,1799.0,1799.0,1799.0,0.0306,2021,12,16
2021-12-16 20:55:00+00:00,1799.0,1799.0,1799.0,1799.0,2.5716,2021,12,16
2021-12-16 21:00:00+00:00,1800.0,1800.0,1798.0,1800.0,4.9379,2021,12,16
2021-12-16 21:05:00+00:00,1800.0,1801.0,1800.0,1800.0,1.1119,2021,12,16
2021-12-16 21:10:00+00:00,1799.0,1799.0,1796.0,1798.0,7.0951,2021,12,16
2021-12-16 21:15:00+00:00,1799.0,1799.0,1799.0,1799.0,0.0877,2021,12,16
2021-12-16 21:20:00+00:00,1799.0,1800.0,1799.0,1800.0,1.104,2021,12,16
2021-12-16 21:25:00+00:00,1800.0,1800.0,1800.0,1800.0,1.7126,2021,12,16
2021-12-16 21:30:00+00:00,1800.0,1801.0,1800.0,1801.0,1.1132,2021,12,16
2021-12-16 21:35:00+00:00,1800.0,1800.0,1800.0,1800.0,0.3438,2021,12,16
2021-12-16 21:40:00+00:00,1800.0,1801.0,1800.0,1801.0,2.9577,2021,12,16
2021-12-16 21:45:00+00:00,1801.0,1801.0,1800.0,1800.0,1.8673,2021,12,16
2021-12-16 21:50:00+00:00,1800.0,1801.0,1800.0,1800.0,0.4881,2021,12,16
2021-12-16 21:55:00+00:00,1800.0,1801.0,1800.0,1801.0,0.0977,2021,12,16
2021-12-16 22:00:00+00:00,1800.0,1800.0,1798.0,1799.0,12.0991,2021,12,16
2021-12-16 22:05:00+00:00,1800.0,1800.0,1799.0,1800.0,8.385,2021,12,16
2021-12-16 22:10:00+00:00,1800.0,1800.0,1799.0,1800.0,1.2518,2021,12,16
2021-12-16 22:15:00+00:00,1800.0,1803.0,1800.0,1801.0,15.5946,2021,12,16
2021-12-16 22:20:00+00:00,1801.0,1803.0,1800.0,1801.0,12.6427,2021,12,16
2021-12-16 22:25:00+00:00,1801.0,1802.0,1801.0,1801.0,0.5543,2021,12,16
2021-12-16 22:30:00+00:00,1802.0,1802.0,1801.0,1801.0,0.4647,2021,12,16
2021-12-16 22:35:00+00:00,1801.0,1802.0,1784.0,1799.0,226.0841,2021,12,16
2021-12-16 22:40:00+00:00,1800.0,1800.0,1799.0,1799.0,0.9247,2021,12,16
2021-12-16 22:45:00+00:00,1800.0,1800.0,1800.0,1800.0,3.4241,2021,12,16
2021-12-16 22:50:00+00:00,1800.0,1801.0,1800.0,1801.0,1.0337,2021,12,16
2021-12-16 22:55:00+00:00,1801.0,1801.0,1799.0,1801.0,0.7069,2021,12,16
2021-12-16 23:00:00+00:00,1799.0,1800.0,1799.0,1800.0,0.7173,2021,12,16
2021-12-16 23:05:00+00:00,1800.0,1800.0,1799.0,1800.0,0.6895,2021,12,16
2021-12-16 23:10:00+00:00,1800.0,1800.0,1799.0,1800.0,1.3788,2021,12,16
2021-12-16 23:15:00+00:00,1800.0,1800.0,1796.0,1799.0,11.492,2021,12,16
2021-12-16 23:20:00+00:00,1800.0,1800.0,1799.0,1799.0,1.3926,2021,12,16
2021-12-16 23:25:00+00:00,1800.0,1801.0,1799.0,1800.0,11.6552,2021,12,16
2021-12-16 23:30:00+00:00,1800.0,1800.0,1800.0,1800.0,0.6641,2021,12,16
2021-12-16 23:35:00+00:00,1800.0,1801.0,1800.0,1801.0,8.1786,2021,12,16
2021-12-16 23:40:00+00:00,1801.0,1802.0,1800.0,1801.0,11.3392,2021,12,16
2021-12-16 23:45:00+00:00,1801.0,1801.0,1800.0,1800.0,1.1906,2021,12,16
2021-12-16 23:50:00+00:00,1801.0,1802.0,1800.0,1801.0,0.5357,2021,12,16
2021-12-16 23:55:00+00:00,1801.0,1801.0,1800.0,1800.0,1.4433,2021,12,16
2021-12-17 00:00:00+00:00,1800.0,1803.0,1800.0,1802.0,28.0896,2021,12,17
2021-12-17 00:05:00+00:00,1802.0,1803.0,1802.0,1803.0,2.089,2021,12,17
2021-12-17 00:10:00+00:00,1803.0,1803.0,1802.0,1802.0,0.9975,2021,12,17
2021-12-17 00:15:00+00:00,1803.0,1803.0,1802.0,1802.0,0.2308,2021,12,17
2021-12-17 00:20:00+00:00,1802.0,1803.0,1802.0,1802.0,0.4386,2021,12,17
2021-12-17 00:25:00+00:00,1802.0,1803.0,1802.0,1803.0,0.0244,2021,12,17
2021-12-17 00:30:00+00:00,1803.0,1803.0,1802.0,1802.0,0.7262,2021,12,17
2021-12-17 00:35:00+00:00,1802.0,1802.0,1802.0,1802.0,0.9414,2021,12,17
2021-12-17 00:40:00+00:00,1802.0,1803.0,1800.0,1800.0,53.7994,2021,12,17
2021-12-17 00:45:00+00:00,1801.0,1801.0,1800.0,1801.0,0.3587,2021,12,17
2021-12-17 00:50:00+00:00,1801.0,1801.0,1800.0,1801.0,0.6811,2021,12,17
2021-12-17 00:55:00+00:00,1801.0,1801.0,1801.0,1801.0,0.7925,2021,12,17
2021-12-17 01:00:00+00:00,1802.0,1802.0,1802.0,1802.0,0.0092,2021,12,17
2021-12-17 01:05:00+00:00,1802.0,1802.0,1802.0,1802.0,0.1997,2021,12,17
2021-12-17 01:10:00+00:00,1802.0,1802.0,1801.0,1801.0,0.04,2021,12,17
2021-12-17 01:15:00+00:00,1801.0,1802.0,1800.0,1802.0,5.4953,2021,12,17
2021-12-17 01:20:00+00:00,1802.0,1802.0,1801.0,1802.0,0.0445,2021,12,17
2021-12-17 01:25:00+00:00,1802.0,1802.0,1801.0,1801.0,15.1319,2021,12,17
2021-12-17 01:30:00+00:00,1801.0,1802.0,1801.0,1802.0,0.069,2021,12,17
2021-12-17 01:35:00+00:00,1802.0,1802.0,1801.0,1801.0,2.4087,2021,12,17
2021-12-17 01:40:00+00:00,1802.0,1803.0,1801.0,1802.0,3.2769,2021,12,17
2021-12-17 01:45:00+00:00,1803.0,1804.0,1803.0,1804.0,3.2003,2021,12,17
2021-12-17 01:50:00+00:00,1804.0,1804.0,1803.0,1804.0,6.218,2021,12,17
2021-12-17 01:55:00+00:00,1804.0,1805.0,1804.0,1805.0,3.1088,2021,12,17
2021-12-17 02:00:00+00:00,1804.0,1804.0,1804.0,1804.0,0.0136,2021,12,17
2021-12-17 02:05:00+00:00,1804.0,1806.0,1804.0,1805.0,7.7075,2021,12,17
2021-12-17 02:10:00+00:00,1805.0,1806.0,1805.0,1805.0,0.3237,2021,12,17
2021-12-17 02:15:00+00:00,1805.0,1807.0,1805.0,1806.0,2.2083,2021,12,17
2021-12-17 02:20:00+00:00,1805.0,1805.0,1805.0,1805.0,0.0837,2021,12,17
2021-12-17 02:25:00+00:00,1805.0,1806.0,1805.0,1805.0,2.6661,2021,12,17
2021-12-17 02:30:00+00:00,1805.0,1806.0,1805.0,1806.0,0.6701,2021,12,17
2021-12-17 02:35:00+00:00,1806.0,1812.0,1805.0,1807.0,43.4706,2021,12,17
2021-12-17 02:40:00+00:00,1808.0,1811.0,1806.0,1808.0,32.5866,2021,12,17
2021-12-17 02:45:00+00:00,1809.0,1809.0,1808.0,1808.0,4.264,2021,12,17
2021-12-17 02:50:00+00:00,1808.0,1808.0,1807.0,1807.0,6.7276,2021,12,17
2021-12-17 02:55:00+00:00,1807.0,1807.0,1807.0,1807.0,4.3421,2021,12,17
2021-12-17 03:00:00+00:00,1807.0,1810.0,1806.0,1808.0,6.8925,2021,12,17
2021-12-17 03:05:00+00:00,1807.0,1808.0,1807.0,1807.0,1.3332,2021,12,17
2021-12-17 03:10:00+00:00,1806.0,1806.0,1806.0,1806.0,0.0135,2021,12,17
2021-12-17 03:15:00+00:00,1807.0,1807.0,1806.0,1807.0,0.4133,2021,12,17
2021-12-17 03:20:00+00:00,1807.0,1807.0,1807.0,1807.0,0.006,2021,12,17
2021-12-17 03:25:00+00:00,1807.0,1807.0,1807.0,1807.0,0.0,2021,12,17
2021-12-17 03:30:00+00:00,1806.0,1807.0,1806.0,1806.0,6.4724,2021,12,17
2021-12-17 03:35:00+00:00,1806.0,1807.0,1806.0,1807.0,10.3853,2021,12,17
2021-12-17 03:40:00+00:00,1807.0,1807.0,1806.0,1807.0,8.1681,2021,12,17
2021-12-17 03:45:00+00:00,1807.0,1807.0,1807.0,1807.0,0.0,2021,12,17
2021-12-17 03:50:00+00:00,1807.0,1807.0,1807.0,1807.0,1.013,2021,12,17
2021-12-17 03:55:00+00:00,1806.0,1806.0,1805.0,1806.0,2.9795,2021,12,17
2021-12-17 04:00:00+00:00,1806.0,1807.0,1806.0,1807.0,0.8869,2021,12,17
2021-12-17 04:05:00+00:00,1806.0,1806.0,1803.0,1806.0,55.1508,2021,12,17
2021-12-17 04:10:00+00:00,1806.0,1806.0,1805.0,1806.0,2.4709,2021,12,17
2021-12-17 04:15:00+00:00,1807.0,1807.0,1806.0,1806.0,1.2818,2021,12,17
2021-12-17 04:20:00+00:00,1807.0,1807.0,1806.0,1806.0,0.2028,2021,12,17
2021-12-17 04:25:00+00:00,1806.0,1806.0,1806.0,1806.0,0.1888,2021,12,17
2021-12-17 04:30:00+00:00,1807.0,1807.0,1806.0,1806.0,0.1681,2021,12,17
2021-12-17 04:35:00+00:00,1807.0,1807.0,1805.0,1806.0,2.2529,2021,12,17
2021-12-17 04:40:00+00:00,1806.0,1807.0,1806.0,1807.0,0.3063,2021,12,17
2021-12-17 04:45:00+00:00,1807.0,1807.0,1806.0,1806.0,0.2533,2021,12,17
2021-12-17 04:50:00+00:00,1806.0,1807.0,1806.0,1807.0,2.3797,2021,12,17
2021-12-17 04:55:00+00:00,1807.0,1807.0,1807.0,1807.0,0.0,2021,12,17
2021-12-17 05:00:00+00:00,1807.0,1807.0,1805.0,1806.0,4.64,2021,12,17
2021-12-17 05:05:00+00:00,1806.0,1806.0,1805.0,1806.0,0.9349,2021,12,17
2021-12-17 05:10:00+00:00,1806.0,1806.0,1806.0,1806.0,0.2247,2021,12,17
2021-12-17 05:15:00+00:00,1807.0,1807.0,1807.0,1807.0,0.0153,2021,12,17
2021-12-17 05:20:00+00:00,1807.0,1807.0,1806.0,1806.0,0.0181,2021,12,17
2021-12-17 05:25:00+00:00,1807.0,1807.0,1806.0,1807.0,2.6148,2021,12,17
2021-12-17 05:30:00+00:00,1807.0,1807.0,1806.0,1807.0,1.1784,2021,12,17
2021-12-17 05:35:00+00:00,1807.0,1807.0,1806.0,1807.0,6.2417,2021,12,17
2021-12-17 05:40:00+00:00,1807.0,1807.0,1806.0,1807.0,16.9631,2021,12,17
2021-12-17 05:45:00+00:00,1807.0,1807.0,1806.0,1807.0,7.0248,2021,12,17
2021-12-17 05:50:00+00:00,1807.0,1808.0,1806.0,1808.0,2.4714,2021,12,17
2021-12-17 05:55:00+00:00,1808.0,1810.0,1808.0,1809.0,19.3227,2021,12,17
2021-12-17 06:00:00+00:00,1809.0,1810.0,1809.0,1810.0,15.2889,2021,12,17
2021-12-17 06:05:00+00:00,1810.0,1811.0,1808.0,1810.0,8.8753,2021,12,17
2021-12-17 06:10:00+00:00,1811.0,1811.0,1809.0,1810.0,8.6225,2021,12,17
2021-12-17 06:15:00+00:00,1809.0,1810.0,1809.0,1810.0,4.6139,2021,12,17
2021-12-17 06:20:00+00:00,1810.0,1810.0,1809.0,1809.0,1.5946,2021,12,17
2021-12-17 06:25:00+00:00,1810.0,1810.0,1808.0,1810.0,4.0023,2021,12,17
2021-12-17 06:30:00+00:00,1811.0,1811.0,1810.0,1811.0,5.7301,2021,12,17
2021-12-17 06:35:00+00:00,1811.0,1812.0,1809.0,1810.0,19.5724,2021,12,17
2021-12-17 06:40:00+00:00,1810.0,1810.0,1808.0,1810.0,1.9805,2021,12,17
2021-12-17 06:45:00+00:00,1810.0,1811.0,1809.0,1810.0,7.1452,2021,12,17
2021-12-17 06:50:00+00:00,1809.0,1811.0,1809.0,1810.0,1.3787,2021,12,17
2021-12-17 06:55:00+00:00,1811.0,1811.0,1810.0,1810.0,1.0015,2021,12,17
2021-12-17 07:00:00+00:00,1810.0,1813.0,1806.0,1810.0,24.475,2021,12,17
2021-12-17 07:05:00+00:00,1811.0,1811.0,1809.0,1810.0,36.8787,2021,12,17
2021-12-17 07:10:00+00:00,1811.0,1813.0,1808.0,1810.0,54.7703,2021,12,17
2021-12-17 07:15:00+00:00,1810.0,1810.0,1809.0,1810.0,2.5147,2021,12,17
2021-12-17 07:20:00+00:00,1811.0,1811.0,1810.0,1811.0,16.0253,2021,12,17
2021-12-17 07:25:00+00:00,1810.0,1812.0,1810.0,1811.0,6.8248,2021,12,17
2021-12-17 07:30:00+00:00,1812.0,1812.0,1810.0,1812.0,10.1909,2021,12,17
2021-12-17 07:35:00+00:00,1812.0,1812.0,1811.0,1812.0,0.9403,2021,12,17
2021-12-17 07:40:00+00:00,1812.0,1812.0,1811.0,1812.0,1.0189,2021,12,17
2021-12-17 07:45:00+00:00,1812.0,1812.0,1809.0,1812.0,27.2289,2021,12,17
2021-12-17 07:50:00+00:00,1812.0,1813.0,1811.0,1813.0,6.0555,2021,12,17
2021-12-17 07:55:00+00:00,1813.0,1816.0,1809.0,1814.0,78.2167,2021,12,17
2021-12-17 08:00:00+00:00,1813.0,1816.0,1813.0,1814.0,8.0351,2021,12,17
2021-12-17 08:05:00+00:00,1814.0,1814.0,1812.0,1814.0,5.3096,2021,12,17
2021-12-17 08:10:00+00:00,1814.0,1814.0,1808.0,1811.0,120.7001,2021,12,17
2021-12-17 08:15:00+00:00,1812.0,1813.0,1811.0,1812.0,12.9686,2021,12,17
2021-12-17 08:20:00+00:00,1813.0,1814.0,1813.0,1814.0,3.1593,2021,12,17
2021-12-17 08:25:00+00:00,1813.0,1813.0,1813.0,1813.0,2.688,2021,12,17
2021-12-17 08:30:00+00:00,1813.0,1815.0,1813.0,1814.0,4.3445,2021,12,17
2021-12-17 08:35:00+00:00,1814.0,1814.0,1813.0,1814.0,10.7111,2021,12,17
2021-12-17 08:40:00+00:00,1814.0,1814.0,1813.0,1814.0,2.1517,2021,12,17
2021-12-17 08:45:00+00:00,1813.0,1813.0,1811.0,1812.0,7.9222,2021,12,17
2021-12-17 08:50:00+00:00,1813.0,1813.0,1812.0,1812.0,0.0575,2021,12,17
2021-12-17 08:55:00+00:00,1812.0,1812.0,1811.0,1812.0,4.6941,2021,12,17
2021-12-17 09:00:00+00:00,1812.0,1814.0,1812.0,1813.0,10.2044,2021,12,17
2021-12-17 09:05:00+00:00,1813.0,1813.0,1812.0,1812.0,32.1763,2021,12,17
2021-12-17 09:10:00+00:00,1812.0,1813.0,1812.0,1813.0,4.009,2021,12,17
2021-12-17 09:15:00+00:00,1813.0,1814.0,1808.0,1812.0,67.7582,2021,12,17
2021-12-17 09:20:00+00:00,1813.0,1815.0,1813.0,1814.0,25.1395,2021,12,17
2021-12-17 09:25:00+00:00,1813.0,1815.0,1813.0,1814.0,13.195,2021,12,17
2021-12-17 09:30:00+00:00,1814.0,1814.0,1813.0,1814.0,0.4784,2021,12,17
2021-12-17 09:35:00+00:00,1813.0,1816.0,1813.0,1814.0,6.782,2021,12,17
2021-12-17 09:40:00+00:00,1815.0,1815.0,1814.0,1814.0,4.8814,2021,12,17
2021-12-17 09:45:00+00:00,1814.0,1814.0,1813.0,1813.0,3.7835,2021,12,17
2021-12-17 09:50:00+00:00,1813.0,1815.0,1810.0,1814.0,97.5015,2021,12,17
2021-12-17 09:55:00+00:00,1814.0,1815.0,1811.0,1812.0,157.0191,2021,12,17
2021-12-17 10:00:00+00:00,1812.0,1815.0,1811.0,1812.0,305.9889,2021,12,17
2021-12-17 10:05:00+00:00,1814.0,1819.0,1811.0,1811.0,184.7468,2021,12,17
2021-12-17 10:10:00+00:00,1811.0,1813.0,1811.0,1813.0,3.579,2021,12,17
2021-12-17 10:15:00+00:00,1812.0,1812.0,1811.0,1811.0,4.9022,2021,12,17
2021-12-17 10:20:00+00:00,1811.0,1814.0,1811.0,1812.0,5.511,2021,12,17
2021-12-17 10:25:00+00:00,1813.0,1816.0,1812.0,1813.0,18.1495,2021,12,17
2021-12-17 10:30:00+00:00,1813.0,1817.0,1811.0,1813.0,141.5266,2021,12,17
2021-12-17 10:35:00+00:00,1812.0,1812.0,1811.0,1812.0,6.6427,2021,12,17
2021-12-17 10:40:00+00:00,1812.0,1814.0,1812.0,1813.0,12.5134,2021,12,17
2021-12-17 10:45:00+00:00,1813.0,1814.0,1812.0,1812.0,15.4502,2021,12,17
2021-12-17 10:50:00+00:00,1812.0,1813.0,1812.0,1813.0,0.5292,2021,12,17
2021-12-17 10:55:00+00:00,1812.0,1825.0,1811.0,1817.0,159.1071,2021,12,17
2021-12-17 11:00:00+00:00,1818.0,1818.0,1813.0,1814.0,34.3065,2021,12,17
2021-12-17 11:05:00+00:00,1813.0,1813.0,1812.0,1812.0,24.6843,2021,12,17
2021-12-17 11:10:00+00:00,1811.0,1811.0,1810.0,1811.0,9.695,2021,12,17
2021-12-17 11:15:00+00:00,1811.0,1812.0,1811.0,1812.0,2.4804,2021,12,17
2021-12-17 11:20:00+00:00,1812.0,1814.0,1812.0,1813.0,6.7345,2021,12,17
2021-12-17 11:25:00+00:00,1813.0,1814.0,1813.0,1814.0,4.8486,2021,12,17
2021-12-17 11:30:00+00:00,1813.0,1815.0,1812.0,1815.0,7.6166,2021,12,17
2021-12-17 11:35:00+00:00,1814.0,1814.0,1813.0,1813.0,9.6752,2021,12,17
2021-12-17 11:40:00+00:00,1814.0,1814.0,1813.0,1813.0,0.0808,2021,12,17
2021-12-17 11:45:00+00:00,1813.0,1815.0,1813.0,1814.0,3.9517,2021,12,17
2021-12-17 11:50:00+00:00,1814.0,1815.0,1812.0,1813.0,26.3633,2021,12,17
2021-12-17 11:55:00+00:00,1814.0,1815.0,1813.0,1815.0,2.9365,2021,12,17
2021-12-17 12:00:00+00:00,1815.0,1815.0,1814.0,1815.0,1.2718,2021,12,17
2021-12-17 12:05:00+00:00,1815.0,1828.0,1814.0,1816.0,111.9692,2021,12,17
2021-12-17 12:10:00+00:00,1816.0,1817.0,1813.0,1815.0,13.6911,2021,12,17
2021-12-17 12:15:00+00:00,1815.0,1815.0,1813.0,1815.0,12.8918,2021,12,17
2021-12-17 12:20:00+00:00,1814.0,1815.0,1814.0,1814.0,2.3031,2021,12,17
2021-12-17 12:25:00+00:00,1814.0,1815.0,1814.0,1814.0,7.9666,2021,12,17
2021-12-17 12:30:00+00:00,1814.0,1815.0,1814.0,1815.0,5.0216,2021,12,17
2021-12-17 12:35:00+00:00,1815.0,1817.0,1815.0,1816.0,5.4536,2021,12,17
2021-12-17 12:40:00+00:00,1816.0,1820.0,1816.0,1818.0,38.0486,2021,12,17
2021-12-17 12:45:00+00:00,1818.0,1819.0,1817.0,1818.0,5.8591,2021,12,17
2021-12-17 12:50:00+00:00,1817.0,1818.0,1817.0,1817.0,0.4207,2021,12,17
2021-12-17 12:55:00+00:00,1817.0,1818.0,1813.0,1818.0,27.7673,2021,12,17
2021-12-17 13:00:00+00:00,1818.0,1819.0,1818.0,1819.0,2.6279,2021,12,17
2021-12-17 13:05:00+00:00,1818.0,1819.0,1818.0,1818.0,1.3623,2021,12,17
2021-12-17 13:10:00+00:00,1818.0,1819.0,1818.0,1819.0,6.7105,2021,12,17
2021-12-17 13:15:00+00:00,1819.0,1819.0,1815.0,1816.0,44.9646,2021,12,17
2021-12-17 13:20:00+00:00,1816.0,1818.0,1816.0,1818.0,3.5293,2021,12,17
2021-12-17 13:25:00+00:00,1818.0,1818.0,1817.0,1818.0,1.1938,2021,12,17
2021-12-17 13:30:00+00:00,1818.0,1821.0,1813.0,1819.0,134.0488,2021,12,17
2021-12-17 13:35:00+00:00,1820.0,1821.0,1819.0,1819.0,15.158,2021,12,17
2021-12-17 13:40:00+00:00,1819.0,1819.0,1816.0,1816.0,18.8733,2021,12,17
2021-12-17 13:45:00+00:00,1815.0,1815.0,1814.0,1814.0,55.4042,2021,12,17
2021-12-17 13:50:00+00:00,1814.0,1814.0,1812.0,1812.0,11.6619,2021,12,17
2021-12-17 13:55:00+00:00,1811.0,1812.0,1810.0,1812.0,12.192,2021,12,17
2021-12-17 14:00:00+00:00,1812.0,1812.0,1811.0,1812.0,5.2539,2021,12,17
2021-12-17 14:05:00+00:00,1811.0,1815.0,1799.0,1815.0,205.4698,2021,12,17
2021-12-17 14:10:00+00:00,1813.0,1813.0,1810.0,1811.0,64.0375,2021,12,17
2021-12-17 14:15:00+00:00,1812.0,1812.0,1811.0,1811.0,4.6916,2021,12,17
2021-12-17 14:20:00+00:00,1811.0,1812.0,1810.0,1811.0,5.8477,2021,12,17
2021-12-17 14:25:00+00:00,1810.0,1811.0,1810.0,1810.0,7.8322,2021,12,17
2021-12-17 14:30:00+00:00,1811.0,1811.0,1810.0,1811.0,5.1096,2021,12,17
2021-12-17 14:35:00+00:00,1810.0,1812.0,1808.0,1811.0,53.1381,2021,12,17
2021-12-17 14:40:00+00:00,1811.0,1818.0,1808.0,1815.0,208.7853,2021,12,17
2021-12-17 14:45:00+00:00,1814.0,1819.0,1809.0,1812.0,153.2671,2021,12,17
2021-12-17 14:50:00+00:00,1813.0,1813.0,1812.0,1813.0,7.033,2021,12,17
2021-12-17 14:55:00+00:00,1812.0,1813.0,1811.0,1812.0,18.3568,2021,12,17
2021-12-17 15:00:00+00:00,1812.0,1814.0,1811.0,1813.0,11.422,2021,12,17
2021-12-17 15:05:00+00:00,1813.0,1820.0,1812.0,1814.0,86.5268,2021,12,17
2021-12-17 15:10:00+00:00,1813.0,1814.0,1813.0,1813.0,8.0366,2021,12,17
2021-12-17 15:15:00+00:00,1813.0,1814.0,1812.0,1814.0,31.8026,2021,12,17
2021-12-17 15:20:00+00:00,1814.0,1815.0,1813.0,1815.0,15.6899,2021,12,17
2021-12-17 15:25:00+00:00,1814.0,1814.0,1813.0,1814.0,13.4342,2021,12,17
2021-12-17 15:30:00+00:00,1814.0,1815.0,1813.0,1814.0,27.9496,2021,12,17
2021-12-17 15:35:00+00:00,1814.0,1815.0,1813.0,1814.0,18.5071,2021,12,17
2021-12-17 15:40:00+00:00,1814.0,1814.0,1811.0,1813.0,22.8621,2021,12,17
2021-12-17 15:45:00+00:00,1813.0,1815.0,1812.0,1813.0,16.1549,2021,12,17
2021-12-17 15:50:00+00:00,1813.0,1813.0,1811.0,1811.0,13.9254,2021,12,17
2021-12-17 15:55:00+00:00,1811.0,1812.0,1810.0,1810.0,18.6729,2021,12,17
2021-12-17 16:00:00+00:00,1810.0,1812.0,1810.0,1811.0,3.5216,2021,12,17
2021-12-17 16:05:00+00:00,1811.0,1812.0,1810.0,1810.0,15.5168,2021,12,17
2021-12-17 16:10:00+00:00,1809.0,1810.0,1805.0,1808.0,58.8667,2021,12,17
2021-12-17 16:15:00+00:00,1808.0,1809.0,1807.0,1809.0,8.2181,2021,12,17
2021-12-17 16:20:00+00:00,1809.0,1809.0,1807.0,1809.0,40.6733,2021,12,17
2021-12-17 16:25:00+00:00,1809.0,1812.0,1809.0,1811.0,49.6774,2021,12,17
2021-12-17 16:30:00+00:00,1811.0,1811.0,1809.0,1809.0,24.4195,2021,12,17
2021-12-17 16:35:00+00:00,1809.0,1809.0,1808.0,1809.0,8.0473,2021,12,17
2021-12-17 16:40:00+00:00,1810.0,1811.0,1809.0,1811.0,7.0648,2021,12,17
2021-12-17 16:45:00+00:00,1811.0,1811.0,1810.0,1810.0,5.6656,2021,12,17
2021-12-17 16:50:00+00:00,1810.0,1811.0,1810.0,1811.0,1.4375,2021,12,17
2021-12-17 16:55:00+00:00,1811.0,1812.0,1810.0,1812.0,13.8081,2021,12,17
2021-12-17 17:00:00+00:00,1812.0,1812.0,1810.0,1810.0,1.7261,2021,12,17
2021-12-17 17:05:00+00:00,1810.0,1810.0,1810.0,1810.0,0.1944,2021,12,17
2021-12-17 17:10:00+00:00,1811.0,1811.0,1810.0,1810.0,1.4863,2021,12,17
2021-12-17 17:15:00+00:00,1811.0,1811.0,1810.0,1810.0,0.4021,2021,12,17
2021-12-17 17:20:00+00:00,1810.0,1811.0,1810.0,1810.0,0.5379,2021,12,17
2021-12-17 17:25:00+00:00,1811.0,1811.0,1808.0,1810.0,7.4594,2021,12,17
2021-12-17 17:30:00+00:00,1809.0,1810.0,1809.0,1809.0,0.9331,2021,12,17
2021-12-17 17:35:00+00:00,1810.0,1810.0,1808.0,1809.0,4.253,2021,12,17
2021-12-17 17:40:00+00:00,1809.0,1811.0,1809.0,1810.0,4.659,2021,12,17
2021-12-17 17:45:00+00:00,1811.0,1811.0,1810.0,1811.0,15.1291,2021,12,17
2021-12-17 17:50:00+00:00,1811.0,1812.0,1809.0,1811.0,40.1132,2021,12,17
2021-12-17 17:55:00+00:00,1811.0,1811.0,1810.0,1810.0,1.1274,2021,12,17
2021-12-17 18:00:00+00:00,1810.0,1811.0,1810.0,1810.0,1.2054,2021,12,17
2021-12-17 18:05:00+00:00,1811.0,1811.0,1808.0,1810.0,14.0454,2021,12,17
2021-12-17 18:10:00+00:00,1810.0,1810.0,1809.0,1809.0,0.6405,2021,12,17
2021-12-17 18:15:00+00:00,1809.0,1810.0,1809.0,1809.0,2.4134,2021,12,17
2021-12-17 18:20:00+00:00,1810.0,1810.0,1809.0,1810.0,2.9195,2021,12,17
2021-12-17 18:25:00+00:00,1809.0,1810.0,1809.0,1810.0,0.3359,2021,12,17
2021-12-17 18:30:00+00:00,1809.0,1810.0,1809.0,1809.0,4.4554,2021,12,17
2021-12-17 18:35:00+00:00,1809.0,1810.0,1808.0,1808.0,11.8557,2021,12,17
2021-12-17 18:40:00+00:00,1808.0,1808.0,1807.0,1807.0,3.2723,2021,12,17
2021-12-17 18:45:00+00:00,1807.0,1807.0,1807.0,1807.0,1.7839,2021,12,17
2021-12-17 18:50:00+00:00,1807.0,1808.0,1806.0,1808.0,19.8372,2021,12,17
2021-12-17 18:55:00+00:00,1807.0,1808.0,1807.0,1808.0,3.7431,2021,12,17
2021-12-17 19:00:00+00:00,1807.0,1808.0,1807.0,1807.0,0.4679,2021,12,17
2021-12-17 19:05:00+00:00,1808.0,1808.0,1807.0,1807.0,1.9833,2021,12,17
2021-12-17 19:10:00+00:00,1808.0,1808.0,1807.0,1807.0,2.7815,2021,12,17
2021-12-17 19:15:00+00:00,1807.0,1808.0,1807.0,1808.0,8.207,2021,12,17
2021-12-17 19:20:00+00:00,1807.0,1807.0,1807.0,1807.0,0.9742,2021,12,17
2021-12-17 19:25:00+00:00,1808.0,1808.0,1807.0,1807.0,7.5384,2021,12,17
2021-12-17 19:30:00+00:00,1808.0,1809.0,1808.0,1808.0,6.3942,2021,12,17
2021-12-17 19:35:00+00:00,1808.0,1808.0,1807.0,1807.0,1.5192,2021,12,17
2021-12-17 19:40:00+00:00,1807.0,1809.0,1807.0,1808.0,6.0258,2021,12,17
2021-12-17 19:45:00+00:00,1808.0,1809.0,1808.0,1809.0,0.3014,2021,12,17
2021-12-17 19:50:00+00:00,1808.0,1808.0,1807.0,1807.0,14.5395,2021,12,17
2021-12-17 19:55:00+00:00,1808.0,1808.0,1807.0,1807.0,2.7674,2021,12,17
2021-12-17 20:00:00+00:00,1807.0,1807.0,1806.0,1807.0,2.197,2021,12,17
2021-12-17 20:05:00+00:00,1807.0,1807.0,1805.0,1805.0,7.0263,2021,12,17
2021-12-17 20:10:00+00:00,1804.0,1805.0,1804.0,1805.0,2.0943,2021,12,17
2021-12-17 20:15:00+00:00,1804.0,1805.0,1804.0,1804.0,2.8973,2021,12,17
2021-12-17 20:20:00+00:00,1804.0,1804.0,1803.0,1804.0,4.7779,2021,12,17
2021-12-17 20:25:00+00:00,1803.0,1805.0,1802.0,1805.0,27.8622,2021,12,17
2021-12-17 20:30:00+00:00,1804.0,1805.0,1804.0,1804.0,2.1655,2021,12,17
2021-12-17 20:35:00+00:00,1804.0,1804.0,1802.0,1804.0,3.626,2021,12,17
2021-12-17 20:40:00+00:00,1803.0,1804.0,1803.0,1804.0,1.5754,2021,12,17
2021-12-17 20:45:00+00:00,1803.0,1804.0,1802.0,1802.0,3.6138,2021,12,17
2021-12-17 20:50:00+00:00,1802.0,1803.0,1802.0,1802.0,1.1678,2021,12,17
2021-12-17 20:55:00+00:00,1802.0,1802.0,1802.0,1802.0,0.2872,2021,12,17
2021-12-17 21:00:00+00:00,1802.0,1804.0,1802.0,1803.0,11.1607,2021,12,17
2021-12-17 21:05:00+00:00,1802.0,1803.0,1802.0,1803.0,1.865,2021,12,17
2021-12-17 21:10:00+00:00,1803.0,1803.0,1802.0,1802.0,1.1068,2021,12,17
2021-12-17 21:15:00+00:00,1802.0,1804.0,1802.0,1804.0,24.8029,2021,12,17
2021-12-17 21:20:00+00:00,1804.0,1804.0,1803.0,1803.0,3.1135,2021,12,17
2021-12-17 21:25:00+00:00,1803.0,1804.0,1803.0,1804.0,2.1441,2021,12,17
2021-12-17 21:30:00+00:00,1804.0,1806.0,1804.0,1806.0,9.8029,2021,12,17
2021-12-17 21:35:00+00:00,1804.0,1806.0,1804.0,1806.0,10.3349,2021,12,17
2021-12-17 21:40:00+00:00,1805.0,1806.0,1804.0,1804.0,1.7005,2021,12,17
2021-12-17 21:45:00+00:00,1804.0,1805.0,1804.0,1805.0,0.2981,2021,12,17
2021-12-17 21:50:00+00:00,1804.0,1805.0,1804.0,1805.0,3.7092,2021,12,17
2021-12-17 21:55:00+00:00,1804.0,1804.0,1804.0,1804.0,2.1077,2021,12,17
2021-12-17 22:00:00+00:00,1804.0,1804.0,1804.0,1804.0,0.4148,2021,12,17
2021-12-17 22:05:00+00:00,1804.0,1805.0,1802.0,1803.0,9.0371,2021,12,17
2021-12-17 22:10:00+00:00,1803.0,1803.0,1802.0,1803.0,18.2783,2021,12,17
2021-12-17 22:15:00+00:00,1803.0,1804.0,1798.0,1802.0,88.0506,2021,12,17
2021-12-17 22:20:00+00:00,1803.0,1803.0,1800.0,1800.0,30.628,2021,12,17
2021-12-17 22:25:00+00:00,1800.0,1805.0,1800.0,1805.0,15.5625,2021,12,17
2021-12-17 22:30:00+00:00,1805.0,1806.0,1805.0,1806.0,19.9952,2021,12,17
2021-12-17 22:35:00+00:00,1805.0,1806.0,1803.0,1805.0,2.3284,2021,12,17
2021-12-17 22:40:00+00:00,1805.0,1805.0,1801.0,1802.0,1.5522,2021,12,17
2021-12-17 22:45:00+00:00,1803.0,1804.0,1802.0,1803.0,1.4337,2021,12,17
2021-12-17 22:50:00+00:00,1804.0,1804.0,1803.0,1803.0,0.4886,2021,12,17
2021-12-17 22:55:00+00:00,1804.0,1804.0,1803.0,1804.0,5.2988,2021,12,17
2021-12-17 23:00:00+00:00,1803.0,1804.0,1803.0,1804.0,0.462,2021,12,17
2021-12-17 23:05:00+00:00,1804.0,1805.0,1803.0,1804.0,14.8219,2021,12,17
2021-12-17 23:10:00+00:00,1803.0,1803.0,1803.0,1803.0,0.1061,2021,12,17
2021-12-17 23:15:00+00:00,1803.0,1803.0,1803.0,1803.0,0.9265,2021,12,17
2021-12-17 23:20:00+00:00,1804.0,1804.0,1803.0,1804.0,0.2758,2021,12,17
2021-12-17 23:25:00+00:00,1803.0,1805.0,1803.0,1803.0,12.5886,2021,12,17
2021-12-17 23:30:00+00:00,1805.0,1805.0,1804.0,1804.0,5.3532,2021,12,17
2021-12-17 23:35:00+00:00,1804.0,1805.0,1803.0,1803.0,1.7706,2021,12,17
2021-12-17 23:40:00+00:00,1805.0,1805.0,1804.0,1805.0,2.0908,2021,12,17
2021-12-17 23:45:00+00:00,1805.0,1805.0,1803.0,1803.0,0.1909,2021,12,17
2021-12-17 23:50:00+00:00,1805.0,1805.0,1803.0,1803.0,0.1319,2021,12,17
2021-12-17 23:55:00+00:00,1804.0,1804.0,1803.0,1804.0,1.5662,2021,12,17
2021-12-18 00:00:00+00:00,1804.0,1804.0,1803.0,1803.0,1.0975,2021,12,18
2021-12-18 00:05:00+00:00,1803.0,1803.0,1802.0,1802.0,3.7498,2021,12,18
2021-12-18 00:10:00+00:00,1803.0,1803.0,1802.0,1803.0,1.5063,2021,12,18
2021-12-18 00:15:00+00:00,1803.0,1805.0,1802.0,1805.0,8.247,2021,12,18
2021-12-18 00:20:00+00:00,1803.0,1804.0,1803.0,1803.0,1.1964,2021,12,18
2021-12-18 00:25:00+00:00,1804.0,1804.0,1803.0,1803.0,0.0768,2021,12,18
2021-12-18 00:30:00+00:00,1804.0,1805.0,1804.0,1804.0,0.577,2021,12,18
2021-12-18 00:35:00+00:00,1804.0,1805.0,1804.0,1805.0,1.1714,2021,12,18
2021-12-18 00:40:00+00:00,1805.0,1805.0,1804.0,1804.0,1.4367,2021,12,18
2021-12-18 00:45:00+00:00,1805.0,1805.0,1803.0,1804.0,1.4004,2021,12,18
2021-12-18 00:50:00+00:00,1804.0,1804.0,1803.0,1804.0,1.4898,2021,12,18
2021-12-18 00:55:00+00:00,1804.0,1804.0,1803.0,1803.0,0.6587,2021,12,18
2021-12-18 01:00:00+00:00,1804.0,1804.0,1803.0,1804.0,3.6715,2021,12,18
2021-12-18 01:05:00+00:00,1804.0,1804.0,1803.0,1803.0,0.6578,2021,12,18
2021-12-18 01:10:00+00:00,1803.0,1806.0,1801.0,1804.0,24.6531,2021,12,18
2021-12-18 01:15:00+00:00,1804.0,1806.0,1803.0,1804.0,5.4063,2021,12,18
2021-12-18 01:20:00+00:00,1803.0,1806.0,1803.0,1805.0,36.1677,2021,12,18
2021-12-18 01:25:00+00:00,1804.0,1804.0,1800.0,1803.0,25.9614,2021,12,18
2021-12-18 01:30:00+00:00,1804.0,1804.0,1802.0,1803.0,15.6792,2021,12,18
2021-12-18 01:35:00+00:00,1803.0,1804.0,1803.0,1804.0,0.0231,2021,12,18
2021-12-18 01:40:00+00:00,1804.0,1806.0,1804.0,1804.0,2.9783,2021,12,18
2021-12-18 01:45:00+00:00,1804.0,1804.0,1803.0,1803.0,0.1175,2021,12,18
2021-12-18 01:50:00+00:00,1803.0,1804.0,1803.0,1803.0,0.694,2021,12,18
2021-12-18 01:55:00+00:00,1803.0,1803.0,1800.0,1803.0,36.0091,2021,12,18
2021-12-18 02:00:00+00:00,1803.0,1805.0,1803.0,1803.0,51.1038,2021,12,18
2021-12-18 02:05:00+00:00,1803.0,1808.0,1802.0,1804.0,28.2504,2021,12,18
2021-12-18 02:10:00+00:00,1804.0,1804.0,1803.0,1804.0,0.1911,2021,12,18
2021-12-18 02:15:00+00:00,1804.0,1804.0,1804.0,1804.0,0.1091,2021,12,18
2021-12-18 02:20:00+00:00,1804.0,1804.0,1803.0,1804.0,1.6484,2021,12,18
2021-12-18 02:25:00+00:00,1803.0,1803.0,1803.0,1803.0,0.0106,2021,12,18
2021-12-18 02:30:00+00:00,1803.0,1804.0,1803.0,1804.0,0.9744,2021,12,18
2021-12-18 02:35:00+00:00,1804.0,1804.0,1804.0,1804.0,0.0459,2021,12,18
2021-12-18 02:40:00+00:00,1804.0,1804.0,1804.0,1804.0,0.018,2021,12,18
2021-12-18 02:45:00+00:00,1803.0,1804.0,1802.0,1804.0,3.0469,2021,12,18
2021-12-18 02:50:00+00:00,1803.0,1803.0,1803.0,1803.0,0.1312,2021,12,18
2021-12-18 02:55:00+00:00,1803.0,1803.0,1803.0,1803.0,0.0203,2021,12,18
2021-12-18 03:00:00+00:00,1804.0,1805.0,1804.0,1805.0,2.074,2021,12,18
2021-12-18 03:05:00+00:00,1805.0,1806.0,1805.0,1806.0,1.4215,2021,12,18
2021-12-18 03:10:00+00:00,1806.0,1806.0,1806.0,1806.0,0.007,2021,12,18
2021-12-18 03:15:00+00:00,1806.0,1806.0,1803.0,1804.0,15.5448,2021,12,18
2021-12-18 03:20:00+00:00,1804.0,1804.0,1803.0,1803.0,1.4162,2021,12,18
2021-12-18 03:25:00+00:00,1803.0,1804.0,1803.0,1804.0,1.7255,2021,12,18
2021-12-18 03:30:00+00:00,1804.0,1805.0,1804.0,1804.0,6.2956,2021,12,18
2021-12-18 03:35:00+00:00,1804.0,1806.0,1803.0,1804.0,34.1871,2021,12,18
2021-12-18 03:40:00+00:00,1804.0,1804.0,1803.0,1803.0,23.2252,2021,12,18
2021-12-18 03:45:00+00:00,1804.0,1804.0,1803.0,1804.0,0.719,2021,12,18
2021-12-18 03:50:00+00:00,1804.0,1804.0,1803.0,1803.0,2.3043,2021,12,18
2021-12-18 03:55:00+00:00,1804.0,1804.0,1803.0,1804.0,0.6704,2021,12,18
2021-12-18 04:00:00+00:00,1803.0,1804.0,1803.0,1803.0,1.1159,2021,12,18
2021-12-18 04:05:00+00:00,1803.0,1804.0,1802.0,1803.0,15.5539,2021,12,18
2021-12-18 04:10:00+00:00,1803.0,1805.0,1803.0,1804.0,5.1689,2021,12,18
2021-12-18 04:15:00+00:00,1805.0,1806.0,1804.0,1805.0,8.4925,2021,12,18
2021-12-18 04:20:00+00:00,1805.0,1805.0,1805.0,1805.0,0.01,2021,12,18
2021-12-18 04:25:00+00:00,1805.0,1805.0,1805.0,1805.0,0.245,2021,12,18
2021-12-18 04:30:00+00:00,1805.0,1805.0,1801.0,1803.0,10.3997,2021,12,18
2021-12-18 04:35:00+00:00,1803.0,1803.0,1802.0,1803.0,9.4334,2021,12,18
2021-12-18 04:40:00+00:00,1803.0,1805.0,1803.0,1805.0,5.6582,2021,12,18
2021-12-18 04:45:00+00:00,1804.0,1805.0,1803.0,1803.0,1.0562,2021,12,18
2021-12-18 04:50:00+00:00,1803.0,1805.0,1803.0,1805.0,0.0233,2021,12,18
2021-12-18 04:55:00+00:00,1805.0,1805.0,1803.0,1803.0,0.0514,2021,12,18
2021-12-18 05:00:00+00:00,1803.0,1803.0,1803.0,1803.0,0.3893,2021,12,18
2021-12-18 05:05:00+00:00,1803.0,1804.0,1803.0,1804.0,0.052,2021,12,18
2021-12-18 05:10:00+00:00,1804.0,1804.0,1804.0,1804.0,0.4111,2021,12,18
2021-12-18 05:15:00+00:00,1804.0,1804.0,1804.0,1804.0,0.0368,2021,12,18
2021-12-18 05:20:00+00:00,1804.0,1805.0,1803.0,1805.0,2.1596,2021,12,18
2021-12-18 05:25:00+00:00,1805.0,1805.0,1803.0,1803.0,2.2095,2021,12,18
2021-12-18 05:30:00+00:00,1804.0,1806.0,1803.0,1804.0,13.129,2021,12,18
2021-12-18 05:35:00+00:00,1804.0,1804.0,1803.0,1804.0,0.3102,2021,12,18
2021-12-18 05:40:00+00:00,1804.0,1806.0,1801.0,1803.0,59.3478,2021,12,18
2021-12-18 05:45:00+00:00,1803.0,1804.0,1802.0,1804.0,1.5527,2021,12,18
2021-12-18 05:50:00+00:00,1803.0,1803.0,1803.0,1803.0,0.4652,2021,12,18
2021-12-18 05:55:00+00:00,1803.0,1803.0,1802.0,1802.0,0.4601,2021,12,18
2021-12-18 06:00:00+00:00,1802.0,1803.0,1801.0,1802.0,7.0234,2021,12,18
2021-12-18 06:05:00+00:00,1803.0,1803.0,1803.0,1803.0,1.1782,2021,12,18
2021-12-18 06:10:00+00:00,1802.0,1803.0,1802.0,1802.0,2.5189,2021,12,18
2021-12-18 06:15:00+00:00,1803.0,1803.0,1802.0,1802.0,1.2924,2021,12,18
2021-12-18 06:20:00+00:00,1802.0,1803.0,1802.0,1802.0,0.3452,2021,12,18
2021-12-18 06:25:00+00:00,1803.0,1803.0,1802.0,1803.0,0.0268,2021,12,18
2021-12-18 06:30:00+00:00,1803.0,1803.0,1803.0,1803.0,0.0,2021,12,18
2021-12-18 06:35:00+00:00,1803.0,1803.0,1803.0,1803.0,0.0863,2021,12,18
2021-12-18 06:40:00+00:00,1802.0,1802.0,1802.0,1802.0,0.0219,2021,12,18
2021-12-18 06:45:00+00:00,1802.0,1803.0,1802.0,1803.0,0.0985,2021,12,18
2021-12-18 06:50:00+00:00,1803.0,1803.0,1802.0,1802.0,0.2582,2021,12,18
2021-12-18 06:55:00+00:00,1802.0,1802.0,1802.0,1802.0,0.0224,2021,12,18
2021-12-18 07:00:00+00:00,1802.0,1803.0,1802.0,1803.0,3.8506,2021,12,18
2021-12-18 07:05:00+00:00,1803.0,1803.0,1803.0,1803.0,0.1188,2021,12,18
2021-12-18 07:10:00+00:00,1802.0,1803.0,1802.0,1803.0,0.0802,2021,12,18
2021-12-18 07:15:00+00:00,1802.0,1803.0,1802.0,1802.0,1.9052,2021,12,18
2021-12-18 07:20:00+00:00,1803.0,1803.0,1801.0,1803.0,1.6402,2021,12,18
2021-12-18 07:25:00+00:00,1802.0,1803.0,1802.0,1803.0,0.4404,2021,12,18
2021-12-18 07:30:00+00:00,1802.0,1804.0,1802.0,1803.0,2.2177,2021,12,18
2021-12-18 07:35:00+00:00,1802.0,1804.0,1802.0,1803.0,3.6806,2021,12,18
2021-12-18 07:40:00+00:00,1803.0,1803.0,1803.0,1803.0,1.2449,2021,12,18
2021-12-18 07:45:00+00:00,1802.0,1803.0,1802.0,1803.0,0.1178,2021,12,18
2021-12-18 07:50:00+00:00,1803.0,1803.0,1802.0,1802.0,0.0176,2021,12,18
2021-12-18 07:55:00+00:00,1802.0,1802.0,1802.0,1802.0,0.0088,2021,12,18
2021-12-18 08:00:00+00:00,1802.0,1803.0,1802.0,1803.0,0.3499,2021,12,18
2021-12-18 08:05:00+00:00,1803.0,1805.0,1803.0,1804.0,2.7714,2021,12,18
2021-12-18 08:10:00+00:00,1803.0,1804.0,1801.0,1803.0,8.5795,2021,12,18
2021-12-18 08:15:00+00:00,1802.0,1804.0,1800.0,1801.0,43.6246,2021,12,18
2021-12-18 08:20:00+00:00,1802.0,1803.0,1801.0,1801.0,41.7129,2021,12,18
2021-12-18 08:25:00+00:00,1802.0,1802.0,1802.0,1802.0,0.1522,2021,12,18
2021-12-18 08:30:00+00:00,1802.0,1802.0,1801.0,1801.0,0.0225,2021,12,18
2021-12-18 08:35:00+00:00,1801.0,1801.0,1801.0,1801.0,0.2181,2021,12,18
2021-12-18 08:40:00+00:00,1801.0,1802.0,1800.0,1801.0,0.8574,2021,12,18
2021-12-18 08:45:00+00:00,1801.0,1802.0,1801.0,1802.0,4.7602,2021,12,18
2021-12-18 08:50:00+00:00,1801.0,1802.0,1801.0,1801.0,5.5072,2021,12,18
2021-12-18 08:55:00+00:00,1801.0,1802.0,1801.0,1802.0,1.4962,2021,12,18
2021-12-18 09:00:00+00:00,1802.0,1803.0,1802.0,1803.0,1.2721,2021,12,18
2021-12-18 09:05:00+00:00,1803.0,1803.0,1803.0,1803.0,1.694,2021,12,18
2021-12-18 09:10:00+00:00,1802.0,1803.0,1801.0,1802.0,6.104,2021,12,18
2021-12-18 09:15:00+00:00,1803.0,1804.0,1802.0,1803.0,8.8043,2021,12,18
2021-12-18 09:20:00+00:00,1803.0,1803.0,1803.0,1803.0,0.1464,2021,12,18
2021-12-18 09:25:00+00:00,1803.0,1803.0,1802.0,1802.0,0.0208,2021,12,18
2021-12-18 09:30:00+00:00,1803.0,1803.0,1803.0,1803.0,0.8001,2021,12,18
2021-12-18 09:35:00+00:00,1803.0,1804.0,1803.0,1804.0,0.6208,2021,12,18
2021-12-18 09:40:00+00:00,1804.0,1805.0,1803.0,1805.0,7.2446,2021,12,18
2021-12-18 09:45:00+00:00,1803.0,1805.0,1803.0,1803.0,0.3507,2021,12,18
2021-12-18 09:50:00+00:00,1803.0,1805.0,1803.0,1803.0,1.8893,2021,12,18
2021-12-18 09:55:00+00:00,1802.0,1806.0,1801.0,1804.0,43.1984,2021,12,18
2021-12-18 10:00:00+00:00,1805.0,1806.0,1803.0,1803.0,12.8307,2021,12,18
2021-12-18 10:05:00+00:00,1804.0,1804.0,1803.0,1803.0,0.4151,2021,12,18
2021-12-18 10:10:00+00:00,1804.0,1804.0,1803.0,1803.0,0.0473,2021,12,18
2021-12-18 10:15:00+00:00,1804.0,1805.0,1803.0,1804.0,2.0842,2021,12,18
2021-12-18 10:20:00+00:00,1804.0,1806.0,1799.0,1803.0,80.9099,2021,12,18
2021-12-18 10:25:00+00:00,1803.0,1803.0,1800.0,1803.0,3.789,2021,12,18
2021-12-18 10:30:00+00:00,1803.0,1803.0,1802.0,1802.0,5.9552,2021,12,18
2021-12-18 10:35:00+00:00,1802.0,1803.0,1801.0,1802.0,3.0491,2021,12,18
2021-12-18 10:40:00+00:00,1803.0,1805.0,1802.0,1805.0,22.9755,2021,12,18
2021-12-18 10:45:00+00:00,1803.0,1805.0,1803.0,1804.0,30.3229,2021,12,18
2021-12-18 10:50:00+00:00,1803.0,1803.0,1802.0,1802.0,0.61,2021,12,18
2021-12-18 10:55:00+00:00,1803.0,1804.0,1802.0,1804.0,1.529,2021,12,18
2021-12-18 11:00:00+00:00,1804.0,1804.0,1803.0,1803.0,0.4745,2021,12,18
2021-12-18 11:05:00+00:00,1804.0,1805.0,1803.0,1803.0,4.0515,2021,12,18
2021-12-18 11:10:00+00:00,1803.0,1804.0,1802.0,1802.0,6.7643,2021,12,18
2021-12-18 11:15:00+00:00,1802.0,1803.0,1801.0,1803.0,2.8524,2021,12,18
2021-12-18 11:20:00+00:00,1803.0,1803.0,1801.0,1802.0,19.332,2021,12,18
2021-12-18 11:25:00+00:00,1802.0,1802.0,1801.0,1801.0,5.2344,2021,12,18
2021-12-18 11:30:00+00:00,1802.0,1802.0,1802.0,1802.0,0.9708,2021,12,18
2021-12-18 11:35:00+00:00,1802.0,1802.0,1802.0,1802.0,0.7557,2021,12,18
2021-12-18 11:40:00+00:00,1802.0,1803.0,1801.0,1802.0,4.1439,2021,12,18
2021-12-18 11:45:00+00:00,1803.0,1803.0,1802.0,1803.0,1.1126,2021,12,18
2021-12-18 11:50:00+00:00,1802.0,1803.0,1801.0,1802.0,4.5023,2021,12,18
2021-12-18 11:55:00+00:00,1802.0,1802.0,1802.0,1802.0,0.8541,2021,12,18
2021-12-18 12:00:00+00:00,1802.0,1802.0,1801.0,1802.0,2.9017,2021,12,18
2021-12-18 12:05:00+00:00,1801.0,1803.0,1801.0,1803.0,1.7202,2021,12,18
2021-12-18 12:10:00+00:00,1802.0,1803.0,1802.0,1803.0,0.909,2021,12,18
2021-12-18 12:15:00+00:00,1803.0,1803.0,1802.0,1803.0,0.8132,2021,12,18
2021-12-18 12:20:00+00:00,1802.0,1803.0,1801.0,1802.0,1.1527,2021,12,18
2021-12-18 12:25:00+00:00,1802.0,1802.0,1801.0,1802.0,0.4912,2021,12,18
2021-12-18 12:30:00+00:00,1802.0,1802.0,1799.0,1802.0,18.8207,2021,12,18
2021-12-18 12:35:00+00:00,1802.0,1803.0,1801.0,1802.0,1.8865,2021,12,18
2021-12-18 12:40:00+00:00,1803.0,1803.0,1802.0,1803.0,1.0847,2021,12,18
2021-12-18 12:45:00+00:00,1803.0,1803.0,1802.0,1803.0,0.2842,2021,12,18
2021-12-18 12:50:00+00:00,1803.0,1803.0,1802.0,1803.0,0.2761,2021,12,18
2021-12-18 12:55:00+00:00,1803.0,1803.0,1802.0,1802.0,1.236,2021,12,18
2021-12-18 13:00:00+00:00,1803.0,1803.0,1799.0,1802.0,7.9249,2021,12,18
2021-12-18 13:05:00+00:00,1802.0,1802.0,1800.0,1802.0,2.0633,2021,12,18
2021-12-18 13:10:00+00:00,1802.0,1802.0,1801.0,1802.0,0.8694,2021,12,18
2021-12-18 13:15:00+00:00,1801.0,1802.0,1801.0,1802.0,1.6217,2021,12,18
2021-12-18 13:20:00+00:00,1802.0,1802.0,1801.0,1802.0,0.1668,2021,12,18
2021-12-18 13:25:00+00:00,1802.0,1806.0,1802.0,1804.0,19.7768,2021,12,18
2021-12-18 13:30:00+00:00,1804.0,1804.0,1803.0,1804.0,0.5703,2021,12,18
2021-12-18 13:35:00+00:00,1804.0,1804.0,1803.0,1804.0,1.253,2021,12,18
2021-12-18 13:40:00+00:00,1804.0,1804.0,1803.0,1803.0,2.4124,2021,12,18
2021-12-18 13:45:00+00:00,1803.0,1804.0,1803.0,1804.0,2.0542,2021,12,18
2021-12-18 13:50:00+00:00,1804.0,1804.0,1803.0,1804.0,0.3217,2021,12,18
2021-12-18 13:55:00+00:00,1804.0,1806.0,1802.0,1803.0,11.9628,2021,12,18
2021-12-18 14:00:00+00:00,1803.0,1803.0,1802.0,1803.0,3.4785,2021,12,18
2021-12-18 14:05:00+00:00,1803.0,1803.0,1802.0,1803.0,0.3539,2021,12,18
2021-12-18 14:10:00+00:00,1803.0,1803.0,1803.0,1803.0,2.3268,2021,12,18
2021-12-18 14:15:00+00:00,1803.0,1804.0,1803.0,1804.0,2.108,2021,12,18
2021-12-18 14:20:00+00:00,1804.0,1804.0,1803.0,1804.0,0.5741,2021,12,18
2021-12-18 14:25:00+00:00,1804.0,1804.0,1803.0,1803.0,2.3228,2021,12,18
2021-12-18 14:30:00+00:00,1804.0,1804.0,1803.0,1804.0,0.3312,2021,12,18
2021-12-18 14:35:00+00:00,1804.0,1804.0,1804.0,1804.0,0.14,2021,12,18
2021-12-18 14:40:00+00:00,1804.0,1804.0,1804.0,1804.0,0.1526,2021,12,18
2021-12-18 14:45:00+00:00,1804.0,1805.0,1802.0,1804.0,10.3229,2021,12,18
2021-12-18 14:50:00+00:00,1803.0,1803.0,1802.0,1803.0,2.9782,2021,12,18
2021-12-18 14:55:00+00:00,1803.0,1804.0,1803.0,1804.0,1.2195,2021,12,18
2021-12-18 15:00:00+00:00,1804.0,1804.0,1803.0,1804.0,8.6632,2021,12,18
2021-12-18 15:05:00+00:00,1804.0,1804.0,1804.0,1804.0,2.4117,2021,12,18
2021-12-18 15:10:00+00:00,1804.0,1804.0,1802.0,1802.0,9.8255,2021,12,18
2021-12-18 15:15:00+00:00,1802.0,1804.0,1801.0,1804.0,6.4474,2021,12,18
2021-12-18 15:20:00+00:00,1804.0,1805.0,1803.0,1804.0,3.6909,2021,12,18
2021-12-18 15:25:00+00:00,1804.0,1804.0,1803.0,1804.0,0.5199,2021,12,18
2021-12-18 15:30:00+00:00,1804.0,1804.0,1803.0,1804.0,1.0883,2021,12,18
2021-12-18 15:35:00+00:00,1804.0,1804.0,1803.0,1804.0,0.9431,2021,12,18
2021-12-18 15:40:00+00:00,1804.0,1804.0,1803.0,1803.0,0.8712,2021,12,18
2021-12-18 15:45:00+00:00,1803.0,1803.0,1800.0,1802.0,7.9075,2021,12,18
2021-12-18 15:50:00+00:00,1802.0,1802.0,1802.0,1802.0,0.4986,2021,12,18
2021-12-18 15:55:00+00:00,1802.0,1802.0,1801.0,1802.0,0.4375,2021,12,18
2021-12-18 16:00:00+00:00,1801.0,1802.0,1799.0,1802.0,22.5555,2021,12,18
2021-12-18 16:05:00+00:00,1802.0,1802.0,1801.0,1802.0,1.4932,2021,12,18
2021-12-18 16:10:00+00:00,1802.0,1802.0,1800.0,1802.0,3.577,2021,12,18
2021-12-18 16:15:00+00:00,1802.0,1802.0,1801.0,1802.0,0.4529,2021,12,18
2021-12-18 16:20:00+00:00,1801.0,1802.0,1801.0,1802.0,0.0292,2021,12,18
2021-12-18 16:25:00+00:00,1802.0,1802.0,1801.0,1801.0,0.083,2021,12,18
2021-12-18 16:30:00+00:00,1802.0,1802.0,1801.0,1801.0,0.1124,2021,12,18
2021-12-18 16:35:00+00:00,1801.0,1802.0,1801.0,1801.0,0.6107,2021,12,18
2021-12-18 16:40:00+00:00,1802.0,1805.0,1802.0,1804.0,28.7456,2021,12,18
2021-12-18 16:45:00+00:00,1805.0,1805.0,1805.0,1805.0,3.417,2021,12,18
2021-12-18 16:50:00+00:00,1805.0,1805.0,1803.0,1803.0,1.2479,2021,12,18
2021-12-18 16:55:00+00:00,1803.0,1804.0,1803.0,1804.0,0.8597,2021,12,18
2021-12-18 17:00:00+00:00,1803.0,1803.0,1799.0,1802.0,13.6099,2021,12,18
2021-12-18 17:05:00+00:00,1802.0,1802.0,1802.0,1802.0,0.0336,2021,12,18
2021-12-18 17:10:00+00:00,1802.0,1803.0,1802.0,1802.0,1.4063,2021,12,18
2021-12-18 17:15:00+00:00,1802.0,1803.0,1802.0,1803.0,0.2517,2021,12,18
2021-12-18 17:20:00+00:00,1802.0,1803.0,1802.0,1802.0,0.7204,2021,12,18
2021-12-18 17:25:00+00:00,1802.0,1803.0,1801.0,1802.0,5.0167,2021,12,18
2021-12-18 17:30:00+00:00,1803.0,1803.0,1803.0,1803.0,0.0381,2021,12,18
2021-12-18 17:35:00+00:00,1803.0,1803.0,1802.0,1802.0,0.2441,2021,12,18
2021-12-18 17:40:00+00:00,1802.0,1802.0,1801.0,1802.0,2.345,2021,12,18
2021-12-18 17:45:00+00:00,1802.0,1802.0,1802.0,1802.0,0.0105,2021,12,18
2021-12-18 17:50:00+00:00,1802.0,1803.0,1802.0,1802.0,0.3986,2021,12,18
2021-12-18 17:55:00+00:00,1803.0,1803.0,1802.0,1802.0,30.3132,2021,12,18
2021-12-18 18:00:00+00:00,1803.0,1804.0,1803.0,1803.0,1.1699,2021,12,18
2021-12-18 18:05:00+00:00,1804.0,1804.0,1803.0,1804.0,0.0804,2021,12,18
2021-12-18 18:10:00+00:00,1804.0,1804.0,1804.0,1804.0,0.0803,2021,12,18
2021-12-18 18:15:00+00:00,1804.0,1804.0,1803.0,1804.0,0.097,2021,12,18
2021-12-18 18:20:00+00:00,1803.0,1804.0,1803.0,1804.0,0.1304,2021,12,18
2021-12-18 18:25:00+00:00,1803.0,1803.0,1802.0,1802.0,2.8978,2021,12,18
2021-12-18 18:30:00+00:00,1802.0,1803.0,1801.0,1803.0,2.7846,2021,12,18
2021-12-18 18:35:00+00:00,1803.0,1804.0,1802.0,1803.0,3.9491,2021,12,18
2021-12-18 18:40:00+00:00,1803.0,1803.0,1803.0,1803.0,0.0057,2021,12,18
2021-12-18 18:45:00+00:00,1802.0,1803.0,1802.0,1803.0,0.3445,2021,12,18
2021-12-18 18:50:00+00:00,1803.0,1803.0,1803.0,1803.0,0.0075,2021,12,18
2021-12-18 18:55:00+00:00,1802.0,1803.0,1802.0,1803.0,0.3232,2021,12,18
2021-12-18 19:00:00+00:00,1802.0,1803.0,1802.0,1803.0,1.2585,2021,12,18
2021-12-18 19:05:00+00:00,1802.0,1802.0,1801.0,1801.0,0.9624,2021,12,18
2021-12-18 19:10:00+00:00,1801.0,1801.0,1801.0,1801.0,0.303,2021,12,18
2021-12-18 19:15:00+00:00,1802.0,1802.0,1802.0,1802.0,0.597,2021,12,18
2021-12-18 19:20:00+00:00,1802.0,1802.0,1801.0,1802.0,0.2723,2021,12,18
2021-12-18 19:25:00+00:00,1802.0,1804.0,1802.0,1804.0,14.1608,2021,12,18
2021-12-18 19:30:00+00:00,1804.0,1805.0,1804.0,1805.0,16.1796,2021,12,18
2021-12-18 19:35:00+00:00,1805.0,1805.0,1803.0,1804.0,2.658,2021,12,18
2021-12-18 19:40:00+00:00,1804.0,1804.0,1804.0,1804.0,0.0916,2021,12,18
2021-12-18 19:45:00+00:00,1804.0,1805.0,1803.0,1804.0,1.902,2021,12,18
2021-12-18 19:50:00+00:00,1804.0,1804.0,1804.0,1804.0,0.168,2021,12,18
2021-12-18 19:55:00+00:00,1803.0,1803.0,1803.0,1803.0,0.0242,2021,12,18
2021-12-18 20:00:00+00:00,1803.0,1804.0,1803.0,1803.0,2.0721,2021,12,18
2021-12-18 20:05:00+00:00,1803.0,1803.0,1803.0,1803.0,1.9401,2021,12,18
2021-12-18 20:10:00+00:00,1803.0,1804.0,1803.0,1804.0,0.293,2021,12,18
2021-12-18 20:15:00+00:00,1804.0,1804.0,1804.0,1804.0,0.3749,2021,12,18
2021-12-18 20:20:00+00:00,1803.0,1804.0,1803.0,1804.0,1.2976,2021,12,18
2021-12-18 20:25:00+00:00,1804.0,1805.0,1803.0,1803.0,12.587,2021,12,18
2021-12-18 20:30:00+00:00,1804.0,1804.0,1804.0,1804.0,0.1417,2021,12,18
2021-12-18 20:35:00+00:00,1803.0,1804.0,1803.0,1804.0,0.7227,2021,12,18
2021-12-18 20:40:00+00:00,1804.0,1804.0,1804.0,1804.0,0.1163,2021,12,18
2021-12-18 20:45:00+00:00,1804.0,1804.0,1804.0,1804.0,0.3878,2021,12,18
2021-12-18 20:50:00+00:00,1804.0,1804.0,1804.0,1804.0,0.4031,2021,12,18
2021-12-18 20:55:00+00:00,1804.0,1804.0,1803.0,1804.0,1.0739,2021,12,18
2021-12-18 21:00:00+00:00,1804.0,1804.0,1804.0,1804.0,0.188,2021,12,18
2021-12-18 21:05:00+00:00,1804.0,1805.0,1804.0,1804.0,4.0438,2021,12,18
2021-12-18 21:10:00+00:00,1805.0,1805.0,1805.0,1805.0,1.108,2021,12,18
2021-12-18 21:15:00+00:00,1804.0,1804.0,1803.0,1803.0,0.9329,2021,12,18
2021-12-18 21:20:00+00:00,1803.0,1803.0,1803.0,1803.0,0.2859,2021,12,18
2021-12-18 21:25:00+00:00,1803.0,1804.0,1801.0,1802.0,1.8887,2021,12,18
2021-12-18 21:30:00+00:00,1803.0,1803.0,1803.0,1803.0,0.0128,2021,12,18
2021-12-18 21:35:00+00:00,1802.0,1802.0,1802.0,1802.0,1.337,2021,12,18
2021-12-18 21:40:00+00:00,1801.0,1803.0,1801.0,1803.0,1.0715,2021,12,18
2021-12-18 21:45:00+00:00,1802.0,1803.0,1802.0,1803.0,0.3075,2021,12,18
2021-12-18 21:50:00+00:00,1803.0,1803.0,1802.0,1803.0,0.045,2021,12,18
2021-12-18 21:55:00+00:00,1802.0,1803.0,1802.0,1803.0,1.5529,2021,12,18
2021-12-18 22:00:00+00:00,1802.0,1803.0,1802.0,1802.0,2.7313,2021,12,18
2021-12-18 22:05:00+00:00,1802.0,1802.0,1802.0,1802.0,0.0526,2021,12,18
2021-12-18 22:10:00+00:00,1802.0,1803.0,1802.0,1803.0,0.7742,2021,12,18
2021-12-18 22:15:00+00:00,1802.0,1804.0,1802.0,1804.0,21.8076,2021,12,18
2021-12-18 22:20:00+00:00,1804.0,1804.0,1804.0,1804.0,0.0,2021,12,18
2021-12-18 22:25:00+00:00,1803.0,1803.0,1803.0,1803.0,0.3506,2021,12,18
2021-12-18 22:30:00+00:00,1804.0,1811.0,1803.0,1803.0,40.6794,2021,12,18
2021-12-18 22:35:00+00:00,1803.0,1803.0,1803.0,1803.0,3.5364,2021,12,18
2021-12-18 22:40:00+00:00,1803.0,1804.0,1803.0,1804.0,0.6876,2021,12,18
2021-12-18 22:45:00+00:00,1804.0,1804.0,1803.0,1804.0,0.0979,2021,12,18
2021-12-18 22:50:00+00:00,1803.0,1803.0,1803.0,1803.0,0.1173,2021,12,18
2021-12-18 22:55:00+00:00,1803.0,1804.0,1803.0,1803.0,0.4998,2021,12,18
2021-12-18 23:00:00+00:00,1803.0,1803.0,1803.0,1803.0,0.0252,2021,12,18
2021-12-18 23:05:00+00:00,1803.0,1803.0,1800.0,1803.0,16.206,2021,12,18
2021-12-18 23:10:00+00:00,1802.0,1808.0,1801.0,1804.0,67.2912,2021,12,18
2021-12-18 23:15:00+00:00,1803.0,1804.0,1803.0,1803.0,0.4412,2021,12,18
2021-12-18 23:20:00+00:00,1803.0,1804.0,1803.0,1804.0,0.0171,2021,12,18
2021-12-18 23:25:00+00:00,1804.0,1804.0,1804.0,1804.0,0.0063,2021,12,18
2021-12-18 23:30:00+00:00,1804.0,1805.0,1803.0,1804.0,7.6595,2021,12,18
2021-12-18 23:35:00+00:00,1804.0,1805.0,1804.0,1804.0,5.4234,2021,12,18
2021-12-18 23:40:00+00:00,1804.0,1804.0,1804.0,1804.0,0.0771,2021,12,18
2021-12-18 23:45:00+00:00,1803.0,1803.0,1803.0,1803.0,0.0139,2021,12,18
2021-12-18 23:50:00+00:00,1804.0,1804.0,1804.0,1804.0,0.0056,2021,12,18
2021-12-18 23:55:00+00:00,1803.0,1803.0,1803.0,1803.0,0.0432,2021,12,18
2021-12-19 00:00:00+00:00,1803.0,1803.0,1803.0,1803.0,2.1471,2021,12,19
2021-12-19 00:05:00+00:00,1803.0,1804.0,1803.0,1803.0,1.0578,2021,12,19
2021-12-19 00:10:00+00:00,1803.0,1804.0,1803.0,1803.0,3.7706,2021,12,19
2021-12-19 00:15:00+00:00,1803.0,1803.0,1802.0,1803.0,3.8347,2021,12,19
2021-12-19 00:20:00+00:00,1804.0,1804.0,1802.0,1802.0,3.919,2021,12,19
2021-12-19 00:25:00+00:00,1802.0,1803.0,1802.0,1802.0,1.3809,2021,12,19
2021-12-19 00:30:00+00:00,1802.0,1805.0,1802.0,1803.0,30.9131,2021,12,19
2021-12-19 00:35:00+00:00,1803.0,1805.0,1802.0,1802.0,40.1521,2021,12,19
2021-12-19 00:40:00+00:00,1802.0,1805.0,1802.0,1804.0,31.7754,2021,12,19
2021-12-19 00:45:00+00:00,1804.0,1804.0,1803.0,1803.0,2.3676,2021,12,19
2021-12-19 00:50:00+00:00,1803.0,1803.0,1800.0,1802.0,19.1157,2021,12,19
2021-12-19 00:55:00+00:00,1802.0,1803.0,1801.0,1802.0,3.013,2021,12,19
2021-12-19 01:00:00+00:00,1803.0,1803.0,1802.0,1803.0,1.1112,2021,12,19
2021-12-19 01:05:00+00:00,1802.0,1803.0,1802.0,1803.0,0.6722,2021,12,19
2021-12-19 01:10:00+00:00,1802.0,1803.0,1802.0,1803.0,0.3628,2021,12,19
2021-12-19 01:15:00+00:00,1803.0,1803.0,1802.0,1802.0,3.0875,2021,12,19
2021-12-19 01:20:00+00:00,1802.0,1803.0,1802.0,1802.0,1.1141,2021,12,19
2021-12-19 01:25:00+00:00,1802.0,1802.0,1802.0,1802.0,2.2504,2021,12,19
2021-12-19 01:30:00+00:00,1802.0,1802.0,1800.0,1802.0,15.51,2021,12,19
2021-12-19 01:35:00+00:00,1802.0,1802.0,1802.0,1802.0,0.087,2021,12,19
2021-12-19 01:40:00+00:00,1802.0,1802.0,1802.0,1802.0,0.0,2021,12,19
2021-12-19 01:45:00+00:00,1802.0,1802.0,1802.0,1802.0,0.0,2021,12,19
2021-12-19 01:50:00+00:00,1802.0,1803.0,1802.0,1802.0,0.4351,2021,12,19
2021-12-19 01:55:00+00:00,1802.0,1803.0,1802.0,1802.0,0.2052,2021,12,19
2021-12-19 02:00:00+00:00,1802.0,1803.0,1802.0,1803.0,0.2337,2021,12,19
2021-12-19 02:05:00+00:00,1803.0,1803.0,1803.0,1803.0,0.0094,2021,12,19
2021-12-19 02:10:00+00:00,1803.0,1803.0,1802.0,1802.0,0.271,2021,12,19
2021-12-19 02:15:00+00:00,1803.0,1803.0,1803.0,1803.0,0.61,2021,12,19
2021-12-19 02:20:00+00:00,1803.0,1803.0,1803.0,1803.0,0.1411,2021,12,19
2021-12-19 02:25:00+00:00,1803.0,1803.0,1803.0,1803.0,0.0262,2021,12,19
2021-12-19 02:30:00+00:00,1803.0,1803.0,1802.0,1802.0,0.0269,2021,12,19
2021-12-19 02:35:00+00:00,1803.0,1804.0,1803.0,1804.0,4.3903,2021,12,19
2021-12-19 02:40:00+00:00,1804.0,1804.0,1804.0,1804.0,0.2183,2021,12,19
2021-12-19 02:45:00+00:00,1804.0,1804.0,1803.0,1804.0,0.498,2021,12,19
2021-12-19 02:50:00+00:00,1804.0,1804.0,1804.0,1804.0,0.1428,2021,12,19
2021-12-19 02:55:00+00:00,1804.0,1804.0,1804.0,1804.0,1.6985,2021,12,19
2021-12-19 03:00:00+00:00,1804.0,1804.0,1804.0,1804.0,1.2464,2021,12,19
2021-12-19 03:05:00+00:00,1804.0,1804.0,1804.0,1804.0,0.0745,2021,12,19
2021-12-19 03:10:00+00:00,1804.0,1805.0,1804.0,1804.0,11.5273,2021,12,19
2021-12-19 03:15:00+00:00,1804.0,1804.0,1803.0,1804.0,2.8306,2021,12,19
2021-12-19 03:20:00+00:00,1803.0,1804.0,1803.0,1804.0,2.6464,2021,12,19
2021-12-19 03:25:00+00:00,1804.0,1805.0,1803.0,1804.0,32.0603,2021,12,19
2021-12-19 03:30:00+00:00,1804.0,1804.0,1803.0,1804.0,1.4917,2021,12,19
2021-12-19 03:35:00+00:00,1804.0,1805.0,1803.0,1804.0,6.1906,2021,12,19
2021-12-19 03:40:00+00:00,1804.0,1804.0,1803.0,1803.0,0.7963,2021,12,19
2021-12-19 03:45:00+00:00,1803.0,1804.0,1803.0,1804.0,0.1734,2021,12,19
2021-12-19 03:50:00+00:00,1804.0,1804.0,1803.0,1803.0,0.1061,2021,12,19
2021-12-19 03:55:00+00:00,1803.0,1803.0,1803.0,1803.0,0.007,2021,12,19
2021-12-19 04:00:00+00:00,1804.0,1804.0,1804.0,1804.0,1.6109,2021,12,19
2021-12-19 04:05:00+00:00,1803.0,1803.0,1803.0,1803.0,0.0057,2021,12,19
2021-12-19 04:10:00+00:00,1803.0,1803.0,1803.0,1803.0,0.3424,2021,12,19
2021-12-19 04:15:00+00:00,1803.0,1804.0,1803.0,1803.0,0.0419,2021,12,19
2021-12-19 04:20:00+00:00,1803.0,1803.0,1803.0,1803.0,0.0,2021,12,19
2021-12-19 04:25:00+00:00,1804.0,1805.0,1803.0,1803.0,2.4367,2021,12,19
2021-12-19 04:30:00+00:00,1803.0,1803.0,1803.0,1803.0,0.6995,2021,12,19
2021-12-19 04:35:00+00:00,1803.0,1804.0,1803.0,1804.0,0.753,2021,12,19
2021-12-19 04:40:00+00:00,1804.0,1806.0,1804.0,1804.0,5.2887,2021,12,19
2021-12-19 04:45:00+00:00,1804.0,1804.0,1803.0,1803.0,0.2608,2021,12,19
2021-12-19 04:50:00+00:00,1804.0,1804.0,1804.0,1804.0,20.3419,2021,12,19
2021-12-19 04:55:00+00:00,1803.0,1803.0,1803.0,1803.0,0.0135,2021,12,19
2021-12-19 05:00:00+00:00,1804.0,1804.0,1803.0,1803.0,0.557,2021,12,19
2021-12-19 05:05:00+00:00,1803.0,1806.0,1803.0,1804.0,10.7309,2021,12,19
2021-12-19 05:10:00+00:00,1803.0,1804.0,1803.0,1803.0,3.1693,2021,12,19
2021-12-19 05:15:00+00:00,1804.0,1804.0,1804.0,1804.0,0.3699,2021,12,19
2021-12-19 05:20:00+00:00,1803.0,1803.0,1800.0,1803.0,4.8116,2021,12,19
2021-12-19 05:25:00+00:00,1802.0,1802.0,1802.0,1802.0,0.0128,2021,12,19
2021-12-19 05:30:00+00:00,1802.0,1802.0,1802.0,1802.0,1.3216,2021,12,19
2021-12-19 05:35:00+00:00,1802.0,1803.0,1802.0,1803.0,0.8511,2021,12,19
2021-12-19 05:40:00+00:00,1802.0,1803.0,1802.0,1803.0,0.4696,2021,12,19
2021-12-19 05:45:00+00:00,1802.0,1802.0,1802.0,1802.0,0.0688,2021,12,19
2021-12-19 05:50:00+00:00,1802.0,1802.0,1802.0,1802.0,0.8707,2021,12,19
2021-12-19 05:55:00+00:00,1802.0,1802.0,1802.0,1802.0,0.0273,2021,12,19
2021-12-19 06:00:00+00:00,1803.0,1803.0,1803.0,1803.0,0.0339,2021,12,19
2021-12-19 06:05:00+00:00,1802.0,1802.0,1802.0,1802.0,0.3766,2021,12,19
2021-12-19 06:10:00+00:00,1802.0,1802.0,1802.0,1802.0,2.4016,2021,12,19
2021-12-19 06:15:00+00:00,1802.0,1802.0,1802.0,1802.0,1.1205,2021,12,19
2021-12-19 06:20:00+00:00,1802.0,1802.0,1802.0,1802.0,0.0092,2021,12,19
2021-12-19 06:25:00+00:00,1802.0,1802.0,1802.0,1802.0,0.0805,2021,12,19
2021-12-19 06:30:00+00:00,1802.0,1803.0,1801.0,1803.0,1.2165,2021,12,19
2021-12-19 06:35:00+00:00,1802.0,1803.0,1802.0,1802.0,0.3764,2021,12,19
2021-12-19 06:40:00+00:00,1802.0,1802.0,1802.0,1802.0,0.0196,2021,12,19
2021-12-19 06:45:00+00:00,1803.0,1803.0,1803.0,1803.0,0.9494,2021,12,19
2021-12-19 06:50:00+00:00,1802.0,1802.0,1802.0,1802.0,0.0066,2021,12,19
2021-12-19 06:55:00+00:00,1802.0,1802.0,1802.0,1802.0,0.0,2021,12,19
2021-12-19 07:00:00+00:00,1803.0,1803.0,1802.0,1803.0,0.6061,2021,12,19
2021-12-19 07:05:00+00:00,1803.0,1803.0,1803.0,1803.0,0.3694,2021,12,19
2021-12-19 07:10:00+00:00,1803.0,1803.0,1802.0,1803.0,0.5029,2021,12,19
2021-12-19 07:15:00+00:00,1803.0,1803.0,1802.0,1802.0,2.0869,2021,12,19
2021-12-19 07:20:00+00:00,1802.0,1802.0,1802.0,1802.0,0.0,2021,12,19
2021-12-19 07:25:00+00:00,1803.0,1803.0,1803.0,1803.0,0.362,2021,12,19
2021-12-19 07:30:00+00:00,1803.0,1803.0,1803.0,1803.0,1.0759,2021,12,19
2021-12-19 07:35:00+00:00,1803.0,1803.0,1802.0,1802.0,0.1661,2021,12,19
2021-12-19 07:40:00+00:00,1802.0,1802.0,1802.0,1802.0,0.4862,2021,12,19
2021-12-19 07:45:00+00:00,1802.0,1802.0,1802.0,1802.0,0.828,2021,12,19
2021-12-19 07:50:00+00:00,1803.0,1803.0,1802.0,1802.0,0.5486,2021,12,19
2021-12-19 07:55:00+00:00,1803.0,1803.0,1803.0,1803.0,0.58,2021,12,19
2021-12-19 08:00:00+00:00,1802.0,1803.0,1802.0,1803.0,1.3229,2021,12,19
2021-12-19 08:05:00+00:00,1802.0,1803.0,1802.0,1803.0,0.4936,2021,12,19
2021-12-19 08:10:00+00:00,1803.0,1803.0,1802.0,1802.0,0.3985,2021,12,19
2021-12-19 08:15:00+00:00,1802.0,1802.0,1802.0,1802.0,0.0,2021,12,19
2021-12-19 08:20:00+00:00,1802.0,1802.0,1802.0,1802.0,0.1043,2021,12,19
2021-12-19 08:25:00+00:00,1802.0,1802.0,1802.0,1802.0,2.2749,2021,12,19
2021-12-19 08:30:00+00:00,1802.0,1802.0,1802.0,1802.0,0.0902,2021,12,19
2021-12-19 08:35:00+00:00,1802.0,1803.0,1802.0,1802.0,0.8149,2021,12,19
2021-12-19 08:40:00+00:00,1803.0,1803.0,1803.0,1803.0,6.0847,2021,12,19
2021-12-19 08:45:00+00:00,1804.0,1804.0,1803.0,1803.0,0.5292,2021,12,19
2021-12-19 08:50:00+00:00,1803.0,1804.0,1803.0,1804.0,0.2598,2021,12,19
2021-12-19 08:55:00+00:00,1803.0,1804.0,1803.0,1804.0,0.0937,2021,12,19
2021-12-19 09:00:00+00:00,1803.0,1803.0,1802.0,1802.0,5.6489,2021,12,19
2021-12-19 09:05:00+00:00,1803.0,1803.0,1801.0,1802.0,6.7709,2021,12,19
2021-12-19 09:10:00+00:00,1802.0,1803.0,1802.0,1802.0,2.4337,2021,12,19
2021-12-19 09:15:00+00:00,1802.0,1803.0,1801.0,1803.0,5.3474,2021,12,19
2021-12-19 09:20:00+00:00,1802.0,1803.0,1802.0,1803.0,0.5772,2021,12,19
2021-12-19 09:25:00+00:00,1802.0,1803.0,1802.0,1802.0,1.0433,2021,12,19
2021-12-19 09:30:00+00:00,1802.0,1803.0,1802.0,1803.0,0.4438,2021,12,19
2021-12-19 09:35:00+00:00,1803.0,1803.0,1803.0,1803.0,0.1997,2021,12,19
2021-12-19 09:40:00+00:00,1802.0,1803.0,1802.0,1803.0,0.085,2021,12,19
2021-12-19 09:45:00+00:00,1803.0,1803.0,1802.0,1802.0,0.0664,2021,12,19
2021-12-19 09:50:00+00:00,1803.0,1803.0,1802.0,1802.0,0.0131,2021,12,19
2021-12-19 09:55:00+00:00,1802.0,1803.0,1802.0,1802.0,2.5205,2021,12,19
2021-12-19 10:00:00+00:00,1802.0,1802.0,1802.0,1802.0,0.1461,2021,12,19
2021-12-19 10:05:00+00:00,1802.0,1803.0,1802.0,1803.0,5.9943,2021,12,19
2021-12-19 10:10:00+00:00,1803.0,1803.0,1803.0,1803.0,21.08,2021,12,19
2021-12-19 10:15:00+00:00,1804.0,1804.0,1800.0,1801.0,29.2337,2021,12,19
2021-12-19 10:20:00+00:00,1802.0,1802.0,1802.0,1802.0,1.3863,2021,12,19
2021-12-19 10:25:00+00:00,1802.0,1803.0,1802.0,1803.0,0.9617,2021,12,19
2021-12-19 10:30:00+00:00,1803.0,1803.0,1803.0,1803.0,0.1229,2021,12,19
2021-12-19 10:35:00+00:00,1803.0,1803.0,1803.0,1803.0,0.0163,2021,12,19
2021-12-19 10:40:00+00:00,1802.0,1803.0,1802.0,1803.0,0.1171,2021,12,19
2021-12-19 10:45:00+00:00,1803.0,1803.0,1802.0,1803.0,0.6766,2021,12,19
2021-12-19 10:50:00+00:00,1803.0,1804.0,1803.0,1803.0,1.5833,2021,12,19
2021-12-19 10:55:00+00:00,1803.0,1804.0,1803.0,1803.0,13.5849,2021,12,19
2021-12-19 11:00:00+00:00,1803.0,1804.0,1803.0,1803.0,0.1782,2021,12,19
2021-12-19 11:05:00+00:00,1803.0,1803.0,1803.0,1803.0,0.0122,2021,12,19
2021-12-19 11:10:00+00:00,1803.0,1803.0,1803.0,1803.0,0.029,2021,12,19
2021-12-19 11:15:00+00:00,1804.0,1810.0,1803.0,1804.0,98.6431,2021,12,19
2021-12-19 11:20:00+00:00,1805.0,1805.0,1804.0,1804.0,9.1207,2021,12,19
2021-12-19 11:25:00+00:00,1805.0,1805.0,1803.0,1803.0,1.9821,2021,12,19
2021-12-19 11:30:00+00:00,1804.0,1804.0,1804.0,1804.0,0.043,2021,12,19
2021-12-19 11:35:00+00:00,1804.0,1805.0,1803.0,1804.0,1.811,2021,12,19
2021-12-19 11:40:00+00:00,1805.0,1805.0,1805.0,1805.0,0.0672,2021,12,19
2021-12-19 11:45:00+00:00,1803.0,1804.0,1803.0,1803.0,1.4428,2021,12,19
2021-12-19 11:50:00+00:00,1803.0,1803.0,1803.0,1803.0,0.1,2021,12,19
2021-12-19 11:55:00+00:00,1804.0,1804.0,1804.0,1804.0,0.0132,2021,12,19
2021-12-19 12:00:00+00:00,1804.0,1804.0,1803.0,1803.0,7.0545,2021,12,19
2021-12-19 12:05:00+00:00,1803.0,1803.0,1802.0,1802.0,1.0089,2021,12,19
2021-12-19 12:10:00+00:00,1802.0,1802.0,1802.0,1802.0,0.0076,2021,12,19
2021-12-19 12:15:00+00:00,1802.0,1803.0,1802.0,1803.0,0.88,2021,12,19
2021-12-19 12:20:00+00:00,1802.0,1803.0,1802.0,1803.0,0.0487,2021,12,19
2021-12-19 12:25:00+00:00,1803.0,1803.0,1803.0,1803.0,0.4866,2021,12,19
2021-12-19 12:30:00+00:00,1804.0,1804.0,1803.0,1803.0,0.0781,2021,12,19
2021-12-19 12:35:00+00:00,1803.0,1803.0,1803.0,1803.0,0.0,2021,12,19
2021-12-19 12:40:00+00:00,1803.0,1803.0,1803.0,1803.0,0.0,2021,12,19
2021-12-19 12:45:00+00:00,1803.0,1803.0,1802.0,1803.0,2.038,2021,12,19
2021-12-19 12:50:00+00:00,1804.0,1804.0,1804.0,1804.0,0.0981,2021,12,19
2021-12-19 12:55:00+00:00,1803.0,1803.0,1803.0,1803.0,0.013,2021,12,19
2021-12-19 13:00:00+00:00,1804.0,1804.0,1804.0,1804.0,0.1588,2021,12,19
2021-12-19 13:05:00+00:00,1803.0,1804.0,1803.0,1803.0,2.1264,2021,12,19
2021-12-19 13:10:00+00:00,1803.0,1804.0,1802.0,1804.0,1.877,2021,12,19
2021-12-19 13:15:00+00:00,1804.0,1804.0,1803.0,1803.0,0.3139,2021,12,19
2021-12-19 13:20:00+00:00,1803.0,1804.0,1803.0,1803.0,0.3517,2021,12,19
2021-12-19 13:25:00+00:00,1803.0,1803.0,1803.0,1803.0,1.4923,2021,12,19
2021-12-19 13:30:00+00:00,1802.0,1802.0,1802.0,1802.0,0.1297,2021,12,19
2021-12-19 13:35:00+00:00,1802.0,1802.0,1802.0,1802.0,0.4856,2021,12,19
2021-12-19 13:40:00+00:00,1802.0,1804.0,1802.0,1804.0,2.6778,2021,12,19
2021-12-19 13:45:00+00:00,1803.0,1803.0,1803.0,1803.0,0.7792,2021,12,19
2021-12-19 13:50:00+00:00,1803.0,1805.0,1803.0,1804.0,5.7895,2021,12,19
2021-12-19 13:55:00+00:00,1804.0,1805.0,1804.0,1805.0,35.6605,2021,12,19
2021-12-19 14:00:00+00:00,1805.0,1805.0,1803.0,1804.0,9.8438,2021,12,19
2021-12-19 14:05:00+00:00,1804.0,1804.0,1803.0,1804.0,13.2831,2021,12,19
2021-12-19 14:10:00+00:00,1803.0,1804.0,1802.0,1802.0,13.1073,2021,12,19
2021-12-19 14:15:00+00:00,1803.0,1803.0,1802.0,1803.0,0.532,2021,12,19
2021-12-19 14:20:00+00:00,1802.0,1803.0,1802.0,1802.0,4.8331,2021,12,19
2021-12-19 14:25:00+00:00,1802.0,1803.0,1802.0,1803.0,2.3773,2021,12,19
2021-12-19 14:30:00+00:00,1802.0,1803.0,1802.0,1803.0,1.3519,2021,12,19
2021-12-19 14:35:00+00:00,1803.0,1809.0,1802.0,1808.0,161.4531,2021,12,19
2021-12-19 14:40:00+00:00,1808.0,1808.0,1806.0,1806.0,5.4786,2021,12,19
2021-12-19 14:45:00+00:00,1806.0,1806.0,1806.0,1806.0,0.4311,2021,12,19
2021-12-19 14:50:00+00:00,1806.0,1806.0,1804.0,1805.0,7.5746,2021,12,19
2021-12-19 14:55:00+00:00,1804.0,1805.0,1804.0,1805.0,0.0973,2021,12,19
2021-12-19 15:00:00+00:00,1805.0,1805.0,1804.0,1804.0,0.3044,2021,12,19
2021-12-19 15:05:00+00:00,1805.0,1805.0,1804.0,1804.0,8.848,2021,12,19
2021-12-19 15:10:00+00:00,1804.0,1804.0,1804.0,1804.0,0.0492,2021,12,19
2021-12-19 15:15:00+00:00,1805.0,1805.0,1804.0,1804.0,0.9101,2021,12,19
2021-12-19 15:20:00+00:00,1804.0,1804.0,1804.0,1804.0,0.0,2021,12,19
2021-12-19 15:25:00+00:00,1805.0,1805.0,1805.0,1805.0,0.0128,2021,12,19
2021-12-19 15:30:00+00:00,1804.0,1805.0,1804.0,1805.0,0.8431,2021,12,19
2021-12-19 15:35:00+00:00,1804.0,1804.0,1804.0,1804.0,0.1128,2021,12,19
2021-12-19 15:40:00+00:00,1805.0,1805.0,1805.0,1805.0,0.009,2021,12,19
2021-12-19 15:45:00+00:00,1804.0,1805.0,1804.0,1804.0,1.6384,2021,12,19
2021-12-19 15:50:00+00:00,1804.0,1804.0,1801.0,1802.0,6.0549,2021,12,19
2021-12-19 15:55:00+00:00,1803.0,1803.0,1802.0,1802.0,0.4127,2021,12,19
2021-12-19 16:00:00+00:00,1803.0,1803.0,1802.0,1802.0,0.1294,2021,12,19
2021-12-19 16:05:00+00:00,1802.0,1803.0,1796.0,1803.0,90.4323,2021,12,19
2021-12-19 16:10:00+00:00,1802.0,1803.0,1802.0,1803.0,0.6191,2021,12,19
2021-12-19 16:15:00+00:00,1803.0,1803.0,1802.0,1803.0,0.1483,2021,12,19
2021-12-19 16:20:00+00:00,1803.0,1804.0,1803.0,1804.0,3.1987,2021,12,19
2021-12-19 16:25:00+00:00,1804.0,1804.0,1804.0,1804.0,0.046,2021,12,19
2021-12-19 16:30:00+00:00,1803.0,1804.0,1803.0,1803.0,0.3522,2021,12,19
2021-12-19 16:35:00+00:00,1804.0,1804.0,1804.0,1804.0,0.0464,2021,12,19
2021-12-19 16:40:00+00:00,1803.0,1804.0,1803.0,1804.0,0.0665,2021,12,19
2021-12-19 16:45:00+00:00,1803.0,1804.0,1803.0,1803.0,1.6305,2021,12,19
2021-12-19 16:50:00+00:00,1804.0,1804.0,1803.0,1804.0,0.5377,2021,12,19
2021-12-19 16:55:00+00:00,1803.0,1804.0,1803.0,1803.0,0.8024,2021,12,19
2021-12-19 17:00:00+00:00,1804.0,1804.0,1803.0,1803.0,0.1602,2021,12,19
2021-12-19 17:05:00+00:00,1803.0,1804.0,1801.0,1802.0,6.7867,2021,12,19
2021-12-19 17:10:00+00:00,1804.0,1804.0,1804.0,1804.0,0.0118,2021,12,19
2021-12-19 17:15:00+00:00,1804.0,1804.0,1803.0,1803.0,1.0859,2021,12,19
2021-12-19 17:20:00+00:00,1803.0,1803.0,1803.0,1803.0,0.1142,2021,12,19
2021-12-19 17:25:00+00:00,1803.0,1803.0,1802.0,1802.0,1.1163,2021,12,19
2021-12-19 17:30:00+00:00,1802.0,1803.0,1800.0,1803.0,21.588,2021,12,19
2021-12-19 17:35:00+00:00,1803.0,1803.0,1802.0,1802.0,0.6751,2021,12,19
2021-12-19 17:40:00+00:00,1802.0,1803.0,1802.0,1803.0,17.7423,2021,12,19
2021-12-19 17:45:00+00:00,1804.0,1804.0,1802.0,1803.0,11.6273,2021,12,19
2021-12-19 17:50:00+00:00,1803.0,1803.0,1802.0,1803.0,6.19,2021,12,19
2021-12-19 17:55:00+00:00,1803.0,1803.0,1802.0,1803.0,1.0406,2021,12,19
2021-12-19 18:00:00+00:00,1803.0,1803.0,1802.0,1802.0,0.6443,2021,12,19
2021-12-19 18:05:00+00:00,1803.0,1804.0,1801.0,1802.0,8.7234,2021,12,19
2021-12-19 18:10:00+00:00,1802.0,1802.0,1802.0,1802.0,0.6323,2021,12,19
2021-12-19 18:15:00+00:00,1803.0,1805.0,1802.0,1803.0,22.259,2021,12,19
2021-12-19 18:20:00+00:00,1804.0,1804.0,1804.0,1804.0,0.104,2021,12,19
2021-12-19 18:25:00+00:00,1804.0,1804.0,1803.0,1804.0,2.911,2021,12,19
2021-12-19 18:30:00+00:00,1804.0,1804.0,1804.0,1804.0,0.6035,2021,12,19
2021-12-19 18:35:00+00:00,1803.0,1803.0,1803.0,1803.0,0.9693,2021,12,19
2021-12-19 18:40:00+00:00,1803.0,1804.0,1803.0,1804.0,0.846,2021,12,19
2021-12-19 18:45:00+00:00,1804.0,1804.0,1803.0,1804.0,0.407,2021,12,19
2021-12-19 18:50:00+00:00,1804.0,1804.0,1804.0,1804.0,2.6913,2021,12,19
2021-12-19 18:55:00+00:00,1804.0,1805.0,1804.0,1805.0,0.4569,2021,12,19
2021-12-19 19:00:00+00:00,1805.0,1806.0,1805.0,1806.0,1.9287,2021,12,19
2021-12-19 19:05:00+00:00,1806.0,1806.0,1804.0,1804.0,1.0199,2021,12,19
2021-12-19 19:10:00+00:00,1805.0,1805.0,1804.0,1804.0,4.1582,2021,12,19
2021-12-19 19:15:00+00:00,1804.0,1804.0,1799.0,1802.0,114.4018,2021,12,19
2021-12-19 19:20:00+00:00,1801.0,1802.0,1801.0,1802.0,2.7604,2021,12,19
2021-12-19 19:25:00+00:00,1802.0,1803.0,1801.0,1803.0,37.2082,2021,12,19
2021-12-19 19:30:00+00:00,1803.0,1803.0,1801.0,1802.0,2.1446,2021,12,19
2021-12-19 19:35:00+00:00,1802.0,1804.0,1802.0,1804.0,2.7404,2021,12,19
2021-12-19 19:40:00+00:00,1804.0,1804.0,1804.0,1804.0,0.012,2021,12,19
2021-12-19 19:45:00+00:00,1804.0,1804.0,1803.0,1803.0,0.4001,2021,12,19
2021-12-19 19:50:00+00:00,1803.0,1803.0,1801.0,1802.0,17.2832,2021,12,19
2021-12-19 19:55:00+00:00,1802.0,1802.0,1802.0,1802.0,0.0,2021,12,19
2021-12-19 20:00:00+00:00,1802.0,1802.0,1801.0,1802.0,3.1667,2021,12,19
2021-12-19 20:05:00+00:00,1802.0,1804.0,1802.0,1803.0,3.3026,2021,12,19
2021-12-19 20:10:00+00:00,1804.0,1804.0,1804.0,1804.0,2.456,2021,12,19
2021-12-19 20:15:00+00:00,1804.0,1804.0,1804.0,1804.0,0.0195,2021,12,19
2021-12-19 20:20:00+00:00,1803.0,1804.0,1803.0,1803.0,0.2636,2021,12,19
2021-12-19 20:25:00+00:00,1804.0,1804.0,1803.0,1804.0,0.1742,2021,12,19
2021-12-19 20:30:00+00:00,1803.0,1803.0,1803.0,1803.0,0.0687,2021,12,19
2021-12-19 20:35:00+00:00,1804.0,1804.0,1804.0,1804.0,1.1233,2021,12,19
2021-12-19 20:40:00+00:00,1804.0,1804.0,1804.0,1804.0,0.3312,2021,12,19
2021-12-19 20:45:00+00:00,1804.0,1805.0,1804.0,1805.0,2.2751,2021,12,19
2021-12-19 20:50:00+00:00,1805.0,1805.0,1804.0,1805.0,4.2626,2021,12,19
2021-12-19 20:55:00+00:00,1804.0,1805.0,1804.0,1804.0,0.5842,2021,12,19
2021-12-19 21:00:00+00:00,1804.0,1804.0,1804.0,1804.0,0.3342,2021,12,19
2021-12-19 21:05:00+00:00,1805.0,1805.0,1804.0,1804.0,0.2973,2021,12,19
2021-12-19 21:10:00+00:00,1805.0,1805.0,1805.0,1805.0,0.0868,2021,12,19
2021-12-19 21:15:00+00:00,1804.0,1805.0,1804.0,1805.0,0.5629,2021,12,19
2021-12-19 21:20:00+00:00,1805.0,1805.0,1805.0,1805.0,2.4478,2021,12,19
2021-12-19 21:25:00+00:00,1805.0,1805.0,1804.0,1804.0,1.4177,2021,12,19
2021-12-19 21:30:00+00:00,1805.0,1805.0,1804.0,1804.0,0.3197,2021,12,19
2021-12-19 21:35:00+00:00,1805.0,1805.0,1804.0,1804.0,0.5284,2021,12,19
2021-12-19 21:40:00+00:00,1804.0,1805.0,1804.0,1805.0,0.696,2021,12,19
2021-12-19 21:45:00+00:00,1804.0,1804.0,1803.0,1803.0,1.0054,2021,12,19
2021-12-19 21:50:00+00:00,1803.0,1803.0,1803.0,1803.0,0.1018,2021,12,19
2021-12-19 21:55:00+00:00,1803.0,1804.0,1803.0,1803.0,0.1583,2021,12,19
2021-12-19 22:00:00+00:00,1804.0,1804.0,1804.0,1804.0,0.3736,2021,12,19
2021-12-19 22:05:00+00:00,1804.0,1804.0,1804.0,1804.0,0.9477,2021,12,19
2021-12-19 22:10:00+00:00,1804.0,1804.0,1803.0,1804.0,0.1129,2021,12,19
2021-12-19 22:15:00+00:00,1804.0,1805.0,1803.0,1803.0,7.5593,2021,12,19
2021-12-19 22:20:00+00:00,1803.0,1803.0,1803.0,1803.0,0.0,2021,12,19
2021-12-19 22:25:00+00:00,1804.0,1804.0,1804.0,1804.0,0.0162,2021,12,19
2021-12-19 22:30:00+00:00,1803.0,1803.0,1796.0,1800.0,64.4992,2021,12,19
2021-12-19 22:35:00+00:00,1801.0,1804.0,1801.0,1804.0,8.9877,2021,12,19
2021-12-19 22:40:00+00:00,1804.0,1804.0,1799.0,1802.0,88.3614,2021,12,19
2021-12-19 22:45:00+00:00,1802.0,1805.0,1801.0,1805.0,21.0337,2021,12,19
2021-12-19 22:50:00+00:00,1805.0,1805.0,1804.0,1804.0,0.0495,2021,12,19
2021-12-19 22:55:00+00:00,1804.0,1805.0,1802.0,1805.0,5.4196,2021,12,19
2021-12-19 23:00:00+00:00,1804.0,1805.0,1804.0,1804.0,17.9292,2021,12,19
2021-12-19 23:05:00+00:00,1804.0,1805.0,1804.0,1805.0,2.6615,2021,12,19
2021-12-19 23:10:00+00:00,1803.0,1804.0,1803.0,1804.0,0.024,2021,12,19
2021-12-19 23:15:00+00:00,1804.0,1804.0,1803.0,1803.0,0.8011,2021,12,19
2021-12-19 23:20:00+00:00,1804.0,1804.0,1803.0,1803.0,0.332,2021,12,19
2021-12-19 23:25:00+00:00,1803.0,1803.0,1802.0,1802.0,0.5504,2021,12,19
2021-12-19 23:30:00+00:00,1803.0,1804.0,1803.0,1803.0,5.2297,2021,12,19
2021-12-19 23:35:00+00:00,1804.0,1804.0,1803.0,1803.0,1.4521,2021,12,19
2021-12-19 23:40:00+00:00,1803.0,1804.0,1803.0,1803.0,0.3099,2021,12,19
2021-12-19 23:45:00+00:00,1803.0,1803.0,1802.0,1803.0,1.0177,2021,12,19
2021-12-19 23:50:00+00:00,1804.0,1804.0,1803.0,1803.0,0.934,2021,12,19
2021-12-19 23:55:00+00:00,1803.0,1804.0,1803.0,1804.0,0.3779,2021,12,19
2021-12-20 00:00:00+00:00,1803.0,1804.0,1802.0,1803.0,2.418,2021,12,20
2021-12-20 00:05:00+00:00,1803.0,1805.0,1802.0,1803.0,7.7343,2021,12,20
2021-12-20 00:10:00+00:00,1805.0,1805.0,1803.0,1803.0,1.9992,2021,12,20
2021-12-20 00:15:00+00:00,1803.0,1804.0,1803.0,1804.0,1.2233,2021,12,20
2021-12-20 00:20:00+00:00,1804.0,1805.0,1804.0,1805.0,2.221,2021,12,20
2021-12-20 00:25:00+00:00,1805.0,1805.0,1805.0,1805.0,0.018,2021,12,20
2021-12-20 00:30:00+00:00,1805.0,1805.0,1805.0,1805.0,2.5435,2021,12,20
2021-12-20 00:35:00+00:00,1805.0,1805.0,1805.0,1805.0,1.4558,2021,12,20
2021-12-20 00:40:00+00:00,1805.0,1805.0,1804.0,1805.0,0.1187,2021,12,20
2021-12-20 00:45:00+00:00,1805.0,1805.0,1804.0,1804.0,1.3307,2021,12,20
2021-12-20 00:50:00+00:00,1803.0,1804.0,1803.0,1804.0,0.0847,2021,12,20
2021-12-20 00:55:00+00:00,1804.0,1804.0,1804.0,1804.0,0.5763,2021,12,20
2021-12-20 01:00:00+00:00,1804.0,1805.0,1804.0,1805.0,1.9012,2021,12,20
2021-12-20 01:05:00+00:00,1805.0,1805.0,1804.0,1804.0,2.5972,2021,12,20
2021-12-20 01:10:00+00:00,1804.0,1805.0,1804.0,1805.0,22.0003,2021,12,20
2021-12-20 01:15:00+00:00,1805.0,1805.0,1804.0,1805.0,0.5036,2021,12,20
2021-12-20 01:20:00+00:00,1805.0,1805.0,1804.0,1804.0,0.9432,2021,12,20
2021-12-20 01:25:00+00:00,1804.0,1805.0,1804.0,1804.0,0.0473,2021,12,20
2021-12-20 01:30:00+00:00,1805.0,1805.0,1804.0,1804.0,2.9714,2021,12,20
2021-12-20 01:35:00+00:00,1803.0,1804.0,1803.0,1803.0,1.2953,2021,12,20
2021-12-20 01:40:00+00:00,1803.0,1803.0,1803.0,1803.0,1.0061,2021,12,20
2021-12-20 01:45:00+00:00,1803.0,1803.0,1803.0,1803.0,0.0397,2021,12,20
2021-12-20 01:50:00+00:00,1803.0,1804.0,1803.0,1804.0,1.2818,2021,12,20
2021-12-20 01:55:00+00:00,1804.0,1805.0,1803.0,1805.0,2.5196,2021,12,20
2021-12-20 02:00:00+00:00,1804.0,1804.0,1804.0,1804.0,0.3202,2021,12,20
2021-12-20 02:05:00+00:00,1804.0,1804.0,1803.0,1803.0,1.0842,2021,12,20
2021-12-20 02:10:00+00:00,1803.0,1803.0,1803.0,1803.0,0.1903,2021,12,20
2021-12-20 02:15:00+00:00,1803.0,1804.0,1803.0,1804.0,2.1421,2021,12,20
2021-12-20 02:20:00+00:00,1804.0,1804.0,1804.0,1804.0,0.385,2021,12,20
2021-12-20 02:25:00+00:00,1805.0,1805.0,1805.0,1805.0,0.0188,2021,12,20
2021-12-20 02:30:00+00:00,1805.0,1805.0,1805.0,1805.0,0.0,2021,12,20
2021-12-20 02:35:00+00:00,1805.0,1805.0,1804.0,1805.0,1.7994,2021,12,20
2021-12-20 02:40:00+00:00,1805.0,1805.0,1805.0,1805.0,0.4574,2021,12,20
2021-12-20 02:45:00+00:00,1805.0,1806.0,1805.0,1805.0,0.4724,2021,12,20
2021-12-20 02:50:00+00:00,1805.0,1806.0,1805.0,1805.0,0.323,2021,12,20
2021-12-20 02:55:00+00:00,1805.0,1806.0,1805.0,1806.0,0.1678,2021,12,20
2021-12-20 03:00:00+00:00,1806.0,1806.0,1802.0,1805.0,6.071,2021,12,20
2021-12-20 03:05:00+00:00,1806.0,1806.0,1806.0,1806.0,0.1257,2021,12,20
2021-12-20 03:10:00+00:00,1806.0,1806.0,1806.0,1806.0,0.3955,2021,12,20
2021-12-20 03:15:00+00:00,1805.0,1805.0,1805.0,1805.0,0.1019,2021,12,20
2021-12-20 03:20:00+00:00,1805.0,1805.0,1803.0,1805.0,25.3986,2021,12,20
2021-12-20 03:25:00+00:00,1806.0,1806.0,1805.0,1805.0,2.7232,2021,12,20
2021-12-20 03:30:00+00:00,1805.0,1806.0,1803.0,1803.0,4.034,2021,12,20
2021-12-20 03:35:00+00:00,1805.0,1805.0,1804.0,1804.0,0.0276,2021,12,20
2021-12-20 03:40:00+00:00,1805.0,1805.0,1805.0,1805.0,0.0289,2021,12,20
2021-12-20 03:45:00+00:00,1805.0,1807.0,1805.0,1806.0,9.8055,2021,12,20
2021-12-20 03:50:00+00:00,1805.0,1805.0,1805.0,1805.0,0.0973,2021,12,20
2021-12-20 03:55:00+00:00,1805.0,1805.0,1805.0,1805.0,0.2675,2021,12,20
2021-12-20 04:00:00+00:00,1806.0,1808.0,1806.0,1808.0,4.2533,2021,12,20
2021-12-20 04:05:00+00:00,1808.0,1808.0,1807.0,1807.0,0.3145,2021,12,20
2021-12-20 04:10:00+00:00,1807.0,1807.0,1807.0,1807.0,0.0,2021,12,20
2021-12-20 04:15:00+00:00,1808.0,1808.0,1808.0,1808.0,0.0645,2021,12,20
2021-12-20 04:20:00+00:00,1808.0,1808.0,1807.0,1808.0,1.2264,2021,12,20
2021-12-20 04:25:00+00:00,1807.0,1808.0,1807.0,1808.0,0.6331,2021,12,20
2021-12-20 04:30:00+00:00,1808.0,1808.0,1807.0,1807.0,2.9055,2021,12,20
2021-12-20 04:35:00+00:00,1807.0,1807.0,1807.0,1807.0,0.0,2021,12,20
2021-12-20 04:40:00+00:00,1808.0,1808.0,1808.0,1808.0,1.037,2021,12,20
2021-12-20 04:45:00+00:00,1808.0,1808.0,1807.0,1808.0,1.4148,2021,12,20
2021-12-20 04:50:00+00:00,1808.0,1808.0,1807.0,1807.0,0.4471,2021,12,20
2021-12-20 04:55:00+00:00,1807.0,1807.0,1807.0,1807.0,0.0068,2021,12,20
2021-12-20 05:00:00+00:00,1808.0,1808.0,1807.0,1808.0,1.93,2021,12,20
2021-12-20 05:05:00+00:00,1808.0,1808.0,1807.0,1808.0,0.7265,2021,12,20
2021-12-20 05:10:00+00:00,1808.0,1809.0,1808.0,1809.0,4.2191,2021,12,20
2021-12-20 05:15:00+00:00,1809.0,1809.0,1808.0,1808.0,2.2342,2021,12,20
2021-12-20 05:20:00+00:00,1808.0,1809.0,1808.0,1809.0,1.6889,2021,12,20
2021-12-20 05:25:00+00:00,1809.0,1809.0,1807.0,1807.0,3.7404,2021,12,20
2021-12-20 05:30:00+00:00,1806.0,1807.0,1804.0,1805.0,2.1526,2021,12,20
2021-12-20 05:35:00+00:00,1805.0,1814.0,1803.0,1808.0,59.7567,2021,12,20
2021-12-20 05:40:00+00:00,1809.0,1809.0,1808.0,1809.0,1.2429,2021,12,20
2021-12-20 05:45:00+00:00,1809.0,1809.0,1805.0,1805.0,41.5271,2021,12,20
2021-12-20 05:50:00+00:00,1805.0,1806.0,1805.0,1806.0,8.7256,2021,12,20
2021-12-20 05:55:00+00:00,1805.0,1806.0,1805.0,1806.0,3.2622,2021,12,20
2021-12-20 06:00:00+00:00,1806.0,1807.0,1805.0,1807.0,2.2528,2021,12,20
2021-12-20 06:05:00+00:00,1807.0,1808.0,1807.0,1808.0,4.6865,2021,12,20
2021-12-20 06:10:00+00:00,1809.0,1810.0,1808.0,1809.0,5.6297,2021,12,20
2021-12-20 06:15:00+00:00,1809.0,1810.0,1809.0,1810.0,12.39,2021,12,20
2021-12-20 06:20:00+00:00,1808.0,1808.0,1807.0,1808.0,2.1458,2021,12,20
2021-12-20 06:25:00+00:00,1807.0,1810.0,1807.0,1808.0,81.1602,2021,12,20
2021-12-20 06:30:00+00:00,1808.0,1808.0,1807.0,1807.0,2.7101,2021,12,20
2021-12-20 06:35:00+00:00,1808.0,1809.0,1807.0,1809.0,3.3208,2021,12,20
2021-12-20 06:40:00+00:00,1809.0,1809.0,1808.0,1808.0,0.3857,2021,12,20
2021-12-20 06:45:00+00:00,1809.0,1809.0,1808.0,1808.0,0.7411,2021,12,20
2021-12-20 06:50:00+00:00,1808.0,1808.0,1808.0,1808.0,0.061,2021,12,20
2021-12-20 06:55:00+00:00,1808.0,1809.0,1808.0,1808.0,0.121,2021,12,20
2021-12-20 07:00:00+00:00,1808.0,1808.0,1807.0,1807.0,3.6866,2021,12,20
2021-12-20 07:05:00+00:00,1807.0,1808.0,1806.0,1806.0,20.4712,2021,12,20
2021-12-20 07:10:00+00:00,1806.0,1807.0,1806.0,1806.0,0.5325,2021,12,20
2021-12-20 07:15:00+00:00,1807.0,1807.0,1805.0,1807.0,12.2203,2021,12,20
2021-12-20 07:20:00+00:00,1806.0,1807.0,1803.0,1806.0,27.9428,2021,12,20
2021-12-20 07:25:00+00:00,1805.0,1805.0,1804.0,1804.0,1.7575,2021,12,20
2021-12-20 07:30:00+00:00,1805.0,1805.0,1802.0,1803.0,12.9689,2021,12,20
2021-12-20 07:35:00+00:00,1802.0,1803.0,1802.0,1803.0,3.5682,2021,12,20
2021-12-20 07:40:00+00:00,1803.0,1803.0,1802.0,1802.0,0.0474,2021,12,20
2021-12-20 07:45:00+00:00,1802.0,1803.0,1802.0,1802.0,0.9313,2021,12,20
2021-12-20 07:50:00+00:00,1803.0,1804.0,1803.0,1803.0,2.8434,2021,12,20
2021-12-20 07:55:00+00:00,1804.0,1805.0,1804.0,1805.0,3.9802,2021,12,20
2021-12-20 08:00:00+00:00,1805.0,1805.0,1804.0,1804.0,0.0712,2021,12,20
2021-12-20 08:05:00+00:00,1804.0,1805.0,1804.0,1805.0,0.1843,2021,12,20
2021-12-20 08:10:00+00:00,1805.0,1806.0,1805.0,1806.0,0.8803,2021,12,20
2021-12-20 08:15:00+00:00,1806.0,1806.0,1803.0,1803.0,6.4144,2021,12,20
2021-12-20 08:20:00+00:00,1803.0,1804.0,1803.0,1804.0,0.0392,2021,12,20
2021-12-20 08:25:00+00:00,1803.0,1804.0,1802.0,1802.0,4.9834,2021,12,20
2021-12-20 08:30:00+00:00,1803.0,1805.0,1803.0,1804.0,6.0335,2021,12,20
2021-12-20 08:35:00+00:00,1804.0,1804.0,1803.0,1803.0,1.4324,2021,12,20
2021-12-20 08:40:00+00:00,1803.0,1805.0,1803.0,1805.0,2.2415,2021,12,20
2021-12-20 08:45:00+00:00,1804.0,1805.0,1800.0,1804.0,11.3276,2021,12,20
2021-12-20 08:50:00+00:00,1804.0,1805.0,1803.0,1804.0,8.4123,2021,12,20
2021-12-20 08:55:00+00:00,1805.0,1805.0,1804.0,1805.0,8.7968,2021,12,20
2021-12-20 09:00:00+00:00,1805.0,1805.0,1804.0,1805.0,4.3689,2021,12,20
2021-12-20 09:05:00+00:00,1805.0,1806.0,1805.0,1805.0,0.6857,2021,12,20
2021-12-20 09:10:00+00:00,1805.0,1806.0,1805.0,1805.0,20.0546,2021,12,20
2021-12-20 09:15:00+00:00,1805.0,1806.0,1805.0,1805.0,4.0487,2021,12,20
2021-12-20 09:20:00+00:00,1806.0,1806.0,1805.0,1806.0,2.4749,2021,12,20
2021-12-20 09:25:00+00:00,1806.0,1806.0,1805.0,1805.0,0.6772,2021,12,20
2021-12-20 09:30:00+00:00,1806.0,1806.0,1805.0,1806.0,1.464,2021,12,20
2021-12-20 09:35:00+00:00,1805.0,1806.0,1805.0,1806.0,0.0198,2021,12,20
2021-12-20 09:40:00+00:00,1805.0,1805.0,1804.0,1804.0,2.0849,2021,12,20
2021-12-20 09:45:00+00:00,1804.0,1804.0,1803.0,1803.0,2.689,2021,12,20
2021-12-20 09:50:00+00:00,1804.0,1805.0,1803.0,1804.0,5.8998,2021,12,20
2021-12-20 09:55:00+00:00,1805.0,1805.0,1804.0,1804.0,1.7452,2021,12,20
2021-12-20 10:00:00+00:00,1805.0,1805.0,1804.0,1805.0,0.5253,2021,12,20
2021-12-20 10:05:00+00:00,1805.0,1805.0,1805.0,1805.0,0.508,2021,12,20
2021-12-20 10:10:00+00:00,1805.0,1805.0,1805.0,1805.0,0.9527,2021,12,20
2021-12-20 10:15:00+00:00,1805.0,1805.0,1804.0,1805.0,0.1498,2021,12,20
2021-12-20 10:20:00+00:00,1805.0,1805.0,1804.0,1804.0,18.2119,2021,12,20
2021-12-20 10:25:00+00:00,1805.0,1805.0,1804.0,1804.0,3.1557,2021,12,20
2021-12-20 10:30:00+00:00,1804.0,1804.0,1804.0,1804.0,10.1357,2021,12,20
2021-12-20 10:35:00+00:00,1804.0,1805.0,1804.0,1805.0,1.4046,2021,12,20
2021-12-20 10:40:00+00:00,1805.0,1805.0,1804.0,1804.0,15.3422,2021,12,20
2021-12-20 10:45:00+00:00,1804.0,1807.0,1804.0,1807.0,140.4579,2021,12,20
2021-12-20 10:50:00+00:00,1807.0,1807.0,1806.0,1807.0,2.0446,2021,12,20
2021-12-20 10:55:00+00:00,1807.0,1807.0,1806.0,1807.0,5.9694,2021,12,20
2021-12-20 11:00:00+00:00,1807.0,1807.0,1806.0,1807.0,7.0024,2021,12,20
2021-12-20 11:05:00+00:00,1807.0,1807.0,1806.0,1806.0,12.7657,2021,12,20
2021-12-20 11:10:00+00:00,1806.0,1814.0,1805.0,1807.0,172.9672,2021,12,20
2021-12-20 11:15:00+00:00,1807.0,1807.0,1806.0,1806.0,12.4608,2021,12,20
2021-12-20 11:20:00+00:00,1806.0,1807.0,1806.0,1807.0,0.0848,2021,12,20
2021-12-20 11:25:00+00:00,1807.0,1807.0,1806.0,1806.0,0.4084,2021,12,20
2021-12-20 11:30:00+00:00,1806.0,1807.0,1806.0,1807.0,0.528,2021,12,20
2021-12-20 11:35:00+00:00,1806.0,1806.0,1806.0,1806.0,2.0039,2021,12,20
2021-12-20 11:40:00+00:00,1805.0,1805.0,1805.0,1805.0,1.2216,2021,12,20
2021-12-20 11:45:00+00:00,1805.0,1805.0,1804.0,1805.0,2.7615,2021,12,20
2021-12-20 11:50:00+00:00,1805.0,1806.0,1805.0,1806.0,2.2174,2021,12,20
2021-12-20 11:55:00+00:00,1806.0,1806.0,1804.0,1805.0,5.4047,2021,12,20
2021-12-20 12:00:00+00:00,1805.0,1805.0,1804.0,1805.0,7.0774,2021,12,20
2021-12-20 12:05:00+00:00,1804.0,1804.0,1804.0,1804.0,7.1533,2021,12,20
2021-12-20 12:10:00+00:00,1805.0,1806.0,1804.0,1806.0,2.1527,2021,12,20
2021-12-20 12:15:00+00:00,1806.0,1807.0,1805.0,1805.0,3.4668,2021,12,20
2021-12-20 12:20:00+00:00,1805.0,1806.0,1805.0,1805.0,1.6209,2021,12,20
2021-12-20 12:25:00+00:00,1806.0,1813.0,1806.0,1807.0,25.6067,2021,12,20
2021-12-20 12:30:00+00:00,1807.0,1808.0,1806.0,1806.0,17.0847,2021,12,20
2021-12-20 12:35:00+00:00,1806.0,1807.0,1806.0,1807.0,1.109,2021,12,20
2021-12-20 12:40:00+00:00,1806.0,1806.0,1802.0,1803.0,28.4467,2021,12,20
2021-12-20 12:45:00+00:00,1802.0,1803.0,1802.0,1802.0,0.8033,2021,12,20
2021-12-20 12:50:00+00:00,1802.0,1803.0,1802.0,1803.0,4.3404,2021,12,20
2021-12-20 12:55:00+00:00,1802.0,1803.0,1802.0,1802.0,3.5723,2021,12,20
2021-12-20 13:00:00+00:00,1802.0,1804.0,1802.0,1804.0,4.8373,2021,12,20
2021-12-20 13:05:00+00:00,1804.0,1804.0,1803.0,1804.0,0.0206,2021,12,20
2021-12-20 13:10:00+00:00,1804.0,1806.0,1804.0,1806.0,14.8435,2021,12,20
2021-12-20 13:15:00+00:00,1806.0,1806.0,1805.0,1805.0,8.2844,2021,12,20
2021-12-20 13:20:00+00:00,1805.0,1805.0,1804.0,1804.0,3.5216,2021,12,20
2021-12-20 13:25:00+00:00,1805.0,1805.0,1804.0,1804.0,1.4127,2021,12,20
2021-12-20 13:30:00+00:00,1804.0,1805.0,1803.0,1804.0,7.2241,2021,12,20
2021-12-20 13:35:00+00:00,1804.0,1806.0,1804.0,1805.0,3.1841,2021,12,20
2021-12-20 13:40:00+00:00,1805.0,1806.0,1805.0,1806.0,1.4772,2021,12,20
2021-12-20 13:45:00+00:00,1805.0,1806.0,1805.0,1805.0,2.771,2021,12,20
2021-12-20 13:50:00+00:00,1804.0,1806.0,1802.0,1805.0,5.5184,2021,12,20
2021-12-20 13:55:00+00:00,1805.0,1805.0,1803.0,1803.0,5.8307,2021,12,20
2021-12-20 14:00:00+00:00,1803.0,1808.0,1803.0,1808.0,17.2777,2021,12,20
2021-12-20 14:05:00+00:00,1806.0,1810.0,1806.0,1806.0,42.0448,2021,12,20
2021-12-20 14:10:00+00:00,1805.0,1806.0,1805.0,1805.0,2.5703,2021,12,20
2021-12-20 14:15:00+00:00,1806.0,1808.0,1806.0,1807.0,8.3042,2021,12,20
2021-12-20 14:20:00+00:00,1806.0,1807.0,1806.0,1806.0,11.8023,2021,12,20
2021-12-20 14:25:00+00:00,1805.0,1806.0,1805.0,1805.0,1.479,2021,12,20
2021-12-20 14:30:00+00:00,1806.0,1806.0,1805.0,1806.0,2.6923,2021,12,20
2021-12-20 14:35:00+00:00,1805.0,1807.0,1805.0,1805.0,12.3896,2021,12,20
2021-12-20 14:40:00+00:00,1806.0,1810.0,1804.0,1804.0,16.6189,2021,12,20
2021-12-20 14:45:00+00:00,1804.0,1807.0,1803.0,1804.0,19.0387,2021,12,20
2021-12-20 14:50:00+00:00,1804.0,1805.0,1803.0,1803.0,2.1367,2021,12,20
2021-12-20 14:55:00+00:00,1803.0,1805.0,1802.0,1802.0,23.5633,2021,12,20
2021-12-20 15:00:00+00:00,1802.0,1802.0,1801.0,1802.0,2.4963,2021,12,20
2021-12-20 15:05:00+00:00,1801.0,1804.0,1801.0,1803.0,8.1151,2021,12,20
2021-12-20 15:10:00+00:00,1802.0,1805.0,1802.0,1802.0,10.6998,2021,12,20
2021-12-20 15:15:00+00:00,1804.0,1806.0,1802.0,1805.0,12.9678,2021,12,20
2021-12-20 15:20:00+00:00,1805.0,1805.0,1803.0,1803.0,6.7057,2021,12,20
2021-12-20 15:25:00+00:00,1803.0,1804.0,1803.0,1803.0,2.1502,2021,12,20
2021-12-20 15:30:00+00:00,1804.0,1804.0,1803.0,1803.0,3.6661,2021,12,20
2021-12-20 15:35:00+00:00,1803.0,1804.0,1803.0,1803.0,0.3117,2021,12,20
2021-12-20 15:40:00+00:00,1803.0,1804.0,1803.0,1804.0,0.6619,2021,12,20
2021-12-20 15:45:00+00:00,1803.0,1804.0,1803.0,1803.0,0.5008,2021,12,20
2021-12-20 15:50:00+00:00,1803.0,1803.0,1803.0,1803.0,0.2546,2021,12,20
2021-12-20 15:55:00+00:00,1804.0,1804.0,1802.0,1803.0,11.781,2021,12,20
2021-12-20 16:00:00+00:00,1802.0,1804.0,1802.0,1804.0,6.0582,2021,12,20
2021-12-20 16:05:00+00:00,1803.0,1804.0,1803.0,1803.0,1.1252,2021,12,20
2021-12-20 16:10:00+00:00,1803.0,1804.0,1803.0,1804.0,2.5216,2021,12,20
2021-12-20 16:15:00+00:00,1803.0,1804.0,1803.0,1804.0,1.3999,2021,12,20
2021-12-20 16:20:00+00:00,1804.0,1804.0,1804.0,1804.0,0.4078,2021,12,20
2021-12-20 16:25:00+00:00,1803.0,1803.0,1802.0,1802.0,1.1838,2021,12,20
2021-12-20 16:30:00+00:00,1802.0,1803.0,1802.0,1802.0,0.9601,2021,12,20
2021-12-20 16:35:00+00:00,1802.0,1803.0,1801.0,1801.0,0.4241,2021,12,20
2021-12-20 16:40:00+00:00,1801.0,1802.0,1801.0,1802.0,0.6543,2021,12,20
2021-12-20 16:45:00+00:00,1802.0,1802.0,1801.0,1802.0,6.9738,2021,12,20
2021-12-20 16:50:00+00:00,1801.0,1803.0,1801.0,1803.0,8.8942,2021,12,20
2021-12-20 16:55:00+00:00,1803.0,1805.0,1802.0,1803.0,64.3922,2021,12,20
2021-12-20 17:00:00+00:00,1803.0,1803.0,1802.0,1802.0,10.5954,2021,12,20
2021-12-20 17:05:00+00:00,1801.0,1806.0,1800.0,1803.0,27.8314,2021,12,20
2021-12-20 17:10:00+00:00,1803.0,1803.0,1802.0,1802.0,2.0766,2021,12,20
2021-12-20 17:15:00+00:00,1803.0,1803.0,1802.0,1802.0,5.7391,2021,12,20
2021-12-20 17:20:00+00:00,1803.0,1803.0,1802.0,1803.0,1.1594,2021,12,20
2021-12-20 17:25:00+00:00,1803.0,1803.0,1801.0,1801.0,21.1891,2021,12,20
2021-12-20 17:30:00+00:00,1801.0,1802.0,1800.0,1800.0,6.4325,2021,12,20
2021-12-20 17:35:00+00:00,1801.0,1802.0,1800.0,1802.0,9.4834,2021,12,20
2021-12-20 17:40:00+00:00,1801.0,1802.0,1801.0,1801.0,0.9208,2021,12,20
2021-12-20 17:45:00+00:00,1802.0,1802.0,1801.0,1801.0,1.4493,2021,12,20
2021-12-20 17:50:00+00:00,1801.0,1802.0,1801.0,1802.0,4.782,2021,12,20
2021-12-20 17:55:00+00:00,1801.0,1802.0,1800.0,1801.0,33.2805,2021,12,20
2021-12-20 18:00:00+00:00,1801.0,1802.0,1797.0,1801.0,52.2033,2021,12,20
2021-12-20 18:05:00+00:00,1801.0,1802.0,1801.0,1802.0,3.043,2021,12,20
2021-12-20 18:10:00+00:00,1802.0,1802.0,1801.0,1802.0,1.5824,2021,12,20
2021-12-20 18:15:00+00:00,1801.0,1802.0,1801.0,1801.0,4.852,2021,12,20
2021-12-20 18:20:00+00:00,1802.0,1802.0,1801.0,1801.0,1.5411,2021,12,20
2021-12-20 18:25:00+00:00,1801.0,1802.0,1801.0,1801.0,3.6615,2021,12,20
2021-12-20 18:30:00+00:00,1801.0,1801.0,1800.0,1801.0,9.7657,2021,12,20
2021-12-20 18:35:00+00:00,1801.0,1802.0,1801.0,1802.0,15.8693,2021,12,20
2021-12-20 18:40:00+00:00,1802.0,1802.0,1801.0,1802.0,1.2826,2021,12,20
2021-12-20 18:45:00+00:00,1801.0,1802.0,1801.0,1802.0,1.5372,2021,12,20
2021-12-20 18:50:00+00:00,1801.0,1802.0,1801.0,1801.0,3.293,2021,12,20
2021-12-20 18:55:00+00:00,1802.0,1802.0,1800.0,1800.0,6.3959,2021,12,20
2021-12-20 19:00:00+00:00,1800.0,1805.0,1800.0,1801.0,51.0922,2021,12,20
2021-12-20 19:05:00+00:00,1801.0,1805.0,1798.0,1802.0,83.1048,2021,12,20
2021-12-20 19:10:00+00:00,1802.0,1802.0,1801.0,1802.0,6.9799,2021,12,20
2021-12-20 19:15:00+00:00,1801.0,1802.0,1800.0,1802.0,23.4049,2021,12,20
2021-12-20 19:20:00+00:00,1801.0,1802.0,1799.0,1799.0,3.8189,2021,12,20
2021-12-20 19:25:00+00:00,1799.0,1800.0,1799.0,1799.0,1.6936,2021,12,20
2021-12-20 19:30:00+00:00,1799.0,1800.0,1799.0,1799.0,1.1132,2021,12,20
2021-12-20 19:35:00+00:00,1799.0,1799.0,1799.0,1799.0,3.8075,2021,12,20
2021-12-20 19:40:00+00:00,1799.0,1799.0,1798.0,1799.0,4.281,2021,12,20
2021-12-20 19:45:00+00:00,1800.0,1800.0,1798.0,1799.0,17.3703,2021,12,20
2021-12-20 19:50:00+00:00,1799.0,1801.0,1798.0,1800.0,14.5898,2021,12,20
2021-12-20 19:55:00+00:00,1800.0,1803.0,1799.0,1799.0,11.286,2021,12,20
2021-12-20 20:00:00+00:00,1799.0,1800.0,1798.0,1798.0,11.296,2021,12,20
2021-12-20 20:05:00+00:00,1799.0,1800.0,1797.0,1799.0,26.1035,2021,12,20
2021-12-20 20:10:00+00:00,1799.0,1799.0,1797.0,1797.0,4.9192,2021,12,20
2021-12-20 20:15:00+00:00,1798.0,1798.0,1797.0,1797.0,1.2852,2021,12,20
2021-12-20 20:20:00+00:00,1797.0,1798.0,1797.0,1797.0,9.2743,2021,12,20
2021-12-20 20:25:00+00:00,1798.0,1799.0,1797.0,1798.0,6.6737,2021,12,20
2021-12-20 20:30:00+00:00,1798.0,1799.0,1798.0,1798.0,3.3303,2021,12,20
2021-12-20 20:35:00+00:00,1798.0,1799.0,1798.0,1798.0,0.8399,2021,12,20
2021-12-20 20:40:00+00:00,1798.0,1799.0,1798.0,1798.0,1.1514,2021,12,20
2021-12-20 20:45:00+00:00,1799.0,1799.0,1798.0,1798.0,4.0607,2021,12,20
2021-12-20 20:50:00+00:00,1799.0,1801.0,1798.0,1798.0,30.6907,2021,12,20
2021-12-20 20:55:00+00:00,1799.0,1799.0,1798.0,1798.0,19.7693,2021,12,20
2021-12-20 21:00:00+00:00,1798.0,1799.0,1797.0,1797.0,4.7453,2021,12,20
2021-12-20 21:05:00+00:00,1797.0,1803.0,1797.0,1798.0,59.3259,2021,12,20
2021-12-20 21:10:00+00:00,1799.0,1800.0,1798.0,1798.0,2.0873,2021,12,20
2021-12-20 21:15:00+00:00,1799.0,1800.0,1798.0,1798.0,4.2346,2021,12,20
2021-12-20 21:20:00+00:00,1798.0,1798.0,1798.0,1798.0,6.11,2021,12,20
2021-12-20 21:25:00+00:00,1798.0,1799.0,1798.0,1798.0,4.1143,2021,12,20
2021-12-20 21:30:00+00:00,1798.0,1799.0,1798.0,1798.0,2.2888,2021,12,20
2021-12-20 21:35:00+00:00,1798.0,1798.0,1797.0,1798.0,4.862,2021,12,20
2021-12-20 21:40:00+00:00,1798.0,1799.0,1797.0,1799.0,1.3415,2021,12,20
2021-12-20 21:45:00+00:00,1797.0,1799.0,1797.0,1798.0,0.3006,2021,12,20
2021-12-20 21:50:00+00:00,1799.0,1799.0,1797.0,1798.0,19.9301,2021,12,20
2021-12-20 21:55:00+00:00,1797.0,1798.0,1796.0,1797.0,18.984,2021,12,20
2021-12-20 22:00:00+00:00,1797.0,1797.0,1793.0,1797.0,32.6455,2021,12,20
2021-12-20 22:05:00+00:00,1797.0,1797.0,1797.0,1797.0,0.0597,2021,12,20
2021-12-20 22:10:00+00:00,1797.0,1797.0,1796.0,1797.0,5.9427,2021,12,20
2021-12-20 22:15:00+00:00,1797.0,1798.0,1797.0,1798.0,0.1421,2021,12,20
2021-12-20 22:20:00+00:00,1798.0,1798.0,1797.0,1797.0,0.8386,2021,12,20
2021-12-20 22:25:00+00:00,1797.0,1797.0,1797.0,1797.0,0.7989,2021,12,20
2021-12-20 22:30:00+00:00,1798.0,1798.0,1797.0,1798.0,0.1735,2021,12,20
2021-12-20 22:35:00+00:00,1797.0,1798.0,1797.0,1798.0,1.0051,2021,12,20
2021-12-20 22:40:00+00:00,1797.0,1798.0,1797.0,1798.0,0.0571,2021,12,20
2021-12-20 22:45:00+00:00,1797.0,1798.0,1797.0,1798.0,0.5089,2021,12,20
2021-12-20 22:50:00+00:00,1798.0,1798.0,1797.0,1797.0,1.455,2021,12,20
2021-12-20 22:55:00+00:00,1797.0,1797.0,1797.0,1797.0,4.7384,2021,12,20
2021-12-20 23:00:00+00:00,1797.0,1799.0,1797.0,1798.0,6.6507,2021,12,20
2021-12-20 23:05:00+00:00,1798.0,1799.0,1798.0,1798.0,3.0294,2021,12,20
2021-12-20 23:10:00+00:00,1798.0,1798.0,1798.0,1798.0,0.0135,2021,12,20
2021-12-20 23:15:00+00:00,1799.0,1799.0,1798.0,1799.0,0.0403,2021,12,20
2021-12-20 23:20:00+00:00,1799.0,1799.0,1799.0,1799.0,0.413,2021,12,20
2021-12-20 23:25:00+00:00,1799.0,1799.0,1799.0,1799.0,0.4687,2021,12,20
2021-12-20 23:30:00+00:00,1799.0,1799.0,1798.0,1799.0,0.1383,2021,12,20
2021-12-20 23:35:00+00:00,1799.0,1799.0,1798.0,1798.0,0.6989,2021,12,20
2021-12-20 23:40:00+00:00,1798.0,1799.0,1798.0,1799.0,1.572,2021,12,20
2021-12-20 23:45:00+00:00,1798.0,1798.0,1798.0,1798.0,0.075,2021,12,20
2021-12-20 23:50:00+00:00,1798.0,1798.0,1798.0,1798.0,2.8359,2021,12,20
2021-12-20 23:55:00+00:00,1798.0,1799.0,1798.0,1799.0,9.3012,2021,12,20
