timestamp,open,high,low,close,volume,year,month,day
2021-07-11 00:00:00+00:00,1810.56,1810.92,1810.56,1810.58,0.286435,2021,7,11
2021-07-11 00:05:00+00:00,1809.8,1809.81,1809.8,1809.8,0.643735,2021,7,11
2021-07-11 00:10:00+00:00,1809.81,1811.07,1809.66,1810.95,2.773065,2021,7,11
2021-07-11 00:15:00+00:00,1810.95,1811.78,1810.73,1811.76,5.105007,2021,7,11
2021-07-11 00:20:00+00:00,1811.76,1811.99,1810.84,1810.86,0.778119,2021,7,11
2021-07-11 00:25:00+00:00,1810.86,1811.96,1810.86,1811.45,2.131388,2021,7,11
2021-07-11 00:30:00+00:00,1810.81,1811.58,1810.68,1811.58,4.303706,2021,7,11
2021-07-11 00:35:00+00:00,1811.67,1811.68,1811.5,1811.68,0.938776,2021,7,11
2021-07-11 00:40:00+00:00,1810.6,1811.68,1810.6,1811.68,0.23057,2021,7,11
2021-07-11 00:45:00+00:00,1811.68,1811.96,1811.68,1811.96,0.799267,2021,7,11
2021-07-11 00:50:00+00:00,1811.69,1811.95,1811.67,1811.95,0.227751,2021,7,11
2021-07-11 00:55:00+00:00,1811.74,1811.93,1811.55,1811.93,0.163731,2021,7,11
2021-07-11 01:00:00+00:00,1811.93,1811.93,1810.42,1811.92,0.836119,2021,7,11
2021-07-11 01:05:00+00:00,1811.92,1811.92,1810.58,1810.58,0.062574,2021,7,11
2021-07-11 01:10:00+00:00,1810.93,1810.93,1810.57,1810.57,0.925685,2021,7,11
2021-07-11 01:15:00+00:00,1810.57,1811.15,1810.24,1811.15,6.909746,2021,7,11
2021-07-11 01:20:00+00:00,1811.88,1811.88,1810.59,1810.59,0.062516,2021,7,11
2021-07-11 01:25:00+00:00,1811.86,1811.86,1811.86,1811.86,0.065512,2021,7,11
2021-07-11 01:30:00+00:00,1811.87,1811.88,1811.87,1811.87,0.370431,2021,7,11
2021-07-11 01:35:00+00:00,1811.87,1811.87,1811.87,1811.87,0.07936,2021,7,11
2021-07-11 01:40:00+00:00,1811.88,1811.88,1810.77,1810.77,0.15063,2021,7,11
2021-07-11 01:45:00+00:00,1811.86,1811.86,1811.86,1811.86,0.141314,2021,7,11
2021-07-11 01:50:00+00:00,1810.77,1811.84,1810.77,1810.78,0.104454,2021,7,11
2021-07-11 01:55:00+00:00,1810.78,1810.78,1810.65,1810.65,0.0655,2021,7,11
2021-07-11 02:00:00+00:00,1810.65,1811.78,1810.65,1811.78,0.13407,2021,7,11
2021-07-11 02:05:00+00:00,1810.67,1811.79,1810.26,1811.79,0.301051,2021,7,11
2021-07-11 02:10:00+00:00,1811.78,1811.91,1810.61,1810.61,0.98945,2021,7,11
2021-07-11 02:15:00+00:00,1811.88,1811.88,1810.61,1810.61,0.052495,2021,7,11
2021-07-11 02:20:00+00:00,1811.48,1811.48,1809.9,1810.05,1.341203,2021,7,11
2021-07-11 02:25:00+00:00,1810.05,1812.35,1810.05,1812.35,7.535136,2021,7,11
2021-07-11 02:30:00+00:00,1812.35,1812.35,1812.3,1812.3,0.51283,2021,7,11
2021-07-11 02:35:00+00:00,1812.3,1812.3,1812.3,1812.3,0.0,2021,7,11
2021-07-11 02:40:00+00:00,1812.3,1812.45,1812.3,1812.45,1.546845,2021,7,11
2021-07-11 02:45:00+00:00,1812.45,1812.45,1812.45,1812.45,0.0,2021,7,11
2021-07-11 02:50:00+00:00,1812.4,1812.4,1811.59,1811.59,0.151559,2021,7,11
2021-07-11 02:55:00+00:00,1811.59,1811.59,1810.13,1810.34,6.208446,2021,7,11
2021-07-11 03:00:00+00:00,1811.34,1811.34,1810.26,1811.26,0.627851,2021,7,11
2021-07-11 03:05:00+00:00,1810.27,1810.27,1809.45,1809.45,8.591462,2021,7,11
2021-07-11 03:10:00+00:00,1809.44,1809.45,1809.01,1809.01,0.593957,2021,7,11
2021-07-11 03:15:00+00:00,1809.44,1809.44,1809.44,1809.44,0.165722,2021,7,11
2021-07-11 03:20:00+00:00,1809.02,1809.44,1809.02,1809.02,0.132187,2021,7,11
2021-07-11 03:25:00+00:00,1809.01,1809.01,1809.01,1809.01,0.050647,2021,7,11
2021-07-11 03:30:00+00:00,1809.38,1810.6,1809.38,1810.6,6.472662,2021,7,11
2021-07-11 03:35:00+00:00,1810.54,1810.81,1809.05,1810.81,17.335335,2021,7,11
2021-07-11 03:40:00+00:00,1810.86,1812.55,1810.86,1812.5,6.202293,2021,7,11
2021-07-11 03:45:00+00:00,1810.88,1810.88,1810.85,1810.85,0.372055,2021,7,11
2021-07-11 03:50:00+00:00,1812.31,1812.31,1812.31,1812.31,0.060695,2021,7,11
2021-07-11 03:55:00+00:00,1810.86,1814.0,1810.84,1812.24,24.370972,2021,7,11
2021-07-11 04:00:00+00:00,1812.29,1813.73,1812.0,1812.03,0.90948,2021,7,11
2021-07-11 04:05:00+00:00,1812.03,1813.03,1812.0,1813.03,2.921327,2021,7,11
2021-07-11 04:10:00+00:00,1812.04,1813.03,1812.0,1812.0,6.882981,2021,7,11
2021-07-11 04:15:00+00:00,1812.99,1813.51,1812.0,1812.0,2.373115,2021,7,11
2021-07-11 04:20:00+00:00,1812.0,1813.44,1811.9,1811.9,0.995167,2021,7,11
2021-07-11 04:25:00+00:00,1811.9,1813.37,1811.9,1813.37,0.872744,2021,7,11
2021-07-11 04:30:00+00:00,1813.37,1813.4,1813.37,1813.4,0.60202,2021,7,11
2021-07-11 04:35:00+00:00,1813.4,1813.4,1813.4,1813.4,0.148419,2021,7,11
2021-07-11 04:40:00+00:00,1812.7,1813.39,1812.0,1813.39,0.147879,2021,7,11
2021-07-11 04:45:00+00:00,1813.11,1813.11,1812.0,1812.0,0.672073,2021,7,11
2021-07-11 04:50:00+00:00,1813.39,1814.51,1812.73,1812.73,19.744183,2021,7,11
2021-07-11 04:55:00+00:00,1813.92,1814.78,1812.95,1814.4,11.740902,2021,7,11
2021-07-11 05:00:00+00:00,1813.15,1814.52,1812.6,1812.8,11.337046,2021,7,11
2021-07-11 05:05:00+00:00,1813.65,1814.0,1813.65,1814.0,1.21169,2021,7,11
2021-07-11 05:10:00+00:00,1814.68,1814.68,1814.68,1814.68,0.155205,2021,7,11
2021-07-11 05:15:00+00:00,1813.09,1813.09,1813.09,1813.09,0.110308,2021,7,11
2021-07-11 05:20:00+00:00,1814.64,1814.64,1814.33,1814.33,0.155501,2021,7,11
2021-07-11 05:25:00+00:00,1813.71,1813.97,1813.44,1813.97,0.342954,2021,7,11
2021-07-11 05:30:00+00:00,1813.98,1813.98,1813.03,1813.03,2.754285,2021,7,11
2021-07-11 05:35:00+00:00,1814.2,1814.2,1814.2,1814.2,0.2628,2021,7,11
2021-07-11 05:40:00+00:00,1814.2,1814.23,1814.2,1814.23,0.993559,2021,7,11
2021-07-11 05:45:00+00:00,1812.97,1812.97,1812.95,1812.95,0.845915,2021,7,11
2021-07-11 05:50:00+00:00,1814.2,1814.2,1814.2,1814.2,0.055095,2021,7,11
2021-07-11 05:55:00+00:00,1814.12,1814.2,1812.96,1812.96,0.216466,2021,7,11
2021-07-11 06:00:00+00:00,1814.2,1814.21,1814.2,1814.21,0.450106,2021,7,11
2021-07-11 06:05:00+00:00,1814.21,1814.21,1814.08,1814.08,0.250496,2021,7,11
2021-07-11 06:10:00+00:00,1814.08,1814.15,1812.99,1812.99,1.035528,2021,7,11
2021-07-11 06:15:00+00:00,1812.99,1814.07,1812.99,1814.07,0.022124,2021,7,11
2021-07-11 06:20:00+00:00,1814.06,1814.06,1814.06,1814.06,0.055101,2021,7,11
2021-07-11 06:25:00+00:00,1813.37,1813.37,1813.37,1813.37,0.007379,2021,7,11
2021-07-11 06:30:00+00:00,1813.7,1813.7,1812.97,1813.37,0.156419,2021,7,11
2021-07-11 06:35:00+00:00,1813.09,1813.37,1812.83,1813.37,1.108844,2021,7,11
2021-07-11 06:40:00+00:00,1814.03,1814.05,1812.84,1812.84,0.297001,2021,7,11
2021-07-11 06:45:00+00:00,1813.84,1813.84,1813.7,1813.71,0.084239,2021,7,11
2021-07-11 06:50:00+00:00,1813.98,1813.99,1813.98,1813.99,0.119676,2021,7,11
2021-07-11 06:55:00+00:00,1813.73,1813.75,1813.43,1813.43,0.253844,2021,7,11
2021-07-11 07:00:00+00:00,1813.43,1813.9,1812.85,1812.87,0.489152,2021,7,11
2021-07-11 07:05:00+00:00,1813.9,1813.9,1813.89,1813.89,0.184904,2021,7,11
2021-07-11 07:10:00+00:00,1813.65,1813.87,1812.9,1812.9,0.102072,2021,7,11
2021-07-11 07:15:00+00:00,1812.9,1812.9,1812.9,1812.9,0.3141,2021,7,11
2021-07-11 07:20:00+00:00,1813.82,1813.82,1813.31,1813.31,0.075707,2021,7,11
2021-07-11 07:25:00+00:00,1813.45,1813.72,1813.45,1813.72,0.057304,2021,7,11
2021-07-11 07:30:00+00:00,1813.75,1814.07,1813.75,1814.07,1.294985,2021,7,11
2021-07-11 07:35:00+00:00,1813.91,1814.17,1813.91,1814.05,0.102237,2021,7,11
2021-07-11 07:40:00+00:00,1814.19,1814.2,1814.0,1814.2,0.465393,2021,7,11
2021-07-11 07:45:00+00:00,1814.2,1814.2,1813.61,1813.61,1.540244,2021,7,11
2021-07-11 07:50:00+00:00,1814.19,1816.18,1814.19,1815.78,14.093459,2021,7,11
2021-07-11 07:55:00+00:00,1815.78,1816.06,1815.78,1816.06,1.83533,2021,7,11
2021-07-11 08:00:00+00:00,1815.69,1815.88,1814.5,1815.81,1.604959,2021,7,11
2021-07-11 08:05:00+00:00,1815.07,1815.39,1814.48,1814.48,3.96998,2021,7,11
2021-07-11 08:10:00+00:00,1815.3,1815.3,1815.23,1815.23,0.113037,2021,7,11
2021-07-11 08:15:00+00:00,1815.06,1815.09,1815.0,1815.09,0.287719,2021,7,11
2021-07-11 08:20:00+00:00,1815.0,1815.05,1814.39,1815.0,1.586261,2021,7,11
2021-07-11 08:25:00+00:00,1815.0,1815.62,1814.53,1815.61,11.436644,2021,7,11
2021-07-11 08:30:00+00:00,1815.56,1815.56,1814.57,1814.58,0.319106,2021,7,11
2021-07-11 08:35:00+00:00,1815.33,1815.49,1814.6,1815.47,0.595273,2021,7,11
2021-07-11 08:40:00+00:00,1814.6,1815.38,1814.5,1815.31,1.585245,2021,7,11
2021-07-11 08:45:00+00:00,1815.3,1815.33,1814.51,1814.51,3.687711,2021,7,11
2021-07-11 08:50:00+00:00,1814.51,1815.32,1814.37,1815.32,2.329563,2021,7,11
2021-07-11 08:55:00+00:00,1814.38,1815.23,1814.38,1814.39,0.652357,2021,7,11
2021-07-11 09:00:00+00:00,1815.22,1815.24,1814.21,1814.7,1.210776,2021,7,11
2021-07-11 09:05:00+00:00,1814.98,1814.98,1814.21,1814.21,0.266439,2021,7,11
2021-07-11 09:10:00+00:00,1814.98,1814.98,1814.17,1814.17,0.140003,2021,7,11
2021-07-11 09:15:00+00:00,1814.81,1814.96,1814.67,1814.81,0.208326,2021,7,11
2021-07-11 09:20:00+00:00,1814.97,1815.53,1814.69,1814.69,5.709374,2021,7,11
2021-07-11 09:25:00+00:00,1815.51,1816.18,1814.23,1814.24,10.838709,2021,7,11
2021-07-11 09:30:00+00:00,1815.15,1815.15,1813.6,1814.1,4.558011,2021,7,11
2021-07-11 09:35:00+00:00,1813.71,1813.91,1812.8,1812.8,1.295344,2021,7,11
2021-07-11 09:40:00+00:00,1813.91,1813.91,1813.68,1813.69,0.479016,2021,7,11
2021-07-11 09:45:00+00:00,1813.25,1813.68,1812.83,1812.83,2.007985,2021,7,11
2021-07-11 09:50:00+00:00,1812.82,1813.56,1812.8,1813.56,0.340463,2021,7,11
2021-07-11 09:55:00+00:00,1813.56,1813.56,1813.56,1813.56,0.0,2021,7,11
2021-07-11 10:00:00+00:00,1812.81,1817.0,1812.81,1814.01,32.967993,2021,7,11
2021-07-11 10:05:00+00:00,1814.62,1814.63,1814.62,1814.63,0.124189,2021,7,11
2021-07-11 10:10:00+00:00,1814.61,1814.94,1814.01,1814.94,0.278641,2021,7,11
2021-07-11 10:15:00+00:00,1814.95,1815.08,1814.79,1815.08,0.586251,2021,7,11
2021-07-11 10:20:00+00:00,1814.78,1814.78,1812.62,1812.62,9.468726,2021,7,11
2021-07-11 10:25:00+00:00,1813.43,1813.43,1813.43,1813.43,0.00608,2021,7,11
2021-07-11 10:30:00+00:00,1813.43,1813.43,1811.9,1811.9,0.68182,2021,7,11
2021-07-11 10:35:00+00:00,1812.45,1812.45,1810.81,1810.81,8.0,2021,7,11
2021-07-11 10:40:00+00:00,1811.13,1812.52,1810.78,1810.79,12.707711,2021,7,11
2021-07-11 10:45:00+00:00,1810.79,1810.9,1810.58,1810.9,0.200124,2021,7,11
2021-07-11 10:50:00+00:00,1810.92,1810.92,1810.59,1810.9,0.140296,2021,7,11
2021-07-11 10:55:00+00:00,1810.88,1810.88,1809.58,1809.58,2.03328,2021,7,11
2021-07-11 11:00:00+00:00,1810.53,1810.53,1809.58,1810.32,0.627087,2021,7,11
2021-07-11 11:05:00+00:00,1810.32,1810.32,1809.25,1810.24,0.771246,2021,7,11
2021-07-11 11:10:00+00:00,1810.21,1810.21,1808.54,1809.73,4.516737,2021,7,11
2021-07-11 11:15:00+00:00,1808.61,1809.61,1808.54,1809.61,0.189036,2021,7,11
2021-07-11 11:20:00+00:00,1809.73,1810.55,1808.59,1810.55,0.796133,2021,7,11
2021-07-11 11:25:00+00:00,1810.4,1811.74,1810.4,1811.51,3.188767,2021,7,11
2021-07-11 11:30:00+00:00,1811.01,1811.85,1808.2,1809.21,41.986604,2021,7,11
2021-07-11 11:35:00+00:00,1810.81,1810.81,1810.37,1810.37,0.103065,2021,7,11
2021-07-11 11:40:00+00:00,1810.37,1810.8,1810.37,1810.38,0.071593,2021,7,11
2021-07-11 11:45:00+00:00,1810.81,1810.84,1810.37,1810.38,0.156702,2021,7,11
2021-07-11 11:50:00+00:00,1810.38,1811.81,1810.38,1811.81,1.964696,2021,7,11
2021-07-11 11:55:00+00:00,1811.81,1811.81,1811.81,1811.81,0.351434,2021,7,11
2021-07-11 12:00:00+00:00,1811.81,1812.15,1811.81,1812.15,6.558235,2021,7,11
2021-07-11 12:05:00+00:00,1811.73,1812.15,1811.3,1812.13,0.952037,2021,7,11
2021-07-11 12:10:00+00:00,1812.13,1812.15,1812.13,1812.15,0.066658,2021,7,11
2021-07-11 12:15:00+00:00,1810.58,1811.55,1810.42,1810.42,1.643683,2021,7,11
2021-07-11 12:20:00+00:00,1810.43,1811.12,1809.45,1809.76,4.708873,2021,7,11
2021-07-11 12:25:00+00:00,1809.48,1809.48,1808.2,1808.44,13.190031,2021,7,11
2021-07-11 12:30:00+00:00,1808.44,1808.71,1808.44,1808.71,3.270783,2021,7,11
2021-07-11 12:35:00+00:00,1808.73,1809.69,1808.73,1809.69,0.8366,2021,7,11
2021-07-11 12:40:00+00:00,1809.0,1809.0,1808.73,1809.0,2.335505,2021,7,11
2021-07-11 12:45:00+00:00,1808.76,1808.76,1808.74,1808.74,0.086756,2021,7,11
2021-07-11 12:50:00+00:00,1809.0,1809.0,1808.73,1809.0,0.458068,2021,7,11
2021-07-11 12:55:00+00:00,1809.0,1809.0,1808.99,1809.0,1.066322,2021,7,11
2021-07-11 13:00:00+00:00,1809.0,1809.0,1808.73,1808.98,0.735087,2021,7,11
2021-07-11 13:05:00+00:00,1809.0,1809.0,1808.74,1809.0,0.866317,2021,7,11
2021-07-11 13:10:00+00:00,1808.76,1809.0,1808.75,1808.75,0.228121,2021,7,11
2021-07-11 13:15:00+00:00,1808.99,1809.0,1808.73,1808.73,1.887196,2021,7,11
2021-07-11 13:20:00+00:00,1808.97,1809.0,1808.97,1809.0,1.910448,2021,7,11
2021-07-11 13:25:00+00:00,1809.0,1809.0,1808.72,1808.72,1.034034,2021,7,11
2021-07-11 13:30:00+00:00,1808.96,1809.0,1808.96,1809.0,8.468083,2021,7,11
2021-07-11 13:35:00+00:00,1809.0,1809.37,1809.0,1809.37,0.942205,2021,7,11
2021-07-11 13:40:00+00:00,1809.3,1809.4,1809.3,1809.4,0.088343,2021,7,11
2021-07-11 13:45:00+00:00,1808.79,1811.73,1808.79,1809.49,23.098763,2021,7,11
2021-07-11 13:50:00+00:00,1809.52,1810.59,1809.52,1809.55,0.633115,2021,7,11
2021-07-11 13:55:00+00:00,1810.58,1810.63,1810.58,1810.62,1.115245,2021,7,11
2021-07-11 14:00:00+00:00,1810.62,1812.66,1810.62,1812.66,24.329182,2021,7,11
2021-07-11 14:05:00+00:00,1812.65,1813.0,1811.71,1813.0,3.375574,2021,7,11
2021-07-11 14:10:00+00:00,1813.0,1813.93,1812.29,1812.38,17.581308,2021,7,11
2021-07-11 14:15:00+00:00,1813.63,1813.63,1813.63,1813.63,0.013933,2021,7,11
2021-07-11 14:20:00+00:00,1813.57,1813.57,1812.62,1812.62,0.137741,2021,7,11
2021-07-11 14:25:00+00:00,1813.01,1813.65,1813.01,1813.65,2.130918,2021,7,11
2021-07-11 14:30:00+00:00,1813.65,1813.69,1813.65,1813.65,0.098612,2021,7,11
2021-07-11 14:35:00+00:00,1813.65,1813.65,1813.0,1813.03,0.163583,2021,7,11
2021-07-11 14:40:00+00:00,1813.64,1813.64,1813.64,1813.64,0.064065,2021,7,11
2021-07-11 14:45:00+00:00,1813.03,1813.04,1813.03,1813.04,0.405406,2021,7,11
2021-07-11 14:50:00+00:00,1813.04,1813.05,1813.04,1813.05,0.062183,2021,7,11
2021-07-11 14:55:00+00:00,1813.4,1813.4,1812.2,1812.2,1.175831,2021,7,11
2021-07-11 15:00:00+00:00,1813.23,1813.23,1812.16,1813.12,2.004127,2021,7,11
2021-07-11 15:05:00+00:00,1813.12,1813.12,1813.12,1813.12,0.0,2021,7,11
2021-07-11 15:10:00+00:00,1812.45,1812.73,1812.06,1812.72,0.378655,2021,7,11
2021-07-11 15:15:00+00:00,1812.07,1812.72,1812.07,1812.07,4.266698,2021,7,11
2021-07-11 15:20:00+00:00,1812.06,1812.47,1812.06,1812.47,0.12605,2021,7,11
2021-07-11 15:25:00+00:00,1812.07,1812.47,1812.07,1812.1,0.99431,2021,7,11
2021-07-11 15:30:00+00:00,1812.45,1813.17,1812.45,1813.17,1.232636,2021,7,11
2021-07-11 15:35:00+00:00,1812.73,1813.16,1812.64,1813.16,1.217763,2021,7,11
2021-07-11 15:40:00+00:00,1812.14,1813.14,1812.14,1812.15,0.593009,2021,7,11
2021-07-11 15:45:00+00:00,1812.14,1812.15,1812.06,1812.13,1.495309,2021,7,11
2021-07-11 15:50:00+00:00,1812.12,1812.13,1810.07,1810.07,12.327304,2021,7,11
2021-07-11 15:55:00+00:00,1810.72,1810.72,1810.72,1810.72,0.007333,2021,7,11
2021-07-11 16:00:00+00:00,1811.64,1811.64,1810.72,1811.64,0.593744,2021,7,11
2021-07-11 16:05:00+00:00,1811.64,1811.64,1810.28,1810.65,0.531451,2021,7,11
2021-07-11 16:10:00+00:00,1810.65,1811.64,1810.65,1811.64,0.075692,2021,7,11
2021-07-11 16:15:00+00:00,1811.64,1811.64,1810.09,1810.09,0.597398,2021,7,11
2021-07-11 16:20:00+00:00,1811.48,1811.48,1810.08,1810.08,0.240434,2021,7,11
2021-07-11 16:25:00+00:00,1811.48,1811.49,1810.09,1811.48,0.293549,2021,7,11
2021-07-11 16:30:00+00:00,1811.48,1814.0,1811.48,1813.99,48.560933,2021,7,11
2021-07-11 16:35:00+00:00,1813.89,1814.0,1813.2,1813.2,87.326765,2021,7,11
2021-07-11 16:40:00+00:00,1812.49,1813.99,1810.82,1812.93,28.927915,2021,7,11
2021-07-11 16:45:00+00:00,1812.93,1813.57,1812.91,1813.57,0.777063,2021,7,11
2021-07-11 16:50:00+00:00,1812.3,1813.58,1812.3,1813.58,0.105004,2021,7,11
2021-07-11 16:55:00+00:00,1813.58,1813.58,1813.58,1813.58,0.048714,2021,7,11
2021-07-11 17:00:00+00:00,1812.31,1813.58,1812.29,1813.57,1.166279,2021,7,11
2021-07-11 17:05:00+00:00,1813.56,1813.57,1813.56,1813.57,0.664888,2021,7,11
2021-07-11 17:10:00+00:00,1813.56,1813.56,1812.29,1812.29,2.104331,2021,7,11
2021-07-11 17:15:00+00:00,1812.16,1812.16,1812.16,1812.16,0.0799,2021,7,11
2021-07-11 17:20:00+00:00,1812.74,1812.74,1812.28,1812.28,0.06452,2021,7,11
2021-07-11 17:25:00+00:00,1812.16,1812.22,1811.83,1812.22,0.104148,2021,7,11
2021-07-11 17:30:00+00:00,1812.22,1812.22,1812.0,1812.0,0.146435,2021,7,11
2021-07-11 17:35:00+00:00,1812.0,1812.0,1812.0,1812.0,0.0,2021,7,11
2021-07-11 17:40:00+00:00,1812.21,1812.21,1811.1,1811.1,0.084755,2021,7,11
2021-07-11 17:45:00+00:00,1811.1,1811.1,1811.0,1811.0,0.6981,2021,7,11
2021-07-11 17:50:00+00:00,1811.09,1812.12,1810.97,1812.09,2.867155,2021,7,11
2021-07-11 17:55:00+00:00,1810.84,1810.84,1810.84,1810.84,0.019728,2021,7,11
2021-07-11 18:00:00+00:00,1810.84,1815.52,1810.84,1813.38,24.791741,2021,7,11
2021-07-11 18:05:00+00:00,1813.38,1813.38,1812.81,1812.81,0.720643,2021,7,11
2021-07-11 18:10:00+00:00,1814.16,1814.16,1814.16,1814.16,0.05508,2021,7,11
2021-07-11 18:15:00+00:00,1812.81,1815.34,1812.8,1815.09,3.457005,2021,7,11
2021-07-11 18:20:00+00:00,1813.55,1814.08,1813.54,1813.54,0.576988,2021,7,11
2021-07-11 18:25:00+00:00,1813.57,1814.85,1813.57,1813.62,3.106354,2021,7,11
2021-07-11 18:30:00+00:00,1814.65,1814.65,1813.62,1814.62,0.154734,2021,7,11
2021-07-11 18:35:00+00:00,1814.57,1814.57,1814.57,1814.57,0.3725,2021,7,11
2021-07-11 18:40:00+00:00,1814.33,1814.34,1812.82,1812.82,1.65729,2021,7,11
2021-07-11 18:45:00+00:00,1813.57,1813.57,1812.81,1813.56,0.09675,2021,7,11
2021-07-11 18:50:00+00:00,1813.56,1813.57,1812.81,1813.56,0.261104,2021,7,11
2021-07-11 18:55:00+00:00,1812.81,1814.85,1812.81,1814.77,12.659153,2021,7,11
2021-07-11 19:00:00+00:00,1814.68,1815.09,1813.51,1813.7,3.889953,2021,7,11
2021-07-11 19:05:00+00:00,1813.7,1813.71,1812.57,1812.58,1.69112,2021,7,11
2021-07-11 19:10:00+00:00,1812.77,1814.31,1812.58,1812.6,1.22534,2021,7,11
2021-07-11 19:15:00+00:00,1812.61,1814.3,1812.34,1812.37,2.035365,2021,7,11
2021-07-11 19:20:00+00:00,1812.37,1813.75,1812.36,1812.36,2.760972,2021,7,11
2021-07-11 19:25:00+00:00,1812.36,1813.35,1811.83,1811.84,2.522897,2021,7,11
2021-07-11 19:30:00+00:00,1811.84,1813.15,1811.84,1813.15,0.080474,2021,7,11
2021-07-11 19:35:00+00:00,1811.85,1811.85,1811.83,1811.83,0.506497,2021,7,11
2021-07-11 19:40:00+00:00,1813.15,1813.15,1813.15,1813.15,0.055127,2021,7,11
2021-07-11 19:45:00+00:00,1813.15,1813.15,1813.15,1813.15,0.007373,2021,7,11
2021-07-11 19:50:00+00:00,1812.49,1812.61,1811.81,1811.81,0.278635,2021,7,11
2021-07-11 19:55:00+00:00,1811.72,1811.72,1811.12,1811.12,1.397151,2021,7,11
2021-07-11 20:00:00+00:00,1811.12,1812.13,1811.02,1811.02,6.839037,2021,7,11
2021-07-11 20:05:00+00:00,1811.02,1811.02,1811.02,1811.02,0.0,2021,7,11
2021-07-11 20:10:00+00:00,1811.88,1812.09,1811.88,1811.98,0.53404,2021,7,11
2021-07-11 20:15:00+00:00,1812.61,1812.61,1812.61,1812.61,0.061046,2021,7,11
2021-07-11 20:20:00+00:00,1812.61,1812.61,1812.61,1812.61,0.099792,2021,7,11
2021-07-11 20:25:00+00:00,1812.61,1812.61,1812.61,1812.61,0.055169,2021,7,11
2021-07-11 20:30:00+00:00,1812.61,1812.61,1812.61,1812.61,0.092142,2021,7,11
2021-07-11 20:35:00+00:00,1812.61,1812.61,1812.61,1812.61,0.0,2021,7,11
2021-07-11 20:40:00+00:00,1812.61,1812.61,1812.61,1812.61,0.055144,2021,7,11
2021-07-11 20:45:00+00:00,1812.36,1812.39,1812.36,1812.39,0.147503,2021,7,11
2021-07-11 20:50:00+00:00,1810.84,1812.37,1810.82,1812.37,1.242464,2021,7,11
2021-07-11 20:55:00+00:00,1812.37,1812.37,1812.37,1812.37,0.0,2021,7,11
2021-07-11 21:00:00+00:00,1810.83,1811.79,1809.61,1809.61,5.529925,2021,7,11
2021-07-11 21:05:00+00:00,1809.61,1810.38,1809.49,1810.38,1.108861,2021,7,11
2021-07-11 21:10:00+00:00,1810.38,1810.38,1810.37,1810.37,0.271312,2021,7,11
2021-07-11 21:15:00+00:00,1810.37,1811.9,1809.6,1811.9,2.901243,2021,7,11
2021-07-11 21:20:00+00:00,1811.65,1812.11,1810.79,1810.79,3.607664,2021,7,11
2021-07-11 21:25:00+00:00,1810.85,1812.1,1810.84,1810.86,0.849701,2021,7,11
2021-07-11 21:30:00+00:00,1812.07,1815.33,1812.07,1814.26,29.234327,2021,7,11
2021-07-11 21:35:00+00:00,1813.79,1819.01,1813.51,1815.59,153.246197,2021,7,11
2021-07-11 21:40:00+00:00,1815.59,1815.59,1811.79,1813.19,27.225834,2021,7,11
2021-07-11 21:45:00+00:00,1813.49,1815.74,1813.19,1813.76,6.265408,2021,7,11
2021-07-11 21:50:00+00:00,1813.76,1813.76,1812.93,1812.93,0.15247,2021,7,11
2021-07-11 21:55:00+00:00,1812.9,1814.85,1812.9,1814.83,14.037345,2021,7,11
2021-07-11 22:00:00+00:00,1814.83,1816.18,1814.83,1815.08,5.781848,2021,7,11
2021-07-11 22:05:00+00:00,1816.14,1816.16,1815.0,1815.04,2.957669,2021,7,11
2021-07-11 22:10:00+00:00,1816.14,1816.14,1815.02,1815.03,2.09715,2021,7,11
2021-07-11 22:15:00+00:00,1815.03,1816.13,1815.03,1816.1,2.001068,2021,7,11
2021-07-11 22:20:00+00:00,1816.09,1816.09,1816.09,1816.09,0.097682,2021,7,11
2021-07-11 22:25:00+00:00,1815.06,1815.98,1815.06,1815.98,0.064452,2021,7,11
2021-07-11 22:30:00+00:00,1815.98,1815.98,1815.98,1815.98,0.055042,2021,7,11
2021-07-11 22:35:00+00:00,1815.06,1815.13,1813.8,1814.74,8.79409,2021,7,11
2021-07-11 22:40:00+00:00,1814.4,1814.4,1811.19,1812.31,49.918206,2021,7,11
2021-07-11 22:45:00+00:00,1812.16,1812.3,1812.16,1812.3,0.088131,2021,7,11
2021-07-11 22:50:00+00:00,1812.3,1812.3,1808.0,1810.57,45.20346,2021,7,11
2021-07-11 22:55:00+00:00,1809.45,1810.83,1808.0,1810.83,14.565382,2021,7,11
2021-07-11 23:00:00+00:00,1810.83,1811.7,1810.83,1811.62,0.939528,2021,7,11
2021-07-11 23:05:00+00:00,1811.98,1812.1,1810.85,1811.46,3.132697,2021,7,11
2021-07-11 23:10:00+00:00,1811.46,1811.97,1811.03,1811.03,2.257809,2021,7,11
2021-07-11 23:15:00+00:00,1811.39,1812.02,1810.87,1811.76,8.449515,2021,7,11
2021-07-11 23:20:00+00:00,1811.35,1812.12,1810.88,1810.88,1.74232,2021,7,11
2021-07-11 23:25:00+00:00,1811.93,1811.93,1811.93,1811.93,0.1004,2021,7,11
2021-07-11 23:30:00+00:00,1810.9,1811.82,1810.89,1811.64,0.84303,2021,7,11
2021-07-11 23:35:00+00:00,1810.89,1811.63,1810.89,1810.89,0.081188,2021,7,11
2021-07-11 23:40:00+00:00,1810.89,1811.51,1809.93,1809.93,1.356462,2021,7,11
2021-07-11 23:45:00+00:00,1810.26,1810.26,1810.26,1810.26,0.00874,2021,7,11
2021-07-11 23:50:00+00:00,1811.5,1811.79,1810.29,1811.72,1.839998,2021,7,11
2021-07-11 23:55:00+00:00,1811.69,1811.69,1811.69,1811.69,0.011039,2021,7,11
2021-07-12 00:00:00+00:00,1811.69,1812.16,1806.66,1812.16,36.239336,2021,7,12
2021-07-12 00:05:00+00:00,1812.16,1812.49,1810.84,1812.08,0.745837,2021,7,12
2021-07-12 00:10:00+00:00,1811.67,1812.45,1809.81,1811.06,4.900684,2021,7,12
2021-07-12 00:15:00+00:00,1811.06,1811.07,1811.06,1811.07,0.113235,2021,7,12
2021-07-12 00:20:00+00:00,1811.06,1811.1,1810.61,1811.08,1.219858,2021,7,12
2021-07-12 00:25:00+00:00,1810.63,1811.96,1810.62,1810.62,0.377213,2021,7,12
2021-07-12 00:30:00+00:00,1811.78,1811.8,1811.78,1811.8,0.743363,2021,7,12
2021-07-12 00:35:00+00:00,1811.8,1811.8,1810.48,1810.48,2.182661,2021,7,12
2021-07-12 00:40:00+00:00,1810.48,1811.72,1810.47,1810.47,1.027248,2021,7,12
2021-07-12 00:45:00+00:00,1809.92,1811.54,1809.92,1809.93,0.137954,2021,7,12
2021-07-12 00:50:00+00:00,1811.53,1811.53,1809.92,1811.49,0.598256,2021,7,12
2021-07-12 00:55:00+00:00,1811.49,1811.49,1811.49,1811.49,0.0186,2021,7,12
2021-07-12 01:00:00+00:00,1811.5,1811.5,1808.72,1809.9,16.90296,2021,7,12
2021-07-12 01:05:00+00:00,1810.9,1810.9,1810.16,1810.16,0.02357,2021,7,12
2021-07-12 01:10:00+00:00,1810.9,1810.9,1809.92,1809.92,0.411104,2021,7,12
2021-07-12 01:15:00+00:00,1810.82,1814.27,1810.82,1812.53,40.54696,2021,7,12
2021-07-12 01:20:00+00:00,1812.54,1813.96,1812.52,1812.52,0.334994,2021,7,12
2021-07-12 01:25:00+00:00,1812.52,1812.52,1812.5,1812.52,1.097749,2021,7,12
2021-07-12 01:30:00+00:00,1812.5,1814.49,1812.29,1814.48,11.12489,2021,7,12
2021-07-12 01:35:00+00:00,1812.38,1813.45,1812.37,1813.45,2.082804,2021,7,12
2021-07-12 01:40:00+00:00,1813.45,1813.46,1813.45,1813.46,1.055118,2021,7,12
2021-07-12 01:45:00+00:00,1813.46,1813.46,1812.41,1812.41,0.63435,2021,7,12
2021-07-12 01:50:00+00:00,1812.16,1812.93,1810.81,1812.4,15.334968,2021,7,12
2021-07-12 01:55:00+00:00,1812.2,1812.21,1811.28,1811.28,0.327,2021,7,12
2021-07-12 02:00:00+00:00,1812.72,1812.72,1811.26,1811.7,1.82513,2021,7,12
2021-07-12 02:05:00+00:00,1811.7,1811.7,1811.67,1811.67,0.53177,2021,7,12
2021-07-12 02:10:00+00:00,1811.66,1811.66,1811.65,1811.65,0.062674,2021,7,12
2021-07-12 02:15:00+00:00,1811.66,1814.0,1811.66,1812.96,34.765856,2021,7,12
2021-07-12 02:20:00+00:00,1814.09,1814.1,1811.59,1812.19,8.028533,2021,7,12
2021-07-12 02:25:00+00:00,1811.67,1812.31,1811.67,1812.31,0.052558,2021,7,12
2021-07-12 02:30:00+00:00,1813.02,1813.02,1813.02,1813.02,0.235172,2021,7,12
2021-07-12 02:35:00+00:00,1813.02,1813.02,1813.02,1813.02,0.0,2021,7,12
2021-07-12 02:40:00+00:00,1813.01,1814.42,1812.69,1814.42,4.716864,2021,7,12
2021-07-12 02:45:00+00:00,1812.72,1814.4,1812.72,1813.06,0.343551,2021,7,12
2021-07-12 02:50:00+00:00,1813.06,1814.15,1812.42,1813.16,2.273469,2021,7,12
2021-07-12 02:55:00+00:00,1812.42,1813.53,1812.22,1813.53,13.063372,2021,7,12
2021-07-12 03:00:00+00:00,1813.25,1814.47,1812.36,1813.19,38.372868,2021,7,12
2021-07-12 03:05:00+00:00,1813.18,1813.18,1812.21,1812.54,0.507838,2021,7,12
2021-07-12 03:10:00+00:00,1812.77,1813.78,1812.16,1812.16,10.2255,2021,7,12
2021-07-12 03:15:00+00:00,1811.71,1813.26,1811.67,1812.63,2.831903,2021,7,12
2021-07-12 03:20:00+00:00,1811.7,1813.2,1811.7,1812.97,1.180465,2021,7,12
2021-07-12 03:25:00+00:00,1811.7,1812.85,1810.82,1812.19,7.356686,2021,7,12
2021-07-12 03:30:00+00:00,1811.01,1812.18,1811.0,1812.18,1.238756,2021,7,12
2021-07-12 03:35:00+00:00,1811.92,1811.93,1810.85,1811.09,1.066126,2021,7,12
2021-07-12 03:40:00+00:00,1811.05,1811.85,1811.05,1811.05,0.262143,2021,7,12
2021-07-12 03:45:00+00:00,1811.68,1811.69,1811.68,1811.69,0.045863,2021,7,12
2021-07-12 03:50:00+00:00,1811.83,1812.19,1811.15,1812.16,1.573017,2021,7,12
2021-07-12 03:55:00+00:00,1811.98,1812.12,1811.09,1811.09,1.846237,2021,7,12
2021-07-12 04:00:00+00:00,1812.08,1812.08,1811.09,1811.73,7.842145,2021,7,12
2021-07-12 04:05:00+00:00,1811.73,1811.73,1810.0,1810.4,8.715368,2021,7,12
2021-07-12 04:10:00+00:00,1810.4,1812.09,1810.02,1811.46,47.114938,2021,7,12
2021-07-12 04:15:00+00:00,1811.46,1811.96,1811.13,1811.13,0.877315,2021,7,12
2021-07-12 04:20:00+00:00,1811.69,1813.0,1810.84,1811.18,12.627816,2021,7,12
2021-07-12 04:25:00+00:00,1811.19,1811.94,1810.82,1810.82,1.611702,2021,7,12
2021-07-12 04:30:00+00:00,1810.82,1811.82,1810.82,1810.83,1.129335,2021,7,12
2021-07-12 04:35:00+00:00,1810.82,1810.82,1810.81,1810.82,0.075785,2021,7,12
2021-07-12 04:40:00+00:00,1810.81,1811.65,1810.01,1811.62,10.466722,2021,7,12
2021-07-12 04:45:00+00:00,1810.04,1811.52,1810.02,1811.52,1.777655,2021,7,12
2021-07-12 04:50:00+00:00,1810.86,1811.88,1810.04,1810.56,11.86796,2021,7,12
2021-07-12 04:55:00+00:00,1810.56,1810.57,1810.56,1810.57,0.5596,2021,7,12
2021-07-12 05:00:00+00:00,1810.57,1811.81,1810.01,1810.01,2.400543,2021,7,12
2021-07-12 05:05:00+00:00,1810.94,1810.94,1810.94,1810.94,0.012932,2021,7,12
2021-07-12 05:10:00+00:00,1810.94,1810.94,1810.0,1810.0,6.645409,2021,7,12
2021-07-12 05:15:00+00:00,1810.0,1810.56,1810.0,1810.03,9.040281,2021,7,12
2021-07-12 05:20:00+00:00,1811.35,1811.35,1810.03,1810.03,0.061672,2021,7,12
2021-07-12 05:25:00+00:00,1810.03,1811.28,1810.03,1811.22,0.762292,2021,7,12
2021-07-12 05:30:00+00:00,1810.05,1810.05,1807.81,1809.1,16.679947,2021,7,12
2021-07-12 05:35:00+00:00,1809.1,1809.94,1809.1,1809.93,1.97742,2021,7,12
2021-07-12 05:40:00+00:00,1809.14,1809.93,1809.14,1809.14,4.274429,2021,7,12
2021-07-12 05:45:00+00:00,1809.89,1810.79,1808.02,1808.02,120.823323,2021,7,12
2021-07-12 05:50:00+00:00,1808.35,1809.16,1808.03,1808.09,1.546638,2021,7,12
2021-07-12 05:55:00+00:00,1809.15,1809.16,1809.15,1809.16,0.227281,2021,7,12
2021-07-12 06:00:00+00:00,1808.1,1809.43,1808.09,1809.43,0.077939,2021,7,12
2021-07-12 06:05:00+00:00,1809.43,1809.43,1809.43,1809.43,0.0,2021,7,12
2021-07-12 06:10:00+00:00,1808.96,1810.81,1808.36,1809.31,11.891013,2021,7,12
2021-07-12 06:15:00+00:00,1810.56,1810.56,1808.35,1808.35,0.618402,2021,7,12
2021-07-12 06:20:00+00:00,1809.11,1809.13,1809.11,1809.13,0.861921,2021,7,12
2021-07-12 06:25:00+00:00,1809.15,1809.15,1808.35,1809.04,0.429168,2021,7,12
2021-07-12 06:30:00+00:00,1809.04,1809.2,1807.7,1809.17,2.417181,2021,7,12
2021-07-12 06:35:00+00:00,1808.0,1809.18,1808.0,1809.18,0.813846,2021,7,12
2021-07-12 06:40:00+00:00,1809.15,1809.15,1808.01,1809.13,0.211499,2021,7,12
2021-07-12 06:45:00+00:00,1809.14,1809.14,1808.03,1809.13,0.492438,2021,7,12
2021-07-12 06:50:00+00:00,1809.12,1809.13,1808.45,1808.45,4.751862,2021,7,12
2021-07-12 06:55:00+00:00,1808.09,1809.25,1808.08,1808.62,3.357896,2021,7,12
2021-07-12 07:00:00+00:00,1809.22,1809.22,1808.46,1808.46,1.218902,2021,7,12
2021-07-12 07:05:00+00:00,1808.04,1808.72,1807.91,1808.72,3.421874,2021,7,12
2021-07-12 07:10:00+00:00,1808.72,1809.43,1808.72,1809.43,1.327747,2021,7,12
2021-07-12 07:15:00+00:00,1809.41,1809.45,1809.39,1809.45,3.365223,2021,7,12
2021-07-12 07:20:00+00:00,1809.44,1809.58,1808.11,1809.58,4.648597,2021,7,12
2021-07-12 07:25:00+00:00,1809.96,1809.96,1809.96,1809.96,0.007155,2021,7,12
2021-07-12 07:30:00+00:00,1809.64,1810.8,1809.64,1810.79,1.296937,2021,7,12
2021-07-12 07:35:00+00:00,1810.18,1810.79,1809.69,1809.98,1.890784,2021,7,12
2021-07-12 07:40:00+00:00,1810.77,1810.77,1810.0,1810.0,0.121363,2021,7,12
2021-07-12 07:45:00+00:00,1810.0,1810.01,1809.52,1809.52,1.372189,2021,7,12
2021-07-12 07:50:00+00:00,1810.2,1810.21,1810.2,1810.2,1.657312,2021,7,12
2021-07-12 07:55:00+00:00,1809.34,1810.17,1808.46,1810.17,11.700367,2021,7,12
2021-07-12 08:00:00+00:00,1809.9,1809.9,1809.9,1809.9,0.055227,2021,7,12
2021-07-12 08:05:00+00:00,1809.8,1810.14,1809.79,1810.14,2.514244,2021,7,12
2021-07-12 08:10:00+00:00,1810.14,1810.74,1810.14,1810.73,1.708734,2021,7,12
2021-07-12 08:15:00+00:00,1810.04,1810.77,1810.04,1810.76,0.790707,2021,7,12
2021-07-12 08:20:00+00:00,1810.76,1810.79,1810.61,1810.61,2.265115,2021,7,12
2021-07-12 08:25:00+00:00,1810.79,1810.79,1810.79,1810.79,0.007569,2021,7,12
2021-07-12 08:30:00+00:00,1810.07,1810.77,1809.98,1809.98,1.896745,2021,7,12
2021-07-12 08:35:00+00:00,1810.67,1810.79,1810.02,1810.79,1.66425,2021,7,12
2021-07-12 08:40:00+00:00,1810.77,1811.0,1810.77,1811.0,3.791195,2021,7,12
2021-07-12 08:45:00+00:00,1811.0,1811.16,1809.61,1809.61,1.27652,2021,7,12
2021-07-12 08:50:00+00:00,1809.84,1809.84,1809.81,1809.82,0.063972,2021,7,12
2021-07-12 08:55:00+00:00,1809.61,1809.61,1808.42,1809.61,1.943107,2021,7,12
2021-07-12 09:00:00+00:00,1809.16,1809.16,1808.56,1809.16,0.626904,2021,7,12
2021-07-12 09:05:00+00:00,1810.8,1811.96,1809.98,1811.96,2.029464,2021,7,12
2021-07-12 09:10:00+00:00,1809.98,1812.26,1809.98,1810.82,0.937978,2021,7,12
2021-07-12 09:15:00+00:00,1810.82,1810.84,1809.97,1809.97,2.28022,2021,7,12
2021-07-12 09:20:00+00:00,1810.02,1810.81,1808.12,1810.3,12.05748,2021,7,12
2021-07-12 09:25:00+00:00,1811.83,1812.15,1810.35,1812.15,6.271534,2021,7,12
2021-07-12 09:30:00+00:00,1810.75,1812.12,1810.72,1810.72,2.171946,2021,7,12
2021-07-12 09:35:00+00:00,1810.45,1811.36,1809.85,1811.36,6.167964,2021,7,12
2021-07-12 09:40:00+00:00,1811.35,1811.36,1810.76,1810.76,0.062665,2021,7,12
2021-07-12 09:45:00+00:00,1810.76,1810.76,1808.11,1809.58,14.429382,2021,7,12
2021-07-12 09:50:00+00:00,1810.12,1810.12,1805.84,1809.22,39.900292,2021,7,12
2021-07-12 09:55:00+00:00,1809.23,1809.23,1808.5,1809.17,0.813127,2021,7,12
2021-07-12 10:00:00+00:00,1808.51,1808.51,1805.43,1807.24,24.25221,2021,7,12
2021-07-12 10:05:00+00:00,1807.0,1808.08,1803.09,1806.22,39.221618,2021,7,12
2021-07-12 10:10:00+00:00,1804.74,1805.13,1800.07,1802.6,86.174243,2021,7,12
2021-07-12 10:15:00+00:00,1802.64,1804.28,1801.83,1802.85,37.932369,2021,7,12
2021-07-12 10:20:00+00:00,1805.12,1805.12,1802.83,1802.83,11.50783,2021,7,12
2021-07-12 10:25:00+00:00,1802.84,1804.02,1800.07,1804.02,31.269808,2021,7,12
2021-07-12 10:30:00+00:00,1803.02,1803.86,1800.02,1803.43,13.935603,2021,7,12
2021-07-12 10:35:00+00:00,1803.41,1803.41,1802.38,1803.41,0.346506,2021,7,12
2021-07-12 10:40:00+00:00,1803.8,1803.83,1802.32,1802.32,5.995775,2021,7,12
2021-07-12 10:45:00+00:00,1802.32,1804.04,1801.04,1801.08,44.218428,2021,7,12
2021-07-12 10:50:00+00:00,1801.04,1802.7,1801.0,1802.48,49.517941,2021,7,12
2021-07-12 10:55:00+00:00,1802.37,1802.73,1802.17,1802.73,1.615584,2021,7,12
2021-07-12 11:00:00+00:00,1802.18,1803.06,1801.61,1802.63,2.366931,2021,7,12
2021-07-12 11:05:00+00:00,1802.63,1803.28,1802.62,1803.28,9.293622,2021,7,12
2021-07-12 11:10:00+00:00,1802.63,1803.44,1802.63,1803.44,0.963708,2021,7,12
2021-07-12 11:15:00+00:00,1803.7,1803.7,1802.62,1802.64,2.448856,2021,7,12
2021-07-12 11:20:00+00:00,1803.0,1803.02,1802.84,1803.02,0.591404,2021,7,12
2021-07-12 11:25:00+00:00,1803.04,1803.52,1802.67,1803.52,0.31073,2021,7,12
2021-07-12 11:30:00+00:00,1803.52,1803.52,1801.36,1802.52,17.201941,2021,7,12
2021-07-12 11:35:00+00:00,1801.62,1802.92,1801.62,1802.92,4.620213,2021,7,12
2021-07-12 11:40:00+00:00,1802.67,1802.67,1802.0,1802.0,0.721774,2021,7,12
2021-07-12 11:45:00+00:00,1801.53,1801.53,1801.5,1801.5,0.829672,2021,7,12
2021-07-12 11:50:00+00:00,1801.51,1802.36,1801.02,1801.11,4.17519,2021,7,12
2021-07-12 11:55:00+00:00,1801.11,1802.34,1801.11,1801.41,3.599307,2021,7,12
2021-07-12 12:00:00+00:00,1801.41,1802.64,1801.41,1801.43,0.334687,2021,7,12
2021-07-12 12:05:00+00:00,1802.53,1803.65,1801.97,1803.53,1.478919,2021,7,12
2021-07-12 12:10:00+00:00,1803.62,1803.64,1802.77,1802.77,0.059389,2021,7,12
2021-07-12 12:15:00+00:00,1804.0,1804.04,1803.99,1803.99,1.72548,2021,7,12
2021-07-12 12:20:00+00:00,1802.8,1802.88,1801.38,1802.87,14.04998,2021,7,12
2021-07-12 12:25:00+00:00,1802.0,1803.55,1801.59,1802.62,4.29155,2021,7,12
2021-07-12 12:30:00+00:00,1802.62,1803.36,1801.88,1801.88,3.01279,2021,7,12
2021-07-12 12:35:00+00:00,1802.63,1803.86,1802.63,1803.86,0.533711,2021,7,12
2021-07-12 12:40:00+00:00,1803.52,1804.03,1803.52,1804.03,1.802599,2021,7,12
2021-07-12 12:45:00+00:00,1803.28,1804.0,1803.26,1804.0,3.200936,2021,7,12
2021-07-12 12:50:00+00:00,1803.66,1804.02,1803.28,1803.28,0.984941,2021,7,12
2021-07-12 12:55:00+00:00,1803.35,1805.46,1803.35,1805.46,1.710117,2021,7,12
2021-07-12 13:00:00+00:00,1805.04,1805.49,1804.07,1804.85,3.958651,2021,7,12
2021-07-12 13:05:00+00:00,1804.1,1804.85,1804.1,1804.27,0.259884,2021,7,12
2021-07-12 13:10:00+00:00,1805.71,1805.82,1805.71,1805.82,0.430714,2021,7,12
2021-07-12 13:15:00+00:00,1804.53,1805.81,1804.53,1805.81,0.023874,2021,7,12
2021-07-12 13:20:00+00:00,1804.53,1805.78,1804.21,1804.22,1.45745,2021,7,12
2021-07-12 13:25:00+00:00,1805.75,1805.75,1804.24,1804.24,0.095487,2021,7,12
2021-07-12 13:30:00+00:00,1804.23,1805.78,1804.22,1804.23,0.824784,2021,7,12
2021-07-12 13:35:00+00:00,1804.23,1805.31,1803.5,1803.5,11.736553,2021,7,12
2021-07-12 13:40:00+00:00,1803.5,1803.77,1803.26,1803.29,6.497324,2021,7,12
2021-07-12 13:45:00+00:00,1803.29,1803.29,1802.37,1803.05,5.659259,2021,7,12
2021-07-12 13:50:00+00:00,1803.05,1803.05,1800.1,1800.1,9.32754,2021,7,12
2021-07-12 13:55:00+00:00,1800.0,1801.22,1800.0,1800.22,20.094862,2021,7,12
2021-07-12 14:00:00+00:00,1800.01,1800.01,1797.55,1799.19,25.853284,2021,7,12
2021-07-12 14:05:00+00:00,1799.17,1799.17,1797.33,1798.98,1.507918,2021,7,12
2021-07-12 14:10:00+00:00,1798.99,1799.2,1798.21,1798.77,1.953525,2021,7,12
2021-07-12 14:15:00+00:00,1798.77,1799.21,1798.77,1798.78,1.269392,2021,7,12
2021-07-12 14:20:00+00:00,1799.0,1800.75,1798.78,1800.39,4.080804,2021,7,12
2021-07-12 14:25:00+00:00,1800.4,1800.4,1799.37,1800.37,11.005951,2021,7,12
2021-07-12 14:30:00+00:00,1800.79,1807.61,1800.79,1804.77,66.57808,2021,7,12
2021-07-12 14:35:00+00:00,1806.21,1807.24,1805.76,1807.24,1.075208,2021,7,12
2021-07-12 14:40:00+00:00,1807.0,1808.31,1807.0,1808.29,2.224613,2021,7,12
2021-07-12 14:45:00+00:00,1807.61,1808.26,1807.6,1808.26,1.020199,2021,7,12
2021-07-12 14:50:00+00:00,1807.58,1807.82,1805.55,1806.71,0.643296,2021,7,12
2021-07-12 14:55:00+00:00,1806.71,1806.71,1806.0,1806.0,6.130401,2021,7,12
2021-07-12 15:00:00+00:00,1806.0,1806.0,1802.1,1805.04,124.094706,2021,7,12
2021-07-12 15:05:00+00:00,1804.69,1806.66,1804.69,1806.66,8.592882,2021,7,12
2021-07-12 15:10:00+00:00,1805.1,1806.67,1805.1,1805.1,0.116997,2021,7,12
2021-07-12 15:15:00+00:00,1805.1,1805.86,1805.1,1805.86,0.913144,2021,7,12
2021-07-12 15:20:00+00:00,1805.25,1806.56,1805.25,1806.56,0.067753,2021,7,12
2021-07-12 15:25:00+00:00,1805.25,1806.56,1805.25,1806.55,0.0723,2021,7,12
2021-07-12 15:30:00+00:00,1806.55,1806.67,1805.95,1806.1,0.205891,2021,7,12
2021-07-12 15:35:00+00:00,1806.09,1806.21,1805.1,1806.21,1.765179,2021,7,12
2021-07-12 15:40:00+00:00,1805.1,1806.31,1804.44,1804.45,3.424804,2021,7,12
2021-07-12 15:45:00+00:00,1804.45,1804.45,1803.95,1804.39,9.067925,2021,7,12
2021-07-12 15:50:00+00:00,1804.46,1806.22,1802.76,1805.21,20.057515,2021,7,12
2021-07-12 15:55:00+00:00,1805.78,1806.75,1802.78,1805.41,84.94503,2021,7,12
2021-07-12 16:00:00+00:00,1805.41,1808.03,1804.05,1808.03,22.786632,2021,7,12
2021-07-12 16:05:00+00:00,1807.24,1807.24,1805.39,1805.61,2.018779,2021,7,12
2021-07-12 16:10:00+00:00,1806.74,1806.75,1803.03,1805.8,28.056624,2021,7,12
2021-07-12 16:15:00+00:00,1803.86,1805.9,1803.86,1805.32,8.918275,2021,7,12
2021-07-12 16:20:00+00:00,1804.98,1806.52,1804.97,1806.52,1.145142,2021,7,12
2021-07-12 16:25:00+00:00,1805.2,1806.75,1804.92,1804.99,2.193605,2021,7,12
2021-07-12 16:30:00+00:00,1806.63,1806.63,1805.02,1806.62,0.360318,2021,7,12
2021-07-12 16:35:00+00:00,1806.62,1806.63,1805.02,1805.03,3.151793,2021,7,12
2021-07-12 16:40:00+00:00,1805.03,1806.22,1804.13,1804.13,6.384766,2021,7,12
2021-07-12 16:45:00+00:00,1805.38,1808.09,1802.9,1806.74,17.590598,2021,7,12
2021-07-12 16:50:00+00:00,1806.18,1806.18,1805.01,1806.18,0.214216,2021,7,12
2021-07-12 16:55:00+00:00,1806.18,1806.18,1805.02,1805.02,0.15223,2021,7,12
2021-07-12 17:00:00+00:00,1806.17,1806.74,1805.62,1806.74,7.768484,2021,7,12
2021-07-12 17:05:00+00:00,1806.75,1809.13,1806.75,1808.95,20.516161,2021,7,12
2021-07-12 17:10:00+00:00,1808.95,1808.95,1807.74,1807.74,0.512388,2021,7,12
2021-07-12 17:15:00+00:00,1807.74,1808.91,1806.76,1806.76,6.601164,2021,7,12
2021-07-12 17:20:00+00:00,1806.75,1808.04,1806.61,1806.61,2.934807,2021,7,12
2021-07-12 17:25:00+00:00,1807.61,1807.61,1807.61,1807.61,0.034431,2021,7,12
2021-07-12 17:30:00+00:00,1807.65,1807.86,1805.76,1805.76,2.493127,2021,7,12
2021-07-12 17:35:00+00:00,1805.95,1808.09,1803.98,1806.56,24.278287,2021,7,12
2021-07-12 17:40:00+00:00,1808.08,1808.08,1806.88,1806.88,1.067153,2021,7,12
2021-07-12 17:45:00+00:00,1807.02,1807.02,1806.09,1806.09,1.396687,2021,7,12
2021-07-12 17:50:00+00:00,1806.12,1807.81,1806.12,1807.81,0.072382,2021,7,12
2021-07-12 17:55:00+00:00,1806.13,1806.7,1805.35,1806.6,12.832951,2021,7,12
2021-07-12 18:00:00+00:00,1806.73,1807.16,1805.89,1807.15,13.288369,2021,7,12
2021-07-12 18:05:00+00:00,1807.15,1807.15,1807.15,1807.15,0.3318,2021,7,12
2021-07-12 18:10:00+00:00,1807.43,1807.86,1807.15,1807.17,1.998507,2021,7,12
2021-07-12 18:15:00+00:00,1807.16,1808.28,1807.16,1808.28,3.484811,2021,7,12
2021-07-12 18:20:00+00:00,1807.35,1809.67,1807.34,1809.62,8.722459,2021,7,12
2021-07-12 18:25:00+00:00,1808.26,1809.62,1808.25,1809.62,0.57428,2021,7,12
2021-07-12 18:30:00+00:00,1808.94,1809.63,1808.25,1808.25,0.452388,2021,7,12
2021-07-12 18:35:00+00:00,1808.14,1809.56,1808.14,1809.55,0.667914,2021,7,12
2021-07-12 18:40:00+00:00,1808.15,1808.15,1807.7,1807.7,1.796262,2021,7,12
2021-07-12 18:45:00+00:00,1807.51,1807.52,1807.15,1807.15,0.87259,2021,7,12
2021-07-12 18:50:00+00:00,1806.91,1807.94,1806.78,1807.94,0.909385,2021,7,12
2021-07-12 18:55:00+00:00,1807.88,1807.93,1803.75,1806.75,113.423684,2021,7,12
2021-07-12 19:00:00+00:00,1806.51,1807.99,1806.51,1807.98,1.879263,2021,7,12
2021-07-12 19:05:00+00:00,1806.54,1808.99,1806.53,1808.97,12.098013,2021,7,12
2021-07-12 19:10:00+00:00,1808.37,1808.37,1807.36,1807.77,0.192646,2021,7,12
2021-07-12 19:15:00+00:00,1807.37,1808.85,1806.21,1806.21,6.248008,2021,7,12
2021-07-12 19:20:00+00:00,1806.21,1807.35,1805.47,1806.91,1.046004,2021,7,12
2021-07-12 19:25:00+00:00,1806.91,1806.91,1805.43,1805.43,1.868696,2021,7,12
2021-07-12 19:30:00+00:00,1805.45,1806.92,1802.82,1804.49,94.425227,2021,7,12
2021-07-12 19:35:00+00:00,1804.62,1809.45,1800.0,1809.45,39.922642,2021,7,12
2021-07-12 19:40:00+00:00,1809.45,1809.89,1808.24,1808.26,1.174734,2021,7,12
2021-07-12 19:45:00+00:00,1808.41,1809.33,1805.68,1809.33,12.973029,2021,7,12
2021-07-12 19:50:00+00:00,1809.33,1809.34,1807.92,1809.34,2.70182,2021,7,12
2021-07-12 19:55:00+00:00,1809.31,1809.31,1807.25,1807.25,2.346529,2021,7,12
2021-07-12 20:00:00+00:00,1807.54,1810.5,1807.53,1810.27,15.027384,2021,7,12
2021-07-12 20:05:00+00:00,1808.92,1810.26,1808.1,1808.1,2.425255,2021,7,12
2021-07-12 20:10:00+00:00,1808.37,1808.68,1805.99,1805.99,6.47342,2021,7,12
2021-07-12 20:15:00+00:00,1806.01,1806.35,1805.06,1806.3,1.878758,2021,7,12
2021-07-12 20:20:00+00:00,1805.06,1806.3,1805.06,1806.3,0.597316,2021,7,12
2021-07-12 20:25:00+00:00,1806.3,1806.3,1806.29,1806.29,0.022619,2021,7,12
2021-07-12 20:30:00+00:00,1806.29,1807.04,1805.36,1807.03,3.940774,2021,7,12
2021-07-12 20:35:00+00:00,1807.03,1807.71,1806.52,1806.52,0.580878,2021,7,12
2021-07-12 20:40:00+00:00,1806.59,1807.69,1806.53,1807.11,0.751962,2021,7,12
2021-07-12 20:45:00+00:00,1807.11,1807.11,1806.52,1806.52,0.448588,2021,7,12
2021-07-12 20:50:00+00:00,1806.6,1807.72,1806.6,1807.72,1.196329,2021,7,12
2021-07-12 20:55:00+00:00,1806.95,1806.95,1805.51,1806.8,2.337027,2021,7,12
2021-07-12 21:00:00+00:00,1806.8,1806.8,1805.99,1806.79,0.290556,2021,7,12
2021-07-12 21:05:00+00:00,1806.78,1806.78,1806.78,1806.78,0.024074,2021,7,12
2021-07-12 21:10:00+00:00,1806.34,1806.85,1806.34,1806.85,0.749724,2021,7,12
2021-07-12 21:15:00+00:00,1806.57,1806.85,1806.29,1806.84,0.317182,2021,7,12
2021-07-12 21:20:00+00:00,1806.3,1806.82,1806.27,1806.82,0.871761,2021,7,12
2021-07-12 21:25:00+00:00,1806.08,1808.06,1805.55,1806.45,8.27453,2021,7,12
2021-07-12 21:30:00+00:00,1806.52,1807.86,1806.52,1807.86,0.345583,2021,7,12
2021-07-12 21:35:00+00:00,1807.02,1807.77,1807.0,1807.77,0.732844,2021,7,12
2021-07-12 21:40:00+00:00,1807.39,1807.78,1806.49,1807.78,0.91404,2021,7,12
2021-07-12 21:45:00+00:00,1807.78,1807.89,1806.51,1807.63,1.161644,2021,7,12
2021-07-12 21:50:00+00:00,1807.88,1807.88,1807.88,1807.88,0.055289,2021,7,12
2021-07-12 21:55:00+00:00,1807.88,1807.88,1807.88,1807.88,0.010969,2021,7,12
2021-07-12 22:00:00+00:00,1807.85,1808.05,1805.53,1805.78,5.978943,2021,7,12
2021-07-12 22:05:00+00:00,1805.52,1806.1,1804.85,1804.85,4.544839,2021,7,12
2021-07-12 22:10:00+00:00,1806.1,1807.31,1805.72,1805.74,5.686638,2021,7,12
2021-07-12 22:15:00+00:00,1805.76,1807.29,1805.75,1807.29,0.361149,2021,7,12
2021-07-12 22:20:00+00:00,1807.29,1807.92,1807.29,1807.77,2.113963,2021,7,12
2021-07-12 22:25:00+00:00,1807.77,1807.79,1806.18,1807.79,3.376624,2021,7,12
2021-07-12 22:30:00+00:00,1806.2,1807.79,1806.18,1807.38,0.76608,2021,7,12
2021-07-12 22:35:00+00:00,1806.18,1806.18,1806.18,1806.18,0.081218,2021,7,12
2021-07-12 22:40:00+00:00,1807.37,1807.37,1807.37,1807.37,0.055304,2021,7,12
2021-07-12 22:45:00+00:00,1806.74,1807.29,1806.22,1806.73,0.146478,2021,7,12
2021-07-12 22:50:00+00:00,1806.71,1806.72,1806.22,1806.22,0.316044,2021,7,12
2021-07-12 22:55:00+00:00,1806.22,1806.22,1806.22,1806.22,0.011074,2021,7,12
2021-07-12 23:00:00+00:00,1806.71,1807.97,1806.22,1806.52,1.706595,2021,7,12
2021-07-12 23:05:00+00:00,1806.52,1806.52,1806.52,1806.52,0.0,2021,7,12
2021-07-12 23:10:00+00:00,1806.52,1807.84,1806.52,1807.84,0.181856,2021,7,12
2021-07-12 23:15:00+00:00,1807.84,1807.96,1806.59,1807.96,0.400269,2021,7,12
2021-07-12 23:20:00+00:00,1806.59,1808.01,1806.59,1808.01,0.066089,2021,7,12
2021-07-12 23:25:00+00:00,1808.0,1808.0,1807.95,1807.96,0.027712,2021,7,12
2021-07-12 23:30:00+00:00,1806.8,1807.96,1806.8,1806.8,0.112395,2021,7,12
2021-07-12 23:35:00+00:00,1807.49,1808.01,1807.49,1808.01,0.194204,2021,7,12
2021-07-12 23:40:00+00:00,1808.01,1808.01,1808.01,1808.01,0.091273,2021,7,12
2021-07-12 23:45:00+00:00,1807.41,1807.41,1806.38,1806.38,1.205053,2021,7,12
2021-07-12 23:50:00+00:00,1807.84,1808.73,1807.84,1808.73,9.136222,2021,7,12
2021-07-12 23:55:00+00:00,1808.71,1808.73,1808.71,1808.72,1.190331,2021,7,12
2021-07-13 00:00:00+00:00,1808.72,1809.44,1808.28,1808.31,2.866921,2021,7,13
2021-07-13 00:05:00+00:00,1808.31,1809.37,1808.26,1808.26,1.308497,2021,7,13
2021-07-13 00:10:00+00:00,1808.19,1808.73,1807.67,1808.21,0.7214,2021,7,13
2021-07-13 00:15:00+00:00,1808.3,1808.3,1807.28,1807.28,3.054245,2021,7,13
2021-07-13 00:20:00+00:00,1806.88,1807.87,1806.75,1807.87,1.961906,2021,7,13
2021-07-13 00:25:00+00:00,1806.77,1807.85,1806.77,1807.85,1.468856,2021,7,13
2021-07-13 00:30:00+00:00,1807.85,1809.21,1807.85,1808.52,2.501802,2021,7,13
2021-07-13 00:35:00+00:00,1808.52,1808.52,1806.76,1806.76,1.600003,2021,7,13
2021-07-13 00:40:00+00:00,1807.72,1807.72,1807.72,1807.72,0.069222,2021,7,13
2021-07-13 00:45:00+00:00,1807.71,1807.78,1806.79,1806.79,1.387439,2021,7,13
2021-07-13 00:50:00+00:00,1806.79,1807.69,1806.79,1806.8,0.125693,2021,7,13
2021-07-13 00:55:00+00:00,1806.76,1806.76,1806.76,1806.76,0.0083,2021,7,13
2021-07-13 01:00:00+00:00,1806.76,1807.48,1806.1,1806.15,0.121678,2021,7,13
2021-07-13 01:05:00+00:00,1806.15,1807.47,1806.13,1807.47,0.725977,2021,7,13
2021-07-13 01:10:00+00:00,1806.13,1807.47,1806.13,1807.47,0.065201,2021,7,13
2021-07-13 01:15:00+00:00,1806.51,1806.51,1804.84,1804.84,2.485789,2021,7,13
2021-07-13 01:20:00+00:00,1805.1,1806.74,1805.1,1806.74,0.062148,2021,7,13
2021-07-13 01:25:00+00:00,1805.52,1806.74,1805.52,1806.74,1.025387,2021,7,13
2021-07-13 01:30:00+00:00,1806.72,1806.75,1806.72,1806.75,2.330046,2021,7,13
2021-07-13 01:35:00+00:00,1805.83,1805.83,1805.83,1805.83,0.096686,2021,7,13
2021-07-13 01:40:00+00:00,1805.83,1805.83,1805.83,1805.83,0.0,2021,7,13
2021-07-13 01:45:00+00:00,1807.88,1807.88,1807.87,1807.87,0.620002,2021,7,13
2021-07-13 01:50:00+00:00,1806.25,1807.87,1806.25,1806.28,0.647863,2021,7,13
2021-07-13 01:55:00+00:00,1806.38,1809.24,1806.38,1809.24,1.832182,2021,7,13
2021-07-13 02:00:00+00:00,1809.24,1809.62,1809.24,1809.62,0.86456,2021,7,13
2021-07-13 02:05:00+00:00,1809.67,1809.67,1809.35,1809.35,0.019346,2021,7,13
2021-07-13 02:10:00+00:00,1808.38,1808.38,1808.38,1808.38,0.0306,2021,7,13
2021-07-13 02:15:00+00:00,1808.4,1808.4,1808.4,1808.4,0.158883,2021,7,13
2021-07-13 02:20:00+00:00,1808.41,1808.41,1808.4,1808.4,0.86702,2021,7,13
2021-07-13 02:25:00+00:00,1808.41,1808.41,1808.15,1808.15,2.757221,2021,7,13
2021-07-13 02:30:00+00:00,1808.47,1808.76,1808.35,1808.51,0.33,2021,7,13
2021-07-13 02:35:00+00:00,1809.34,1810.1,1808.32,1810.09,2.312219,2021,7,13
2021-07-13 02:40:00+00:00,1809.54,1810.32,1809.54,1810.32,0.22,2021,7,13
2021-07-13 02:45:00+00:00,1810.32,1810.32,1810.32,1810.32,0.199166,2021,7,13
2021-07-13 02:50:00+00:00,1810.32,1810.32,1809.29,1809.29,0.278954,2021,7,13
2021-07-13 02:55:00+00:00,1809.5,1809.5,1809.5,1809.5,0.6543,2021,7,13
2021-07-13 03:00:00+00:00,1810.29,1810.32,1809.31,1810.3,3.912578,2021,7,13
2021-07-13 03:05:00+00:00,1809.33,1810.29,1809.29,1810.29,1.213772,2021,7,13
2021-07-13 03:10:00+00:00,1810.11,1810.25,1809.34,1810.25,4.620749,2021,7,13
2021-07-13 03:15:00+00:00,1810.25,1810.25,1810.25,1810.25,0.554794,2021,7,13
2021-07-13 03:20:00+00:00,1810.28,1810.28,1810.25,1810.25,0.044322,2021,7,13
2021-07-13 03:25:00+00:00,1810.25,1810.32,1810.25,1810.32,0.037623,2021,7,13
2021-07-13 03:30:00+00:00,1810.31,1812.0,1810.31,1811.61,12.483734,2021,7,13
2021-07-13 03:35:00+00:00,1811.62,1812.0,1810.47,1810.47,0.456474,2021,7,13
2021-07-13 03:40:00+00:00,1811.23,1811.99,1810.48,1810.49,1.0289,2021,7,13
2021-07-13 03:45:00+00:00,1811.19,1811.91,1810.47,1811.91,0.188606,2021,7,13
2021-07-13 03:50:00+00:00,1811.19,1811.92,1810.46,1810.46,1.033884,2021,7,13
2021-07-13 03:55:00+00:00,1811.19,1811.91,1810.41,1810.42,2.644099,2021,7,13
2021-07-13 04:00:00+00:00,1810.34,1811.37,1810.01,1811.34,2.376818,2021,7,13
2021-07-13 04:05:00+00:00,1811.34,1811.34,1810.01,1810.01,0.218748,2021,7,13
2021-07-13 04:10:00+00:00,1810.02,1811.13,1810.02,1811.13,0.257165,2021,7,13
2021-07-13 04:15:00+00:00,1810.57,1810.57,1810.01,1810.01,0.068333,2021,7,13
2021-07-13 04:20:00+00:00,1810.02,1811.13,1810.02,1811.11,1.056795,2021,7,13
2021-07-13 04:25:00+00:00,1811.11,1811.11,1810.02,1810.02,0.065694,2021,7,13
2021-07-13 04:30:00+00:00,1810.56,1810.56,1810.03,1810.03,0.072887,2021,7,13
2021-07-13 04:35:00+00:00,1810.03,1810.03,1810.03,1810.03,0.0,2021,7,13
2021-07-13 04:40:00+00:00,1811.1,1811.1,1810.83,1810.83,0.012431,2021,7,13
2021-07-13 04:45:00+00:00,1810.83,1810.83,1810.83,1810.83,0.0,2021,7,13
2021-07-13 04:50:00+00:00,1810.85,1810.85,1810.85,1810.85,0.0552,2021,7,13
2021-07-13 04:55:00+00:00,1811.11,1811.12,1811.11,1811.12,0.255121,2021,7,13
2021-07-13 05:00:00+00:00,1811.11,1811.86,1809.32,1810.12,13.766896,2021,7,13
2021-07-13 05:05:00+00:00,1810.85,1811.62,1810.16,1810.4,2.397296,2021,7,13
2021-07-13 05:10:00+00:00,1811.62,1811.91,1808.51,1810.08,24.728654,2021,7,13
2021-07-13 05:15:00+00:00,1810.08,1810.08,1806.34,1808.43,13.272606,2021,7,13
2021-07-13 05:20:00+00:00,1808.4,1809.0,1807.02,1808.31,8.192521,2021,7,13
2021-07-13 05:25:00+00:00,1808.33,1808.33,1808.33,1808.33,0.128936,2021,7,13
2021-07-13 05:30:00+00:00,1809.05,1809.36,1805.8,1805.81,20.220687,2021,7,13
2021-07-13 05:35:00+00:00,1807.32,1807.96,1803.33,1807.58,23.247338,2021,7,13
2021-07-13 05:40:00+00:00,1805.64,1806.15,1805.64,1806.15,0.019066,2021,7,13
2021-07-13 05:45:00+00:00,1807.43,1807.44,1805.69,1805.69,0.697872,2021,7,13
2021-07-13 05:50:00+00:00,1805.86,1807.26,1803.73,1803.75,3.899169,2021,7,13
2021-07-13 05:55:00+00:00,1803.75,1805.07,1803.74,1803.74,1.228685,2021,7,13
2021-07-13 06:00:00+00:00,1804.87,1805.27,1803.62,1805.26,2.975264,2021,7,13
2021-07-13 06:05:00+00:00,1804.59,1806.73,1804.59,1806.73,1.87527,2021,7,13
2021-07-13 06:10:00+00:00,1804.75,1810.07,1804.75,1808.22,26.526776,2021,7,13
2021-07-13 06:15:00+00:00,1809.29,1811.95,1809.29,1811.95,13.816796,2021,7,13
2021-07-13 06:20:00+00:00,1811.88,1811.98,1810.62,1811.97,2.439932,2021,7,13
2021-07-13 06:25:00+00:00,1811.39,1811.39,1810.83,1811.3,0.142739,2021,7,13
2021-07-13 06:30:00+00:00,1810.83,1811.88,1810.83,1811.88,3.902146,2021,7,13
2021-07-13 06:35:00+00:00,1811.7,1811.7,1811.42,1811.69,1.75643,2021,7,13
2021-07-13 06:40:00+00:00,1811.69,1812.0,1810.62,1811.21,8.035752,2021,7,13
2021-07-13 06:45:00+00:00,1810.12,1811.98,1809.76,1811.83,13.214617,2021,7,13
2021-07-13 06:50:00+00:00,1811.63,1811.63,1810.86,1811.43,0.106233,2021,7,13
2021-07-13 06:55:00+00:00,1810.45,1810.45,1810.45,1810.45,0.007057,2021,7,13
2021-07-13 07:00:00+00:00,1810.44,1811.83,1810.44,1811.83,5.726501,2021,7,13
2021-07-13 07:05:00+00:00,1810.8,1810.8,1810.8,1810.8,0.08098,2021,7,13
2021-07-13 07:10:00+00:00,1811.32,1813.6,1811.32,1813.14,20.148862,2021,7,13
2021-07-13 07:15:00+00:00,1813.16,1813.57,1813.14,1813.57,1.845818,2021,7,13
2021-07-13 07:20:00+00:00,1813.57,1813.57,1813.21,1813.57,13.259942,2021,7,13
2021-07-13 07:25:00+00:00,1813.28,1813.56,1813.26,1813.56,0.103412,2021,7,13
2021-07-13 07:30:00+00:00,1812.64,1813.57,1812.64,1812.96,0.128065,2021,7,13
2021-07-13 07:35:00+00:00,1813.55,1815.0,1813.05,1813.06,24.956999,2021,7,13
2021-07-13 07:40:00+00:00,1814.08,1814.1,1813.61,1813.61,0.151865,2021,7,13
2021-07-13 07:45:00+00:00,1813.61,1814.09,1812.98,1812.98,1.716789,2021,7,13
2021-07-13 07:50:00+00:00,1812.99,1812.99,1812.19,1812.19,2.221913,2021,7,13
2021-07-13 07:55:00+00:00,1812.19,1812.19,1812.18,1812.18,1.3191,2021,7,13
2021-07-13 08:00:00+00:00,1812.18,1813.47,1812.0,1812.0,0.601148,2021,7,13
2021-07-13 08:05:00+00:00,1811.4,1811.4,1810.33,1810.33,0.844562,2021,7,13
2021-07-13 08:10:00+00:00,1810.83,1810.85,1809.61,1809.64,1.430235,2021,7,13
2021-07-13 08:15:00+00:00,1810.73,1810.73,1809.61,1809.61,0.546042,2021,7,13
2021-07-13 08:20:00+00:00,1810.04,1810.04,1809.82,1809.82,0.36716,2021,7,13
2021-07-13 08:25:00+00:00,1809.82,1810.04,1809.61,1810.04,0.4519,2021,7,13
2021-07-13 08:30:00+00:00,1809.61,1810.29,1809.61,1810.29,1.741226,2021,7,13
2021-07-13 08:35:00+00:00,1810.68,1810.69,1809.96,1809.96,1.04515,2021,7,13
2021-07-13 08:40:00+00:00,1809.64,1809.64,1809.45,1809.61,0.410105,2021,7,13
2021-07-13 08:45:00+00:00,1809.23,1809.23,1808.87,1809.12,0.115017,2021,7,13
2021-07-13 08:50:00+00:00,1809.12,1815.0,1809.12,1813.62,47.236428,2021,7,13
2021-07-13 08:55:00+00:00,1813.38,1813.38,1813.38,1813.38,0.035011,2021,7,13
2021-07-13 09:00:00+00:00,1813.38,1813.41,1813.38,1813.41,0.12015,2021,7,13
2021-07-13 09:05:00+00:00,1813.92,1813.92,1810.91,1811.2,3.974441,2021,7,13
2021-07-13 09:10:00+00:00,1810.84,1811.93,1810.81,1811.92,5.060772,2021,7,13
2021-07-13 09:15:00+00:00,1811.17,1811.69,1811.05,1811.05,0.199022,2021,7,13
2021-07-13 09:20:00+00:00,1811.05,1811.05,1811.05,1811.05,0.006,2021,7,13
2021-07-13 09:25:00+00:00,1811.89,1811.91,1810.82,1810.82,2.269892,2021,7,13
2021-07-13 09:30:00+00:00,1810.81,1811.08,1810.81,1810.81,0.027105,2021,7,13
2021-07-13 09:35:00+00:00,1810.81,1810.81,1809.61,1810.32,1.314835,2021,7,13
2021-07-13 09:40:00+00:00,1810.35,1811.39,1809.64,1809.64,0.980969,2021,7,13
2021-07-13 09:45:00+00:00,1810.14,1812.14,1809.66,1811.65,5.164149,2021,7,13
2021-07-13 09:50:00+00:00,1812.15,1813.44,1811.67,1811.77,6.961645,2021,7,13
2021-07-13 09:55:00+00:00,1811.77,1811.77,1811.77,1811.77,0.0,2021,7,13
2021-07-13 10:00:00+00:00,1813.09,1814.26,1811.67,1814.19,23.860159,2021,7,13
2021-07-13 10:05:00+00:00,1813.11,1813.11,1812.43,1813.11,0.280451,2021,7,13
2021-07-13 10:10:00+00:00,1812.43,1812.43,1811.65,1811.65,0.537373,2021,7,13
2021-07-13 10:15:00+00:00,1811.66,1812.38,1811.65,1811.65,0.411537,2021,7,13
2021-07-13 10:20:00+00:00,1812.35,1812.35,1812.35,1812.35,0.141442,2021,7,13
2021-07-13 10:25:00+00:00,1812.36,1812.39,1812.03,1812.38,0.385577,2021,7,13
2021-07-13 10:30:00+00:00,1812.28,1812.44,1811.69,1812.16,1.106879,2021,7,13
2021-07-13 10:35:00+00:00,1811.7,1811.87,1811.33,1811.87,6.29229,2021,7,13
2021-07-13 10:40:00+00:00,1811.87,1811.87,1811.87,1811.87,0.0121,2021,7,13
2021-07-13 10:45:00+00:00,1811.87,1812.96,1810.83,1811.26,6.541058,2021,7,13
2021-07-13 10:50:00+00:00,1810.85,1812.36,1810.83,1810.83,2.253049,2021,7,13
2021-07-13 10:55:00+00:00,1810.83,1811.91,1810.83,1811.91,2.021179,2021,7,13
2021-07-13 11:00:00+00:00,1810.86,1812.31,1810.86,1810.87,0.728768,2021,7,13
2021-07-13 11:05:00+00:00,1810.87,1811.7,1810.0,1811.32,7.846411,2021,7,13
2021-07-13 11:10:00+00:00,1811.32,1812.9,1811.32,1812.7,7.521007,2021,7,13
2021-07-13 11:15:00+00:00,1811.53,1811.53,1811.34,1811.34,0.140001,2021,7,13
2021-07-13 11:20:00+00:00,1811.34,1811.34,1810.86,1810.96,1.597527,2021,7,13
2021-07-13 11:25:00+00:00,1812.43,1812.43,1810.89,1810.89,0.291217,2021,7,13
2021-07-13 11:30:00+00:00,1810.89,1812.06,1810.87,1812.06,0.876002,2021,7,13
2021-07-13 11:35:00+00:00,1811.91,1812.08,1810.9,1812.08,2.024674,2021,7,13
2021-07-13 11:40:00+00:00,1812.38,1812.98,1812.38,1812.98,1.184464,2021,7,13
2021-07-13 11:45:00+00:00,1812.98,1812.98,1809.61,1809.61,44.381149,2021,7,13
2021-07-13 11:50:00+00:00,1810.06,1810.06,1808.92,1808.92,2.075345,2021,7,13
2021-07-13 11:55:00+00:00,1809.57,1810.28,1809.57,1810.27,2.664572,2021,7,13
2021-07-13 12:00:00+00:00,1808.99,1812.18,1808.99,1812.16,39.422019,2021,7,13
2021-07-13 12:05:00+00:00,1812.19,1812.96,1812.19,1812.51,8.635064,2021,7,13
2021-07-13 12:10:00+00:00,1812.58,1812.59,1812.53,1812.54,1.410381,2021,7,13
2021-07-13 12:15:00+00:00,1812.58,1814.03,1811.37,1813.19,32.777371,2021,7,13
2021-07-13 12:20:00+00:00,1813.98,1814.95,1813.65,1814.94,8.070455,2021,7,13
2021-07-13 12:25:00+00:00,1814.81,1814.9,1813.69,1813.7,2.368452,2021,7,13
2021-07-13 12:30:00+00:00,1813.7,1813.7,1808.88,1808.88,60.43059,2021,7,13
2021-07-13 12:35:00+00:00,1809.89,1812.7,1808.0,1812.7,259.723932,2021,7,13
2021-07-13 12:40:00+00:00,1813.9,1817.04,1811.77,1817.04,112.577997,2021,7,13
2021-07-13 12:45:00+00:00,1815.52,1816.08,1813.21,1814.03,6.701699,2021,7,13
2021-07-13 12:50:00+00:00,1814.04,1814.05,1811.21,1812.2,20.361872,2021,7,13
2021-07-13 12:55:00+00:00,1811.23,1812.87,1805.84,1806.33,166.551966,2021,7,13
2021-07-13 13:00:00+00:00,1806.34,1809.56,1805.55,1806.81,24.439533,2021,7,13
2021-07-13 13:05:00+00:00,1806.86,1808.17,1806.35,1808.16,17.054764,2021,7,13
2021-07-13 13:10:00+00:00,1808.16,1809.57,1807.6,1808.99,12.754527,2021,7,13
2021-07-13 13:15:00+00:00,1809.56,1811.18,1809.43,1810.15,5.146894,2021,7,13
2021-07-13 13:20:00+00:00,1808.2,1809.21,1808.2,1808.56,1.607289,2021,7,13
2021-07-13 13:25:00+00:00,1809.17,1814.11,1809.17,1812.21,38.686032,2021,7,13
2021-07-13 13:30:00+00:00,1810.9,1812.03,1810.5,1810.5,4.630546,2021,7,13
2021-07-13 13:35:00+00:00,1810.5,1812.0,1810.49,1812.0,7.466321,2021,7,13
2021-07-13 13:40:00+00:00,1812.01,1812.01,1811.97,1811.97,0.02204,2021,7,13
2021-07-13 13:45:00+00:00,1811.97,1813.59,1810.8,1813.59,13.728449,2021,7,13
2021-07-13 13:50:00+00:00,1813.58,1814.23,1812.7,1813.29,2.941889,2021,7,13
2021-07-13 13:55:00+00:00,1814.2,1815.64,1814.2,1815.64,22.112071,2021,7,13
2021-07-13 14:00:00+00:00,1815.79,1815.79,1815.02,1815.02,1.305128,2021,7,13
2021-07-13 14:05:00+00:00,1814.87,1815.79,1814.18,1814.18,6.341016,2021,7,13
2021-07-13 14:10:00+00:00,1814.71,1815.07,1813.34,1813.39,20.827623,2021,7,13
2021-07-13 14:15:00+00:00,1813.34,1813.68,1813.29,1813.29,0.254752,2021,7,13
2021-07-13 14:20:00+00:00,1813.68,1815.01,1813.29,1813.32,11.972931,2021,7,13
2021-07-13 14:25:00+00:00,1813.33,1815.0,1813.32,1814.97,0.908304,2021,7,13
2021-07-13 14:30:00+00:00,1814.41,1814.94,1814.41,1814.42,0.547589,2021,7,13
2021-07-13 14:35:00+00:00,1814.42,1815.57,1814.42,1814.87,0.236357,2021,7,13
2021-07-13 14:40:00+00:00,1814.42,1814.42,1814.42,1814.42,0.526754,2021,7,13
2021-07-13 14:45:00+00:00,1814.49,1814.84,1814.46,1814.84,0.328544,2021,7,13
2021-07-13 14:50:00+00:00,1814.84,1817.71,1814.84,1815.99,32.108867,2021,7,13
2021-07-13 14:55:00+00:00,1816.0,1816.15,1816.0,1816.15,0.296363,2021,7,13
2021-07-13 15:00:00+00:00,1816.55,1817.32,1816.09,1816.65,2.893932,2021,7,13
2021-07-13 15:05:00+00:00,1816.63,1817.27,1815.93,1815.93,1.816839,2021,7,13
2021-07-13 15:10:00+00:00,1815.94,1816.57,1815.94,1816.57,0.218008,2021,7,13
2021-07-13 15:15:00+00:00,1817.19,1817.19,1816.3,1816.3,0.191808,2021,7,13
2021-07-13 15:20:00+00:00,1817.17,1817.17,1814.85,1815.17,6.684893,2021,7,13
2021-07-13 15:25:00+00:00,1814.87,1815.85,1814.87,1815.5,0.50453,2021,7,13
2021-07-13 15:30:00+00:00,1815.23,1816.49,1815.09,1816.49,7.203278,2021,7,13
2021-07-13 15:35:00+00:00,1815.7,1818.0,1815.69,1816.84,16.74047,2021,7,13
2021-07-13 15:40:00+00:00,1816.84,1818.0,1816.08,1818.0,10.748423,2021,7,13
2021-07-13 15:45:00+00:00,1817.91,1818.22,1816.85,1817.72,5.36203,2021,7,13
2021-07-13 15:50:00+00:00,1818.22,1818.99,1816.85,1816.85,2.574954,2021,7,13
2021-07-13 15:55:00+00:00,1816.75,1816.93,1815.18,1816.93,4.924458,2021,7,13
2021-07-13 16:00:00+00:00,1815.54,1818.72,1815.54,1817.0,10.951405,2021,7,13
2021-07-13 16:05:00+00:00,1818.61,1818.61,1816.92,1816.92,0.131974,2021,7,13
2021-07-13 16:10:00+00:00,1817.19,1818.61,1817.18,1817.19,0.44513,2021,7,13
2021-07-13 16:15:00+00:00,1817.19,1818.72,1817.18,1817.18,1.07268,2021,7,13
2021-07-13 16:20:00+00:00,1817.98,1817.98,1817.18,1817.18,0.051404,2021,7,13
2021-07-13 16:25:00+00:00,1817.07,1818.1,1816.92,1816.94,0.18095,2021,7,13
2021-07-13 16:30:00+00:00,1816.95,1818.5,1816.95,1818.5,0.329461,2021,7,13
2021-07-13 16:35:00+00:00,1816.96,1816.96,1816.96,1816.96,0.0243,2021,7,13
2021-07-13 16:40:00+00:00,1817.9,1818.21,1816.94,1816.98,0.121003,2021,7,13
2021-07-13 16:45:00+00:00,1816.98,1816.98,1815.44,1815.99,12.448813,2021,7,13
2021-07-13 16:50:00+00:00,1817.31,1817.32,1815.4,1816.25,1.704032,2021,7,13
2021-07-13 16:55:00+00:00,1817.28,1817.28,1817.28,1817.28,0.007115,2021,7,13
2021-07-13 17:00:00+00:00,1817.28,1817.28,1815.41,1815.41,0.018038,2021,7,13
2021-07-13 17:05:00+00:00,1816.84,1816.84,1814.41,1814.51,11.058113,2021,7,13
2021-07-13 17:10:00+00:00,1815.36,1815.36,1815.36,1815.36,0.007192,2021,7,13
2021-07-13 17:15:00+00:00,1815.01,1816.2,1815.0,1815.0,16.194197,2021,7,13
2021-07-13 17:20:00+00:00,1814.49,1814.49,1814.49,1814.49,0.285346,2021,7,13
2021-07-13 17:25:00+00:00,1814.98,1814.99,1814.51,1814.52,0.642155,2021,7,13
2021-07-13 17:30:00+00:00,1814.52,1815.37,1814.49,1814.5,3.328577,2021,7,13
2021-07-13 17:35:00+00:00,1815.21,1815.21,1814.5,1814.5,0.032428,2021,7,13
2021-07-13 17:40:00+00:00,1814.5,1814.75,1814.5,1814.75,0.501997,2021,7,13
2021-07-13 17:45:00+00:00,1814.51,1815.88,1814.5,1814.7,4.593914,2021,7,13
2021-07-13 17:50:00+00:00,1815.02,1815.02,1815.02,1815.02,0.0607,2021,7,13
2021-07-13 17:55:00+00:00,1815.75,1815.75,1814.7,1814.7,0.722463,2021,7,13
2021-07-13 18:00:00+00:00,1814.7,1815.42,1809.99,1812.12,97.373295,2021,7,13
2021-07-13 18:05:00+00:00,1811.74,1811.93,1811.74,1811.93,0.529021,2021,7,13
2021-07-13 18:10:00+00:00,1812.05,1812.05,1810.69,1811.75,0.326069,2021,7,13
2021-07-13 18:15:00+00:00,1811.75,1811.75,1810.71,1810.71,0.127234,2021,7,13
2021-07-13 18:20:00+00:00,1811.88,1811.88,1810.77,1810.77,2.892003,2021,7,13
2021-07-13 18:25:00+00:00,1810.71,1811.48,1810.71,1811.48,1.207185,2021,7,13
2021-07-13 18:30:00+00:00,1810.92,1810.92,1810.92,1810.92,0.01,2021,7,13
2021-07-13 18:35:00+00:00,1811.39,1811.4,1810.71,1810.71,1.462609,2021,7,13
2021-07-13 18:40:00+00:00,1810.95,1810.95,1810.71,1810.71,0.796008,2021,7,13
2021-07-13 18:45:00+00:00,1810.71,1810.84,1809.99,1809.99,4.39192,2021,7,13
2021-07-13 18:50:00+00:00,1810.41,1811.45,1810.13,1810.13,2.142054,2021,7,13
2021-07-13 18:55:00+00:00,1811.43,1811.44,1810.12,1811.44,3.614764,2021,7,13
2021-07-13 19:00:00+00:00,1810.23,1811.6,1809.09,1810.36,31.222454,2021,7,13
2021-07-13 19:05:00+00:00,1809.18,1810.29,1809.15,1809.19,3.204795,2021,7,13
2021-07-13 19:10:00+00:00,1809.2,1809.2,1809.18,1809.18,0.173077,2021,7,13
2021-07-13 19:15:00+00:00,1809.18,1811.41,1809.18,1810.24,6.490371,2021,7,13
2021-07-13 19:20:00+00:00,1810.02,1810.02,1809.52,1809.52,1.186285,2021,7,13
2021-07-13 19:25:00+00:00,1811.24,1811.24,1809.0,1809.03,3.944457,2021,7,13
2021-07-13 19:30:00+00:00,1810.41,1812.63,1809.07,1810.38,17.654604,2021,7,13
2021-07-13 19:35:00+00:00,1810.01,1811.69,1808.11,1810.15,28.871205,2021,7,13
2021-07-13 19:40:00+00:00,1810.15,1811.59,1810.12,1810.16,2.141418,2021,7,13
2021-07-13 19:45:00+00:00,1810.16,1810.16,1810.16,1810.16,0.006793,2021,7,13
2021-07-13 19:50:00+00:00,1811.57,1811.57,1810.15,1810.16,0.40329,2021,7,13
2021-07-13 19:55:00+00:00,1810.75,1812.03,1807.47,1809.58,36.536895,2021,7,13
2021-07-13 20:00:00+00:00,1809.86,1809.87,1808.67,1809.83,14.310804,2021,7,13
2021-07-13 20:05:00+00:00,1810.85,1810.87,1809.83,1809.86,2.450546,2021,7,13
2021-07-13 20:10:00+00:00,1809.86,1810.33,1808.15,1808.15,8.363739,2021,7,13
2021-07-13 20:15:00+00:00,1809.82,1810.89,1809.82,1810.87,9.62913,2021,7,13
2021-07-13 20:20:00+00:00,1810.87,1811.33,1810.83,1811.33,0.964263,2021,7,13
2021-07-13 20:25:00+00:00,1810.83,1811.84,1810.83,1811.84,0.159646,2021,7,13
2021-07-13 20:30:00+00:00,1810.84,1811.83,1810.84,1811.51,0.024215,2021,7,13
2021-07-13 20:35:00+00:00,1811.33,1811.33,1810.84,1810.84,0.280089,2021,7,13
2021-07-13 20:40:00+00:00,1810.04,1810.83,1810.0,1810.83,2.689875,2021,7,13
2021-07-13 20:45:00+00:00,1810.82,1811.66,1810.07,1811.66,1.271927,2021,7,13
2021-07-13 20:50:00+00:00,1811.66,1813.26,1810.98,1813.26,11.430368,2021,7,13
2021-07-13 20:55:00+00:00,1813.26,1813.41,1811.54,1813.41,1.422829,2021,7,13
2021-07-13 21:00:00+00:00,1811.76,1813.33,1811.76,1813.33,1.213448,2021,7,13
2021-07-13 21:05:00+00:00,1811.78,1811.78,1811.78,1811.78,0.0424,2021,7,13
2021-07-13 21:10:00+00:00,1811.78,1813.31,1811.6,1811.6,2.234526,2021,7,13
2021-07-13 21:15:00+00:00,1811.61,1813.21,1811.61,1813.21,0.088184,2021,7,13
2021-07-13 21:20:00+00:00,1811.61,1812.01,1811.61,1812.0,2.083865,2021,7,13
2021-07-13 21:25:00+00:00,1813.21,1813.22,1812.0,1812.0,1.635443,2021,7,13
2021-07-13 21:30:00+00:00,1812.18,1813.21,1812.18,1812.88,0.341454,2021,7,13
2021-07-13 21:35:00+00:00,1812.03,1813.19,1812.02,1813.19,0.504062,2021,7,13
2021-07-13 21:40:00+00:00,1813.17,1813.17,1812.03,1812.03,0.170096,2021,7,13
2021-07-13 21:45:00+00:00,1812.03,1812.03,1812.03,1812.03,0.0,2021,7,13
2021-07-13 21:50:00+00:00,1812.03,1813.01,1812.02,1813.0,0.486663,2021,7,13
2021-07-13 21:55:00+00:00,1813.0,1813.01,1813.0,1813.01,0.335764,2021,7,13
2021-07-13 22:00:00+00:00,1812.52,1813.01,1812.04,1813.01,0.091568,2021,7,13
2021-07-13 22:05:00+00:00,1813.02,1813.95,1812.0,1812.45,14.187747,2021,7,13
2021-07-13 22:10:00+00:00,1813.8,1813.81,1812.45,1813.8,0.14145,2021,7,13
2021-07-13 22:15:00+00:00,1813.8,1813.95,1813.8,1813.95,0.665696,2021,7,13
2021-07-13 22:20:00+00:00,1812.45,1813.93,1812.45,1813.93,0.488306,2021,7,13
2021-07-13 22:25:00+00:00,1812.51,1814.15,1812.51,1814.15,1.540886,2021,7,13
2021-07-13 22:30:00+00:00,1813.25,1813.46,1812.79,1812.79,0.879872,2021,7,13
2021-07-13 22:35:00+00:00,1812.79,1812.79,1812.79,1812.79,0.007376,2021,7,13
2021-07-13 22:40:00+00:00,1812.82,1813.65,1812.51,1812.68,2.367556,2021,7,13
2021-07-13 22:45:00+00:00,1813.35,1813.35,1812.01,1812.01,0.493343,2021,7,13
2021-07-13 22:50:00+00:00,1812.99,1812.99,1812.02,1812.02,0.018629,2021,7,13
2021-07-13 22:55:00+00:00,1812.02,1812.02,1812.02,1812.02,0.0,2021,7,13
2021-07-13 23:00:00+00:00,1812.99,1812.99,1812.99,1812.99,0.077534,2021,7,13
2021-07-13 23:05:00+00:00,1812.82,1812.82,1807.95,1808.61,29.341345,2021,7,13
2021-07-13 23:10:00+00:00,1810.78,1810.78,1810.78,1810.78,0.011034,2021,7,13
2021-07-13 23:15:00+00:00,1810.77,1812.59,1810.23,1812.26,18.86478,2021,7,13
2021-07-13 23:20:00+00:00,1812.44,1814.65,1812.42,1814.65,9.910761,2021,7,13
2021-07-13 23:25:00+00:00,1814.62,1814.66,1813.02,1814.32,3.580394,2021,7,13
2021-07-13 23:30:00+00:00,1814.32,1814.65,1811.58,1814.56,23.33015,2021,7,13
2021-07-13 23:35:00+00:00,1812.05,1812.05,1810.29,1810.84,2.350304,2021,7,13
2021-07-13 23:40:00+00:00,1810.84,1810.84,1810.84,1810.84,0.0,2021,7,13
2021-07-13 23:45:00+00:00,1810.84,1811.83,1809.88,1809.88,3.716686,2021,7,13
2021-07-13 23:50:00+00:00,1811.8,1811.8,1809.89,1811.8,0.056297,2021,7,13
2021-07-13 23:55:00+00:00,1811.8,1811.8,1810.37,1810.37,1.8283,2021,7,13
2021-07-14 00:00:00+00:00,1810.37,1811.79,1809.68,1809.71,1.80775,2021,7,14
2021-07-14 00:05:00+00:00,1811.18,1811.18,1809.72,1809.72,1.193377,2021,7,14
2021-07-14 00:10:00+00:00,1810.81,1810.81,1808.6,1808.6,3.245488,2021,7,14
2021-07-14 00:15:00+00:00,1808.98,1809.29,1807.72,1807.72,1.642786,2021,7,14
2021-07-14 00:20:00+00:00,1809.21,1809.23,1808.0,1808.48,1.385666,2021,7,14
2021-07-14 00:25:00+00:00,1809.21,1809.21,1808.36,1809.09,0.38304,2021,7,14
2021-07-14 00:30:00+00:00,1808.4,1808.41,1808.4,1808.4,1.489911,2021,7,14
2021-07-14 00:35:00+00:00,1808.67,1809.46,1808.39,1809.0,1.553439,2021,7,14
2021-07-14 00:40:00+00:00,1808.41,1809.99,1808.4,1809.98,5.866954,2021,7,14
2021-07-14 00:45:00+00:00,1808.81,1808.81,1807.76,1808.4,7.194726,2021,7,14
2021-07-14 00:50:00+00:00,1808.39,1808.39,1808.39,1808.39,0.16,2021,7,14
2021-07-14 00:55:00+00:00,1807.77,1811.76,1807.77,1809.1,25.676948,2021,7,14
2021-07-14 01:00:00+00:00,1811.55,1811.55,1810.02,1811.55,0.757596,2021,7,14
2021-07-14 01:05:00+00:00,1810.02,1811.24,1808.17,1811.24,19.807712,2021,7,14
2021-07-14 01:10:00+00:00,1812.19,1812.2,1808.04,1810.96,23.731535,2021,7,14
2021-07-14 01:15:00+00:00,1810.96,1812.14,1809.69,1809.69,20.524065,2021,7,14
2021-07-14 01:20:00+00:00,1807.85,1808.8,1807.16,1808.4,10.332373,2021,7,14
2021-07-14 01:25:00+00:00,1808.9,1809.64,1808.9,1809.64,2.613137,2021,7,14
2021-07-14 01:30:00+00:00,1809.59,1811.26,1809.54,1811.26,14.155463,2021,7,14
2021-07-14 01:35:00+00:00,1810.28,1811.16,1809.1,1811.16,3.015993,2021,7,14
2021-07-14 01:40:00+00:00,1810.89,1813.78,1810.88,1813.65,4.411458,2021,7,14
2021-07-14 01:45:00+00:00,1812.73,1813.96,1812.73,1813.96,0.452931,2021,7,14
2021-07-14 01:50:00+00:00,1811.82,1811.82,1811.82,1811.82,0.3473,2021,7,14
2021-07-14 01:55:00+00:00,1813.52,1813.72,1811.81,1813.72,0.488244,2021,7,14
2021-07-14 02:00:00+00:00,1813.73,1813.73,1812.75,1812.75,0.614762,2021,7,14
2021-07-14 02:05:00+00:00,1814.02,1814.02,1812.33,1814.02,1.89418,2021,7,14
2021-07-14 02:10:00+00:00,1814.01,1814.01,1814.01,1814.01,0.039209,2021,7,14
2021-07-14 02:15:00+00:00,1814.01,1814.01,1812.34,1814.0,0.462368,2021,7,14
2021-07-14 02:20:00+00:00,1814.0,1814.0,1812.33,1812.33,0.610884,2021,7,14
2021-07-14 02:25:00+00:00,1812.32,1814.0,1812.32,1812.59,0.49444,2021,7,14
2021-07-14 02:30:00+00:00,1813.99,1814.57,1813.99,1814.57,4.479556,2021,7,14
2021-07-14 02:35:00+00:00,1812.88,1812.88,1812.88,1812.88,0.090587,2021,7,14
2021-07-14 02:40:00+00:00,1814.48,1814.48,1814.48,1814.48,0.072902,2021,7,14
2021-07-14 02:45:00+00:00,1812.98,1814.56,1812.98,1814.56,0.219631,2021,7,14
2021-07-14 02:50:00+00:00,1812.98,1815.16,1812.98,1815.16,0.574624,2021,7,14
2021-07-14 02:55:00+00:00,1815.16,1815.27,1814.19,1815.27,0.820912,2021,7,14
2021-07-14 03:00:00+00:00,1815.27,1815.27,1814.23,1814.23,0.033594,2021,7,14
2021-07-14 03:05:00+00:00,1814.23,1814.24,1814.18,1814.18,0.809172,2021,7,14
2021-07-14 03:10:00+00:00,1814.2,1815.24,1814.18,1815.24,1.148555,2021,7,14
2021-07-14 03:15:00+00:00,1814.18,1815.22,1814.15,1815.22,1.118558,2021,7,14
2021-07-14 03:20:00+00:00,1813.91,1814.0,1804.04,1809.89,135.124351,2021,7,14
2021-07-14 03:25:00+00:00,1809.9,1811.36,1806.64,1810.48,91.071937,2021,7,14
2021-07-14 03:30:00+00:00,1809.33,1812.84,1805.99,1809.97,122.541899,2021,7,14
2021-07-14 03:35:00+00:00,1809.97,1815.27,1809.13,1815.27,36.708483,2021,7,14
2021-07-14 03:40:00+00:00,1815.27,1819.0,1813.62,1817.09,60.567313,2021,7,14
2021-07-14 03:45:00+00:00,1816.74,1819.0,1812.3,1814.59,17.535738,2021,7,14
2021-07-14 03:50:00+00:00,1816.46,1816.46,1815.15,1815.15,1.110289,2021,7,14
2021-07-14 03:55:00+00:00,1815.57,1816.17,1815.21,1816.17,0.552566,2021,7,14
2021-07-14 04:00:00+00:00,1815.87,1816.78,1815.28,1816.76,2.081098,2021,7,14
2021-07-14 04:05:00+00:00,1815.32,1816.71,1815.32,1816.71,0.404308,2021,7,14
2021-07-14 04:10:00+00:00,1816.71,1816.71,1811.66,1815.2,29.762378,2021,7,14
2021-07-14 04:15:00+00:00,1816.63,1816.66,1815.19,1815.26,3.175146,2021,7,14
2021-07-14 04:20:00+00:00,1815.27,1816.66,1815.27,1816.66,1.473998,2021,7,14
2021-07-14 04:25:00+00:00,1815.27,1816.87,1815.27,1815.27,0.700141,2021,7,14
2021-07-14 04:30:00+00:00,1815.64,1816.52,1815.35,1815.36,0.903026,2021,7,14
2021-07-14 04:35:00+00:00,1815.36,1816.72,1815.36,1816.44,0.691032,2021,7,14
2021-07-14 04:40:00+00:00,1816.04,1816.04,1814.22,1814.57,2.199141,2021,7,14
2021-07-14 04:45:00+00:00,1814.24,1816.47,1814.24,1816.46,1.625544,2021,7,14
2021-07-14 04:50:00+00:00,1816.47,1816.47,1814.23,1814.25,0.188288,2021,7,14
2021-07-14 04:55:00+00:00,1814.25,1817.34,1814.25,1814.62,16.116335,2021,7,14
2021-07-14 05:00:00+00:00,1814.09,1814.6,1814.09,1814.6,0.01917,2021,7,14
2021-07-14 05:05:00+00:00,1816.18,1817.39,1815.81,1815.81,15.489841,2021,7,14
2021-07-14 05:10:00+00:00,1814.47,1814.47,1814.46,1814.47,3.418628,2021,7,14
2021-07-14 05:15:00+00:00,1815.77,1816.32,1815.77,1816.32,0.80334,2021,7,14
2021-07-14 05:20:00+00:00,1816.32,1816.58,1814.41,1814.41,2.438562,2021,7,14
2021-07-14 05:25:00+00:00,1816.71,1816.71,1815.85,1816.47,1.464276,2021,7,14
2021-07-14 05:30:00+00:00,1816.72,1816.72,1816.47,1816.54,3.503822,2021,7,14
2021-07-14 05:35:00+00:00,1816.92,1818.89,1815.09,1815.09,23.881792,2021,7,14
2021-07-14 05:40:00+00:00,1816.55,1816.55,1814.1,1816.16,2.98174,2021,7,14
2021-07-14 05:45:00+00:00,1816.15,1816.74,1814.33,1816.19,5.810781,2021,7,14
2021-07-14 05:50:00+00:00,1816.45,1816.77,1816.19,1816.31,1.248736,2021,7,14
2021-07-14 05:55:00+00:00,1816.25,1816.31,1814.0,1814.0,9.757804,2021,7,14
2021-07-14 06:00:00+00:00,1814.03,1814.66,1809.93,1814.66,66.33726,2021,7,14
2021-07-14 06:05:00+00:00,1814.66,1816.54,1814.64,1816.02,1.751599,2021,7,14
2021-07-14 06:10:00+00:00,1814.67,1819.46,1814.66,1817.69,26.709769,2021,7,14
2021-07-14 06:15:00+00:00,1819.43,1820.41,1816.59,1816.85,23.242438,2021,7,14
2021-07-14 06:20:00+00:00,1818.82,1819.13,1816.84,1817.76,3.648593,2021,7,14
2021-07-14 06:25:00+00:00,1817.83,1817.99,1816.15,1817.55,7.199406,2021,7,14
2021-07-14 06:30:00+00:00,1815.7,1819.37,1815.7,1819.27,14.950451,2021,7,14
2021-07-14 06:35:00+00:00,1817.99,1821.54,1817.01,1817.01,30.918133,2021,7,14
2021-07-14 06:40:00+00:00,1818.24,1818.91,1818.24,1818.45,4.37423,2021,7,14
2021-07-14 06:45:00+00:00,1818.45,1818.45,1816.66,1818.1,8.943167,2021,7,14
2021-07-14 06:50:00+00:00,1818.09,1818.14,1815.13,1817.34,8.302233,2021,7,14
2021-07-14 06:55:00+00:00,1815.88,1817.26,1815.88,1817.26,1.110621,2021,7,14
2021-07-14 07:00:00+00:00,1816.24,1816.24,1815.89,1815.89,1.003352,2021,7,14
2021-07-14 07:05:00+00:00,1815.9,1817.19,1815.9,1817.13,0.737003,2021,7,14
2021-07-14 07:10:00+00:00,1816.08,1816.08,1815.31,1815.31,0.656794,2021,7,14
2021-07-14 07:15:00+00:00,1815.43,1816.17,1815.15,1815.21,0.281129,2021,7,14
2021-07-14 07:20:00+00:00,1815.47,1816.16,1815.17,1816.16,0.411168,2021,7,14
2021-07-14 07:25:00+00:00,1816.16,1817.11,1815.55,1815.55,1.430935,2021,7,14
2021-07-14 07:30:00+00:00,1816.29,1817.03,1815.55,1816.4,0.527037,2021,7,14
2021-07-14 07:35:00+00:00,1816.35,1817.09,1815.58,1816.16,3.828939,2021,7,14
2021-07-14 07:40:00+00:00,1816.82,1817.93,1815.95,1817.93,5.058347,2021,7,14
2021-07-14 07:45:00+00:00,1816.96,1816.96,1816.17,1816.18,3.296078,2021,7,14
2021-07-14 07:50:00+00:00,1816.01,1817.01,1815.62,1816.26,2.710253,2021,7,14
2021-07-14 07:55:00+00:00,1815.61,1816.25,1815.18,1815.76,5.960704,2021,7,14
2021-07-14 08:00:00+00:00,1816.06,1817.35,1816.05,1816.83,7.461536,2021,7,14
2021-07-14 08:05:00+00:00,1816.79,1816.79,1816.64,1816.65,0.242129,2021,7,14
2021-07-14 08:10:00+00:00,1816.9,1817.29,1816.81,1817.28,0.30142,2021,7,14
2021-07-14 08:15:00+00:00,1816.82,1820.45,1816.03,1819.18,48.741754,2021,7,14
2021-07-14 08:20:00+00:00,1819.15,1819.15,1817.23,1817.23,0.836651,2021,7,14
2021-07-14 08:25:00+00:00,1818.94,1819.29,1818.14,1819.28,6.050242,2021,7,14
2021-07-14 08:30:00+00:00,1819.3,1820.6,1817.71,1817.71,18.493321,2021,7,14
2021-07-14 08:35:00+00:00,1817.71,1819.08,1817.45,1817.47,2.872876,2021,7,14
2021-07-14 08:40:00+00:00,1818.26,1819.01,1818.26,1818.62,0.297757,2021,7,14
2021-07-14 08:45:00+00:00,1818.96,1818.96,1817.52,1817.52,0.770117,2021,7,14
2021-07-14 08:50:00+00:00,1817.52,1818.19,1816.71,1816.71,1.255421,2021,7,14
2021-07-14 08:55:00+00:00,1816.73,1818.01,1816.73,1816.88,0.855544,2021,7,14
2021-07-14 09:00:00+00:00,1816.88,1822.0,1816.01,1821.12,75.507404,2021,7,14
2021-07-14 09:05:00+00:00,1820.61,1822.0,1818.06,1819.23,24.80093,2021,7,14
2021-07-14 09:10:00+00:00,1818.93,1818.93,1816.54,1816.6,9.537101,2021,7,14
2021-07-14 09:15:00+00:00,1817.78,1823.58,1817.76,1821.6,104.60779,2021,7,14
2021-07-14 09:20:00+00:00,1821.6,1822.85,1821.53,1821.55,0.572448,2021,7,14
2021-07-14 09:25:00+00:00,1821.55,1822.84,1821.51,1821.51,8.492639,2021,7,14
2021-07-14 09:30:00+00:00,1821.89,1822.43,1820.68,1822.08,3.397476,2021,7,14
2021-07-14 09:35:00+00:00,1820.71,1822.15,1819.82,1820.22,2.263749,2021,7,14
2021-07-14 09:40:00+00:00,1821.82,1822.11,1820.41,1820.57,11.109024,2021,7,14
2021-07-14 09:45:00+00:00,1820.6,1820.61,1820.26,1820.26,1.459911,2021,7,14
2021-07-14 09:50:00+00:00,1821.66,1822.32,1821.62,1822.32,2.910912,2021,7,14
2021-07-14 09:55:00+00:00,1820.99,1823.0,1820.99,1821.98,19.933813,2021,7,14
2021-07-14 10:00:00+00:00,1821.99,1822.0,1821.24,1821.97,2.090319,2021,7,14
2021-07-14 10:05:00+00:00,1821.98,1822.99,1821.1,1822.0,1.091717,2021,7,14
2021-07-14 10:10:00+00:00,1822.0,1824.31,1822.0,1823.23,7.424619,2021,7,14
2021-07-14 10:15:00+00:00,1823.23,1823.23,1821.25,1822.66,45.546363,2021,7,14
2021-07-14 10:20:00+00:00,1822.66,1822.66,1821.34,1821.34,1.587647,2021,7,14
2021-07-14 10:25:00+00:00,1822.34,1823.99,1821.04,1822.52,35.944963,2021,7,14
2021-07-14 10:30:00+00:00,1821.81,1824.26,1821.18,1824.26,18.039643,2021,7,14
2021-07-14 10:35:00+00:00,1822.38,1825.0,1822.38,1825.0,7.543614,2021,7,14
2021-07-14 10:40:00+00:00,1825.0,1825.0,1823.61,1825.0,11.054091,2021,7,14
2021-07-14 10:45:00+00:00,1825.0,1825.0,1821.78,1823.6,3.00008,2021,7,14
2021-07-14 10:50:00+00:00,1822.19,1823.62,1822.19,1823.62,0.749043,2021,7,14
2021-07-14 10:55:00+00:00,1823.56,1823.56,1822.77,1822.77,1.648189,2021,7,14
2021-07-14 11:00:00+00:00,1823.53,1825.0,1823.15,1824.99,5.974835,2021,7,14
2021-07-14 11:05:00+00:00,1824.98,1825.0,1823.67,1825.0,5.911676,2021,7,14
2021-07-14 11:10:00+00:00,1824.98,1825.95,1823.67,1825.95,9.015823,2021,7,14
2021-07-14 11:15:00+00:00,1825.95,1826.0,1824.3,1825.69,2.66952,2021,7,14
2021-07-14 11:20:00+00:00,1825.69,1825.7,1824.33,1825.7,0.923389,2021,7,14
2021-07-14 11:25:00+00:00,1824.79,1825.67,1824.49,1824.49,0.526596,2021,7,14
2021-07-14 11:30:00+00:00,1825.64,1825.95,1824.5,1825.95,2.252874,2021,7,14
2021-07-14 11:35:00+00:00,1825.93,1825.93,1822.88,1824.86,39.216503,2021,7,14
2021-07-14 11:40:00+00:00,1824.86,1824.89,1822.87,1824.86,19.31468,2021,7,14
2021-07-14 11:45:00+00:00,1824.86,1824.96,1824.85,1824.95,0.747608,2021,7,14
2021-07-14 11:50:00+00:00,1824.94,1824.96,1824.94,1824.96,0.436501,2021,7,14
2021-07-14 11:55:00+00:00,1824.41,1824.41,1823.78,1823.78,0.949872,2021,7,14
2021-07-14 12:00:00+00:00,1823.8,1824.63,1823.71,1824.63,1.746735,2021,7,14
2021-07-14 12:05:00+00:00,1824.9,1825.91,1823.6,1825.64,13.607315,2021,7,14
2021-07-14 12:10:00+00:00,1825.64,1826.18,1825.0,1825.72,11.504577,2021,7,14
2021-07-14 12:15:00+00:00,1826.15,1826.9,1825.79,1826.81,49.351417,2021,7,14
2021-07-14 12:20:00+00:00,1826.9,1826.9,1826.79,1826.9,12.676023,2021,7,14
2021-07-14 12:25:00+00:00,1826.9,1829.9,1826.9,1829.76,296.034124,2021,7,14
2021-07-14 12:30:00+00:00,1829.44,1832.07,1828.9,1830.43,216.602308,2021,7,14
2021-07-14 12:35:00+00:00,1830.43,1830.43,1827.91,1829.77,2.705674,2021,7,14
2021-07-14 12:40:00+00:00,1829.99,1831.72,1828.0,1829.59,24.140777,2021,7,14
2021-07-14 12:45:00+00:00,1829.45,1834.3,1829.45,1833.89,244.807344,2021,7,14
2021-07-14 12:50:00+00:00,1832.63,1834.15,1832.63,1834.15,1.611178,2021,7,14
2021-07-14 12:55:00+00:00,1832.68,1834.79,1832.68,1834.79,12.623781,2021,7,14
2021-07-14 13:00:00+00:00,1834.78,1834.88,1833.3,1834.76,4.07033,2021,7,14
2021-07-14 13:05:00+00:00,1834.76,1835.1,1833.52,1834.81,27.672078,2021,7,14
2021-07-14 13:10:00+00:00,1834.98,1836.33,1834.54,1836.3,22.490241,2021,7,14
2021-07-14 13:15:00+00:00,1836.33,1837.0,1835.01,1836.33,15.951388,2021,7,14
2021-07-14 13:20:00+00:00,1835.03,1836.33,1831.85,1834.32,217.824148,2021,7,14
2021-07-14 13:25:00+00:00,1834.35,1836.67,1834.1,1834.12,16.860975,2021,7,14
2021-07-14 13:30:00+00:00,1835.29,1835.3,1833.61,1833.62,14.575019,2021,7,14
2021-07-14 13:35:00+00:00,1833.47,1834.02,1833.19,1833.19,1.579529,2021,7,14
2021-07-14 13:40:00+00:00,1833.26,1833.66,1831.99,1832.87,20.500218,2021,7,14
2021-07-14 13:45:00+00:00,1833.64,1834.98,1832.89,1833.07,3.285554,2021,7,14
2021-07-14 13:50:00+00:00,1833.07,1834.13,1831.85,1831.85,23.278059,2021,7,14
2021-07-14 13:55:00+00:00,1831.88,1833.51,1831.85,1833.42,254.655456,2021,7,14
2021-07-14 14:00:00+00:00,1833.41,1834.9,1831.85,1833.88,25.194475,2021,7,14
2021-07-14 14:05:00+00:00,1833.19,1834.9,1832.41,1834.52,15.318828,2021,7,14
2021-07-14 14:10:00+00:00,1832.98,1834.37,1831.85,1831.85,90.010506,2021,7,14
2021-07-14 14:15:00+00:00,1831.85,1833.94,1831.85,1833.66,138.85295,2021,7,14
2021-07-14 14:20:00+00:00,1832.88,1834.77,1831.85,1831.85,69.478844,2021,7,14
2021-07-14 14:25:00+00:00,1831.85,1833.41,1831.85,1831.85,189.636287,2021,7,14
2021-07-14 14:30:00+00:00,1831.85,1833.08,1831.85,1833.03,79.53312,2021,7,14
2021-07-14 14:35:00+00:00,1832.88,1832.99,1830.44,1830.85,619.142306,2021,7,14
2021-07-14 14:40:00+00:00,1831.61,1831.61,1830.01,1830.01,0.637969,2021,7,14
2021-07-14 14:45:00+00:00,1830.16,1831.36,1830.16,1831.31,1.820326,2021,7,14
2021-07-14 14:50:00+00:00,1831.16,1831.85,1831.16,1831.85,3.386387,2021,7,14
2021-07-14 14:55:00+00:00,1832.47,1832.48,1830.01,1830.01,6.626219,2021,7,14
2021-07-14 15:00:00+00:00,1831.01,1831.01,1829.3,1830.64,2.519226,2021,7,14
2021-07-14 15:05:00+00:00,1830.31,1830.65,1829.31,1830.65,0.534278,2021,7,14
2021-07-14 15:10:00+00:00,1830.65,1830.65,1830.65,1830.65,0.236214,2021,7,14
2021-07-14 15:15:00+00:00,1830.89,1832.72,1830.58,1832.71,10.985595,2021,7,14
2021-07-14 15:20:00+00:00,1833.05,1833.05,1831.75,1831.75,0.105615,2021,7,14
2021-07-14 15:25:00+00:00,1831.75,1833.05,1831.74,1831.86,2.360699,2021,7,14
2021-07-14 15:30:00+00:00,1831.86,1832.82,1831.23,1831.44,1.720297,2021,7,14
2021-07-14 15:35:00+00:00,1830.64,1831.3,1830.64,1831.13,0.283825,2021,7,14
2021-07-14 15:40:00+00:00,1831.12,1831.8,1829.82,1829.82,2.436301,2021,7,14
2021-07-14 15:45:00+00:00,1829.81,1830.0,1825.01,1828.31,218.75232,2021,7,14
2021-07-14 15:50:00+00:00,1828.3,1828.3,1827.73,1827.73,0.461213,2021,7,14
2021-07-14 15:55:00+00:00,1828.3,1830.89,1828.3,1830.43,7.715849,2021,7,14
2021-07-14 16:00:00+00:00,1830.43,1830.89,1830.18,1830.89,0.103909,2021,7,14
2021-07-14 16:05:00+00:00,1830.22,1831.99,1830.22,1831.93,3.745876,2021,7,14
2021-07-14 16:10:00+00:00,1830.48,1831.88,1830.47,1831.88,0.681022,2021,7,14
2021-07-14 16:15:00+00:00,1830.49,1830.49,1828.57,1828.57,1.190622,2021,7,14
2021-07-14 16:20:00+00:00,1828.76,1832.63,1828.57,1832.29,109.465213,2021,7,14
2021-07-14 16:25:00+00:00,1832.28,1833.03,1832.27,1832.27,189.087346,2021,7,14
2021-07-14 16:30:00+00:00,1832.28,1833.51,1832.28,1832.44,22.932942,2021,7,14
2021-07-14 16:35:00+00:00,1832.45,1834.01,1832.27,1832.89,18.600198,2021,7,14
2021-07-14 16:40:00+00:00,1832.32,1833.4,1832.27,1832.5,32.882077,2021,7,14
2021-07-14 16:45:00+00:00,1832.5,1833.69,1832.27,1832.27,248.033184,2021,7,14
2021-07-14 16:50:00+00:00,1832.27,1833.66,1832.27,1833.66,5.48413,2021,7,14
2021-07-14 16:55:00+00:00,1833.65,1833.65,1833.65,1833.65,0.02036,2021,7,14
2021-07-14 17:00:00+00:00,1832.4,1833.99,1832.27,1833.99,513.319094,2021,7,14
2021-07-14 17:05:00+00:00,1833.97,1835.74,1832.27,1832.27,21.421066,2021,7,14
2021-07-14 17:10:00+00:00,1832.28,1833.99,1832.28,1832.42,27.605266,2021,7,14
2021-07-14 17:15:00+00:00,1834.28,1834.28,1832.27,1833.65,32.965831,2021,7,14
2021-07-14 17:20:00+00:00,1833.42,1833.43,1832.27,1832.27,204.03587,2021,7,14
2021-07-14 17:25:00+00:00,1832.27,1833.41,1832.27,1832.27,7.212029,2021,7,14
2021-07-14 17:30:00+00:00,1833.42,1833.42,1832.58,1832.58,3.416298,2021,7,14
2021-07-14 17:35:00+00:00,1832.58,1834.99,1832.58,1834.74,5.524941,2021,7,14
2021-07-14 17:40:00+00:00,1833.99,1834.98,1833.25,1833.25,1.6743,2021,7,14
2021-07-14 17:45:00+00:00,1833.81,1834.6,1833.2,1833.2,3.82843,2021,7,14
2021-07-14 17:50:00+00:00,1833.62,1835.13,1833.21,1834.58,2.587882,2021,7,14
2021-07-14 17:55:00+00:00,1834.58,1834.58,1832.27,1834.24,8.517084,2021,7,14
2021-07-14 18:00:00+00:00,1834.24,1836.68,1832.49,1832.89,71.745609,2021,7,14
2021-07-14 18:05:00+00:00,1833.76,1834.63,1833.51,1834.6,0.848862,2021,7,14
2021-07-14 18:10:00+00:00,1833.53,1833.53,1833.53,1833.53,0.070103,2021,7,14
2021-07-14 18:15:00+00:00,1834.61,1835.0,1833.68,1834.0,4.721777,2021,7,14
2021-07-14 18:20:00+00:00,1833.7,1834.92,1833.49,1834.91,3.807106,2021,7,14
2021-07-14 18:25:00+00:00,1834.91,1834.91,1834.9,1834.9,0.026618,2021,7,14
2021-07-14 18:30:00+00:00,1834.91,1835.84,1834.91,1835.84,3.776597,2021,7,14
2021-07-14 18:35:00+00:00,1836.64,1837.0,1834.57,1834.57,13.633904,2021,7,14
2021-07-14 18:40:00+00:00,1835.75,1835.75,1834.67,1835.75,0.47035,2021,7,14
2021-07-14 18:45:00+00:00,1834.74,1836.26,1833.69,1834.95,18.313067,2021,7,14
2021-07-14 18:50:00+00:00,1834.95,1837.0,1834.32,1835.81,5.436741,2021,7,14
2021-07-14 18:55:00+00:00,1835.22,1837.0,1835.22,1836.99,4.898733,2021,7,14
2021-07-14 19:00:00+00:00,1835.71,1837.1,1835.26,1835.34,3.424838,2021,7,14
2021-07-14 19:05:00+00:00,1837.01,1837.1,1833.89,1834.28,15.081971,2021,7,14
2021-07-14 19:10:00+00:00,1834.28,1834.96,1833.58,1833.76,10.550568,2021,7,14
2021-07-14 19:15:00+00:00,1833.76,1833.76,1832.27,1833.55,4.693042,2021,7,14
2021-07-14 19:20:00+00:00,1832.28,1832.28,1831.99,1831.99,0.164342,2021,7,14
2021-07-14 19:25:00+00:00,1831.99,1831.99,1831.99,1831.99,0.0,2021,7,14
2021-07-14 19:30:00+00:00,1832.0,1833.14,1831.76,1833.14,1.874306,2021,7,14
2021-07-14 19:35:00+00:00,1831.78,1831.78,1831.78,1831.78,0.165938,2021,7,14
2021-07-14 19:40:00+00:00,1833.13,1833.14,1833.13,1833.14,0.292292,2021,7,14
2021-07-14 19:45:00+00:00,1833.14,1833.73,1832.4,1832.41,1.974447,2021,7,14
2021-07-14 19:50:00+00:00,1833.72,1833.74,1832.5,1832.85,2.795375,2021,7,14
2021-07-14 19:55:00+00:00,1833.72,1833.73,1832.43,1833.68,2.814926,2021,7,14
2021-07-14 20:00:00+00:00,1833.66,1835.04,1833.49,1833.49,2.584468,2021,7,14
2021-07-14 20:05:00+00:00,1833.49,1835.03,1833.49,1835.03,0.018349,2021,7,14
2021-07-14 20:10:00+00:00,1835.03,1835.04,1835.03,1835.04,0.283365,2021,7,14
2021-07-14 20:15:00+00:00,1835.04,1835.3,1833.55,1835.3,1.103806,2021,7,14
2021-07-14 20:20:00+00:00,1833.55,1835.3,1833.55,1835.3,0.409254,2021,7,14
2021-07-14 20:25:00+00:00,1833.55,1833.55,1833.55,1833.55,0.855414,2021,7,14
2021-07-14 20:30:00+00:00,1835.29,1835.3,1833.55,1835.29,1.107852,2021,7,14
2021-07-14 20:35:00+00:00,1833.55,1835.28,1833.54,1835.28,1.390754,2021,7,14
2021-07-14 20:40:00+00:00,1835.28,1835.28,1833.6,1833.6,0.214338,2021,7,14
2021-07-14 20:45:00+00:00,1834.41,1835.29,1834.41,1835.29,1.270328,2021,7,14
2021-07-14 20:50:00+00:00,1835.27,1835.29,1834.75,1834.75,0.68003,2021,7,14
2021-07-14 20:55:00+00:00,1834.27,1835.24,1834.27,1834.27,0.439202,2021,7,14
2021-07-14 21:00:00+00:00,1834.27,1835.23,1834.27,1835.22,0.406637,2021,7,14
2021-07-14 21:05:00+00:00,1834.32,1834.73,1834.32,1834.73,0.020121,2021,7,14
2021-07-14 21:10:00+00:00,1835.14,1835.29,1834.58,1834.58,0.064244,2021,7,14
2021-07-14 21:15:00+00:00,1834.59,1835.29,1834.59,1835.24,0.983094,2021,7,14
2021-07-14 21:20:00+00:00,1834.95,1835.3,1834.68,1835.3,1.853991,2021,7,14
2021-07-14 21:25:00+00:00,1835.72,1837.37,1835.72,1835.75,14.814604,2021,7,14
2021-07-14 21:30:00+00:00,1835.77,1835.78,1835.77,1835.78,0.119316,2021,7,14
2021-07-14 21:35:00+00:00,1837.21,1837.21,1837.21,1837.21,0.005988,2021,7,14
2021-07-14 21:40:00+00:00,1836.49,1837.29,1835.73,1837.27,3.774759,2021,7,14
2021-07-14 21:45:00+00:00,1835.76,1835.76,1835.76,1835.76,0.444437,2021,7,14
2021-07-14 21:50:00+00:00,1836.49,1836.49,1835.77,1835.77,0.049485,2021,7,14
2021-07-14 21:55:00+00:00,1835.77,1836.06,1834.85,1836.06,0.991003,2021,7,14
2021-07-14 22:00:00+00:00,1836.72,1836.72,1835.3,1835.3,0.33263,2021,7,14
2021-07-14 22:05:00+00:00,1835.32,1836.01,1835.23,1835.23,5.517606,2021,7,14
2021-07-14 22:10:00+00:00,1833.93,1834.93,1833.93,1834.93,0.901492,2021,7,14
2021-07-14 22:15:00+00:00,1834.32,1836.3,1834.32,1836.01,4.794415,2021,7,14
2021-07-14 22:20:00+00:00,1836.01,1837.4,1835.48,1837.4,5.955185,2021,7,14
2021-07-14 22:25:00+00:00,1835.63,1837.4,1835.63,1837.0,1.331972,2021,7,14
2021-07-14 22:30:00+00:00,1837.0,1837.4,1837.0,1837.4,1.067293,2021,7,14
2021-07-14 22:35:00+00:00,1835.79,1836.59,1835.79,1836.59,0.018347,2021,7,14
2021-07-14 22:40:00+00:00,1835.82,1836.59,1835.82,1836.57,1.416795,2021,7,14
2021-07-14 22:45:00+00:00,1836.51,1836.56,1835.68,1835.68,0.690623,2021,7,14
2021-07-14 22:50:00+00:00,1836.56,1837.21,1834.21,1834.21,9.025357,2021,7,14
2021-07-14 22:55:00+00:00,1833.96,1833.96,1833.95,1833.95,0.531406,2021,7,14
2021-07-14 23:00:00+00:00,1833.95,1834.5,1833.49,1834.5,8.447218,2021,7,14
2021-07-14 23:05:00+00:00,1834.5,1834.5,1833.49,1834.49,0.104543,2021,7,14
2021-07-14 23:10:00+00:00,1833.99,1833.99,1833.49,1833.49,4.795067,2021,7,14
2021-07-14 23:15:00+00:00,1833.92,1834.26,1833.0,1834.26,0.391314,2021,7,14
2021-07-14 23:20:00+00:00,1833.0,1833.9,1832.82,1833.9,0.468319,2021,7,14
2021-07-14 23:25:00+00:00,1833.27,1833.87,1832.62,1833.87,1.064716,2021,7,14
2021-07-14 23:30:00+00:00,1833.87,1835.46,1832.95,1833.71,4.624559,2021,7,14
2021-07-14 23:35:00+00:00,1832.02,1832.02,1832.02,1832.02,0.006987,2021,7,14
2021-07-14 23:40:00+00:00,1832.02,1833.61,1832.01,1833.61,1.529633,2021,7,14
2021-07-14 23:45:00+00:00,1833.61,1833.61,1833.61,1833.61,0.0,2021,7,14
2021-07-14 23:50:00+00:00,1833.61,1833.62,1832.06,1833.62,1.275714,2021,7,14
2021-07-14 23:55:00+00:00,1832.84,1832.84,1832.06,1832.06,0.033104,2021,7,14
2021-07-15 00:00:00+00:00,1832.48,1833.63,1832.48,1833.6,2.163064,2021,7,15
2021-07-15 00:05:00+00:00,1833.6,1834.98,1832.65,1833.45,13.400237,2021,7,15
2021-07-15 00:10:00+00:00,1833.34,1833.34,1833.34,1833.34,0.01136,2021,7,15
2021-07-15 00:15:00+00:00,1832.79,1834.22,1830.2,1834.22,20.961418,2021,7,15
2021-07-15 00:20:00+00:00,1834.22,1834.24,1833.21,1833.5,1.32496,2021,7,15
2021-07-15 00:25:00+00:00,1833.21,1834.22,1833.21,1834.22,0.021923,2021,7,15
2021-07-15 00:30:00+00:00,1834.22,1835.04,1833.16,1833.18,7.341817,2021,7,15
2021-07-15 00:35:00+00:00,1833.18,1836.45,1833.18,1836.45,4.00538,2021,7,15
2021-07-15 00:40:00+00:00,1836.46,1836.54,1835.13,1835.13,4.336768,2021,7,15
2021-07-15 00:45:00+00:00,1836.27,1836.27,1835.76,1835.9,0.592326,2021,7,15
2021-07-15 00:50:00+00:00,1835.9,1835.9,1835.6,1835.9,0.695856,2021,7,15
2021-07-15 00:55:00+00:00,1835.31,1835.32,1835.14,1835.32,0.747833,2021,7,15
2021-07-15 01:00:00+00:00,1835.92,1838.41,1834.5,1835.49,215.063775,2021,7,15
2021-07-15 01:05:00+00:00,1835.49,1835.49,1835.01,1835.01,3.119431,2021,7,15
2021-07-15 01:10:00+00:00,1835.48,1836.4,1834.84,1836.4,3.038366,2021,7,15
2021-07-15 01:15:00+00:00,1836.11,1836.71,1835.47,1836.71,2.458359,2021,7,15
2021-07-15 01:20:00+00:00,1836.71,1836.71,1835.52,1835.52,0.274688,2021,7,15
2021-07-15 01:25:00+00:00,1835.52,1836.7,1832.88,1833.2,15.508137,2021,7,15
2021-07-15 01:30:00+00:00,1833.92,1834.61,1833.22,1834.46,2.410283,2021,7,15
2021-07-15 01:35:00+00:00,1834.46,1835.28,1832.46,1835.28,6.451411,2021,7,15
2021-07-15 01:40:00+00:00,1835.28,1835.28,1833.67,1834.04,2.418199,2021,7,15
2021-07-15 01:45:00+00:00,1835.26,1835.26,1834.19,1834.19,0.239229,2021,7,15
2021-07-15 01:50:00+00:00,1834.19,1834.19,1834.19,1834.19,0.120034,2021,7,15
2021-07-15 01:55:00+00:00,1834.19,1834.19,1834.03,1834.03,0.770652,2021,7,15
2021-07-15 02:00:00+00:00,1835.04,1835.04,1833.68,1833.68,0.409811,2021,7,15
2021-07-15 02:05:00+00:00,1833.69,1835.02,1833.68,1833.69,0.231654,2021,7,15
2021-07-15 02:10:00+00:00,1833.69,1833.69,1825.26,1833.31,86.520108,2021,7,15
2021-07-15 02:15:00+00:00,1832.17,1833.29,1832.17,1833.24,0.587896,2021,7,15
2021-07-15 02:20:00+00:00,1832.73,1832.73,1832.24,1832.24,0.052432,2021,7,15
2021-07-15 02:25:00+00:00,1832.25,1832.25,1831.93,1832.1,1.231703,2021,7,15
2021-07-15 02:30:00+00:00,1832.1,1832.83,1830.05,1830.14,31.284866,2021,7,15
2021-07-15 02:35:00+00:00,1831.82,1831.82,1828.82,1829.85,1.135007,2021,7,15
2021-07-15 02:40:00+00:00,1830.82,1830.83,1830.82,1830.82,3.944508,2021,7,15
2021-07-15 02:45:00+00:00,1830.83,1831.38,1830.83,1831.38,0.280572,2021,7,15
2021-07-15 02:50:00+00:00,1831.38,1831.83,1831.38,1831.83,0.517502,2021,7,15
2021-07-15 02:55:00+00:00,1831.83,1831.83,1831.41,1831.8,0.539467,2021,7,15
2021-07-15 03:00:00+00:00,1830.23,1831.89,1827.94,1829.74,14.688744,2021,7,15
2021-07-15 03:05:00+00:00,1831.73,1831.73,1831.73,1831.73,0.107001,2021,7,15
2021-07-15 03:10:00+00:00,1831.73,1831.73,1831.73,1831.73,0.0,2021,7,15
2021-07-15 03:15:00+00:00,1830.88,1830.88,1828.73,1830.88,0.859772,2021,7,15
2021-07-15 03:20:00+00:00,1828.73,1831.2,1827.24,1831.2,13.854945,2021,7,15
2021-07-15 03:25:00+00:00,1831.8,1832.53,1830.0,1832.41,3.872855,2021,7,15
2021-07-15 03:30:00+00:00,1830.0,1830.61,1830.0,1830.6,2.207142,2021,7,15
2021-07-15 03:35:00+00:00,1832.15,1832.15,1832.15,1832.15,0.053811,2021,7,15
2021-07-15 03:40:00+00:00,1832.15,1832.15,1832.15,1832.15,0.072657,2021,7,15
2021-07-15 03:45:00+00:00,1832.14,1832.14,1832.14,1832.14,0.020968,2021,7,15
2021-07-15 03:50:00+00:00,1832.14,1832.14,1832.14,1832.14,0.14831,2021,7,15
2021-07-15 03:55:00+00:00,1830.44,1832.14,1829.78,1829.79,1.771022,2021,7,15
2021-07-15 04:00:00+00:00,1829.79,1832.11,1825.91,1827.68,155.465369,2021,7,15
2021-07-15 04:05:00+00:00,1829.45,1831.26,1828.71,1830.0,31.618456,2021,7,15
2021-07-15 04:10:00+00:00,1831.62,1831.69,1830.51,1831.57,0.697128,2021,7,15
2021-07-15 04:15:00+00:00,1831.58,1831.58,1830.5,1831.56,0.988583,2021,7,15
2021-07-15 04:20:00+00:00,1830.52,1831.56,1830.5,1831.55,1.946655,2021,7,15
2021-07-15 04:25:00+00:00,1830.52,1831.5,1830.52,1830.53,0.315677,2021,7,15
2021-07-15 04:30:00+00:00,1830.53,1830.53,1829.86,1829.86,0.54857,2021,7,15
2021-07-15 04:35:00+00:00,1829.86,1830.36,1829.86,1830.36,0.048902,2021,7,15
2021-07-15 04:40:00+00:00,1831.34,1831.34,1828.93,1829.46,2.437442,2021,7,15
2021-07-15 04:45:00+00:00,1829.46,1830.14,1829.46,1829.46,0.057365,2021,7,15
2021-07-15 04:50:00+00:00,1829.45,1831.42,1829.45,1829.77,2.40586,2021,7,15
2021-07-15 04:55:00+00:00,1830.02,1830.02,1828.23,1829.48,7.289712,2021,7,15
2021-07-15 05:00:00+00:00,1828.24,1830.52,1828.24,1830.52,0.851358,2021,7,15
2021-07-15 05:05:00+00:00,1830.52,1830.52,1830.52,1830.52,0.0,2021,7,15
2021-07-15 05:10:00+00:00,1830.06,1830.06,1830.06,1830.06,0.01423,2021,7,15
2021-07-15 05:15:00+00:00,1829.0,1830.52,1829.0,1830.52,0.677969,2021,7,15
2021-07-15 05:20:00+00:00,1830.52,1830.52,1830.19,1830.19,0.601877,2021,7,15
2021-07-15 05:25:00+00:00,1829.51,1829.51,1829.51,1829.51,0.021774,2021,7,15
2021-07-15 05:30:00+00:00,1830.22,1831.64,1829.67,1829.67,0.764453,2021,7,15
2021-07-15 05:35:00+00:00,1829.69,1829.69,1829.69,1829.69,0.026477,2021,7,15
2021-07-15 05:40:00+00:00,1831.61,1831.61,1831.61,1831.61,0.114656,2021,7,15
2021-07-15 05:45:00+00:00,1829.71,1831.6,1829.71,1831.6,0.89085,2021,7,15
2021-07-15 05:50:00+00:00,1831.6,1831.73,1830.02,1831.72,12.240259,2021,7,15
2021-07-15 05:55:00+00:00,1831.02,1831.69,1831.02,1831.69,0.235231,2021,7,15
2021-07-15 06:00:00+00:00,1831.69,1831.99,1830.47,1830.84,14.455187,2021,7,15
2021-07-15 06:05:00+00:00,1830.84,1833.52,1830.82,1831.98,6.221945,2021,7,15
2021-07-15 06:10:00+00:00,1831.98,1833.5,1831.98,1832.58,2.414983,2021,7,15
2021-07-15 06:15:00+00:00,1832.58,1834.0,1832.02,1832.99,2.923526,2021,7,15
2021-07-15 06:20:00+00:00,1832.99,1833.97,1832.03,1832.03,1.836052,2021,7,15
2021-07-15 06:25:00+00:00,1832.03,1834.1,1832.0,1833.97,4.89918,2021,7,15
2021-07-15 06:30:00+00:00,1833.97,1834.21,1829.1,1834.18,35.330266,2021,7,15
2021-07-15 06:35:00+00:00,1832.79,1834.19,1829.11,1834.18,18.153598,2021,7,15
2021-07-15 06:40:00+00:00,1833.1,1834.18,1832.87,1833.02,2.113546,2021,7,15
2021-07-15 06:45:00+00:00,1833.12,1834.13,1833.12,1834.13,0.106173,2021,7,15
2021-07-15 06:50:00+00:00,1833.18,1834.18,1833.18,1833.63,0.592402,2021,7,15
2021-07-15 06:55:00+00:00,1833.63,1833.63,1833.09,1833.15,0.356838,2021,7,15
2021-07-15 07:00:00+00:00,1833.15,1833.51,1832.07,1833.09,8.633267,2021,7,15
2021-07-15 07:05:00+00:00,1833.9,1835.15,1833.9,1835.15,5.503585,2021,7,15
2021-07-15 07:10:00+00:00,1834.43,1836.0,1834.43,1835.39,1.724833,2021,7,15
2021-07-15 07:15:00+00:00,1835.39,1835.99,1834.3,1835.78,2.437088,2021,7,15
2021-07-15 07:20:00+00:00,1835.78,1835.78,1835.26,1835.26,0.196285,2021,7,15
2021-07-15 07:25:00+00:00,1835.26,1835.26,1833.7,1833.7,1.837537,2021,7,15
2021-07-15 07:30:00+00:00,1835.12,1835.12,1834.66,1834.66,0.533609,2021,7,15
2021-07-15 07:35:00+00:00,1833.29,1835.27,1833.29,1833.3,0.858216,2021,7,15
2021-07-15 07:40:00+00:00,1835.27,1835.97,1833.86,1833.86,0.908873,2021,7,15
2021-07-15 07:45:00+00:00,1834.39,1836.01,1834.38,1836.0,6.941706,2021,7,15
2021-07-15 07:50:00+00:00,1836.03,1836.33,1836.0,1836.15,6.929667,2021,7,15
2021-07-15 07:55:00+00:00,1836.15,1836.63,1836.13,1836.63,3.293143,2021,7,15
2021-07-15 08:00:00+00:00,1836.44,1836.44,1834.49,1836.16,5.994589,2021,7,15
2021-07-15 08:05:00+00:00,1834.76,1836.15,1832.3,1834.17,18.437032,2021,7,15
2021-07-15 08:10:00+00:00,1834.17,1834.46,1831.0,1832.26,28.89155,2021,7,15
2021-07-15 08:15:00+00:00,1832.26,1832.26,1832.24,1832.24,1.646777,2021,7,15
2021-07-15 08:20:00+00:00,1833.68,1833.68,1832.24,1833.65,0.865699,2021,7,15
2021-07-15 08:25:00+00:00,1833.61,1833.94,1832.45,1833.9,4.690279,2021,7,15
2021-07-15 08:30:00+00:00,1833.9,1833.9,1832.52,1832.52,1.128309,2021,7,15
2021-07-15 08:35:00+00:00,1832.52,1841.0,1832.52,1834.75,66.663198,2021,7,15
2021-07-15 08:40:00+00:00,1835.5,1835.89,1834.27,1835.89,2.288053,2021,7,15
2021-07-15 08:45:00+00:00,1835.89,1837.6,1832.0,1834.67,63.365848,2021,7,15
2021-07-15 08:50:00+00:00,1832.29,1835.29,1832.29,1834.12,15.329315,2021,7,15
2021-07-15 08:55:00+00:00,1835.39,1835.39,1832.36,1834.67,6.496725,2021,7,15
2021-07-15 09:00:00+00:00,1834.66,1834.95,1832.63,1834.95,3.280233,2021,7,15
2021-07-15 09:05:00+00:00,1834.95,1834.96,1833.18,1834.75,3.81151,2021,7,15
2021-07-15 09:10:00+00:00,1834.75,1834.75,1833.57,1834.73,0.772441,2021,7,15
2021-07-15 09:15:00+00:00,1833.58,1835.91,1833.14,1834.78,19.821428,2021,7,15
2021-07-15 09:20:00+00:00,1834.78,1834.8,1832.75,1832.77,2.675942,2021,7,15
2021-07-15 09:25:00+00:00,1832.77,1834.78,1832.77,1834.78,0.178421,2021,7,15
2021-07-15 09:30:00+00:00,1833.65,1834.15,1832.75,1833.6,2.980185,2021,7,15
2021-07-15 09:35:00+00:00,1832.03,1834.36,1832.03,1834.33,3.813007,2021,7,15
2021-07-15 09:40:00+00:00,1832.67,1832.67,1832.66,1832.66,2.373553,2021,7,15
2021-07-15 09:45:00+00:00,1833.49,1834.31,1832.67,1832.67,1.889868,2021,7,15
2021-07-15 09:50:00+00:00,1833.8,1836.0,1833.78,1835.31,24.076107,2021,7,15
2021-07-15 09:55:00+00:00,1835.99,1836.0,1835.18,1836.0,3.026311,2021,7,15
2021-07-15 10:00:00+00:00,1835.66,1836.0,1835.31,1835.81,3.374606,2021,7,15
2021-07-15 10:05:00+00:00,1835.4,1835.82,1832.0,1833.14,6.355961,2021,7,15
2021-07-15 10:10:00+00:00,1832.07,1832.41,1832.07,1832.38,0.307229,2021,7,15
2021-07-15 10:15:00+00:00,1832.01,1834.32,1831.25,1832.08,20.031239,2021,7,15
2021-07-15 10:20:00+00:00,1832.42,1832.42,1829.83,1829.83,8.88985,2021,7,15
2021-07-15 10:25:00+00:00,1829.89,1830.74,1829.13,1829.15,12.327302,2021,7,15
2021-07-15 10:30:00+00:00,1829.14,1829.15,1825.01,1826.8,109.571127,2021,7,15
2021-07-15 10:35:00+00:00,1826.8,1828.95,1826.76,1828.93,9.599297,2021,7,15
2021-07-15 10:40:00+00:00,1827.84,1830.27,1827.0,1828.54,32.958551,2021,7,15
2021-07-15 10:45:00+00:00,1828.53,1828.8,1827.0,1827.71,24.864501,2021,7,15
2021-07-15 10:50:00+00:00,1827.94,1828.43,1826.01,1826.01,6.901461,2021,7,15
2021-07-15 10:55:00+00:00,1826.02,1827.37,1825.29,1825.29,28.015897,2021,7,15
2021-07-15 11:00:00+00:00,1825.3,1827.3,1825.01,1825.96,12.159563,2021,7,15
2021-07-15 11:05:00+00:00,1825.96,1831.61,1825.94,1829.64,61.277695,2021,7,15
2021-07-15 11:10:00+00:00,1828.66,1829.91,1828.64,1828.67,4.479128,2021,7,15
2021-07-15 11:15:00+00:00,1828.67,1829.87,1828.67,1829.0,2.87,2021,7,15
2021-07-15 11:20:00+00:00,1829.0,1829.63,1829.0,1829.16,3.853379,2021,7,15
2021-07-15 11:25:00+00:00,1829.16,1829.52,1828.59,1828.59,9.539622,2021,7,15
2021-07-15 11:30:00+00:00,1828.31,1833.81,1827.82,1832.14,33.385676,2021,7,15
2021-07-15 11:35:00+00:00,1831.54,1832.74,1829.79,1829.79,4.049232,2021,7,15
2021-07-15 11:40:00+00:00,1829.8,1830.09,1829.8,1830.09,0.234807,2021,7,15
2021-07-15 11:45:00+00:00,1830.36,1831.79,1830.09,1830.1,20.516677,2021,7,15
2021-07-15 11:50:00+00:00,1830.09,1834.07,1830.09,1833.47,99.731543,2021,7,15
2021-07-15 11:55:00+00:00,1832.44,1832.45,1832.06,1832.06,1.298001,2021,7,15
2021-07-15 12:00:00+00:00,1832.06,1835.27,1829.8,1833.26,41.48476,2021,7,15
2021-07-15 12:05:00+00:00,1833.27,1833.27,1832.47,1832.5,11.105775,2021,7,15
2021-07-15 12:10:00+00:00,1832.97,1834.0,1832.47,1832.47,139.400397,2021,7,15
2021-07-15 12:15:00+00:00,1832.47,1833.55,1832.47,1833.0,18.461464,2021,7,15
2021-07-15 12:20:00+00:00,1832.99,1834.0,1832.49,1833.97,12.41,2021,7,15
2021-07-15 12:25:00+00:00,1834.46,1834.95,1832.47,1834.3,205.388203,2021,7,15
2021-07-15 12:30:00+00:00,1834.5,1835.25,1832.47,1833.08,515.766959,2021,7,15
2021-07-15 12:35:00+00:00,1833.08,1834.02,1832.47,1833.86,34.410926,2021,7,15
2021-07-15 12:40:00+00:00,1832.49,1833.73,1832.47,1832.47,114.408524,2021,7,15
2021-07-15 12:45:00+00:00,1833.21,1833.21,1829.81,1831.5,56.416896,2021,7,15
2021-07-15 12:50:00+00:00,1832.43,1833.25,1827.81,1830.37,29.892337,2021,7,15
2021-07-15 12:55:00+00:00,1829.69,1832.03,1829.66,1831.87,6.913878,2021,7,15
2021-07-15 13:00:00+00:00,1829.89,1831.75,1829.86,1830.19,1.188385,2021,7,15
2021-07-15 13:05:00+00:00,1830.57,1832.25,1830.5,1830.5,6.036286,2021,7,15
2021-07-15 13:10:00+00:00,1831.88,1831.88,1831.64,1831.88,0.507509,2021,7,15
2021-07-15 13:15:00+00:00,1831.66,1831.66,1829.67,1830.42,9.852524,2021,7,15
2021-07-15 13:20:00+00:00,1831.9,1833.65,1831.19,1832.1,3.381448,2021,7,15
2021-07-15 13:25:00+00:00,1832.07,1833.57,1828.36,1831.33,33.727942,2021,7,15
2021-07-15 13:30:00+00:00,1830.01,1833.66,1830.0,1833.22,16.128081,2021,7,15
2021-07-15 13:35:00+00:00,1833.22,1833.22,1832.55,1833.05,0.546897,2021,7,15
2021-07-15 13:40:00+00:00,1833.04,1833.05,1832.03,1833.02,3.019228,2021,7,15
2021-07-15 13:45:00+00:00,1832.7,1834.07,1831.34,1833.86,198.50459,2021,7,15
2021-07-15 13:50:00+00:00,1834.54,1834.54,1833.4,1833.4,0.174085,2021,7,15
2021-07-15 13:55:00+00:00,1834.53,1834.53,1833.4,1833.41,0.239591,2021,7,15
2021-07-15 14:00:00+00:00,1833.42,1834.03,1831.34,1831.59,307.496992,2021,7,15
2021-07-15 14:05:00+00:00,1831.59,1832.8,1831.34,1832.8,8.136393,2021,7,15
2021-07-15 14:10:00+00:00,1832.8,1834.42,1828.55,1830.0,123.57241,2021,7,15
2021-07-15 14:15:00+00:00,1830.4,1830.4,1830.0,1830.0,2.846264,2021,7,15
2021-07-15 14:20:00+00:00,1830.0,1831.01,1830.0,1830.03,3.023407,2021,7,15
2021-07-15 14:25:00+00:00,1830.03,1830.67,1830.03,1830.36,0.3615,2021,7,15
2021-07-15 14:30:00+00:00,1830.37,1830.65,1830.0,1830.61,1.281968,2021,7,15
2021-07-15 14:35:00+00:00,1830.02,1830.61,1830.02,1830.59,0.529129,2021,7,15
2021-07-15 14:40:00+00:00,1830.61,1830.62,1830.1,1830.33,0.322051,2021,7,15
2021-07-15 14:45:00+00:00,1830.1,1830.1,1829.73,1829.73,4.990501,2021,7,15
2021-07-15 14:50:00+00:00,1828.59,1832.0,1828.59,1830.43,10.989495,2021,7,15
2021-07-15 14:55:00+00:00,1830.4,1830.97,1830.0,1830.96,2.464627,2021,7,15
2021-07-15 15:00:00+00:00,1830.63,1830.63,1830.63,1830.63,0.006856,2021,7,15
2021-07-15 15:05:00+00:00,1830.67,1830.97,1829.98,1830.97,0.028503,2021,7,15
2021-07-15 15:10:00+00:00,1830.97,1830.97,1829.84,1829.84,5.506823,2021,7,15
2021-07-15 15:15:00+00:00,1829.53,1829.65,1828.61,1829.65,0.23295,2021,7,15
2021-07-15 15:20:00+00:00,1829.65,1830.87,1829.65,1830.87,0.864638,2021,7,15
2021-07-15 15:25:00+00:00,1829.83,1829.86,1829.73,1829.86,2.987667,2021,7,15
2021-07-15 15:30:00+00:00,1829.86,1830.77,1829.18,1829.18,0.287076,2021,7,15
2021-07-15 15:35:00+00:00,1829.23,1829.95,1829.22,1829.95,0.880862,2021,7,15
2021-07-15 15:40:00+00:00,1829.23,1829.23,1829.14,1829.14,0.101698,2021,7,15
2021-07-15 15:45:00+00:00,1829.55,1829.97,1829.17,1829.17,0.023855,2021,7,15
2021-07-15 15:50:00+00:00,1829.97,1830.98,1829.97,1830.98,1.23054,2021,7,15
2021-07-15 15:55:00+00:00,1830.97,1831.7,1830.97,1831.01,4.431301,2021,7,15
2021-07-15 16:00:00+00:00,1832.57,1832.57,1831.02,1832.52,0.340231,2021,7,15
2021-07-15 16:05:00+00:00,1832.52,1832.52,1830.0,1830.0,8.425053,2021,7,15
2021-07-15 16:10:00+00:00,1830.0,1830.01,1830.0,1830.0,1.414557,2021,7,15
2021-07-15 16:15:00+00:00,1828.35,1829.18,1827.66,1827.7,16.747751,2021,7,15
2021-07-15 16:20:00+00:00,1827.7,1829.52,1827.7,1829.03,7.769546,2021,7,15
2021-07-15 16:25:00+00:00,1829.03,1829.56,1828.7,1828.71,2.253978,2021,7,15
2021-07-15 16:30:00+00:00,1828.71,1830.57,1827.78,1830.57,12.775023,2021,7,15
2021-07-15 16:35:00+00:00,1830.57,1830.57,1830.02,1830.03,0.37596,2021,7,15
2021-07-15 16:40:00+00:00,1830.02,1831.46,1830.02,1831.46,5.009115,2021,7,15
2021-07-15 16:45:00+00:00,1831.46,1831.47,1830.2,1830.2,2.174214,2021,7,15
2021-07-15 16:50:00+00:00,1830.71,1831.04,1828.94,1831.04,13.041904,2021,7,15
2021-07-15 16:55:00+00:00,1831.01,1831.05,1831.01,1831.03,0.964288,2021,7,15
2021-07-15 17:00:00+00:00,1831.04,1832.17,1831.04,1831.24,1.427143,2021,7,15
2021-07-15 17:05:00+00:00,1831.56,1831.81,1827.0,1828.0,191.618392,2021,7,15
2021-07-15 17:10:00+00:00,1828.0,1830.69,1825.31,1830.26,136.418703,2021,7,15
2021-07-15 17:15:00+00:00,1830.26,1830.31,1828.38,1828.72,8.659905,2021,7,15
2021-07-15 17:20:00+00:00,1828.72,1829.67,1828.38,1829.67,9.117638,2021,7,15
2021-07-15 17:25:00+00:00,1829.67,1829.68,1829.01,1829.68,0.444064,2021,7,15
2021-07-15 17:30:00+00:00,1829.68,1830.43,1828.49,1830.43,8.544038,2021,7,15
2021-07-15 17:35:00+00:00,1830.03,1833.2,1830.01,1832.18,12.558765,2021,7,15
2021-07-15 17:40:00+00:00,1832.19,1833.17,1832.19,1832.6,5.149385,2021,7,15
2021-07-15 17:45:00+00:00,1830.8,1831.98,1830.29,1830.3,0.092573,2021,7,15
2021-07-15 17:50:00+00:00,1830.3,1831.87,1830.28,1830.29,5.923253,2021,7,15
2021-07-15 17:55:00+00:00,1830.29,1831.67,1830.0,1831.64,9.566355,2021,7,15
2021-07-15 18:00:00+00:00,1831.64,1831.67,1831.64,1831.67,1.127437,2021,7,15
2021-07-15 18:05:00+00:00,1831.67,1832.16,1830.47,1832.16,2.795862,2021,7,15
2021-07-15 18:10:00+00:00,1830.5,1832.7,1830.5,1832.7,7.017511,2021,7,15
2021-07-15 18:15:00+00:00,1832.7,1833.2,1832.7,1833.2,2.358353,2021,7,15
2021-07-15 18:20:00+00:00,1831.65,1831.65,1830.0,1831.32,11.38702,2021,7,15
2021-07-15 18:25:00+00:00,1831.31,1831.36,1830.05,1831.36,1.665579,2021,7,15
2021-07-15 18:30:00+00:00,1830.61,1832.0,1830.13,1832.0,1.428278,2021,7,15
2021-07-15 18:35:00+00:00,1830.13,1832.47,1830.06,1830.57,17.948154,2021,7,15
2021-07-15 18:40:00+00:00,1831.41,1831.76,1830.42,1830.42,0.31432,2021,7,15
2021-07-15 18:45:00+00:00,1831.67,1831.68,1831.32,1831.68,0.864767,2021,7,15
2021-07-15 18:50:00+00:00,1831.68,1831.68,1830.53,1830.53,0.314706,2021,7,15
2021-07-15 18:55:00+00:00,1830.54,1830.54,1827.67,1828.67,53.502762,2021,7,15
2021-07-15 19:00:00+00:00,1828.67,1831.07,1826.88,1828.62,43.074768,2021,7,15
2021-07-15 19:05:00+00:00,1829.49,1829.49,1829.13,1829.14,0.163915,2021,7,15
2021-07-15 19:10:00+00:00,1830.26,1833.59,1830.26,1833.58,16.234187,2021,7,15
2021-07-15 19:15:00+00:00,1833.57,1834.31,1831.76,1834.2,8.122938,2021,7,15
2021-07-15 19:20:00+00:00,1832.08,1833.68,1832.08,1832.1,0.843146,2021,7,15
2021-07-15 19:25:00+00:00,1832.1,1833.65,1831.14,1833.65,1.998001,2021,7,15
2021-07-15 19:30:00+00:00,1832.69,1833.66,1832.38,1833.65,1.553956,2021,7,15
2021-07-15 19:35:00+00:00,1833.01,1833.01,1832.39,1832.39,0.019497,2021,7,15
2021-07-15 19:40:00+00:00,1832.4,1833.65,1832.39,1832.39,0.875595,2021,7,15
2021-07-15 19:45:00+00:00,1832.39,1832.39,1832.39,1832.39,0.0,2021,7,15
2021-07-15 19:50:00+00:00,1833.65,1833.65,1832.4,1833.64,0.694978,2021,7,15
2021-07-15 19:55:00+00:00,1833.64,1833.64,1833.64,1833.64,0.0,2021,7,15
2021-07-15 20:00:00+00:00,1832.38,1832.38,1830.48,1832.01,11.413369,2021,7,15
2021-07-15 20:05:00+00:00,1832.01,1832.76,1832.01,1832.72,6.164603,2021,7,15
2021-07-15 20:10:00+00:00,1832.07,1833.68,1832.06,1832.26,1.61298,2021,7,15
2021-07-15 20:15:00+00:00,1832.97,1834.45,1832.97,1833.69,5.856087,2021,7,15
2021-07-15 20:20:00+00:00,1833.69,1833.69,1833.61,1833.62,1.393036,2021,7,15
2021-07-15 20:25:00+00:00,1833.6,1833.67,1833.31,1833.67,1.81443,2021,7,15
2021-07-15 20:30:00+00:00,1833.67,1833.67,1831.0,1832.18,8.930352,2021,7,15
2021-07-15 20:35:00+00:00,1832.18,1832.18,1830.99,1832.18,8.014315,2021,7,15
2021-07-15 20:40:00+00:00,1832.18,1832.18,1830.78,1830.8,2.537608,2021,7,15
2021-07-15 20:45:00+00:00,1830.8,1832.12,1830.38,1832.06,5.124568,2021,7,15
2021-07-15 20:50:00+00:00,1832.06,1832.08,1832.0,1832.0,2.67801,2021,7,15
2021-07-15 20:55:00+00:00,1830.5,1831.72,1828.41,1830.94,32.322306,2021,7,15
2021-07-15 21:00:00+00:00,1830.42,1831.31,1830.42,1831.31,1.962294,2021,7,15
2021-07-15 21:05:00+00:00,1830.4,1831.73,1830.4,1831.73,0.867143,2021,7,15
2021-07-15 21:10:00+00:00,1831.73,1831.73,1829.66,1829.66,2.630624,2021,7,15
2021-07-15 21:15:00+00:00,1831.65,1831.74,1829.18,1829.18,6.900163,2021,7,15
2021-07-15 21:20:00+00:00,1829.69,1831.8,1829.69,1831.79,18.108126,2021,7,15
2021-07-15 21:25:00+00:00,1831.8,1831.8,1830.48,1831.8,0.469661,2021,7,15
2021-07-15 21:30:00+00:00,1830.48,1830.48,1830.48,1830.48,0.9,2021,7,15
2021-07-15 21:35:00+00:00,1831.78,1831.8,1831.4,1831.4,2.612462,2021,7,15
2021-07-15 21:40:00+00:00,1830.72,1830.72,1830.72,1830.72,0.333744,2021,7,15
2021-07-15 21:45:00+00:00,1830.72,1832.18,1830.72,1832.0,2.412843,2021,7,15
2021-07-15 21:50:00+00:00,1831.8,1831.8,1830.77,1830.77,0.050588,2021,7,15
2021-07-15 21:55:00+00:00,1831.99,1833.22,1831.08,1831.08,4.942531,2021,7,15
2021-07-15 22:00:00+00:00,1831.08,1831.08,1831.08,1831.08,0.07,2021,7,15
2021-07-15 22:05:00+00:00,1831.08,1833.22,1831.08,1831.77,0.263749,2021,7,15
2021-07-15 22:10:00+00:00,1833.33,1833.33,1831.77,1831.77,0.816476,2021,7,15
2021-07-15 22:15:00+00:00,1833.33,1835.26,1833.33,1834.79,26.381165,2021,7,15
2021-07-15 22:20:00+00:00,1835.11,1835.27,1833.62,1833.62,5.51769,2021,7,15
2021-07-15 22:25:00+00:00,1834.19,1835.91,1834.19,1835.9,6.447539,2021,7,15
2021-07-15 22:30:00+00:00,1835.78,1835.79,1835.77,1835.79,0.144663,2021,7,15
2021-07-15 22:35:00+00:00,1835.78,1835.78,1834.42,1834.42,1.29433,2021,7,15
2021-07-15 22:40:00+00:00,1834.44,1835.78,1834.44,1835.73,0.517735,2021,7,15
2021-07-15 22:45:00+00:00,1834.45,1837.66,1834.22,1835.32,35.64912,2021,7,15
2021-07-15 22:50:00+00:00,1835.4,1835.4,1834.02,1834.02,5.794109,2021,7,15
2021-07-15 22:55:00+00:00,1834.87,1834.88,1834.29,1834.29,0.676274,2021,7,15
2021-07-15 23:00:00+00:00,1834.53,1834.53,1834.02,1834.02,0.545711,2021,7,15
2021-07-15 23:05:00+00:00,1834.02,1835.62,1834.02,1834.02,11.212569,2021,7,15
2021-07-15 23:10:00+00:00,1833.17,1834.06,1833.17,1833.19,2.251611,2021,7,15
2021-07-15 23:15:00+00:00,1833.4,1834.64,1833.38,1833.38,1.840692,2021,7,15
2021-07-15 23:20:00+00:00,1834.66,1834.66,1834.65,1834.66,1.629802,2021,7,15
2021-07-15 23:25:00+00:00,1833.37,1834.6,1833.25,1834.6,1.210395,2021,7,15
2021-07-15 23:30:00+00:00,1834.57,1834.57,1834.57,1834.57,0.0325,2021,7,15
2021-07-15 23:35:00+00:00,1833.26,1834.23,1833.19,1833.19,3.398024,2021,7,15
2021-07-15 23:40:00+00:00,1833.19,1833.19,1832.0,1832.74,0.957503,2021,7,15
2021-07-15 23:45:00+00:00,1833.75,1833.75,1830.79,1832.57,17.279198,2021,7,15
2021-07-15 23:50:00+00:00,1832.54,1832.57,1832.54,1832.57,0.346481,2021,7,15
2021-07-15 23:55:00+00:00,1832.57,1837.66,1831.55,1837.52,29.420265,2021,7,15
2021-07-16 00:00:00+00:00,1837.65,1838.89,1835.32,1835.56,90.236637,2021,7,16
2021-07-16 00:05:00+00:00,1835.56,1836.78,1834.14,1834.17,16.004767,2021,7,16
2021-07-16 00:10:00+00:00,1834.95,1836.22,1834.95,1836.21,2.509466,2021,7,16
2021-07-16 00:15:00+00:00,1836.21,1837.87,1835.03,1837.87,3.353018,2021,7,16
2021-07-16 00:20:00+00:00,1837.87,1837.87,1837.87,1837.87,0.0,2021,7,16
2021-07-16 00:25:00+00:00,1836.99,1837.87,1836.18,1837.74,11.726452,2021,7,16
2021-07-16 00:30:00+00:00,1836.4,1836.41,1833.36,1833.37,8.67783,2021,7,16
2021-07-16 00:35:00+00:00,1833.37,1839.1,1833.37,1837.84,30.531631,2021,7,16
2021-07-16 00:40:00+00:00,1837.84,1837.84,1833.49,1835.16,15.733264,2021,7,16
2021-07-16 00:45:00+00:00,1835.44,1837.38,1831.99,1831.99,10.281593,2021,7,16
2021-07-16 00:50:00+00:00,1834.14,1834.25,1834.14,1834.24,2.462608,2021,7,16
2021-07-16 00:55:00+00:00,1832.09,1834.24,1832.09,1834.24,0.194281,2021,7,16
2021-07-16 01:00:00+00:00,1834.24,1839.1,1832.04,1836.79,31.161494,2021,7,16
2021-07-16 01:05:00+00:00,1836.82,1838.99,1836.51,1837.31,9.956288,2021,7,16
2021-07-16 01:10:00+00:00,1837.31,1837.43,1836.09,1836.09,1.681546,2021,7,16
2021-07-16 01:15:00+00:00,1836.11,1837.97,1836.11,1836.58,26.835498,2021,7,16
2021-07-16 01:20:00+00:00,1837.95,1837.97,1835.46,1835.64,12.494021,2021,7,16
2021-07-16 01:25:00+00:00,1835.64,1836.39,1834.43,1836.39,2.01325,2021,7,16
2021-07-16 01:30:00+00:00,1834.44,1835.74,1834.39,1835.74,0.501284,2021,7,16
2021-07-16 01:35:00+00:00,1834.98,1835.8,1834.65,1835.8,6.252067,2021,7,16
2021-07-16 01:40:00+00:00,1835.8,1835.8,1835.8,1835.8,0.166011,2021,7,16
2021-07-16 01:45:00+00:00,1835.8,1835.8,1833.33,1833.33,11.351384,2021,7,16
2021-07-16 01:50:00+00:00,1833.66,1834.8,1833.36,1833.36,19.167124,2021,7,16
2021-07-16 01:55:00+00:00,1834.35,1836.89,1834.16,1834.52,32.258698,2021,7,16
2021-07-16 02:00:00+00:00,1834.5,1836.76,1833.73,1836.76,7.072278,2021,7,16
2021-07-16 02:05:00+00:00,1836.76,1836.78,1834.71,1836.78,16.437445,2021,7,16
2021-07-16 02:10:00+00:00,1836.07,1837.55,1835.36,1836.72,3.277549,2021,7,16
2021-07-16 02:15:00+00:00,1835.37,1839.1,1835.37,1836.14,21.047192,2021,7,16
2021-07-16 02:20:00+00:00,1836.12,1838.77,1836.12,1837.86,6.622193,2021,7,16
2021-07-16 02:25:00+00:00,1836.42,1838.0,1835.47,1836.74,32.973002,2021,7,16
2021-07-16 02:30:00+00:00,1837.68,1837.68,1835.04,1835.06,7.282201,2021,7,16
2021-07-16 02:35:00+00:00,1835.04,1836.0,1835.04,1836.0,2.385703,2021,7,16
2021-07-16 02:40:00+00:00,1836.95,1837.0,1835.96,1836.83,16.696577,2021,7,16
2021-07-16 02:45:00+00:00,1836.83,1836.83,1835.21,1836.5,6.321988,2021,7,16
2021-07-16 02:50:00+00:00,1836.5,1837.0,1835.79,1835.79,2.051648,2021,7,16
2021-07-16 02:55:00+00:00,1835.79,1835.79,1835.79,1835.79,0.0,2021,7,16
2021-07-16 03:00:00+00:00,1836.96,1836.96,1836.96,1836.96,0.006413,2021,7,16
2021-07-16 03:05:00+00:00,1836.99,1837.11,1836.24,1837.11,0.747854,2021,7,16
2021-07-16 03:10:00+00:00,1838.35,1838.35,1837.47,1837.47,0.034447,2021,7,16
2021-07-16 03:15:00+00:00,1836.62,1836.62,1836.62,1836.62,0.045327,2021,7,16
2021-07-16 03:20:00+00:00,1836.61,1838.14,1836.61,1836.87,0.252855,2021,7,16
2021-07-16 03:25:00+00:00,1836.77,1836.81,1836.77,1836.81,0.027841,2021,7,16
2021-07-16 03:30:00+00:00,1837.13,1837.14,1836.84,1836.84,0.405561,2021,7,16
2021-07-16 03:35:00+00:00,1836.84,1836.84,1836.84,1836.84,0.0,2021,7,16
2021-07-16 03:40:00+00:00,1836.84,1836.84,1836.84,1836.84,0.4128,2021,7,16
2021-07-16 03:45:00+00:00,1836.84,1836.84,1836.82,1836.84,1.54,2021,7,16
2021-07-16 03:50:00+00:00,1836.82,1836.82,1835.8,1836.35,1.996072,2021,7,16
2021-07-16 03:55:00+00:00,1837.22,1838.32,1835.75,1835.75,3.184184,2021,7,16
2021-07-16 04:00:00+00:00,1835.75,1836.07,1835.75,1836.07,3.01903,2021,7,16
2021-07-16 04:05:00+00:00,1836.5,1837.3,1835.52,1837.3,12.130154,2021,7,16
2021-07-16 04:10:00+00:00,1836.51,1837.32,1835.71,1835.71,10.389375,2021,7,16
2021-07-16 04:15:00+00:00,1835.74,1835.74,1835.74,1835.74,0.01228,2021,7,16
2021-07-16 04:20:00+00:00,1835.91,1835.91,1835.91,1835.91,0.175534,2021,7,16
2021-07-16 04:25:00+00:00,1835.55,1836.1,1835.55,1835.59,3.8816,2021,7,16
2021-07-16 04:30:00+00:00,1835.66,1836.79,1835.66,1836.78,3.235513,2021,7,16
2021-07-16 04:35:00+00:00,1836.78,1836.78,1835.73,1835.73,0.043701,2021,7,16
2021-07-16 04:40:00+00:00,1836.16,1836.17,1835.02,1835.02,0.069692,2021,7,16
2021-07-16 04:45:00+00:00,1835.02,1835.33,1831.2,1833.21,11.320465,2021,7,16
2021-07-16 04:50:00+00:00,1831.37,1831.37,1831.37,1831.37,0.007202,2021,7,16
2021-07-16 04:55:00+00:00,1833.18,1833.19,1833.18,1833.19,1.450589,2021,7,16
2021-07-16 05:00:00+00:00,1833.19,1833.2,1832.03,1832.03,0.604583,2021,7,16
2021-07-16 05:05:00+00:00,1832.03,1837.0,1832.03,1835.42,36.018354,2021,7,16
2021-07-16 05:10:00+00:00,1835.43,1837.0,1835.43,1837.0,13.450002,2021,7,16
2021-07-16 05:15:00+00:00,1835.61,1836.0,1834.18,1834.63,6.370903,2021,7,16
2021-07-16 05:20:00+00:00,1834.56,1835.98,1834.0,1834.22,0.163043,2021,7,16
2021-07-16 05:25:00+00:00,1834.21,1834.21,1833.87,1834.04,0.265365,2021,7,16
2021-07-16 05:30:00+00:00,1834.02,1834.02,1833.13,1833.47,0.201609,2021,7,16
2021-07-16 05:35:00+00:00,1833.96,1834.85,1833.96,1834.85,0.14697,2021,7,16
2021-07-16 05:40:00+00:00,1834.86,1834.86,1834.16,1834.16,0.589379,2021,7,16
2021-07-16 05:45:00+00:00,1834.44,1835.0,1834.44,1834.45,9.044462,2021,7,16
2021-07-16 05:50:00+00:00,1834.43,1834.46,1833.36,1833.37,15.095608,2021,7,16
2021-07-16 05:55:00+00:00,1832.34,1833.36,1831.99,1832.1,6.091166,2021,7,16
2021-07-16 06:00:00+00:00,1832.04,1832.54,1832.02,1832.54,2.699698,2021,7,16
2021-07-16 06:05:00+00:00,1832.05,1833.98,1832.05,1833.3,3.836478,2021,7,16
2021-07-16 06:10:00+00:00,1832.82,1832.97,1832.02,1832.22,9.324362,2021,7,16
2021-07-16 06:15:00+00:00,1832.15,1832.31,1830.5,1831.85,9.04512,2021,7,16
2021-07-16 06:20:00+00:00,1830.59,1831.83,1830.59,1831.02,0.82894,2021,7,16
2021-07-16 06:25:00+00:00,1830.74,1831.99,1830.74,1831.04,0.19921,2021,7,16
2021-07-16 06:30:00+00:00,1831.23,1832.16,1830.45,1831.85,6.389767,2021,7,16
2021-07-16 06:35:00+00:00,1830.89,1830.99,1830.08,1830.08,4.585828,2021,7,16
2021-07-16 06:40:00+00:00,1830.08,1830.66,1830.06,1830.08,1.003623,2021,7,16
2021-07-16 06:45:00+00:00,1830.64,1830.64,1828.47,1829.16,15.378547,2021,7,16
2021-07-16 06:50:00+00:00,1829.16,1829.83,1828.76,1828.76,1.279104,2021,7,16
2021-07-16 06:55:00+00:00,1829.02,1829.02,1828.92,1828.92,0.03415,2021,7,16
2021-07-16 07:00:00+00:00,1828.76,1829.51,1827.9,1828.82,6.509369,2021,7,16
2021-07-16 07:05:00+00:00,1828.81,1829.73,1827.27,1829.73,8.305755,2021,7,16
2021-07-16 07:10:00+00:00,1829.73,1829.73,1829.73,1829.73,0.4765,2021,7,16
2021-07-16 07:15:00+00:00,1829.74,1831.59,1827.58,1831.59,19.660643,2021,7,16
2021-07-16 07:20:00+00:00,1831.6,1831.6,1829.34,1829.34,0.933567,2021,7,16
2021-07-16 07:25:00+00:00,1829.74,1830.88,1829.38,1829.7,0.379129,2021,7,16
2021-07-16 07:30:00+00:00,1829.38,1829.47,1828.7,1828.7,1.126684,2021,7,16
2021-07-16 07:35:00+00:00,1828.7,1828.7,1827.3,1827.36,1.177637,2021,7,16
2021-07-16 07:40:00+00:00,1828.01,1829.01,1828.01,1828.99,0.431692,2021,7,16
2021-07-16 07:45:00+00:00,1828.18,1828.29,1826.7,1828.29,11.853547,2021,7,16
2021-07-16 07:50:00+00:00,1828.29,1830.14,1826.89,1828.13,12.034256,2021,7,16
2021-07-16 07:55:00+00:00,1828.14,1828.42,1828.14,1828.42,0.045771,2021,7,16
2021-07-16 08:00:00+00:00,1828.7,1833.0,1828.16,1833.0,67.503352,2021,7,16
2021-07-16 08:05:00+00:00,1833.0,1833.0,1831.24,1831.68,56.065312,2021,7,16
2021-07-16 08:10:00+00:00,1831.86,1832.68,1830.12,1830.12,8.209145,2021,7,16
2021-07-16 08:15:00+00:00,1830.13,1830.43,1830.0,1830.43,4.333249,2021,7,16
2021-07-16 08:20:00+00:00,1830.01,1831.57,1830.01,1830.7,3.455663,2021,7,16
2021-07-16 08:25:00+00:00,1830.7,1831.56,1830.7,1830.71,0.843032,2021,7,16
2021-07-16 08:30:00+00:00,1830.7,1830.7,1830.0,1830.0,0.645974,2021,7,16
2021-07-16 08:35:00+00:00,1830.18,1831.89,1827.68,1830.53,15.888645,2021,7,16
2021-07-16 08:40:00+00:00,1830.53,1831.9,1827.78,1830.88,29.995506,2021,7,16
2021-07-16 08:45:00+00:00,1830.88,1830.88,1827.66,1827.7,9.831719,2021,7,16
2021-07-16 08:50:00+00:00,1827.7,1829.28,1826.3,1827.12,34.666232,2021,7,16
2021-07-16 08:55:00+00:00,1829.32,1831.21,1829.32,1831.21,9.723527,2021,7,16
2021-07-16 09:00:00+00:00,1830.44,1830.45,1830.44,1830.44,0.155442,2021,7,16
2021-07-16 09:05:00+00:00,1831.7,1833.76,1829.5,1829.51,15.183591,2021,7,16
2021-07-16 09:10:00+00:00,1829.3,1831.1,1828.99,1831.1,2.02709,2021,7,16
2021-07-16 09:15:00+00:00,1831.1,1831.1,1826.68,1826.68,8.798433,2021,7,16
2021-07-16 09:20:00+00:00,1828.31,1830.26,1825.69,1828.64,30.176168,2021,7,16
2021-07-16 09:25:00+00:00,1826.61,1828.64,1826.61,1828.64,0.138115,2021,7,16
2021-07-16 09:30:00+00:00,1828.64,1828.64,1825.6,1825.6,3.683298,2021,7,16
2021-07-16 09:35:00+00:00,1828.03,1828.04,1826.15,1826.15,0.255562,2021,7,16
2021-07-16 09:40:00+00:00,1828.54,1834.0,1826.15,1833.99,76.120818,2021,7,16
2021-07-16 09:45:00+00:00,1833.99,1835.26,1831.56,1833.89,47.966496,2021,7,16
2021-07-16 09:50:00+00:00,1832.44,1834.51,1831.93,1834.51,3.466365,2021,7,16
2021-07-16 09:55:00+00:00,1832.56,1835.02,1832.56,1833.86,12.224908,2021,7,16
2021-07-16 10:00:00+00:00,1832.46,1833.85,1832.45,1833.85,0.960235,2021,7,16
2021-07-16 10:05:00+00:00,1833.85,1833.85,1832.75,1833.85,0.41614,2021,7,16
2021-07-16 10:10:00+00:00,1832.77,1833.02,1832.11,1832.13,1.649916,2021,7,16
2021-07-16 10:15:00+00:00,1831.97,1832.89,1827.78,1828.85,19.489532,2021,7,16
2021-07-16 10:20:00+00:00,1830.42,1830.42,1826.3,1826.79,27.806368,2021,7,16
2021-07-16 10:25:00+00:00,1826.87,1828.11,1825.42,1827.57,41.135317,2021,7,16
2021-07-16 10:30:00+00:00,1825.56,1829.4,1825.36,1827.62,11.99913,2021,7,16
2021-07-16 10:35:00+00:00,1827.62,1828.45,1826.98,1828.45,4.857316,2021,7,16
2021-07-16 10:40:00+00:00,1827.87,1828.0,1827.8,1828.0,0.7065,2021,7,16
2021-07-16 10:45:00+00:00,1828.0,1828.71,1826.56,1826.59,8.173538,2021,7,16
2021-07-16 10:50:00+00:00,1826.58,1828.68,1826.56,1828.67,5.942618,2021,7,16
2021-07-16 10:55:00+00:00,1828.67,1829.7,1828.67,1829.7,6.096603,2021,7,16
2021-07-16 11:00:00+00:00,1828.71,1828.71,1827.5,1827.51,1.461028,2021,7,16
2021-07-16 11:05:00+00:00,1827.5,1828.42,1827.44,1827.85,0.567762,2021,7,16
2021-07-16 11:10:00+00:00,1827.24,1827.24,1826.51,1826.53,3.337318,2021,7,16
2021-07-16 11:15:00+00:00,1826.53,1826.53,1825.35,1825.35,1.274208,2021,7,16
2021-07-16 11:20:00+00:00,1826.45,1826.45,1826.45,1826.45,0.203877,2021,7,16
2021-07-16 11:25:00+00:00,1826.45,1826.79,1826.45,1826.78,0.454091,2021,7,16
2021-07-16 11:30:00+00:00,1825.72,1826.8,1825.07,1825.07,14.326515,2021,7,16
2021-07-16 11:35:00+00:00,1825.42,1826.73,1825.06,1825.06,4.068217,2021,7,16
2021-07-16 11:40:00+00:00,1826.64,1826.95,1825.13,1825.13,8.853614,2021,7,16
2021-07-16 11:45:00+00:00,1825.13,1826.94,1825.13,1826.94,1.150145,2021,7,16
2021-07-16 11:50:00+00:00,1825.79,1827.47,1825.11,1825.38,9.430817,2021,7,16
2021-07-16 11:55:00+00:00,1825.12,1827.14,1825.06,1826.05,9.201324,2021,7,16
2021-07-16 12:00:00+00:00,1825.85,1827.07,1825.84,1827.07,1.308313,2021,7,16
2021-07-16 12:05:00+00:00,1827.07,1828.0,1825.9,1827.47,2.820616,2021,7,16
2021-07-16 12:10:00+00:00,1827.47,1828.54,1827.47,1827.5,3.270231,2021,7,16
2021-07-16 12:15:00+00:00,1827.5,1827.5,1825.06,1827.3,28.268725,2021,7,16
2021-07-16 12:20:00+00:00,1828.95,1828.98,1827.17,1827.62,9.289175,2021,7,16
2021-07-16 12:25:00+00:00,1827.9,1827.9,1826.43,1826.82,5.837409,2021,7,16
2021-07-16 12:30:00+00:00,1828.35,1829.0,1827.52,1827.52,4.321615,2021,7,16
2021-07-16 12:35:00+00:00,1828.45,1829.0,1827.95,1827.95,2.667139,2021,7,16
2021-07-16 12:40:00+00:00,1827.4,1828.88,1827.4,1828.12,1.182594,2021,7,16
2021-07-16 12:45:00+00:00,1828.12,1829.53,1826.54,1828.68,19.993369,2021,7,16
2021-07-16 12:50:00+00:00,1828.68,1829.99,1828.68,1828.88,1.29096,2021,7,16
2021-07-16 12:55:00+00:00,1829.96,1833.45,1828.89,1831.77,26.503441,2021,7,16
2021-07-16 13:00:00+00:00,1833.33,1836.33,1831.34,1831.34,136.554519,2021,7,16
2021-07-16 13:05:00+00:00,1832.0,1833.19,1831.35,1832.73,6.739615,2021,7,16
2021-07-16 13:10:00+00:00,1831.37,1832.73,1831.37,1832.7,1.642834,2021,7,16
2021-07-16 13:15:00+00:00,1831.5,1834.05,1831.49,1832.34,10.431585,2021,7,16
2021-07-16 13:20:00+00:00,1832.38,1834.8,1832.38,1833.75,2.42397,2021,7,16
2021-07-16 13:25:00+00:00,1833.75,1833.76,1831.88,1831.88,3.744842,2021,7,16
2021-07-16 13:30:00+00:00,1833.09,1835.62,1832.33,1833.52,70.398194,2021,7,16
2021-07-16 13:35:00+00:00,1832.69,1832.69,1830.69,1832.19,16.648156,2021,7,16
2021-07-16 13:40:00+00:00,1832.18,1834.95,1830.74,1834.95,15.923587,2021,7,16
2021-07-16 13:45:00+00:00,1832.83,1834.93,1832.8,1832.81,1.5923,2021,7,16
2021-07-16 13:50:00+00:00,1832.81,1834.24,1832.81,1832.81,1.363553,2021,7,16
2021-07-16 13:55:00+00:00,1832.81,1833.65,1832.8,1832.81,1.450982,2021,7,16
2021-07-16 14:00:00+00:00,1832.81,1834.23,1832.79,1834.22,0.976234,2021,7,16
2021-07-16 14:05:00+00:00,1834.22,1834.22,1832.61,1832.61,20.487163,2021,7,16
2021-07-16 14:10:00+00:00,1831.64,1832.6,1827.1,1829.22,136.90158,2021,7,16
2021-07-16 14:15:00+00:00,1829.22,1829.22,1825.53,1826.0,52.80895,2021,7,16
2021-07-16 14:20:00+00:00,1826.0,1826.0,1823.76,1825.0,250.119433,2021,7,16
2021-07-16 14:25:00+00:00,1824.97,1825.0,1824.97,1825.0,2.866731,2021,7,16
2021-07-16 14:30:00+00:00,1825.0,1825.0,1823.68,1824.93,3.397786,2021,7,16
2021-07-16 14:35:00+00:00,1824.93,1824.99,1823.94,1824.97,4.455534,2021,7,16
2021-07-16 14:40:00+00:00,1824.97,1824.99,1823.91,1824.97,10.989132,2021,7,16
2021-07-16 14:45:00+00:00,1824.96,1824.96,1821.92,1822.35,11.725391,2021,7,16
2021-07-16 14:50:00+00:00,1823.52,1823.52,1821.0,1822.0,11.227632,2021,7,16
2021-07-16 14:55:00+00:00,1822.0,1822.42,1820.85,1820.85,2.437318,2021,7,16
2021-07-16 15:00:00+00:00,1822.35,1824.39,1820.85,1822.39,44.56171,2021,7,16
2021-07-16 15:05:00+00:00,1822.37,1823.31,1820.35,1820.5,22.214991,2021,7,16
2021-07-16 15:10:00+00:00,1820.5,1820.53,1819.87,1820.51,3.624759,2021,7,16
2021-07-16 15:15:00+00:00,1820.5,1820.5,1814.0,1818.94,131.957564,2021,7,16
2021-07-16 15:20:00+00:00,1818.99,1821.21,1818.99,1821.1,5.187286,2021,7,16
2021-07-16 15:25:00+00:00,1820.97,1821.1,1819.92,1820.32,1.404698,2021,7,16
2021-07-16 15:30:00+00:00,1819.94,1824.12,1818.03,1819.74,115.149753,2021,7,16
2021-07-16 15:35:00+00:00,1820.71,1820.71,1819.11,1819.11,0.574811,2021,7,16
2021-07-16 15:40:00+00:00,1819.32,1823.51,1819.32,1820.67,28.968729,2021,7,16
2021-07-16 15:45:00+00:00,1822.03,1822.03,1820.8,1821.88,5.327418,2021,7,16
2021-07-16 15:50:00+00:00,1820.72,1821.27,1818.99,1820.16,4.708186,2021,7,16
2021-07-16 15:55:00+00:00,1819.38,1820.55,1819.38,1820.11,4.844542,2021,7,16
2021-07-16 16:00:00+00:00,1820.48,1822.65,1820.02,1821.14,10.155849,2021,7,16
2021-07-16 16:05:00+00:00,1822.59,1822.98,1821.43,1822.98,1.75685,2021,7,16
2021-07-16 16:10:00+00:00,1822.98,1823.42,1820.06,1823.42,13.523659,2021,7,16
2021-07-16 16:15:00+00:00,1823.39,1824.23,1821.65,1824.23,19.075297,2021,7,16
2021-07-16 16:20:00+00:00,1824.23,1824.24,1822.81,1822.93,1.702263,2021,7,16
2021-07-16 16:25:00+00:00,1823.37,1824.19,1822.13,1824.19,8.751915,2021,7,16
2021-07-16 16:30:00+00:00,1824.2,1825.01,1824.19,1825.01,4.197663,2021,7,16
2021-07-16 16:35:00+00:00,1824.99,1824.99,1824.0,1824.0,1.004106,2021,7,16
2021-07-16 16:40:00+00:00,1823.7,1823.93,1822.18,1822.21,6.281856,2021,7,16
2021-07-16 16:45:00+00:00,1823.69,1826.3,1822.22,1825.68,18.792393,2021,7,16
2021-07-16 16:50:00+00:00,1825.68,1825.68,1823.86,1823.86,1.215371,2021,7,16
2021-07-16 16:55:00+00:00,1823.86,1823.86,1823.86,1823.86,0.468012,2021,7,16
2021-07-16 17:00:00+00:00,1825.68,1825.68,1825.23,1825.68,1.550734,2021,7,16
2021-07-16 17:05:00+00:00,1825.68,1825.68,1823.9,1825.52,2.04233,2021,7,16
2021-07-16 17:10:00+00:00,1823.9,1827.94,1823.9,1825.52,45.711117,2021,7,16
2021-07-16 17:15:00+00:00,1824.4,1825.82,1824.4,1825.77,0.317177,2021,7,16
2021-07-16 17:20:00+00:00,1825.14,1825.14,1824.46,1824.48,0.401493,2021,7,16
2021-07-16 17:25:00+00:00,1824.48,1824.48,1823.33,1823.35,1.269501,2021,7,16
2021-07-16 17:30:00+00:00,1823.33,1823.55,1823.33,1823.55,1.365548,2021,7,16
2021-07-16 17:35:00+00:00,1823.34,1823.55,1823.34,1823.55,0.105219,2021,7,16
2021-07-16 17:40:00+00:00,1823.35,1824.85,1823.33,1824.85,8.17914,2021,7,16
2021-07-16 17:45:00+00:00,1823.53,1823.53,1822.99,1822.99,10.522031,2021,7,16
2021-07-16 17:50:00+00:00,1823.5,1823.5,1822.32,1822.32,0.083737,2021,7,16
2021-07-16 17:55:00+00:00,1823.5,1823.65,1823.49,1823.65,10.221003,2021,7,16
2021-07-16 18:00:00+00:00,1822.33,1822.33,1820.95,1820.95,5.236149,2021,7,16
2021-07-16 18:05:00+00:00,1820.33,1822.39,1820.33,1822.39,0.522106,2021,7,16
2021-07-16 18:10:00+00:00,1822.38,1822.39,1820.95,1820.95,1.374409,2021,7,16
2021-07-16 18:15:00+00:00,1821.65,1821.65,1820.95,1820.95,1.565889,2021,7,16
2021-07-16 18:20:00+00:00,1822.35,1822.84,1822.35,1822.83,1.220108,2021,7,16
2021-07-16 18:25:00+00:00,1822.36,1822.82,1821.9,1822.82,0.179924,2021,7,16
2021-07-16 18:30:00+00:00,1822.34,1822.34,1822.18,1822.18,0.068184,2021,7,16
2021-07-16 18:35:00+00:00,1821.65,1822.17,1821.62,1821.7,0.235246,2021,7,16
2021-07-16 18:40:00+00:00,1821.76,1822.33,1820.98,1820.98,0.258576,2021,7,16
2021-07-16 18:45:00+00:00,1821.84,1822.13,1820.98,1822.13,0.100748,2021,7,16
2021-07-16 18:50:00+00:00,1820.98,1820.99,1817.53,1818.99,35.698054,2021,7,16
2021-07-16 18:55:00+00:00,1818.14,1819.76,1816.1,1818.15,108.799785,2021,7,16
2021-07-16 19:00:00+00:00,1818.15,1819.76,1818.15,1819.76,2.838632,2021,7,16
2021-07-16 19:05:00+00:00,1819.76,1820.67,1819.37,1820.66,5.457237,2021,7,16
2021-07-16 19:10:00+00:00,1819.25,1819.87,1818.25,1818.25,1.704964,2021,7,16
2021-07-16 19:15:00+00:00,1818.0,1818.7,1817.4,1817.4,2.781941,2021,7,16
2021-07-16 19:20:00+00:00,1818.22,1818.22,1817.38,1817.38,2.469205,2021,7,16
2021-07-16 19:25:00+00:00,1816.53,1816.53,1815.42,1815.72,12.801092,2021,7,16
2021-07-16 19:30:00+00:00,1815.83,1815.94,1815.74,1815.74,0.767159,2021,7,16
2021-07-16 19:35:00+00:00,1815.92,1815.92,1815.0,1815.92,3.118182,2021,7,16
2021-07-16 19:40:00+00:00,1815.91,1815.91,1815.03,1815.03,0.06672,2021,7,16
2021-07-16 19:45:00+00:00,1815.03,1817.38,1815.02,1817.35,11.528244,2021,7,16
2021-07-16 19:50:00+00:00,1817.35,1817.35,1816.98,1816.98,0.348774,2021,7,16
2021-07-16 19:55:00+00:00,1816.98,1816.98,1816.98,1816.98,0.0,2021,7,16
2021-07-16 20:00:00+00:00,1817.0,1817.34,1817.0,1817.34,0.306496,2021,7,16
2021-07-16 20:05:00+00:00,1817.01,1817.38,1817.0,1817.0,4.499808,2021,7,16
2021-07-16 20:10:00+00:00,1817.36,1817.36,1817.36,1817.36,0.234753,2021,7,16
2021-07-16 20:15:00+00:00,1817.36,1817.38,1817.03,1817.04,1.883187,2021,7,16
2021-07-16 20:20:00+00:00,1817.37,1819.29,1817.37,1819.29,8.019648,2021,7,16
2021-07-16 20:25:00+00:00,1817.61,1819.24,1817.59,1817.59,0.511516,2021,7,16
2021-07-16 20:30:00+00:00,1819.22,1819.22,1819.22,1819.22,0.074233,2021,7,16
2021-07-16 20:35:00+00:00,1819.23,1819.28,1819.22,1819.22,0.403498,2021,7,16
2021-07-16 20:40:00+00:00,1817.74,1818.83,1817.66,1818.82,2.235738,2021,7,16
2021-07-16 20:45:00+00:00,1818.8,1819.35,1817.67,1817.67,0.432631,2021,7,16
2021-07-16 20:50:00+00:00,1817.67,1817.68,1817.04,1817.04,3.98345,2021,7,16
2021-07-16 20:55:00+00:00,1817.04,1817.51,1817.04,1817.51,8.417413,2021,7,16
2021-07-16 21:00:00+00:00,1817.41,1817.58,1815.01,1816.97,50.88467,2021,7,16
2021-07-16 21:05:00+00:00,1816.29,1816.57,1816.01,1816.01,0.280624,2021,7,16
2021-07-16 21:10:00+00:00,1816.01,1816.56,1816.01,1816.54,1.511101,2021,7,16
2021-07-16 21:15:00+00:00,1816.02,1816.55,1816.01,1816.01,4.687012,2021,7,16
2021-07-16 21:20:00+00:00,1816.01,1816.74,1816.01,1816.02,5.069235,2021,7,16
2021-07-16 21:25:00+00:00,1816.74,1816.74,1816.74,1816.74,0.007376,2021,7,16
2021-07-16 21:30:00+00:00,1816.7,1816.71,1816.7,1816.71,0.017904,2021,7,16
2021-07-16 21:35:00+00:00,1816.7,1817.03,1816.7,1817.03,0.86337,2021,7,16
2021-07-16 21:40:00+00:00,1817.21,1817.3,1816.71,1816.71,1.398839,2021,7,16
2021-07-16 21:45:00+00:00,1817.29,1817.29,1816.14,1817.29,0.210795,2021,7,16
2021-07-16 21:50:00+00:00,1817.31,1818.38,1817.25,1818.38,8.126222,2021,7,16
2021-07-16 21:55:00+00:00,1818.53,1818.74,1816.9,1816.99,11.70882,2021,7,16
2021-07-16 22:00:00+00:00,1816.99,1818.09,1816.72,1818.09,1.515609,2021,7,16
2021-07-16 22:05:00+00:00,1818.09,1818.47,1816.72,1816.72,6.003605,2021,7,16
2021-07-16 22:10:00+00:00,1816.72,1818.36,1816.71,1818.35,2.180586,2021,7,16
2021-07-16 22:15:00+00:00,1818.35,1818.36,1816.76,1816.76,3.946479,2021,7,16
2021-07-16 22:20:00+00:00,1818.35,1818.35,1818.35,1818.35,0.0179,2021,7,16
2021-07-16 22:25:00+00:00,1816.76,1818.35,1816.76,1818.35,0.527131,2021,7,16
2021-07-16 22:30:00+00:00,1816.76,1816.76,1816.76,1816.76,0.5773,2021,7,16
2021-07-16 22:35:00+00:00,1818.35,1818.35,1816.76,1816.76,21.119518,2021,7,16
2021-07-16 22:40:00+00:00,1816.76,1818.35,1815.0,1815.49,35.778156,2021,7,16
2021-07-16 22:45:00+00:00,1815.48,1816.22,1815.0,1816.22,2.264003,2021,7,16
2021-07-16 22:50:00+00:00,1816.43,1816.43,1815.53,1815.53,0.743092,2021,7,16
2021-07-16 22:55:00+00:00,1815.53,1815.91,1815.5,1815.5,0.437305,2021,7,16
2021-07-16 23:00:00+00:00,1815.5,1815.61,1815.0,1815.0,0.692554,2021,7,16
2021-07-16 23:05:00+00:00,1815.59,1815.6,1814.0,1815.5,3.550136,2021,7,16
2021-07-16 23:10:00+00:00,1814.43,1815.57,1814.43,1815.57,0.093519,2021,7,16
2021-07-16 23:15:00+00:00,1815.57,1815.57,1815.57,1815.57,0.032465,2021,7,16
2021-07-16 23:20:00+00:00,1815.57,1815.57,1815.57,1815.57,0.0,2021,7,16
2021-07-16 23:25:00+00:00,1814.45,1815.58,1814.45,1814.48,1.0449,2021,7,16
2021-07-16 23:30:00+00:00,1814.48,1815.91,1812.04,1812.04,107.72134,2021,7,16
2021-07-16 23:35:00+00:00,1812.03,1814.1,1812.03,1813.03,17.638651,2021,7,16
2021-07-16 23:40:00+00:00,1813.03,1814.1,1812.0,1812.49,17.658227,2021,7,16
2021-07-16 23:45:00+00:00,1814.08,1814.48,1812.49,1812.56,1.484533,2021,7,16
2021-07-16 23:50:00+00:00,1812.56,1814.04,1812.11,1812.44,13.227726,2021,7,16
2021-07-16 23:55:00+00:00,1812.45,1814.24,1812.23,1812.23,2.923788,2021,7,16
2021-07-17 00:00:00+00:00,1812.1,1812.11,1812.0,1812.01,7.423834,2021,7,17
2021-07-17 00:05:00+00:00,1813.19,1813.19,1812.0,1812.01,1.612387,2021,7,17
2021-07-17 00:10:00+00:00,1812.68,1812.88,1812.0,1812.88,6.7632,2021,7,17
2021-07-17 00:15:00+00:00,1812.44,1812.88,1812.0,1812.01,1.034815,2021,7,17
2021-07-17 00:20:00+00:00,1812.01,1812.01,1812.0,1812.0,1.0676,2021,7,17
2021-07-17 00:25:00+00:00,1812.87,1812.87,1812.87,1812.87,0.0218,2021,7,17
2021-07-17 00:30:00+00:00,1812.56,1812.87,1812.26,1812.87,0.08741,2021,7,17
2021-07-17 00:35:00+00:00,1812.01,1813.0,1812.0,1813.0,1.982457,2021,7,17
2021-07-17 00:40:00+00:00,1812.99,1812.99,1812.02,1812.03,0.448906,2021,7,17
2021-07-17 00:45:00+00:00,1812.03,1812.03,1812.03,1812.03,0.007066,2021,7,17
2021-07-17 00:50:00+00:00,1812.96,1813.27,1812.26,1813.27,3.643505,2021,7,17
2021-07-17 00:55:00+00:00,1813.27,1814.5,1813.27,1814.0,15.676006,2021,7,17
2021-07-17 01:00:00+00:00,1815.37,1815.89,1812.0,1813.97,9.577999,2021,7,17
2021-07-17 01:05:00+00:00,1813.96,1813.97,1813.96,1813.97,0.12,2021,7,17
2021-07-17 01:10:00+00:00,1813.97,1813.97,1813.11,1813.12,0.151802,2021,7,17
2021-07-17 01:15:00+00:00,1813.11,1813.11,1812.22,1812.22,0.552433,2021,7,17
2021-07-17 01:20:00+00:00,1813.92,1813.92,1813.92,1813.92,0.07,2021,7,17
2021-07-17 01:25:00+00:00,1812.23,1813.92,1812.23,1813.92,0.121754,2021,7,17
2021-07-17 01:30:00+00:00,1812.22,1812.73,1812.22,1812.73,0.179229,2021,7,17
2021-07-17 01:35:00+00:00,1813.9,1813.9,1812.74,1813.0,1.715824,2021,7,17
2021-07-17 01:40:00+00:00,1813.0,1813.52,1812.0,1812.0,10.67251,2021,7,17
2021-07-17 01:45:00+00:00,1813.33,1815.5,1813.33,1815.0,21.608682,2021,7,17
2021-07-17 01:50:00+00:00,1815.0,1817.53,1814.5,1816.38,28.88054,2021,7,17
2021-07-17 01:55:00+00:00,1816.16,1818.13,1814.77,1818.11,63.219395,2021,7,17
2021-07-17 02:00:00+00:00,1818.11,1818.17,1816.13,1816.91,4.410399,2021,7,17
2021-07-17 02:05:00+00:00,1817.51,1817.51,1816.15,1816.4,1.257933,2021,7,17
2021-07-17 02:10:00+00:00,1816.4,1818.38,1816.4,1818.37,3.517997,2021,7,17
2021-07-17 02:15:00+00:00,1818.37,1820.12,1816.87,1816.88,32.587503,2021,7,17
2021-07-17 02:20:00+00:00,1816.88,1816.88,1816.88,1816.88,0.114185,2021,7,17
2021-07-17 02:25:00+00:00,1816.87,1816.87,1816.39,1816.39,0.020027,2021,7,17
2021-07-17 02:30:00+00:00,1816.86,1818.4,1816.45,1816.84,1.857641,2021,7,17
2021-07-17 02:35:00+00:00,1818.35,1818.35,1818.35,1818.35,0.027572,2021,7,17
2021-07-17 02:40:00+00:00,1818.36,1818.36,1817.55,1818.34,1.201585,2021,7,17
2021-07-17 02:45:00+00:00,1817.58,1817.58,1817.58,1817.58,0.007484,2021,7,17
2021-07-17 02:50:00+00:00,1817.58,1818.27,1816.6,1816.6,1.879854,2021,7,17
2021-07-17 02:55:00+00:00,1816.61,1816.61,1811.0,1811.0,167.03029,2021,7,17
2021-07-17 03:00:00+00:00,1811.0,1812.8,1811.0,1812.8,37.357,2021,7,17
2021-07-17 03:05:00+00:00,1812.79,1812.79,1812.04,1812.04,0.067051,2021,7,17
2021-07-17 03:10:00+00:00,1812.04,1812.04,1812.03,1812.03,0.1396,2021,7,17
2021-07-17 03:15:00+00:00,1812.03,1812.57,1812.0,1812.0,1.501414,2021,7,17
2021-07-17 03:20:00+00:00,1812.0,1812.27,1811.0,1812.26,6.448343,2021,7,17
2021-07-17 03:25:00+00:00,1812.26,1814.32,1812.26,1814.32,3.88506,2021,7,17
2021-07-17 03:30:00+00:00,1812.79,1813.3,1812.79,1813.3,0.052182,2021,7,17
2021-07-17 03:35:00+00:00,1814.07,1814.58,1812.73,1814.22,3.842624,2021,7,17
2021-07-17 03:40:00+00:00,1813.49,1814.21,1813.48,1813.71,0.156238,2021,7,17
2021-07-17 03:45:00+00:00,1813.49,1813.49,1812.74,1812.74,0.73626,2021,7,17
2021-07-17 03:50:00+00:00,1813.38,1813.39,1812.7,1812.7,1.107977,2021,7,17
2021-07-17 03:55:00+00:00,1812.7,1813.19,1812.7,1813.18,0.178711,2021,7,17
2021-07-17 04:00:00+00:00,1812.72,1813.27,1812.72,1812.75,1.096461,2021,7,17
2021-07-17 04:05:00+00:00,1812.75,1814.32,1812.74,1814.32,1.556005,2021,7,17
2021-07-17 04:10:00+00:00,1814.32,1814.32,1812.75,1812.75,0.0825,2021,7,17
2021-07-17 04:15:00+00:00,1813.27,1813.27,1813.27,1813.27,0.0105,2021,7,17
2021-07-17 04:20:00+00:00,1813.26,1813.26,1813.26,1813.26,0.025855,2021,7,17
2021-07-17 04:25:00+00:00,1813.25,1813.25,1812.75,1813.25,0.057776,2021,7,17
2021-07-17 04:30:00+00:00,1813.25,1813.25,1811.0,1812.5,35.065257,2021,7,17
2021-07-17 04:35:00+00:00,1812.5,1812.64,1812.49,1812.64,0.349879,2021,7,17
2021-07-17 04:40:00+00:00,1812.59,1812.59,1812.59,1812.59,0.0103,2021,7,17
2021-07-17 04:45:00+00:00,1812.72,1812.72,1811.63,1811.63,3.554993,2021,7,17
2021-07-17 04:50:00+00:00,1812.47,1812.72,1811.0,1811.0,3.845483,2021,7,17
2021-07-17 04:55:00+00:00,1812.64,1812.65,1811.1,1811.1,1.963591,2021,7,17
2021-07-17 05:00:00+00:00,1812.58,1813.22,1811.97,1813.22,1.019039,2021,7,17
2021-07-17 05:05:00+00:00,1813.22,1813.22,1813.22,1813.22,0.0,2021,7,17
2021-07-17 05:10:00+00:00,1812.72,1813.22,1812.5,1813.21,0.797217,2021,7,17
2021-07-17 05:15:00+00:00,1813.21,1813.21,1812.47,1812.47,0.869442,2021,7,17
2021-07-17 05:20:00+00:00,1812.89,1812.89,1811.39,1811.55,1.487124,2021,7,17
2021-07-17 05:25:00+00:00,1812.38,1812.74,1811.87,1812.41,1.033725,2021,7,17
2021-07-17 05:30:00+00:00,1812.42,1812.42,1812.42,1812.42,0.130563,2021,7,17
2021-07-17 05:35:00+00:00,1812.9,1813.02,1812.61,1812.62,0.255677,2021,7,17
2021-07-17 05:40:00+00:00,1812.61,1813.03,1812.61,1813.03,0.304976,2021,7,17
2021-07-17 05:45:00+00:00,1812.63,1813.01,1812.61,1813.01,0.168128,2021,7,17
2021-07-17 05:50:00+00:00,1812.61,1812.99,1812.61,1812.99,0.029284,2021,7,17
2021-07-17 05:55:00+00:00,1812.99,1813.03,1812.99,1813.02,1.171674,2021,7,17
2021-07-17 06:00:00+00:00,1813.02,1814.86,1812.58,1812.59,14.780516,2021,7,17
2021-07-17 06:05:00+00:00,1812.61,1813.74,1812.61,1813.74,0.096799,2021,7,17
2021-07-17 06:10:00+00:00,1813.74,1813.74,1813.74,1813.74,0.164299,2021,7,17
2021-07-17 06:15:00+00:00,1813.46,1813.81,1813.46,1813.63,0.655849,2021,7,17
2021-07-17 06:20:00+00:00,1812.61,1812.61,1812.61,1812.61,0.007373,2021,7,17
2021-07-17 06:25:00+00:00,1812.61,1812.61,1812.61,1812.61,0.0,2021,7,17
2021-07-17 06:30:00+00:00,1813.8,1813.81,1812.6,1812.6,1.33629,2021,7,17
2021-07-17 06:35:00+00:00,1812.6,1813.68,1812.01,1813.63,4.907886,2021,7,17
2021-07-17 06:40:00+00:00,1812.0,1813.57,1812.0,1813.57,0.012153,2021,7,17
2021-07-17 06:45:00+00:00,1813.57,1814.9,1813.57,1814.86,5.471047,2021,7,17
2021-07-17 06:50:00+00:00,1813.68,1814.87,1813.67,1813.67,0.278574,2021,7,17
2021-07-17 06:55:00+00:00,1813.69,1813.81,1813.59,1813.59,6.782118,2021,7,17
2021-07-17 07:00:00+00:00,1812.42,1814.21,1812.42,1814.21,0.119122,2021,7,17
2021-07-17 07:05:00+00:00,1813.61,1813.61,1812.27,1812.27,0.034486,2021,7,17
2021-07-17 07:10:00+00:00,1814.05,1814.06,1814.05,1814.06,0.475342,2021,7,17
2021-07-17 07:15:00+00:00,1814.06,1814.23,1814.06,1814.23,0.304319,2021,7,17
2021-07-17 07:20:00+00:00,1814.23,1814.84,1814.06,1814.45,11.242703,2021,7,17
2021-07-17 07:25:00+00:00,1814.06,1814.45,1814.06,1814.06,1.693358,2021,7,17
2021-07-17 07:30:00+00:00,1814.25,1814.29,1814.06,1814.06,0.689872,2021,7,17
2021-07-17 07:35:00+00:00,1814.06,1815.98,1813.38,1813.38,26.243152,2021,7,17
2021-07-17 07:40:00+00:00,1813.37,1813.37,1813.37,1813.37,2.308308,2021,7,17
2021-07-17 07:45:00+00:00,1814.42,1814.42,1813.37,1813.37,0.031478,2021,7,17
2021-07-17 07:50:00+00:00,1813.37,1813.62,1813.37,1813.37,0.567579,2021,7,17
2021-07-17 07:55:00+00:00,1813.87,1814.39,1813.87,1813.89,0.408025,2021,7,17
2021-07-17 08:00:00+00:00,1813.89,1813.89,1813.89,1813.89,0.0,2021,7,17
2021-07-17 08:05:00+00:00,1813.39,1814.36,1813.37,1814.36,1.05775,2021,7,17
2021-07-17 08:10:00+00:00,1814.36,1814.38,1814.02,1814.02,0.610586,2021,7,17
2021-07-17 08:15:00+00:00,1814.02,1815.38,1814.02,1815.38,1.143211,2021,7,17
2021-07-17 08:20:00+00:00,1815.38,1815.38,1814.02,1815.38,0.061812,2021,7,17
2021-07-17 08:25:00+00:00,1815.38,1815.38,1815.38,1815.38,0.006302,2021,7,17
2021-07-17 08:30:00+00:00,1815.38,1815.41,1814.01,1815.41,1.4604,2021,7,17
2021-07-17 08:35:00+00:00,1814.7,1815.58,1814.04,1815.57,3.251256,2021,7,17
2021-07-17 08:40:00+00:00,1815.57,1818.72,1814.64,1817.82,27.793378,2021,7,17
2021-07-17 08:45:00+00:00,1817.83,1819.98,1816.92,1817.9,32.670141,2021,7,17
2021-07-17 08:50:00+00:00,1817.91,1818.95,1817.78,1817.88,2.541368,2021,7,17
2021-07-17 08:55:00+00:00,1817.77,1818.41,1816.41,1816.41,5.68948,2021,7,17
2021-07-17 09:00:00+00:00,1817.94,1817.95,1815.01,1815.01,8.407654,2021,7,17
2021-07-17 09:05:00+00:00,1815.0,1815.35,1814.0,1814.02,4.454605,2021,7,17
2021-07-17 09:10:00+00:00,1815.34,1815.36,1815.34,1815.36,0.064055,2021,7,17
2021-07-17 09:15:00+00:00,1814.03,1814.03,1814.02,1814.02,0.160628,2021,7,17
2021-07-17 09:20:00+00:00,1815.35,1817.34,1815.35,1817.33,11.385133,2021,7,17
2021-07-17 09:25:00+00:00,1817.33,1818.99,1816.88,1816.88,7.925337,2021,7,17
2021-07-17 09:30:00+00:00,1815.27,1815.28,1814.0,1814.0,14.482111,2021,7,17
2021-07-17 09:35:00+00:00,1814.0,1814.0,1814.0,1814.0,0.0,2021,7,17
2021-07-17 09:40:00+00:00,1814.0,1814.0,1814.0,1814.0,0.213222,2021,7,17
2021-07-17 09:45:00+00:00,1814.0,1814.0,1814.0,1814.0,0.487906,2021,7,17
2021-07-17 09:50:00+00:00,1814.0,1814.0,1814.0,1814.0,0.0,2021,7,17
2021-07-17 09:55:00+00:00,1815.42,1815.42,1814.0,1814.0,0.051552,2021,7,17
2021-07-17 10:00:00+00:00,1814.0,1814.71,1814.0,1814.36,4.130882,2021,7,17
2021-07-17 10:05:00+00:00,1814.0,1814.68,1814.0,1814.01,6.506215,2021,7,17
2021-07-17 10:10:00+00:00,1814.01,1814.01,1813.15,1813.15,12.700752,2021,7,17
2021-07-17 10:15:00+00:00,1813.15,1813.6,1811.19,1811.54,22.599603,2021,7,17
2021-07-17 10:20:00+00:00,1811.86,1811.86,1811.83,1811.86,0.848258,2021,7,17
2021-07-17 10:25:00+00:00,1811.31,1812.26,1811.31,1812.26,0.144214,2021,7,17
2021-07-17 10:30:00+00:00,1812.27,1814.61,1811.38,1813.71,9.989436,2021,7,17
2021-07-17 10:35:00+00:00,1812.68,1814.31,1812.68,1812.75,4.530975,2021,7,17
2021-07-17 10:40:00+00:00,1812.75,1812.75,1812.75,1812.75,0.0,2021,7,17
2021-07-17 10:45:00+00:00,1812.75,1812.75,1812.75,1812.75,0.0,2021,7,17
2021-07-17 10:50:00+00:00,1812.75,1812.75,1812.75,1812.75,0.0,2021,7,17
2021-07-17 10:55:00+00:00,1813.01,1814.0,1813.01,1814.0,0.039147,2021,7,17
2021-07-17 11:00:00+00:00,1813.01,1814.16,1811.31,1811.31,20.863095,2021,7,17
2021-07-17 11:05:00+00:00,1811.31,1812.68,1811.31,1811.31,0.453409,2021,7,17
2021-07-17 11:10:00+00:00,1811.31,1812.61,1811.31,1811.31,0.804979,2021,7,17
2021-07-17 11:15:00+00:00,1811.31,1812.79,1811.3,1811.3,15.474928,2021,7,17
2021-07-17 11:20:00+00:00,1812.72,1812.72,1812.72,1812.72,0.062335,2021,7,17
2021-07-17 11:25:00+00:00,1812.16,1812.72,1811.3,1811.31,3.017644,2021,7,17
2021-07-17 11:30:00+00:00,1812.72,1812.72,1812.72,1812.72,0.077657,2021,7,17
2021-07-17 11:35:00+00:00,1811.31,1812.72,1811.31,1812.72,0.051199,2021,7,17
2021-07-17 11:40:00+00:00,1811.31,1811.32,1811.3,1811.32,0.520873,2021,7,17
2021-07-17 11:45:00+00:00,1811.32,1812.72,1811.32,1812.72,0.073151,2021,7,17
2021-07-17 11:50:00+00:00,1812.72,1812.72,1812.72,1812.72,0.00928,2021,7,17
2021-07-17 11:55:00+00:00,1812.72,1812.72,1812.01,1812.72,0.315303,2021,7,17
2021-07-17 12:00:00+00:00,1812.72,1812.72,1812.72,1812.72,0.103823,2021,7,17
2021-07-17 12:05:00+00:00,1812.71,1812.71,1812.71,1812.71,0.0124,2021,7,17
2021-07-17 12:10:00+00:00,1812.71,1812.71,1812.0,1812.0,0.13131,2021,7,17
2021-07-17 12:15:00+00:00,1812.7,1812.7,1812.7,1812.7,0.025,2021,7,17
2021-07-17 12:20:00+00:00,1812.7,1812.7,1812.7,1812.7,0.007202,2021,7,17
2021-07-17 12:25:00+00:00,1812.7,1812.71,1812.68,1812.68,0.331794,2021,7,17
2021-07-17 12:30:00+00:00,1812.68,1813.29,1812.67,1812.9,0.974328,2021,7,17
2021-07-17 12:35:00+00:00,1812.92,1813.31,1812.88,1812.88,0.479057,2021,7,17
2021-07-17 12:40:00+00:00,1812.91,1813.25,1811.3,1813.25,11.770665,2021,7,17
2021-07-17 12:45:00+00:00,1811.49,1813.1,1811.48,1813.09,0.907162,2021,7,17
2021-07-17 12:50:00+00:00,1813.09,1814.28,1813.09,1813.43,10.241482,2021,7,17
2021-07-17 12:55:00+00:00,1813.52,1814.12,1813.52,1814.12,0.699642,2021,7,17
2021-07-17 13:00:00+00:00,1812.6,1813.22,1812.6,1813.21,1.221,2021,7,17
2021-07-17 13:05:00+00:00,1814.08,1814.09,1813.95,1813.95,0.806885,2021,7,17
2021-07-17 13:10:00+00:00,1814.08,1814.49,1813.41,1814.47,4.258731,2021,7,17
2021-07-17 13:15:00+00:00,1814.47,1814.48,1813.42,1813.43,1.422316,2021,7,17
2021-07-17 13:20:00+00:00,1813.43,1814.47,1813.42,1813.42,0.207674,2021,7,17
2021-07-17 13:25:00+00:00,1813.88,1814.46,1813.82,1814.46,1.323029,2021,7,17
2021-07-17 13:30:00+00:00,1814.46,1814.46,1814.45,1814.45,0.273947,2021,7,17
2021-07-17 13:35:00+00:00,1814.45,1815.32,1814.45,1815.25,1.883938,2021,7,17
2021-07-17 13:40:00+00:00,1815.22,1816.66,1815.22,1816.66,29.143925,2021,7,17
2021-07-17 13:45:00+00:00,1816.38,1817.99,1814.29,1814.29,25.714242,2021,7,17
2021-07-17 13:50:00+00:00,1814.29,1814.29,1814.29,1814.29,0.120514,2021,7,17
2021-07-17 13:55:00+00:00,1815.37,1815.37,1814.28,1814.28,0.428882,2021,7,17
2021-07-17 14:00:00+00:00,1815.36,1815.38,1812.73,1814.82,31.519559,2021,7,17
2021-07-17 14:05:00+00:00,1816.57,1816.57,1814.74,1814.74,0.23411,2021,7,17
2021-07-17 14:10:00+00:00,1814.74,1814.74,1814.74,1814.74,0.199971,2021,7,17
2021-07-17 14:15:00+00:00,1814.96,1814.96,1814.96,1814.96,0.007192,2021,7,17
2021-07-17 14:20:00+00:00,1814.74,1814.74,1814.74,1814.74,0.18,2021,7,17
2021-07-17 14:25:00+00:00,1815.58,1815.58,1814.75,1814.75,0.413,2021,7,17
2021-07-17 14:30:00+00:00,1814.75,1814.75,1814.75,1814.75,0.0094,2021,7,17
2021-07-17 14:35:00+00:00,1814.86,1815.76,1814.86,1815.76,0.57402,2021,7,17
2021-07-17 14:40:00+00:00,1816.48,1816.68,1816.37,1816.37,5.274393,2021,7,17
2021-07-17 14:45:00+00:00,1815.85,1815.85,1815.85,1815.85,0.024176,2021,7,17
2021-07-17 14:50:00+00:00,1815.85,1815.86,1815.85,1815.86,0.196913,2021,7,17
2021-07-17 14:55:00+00:00,1816.66,1816.99,1816.34,1816.34,2.357311,2021,7,17
2021-07-17 15:00:00+00:00,1816.96,1816.98,1815.22,1815.23,5.178026,2021,7,17
2021-07-17 15:05:00+00:00,1815.23,1815.23,1815.23,1815.23,1.01001,2021,7,17
2021-07-17 15:10:00+00:00,1815.22,1816.19,1815.22,1816.19,1.284431,2021,7,17
2021-07-17 15:15:00+00:00,1816.94,1816.95,1815.53,1815.53,0.778659,2021,7,17
2021-07-17 15:20:00+00:00,1815.53,1815.53,1815.53,1815.53,0.140561,2021,7,17
2021-07-17 15:25:00+00:00,1815.53,1816.95,1815.53,1816.95,0.537805,2021,7,17
2021-07-17 15:30:00+00:00,1816.95,1816.96,1816.95,1816.96,0.266048,2021,7,17
2021-07-17 15:35:00+00:00,1815.76,1815.76,1813.0,1813.59,10.470747,2021,7,17
2021-07-17 15:40:00+00:00,1814.15,1814.15,1814.05,1814.05,0.125477,2021,7,17
2021-07-17 15:45:00+00:00,1813.39,1814.03,1812.73,1812.78,1.507226,2021,7,17
2021-07-17 15:50:00+00:00,1814.03,1816.0,1814.03,1816.0,10.956808,2021,7,17
2021-07-17 15:55:00+00:00,1814.6,1816.0,1814.6,1816.0,0.43984,2021,7,17
2021-07-17 16:00:00+00:00,1816.0,1816.0,1814.6,1814.6,0.126009,2021,7,17
2021-07-17 16:05:00+00:00,1816.0,1816.0,1814.6,1815.63,0.053971,2021,7,17
2021-07-17 16:10:00+00:00,1814.64,1814.64,1814.64,1814.64,0.082749,2021,7,17
2021-07-17 16:15:00+00:00,1814.64,1815.63,1814.64,1815.63,0.401767,2021,7,17
2021-07-17 16:20:00+00:00,1814.65,1816.0,1814.65,1815.99,1.20164,2021,7,17
2021-07-17 16:25:00+00:00,1815.41,1816.0,1814.0,1816.0,34.585463,2021,7,17
2021-07-17 16:30:00+00:00,1816.0,1817.53,1815.72,1815.72,14.63281,2021,7,17
2021-07-17 16:35:00+00:00,1815.72,1815.72,1815.42,1815.72,0.472384,2021,7,17
2021-07-17 16:40:00+00:00,1816.48,1816.48,1811.56,1812.73,37.578562,2021,7,17
2021-07-17 16:45:00+00:00,1811.67,1813.55,1811.67,1813.55,0.034343,2021,7,17
2021-07-17 16:50:00+00:00,1813.55,1813.55,1813.55,1813.55,0.0,2021,7,17
2021-07-17 16:55:00+00:00,1811.68,1811.68,1811.55,1811.55,4.780946,2021,7,17
2021-07-17 17:00:00+00:00,1811.6,1813.5,1811.59,1811.59,0.802427,2021,7,17
2021-07-17 17:05:00+00:00,1811.59,1811.59,1811.59,1811.59,0.0,2021,7,17
2021-07-17 17:10:00+00:00,1811.59,1811.59,1811.59,1811.59,0.488334,2021,7,17
2021-07-17 17:15:00+00:00,1813.48,1813.56,1811.65,1811.65,1.923,2021,7,17
2021-07-17 17:20:00+00:00,1813.45,1813.45,1813.45,1813.45,0.019698,2021,7,17
2021-07-17 17:25:00+00:00,1813.45,1813.46,1811.64,1811.64,0.122858,2021,7,17
2021-07-17 17:30:00+00:00,1811.64,1813.47,1811.64,1813.47,0.164391,2021,7,17
2021-07-17 17:35:00+00:00,1813.46,1813.46,1813.46,1813.46,0.239672,2021,7,17
2021-07-17 17:40:00+00:00,1813.46,1813.46,1813.46,1813.46,0.0,2021,7,17
2021-07-17 17:45:00+00:00,1813.36,1813.56,1811.57,1813.56,6.223734,2021,7,17
2021-07-17 17:50:00+00:00,1813.56,1813.58,1813.56,1813.58,1.408147,2021,7,17
2021-07-17 17:55:00+00:00,1813.56,1813.56,1813.56,1813.56,0.308724,2021,7,17
2021-07-17 18:00:00+00:00,1813.56,1813.56,1811.95,1811.95,0.157119,2021,7,17
2021-07-17 18:05:00+00:00,1811.95,1811.95,1811.79,1811.8,4.882379,2021,7,17
2021-07-17 18:10:00+00:00,1811.8,1813.33,1811.8,1812.66,2.561792,2021,7,17
2021-07-17 18:15:00+00:00,1811.65,1813.35,1811.65,1813.35,0.361397,2021,7,17
2021-07-17 18:20:00+00:00,1812.65,1814.64,1812.64,1814.64,13.137594,2021,7,17
2021-07-17 18:25:00+00:00,1814.64,1814.64,1814.64,1814.64,0.0,2021,7,17
2021-07-17 18:30:00+00:00,1814.4,1814.4,1814.4,1814.4,0.4,2021,7,17
2021-07-17 18:35:00+00:00,1812.54,1814.42,1812.53,1814.42,1.401296,2021,7,17
2021-07-17 18:40:00+00:00,1814.42,1814.42,1814.42,1814.42,0.0,2021,7,17
2021-07-17 18:45:00+00:00,1812.53,1813.92,1812.53,1813.92,0.030752,2021,7,17
2021-07-17 18:50:00+00:00,1813.92,1816.09,1813.76,1816.09,5.033337,2021,7,17
2021-07-17 18:55:00+00:00,1814.13,1816.09,1814.13,1816.09,0.764749,2021,7,17
2021-07-17 19:00:00+00:00,1816.35,1816.35,1814.32,1814.32,2.031427,2021,7,17
2021-07-17 19:05:00+00:00,1814.32,1814.32,1814.32,1814.32,0.0,2021,7,17
2021-07-17 19:10:00+00:00,1814.32,1815.75,1814.32,1815.75,0.64107,2021,7,17
2021-07-17 19:15:00+00:00,1815.06,1815.06,1815.06,1815.06,0.118143,2021,7,17
2021-07-17 19:20:00+00:00,1815.74,1815.74,1815.74,1815.74,0.006838,2021,7,17
2021-07-17 19:25:00+00:00,1815.06,1816.53,1815.06,1816.53,1.064211,2021,7,17
2021-07-17 19:30:00+00:00,1815.12,1815.12,1815.12,1815.12,0.0354,2021,7,17
2021-07-17 19:35:00+00:00,1816.52,1816.54,1816.52,1816.54,0.162863,2021,7,17
2021-07-17 19:40:00+00:00,1816.54,1816.54,1816.54,1816.54,0.0,2021,7,17
2021-07-17 19:45:00+00:00,1815.46,1816.98,1815.35,1815.35,3.652153,2021,7,17
2021-07-17 19:50:00+00:00,1816.98,1817.72,1816.98,1817.57,7.315557,2021,7,17
2021-07-17 19:55:00+00:00,1817.57,1817.76,1816.34,1817.76,3.411472,2021,7,17
2021-07-17 20:00:00+00:00,1817.76,1817.76,1817.76,1817.76,0.550127,2021,7,17
2021-07-17 20:05:00+00:00,1816.48,1816.5,1816.48,1816.5,0.280545,2021,7,17
2021-07-17 20:10:00+00:00,1816.5,1816.5,1814.26,1814.67,14.429607,2021,7,17
2021-07-17 20:15:00+00:00,1817.01,1817.01,1813.15,1813.15,12.366645,2021,7,17
2021-07-17 20:20:00+00:00,1814.66,1815.66,1814.35,1815.64,6.722886,2021,7,17
2021-07-17 20:25:00+00:00,1814.37,1814.37,1814.31,1814.31,2.623193,2021,7,17
2021-07-17 20:30:00+00:00,1815.57,1815.65,1813.55,1815.64,8.294663,2021,7,17
2021-07-17 20:35:00+00:00,1815.64,1815.64,1815.63,1815.64,1.156748,2021,7,17
2021-07-17 20:40:00+00:00,1813.91,1815.64,1813.91,1815.64,0.164248,2021,7,17
2021-07-17 20:45:00+00:00,1813.92,1813.92,1813.92,1813.92,0.447908,2021,7,17
2021-07-17 20:50:00+00:00,1813.92,1815.65,1813.92,1815.65,0.954014,2021,7,17
2021-07-17 20:55:00+00:00,1814.36,1814.36,1814.36,1814.36,0.11353,2021,7,17
2021-07-17 21:00:00+00:00,1813.92,1813.92,1813.91,1813.91,1.411966,2021,7,17
2021-07-17 21:05:00+00:00,1813.91,1813.91,1813.91,1813.91,0.0,2021,7,17
2021-07-17 21:10:00+00:00,1815.62,1815.62,1813.74,1813.74,1.152,2021,7,17
2021-07-17 21:15:00+00:00,1813.74,1813.74,1813.74,1813.74,0.0,2021,7,17
2021-07-17 21:20:00+00:00,1813.74,1813.74,1813.74,1813.74,0.0,2021,7,17
2021-07-17 21:25:00+00:00,1813.75,1813.75,1813.74,1813.74,0.551546,2021,7,17
2021-07-17 21:30:00+00:00,1815.56,1815.56,1815.55,1815.55,0.854575,2021,7,17
2021-07-17 21:35:00+00:00,1813.78,1814.86,1813.74,1814.86,11.893563,2021,7,17
2021-07-17 21:40:00+00:00,1813.76,1814.85,1813.76,1814.85,0.198757,2021,7,17
2021-07-17 21:45:00+00:00,1814.31,1815.52,1814.31,1815.52,0.152347,2021,7,17
2021-07-17 21:50:00+00:00,1813.8,1813.8,1813.8,1813.8,0.304825,2021,7,17
2021-07-17 21:55:00+00:00,1814.06,1814.06,1814.06,1814.06,0.01199,2021,7,17
2021-07-17 22:00:00+00:00,1813.8,1814.26,1813.8,1814.26,0.278927,2021,7,17
2021-07-17 22:05:00+00:00,1814.32,1815.5,1813.92,1814.33,0.641025,2021,7,17
2021-07-17 22:10:00+00:00,1815.51,1815.51,1815.51,1815.51,0.007007,2021,7,17
2021-07-17 22:15:00+00:00,1814.71,1815.99,1814.71,1815.99,1.039913,2021,7,17
2021-07-17 22:20:00+00:00,1815.99,1815.99,1815.98,1815.98,0.529917,2021,7,17
2021-07-17 22:25:00+00:00,1814.75,1814.75,1814.75,1814.75,0.030008,2021,7,17
2021-07-17 22:30:00+00:00,1814.75,1815.99,1814.74,1814.74,1.173072,2021,7,17
2021-07-17 22:35:00+00:00,1814.76,1816.0,1814.76,1815.99,2.248231,2021,7,17
2021-07-17 22:40:00+00:00,1815.99,1815.99,1814.78,1815.99,0.436161,2021,7,17
2021-07-17 22:45:00+00:00,1814.8,1816.05,1814.8,1816.05,0.243849,2021,7,17
2021-07-17 22:50:00+00:00,1814.79,1816.04,1814.75,1816.04,0.246371,2021,7,17
2021-07-17 22:55:00+00:00,1816.04,1816.04,1816.04,1816.04,0.0,2021,7,17
2021-07-17 23:00:00+00:00,1814.76,1814.76,1813.74,1813.74,8.720726,2021,7,17
2021-07-17 23:05:00+00:00,1815.61,1815.61,1813.87,1813.87,0.085657,2021,7,17
2021-07-17 23:10:00+00:00,1815.61,1815.64,1815.61,1815.64,0.613598,2021,7,17
2021-07-17 23:15:00+00:00,1814.08,1815.63,1813.89,1813.89,2.194281,2021,7,17
2021-07-17 23:20:00+00:00,1814.31,1814.76,1813.95,1813.95,0.258343,2021,7,17
2021-07-17 23:25:00+00:00,1815.56,1815.58,1813.94,1813.94,0.700048,2021,7,17
2021-07-17 23:30:00+00:00,1813.95,1815.53,1813.92,1813.92,1.289157,2021,7,17
2021-07-17 23:35:00+00:00,1815.51,1815.52,1813.91,1813.91,0.848646,2021,7,17
2021-07-17 23:40:00+00:00,1813.92,1815.5,1813.87,1813.87,0.813832,2021,7,17
2021-07-17 23:45:00+00:00,1813.88,1813.88,1813.74,1813.74,0.550483,2021,7,17
2021-07-17 23:50:00+00:00,1815.5,1815.51,1815.5,1815.51,0.63316,2021,7,17
2021-07-17 23:55:00+00:00,1813.76,1813.76,1813.74,1813.74,2.8987,2021,7,17
2021-07-18 00:00:00+00:00,1813.74,1815.2,1813.74,1813.74,1.187458,2021,7,18
2021-07-18 00:05:00+00:00,1815.19,1815.19,1815.19,1815.19,0.5164,2021,7,18
2021-07-18 00:10:00+00:00,1813.77,1813.77,1813.77,1813.77,0.02,2021,7,18
2021-07-18 00:15:00+00:00,1813.76,1815.17,1813.75,1815.17,0.155656,2021,7,18
2021-07-18 00:20:00+00:00,1815.17,1815.17,1815.17,1815.17,0.0,2021,7,18
2021-07-18 00:25:00+00:00,1815.17,1816.11,1815.17,1815.27,9.065496,2021,7,18
2021-07-18 00:30:00+00:00,1816.06,1816.07,1815.3,1815.3,0.8324,2021,7,18
2021-07-18 00:35:00+00:00,1815.3,1819.98,1815.3,1819.67,44.509358,2021,7,18
2021-07-18 00:40:00+00:00,1819.67,1819.67,1817.54,1817.54,7.23558,2021,7,18
2021-07-18 00:45:00+00:00,1818.58,1818.67,1818.57,1818.67,9.785552,2021,7,18
2021-07-18 00:50:00+00:00,1818.57,1818.67,1818.57,1818.67,19.189722,2021,7,18
2021-07-18 00:55:00+00:00,1818.66,1820.5,1817.04,1818.71,127.708555,2021,7,18
2021-07-18 01:00:00+00:00,1818.64,1819.01,1817.2,1817.69,4.481281,2021,7,18
2021-07-18 01:05:00+00:00,1818.97,1819.76,1818.0,1818.87,18.210189,2021,7,18
2021-07-18 01:10:00+00:00,1820.12,1820.48,1818.87,1819.11,2.296116,2021,7,18
2021-07-18 01:15:00+00:00,1819.11,1819.12,1818.59,1819.12,0.459996,2021,7,18
2021-07-18 01:20:00+00:00,1819.12,1819.12,1818.47,1819.12,2.452967,2021,7,18
2021-07-18 01:25:00+00:00,1819.11,1820.5,1816.28,1816.28,31.060924,2021,7,18
2021-07-18 01:30:00+00:00,1816.28,1820.0,1813.97,1815.88,99.742919,2021,7,18
2021-07-18 01:35:00+00:00,1815.81,1815.82,1815.77,1815.77,10.909505,2021,7,18
2021-07-18 01:40:00+00:00,1815.74,1815.75,1814.07,1814.46,24.952641,2021,7,18
2021-07-18 01:45:00+00:00,1814.46,1814.46,1813.74,1813.74,52.639934,2021,7,18
2021-07-18 01:50:00+00:00,1813.84,1813.84,1813.84,1813.84,5.557563,2021,7,18
2021-07-18 01:55:00+00:00,1813.74,1814.16,1813.74,1814.14,4.936654,2021,7,18
2021-07-18 02:00:00+00:00,1814.07,1814.07,1813.98,1813.98,3.193562,2021,7,18
2021-07-18 02:05:00+00:00,1814.22,1814.46,1813.98,1814.46,0.079045,2021,7,18
2021-07-18 02:10:00+00:00,1813.99,1815.84,1813.74,1813.74,1.2333,2021,7,18
2021-07-18 02:15:00+00:00,1814.93,1815.01,1814.93,1815.01,2.089751,2021,7,18
2021-07-18 02:20:00+00:00,1815.01,1815.56,1814.31,1814.31,0.505485,2021,7,18
2021-07-18 02:25:00+00:00,1815.55,1817.19,1815.55,1817.19,10.786359,2021,7,18
2021-07-18 02:30:00+00:00,1816.02,1816.05,1816.02,1816.05,0.472489,2021,7,18
2021-07-18 02:35:00+00:00,1816.05,1816.05,1814.64,1816.05,0.568419,2021,7,18
2021-07-18 02:40:00+00:00,1815.87,1816.04,1814.69,1815.82,0.123175,2021,7,18
2021-07-18 02:45:00+00:00,1815.82,1815.82,1815.82,1815.82,0.0,2021,7,18
2021-07-18 02:50:00+00:00,1814.69,1816.06,1814.69,1816.06,1.213061,2021,7,18
2021-07-18 02:55:00+00:00,1816.86,1818.73,1815.93,1815.93,13.394364,2021,7,18
2021-07-18 03:00:00+00:00,1817.06,1817.07,1815.94,1815.94,0.956851,2021,7,18
2021-07-18 03:05:00+00:00,1815.95,1815.95,1815.95,1815.95,0.24993,2021,7,18
2021-07-18 03:10:00+00:00,1815.96,1815.96,1815.96,1815.96,0.1773,2021,7,18
2021-07-18 03:15:00+00:00,1815.96,1815.96,1815.96,1815.96,0.006846,2021,7,18
2021-07-18 03:20:00+00:00,1817.05,1817.06,1815.96,1815.96,0.161992,2021,7,18
2021-07-18 03:25:00+00:00,1815.96,1817.03,1815.93,1817.03,0.757983,2021,7,18
2021-07-18 03:30:00+00:00,1816.0,1816.0,1816.0,1816.0,0.077084,2021,7,18
2021-07-18 03:35:00+00:00,1816.0,1816.98,1815.92,1816.79,1.18282,2021,7,18
2021-07-18 03:40:00+00:00,1816.79,1817.09,1816.79,1817.09,2.752435,2021,7,18
2021-07-18 03:45:00+00:00,1816.8,1817.09,1816.8,1817.09,1.1807,2021,7,18
2021-07-18 03:50:00+00:00,1817.09,1817.09,1817.09,1817.09,0.0,2021,7,18
2021-07-18 03:55:00+00:00,1817.0,1817.0,1816.73,1816.99,0.155322,2021,7,18
2021-07-18 04:00:00+00:00,1816.99,1816.99,1815.7,1815.7,0.055765,2021,7,18
2021-07-18 04:05:00+00:00,1816.98,1816.99,1816.98,1816.99,0.203295,2021,7,18
2021-07-18 04:10:00+00:00,1815.7,1816.69,1815.01,1816.67,6.020117,2021,7,18
2021-07-18 04:15:00+00:00,1816.67,1816.67,1816.67,1816.67,0.240776,2021,7,18
2021-07-18 04:20:00+00:00,1816.67,1816.67,1816.67,1816.67,0.0,2021,7,18
2021-07-18 04:25:00+00:00,1815.04,1816.26,1815.03,1816.26,0.078288,2021,7,18
2021-07-18 04:30:00+00:00,1816.66,1816.66,1816.66,1816.66,0.018288,2021,7,18
2021-07-18 04:35:00+00:00,1816.66,1816.66,1816.66,1816.66,0.005504,2021,7,18
2021-07-18 04:40:00+00:00,1815.87,1816.62,1815.87,1816.62,0.097241,2021,7,18
2021-07-18 04:45:00+00:00,1816.42,1816.42,1815.92,1816.37,0.455916,2021,7,18
2021-07-18 04:50:00+00:00,1815.04,1815.04,1815.0,1815.0,1.652877,2021,7,18
2021-07-18 04:55:00+00:00,1816.26,1816.26,1816.26,1816.26,0.059581,2021,7,18
2021-07-18 05:00:00+00:00,1816.26,1816.26,1816.26,1816.26,0.005599,2021,7,18
2021-07-18 05:05:00+00:00,1816.26,1816.26,1816.26,1816.26,0.044312,2021,7,18
2021-07-18 05:10:00+00:00,1816.26,1816.26,1816.26,1816.26,0.040715,2021,7,18
2021-07-18 05:15:00+00:00,1815.02,1815.02,1815.0,1815.0,0.8,2021,7,18
2021-07-18 05:20:00+00:00,1815.01,1815.01,1815.01,1815.01,0.067989,2021,7,18
2021-07-18 05:25:00+00:00,1815.01,1815.01,1815.0,1815.0,0.091701,2021,7,18
2021-07-18 05:30:00+00:00,1816.24,1816.24,1816.24,1816.24,0.04179,2021,7,18
2021-07-18 05:35:00+00:00,1815.01,1815.01,1815.0,1815.0,0.0649,2021,7,18
2021-07-18 05:40:00+00:00,1815.01,1815.01,1815.0,1815.0,1.0,2021,7,18
2021-07-18 05:45:00+00:00,1815.0,1815.0,1815.0,1815.0,0.790633,2021,7,18
2021-07-18 05:50:00+00:00,1816.24,1816.42,1814.18,1816.42,13.377188,2021,7,18
2021-07-18 05:55:00+00:00,1813.81,1813.81,1813.81,1813.81,0.0223,2021,7,18
2021-07-18 06:00:00+00:00,1813.81,1813.81,1813.74,1813.74,3.932695,2021,7,18
2021-07-18 06:05:00+00:00,1813.74,1813.74,1813.74,1813.74,14.417374,2021,7,18
2021-07-18 06:10:00+00:00,1813.74,1813.74,1813.74,1813.74,2.396739,2021,7,18
2021-07-18 06:15:00+00:00,1813.74,1813.74,1813.74,1813.74,0.0,2021,7,18
2021-07-18 06:20:00+00:00,1815.07,1815.07,1815.07,1815.07,0.006879,2021,7,18
2021-07-18 06:25:00+00:00,1815.07,1815.07,1815.07,1815.07,0.0,2021,7,18
2021-07-18 06:30:00+00:00,1813.76,1815.07,1813.76,1815.07,0.189973,2021,7,18
2021-07-18 06:35:00+00:00,1815.07,1815.07,1813.75,1813.75,0.4319,2021,7,18
2021-07-18 06:40:00+00:00,1813.76,1815.07,1813.75,1815.07,1.285799,2021,7,18
2021-07-18 06:45:00+00:00,1813.75,1813.75,1813.75,1813.75,0.6499,2021,7,18
2021-07-18 06:50:00+00:00,1813.75,1815.08,1813.75,1815.05,0.891292,2021,7,18
2021-07-18 06:55:00+00:00,1813.76,1814.4,1813.75,1813.75,0.554452,2021,7,18
2021-07-18 07:00:00+00:00,1815.02,1815.02,1813.75,1813.75,0.822599,2021,7,18
2021-07-18 07:05:00+00:00,1813.75,1814.92,1813.75,1813.75,2.552148,2021,7,18
2021-07-18 07:10:00+00:00,1813.75,1813.75,1813.74,1813.74,75.643453,2021,7,18
2021-07-18 07:15:00+00:00,1813.74,1813.74,1813.5,1813.5,0.15495,2021,7,18
2021-07-18 07:20:00+00:00,1813.5,1813.5,1813.15,1813.15,1.494173,2021,7,18
2021-07-18 07:25:00+00:00,1813.5,1813.5,1813.5,1813.5,0.06956,2021,7,18
2021-07-18 07:30:00+00:00,1813.99,1813.99,1813.99,1813.99,0.0515,2021,7,18
2021-07-18 07:35:00+00:00,1813.99,1813.99,1813.99,1813.99,0.0,2021,7,18
2021-07-18 07:40:00+00:00,1813.99,1814.73,1813.28,1813.28,4.894708,2021,7,18
2021-07-18 07:45:00+00:00,1813.15,1813.17,1812.03,1812.21,18.715245,2021,7,18
2021-07-18 07:50:00+00:00,1812.02,1812.72,1811.5,1812.69,9.860428,2021,7,18
2021-07-18 07:55:00+00:00,1811.52,1811.73,1811.5,1811.73,0.834452,2021,7,18
2021-07-18 08:00:00+00:00,1811.73,1812.49,1811.62,1811.62,2.584993,2021,7,18
2021-07-18 08:05:00+00:00,1811.62,1812.46,1811.62,1812.46,0.041333,2021,7,18
2021-07-18 08:10:00+00:00,1812.46,1812.46,1812.46,1812.46,0.0,2021,7,18
2021-07-18 08:15:00+00:00,1812.45,1813.34,1812.45,1813.16,2.491804,2021,7,18
2021-07-18 08:20:00+00:00,1812.46,1813.0,1811.62,1812.98,5.473762,2021,7,18
2021-07-18 08:25:00+00:00,1812.98,1812.98,1812.98,1812.98,0.021194,2021,7,18
2021-07-18 08:30:00+00:00,1812.0,1813.0,1812.0,1813.0,1.343749,2021,7,18
2021-07-18 08:35:00+00:00,1812.01,1814.31,1811.62,1814.31,14.946943,2021,7,18
2021-07-18 08:40:00+00:00,1813.09,1814.83,1813.09,1814.83,11.290027,2021,7,18
2021-07-18 08:45:00+00:00,1814.36,1814.57,1814.36,1814.57,1.078428,2021,7,18
2021-07-18 08:50:00+00:00,1814.36,1814.36,1814.36,1814.36,0.017334,2021,7,18
2021-07-18 08:55:00+00:00,1813.58,1814.78,1813.58,1814.78,0.071815,2021,7,18
2021-07-18 09:00:00+00:00,1814.78,1814.79,1814.78,1814.79,0.062626,2021,7,18
2021-07-18 09:05:00+00:00,1813.1,1814.48,1812.31,1814.48,2.532138,2021,7,18
2021-07-18 09:10:00+00:00,1814.48,1814.56,1814.48,1814.48,0.37648,2021,7,18
2021-07-18 09:15:00+00:00,1812.3,1812.3,1812.3,1812.3,0.021446,2021,7,18
2021-07-18 09:20:00+00:00,1812.3,1814.4,1812.0,1814.4,1.144804,2021,7,18
2021-07-18 09:25:00+00:00,1814.4,1814.4,1814.4,1814.4,1.784319,2021,7,18
2021-07-18 09:30:00+00:00,1814.47,1816.12,1814.47,1815.98,18.979685,2021,7,18
2021-07-18 09:35:00+00:00,1815.98,1816.1,1815.98,1815.98,0.468935,2021,7,18
2021-07-18 09:40:00+00:00,1815.98,1815.98,1813.56,1813.56,2.756047,2021,7,18
2021-07-18 09:45:00+00:00,1813.58,1813.58,1813.54,1813.55,1.469492,2021,7,18
2021-07-18 09:50:00+00:00,1813.55,1813.55,1812.03,1812.03,0.028933,2021,7,18
2021-07-18 09:55:00+00:00,1812.04,1812.63,1812.04,1812.06,5.261323,2021,7,18
2021-07-18 10:00:00+00:00,1812.06,1812.06,1812.06,1812.06,1.723808,2021,7,18
2021-07-18 10:05:00+00:00,1813.52,1813.52,1812.06,1813.52,0.115725,2021,7,18
2021-07-18 10:10:00+00:00,1813.52,1813.52,1812.08,1812.09,1.343382,2021,7,18
2021-07-18 10:15:00+00:00,1812.09,1812.09,1812.09,1812.09,0.0,2021,7,18
2021-07-18 10:20:00+00:00,1813.52,1813.52,1813.52,1813.52,0.0199,2021,7,18
2021-07-18 10:25:00+00:00,1813.51,1813.51,1813.51,1813.51,0.917893,2021,7,18
2021-07-18 10:30:00+00:00,1813.51,1813.51,1812.09,1812.09,0.05772,2021,7,18
2021-07-18 10:35:00+00:00,1813.51,1813.51,1813.51,1813.51,0.177844,2021,7,18
2021-07-18 10:40:00+00:00,1813.51,1813.51,1813.51,1813.51,0.065139,2021,7,18
2021-07-18 10:45:00+00:00,1812.09,1812.09,1812.09,1812.09,0.064184,2021,7,18
2021-07-18 10:50:00+00:00,1812.09,1813.51,1812.09,1813.51,0.285994,2021,7,18
2021-07-18 10:55:00+00:00,1813.51,1813.51,1813.51,1813.51,0.0,2021,7,18
2021-07-18 11:00:00+00:00,1813.51,1813.51,1813.51,1813.51,0.0,2021,7,18
2021-07-18 11:05:00+00:00,1812.09,1813.52,1812.09,1813.52,1.07683,2021,7,18
2021-07-18 11:10:00+00:00,1812.12,1812.12,1812.12,1812.12,0.088944,2021,7,18
2021-07-18 11:15:00+00:00,1812.12,1812.12,1812.12,1812.12,0.0,2021,7,18
2021-07-18 11:20:00+00:00,1813.49,1813.49,1813.49,1813.49,0.131104,2021,7,18
2021-07-18 11:25:00+00:00,1812.19,1813.49,1812.19,1813.49,0.067472,2021,7,18
2021-07-18 11:30:00+00:00,1812.2,1812.2,1812.19,1812.19,0.153652,2021,7,18
2021-07-18 11:35:00+00:00,1812.19,1813.49,1812.19,1813.49,0.7227,2021,7,18
2021-07-18 11:40:00+00:00,1813.49,1814.17,1813.49,1814.17,4.82329,2021,7,18
2021-07-18 11:45:00+00:00,1814.17,1814.18,1814.17,1814.18,0.06066,2021,7,18
2021-07-18 11:50:00+00:00,1814.16,1814.19,1814.16,1814.19,0.635309,2021,7,18
2021-07-18 11:55:00+00:00,1814.19,1814.49,1814.19,1814.49,0.169438,2021,7,18
2021-07-18 12:00:00+00:00,1813.58,1814.48,1813.58,1814.48,0.297851,2021,7,18
2021-07-18 12:05:00+00:00,1813.58,1813.68,1812.1,1813.68,7.142014,2021,7,18
2021-07-18 12:10:00+00:00,1812.44,1813.68,1812.1,1813.68,0.91765,2021,7,18
2021-07-18 12:15:00+00:00,1813.68,1813.68,1812.11,1813.55,0.2209,2021,7,18
2021-07-18 12:20:00+00:00,1813.55,1813.55,1813.55,1813.55,0.161755,2021,7,18
2021-07-18 12:25:00+00:00,1813.55,1813.55,1812.12,1812.12,0.065393,2021,7,18
2021-07-18 12:30:00+00:00,1813.54,1813.55,1813.54,1813.55,0.01327,2021,7,18
2021-07-18 12:35:00+00:00,1813.55,1813.55,1813.55,1813.55,0.0,2021,7,18
2021-07-18 12:40:00+00:00,1813.55,1813.55,1813.55,1813.55,0.0,2021,7,18
2021-07-18 12:45:00+00:00,1813.55,1813.55,1813.55,1813.55,0.0,2021,7,18
2021-07-18 12:50:00+00:00,1812.12,1812.12,1812.1,1812.1,1.224703,2021,7,18
2021-07-18 12:55:00+00:00,1812.11,1812.11,1812.11,1812.11,0.162859,2021,7,18
2021-07-18 13:00:00+00:00,1812.11,1812.11,1812.11,1812.11,0.0,2021,7,18
2021-07-18 13:05:00+00:00,1812.11,1812.11,1812.11,1812.11,0.1493,2021,7,18
2021-07-18 13:10:00+00:00,1812.11,1812.11,1812.11,1812.11,2.11243,2021,7,18
2021-07-18 13:15:00+00:00,1813.54,1813.54,1812.11,1812.51,0.582813,2021,7,18
2021-07-18 13:20:00+00:00,1812.51,1812.89,1812.11,1812.11,4.739395,2021,7,18
2021-07-18 13:25:00+00:00,1812.11,1812.9,1812.1,1812.1,0.69051,2021,7,18
2021-07-18 13:30:00+00:00,1812.9,1813.53,1812.13,1812.13,2.306065,2021,7,18
2021-07-18 13:35:00+00:00,1813.25,1813.75,1813.25,1813.75,1.326315,2021,7,18
2021-07-18 13:40:00+00:00,1813.02,1814.48,1813.02,1814.48,0.7965,2021,7,18
2021-07-18 13:45:00+00:00,1814.48,1814.5,1813.06,1813.06,1.226358,2021,7,18
2021-07-18 13:50:00+00:00,1813.06,1813.06,1813.06,1813.06,0.120808,2021,7,18
2021-07-18 13:55:00+00:00,1813.56,1814.41,1813.0,1813.0,3.562704,2021,7,18
2021-07-18 14:00:00+00:00,1814.32,1814.32,1813.0,1813.0,1.045792,2021,7,18
2021-07-18 14:05:00+00:00,1814.31,1814.31,1814.31,1814.31,0.2201,2021,7,18
2021-07-18 14:10:00+00:00,1813.01,1813.01,1813.0,1813.0,1.93503,2021,7,18
2021-07-18 14:15:00+00:00,1814.31,1814.31,1813.01,1813.01,1.04723,2021,7,18
2021-07-18 14:20:00+00:00,1814.27,1814.27,1814.27,1814.27,0.25551,2021,7,18
2021-07-18 14:25:00+00:00,1813.01,1813.01,1813.01,1813.01,0.0132,2021,7,18
2021-07-18 14:30:00+00:00,1813.01,1813.01,1813.01,1813.01,0.232391,2021,7,18
2021-07-18 14:35:00+00:00,1814.27,1814.38,1813.0,1813.03,21.344307,2021,7,18
2021-07-18 14:40:00+00:00,1813.03,1813.68,1812.1,1813.54,170.201582,2021,7,18
2021-07-18 14:45:00+00:00,1812.12,1813.53,1812.1,1812.15,7.654287,2021,7,18
2021-07-18 14:50:00+00:00,1812.15,1812.15,1812.0,1812.0,18.379383,2021,7,18
2021-07-18 14:55:00+00:00,1812.0,1812.0,1812.0,1812.0,0.301451,2021,7,18
2021-07-18 15:00:00+00:00,1812.0,1813.15,1811.61,1813.15,33.836098,2021,7,18
2021-07-18 15:05:00+00:00,1813.62,1813.62,1812.16,1812.25,2.901245,2021,7,18
2021-07-18 15:10:00+00:00,1812.25,1812.25,1812.25,1812.25,0.175414,2021,7,18
2021-07-18 15:15:00+00:00,1812.99,1812.99,1812.26,1812.26,0.763094,2021,7,18
2021-07-18 15:20:00+00:00,1812.26,1812.26,1812.12,1812.16,0.999171,2021,7,18
2021-07-18 15:25:00+00:00,1812.16,1812.96,1811.7,1812.96,0.977047,2021,7,18
2021-07-18 15:30:00+00:00,1812.97,1812.98,1812.94,1812.94,0.249097,2021,7,18
2021-07-18 15:35:00+00:00,1812.17,1812.94,1812.16,1812.17,0.15219,2021,7,18
2021-07-18 15:40:00+00:00,1812.17,1812.57,1812.0,1812.57,2.648474,2021,7,18
2021-07-18 15:45:00+00:00,1812.91,1812.91,1811.96,1811.96,0.197437,2021,7,18
2021-07-18 15:50:00+00:00,1812.86,1812.87,1811.98,1811.98,0.240417,2021,7,18
2021-07-18 15:55:00+00:00,1812.85,1812.85,1812.16,1812.63,0.447959,2021,7,18
2021-07-18 16:00:00+00:00,1812.19,1813.84,1811.48,1813.55,9.316854,2021,7,18
2021-07-18 16:05:00+00:00,1813.54,1813.54,1811.48,1811.48,5.899429,2021,7,18
2021-07-18 16:10:00+00:00,1811.49,1813.2,1811.49,1813.2,0.584982,2021,7,18
2021-07-18 16:15:00+00:00,1813.2,1813.21,1811.5,1813.2,0.214156,2021,7,18
2021-07-18 16:20:00+00:00,1813.2,1813.21,1813.2,1813.2,0.347263,2021,7,18
2021-07-18 16:25:00+00:00,1813.2,1813.83,1812.18,1812.18,2.610157,2021,7,18
2021-07-18 16:30:00+00:00,1813.81,1813.82,1813.81,1813.82,0.570024,2021,7,18
2021-07-18 16:35:00+00:00,1812.29,1813.82,1812.29,1813.82,0.436257,2021,7,18
2021-07-18 16:40:00+00:00,1813.82,1813.82,1812.29,1813.81,0.215942,2021,7,18
2021-07-18 16:45:00+00:00,1812.29,1813.82,1812.29,1813.81,1.153039,2021,7,18
2021-07-18 16:50:00+00:00,1813.8,1813.83,1812.3,1813.83,0.691007,2021,7,18
2021-07-18 16:55:00+00:00,1812.36,1812.36,1812.36,1812.36,0.317232,2021,7,18
2021-07-18 17:00:00+00:00,1812.8,1814.45,1812.8,1813.99,2.245349,2021,7,18
2021-07-18 17:05:00+00:00,1813.3,1814.45,1813.3,1814.44,0.295945,2021,7,18
2021-07-18 17:10:00+00:00,1814.44,1814.45,1814.44,1814.45,0.546618,2021,7,18
2021-07-18 17:15:00+00:00,1814.45,1814.51,1814.45,1814.51,0.056747,2021,7,18
2021-07-18 17:20:00+00:00,1814.51,1814.51,1814.51,1814.51,0.0,2021,7,18
2021-07-18 17:25:00+00:00,1814.51,1814.91,1814.51,1814.91,0.140053,2021,7,18
2021-07-18 17:30:00+00:00,1814.91,1814.91,1814.91,1814.91,0.089654,2021,7,18
2021-07-18 17:35:00+00:00,1814.42,1815.02,1814.0,1815.01,5.920121,2021,7,18
2021-07-18 17:40:00+00:00,1815.01,1815.01,1815.01,1815.01,0.080497,2021,7,18
2021-07-18 17:45:00+00:00,1815.01,1816.14,1814.68,1816.11,18.356974,2021,7,18
2021-07-18 17:50:00+00:00,1816.07,1816.07,1814.81,1816.06,0.843693,2021,7,18
2021-07-18 17:55:00+00:00,1816.06,1816.06,1816.06,1816.06,0.0,2021,7,18
2021-07-18 18:00:00+00:00,1814.88,1816.19,1813.69,1814.39,22.322857,2021,7,18
2021-07-18 18:05:00+00:00,1813.79,1813.79,1813.79,1813.79,0.177928,2021,7,18
2021-07-18 18:10:00+00:00,1813.8,1813.8,1813.8,1813.8,4.180173,2021,7,18
2021-07-18 18:15:00+00:00,1813.8,1813.8,1813.8,1813.8,0.0,2021,7,18
2021-07-18 18:20:00+00:00,1816.04,1816.04,1816.04,1816.04,0.015864,2021,7,18
2021-07-18 18:25:00+00:00,1816.04,1816.04,1816.04,1816.04,0.013766,2021,7,18
2021-07-18 18:30:00+00:00,1816.04,1816.05,1814.87,1816.05,0.329523,2021,7,18
2021-07-18 18:35:00+00:00,1816.05,1817.16,1815.01,1815.01,17.077137,2021,7,18
2021-07-18 18:40:00+00:00,1815.21,1817.16,1815.21,1815.67,2.32245,2021,7,18
2021-07-18 18:45:00+00:00,1815.25,1815.25,1814.84,1814.84,1.751721,2021,7,18
2021-07-18 18:50:00+00:00,1814.85,1814.85,1814.85,1814.85,0.018553,2021,7,18
2021-07-18 18:55:00+00:00,1814.84,1814.84,1814.84,1814.84,0.617071,2021,7,18
2021-07-18 19:00:00+00:00,1814.84,1817.16,1814.84,1816.93,4.68995,2021,7,18
2021-07-18 19:05:00+00:00,1816.93,1817.17,1816.93,1817.17,0.622505,2021,7,18
2021-07-18 19:10:00+00:00,1817.17,1817.17,1815.31,1817.17,0.22959,2021,7,18
2021-07-18 19:15:00+00:00,1817.17,1817.17,1817.17,1817.17,0.02999,2021,7,18
2021-07-18 19:20:00+00:00,1817.17,1817.17,1817.17,1817.17,0.275153,2021,7,18
2021-07-18 19:25:00+00:00,1817.17,1817.53,1817.17,1817.53,0.181264,2021,7,18
2021-07-18 19:30:00+00:00,1815.31,1817.53,1815.31,1817.53,2.294163,2021,7,18
2021-07-18 19:35:00+00:00,1817.75,1818.11,1816.58,1816.58,8.424649,2021,7,18
2021-07-18 19:40:00+00:00,1816.58,1816.58,1815.96,1815.96,0.436635,2021,7,18
2021-07-18 19:45:00+00:00,1816.56,1816.58,1816.1,1816.1,2.238764,2021,7,18
2021-07-18 19:50:00+00:00,1817.34,1817.34,1817.34,1817.34,0.007005,2021,7,18
2021-07-18 19:55:00+00:00,1817.34,1817.34,1817.34,1817.34,0.062448,2021,7,18
2021-07-18 20:00:00+00:00,1817.34,1817.35,1816.12,1817.32,0.34447,2021,7,18
2021-07-18 20:05:00+00:00,1817.32,1817.38,1816.23,1816.24,1.412243,2021,7,18
2021-07-18 20:10:00+00:00,1816.96,1817.26,1816.23,1817.26,2.336185,2021,7,18
2021-07-18 20:15:00+00:00,1817.26,1817.26,1817.26,1817.26,0.032087,2021,7,18
2021-07-18 20:20:00+00:00,1817.26,1817.26,1816.25,1817.25,0.417289,2021,7,18
2021-07-18 20:25:00+00:00,1816.27,1816.28,1816.23,1816.28,0.428851,2021,7,18
2021-07-18 20:30:00+00:00,1816.28,1816.52,1816.1,1816.52,1.270102,2021,7,18
2021-07-18 20:35:00+00:00,1816.09,1817.26,1816.09,1817.26,0.8717,2021,7,18
2021-07-18 20:40:00+00:00,1817.26,1817.26,1815.58,1816.98,1.470022,2021,7,18
2021-07-18 20:45:00+00:00,1816.98,1816.98,1816.98,1816.98,0.978174,2021,7,18
2021-07-18 20:50:00+00:00,1816.98,1817.16,1816.98,1817.16,1.074643,2021,7,18
2021-07-18 20:55:00+00:00,1817.16,1817.16,1817.16,1817.16,0.0,2021,7,18
2021-07-18 21:00:00+00:00,1817.0,1818.18,1817.0,1817.81,10.553916,2021,7,18
2021-07-18 21:05:00+00:00,1817.8,1819.58,1817.8,1819.49,23.625875,2021,7,18
2021-07-18 21:10:00+00:00,1819.16,1819.49,1819.13,1819.13,5.064544,2021,7,18
2021-07-18 21:15:00+00:00,1819.05,1819.07,1819.05,1819.07,0.505785,2021,7,18
2021-07-18 21:20:00+00:00,1818.86,1818.86,1818.85,1818.85,0.164987,2021,7,18
2021-07-18 21:25:00+00:00,1818.85,1819.06,1818.84,1819.06,1.029507,2021,7,18
2021-07-18 21:30:00+00:00,1819.06,1819.06,1818.91,1818.91,0.230685,2021,7,18
2021-07-18 21:35:00+00:00,1818.93,1818.93,1818.93,1818.93,0.096066,2021,7,18
2021-07-18 21:40:00+00:00,1818.93,1819.06,1818.93,1819.06,0.147913,2021,7,18
2021-07-18 21:45:00+00:00,1819.06,1819.07,1818.92,1819.07,9.104202,2021,7,18
2021-07-18 21:50:00+00:00,1819.5,1819.58,1819.5,1819.58,0.122549,2021,7,18
2021-07-18 21:55:00+00:00,1819.58,1819.58,1818.9,1818.91,12.406559,2021,7,18
2021-07-18 22:00:00+00:00,1818.91,1820.5,1818.91,1820.5,26.564565,2021,7,18
2021-07-18 22:05:00+00:00,1820.49,1820.49,1818.9,1819.01,18.914423,2021,7,18
2021-07-18 22:10:00+00:00,1819.01,1819.02,1819.01,1819.02,0.782501,2021,7,18
2021-07-18 22:15:00+00:00,1819.01,1819.01,1816.01,1816.26,27.652988,2021,7,18
2021-07-18 22:20:00+00:00,1816.26,1816.26,1816.26,1816.26,0.0,2021,7,18
2021-07-18 22:25:00+00:00,1816.02,1818.01,1816.02,1817.88,4.285292,2021,7,18
2021-07-18 22:30:00+00:00,1817.88,1819.38,1817.88,1818.94,4.174,2021,7,18
2021-07-18 22:35:00+00:00,1819.02,1819.02,1819.02,1819.02,0.008241,2021,7,18
2021-07-18 22:40:00+00:00,1819.67,1819.68,1817.11,1817.11,2.847926,2021,7,18
2021-07-18 22:45:00+00:00,1817.45,1819.86,1816.45,1817.54,17.050076,2021,7,18
2021-07-18 22:50:00+00:00,1816.43,1816.43,1816.43,1816.43,0.009411,2021,7,18
2021-07-18 22:55:00+00:00,1817.53,1817.53,1815.6,1815.6,6.202238,2021,7,18
2021-07-18 23:00:00+00:00,1815.6,1816.01,1815.6,1816.01,0.859124,2021,7,18
2021-07-18 23:05:00+00:00,1816.01,1816.19,1816.01,1816.19,1.823433,2021,7,18
2021-07-18 23:10:00+00:00,1815.61,1816.03,1815.6,1815.6,0.123896,2021,7,18
2021-07-18 23:15:00+00:00,1816.02,1817.34,1815.6,1816.16,1.291905,2021,7,18
2021-07-18 23:20:00+00:00,1816.57,1817.04,1816.17,1817.04,0.355266,2021,7,18
2021-07-18 23:25:00+00:00,1817.04,1817.05,1816.35,1816.35,0.689897,2021,7,18
2021-07-18 23:30:00+00:00,1816.36,1816.52,1815.0,1815.06,4.218122,2021,7,18
2021-07-18 23:35:00+00:00,1815.06,1816.51,1815.06,1815.07,0.715081,2021,7,18
2021-07-18 23:40:00+00:00,1815.07,1817.29,1815.07,1816.52,1.737576,2021,7,18
2021-07-18 23:45:00+00:00,1817.2,1817.36,1817.2,1817.36,1.737482,2021,7,18
2021-07-18 23:50:00+00:00,1816.24,1818.57,1816.24,1818.55,1.123584,2021,7,18
2021-07-18 23:55:00+00:00,1817.92,1817.92,1815.62,1817.43,9.179282,2021,7,18
2021-07-19 00:00:00+00:00,1818.56,1818.97,1818.56,1818.57,4.637116,2021,7,19
2021-07-19 00:05:00+00:00,1818.99,1819.78,1818.99,1819.78,9.799954,2021,7,19
2021-07-19 00:10:00+00:00,1819.6,1819.6,1815.56,1818.64,12.599011,2021,7,19
2021-07-19 00:15:00+00:00,1819.79,1819.81,1819.79,1819.81,1.644474,2021,7,19
2021-07-19 00:20:00+00:00,1819.81,1819.81,1819.81,1819.81,0.034074,2021,7,19
2021-07-19 00:25:00+00:00,1819.8,1819.8,1817.8,1818.02,1.193892,2021,7,19
2021-07-19 00:30:00+00:00,1817.71,1818.75,1815.79,1817.29,10.123592,2021,7,19
2021-07-19 00:35:00+00:00,1817.29,1818.83,1817.28,1817.28,1.621632,2021,7,19
2021-07-19 00:40:00+00:00,1817.29,1818.94,1817.28,1817.3,1.714703,2021,7,19
2021-07-19 00:45:00+00:00,1818.96,1818.96,1816.31,1816.32,0.955033,2021,7,19
2021-07-19 00:50:00+00:00,1816.3,1816.3,1816.29,1816.29,0.987776,2021,7,19
2021-07-19 00:55:00+00:00,1815.42,1818.1,1815.42,1818.1,4.599021,2021,7,19
2021-07-19 01:00:00+00:00,1816.99,1818.34,1816.99,1818.34,2.233955,2021,7,19
2021-07-19 01:05:00+00:00,1817.04,1818.33,1816.87,1818.33,3.101571,2021,7,19
2021-07-19 01:10:00+00:00,1817.84,1817.84,1815.0,1815.04,17.229646,2021,7,19
2021-07-19 01:15:00+00:00,1815.74,1817.68,1815.0,1816.49,11.610193,2021,7,19
2021-07-19 01:20:00+00:00,1816.98,1817.64,1816.05,1817.64,4.747972,2021,7,19
2021-07-19 01:25:00+00:00,1817.76,1819.32,1817.63,1818.11,15.470351,2021,7,19
2021-07-19 01:30:00+00:00,1817.63,1817.63,1817.63,1817.63,0.007316,2021,7,19
2021-07-19 01:35:00+00:00,1817.63,1817.63,1817.63,1817.63,0.0,2021,7,19
2021-07-19 01:40:00+00:00,1817.64,1818.43,1817.64,1818.43,0.356522,2021,7,19
2021-07-19 01:45:00+00:00,1818.43,1819.8,1817.73,1818.94,9.161921,2021,7,19
2021-07-19 01:50:00+00:00,1818.59,1819.52,1818.59,1819.52,0.999177,2021,7,19
2021-07-19 01:55:00+00:00,1819.31,1819.31,1819.31,1819.31,0.445522,2021,7,19
2021-07-19 02:00:00+00:00,1817.35,1818.14,1817.35,1818.06,0.16028,2021,7,19
2021-07-19 02:05:00+00:00,1818.06,1819.42,1818.06,1818.75,0.470538,2021,7,19
2021-07-19 02:10:00+00:00,1818.87,1818.87,1818.83,1818.83,0.8986,2021,7,19
2021-07-19 02:15:00+00:00,1818.82,1818.82,1818.75,1818.75,0.287456,2021,7,19
2021-07-19 02:20:00+00:00,1818.75,1819.5,1818.64,1819.5,1.280022,2021,7,19
2021-07-19 02:25:00+00:00,1819.5,1819.51,1818.68,1818.68,1.154007,2021,7,19
2021-07-19 02:30:00+00:00,1819.33,1819.51,1818.64,1818.64,0.607721,2021,7,19
2021-07-19 02:35:00+00:00,1819.22,1819.22,1818.65,1818.65,0.646549,2021,7,19
2021-07-19 02:40:00+00:00,1819.36,1819.37,1819.36,1819.37,0.280844,2021,7,19
2021-07-19 02:45:00+00:00,1819.37,1819.37,1818.67,1818.67,2.052268,2021,7,19
2021-07-19 02:50:00+00:00,1818.67,1818.67,1818.67,1818.67,0.043963,2021,7,19
2021-07-19 02:55:00+00:00,1818.8,1818.8,1818.8,1818.8,0.017449,2021,7,19
2021-07-19 03:00:00+00:00,1818.99,1819.35,1817.75,1817.75,1.499331,2021,7,19
2021-07-19 03:05:00+00:00,1818.32,1818.69,1818.32,1818.69,1.023647,2021,7,19
2021-07-19 03:10:00+00:00,1818.69,1818.69,1818.69,1818.69,0.0,2021,7,19
2021-07-19 03:15:00+00:00,1818.41,1819.5,1818.41,1819.5,0.680289,2021,7,19
2021-07-19 03:20:00+00:00,1819.5,1819.5,1819.36,1819.36,0.116854,2021,7,19
2021-07-19 03:25:00+00:00,1819.5,1819.5,1819.5,1819.5,0.008046,2021,7,19
2021-07-19 03:30:00+00:00,1819.49,1820.0,1819.49,1819.7,2.955589,2021,7,19
2021-07-19 03:35:00+00:00,1818.83,1819.7,1818.83,1819.7,0.077709,2021,7,19
2021-07-19 03:40:00+00:00,1818.83,1818.83,1818.75,1818.75,4.317108,2021,7,19
2021-07-19 03:45:00+00:00,1819.46,1819.46,1819.46,1819.46,0.007365,2021,7,19
2021-07-19 03:50:00+00:00,1819.31,1819.55,1819.31,1819.55,0.4389,2021,7,19
2021-07-19 03:55:00+00:00,1819.55,1819.55,1819.55,1819.55,0.0,2021,7,19
2021-07-19 04:00:00+00:00,1819.3,1819.5,1819.3,1819.5,0.597605,2021,7,19
2021-07-19 04:05:00+00:00,1819.07,1819.08,1819.07,1819.08,0.2053,2021,7,19
2021-07-19 04:10:00+00:00,1819.08,1819.08,1819.08,1819.08,0.0,2021,7,19
2021-07-19 04:15:00+00:00,1819.08,1819.08,1819.08,1819.08,0.0,2021,7,19
2021-07-19 04:20:00+00:00,1819.06,1819.06,1819.06,1819.06,0.006715,2021,7,19
2021-07-19 04:25:00+00:00,1819.44,1820.8,1819.08,1820.8,11.397536,2021,7,19
2021-07-19 04:30:00+00:00,1820.8,1820.8,1820.8,1820.8,0.0,2021,7,19
2021-07-19 04:35:00+00:00,1820.54,1820.54,1819.99,1819.99,0.608603,2021,7,19
2021-07-19 04:40:00+00:00,1820.03,1820.84,1820.03,1820.84,5.83527,2021,7,19
2021-07-19 04:45:00+00:00,1820.56,1821.0,1820.56,1820.57,0.104258,2021,7,19
2021-07-19 04:50:00+00:00,1820.56,1820.56,1820.56,1820.56,0.049936,2021,7,19
2021-07-19 04:55:00+00:00,1820.56,1820.56,1820.56,1820.56,0.066597,2021,7,19
2021-07-19 05:00:00+00:00,1820.56,1820.56,1819.01,1819.68,7.437756,2021,7,19
2021-07-19 05:05:00+00:00,1819.62,1819.7,1819.0,1819.01,8.89495,2021,7,19
2021-07-19 05:10:00+00:00,1819.37,1819.37,1819.37,1819.37,0.0211,2021,7,19
2021-07-19 05:15:00+00:00,1819.0,1819.0,1818.74,1819.0,0.575619,2021,7,19
2021-07-19 05:20:00+00:00,1818.74,1819.0,1818.74,1818.74,1.184414,2021,7,19
2021-07-19 05:25:00+00:00,1817.83,1817.83,1817.82,1817.82,0.3039,2021,7,19
2021-07-19 05:30:00+00:00,1818.99,1818.99,1818.99,1818.99,0.109756,2021,7,19
2021-07-19 05:35:00+00:00,1818.41,1818.99,1818.41,1818.99,0.402254,2021,7,19
2021-07-19 05:40:00+00:00,1818.44,1818.97,1818.44,1818.97,0.094273,2021,7,19
2021-07-19 05:45:00+00:00,1818.33,1819.0,1814.6,1819.0,45.130767,2021,7,19
2021-07-19 05:50:00+00:00,1819.0,1819.0,1817.86,1817.86,0.013643,2021,7,19
2021-07-19 05:55:00+00:00,1818.83,1818.83,1818.67,1818.67,0.36436,2021,7,19
2021-07-19 06:00:00+00:00,1817.89,1817.89,1817.89,1817.89,0.08,2021,7,19
2021-07-19 06:05:00+00:00,1818.78,1818.78,1816.82,1816.85,2.64434,2021,7,19
2021-07-19 06:10:00+00:00,1816.34,1817.45,1815.14,1815.19,14.378726,2021,7,19
2021-07-19 06:15:00+00:00,1815.29,1815.81,1813.24,1813.25,19.09173,2021,7,19
2021-07-19 06:20:00+00:00,1813.25,1814.35,1813.25,1814.35,11.846949,2021,7,19
2021-07-19 06:25:00+00:00,1814.34,1814.35,1813.97,1814.35,5.074563,2021,7,19
2021-07-19 06:30:00+00:00,1814.35,1814.38,1813.32,1814.2,9.59646,2021,7,19
2021-07-19 06:35:00+00:00,1814.2,1814.23,1814.2,1814.23,3.87886,2021,7,19
2021-07-19 06:40:00+00:00,1814.21,1814.22,1813.34,1814.0,2.346237,2021,7,19
2021-07-19 06:45:00+00:00,1814.15,1814.19,1812.35,1813.0,27.31747,2021,7,19
2021-07-19 06:50:00+00:00,1812.98,1813.0,1812.98,1813.0,3.797772,2021,7,19
2021-07-19 06:55:00+00:00,1813.0,1813.0,1812.01,1812.41,11.230248,2021,7,19
2021-07-19 07:00:00+00:00,1812.41,1812.41,1812.2,1812.2,0.395549,2021,7,19
2021-07-19 07:05:00+00:00,1812.22,1812.35,1812.22,1812.35,0.841561,2021,7,19
2021-07-19 07:10:00+00:00,1812.33,1813.0,1812.32,1813.0,45.868234,2021,7,19
2021-07-19 07:15:00+00:00,1813.0,1813.91,1812.73,1812.79,9.21047,2021,7,19
2021-07-19 07:20:00+00:00,1813.68,1813.68,1812.91,1812.91,0.188888,2021,7,19
2021-07-19 07:25:00+00:00,1812.91,1813.57,1812.91,1812.92,0.89594,2021,7,19
2021-07-19 07:30:00+00:00,1812.94,1813.29,1812.94,1813.29,2.801851,2021,7,19
2021-07-19 07:35:00+00:00,1813.09,1813.09,1813.02,1813.03,9.262636,2021,7,19
2021-07-19 07:40:00+00:00,1813.48,1813.48,1813.48,1813.48,0.007225,2021,7,19
2021-07-19 07:45:00+00:00,1813.48,1813.49,1813.48,1813.49,1.637654,2021,7,19
2021-07-19 07:50:00+00:00,1813.48,1813.48,1813.48,1813.48,0.027008,2021,7,19
2021-07-19 07:55:00+00:00,1813.47,1813.56,1813.11,1813.11,14.989166,2021,7,19
2021-07-19 08:00:00+00:00,1813.12,1813.42,1812.16,1812.23,14.608172,2021,7,19
2021-07-19 08:05:00+00:00,1812.62,1812.62,1812.62,1812.62,0.008206,2021,7,19
2021-07-19 08:10:00+00:00,1812.05,1812.05,1810.8,1810.93,20.019055,2021,7,19
2021-07-19 08:15:00+00:00,1810.62,1810.62,1805.29,1806.43,42.765567,2021,7,19
2021-07-19 08:20:00+00:00,1806.43,1806.43,1805.01,1806.16,12.750029,2021,7,19
2021-07-19 08:25:00+00:00,1806.0,1806.0,1805.92,1805.92,0.496397,2021,7,19
2021-07-19 08:30:00+00:00,1805.92,1807.89,1805.92,1807.85,18.384114,2021,7,19
2021-07-19 08:35:00+00:00,1807.82,1807.82,1807.26,1807.74,4.118154,2021,7,19
2021-07-19 08:40:00+00:00,1807.44,1807.61,1807.37,1807.37,8.569922,2021,7,19
2021-07-19 08:45:00+00:00,1807.59,1807.62,1807.59,1807.62,6.275492,2021,7,19
2021-07-19 08:50:00+00:00,1807.62,1807.62,1807.61,1807.62,2.80377,2021,7,19
2021-07-19 08:55:00+00:00,1807.62,1807.62,1807.42,1807.5,1.688165,2021,7,19
2021-07-19 09:00:00+00:00,1807.5,1807.62,1807.5,1807.54,2.304768,2021,7,19
2021-07-19 09:05:00+00:00,1807.54,1807.72,1807.46,1807.46,29.610634,2021,7,19
2021-07-19 09:10:00+00:00,1807.69,1807.7,1807.43,1807.47,7.278905,2021,7,19
2021-07-19 09:15:00+00:00,1807.49,1807.68,1806.04,1806.48,20.90747,2021,7,19
2021-07-19 09:20:00+00:00,1807.12,1807.12,1806.12,1806.12,0.161763,2021,7,19
2021-07-19 09:25:00+00:00,1807.09,1807.09,1805.42,1806.14,10.393767,2021,7,19
2021-07-19 09:30:00+00:00,1805.94,1805.94,1805.94,1805.94,0.1224,2021,7,19
2021-07-19 09:35:00+00:00,1805.95,1805.95,1805.94,1805.95,0.572843,2021,7,19
2021-07-19 09:40:00+00:00,1805.95,1806.06,1805.95,1806.02,3.881752,2021,7,19
2021-07-19 09:45:00+00:00,1806.03,1806.92,1806.0,1806.92,18.519704,2021,7,19
2021-07-19 09:50:00+00:00,1806.86,1806.86,1806.85,1806.86,2.329558,2021,7,19
2021-07-19 09:55:00+00:00,1806.14,1806.85,1805.95,1806.8,40.536789,2021,7,19
2021-07-19 10:00:00+00:00,1806.02,1806.75,1806.02,1806.03,0.172371,2021,7,19
2021-07-19 10:05:00+00:00,1806.03,1806.03,1805.03,1805.71,16.725252,2021,7,19
2021-07-19 10:10:00+00:00,1805.71,1805.71,1805.02,1805.02,7.642842,2021,7,19
2021-07-19 10:15:00+00:00,1805.01,1805.37,1804.77,1804.77,13.687487,2021,7,19
2021-07-19 10:20:00+00:00,1804.77,1805.27,1804.2,1804.38,5.26039,2021,7,19
2021-07-19 10:25:00+00:00,1804.12,1804.62,1804.12,1804.12,1.228674,2021,7,19
2021-07-19 10:30:00+00:00,1804.12,1805.05,1804.0,1804.13,10.983994,2021,7,19
2021-07-19 10:35:00+00:00,1804.15,1805.0,1804.15,1804.15,0.506235,2021,7,19
2021-07-19 10:40:00+00:00,1804.15,1804.15,1804.15,1804.15,0.058897,2021,7,19
2021-07-19 10:45:00+00:00,1804.56,1804.98,1804.16,1804.16,0.862946,2021,7,19
2021-07-19 10:50:00+00:00,1804.51,1804.98,1804.18,1804.91,11.888798,2021,7,19
2021-07-19 10:55:00+00:00,1804.91,1804.94,1804.13,1804.91,13.328647,2021,7,19
2021-07-19 11:00:00+00:00,1804.89,1804.89,1804.89,1804.89,0.075571,2021,7,19
2021-07-19 11:05:00+00:00,1804.89,1804.89,1804.88,1804.88,3.221726,2021,7,19
2021-07-19 11:10:00+00:00,1804.86,1807.23,1804.86,1806.94,38.911029,2021,7,19
2021-07-19 11:15:00+00:00,1806.05,1806.87,1806.05,1806.82,0.835535,2021,7,19
2021-07-19 11:20:00+00:00,1806.09,1806.8,1806.09,1806.2,0.718881,2021,7,19
2021-07-19 11:25:00+00:00,1806.79,1806.8,1806.79,1806.8,1.599443,2021,7,19
2021-07-19 11:30:00+00:00,1806.8,1806.8,1806.24,1806.75,1.053761,2021,7,19
2021-07-19 11:35:00+00:00,1806.75,1806.85,1806.75,1806.85,7.924416,2021,7,19
2021-07-19 11:40:00+00:00,1806.79,1806.79,1806.23,1806.23,5.799326,2021,7,19
2021-07-19 11:45:00+00:00,1806.23,1806.67,1806.19,1806.19,7.857934,2021,7,19
2021-07-19 11:50:00+00:00,1806.19,1806.22,1806.19,1806.2,7.05119,2021,7,19
2021-07-19 11:55:00+00:00,1806.2,1806.2,1804.74,1804.74,11.041797,2021,7,19
2021-07-19 12:00:00+00:00,1804.72,1805.53,1804.02,1804.29,13.340596,2021,7,19
2021-07-19 12:05:00+00:00,1804.29,1804.36,1802.19,1802.38,28.37141,2021,7,19
2021-07-19 12:10:00+00:00,1802.38,1802.38,1800.02,1800.92,5.856996,2021,7,19
2021-07-19 12:15:00+00:00,1800.18,1800.9,1798.43,1799.46,47.02194,2021,7,19
2021-07-19 12:20:00+00:00,1799.74,1799.74,1798.34,1798.4,17.958565,2021,7,19
2021-07-19 12:25:00+00:00,1798.4,1798.53,1798.07,1798.53,2.599762,2021,7,19
2021-07-19 12:30:00+00:00,1798.07,1800.0,1797.0,1797.65,46.203905,2021,7,19
2021-07-19 12:35:00+00:00,1797.76,1803.31,1797.0,1802.16,311.295955,2021,7,19
2021-07-19 12:40:00+00:00,1801.44,1803.28,1801.0,1802.57,226.81599,2021,7,19
2021-07-19 12:45:00+00:00,1802.58,1803.3,1802.58,1803.26,16.860243,2021,7,19
2021-07-19 12:50:00+00:00,1802.91,1807.09,1802.87,1806.26,63.837589,2021,7,19
2021-07-19 12:55:00+00:00,1806.27,1810.22,1806.26,1809.07,58.342413,2021,7,19
2021-07-19 13:00:00+00:00,1809.96,1810.12,1806.29,1809.78,75.266868,2021,7,19
2021-07-19 13:05:00+00:00,1809.78,1809.98,1806.06,1809.82,33.692702,2021,7,19
2021-07-19 13:10:00+00:00,1809.07,1815.78,1808.44,1814.55,53.672148,2021,7,19
2021-07-19 13:15:00+00:00,1814.94,1818.27,1814.04,1814.48,58.374716,2021,7,19
2021-07-19 13:20:00+00:00,1814.48,1814.49,1814.05,1814.06,2.925869,2021,7,19
2021-07-19 13:25:00+00:00,1814.48,1814.48,1814.06,1814.11,3.503254,2021,7,19
2021-07-19 13:30:00+00:00,1814.11,1814.31,1808.76,1811.53,42.947284,2021,7,19
2021-07-19 13:35:00+00:00,1811.23,1813.5,1810.38,1811.6,12.515567,2021,7,19
2021-07-19 13:40:00+00:00,1811.28,1811.41,1806.36,1810.62,79.953178,2021,7,19
2021-07-19 13:45:00+00:00,1810.61,1813.15,1810.32,1813.15,93.642267,2021,7,19
2021-07-19 13:50:00+00:00,1813.69,1813.71,1813.32,1813.71,4.174148,2021,7,19
2021-07-19 13:55:00+00:00,1813.68,1816.63,1813.13,1816.62,27.655643,2021,7,19
2021-07-19 14:00:00+00:00,1816.62,1816.63,1815.62,1816.46,12.444259,2021,7,19
2021-07-19 14:05:00+00:00,1816.46,1816.66,1815.51,1816.65,19.910459,2021,7,19
2021-07-19 14:10:00+00:00,1816.65,1816.66,1816.65,1816.65,2.041725,2021,7,19
2021-07-19 14:15:00+00:00,1816.65,1819.29,1816.65,1818.12,21.015127,2021,7,19
2021-07-19 14:20:00+00:00,1818.11,1818.12,1815.42,1815.55,48.353985,2021,7,19
2021-07-19 14:25:00+00:00,1815.55,1816.8,1815.55,1815.55,1.018956,2021,7,19
2021-07-19 14:30:00+00:00,1815.55,1817.11,1815.55,1817.11,12.987029,2021,7,19
2021-07-19 14:35:00+00:00,1817.09,1818.45,1816.61,1818.45,27.218447,2021,7,19
2021-07-19 14:40:00+00:00,1818.45,1818.45,1817.74,1818.15,9.521257,2021,7,19
2021-07-19 14:45:00+00:00,1818.15,1819.98,1818.15,1819.46,38.442769,2021,7,19
2021-07-19 14:50:00+00:00,1818.93,1818.93,1818.15,1818.46,45.977137,2021,7,19
2021-07-19 14:55:00+00:00,1818.49,1818.49,1815.55,1816.8,45.957293,2021,7,19
2021-07-19 15:00:00+00:00,1816.51,1818.54,1816.06,1816.5,37.043164,2021,7,19
2021-07-19 15:05:00+00:00,1816.5,1817.07,1812.01,1813.27,100.656401,2021,7,19
2021-07-19 15:10:00+00:00,1813.12,1813.12,1812.25,1812.73,9.742039,2021,7,19
2021-07-19 15:15:00+00:00,1812.73,1812.73,1810.57,1810.96,12.794572,2021,7,19
2021-07-19 15:20:00+00:00,1810.96,1810.96,1810.0,1810.51,14.095015,2021,7,19
2021-07-19 15:25:00+00:00,1810.42,1810.48,1808.76,1808.76,7.400266,2021,7,19
2021-07-19 15:30:00+00:00,1808.76,1810.2,1808.76,1810.15,13.382211,2021,7,19
2021-07-19 15:35:00+00:00,1810.14,1810.14,1809.95,1809.95,6.03035,2021,7,19
2021-07-19 15:40:00+00:00,1809.96,1810.42,1809.96,1810.42,7.753686,2021,7,19
2021-07-19 15:45:00+00:00,1810.42,1810.42,1810.3,1810.4,1.234289,2021,7,19
2021-07-19 15:50:00+00:00,1810.36,1810.36,1810.28,1810.28,7.990926,2021,7,19
2021-07-19 15:55:00+00:00,1810.28,1812.35,1810.28,1812.32,27.662257,2021,7,19
2021-07-19 16:00:00+00:00,1811.85,1812.29,1808.76,1808.77,14.961828,2021,7,19
2021-07-19 16:05:00+00:00,1809.86,1809.86,1808.77,1808.77,1.198702,2021,7,19
2021-07-19 16:10:00+00:00,1809.29,1809.87,1809.06,1809.78,11.779216,2021,7,19
2021-07-19 16:15:00+00:00,1809.75,1809.75,1809.75,1809.75,0.008001,2021,7,19
2021-07-19 16:20:00+00:00,1809.73,1809.73,1808.43,1809.41,8.192439,2021,7,19
2021-07-19 16:25:00+00:00,1809.25,1809.74,1808.37,1809.74,16.459719,2021,7,19
2021-07-19 16:30:00+00:00,1809.72,1811.43,1809.38,1810.77,34.36852,2021,7,19
2021-07-19 16:35:00+00:00,1810.78,1810.84,1809.01,1810.25,17.717702,2021,7,19
2021-07-19 16:40:00+00:00,1810.25,1810.5,1810.25,1810.5,4.480473,2021,7,19
2021-07-19 16:45:00+00:00,1810.83,1811.4,1810.83,1811.4,6.481474,2021,7,19
2021-07-19 16:50:00+00:00,1810.98,1811.33,1810.85,1811.33,7.209128,2021,7,19
2021-07-19 16:55:00+00:00,1810.86,1811.27,1810.86,1811.26,1.640334,2021,7,19
2021-07-19 17:00:00+00:00,1811.27,1811.38,1811.27,1811.27,12.047997,2021,7,19
2021-07-19 17:05:00+00:00,1811.35,1811.42,1811.35,1811.42,3.644845,2021,7,19
2021-07-19 17:10:00+00:00,1811.42,1812.8,1811.42,1812.8,6.182622,2021,7,19
2021-07-19 17:15:00+00:00,1813.03,1814.64,1813.03,1814.5,9.237449,2021,7,19
2021-07-19 17:20:00+00:00,1814.45,1814.46,1814.45,1814.45,1.015097,2021,7,19
2021-07-19 17:25:00+00:00,1814.46,1814.96,1814.18,1814.54,20.239083,2021,7,19
2021-07-19 17:30:00+00:00,1814.54,1814.54,1814.54,1814.54,1.158897,2021,7,19
2021-07-19 17:35:00+00:00,1814.52,1814.52,1810.71,1810.71,39.275859,2021,7,19
2021-07-19 17:40:00+00:00,1810.71,1812.19,1810.34,1810.82,6.832291,2021,7,19
2021-07-19 17:45:00+00:00,1810.36,1810.51,1810.24,1810.38,10.472575,2021,7,19
2021-07-19 17:50:00+00:00,1809.34,1810.37,1809.34,1809.4,0.463188,2021,7,19
2021-07-19 17:55:00+00:00,1809.4,1810.22,1809.34,1810.22,0.391291,2021,7,19
2021-07-19 18:00:00+00:00,1810.22,1810.22,1808.76,1809.8,1.237306,2021,7,19
2021-07-19 18:05:00+00:00,1809.79,1809.79,1807.31,1808.66,4.363899,2021,7,19
2021-07-19 18:10:00+00:00,1808.66,1808.66,1807.48,1808.66,0.500003,2021,7,19
2021-07-19 18:15:00+00:00,1807.98,1808.59,1807.4,1807.4,0.677799,2021,7,19
2021-07-19 18:20:00+00:00,1807.4,1808.58,1807.29,1808.58,21.008179,2021,7,19
2021-07-19 18:25:00+00:00,1808.65,1808.65,1807.25,1807.91,14.91915,2021,7,19
2021-07-19 18:30:00+00:00,1808.61,1808.66,1808.07,1808.09,6.273583,2021,7,19
2021-07-19 18:35:00+00:00,1808.59,1808.59,1808.09,1808.12,1.70242,2021,7,19
2021-07-19 18:40:00+00:00,1808.12,1809.25,1806.92,1809.25,34.706331,2021,7,19
2021-07-19 18:45:00+00:00,1809.25,1812.07,1809.25,1811.15,18.530486,2021,7,19
2021-07-19 18:50:00+00:00,1811.15,1811.72,1811.15,1811.31,5.11806,2021,7,19
2021-07-19 18:55:00+00:00,1811.67,1811.68,1811.42,1811.66,4.483446,2021,7,19
2021-07-19 19:00:00+00:00,1811.67,1811.67,1811.66,1811.67,0.718148,2021,7,19
2021-07-19 19:05:00+00:00,1811.66,1811.66,1811.66,1811.66,0.146002,2021,7,19
2021-07-19 19:10:00+00:00,1811.67,1811.67,1811.42,1811.43,2.462012,2021,7,19
2021-07-19 19:15:00+00:00,1811.57,1811.58,1811.42,1811.42,2.756508,2021,7,19
2021-07-19 19:20:00+00:00,1811.55,1813.13,1811.55,1812.91,18.505548,2021,7,19
2021-07-19 19:25:00+00:00,1812.91,1812.91,1812.07,1812.07,6.596184,2021,7,19
2021-07-19 19:30:00+00:00,1812.07,1812.8,1812.07,1812.78,1.521008,2021,7,19
2021-07-19 19:35:00+00:00,1812.78,1812.78,1812.78,1812.78,0.0,2021,7,19
2021-07-19 19:40:00+00:00,1812.72,1812.72,1812.11,1812.14,0.82034,2021,7,19
2021-07-19 19:45:00+00:00,1812.14,1812.14,1812.14,1812.14,0.054126,2021,7,19
2021-07-19 19:50:00+00:00,1812.48,1813.59,1812.48,1813.59,22.302346,2021,7,19
2021-07-19 19:55:00+00:00,1813.71,1814.63,1812.15,1814.61,12.6865,2021,7,19
2021-07-19 20:00:00+00:00,1814.64,1816.86,1814.64,1816.67,24.562062,2021,7,19
2021-07-19 20:05:00+00:00,1816.67,1816.67,1816.31,1816.31,1.593174,2021,7,19
2021-07-19 20:10:00+00:00,1816.52,1816.59,1816.34,1816.37,4.562021,2021,7,19
2021-07-19 20:15:00+00:00,1816.37,1816.37,1816.36,1816.36,0.165363,2021,7,19
2021-07-19 20:20:00+00:00,1816.36,1816.36,1816.35,1816.35,2.116062,2021,7,19
2021-07-19 20:25:00+00:00,1816.36,1816.36,1816.33,1816.33,0.072398,2021,7,19
2021-07-19 20:30:00+00:00,1816.34,1816.68,1816.34,1816.68,12.313022,2021,7,19
2021-07-19 20:35:00+00:00,1816.87,1817.89,1816.54,1817.89,6.715523,2021,7,19
2021-07-19 20:40:00+00:00,1817.89,1818.7,1817.55,1818.7,5.830035,2021,7,19
2021-07-19 20:45:00+00:00,1818.98,1818.99,1818.75,1818.75,1.235815,2021,7,19
2021-07-19 20:50:00+00:00,1818.75,1818.75,1818.74,1818.74,0.939864,2021,7,19
2021-07-19 20:55:00+00:00,1818.96,1819.0,1818.79,1818.8,2.621756,2021,7,19
2021-07-19 21:00:00+00:00,1819.0,1820.0,1818.83,1819.9,7.877521,2021,7,19
2021-07-19 21:05:00+00:00,1819.9,1820.0,1819.21,1819.24,2.187178,2021,7,19
2021-07-19 21:10:00+00:00,1819.24,1820.0,1819.24,1820.0,0.456337,2021,7,19
2021-07-19 21:15:00+00:00,1819.95,1820.15,1819.43,1820.15,2.883903,2021,7,19
2021-07-19 21:20:00+00:00,1820.15,1820.15,1816.97,1816.97,34.564473,2021,7,19
2021-07-19 21:25:00+00:00,1816.97,1817.66,1816.96,1817.65,0.3089,2021,7,19
2021-07-19 21:30:00+00:00,1816.99,1817.63,1816.99,1817.6,2.89414,2021,7,19
2021-07-19 21:35:00+00:00,1817.59,1817.59,1817.04,1817.04,1.009661,2021,7,19
2021-07-19 21:40:00+00:00,1817.56,1817.63,1817.56,1817.62,7.183574,2021,7,19
2021-07-19 21:45:00+00:00,1817.62,1817.63,1817.62,1817.62,0.632577,2021,7,19
2021-07-19 21:50:00+00:00,1817.63,1817.63,1817.3,1817.31,8.525504,2021,7,19
2021-07-19 21:55:00+00:00,1817.31,1817.52,1817.04,1817.04,1.645261,2021,7,19
2021-07-19 22:00:00+00:00,1817.49,1817.49,1817.12,1817.24,2.457822,2021,7,19
2021-07-19 22:05:00+00:00,1817.42,1817.42,1817.33,1817.38,0.267447,2021,7,19
2021-07-19 22:10:00+00:00,1817.36,1817.36,1817.01,1817.01,7.530621,2021,7,19
2021-07-19 22:15:00+00:00,1816.98,1816.98,1815.21,1815.99,9.936321,2021,7,19
2021-07-19 22:20:00+00:00,1815.33,1815.33,1815.33,1815.33,0.1768,2021,7,19
2021-07-19 22:25:00+00:00,1815.99,1816.98,1815.99,1816.46,21.224953,2021,7,19
2021-07-19 22:30:00+00:00,1816.46,1816.46,1816.46,1816.46,0.0,2021,7,19
2021-07-19 22:35:00+00:00,1816.46,1817.23,1816.46,1817.23,5.283159,2021,7,19
2021-07-19 22:40:00+00:00,1817.23,1817.24,1816.4,1816.43,7.69266,2021,7,19
2021-07-19 22:45:00+00:00,1817.19,1817.19,1817.19,1817.19,0.027537,2021,7,19
2021-07-19 22:50:00+00:00,1816.43,1817.19,1816.43,1817.19,0.033451,2021,7,19
2021-07-19 22:55:00+00:00,1816.5,1816.5,1815.14,1815.82,19.113413,2021,7,19
2021-07-19 23:00:00+00:00,1816.22,1816.22,1815.35,1815.35,0.128981,2021,7,19
2021-07-19 23:05:00+00:00,1815.35,1815.35,1815.35,1815.35,0.0,2021,7,19
2021-07-19 23:10:00+00:00,1816.18,1816.19,1815.35,1815.65,7.193048,2021,7,19
2021-07-19 23:15:00+00:00,1816.06,1816.06,1815.08,1815.08,1.312427,2021,7,19
2021-07-19 23:20:00+00:00,1815.92,1815.92,1815.0,1815.0,1.744468,2021,7,19
2021-07-19 23:25:00+00:00,1815.01,1815.01,1815.0,1815.0,1.625366,2021,7,19
2021-07-19 23:30:00+00:00,1815.77,1815.77,1815.77,1815.77,0.066262,2021,7,19
2021-07-19 23:35:00+00:00,1815.77,1815.77,1815.77,1815.77,0.0,2021,7,19
2021-07-19 23:40:00+00:00,1815.75,1818.46,1815.75,1818.3,50.468277,2021,7,19
2021-07-19 23:45:00+00:00,1817.27,1818.3,1817.27,1818.29,0.792566,2021,7,19
2021-07-19 23:50:00+00:00,1818.3,1819.45,1818.3,1818.61,6.697551,2021,7,19
2021-07-19 23:55:00+00:00,1818.61,1818.61,1818.52,1818.52,3.904588,2021,7,19
2021-07-20 00:00:00+00:00,1818.56,1818.92,1818.51,1818.51,9.394069,2021,7,20
2021-07-20 00:05:00+00:00,1818.9,1818.9,1818.51,1818.9,0.354418,2021,7,20
2021-07-20 00:10:00+00:00,1818.9,1820.15,1818.9,1819.76,9.773542,2021,7,20
2021-07-20 00:15:00+00:00,1819.76,1819.92,1819.27,1819.29,8.53649,2021,7,20
2021-07-20 00:20:00+00:00,1819.29,1819.29,1817.36,1817.65,13.96337,2021,7,20
2021-07-20 00:25:00+00:00,1817.65,1818.48,1817.27,1817.27,4.885826,2021,7,20
2021-07-20 00:30:00+00:00,1816.85,1816.85,1816.57,1816.57,0.585009,2021,7,20
2021-07-20 00:35:00+00:00,1816.54,1816.54,1816.52,1816.52,0.233707,2021,7,20
2021-07-20 00:40:00+00:00,1816.51,1816.51,1816.1,1816.1,0.306018,2021,7,20
2021-07-20 00:45:00+00:00,1816.49,1816.49,1816.47,1816.49,1.525274,2021,7,20
2021-07-20 00:50:00+00:00,1816.49,1816.58,1816.49,1816.54,7.940301,2021,7,20
2021-07-20 00:55:00+00:00,1816.54,1816.54,1816.54,1816.54,0.079874,2021,7,20
2021-07-20 01:00:00+00:00,1816.55,1816.57,1816.09,1816.56,21.101263,2021,7,20
2021-07-20 01:05:00+00:00,1816.57,1816.57,1815.17,1816.08,25.537132,2021,7,20
2021-07-20 01:10:00+00:00,1816.09,1816.37,1815.0,1816.2,51.379554,2021,7,20
2021-07-20 01:15:00+00:00,1815.26,1818.39,1815.0,1818.1,61.120674,2021,7,20
2021-07-20 01:20:00+00:00,1818.1,1818.11,1817.75,1817.75,0.943564,2021,7,20
2021-07-20 01:25:00+00:00,1817.75,1818.08,1816.91,1817.84,8.815726,2021,7,20
2021-07-20 01:30:00+00:00,1816.91,1817.84,1816.43,1817.84,6.711271,2021,7,20
2021-07-20 01:35:00+00:00,1817.84,1817.89,1817.63,1817.89,19.153432,2021,7,20
2021-07-20 01:40:00+00:00,1817.97,1819.81,1817.97,1819.12,15.958027,2021,7,20
2021-07-20 01:45:00+00:00,1819.59,1820.7,1819.59,1820.12,10.562374,2021,7,20
2021-07-20 01:50:00+00:00,1820.12,1820.19,1819.64,1819.64,15.154806,2021,7,20
2021-07-20 01:55:00+00:00,1820.02,1820.02,1818.41,1819.01,7.807874,2021,7,20
2021-07-20 02:00:00+00:00,1819.41,1823.0,1819.04,1822.8,27.244609,2021,7,20
2021-07-20 02:05:00+00:00,1822.81,1824.5,1822.81,1824.02,12.692678,2021,7,20
2021-07-20 02:10:00+00:00,1824.0,1824.68,1822.01,1822.15,27.210811,2021,7,20
2021-07-20 02:15:00+00:00,1822.15,1822.48,1822.01,1822.48,17.50149,2021,7,20
2021-07-20 02:20:00+00:00,1822.48,1831.99,1822.0,1828.19,306.929278,2021,7,20
2021-07-20 02:25:00+00:00,1830.88,1831.74,1824.84,1826.59,79.106602,2021,7,20
2021-07-20 02:30:00+00:00,1827.53,1827.53,1822.81,1825.81,37.534129,2021,7,20
2021-07-20 02:35:00+00:00,1825.48,1827.66,1824.97,1827.65,15.279821,2021,7,20
2021-07-20 02:40:00+00:00,1827.65,1827.65,1826.79,1827.46,4.837085,2021,7,20
2021-07-20 02:45:00+00:00,1826.88,1827.38,1826.52,1826.74,9.798004,2021,7,20
2021-07-20 02:50:00+00:00,1826.52,1826.52,1822.97,1824.06,33.131549,2021,7,20
2021-07-20 02:55:00+00:00,1823.01,1824.06,1823.01,1824.01,1.745181,2021,7,20
2021-07-20 03:00:00+00:00,1823.06,1827.0,1823.06,1825.26,6.426128,2021,7,20
2021-07-20 03:05:00+00:00,1826.42,1826.6,1821.92,1822.48,26.191662,2021,7,20
2021-07-20 03:10:00+00:00,1822.22,1822.3,1821.87,1821.87,1.605089,2021,7,20
2021-07-20 03:15:00+00:00,1821.86,1827.0,1812.2,1827.0,327.827589,2021,7,20
2021-07-20 03:20:00+00:00,1827.0,1827.0,1823.82,1824.51,24.990273,2021,7,20
2021-07-20 03:25:00+00:00,1824.51,1826.12,1819.66,1820.95,107.088107,2021,7,20
2021-07-20 03:30:00+00:00,1820.95,1824.17,1820.42,1823.17,40.933101,2021,7,20
2021-07-20 03:35:00+00:00,1823.17,1823.82,1820.47,1820.53,25.320162,2021,7,20
2021-07-20 03:40:00+00:00,1820.48,1821.8,1819.82,1820.84,10.628626,2021,7,20
2021-07-20 03:45:00+00:00,1821.39,1823.21,1821.22,1823.2,30.409711,2021,7,20
2021-07-20 03:50:00+00:00,1823.03,1823.03,1822.68,1823.02,0.300685,2021,7,20
2021-07-20 03:55:00+00:00,1822.69,1824.33,1822.69,1823.58,22.310787,2021,7,20
2021-07-20 04:00:00+00:00,1824.13,1824.13,1820.44,1820.56,19.425167,2021,7,20
2021-07-20 04:05:00+00:00,1820.56,1820.56,1819.42,1819.42,19.033373,2021,7,20
2021-07-20 04:10:00+00:00,1819.82,1819.88,1819.55,1819.62,9.136981,2021,7,20
2021-07-20 04:15:00+00:00,1819.62,1822.88,1819.62,1821.48,5.992952,2021,7,20
2021-07-20 04:20:00+00:00,1822.87,1822.87,1821.48,1822.87,0.30527,2021,7,20
2021-07-20 04:25:00+00:00,1822.87,1826.3,1821.99,1824.94,27.685379,2021,7,20
2021-07-20 04:30:00+00:00,1825.81,1827.0,1824.94,1825.58,23.658098,2021,7,20
2021-07-20 04:35:00+00:00,1825.58,1825.58,1825.07,1825.16,10.636931,2021,7,20
2021-07-20 04:40:00+00:00,1825.16,1827.0,1821.64,1821.64,58.489691,2021,7,20
2021-07-20 04:45:00+00:00,1822.24,1827.0,1822.24,1827.0,81.972008,2021,7,20
2021-07-20 04:50:00+00:00,1826.03,1826.51,1824.14,1825.42,10.31743,2021,7,20
2021-07-20 04:55:00+00:00,1825.42,1828.0,1825.42,1827.0,13.900429,2021,7,20
2021-07-20 05:00:00+00:00,1828.0,1828.0,1826.38,1827.7,30.422357,2021,7,20
2021-07-20 05:05:00+00:00,1827.7,1827.7,1827.0,1827.06,0.227666,2021,7,20
2021-07-20 05:10:00+00:00,1826.74,1827.03,1826.23,1826.23,2.781283,2021,7,20
2021-07-20 05:15:00+00:00,1826.81,1827.71,1826.81,1827.71,1.836778,2021,7,20
2021-07-20 05:20:00+00:00,1826.91,1827.75,1826.91,1827.74,0.747389,2021,7,20
2021-07-20 05:25:00+00:00,1826.98,1827.75,1824.05,1824.64,47.254247,2021,7,20
2021-07-20 05:30:00+00:00,1825.49,1827.0,1825.21,1826.2,28.653503,2021,7,20
2021-07-20 05:35:00+00:00,1826.31,1826.6,1825.24,1825.24,4.83674,2021,7,20
2021-07-20 05:40:00+00:00,1825.53,1826.55,1824.52,1825.21,20.569034,2021,7,20
2021-07-20 05:45:00+00:00,1824.92,1824.92,1824.61,1824.61,0.24949,2021,7,20
2021-07-20 05:50:00+00:00,1824.88,1824.88,1824.62,1824.64,1.20894,2021,7,20
2021-07-20 05:55:00+00:00,1824.83,1826.0,1824.65,1825.61,13.332083,2021,7,20
2021-07-20 06:00:00+00:00,1825.01,1825.82,1821.69,1821.69,46.250164,2021,7,20
2021-07-20 06:05:00+00:00,1821.13,1821.17,1820.46,1820.53,7.781152,2021,7,20
2021-07-20 06:10:00+00:00,1820.53,1820.79,1820.15,1820.46,7.085829,2021,7,20
2021-07-20 06:15:00+00:00,1820.46,1824.47,1820.46,1823.0,26.79404,2021,7,20
2021-07-20 06:20:00+00:00,1822.68,1822.77,1822.33,1822.54,5.224353,2021,7,20
2021-07-20 06:25:00+00:00,1822.54,1822.55,1822.33,1822.54,2.153783,2021,7,20
2021-07-20 06:30:00+00:00,1822.56,1822.56,1822.35,1822.39,2.598192,2021,7,20
2021-07-20 06:35:00+00:00,1822.39,1824.09,1822.39,1823.54,12.391439,2021,7,20
2021-07-20 06:40:00+00:00,1824.08,1825.84,1823.52,1825.84,11.813139,2021,7,20
2021-07-20 06:45:00+00:00,1825.84,1826.0,1825.84,1825.99,2.583875,2021,7,20
2021-07-20 06:50:00+00:00,1826.0,1826.0,1825.84,1825.84,13.172409,2021,7,20
2021-07-20 06:55:00+00:00,1825.14,1825.14,1821.81,1823.7,23.640075,2021,7,20
2021-07-20 07:00:00+00:00,1824.58,1825.56,1824.25,1825.0,43.556099,2021,7,20
2021-07-20 07:05:00+00:00,1825.53,1825.83,1823.08,1824.99,59.72971,2021,7,20
2021-07-20 07:10:00+00:00,1824.99,1825.81,1824.5,1824.5,2.43176,2021,7,20
2021-07-20 07:15:00+00:00,1825.82,1825.82,1824.57,1824.58,0.96385,2021,7,20
2021-07-20 07:20:00+00:00,1825.79,1825.91,1824.65,1825.79,6.993376,2021,7,20
2021-07-20 07:25:00+00:00,1825.91,1826.0,1825.78,1825.78,17.86344,2021,7,20
2021-07-20 07:30:00+00:00,1825.78,1825.78,1824.69,1825.37,11.028617,2021,7,20
2021-07-20 07:35:00+00:00,1825.36,1825.47,1824.78,1824.78,18.567074,2021,7,20
2021-07-20 07:40:00+00:00,1824.78,1826.0,1823.9,1823.9,66.25525,2021,7,20
2021-07-20 07:45:00+00:00,1823.9,1823.9,1823.69,1823.73,3.817915,2021,7,20
2021-07-20 07:50:00+00:00,1823.7,1824.58,1823.7,1823.75,23.089749,2021,7,20
2021-07-20 07:55:00+00:00,1823.75,1824.68,1823.75,1823.98,28.471113,2021,7,20
2021-07-20 08:00:00+00:00,1823.78,1823.78,1821.09,1821.09,39.680123,2021,7,20
2021-07-20 08:05:00+00:00,1821.09,1822.03,1812.89,1819.62,61.885423,2021,7,20
2021-07-20 08:10:00+00:00,1818.86,1819.12,1818.03,1819.12,12.648563,2021,7,20
2021-07-20 08:15:00+00:00,1819.12,1819.9,1819.12,1819.9,5.093761,2021,7,20
2021-07-20 08:20:00+00:00,1819.89,1820.81,1819.89,1820.81,9.115085,2021,7,20
2021-07-20 08:25:00+00:00,1820.82,1823.0,1820.82,1822.56,12.486316,2021,7,20
2021-07-20 08:30:00+00:00,1822.38,1822.71,1822.18,1822.68,10.982461,2021,7,20
2021-07-20 08:35:00+00:00,1822.67,1822.67,1822.22,1822.22,6.064057,2021,7,20
2021-07-20 08:40:00+00:00,1822.22,1822.35,1821.97,1822.16,21.993525,2021,7,20
2021-07-20 08:45:00+00:00,1822.16,1822.16,1819.18,1819.23,23.402214,2021,7,20
2021-07-20 08:50:00+00:00,1819.24,1819.24,1816.4,1817.21,23.392025,2021,7,20
2021-07-20 08:55:00+00:00,1817.2,1817.31,1816.36,1817.31,16.492501,2021,7,20
2021-07-20 09:00:00+00:00,1817.3,1817.31,1817.3,1817.3,3.711776,2021,7,20
2021-07-20 09:05:00+00:00,1817.31,1817.91,1817.31,1817.91,5.963641,2021,7,20
2021-07-20 09:10:00+00:00,1817.91,1817.92,1817.43,1817.92,3.42929,2021,7,20
2021-07-20 09:15:00+00:00,1817.92,1819.09,1817.92,1819.0,17.508054,2021,7,20
2021-07-20 09:20:00+00:00,1818.56,1820.51,1818.56,1820.31,27.566883,2021,7,20
2021-07-20 09:25:00+00:00,1820.18,1821.64,1820.18,1821.63,3.917914,2021,7,20
2021-07-20 09:30:00+00:00,1821.63,1824.0,1820.89,1822.34,43.090452,2021,7,20
2021-07-20 09:35:00+00:00,1822.39,1823.8,1822.39,1823.8,14.508777,2021,7,20
2021-07-20 09:40:00+00:00,1823.8,1824.8,1823.14,1824.09,18.314605,2021,7,20
2021-07-20 09:45:00+00:00,1824.8,1825.26,1824.37,1825.0,13.613497,2021,7,20
2021-07-20 09:50:00+00:00,1825.21,1825.21,1825.01,1825.15,2.313624,2021,7,20
2021-07-20 09:55:00+00:00,1825.15,1825.15,1823.15,1823.51,64.58469,2021,7,20
2021-07-20 10:00:00+00:00,1823.63,1825.0,1823.58,1824.97,24.178099,2021,7,20
2021-07-20 10:05:00+00:00,1824.68,1825.0,1824.68,1825.0,1.674396,2021,7,20
2021-07-20 10:10:00+00:00,1825.0,1825.13,1824.86,1824.98,9.40102,2021,7,20
2021-07-20 10:15:00+00:00,1825.12,1825.26,1825.05,1825.26,13.851342,2021,7,20
2021-07-20 10:20:00+00:00,1825.26,1827.0,1825.26,1825.98,84.257788,2021,7,20
2021-07-20 10:25:00+00:00,1825.98,1828.89,1825.98,1826.58,54.994719,2021,7,20
2021-07-20 10:30:00+00:00,1826.6,1827.32,1826.58,1827.32,8.416575,2021,7,20
2021-07-20 10:35:00+00:00,1827.38,1829.1,1826.55,1826.63,123.145439,2021,7,20
2021-07-20 10:40:00+00:00,1826.7,1828.72,1826.7,1826.93,42.211275,2021,7,20
2021-07-20 10:45:00+00:00,1826.76,1826.76,1824.72,1824.9,21.434515,2021,7,20
2021-07-20 10:50:00+00:00,1825.25,1825.46,1821.92,1822.16,32.597699,2021,7,20
2021-07-20 10:55:00+00:00,1822.16,1823.98,1820.15,1821.59,22.67078,2021,7,20
2021-07-20 11:00:00+00:00,1821.94,1822.11,1820.83,1822.11,7.402809,2021,7,20
2021-07-20 11:05:00+00:00,1822.11,1823.48,1822.1,1823.04,4.154595,2021,7,20
2021-07-20 11:10:00+00:00,1823.04,1823.99,1823.04,1823.82,21.47385,2021,7,20
2021-07-20 11:15:00+00:00,1823.5,1823.82,1823.5,1823.69,3.966384,2021,7,20
2021-07-20 11:20:00+00:00,1823.69,1823.94,1823.69,1823.85,7.229538,2021,7,20
2021-07-20 11:25:00+00:00,1823.66,1823.88,1823.66,1823.82,9.252651,2021,7,20
2021-07-20 11:30:00+00:00,1823.88,1824.0,1823.67,1823.67,14.020561,2021,7,20
2021-07-20 11:35:00+00:00,1823.99,1824.0,1823.62,1823.99,14.341789,2021,7,20
2021-07-20 11:40:00+00:00,1823.99,1824.0,1823.87,1823.89,2.365417,2021,7,20
2021-07-20 11:45:00+00:00,1823.98,1825.52,1823.9,1824.66,86.43697,2021,7,20
2021-07-20 11:50:00+00:00,1824.66,1825.47,1824.66,1824.72,0.845886,2021,7,20
2021-07-20 11:55:00+00:00,1824.72,1825.3,1824.72,1825.3,2.289068,2021,7,20
2021-07-20 12:00:00+00:00,1824.81,1825.28,1824.81,1825.19,10.340109,2021,7,20
2021-07-20 12:05:00+00:00,1825.27,1827.66,1825.2,1827.48,27.426658,2021,7,20
2021-07-20 12:10:00+00:00,1827.48,1828.06,1827.2,1827.45,22.614533,2021,7,20
2021-07-20 12:15:00+00:00,1827.27,1827.27,1825.16,1825.16,8.942242,2021,7,20
2021-07-20 12:20:00+00:00,1825.15,1828.21,1825.1,1827.54,50.889594,2021,7,20
2021-07-20 12:25:00+00:00,1826.63,1827.27,1826.62,1826.71,17.940798,2021,7,20
2021-07-20 12:30:00+00:00,1826.71,1827.27,1826.71,1827.23,1.754878,2021,7,20
2021-07-20 12:35:00+00:00,1827.22,1827.22,1825.4,1826.27,35.920634,2021,7,20
2021-07-20 12:40:00+00:00,1826.26,1826.93,1825.42,1826.92,32.810701,2021,7,20
2021-07-20 12:45:00+00:00,1826.93,1827.39,1826.81,1827.39,22.217446,2021,7,20
2021-07-20 12:50:00+00:00,1827.42,1828.17,1827.42,1828.14,4.344394,2021,7,20
2021-07-20 12:55:00+00:00,1828.14,1828.15,1827.47,1828.08,15.440049,2021,7,20
2021-07-20 13:00:00+00:00,1828.12,1828.61,1828.09,1828.58,6.879509,2021,7,20
2021-07-20 13:05:00+00:00,1828.58,1830.08,1828.43,1830.08,46.164419,2021,7,20
2021-07-20 13:10:00+00:00,1830.08,1830.08,1829.66,1829.69,7.022426,2021,7,20
2021-07-20 13:15:00+00:00,1829.71,1829.88,1829.71,1829.88,2.937603,2021,7,20
2021-07-20 13:20:00+00:00,1829.88,1829.91,1828.57,1829.1,28.53054,2021,7,20
2021-07-20 13:25:00+00:00,1829.09,1830.69,1828.62,1829.71,40.902742,2021,7,20
2021-07-20 13:30:00+00:00,1830.13,1830.69,1830.09,1830.09,35.3081,2021,7,20
2021-07-20 13:35:00+00:00,1830.1,1830.58,1829.98,1830.41,27.953229,2021,7,20
2021-07-20 13:40:00+00:00,1830.23,1830.23,1829.77,1830.12,11.703086,2021,7,20
2021-07-20 13:45:00+00:00,1830.12,1830.13,1830.11,1830.12,0.529073,2021,7,20
2021-07-20 13:50:00+00:00,1830.13,1831.99,1829.84,1831.27,37.288161,2021,7,20
2021-07-20 13:55:00+00:00,1831.39,1831.4,1831.26,1831.3,10.416086,2021,7,20
2021-07-20 14:00:00+00:00,1831.3,1833.1,1831.3,1831.86,90.888727,2021,7,20
2021-07-20 14:05:00+00:00,1831.85,1834.74,1829.84,1831.67,103.573193,2021,7,20
2021-07-20 14:10:00+00:00,1831.67,1832.38,1830.1,1830.11,35.793069,2021,7,20
2021-07-20 14:15:00+00:00,1830.39,1830.39,1828.42,1829.9,44.357876,2021,7,20
2021-07-20 14:20:00+00:00,1829.31,1829.88,1829.26,1829.88,19.995811,2021,7,20
2021-07-20 14:25:00+00:00,1829.88,1830.12,1829.47,1830.11,19.739969,2021,7,20
2021-07-20 14:30:00+00:00,1830.11,1830.32,1828.19,1828.72,52.22589,2021,7,20
2021-07-20 14:35:00+00:00,1828.81,1828.81,1828.18,1828.18,17.729011,2021,7,20
2021-07-20 14:40:00+00:00,1828.28,1828.64,1820.15,1820.67,165.890763,2021,7,20
2021-07-20 14:45:00+00:00,1821.63,1821.63,1817.64,1819.26,74.353996,2021,7,20
2021-07-20 14:50:00+00:00,1819.26,1819.74,1816.82,1816.96,82.329859,2021,7,20
2021-07-20 14:55:00+00:00,1817.35,1818.21,1816.95,1818.21,17.237902,2021,7,20
2021-07-20 15:00:00+00:00,1818.21,1818.8,1816.98,1816.98,46.299248,2021,7,20
2021-07-20 15:05:00+00:00,1816.98,1816.98,1813.15,1814.22,61.999038,2021,7,20
2021-07-20 15:10:00+00:00,1813.36,1814.57,1810.55,1812.51,86.97515,2021,7,20
2021-07-20 15:15:00+00:00,1812.53,1818.22,1812.52,1816.95,53.51578,2021,7,20
2021-07-20 15:20:00+00:00,1816.96,1817.51,1816.96,1817.48,2.523096,2021,7,20
2021-07-20 15:25:00+00:00,1817.03,1819.17,1817.01,1818.56,42.198023,2021,7,20
2021-07-20 15:30:00+00:00,1818.59,1820.0,1817.94,1817.94,76.790452,2021,7,20
2021-07-20 15:35:00+00:00,1817.94,1817.94,1815.48,1816.36,24.47262,2021,7,20
2021-07-20 15:40:00+00:00,1816.36,1816.36,1813.26,1813.96,27.170025,2021,7,20
2021-07-20 15:45:00+00:00,1814.02,1814.77,1814.02,1814.38,7.531166,2021,7,20
2021-07-20 15:50:00+00:00,1814.08,1814.08,1813.15,1813.15,11.261735,2021,7,20
2021-07-20 15:55:00+00:00,1813.17,1813.88,1812.93,1813.86,28.518292,2021,7,20
2021-07-20 16:00:00+00:00,1813.88,1820.16,1813.21,1819.3,74.529181,2021,7,20
2021-07-20 16:05:00+00:00,1818.8,1818.8,1817.0,1817.51,13.764842,2021,7,20
2021-07-20 16:10:00+00:00,1817.58,1817.88,1816.95,1817.88,33.880017,2021,7,20
2021-07-20 16:15:00+00:00,1817.25,1817.71,1817.0,1817.71,21.204161,2021,7,20
2021-07-20 16:20:00+00:00,1817.38,1817.38,1817.31,1817.31,0.972602,2021,7,20
2021-07-20 16:25:00+00:00,1817.31,1820.63,1817.31,1819.15,29.78178,2021,7,20
2021-07-20 16:30:00+00:00,1819.09,1821.35,1819.06,1820.03,31.563245,2021,7,20
2021-07-20 16:35:00+00:00,1820.1,1820.1,1818.09,1818.09,16.506414,2021,7,20
2021-07-20 16:40:00+00:00,1818.1,1818.89,1818.1,1818.12,1.186117,2021,7,20
2021-07-20 16:45:00+00:00,1818.13,1818.86,1818.12,1818.86,3.338204,2021,7,20
2021-07-20 16:50:00+00:00,1818.13,1818.75,1818.13,1818.75,0.305802,2021,7,20
2021-07-20 16:55:00+00:00,1818.14,1818.7,1818.14,1818.65,2.460444,2021,7,20
2021-07-20 17:00:00+00:00,1818.65,1818.65,1814.66,1814.66,34.358095,2021,7,20
2021-07-20 17:05:00+00:00,1814.74,1815.83,1814.74,1815.83,2.405258,2021,7,20
2021-07-20 17:10:00+00:00,1815.83,1818.0,1815.83,1815.85,19.049384,2021,7,20
2021-07-20 17:15:00+00:00,1815.85,1815.9,1815.66,1815.87,2.220182,2021,7,20
2021-07-20 17:20:00+00:00,1815.83,1815.83,1815.81,1815.81,0.503721,2021,7,20
2021-07-20 17:25:00+00:00,1815.69,1815.79,1813.01,1814.6,57.258369,2021,7,20
2021-07-20 17:30:00+00:00,1814.4,1815.67,1813.58,1815.61,25.41648,2021,7,20
2021-07-20 17:35:00+00:00,1815.62,1815.62,1815.59,1815.6,2.054298,2021,7,20
2021-07-20 17:40:00+00:00,1815.61,1815.65,1815.61,1815.65,3.823271,2021,7,20
2021-07-20 17:45:00+00:00,1815.36,1815.54,1815.36,1815.54,2.134623,2021,7,20
2021-07-20 17:50:00+00:00,1815.53,1815.54,1815.36,1815.54,1.218916,2021,7,20
2021-07-20 17:55:00+00:00,1815.38,1815.52,1815.37,1815.52,2.877903,2021,7,20
2021-07-20 18:00:00+00:00,1815.51,1815.55,1815.4,1815.54,6.568302,2021,7,20
2021-07-20 18:05:00+00:00,1815.54,1815.54,1814.58,1815.11,27.143115,2021,7,20
2021-07-20 18:10:00+00:00,1815.1,1815.12,1813.4,1813.4,27.115092,2021,7,20
2021-07-20 18:15:00+00:00,1813.69,1813.95,1813.41,1813.43,8.41897,2021,7,20
2021-07-20 18:20:00+00:00,1813.68,1813.68,1813.45,1813.66,0.458832,2021,7,20
2021-07-20 18:25:00+00:00,1813.62,1813.62,1813.61,1813.61,0.015411,2021,7,20
2021-07-20 18:30:00+00:00,1813.61,1813.63,1813.5,1813.5,1.309431,2021,7,20
2021-07-20 18:35:00+00:00,1813.51,1813.59,1813.51,1813.52,0.294363,2021,7,20
2021-07-20 18:40:00+00:00,1813.52,1813.58,1813.52,1813.58,0.306665,2021,7,20
2021-07-20 18:45:00+00:00,1813.57,1813.57,1813.54,1813.55,1.255516,2021,7,20
2021-07-20 18:50:00+00:00,1813.55,1813.55,1813.55,1813.55,0.871391,2021,7,20
2021-07-20 18:55:00+00:00,1813.54,1813.55,1813.54,1813.55,0.316396,2021,7,20
2021-07-20 19:00:00+00:00,1813.55,1813.55,1813.54,1813.54,0.606422,2021,7,20
2021-07-20 19:05:00+00:00,1813.54,1813.55,1813.54,1813.55,1.928916,2021,7,20
2021-07-20 19:10:00+00:00,1813.54,1813.54,1813.54,1813.54,0.138972,2021,7,20
2021-07-20 19:15:00+00:00,1813.55,1813.55,1813.55,1813.55,0.208371,2021,7,20
2021-07-20 19:20:00+00:00,1813.54,1813.57,1803.23,1811.37,656.257263,2021,7,20
2021-07-20 19:25:00+00:00,1811.55,1811.55,1811.37,1811.54,8.027837,2021,7,20
2021-07-20 19:30:00+00:00,1811.54,1811.54,1801.0,1802.46,542.465538,2021,7,20
2021-07-20 19:35:00+00:00,1802.54,1808.95,1799.0,1808.35,665.704672,2021,7,20
2021-07-20 19:40:00+00:00,1808.76,1810.33,1808.36,1808.36,13.313868,2021,7,20
2021-07-20 19:45:00+00:00,1808.48,1811.11,1807.26,1810.51,59.258035,2021,7,20
2021-07-20 19:50:00+00:00,1811.1,1811.1,1809.59,1809.63,18.216965,2021,7,20
2021-07-20 19:55:00+00:00,1809.65,1810.29,1809.64,1810.29,12.416262,2021,7,20
2021-07-20 20:00:00+00:00,1810.31,1810.81,1810.31,1810.59,6.464893,2021,7,20
2021-07-20 20:05:00+00:00,1810.59,1810.82,1810.59,1810.8,1.683998,2021,7,20
2021-07-20 20:10:00+00:00,1810.63,1810.86,1809.29,1810.81,60.659223,2021,7,20
2021-07-20 20:15:00+00:00,1810.81,1810.84,1809.68,1810.81,14.466684,2021,7,20
2021-07-20 20:20:00+00:00,1810.8,1810.8,1810.26,1810.76,6.41156,2021,7,20
2021-07-20 20:25:00+00:00,1810.77,1810.79,1810.77,1810.79,2.753096,2021,7,20
2021-07-20 20:30:00+00:00,1810.79,1811.69,1810.69,1811.51,43.519154,2021,7,20
2021-07-20 20:35:00+00:00,1811.69,1811.69,1811.52,1811.53,0.129865,2021,7,20
2021-07-20 20:40:00+00:00,1811.53,1811.53,1811.53,1811.53,0.0,2021,7,20
2021-07-20 20:45:00+00:00,1811.57,1811.66,1811.02,1811.02,10.846169,2021,7,20
2021-07-20 20:50:00+00:00,1811.14,1811.14,1811.14,1811.14,0.747424,2021,7,20
2021-07-20 20:55:00+00:00,1811.18,1811.18,1811.18,1811.18,0.0508,2021,7,20
2021-07-20 21:00:00+00:00,1811.55,1811.55,1811.55,1811.55,0.034369,2021,7,20
2021-07-20 21:05:00+00:00,1811.53,1811.58,1811.53,1811.58,5.800194,2021,7,20
2021-07-20 21:10:00+00:00,1811.63,1811.63,1808.3,1809.41,22.554757,2021,7,20
2021-07-20 21:15:00+00:00,1809.39,1809.39,1806.28,1808.05,1.402715,2021,7,20
2021-07-20 21:20:00+00:00,1808.05,1809.82,1808.02,1809.6,4.266962,2021,7,20
2021-07-20 21:25:00+00:00,1809.66,1809.75,1808.2,1808.2,3.656151,2021,7,20
2021-07-20 21:30:00+00:00,1809.59,1809.61,1809.59,1809.61,1.371328,2021,7,20
2021-07-20 21:35:00+00:00,1809.9,1809.9,1808.43,1808.43,0.35943,2021,7,20
2021-07-20 21:40:00+00:00,1809.75,1809.75,1809.75,1809.75,0.038628,2021,7,20
2021-07-20 21:45:00+00:00,1809.73,1809.73,1808.43,1809.73,0.072481,2021,7,20
2021-07-20 21:50:00+00:00,1809.71,1809.73,1809.71,1809.72,0.602013,2021,7,20
2021-07-20 21:55:00+00:00,1809.73,1809.73,1809.73,1809.73,0.078187,2021,7,20
2021-07-20 22:00:00+00:00,1808.66,1810.62,1808.44,1810.33,6.363934,2021,7,20
2021-07-20 22:05:00+00:00,1810.21,1810.62,1808.02,1810.62,40.260212,2021,7,20
2021-07-20 22:10:00+00:00,1811.42,1811.42,1811.18,1811.18,0.138273,2021,7,20
2021-07-20 22:15:00+00:00,1810.65,1811.13,1810.59,1811.11,7.5188,2021,7,20
2021-07-20 22:20:00+00:00,1811.12,1811.12,1811.12,1811.12,0.02045,2021,7,20
2021-07-20 22:25:00+00:00,1811.12,1811.12,1811.12,1811.12,0.285805,2021,7,20
2021-07-20 22:30:00+00:00,1811.12,1811.12,1811.11,1811.11,0.104784,2021,7,20
2021-07-20 22:35:00+00:00,1811.11,1811.11,1810.61,1811.09,6.20299,2021,7,20
2021-07-20 22:40:00+00:00,1811.1,1811.1,1810.71,1810.71,2.936295,2021,7,20
2021-07-20 22:45:00+00:00,1810.72,1810.76,1808.57,1808.57,5.818776,2021,7,20
2021-07-20 22:50:00+00:00,1808.57,1809.88,1808.46,1809.84,15.521016,2021,7,20
2021-07-20 22:55:00+00:00,1809.74,1810.81,1809.39,1809.59,43.266738,2021,7,20
2021-07-20 23:00:00+00:00,1810.61,1810.61,1809.62,1809.62,1.767482,2021,7,20
2021-07-20 23:05:00+00:00,1809.62,1809.62,1809.56,1809.56,3.329511,2021,7,20
2021-07-20 23:10:00+00:00,1808.39,1810.07,1806.93,1809.85,28.032704,2021,7,20
2021-07-20 23:15:00+00:00,1808.81,1809.85,1808.8,1808.91,1.156851,2021,7,20
2021-07-20 23:20:00+00:00,1809.54,1810.35,1809.54,1810.22,2.589984,2021,7,20
2021-07-20 23:25:00+00:00,1809.61,1809.61,1809.6,1809.6,0.315291,2021,7,20
2021-07-20 23:30:00+00:00,1810.03,1810.52,1809.64,1810.49,14.43683,2021,7,20
2021-07-20 23:35:00+00:00,1810.45,1810.45,1809.71,1809.71,2.28678,2021,7,20
2021-07-20 23:40:00+00:00,1809.72,1810.29,1809.68,1809.68,4.4546,2021,7,20
2021-07-20 23:45:00+00:00,1810.3,1810.3,1809.72,1809.78,2.237575,2021,7,20
2021-07-20 23:50:00+00:00,1810.26,1810.26,1809.82,1809.83,0.423968,2021,7,20
2021-07-20 23:55:00+00:00,1809.83,1809.83,1809.83,1809.83,0.0,2021,7,20
