timestamp,open,high,low,close,volume,year,month,day
2026-04-01 00:00:00+00:00,4687.56,4691.5,4684.61,4689.72,24.2334,2026,4,1
2026-04-01 00:05:00+00:00,4689.9,4695.0,4689.9,4692.79,27.4496,2026,4,1
2026-04-01 00:10:00+00:00,4692.78,4694.99,4686.13,4694.5,12.752,2026,4,1
2026-04-01 00:15:00+00:00,4694.4,4702.4,4694.04,4698.19,169.864,2026,4,1
2026-04-01 00:20:00+00:00,4698.18,4703.33,4696.75,4703.33,29.3115,2026,4,1
2026-04-01 00:25:00+00:00,4703.34,4711.86,4703.34,4711.7,64.6421,2026,4,1
2026-04-01 00:30:00+00:00,4711.7,4712.11,4695.82,4696.3,100.3367,2026,4,1
2026-04-01 00:35:00+00:00,4696.93,4698.14,4690.8,4695.12,34.5907,2026,4,1
2026-04-01 00:40:00+00:00,4695.34,4697.35,4694.95,4697.35,32.5559,2026,4,1
2026-04-01 00:45:00+00:00,4697.35,4701.23,4696.61,4699.13,31.8142,2026,4,1
2026-04-01 00:50:00+00:00,4698.73,4708.3,4698.73,4702.77,105.0622,2026,4,1
2026-04-01 00:55:00+00:00,4703.21,4706.27,4696.51,4702.14,176.993,2026,4,1
2026-04-01 01:00:00+00:00,4702.15,4713.89,4693.2,4695.31,74.7967,2026,4,1
2026-04-01 01:05:00+00:00,4695.41,4697.89,4681.61,4695.52,33.5301,2026,4,1
2026-04-01 01:10:00+00:00,4696.01,4699.7,4692.79,4698.18,12.45,2026,4,1
2026-04-01 01:15:00+00:00,4698.4,4698.4,4687.11,4688.27,21.692,2026,4,1
2026-04-01 01:20:00+00:00,4688.28,4690.62,4683.25,4685.93,7.698,2026,4,1
2026-04-01 01:25:00+00:00,4685.41,4696.2,4684.15,4696.2,9.4658,2026,4,1
2026-04-01 01:30:00+00:00,4696.37,4696.37,4682.35,4682.87,13.6821,2026,4,1
2026-04-01 01:35:00+00:00,4682.86,4687.37,4676.3,4676.3,26.0632,2026,4,1
2026-04-01 01:40:00+00:00,4676.59,4677.3,4672.8,4677.3,26.4162,2026,4,1
2026-04-01 01:45:00+00:00,4677.3,4682.69,4677.29,4681.26,8.4617,2026,4,1
2026-04-01 01:50:00+00:00,4681.08,4685.77,4677.66,4684.69,21.4734,2026,4,1
2026-04-01 01:55:00+00:00,4684.69,4685.93,4678.9,4681.8,13.4014,2026,4,1
2026-04-01 02:00:00+00:00,4681.98,4684.87,4676.94,4684.87,39.4432,2026,4,1
2026-04-01 02:05:00+00:00,4685.0,4689.86,4681.63,4685.03,23.5978,2026,4,1
2026-04-01 02:10:00+00:00,4685.5,4685.8,4680.55,4683.99,12.4415,2026,4,1
2026-04-01 02:15:00+00:00,4683.66,4686.65,4683.24,4685.05,8.0427,2026,4,1
2026-04-01 02:20:00+00:00,4685.05,4685.21,4675.27,4677.12,6.949,2026,4,1
2026-04-01 02:25:00+00:00,4677.13,4677.45,4674.11,4677.3,10.3923,2026,4,1
2026-04-01 02:30:00+00:00,4677.34,4679.4,4674.07,4675.87,11.8019,2026,4,1
2026-04-01 02:35:00+00:00,4675.86,4675.86,4670.0,4670.04,18.869,2026,4,1
2026-04-01 02:40:00+00:00,4670.46,4672.65,4668.66,4671.35,6.007,2026,4,1
2026-04-01 02:45:00+00:00,4671.35,4674.25,4669.47,4670.46,11.4773,2026,4,1
2026-04-01 02:50:00+00:00,4670.29,4677.3,4670.29,4677.12,5.926,2026,4,1
2026-04-01 02:55:00+00:00,4677.11,4679.47,4674.96,4675.49,5.9,2026,4,1
2026-04-01 03:00:00+00:00,4674.97,4680.31,4674.42,4676.21,21.9963,2026,4,1
2026-04-01 03:05:00+00:00,4676.04,4679.46,4675.33,4678.93,8.3172,2026,4,1
2026-04-01 03:10:00+00:00,4678.57,4683.17,4677.71,4680.54,7.3231,2026,4,1
2026-04-01 03:15:00+00:00,4680.37,4683.33,4678.57,4681.6,57.0889,2026,4,1
2026-04-01 03:20:00+00:00,4681.44,4681.62,4679.71,4679.71,3.0391,2026,4,1
2026-04-01 03:25:00+00:00,4679.65,4681.19,4675.66,4678.37,9.8842,2026,4,1
2026-04-01 03:30:00+00:00,4677.84,4678.85,4676.4,4678.01,6.3182,2026,4,1
2026-04-01 03:35:00+00:00,4678.01,4678.38,4676.05,4677.48,5.7415,2026,4,1
2026-04-01 03:40:00+00:00,4677.59,4677.6,4674.78,4676.8,12.9596,2026,4,1
2026-04-01 03:45:00+00:00,4676.93,4678.55,4675.36,4675.36,15.1835,2026,4,1
2026-04-01 03:50:00+00:00,4675.32,4675.32,4671.73,4672.85,4.8058,2026,4,1
2026-04-01 03:55:00+00:00,4672.94,4675.95,4670.64,4672.3,11.9522,2026,4,1
2026-04-01 04:00:00+00:00,4672.37,4672.79,4666.36,4667.45,89.9892,2026,4,1
2026-04-01 04:05:00+00:00,4667.22,4670.71,4665.61,4665.75,18.8918,2026,4,1
2026-04-01 04:10:00+00:00,4665.75,4666.26,4664.95,4665.23,9.2172,2026,4,1
2026-04-01 04:15:00+00:00,4665.23,4665.23,4659.17,4660.04,33.5459,2026,4,1
2026-04-01 04:20:00+00:00,4660.4,4664.19,4660.4,4664.19,132.0423,2026,4,1
2026-04-01 04:25:00+00:00,4664.33,4665.0,4663.63,4664.7,46.6267,2026,4,1
2026-04-01 04:30:00+00:00,4664.7,4666.23,4662.55,4662.55,67.3472,2026,4,1
2026-04-01 04:35:00+00:00,4663.01,4666.08,4660.39,4666.01,20.4623,2026,4,1
2026-04-01 04:40:00+00:00,4666.07,4666.68,4664.8,4666.49,6.6965,2026,4,1
2026-04-01 04:45:00+00:00,4666.49,4669.0,4666.49,4668.95,39.2499,2026,4,1
2026-04-01 04:50:00+00:00,4669.01,4672.96,4668.9,4668.9,99.0757,2026,4,1
2026-04-01 04:55:00+00:00,4668.9,4668.9,4665.75,4668.16,77.4197,2026,4,1
2026-04-01 05:00:00+00:00,4668.16,4669.56,4667.76,4667.77,7.7744,2026,4,1
2026-04-01 05:05:00+00:00,4667.77,4673.0,4667.77,4672.44,28.2909,2026,4,1
2026-04-01 05:10:00+00:00,4672.61,4677.11,4672.61,4676.58,36.0271,2026,4,1
2026-04-01 05:15:00+00:00,4676.41,4680.8,4675.51,4679.71,33.5829,2026,4,1
2026-04-01 05:20:00+00:00,4679.64,4679.64,4674.61,4677.65,88.4223,2026,4,1
2026-04-01 05:25:00+00:00,4678.02,4682.92,4676.95,4679.46,49.8091,2026,4,1
2026-04-01 05:30:00+00:00,4679.64,4687.15,4679.64,4685.35,30.6197,2026,4,1
2026-04-01 05:35:00+00:00,4685.23,4692.41,4684.56,4692.41,35.51,2026,4,1
2026-04-01 05:40:00+00:00,4692.42,4695.0,4692.06,4694.1,27.4013,2026,4,1
2026-04-01 05:45:00+00:00,4694.39,4695.12,4689.28,4691.88,19.5091,2026,4,1
2026-04-01 05:50:00+00:00,4692.06,4692.15,4687.6,4688.1,20.8908,2026,4,1
2026-04-01 05:55:00+00:00,4688.01,4688.01,4677.68,4677.68,26.9076,2026,4,1
2026-04-01 06:00:00+00:00,4677.67,4681.79,4676.69,4678.92,20.9727,2026,4,1
2026-04-01 06:05:00+00:00,4678.74,4680.56,4677.0,4678.03,12.8434,2026,4,1
2026-04-01 06:10:00+00:00,4678.56,4689.12,4678.56,4688.8,82.0276,2026,4,1
2026-04-01 06:15:00+00:00,4688.82,4690.56,4685.58,4688.15,11.7604,2026,4,1
2026-04-01 06:20:00+00:00,4688.28,4699.86,4688.28,4699.86,25.4145,2026,4,1
2026-04-01 06:25:00+00:00,4699.87,4703.0,4697.47,4700.52,31.1193,2026,4,1
2026-04-01 06:30:00+00:00,4700.51,4703.4,4699.76,4700.34,26.3777,2026,4,1
2026-04-01 06:35:00+00:00,4700.56,4700.56,4693.45,4694.04,25.9347,2026,4,1
2026-04-01 06:40:00+00:00,4694.57,4699.76,4693.69,4698.9,81.2122,2026,4,1
2026-04-01 06:45:00+00:00,4699.0,4716.73,4699.0,4714.44,97.4212,2026,4,1
2026-04-01 06:50:00+00:00,4714.5,4717.28,4710.95,4716.35,28.5672,2026,4,1
2026-04-01 06:55:00+00:00,4716.72,4722.13,4716.44,4720.15,70.8447,2026,4,1
2026-04-01 07:00:00+00:00,4720.68,4721.75,4710.8,4713.33,74.8621,2026,4,1
2026-04-01 07:05:00+00:00,4713.33,4713.33,4706.0,4711.67,44.3494,2026,4,1
2026-04-01 07:10:00+00:00,4711.68,4712.03,4705.02,4705.73,25.9904,2026,4,1
2026-04-01 07:15:00+00:00,4705.55,4706.81,4704.0,4706.52,35.6729,2026,4,1
2026-04-01 07:20:00+00:00,4706.52,4714.99,4706.09,4710.1,50.706,2026,4,1
2026-04-01 07:25:00+00:00,4709.98,4713.81,4708.82,4713.81,40.0591,2026,4,1
2026-04-01 07:30:00+00:00,4713.5,4725.0,4713.02,4722.05,89.7515,2026,4,1
2026-04-01 07:35:00+00:00,4721.71,4735.72,4721.11,4730.88,105.76,2026,4,1
2026-04-01 07:40:00+00:00,4730.84,4730.84,4720.81,4721.52,52.4462,2026,4,1
2026-04-01 07:45:00+00:00,4721.28,4722.95,4711.27,4712.65,31.5723,2026,4,1
2026-04-01 07:50:00+00:00,4712.88,4714.6,4701.49,4704.13,97.3351,2026,4,1
2026-04-01 07:55:00+00:00,4703.7,4705.78,4700.0,4702.56,149.4568,2026,4,1
2026-04-01 08:00:00+00:00,4702.57,4715.7,4700.41,4710.97,94.3755,2026,4,1
2026-04-01 08:05:00+00:00,4710.97,4715.04,4707.37,4710.24,25.0708,2026,4,1
2026-04-01 08:10:00+00:00,4709.77,4710.5,4705.93,4708.2,23.6337,2026,4,1
2026-04-01 08:15:00+00:00,4709.03,4716.3,4707.05,4715.43,24.2703,2026,4,1
2026-04-01 08:20:00+00:00,4715.43,4719.74,4715.13,4717.44,35.6861,2026,4,1
2026-04-01 08:25:00+00:00,4717.67,4724.36,4716.82,4719.35,42.5541,2026,4,1
2026-04-01 08:30:00+00:00,4719.35,4723.25,4715.58,4721.16,54.7637,2026,4,1
2026-04-01 08:35:00+00:00,4721.28,4728.29,4720.32,4726.8,15.1816,2026,4,1
2026-04-01 08:40:00+00:00,4726.8,4727.01,4719.84,4720.56,20.9934,2026,4,1
2026-04-01 08:45:00+00:00,4720.56,4720.84,4718.64,4719.91,9.5235,2026,4,1
2026-04-01 08:50:00+00:00,4720.42,4721.7,4716.0,4719.12,46.5043,2026,4,1
2026-04-01 08:55:00+00:00,4719.12,4719.84,4715.53,4717.93,17.2162,2026,4,1
2026-04-01 09:00:00+00:00,4717.93,4719.17,4715.21,4715.97,20.674,2026,4,1
2026-04-01 09:05:00+00:00,4715.77,4716.48,4710.48,4710.48,21.0895,2026,4,1
2026-04-01 09:10:00+00:00,4710.24,4710.96,4707.43,4707.56,35.6991,2026,4,1
2026-04-01 09:15:00+00:00,4707.56,4709.42,4705.68,4706.97,17.5136,2026,4,1
2026-04-01 09:20:00+00:00,4706.96,4710.96,4704.55,4710.21,29.457,2026,4,1
2026-04-01 09:25:00+00:00,4710.25,4713.73,4708.59,4709.0,44.6967,2026,4,1
2026-04-01 09:30:00+00:00,4709.0,4711.2,4703.45,4704.34,71.7151,2026,4,1
2026-04-01 09:35:00+00:00,4704.33,4712.16,4704.3,4709.27,35.6656,2026,4,1
2026-04-01 09:40:00+00:00,4709.04,4713.36,4709.04,4710.47,58.0745,2026,4,1
2026-04-01 09:45:00+00:00,4710.48,4717.6,4710.48,4716.97,44.7187,2026,4,1
2026-04-01 09:50:00+00:00,4717.43,4718.6,4713.8,4714.2,41.2309,2026,4,1
2026-04-01 09:55:00+00:00,4714.21,4715.72,4710.7,4714.01,25.3231,2026,4,1
2026-04-01 10:00:00+00:00,4714.0,4715.63,4710.24,4710.24,10.24,2026,4,1
2026-04-01 10:05:00+00:00,4710.01,4712.16,4706.89,4706.89,492.4259,2026,4,1
2026-04-01 10:10:00+00:00,4706.89,4707.85,4703.99,4704.72,481.6313,2026,4,1
2026-04-01 10:15:00+00:00,4704.49,4708.54,4703.95,4707.84,137.7401,2026,4,1
2026-04-01 10:20:00+00:00,4707.85,4716.77,4707.85,4714.08,44.0333,2026,4,1
2026-04-01 10:25:00+00:00,4714.08,4716.47,4711.2,4716.25,34.8657,2026,4,1
2026-04-01 10:30:00+00:00,4716.25,4719.84,4715.83,4716.1,34.6948,2026,4,1
2026-04-01 10:35:00+00:00,4716.1,4720.19,4715.82,4719.64,62.2443,2026,4,1
2026-04-01 10:40:00+00:00,4719.64,4724.88,4719.64,4723.93,35.0359,2026,4,1
2026-04-01 10:45:00+00:00,4723.93,4727.48,4723.92,4726.06,17.3279,2026,4,1
2026-04-01 10:50:00+00:00,4725.85,4726.06,4717.35,4721.27,72.6309,2026,4,1
2026-04-01 10:55:00+00:00,4721.26,4721.91,4718.15,4721.91,17.641,2026,4,1
2026-04-01 11:00:00+00:00,4721.51,4727.71,4719.37,4727.61,28.9533,2026,4,1
2026-04-01 11:05:00+00:00,4727.62,4729.27,4726.07,4729.26,28.2978,2026,4,1
2026-04-01 11:10:00+00:00,4729.27,4729.27,4724.83,4727.47,24.7128,2026,4,1
2026-04-01 11:15:00+00:00,4727.48,4733.65,4725.91,4733.0,93.6688,2026,4,1
2026-04-01 11:20:00+00:00,4733.0,4733.96,4726.56,4728.23,29.5295,2026,4,1
2026-04-01 11:25:00+00:00,4728.23,4733.75,4728.22,4733.45,130.0802,2026,4,1
2026-04-01 11:30:00+00:00,4733.52,4738.91,4733.52,4735.21,42.6697,2026,4,1
2026-04-01 11:35:00+00:00,4735.21,4746.23,4735.21,4745.51,44.66,2026,4,1
2026-04-01 11:40:00+00:00,4745.51,4750.02,4743.64,4748.17,80.4157,2026,4,1
2026-04-01 11:45:00+00:00,4748.17,4748.58,4741.71,4746.85,20.7799,2026,4,1
2026-04-01 11:50:00+00:00,4746.84,4749.05,4745.03,4747.5,36.5998,2026,4,1
2026-04-01 11:55:00+00:00,4747.49,4747.49,4740.23,4740.75,25.0177,2026,4,1
2026-04-01 12:00:00+00:00,4740.75,4741.86,4737.12,4737.49,32.9724,2026,4,1
2026-04-01 12:05:00+00:00,4737.49,4738.47,4730.07,4733.75,30.2899,2026,4,1
2026-04-01 12:10:00+00:00,4733.37,4734.78,4732.1,4733.27,16.9677,2026,4,1
2026-04-01 12:15:00+00:00,4733.05,4734.0,4726.65,4728.69,49.8968,2026,4,1
2026-04-01 12:20:00+00:00,4728.48,4731.35,4721.52,4723.44,44.6288,2026,4,1
2026-04-01 12:25:00+00:00,4723.2,4725.0,4714.82,4724.94,55.7474,2026,4,1
2026-04-01 12:30:00+00:00,4724.81,4733.77,4722.68,4733.09,196.6972,2026,4,1
2026-04-01 12:35:00+00:00,4733.09,4737.0,4724.0,4724.82,49.5873,2026,4,1
2026-04-01 12:40:00+00:00,4724.87,4742.89,4723.21,4738.2,103.0527,2026,4,1
2026-04-01 12:45:00+00:00,4738.19,4743.0,4721.28,4722.72,185.3395,2026,4,1
2026-04-01 12:50:00+00:00,4722.96,4726.24,4717.11,4719.71,36.1484,2026,4,1
2026-04-01 12:55:00+00:00,4720.1,4721.96,4713.24,4714.32,66.9324,2026,4,1
2026-04-01 13:00:00+00:00,4714.09,4714.82,4706.59,4709.8,73.7978,2026,4,1
2026-04-01 13:05:00+00:00,4710.19,4717.53,4707.86,4717.53,27.7236,2026,4,1
2026-04-01 13:10:00+00:00,4717.68,4722.47,4717.68,4720.09,33.7051,2026,4,1
2026-04-01 13:15:00+00:00,4720.79,4728.92,4720.79,4728.25,34.5764,2026,4,1
2026-04-01 13:20:00+00:00,4728.25,4728.56,4720.81,4726.69,79.9255,2026,4,1
2026-04-01 13:25:00+00:00,4726.8,4731.38,4725.12,4725.12,17.0386,2026,4,1
2026-04-01 13:30:00+00:00,4725.59,4730.59,4720.94,4727.76,37.2614,2026,4,1
2026-04-01 13:35:00+00:00,4727.55,4736.99,4726.75,4733.76,65.3725,2026,4,1
2026-04-01 13:40:00+00:00,4733.76,4736.4,4724.41,4730.65,48.3702,2026,4,1
2026-04-01 13:45:00+00:00,4730.88,4735.0,4727.53,4731.6,86.3436,2026,4,1
2026-04-01 13:50:00+00:00,4731.6,4735.44,4723.45,4729.46,58.1617,2026,4,1
2026-04-01 13:55:00+00:00,4729.44,4729.44,4723.2,4726.45,16.7728,2026,4,1
2026-04-01 14:00:00+00:00,4726.95,4731.7,4714.0,4731.7,82.7911,2026,4,1
2026-04-01 14:05:00+00:00,4731.82,4734.48,4726.08,4730.84,37.7887,2026,4,1
2026-04-01 14:10:00+00:00,4730.84,4734.29,4726.81,4733.76,11.6232,2026,4,1
2026-04-01 14:15:00+00:00,4733.52,4736.71,4729.92,4735.71,15.6746,2026,4,1
2026-04-01 14:20:00+00:00,4735.71,4743.1,4726.81,4729.67,96.6756,2026,4,1
2026-04-01 14:25:00+00:00,4729.68,4731.6,4720.62,4731.6,48.5553,2026,4,1
2026-04-01 14:30:00+00:00,4731.37,4734.28,4729.68,4732.79,42.7733,2026,4,1
2026-04-01 14:35:00+00:00,4732.41,4741.52,4724.29,4738.4,23.4249,2026,4,1
2026-04-01 14:40:00+00:00,4738.4,4744.43,4733.05,4742.84,21.3156,2026,4,1
2026-04-01 14:45:00+00:00,4742.83,4748.16,4741.35,4748.16,37.6574,2026,4,1
2026-04-01 14:50:00+00:00,4747.69,4755.39,4745.05,4755.38,54.7812,2026,4,1
2026-04-01 14:55:00+00:00,4755.39,4756.0,4748.4,4749.37,31.4503,2026,4,1
2026-04-01 15:00:00+00:00,4749.37,4758.56,4747.81,4755.61,42.8201,2026,4,1
2026-04-01 15:05:00+00:00,4755.61,4760.84,4755.13,4760.71,32.7893,2026,4,1
2026-04-01 15:10:00+00:00,4760.84,4762.07,4749.99,4751.76,258.0164,2026,4,1
2026-04-01 15:15:00+00:00,4752.0,4758.04,4750.62,4758.04,19.8574,2026,4,1
2026-04-01 15:20:00+00:00,4758.14,4763.51,4756.57,4757.4,34.6513,2026,4,1
2026-04-01 15:25:00+00:00,4757.5,4761.35,4756.4,4761.0,108.9171,2026,4,1
2026-04-01 15:30:00+00:00,4761.01,4768.18,4758.96,4768.18,125.6143,2026,4,1
2026-04-01 15:35:00+00:00,4768.29,4772.09,4767.84,4770.0,48.2722,2026,4,1
2026-04-01 15:40:00+00:00,4770.23,4774.95,4768.81,4774.6,59.962,2026,4,1
2026-04-01 15:45:00+00:00,4774.6,4776.04,4772.07,4773.5,36.9714,2026,4,1
2026-04-01 15:50:00+00:00,4773.5,4777.1,4773.5,4775.05,30.977,2026,4,1
2026-04-01 15:55:00+00:00,4775.04,4776.72,4773.13,4775.94,43.1643,2026,4,1
2026-04-01 16:00:00+00:00,4775.95,4779.71,4772.5,4774.75,63.648,2026,4,1
2026-04-01 16:05:00+00:00,4774.75,4776.1,4770.72,4774.27,28.5939,2026,4,1
2026-04-01 16:10:00+00:00,4773.6,4773.6,4762.0,4763.54,55.0589,2026,4,1
2026-04-01 16:15:00+00:00,4763.14,4769.96,4763.13,4769.96,21.3147,2026,4,1
2026-04-01 16:20:00+00:00,4769.96,4770.47,4767.98,4767.99,13.5064,2026,4,1
2026-04-01 16:25:00+00:00,4767.84,4767.84,4764.21,4765.4,34.9752,2026,4,1
2026-04-01 16:30:00+00:00,4765.41,4771.43,4764.39,4770.89,12.3709,2026,4,1
2026-04-01 16:35:00+00:00,4770.9,4773.99,4770.1,4770.1,30.7424,2026,4,1
2026-04-01 16:40:00+00:00,4770.11,4772.64,4770.0,4772.64,26.8511,2026,4,1
2026-04-01 16:45:00+00:00,4772.88,4773.83,4771.8,4772.23,33.0752,2026,4,1
2026-04-01 16:50:00+00:00,4772.17,4773.07,4770.49,4772.38,29.6633,2026,4,1
2026-04-01 16:55:00+00:00,4771.68,4776.2,4771.68,4775.52,30.2554,2026,4,1
2026-04-01 17:00:00+00:00,4775.4,4779.8,4774.86,4777.7,17.1572,2026,4,1
2026-04-01 17:05:00+00:00,4777.68,4781.4,4777.68,4780.32,33.3319,2026,4,1
2026-04-01 17:10:00+00:00,4780.08,4780.08,4777.21,4777.71,6.094,2026,4,1
2026-04-01 17:15:00+00:00,4777.52,4777.53,4770.72,4774.52,11.4834,2026,4,1
2026-04-01 17:20:00+00:00,4774.56,4776.7,4772.4,4775.03,9.5264,2026,4,1
2026-04-01 17:25:00+00:00,4775.03,4776.95,4772.4,4773.36,42.3151,2026,4,1
2026-04-01 17:30:00+00:00,4773.12,4773.69,4768.08,4768.08,15.6291,2026,4,1
2026-04-01 17:35:00+00:00,4767.84,4770.0,4764.97,4770.0,27.5828,2026,4,1
2026-04-01 17:40:00+00:00,4770.0,4771.74,4769.75,4769.76,27.7818,2026,4,1
2026-04-01 17:45:00+00:00,4769.52,4770.0,4767.0,4767.0,11.6209,2026,4,1
2026-04-01 17:50:00+00:00,4766.95,4768.07,4765.65,4766.65,12.3839,2026,4,1
2026-04-01 17:55:00+00:00,4766.66,4766.66,4762.5,4762.5,8.9172,2026,4,1
2026-04-01 18:00:00+00:00,4762.32,4762.32,4747.84,4752.4,43.8739,2026,4,1
2026-04-01 18:05:00+00:00,4751.77,4760.54,4751.77,4754.17,77.067,2026,4,1
2026-04-01 18:10:00+00:00,4754.39,4758.95,4754.39,4758.25,18.3971,2026,4,1
2026-04-01 18:15:00+00:00,4758.24,4758.24,4746.48,4750.32,9.8701,2026,4,1
2026-04-01 18:20:00+00:00,4749.74,4751.6,4741.2,4742.19,45.3638,2026,4,1
2026-04-01 18:25:00+00:00,4742.4,4746.54,4741.44,4741.87,16.5006,2026,4,1
2026-04-01 18:30:00+00:00,4741.88,4747.59,4741.88,4745.0,36.8709,2026,4,1
2026-04-01 18:35:00+00:00,4745.0,4745.46,4731.88,4737.77,598.1274,2026,4,1
2026-04-01 18:40:00+00:00,4737.83,4754.0,4737.13,4745.52,81.7849,2026,4,1
2026-04-01 18:45:00+00:00,4744.84,4746.47,4740.4,4743.33,72.4904,2026,4,1
2026-04-01 18:50:00+00:00,4743.35,4744.9,4739.28,4743.36,19.7581,2026,4,1
2026-04-01 18:55:00+00:00,4743.12,4743.12,4740.01,4740.24,12.4238,2026,4,1
2026-04-01 19:00:00+00:00,4740.25,4744.56,4739.68,4744.56,20.2201,2026,4,1
2026-04-01 19:05:00+00:00,4744.56,4751.87,4744.55,4744.8,58.3147,2026,4,1
2026-04-01 19:10:00+00:00,4744.64,4747.49,4743.61,4746.25,11.0052,2026,4,1
2026-04-01 19:15:00+00:00,4746.25,4748.63,4745.97,4747.93,8.7731,2026,4,1
2026-04-01 19:20:00+00:00,4747.92,4749.06,4746.29,4748.41,11.1535,2026,4,1
2026-04-01 19:25:00+00:00,4748.4,4755.6,4747.93,4752.13,27.1911,2026,4,1
2026-04-01 19:30:00+00:00,4752.48,4753.95,4750.57,4753.92,19.9517,2026,4,1
2026-04-01 19:35:00+00:00,4754.16,4761.81,4754.16,4761.81,9.6416,2026,4,1
2026-04-01 19:40:00+00:00,4761.82,4764.22,4756.8,4756.8,5.4617,2026,4,1
2026-04-01 19:45:00+00:00,4756.56,4757.27,4753.93,4755.35,13.0563,2026,4,1
2026-04-01 19:50:00+00:00,4755.12,4755.12,4746.13,4753.91,26.3205,2026,4,1
2026-04-01 19:55:00+00:00,4753.2,4758.13,4752.48,4753.24,34.1103,2026,4,1
2026-04-01 20:00:00+00:00,4753.92,4756.8,4751.32,4753.44,42.9841,2026,4,1
2026-04-01 20:05:00+00:00,4753.44,4755.45,4752.97,4754.9,8.2791,2026,4,1
2026-04-01 20:10:00+00:00,4755.59,4757.42,4755.52,4756.56,7.2021,2026,4,1
2026-04-01 20:15:00+00:00,4756.57,4758.69,4756.57,4758.48,5.8919,2026,4,1
2026-04-01 20:20:00+00:00,4758.48,4758.48,4751.52,4751.52,6.2973,2026,4,1
2026-04-01 20:25:00+00:00,4751.29,4752.48,4749.14,4749.78,15.6121,2026,4,1
2026-04-01 20:30:00+00:00,4749.78,4750.48,4746.25,4746.86,16.6887,2026,4,1
2026-04-01 20:35:00+00:00,4746.85,4749.19,4746.24,4747.15,25.4312,2026,4,1
2026-04-01 20:40:00+00:00,4746.96,4746.96,4743.45,4746.72,30.9048,2026,4,1
2026-04-01 20:45:00+00:00,4746.71,4749.8,4746.01,4749.36,6.5112,2026,4,1
2026-04-01 20:50:00+00:00,4749.83,4749.83,4745.04,4745.75,2.0664,2026,4,1
2026-04-01 20:55:00+00:00,4745.81,4746.96,4744.58,4745.67,10.6929,2026,4,1
2026-04-01 21:00:00+00:00,4745.67,4745.67,4743.39,4744.15,11.0461,2026,4,1
2026-04-01 21:05:00+00:00,4744.15,4745.44,4742.75,4745.44,18.9899,2026,4,1
2026-04-01 21:10:00+00:00,4745.44,4747.95,4745.44,4747.95,45.3465,2026,4,1
2026-04-01 21:15:00+00:00,4747.94,4747.94,4744.9,4744.9,23.3511,2026,4,1
2026-04-01 21:20:00+00:00,4744.9,4746.24,4744.67,4746.24,30.2048,2026,4,1
2026-04-01 21:25:00+00:00,4746.24,4747.91,4745.25,4745.25,22.2547,2026,4,1
2026-04-01 21:30:00+00:00,4745.25,4746.38,4744.3,4746.38,18.8577,2026,4,1
2026-04-01 21:35:00+00:00,4746.47,4747.68,4746.21,4747.11,11.919,2026,4,1
2026-04-01 21:40:00+00:00,4747.11,4747.11,4745.28,4746.73,12.2197,2026,4,1
2026-04-01 21:45:00+00:00,4746.73,4747.0,4746.73,4746.75,1.6965,2026,4,1
2026-04-01 21:50:00+00:00,4746.75,4746.76,4746.25,4746.48,3.7472,2026,4,1
2026-04-01 21:55:00+00:00,4746.49,4749.36,4746.48,4749.07,5.9485,2026,4,1
2026-04-01 22:00:00+00:00,4748.68,4750.47,4743.82,4745.76,18.1946,2026,4,1
2026-04-01 22:05:00+00:00,4745.52,4745.52,4738.82,4742.94,34.2796,2026,4,1
2026-04-01 22:10:00+00:00,4743.11,4745.88,4742.41,4745.56,8.4191,2026,4,1
2026-04-01 22:15:00+00:00,4745.99,4749.0,4745.99,4747.19,15.5225,2026,4,1
2026-04-01 22:20:00+00:00,4747.2,4752.71,4746.0,4752.22,17.2261,2026,4,1
2026-04-01 22:25:00+00:00,4752.48,4759.01,4752.2,4758.55,80.8837,2026,4,1
2026-04-01 22:30:00+00:00,4758.56,4763.0,4757.31,4763.0,25.0897,2026,4,1
2026-04-01 22:35:00+00:00,4762.85,4766.51,4760.11,4760.64,39.0473,2026,4,1
2026-04-01 22:40:00+00:00,4760.63,4764.23,4756.82,4761.19,29.5585,2026,4,1
2026-04-01 22:45:00+00:00,4761.19,4765.58,4761.18,4765.22,30.0449,2026,4,1
2026-04-01 22:50:00+00:00,4765.21,4767.33,4761.37,4765.3,14.599,2026,4,1
2026-04-01 22:55:00+00:00,4764.99,4765.25,4761.29,4761.37,2.3374,2026,4,1
2026-04-01 23:00:00+00:00,4761.83,4763.76,4732.57,4762.73,608.8849,2026,4,1
2026-04-01 23:05:00+00:00,4762.79,4772.74,4762.79,4771.84,49.4106,2026,4,1
2026-04-01 23:10:00+00:00,4771.84,4775.79,4771.84,4775.4,51.1824,2026,4,1
2026-04-01 23:15:00+00:00,4775.51,4782.0,4773.61,4780.56,43.5661,2026,4,1
2026-04-01 23:20:00+00:00,4780.32,4781.28,4776.0,4776.04,28.7058,2026,4,1
2026-04-01 23:25:00+00:00,4776.04,4780.63,4776.04,4778.8,125.0617,2026,4,1
2026-04-01 23:30:00+00:00,4778.8,4783.67,4776.73,4777.03,34.8235,2026,4,1
2026-04-01 23:35:00+00:00,4777.37,4777.37,4773.55,4775.09,7.0112,2026,4,1
2026-04-01 23:40:00+00:00,4775.1,4776.94,4774.7,4774.7,9.1061,2026,4,1
2026-04-01 23:45:00+00:00,4774.56,4774.57,4765.85,4768.71,17.5956,2026,4,1
2026-04-01 23:50:00+00:00,4768.7,4770.12,4763.77,4770.1,22.0361,2026,4,1
2026-04-01 23:55:00+00:00,4770.0,4770.0,4767.61,4768.56,16.4312,2026,4,1
2026-04-02 00:00:00+00:00,4768.56,4768.56,4760.88,4765.2,14.1263,2026,4,2
2026-04-02 00:05:00+00:00,4765.44,4774.07,4765.44,4773.35,8.5506,2026,4,2
2026-04-02 00:10:00+00:00,4773.36,4777.32,4773.36,4777.01,7.6029,2026,4,2
2026-04-02 00:15:00+00:00,4777.0,4783.19,4775.77,4780.33,20.9238,2026,4,2
2026-04-02 00:20:00+00:00,4780.32,4782.97,4777.93,4779.76,26.1808,2026,4,2
2026-04-02 00:25:00+00:00,4779.13,4779.13,4774.65,4774.98,3.5648,2026,4,2
2026-04-02 00:30:00+00:00,4774.99,4775.85,4771.51,4774.8,21.413,2026,4,2
2026-04-02 00:35:00+00:00,4775.27,4776.12,4770.97,4776.11,12.6982,2026,4,2
2026-04-02 00:40:00+00:00,4776.11,4781.46,4773.85,4774.62,55.0381,2026,4,2
2026-04-02 00:45:00+00:00,4774.14,4776.5,4771.34,4773.41,29.8806,2026,4,2
2026-04-02 00:50:00+00:00,4773.46,4774.32,4771.45,4774.32,14.0565,2026,4,2
2026-04-02 00:55:00+00:00,4774.31,4774.32,4770.25,4770.96,32.2583,2026,4,2
2026-04-02 01:00:00+00:00,4770.72,4770.72,4716.9,4730.64,223.0988,2026,4,2
2026-04-02 01:05:00+00:00,4729.28,4735.61,4713.08,4733.5,380.9715,2026,4,2
2026-04-02 01:10:00+00:00,4734.22,4755.79,4734.22,4739.7,253.7857,2026,4,2
2026-04-02 01:15:00+00:00,4739.04,4739.04,4713.37,4714.76,248.8741,2026,4,2
2026-04-02 01:20:00+00:00,4714.33,4720.8,4700.25,4704.0,291.6042,2026,4,2
2026-04-02 01:25:00+00:00,4703.8,4706.16,4677.05,4687.01,239.7708,2026,4,2
2026-04-02 01:30:00+00:00,4686.48,4689.35,4642.48,4672.67,336.3797,2026,4,2
2026-04-02 01:35:00+00:00,4671.6,4687.2,4666.17,4687.2,95.2355,2026,4,2
2026-04-02 01:40:00+00:00,4687.23,4697.47,4678.41,4678.41,85.6351,2026,4,2
2026-04-02 01:45:00+00:00,4678.54,4687.92,4674.92,4685.37,79.4662,2026,4,2
2026-04-02 01:50:00+00:00,4685.89,4700.47,4684.01,4691.82,98.2413,2026,4,2
2026-04-02 01:55:00+00:00,4691.25,4695.73,4681.8,4686.73,130.4762,2026,4,2
2026-04-02 02:00:00+00:00,4687.68,4689.74,4681.26,4688.61,29.5159,2026,4,2
2026-04-02 02:05:00+00:00,4688.77,4694.55,4682.31,4682.35,40.361,2026,4,2
2026-04-02 02:10:00+00:00,4683.04,4686.84,4671.51,4679.93,67.1222,2026,4,2
2026-04-02 02:15:00+00:00,4679.93,4693.47,4679.66,4682.45,44.4997,2026,4,2
2026-04-02 02:20:00+00:00,4682.65,4689.96,4680.54,4688.62,30.3939,2026,4,2
2026-04-02 02:25:00+00:00,4688.62,4689.44,4680.9,4681.97,22.2425,2026,4,2
2026-04-02 02:30:00+00:00,4681.97,4681.97,4660.79,4663.09,93.5473,2026,4,2
2026-04-02 02:35:00+00:00,4663.09,4663.94,4649.41,4653.78,101.3365,2026,4,2
2026-04-02 02:40:00+00:00,4652.86,4673.32,4652.86,4669.61,59.3849,2026,4,2
2026-04-02 02:45:00+00:00,4669.21,4676.01,4668.76,4668.85,64.7875,2026,4,2
2026-04-02 02:50:00+00:00,4668.86,4672.44,4666.68,4671.44,35.3338,2026,4,2
2026-04-02 02:55:00+00:00,4671.45,4679.85,4670.08,4679.1,16.7464,2026,4,2
2026-04-02 03:00:00+00:00,4679.09,4679.09,4672.63,4673.46,14.9736,2026,4,2
2026-04-02 03:05:00+00:00,4672.96,4676.18,4671.27,4673.82,12.734,2026,4,2
2026-04-02 03:10:00+00:00,4674.32,4681.45,4673.29,4680.78,14.5767,2026,4,2
2026-04-02 03:15:00+00:00,4680.98,4685.68,4680.75,4684.1,13.4849,2026,4,2
2026-04-02 03:20:00+00:00,4684.1,4688.69,4680.78,4688.43,25.3485,2026,4,2
2026-04-02 03:25:00+00:00,4688.42,4689.61,4684.15,4684.15,9.1416,2026,4,2
2026-04-02 03:30:00+00:00,4684.15,4684.15,4679.76,4683.16,10.1303,2026,4,2
2026-04-02 03:35:00+00:00,4683.16,4683.66,4677.96,4679.22,11.0817,2026,4,2
2026-04-02 03:40:00+00:00,4679.21,4680.53,4675.34,4678.45,19.937,2026,4,2
2026-04-02 03:45:00+00:00,4678.56,4678.85,4671.18,4671.18,18.0984,2026,4,2
2026-04-02 03:50:00+00:00,4671.18,4672.1,4669.22,4669.61,11.8679,2026,4,2
2026-04-02 03:55:00+00:00,4669.61,4670.75,4667.52,4669.06,30.8935,2026,4,2
2026-04-02 04:00:00+00:00,4669.06,4671.77,4668.21,4668.21,8.9216,2026,4,2
2026-04-02 04:05:00+00:00,4668.21,4668.21,4657.49,4661.6,34.9112,2026,4,2
2026-04-02 04:10:00+00:00,4661.73,4662.93,4659.13,4661.24,39.0401,2026,4,2
2026-04-02 04:15:00+00:00,4661.3,4663.77,4661.06,4661.06,15.5042,2026,4,2
2026-04-02 04:20:00+00:00,4661.0,4661.0,4655.29,4657.95,114.4625,2026,4,2
2026-04-02 04:25:00+00:00,4657.94,4662.58,4656.82,4657.0,19.8411,2026,4,2
2026-04-02 04:30:00+00:00,4657.31,4660.4,4655.8,4658.15,23.7611,2026,4,2
2026-04-02 04:35:00+00:00,4658.24,4660.82,4655.97,4656.31,14.4858,2026,4,2
2026-04-02 04:40:00+00:00,4656.3,4656.31,4651.21,4652.89,31.6527,2026,4,2
2026-04-02 04:45:00+00:00,4652.9,4656.65,4650.6,4656.29,34.8733,2026,4,2
2026-04-02 04:50:00+00:00,4656.63,4661.06,4656.63,4659.37,19.287,2026,4,2
2026-04-02 04:55:00+00:00,4659.36,4664.09,4658.17,4663.44,14.9487,2026,4,2
2026-04-02 05:00:00+00:00,4663.6,4666.25,4663.6,4664.95,16.0459,2026,4,2
2026-04-02 05:05:00+00:00,4664.8,4664.81,4659.03,4659.86,7.9147,2026,4,2
2026-04-02 05:10:00+00:00,4659.86,4663.6,4659.86,4661.24,17.9668,2026,4,2
2026-04-02 05:15:00+00:00,4661.24,4663.57,4661.07,4663.41,21.7991,2026,4,2
2026-04-02 05:20:00+00:00,4663.41,4665.18,4660.9,4665.18,11.5954,2026,4,2
2026-04-02 05:25:00+00:00,4665.31,4671.35,4665.31,4667.35,14.2446,2026,4,2
2026-04-02 05:30:00+00:00,4667.52,4668.7,4630.28,4643.89,117.9376,2026,4,2
2026-04-02 05:35:00+00:00,4643.72,4644.3,4636.08,4639.81,39.8704,2026,4,2
2026-04-02 05:40:00+00:00,4639.64,4640.15,4622.99,4627.4,88.4809,2026,4,2
2026-04-02 05:45:00+00:00,4627.56,4627.56,4587.32,4587.32,427.8718,2026,4,2
2026-04-02 05:50:00+00:00,4587.31,4603.57,4581.11,4599.35,200.3575,2026,4,2
2026-04-02 05:55:00+00:00,4599.35,4601.55,4586.04,4589.15,94.3743,2026,4,2
2026-04-02 06:00:00+00:00,4589.15,4591.18,4572.44,4580.5,157.2216,2026,4,2
2026-04-02 06:05:00+00:00,4580.14,4583.88,4557.0,4562.96,174.4567,2026,4,2
2026-04-02 06:10:00+00:00,4563.48,4575.72,4550.62,4575.72,245.8537,2026,4,2
2026-04-02 06:15:00+00:00,4575.89,4586.25,4571.31,4585.7,143.5396,2026,4,2
2026-04-02 06:20:00+00:00,4585.69,4593.22,4580.66,4582.29,163.0251,2026,4,2
2026-04-02 06:25:00+00:00,4582.4,4587.0,4577.31,4587.0,650.4571,2026,4,2
2026-04-02 06:30:00+00:00,4587.0,4593.02,4583.38,4588.3,51.1684,2026,4,2
2026-04-02 06:35:00+00:00,4588.43,4592.03,4579.29,4588.81,120.9426,2026,4,2
2026-04-02 06:40:00+00:00,4588.98,4590.5,4578.47,4583.61,86.408,2026,4,2
2026-04-02 06:45:00+00:00,4583.6,4594.51,4580.01,4593.24,18.3807,2026,4,2
2026-04-02 06:50:00+00:00,4594.04,4604.46,4593.37,4593.37,173.4915,2026,4,2
2026-04-02 06:55:00+00:00,4593.36,4595.41,4588.15,4594.19,75.9232,2026,4,2
2026-04-02 07:00:00+00:00,4594.24,4601.2,4592.53,4598.5,45.4428,2026,4,2
2026-04-02 07:05:00+00:00,4598.84,4606.47,4595.3,4604.28,37.6621,2026,4,2
2026-04-02 07:10:00+00:00,4604.12,4616.35,4604.11,4616.35,37.1544,2026,4,2
2026-04-02 07:15:00+00:00,4616.34,4619.8,4613.16,4618.45,30.9697,2026,4,2
2026-04-02 07:20:00+00:00,4618.56,4621.75,4614.65,4614.97,33.335,2026,4,2
2026-04-02 07:25:00+00:00,4615.07,4619.67,4614.15,4616.69,20.851,2026,4,2
2026-04-02 07:30:00+00:00,4616.68,4627.39,4615.67,4626.75,29.6341,2026,4,2
2026-04-02 07:35:00+00:00,4626.72,4631.91,4622.19,4630.28,23.0759,2026,4,2
2026-04-02 07:40:00+00:00,4629.78,4634.72,4627.75,4631.44,75.0388,2026,4,2
2026-04-02 07:45:00+00:00,4631.44,4643.11,4631.14,4641.68,53.0131,2026,4,2
2026-04-02 07:50:00+00:00,4641.8,4641.8,4636.76,4638.28,27.0066,2026,4,2
2026-04-02 07:55:00+00:00,4638.27,4638.27,4633.16,4636.14,38.5981,2026,4,2
2026-04-02 08:00:00+00:00,4636.42,4640.31,4632.0,4633.69,43.788,2026,4,2
2026-04-02 08:05:00+00:00,4633.85,4633.85,4624.96,4626.25,55.0467,2026,4,2
2026-04-02 08:10:00+00:00,4626.38,4635.0,4623.77,4634.51,39.8589,2026,4,2
2026-04-02 08:15:00+00:00,4634.38,4637.28,4630.99,4635.42,13.7208,2026,4,2
2026-04-02 08:20:00+00:00,4635.42,4635.42,4625.35,4630.67,14.3767,2026,4,2
2026-04-02 08:25:00+00:00,4629.8,4629.8,4625.41,4628.23,32.0392,2026,4,2
2026-04-02 08:30:00+00:00,4628.26,4631.67,4626.36,4630.6,20.4962,2026,4,2
2026-04-02 08:35:00+00:00,4631.88,4636.05,4630.46,4633.7,9.6128,2026,4,2
2026-04-02 08:40:00+00:00,4633.56,4634.29,4625.39,4625.39,57.5133,2026,4,2
2026-04-02 08:45:00+00:00,4625.16,4628.33,4621.32,4622.1,86.1193,2026,4,2
2026-04-02 08:50:00+00:00,4622.78,4623.85,4621.05,4621.86,28.3122,2026,4,2
2026-04-02 08:55:00+00:00,4622.03,4622.04,4612.02,4615.3,78.2777,2026,4,2
2026-04-02 09:00:00+00:00,4615.02,4618.22,4608.0,4611.0,25.1395,2026,4,2
2026-04-02 09:05:00+00:00,4611.05,4616.0,4608.1,4611.61,90.4372,2026,4,2
2026-04-02 09:10:00+00:00,4611.6,4618.8,4610.35,4618.61,8.9008,2026,4,2
2026-04-02 09:15:00+00:00,4618.71,4625.22,4617.79,4619.5,112.5873,2026,4,2
2026-04-02 09:20:00+00:00,4619.34,4624.57,4619.04,4620.86,21.5041,2026,4,2
2026-04-02 09:25:00+00:00,4620.79,4622.39,4612.33,4614.83,12.1055,2026,4,2
2026-04-02 09:30:00+00:00,4614.83,4618.25,4611.07,4616.29,77.6211,2026,4,2
2026-04-02 09:35:00+00:00,4616.28,4617.17,4610.35,4615.77,26.5943,2026,4,2
2026-04-02 09:40:00+00:00,4615.92,4617.89,4614.32,4615.91,7.1272,2026,4,2
2026-04-02 09:45:00+00:00,4615.9,4616.27,4613.41,4614.5,26.8159,2026,4,2
2026-04-02 09:50:00+00:00,4614.5,4619.87,4614.5,4619.87,16.7855,2026,4,2
2026-04-02 09:55:00+00:00,4619.87,4620.95,4616.16,4617.47,21.3874,2026,4,2
2026-04-02 10:00:00+00:00,4617.37,4622.4,4614.64,4621.49,18.0874,2026,4,2
2026-04-02 10:05:00+00:00,4621.32,4627.99,4621.32,4625.7,14.546,2026,4,2
2026-04-02 10:10:00+00:00,4625.64,4625.99,4619.81,4619.81,30.5126,2026,4,2
2026-04-02 10:15:00+00:00,4620.24,4621.47,4608.9,4610.49,14.3281,2026,4,2
2026-04-02 10:20:00+00:00,4610.5,4611.41,4600.7,4611.41,22.1896,2026,4,2
2026-04-02 10:25:00+00:00,4611.42,4616.08,4611.42,4613.41,14.6413,2026,4,2
2026-04-02 10:30:00+00:00,4613.41,4613.94,4609.81,4609.81,5.3901,2026,4,2
2026-04-02 10:35:00+00:00,4609.81,4612.67,4608.44,4608.5,15.1626,2026,4,2
2026-04-02 10:40:00+00:00,4608.51,4624.01,4608.51,4617.73,131.1444,2026,4,2
2026-04-02 10:45:00+00:00,4618.26,4622.57,4616.5,4622.28,15.6436,2026,4,2
2026-04-02 10:50:00+00:00,4622.3,4622.3,4614.98,4615.57,18.4321,2026,4,2
2026-04-02 10:55:00+00:00,4615.6,4619.33,4615.6,4616.1,17.9202,2026,4,2
2026-04-02 11:00:00+00:00,4615.93,4620.42,4612.87,4620.42,24.3177,2026,4,2
2026-04-02 11:05:00+00:00,4620.59,4620.59,4616.94,4619.34,17.5993,2026,4,2
2026-04-02 11:10:00+00:00,4619.33,4623.05,4618.8,4620.41,28.7429,2026,4,2
2026-04-02 11:15:00+00:00,4620.42,4621.14,4617.58,4618.45,26.8289,2026,4,2
2026-04-02 11:20:00+00:00,4618.45,4622.21,4618.45,4619.83,21.2612,2026,4,2
2026-04-02 11:25:00+00:00,4619.84,4623.48,4609.15,4610.26,41.4148,2026,4,2
2026-04-02 11:30:00+00:00,4610.43,4611.77,4604.69,4608.18,83.1608,2026,4,2
2026-04-02 11:35:00+00:00,4608.36,4611.59,4605.66,4605.66,25.3304,2026,4,2
2026-04-02 11:40:00+00:00,4605.12,4605.12,4588.26,4594.67,90.7755,2026,4,2
2026-04-02 11:45:00+00:00,4594.67,4598.81,4592.25,4598.68,71.2151,2026,4,2
2026-04-02 11:50:00+00:00,4598.82,4604.93,4595.95,4596.3,36.885,2026,4,2
2026-04-02 11:55:00+00:00,4596.49,4597.48,4592.77,4593.61,62.6745,2026,4,2
2026-04-02 12:00:00+00:00,4593.96,4600.8,4589.46,4600.8,27.8008,2026,4,2
2026-04-02 12:05:00+00:00,4600.98,4603.86,4596.67,4597.56,9.2361,2026,4,2
2026-04-02 12:10:00+00:00,4597.73,4605.61,4593.6,4605.29,31.0774,2026,4,2
2026-04-02 12:15:00+00:00,4605.66,4609.65,4604.4,4607.25,15.2117,2026,4,2
2026-04-02 12:20:00+00:00,4607.38,4621.4,4606.74,4621.39,51.9109,2026,4,2
2026-04-02 12:25:00+00:00,4621.39,4622.34,4617.19,4619.52,17.7831,2026,4,2
2026-04-02 12:30:00+00:00,4618.98,4618.98,4613.15,4616.11,15.6735,2026,4,2
2026-04-02 12:35:00+00:00,4616.1,4617.17,4614.13,4614.84,6.1747,2026,4,2
2026-04-02 12:40:00+00:00,4614.67,4614.95,4611.24,4612.89,7.8385,2026,4,2
2026-04-02 12:45:00+00:00,4612.51,4617.81,4608.32,4613.58,23.3513,2026,4,2
2026-04-02 12:50:00+00:00,4613.5,4618.25,4612.86,4613.7,11.7197,2026,4,2
2026-04-02 12:55:00+00:00,4614.12,4614.3,4595.0,4595.04,26.3654,2026,4,2
2026-04-02 13:00:00+00:00,4595.04,4596.29,4576.47,4588.42,106.7415,2026,4,2
2026-04-02 13:05:00+00:00,4588.42,4606.21,4586.22,4593.3,40.1647,2026,4,2
2026-04-02 13:10:00+00:00,4593.37,4594.67,4580.17,4581.91,15.69,2026,4,2
2026-04-02 13:15:00+00:00,4582.43,4588.29,4579.44,4584.41,94.9961,2026,4,2
2026-04-02 13:20:00+00:00,4584.41,4590.87,4573.64,4577.58,394.5179,2026,4,2
2026-04-02 13:25:00+00:00,4577.04,4591.79,4576.61,4590.72,49.296,2026,4,2
2026-04-02 13:30:00+00:00,4590.54,4598.91,4586.73,4591.77,86.6172,2026,4,2
2026-04-02 13:35:00+00:00,4591.98,4592.69,4582.95,4582.95,53.4532,2026,4,2
2026-04-02 13:40:00+00:00,4582.8,4593.77,4579.21,4592.73,38.3162,2026,4,2
2026-04-02 13:45:00+00:00,4592.88,4627.18,4592.52,4625.75,169.0627,2026,4,2
2026-04-02 13:50:00+00:00,4625.64,4634.53,4621.87,4628.7,55.4293,2026,4,2
2026-04-02 13:55:00+00:00,4628.75,4643.59,4626.36,4637.88,66.6252,2026,4,2
2026-04-02 14:00:00+00:00,4638.05,4641.84,4624.5,4635.03,166.8443,2026,4,2
2026-04-02 14:05:00+00:00,4634.65,4643.8,4630.64,4641.83,57.7593,2026,4,2
2026-04-02 14:10:00+00:00,4641.31,4652.23,4639.0,4639.45,69.3895,2026,4,2
2026-04-02 14:15:00+00:00,4639.44,4655.55,4638.61,4652.64,57.984,2026,4,2
2026-04-02 14:20:00+00:00,4652.46,4665.74,4651.39,4665.35,60.6494,2026,4,2
2026-04-02 14:25:00+00:00,4665.0,4665.55,4651.35,4655.25,94.3567,2026,4,2
2026-04-02 14:30:00+00:00,4655.34,4665.64,4651.56,4663.08,49.6667,2026,4,2
2026-04-02 14:35:00+00:00,4662.18,4689.78,4661.27,4680.18,309.4626,2026,4,2
2026-04-02 14:40:00+00:00,4679.64,4689.77,4671.74,4684.95,168.8637,2026,4,2
2026-04-02 14:45:00+00:00,4685.07,4685.66,4670.44,4670.44,30.4065,2026,4,2
2026-04-02 14:50:00+00:00,4670.82,4675.2,4663.15,4674.06,59.5,2026,4,2
2026-04-02 14:55:00+00:00,4674.24,4679.27,4671.91,4671.91,77.2625,2026,4,2
2026-04-02 15:00:00+00:00,4671.96,4673.16,4660.0,4670.1,32.4655,2026,4,2
2026-04-02 15:05:00+00:00,4670.28,4670.95,4658.29,4661.7,16.7622,2026,4,2
2026-04-02 15:10:00+00:00,4661.1,4670.03,4660.02,4662.18,18.3396,2026,4,2
2026-04-02 15:15:00+00:00,4662.18,4670.92,4662.18,4663.29,18.6586,2026,4,2
2026-04-02 15:20:00+00:00,4663.26,4663.26,4651.21,4652.32,24.7885,2026,4,2
2026-04-02 15:25:00+00:00,4652.28,4665.53,4649.05,4662.05,19.8281,2026,4,2
2026-04-02 15:30:00+00:00,4662.17,4663.92,4658.95,4663.92,14.921,2026,4,2
2026-04-02 15:35:00+00:00,4663.97,4665.42,4658.94,4660.2,8.6051,2026,4,2
2026-04-02 15:40:00+00:00,4660.02,4660.37,4653.43,4655.37,34.0988,2026,4,2
2026-04-02 15:45:00+00:00,4656.28,4656.77,4649.77,4650.11,5.5643,2026,4,2
2026-04-02 15:50:00+00:00,4649.76,4652.09,4643.38,4652.09,32.3401,2026,4,2
2026-04-02 15:55:00+00:00,4652.05,4653.65,4644.23,4650.58,11.7554,2026,4,2
2026-04-02 16:00:00+00:00,4650.7,4657.5,4650.66,4653.25,12.6199,2026,4,2
2026-04-02 16:05:00+00:00,4652.82,4655.88,4640.01,4649.66,22.1255,2026,4,2
2026-04-02 16:10:00+00:00,4649.41,4649.41,4643.64,4646.17,5.1594,2026,4,2
2026-04-02 16:15:00+00:00,4646.16,4647.59,4637.68,4638.6,28.9566,2026,4,2
2026-04-02 16:20:00+00:00,4638.6,4645.8,4634.24,4642.56,31.6102,2026,4,2
2026-04-02 16:25:00+00:00,4642.38,4646.16,4641.65,4642.82,14.5752,2026,4,2
2026-04-02 16:30:00+00:00,4642.82,4655.66,4642.82,4649.23,170.838,2026,4,2
2026-04-02 16:35:00+00:00,4649.22,4657.49,4649.22,4653.74,20.9412,2026,4,2
2026-04-02 16:40:00+00:00,4654.08,4660.71,4650.84,4650.84,93.9501,2026,4,2
2026-04-02 16:45:00+00:00,4650.48,4652.81,4649.03,4651.44,10.7253,2026,4,2
2026-04-02 16:50:00+00:00,4651.45,4660.73,4651.45,4655.69,200.9068,2026,4,2
2026-04-02 16:55:00+00:00,4655.3,4655.48,4651.39,4651.92,9.822,2026,4,2
2026-04-02 17:00:00+00:00,4651.74,4654.91,4647.28,4654.86,20.7534,2026,4,2
2026-04-02 17:05:00+00:00,4653.9,4658.39,4651.08,4653.45,36.3914,2026,4,2
2026-04-02 17:10:00+00:00,4653.54,4654.76,4649.1,4653.9,4.856,2026,4,2
2026-04-02 17:15:00+00:00,4654.44,4656.72,4651.48,4652.63,7.8157,2026,4,2
2026-04-02 17:20:00+00:00,4652.64,4656.03,4650.71,4654.26,3.3406,2026,4,2
2026-04-02 17:25:00+00:00,4654.08,4654.08,4643.06,4643.64,15.2316,2026,4,2
2026-04-02 17:30:00+00:00,4643.46,4644.41,4638.55,4642.73,70.2705,2026,4,2
2026-04-02 17:35:00+00:00,4642.57,4643.28,4640.23,4643.28,24.387,2026,4,2
2026-04-02 17:40:00+00:00,4643.46,4647.78,4643.46,4646.88,1.306,2026,4,2
2026-04-02 17:45:00+00:00,4647.06,4647.84,4637.89,4637.89,3.6937,2026,4,2
2026-04-02 17:50:00+00:00,4637.89,4641.09,4637.16,4639.95,8.4213,2026,4,2
2026-04-02 17:55:00+00:00,4640.04,4641.29,4637.6,4638.59,8.879,2026,4,2
2026-04-02 18:00:00+00:00,4638.6,4643.29,4638.6,4643.29,6.6967,2026,4,2
2026-04-02 18:05:00+00:00,4643.33,4647.46,4643.33,4645.44,38.901,2026,4,2
2026-04-02 18:10:00+00:00,4645.62,4648.15,4644.36,4644.36,1.7269,2026,4,2
2026-04-02 18:15:00+00:00,4644.29,4645.61,4643.28,4644.72,2.2363,2026,4,2
2026-04-02 18:20:00+00:00,4644.73,4646.34,4642.74,4642.74,5.6821,2026,4,2
2026-04-02 18:25:00+00:00,4642.74,4643.09,4641.37,4642.02,2.9969,2026,4,2
2026-04-02 18:30:00+00:00,4642.2,4654.32,4642.2,4651.8,214.8222,2026,4,2
2026-04-02 18:35:00+00:00,4651.6,4651.6,4647.43,4647.68,10.714,2026,4,2
2026-04-02 18:40:00+00:00,4647.42,4654.36,4647.41,4653.9,25.352,2026,4,2
2026-04-02 18:45:00+00:00,4654.07,4659.75,4654.07,4659.75,8.5928,2026,4,2
2026-04-02 18:50:00+00:00,4659.75,4660.83,4656.05,4658.95,8.9858,2026,4,2
2026-04-02 18:55:00+00:00,4659.34,4661.85,4658.41,4659.55,7.4009,2026,4,2
2026-04-02 19:00:00+00:00,4659.56,4665.6,4659.56,4663.53,5.8188,2026,4,2
2026-04-02 19:05:00+00:00,4663.62,4671.0,4663.62,4670.28,19.9833,2026,4,2
2026-04-02 19:10:00+00:00,4670.46,4672.8,4666.5,4666.5,4.293,2026,4,2
2026-04-02 19:15:00+00:00,4666.32,4666.32,4661.83,4662.37,5.2631,2026,4,2
2026-04-02 19:20:00+00:00,4662.36,4668.83,4658.76,4665.06,19.7091,2026,4,2
2026-04-02 19:25:00+00:00,4664.68,4664.69,4656.97,4657.85,7.2743,2026,4,2
2026-04-02 19:30:00+00:00,4657.33,4658.04,4654.5,4655.79,12.7394,2026,4,2
2026-04-02 19:35:00+00:00,4655.4,4657.14,4653.21,4655.16,3.9537,2026,4,2
2026-04-02 19:40:00+00:00,4655.34,4658.76,4655.34,4657.5,3.9043,2026,4,2
2026-04-02 19:45:00+00:00,4657.86,4660.38,4657.5,4660.2,1.9915,2026,4,2
2026-04-02 19:50:00+00:00,4660.38,4665.77,4659.86,4665.55,8.5128,2026,4,2
2026-04-02 19:55:00+00:00,4665.55,4665.77,4662.87,4662.87,32.1316,2026,4,2
2026-04-02 20:00:00+00:00,4662.73,4666.0,4662.73,4665.99,7.2636,2026,4,2
2026-04-02 20:05:00+00:00,4665.63,4665.77,4665.21,4665.25,0.9414,2026,4,2
2026-04-02 20:10:00+00:00,4665.78,4666.68,4664.31,4664.31,0.556,2026,4,2
2026-04-02 20:15:00+00:00,4664.3,4665.0,4659.3,4660.0,10.201,2026,4,2
2026-04-02 20:20:00+00:00,4659.48,4659.48,4656.06,4657.03,51.3089,2026,4,2
2026-04-02 20:25:00+00:00,4657.05,4660.55,4657.05,4659.3,3.1428,2026,4,2
2026-04-02 20:30:00+00:00,4659.31,4661.93,4659.31,4661.6,3.7335,2026,4,2
2026-04-02 20:35:00+00:00,4661.7,4662.89,4661.37,4661.37,1.9769,2026,4,2
2026-04-02 20:40:00+00:00,4661.38,4661.38,4659.0,4659.48,7.8458,2026,4,2
2026-04-02 20:45:00+00:00,4659.47,4662.54,4658.95,4661.1,3.9914,2026,4,2
2026-04-02 20:50:00+00:00,4661.07,4661.82,4657.99,4661.53,11.3011,2026,4,2
2026-04-02 20:55:00+00:00,4661.64,4665.42,4661.46,4664.88,12.3393,2026,4,2
2026-04-02 21:00:00+00:00,4664.87,4666.07,4664.87,4665.61,1.7855,2026,4,2
2026-04-02 21:05:00+00:00,4665.61,4665.62,4665.03,4665.03,2.5226,2026,4,2
2026-04-02 21:10:00+00:00,4664.91,4665.04,4663.62,4665.04,9.334,2026,4,2
2026-04-02 21:15:00+00:00,4665.04,4665.61,4664.17,4665.61,9.0799,2026,4,2
2026-04-02 21:20:00+00:00,4665.77,4665.77,4664.71,4664.71,1.1171,2026,4,2
2026-04-02 21:25:00+00:00,4664.7,4664.71,4664.4,4664.4,7.5692,2026,4,2
2026-04-02 21:30:00+00:00,4664.41,4665.1,4664.3,4665.1,7.1088,2026,4,2
2026-04-02 21:35:00+00:00,4665.24,4665.34,4665.14,4665.15,0.7768,2026,4,2
2026-04-02 21:40:00+00:00,4665.14,4671.95,4664.69,4670.98,23.2091,2026,4,2
2026-04-02 21:45:00+00:00,4670.97,4670.97,4669.56,4669.56,6.9907,2026,4,2
2026-04-02 21:50:00+00:00,4669.38,4669.38,4668.19,4668.2,1.5732,2026,4,2
2026-04-02 21:55:00+00:00,4668.2,4668.2,4668.18,4668.19,2.038,2026,4,2
2026-04-02 22:00:00+00:00,4668.19,4668.2,4665.6,4665.79,4.2669,2026,4,2
2026-04-02 22:05:00+00:00,4665.78,4668.66,4665.78,4668.62,8.8221,2026,4,2
2026-04-02 22:10:00+00:00,4668.63,4669.48,4667.76,4667.76,4.3013,2026,4,2
2026-04-02 22:15:00+00:00,4667.76,4669.52,4667.76,4669.51,6.1599,2026,4,2
2026-04-02 22:20:00+00:00,4669.52,4670.78,4669.51,4670.69,9.0035,2026,4,2
2026-04-02 22:25:00+00:00,4670.68,4670.68,4667.66,4667.66,5.3029,2026,4,2
2026-04-02 22:30:00+00:00,4667.58,4668.97,4667.22,4667.22,4.2428,2026,4,2
2026-04-02 22:35:00+00:00,4667.22,4667.85,4666.5,4667.85,3.5504,2026,4,2
2026-04-02 22:40:00+00:00,4667.84,4667.84,4666.3,4666.32,4.4414,2026,4,2
2026-04-02 22:45:00+00:00,4666.31,4666.31,4664.75,4664.79,4.6438,2026,4,2
2026-04-02 22:50:00+00:00,4664.79,4666.0,4664.79,4665.61,2.2158,2026,4,2
2026-04-02 22:55:00+00:00,4665.61,4665.61,4664.8,4664.8,4.3649,2026,4,2
2026-04-02 23:00:00+00:00,4664.81,4664.82,4664.8,4664.82,0.4761,2026,4,2
2026-04-02 23:05:00+00:00,4664.82,4664.82,4664.81,4664.82,1.7265,2026,4,2
2026-04-02 23:10:00+00:00,4664.81,4665.89,4664.81,4665.42,4.8717,2026,4,2
2026-04-02 23:15:00+00:00,4665.42,4665.42,4665.41,4665.42,1.0801,2026,4,2
2026-04-02 23:20:00+00:00,4665.41,4668.14,4665.41,4668.14,10.8943,2026,4,2
2026-04-02 23:25:00+00:00,4668.14,4668.14,4668.13,4668.14,0.6965,2026,4,2
2026-04-02 23:30:00+00:00,4668.14,4668.14,4668.13,4668.14,0.2515,2026,4,2
2026-04-02 23:35:00+00:00,4668.13,4668.14,4665.79,4667.35,6.9611,2026,4,2
2026-04-02 23:40:00+00:00,4667.35,4667.35,4667.33,4667.33,2.5838,2026,4,2
2026-04-02 23:45:00+00:00,4667.35,4670.3,4667.35,4668.15,29.0396,2026,4,2
2026-04-02 23:50:00+00:00,4668.14,4668.15,4667.23,4667.23,2.3618,2026,4,2
2026-04-02 23:55:00+00:00,4667.23,4668.14,4666.68,4668.14,13.2284,2026,4,2
2026-04-03 00:00:00+00:00,4668.15,4668.82,4668.15,4668.25,3.7365,2026,4,3
2026-04-03 00:05:00+00:00,4668.25,4668.25,4668.11,4668.11,2.4491,2026,4,3
2026-04-03 00:10:00+00:00,4668.11,4668.11,4667.22,4667.3,1.2743,2026,4,3
2026-04-03 00:15:00+00:00,4667.3,4667.3,4667.05,4667.06,1.8703,2026,4,3
2026-04-03 00:20:00+00:00,4667.06,4667.76,4667.05,4667.76,3.0585,2026,4,3
2026-04-03 00:25:00+00:00,4667.82,4668.35,4667.76,4667.76,13.338,2026,4,3
2026-04-03 00:30:00+00:00,4667.76,4667.76,4667.05,4667.05,1.7833,2026,4,3
2026-04-03 00:35:00+00:00,4667.05,4667.05,4665.46,4665.46,4.8008,2026,4,3
2026-04-03 00:40:00+00:00,4665.46,4665.47,4665.46,4665.46,2.1168,2026,4,3
2026-04-03 00:45:00+00:00,4665.46,4665.47,4664.12,4664.8,6.6625,2026,4,3
2026-04-03 00:50:00+00:00,4664.79,4664.8,4664.79,4664.8,1.7974,2026,4,3
2026-04-03 00:55:00+00:00,4664.8,4666.5,4664.79,4666.5,8.7578,2026,4,3
2026-04-03 01:00:00+00:00,4666.49,4666.49,4662.9,4662.9,11.6635,2026,4,3
2026-04-03 01:05:00+00:00,4663.08,4663.8,4663.08,4663.8,3.9732,2026,4,3
2026-04-03 01:10:00+00:00,4663.8,4664.94,4663.8,4664.94,1.4827,2026,4,3
2026-04-03 01:15:00+00:00,4664.94,4665.4,4664.93,4665.4,1.4783,2026,4,3
2026-04-03 01:20:00+00:00,4665.4,4665.4,4665.39,4665.39,2.5618,2026,4,3
2026-04-03 01:25:00+00:00,4665.4,4666.24,4665.39,4666.23,1.8114,2026,4,3
2026-04-03 01:30:00+00:00,4666.24,4666.24,4664.54,4664.54,0.7669,2026,4,3
2026-04-03 01:35:00+00:00,4664.54,4664.54,4662.96,4662.97,3.742,2026,4,3
2026-04-03 01:40:00+00:00,4662.97,4662.97,4662.96,4662.96,1.4443,2026,4,3
2026-04-03 01:45:00+00:00,4662.97,4662.97,4661.5,4662.02,1.5932,2026,4,3
2026-04-03 01:50:00+00:00,4662.02,4662.03,4659.36,4661.14,11.5752,2026,4,3
2026-04-03 01:55:00+00:00,4661.15,4662.05,4661.14,4662.04,3.7428,2026,4,3
2026-04-03 02:00:00+00:00,4662.05,4662.05,4661.37,4661.37,1.3558,2026,4,3
2026-04-03 02:05:00+00:00,4661.38,4661.38,4661.37,4661.37,1.4358,2026,4,3
2026-04-03 02:10:00+00:00,4661.37,4661.38,4661.37,4661.37,0.4367,2026,4,3
2026-04-03 02:15:00+00:00,4661.38,4663.58,4661.37,4663.58,7.6779,2026,4,3
2026-04-03 02:20:00+00:00,4663.68,4663.68,4663.67,4663.68,0.1663,2026,4,3
2026-04-03 02:25:00+00:00,4663.68,4663.68,4662.21,4662.22,8.6242,2026,4,3
2026-04-03 02:30:00+00:00,4662.21,4662.22,4661.59,4661.69,2.8773,2026,4,3
2026-04-03 02:35:00+00:00,4661.7,4662.03,4661.7,4662.02,1.3261,2026,4,3
2026-04-03 02:40:00+00:00,4662.02,4662.03,4662.02,4662.02,0.1573,2026,4,3
2026-04-03 02:45:00+00:00,4662.02,4662.59,4662.02,4662.59,0.8383,2026,4,3
2026-04-03 02:50:00+00:00,4662.62,4664.1,4662.62,4664.1,1.8266,2026,4,3
2026-04-03 02:55:00+00:00,4664.09,4665.32,4664.09,4665.32,1.2521,2026,4,3
2026-04-03 03:00:00+00:00,4665.32,4665.57,4665.32,4665.57,0.3462,2026,4,3
2026-04-03 03:05:00+00:00,4665.57,4665.57,4665.56,4665.57,0.15,2026,4,3
2026-04-03 03:10:00+00:00,4665.57,4665.57,4665.02,4665.02,10.1868,2026,4,3
2026-04-03 03:15:00+00:00,4665.03,4665.03,4664.71,4664.71,3.5857,2026,4,3
2026-04-03 03:20:00+00:00,4664.63,4664.63,4663.88,4663.89,1.6798,2026,4,3
2026-04-03 03:25:00+00:00,4663.69,4663.69,4663.05,4663.06,0.6009,2026,4,3
2026-04-03 03:30:00+00:00,4663.05,4663.06,4663.05,4663.05,0.614,2026,4,3
2026-04-03 03:35:00+00:00,4663.05,4663.1,4663.05,4663.06,1.6762,2026,4,3
2026-04-03 03:40:00+00:00,4663.06,4663.06,4663.04,4663.06,2.6121,2026,4,3
2026-04-03 03:45:00+00:00,4663.05,4663.06,4662.27,4662.27,0.7466,2026,4,3
2026-04-03 03:50:00+00:00,4662.27,4663.06,4662.27,4663.06,3.593,2026,4,3
2026-04-03 03:55:00+00:00,4663.25,4663.26,4663.25,4663.25,1.9646,2026,4,3
2026-04-03 04:00:00+00:00,4663.26,4663.89,4663.25,4663.88,2.4464,2026,4,3
2026-04-03 04:05:00+00:00,4663.88,4664.72,4663.88,4664.6,2.5412,2026,4,3
2026-04-03 04:10:00+00:00,4664.61,4664.71,4664.61,4664.7,1.4512,2026,4,3
2026-04-03 04:15:00+00:00,4664.7,4664.72,4664.7,4664.7,2.821,2026,4,3
2026-04-03 04:20:00+00:00,4664.71,4664.71,4664.6,4664.6,3.888,2026,4,3
2026-04-03 04:25:00+00:00,4664.61,4665.35,4664.6,4665.29,1.9759,2026,4,3
2026-04-03 04:30:00+00:00,4665.3,4666.55,4665.3,4666.54,6.7616,2026,4,3
2026-04-03 04:35:00+00:00,4666.54,4666.55,4665.29,4665.3,4.2304,2026,4,3
2026-04-03 04:40:00+00:00,4665.29,4665.29,4665.17,4665.18,1.9634,2026,4,3
2026-04-03 04:45:00+00:00,4665.18,4665.18,4665.17,4665.18,0.2031,2026,4,3
2026-04-03 04:50:00+00:00,4665.17,4665.2,4665.17,4665.2,1.1919,2026,4,3
2026-04-03 04:55:00+00:00,4665.19,4666.2,4665.19,4666.19,2.7176,2026,4,3
2026-04-03 05:00:00+00:00,4666.2,4666.2,4666.18,4666.19,0.8432,2026,4,3
2026-04-03 05:05:00+00:00,4666.18,4667.15,4666.18,4667.12,2.7973,2026,4,3
2026-04-03 05:10:00+00:00,4667.11,4667.12,4666.62,4666.62,5.9993,2026,4,3
2026-04-03 05:15:00+00:00,4666.63,4666.63,4665.57,4665.58,6.1491,2026,4,3
2026-04-03 05:20:00+00:00,4665.57,4665.58,4665.55,4665.55,1.3604,2026,4,3
2026-04-03 05:25:00+00:00,4665.53,4665.53,4665.4,4665.45,6.8659,2026,4,3
2026-04-03 05:30:00+00:00,4665.46,4667.0,4663.27,4666.66,8.8403,2026,4,3
2026-04-03 05:35:00+00:00,4666.66,4667.2,4666.41,4666.42,3.0317,2026,4,3
2026-04-03 05:40:00+00:00,4666.42,4666.42,4665.78,4666.35,7.4911,2026,4,3
2026-04-03 05:45:00+00:00,4666.35,4667.88,4666.35,4667.78,0.9935,2026,4,3
2026-04-03 05:50:00+00:00,4667.78,4667.78,4667.07,4667.07,1.1004,2026,4,3
2026-04-03 05:55:00+00:00,4667.05,4667.53,4667.05,4667.53,0.7084,2026,4,3
2026-04-03 06:00:00+00:00,4667.54,4670.08,4667.53,4668.78,23.3466,2026,4,3
2026-04-03 06:05:00+00:00,4668.77,4668.77,4667.68,4667.68,3.8672,2026,4,3
2026-04-03 06:10:00+00:00,4667.68,4667.69,4667.04,4667.05,4.0355,2026,4,3
2026-04-03 06:15:00+00:00,4667.04,4667.05,4667.04,4667.04,3.2822,2026,4,3
2026-04-03 06:20:00+00:00,4667.05,4667.05,4665.57,4665.57,8.4453,2026,4,3
2026-04-03 06:25:00+00:00,4665.57,4666.18,4665.57,4666.17,2.4616,2026,4,3
2026-04-03 06:30:00+00:00,4666.17,4666.41,4665.57,4666.4,16.9946,2026,4,3
2026-04-03 06:35:00+00:00,4666.4,4667.94,4666.25,4667.94,18.5747,2026,4,3
2026-04-03 06:40:00+00:00,4667.71,4667.71,4666.61,4667.16,2.7932,2026,4,3
2026-04-03 06:45:00+00:00,4666.86,4666.86,4665.67,4665.67,1.8116,2026,4,3
2026-04-03 06:50:00+00:00,4665.66,4665.66,4664.94,4664.95,4.1609,2026,4,3
2026-04-03 06:55:00+00:00,4664.94,4664.95,4664.93,4664.94,3.3264,2026,4,3
2026-04-03 07:00:00+00:00,4664.95,4664.95,4664.94,4664.95,4.432,2026,4,3
2026-04-03 07:05:00+00:00,4664.94,4664.94,4662.84,4663.2,16.8721,2026,4,3
2026-04-03 07:10:00+00:00,4662.85,4662.85,4658.89,4660.12,29.8625,2026,4,3
2026-04-03 07:15:00+00:00,4660.32,4660.33,4660.31,4660.32,2.3286,2026,4,3
2026-04-03 07:20:00+00:00,4660.32,4660.32,4660.31,4660.32,0.1177,2026,4,3
2026-04-03 07:25:00+00:00,4660.31,4660.55,4660.31,4660.32,5.7172,2026,4,3
2026-04-03 07:30:00+00:00,4660.33,4660.33,4659.3,4659.5,17.8495,2026,4,3
2026-04-03 07:35:00+00:00,4659.5,4660.29,4659.24,4659.89,10.7121,2026,4,3
2026-04-03 07:40:00+00:00,4659.9,4660.01,4658.09,4658.1,9.7601,2026,4,3
2026-04-03 07:45:00+00:00,4658.09,4658.14,4658.09,4658.09,6.9397,2026,4,3
2026-04-03 07:50:00+00:00,4658.1,4658.15,4657.65,4657.65,10.5684,2026,4,3
2026-04-03 07:55:00+00:00,4657.65,4659.81,4657.65,4659.8,22.3426,2026,4,3
2026-04-03 08:00:00+00:00,4659.8,4662.25,4659.8,4662.16,80.2868,2026,4,3
2026-04-03 08:05:00+00:00,4662.16,4663.12,4662.15,4663.12,7.5571,2026,4,3
2026-04-03 08:10:00+00:00,4663.12,4663.86,4663.12,4663.86,50.9278,2026,4,3
2026-04-03 08:15:00+00:00,4663.86,4664.69,4663.86,4664.65,0.81,2026,4,3
2026-04-03 08:20:00+00:00,4664.62,4664.62,4663.7,4664.2,12.0399,2026,4,3
2026-04-03 08:25:00+00:00,4664.2,4664.34,4664.19,4664.34,6.5835,2026,4,3
2026-04-03 08:30:00+00:00,4664.34,4664.34,4664.19,4664.19,4.0152,2026,4,3
2026-04-03 08:35:00+00:00,4664.19,4664.19,4663.8,4663.81,3.4337,2026,4,3
2026-04-03 08:40:00+00:00,4663.8,4663.8,4662.72,4662.72,83.94,2026,4,3
2026-04-03 08:45:00+00:00,4662.54,4662.55,4662.54,4662.54,0.596,2026,4,3
2026-04-03 08:50:00+00:00,4662.54,4662.55,4662.54,4662.55,1.9043,2026,4,3
2026-04-03 08:55:00+00:00,4662.54,4663.08,4662.54,4663.07,13.3673,2026,4,3
2026-04-03 09:00:00+00:00,4663.08,4663.08,4663.07,4663.07,0.4581,2026,4,3
2026-04-03 09:05:00+00:00,4663.08,4663.08,4663.07,4663.07,1.8457,2026,4,3
2026-04-03 09:10:00+00:00,4663.07,4663.08,4663.07,4663.08,1.4907,2026,4,3
2026-04-03 09:15:00+00:00,4663.08,4663.08,4663.07,4663.07,2.9398,2026,4,3
2026-04-03 09:20:00+00:00,4663.07,4663.07,4662.22,4662.35,8.4123,2026,4,3
2026-04-03 09:25:00+00:00,4662.35,4662.36,4662.26,4662.26,7.2178,2026,4,3
2026-04-03 09:30:00+00:00,4662.26,4662.27,4661.57,4661.58,4.0294,2026,4,3
2026-04-03 09:35:00+00:00,4661.57,4661.58,4661.57,4661.57,0.7186,2026,4,3
2026-04-03 09:40:00+00:00,4661.57,4661.58,4661.57,4661.57,3.133,2026,4,3
2026-04-03 09:45:00+00:00,4661.58,4661.58,4661.09,4661.1,9.329,2026,4,3
2026-04-03 09:50:00+00:00,4661.1,4661.11,4661.1,4661.11,2.5464,2026,4,3
2026-04-03 09:55:00+00:00,4661.1,4662.0,4661.1,4661.99,9.6747,2026,4,3
2026-04-03 10:00:00+00:00,4662.0,4662.0,4661.99,4662.0,0.2353,2026,4,3
2026-04-03 10:05:00+00:00,4661.99,4662.0,4661.99,4661.99,0.6623,2026,4,3
2026-04-03 10:10:00+00:00,4661.99,4662.0,4661.99,4662.0,0.595,2026,4,3
2026-04-03 10:15:00+00:00,4661.99,4662.72,4661.99,4662.72,5.2454,2026,4,3
2026-04-03 10:20:00+00:00,4662.72,4662.72,4662.71,4662.71,1.326,2026,4,3
2026-04-03 10:25:00+00:00,4662.71,4662.72,4662.35,4662.37,3.4,2026,4,3
2026-04-03 10:30:00+00:00,4662.37,4662.38,4662.0,4662.01,2.7837,2026,4,3
2026-04-03 10:35:00+00:00,4662.0,4662.01,4662.0,4662.0,0.6435,2026,4,3
2026-04-03 10:40:00+00:00,4662.0,4662.01,4662.0,4662.0,2.2088,2026,4,3
2026-04-03 10:45:00+00:00,4662.01,4662.01,4662.0,4662.01,0.6782,2026,4,3
2026-04-03 10:50:00+00:00,4662.01,4662.01,4662.0,4662.01,1.3008,2026,4,3
2026-04-03 10:55:00+00:00,4662.01,4662.01,4661.94,4661.95,2.191,2026,4,3
2026-04-03 11:00:00+00:00,4661.94,4661.94,4661.85,4661.85,1.0908,2026,4,3
2026-04-03 11:05:00+00:00,4661.86,4661.86,4661.85,4661.85,0.4512,2026,4,3
2026-04-03 11:10:00+00:00,4661.85,4661.86,4661.6,4661.6,2.3734,2026,4,3
2026-04-03 11:15:00+00:00,4661.61,4661.61,4661.5,4661.55,3.7381,2026,4,3
2026-04-03 11:20:00+00:00,4661.55,4661.55,4660.92,4660.93,1.963,2026,4,3
2026-04-03 11:25:00+00:00,4660.93,4661.8,4660.92,4661.65,5.3215,2026,4,3
2026-04-03 11:30:00+00:00,4661.65,4661.65,4661.28,4661.28,0.925,2026,4,3
2026-04-03 11:35:00+00:00,4661.28,4661.29,4661.28,4661.29,0.7879,2026,4,3
2026-04-03 11:40:00+00:00,4661.29,4661.3,4661.28,4661.29,1.8141,2026,4,3
2026-04-03 11:45:00+00:00,4661.29,4661.3,4661.0,4661.0,3.5097,2026,4,3
2026-04-03 11:50:00+00:00,4661.0,4661.01,4661.0,4661.0,0.8375,2026,4,3
2026-04-03 11:55:00+00:00,4661.0,4661.3,4661.0,4661.29,3.5249,2026,4,3
2026-04-03 12:00:00+00:00,4661.3,4661.4,4661.29,4661.4,4.0601,2026,4,3
2026-04-03 12:05:00+00:00,4661.43,4662.35,4661.42,4662.17,6.7127,2026,4,3
2026-04-03 12:10:00+00:00,4662.17,4662.24,4662.17,4662.24,3.213,2026,4,3
2026-04-03 12:15:00+00:00,4662.25,4662.25,4660.74,4660.74,4.099,2026,4,3
2026-04-03 12:20:00+00:00,4660.74,4660.75,4659.07,4660.01,6.7756,2026,4,3
2026-04-03 12:25:00+00:00,4660.02,4664.46,4660.01,4662.9,34.8774,2026,4,3
2026-04-03 12:30:00+00:00,4662.91,4667.22,4653.79,4653.79,46.0306,2026,4,3
2026-04-03 12:35:00+00:00,4654.7,4654.71,4652.0,4652.0,9.4273,2026,4,3
2026-04-03 12:40:00+00:00,4652.0,4655.33,4648.8,4653.17,193.3379,2026,4,3
2026-04-03 12:45:00+00:00,4653.17,4654.44,4651.56,4651.56,11.0491,2026,4,3
2026-04-03 12:50:00+00:00,4651.92,4651.92,4642.0,4646.87,603.5053,2026,4,3
2026-04-03 12:55:00+00:00,4646.87,4648.0,4645.5,4647.24,52.185,2026,4,3
2026-04-03 13:00:00+00:00,4647.25,4649.04,4647.25,4647.97,29.2924,2026,4,3
2026-04-03 13:05:00+00:00,4647.96,4648.4,4647.85,4647.85,5.6622,2026,4,3
2026-04-03 13:10:00+00:00,4647.85,4648.86,4647.43,4647.79,14.8373,2026,4,3
2026-04-03 13:15:00+00:00,4647.78,4649.0,4647.78,4648.71,9.453,2026,4,3
2026-04-03 13:20:00+00:00,4648.72,4648.75,4648.67,4648.68,4.6787,2026,4,3
2026-04-03 13:25:00+00:00,4648.67,4648.67,4646.95,4646.95,4.532,2026,4,3
2026-04-03 13:30:00+00:00,4646.95,4646.96,4646.31,4646.32,2.6765,2026,4,3
2026-04-03 13:35:00+00:00,4646.31,4647.9,4646.3,4647.9,5.0826,2026,4,3
2026-04-03 13:40:00+00:00,4647.9,4649.0,4647.89,4649.0,18.9357,2026,4,3
2026-04-03 13:45:00+00:00,4649.0,4649.0,4648.99,4649.0,6.2272,2026,4,3
2026-04-03 13:50:00+00:00,4649.0,4650.85,4644.87,4650.14,143.1312,2026,4,3
2026-04-03 13:55:00+00:00,4650.14,4651.28,4650.14,4651.04,12.6909,2026,4,3
2026-04-03 14:00:00+00:00,4651.05,4651.05,4648.32,4648.67,8.9995,2026,4,3
2026-04-03 14:05:00+00:00,4648.68,4650.12,4648.67,4650.12,4.6201,2026,4,3
2026-04-03 14:10:00+00:00,4650.15,4652.89,4650.15,4652.31,66.5619,2026,4,3
2026-04-03 14:15:00+00:00,4652.3,4652.3,4652.0,4652.0,3.6779,2026,4,3
2026-04-03 14:20:00+00:00,4652.0,4652.0,4651.0,4651.53,4.5524,2026,4,3
2026-04-03 14:25:00+00:00,4651.53,4651.54,4651.37,4651.38,7.9607,2026,4,3
2026-04-03 14:30:00+00:00,4651.38,4652.01,4650.41,4650.42,64.6688,2026,4,3
2026-04-03 14:35:00+00:00,4650.42,4650.42,4648.5,4648.5,9.2802,2026,4,3
2026-04-03 14:40:00+00:00,4648.51,4649.39,4647.72,4647.72,14.9538,2026,4,3
2026-04-03 14:45:00+00:00,4647.72,4649.42,4647.72,4649.26,43.6645,2026,4,3
2026-04-03 14:50:00+00:00,4649.26,4649.35,4648.6,4648.62,35.2507,2026,4,3
2026-04-03 14:55:00+00:00,4648.63,4649.32,4648.55,4649.32,26.7383,2026,4,3
2026-04-03 15:00:00+00:00,4649.4,4650.48,4649.4,4650.48,12.3144,2026,4,3
2026-04-03 15:05:00+00:00,4650.48,4650.9,4650.48,4650.9,5.1123,2026,4,3
2026-04-03 15:10:00+00:00,4650.9,4651.04,4650.86,4651.03,2.4018,2026,4,3
2026-04-03 15:15:00+00:00,4651.03,4651.03,4648.53,4649.5,29.0051,2026,4,3
2026-04-03 15:20:00+00:00,4649.5,4649.51,4647.73,4648.5,18.253,2026,4,3
2026-04-03 15:25:00+00:00,4648.5,4649.41,4648.5,4649.36,10.4143,2026,4,3
2026-04-03 15:30:00+00:00,4649.36,4649.36,4647.83,4648.69,12.0218,2026,4,3
2026-04-03 15:35:00+00:00,4648.7,4650.97,4648.7,4650.97,9.7477,2026,4,3
2026-04-03 15:40:00+00:00,4651.0,4651.1,4650.99,4651.09,5.8538,2026,4,3
2026-04-03 15:45:00+00:00,4651.09,4651.09,4649.55,4649.55,5.486,2026,4,3
2026-04-03 15:50:00+00:00,4649.64,4650.48,4649.64,4650.48,8.998,2026,4,3
2026-04-03 15:55:00+00:00,4650.48,4650.48,4649.54,4649.7,4.6969,2026,4,3
2026-04-03 16:00:00+00:00,4649.7,4650.11,4649.04,4650.11,3.9532,2026,4,3
2026-04-03 16:05:00+00:00,4650.11,4650.74,4650.1,4650.73,2.8534,2026,4,3
2026-04-03 16:10:00+00:00,4650.74,4650.74,4650.6,4650.66,2.851,2026,4,3
2026-04-03 16:15:00+00:00,4650.66,4651.02,4650.66,4651.01,1.7487,2026,4,3
2026-04-03 16:20:00+00:00,4651.02,4651.2,4651.02,4651.2,5.5193,2026,4,3
2026-04-03 16:25:00+00:00,4651.2,4652.7,4651.2,4652.7,14.9079,2026,4,3
2026-04-03 16:30:00+00:00,4652.69,4652.7,4652.4,4652.41,3.3967,2026,4,3
2026-04-03 16:35:00+00:00,4652.4,4652.41,4650.32,4651.3,17.1944,2026,4,3
2026-04-03 16:40:00+00:00,4651.3,4651.31,4650.84,4651.3,5.2202,2026,4,3
2026-04-03 16:45:00+00:00,4651.29,4651.29,4650.84,4650.85,5.6524,2026,4,3
2026-04-03 16:50:00+00:00,4650.84,4651.92,4650.84,4651.62,6.747,2026,4,3
2026-04-03 16:55:00+00:00,4651.75,4651.88,4651.74,4651.87,8.5778,2026,4,3
2026-04-03 17:00:00+00:00,4651.85,4651.86,4651.38,4651.39,4.8758,2026,4,3
2026-04-03 17:05:00+00:00,4651.39,4651.39,4650.84,4650.85,1.8806,2026,4,3
2026-04-03 17:10:00+00:00,4650.85,4650.85,4650.82,4650.83,1.6255,2026,4,3
2026-04-03 17:15:00+00:00,4650.82,4650.82,4649.5,4649.5,4.4596,2026,4,3
2026-04-03 17:20:00+00:00,4649.5,4649.5,4648.23,4648.85,6.7242,2026,4,3
2026-04-03 17:25:00+00:00,4648.51,4648.51,4648.14,4648.16,1.839,2026,4,3
2026-04-03 17:30:00+00:00,4648.16,4648.16,4647.6,4647.6,1.2498,2026,4,3
2026-04-03 17:35:00+00:00,4647.61,4647.61,4647.6,4647.61,0.9849,2026,4,3
2026-04-03 17:40:00+00:00,4647.61,4649.45,4647.6,4649.44,9.3585,2026,4,3
2026-04-03 17:45:00+00:00,4649.43,4649.43,4648.86,4648.87,0.3958,2026,4,3
2026-04-03 17:50:00+00:00,4648.87,4648.87,4648.86,4648.87,0.184,2026,4,3
2026-04-03 17:55:00+00:00,4648.87,4648.87,4648.33,4648.35,2.1735,2026,4,3
2026-04-03 18:00:00+00:00,4648.35,4648.35,4648.33,4648.33,1.11,2026,4,3
2026-04-03 18:05:00+00:00,4648.34,4648.34,4648.33,4648.34,0.1023,2026,4,3
2026-04-03 18:10:00+00:00,4648.34,4648.34,4647.07,4647.07,9.9654,2026,4,3
2026-04-03 18:15:00+00:00,4647.07,4647.07,4647.06,4647.06,0.8392,2026,4,3
2026-04-03 18:20:00+00:00,4647.07,4647.18,4646.35,4646.96,9.3368,2026,4,3
2026-04-03 18:25:00+00:00,4646.96,4646.96,4646.17,4646.44,4.1177,2026,4,3
2026-04-03 18:30:00+00:00,4646.45,4647.59,4646.45,4647.55,4.1054,2026,4,3
2026-04-03 18:35:00+00:00,4647.54,4647.55,4647.54,4647.55,0.1415,2026,4,3
2026-04-03 18:40:00+00:00,4647.54,4647.54,4646.17,4646.17,1.2985,2026,4,3
2026-04-03 18:45:00+00:00,4646.17,4646.17,4646.1,4646.1,0.9622,2026,4,3
2026-04-03 18:50:00+00:00,4646.11,4647.3,4646.05,4646.71,5.6617,2026,4,3
2026-04-03 18:55:00+00:00,4646.7,4646.71,4646.7,4646.7,0.3228,2026,4,3
2026-04-03 19:00:00+00:00,4646.7,4647.96,4646.7,4647.96,2.3405,2026,4,3
2026-04-03 19:05:00+00:00,4647.96,4649.4,4647.93,4647.95,11.9928,2026,4,3
2026-04-03 19:10:00+00:00,4647.95,4647.95,4644.01,4644.5,28.5247,2026,4,3
2026-04-03 19:15:00+00:00,4644.54,4647.45,4644.54,4647.3,2.4008,2026,4,3
2026-04-03 19:20:00+00:00,4647.3,4647.3,4647.29,4647.3,1.911,2026,4,3
2026-04-03 19:25:00+00:00,4647.3,4648.1,4647.29,4648.09,0.4344,2026,4,3
2026-04-03 19:30:00+00:00,4648.09,4648.1,4648.09,4648.1,0.3718,2026,4,3
2026-04-03 19:35:00+00:00,4648.09,4648.09,4646.16,4646.16,6.3551,2026,4,3
2026-04-03 19:40:00+00:00,4646.17,4646.17,4646.01,4646.05,2.4719,2026,4,3
2026-04-03 19:45:00+00:00,4646.05,4647.19,4646.05,4647.18,1.6579,2026,4,3
2026-04-03 19:50:00+00:00,4647.18,4647.18,4645.87,4645.87,4.2317,2026,4,3
2026-04-03 19:55:00+00:00,4645.88,4646.62,4645.21,4645.63,4.0786,2026,4,3
2026-04-03 20:00:00+00:00,4645.62,4645.62,4645.01,4645.02,0.974,2026,4,3
2026-04-03 20:05:00+00:00,4645.01,4645.82,4643.12,4645.82,17.5987,2026,4,3
2026-04-03 20:10:00+00:00,4645.79,4646.7,4642.39,4646.5,26.2558,2026,4,3
2026-04-03 20:15:00+00:00,4645.98,4645.98,4643.43,4643.5,4.6305,2026,4,3
2026-04-03 20:20:00+00:00,4643.5,4646.66,4643.5,4645.8,29.2758,2026,4,3
2026-04-03 20:25:00+00:00,4645.79,4646.34,4645.1,4645.4,4.0078,2026,4,3
2026-04-03 20:30:00+00:00,4645.4,4645.62,4645.39,4645.61,0.299,2026,4,3
2026-04-03 20:35:00+00:00,4645.62,4647.18,4645.61,4646.34,4.7831,2026,4,3
2026-04-03 20:40:00+00:00,4646.33,4646.34,4645.45,4646.15,4.8493,2026,4,3
2026-04-03 20:45:00+00:00,4646.15,4646.34,4645.09,4645.09,10.9277,2026,4,3
2026-04-03 20:50:00+00:00,4645.09,4645.55,4643.71,4645.36,6.6403,2026,4,3
2026-04-03 20:55:00+00:00,4645.36,4645.36,4645.35,4645.36,0.3179,2026,4,3
2026-04-03 21:00:00+00:00,4645.62,4647.81,4645.62,4647.47,1.6199,2026,4,3
2026-04-03 21:05:00+00:00,4647.47,4649.32,4647.21,4649.2,8.2954,2026,4,3
2026-04-03 21:10:00+00:00,4649.2,4649.2,4647.96,4647.96,1.7449,2026,4,3
2026-04-03 21:15:00+00:00,4647.95,4648.32,4647.24,4648.32,3.3938,2026,4,3
2026-04-03 21:20:00+00:00,4648.31,4648.32,4646.88,4646.88,1.3799,2026,4,3
2026-04-03 21:25:00+00:00,4646.88,4646.88,4645.98,4646.1,0.0687,2026,4,3
2026-04-03 21:30:00+00:00,4646.17,4647.54,4646.17,4647.11,2.0383,2026,4,3
2026-04-03 21:35:00+00:00,4647.1,4647.11,4647.07,4647.07,0.7014,2026,4,3
2026-04-03 21:40:00+00:00,4647.08,4648.67,4647.08,4648.5,5.1915,2026,4,3
2026-04-03 21:45:00+00:00,4648.5,4649.21,4647.96,4649.21,2.0691,2026,4,3
2026-04-03 21:50:00+00:00,4648.68,4648.68,4647.55,4647.55,0.2013,2026,4,3
2026-04-03 21:55:00+00:00,4647.56,4647.56,4647.55,4647.56,0.1842,2026,4,3
2026-04-03 22:00:00+00:00,4647.56,4647.56,4647.39,4647.4,1.2561,2026,4,3
2026-04-03 22:05:00+00:00,4647.24,4647.24,4646.52,4646.52,0.4911,2026,4,3
2026-04-03 22:10:00+00:00,4646.35,4646.88,4645.62,4646.88,3.5379,2026,4,3
2026-04-03 22:15:00+00:00,4646.87,4646.88,4646.87,4646.87,1.5256,2026,4,3
2026-04-03 22:20:00+00:00,4646.63,4646.64,4646.63,4646.63,0.3086,2026,4,3
2026-04-03 22:25:00+00:00,4646.64,4646.64,4646.63,4646.64,0.6938,2026,4,3
2026-04-03 22:30:00+00:00,4646.64,4646.64,4646.63,4646.64,0.2249,2026,4,3
2026-04-03 22:35:00+00:00,4646.64,4646.64,4646.63,4646.64,0.5375,2026,4,3
2026-04-03 22:40:00+00:00,4646.64,4647.82,4646.64,4647.82,1.6464,2026,4,3
2026-04-03 22:45:00+00:00,4647.82,4647.82,4647.05,4647.05,0.8051,2026,4,3
2026-04-03 22:50:00+00:00,4647.06,4647.06,4646.01,4646.02,3.3283,2026,4,3
2026-04-03 22:55:00+00:00,4646.01,4646.1,4646.01,4646.09,1.8996,2026,4,3
2026-04-03 23:00:00+00:00,4646.1,4647.6,4646.09,4647.6,1.2206,2026,4,3
2026-04-03 23:05:00+00:00,4647.6,4647.96,4647.6,4647.96,0.5663,2026,4,3
2026-04-03 23:10:00+00:00,4647.96,4647.96,4647.95,4647.95,0.4927,2026,4,3
2026-04-03 23:15:00+00:00,4647.96,4647.96,4647.95,4647.96,0.0979,2026,4,3
2026-04-03 23:20:00+00:00,4647.96,4648.05,4647.96,4648.05,0.8665,2026,4,3
2026-04-03 23:25:00+00:00,4648.05,4648.55,4648.05,4648.55,2.0839,2026,4,3
2026-04-03 23:30:00+00:00,4648.55,4648.55,4648.55,4648.55,0.0747,2026,4,3
2026-04-03 23:35:00+00:00,4648.54,4648.55,4648.54,4648.55,0.0702,2026,4,3
2026-04-03 23:40:00+00:00,4648.54,4649.39,4648.54,4648.91,3.861,2026,4,3
2026-04-03 23:45:00+00:00,4648.95,4648.95,4648.94,4648.95,0.211,2026,4,3
2026-04-03 23:50:00+00:00,4648.95,4648.95,4648.94,4648.94,2.09,2026,4,3
2026-04-03 23:55:00+00:00,4648.95,4648.95,4648.94,4648.94,0.4663,2026,4,3
2026-04-04 00:00:00+00:00,4648.91,4648.93,4648.91,4648.93,2.2831,2026,4,4
2026-04-04 00:05:00+00:00,4648.92,4648.93,4648.65,4648.65,2.1275,2026,4,4
2026-04-04 00:10:00+00:00,4648.65,4648.66,4647.79,4647.8,2.5292,2026,4,4
2026-04-04 00:15:00+00:00,4647.79,4647.79,4646.95,4647.75,30.5571,2026,4,4
2026-04-04 00:20:00+00:00,4647.77,4648.14,4647.77,4648.14,2.9878,2026,4,4
2026-04-04 00:25:00+00:00,4648.14,4648.59,4648.14,4648.58,28.5208,2026,4,4
2026-04-04 00:30:00+00:00,4648.59,4648.59,4648.58,4648.58,2.2261,2026,4,4
2026-04-04 00:35:00+00:00,4648.58,4648.59,4648.58,4648.58,1.128,2026,4,4
2026-04-04 00:40:00+00:00,4648.59,4648.59,4648.59,4648.59,0.0398,2026,4,4
2026-04-04 00:45:00+00:00,4648.59,4648.99,4648.59,4648.98,1.2396,2026,4,4
2026-04-04 00:50:00+00:00,4648.98,4650.12,4648.98,4650.11,9.6984,2026,4,4
2026-04-04 00:55:00+00:00,4650.11,4650.11,4648.65,4648.65,14.0728,2026,4,4
2026-04-04 01:00:00+00:00,4648.65,4652.01,4648.65,4650.04,78.546,2026,4,4
2026-04-04 01:05:00+00:00,4650.04,4650.87,4650.03,4650.87,4.4077,2026,4,4
2026-04-04 01:10:00+00:00,4650.86,4653.17,4650.86,4652.69,13.8921,2026,4,4
2026-04-04 01:15:00+00:00,4652.69,4653.19,4652.69,4653.19,0.3537,2026,4,4
2026-04-04 01:20:00+00:00,4653.19,4653.19,4652.65,4652.65,0.6237,2026,4,4
2026-04-04 01:25:00+00:00,4652.65,4652.65,4652.12,4652.12,0.5756,2026,4,4
2026-04-04 01:30:00+00:00,4652.13,4652.13,4652.13,4652.13,0.2174,2026,4,4
2026-04-04 01:35:00+00:00,4652.12,4652.14,4652.12,4652.14,2.5015,2026,4,4
2026-04-04 01:40:00+00:00,4652.15,4652.2,4652.14,4652.18,1.5034,2026,4,4
2026-04-04 01:45:00+00:00,4652.19,4652.82,4652.19,4652.82,5.1517,2026,4,4
2026-04-04 01:50:00+00:00,4652.82,4652.82,4652.56,4652.57,10.7016,2026,4,4
2026-04-04 01:55:00+00:00,4652.57,4654.11,4652.56,4654.1,10.5001,2026,4,4
2026-04-04 02:00:00+00:00,4654.11,4654.11,4654.1,4654.1,1.1253,2026,4,4
2026-04-04 02:05:00+00:00,4654.11,4654.11,4653.18,4653.24,30.9146,2026,4,4
2026-04-04 02:10:00+00:00,4653.24,4653.25,4653.24,4653.24,2.1468,2026,4,4
2026-04-04 02:15:00+00:00,4653.24,4653.25,4653.2,4653.21,23.4987,2026,4,4
2026-04-04 02:20:00+00:00,4653.22,4653.23,4653.21,4653.23,13.46,2026,4,4
2026-04-04 02:25:00+00:00,4653.22,4653.23,4653.22,4653.22,1.0802,2026,4,4
2026-04-04 02:30:00+00:00,4653.22,4653.23,4653.22,4653.22,4.096,2026,4,4
2026-04-04 02:35:00+00:00,4653.22,4653.23,4653.22,4653.22,2.2201,2026,4,4
2026-04-04 02:40:00+00:00,4653.23,4653.68,4653.22,4653.67,1.731,2026,4,4
2026-04-04 02:45:00+00:00,4653.68,4653.68,4653.67,4653.68,0.1155,2026,4,4
2026-04-04 02:50:00+00:00,4653.68,4653.68,4653.67,4653.68,0.108,2026,4,4
2026-04-04 02:55:00+00:00,4653.67,4653.68,4653.67,4653.67,1.3152,2026,4,4
2026-04-04 03:00:00+00:00,4653.68,4653.68,4653.67,4653.67,0.8338,2026,4,4
2026-04-04 03:05:00+00:00,4653.68,4653.68,4653.67,4653.68,0.4796,2026,4,4
2026-04-04 03:10:00+00:00,4653.67,4653.68,4653.65,4653.67,2.1889,2026,4,4
2026-04-04 03:15:00+00:00,4653.68,4653.68,4651.39,4653.67,20.8767,2026,4,4
2026-04-04 03:20:00+00:00,4653.68,4653.68,4653.6,4653.66,1.7123,2026,4,4
2026-04-04 03:25:00+00:00,4653.65,4653.66,4653.57,4653.57,0.8063,2026,4,4
2026-04-04 03:30:00+00:00,4653.57,4653.58,4653.55,4653.55,2.8482,2026,4,4
2026-04-04 03:35:00+00:00,4653.56,4653.56,4653.53,4653.55,1.122,2026,4,4
2026-04-04 03:40:00+00:00,4653.56,4653.56,4653.55,4653.55,0.0687,2026,4,4
2026-04-04 03:45:00+00:00,4653.55,4653.57,4653.55,4653.56,0.3174,2026,4,4
2026-04-04 03:50:00+00:00,4653.56,4653.57,4653.56,4653.57,0.2895,2026,4,4
2026-04-04 03:55:00+00:00,4653.56,4653.56,4653.55,4653.56,0.307,2026,4,4
2026-04-04 04:00:00+00:00,4653.55,4653.57,4653.55,4653.55,1.0824,2026,4,4
2026-04-04 04:05:00+00:00,4653.55,4653.55,4650.9,4652.08,12.9044,2026,4,4
2026-04-04 04:10:00+00:00,4652.08,4652.08,4652.07,4652.07,0.5105,2026,4,4
2026-04-04 04:15:00+00:00,4652.07,4652.84,4652.07,4652.84,10.0008,2026,4,4
2026-04-04 04:20:00+00:00,4652.83,4653.05,4652.83,4653.05,0.1418,2026,4,4
2026-04-04 04:25:00+00:00,4653.04,4653.11,4653.0,4653.11,1.6519,2026,4,4
2026-04-04 04:30:00+00:00,4653.11,4653.12,4652.54,4652.54,1.0144,2026,4,4
2026-04-04 04:35:00+00:00,4652.54,4652.55,4652.54,4652.54,0.1751,2026,4,4
2026-04-04 04:40:00+00:00,4652.55,4652.55,4652.31,4652.35,1.1094,2026,4,4
2026-04-04 04:45:00+00:00,4652.34,4652.35,4652.25,4652.25,0.7495,2026,4,4
2026-04-04 04:50:00+00:00,4652.31,4652.31,4652.3,4652.31,0.045,2026,4,4
2026-04-04 04:55:00+00:00,4652.3,4652.31,4652.3,4652.31,0.0453,2026,4,4
2026-04-04 05:00:00+00:00,4652.31,4652.31,4652.3,4652.31,0.0917,2026,4,4
2026-04-04 05:05:00+00:00,4652.3,4652.31,4652.12,4652.12,0.127,2026,4,4
2026-04-04 05:10:00+00:00,4652.11,4652.12,4652.11,4652.11,0.1242,2026,4,4
2026-04-04 05:15:00+00:00,4652.07,4652.07,4652.06,4652.06,0.1138,2026,4,4
2026-04-04 05:20:00+00:00,4652.05,4652.06,4651.97,4651.97,0.8183,2026,4,4
2026-04-04 05:25:00+00:00,4651.97,4651.97,4651.4,4651.41,0.7005,2026,4,4
2026-04-04 05:30:00+00:00,4651.4,4651.45,4651.4,4651.4,0.8291,2026,4,4
2026-04-04 05:35:00+00:00,4651.4,4651.44,4651.4,4651.43,0.3182,2026,4,4
2026-04-04 05:40:00+00:00,4651.43,4651.43,4651.4,4651.4,0.2209,2026,4,4
2026-04-04 05:45:00+00:00,4651.4,4651.41,4651.2,4651.2,1.4212,2026,4,4
2026-04-04 05:50:00+00:00,4651.2,4651.21,4651.2,4651.2,0.3853,2026,4,4
2026-04-04 05:55:00+00:00,4651.21,4651.3,4651.2,4651.29,1.2655,2026,4,4
2026-04-04 06:00:00+00:00,4651.3,4651.35,4651.17,4651.18,6.579,2026,4,4
2026-04-04 06:05:00+00:00,4651.19,4651.39,4651.18,4651.33,2.5458,2026,4,4
2026-04-04 06:10:00+00:00,4651.33,4651.33,4651.32,4651.33,0.2205,2026,4,4
2026-04-04 06:15:00+00:00,4651.34,4652.3,4651.33,4652.3,7.2707,2026,4,4
2026-04-04 06:20:00+00:00,4652.31,4652.96,4652.31,4652.96,0.9469,2026,4,4
2026-04-04 06:25:00+00:00,4652.96,4652.98,4652.95,4652.95,2.5661,2026,4,4
2026-04-04 06:30:00+00:00,4652.96,4652.98,4652.95,4652.98,0.562,2026,4,4
2026-04-04 06:35:00+00:00,4652.98,4652.98,4652.93,4652.93,1.4803,2026,4,4
2026-04-04 06:40:00+00:00,4652.93,4652.93,4652.32,4652.33,1.0856,2026,4,4
2026-04-04 06:45:00+00:00,4652.33,4652.33,4652.2,4652.21,2.9256,2026,4,4
2026-04-04 06:50:00+00:00,4652.2,4652.21,4652.2,4652.2,0.4516,2026,4,4
2026-04-04 06:55:00+00:00,4652.21,4652.21,4652.2,4652.2,0.1517,2026,4,4
2026-04-04 07:00:00+00:00,4652.21,4652.21,4652.2,4652.21,0.9337,2026,4,4
2026-04-04 07:05:00+00:00,4652.2,4652.2,4651.89,4651.89,3.7928,2026,4,4
2026-04-04 07:10:00+00:00,4651.9,4651.9,4651.86,4651.87,0.2995,2026,4,4
2026-04-04 07:15:00+00:00,4651.87,4651.89,4651.86,4651.89,0.7567,2026,4,4
2026-04-04 07:20:00+00:00,4651.89,4651.89,4651.86,4651.87,0.7321,2026,4,4
2026-04-04 07:25:00+00:00,4651.86,4651.87,4651.86,4651.87,0.3337,2026,4,4
2026-04-04 07:30:00+00:00,4651.87,4651.89,4651.87,4651.88,1.0269,2026,4,4
2026-04-04 07:35:00+00:00,4651.88,4651.88,4651.28,4651.28,1.456,2026,4,4
2026-04-04 07:40:00+00:00,4651.29,4651.3,4651.28,4651.28,1.5796,2026,4,4
2026-04-04 07:45:00+00:00,4651.29,4651.35,4651.28,4651.34,1.858,2026,4,4
2026-04-04 07:50:00+00:00,4651.34,4651.34,4649.98,4650.26,17.3916,2026,4,4
2026-04-04 07:55:00+00:00,4650.27,4650.29,4650.26,4650.28,1.3097,2026,4,4
2026-04-04 08:00:00+00:00,4650.28,4650.28,4649.59,4649.77,3.219,2026,4,4
2026-04-04 08:05:00+00:00,4649.77,4649.77,4649.77,4649.77,0.2231,2026,4,4
2026-04-04 08:10:00+00:00,4649.77,4649.77,4649.6,4649.6,1.8187,2026,4,4
2026-04-04 08:15:00+00:00,4649.6,4649.6,4649.05,4649.06,2.9418,2026,4,4
2026-04-04 08:20:00+00:00,4649.06,4649.06,4649.05,4649.05,0.2526,2026,4,4
2026-04-04 08:25:00+00:00,4649.05,4649.05,4648.92,4648.93,2.3762,2026,4,4
2026-04-04 08:30:00+00:00,4648.93,4648.93,4648.92,4648.93,0.3761,2026,4,4
2026-04-04 08:35:00+00:00,4648.93,4648.93,4648.92,4648.92,1.0294,2026,4,4
2026-04-04 08:40:00+00:00,4648.93,4648.93,4648.82,4648.83,1.4403,2026,4,4
2026-04-04 08:45:00+00:00,4648.82,4648.83,4648.82,4648.82,0.2843,2026,4,4
2026-04-04 08:50:00+00:00,4648.82,4648.83,4648.82,4648.82,0.3928,2026,4,4
2026-04-04 08:55:00+00:00,4648.82,4648.95,4648.82,4648.95,2.136,2026,4,4
2026-04-04 09:00:00+00:00,4648.94,4648.95,4648.94,4648.95,1.1946,2026,4,4
2026-04-04 09:05:00+00:00,4648.95,4648.95,4648.94,4648.95,2.5518,2026,4,4
2026-04-04 09:10:00+00:00,4648.96,4649.0,4648.96,4648.99,3.2513,2026,4,4
2026-04-04 09:15:00+00:00,4648.99,4649.0,4648.99,4648.99,1.9917,2026,4,4
2026-04-04 09:20:00+00:00,4649.0,4649.0,4648.99,4648.99,0.3917,2026,4,4
2026-04-04 09:25:00+00:00,4648.99,4649.0,4648.99,4648.99,1.0537,2026,4,4
2026-04-04 09:30:00+00:00,4649.0,4649.0,4648.99,4649.0,0.0745,2026,4,4
2026-04-04 09:35:00+00:00,4649.0,4649.0,4648.99,4648.99,1.805,2026,4,4
2026-04-04 09:40:00+00:00,4649.0,4650.0,4648.99,4650.0,2.1404,2026,4,4
2026-04-04 09:45:00+00:00,4649.99,4650.82,4649.99,4650.82,2.0768,2026,4,4
2026-04-04 09:50:00+00:00,4650.82,4650.82,4650.81,4650.82,0.2979,2026,4,4
2026-04-04 09:55:00+00:00,4650.81,4650.82,4650.81,4650.82,2.1398,2026,4,4
2026-04-04 10:00:00+00:00,4650.82,4651.55,4650.81,4651.55,2.1333,2026,4,4
2026-04-04 10:05:00+00:00,4651.55,4652.95,4651.55,4652.94,2.1682,2026,4,4
2026-04-04 10:10:00+00:00,4652.94,4652.95,4652.94,4652.94,1.5806,2026,4,4
2026-04-04 10:15:00+00:00,4652.95,4653.54,4652.94,4653.54,3.4646,2026,4,4
2026-04-04 10:20:00+00:00,4653.54,4653.54,4652.75,4652.75,2.2204,2026,4,4
2026-04-04 10:25:00+00:00,4652.75,4652.76,4652.71,4652.72,5.2362,2026,4,4
2026-04-04 10:30:00+00:00,4652.72,4653.43,4652.71,4653.43,1.2071,2026,4,4
2026-04-04 10:35:00+00:00,4653.54,4654.15,4653.54,4654.15,1.0895,2026,4,4
2026-04-04 10:40:00+00:00,4654.14,4654.15,4654.14,4654.15,0.4085,2026,4,4
2026-04-04 10:45:00+00:00,4654.14,4654.47,4654.1,4654.45,1.3899,2026,4,4
2026-04-04 10:50:00+00:00,4654.45,4655.0,4654.45,4655.0,1.8557,2026,4,4
2026-04-04 10:55:00+00:00,4655.0,4655.0,4654.99,4654.99,1.9993,2026,4,4
2026-04-04 11:00:00+00:00,4655.0,4655.8,4655.0,4655.8,1.2857,2026,4,4
2026-04-04 11:05:00+00:00,4655.79,4655.8,4655.79,4655.8,0.9416,2026,4,4
2026-04-04 11:10:00+00:00,4655.8,4655.8,4655.8,4655.8,1.3973,2026,4,4
2026-04-04 11:15:00+00:00,4655.8,4655.8,4655.79,4655.79,0.1638,2026,4,4
2026-04-04 11:20:00+00:00,4655.8,4655.8,4655.79,4655.79,1.1385,2026,4,4
2026-04-04 11:25:00+00:00,4655.79,4655.84,4655.79,4655.83,3.4751,2026,4,4
2026-04-04 11:30:00+00:00,4655.83,4655.84,4655.79,4655.8,1.8044,2026,4,4
2026-04-04 11:35:00+00:00,4655.79,4655.79,4654.09,4654.41,5.1079,2026,4,4
2026-04-04 11:40:00+00:00,4654.4,4654.4,4652.13,4652.13,2.6999,2026,4,4
2026-04-04 11:45:00+00:00,4652.13,4652.13,4651.2,4651.25,4.0388,2026,4,4
2026-04-04 11:50:00+00:00,4651.25,4651.25,4651.24,4651.25,0.6748,2026,4,4
2026-04-04 11:55:00+00:00,4651.25,4653.13,4651.24,4652.63,7.7331,2026,4,4
2026-04-04 12:00:00+00:00,4652.63,4654.55,4652.63,4654.45,0.8909,2026,4,4
2026-04-04 12:05:00+00:00,4654.44,4655.79,4654.44,4654.81,2.8269,2026,4,4
2026-04-04 12:10:00+00:00,4654.8,4654.97,4654.8,4654.97,2.0291,2026,4,4
2026-04-04 12:15:00+00:00,4654.96,4654.97,4654.85,4654.86,1.8842,2026,4,4
2026-04-04 12:20:00+00:00,4654.86,4654.86,4654.65,4654.65,4.7282,2026,4,4
2026-04-04 12:25:00+00:00,4654.65,4655.67,4654.65,4655.67,7.1917,2026,4,4
2026-04-04 12:30:00+00:00,4655.67,4655.67,4655.66,4655.66,1.099,2026,4,4
2026-04-04 12:35:00+00:00,4655.67,4655.67,4655.66,4655.67,0.6781,2026,4,4
2026-04-04 12:40:00+00:00,4655.67,4655.67,4655.66,4655.67,1.6571,2026,4,4
2026-04-04 12:45:00+00:00,4655.67,4655.67,4655.66,4655.67,0.8908,2026,4,4
2026-04-04 12:50:00+00:00,4655.67,4655.67,4655.66,4655.67,3.9247,2026,4,4
2026-04-04 12:55:00+00:00,4655.67,4655.71,4655.67,4655.71,1.2602,2026,4,4
2026-04-04 13:00:00+00:00,4655.7,4655.71,4655.7,4655.71,0.6308,2026,4,4
2026-04-04 13:05:00+00:00,4655.71,4655.71,4655.66,4655.67,0.5386,2026,4,4
2026-04-04 13:10:00+00:00,4655.67,4655.67,4655.08,4655.09,1.2012,2026,4,4
2026-04-04 13:15:00+00:00,4655.09,4655.09,4655.08,4655.09,1.2152,2026,4,4
2026-04-04 13:20:00+00:00,4655.09,4655.09,4654.63,4654.64,3.5505,2026,4,4
2026-04-04 13:25:00+00:00,4654.64,4654.65,4654.63,4654.63,0.8444,2026,4,4
2026-04-04 13:30:00+00:00,4654.64,4654.64,4654.63,4654.64,0.2722,2026,4,4
2026-04-04 13:35:00+00:00,4654.64,4654.64,4654.63,4654.63,0.898,2026,4,4
2026-04-04 13:40:00+00:00,4654.64,4654.64,4654.63,4654.64,0.6677,2026,4,4
2026-04-04 13:45:00+00:00,4654.64,4654.64,4654.63,4654.64,0.8109,2026,4,4
2026-04-04 13:50:00+00:00,4654.63,4656.23,4654.63,4655.35,18.2574,2026,4,4
2026-04-04 13:55:00+00:00,4655.35,4656.5,4655.35,4656.5,16.8318,2026,4,4
2026-04-04 14:00:00+00:00,4656.47,4657.82,4656.47,4657.4,43.4357,2026,4,4
2026-04-04 14:05:00+00:00,4657.4,4657.41,4657.4,4657.41,2.572,2026,4,4
2026-04-04 14:10:00+00:00,4657.41,4657.41,4656.6,4656.6,4.8758,2026,4,4
2026-04-04 14:15:00+00:00,4656.43,4656.43,4655.8,4655.8,2.7048,2026,4,4
2026-04-04 14:20:00+00:00,4655.81,4655.85,4655.81,4655.81,1.9433,2026,4,4
2026-04-04 14:25:00+00:00,4655.82,4655.85,4655.27,4655.28,1.8261,2026,4,4
2026-04-04 14:30:00+00:00,4655.28,4655.28,4655.27,4655.28,0.9906,2026,4,4
2026-04-04 14:35:00+00:00,4655.28,4655.7,4655.27,4655.7,0.703,2026,4,4
2026-04-04 14:40:00+00:00,4655.69,4655.7,4655.69,4655.69,6.1049,2026,4,4
2026-04-04 14:45:00+00:00,4655.7,4655.85,4655.7,4655.84,1.3918,2026,4,4
2026-04-04 14:50:00+00:00,4655.84,4656.06,4655.84,4656.06,0.4877,2026,4,4
2026-04-04 14:55:00+00:00,4656.23,4656.37,4656.23,4656.35,2.8091,2026,4,4
2026-04-04 15:00:00+00:00,4656.36,4656.36,4656.2,4656.21,1.0432,2026,4,4
2026-04-04 15:05:00+00:00,4656.21,4657.14,4656.21,4656.86,1.0377,2026,4,4
2026-04-04 15:10:00+00:00,4656.86,4657.32,4656.86,4656.91,4.3476,2026,4,4
2026-04-04 15:15:00+00:00,4656.9,4656.91,4656.9,4656.91,1.6062,2026,4,4
2026-04-04 15:20:00+00:00,4656.91,4656.91,4656.9,4656.9,1.9409,2026,4,4
2026-04-04 15:25:00+00:00,4656.91,4656.91,4655.0,4655.0,10.1077,2026,4,4
2026-04-04 15:30:00+00:00,4655.01,4655.01,4655.0,4655.01,6.9842,2026,4,4
2026-04-04 15:35:00+00:00,4655.0,4655.01,4655.0,4655.01,1.5474,2026,4,4
2026-04-04 15:40:00+00:00,4655.0,4655.01,4655.0,4655.01,3.0733,2026,4,4
2026-04-04 15:45:00+00:00,4655.01,4655.01,4655.0,4655.01,2.2572,2026,4,4
2026-04-04 15:50:00+00:00,4655.01,4655.01,4655.0,4655.01,0.5383,2026,4,4
2026-04-04 15:55:00+00:00,4655.01,4656.06,4655.0,4656.06,7.2698,2026,4,4
2026-04-04 16:00:00+00:00,4656.07,4656.91,4656.07,4656.91,2.7509,2026,4,4
2026-04-04 16:05:00+00:00,4656.94,4656.95,4656.94,4656.94,1.1147,2026,4,4
2026-04-04 16:10:00+00:00,4656.94,4656.95,4656.9,4656.91,1.5822,2026,4,4
2026-04-04 16:15:00+00:00,4656.91,4658.74,4656.9,4657.75,16.7577,2026,4,4
2026-04-04 16:20:00+00:00,4657.75,4657.76,4657.75,4657.76,0.5909,2026,4,4
2026-04-04 16:25:00+00:00,4657.75,4658.15,4657.75,4658.14,0.4889,2026,4,4
2026-04-04 16:30:00+00:00,4658.15,4658.15,4658.1,4658.11,2.1703,2026,4,4
2026-04-04 16:35:00+00:00,4658.1,4658.11,4657.7,4657.7,4.5339,2026,4,4
2026-04-04 16:40:00+00:00,4658.11,4658.11,4658.0,4658.01,1.7392,2026,4,4
2026-04-04 16:45:00+00:00,4658.01,4658.01,4657.56,4657.56,6.97,2026,4,4
2026-04-04 16:50:00+00:00,4657.57,4657.57,4657.56,4657.57,0.2439,2026,4,4
2026-04-04 16:55:00+00:00,4657.57,4657.57,4657.51,4657.51,0.2137,2026,4,4
2026-04-04 17:00:00+00:00,4657.5,4657.5,4657.18,4657.19,0.749,2026,4,4
2026-04-04 17:05:00+00:00,4657.18,4657.19,4656.6,4656.65,6.7339,2026,4,4
2026-04-04 17:10:00+00:00,4656.65,4656.99,4656.65,4656.98,2.3522,2026,4,4
2026-04-04 17:15:00+00:00,4656.99,4657.15,4656.99,4657.15,2.6535,2026,4,4
2026-04-04 17:20:00+00:00,4657.15,4657.15,4657.1,4657.11,2.1628,2026,4,4
2026-04-04 17:25:00+00:00,4657.1,4657.11,4656.72,4656.72,1.3551,2026,4,4
2026-04-04 17:30:00+00:00,4656.72,4656.73,4656.72,4656.73,0.363,2026,4,4
2026-04-04 17:35:00+00:00,4656.72,4656.73,4656.55,4656.55,1.3369,2026,4,4
2026-04-04 17:40:00+00:00,4656.56,4656.56,4656.55,4656.55,0.2379,2026,4,4
2026-04-04 17:45:00+00:00,4656.56,4656.56,4656.56,4656.56,0.2636,2026,4,4
2026-04-04 17:50:00+00:00,4656.55,4656.56,4655.11,4655.11,0.6756,2026,4,4
2026-04-04 17:55:00+00:00,4655.11,4655.12,4652.7,4652.82,12.1196,2026,4,4
2026-04-04 18:00:00+00:00,4652.82,4652.83,4652.33,4652.33,2.6564,2026,4,4
2026-04-04 18:05:00+00:00,4652.33,4652.5,4652.33,4652.5,3.0802,2026,4,4
2026-04-04 18:10:00+00:00,4652.5,4652.54,4652.49,4652.54,1.8847,2026,4,4
2026-04-04 18:15:00+00:00,4652.55,4652.82,4652.55,4652.82,0.6816,2026,4,4
2026-04-04 18:20:00+00:00,4652.99,4653.25,4652.99,4653.24,0.279,2026,4,4
2026-04-04 18:25:00+00:00,4653.24,4653.25,4653.2,4653.2,0.7183,2026,4,4
2026-04-04 18:30:00+00:00,4653.21,4653.21,4652.5,4652.69,2.7668,2026,4,4
2026-04-04 18:35:00+00:00,4652.7,4652.7,4651.21,4651.22,4.8494,2026,4,4
2026-04-04 18:40:00+00:00,4651.22,4651.75,4650.34,4651.75,18.3362,2026,4,4
2026-04-04 18:45:00+00:00,4651.81,4651.82,4651.8,4651.82,6.0221,2026,4,4
2026-04-04 18:50:00+00:00,4651.82,4651.82,4651.29,4651.3,3.2749,2026,4,4
2026-04-04 18:55:00+00:00,4651.29,4651.29,4651.14,4651.14,2.7553,2026,4,4
2026-04-04 19:00:00+00:00,4651.14,4651.14,4650.0,4650.05,18.8674,2026,4,4
2026-04-04 19:05:00+00:00,4650.04,4650.84,4649.59,4650.84,6.7305,2026,4,4
2026-04-04 19:10:00+00:00,4650.83,4650.84,4650.83,4650.84,0.2634,2026,4,4
2026-04-04 19:15:00+00:00,4650.84,4651.89,4650.83,4651.05,4.8629,2026,4,4
2026-04-04 19:20:00+00:00,4651.06,4651.06,4651.05,4651.06,3.9068,2026,4,4
2026-04-04 19:25:00+00:00,4651.06,4651.06,4649.12,4649.59,40.9474,2026,4,4
2026-04-04 19:30:00+00:00,4649.59,4649.6,4649.55,4649.56,4.1997,2026,4,4
2026-04-04 19:35:00+00:00,4649.55,4649.56,4649.55,4649.55,1.1997,2026,4,4
2026-04-04 19:40:00+00:00,4649.56,4649.56,4649.55,4649.56,2.1304,2026,4,4
2026-04-04 19:45:00+00:00,4649.56,4649.56,4649.55,4649.56,3.6892,2026,4,4
2026-04-04 19:50:00+00:00,4649.55,4649.56,4648.97,4649.34,13.9905,2026,4,4
2026-04-04 19:55:00+00:00,4649.34,4649.35,4649.34,4649.34,1.1301,2026,4,4
2026-04-04 20:00:00+00:00,4649.34,4649.34,4648.97,4649.04,8.4177,2026,4,4
2026-04-04 20:05:00+00:00,4649.04,4649.04,4649.03,4649.03,2.229,2026,4,4
2026-04-04 20:10:00+00:00,4649.04,4649.04,4648.36,4648.36,4.6356,2026,4,4
2026-04-04 20:15:00+00:00,4648.36,4649.03,4648.36,4649.03,4.134,2026,4,4
2026-04-04 20:20:00+00:00,4649.03,4649.7,4649.03,4649.69,1.8876,2026,4,4
2026-04-04 20:25:00+00:00,4649.69,4649.7,4649.69,4649.69,0.7604,2026,4,4
2026-04-04 20:30:00+00:00,4649.7,4649.7,4649.69,4649.7,4.3894,2026,4,4
2026-04-04 20:35:00+00:00,4649.69,4650.08,4649.69,4650.08,2.9995,2026,4,4
2026-04-04 20:40:00+00:00,4650.08,4650.65,4650.07,4650.42,2.4562,2026,4,4
2026-04-04 20:45:00+00:00,4650.42,4650.42,4650.41,4650.42,2.8332,2026,4,4
2026-04-04 20:50:00+00:00,4650.42,4650.42,4650.41,4650.41,1.0346,2026,4,4
2026-04-04 20:55:00+00:00,4650.41,4650.42,4650.41,4650.42,0.595,2026,4,4
2026-04-04 21:00:00+00:00,4650.42,4650.42,4649.04,4649.04,9.8915,2026,4,4
2026-04-04 21:05:00+00:00,4649.04,4649.05,4649.04,4649.04,1.6326,2026,4,4
2026-04-04 21:10:00+00:00,4649.05,4650.98,4649.04,4650.97,28.6204,2026,4,4
2026-04-04 21:15:00+00:00,4650.97,4650.98,4650.97,4650.97,0.0954,2026,4,4
2026-04-04 21:20:00+00:00,4650.97,4650.98,4650.97,4650.98,0.1638,2026,4,4
2026-04-04 21:25:00+00:00,4650.98,4650.98,4650.31,4650.4,3.7557,2026,4,4
2026-04-04 21:30:00+00:00,4650.4,4650.41,4650.4,4650.4,1.5487,2026,4,4
2026-04-04 21:35:00+00:00,4650.41,4650.41,4650.4,4650.4,0.5079,2026,4,4
2026-04-04 21:40:00+00:00,4650.4,4650.41,4650.4,4650.41,2.4275,2026,4,4
2026-04-04 21:45:00+00:00,4650.41,4650.41,4650.4,4650.41,0.7645,2026,4,4
2026-04-04 21:50:00+00:00,4650.4,4650.41,4650.4,4650.4,2.0326,2026,4,4
2026-04-04 21:55:00+00:00,4650.41,4650.41,4649.79,4650.14,4.1018,2026,4,4
2026-04-04 22:00:00+00:00,4650.13,4650.13,4649.95,4649.96,10.8074,2026,4,4
2026-04-04 22:05:00+00:00,4649.96,4651.88,4649.95,4651.61,7.7798,2026,4,4
2026-04-04 22:10:00+00:00,4651.39,4651.39,4651.17,4651.17,1.4064,2026,4,4
2026-04-04 22:15:00+00:00,4651.16,4651.17,4650.48,4650.48,2.4134,2026,4,4
2026-04-04 22:20:00+00:00,4650.31,4650.31,4650.3,4650.31,1.1099,2026,4,4
2026-04-04 22:25:00+00:00,4650.31,4650.31,4650.3,4650.31,0.8687,2026,4,4
2026-04-04 22:30:00+00:00,4650.31,4650.32,4650.3,4650.31,1.3603,2026,4,4
2026-04-04 22:35:00+00:00,4650.32,4650.4,4650.31,4650.4,1.1156,2026,4,4
2026-04-04 22:40:00+00:00,4650.45,4650.5,4650.45,4650.5,1.1336,2026,4,4
2026-04-04 22:45:00+00:00,4650.49,4650.84,4650.49,4650.84,1.9173,2026,4,4
2026-04-04 22:50:00+00:00,4650.84,4650.84,4650.83,4650.84,0.9866,2026,4,4
2026-04-04 22:55:00+00:00,4650.83,4650.83,4650.55,4650.55,2.5378,2026,4,4
2026-04-04 23:00:00+00:00,4650.55,4650.56,4650.55,4650.56,0.8046,2026,4,4
2026-04-04 23:05:00+00:00,4650.55,4650.56,4650.55,4650.56,1.8304,2026,4,4
2026-04-04 23:10:00+00:00,4650.56,4650.56,4650.55,4650.55,1.9758,2026,4,4
2026-04-04 23:15:00+00:00,4650.56,4650.56,4650.55,4650.56,0.181,2026,4,4
2026-04-04 23:20:00+00:00,4650.56,4650.56,4650.55,4650.56,0.255,2026,4,4
2026-04-04 23:25:00+00:00,4650.55,4650.56,4650.07,4650.07,2.9535,2026,4,4
2026-04-04 23:30:00+00:00,4650.06,4650.07,4649.0,4649.15,3.1097,2026,4,4
2026-04-04 23:35:00+00:00,4649.14,4649.15,4648.91,4648.92,3.1873,2026,4,4
2026-04-04 23:40:00+00:00,4648.91,4648.92,4648.47,4648.49,7.278,2026,4,4
2026-04-04 23:45:00+00:00,4648.48,4648.55,4648.48,4648.55,6.1917,2026,4,4
2026-04-04 23:50:00+00:00,4648.55,4649.7,4648.55,4649.23,7.2592,2026,4,4
2026-04-04 23:55:00+00:00,4649.23,4649.23,4648.59,4648.59,1.2279,2026,4,4
2026-04-05 00:00:00+00:00,4648.6,4648.61,4648.59,4648.59,4.6285,2026,4,5
2026-04-05 00:05:00+00:00,4648.59,4649.04,4648.59,4648.81,8.9301,2026,4,5
2026-04-05 00:10:00+00:00,4648.8,4648.81,4648.8,4648.8,3.4458,2026,4,5
2026-04-05 00:15:00+00:00,4648.8,4648.81,4648.8,4648.8,3.547,2026,4,5
2026-04-05 00:20:00+00:00,4648.8,4648.81,4648.25,4648.26,2.3887,2026,4,5
2026-04-05 00:25:00+00:00,4648.26,4648.8,4648.25,4648.75,1.5533,2026,4,5
2026-04-05 00:30:00+00:00,4648.75,4651.05,4648.75,4650.85,6.6092,2026,4,5
2026-04-05 00:35:00+00:00,4650.66,4651.2,4648.63,4648.93,6.3785,2026,4,5
2026-04-05 00:40:00+00:00,4648.6,4650.47,4648.6,4650.33,3.1723,2026,4,5
2026-04-05 00:45:00+00:00,4650.33,4651.38,4649.58,4651.08,2.282,2026,4,5
2026-04-05 00:50:00+00:00,4651.09,4651.09,4650.65,4650.88,2.5607,2026,4,5
2026-04-05 00:55:00+00:00,4650.88,4651.8,4650.0,4650.0,6.4689,2026,4,5
2026-04-05 01:00:00+00:00,4650.01,4650.35,4649.33,4649.34,3.2766,2026,4,5
2026-04-05 01:05:00+00:00,4649.33,4650.23,4649.13,4650.04,7.3177,2026,4,5
2026-04-05 01:10:00+00:00,4650.05,4650.05,4650.04,4650.04,2.5024,2026,4,5
2026-04-05 01:15:00+00:00,4650.05,4650.05,4650.04,4650.04,4.7411,2026,4,5
2026-04-05 01:20:00+00:00,4650.05,4650.05,4649.7,4649.71,1.5236,2026,4,5
2026-04-05 01:25:00+00:00,4649.7,4649.71,4649.7,4649.7,1.2429,2026,4,5
2026-04-05 01:30:00+00:00,4649.71,4649.71,4649.7,4649.71,1.0368,2026,4,5
2026-04-05 01:35:00+00:00,4649.71,4649.71,4649.7,4649.71,0.2945,2026,4,5
2026-04-05 01:40:00+00:00,4649.71,4649.71,4649.7,4649.71,0.2375,2026,4,5
2026-04-05 01:45:00+00:00,4649.7,4649.7,4649.6,4649.66,1.36,2026,4,5
2026-04-05 01:50:00+00:00,4649.66,4649.8,4649.66,4649.75,2.3964,2026,4,5
2026-04-05 01:55:00+00:00,4649.75,4650.47,4649.43,4649.58,6.379,2026,4,5
2026-04-05 02:00:00+00:00,4649.59,4649.59,4649.58,4649.59,0.6277,2026,4,5
2026-04-05 02:05:00+00:00,4649.58,4649.59,4649.58,4649.58,1.0631,2026,4,5
2026-04-05 02:10:00+00:00,4649.58,4651.36,4649.58,4649.95,2.1123,2026,4,5
2026-04-05 02:15:00+00:00,4649.95,4649.96,4649.95,4649.96,0.1835,2026,4,5
2026-04-05 02:20:00+00:00,4649.96,4650.14,4649.96,4650.14,0.5276,2026,4,5
2026-04-05 02:25:00+00:00,4650.47,4650.48,4650.47,4650.47,0.6993,2026,4,5
2026-04-05 02:30:00+00:00,4650.48,4650.48,4650.47,4650.48,1.4034,2026,4,5
2026-04-05 02:35:00+00:00,4650.48,4650.48,4650.47,4650.47,2.1564,2026,4,5
2026-04-05 02:40:00+00:00,4650.48,4650.48,4650.47,4650.48,2.8456,2026,4,5
2026-04-05 02:45:00+00:00,4650.48,4650.48,4650.47,4650.47,2.8332,2026,4,5
2026-04-05 02:50:00+00:00,4650.47,4650.47,4650.45,4650.45,1.2754,2026,4,5
2026-04-05 02:55:00+00:00,4650.46,4650.46,4650.45,4650.45,0.1333,2026,4,5
2026-04-05 03:00:00+00:00,4650.46,4650.46,4650.45,4650.45,0.2105,2026,4,5
2026-04-05 03:05:00+00:00,4650.45,4650.54,4650.45,4650.53,4.0687,2026,4,5
2026-04-05 03:10:00+00:00,4650.53,4650.53,4650.45,4650.5,4.461,2026,4,5
2026-04-05 03:15:00+00:00,4650.51,4650.51,4650.5,4650.5,4.1453,2026,4,5
2026-04-05 03:20:00+00:00,4650.5,4650.51,4650.5,4650.51,1.0048,2026,4,5
2026-04-05 03:25:00+00:00,4650.51,4650.51,4650.51,4650.51,0.1825,2026,4,5
2026-04-05 03:30:00+00:00,4650.51,4650.51,4650.5,4650.5,0.6547,2026,4,5
2026-04-05 03:35:00+00:00,4650.5,4650.5,4650.48,4650.48,0.2662,2026,4,5
2026-04-05 03:40:00+00:00,4650.48,4650.49,4650.48,4650.48,0.1422,2026,4,5
2026-04-05 03:45:00+00:00,4650.48,4650.49,4650.48,4650.49,0.5246,2026,4,5
2026-04-05 03:50:00+00:00,4650.49,4650.49,4650.48,4650.49,0.6353,2026,4,5
2026-04-05 03:55:00+00:00,4650.48,4650.49,4650.48,4650.49,0.6675,2026,4,5
2026-04-05 04:00:00+00:00,4650.48,4650.49,4650.48,4650.48,0.0823,2026,4,5
2026-04-05 04:05:00+00:00,4650.48,4651.18,4650.47,4650.74,20.2651,2026,4,5
2026-04-05 04:10:00+00:00,4650.74,4650.75,4650.74,4650.75,1.8111,2026,4,5
2026-04-05 04:15:00+00:00,4650.75,4650.75,4650.74,4650.75,0.1387,2026,4,5
2026-04-05 04:20:00+00:00,4650.75,4650.75,4650.74,4650.75,0.0711,2026,4,5
2026-04-05 04:25:00+00:00,4650.75,4650.75,4650.74,4650.74,0.1197,2026,4,5
2026-04-05 04:30:00+00:00,4650.75,4650.78,4650.74,4650.78,2.8614,2026,4,5
2026-04-05 04:35:00+00:00,4650.77,4650.78,4650.77,4650.78,0.4427,2026,4,5
2026-04-05 04:40:00+00:00,4650.77,4650.78,4650.77,4650.77,0.0334,2026,4,5
2026-04-05 04:45:00+00:00,4650.77,4650.78,4650.77,4650.78,0.2189,2026,4,5
2026-04-05 04:50:00+00:00,4650.78,4650.78,4650.77,4650.77,0.2271,2026,4,5
2026-04-05 04:55:00+00:00,4650.77,4650.78,4650.77,4650.78,1.1054,2026,4,5
2026-04-05 05:00:00+00:00,4650.78,4650.78,4650.77,4650.78,0.2262,2026,4,5
2026-04-05 05:05:00+00:00,4650.77,4650.78,4650.75,4650.75,3.4489,2026,4,5
2026-04-05 05:10:00+00:00,4650.75,4650.76,4650.75,4650.76,0.0136,2026,4,5
2026-04-05 05:15:00+00:00,4650.75,4650.76,4650.67,4650.67,2.2979,2026,4,5
2026-04-05 05:20:00+00:00,4650.7,4650.7,4650.67,4650.68,1.4536,2026,4,5
2026-04-05 05:25:00+00:00,4650.67,4650.68,4650.67,4650.68,0.3606,2026,4,5
2026-04-05 05:30:00+00:00,4650.68,4650.68,4650.67,4650.67,0.4679,2026,4,5
2026-04-05 05:35:00+00:00,4650.68,4650.68,4650.67,4650.67,1.1086,2026,4,5
2026-04-05 05:40:00+00:00,4650.67,4651.25,4650.65,4650.65,10.1774,2026,4,5
2026-04-05 05:45:00+00:00,4650.65,4650.66,4650.0,4650.0,2.1289,2026,4,5
2026-04-05 05:50:00+00:00,4650.0,4650.01,4649.98,4649.98,1.0566,2026,4,5
2026-04-05 05:55:00+00:00,4649.98,4649.99,4649.59,4649.59,5.7763,2026,4,5
2026-04-05 06:00:00+00:00,4649.6,4649.62,4649.6,4649.62,3.5796,2026,4,5
2026-04-05 06:05:00+00:00,4649.61,4649.61,4648.88,4649.15,27.4931,2026,4,5
2026-04-05 06:10:00+00:00,4649.16,4649.75,4649.16,4649.58,3.3986,2026,4,5
2026-04-05 06:15:00+00:00,4649.58,4651.91,4649.57,4651.37,5.3281,2026,4,5
2026-04-05 06:20:00+00:00,4651.37,4651.6,4651.37,4651.6,5.393,2026,4,5
2026-04-05 06:25:00+00:00,4651.6,4651.6,4651.59,4651.59,0.4938,2026,4,5
2026-04-05 06:30:00+00:00,4651.59,4651.74,4651.59,4651.73,1.0556,2026,4,5
2026-04-05 06:35:00+00:00,4651.73,4651.73,4651.59,4651.59,2.6817,2026,4,5
2026-04-05 06:40:00+00:00,4651.59,4651.59,4651.35,4651.35,9.6176,2026,4,5
2026-04-05 06:45:00+00:00,4651.36,4651.36,4651.21,4651.21,1.1461,2026,4,5
2026-04-05 06:50:00+00:00,4651.2,4651.21,4649.93,4649.94,2.7368,2026,4,5
2026-04-05 06:55:00+00:00,4649.93,4649.94,4649.85,4649.85,1.2018,2026,4,5
2026-04-05 07:00:00+00:00,4649.86,4649.86,4649.85,4649.86,0.6152,2026,4,5
2026-04-05 07:05:00+00:00,4649.86,4649.86,4649.85,4649.86,0.0579,2026,4,5
2026-04-05 07:10:00+00:00,4649.85,4649.86,4649.85,4649.86,0.8275,2026,4,5
2026-04-05 07:15:00+00:00,4649.85,4649.86,4649.23,4649.39,1.8393,2026,4,5
2026-04-05 07:20:00+00:00,4649.39,4649.39,4648.83,4648.84,12.256,2026,4,5
2026-04-05 07:25:00+00:00,4648.84,4648.84,4648.26,4648.34,9.2812,2026,4,5
2026-04-05 07:30:00+00:00,4648.34,4648.34,4648.33,4648.34,1.0507,2026,4,5
2026-04-05 07:35:00+00:00,4648.34,4649.21,4648.33,4648.58,3.1225,2026,4,5
2026-04-05 07:40:00+00:00,4648.58,4648.59,4648.58,4648.59,1.4003,2026,4,5
2026-04-05 07:45:00+00:00,4648.59,4648.6,4648.59,4648.59,5.579,2026,4,5
2026-04-05 07:50:00+00:00,4648.59,4648.6,4648.58,4648.6,21.2724,2026,4,5
2026-04-05 07:55:00+00:00,4648.6,4648.6,4648.47,4648.47,2.1158,2026,4,5
2026-04-05 08:00:00+00:00,4648.33,4648.34,4648.33,4648.34,1.1537,2026,4,5
2026-04-05 08:05:00+00:00,4648.34,4649.2,4648.33,4649.19,7.8536,2026,4,5
2026-04-05 08:10:00+00:00,4649.21,4650.11,4649.21,4649.39,2.8691,2026,4,5
2026-04-05 08:15:00+00:00,4649.39,4650.47,4649.39,4650.44,4.5689,2026,4,5
2026-04-05 08:20:00+00:00,4650.45,4650.45,4649.68,4649.95,1.4952,2026,4,5
2026-04-05 08:25:00+00:00,4649.96,4649.96,4649.95,4649.96,0.7555,2026,4,5
2026-04-05 08:30:00+00:00,4649.96,4650.35,4649.95,4650.17,4.1148,2026,4,5
2026-04-05 08:35:00+00:00,4650.1,4650.1,4648.49,4648.5,5.3643,2026,4,5
2026-04-05 08:40:00+00:00,4648.49,4648.5,4648.49,4648.5,1.6102,2026,4,5
2026-04-05 08:45:00+00:00,4648.49,4648.5,4648.49,4648.49,3.6566,2026,4,5
2026-04-05 08:50:00+00:00,4648.5,4648.5,4648.49,4648.49,0.1514,2026,4,5
2026-04-05 08:55:00+00:00,4648.49,4648.9,4648.49,4648.86,2.726,2026,4,5
2026-04-05 09:00:00+00:00,4648.86,4648.86,4648.85,4648.86,0.5189,2026,4,5
2026-04-05 09:05:00+00:00,4648.86,4648.86,4648.85,4648.85,0.8418,2026,4,5
2026-04-05 09:10:00+00:00,4648.85,4648.86,4648.85,4648.86,1.3677,2026,4,5
2026-04-05 09:15:00+00:00,4648.86,4648.86,4648.85,4648.85,1.2198,2026,4,5
2026-04-05 09:20:00+00:00,4648.86,4649.05,4648.85,4649.05,2.786,2026,4,5
2026-04-05 09:25:00+00:00,4649.05,4649.51,4649.05,4649.5,1.8378,2026,4,5
2026-04-05 09:30:00+00:00,4649.5,4650.08,4649.49,4650.08,4.7613,2026,4,5
2026-04-05 09:35:00+00:00,4650.09,4650.09,4649.78,4649.78,5.0203,2026,4,5
2026-04-05 09:40:00+00:00,4649.75,4649.75,4648.85,4648.97,11.5355,2026,4,5
2026-04-05 09:45:00+00:00,4648.96,4648.96,4648.44,4648.5,33.0234,2026,4,5
2026-04-05 09:50:00+00:00,4648.5,4648.5,4648.33,4648.34,3.842,2026,4,5
2026-04-05 09:55:00+00:00,4648.33,4648.34,4648.33,4648.33,0.1528,2026,4,5
2026-04-05 10:00:00+00:00,4648.33,4648.34,4645.48,4645.9,29.5654,2026,4,5
2026-04-05 10:05:00+00:00,4645.89,4645.95,4645.85,4645.94,9.3029,2026,4,5
2026-04-05 10:10:00+00:00,4645.94,4645.94,4645.85,4645.85,6.0524,2026,4,5
2026-04-05 10:15:00+00:00,4645.85,4646.15,4645.85,4646.04,8.9068,2026,4,5
2026-04-05 10:20:00+00:00,4646.04,4646.05,4630.05,4640.15,539.2459,2026,4,5
2026-04-05 10:25:00+00:00,4640.16,4643.32,4640.15,4641.84,38.121,2026,4,5
2026-04-05 10:30:00+00:00,4641.83,4642.24,4641.83,4642.23,4.7723,2026,4,5
2026-04-05 10:35:00+00:00,4642.24,4643.25,4642.23,4643.13,4.3941,2026,4,5
2026-04-05 10:40:00+00:00,4643.13,4643.32,4642.27,4642.27,15.6005,2026,4,5
2026-04-05 10:45:00+00:00,4642.28,4642.29,4642.2,4642.24,8.575,2026,4,5
2026-04-05 10:50:00+00:00,4642.25,4642.3,4642.24,4642.26,12.0761,2026,4,5
2026-04-05 10:55:00+00:00,4642.26,4642.26,4642.1,4642.1,14.7389,2026,4,5
2026-04-05 11:00:00+00:00,4642.1,4642.11,4641.48,4641.48,8.9525,2026,4,5
2026-04-05 11:05:00+00:00,4641.48,4641.49,4641.48,4641.48,9.3099,2026,4,5
2026-04-05 11:10:00+00:00,4641.48,4641.6,4641.48,4641.5,12.0437,2026,4,5
2026-04-05 11:15:00+00:00,4641.5,4641.5,4640.82,4640.86,6.0672,2026,4,5
2026-04-05 11:20:00+00:00,4640.86,4640.86,4640.73,4640.73,8.1102,2026,4,5
2026-04-05 11:25:00+00:00,4640.73,4640.74,4638.55,4638.8,25.6277,2026,4,5
2026-04-05 11:30:00+00:00,4638.81,4638.82,4636.2,4637.1,31.4973,2026,4,5
2026-04-05 11:35:00+00:00,4637.11,4638.01,4637.11,4638.01,35.7732,2026,4,5
2026-04-05 11:40:00+00:00,4638.05,4638.05,4636.08,4636.09,24.805,2026,4,5
2026-04-05 11:45:00+00:00,4636.08,4636.08,4634.28,4634.67,36.7922,2026,4,5
2026-04-05 11:50:00+00:00,4634.67,4636.58,4633.64,4636.35,30.7094,2026,4,5
2026-04-05 11:55:00+00:00,4636.35,4637.52,4636.34,4637.52,4.1364,2026,4,5
2026-04-05 12:00:00+00:00,4637.66,4637.66,4634.33,4634.34,26.4332,2026,4,5
2026-04-05 12:05:00+00:00,4634.33,4634.34,4631.71,4631.72,14.8635,2026,4,5
2026-04-05 12:10:00+00:00,4631.71,4631.8,4628.52,4629.14,48.5539,2026,4,5
2026-04-05 12:15:00+00:00,4629.14,4629.14,4620.69,4622.21,62.1012,2026,4,5
2026-04-05 12:20:00+00:00,4622.22,4622.22,4618.98,4619.59,50.4521,2026,4,5
2026-04-05 12:25:00+00:00,4619.6,4621.15,4618.53,4621.15,29.8958,2026,4,5
2026-04-05 12:30:00+00:00,4621.32,4624.56,4621.32,4624.2,33.0738,2026,4,5
2026-04-05 12:35:00+00:00,4624.05,4625.64,4623.05,4625.64,29.6975,2026,4,5
2026-04-05 12:40:00+00:00,4625.82,4631.32,4625.82,4631.31,119.2366,2026,4,5
2026-04-05 12:45:00+00:00,4631.31,4631.35,4626.9,4626.9,117.0963,2026,4,5
2026-04-05 12:50:00+00:00,4626.9,4628.74,4625.58,4628.69,34.6193,2026,4,5
2026-04-05 12:55:00+00:00,4628.7,4628.88,4628.63,4628.63,4.9236,2026,4,5
2026-04-05 13:00:00+00:00,4628.51,4628.51,4626.89,4626.9,4.7398,2026,4,5
2026-04-05 13:05:00+00:00,4626.8,4627.69,4626.8,4627.59,8.2311,2026,4,5
2026-04-05 13:10:00+00:00,4627.6,4632.34,4627.6,4631.93,15.818,2026,4,5
2026-04-05 13:15:00+00:00,4631.93,4635.5,4631.93,4635.49,19.2849,2026,4,5
2026-04-05 13:20:00+00:00,4635.5,4638.78,4635.5,4638.78,26.9817,2026,4,5
2026-04-05 13:25:00+00:00,4638.77,4638.77,4635.65,4635.7,22.5153,2026,4,5
2026-04-05 13:30:00+00:00,4635.6,4635.6,4630.04,4631.57,23.4393,2026,4,5
2026-04-05 13:35:00+00:00,4631.57,4631.85,4629.86,4631.85,16.7919,2026,4,5
2026-04-05 13:40:00+00:00,4631.85,4632.8,4631.04,4631.04,17.5111,2026,4,5
2026-04-05 13:45:00+00:00,4631.05,4632.7,4630.02,4632.52,17.4919,2026,4,5
2026-04-05 13:50:00+00:00,4632.51,4633.02,4631.43,4631.58,39.8452,2026,4,5
2026-04-05 13:55:00+00:00,4631.56,4631.59,4627.78,4630.14,40.8439,2026,4,5
2026-04-05 14:00:00+00:00,4630.25,4634.99,4630.25,4634.99,17.6273,2026,4,5
2026-04-05 14:05:00+00:00,4634.99,4635.0,4634.21,4634.5,4.2358,2026,4,5
2026-04-05 14:10:00+00:00,4634.51,4636.26,4634.5,4636.25,3.7442,2026,4,5
2026-04-05 14:15:00+00:00,4636.25,4636.25,4634.4,4634.41,3.0523,2026,4,5
2026-04-05 14:20:00+00:00,4634.4,4634.41,4634.35,4634.36,1.4755,2026,4,5
2026-04-05 14:25:00+00:00,4634.36,4634.36,4633.75,4633.94,7.0248,2026,4,5
2026-04-05 14:30:00+00:00,4633.94,4633.95,4633.8,4633.9,2.8648,2026,4,5
2026-04-05 14:35:00+00:00,4633.9,4633.9,4632.54,4633.19,16.5269,2026,4,5
2026-04-05 14:40:00+00:00,4633.19,4634.55,4632.93,4634.39,12.2246,2026,4,5
2026-04-05 14:45:00+00:00,4634.39,4635.0,4634.35,4634.99,3.5824,2026,4,5
2026-04-05 14:50:00+00:00,4634.99,4635.0,4633.75,4633.75,6.255,2026,4,5
2026-04-05 14:55:00+00:00,4633.75,4634.15,4633.75,4634.14,2.0287,2026,4,5
2026-04-05 15:00:00+00:00,4634.15,4634.4,4634.14,4634.4,0.9314,2026,4,5
2026-04-05 15:05:00+00:00,4634.4,4635.0,4634.4,4635.0,2.5603,2026,4,5
2026-04-05 15:10:00+00:00,4635.0,4635.89,4634.99,4635.36,10.2927,2026,4,5
2026-04-05 15:15:00+00:00,4635.36,4635.53,4634.1,4634.1,4.0362,2026,4,5
2026-04-05 15:20:00+00:00,4634.11,4634.11,4633.45,4633.46,2.7198,2026,4,5
2026-04-05 15:25:00+00:00,4633.46,4634.91,4633.45,4634.91,17.7251,2026,4,5
2026-04-05 15:30:00+00:00,4634.99,4638.11,4633.05,4633.05,15.314,2026,4,5
2026-04-05 15:35:00+00:00,4633.06,4634.16,4632.45,4632.56,15.0474,2026,4,5
2026-04-05 15:40:00+00:00,4632.56,4634.18,4632.56,4634.06,6.9779,2026,4,5
2026-04-05 15:45:00+00:00,4634.07,4634.1,4634.07,4634.09,2.0418,2026,4,5
2026-04-05 15:50:00+00:00,4634.09,4634.09,4632.41,4633.52,12.9042,2026,4,5
2026-04-05 15:55:00+00:00,4633.52,4634.0,4633.47,4633.99,4.7466,2026,4,5
2026-04-05 16:00:00+00:00,4633.99,4634.99,4630.0,4634.99,11.9397,2026,4,5
2026-04-05 16:05:00+00:00,4634.99,4635.38,4619.08,4620.0,1821.9614,2026,4,5
2026-04-05 16:10:00+00:00,4620.0,4627.49,4618.35,4625.18,707.1857,2026,4,5
2026-04-05 16:15:00+00:00,4625.19,4626.09,4624.2,4624.2,8.2748,2026,4,5
2026-04-05 16:20:00+00:00,4624.2,4625.93,4623.77,4623.77,9.1683,2026,4,5
2026-04-05 16:25:00+00:00,4624.18,4625.25,4624.18,4625.1,14.252,2026,4,5
2026-04-05 16:30:00+00:00,4625.1,4625.1,4624.11,4624.12,6.0331,2026,4,5
2026-04-05 16:35:00+00:00,4624.11,4624.92,4624.1,4624.91,15.6995,2026,4,5
2026-04-05 16:40:00+00:00,4624.91,4624.91,4624.05,4624.05,3.1149,2026,4,5
2026-04-05 16:45:00+00:00,4624.02,4624.02,4622.4,4623.11,4.614,2026,4,5
2026-04-05 16:50:00+00:00,4623.11,4623.12,4622.35,4622.45,3.8216,2026,4,5
2026-04-05 16:55:00+00:00,4622.53,4623.2,4622.53,4622.73,5.2155,2026,4,5
2026-04-05 17:00:00+00:00,4622.74,4622.74,4618.74,4620.01,8.8906,2026,4,5
2026-04-05 17:05:00+00:00,4620.01,4620.2,4620.0,4620.0,3.6672,2026,4,5
2026-04-05 17:10:00+00:00,4619.97,4620.83,4618.75,4618.75,11.4907,2026,4,5
2026-04-05 17:15:00+00:00,4618.75,4620.21,4618.75,4619.55,11.9537,2026,4,5
2026-04-05 17:20:00+00:00,4619.55,4619.55,4619.33,4619.35,5.3869,2026,4,5
2026-04-05 17:25:00+00:00,4619.35,4619.6,4619.34,4619.6,2.9927,2026,4,5
2026-04-05 17:30:00+00:00,4619.59,4620.75,4619.59,4620.74,5.427,2026,4,5
2026-04-05 17:35:00+00:00,4620.75,4620.75,4620.4,4620.4,1.0802,2026,4,5
2026-04-05 17:40:00+00:00,4620.41,4620.41,4619.51,4619.65,4.2739,2026,4,5
2026-04-05 17:45:00+00:00,4619.66,4620.21,4619.66,4619.76,1.838,2026,4,5
2026-04-05 17:50:00+00:00,4619.76,4620.21,4619.62,4619.63,8.2968,2026,4,5
2026-04-05 17:55:00+00:00,4619.62,4619.62,4618.54,4618.65,27.3723,2026,4,5
2026-04-05 18:00:00+00:00,4618.64,4618.64,4618.32,4618.32,9.9619,2026,4,5
2026-04-05 18:05:00+00:00,4618.33,4618.35,4618.32,4618.35,2.1663,2026,4,5
2026-04-05 18:10:00+00:00,4618.35,4619.74,4618.35,4618.56,15.0667,2026,4,5
2026-04-05 18:15:00+00:00,4618.56,4618.57,4618.56,4618.57,0.0494,2026,4,5
2026-04-05 18:20:00+00:00,4618.6,4620.5,4618.6,4620.49,9.9511,2026,4,5
2026-04-05 18:25:00+00:00,4620.49,4620.55,4620.49,4620.54,2.3729,2026,4,5
2026-04-05 18:30:00+00:00,4620.54,4622.31,4620.54,4622.31,7.4045,2026,4,5
2026-04-05 18:35:00+00:00,4622.3,4623.55,4622.3,4622.9,6.97,2026,4,5
2026-04-05 18:40:00+00:00,4622.9,4623.35,4622.9,4623.35,2.4829,2026,4,5
2026-04-05 18:45:00+00:00,4623.35,4623.5,4623.35,4623.47,5.2493,2026,4,5
2026-04-05 18:50:00+00:00,4623.47,4623.5,4623.47,4623.5,1.9472,2026,4,5
2026-04-05 18:55:00+00:00,4623.5,4623.5,4621.96,4621.96,2.2583,2026,4,5
2026-04-05 19:00:00+00:00,4622.73,4623.27,4622.73,4623.2,9.1422,2026,4,5
2026-04-05 19:05:00+00:00,4623.2,4623.21,4623.11,4623.12,1.4056,2026,4,5
2026-04-05 19:10:00+00:00,4623.18,4623.2,4623.18,4623.19,0.8839,2026,4,5
2026-04-05 19:15:00+00:00,4623.19,4625.8,4623.19,4625.79,10.4166,2026,4,5
2026-04-05 19:20:00+00:00,4625.88,4626.97,4625.88,4626.71,3.5709,2026,4,5
2026-04-05 19:25:00+00:00,4626.71,4626.72,4626.15,4626.15,6.8558,2026,4,5
2026-04-05 19:30:00+00:00,4626.16,4626.16,4626.15,4626.16,1.0433,2026,4,5
2026-04-05 19:35:00+00:00,4626.16,4626.16,4626.15,4626.15,3.499,2026,4,5
2026-04-05 19:40:00+00:00,4626.16,4626.16,4623.99,4623.99,10.2244,2026,4,5
2026-04-05 19:45:00+00:00,4623.99,4624.0,4623.99,4623.99,0.0724,2026,4,5
2026-04-05 19:50:00+00:00,4623.97,4625.14,4623.97,4624.42,2.0945,2026,4,5
2026-04-05 19:55:00+00:00,4624.42,4627.56,4624.39,4624.8,14.2653,2026,4,5
2026-04-05 20:00:00+00:00,4624.62,4624.62,4616.66,4620.46,31.7904,2026,4,5
2026-04-05 20:05:00+00:00,4621.04,4624.0,4621.04,4623.71,1.9443,2026,4,5
2026-04-05 20:10:00+00:00,4623.57,4623.78,4623.01,4623.77,1.0236,2026,4,5
2026-04-05 20:15:00+00:00,4623.78,4624.81,4622.74,4623.35,5.1454,2026,4,5
2026-04-05 20:20:00+00:00,4623.35,4623.35,4618.53,4618.81,3.3548,2026,4,5
2026-04-05 20:25:00+00:00,4618.65,4620.0,4617.49,4620.0,2.9592,2026,4,5
2026-04-05 20:30:00+00:00,4619.59,4620.43,4619.37,4619.58,3.1698,2026,4,5
2026-04-05 20:35:00+00:00,4620.0,4623.91,4620.0,4623.91,11.5689,2026,4,5
2026-04-05 20:40:00+00:00,4623.9,4623.9,4622.6,4623.09,4.9926,2026,4,5
2026-04-05 20:45:00+00:00,4623.09,4624.48,4623.09,4623.96,4.7273,2026,4,5
2026-04-05 20:50:00+00:00,4623.96,4624.4,4622.64,4623.78,5.3289,2026,4,5
2026-04-05 20:55:00+00:00,4623.78,4624.62,4623.77,4624.26,5.9531,2026,4,5
2026-04-05 21:00:00+00:00,4624.25,4624.82,4623.78,4624.62,4.846,2026,4,5
2026-04-05 21:05:00+00:00,4624.62,4626.92,4624.61,4626.83,10.124,2026,4,5
2026-04-05 21:10:00+00:00,4626.71,4626.71,4623.78,4624.0,2.3801,2026,4,5
2026-04-05 21:15:00+00:00,4624.0,4625.04,4624.0,4624.42,5.2854,2026,4,5
2026-04-05 21:20:00+00:00,4624.42,4624.42,4623.5,4623.5,2.2169,2026,4,5
2026-04-05 21:25:00+00:00,4623.51,4624.87,4623.51,4624.86,3.0204,2026,4,5
2026-04-05 21:30:00+00:00,4624.86,4624.97,4624.86,4624.96,3.9392,2026,4,5
2026-04-05 21:35:00+00:00,4624.96,4624.96,4624.85,4624.85,1.2503,2026,4,5
2026-04-05 21:40:00+00:00,4624.79,4625.15,4621.26,4623.17,21.8174,2026,4,5
2026-04-05 21:45:00+00:00,4623.17,4623.17,4618.34,4619.15,6.5911,2026,4,5
2026-04-05 21:50:00+00:00,4619.35,4626.3,4618.74,4626.29,15.1346,2026,4,5
2026-04-05 21:55:00+00:00,4626.3,4630.69,4616.07,4628.62,89.0983,2026,4,5
2026-04-05 22:00:00+00:00,4629.15,4653.18,4620.0,4623.09,497.4434,2026,4,5
2026-04-05 22:05:00+00:00,4624.3,4625.68,4616.66,4618.21,171.1349,2026,4,5
2026-04-05 22:10:00+00:00,4618.2,4619.51,4604.56,4616.6,122.947,2026,4,5
2026-04-05 22:15:00+00:00,4616.41,4624.8,4615.82,4620.65,50.0659,2026,4,5
2026-04-05 22:20:00+00:00,4620.7,4626.19,4619.21,4625.4,22.9859,2026,4,5
2026-04-05 22:25:00+00:00,4625.21,4625.79,4620.09,4621.0,23.0458,2026,4,5
2026-04-05 22:30:00+00:00,4621.39,4625.39,4619.0,4621.6,10.0067,2026,4,5
2026-04-05 22:35:00+00:00,4621.55,4626.0,4620.81,4626.0,8.6513,2026,4,5
2026-04-05 22:40:00+00:00,4626.05,4630.66,4625.6,4628.85,15.0213,2026,4,5
2026-04-05 22:45:00+00:00,4628.84,4636.92,4608.91,4628.38,325.7465,2026,4,5
2026-04-05 22:50:00+00:00,4628.65,4632.75,4606.83,4614.6,201.7598,2026,4,5
2026-04-05 22:55:00+00:00,4615.01,4635.83,4615.01,4630.7,194.7511,2026,4,5
2026-04-05 23:00:00+00:00,4630.7,4634.8,4621.6,4623.0,74.9948,2026,4,5
2026-04-05 23:05:00+00:00,4623.2,4626.59,4618.4,4618.79,20.873,2026,4,5
2026-04-05 23:10:00+00:00,4618.8,4622.15,4616.0,4620.1,43.0171,2026,4,5
2026-04-05 23:15:00+00:00,4620.1,4622.04,4614.0,4614.44,48.2307,2026,4,5
2026-04-05 23:20:00+00:00,4614.45,4615.46,4607.71,4608.14,59.0298,2026,4,5
2026-04-05 23:25:00+00:00,4608.14,4608.42,4599.13,4599.13,162.8727,2026,4,5
2026-04-05 23:30:00+00:00,4599.14,4604.48,4596.29,4604.39,113.1707,2026,4,5
2026-04-05 23:35:00+00:00,4604.39,4605.9,4601.88,4602.84,73.4998,2026,4,5
2026-04-05 23:40:00+00:00,4602.84,4602.85,4595.0,4596.03,82.4618,2026,4,5
2026-04-05 23:45:00+00:00,4596.04,4603.6,4596.04,4601.49,75.6333,2026,4,5
2026-04-05 23:50:00+00:00,4601.49,4607.47,4601.34,4605.8,100.2106,2026,4,5
2026-04-05 23:55:00+00:00,4605.8,4605.81,4598.82,4598.82,79.1886,2026,4,5
2026-04-06 00:00:00+00:00,4599.39,4609.66,4597.05,4609.65,107.3351,2026,4,6
2026-04-06 00:05:00+00:00,4609.4,4612.19,4605.2,4609.05,98.3467,2026,4,6
2026-04-06 00:10:00+00:00,4609.05,4612.38,4607.44,4611.69,79.9575,2026,4,6
2026-04-06 00:15:00+00:00,4611.78,4614.25,4601.66,4601.94,82.1107,2026,4,6
2026-04-06 00:20:00+00:00,4601.77,4607.98,4600.47,4604.54,50.7695,2026,4,6
2026-04-06 00:25:00+00:00,4604.53,4604.79,4588.55,4591.07,59.076,2026,4,6
2026-04-06 00:30:00+00:00,4591.07,4597.99,4591.07,4597.96,33.7,2026,4,6
2026-04-06 00:35:00+00:00,4597.97,4601.33,4595.41,4599.23,27.3997,2026,4,6
2026-04-06 00:40:00+00:00,4599.23,4608.4,4599.23,4607.0,22.5678,2026,4,6
2026-04-06 00:45:00+00:00,4607.18,4610.07,4606.0,4606.0,14.5516,2026,4,6
2026-04-06 00:50:00+00:00,4606.03,4608.77,4605.31,4608.77,9.6556,2026,4,6
2026-04-06 00:55:00+00:00,4608.79,4613.99,4608.79,4610.59,13.7414,2026,4,6
2026-04-06 01:00:00+00:00,4610.6,4619.4,4610.6,4618.43,91.3846,2026,4,6
2026-04-06 01:05:00+00:00,4618.55,4626.86,4616.64,4624.8,53.9914,2026,4,6
2026-04-06 01:10:00+00:00,4624.8,4630.65,4624.8,4630.65,31.337,2026,4,6
2026-04-06 01:15:00+00:00,4630.6,4631.25,4615.38,4615.38,104.0695,2026,4,6
2026-04-06 01:20:00+00:00,4615.35,4624.05,4611.0,4622.31,72.9887,2026,4,6
2026-04-06 01:25:00+00:00,4622.8,4629.59,4622.8,4629.59,3.8971,2026,4,6
2026-04-06 01:30:00+00:00,4629.6,4629.79,4617.39,4617.4,67.8249,2026,4,6
2026-04-06 01:35:00+00:00,4617.39,4625.09,4617.01,4624.19,82.2675,2026,4,6
2026-04-06 01:40:00+00:00,4624.19,4624.19,4612.59,4616.14,47.5972,2026,4,6
2026-04-06 01:45:00+00:00,4616.4,4617.59,4611.8,4611.8,11.1709,2026,4,6
2026-04-06 01:50:00+00:00,4611.81,4615.15,4610.9,4615.05,12.5342,2026,4,6
2026-04-06 01:55:00+00:00,4615.06,4615.19,4612.25,4614.99,2.2784,2026,4,6
2026-04-06 02:00:00+00:00,4614.6,4619.19,4613.41,4617.21,8.3327,2026,4,6
2026-04-06 02:05:00+00:00,4617.5,4621.59,4616.01,4621.35,20.9347,2026,4,6
2026-04-06 02:10:00+00:00,4621.09,4627.59,4620.4,4624.73,11.2234,2026,4,6
2026-04-06 02:15:00+00:00,4625.19,4650.39,4625.19,4648.9,105.3228,2026,4,6
2026-04-06 02:20:00+00:00,4649.0,4657.7,4649.0,4653.55,74.3256,2026,4,6
2026-04-06 02:25:00+00:00,4653.31,4654.55,4648.2,4648.2,66.677,2026,4,6
2026-04-06 02:30:00+00:00,4648.5,4653.45,4642.95,4643.2,19.0305,2026,4,6
2026-04-06 02:35:00+00:00,4643.0,4643.0,4633.75,4639.4,48.1051,2026,4,6
2026-04-06 02:40:00+00:00,4639.4,4641.59,4638.36,4640.19,3.835,2026,4,6
2026-04-06 02:45:00+00:00,4640.0,4641.8,4639.81,4640.35,6.3732,2026,4,6
2026-04-06 02:50:00+00:00,4640.21,4643.2,4637.0,4638.75,42.2398,2026,4,6
2026-04-06 02:55:00+00:00,4638.73,4639.25,4636.0,4636.0,5.8385,2026,4,6
2026-04-06 03:00:00+00:00,4636.01,4636.01,4621.36,4624.0,10.727,2026,4,6
2026-04-06 03:05:00+00:00,4623.81,4623.81,4619.81,4620.4,5.0045,2026,4,6
2026-04-06 03:10:00+00:00,4620.41,4628.72,4619.0,4621.4,46.5776,2026,4,6
2026-04-06 03:15:00+00:00,4621.59,4624.6,4616.14,4616.36,29.5798,2026,4,6
2026-04-06 03:20:00+00:00,4616.2,4620.4,4615.19,4619.44,3.1403,2026,4,6
2026-04-06 03:25:00+00:00,4619.18,4621.71,4619.18,4619.21,15.6032,2026,4,6
2026-04-06 03:30:00+00:00,4619.2,4620.19,4616.0,4619.2,8.3657,2026,4,6
2026-04-06 03:35:00+00:00,4619.2,4623.91,4619.05,4619.11,17.161,2026,4,6
2026-04-06 03:40:00+00:00,4619.11,4621.04,4614.37,4621.04,41.7092,2026,4,6
2026-04-06 03:45:00+00:00,4621.03,4622.8,4620.0,4622.8,2.8475,2026,4,6
2026-04-06 03:50:00+00:00,4622.99,4625.8,4622.81,4623.6,4.7145,2026,4,6
2026-04-06 03:55:00+00:00,4623.79,4629.56,4623.79,4628.38,18.9331,2026,4,6
2026-04-06 04:00:00+00:00,4628.2,4636.84,4628.2,4636.78,11.1832,2026,4,6
2026-04-06 04:05:00+00:00,4636.78,4636.78,4632.61,4634.14,6.8513,2026,4,6
2026-04-06 04:10:00+00:00,4634.15,4636.2,4630.13,4632.22,30.9957,2026,4,6
2026-04-06 04:15:00+00:00,4631.81,4632.79,4630.88,4632.01,3.3843,2026,4,6
2026-04-06 04:20:00+00:00,4632.01,4632.59,4630.6,4630.61,1.6124,2026,4,6
2026-04-06 04:25:00+00:00,4630.61,4633.39,4630.04,4633.39,10.6685,2026,4,6
2026-04-06 04:30:00+00:00,4633.39,4635.0,4624.48,4635.0,93.8618,2026,4,6
2026-04-06 04:35:00+00:00,4635.2,4637.81,4635.2,4636.69,5.9628,2026,4,6
2026-04-06 04:40:00+00:00,4636.6,4637.0,4635.8,4636.94,2.9806,2026,4,6
2026-04-06 04:45:00+00:00,4636.94,4639.0,4635.21,4639.0,4.828,2026,4,6
2026-04-06 04:50:00+00:00,4639.08,4643.08,4639.08,4643.08,6.9888,2026,4,6
2026-04-06 04:55:00+00:00,4642.91,4646.0,4642.52,4646.0,35.6444,2026,4,6
2026-04-06 05:00:00+00:00,4646.0,4650.6,4646.0,4650.6,31.8596,2026,4,6
2026-04-06 05:05:00+00:00,4650.6,4657.66,4650.59,4657.66,36.2921,2026,4,6
2026-04-06 05:10:00+00:00,4657.7,4663.32,4657.7,4661.39,37.1249,2026,4,6
2026-04-06 05:15:00+00:00,4661.34,4664.5,4661.29,4664.39,20.5819,2026,4,6
2026-04-06 05:20:00+00:00,4664.4,4665.0,4655.41,4660.45,38.1924,2026,4,6
2026-04-06 05:25:00+00:00,4660.45,4660.45,4654.98,4655.6,7.4994,2026,4,6
2026-04-06 05:30:00+00:00,4655.4,4655.6,4652.8,4654.99,5.8433,2026,4,6
2026-04-06 05:35:00+00:00,4655.0,4655.03,4653.36,4653.97,0.9542,2026,4,6
2026-04-06 05:40:00+00:00,4653.41,4653.95,4649.46,4649.46,7.919,2026,4,6
2026-04-06 05:45:00+00:00,4649.4,4650.45,4647.81,4647.81,6.4325,2026,4,6
2026-04-06 05:50:00+00:00,4647.81,4655.9,4647.62,4655.9,8.9746,2026,4,6
2026-04-06 05:55:00+00:00,4655.89,4655.9,4641.6,4642.25,14.5787,2026,4,6
2026-04-06 06:00:00+00:00,4642.3,4642.4,4633.66,4641.4,25.514,2026,4,6
2026-04-06 06:05:00+00:00,4641.6,4649.4,4641.6,4648.0,20.74,2026,4,6
2026-04-06 06:10:00+00:00,4647.8,4650.79,4647.2,4650.59,8.3526,2026,4,6
2026-04-06 06:15:00+00:00,4650.68,4651.2,4648.4,4648.4,4.6554,2026,4,6
2026-04-06 06:20:00+00:00,4648.2,4649.19,4643.0,4643.01,4.6536,2026,4,6
2026-04-06 06:25:00+00:00,4643.0,4645.54,4641.16,4644.5,9.1055,2026,4,6
2026-04-06 06:30:00+00:00,4644.5,4646.99,4644.21,4646.59,2.8049,2026,4,6
2026-04-06 06:35:00+00:00,4646.4,4646.7,4641.2,4643.4,2.0066,2026,4,6
2026-04-06 06:40:00+00:00,4643.6,4646.8,4642.61,4645.8,8.0826,2026,4,6
2026-04-06 06:45:00+00:00,4645.6,4645.67,4643.53,4644.98,11.0231,2026,4,6
2026-04-06 06:50:00+00:00,4644.97,4655.4,4644.97,4651.2,32.3811,2026,4,6
2026-04-06 06:55:00+00:00,4651.3,4653.54,4648.8,4653.53,49.7613,2026,4,6
2026-04-06 07:00:00+00:00,4653.6,4654.34,4648.0,4648.0,9.7804,2026,4,6
2026-04-06 07:05:00+00:00,4647.8,4648.18,4644.3,4644.6,4.2523,2026,4,6
2026-04-06 07:10:00+00:00,4644.59,4644.59,4638.24,4640.36,10.0146,2026,4,6
2026-04-06 07:15:00+00:00,4640.4,4644.25,4636.99,4638.7,12.441,2026,4,6
2026-04-06 07:20:00+00:00,4638.69,4639.34,4630.46,4633.94,166.49,2026,4,6
2026-04-06 07:25:00+00:00,4633.95,4638.3,4629.15,4637.89,155.9603,2026,4,6
2026-04-06 07:30:00+00:00,4637.9,4641.19,4637.9,4641.0,19.2408,2026,4,6
2026-04-06 07:35:00+00:00,4641.0,4644.81,4641.0,4644.81,10.3934,2026,4,6
2026-04-06 07:40:00+00:00,4644.81,4651.65,4644.8,4650.57,11.5656,2026,4,6
2026-04-06 07:45:00+00:00,4650.85,4656.95,4650.02,4656.95,21.2398,2026,4,6
2026-04-06 07:50:00+00:00,4657.0,4670.96,4657.0,4667.4,56.8028,2026,4,6
2026-04-06 07:55:00+00:00,4667.4,4675.0,4667.4,4671.56,52.7289,2026,4,6
2026-04-06 08:00:00+00:00,4671.6,4680.0,4667.72,4679.96,71.7349,2026,4,6
2026-04-06 08:05:00+00:00,4679.52,4681.51,4670.91,4672.8,379.2088,2026,4,6
2026-04-06 08:10:00+00:00,4672.7,4678.79,4672.1,4677.2,69.5113,2026,4,6
2026-04-06 08:15:00+00:00,4677.0,4678.69,4672.8,4673.92,31.6016,2026,4,6
2026-04-06 08:20:00+00:00,4673.92,4679.21,4672.61,4679.21,14.3637,2026,4,6
2026-04-06 08:25:00+00:00,4679.08,4682.4,4677.81,4678.8,11.34,2026,4,6
2026-04-06 08:30:00+00:00,4678.6,4680.6,4677.81,4680.6,9.7473,2026,4,6
2026-04-06 08:35:00+00:00,4680.59,4682.48,4678.61,4678.7,9.9202,2026,4,6
2026-04-06 08:40:00+00:00,4678.6,4679.99,4674.79,4678.7,70.6987,2026,4,6
2026-04-06 08:45:00+00:00,4678.7,4682.46,4678.7,4682.25,17.6249,2026,4,6
2026-04-06 08:50:00+00:00,4682.4,4682.5,4678.8,4680.44,16.0697,2026,4,6
2026-04-06 08:55:00+00:00,4680.45,4684.41,4680.44,4682.6,14.2504,2026,4,6
2026-04-06 09:00:00+00:00,4682.41,4688.37,4682.41,4685.83,35.5906,2026,4,6
2026-04-06 09:05:00+00:00,4685.8,4689.71,4685.65,4686.14,25.8085,2026,4,6
2026-04-06 09:10:00+00:00,4686.15,4691.9,4685.41,4689.87,122.3095,2026,4,6
2026-04-06 09:15:00+00:00,4689.93,4692.8,4687.41,4688.2,101.6194,2026,4,6
2026-04-06 09:20:00+00:00,4688.4,4690.89,4686.41,4689.54,22.1463,2026,4,6
2026-04-06 09:25:00+00:00,4689.55,4690.32,4687.2,4689.2,40.0835,2026,4,6
2026-04-06 09:30:00+00:00,4689.2,4691.29,4688.05,4690.19,25.4402,2026,4,6
2026-04-06 09:35:00+00:00,4690.0,4690.6,4688.34,4688.92,20.0997,2026,4,6
2026-04-06 09:40:00+00:00,4688.91,4692.04,4688.76,4690.51,15.5502,2026,4,6
2026-04-06 09:45:00+00:00,4690.5,4691.44,4686.86,4686.86,18.0549,2026,4,6
2026-04-06 09:50:00+00:00,4686.85,4686.85,4678.21,4679.5,89.1354,2026,4,6
2026-04-06 09:55:00+00:00,4679.9,4681.42,4676.62,4679.21,18.5015,2026,4,6
2026-04-06 10:00:00+00:00,4679.25,4683.98,4679.01,4683.19,15.2351,2026,4,6
2026-04-06 10:05:00+00:00,4683.2,4683.39,4678.71,4680.21,8.5985,2026,4,6
2026-04-06 10:10:00+00:00,4680.2,4683.4,4673.95,4673.96,41.0426,2026,4,6
2026-04-06 10:15:00+00:00,4673.95,4676.0,4673.81,4675.99,15.1089,2026,4,6
2026-04-06 10:20:00+00:00,4676.2,4678.19,4674.95,4674.96,8.0267,2026,4,6
2026-04-06 10:25:00+00:00,4674.81,4675.57,4672.32,4675.57,9.6378,2026,4,6
2026-04-06 10:30:00+00:00,4675.57,4679.19,4675.57,4676.6,6.2526,2026,4,6
2026-04-06 10:35:00+00:00,4676.41,4678.15,4675.21,4678.09,11.8203,2026,4,6
2026-04-06 10:40:00+00:00,4678.2,4682.5,4678.2,4681.61,9.319,2026,4,6
2026-04-06 10:45:00+00:00,4681.61,4681.89,4670.03,4679.05,83.4325,2026,4,6
2026-04-06 10:50:00+00:00,4679.31,4680.6,4677.71,4677.72,7.6069,2026,4,6
2026-04-06 10:55:00+00:00,4677.71,4678.89,4675.69,4676.85,4.0791,2026,4,6
2026-04-06 11:00:00+00:00,4676.4,4681.19,4676.21,4679.5,4.6955,2026,4,6
2026-04-06 11:05:00+00:00,4679.5,4682.18,4678.46,4679.3,5.0846,2026,4,6
2026-04-06 11:10:00+00:00,4679.2,4679.64,4675.34,4676.01,10.1213,2026,4,6
2026-04-06 11:15:00+00:00,4676.01,4677.32,4674.62,4677.26,13.4414,2026,4,6
2026-04-06 11:20:00+00:00,4677.27,4677.4,4671.78,4673.7,18.1345,2026,4,6
2026-04-06 11:25:00+00:00,4673.69,4675.5,4672.81,4675.3,16.4668,2026,4,6
2026-04-06 11:30:00+00:00,4675.0,4676.0,4673.5,4674.94,4.9926,2026,4,6
2026-04-06 11:35:00+00:00,4674.94,4679.1,4671.02,4674.81,85.7548,2026,4,6
2026-04-06 11:40:00+00:00,4675.23,4679.13,4673.2,4673.2,15.6981,2026,4,6
2026-04-06 11:45:00+00:00,4673.0,4673.0,4669.54,4670.01,11.8427,2026,4,6
2026-04-06 11:50:00+00:00,4670.0,4670.71,4667.0,4669.85,16.8241,2026,4,6
2026-04-06 11:55:00+00:00,4669.99,4670.78,4665.8,4665.8,9.6541,2026,4,6
2026-04-06 12:00:00+00:00,4665.73,4669.6,4665.73,4669.25,11.4872,2026,4,6
2026-04-06 12:05:00+00:00,4669.39,4672.0,4656.96,4665.41,187.782,2026,4,6
2026-04-06 12:10:00+00:00,4665.4,4665.4,4657.95,4658.99,14.5433,2026,4,6
2026-04-06 12:15:00+00:00,4658.59,4659.8,4656.45,4659.21,12.319,2026,4,6
2026-04-06 12:20:00+00:00,4659.79,4659.79,4649.08,4650.89,59.0194,2026,4,6
2026-04-06 12:25:00+00:00,4650.43,4653.59,4644.01,4652.4,133.1415,2026,4,6
2026-04-06 12:30:00+00:00,4653.0,4661.2,4653.0,4660.4,19.3339,2026,4,6
2026-04-06 12:35:00+00:00,4660.5,4663.21,4657.77,4663.13,17.0962,2026,4,6
2026-04-06 12:40:00+00:00,4663.19,4664.39,4660.99,4662.35,34.4446,2026,4,6
2026-04-06 12:45:00+00:00,4662.4,4666.67,4662.4,4665.21,6.5623,2026,4,6
2026-04-06 12:50:00+00:00,4665.2,4665.2,4661.56,4663.39,3.8748,2026,4,6
2026-04-06 12:55:00+00:00,4663.39,4664.19,4660.61,4661.19,6.2576,2026,4,6
2026-04-06 13:00:00+00:00,4661.2,4662.59,4657.8,4657.8,11.3895,2026,4,6
2026-04-06 13:05:00+00:00,4657.6,4657.6,4648.51,4656.08,75.0629,2026,4,6
2026-04-06 13:10:00+00:00,4656.2,4657.39,4654.33,4654.33,4.9275,2026,4,6
2026-04-06 13:15:00+00:00,4654.7,4655.25,4650.6,4650.6,13.1345,2026,4,6
2026-04-06 13:20:00+00:00,4650.6,4657.6,4646.84,4657.25,67.2496,2026,4,6
2026-04-06 13:25:00+00:00,4657.59,4658.59,4654.2,4654.2,5.6025,2026,4,6
2026-04-06 13:30:00+00:00,4654.21,4661.55,4648.41,4657.0,27.6913,2026,4,6
2026-04-06 13:35:00+00:00,4657.2,4659.79,4650.6,4658.61,30.6633,2026,4,6
2026-04-06 13:40:00+00:00,4659.19,4663.99,4653.0,4653.0,16.366,2026,4,6
2026-04-06 13:45:00+00:00,4652.81,4661.4,4649.39,4651.2,14.9379,2026,4,6
2026-04-06 13:50:00+00:00,4651.4,4665.18,4651.4,4665.18,35.4837,2026,4,6
2026-04-06 13:55:00+00:00,4665.07,4667.5,4662.41,4666.11,6.6274,2026,4,6
2026-04-06 14:00:00+00:00,4666.4,4678.0,4656.16,4657.17,45.3581,2026,4,6
2026-04-06 14:05:00+00:00,4656.89,4659.19,4653.6,4657.8,12.7112,2026,4,6
2026-04-06 14:10:00+00:00,4658.0,4658.8,4648.9,4657.79,24.4399,2026,4,6
2026-04-06 14:15:00+00:00,4658.2,4667.66,4658.2,4667.66,15.1963,2026,4,6
2026-04-06 14:20:00+00:00,4667.67,4671.63,4662.82,4670.6,77.7592,2026,4,6
2026-04-06 14:25:00+00:00,4670.8,4673.77,4670.01,4672.69,12.6929,2026,4,6
2026-04-06 14:30:00+00:00,4672.59,4676.1,4669.0,4676.1,7.856,2026,4,6
2026-04-06 14:35:00+00:00,4676.2,4681.61,4665.6,4669.0,41.8729,2026,4,6
2026-04-06 14:40:00+00:00,4669.2,4676.39,4669.01,4670.6,25.7799,2026,4,6
2026-04-06 14:45:00+00:00,4670.4,4670.4,4664.41,4664.97,9.8911,2026,4,6
2026-04-06 14:50:00+00:00,4664.99,4672.04,4661.99,4670.19,39.8726,2026,4,6
2026-04-06 14:55:00+00:00,4670.2,4673.6,4667.2,4669.4,3.5957,2026,4,6
2026-04-06 15:00:00+00:00,4669.79,4669.87,4657.0,4659.2,8.2446,2026,4,6
2026-04-06 15:05:00+00:00,4659.15,4659.15,4652.1,4654.79,12.4337,2026,4,6
2026-04-06 15:10:00+00:00,4654.78,4656.75,4650.0,4650.04,78.102,2026,4,6
2026-04-06 15:15:00+00:00,4650.43,4652.2,4643.02,4652.2,297.2756,2026,4,6
2026-04-06 15:20:00+00:00,4652.4,4655.6,4651.75,4652.41,17.2904,2026,4,6
2026-04-06 15:25:00+00:00,4652.2,4654.19,4649.0,4654.05,9.8813,2026,4,6
2026-04-06 15:30:00+00:00,4654.0,4656.4,4653.13,4654.5,7.8771,2026,4,6
2026-04-06 15:35:00+00:00,4654.4,4654.4,4640.34,4641.8,40.9952,2026,4,6
2026-04-06 15:40:00+00:00,4642.0,4647.0,4640.55,4647.0,26.7182,2026,4,6
2026-04-06 15:45:00+00:00,4647.05,4652.4,4646.4,4651.21,7.9347,2026,4,6
2026-04-06 15:50:00+00:00,4651.2,4654.31,4650.61,4651.61,7.8105,2026,4,6
2026-04-06 15:55:00+00:00,4651.61,4654.93,4650.2,4654.01,14.4128,2026,4,6
2026-04-06 16:00:00+00:00,4654.01,4655.6,4652.01,4653.0,7.2862,2026,4,6
2026-04-06 16:05:00+00:00,4652.8,4652.8,4649.05,4649.05,6.4446,2026,4,6
2026-04-06 16:10:00+00:00,4649.01,4656.15,4648.57,4655.4,12.7386,2026,4,6
2026-04-06 16:15:00+00:00,4655.4,4657.2,4650.17,4653.94,31.7181,2026,4,6
2026-04-06 16:20:00+00:00,4653.46,4655.59,4650.02,4653.46,21.9205,2026,4,6
2026-04-06 16:25:00+00:00,4653.47,4654.19,4652.21,4652.21,7.2955,2026,4,6
2026-04-06 16:30:00+00:00,4652.2,4653.2,4651.4,4652.99,4.2402,2026,4,6
2026-04-06 16:35:00+00:00,4653.2,4656.59,4651.8,4651.8,8.0561,2026,4,6
2026-04-06 16:40:00+00:00,4651.6,4651.8,4650.22,4650.22,6.0436,2026,4,6
2026-04-06 16:45:00+00:00,4650.22,4651.2,4648.97,4651.19,20.5473,2026,4,6
2026-04-06 16:50:00+00:00,4651.19,4652.4,4649.01,4649.5,6.1639,2026,4,6
2026-04-06 16:55:00+00:00,4649.02,4649.02,4645.21,4645.79,7.0621,2026,4,6
2026-04-06 17:00:00+00:00,4645.8,4646.0,4641.27,4643.1,13.0061,2026,4,6
2026-04-06 17:05:00+00:00,4643.2,4645.0,4641.01,4643.64,15.78,2026,4,6
2026-04-06 17:10:00+00:00,4643.23,4643.99,4633.04,4639.39,42.1851,2026,4,6
2026-04-06 17:15:00+00:00,4639.4,4644.2,4637.0,4644.2,11.1148,2026,4,6
2026-04-06 17:20:00+00:00,4644.39,4646.4,4644.0,4646.4,8.0919,2026,4,6
2026-04-06 17:25:00+00:00,4646.4,4647.0,4643.2,4643.2,13.1554,2026,4,6
2026-04-06 17:30:00+00:00,4643.21,4647.42,4640.0,4646.06,6.1956,2026,4,6
2026-04-06 17:35:00+00:00,4646.09,4646.55,4645.6,4645.61,1.9356,2026,4,6
2026-04-06 17:40:00+00:00,4646.15,4646.15,4642.41,4643.19,4.1848,2026,4,6
2026-04-06 17:45:00+00:00,4643.19,4643.39,4639.2,4639.2,7.296,2026,4,6
2026-04-06 17:50:00+00:00,4639.2,4642.2,4639.2,4641.72,6.9335,2026,4,6
2026-04-06 17:55:00+00:00,4641.72,4641.99,4640.12,4640.81,7.1825,2026,4,6
2026-04-06 18:00:00+00:00,4640.81,4641.19,4638.81,4640.0,3.1494,2026,4,6
2026-04-06 18:05:00+00:00,4639.99,4644.8,4639.41,4644.6,5.36,2026,4,6
2026-04-06 18:10:00+00:00,4644.95,4652.3,4644.64,4645.2,17.4684,2026,4,6
2026-04-06 18:15:00+00:00,4645.4,4649.79,4645.4,4649.79,7.1336,2026,4,6
2026-04-06 18:20:00+00:00,4649.44,4649.44,4647.33,4648.2,12.2752,2026,4,6
2026-04-06 18:25:00+00:00,4648.19,4650.24,4646.15,4646.81,14.0275,2026,4,6
2026-04-06 18:30:00+00:00,4646.81,4648.87,4643.81,4644.01,9.0064,2026,4,6
2026-04-06 18:35:00+00:00,4644.01,4645.19,4637.01,4637.01,16.1141,2026,4,6
2026-04-06 18:40:00+00:00,4636.81,4637.65,4636.01,4636.21,39.2075,2026,4,6
2026-04-06 18:45:00+00:00,4636.2,4637.05,4635.38,4636.0,19.1461,2026,4,6
2026-04-06 18:50:00+00:00,4636.0,4637.59,4635.8,4637.59,12.2184,2026,4,6
2026-04-06 18:55:00+00:00,4637.59,4643.2,4636.2,4643.2,3.8106,2026,4,6
2026-04-06 19:00:00+00:00,4643.39,4643.39,4641.41,4642.8,5.6663,2026,4,6
2026-04-06 19:05:00+00:00,4642.92,4643.59,4636.8,4636.81,22.5887,2026,4,6
2026-04-06 19:10:00+00:00,4637.03,4638.2,4636.8,4636.81,2.6537,2026,4,6
2026-04-06 19:15:00+00:00,4636.8,4637.03,4633.04,4634.7,12.9751,2026,4,6
2026-04-06 19:20:00+00:00,4634.8,4635.2,4634.09,4634.1,2.0533,2026,4,6
2026-04-06 19:25:00+00:00,4634.09,4636.32,4633.27,4636.32,3.4667,2026,4,6
2026-04-06 19:30:00+00:00,4636.4,4640.63,4636.4,4638.37,33.068,2026,4,6
2026-04-06 19:35:00+00:00,4638.61,4639.63,4638.07,4638.56,10.5112,2026,4,6
2026-04-06 19:40:00+00:00,4638.31,4638.31,4636.09,4638.29,8.545,2026,4,6
2026-04-06 19:45:00+00:00,4638.29,4641.57,4638.29,4641.57,5.4415,2026,4,6
2026-04-06 19:50:00+00:00,4641.58,4642.44,4640.31,4640.31,5.8676,2026,4,6
2026-04-06 19:55:00+00:00,4640.31,4643.15,4640.13,4641.05,7.4636,2026,4,6
2026-04-06 20:00:00+00:00,4641.06,4641.68,4639.81,4640.7,7.4601,2026,4,6
2026-04-06 20:05:00+00:00,4640.82,4640.82,4639.04,4639.04,1.8035,2026,4,6
2026-04-06 20:10:00+00:00,4639.21,4642.36,4639.21,4642.36,1.9717,2026,4,6
2026-04-06 20:15:00+00:00,4642.53,4643.55,4642.53,4643.5,5.6034,2026,4,6
2026-04-06 20:20:00+00:00,4643.51,4644.29,4642.19,4642.87,10.6581,2026,4,6
2026-04-06 20:25:00+00:00,4642.86,4643.49,4642.86,4643.04,2.3943,2026,4,6
2026-04-06 20:30:00+00:00,4643.14,4643.85,4643.14,4643.71,1.4528,2026,4,6
2026-04-06 20:35:00+00:00,4643.72,4643.72,4639.1,4639.34,8.2206,2026,4,6
2026-04-06 20:40:00+00:00,4639.34,4639.81,4638.62,4639.81,1.2308,2026,4,6
2026-04-06 20:45:00+00:00,4639.98,4640.4,4638.11,4638.11,2.0914,2026,4,6
2026-04-06 20:50:00+00:00,4638.1,4638.44,4636.78,4638.44,4.7757,2026,4,6
2026-04-06 20:55:00+00:00,4638.45,4638.45,4635.91,4635.91,4.5385,2026,4,6
2026-04-06 21:00:00+00:00,4636.4,4638.62,4636.4,4638.12,1.5675,2026,4,6
2026-04-06 21:05:00+00:00,4638.12,4638.12,4638.1,4638.1,2.0192,2026,4,6
2026-04-06 21:10:00+00:00,4638.11,4641.68,4638.1,4641.68,1.4812,2026,4,6
2026-04-06 21:15:00+00:00,4641.67,4641.69,4639.3,4639.32,12.2376,2026,4,6
2026-04-06 21:20:00+00:00,4639.32,4639.58,4639.32,4639.58,1.0206,2026,4,6
2026-04-06 21:25:00+00:00,4639.58,4639.58,4639.57,4639.57,1.8331,2026,4,6
2026-04-06 21:30:00+00:00,4639.57,4639.57,4637.67,4637.67,2.617,2026,4,6
2026-04-06 21:35:00+00:00,4637.67,4637.67,4636.63,4636.64,1.352,2026,4,6
2026-04-06 21:40:00+00:00,4636.63,4637.01,4634.89,4635.55,15.548,2026,4,6
2026-04-06 21:45:00+00:00,4635.72,4637.58,4635.72,4637.58,1.0764,2026,4,6
2026-04-06 21:50:00+00:00,4637.59,4638.45,4637.59,4638.44,0.3959,2026,4,6
2026-04-06 21:55:00+00:00,4638.44,4639.12,4638.44,4639.12,0.4343,2026,4,6
2026-04-06 22:00:00+00:00,4639.12,4649.12,4637.77,4646.6,27.4359,2026,4,6
2026-04-06 22:05:00+00:00,4646.69,4651.99,4646.6,4651.99,35.4967,2026,4,6
2026-04-06 22:10:00+00:00,4651.99,4652.91,4650.2,4650.21,12.8731,2026,4,6
2026-04-06 22:15:00+00:00,4650.21,4651.4,4648.8,4651.0,7.9302,2026,4,6
2026-04-06 22:20:00+00:00,4651.0,4651.01,4644.81,4645.35,13.6515,2026,4,6
2026-04-06 22:25:00+00:00,4645.4,4647.2,4645.4,4646.6,3.9532,2026,4,6
2026-04-06 22:30:00+00:00,4646.8,4648.85,4644.75,4644.82,3.5629,2026,4,6
2026-04-06 22:35:00+00:00,4644.82,4646.25,4644.61,4646.23,2.2324,2026,4,6
2026-04-06 22:40:00+00:00,4646.15,4646.16,4645.07,4645.07,4.425,2026,4,6
2026-04-06 22:45:00+00:00,4645.06,4646.18,4644.21,4645.6,3.917,2026,4,6
2026-04-06 22:50:00+00:00,4645.61,4645.66,4641.6,4641.61,3.964,2026,4,6
2026-04-06 22:55:00+00:00,4641.67,4641.8,4640.51,4641.79,1.0395,2026,4,6
2026-04-06 23:00:00+00:00,4641.8,4643.01,4640.85,4643.01,29.4549,2026,4,6
2026-04-06 23:05:00+00:00,4643.11,4645.0,4641.8,4643.6,36.5367,2026,4,6
2026-04-06 23:10:00+00:00,4643.8,4645.19,4643.8,4644.6,7.8865,2026,4,6
2026-04-06 23:15:00+00:00,4644.6,4644.94,4643.4,4643.4,6.0214,2026,4,6
2026-04-06 23:20:00+00:00,4643.4,4643.4,4639.05,4639.06,1.5271,2026,4,6
2026-04-06 23:25:00+00:00,4639.06,4639.8,4639.05,4639.8,0.2484,2026,4,6
2026-04-06 23:30:00+00:00,4639.97,4639.97,4638.81,4638.81,0.7784,2026,4,6
2026-04-06 23:35:00+00:00,4638.8,4639.3,4637.6,4639.3,6.9436,2026,4,6
2026-04-06 23:40:00+00:00,4639.35,4640.2,4637.76,4638.8,2.104,2026,4,6
2026-04-06 23:45:00+00:00,4639.0,4641.35,4639.0,4641.35,11.497,2026,4,6
2026-04-06 23:50:00+00:00,4641.2,4644.0,4640.6,4643.99,1.4892,2026,4,6
2026-04-06 23:55:00+00:00,4644.2,4644.7,4642.99,4644.39,0.447,2026,4,6
2026-04-07 00:00:00+00:00,4643.8,4643.8,4636.75,4640.6,8.2021,2026,4,7
2026-04-07 00:05:00+00:00,4640.8,4641.59,4637.81,4640.58,4.9682,2026,4,7
2026-04-07 00:10:00+00:00,4640.59,4645.98,4640.01,4643.0,24.322,2026,4,7
2026-04-07 00:15:00+00:00,4643.4,4646.4,4643.4,4644.18,1.8847,2026,4,7
2026-04-07 00:20:00+00:00,4644.01,4644.71,4642.53,4644.6,5.8813,2026,4,7
2026-04-07 00:25:00+00:00,4644.8,4645.4,4643.71,4644.55,2.2778,2026,4,7
2026-04-07 00:30:00+00:00,4644.56,4646.39,4643.81,4646.14,7.9186,2026,4,7
2026-04-07 00:35:00+00:00,4646.13,4647.03,4645.6,4646.34,11.7023,2026,4,7
2026-04-07 00:40:00+00:00,4646.33,4646.33,4644.81,4645.79,3.3758,2026,4,7
2026-04-07 00:45:00+00:00,4645.79,4646.79,4644.65,4644.98,15.9779,2026,4,7
2026-04-07 00:50:00+00:00,4644.96,4645.09,4642.61,4643.8,3.9652,2026,4,7
2026-04-07 00:55:00+00:00,4643.6,4643.61,4641.0,4641.0,1.7092,2026,4,7
2026-04-07 01:00:00+00:00,4640.98,4646.6,4614.9,4646.31,176.024,2026,4,7
2026-04-07 01:05:00+00:00,4646.01,4649.93,4625.01,4630.81,45.4959,2026,4,7
2026-04-07 01:10:00+00:00,4630.99,4631.21,4617.39,4625.39,19.2148,2026,4,7
2026-04-07 01:15:00+00:00,4625.36,4634.8,4623.81,4634.76,10.2472,2026,4,7
2026-04-07 01:20:00+00:00,4634.8,4640.79,4634.8,4634.85,9.153,2026,4,7
2026-04-07 01:25:00+00:00,4634.8,4639.16,4631.61,4639.16,12.8552,2026,4,7
2026-04-07 01:30:00+00:00,4638.93,4645.35,4635.59,4642.0,11.5217,2026,4,7
2026-04-07 01:35:00+00:00,4641.8,4642.79,4616.0,4624.19,57.1178,2026,4,7
2026-04-07 01:40:00+00:00,4624.18,4630.47,4621.6,4627.0,10.4211,2026,4,7
2026-04-07 01:45:00+00:00,4627.0,4631.39,4620.8,4620.8,7.2012,2026,4,7
2026-04-07 01:50:00+00:00,4620.6,4621.3,4607.2,4614.19,77.4543,2026,4,7
2026-04-07 01:55:00+00:00,4613.7,4613.7,4602.93,4612.6,31.5556,2026,4,7
2026-04-07 02:00:00+00:00,4612.65,4616.13,4609.74,4614.41,20.1698,2026,4,7
2026-04-07 02:05:00+00:00,4614.41,4616.39,4606.0,4616.05,21.0844,2026,4,7
2026-04-07 02:10:00+00:00,4616.1,4617.79,4610.26,4612.18,17.0243,2026,4,7
2026-04-07 02:15:00+00:00,4612.01,4615.79,4608.95,4615.79,10.0623,2026,4,7
2026-04-07 02:20:00+00:00,4615.79,4616.06,4612.61,4615.47,7.3326,2026,4,7
2026-04-07 02:25:00+00:00,4615.58,4619.08,4615.01,4619.08,8.3595,2026,4,7
2026-04-07 02:30:00+00:00,4619.19,4623.51,4619.08,4621.8,11.7795,2026,4,7
2026-04-07 02:35:00+00:00,4622.0,4625.99,4620.4,4625.99,20.0156,2026,4,7
2026-04-07 02:40:00+00:00,4625.99,4629.59,4625.46,4629.45,12.9863,2026,4,7
2026-04-07 02:45:00+00:00,4629.28,4636.62,4629.27,4634.81,21.6203,2026,4,7
2026-04-07 02:50:00+00:00,4634.69,4636.6,4633.32,4634.2,28.6795,2026,4,7
2026-04-07 02:55:00+00:00,4634.2,4634.2,4629.8,4633.95,23.154,2026,4,7
2026-04-07 03:00:00+00:00,4633.96,4636.98,4633.01,4633.01,2.2931,2026,4,7
2026-04-07 03:05:00+00:00,4633.0,4633.0,4626.61,4629.8,8.7255,2026,4,7
2026-04-07 03:10:00+00:00,4630.0,4631.0,4627.8,4628.2,7.7466,2026,4,7
2026-04-07 03:15:00+00:00,4628.39,4630.6,4625.69,4625.7,7.808,2026,4,7
2026-04-07 03:20:00+00:00,4625.61,4628.51,4625.0,4627.39,14.593,2026,4,7
2026-04-07 03:25:00+00:00,4627.4,4628.31,4625.4,4628.19,2.6271,2026,4,7
2026-04-07 03:30:00+00:00,4627.8,4633.0,4627.61,4631.1,35.165,2026,4,7
2026-04-07 03:35:00+00:00,4631.11,4631.11,4628.6,4630.4,6.0886,2026,4,7
2026-04-07 03:40:00+00:00,4630.35,4632.2,4629.77,4632.2,8.0923,2026,4,7
2026-04-07 03:45:00+00:00,4632.19,4633.48,4632.19,4632.8,6.1792,2026,4,7
2026-04-07 03:50:00+00:00,4632.81,4633.43,4632.81,4633.39,0.7383,2026,4,7
2026-04-07 03:55:00+00:00,4633.38,4635.32,4633.01,4634.59,11.5222,2026,4,7
2026-04-07 04:00:00+00:00,4634.65,4635.86,4634.24,4635.0,3.6539,2026,4,7
2026-04-07 04:05:00+00:00,4634.81,4634.81,4634.0,4634.14,2.0229,2026,4,7
2026-04-07 04:10:00+00:00,4634.4,4634.41,4630.25,4630.59,3.1876,2026,4,7
2026-04-07 04:15:00+00:00,4630.8,4632.8,4630.8,4632.21,3.0897,2026,4,7
2026-04-07 04:20:00+00:00,4632.32,4633.2,4632.31,4633.2,0.2935,2026,4,7
2026-04-07 04:25:00+00:00,4633.39,4635.09,4633.39,4634.94,0.3478,2026,4,7
2026-04-07 04:30:00+00:00,4634.94,4642.31,4634.94,4642.31,9.8004,2026,4,7
2026-04-07 04:35:00+00:00,4642.31,4644.19,4642.31,4643.45,5.1717,2026,4,7
2026-04-07 04:40:00+00:00,4643.4,4647.05,4643.4,4645.41,55.2882,2026,4,7
2026-04-07 04:45:00+00:00,4645.41,4647.15,4644.99,4644.99,16.4859,2026,4,7
2026-04-07 04:50:00+00:00,4644.99,4646.8,4644.99,4646.03,6.4567,2026,4,7
2026-04-07 04:55:00+00:00,4646.21,4646.79,4643.22,4643.23,2.8735,2026,4,7
2026-04-07 05:00:00+00:00,4643.8,4644.86,4640.64,4640.81,7.3411,2026,4,7
2026-04-07 05:05:00+00:00,4640.8,4641.17,4639.6,4639.6,4.6296,2026,4,7
2026-04-07 05:10:00+00:00,4639.6,4640.0,4639.2,4640.0,2.2911,2026,4,7
2026-04-07 05:15:00+00:00,4640.0,4641.6,4639.16,4639.17,2.444,2026,4,7
2026-04-07 05:20:00+00:00,4639.11,4639.11,4633.41,4633.59,5.0899,2026,4,7
2026-04-07 05:25:00+00:00,4633.49,4633.95,4617.62,4618.32,68.2517,2026,4,7
2026-04-07 05:30:00+00:00,4618.4,4624.5,4609.98,4618.6,46.6866,2026,4,7
2026-04-07 05:35:00+00:00,4618.4,4626.68,4617.19,4624.47,17.049,2026,4,7
2026-04-07 05:40:00+00:00,4624.2,4624.79,4616.21,4617.39,10.4412,2026,4,7
2026-04-07 05:45:00+00:00,4616.9,4622.2,4615.54,4619.75,11.6827,2026,4,7
2026-04-07 05:50:00+00:00,4620.2,4624.39,4620.2,4622.92,6.0469,2026,4,7
2026-04-07 05:55:00+00:00,4622.92,4628.51,4622.92,4626.8,6.3409,2026,4,7
2026-04-07 06:00:00+00:00,4626.99,4628.4,4622.39,4628.4,13.2397,2026,4,7
2026-04-07 06:05:00+00:00,4628.51,4629.0,4626.6,4627.6,4.6598,2026,4,7
2026-04-07 06:10:00+00:00,4627.61,4629.8,4625.93,4629.8,8.6454,2026,4,7
2026-04-07 06:15:00+00:00,4630.0,4631.19,4626.21,4626.59,6.4331,2026,4,7
2026-04-07 06:20:00+00:00,4626.2,4626.29,4623.2,4625.2,3.1824,2026,4,7
2026-04-07 06:25:00+00:00,4625.4,4628.59,4623.58,4626.8,3.7088,2026,4,7
2026-04-07 06:30:00+00:00,4626.21,4628.63,4626.21,4627.61,8.0406,2026,4,7
2026-04-07 06:35:00+00:00,4627.64,4630.4,4627.61,4629.6,5.0756,2026,4,7
2026-04-07 06:40:00+00:00,4629.79,4636.8,4628.21,4634.75,8.9592,2026,4,7
2026-04-07 06:45:00+00:00,4634.87,4635.39,4632.85,4633.61,5.9153,2026,4,7
2026-04-07 06:50:00+00:00,4634.26,4638.49,4634.26,4637.84,5.9433,2026,4,7
2026-04-07 06:55:00+00:00,4637.83,4639.69,4636.96,4637.87,7.8779,2026,4,7
2026-04-07 07:00:00+00:00,4638.0,4638.74,4634.66,4636.79,6.2201,2026,4,7
2026-04-07 07:05:00+00:00,4635.8,4639.71,4633.95,4639.32,3.8356,2026,4,7
2026-04-07 07:10:00+00:00,4639.03,4640.22,4634.66,4636.73,22.2487,2026,4,7
2026-04-07 07:15:00+00:00,4636.73,4637.33,4634.57,4636.26,4.0889,2026,4,7
2026-04-07 07:20:00+00:00,4636.63,4637.15,4631.11,4632.44,5.6897,2026,4,7
2026-04-07 07:25:00+00:00,4632.48,4633.39,4624.32,4626.0,37.0522,2026,4,7
2026-04-07 07:30:00+00:00,4626.0,4629.05,4623.85,4628.91,10.462,2026,4,7
2026-04-07 07:35:00+00:00,4628.9,4631.14,4628.9,4631.14,4.1109,2026,4,7
2026-04-07 07:40:00+00:00,4631.21,4631.21,4627.44,4628.52,7.3471,2026,4,7
2026-04-07 07:45:00+00:00,4628.52,4628.52,4626.61,4628.44,4.9719,2026,4,7
2026-04-07 07:50:00+00:00,4628.34,4630.26,4625.64,4626.06,10.4745,2026,4,7
2026-04-07 07:55:00+00:00,4626.35,4631.39,4625.83,4631.39,2.3012,2026,4,7
2026-04-07 08:00:00+00:00,4631.39,4644.17,4630.51,4636.08,17.1782,2026,4,7
2026-04-07 08:05:00+00:00,4635.9,4638.1,4635.19,4637.51,4.9766,2026,4,7
2026-04-07 08:10:00+00:00,4637.16,4648.02,4636.98,4647.88,46.3377,2026,4,7
2026-04-07 08:15:00+00:00,4647.87,4648.3,4642.92,4645.91,16.3431,2026,4,7
2026-04-07 08:20:00+00:00,4645.92,4674.05,4645.82,4668.31,266.0216,2026,4,7
2026-04-07 08:25:00+00:00,4668.32,4671.17,4662.37,4662.91,18.6155,2026,4,7
2026-04-07 08:30:00+00:00,4662.9,4670.45,4662.01,4667.94,16.4691,2026,4,7
2026-04-07 08:35:00+00:00,4668.12,4672.55,4665.89,4667.2,109.3001,2026,4,7
2026-04-07 08:40:00+00:00,4666.86,4668.3,4664.7,4668.3,15.4728,2026,4,7
2026-04-07 08:45:00+00:00,4668.33,4671.35,4665.1,4666.5,9.8694,2026,4,7
2026-04-07 08:50:00+00:00,4666.14,4667.63,4664.75,4667.0,26.7485,2026,4,7
2026-04-07 08:55:00+00:00,4667.04,4669.38,4665.6,4667.22,13.566,2026,4,7
2026-04-07 09:00:00+00:00,4667.05,4671.54,4667.05,4669.03,8.866,2026,4,7
2026-04-07 09:05:00+00:00,4669.02,4671.14,4666.87,4670.63,12.4774,2026,4,7
2026-04-07 09:10:00+00:00,4670.64,4677.75,4670.64,4671.36,28.7521,2026,4,7
2026-04-07 09:15:00+00:00,4671.18,4678.0,4667.92,4673.88,27.676,2026,4,7
2026-04-07 09:20:00+00:00,4673.88,4677.29,4673.88,4677.24,13.0389,2026,4,7
2026-04-07 09:25:00+00:00,4677.2,4678.15,4670.47,4672.26,11.862,2026,4,7
2026-04-07 09:30:00+00:00,4672.26,4672.26,4665.05,4668.1,25.2967,2026,4,7
2026-04-07 09:35:00+00:00,4667.58,4667.75,4661.36,4662.34,24.7274,2026,4,7
2026-04-07 09:40:00+00:00,4662.35,4662.35,4651.74,4653.18,34.318,2026,4,7
2026-04-07 09:45:00+00:00,4653.0,4654.77,4646.35,4652.65,74.3074,2026,4,7
2026-04-07 09:50:00+00:00,4652.65,4657.14,4649.08,4656.59,31.6359,2026,4,7
2026-04-07 09:55:00+00:00,4656.96,4660.56,4656.96,4657.84,3.7075,2026,4,7
2026-04-07 10:00:00+00:00,4657.51,4661.63,4654.09,4660.84,137.3392,2026,4,7
2026-04-07 10:05:00+00:00,4660.84,4663.61,4648.48,4660.5,86.4214,2026,4,7
2026-04-07 10:10:00+00:00,4659.48,4662.8,4656.97,4661.65,11.1495,2026,4,7
2026-04-07 10:15:00+00:00,4661.29,4664.48,4660.03,4660.74,4.4659,2026,4,7
2026-04-07 10:20:00+00:00,4660.75,4662.6,4656.67,4657.06,6.7254,2026,4,7
2026-04-07 10:25:00+00:00,4657.17,4658.58,4644.71,4653.6,32.9047,2026,4,7
2026-04-07 10:30:00+00:00,4653.55,4657.13,4652.91,4653.01,16.564,2026,4,7
2026-04-07 10:35:00+00:00,4653.3,4654.61,4649.05,4649.05,5.8994,2026,4,7
2026-04-07 10:40:00+00:00,4649.05,4651.56,4642.0,4649.22,10.8386,2026,4,7
2026-04-07 10:45:00+00:00,4649.04,4649.04,4638.0,4638.0,22.0826,2026,4,7
2026-04-07 10:50:00+00:00,4638.01,4644.74,4638.01,4642.74,11.1951,2026,4,7
2026-04-07 10:55:00+00:00,4642.57,4643.82,4636.99,4638.68,8.0696,2026,4,7
2026-04-07 11:00:00+00:00,4639.49,4644.01,4634.55,4641.7,146.3738,2026,4,7
2026-04-07 11:05:00+00:00,4641.7,4642.73,4634.83,4637.71,36.6162,2026,4,7
2026-04-07 11:10:00+00:00,4637.7,4637.7,4619.0,4624.2,41.4498,2026,4,7
2026-04-07 11:15:00+00:00,4623.84,4629.05,4622.76,4628.16,31.444,2026,4,7
2026-04-07 11:20:00+00:00,4627.98,4632.83,4626.37,4632.12,11.7515,2026,4,7
2026-04-07 11:25:00+00:00,4631.95,4637.62,4631.95,4634.68,7.6381,2026,4,7
2026-04-07 11:30:00+00:00,4634.64,4637.67,4633.56,4635.54,9.96,2026,4,7
2026-04-07 11:35:00+00:00,4635.51,4644.29,4633.56,4640.21,16.0428,2026,4,7
2026-04-07 11:40:00+00:00,4640.15,4648.66,4639.74,4648.03,10.4857,2026,4,7
2026-04-07 11:45:00+00:00,4648.04,4648.31,4642.57,4644.72,3.5818,2026,4,7
2026-04-07 11:50:00+00:00,4644.9,4646.15,4643.65,4644.01,5.5443,2026,4,7
2026-04-07 11:55:00+00:00,4644.01,4646.69,4644.0,4645.69,4.2249,2026,4,7
2026-04-07 12:00:00+00:00,4645.62,4646.16,4641.8,4642.65,12.3302,2026,4,7
2026-04-07 12:05:00+00:00,4642.66,4649.6,4637.66,4641.48,75.0228,2026,4,7
2026-04-07 12:10:00+00:00,4641.31,4641.83,4637.45,4639.4,7.8904,2026,4,7
2026-04-07 12:15:00+00:00,4639.68,4650.03,4637.34,4644.75,87.5843,2026,4,7
2026-04-07 12:20:00+00:00,4644.75,4655.16,4644.18,4653.54,21.7423,2026,4,7
2026-04-07 12:25:00+00:00,4653.36,4653.89,4651.48,4652.2,6.381,2026,4,7
2026-04-07 12:30:00+00:00,4652.46,4653.97,4647.24,4647.24,8.9216,2026,4,7
2026-04-07 12:35:00+00:00,4647.06,4649.76,4645.09,4648.95,4.7043,2026,4,7
2026-04-07 12:40:00+00:00,4648.95,4650.2,4644.18,4644.18,4.8115,2026,4,7
2026-04-07 12:45:00+00:00,4644.05,4644.05,4635.05,4635.06,7.9246,2026,4,7
2026-04-07 12:50:00+00:00,4635.54,4641.3,4632.81,4639.14,164.1442,2026,4,7
2026-04-07 12:55:00+00:00,4639.29,4647.54,4637.0,4638.59,49.3956,2026,4,7
2026-04-07 13:00:00+00:00,4638.14,4642.91,4635.29,4641.85,14.1268,2026,4,7
2026-04-07 13:05:00+00:00,4641.84,4644.99,4640.41,4642.44,28.9307,2026,4,7
2026-04-07 13:10:00+00:00,4642.43,4644.29,4639.09,4643.46,38.0058,2026,4,7
2026-04-07 13:15:00+00:00,4643.63,4644.67,4638.61,4638.61,3.7058,2026,4,7
2026-04-07 13:20:00+00:00,4638.61,4646.5,4638.6,4644.91,118.2161,2026,4,7
2026-04-07 13:25:00+00:00,4644.91,4647.99,4644.41,4644.41,7.364,2026,4,7
2026-04-07 13:30:00+00:00,4644.37,4648.58,4635.36,4635.36,14.6178,2026,4,7
2026-04-07 13:35:00+00:00,4635.36,4638.02,4632.66,4635.56,26.2485,2026,4,7
2026-04-07 13:40:00+00:00,4635.18,4638.05,4623.64,4626.75,144.2916,2026,4,7
2026-04-07 13:45:00+00:00,4626.75,4633.8,4625.15,4633.8,28.4386,2026,4,7
2026-04-07 13:50:00+00:00,4633.92,4638.24,4631.8,4638.16,12.2222,2026,4,7
2026-04-07 13:55:00+00:00,4638.16,4639.31,4630.5,4630.81,46.9582,2026,4,7
2026-04-07 14:00:00+00:00,4630.55,4631.04,4612.06,4612.7,52.2159,2026,4,7
2026-04-07 14:05:00+00:00,4612.7,4614.99,4596.24,4598.98,109.0324,2026,4,7
2026-04-07 14:10:00+00:00,4599.47,4612.5,4599.47,4609.44,19.1015,2026,4,7
2026-04-07 14:15:00+00:00,4609.4,4610.87,4599.0,4603.91,16.223,2026,4,7
2026-04-07 14:20:00+00:00,4604.04,4630.0,4604.04,4628.53,18.9599,2026,4,7
2026-04-07 14:25:00+00:00,4628.53,4634.53,4627.45,4630.91,25.9746,2026,4,7
2026-04-07 14:30:00+00:00,4631.04,4640.0,4628.65,4638.6,19.7962,2026,4,7
2026-04-07 14:35:00+00:00,4638.6,4645.35,4637.52,4640.79,46.8952,2026,4,7
2026-04-07 14:40:00+00:00,4640.8,4640.95,4633.71,4633.71,11.2291,2026,4,7
2026-04-07 14:45:00+00:00,4633.56,4641.83,4632.94,4635.18,8.6413,2026,4,7
2026-04-07 14:50:00+00:00,4635.0,4635.0,4627.09,4627.09,5.683,2026,4,7
2026-04-07 14:55:00+00:00,4627.08,4627.08,4617.84,4619.71,20.6292,2026,4,7
2026-04-07 15:00:00+00:00,4619.7,4622.77,4616.89,4616.89,17.762,2026,4,7
2026-04-07 15:05:00+00:00,4616.66,4621.86,4613.89,4621.0,66.8716,2026,4,7
2026-04-07 15:10:00+00:00,4621.37,4629.24,4620.06,4628.52,15.2882,2026,4,7
2026-04-07 15:15:00+00:00,4628.7,4638.79,4627.69,4636.8,31.8104,2026,4,7
2026-04-07 15:20:00+00:00,4636.97,4638.24,4632.85,4632.85,4.4782,2026,4,7
2026-04-07 15:25:00+00:00,4632.85,4638.6,4632.85,4638.6,3.5454,2026,4,7
2026-04-07 15:30:00+00:00,4638.78,4641.93,4630.55,4634.28,69.2946,2026,4,7
2026-04-07 15:35:00+00:00,4634.1,4637.79,4631.4,4631.41,12.2898,2026,4,7
2026-04-07 15:40:00+00:00,4631.55,4634.74,4629.25,4632.94,10.5684,2026,4,7
2026-04-07 15:45:00+00:00,4633.37,4638.23,4633.16,4637.87,19.2077,2026,4,7
2026-04-07 15:50:00+00:00,4637.88,4640.1,4636.26,4640.1,13.4456,2026,4,7
2026-04-07 15:55:00+00:00,4639.69,4644.69,4638.51,4642.56,22.0283,2026,4,7
2026-04-07 16:00:00+00:00,4642.56,4654.29,4641.3,4649.89,49.4881,2026,4,7
2026-04-07 16:05:00+00:00,4649.45,4649.45,4641.66,4641.66,9.4854,2026,4,7
2026-04-07 16:10:00+00:00,4641.48,4647.06,4640.77,4645.62,5.9781,2026,4,7
2026-04-07 16:15:00+00:00,4645.79,4646.34,4644.18,4644.36,3.9016,2026,4,7
2026-04-07 16:20:00+00:00,4644.0,4653.71,4642.49,4644.36,46.0471,2026,4,7
2026-04-07 16:25:00+00:00,4645.07,4649.8,4644.9,4649.58,14.1202,2026,4,7
2026-04-07 16:30:00+00:00,4649.75,4650.39,4643.45,4647.61,34.7298,2026,4,7
2026-04-07 16:35:00+00:00,4647.6,4648.67,4645.4,4645.4,5.6214,2026,4,7
2026-04-07 16:40:00+00:00,4645.8,4647.59,4644.38,4647.42,2.5927,2026,4,7
2026-04-07 16:45:00+00:00,4647.42,4649.4,4645.81,4645.81,6.5184,2026,4,7
2026-04-07 16:50:00+00:00,4645.98,4648.49,4645.27,4647.96,4.471,2026,4,7
2026-04-07 16:55:00+00:00,4647.78,4647.78,4643.78,4644.36,5.4279,2026,4,7
2026-04-07 17:00:00+00:00,4644.36,4651.74,4643.0,4651.74,7.9779,2026,4,7
2026-04-07 17:05:00+00:00,4651.85,4658.03,4650.95,4654.57,10.975,2026,4,7
2026-04-07 17:10:00+00:00,4654.08,4654.44,4652.28,4654.43,13.8511,2026,4,7
2026-04-07 17:15:00+00:00,4654.43,4654.43,4643.8,4644.37,7.9973,2026,4,7
2026-04-07 17:20:00+00:00,4644.71,4646.63,4642.38,4646.34,4.3988,2026,4,7
2026-04-07 17:25:00+00:00,4646.29,4647.77,4644.72,4647.77,6.0135,2026,4,7
2026-04-07 17:30:00+00:00,4647.78,4657.86,4647.78,4657.86,22.4604,2026,4,7
2026-04-07 17:35:00+00:00,4658.04,4671.34,4658.04,4665.78,736.8352,2026,4,7
2026-04-07 17:40:00+00:00,4665.6,4665.77,4658.0,4658.2,21.0508,2026,4,7
2026-04-07 17:45:00+00:00,4658.21,4663.07,4658.04,4663.07,6.0261,2026,4,7
2026-04-07 17:50:00+00:00,4663.08,4664.99,4662.31,4662.31,16.7406,2026,4,7
2026-04-07 17:55:00+00:00,4662.43,4663.8,4661.2,4661.2,9.0766,2026,4,7
2026-04-07 18:00:00+00:00,4661.21,4666.5,4661.21,4664.83,17.6178,2026,4,7
2026-04-07 18:05:00+00:00,4664.7,4664.74,4663.08,4664.52,8.0152,2026,4,7
2026-04-07 18:10:00+00:00,4664.52,4669.22,4663.63,4669.22,3.5308,2026,4,7
2026-04-07 18:15:00+00:00,4669.38,4670.97,4665.89,4669.38,17.9957,2026,4,7
2026-04-07 18:20:00+00:00,4669.56,4670.0,4663.99,4664.32,17.111,2026,4,7
2026-04-07 18:25:00+00:00,4664.48,4667.21,4663.99,4666.56,11.9706,2026,4,7
2026-04-07 18:30:00+00:00,4666.56,4670.79,4666.56,4669.21,34.5863,2026,4,7
2026-04-07 18:35:00+00:00,4669.2,4669.2,4666.14,4666.14,5.9328,2026,4,7
2026-04-07 18:40:00+00:00,4665.97,4666.23,4663.61,4666.22,11.97,2026,4,7
2026-04-07 18:45:00+00:00,4665.78,4665.78,4658.46,4659.26,15.6754,2026,4,7
2026-04-07 18:50:00+00:00,4659.29,4659.29,4650.85,4651.09,8.3633,2026,4,7
2026-04-07 18:55:00+00:00,4650.86,4650.86,4644.59,4649.22,23.4956,2026,4,7
2026-04-07 19:00:00+00:00,4649.76,4653.6,4649.04,4653.09,3.6354,2026,4,7
2026-04-07 19:05:00+00:00,4653.1,4654.8,4649.4,4651.03,15.3962,2026,4,7
2026-04-07 19:10:00+00:00,4651.15,4654.98,4651.15,4654.95,3.2082,2026,4,7
2026-04-07 19:15:00+00:00,4654.95,4676.0,4653.93,4675.8,42.8908,2026,4,7
2026-04-07 19:20:00+00:00,4675.68,4686.35,4671.1,4674.65,49.6061,2026,4,7
2026-04-07 19:25:00+00:00,4674.65,4676.58,4672.0,4672.12,12.3113,2026,4,7
2026-04-07 19:30:00+00:00,4672.43,4673.28,4668.54,4671.36,11.1113,2026,4,7
2026-04-07 19:35:00+00:00,4671.35,4674.95,4668.7,4671.37,12.3469,2026,4,7
2026-04-07 19:40:00+00:00,4671.36,4674.94,4668.49,4673.05,11.6315,2026,4,7
2026-04-07 19:45:00+00:00,4672.62,4702.9,4669.98,4691.36,165.6593,2026,4,7
2026-04-07 19:50:00+00:00,4691.52,4697.46,4682.4,4684.91,22.8266,2026,4,7
2026-04-07 19:55:00+00:00,4685.4,4688.0,4683.78,4687.39,24.4142,2026,4,7
2026-04-07 20:00:00+00:00,4687.75,4696.01,4684.69,4691.88,39.095,2026,4,7
2026-04-07 20:05:00+00:00,4691.87,4694.4,4684.86,4693.44,17.2049,2026,4,7
2026-04-07 20:10:00+00:00,4693.44,4695.3,4691.89,4695.0,21.4901,2026,4,7
2026-04-07 20:15:00+00:00,4694.77,4698.51,4691.53,4692.24,18.1002,2026,4,7
2026-04-07 20:20:00+00:00,4692.11,4693.68,4689.9,4691.87,12.7676,2026,4,7
2026-04-07 20:25:00+00:00,4691.35,4697.25,4689.06,4695.0,18.7859,2026,4,7
2026-04-07 20:30:00+00:00,4695.48,4698.67,4694.76,4696.02,14.0667,2026,4,7
2026-04-07 20:35:00+00:00,4695.85,4698.0,4688.28,4691.34,41.1875,2026,4,7
2026-04-07 20:40:00+00:00,4691.44,4699.97,4690.86,4693.0,11.7102,2026,4,7
2026-04-07 20:45:00+00:00,4692.78,4695.65,4692.6,4695.65,7.4887,2026,4,7
2026-04-07 20:50:00+00:00,4695.66,4695.66,4691.87,4692.24,8.8629,2026,4,7
2026-04-07 20:55:00+00:00,4692.21,4696.38,4690.0,4691.52,8.2853,2026,4,7
2026-04-07 21:00:00+00:00,4691.16,4692.34,4688.0,4692.34,19.5258,2026,4,7
2026-04-07 21:05:00+00:00,4692.34,4696.83,4691.51,4696.23,16.5815,2026,4,7
2026-04-07 21:10:00+00:00,4696.22,4703.11,4693.84,4697.01,109.1906,2026,4,7
2026-04-07 21:15:00+00:00,4696.75,4696.75,4693.75,4694.26,17.5325,2026,4,7
2026-04-07 21:20:00+00:00,4694.26,4694.26,4693.56,4693.57,4.6954,2026,4,7
2026-04-07 21:25:00+00:00,4693.5,4693.51,4687.75,4691.33,41.0674,2026,4,7
2026-04-07 21:30:00+00:00,4691.32,4693.65,4691.32,4692.26,11.0062,2026,4,7
2026-04-07 21:35:00+00:00,4692.26,4698.96,4691.11,4698.2,32.6734,2026,4,7
2026-04-07 21:40:00+00:00,4697.51,4697.51,4691.51,4695.65,31.1658,2026,4,7
2026-04-07 21:45:00+00:00,4695.65,4696.75,4695.65,4696.75,2.3394,2026,4,7
2026-04-07 21:50:00+00:00,4696.75,4701.7,4696.74,4701.69,11.5415,2026,4,7
2026-04-07 21:55:00+00:00,4701.68,4701.68,4697.39,4697.41,3.4071,2026,4,7
2026-04-07 22:00:00+00:00,4697.41,4728.15,4697.41,4726.24,345.5692,2026,4,7
2026-04-07 22:05:00+00:00,4725.44,4733.0,4720.77,4725.5,77.9266,2026,4,7
2026-04-07 22:10:00+00:00,4725.25,4725.25,4716.25,4716.25,59.6856,2026,4,7
2026-04-07 22:15:00+00:00,4716.25,4717.49,4711.56,4713.74,50.204,2026,4,7
2026-04-07 22:20:00+00:00,4713.75,4716.06,4708.13,4713.26,74.4506,2026,4,7
2026-04-07 22:25:00+00:00,4713.25,4718.99,4712.27,4718.47,38.3206,2026,4,7
2026-04-07 22:30:00+00:00,4718.55,4745.86,4700.83,4742.58,422.1069,2026,4,7
2026-04-07 22:35:00+00:00,4742.79,4761.18,4736.17,4758.25,211.3195,2026,4,7
2026-04-07 22:40:00+00:00,4757.55,4772.23,4752.75,4752.75,318.2673,2026,4,7
2026-04-07 22:45:00+00:00,4752.5,4755.13,4745.54,4753.15,118.5471,2026,4,7
2026-04-07 22:50:00+00:00,4753.75,4783.11,4751.99,4774.62,405.015,2026,4,7
2026-04-07 22:55:00+00:00,4774.07,4799.5,4774.01,4797.57,297.593,2026,4,7
2026-04-07 23:00:00+00:00,4797.9,4802.91,4782.14,4792.15,398.1066,2026,4,7
2026-04-07 23:05:00+00:00,4791.25,4797.0,4786.52,4795.0,143.3147,2026,4,7
2026-04-07 23:10:00+00:00,4794.95,4798.94,4785.9,4795.76,138.0069,2026,4,7
2026-04-07 23:15:00+00:00,4796.5,4802.0,4790.02,4801.99,101.9961,2026,4,7
2026-04-07 23:20:00+00:00,4802.0,4807.22,4797.0,4797.63,243.3941,2026,4,7
2026-04-07 23:25:00+00:00,4797.64,4797.64,4787.5,4793.75,177.9125,2026,4,7
2026-04-07 23:30:00+00:00,4793.75,4795.7,4786.95,4787.45,225.7708,2026,4,7
2026-04-07 23:35:00+00:00,4787.32,4793.22,4783.6,4786.76,226.6263,2026,4,7
2026-04-07 23:40:00+00:00,4786.76,4789.67,4786.26,4789.25,91.1072,2026,4,7
2026-04-07 23:45:00+00:00,4789.5,4793.87,4788.61,4789.7,85.9271,2026,4,7
2026-04-07 23:50:00+00:00,4789.71,4801.86,4789.27,4797.95,206.3682,2026,4,7
2026-04-07 23:55:00+00:00,4797.5,4812.14,4793.64,4809.74,135.3748,2026,4,7
2026-04-08 00:00:00+00:00,4809.75,4830.0,4808.75,4824.35,299.1767,2026,4,8
2026-04-08 00:05:00+00:00,4824.26,4834.28,4816.3,4817.45,176.0084,2026,4,8
2026-04-08 00:10:00+00:00,4817.01,4821.76,4810.31,4813.0,126.6758,2026,4,8
2026-04-08 00:15:00+00:00,4813.0,4815.95,4808.31,4811.96,79.1657,2026,4,8
2026-04-08 00:20:00+00:00,4811.26,4812.49,4805.31,4806.51,85.2359,2026,4,8
2026-04-08 00:25:00+00:00,4806.55,4807.76,4799.39,4801.46,65.4341,2026,4,8
2026-04-08 00:30:00+00:00,4801.46,4802.5,4793.1,4794.25,56.2846,2026,4,8
2026-04-08 00:35:00+00:00,4794.1,4800.0,4790.71,4800.0,42.5922,2026,4,8
2026-04-08 00:40:00+00:00,4800.0,4800.46,4791.26,4792.39,77.0063,2026,4,8
2026-04-08 00:45:00+00:00,4792.39,4793.46,4787.3,4792.99,63.8992,2026,4,8
2026-04-08 00:50:00+00:00,4793.0,4803.35,4793.0,4798.78,78.8423,2026,4,8
2026-04-08 00:55:00+00:00,4799.25,4800.89,4789.25,4795.75,97.7139,2026,4,8
2026-04-08 01:00:00+00:00,4794.66,4800.94,4784.7,4785.25,83.2947,2026,4,8
2026-04-08 01:05:00+00:00,4785.0,4796.35,4785.0,4795.3,76.1196,2026,4,8
2026-04-08 01:10:00+00:00,4795.6,4798.73,4793.36,4797.42,56.8204,2026,4,8
2026-04-08 01:15:00+00:00,4797.26,4798.24,4780.75,4781.75,42.0957,2026,4,8
2026-04-08 01:20:00+00:00,4781.99,4784.49,4773.25,4779.97,34.8046,2026,4,8
2026-04-08 01:25:00+00:00,4780.0,4782.0,4772.02,4772.55,21.6642,2026,4,8
2026-04-08 01:30:00+00:00,4772.99,4777.59,4768.53,4777.49,56.9369,2026,4,8
2026-04-08 01:35:00+00:00,4777.49,4782.89,4777.49,4777.68,26.4781,2026,4,8
2026-04-08 01:40:00+00:00,4777.56,4780.5,4775.97,4778.49,16.8047,2026,4,8
2026-04-08 01:45:00+00:00,4777.76,4785.0,4777.65,4785.0,15.7384,2026,4,8
2026-04-08 01:50:00+00:00,4785.0,4790.99,4785.0,4786.25,22.3016,2026,4,8
2026-04-08 01:55:00+00:00,4786.26,4789.79,4785.66,4788.25,21.5012,2026,4,8
2026-04-08 02:00:00+00:00,4788.31,4800.0,4788.31,4793.5,103.8687,2026,4,8
2026-04-08 02:05:00+00:00,4793.5,4795.35,4793.01,4793.77,14.1754,2026,4,8
2026-04-08 02:10:00+00:00,4793.77,4795.74,4791.51,4792.01,15.7342,2026,4,8
2026-04-08 02:15:00+00:00,4792.0,4792.0,4789.5,4789.6,11.5073,2026,4,8
2026-04-08 02:20:00+00:00,4789.6,4790.25,4786.39,4786.75,43.7612,2026,4,8
2026-04-08 02:25:00+00:00,4786.76,4789.75,4784.51,4789.1,25.4393,2026,4,8
2026-04-08 02:30:00+00:00,4789.0,4792.24,4787.25,4791.0,20.4069,2026,4,8
2026-04-08 02:35:00+00:00,4791.0,4795.7,4790.25,4791.25,105.6951,2026,4,8
2026-04-08 02:40:00+00:00,4791.14,4793.0,4784.39,4784.41,88.0491,2026,4,8
2026-04-08 02:45:00+00:00,4784.4,4786.2,4782.1,4783.25,31.0729,2026,4,8
2026-04-08 02:50:00+00:00,4783.25,4786.37,4781.09,4781.4,36.7245,2026,4,8
2026-04-08 02:55:00+00:00,4781.39,4781.4,4777.86,4781.39,26.5052,2026,4,8
2026-04-08 03:00:00+00:00,4781.39,4783.35,4781.01,4781.62,24.7,2026,4,8
2026-04-08 03:05:00+00:00,4781.62,4781.62,4777.86,4779.76,13.7559,2026,4,8
2026-04-08 03:10:00+00:00,4779.76,4779.8,4776.6,4776.6,10.5033,2026,4,8
2026-04-08 03:15:00+00:00,4776.6,4777.25,4775.51,4776.17,7.8627,2026,4,8
2026-04-08 03:20:00+00:00,4776.16,4778.49,4776.11,4778.0,26.1613,2026,4,8
2026-04-08 03:25:00+00:00,4778.01,4781.99,4778.01,4781.4,21.2931,2026,4,8
2026-04-08 03:30:00+00:00,4781.25,4781.25,4774.26,4778.08,26.0668,2026,4,8
2026-04-08 03:35:00+00:00,4778.24,4778.86,4775.47,4775.64,33.5411,2026,4,8
2026-04-08 03:40:00+00:00,4775.65,4781.49,4775.65,4778.61,28.0406,2026,4,8
2026-04-08 03:45:00+00:00,4778.6,4778.86,4777.0,4777.68,15.1631,2026,4,8
2026-04-08 03:50:00+00:00,4777.68,4781.49,4777.68,4779.13,39.8155,2026,4,8
2026-04-08 03:55:00+00:00,4779.13,4779.13,4775.51,4775.83,27.0408,2026,4,8
2026-04-08 04:00:00+00:00,4775.83,4778.74,4775.83,4777.11,16.3717,2026,4,8
2026-04-08 04:05:00+00:00,4777.11,4777.11,4772.6,4772.76,32.3231,2026,4,8
2026-04-08 04:10:00+00:00,4772.77,4775.2,4772.77,4775.2,13.5263,2026,4,8
2026-04-08 04:15:00+00:00,4775.22,4775.81,4771.76,4772.65,26.706,2026,4,8
2026-04-08 04:20:00+00:00,4772.64,4773.0,4768.77,4768.9,24.8967,2026,4,8
2026-04-08 04:25:00+00:00,4768.94,4780.8,4768.94,4780.06,49.6916,2026,4,8
2026-04-08 04:30:00+00:00,4780.05,4781.72,4779.19,4780.39,35.897,2026,4,8
2026-04-08 04:35:00+00:00,4780.4,4782.95,4779.76,4782.46,34.9645,2026,4,8
2026-04-08 04:40:00+00:00,4782.45,4783.97,4780.81,4781.79,25.6267,2026,4,8
2026-04-08 04:45:00+00:00,4781.78,4781.89,4776.28,4776.54,25.4228,2026,4,8
2026-04-08 04:50:00+00:00,4776.55,4779.01,4776.54,4778.73,15.576,2026,4,8
2026-04-08 04:55:00+00:00,4778.73,4780.07,4777.26,4780.07,14.6957,2026,4,8
2026-04-08 05:00:00+00:00,4780.25,4783.0,4778.51,4783.0,28.1981,2026,4,8
2026-04-08 05:05:00+00:00,4783.0,4787.59,4783.0,4786.06,16.8197,2026,4,8
2026-04-08 05:10:00+00:00,4786.07,4788.56,4784.01,4787.24,27.7648,2026,4,8
2026-04-08 05:15:00+00:00,4787.24,4788.0,4785.25,4787.99,10.5798,2026,4,8
2026-04-08 05:20:00+00:00,4787.99,4789.74,4787.52,4789.73,8.7216,2026,4,8
2026-04-08 05:25:00+00:00,4789.74,4793.61,4789.41,4793.42,19.1612,2026,4,8
2026-04-08 05:30:00+00:00,4793.43,4799.6,4792.0,4798.29,44.8403,2026,4,8
2026-04-08 05:35:00+00:00,4798.99,4799.4,4795.26,4796.5,15.3227,2026,4,8
2026-04-08 05:40:00+00:00,4796.74,4801.16,4796.74,4800.0,32.1736,2026,4,8
2026-04-08 05:45:00+00:00,4800.0,4808.0,4798.5,4808.0,50.5033,2026,4,8
2026-04-08 05:50:00+00:00,4808.0,4819.09,4808.0,4813.86,55.9472,2026,4,8
2026-04-08 05:55:00+00:00,4813.85,4813.85,4803.5,4805.7,26.4298,2026,4,8
2026-04-08 06:00:00+00:00,4805.7,4810.91,4805.25,4806.0,79.5183,2026,4,8
2026-04-08 06:05:00+00:00,4806.0,4808.99,4798.94,4800.85,35.2686,2026,4,8
2026-04-08 06:10:00+00:00,4801.0,4804.49,4801.0,4803.31,21.0224,2026,4,8
2026-04-08 06:15:00+00:00,4803.31,4807.99,4802.76,4806.5,29.6163,2026,4,8
2026-04-08 06:20:00+00:00,4806.74,4811.49,4806.74,4810.24,30.4036,2026,4,8
2026-04-08 06:25:00+00:00,4810.25,4813.33,4808.59,4813.33,20.6527,2026,4,8
2026-04-08 06:30:00+00:00,4813.31,4813.32,4807.25,4810.5,15.7141,2026,4,8
2026-04-08 06:35:00+00:00,4810.74,4816.12,4809.25,4809.73,24.174,2026,4,8
2026-04-08 06:40:00+00:00,4809.73,4813.75,4808.98,4813.37,39.3782,2026,4,8
2026-04-08 06:45:00+00:00,4813.38,4816.29,4811.0,4811.0,48.6425,2026,4,8
2026-04-08 06:50:00+00:00,4810.86,4810.86,4800.0,4800.99,36.0957,2026,4,8
2026-04-08 06:55:00+00:00,4800.73,4802.77,4798.01,4798.13,44.1285,2026,4,8
2026-04-08 07:00:00+00:00,4798.01,4798.05,4787.77,4792.25,65.3722,2026,4,8
2026-04-08 07:05:00+00:00,4792.26,4795.25,4791.92,4794.2,12.8649,2026,4,8
2026-04-08 07:10:00+00:00,4794.2,4794.41,4788.81,4792.45,55.0762,2026,4,8
2026-04-08 07:15:00+00:00,4792.25,4793.49,4790.4,4791.2,27.9718,2026,4,8
2026-04-08 07:20:00+00:00,4791.2,4795.16,4789.25,4795.16,19.8781,2026,4,8
2026-04-08 07:25:00+00:00,4795.17,4799.0,4795.01,4796.25,72.0379,2026,4,8
2026-04-08 07:30:00+00:00,4796.49,4796.49,4787.7,4789.59,26.3515,2026,4,8
2026-04-08 07:35:00+00:00,4789.6,4793.21,4787.23,4789.88,22.1317,2026,4,8
2026-04-08 07:40:00+00:00,4789.89,4789.99,4786.37,4788.94,14.5596,2026,4,8
2026-04-08 07:45:00+00:00,4788.94,4793.84,4787.97,4793.49,17.984,2026,4,8
2026-04-08 07:50:00+00:00,4793.98,4798.18,4793.07,4796.68,25.624,2026,4,8
2026-04-08 07:55:00+00:00,4797.49,4798.02,4792.14,4792.68,12.4312,2026,4,8
2026-04-08 08:00:00+00:00,4792.14,4792.72,4788.11,4792.44,11.4591,2026,4,8
2026-04-08 08:05:00+00:00,4795.41,4798.37,4794.0,4795.5,23.8295,2026,4,8
2026-04-08 08:10:00+00:00,4794.81,4795.26,4791.05,4794.8,4.882,2026,4,8
2026-04-08 08:15:00+00:00,4794.46,4798.27,4794.46,4798.27,4.3749,2026,4,8
2026-04-08 08:20:00+00:00,4798.26,4798.26,4788.3,4788.45,36.886,2026,4,8
2026-04-08 08:25:00+00:00,4788.46,4789.74,4781.26,4788.25,26.0831,2026,4,8
2026-04-08 08:30:00+00:00,4788.71,4788.71,4784.56,4785.12,23.0767,2026,4,8
2026-04-08 08:35:00+00:00,4785.11,4788.51,4783.2,4783.2,103.1827,2026,4,8
2026-04-08 08:40:00+00:00,4783.22,4783.9,4773.05,4774.12,47.2045,2026,4,8
2026-04-08 08:45:00+00:00,4774.39,4779.05,4772.6,4776.47,24.276,2026,4,8
2026-04-08 08:50:00+00:00,4777.08,4784.11,4776.43,4778.41,27.5562,2026,4,8
2026-04-08 08:55:00+00:00,4778.41,4779.06,4776.3,4776.89,11.7891,2026,4,8
2026-04-08 09:00:00+00:00,4776.89,4779.27,4776.65,4778.26,11.2441,2026,4,8
2026-04-08 09:05:00+00:00,4778.25,4782.07,4778.25,4781.92,21.8609,2026,4,8
2026-04-08 09:10:00+00:00,4781.8,4783.68,4778.96,4783.68,13.4016,2026,4,8
2026-04-08 09:15:00+00:00,4783.89,4783.89,4780.5,4781.73,17.3621,2026,4,8
2026-04-08 09:20:00+00:00,4781.58,4787.52,4779.79,4785.67,39.1941,2026,4,8
2026-04-08 09:25:00+00:00,4785.66,4787.85,4779.86,4780.82,54.5811,2026,4,8
2026-04-08 09:30:00+00:00,4780.7,4784.11,4778.6,4778.61,44.1004,2026,4,8
2026-04-08 09:35:00+00:00,4779.06,4782.35,4777.53,4777.53,13.7833,2026,4,8
2026-04-08 09:40:00+00:00,4777.53,4777.53,4760.12,4764.81,79.5105,2026,4,8
2026-04-08 09:45:00+00:00,4764.82,4769.15,4760.8,4768.79,16.1555,2026,4,8
2026-04-08 09:50:00+00:00,4769.16,4771.57,4767.35,4767.79,118.0757,2026,4,8
2026-04-08 09:55:00+00:00,4767.65,4768.19,4763.45,4765.41,39.9273,2026,4,8
2026-04-08 10:00:00+00:00,4765.41,4772.86,4765.41,4771.36,32.6748,2026,4,8
2026-04-08 10:05:00+00:00,4771.36,4771.54,4768.59,4770.71,8.1864,2026,4,8
2026-04-08 10:10:00+00:00,4770.71,4770.71,4765.08,4765.17,9.1014,2026,4,8
2026-04-08 10:15:00+00:00,4765.17,4765.4,4754.86,4759.43,70.6756,2026,4,8
2026-04-08 10:20:00+00:00,4759.43,4763.21,4755.96,4761.25,17.3098,2026,4,8
2026-04-08 10:25:00+00:00,4761.54,4765.85,4761.54,4764.99,13.3851,2026,4,8
2026-04-08 10:30:00+00:00,4765.0,4767.83,4763.32,4766.3,17.1718,2026,4,8
2026-04-08 10:35:00+00:00,4766.3,4771.73,4765.66,4770.75,16.2045,2026,4,8
2026-04-08 10:40:00+00:00,4770.76,4774.19,4768.45,4774.17,16.6164,2026,4,8
2026-04-08 10:45:00+00:00,4774.17,4776.41,4773.78,4774.9,24.5837,2026,4,8
2026-04-08 10:50:00+00:00,4774.86,4776.85,4772.9,4772.9,21.0289,2026,4,8
2026-04-08 10:55:00+00:00,4772.9,4772.9,4765.65,4765.65,57.6622,2026,4,8
2026-04-08 11:00:00+00:00,4765.65,4769.82,4764.41,4766.74,65.9919,2026,4,8
2026-04-08 11:05:00+00:00,4766.52,4773.33,4764.26,4773.33,14.9263,2026,4,8
2026-04-08 11:10:00+00:00,4773.32,4773.32,4770.44,4770.67,12.3593,2026,4,8
2026-04-08 11:15:00+00:00,4770.66,4770.67,4767.2,4767.84,11.873,2026,4,8
2026-04-08 11:20:00+00:00,4768.05,4771.35,4767.0,4770.71,7.6384,2026,4,8
2026-04-08 11:25:00+00:00,4770.9,4780.76,4769.82,4775.45,32.7339,2026,4,8
2026-04-08 11:30:00+00:00,4775.32,4775.32,4771.15,4773.31,5.5751,2026,4,8
2026-04-08 11:35:00+00:00,4772.9,4772.9,4762.57,4766.07,12.6053,2026,4,8
2026-04-08 11:40:00+00:00,4766.07,4772.9,4765.42,4772.24,12.8563,2026,4,8
2026-04-08 11:45:00+00:00,4772.46,4777.63,4772.46,4777.52,11.8092,2026,4,8
2026-04-08 11:50:00+00:00,4777.63,4782.35,4777.08,4779.94,43.4896,2026,4,8
2026-04-08 11:55:00+00:00,4779.72,4783.68,4779.51,4780.16,5.5545,2026,4,8
2026-04-08 12:00:00+00:00,4780.17,4786.73,4780.17,4786.73,53.8846,2026,4,8
2026-04-08 12:05:00+00:00,4786.73,4787.41,4783.81,4784.12,10.2288,2026,4,8
2026-04-08 12:10:00+00:00,4783.9,4789.18,4781.49,4788.52,17.0452,2026,4,8
2026-04-08 12:15:00+00:00,4788.73,4788.73,4775.77,4775.86,40.2456,2026,4,8
2026-04-08 12:20:00+00:00,4776.34,4777.17,4752.24,4753.11,138.0835,2026,4,8
2026-04-08 12:25:00+00:00,4753.3,4767.28,4753.3,4766.77,33.7738,2026,4,8
2026-04-08 12:30:00+00:00,4767.0,4775.15,4766.19,4775.15,26.1628,2026,4,8
2026-04-08 12:35:00+00:00,4775.16,4779.15,4774.29,4778.65,11.2945,2026,4,8
2026-04-08 12:40:00+00:00,4778.64,4779.15,4776.84,4777.37,12.8859,2026,4,8
2026-04-08 12:45:00+00:00,4777.38,4782.86,4777.38,4779.17,49.3627,2026,4,8
2026-04-08 12:50:00+00:00,4779.15,4782.83,4777.38,4782.83,34.5346,2026,4,8
2026-04-08 12:55:00+00:00,4782.87,4783.67,4780.8,4782.77,26.0604,2026,4,8
2026-04-08 13:00:00+00:00,4782.77,4788.98,4782.24,4785.65,21.3409,2026,4,8
2026-04-08 13:05:00+00:00,4785.65,4785.65,4779.95,4781.55,28.8174,2026,4,8
2026-04-08 13:10:00+00:00,4781.52,4781.52,4775.23,4776.44,14.9346,2026,4,8
2026-04-08 13:15:00+00:00,4776.48,4780.0,4775.95,4776.3,9.2538,2026,4,8
2026-04-08 13:20:00+00:00,4776.13,4780.49,4773.57,4780.49,42.6591,2026,4,8
2026-04-08 13:25:00+00:00,4780.62,4781.34,4773.07,4773.73,9.3235,2026,4,8
2026-04-08 13:30:00+00:00,4773.78,4777.19,4759.84,4766.02,50.8153,2026,4,8
2026-04-08 13:35:00+00:00,4766.22,4771.02,4759.0,4760.87,97.9185,2026,4,8
2026-04-08 13:40:00+00:00,4761.0,4764.73,4758.94,4759.56,77.8354,2026,4,8
2026-04-08 13:45:00+00:00,4759.39,4771.02,4759.1,4770.39,148.6783,2026,4,8
2026-04-08 13:50:00+00:00,4770.84,4771.08,4756.02,4756.1,56.2885,2026,4,8
2026-04-08 13:55:00+00:00,4756.0,4762.8,4751.37,4762.0,50.3536,2026,4,8
2026-04-08 14:00:00+00:00,4761.9,4773.52,4761.01,4769.06,42.0293,2026,4,8
2026-04-08 14:05:00+00:00,4768.93,4773.87,4760.52,4768.93,27.8288,2026,4,8
2026-04-08 14:10:00+00:00,4769.1,4769.58,4763.52,4764.6,9.3264,2026,4,8
2026-04-08 14:15:00+00:00,4764.8,4768.37,4757.74,4758.6,7.9026,2026,4,8
2026-04-08 14:20:00+00:00,4758.48,4763.55,4757.4,4759.2,7.8737,2026,4,8
2026-04-08 14:25:00+00:00,4759.02,4759.02,4746.84,4751.1,53.5159,2026,4,8
2026-04-08 14:30:00+00:00,4751.28,4751.85,4734.55,4736.7,95.2818,2026,4,8
2026-04-08 14:35:00+00:00,4736.69,4748.32,4735.62,4745.33,107.1889,2026,4,8
2026-04-08 14:40:00+00:00,4744.8,4751.55,4740.06,4742.64,121.9305,2026,4,8
2026-04-08 14:45:00+00:00,4742.64,4746.59,4733.12,4738.0,146.5793,2026,4,8
2026-04-08 14:50:00+00:00,4738.3,4738.49,4728.2,4734.92,114.2573,2026,4,8
2026-04-08 14:55:00+00:00,4735.04,4735.25,4716.25,4719.1,130.8415,2026,4,8
2026-04-08 15:00:00+00:00,4720.15,4730.7,4720.15,4729.25,62.629,2026,4,8
2026-04-08 15:05:00+00:00,4729.25,4731.81,4726.08,4726.08,60.5888,2026,4,8
2026-04-08 15:10:00+00:00,4726.09,4730.58,4706.2,4727.87,293.091,2026,4,8
2026-04-08 15:15:00+00:00,4727.35,4737.28,4726.8,4737.28,19.0913,2026,4,8
2026-04-08 15:20:00+00:00,4737.34,4740.26,4737.34,4738.46,12.7956,2026,4,8
2026-04-08 15:25:00+00:00,4738.46,4740.3,4734.19,4734.99,29.8791,2026,4,8
2026-04-08 15:30:00+00:00,4734.73,4739.76,4734.73,4739.76,16.0175,2026,4,8
2026-04-08 15:35:00+00:00,4739.94,4745.0,4739.94,4744.99,39.3435,2026,4,8
2026-04-08 15:40:00+00:00,4744.96,4744.96,4738.86,4738.87,21.929,2026,4,8
2026-04-08 15:45:00+00:00,4738.87,4742.65,4738.87,4742.2,19.3611,2026,4,8
2026-04-08 15:50:00+00:00,4742.23,4745.88,4742.15,4742.15,2.5817,2026,4,8
2026-04-08 15:55:00+00:00,4742.11,4742.45,4739.8,4740.12,12.9884,2026,4,8
2026-04-08 16:00:00+00:00,4740.13,4746.06,4740.13,4741.75,15.8328,2026,4,8
2026-04-08 16:05:00+00:00,4741.74,4742.1,4739.8,4742.1,4.4912,2026,4,8
2026-04-08 16:10:00+00:00,4742.1,4743.4,4738.5,4738.5,11.0197,2026,4,8
2026-04-08 16:15:00+00:00,4738.32,4738.32,4729.42,4731.15,50.3311,2026,4,8
2026-04-08 16:20:00+00:00,4731.2,4735.08,4723.8,4735.08,254.4707,2026,4,8
2026-04-08 16:25:00+00:00,4735.26,4735.65,4732.3,4732.31,15.1427,2026,4,8
2026-04-08 16:30:00+00:00,4732.74,4739.15,4731.2,4738.15,51.9786,2026,4,8
2026-04-08 16:35:00+00:00,4738.32,4740.3,4737.07,4740.3,29.0404,2026,4,8
2026-04-08 16:40:00+00:00,4740.3,4742.63,4740.3,4740.67,19.1571,2026,4,8
2026-04-08 16:45:00+00:00,4740.66,4744.0,4740.13,4744.0,11.5444,2026,4,8
2026-04-08 16:50:00+00:00,4743.99,4747.81,4743.8,4743.81,17.8017,2026,4,8
2026-04-08 16:55:00+00:00,4743.81,4744.44,4741.2,4743.11,21.2377,2026,4,8
2026-04-08 17:00:00+00:00,4743.11,4746.69,4741.97,4743.58,17.2177,2026,4,8
2026-04-08 17:05:00+00:00,4743.57,4743.58,4740.12,4740.49,26.4025,2026,4,8
2026-04-08 17:10:00+00:00,4740.84,4744.44,4740.84,4743.91,10.4902,2026,4,8
2026-04-08 17:15:00+00:00,4743.91,4745.58,4738.33,4738.71,36.5512,2026,4,8
2026-04-08 17:20:00+00:00,4738.72,4739.4,4730.6,4730.85,19.4662,2026,4,8
2026-04-08 17:25:00+00:00,4731.2,4735.79,4729.81,4734.0,10.4229,2026,4,8
2026-04-08 17:30:00+00:00,4734.15,4736.87,4727.34,4728.79,14.2731,2026,4,8
2026-04-08 17:35:00+00:00,4728.78,4728.78,4721.97,4721.97,32.2558,2026,4,8
2026-04-08 17:40:00+00:00,4721.96,4726.26,4721.71,4725.46,29.023,2026,4,8
2026-04-08 17:45:00+00:00,4725.36,4725.36,4720.77,4722.67,16.5075,2026,4,8
2026-04-08 17:50:00+00:00,4722.67,4725.91,4721.21,4721.21,33.716,2026,4,8
2026-04-08 17:55:00+00:00,4721.2,4721.22,4717.01,4718.66,18.7302,2026,4,8
2026-04-08 18:00:00+00:00,4718.67,4724.28,4713.83,4724.1,34.0568,2026,4,8
2026-04-08 18:05:00+00:00,4724.28,4727.7,4723.96,4726.56,6.1966,2026,4,8
2026-04-08 18:10:00+00:00,4726.98,4729.11,4726.04,4727.77,27.5699,2026,4,8
2026-04-08 18:15:00+00:00,4728.06,4728.6,4703.28,4714.37,82.7172,2026,4,8
2026-04-08 18:20:00+00:00,4713.84,4716.0,4706.72,4708.34,96.46,2026,4,8
2026-04-08 18:25:00+00:00,4708.62,4711.67,4704.3,4707.6,59.3747,2026,4,8
2026-04-08 18:30:00+00:00,4708.08,4710.41,4705.07,4708.2,12.9089,2026,4,8
2026-04-08 18:35:00+00:00,4708.08,4708.08,4699.27,4699.65,45.4806,2026,4,8
2026-04-08 18:40:00+00:00,4699.98,4700.69,4692.46,4694.49,98.6561,2026,4,8
2026-04-08 18:45:00+00:00,4694.93,4701.77,4694.41,4696.37,42.3474,2026,4,8
2026-04-08 18:50:00+00:00,4695.84,4696.24,4691.0,4692.42,104.9774,2026,4,8
2026-04-08 18:55:00+00:00,4692.24,4692.24,4691.0,4691.01,400.5023,2026,4,8
2026-04-08 19:00:00+00:00,4691.0,4693.31,4687.5,4687.75,407.3587,2026,4,8
2026-04-08 19:05:00+00:00,4687.5,4693.93,4683.8,4692.42,34.9164,2026,4,8
2026-04-08 19:10:00+00:00,4692.6,4700.47,4692.59,4700.28,34.1726,2026,4,8
2026-04-08 19:15:00+00:00,4700.52,4702.67,4695.31,4696.01,21.0928,2026,4,8
2026-04-08 19:20:00+00:00,4696.01,4696.01,4693.16,4695.65,11.7293,2026,4,8
2026-04-08 19:25:00+00:00,4695.65,4698.35,4692.84,4693.79,12.9929,2026,4,8
2026-04-08 19:30:00+00:00,4693.86,4702.86,4693.86,4701.43,34.7784,2026,4,8
2026-04-08 19:35:00+00:00,4701.43,4708.98,4701.43,4708.4,22.2947,2026,4,8
2026-04-08 19:40:00+00:00,4708.44,4708.8,4705.86,4707.3,8.2751,2026,4,8
2026-04-08 19:45:00+00:00,4707.3,4710.8,4707.3,4710.06,27.1161,2026,4,8
2026-04-08 19:50:00+00:00,4710.24,4714.2,4710.24,4714.2,16.9286,2026,4,8
2026-04-08 19:55:00+00:00,4714.19,4716.35,4712.26,4716.2,95.8679,2026,4,8
2026-04-08 20:00:00+00:00,4716.36,4717.19,4714.93,4715.99,15.164,2026,4,8
2026-04-08 20:05:00+00:00,4716.0,4716.36,4712.94,4713.31,14.488,2026,4,8
2026-04-08 20:10:00+00:00,4713.3,4713.3,4710.94,4712.5,4.1291,2026,4,8
2026-04-08 20:15:00+00:00,4712.5,4714.02,4709.88,4709.88,6.6307,2026,4,8
2026-04-08 20:20:00+00:00,4709.71,4709.71,4708.0,4708.98,2.6397,2026,4,8
2026-04-08 20:25:00+00:00,4708.98,4709.16,4707.5,4708.63,6.0084,2026,4,8
2026-04-08 20:30:00+00:00,4708.63,4708.63,4707.01,4708.5,4.5778,2026,4,8
2026-04-08 20:35:00+00:00,4708.49,4708.5,4707.36,4707.59,5.0807,2026,4,8
2026-04-08 20:40:00+00:00,4707.71,4708.62,4707.71,4708.09,2.8052,2026,4,8
2026-04-08 20:45:00+00:00,4707.9,4709.52,4707.73,4707.73,6.1264,2026,4,8
2026-04-08 20:50:00+00:00,4707.72,4707.72,4702.5,4704.48,16.0759,2026,4,8
2026-04-08 20:55:00+00:00,4704.66,4706.46,4704.66,4706.46,9.6909,2026,4,8
2026-04-08 21:00:00+00:00,4706.63,4710.06,4706.63,4709.51,9.4332,2026,4,8
2026-04-08 21:05:00+00:00,4709.44,4709.45,4708.26,4708.99,16.9909,2026,4,8
2026-04-08 21:10:00+00:00,4708.99,4711.59,4708.99,4710.36,7.1756,2026,4,8
2026-04-08 21:15:00+00:00,4710.35,4711.55,4710.35,4710.96,12.2945,2026,4,8
2026-04-08 21:20:00+00:00,4710.95,4711.05,4709.27,4711.05,15.9466,2026,4,8
2026-04-08 21:25:00+00:00,4711.05,4711.86,4711.0,4711.86,3.217,2026,4,8
2026-04-08 21:30:00+00:00,4711.86,4711.95,4710.42,4710.46,6.6125,2026,4,8
2026-04-08 21:35:00+00:00,4710.46,4710.96,4710.45,4710.95,3.697,2026,4,8
2026-04-08 21:40:00+00:00,4710.95,4711.25,4709.79,4710.96,9.2136,2026,4,8
2026-04-08 21:45:00+00:00,4710.95,4710.96,4710.45,4710.8,2.66,2026,4,8
2026-04-08 21:50:00+00:00,4710.79,4720.93,4710.48,4713.33,32.4296,2026,4,8
2026-04-08 21:55:00+00:00,4712.77,4712.77,4712.76,4712.77,0.8462,2026,4,8
2026-04-08 22:00:00+00:00,4712.76,4718.39,4709.24,4712.66,70.1401,2026,4,8
2026-04-08 22:05:00+00:00,4713.03,4713.9,4707.99,4707.99,10.8202,2026,4,8
2026-04-08 22:10:00+00:00,4708.62,4709.46,4697.05,4700.5,34.2233,2026,4,8
2026-04-08 22:15:00+00:00,4700.56,4704.14,4696.46,4698.33,49.9835,2026,4,8
2026-04-08 22:20:00+00:00,4698.33,4699.97,4692.03,4698.33,45.1313,2026,4,8
2026-04-08 22:25:00+00:00,4698.54,4700.01,4696.46,4700.01,17.5727,2026,4,8
2026-04-08 22:30:00+00:00,4700.09,4703.44,4693.55,4703.44,22.0406,2026,4,8
2026-04-08 22:35:00+00:00,4703.5,4705.67,4700.65,4700.65,10.1688,2026,4,8
2026-04-08 22:40:00+00:00,4700.65,4704.63,4698.27,4700.44,49.4699,2026,4,8
2026-04-08 22:45:00+00:00,4700.43,4702.74,4699.18,4702.3,31.0045,2026,4,8
2026-04-08 22:50:00+00:00,4702.01,4705.26,4701.48,4703.38,18.7612,2026,4,8
2026-04-08 22:55:00+00:00,4703.38,4705.86,4701.8,4704.1,11.7615,2026,4,8
2026-04-08 23:00:00+00:00,4704.5,4704.5,4696.02,4701.06,27.2675,2026,4,8
2026-04-08 23:05:00+00:00,4701.27,4703.8,4695.0,4695.01,22.3838,2026,4,8
2026-04-08 23:10:00+00:00,4695.0,4697.69,4693.02,4696.46,18.6028,2026,4,8
2026-04-08 23:15:00+00:00,4696.44,4699.97,4693.94,4699.09,32.9378,2026,4,8
2026-04-08 23:20:00+00:00,4699.09,4701.68,4697.71,4699.86,20.6366,2026,4,8
2026-04-08 23:25:00+00:00,4699.85,4699.85,4697.06,4697.9,20.6947,2026,4,8
2026-04-08 23:30:00+00:00,4697.7,4697.88,4694.02,4696.86,22.399,2026,4,8
2026-04-08 23:35:00+00:00,4696.86,4699.59,4696.86,4698.33,9.1197,2026,4,8
2026-04-08 23:40:00+00:00,4698.35,4701.06,4698.35,4700.31,20.1423,2026,4,8
2026-04-08 23:45:00+00:00,4700.3,4703.03,4700.09,4703.03,4.6422,2026,4,8
2026-04-08 23:50:00+00:00,4703.16,4705.1,4702.32,4702.32,11.5776,2026,4,8
2026-04-08 23:55:00+00:00,4702.11,4702.52,4700.0,4702.52,6.6349,2026,4,8
2026-04-09 00:00:00+00:00,4702.53,4702.53,4690.12,4691.4,57.5725,2026,4,9
2026-04-09 00:05:00+00:00,4691.6,4691.6,4684.0,4688.0,86.7176,2026,4,9
2026-04-09 00:10:00+00:00,4688.0,4689.72,4686.23,4689.72,26.1211,2026,4,9
2026-04-09 00:15:00+00:00,4689.93,4691.39,4686.99,4689.3,20.3602,2026,4,9
2026-04-09 00:20:00+00:00,4689.51,4697.6,4688.68,4697.6,8.4985,2026,4,9
2026-04-09 00:25:00+00:00,4697.6,4697.94,4694.49,4694.49,9.3614,2026,4,9
2026-04-09 00:30:00+00:00,4694.49,4700.22,4693.34,4698.12,15.0072,2026,4,9
2026-04-09 00:35:00+00:00,4698.33,4700.74,4698.33,4699.4,21.4443,2026,4,9
2026-04-09 00:40:00+00:00,4699.4,4703.9,4699.4,4703.9,6.8521,2026,4,9
2026-04-09 00:45:00+00:00,4703.98,4704.94,4699.66,4702.33,14.1222,2026,4,9
2026-04-09 00:50:00+00:00,4702.33,4702.73,4695.19,4696.23,16.7146,2026,4,9
2026-04-09 00:55:00+00:00,4696.22,4696.44,4693.24,4693.84,14.2867,2026,4,9
2026-04-09 01:00:00+00:00,4693.91,4701.65,4687.35,4698.75,61.1421,2026,4,9
2026-04-09 01:05:00+00:00,4698.76,4702.11,4695.75,4702.11,18.2576,2026,4,9
2026-04-09 01:10:00+00:00,4702.32,4706.8,4697.69,4706.5,18.9751,2026,4,9
2026-04-09 01:15:00+00:00,4706.45,4708.83,4703.88,4707.05,16.6906,2026,4,9
2026-04-09 01:20:00+00:00,4707.01,4710.83,4696.35,4699.0,230.0402,2026,4,9
2026-04-09 01:25:00+00:00,4699.01,4699.01,4691.32,4692.16,28.5942,2026,4,9
2026-04-09 01:30:00+00:00,4692.43,4705.6,4692.16,4705.6,34.6045,2026,4,9
2026-04-09 01:35:00+00:00,4705.59,4705.59,4702.95,4705.46,15.2863,2026,4,9
2026-04-09 01:40:00+00:00,4705.47,4707.19,4702.75,4703.79,10.3173,2026,4,9
2026-04-09 01:45:00+00:00,4703.8,4709.1,4703.8,4708.75,4.1835,2026,4,9
2026-04-09 01:50:00+00:00,4708.85,4711.25,4708.85,4711.24,4.8934,2026,4,9
2026-04-09 01:55:00+00:00,4711.25,4714.65,4709.7,4714.64,11.9077,2026,4,9
2026-04-09 02:00:00+00:00,4714.65,4715.48,4709.26,4709.26,9.5627,2026,4,9
2026-04-09 02:05:00+00:00,4709.27,4715.48,4709.27,4710.94,50.2599,2026,4,9
2026-04-09 02:10:00+00:00,4710.93,4710.93,4708.84,4709.93,6.3835,2026,4,9
2026-04-09 02:15:00+00:00,4710.09,4714.08,4710.09,4714.08,16.4827,2026,4,9
2026-04-09 02:20:00+00:00,4714.08,4714.09,4713.04,4714.08,8.1376,2026,4,9
2026-04-09 02:25:00+00:00,4714.07,4714.08,4711.96,4713.03,12.6209,2026,4,9
2026-04-09 02:30:00+00:00,4713.05,4717.05,4713.04,4714.3,17.4088,2026,4,9
2026-04-09 02:35:00+00:00,4714.3,4719.36,4714.3,4718.46,11.7335,2026,4,9
2026-04-09 02:40:00+00:00,4718.29,4720.28,4717.1,4719.46,12.9999,2026,4,9
2026-04-09 02:45:00+00:00,4719.13,4719.13,4713.45,4713.45,12.0467,2026,4,9
2026-04-09 02:50:00+00:00,4713.24,4715.33,4711.14,4711.2,7.0152,2026,4,9
2026-04-09 02:55:00+00:00,4711.19,4711.19,4705.21,4707.36,8.938,2026,4,9
2026-04-09 03:00:00+00:00,4707.15,4707.15,4704.52,4706.51,14.5936,2026,4,9
2026-04-09 03:05:00+00:00,4706.5,4706.5,4703.11,4705.6,19.0218,2026,4,9
2026-04-09 03:10:00+00:00,4705.47,4705.47,4699.18,4700.12,45.7861,2026,4,9
2026-04-09 03:15:00+00:00,4700.12,4700.42,4694.54,4695.83,28.673,2026,4,9
2026-04-09 03:20:00+00:00,4695.93,4697.48,4693.44,4696.2,19.493,2026,4,9
2026-04-09 03:25:00+00:00,4696.23,4699.9,4696.19,4699.8,10.544,2026,4,9
2026-04-09 03:30:00+00:00,4699.88,4702.95,4699.87,4702.88,9.6202,2026,4,9
2026-04-09 03:35:00+00:00,4702.88,4702.99,4701.07,4702.11,9.3567,2026,4,9
2026-04-09 03:40:00+00:00,4702.11,4702.71,4701.9,4702.46,1.6348,2026,4,9
2026-04-09 03:45:00+00:00,4702.46,4702.73,4695.6,4698.75,9.8965,2026,4,9
2026-04-09 03:50:00+00:00,4698.96,4701.04,4696.65,4699.17,14.8539,2026,4,9
2026-04-09 03:55:00+00:00,4699.17,4700.85,4698.97,4698.97,3.6812,2026,4,9
2026-04-09 04:00:00+00:00,4698.97,4701.9,4698.0,4701.42,6.7787,2026,4,9
2026-04-09 04:05:00+00:00,4701.65,4705.48,4701.65,4705.26,23.3705,2026,4,9
2026-04-09 04:10:00+00:00,4705.47,4708.18,4705.47,4707.98,24.3967,2026,4,9
2026-04-09 04:15:00+00:00,4707.98,4708.71,4706.77,4707.05,6.8455,2026,4,9
2026-04-09 04:20:00+00:00,4707.05,4707.05,4704.84,4704.85,9.4728,2026,4,9
2026-04-09 04:25:00+00:00,4704.85,4705.47,4703.38,4703.38,5.577,2026,4,9
2026-04-09 04:30:00+00:00,4703.39,4703.5,4701.47,4702.32,5.698,2026,4,9
2026-04-09 04:35:00+00:00,4702.32,4706.73,4702.31,4705.01,3.7471,2026,4,9
2026-04-09 04:40:00+00:00,4705.0,4709.25,4705.0,4707.02,4.3236,2026,4,9
2026-04-09 04:45:00+00:00,4707.01,4708.19,4706.4,4707.58,2.9216,2026,4,9
2026-04-09 04:50:00+00:00,4707.58,4710.83,4707.57,4710.83,2.5712,2026,4,9
2026-04-09 04:55:00+00:00,4710.83,4710.83,4705.82,4705.82,15.2188,2026,4,9
2026-04-09 05:00:00+00:00,4705.84,4708.62,4705.84,4707.23,12.951,2026,4,9
2026-04-09 05:05:00+00:00,4707.15,4707.15,4702.75,4702.88,11.0814,2026,4,9
2026-04-09 05:10:00+00:00,4702.95,4702.96,4699.0,4701.55,14.7899,2026,4,9
2026-04-09 05:15:00+00:00,4701.74,4707.15,4701.74,4707.15,6.1883,2026,4,9
2026-04-09 05:20:00+00:00,4707.15,4710.64,4707.15,4708.1,5.6145,2026,4,9
2026-04-09 05:25:00+00:00,4708.11,4712.78,4708.11,4712.78,8.0023,2026,4,9
2026-04-09 05:30:00+00:00,4712.78,4712.93,4705.75,4707.6,7.3223,2026,4,9
2026-04-09 05:35:00+00:00,4707.15,4710.09,4704.22,4708.42,5.6767,2026,4,9
2026-04-09 05:40:00+00:00,4708.69,4711.35,4708.2,4711.35,5.7099,2026,4,9
2026-04-09 05:45:00+00:00,4711.35,4711.35,4703.41,4703.41,7.7494,2026,4,9
2026-04-09 05:50:00+00:00,4703.37,4703.37,4695.35,4697.46,15.6502,2026,4,9
2026-04-09 05:55:00+00:00,4697.89,4703.4,4696.66,4701.48,7.9284,2026,4,9
2026-04-09 06:00:00+00:00,4701.68,4709.35,4700.86,4709.35,5.0558,2026,4,9
2026-04-09 06:05:00+00:00,4709.35,4712.06,4708.41,4708.41,21.9057,2026,4,9
2026-04-09 06:10:00+00:00,4708.2,4710.0,4705.71,4706.52,6.9421,2026,4,9
2026-04-09 06:15:00+00:00,4706.52,4708.41,4705.01,4705.01,14.0205,2026,4,9
2026-04-09 06:20:00+00:00,4705.1,4707.35,4702.74,4702.75,4.6156,2026,4,9
2026-04-09 06:25:00+00:00,4702.74,4705.04,4701.49,4704.7,2.2459,2026,4,9
2026-04-09 06:30:00+00:00,4705.75,4709.99,4705.36,4707.45,2.8824,2026,4,9
2026-04-09 06:35:00+00:00,4707.46,4707.46,4700.18,4703.04,5.1953,2026,4,9
2026-04-09 06:40:00+00:00,4703.1,4706.99,4701.86,4702.36,36.6217,2026,4,9
2026-04-09 06:45:00+00:00,4702.36,4703.84,4701.04,4701.11,5.1164,2026,4,9
2026-04-09 06:50:00+00:00,4701.41,4701.77,4694.0,4697.11,23.0034,2026,4,9
2026-04-09 06:55:00+00:00,4697.35,4702.5,4697.35,4701.96,16.8665,2026,4,9
2026-04-09 07:00:00+00:00,4701.6,4705.03,4698.55,4704.83,16.2522,2026,4,9
2026-04-09 07:05:00+00:00,4704.3,4714.96,4704.12,4712.65,11.8394,2026,4,9
2026-04-09 07:10:00+00:00,4712.95,4717.46,4711.34,4713.28,6.6295,2026,4,9
2026-04-09 07:15:00+00:00,4712.77,4712.77,4704.89,4705.02,4.8569,2026,4,9
2026-04-09 07:20:00+00:00,4705.03,4705.04,4699.78,4702.62,3.4827,2026,4,9
2026-04-09 07:25:00+00:00,4702.6,4703.58,4696.02,4697.65,7.7518,2026,4,9
2026-04-09 07:30:00+00:00,4697.82,4709.9,4697.82,4708.35,18.0458,2026,4,9
2026-04-09 07:35:00+00:00,4708.27,4718.27,4707.91,4716.36,21.0635,2026,4,9
2026-04-09 07:40:00+00:00,4716.36,4716.36,4711.0,4711.09,8.6961,2026,4,9
2026-04-09 07:45:00+00:00,4711.0,4711.01,4705.86,4707.81,3.0316,2026,4,9
2026-04-09 07:50:00+00:00,4707.72,4707.72,4701.95,4706.75,2.8678,2026,4,9
2026-04-09 07:55:00+00:00,4706.66,4712.4,4706.66,4712.4,1.3601,2026,4,9
2026-04-09 08:00:00+00:00,4712.4,4714.3,4709.47,4711.11,4.9852,2026,4,9
2026-04-09 08:05:00+00:00,4710.6,4712.25,4708.72,4710.61,6.095,2026,4,9
2026-04-09 08:10:00+00:00,4710.78,4713.15,4710.62,4712.59,4.4221,2026,4,9
2026-04-09 08:15:00+00:00,4712.59,4713.11,4710.44,4712.58,5.7443,2026,4,9
2026-04-09 08:20:00+00:00,4712.4,4715.3,4711.92,4715.27,28.6138,2026,4,9
2026-04-09 08:25:00+00:00,4715.15,4715.15,4710.07,4710.32,7.6948,2026,4,9
2026-04-09 08:30:00+00:00,4710.32,4715.46,4710.0,4715.45,6.5667,2026,4,9
2026-04-09 08:35:00+00:00,4714.92,4717.75,4712.62,4717.74,5.5446,2026,4,9
2026-04-09 08:40:00+00:00,4717.29,4720.93,4716.0,4718.53,8.4323,2026,4,9
2026-04-09 08:45:00+00:00,4718.54,4722.14,4718.54,4720.09,32.8147,2026,4,9
2026-04-09 08:50:00+00:00,4719.96,4719.96,4716.19,4717.44,10.1996,2026,4,9
2026-04-09 08:55:00+00:00,4717.44,4718.17,4715.64,4716.05,5.2406,2026,4,9
2026-04-09 09:00:00+00:00,4716.0,4716.7,4713.51,4715.6,4.7004,2026,4,9
2026-04-09 09:05:00+00:00,4715.47,4721.22,4713.48,4720.89,13.8626,2026,4,9
2026-04-09 09:10:00+00:00,4720.9,4722.22,4719.79,4719.83,13.3959,2026,4,9
2026-04-09 09:15:00+00:00,4720.3,4722.24,4718.89,4720.62,5.5746,2026,4,9
2026-04-09 09:20:00+00:00,4720.62,4722.08,4718.9,4719.67,3.2963,2026,4,9
2026-04-09 09:25:00+00:00,4720.14,4722.65,4719.42,4719.42,1.5822,2026,4,9
2026-04-09 09:30:00+00:00,4719.25,4720.67,4717.35,4719.41,21.0528,2026,4,9
2026-04-09 09:35:00+00:00,4719.42,4722.37,4718.35,4721.94,36.7306,2026,4,9
2026-04-09 09:40:00+00:00,4721.94,4721.94,4717.65,4717.65,47.2893,2026,4,9
2026-04-09 09:45:00+00:00,4717.65,4718.88,4714.35,4718.88,13.6741,2026,4,9
2026-04-09 09:50:00+00:00,4718.87,4720.01,4717.16,4717.8,9.7663,2026,4,9
2026-04-09 09:55:00+00:00,4717.79,4719.6,4716.8,4719.6,5.6863,2026,4,9
2026-04-09 10:00:00+00:00,4719.68,4721.58,4717.81,4717.81,14.4391,2026,4,9
2026-04-09 10:05:00+00:00,4718.15,4718.52,4715.65,4718.01,4.2439,2026,4,9
2026-04-09 10:10:00+00:00,4718.01,4718.88,4715.65,4716.73,4.4184,2026,4,9
2026-04-09 10:15:00+00:00,4716.72,4718.2,4712.8,4718.05,16.1961,2026,4,9
2026-04-09 10:20:00+00:00,4718.05,4726.59,4717.9,4726.24,5.0129,2026,4,9
2026-04-09 10:25:00+00:00,4726.25,4727.21,4725.37,4726.3,21.5226,2026,4,9
2026-04-09 10:30:00+00:00,4726.4,4729.46,4726.4,4728.1,11.8936,2026,4,9
2026-04-09 10:35:00+00:00,4728.07,4728.6,4726.63,4728.24,2.8283,2026,4,9
2026-04-09 10:40:00+00:00,4728.24,4729.68,4725.9,4729.5,5.6535,2026,4,9
2026-04-09 10:45:00+00:00,4729.5,4732.35,4728.43,4732.34,14.3745,2026,4,9
2026-04-09 10:50:00+00:00,4732.35,4733.0,4730.44,4731.84,62.5884,2026,4,9
2026-04-09 10:55:00+00:00,4732.02,4733.0,4728.79,4729.86,32.2924,2026,4,9
2026-04-09 11:00:00+00:00,4729.85,4731.3,4727.3,4729.31,5.7917,2026,4,9
2026-04-09 11:05:00+00:00,4729.32,4729.52,4727.38,4729.2,7.8767,2026,4,9
2026-04-09 11:10:00+00:00,4729.15,4729.15,4727.71,4727.78,4.2766,2026,4,9
2026-04-09 11:15:00+00:00,4727.78,4730.51,4727.6,4730.51,3.957,2026,4,9
2026-04-09 11:20:00+00:00,4730.58,4732.7,4730.58,4731.4,17.4224,2026,4,9
2026-04-09 11:25:00+00:00,4731.4,4733.0,4730.24,4732.5,430.202,2026,4,9
2026-04-09 11:30:00+00:00,4732.52,4733.8,4730.87,4731.66,215.1184,2026,4,9
2026-04-09 11:35:00+00:00,4731.83,4735.74,4730.73,4735.74,29.3878,2026,4,9
2026-04-09 11:40:00+00:00,4735.74,4737.75,4735.74,4737.75,25.4129,2026,4,9
2026-04-09 11:45:00+00:00,4737.75,4743.44,4737.75,4743.44,26.6813,2026,4,9
2026-04-09 11:50:00+00:00,4743.44,4743.54,4742.35,4743.13,49.4074,2026,4,9
2026-04-09 11:55:00+00:00,4743.14,4744.62,4741.31,4744.45,79.4798,2026,4,9
2026-04-09 12:00:00+00:00,4744.37,4746.48,4736.46,4738.8,53.7265,2026,4,9
2026-04-09 12:05:00+00:00,4738.75,4738.75,4732.79,4732.95,55.3117,2026,4,9
2026-04-09 12:10:00+00:00,4733.15,4735.0,4729.99,4731.47,24.2522,2026,4,9
2026-04-09 12:15:00+00:00,4730.95,4731.65,4728.28,4728.35,11.0601,2026,4,9
2026-04-09 12:20:00+00:00,4728.35,4729.14,4725.48,4728.44,22.0099,2026,4,9
2026-04-09 12:25:00+00:00,4728.44,4729.31,4724.81,4726.11,12.4368,2026,4,9
2026-04-09 12:30:00+00:00,4726.11,4730.93,4724.83,4729.93,19.9731,2026,4,9
2026-04-09 12:35:00+00:00,4730.04,4732.56,4729.31,4730.22,12.3071,2026,4,9
2026-04-09 12:40:00+00:00,4730.39,4736.51,4729.87,4733.05,21.9576,2026,4,9
2026-04-09 12:45:00+00:00,4733.04,4733.04,4727.71,4732.02,3.2613,2026,4,9
2026-04-09 12:50:00+00:00,4731.85,4734.18,4730.23,4731.3,3.2006,2026,4,9
2026-04-09 12:55:00+00:00,4731.12,4735.79,4731.0,4734.2,9.8071,2026,4,9
2026-04-09 13:00:00+00:00,4734.72,4735.61,4728.29,4731.3,7.6478,2026,4,9
2026-04-09 13:05:00+00:00,4731.48,4738.59,4731.48,4738.59,184.3697,2026,4,9
2026-04-09 13:10:00+00:00,4738.61,4745.63,4738.21,4742.83,65.7475,2026,4,9
2026-04-09 13:15:00+00:00,4743.15,4746.58,4742.28,4742.8,15.2368,2026,4,9
2026-04-09 13:20:00+00:00,4742.28,4746.21,4741.03,4743.69,19.5044,2026,4,9
2026-04-09 13:25:00+00:00,4742.73,4744.64,4740.47,4740.47,8.2217,2026,4,9
2026-04-09 13:30:00+00:00,4741.07,4745.34,4740.0,4745.27,17.8169,2026,4,9
2026-04-09 13:35:00+00:00,4745.27,4758.93,4745.27,4757.94,47.7578,2026,4,9
2026-04-09 13:40:00+00:00,4757.93,4763.9,4757.77,4762.98,35.8372,2026,4,9
2026-04-09 13:45:00+00:00,4762.98,4763.33,4756.87,4758.3,11.3882,2026,4,9
2026-04-09 13:50:00+00:00,4758.36,4758.36,4748.25,4751.9,29.1546,2026,4,9
2026-04-09 13:55:00+00:00,4751.82,4757.1,4751.01,4751.49,13.3091,2026,4,9
2026-04-09 14:00:00+00:00,4751.64,4762.99,4750.17,4761.15,104.3989,2026,4,9
2026-04-09 14:05:00+00:00,4761.15,4761.16,4754.4,4755.25,20.7771,2026,4,9
2026-04-09 14:10:00+00:00,4755.24,4762.44,4753.95,4758.84,6.5452,2026,4,9
2026-04-09 14:15:00+00:00,4758.8,4760.07,4748.95,4748.98,25.02,2026,4,9
2026-04-09 14:20:00+00:00,4749.48,4758.12,4749.48,4757.76,33.3936,2026,4,9
2026-04-09 14:25:00+00:00,4757.77,4759.74,4752.05,4752.9,19.1262,2026,4,9
2026-04-09 14:30:00+00:00,4753.07,4754.87,4745.34,4745.34,31.9698,2026,4,9
2026-04-09 14:35:00+00:00,4745.36,4747.68,4737.6,4747.68,280.9155,2026,4,9
2026-04-09 14:40:00+00:00,4747.86,4749.84,4743.0,4746.07,155.0092,2026,4,9
2026-04-09 14:45:00+00:00,4746.07,4752.0,4746.07,4751.99,29.7162,2026,4,9
2026-04-09 14:50:00+00:00,4751.47,4754.88,4751.47,4752.28,7.9219,2026,4,9
2026-04-09 14:55:00+00:00,4752.29,4756.86,4752.29,4756.68,9.5272,2026,4,9
2026-04-09 15:00:00+00:00,4756.86,4757.2,4749.8,4751.22,9.0986,2026,4,9
2026-04-09 15:05:00+00:00,4751.28,4754.24,4751.05,4751.05,74.972,2026,4,9
2026-04-09 15:10:00+00:00,4751.06,4758.55,4751.06,4758.5,77.9702,2026,4,9
2026-04-09 15:15:00+00:00,4758.48,4771.25,4758.47,4771.25,78.8172,2026,4,9
2026-04-09 15:20:00+00:00,4771.25,4774.32,4768.0,4772.7,31.9539,2026,4,9
2026-04-09 15:25:00+00:00,4772.7,4772.7,4765.16,4765.95,25.7978,2026,4,9
2026-04-09 15:30:00+00:00,4766.04,4779.56,4766.04,4779.54,54.001,2026,4,9
2026-04-09 15:35:00+00:00,4779.55,4784.34,4775.17,4779.23,127.4798,2026,4,9
2026-04-09 15:40:00+00:00,4779.23,4783.02,4777.8,4777.86,39.1164,2026,4,9
2026-04-09 15:45:00+00:00,4777.74,4781.15,4772.89,4772.9,87.512,2026,4,9
2026-04-09 15:50:00+00:00,4773.33,4778.7,4772.88,4776.84,21.7609,2026,4,9
2026-04-09 15:55:00+00:00,4776.8,4781.7,4774.32,4781.69,22.6771,2026,4,9
2026-04-09 16:00:00+00:00,4781.16,4788.88,4780.62,4784.75,54.6305,2026,4,9
2026-04-09 16:05:00+00:00,4784.64,4784.64,4780.31,4780.31,50.8871,2026,4,9
2026-04-09 16:10:00+00:00,4780.31,4781.19,4774.69,4774.99,22.0579,2026,4,9
2026-04-09 16:15:00+00:00,4774.99,4784.02,4774.43,4782.8,18.0997,2026,4,9
2026-04-09 16:20:00+00:00,4782.31,4783.13,4779.54,4781.16,8.0749,2026,4,9
2026-04-09 16:25:00+00:00,4781.15,4781.15,4778.0,4779.0,14.2751,2026,4,9
2026-04-09 16:30:00+00:00,4779.01,4781.16,4777.43,4781.16,37.3639,2026,4,9
2026-04-09 16:35:00+00:00,4781.16,4781.16,4775.05,4778.55,19.3575,2026,4,9
2026-04-09 16:40:00+00:00,4778.54,4778.54,4772.17,4773.42,18.3309,2026,4,9
2026-04-09 16:45:00+00:00,4773.36,4774.14,4771.0,4771.0,14.4786,2026,4,9
2026-04-09 16:50:00+00:00,4771.09,4775.76,4771.09,4774.07,40.1161,2026,4,9
2026-04-09 16:55:00+00:00,4774.08,4774.34,4772.9,4774.09,12.2631,2026,4,9
2026-04-09 17:00:00+00:00,4774.15,4776.6,4773.24,4774.67,12.2569,2026,4,9
2026-04-09 17:05:00+00:00,4774.68,4780.56,4774.68,4780.14,6.6664,2026,4,9
2026-04-09 17:10:00+00:00,4780.14,4780.34,4777.56,4779.66,27.294,2026,4,9
2026-04-09 17:15:00+00:00,4779.71,4784.58,4779.61,4784.51,18.5276,2026,4,9
2026-04-09 17:20:00+00:00,4784.07,4784.07,4779.16,4779.99,8.6825,2026,4,9
2026-04-09 17:25:00+00:00,4779.54,4781.64,4777.57,4778.12,24.7576,2026,4,9
2026-04-09 17:30:00+00:00,4778.64,4779.6,4773.64,4779.44,27.9853,2026,4,9
2026-04-09 17:35:00+00:00,4779.44,4786.02,4778.64,4784.69,23.2075,2026,4,9
2026-04-09 17:40:00+00:00,4784.7,4786.54,4780.71,4780.72,19.0945,2026,4,9
2026-04-09 17:45:00+00:00,4781.1,4786.0,4781.1,4786.0,11.4304,2026,4,9
2026-04-09 17:50:00+00:00,4785.99,4785.99,4781.99,4783.15,23.344,2026,4,9
2026-04-09 17:55:00+00:00,4783.4,4784.75,4782.96,4784.04,38.8697,2026,4,9
2026-04-09 18:00:00+00:00,4783.93,4783.93,4767.29,4770.91,70.7784,2026,4,9
2026-04-09 18:05:00+00:00,4771.3,4775.08,4767.15,4770.85,30.9938,2026,4,9
2026-04-09 18:10:00+00:00,4770.85,4773.2,4767.1,4769.16,15.7295,2026,4,9
2026-04-09 18:15:00+00:00,4769.28,4773.74,4768.21,4771.79,12.0765,2026,4,9
2026-04-09 18:20:00+00:00,4771.79,4771.9,4764.95,4766.03,11.5181,2026,4,9
2026-04-09 18:25:00+00:00,4766.04,4768.56,4765.01,4768.18,18.2079,2026,4,9
2026-04-09 18:30:00+00:00,4768.03,4768.03,4759.2,4763.05,50.088,2026,4,9
2026-04-09 18:35:00+00:00,4763.16,4765.81,4761.55,4763.55,10.3942,2026,4,9
2026-04-09 18:40:00+00:00,4763.89,4763.89,4757.2,4757.7,33.8854,2026,4,9
2026-04-09 18:45:00+00:00,4757.76,4760.27,4756.0,4760.04,22.2701,2026,4,9
2026-04-09 18:50:00+00:00,4760.05,4760.05,4757.66,4757.67,8.4872,2026,4,9
2026-04-09 18:55:00+00:00,4758.12,4763.17,4757.58,4760.82,55.3602,2026,4,9
2026-04-09 19:00:00+00:00,4760.64,4763.15,4758.2,4763.15,21.111,2026,4,9
2026-04-09 19:05:00+00:00,4763.16,4768.4,4762.21,4768.39,19.2241,2026,4,9
2026-04-09 19:10:00+00:00,4768.56,4769.49,4766.1,4766.15,21.4876,2026,4,9
2026-04-09 19:15:00+00:00,4766.58,4767.4,4760.58,4760.71,12.4708,2026,4,9
2026-04-09 19:20:00+00:00,4760.71,4762.98,4759.9,4762.98,13.6329,2026,4,9
2026-04-09 19:25:00+00:00,4763.15,4764.77,4760.74,4760.74,8.8484,2026,4,9
2026-04-09 19:30:00+00:00,4760.75,4765.54,4758.03,4759.62,37.866,2026,4,9
2026-04-09 19:35:00+00:00,4759.74,4760.64,4758.7,4759.39,15.085,2026,4,9
2026-04-09 19:40:00+00:00,4759.38,4762.7,4758.31,4760.29,3.5215,2026,4,9
2026-04-09 19:45:00+00:00,4760.28,4760.34,4757.58,4757.58,15.5355,2026,4,9
2026-04-09 19:50:00+00:00,4757.89,4760.29,4757.89,4758.6,2.3088,2026,4,9
2026-04-09 19:55:00+00:00,4758.86,4758.86,4754.9,4756.4,8.9792,2026,4,9
2026-04-09 20:00:00+00:00,4756.41,4757.71,4755.22,4757.71,11.3832,2026,4,9
2026-04-09 20:05:00+00:00,4757.75,4757.76,4755.97,4757.21,7.9359,2026,4,9
2026-04-09 20:10:00+00:00,4757.21,4758.12,4757.21,4757.54,4.523,2026,4,9
2026-04-09 20:15:00+00:00,4757.54,4758.83,4755.24,4758.66,5.2261,2026,4,9
2026-04-09 20:20:00+00:00,4758.66,4760.7,4758.66,4760.7,16.1203,2026,4,9
2026-04-09 20:25:00+00:00,4760.64,4760.64,4758.6,4758.6,5.2704,2026,4,9
2026-04-09 20:30:00+00:00,4758.65,4759.2,4758.65,4758.67,2.1948,2026,4,9
2026-04-09 20:35:00+00:00,4758.66,4758.66,4752.44,4753.8,16.4239,2026,4,9
2026-04-09 20:40:00+00:00,4753.6,4753.6,4750.25,4752.54,8.4116,2026,4,9
2026-04-09 20:45:00+00:00,4752.72,4754.16,4752.72,4752.72,4.7899,2026,4,9
2026-04-09 20:50:00+00:00,4752.55,4756.76,4752.55,4756.25,11.6011,2026,4,9
2026-04-09 20:55:00+00:00,4756.25,4756.25,4753.5,4754.88,4.1733,2026,4,9
2026-04-09 21:00:00+00:00,4754.7,4754.7,4753.26,4753.79,2.4665,2026,4,9
2026-04-09 21:05:00+00:00,4753.8,4754.33,4750.4,4751.83,36.822,2026,4,9
2026-04-09 21:10:00+00:00,4751.82,4751.82,4748.48,4751.46,18.2996,2026,4,9
2026-04-09 21:15:00+00:00,4751.47,4751.55,4751.47,4751.55,1.1828,2026,4,9
2026-04-09 21:20:00+00:00,4751.55,4751.55,4750.2,4750.21,1.2434,2026,4,9
2026-04-09 21:25:00+00:00,4750.21,4756.35,4750.14,4752.9,40.8426,2026,4,9
2026-04-09 21:30:00+00:00,4752.97,4752.97,4749.66,4749.66,13.434,2026,4,9
2026-04-09 21:35:00+00:00,4749.66,4749.67,4748.98,4749.2,3.2393,2026,4,9
2026-04-09 21:40:00+00:00,4749.19,4752.68,4748.4,4751.89,29.1164,2026,4,9
2026-04-09 21:45:00+00:00,4751.88,4752.49,4751.52,4751.86,3.2107,2026,4,9
2026-04-09 21:50:00+00:00,4751.85,4754.09,4751.67,4754.09,4.494,2026,4,9
2026-04-09 21:55:00+00:00,4754.16,4754.16,4754.15,4754.16,8.3339,2026,4,9
2026-04-09 22:00:00+00:00,4754.15,4764.04,4751.28,4756.85,144.9447,2026,4,9
2026-04-09 22:05:00+00:00,4756.85,4756.85,4752.37,4755.23,167.2293,2026,4,9
2026-04-09 22:10:00+00:00,4755.0,4755.0,4752.55,4753.63,7.856,2026,4,9
2026-04-09 22:15:00+00:00,4753.63,4754.34,4750.67,4750.68,27.689,2026,4,9
2026-04-09 22:20:00+00:00,4750.68,4753.61,4749.66,4751.15,15.5282,2026,4,9
2026-04-09 22:25:00+00:00,4751.25,4752.53,4748.34,4748.34,26.826,2026,4,9
2026-04-09 22:30:00+00:00,4748.32,4750.45,4747.68,4749.84,4.5163,2026,4,9
2026-04-09 22:35:00+00:00,4749.66,4749.66,4745.35,4745.35,9.9553,2026,4,9
2026-04-09 22:40:00+00:00,4745.34,4747.05,4745.3,4746.42,9.8483,2026,4,9
2026-04-09 22:45:00+00:00,4746.45,4747.14,4745.14,4746.6,5.561,2026,4,9
2026-04-09 22:50:00+00:00,4746.59,4747.0,4745.16,4746.77,6.0985,2026,4,9
2026-04-09 22:55:00+00:00,4746.77,4748.65,4746.24,4748.22,8.8401,2026,4,9
2026-04-09 23:00:00+00:00,4748.4,4748.4,4745.3,4746.77,5.4246,2026,4,9
2026-04-09 23:05:00+00:00,4746.78,4747.5,4744.07,4747.5,11.1498,2026,4,9
2026-04-09 23:10:00+00:00,4747.49,4747.49,4743.34,4744.4,10.6047,2026,4,9
2026-04-09 23:15:00+00:00,4744.6,4745.88,4744.6,4745.88,0.5074,2026,4,9
2026-04-09 23:20:00+00:00,4745.34,4745.34,4743.35,4743.78,17.0264,2026,4,9
2026-04-09 23:25:00+00:00,4743.69,4743.69,4742.9,4742.91,8.2561,2026,4,9
2026-04-09 23:30:00+00:00,4742.9,4745.87,4742.9,4745.86,6.9996,2026,4,9
2026-04-09 23:35:00+00:00,4745.85,4747.32,4745.53,4745.55,19.2597,2026,4,9
2026-04-09 23:40:00+00:00,4745.55,4745.55,4743.91,4744.98,2.4851,2026,4,9
2026-04-09 23:45:00+00:00,4744.97,4748.93,4744.08,4748.4,6.0891,2026,4,9
2026-04-09 23:50:00+00:00,4748.39,4748.39,4746.34,4746.7,3.3879,2026,4,9
2026-04-09 23:55:00+00:00,4747.0,4748.58,4746.95,4747.51,6.3966,2026,4,9
2026-04-10 00:00:00+00:00,4748.04,4748.04,4740.26,4743.0,15.5808,2026,4,10
2026-04-10 00:05:00+00:00,4742.98,4742.98,4737.5,4739.4,6.0489,2026,4,10
2026-04-10 00:10:00+00:00,4739.57,4739.91,4737.42,4738.68,11.4441,2026,4,10
2026-04-10 00:15:00+00:00,4738.86,4741.37,4737.45,4739.38,8.2514,2026,4,10
2026-04-10 00:20:00+00:00,4739.4,4742.62,4739.22,4739.76,3.5062,2026,4,10
2026-04-10 00:25:00+00:00,4739.5,4739.95,4737.78,4739.6,11.4629,2026,4,10
2026-04-10 00:30:00+00:00,4739.94,4743.54,4739.94,4743.54,4.0013,2026,4,10
2026-04-10 00:35:00+00:00,4743.72,4745.7,4743.03,4743.75,9.8051,2026,4,10
2026-04-10 00:40:00+00:00,4743.75,4744.24,4739.81,4739.95,3.1166,2026,4,10
2026-04-10 00:45:00+00:00,4739.95,4740.09,4739.8,4740.04,1.5806,2026,4,10
2026-04-10 00:50:00+00:00,4740.04,4742.46,4740.04,4741.58,15.8426,2026,4,10
2026-04-10 00:55:00+00:00,4741.58,4747.48,4740.85,4747.48,3.2687,2026,4,10
2026-04-10 01:00:00+00:00,4747.48,4751.57,4746.71,4746.71,14.7439,2026,4,10
2026-04-10 01:05:00+00:00,4746.71,4748.58,4744.35,4745.16,6.2477,2026,4,10
2026-04-10 01:10:00+00:00,4744.99,4746.23,4744.15,4744.62,1.7845,2026,4,10
2026-04-10 01:15:00+00:00,4744.8,4749.29,4744.18,4748.73,3.2737,2026,4,10
2026-04-10 01:20:00+00:00,4748.74,4748.74,4743.91,4744.44,15.3514,2026,4,10
2026-04-10 01:25:00+00:00,4744.44,4746.59,4743.83,4746.59,3.2593,2026,4,10
2026-04-10 01:30:00+00:00,4746.6,4754.16,4745.65,4754.16,8.7116,2026,4,10
2026-04-10 01:35:00+00:00,4754.19,4759.91,4753.85,4757.23,17.42,2026,4,10
2026-04-10 01:40:00+00:00,4757.23,4758.66,4753.86,4754.9,23.7985,2026,4,10
2026-04-10 01:45:00+00:00,4755.23,4755.85,4750.19,4750.21,7.2384,2026,4,10
2026-04-10 01:50:00+00:00,4750.5,4750.5,4746.07,4748.4,6.8209,2026,4,10
2026-04-10 01:55:00+00:00,4748.58,4750.92,4746.26,4748.76,8.0112,2026,4,10
2026-04-10 02:00:00+00:00,4748.76,4749.3,4741.02,4741.02,5.385,2026,4,10
2026-04-10 02:05:00+00:00,4740.9,4744.42,4740.9,4744.42,3.8595,2026,4,10
2026-04-10 02:10:00+00:00,4744.41,4744.41,4734.47,4737.55,20.2842,2026,4,10
2026-04-10 02:15:00+00:00,4737.55,4738.36,4731.7,4732.56,9.9566,2026,4,10
2026-04-10 02:20:00+00:00,4732.92,4733.82,4726.99,4730.4,37.8305,2026,4,10
2026-04-10 02:25:00+00:00,4730.4,4733.2,4729.77,4729.87,10.4854,2026,4,10
2026-04-10 02:30:00+00:00,4729.86,4729.87,4724.11,4727.89,5.3919,2026,4,10
2026-04-10 02:35:00+00:00,4727.89,4732.38,4727.88,4731.48,3.0741,2026,4,10
2026-04-10 02:40:00+00:00,4731.31,4732.91,4730.65,4732.56,2.5166,2026,4,10
2026-04-10 02:45:00+00:00,4732.74,4733.97,4731.76,4732.55,3.2793,2026,4,10
2026-04-10 02:50:00+00:00,4732.56,4734.53,4731.85,4732.56,7.8873,2026,4,10
2026-04-10 02:55:00+00:00,4732.29,4736.04,4732.29,4736.04,1.8088,2026,4,10
2026-04-10 03:00:00+00:00,4736.04,4738.87,4736.04,4738.33,9.3716,2026,4,10
2026-04-10 03:05:00+00:00,4738.33,4740.0,4737.96,4740.0,2.579,2026,4,10
2026-04-10 03:10:00+00:00,4740.0,4743.65,4739.99,4742.83,13.3887,2026,4,10
2026-04-10 03:15:00+00:00,4742.83,4744.18,4742.46,4744.18,9.6166,2026,4,10
2026-04-10 03:20:00+00:00,4744.18,4744.35,4740.37,4741.2,6.9813,2026,4,10
2026-04-10 03:25:00+00:00,4741.18,4741.18,4738.11,4739.17,11.9057,2026,4,10
2026-04-10 03:30:00+00:00,4739.4,4745.16,4739.4,4745.16,4.0331,2026,4,10
2026-04-10 03:35:00+00:00,4745.3,4750.56,4745.3,4748.15,10.9127,2026,4,10
2026-04-10 03:40:00+00:00,4748.12,4748.4,4747.14,4748.39,3.375,2026,4,10
2026-04-10 03:45:00+00:00,4748.39,4751.68,4748.39,4749.7,13.9534,2026,4,10
2026-04-10 03:50:00+00:00,4749.83,4749.83,4748.22,4748.58,2.7784,2026,4,10
2026-04-10 03:55:00+00:00,4748.22,4749.3,4748.22,4748.94,6.7465,2026,4,10
2026-04-10 04:00:00+00:00,4748.94,4750.15,4748.94,4750.15,1.3377,2026,4,10
2026-04-10 04:05:00+00:00,4750.14,4750.14,4749.25,4749.25,6.5015,2026,4,10
2026-04-10 04:10:00+00:00,4749.13,4749.13,4748.31,4749.13,6.1109,2026,4,10
2026-04-10 04:15:00+00:00,4749.29,4753.0,4749.29,4753.0,5.5637,2026,4,10
2026-04-10 04:20:00+00:00,4752.99,4753.0,4750.2,4750.2,6.4561,2026,4,10
2026-04-10 04:25:00+00:00,4750.2,4750.2,4748.94,4748.94,1.176,2026,4,10
2026-04-10 04:30:00+00:00,4748.8,4748.8,4747.14,4747.15,8.606,2026,4,10
2026-04-10 04:35:00+00:00,4747.14,4747.14,4745.75,4745.88,5.1835,2026,4,10
2026-04-10 04:40:00+00:00,4745.89,4745.89,4745.17,4745.7,3.8494,2026,4,10
2026-04-10 04:45:00+00:00,4745.69,4745.7,4745.23,4745.24,0.3517,2026,4,10
2026-04-10 04:50:00+00:00,4745.7,4747.86,4745.2,4746.96,5.3172,2026,4,10
2026-04-10 04:55:00+00:00,4746.95,4746.95,4741.8,4741.8,10.151,2026,4,10
2026-04-10 05:00:00+00:00,4742.0,4745.34,4741.96,4745.34,1.8926,2026,4,10
2026-04-10 05:05:00+00:00,4745.52,4746.44,4744.69,4746.06,11.693,2026,4,10
2026-04-10 05:10:00+00:00,4746.06,4746.06,4743.5,4743.54,2.4794,2026,4,10
2026-04-10 05:15:00+00:00,4743.54,4743.71,4743.19,4743.71,1.0173,2026,4,10
2026-04-10 05:20:00+00:00,4743.72,4747.5,4743.72,4745.53,2.9294,2026,4,10
2026-04-10 05:25:00+00:00,4745.53,4747.09,4744.8,4744.8,3.8068,2026,4,10
2026-04-10 05:30:00+00:00,4744.63,4748.4,4744.63,4748.0,6.7895,2026,4,10
2026-04-10 05:35:00+00:00,4748.04,4750.85,4746.41,4748.4,42.1935,2026,4,10
2026-04-10 05:40:00+00:00,4748.36,4749.12,4746.2,4747.75,10.2078,2026,4,10
2026-04-10 05:45:00+00:00,4747.86,4749.85,4747.86,4749.4,7.7056,2026,4,10
2026-04-10 05:50:00+00:00,4749.47,4751.1,4748.94,4750.21,8.0045,2026,4,10
2026-04-10 05:55:00+00:00,4750.02,4750.02,4748.41,4748.58,20.6039,2026,4,10
2026-04-10 06:00:00+00:00,4748.58,4748.58,4743.91,4744.27,30.0862,2026,4,10
2026-04-10 06:05:00+00:00,4744.42,4746.61,4743.0,4743.31,41.9428,2026,4,10
2026-04-10 06:10:00+00:00,4743.18,4743.9,4739.77,4739.89,3.1698,2026,4,10
2026-04-10 06:15:00+00:00,4740.28,4740.28,4736.86,4736.89,6.2168,2026,4,10
2026-04-10 06:20:00+00:00,4736.88,4738.14,4735.98,4737.6,12.7373,2026,4,10
2026-04-10 06:25:00+00:00,4737.6,4739.76,4737.32,4738.85,4.8664,2026,4,10
2026-04-10 06:30:00+00:00,4738.86,4741.56,4738.86,4741.56,20.9837,2026,4,10
2026-04-10 06:35:00+00:00,4741.74,4741.99,4735.0,4736.88,4.3093,2026,4,10
2026-04-10 06:40:00+00:00,4736.52,4737.42,4735.26,4735.81,3.0301,2026,4,10
2026-04-10 06:45:00+00:00,4735.8,4737.78,4729.67,4729.67,27.4219,2026,4,10
2026-04-10 06:50:00+00:00,4729.57,4731.29,4729.04,4730.63,6.6493,2026,4,10
2026-04-10 06:55:00+00:00,4730.64,4731.96,4730.22,4731.65,5.3758,2026,4,10
2026-04-10 07:00:00+00:00,4731.15,4734.54,4727.25,4734.54,18.505,2026,4,10
2026-04-10 07:05:00+00:00,4734.59,4735.44,4733.4,4735.44,6.4654,2026,4,10
2026-04-10 07:10:00+00:00,4735.44,4736.7,4731.13,4731.84,13.4787,2026,4,10
2026-04-10 07:15:00+00:00,4731.49,4737.42,4731.49,4737.42,33.8746,2026,4,10
2026-04-10 07:20:00+00:00,4737.6,4738.32,4736.53,4738.32,3.3346,2026,4,10
2026-04-10 07:25:00+00:00,4738.32,4739.22,4737.78,4738.03,6.1143,2026,4,10
2026-04-10 07:30:00+00:00,4738.03,4739.14,4736.29,4739.14,29.7818,2026,4,10
2026-04-10 07:35:00+00:00,4739.14,4740.57,4738.33,4739.11,33.2981,2026,4,10
2026-04-10 07:40:00+00:00,4739.12,4740.76,4736.27,4737.2,21.5608,2026,4,10
2026-04-10 07:45:00+00:00,4737.12,4737.77,4735.75,4736.6,8.6502,2026,4,10
2026-04-10 07:50:00+00:00,4736.6,4736.6,4733.83,4734.39,9.0091,2026,4,10
2026-04-10 07:55:00+00:00,4734.39,4735.3,4732.46,4732.47,9.8649,2026,4,10
2026-04-10 08:00:00+00:00,4732.7,4736.31,4732.14,4732.14,24.3412,2026,4,10
2026-04-10 08:05:00+00:00,4731.97,4733.54,4731.15,4733.47,8.3885,2026,4,10
2026-04-10 08:10:00+00:00,4733.47,4735.04,4733.1,4733.85,9.2418,2026,4,10
2026-04-10 08:15:00+00:00,4733.85,4733.85,4727.39,4729.29,4.5077,2026,4,10
2026-04-10 08:20:00+00:00,4729.48,4730.62,4729.48,4730.62,3.8186,2026,4,10
2026-04-10 08:25:00+00:00,4730.62,4731.38,4729.68,4731.38,2.3059,2026,4,10
2026-04-10 08:30:00+00:00,4731.56,4735.17,4731.0,4734.23,3.8301,2026,4,10
2026-04-10 08:35:00+00:00,4734.04,4735.18,4732.52,4733.7,6.199,2026,4,10
2026-04-10 08:40:00+00:00,4733.7,4733.71,4726.66,4726.7,15.7658,2026,4,10
2026-04-10 08:45:00+00:00,4727.15,4728.34,4719.75,4721.51,52.4197,2026,4,10
2026-04-10 08:50:00+00:00,4721.32,4721.32,4716.24,4721.12,29.7978,2026,4,10
2026-04-10 08:55:00+00:00,4721.12,4726.44,4720.75,4726.06,4.5999,2026,4,10
2026-04-10 09:00:00+00:00,4726.06,4729.98,4726.06,4729.62,4.2725,2026,4,10
2026-04-10 09:05:00+00:00,4729.81,4730.0,4726.64,4726.76,2.7201,2026,4,10
2026-04-10 09:10:00+00:00,4726.71,4730.05,4726.64,4730.05,15.8838,2026,4,10
2026-04-10 09:15:00+00:00,4730.24,4743.67,4729.9,4742.91,36.4732,2026,4,10
2026-04-10 09:20:00+00:00,4742.9,4742.9,4736.16,4736.16,29.2828,2026,4,10
2026-04-10 09:25:00+00:00,4736.43,4736.43,4733.28,4733.28,3.0634,2026,4,10
2026-04-10 09:30:00+00:00,4733.09,4733.09,4730.63,4730.63,3.5959,2026,4,10
2026-04-10 09:35:00+00:00,4731.18,4733.1,4731.18,4731.76,2.1754,2026,4,10
2026-04-10 09:40:00+00:00,4731.58,4734.15,4731.57,4734.15,5.1113,2026,4,10
2026-04-10 09:45:00+00:00,4734.15,4734.15,4732.15,4732.85,17.4917,2026,4,10
2026-04-10 09:50:00+00:00,4732.86,4736.31,4732.8,4736.3,2.4295,2026,4,10
2026-04-10 09:55:00+00:00,4736.1,4736.32,4735.21,4736.32,2.4493,2026,4,10
2026-04-10 10:00:00+00:00,4736.32,4736.5,4732.53,4732.53,3.4765,2026,4,10
2026-04-10 10:05:00+00:00,4732.52,4732.52,4727.77,4729.87,13.7742,2026,4,10
2026-04-10 10:10:00+00:00,4729.87,4730.81,4727.96,4730.81,4.1608,2026,4,10
2026-04-10 10:15:00+00:00,4731.0,4735.75,4731.0,4735.75,7.8085,2026,4,10
2026-04-10 10:20:00+00:00,4735.94,4741.45,4735.93,4741.45,2.5544,2026,4,10
2026-04-10 10:25:00+00:00,4741.64,4743.65,4741.26,4741.26,7.9093,2026,4,10
2026-04-10 10:30:00+00:00,4741.27,4741.64,4740.2,4741.64,6.2521,2026,4,10
2026-04-10 10:35:00+00:00,4741.64,4741.64,4737.28,4737.84,3.6365,2026,4,10
2026-04-10 10:40:00+00:00,4737.83,4739.04,4737.83,4738.5,1.329,2026,4,10
2026-04-10 10:45:00+00:00,4738.6,4740.74,4737.85,4740.48,3.5583,2026,4,10
2026-04-10 10:50:00+00:00,4740.49,4742.02,4740.49,4741.46,1.454,2026,4,10
2026-04-10 10:55:00+00:00,4741.46,4741.83,4740.12,4741.83,4.6538,2026,4,10
2026-04-10 11:00:00+00:00,4741.27,4742.58,4741.0,4742.58,0.6993,2026,4,10
2026-04-10 11:05:00+00:00,4742.59,4742.95,4739.74,4739.74,2.5833,2026,4,10
2026-04-10 11:10:00+00:00,4739.75,4740.12,4738.42,4740.06,2.0052,2026,4,10
2026-04-10 11:15:00+00:00,4740.05,4741.55,4739.36,4741.55,1.5278,2026,4,10
2026-04-10 11:20:00+00:00,4741.64,4745.79,4741.64,4745.68,1.3448,2026,4,10
2026-04-10 11:25:00+00:00,4745.25,4745.82,4743.36,4745.76,2.3112,2026,4,10
2026-04-10 11:30:00+00:00,4745.76,4747.36,4743.55,4743.55,3.3236,2026,4,10
2026-04-10 11:35:00+00:00,4743.55,4746.01,4743.54,4746.0,2.848,2026,4,10
2026-04-10 11:40:00+00:00,4746.0,4750.0,4745.35,4750.0,6.4023,2026,4,10
2026-04-10 11:45:00+00:00,4750.0,4750.0,4747.73,4748.28,3.5903,2026,4,10
2026-04-10 11:50:00+00:00,4747.92,4751.29,4747.5,4749.24,76.0638,2026,4,10
2026-04-10 11:55:00+00:00,4749.05,4751.46,4748.26,4751.46,10.789,2026,4,10
2026-04-10 12:00:00+00:00,4751.46,4752.65,4747.96,4749.62,25.7029,2026,4,10
2026-04-10 12:05:00+00:00,4749.81,4750.75,4747.16,4749.05,6.7533,2026,4,10
2026-04-10 12:10:00+00:00,4749.05,4749.8,4748.13,4749.43,9.8642,2026,4,10
2026-04-10 12:15:00+00:00,4749.62,4754.29,4749.62,4752.4,2.1745,2026,4,10
2026-04-10 12:20:00+00:00,4752.28,4752.28,4744.11,4744.11,10.7381,2026,4,10
2026-04-10 12:25:00+00:00,4744.09,4748.9,4744.09,4748.8,21.558,2026,4,10
2026-04-10 12:30:00+00:00,4748.81,4764.43,4747.54,4764.43,120.3948,2026,4,10
2026-04-10 12:35:00+00:00,4763.87,4764.24,4753.92,4757.6,70.2314,2026,4,10
2026-04-10 12:40:00+00:00,4757.79,4760.65,4751.5,4754.74,26.4223,2026,4,10
2026-04-10 12:45:00+00:00,4754.75,4755.82,4748.48,4750.38,9.7196,2026,4,10
2026-04-10 12:50:00+00:00,4750.57,4754.74,4749.81,4749.81,29.7891,2026,4,10
2026-04-10 12:55:00+00:00,4749.63,4755.69,4749.44,4754.37,64.8388,2026,4,10
2026-04-10 13:00:00+00:00,4754.55,4756.1,4752.15,4753.99,10.903,2026,4,10
2026-04-10 13:05:00+00:00,4754.17,4760.0,4753.04,4758.35,18.7431,2026,4,10
2026-04-10 13:10:00+00:00,4758.3,4758.3,4754.95,4755.89,3.9422,2026,4,10
2026-04-10 13:15:00+00:00,4756.08,4756.57,4750.2,4755.31,48.7246,2026,4,10
2026-04-10 13:20:00+00:00,4755.32,4762.0,4754.95,4759.31,34.6515,2026,4,10
2026-04-10 13:25:00+00:00,4759.31,4761.76,4755.72,4758.14,81.8074,2026,4,10
2026-04-10 13:30:00+00:00,4758.3,4760.86,4753.44,4753.7,19.5039,2026,4,10
2026-04-10 13:35:00+00:00,4753.42,4759.68,4749.43,4757.98,7.581,2026,4,10
2026-04-10 13:40:00+00:00,4757.97,4757.97,4751.23,4751.95,18.0001,2026,4,10
2026-04-10 13:45:00+00:00,4752.28,4756.95,4750.39,4756.95,11.5965,2026,4,10
2026-04-10 13:50:00+00:00,4756.86,4759.69,4753.81,4759.69,9.5981,2026,4,10
2026-04-10 13:55:00+00:00,4759.88,4760.0,4757.03,4758.36,10.8917,2026,4,10
2026-04-10 14:00:00+00:00,4758.36,4762.5,4756.06,4759.99,18.7158,2026,4,10
2026-04-10 14:05:00+00:00,4760.0,4763.09,4759.13,4759.6,34.419,2026,4,10
2026-04-10 14:10:00+00:00,4759.61,4763.55,4752.67,4763.55,55.8321,2026,4,10
2026-04-10 14:15:00+00:00,4763.56,4770.79,4763.48,4770.79,34.4181,2026,4,10
2026-04-10 14:20:00+00:00,4770.8,4773.18,4770.0,4773.18,9.4794,2026,4,10
2026-04-10 14:25:00+00:00,4773.32,4775.0,4770.22,4773.95,46.8758,2026,4,10
2026-04-10 14:30:00+00:00,4773.96,4777.44,4770.94,4771.14,43.8681,2026,4,10
2026-04-10 14:35:00+00:00,4770.9,4773.05,4770.11,4770.11,42.0857,2026,4,10
2026-04-10 14:40:00+00:00,4770.0,4770.71,4758.78,4764.25,81.0052,2026,4,10
2026-04-10 14:45:00+00:00,4764.07,4765.22,4756.27,4756.27,10.4824,2026,4,10
2026-04-10 14:50:00+00:00,4756.26,4763.68,4755.14,4757.63,10.5688,2026,4,10
2026-04-10 14:55:00+00:00,4758.14,4761.4,4754.0,4757.22,6.1266,2026,4,10
2026-04-10 15:00:00+00:00,4757.22,4760.51,4756.66,4756.66,8.2741,2026,4,10
2026-04-10 15:05:00+00:00,4756.66,4762.0,4753.34,4762.0,14.5191,2026,4,10
2026-04-10 15:10:00+00:00,4762.0,4765.83,4761.99,4764.01,23.1716,2026,4,10
2026-04-10 15:15:00+00:00,4764.01,4768.2,4764.01,4765.57,22.3791,2026,4,10
2026-04-10 15:20:00+00:00,4765.02,4769.44,4764.87,4769.0,27.2304,2026,4,10
2026-04-10 15:25:00+00:00,4768.82,4768.82,4759.5,4759.54,10.0624,2026,4,10
2026-04-10 15:30:00+00:00,4759.31,4760.38,4756.5,4757.79,11.2756,2026,4,10
2026-04-10 15:35:00+00:00,4757.42,4757.42,4739.96,4743.49,40.5892,2026,4,10
2026-04-10 15:40:00+00:00,4743.5,4749.99,4743.5,4748.39,47.5946,2026,4,10
2026-04-10 15:45:00+00:00,4748.4,4751.6,4746.58,4748.67,12.0345,2026,4,10
2026-04-10 15:50:00+00:00,4748.66,4751.75,4748.45,4748.45,10.3508,2026,4,10
2026-04-10 15:55:00+00:00,4748.91,4748.91,4742.79,4745.06,72.6588,2026,4,10
2026-04-10 16:00:00+00:00,4745.25,4745.63,4738.5,4739.69,30.8993,2026,4,10
2026-04-10 16:05:00+00:00,4739.19,4739.73,4733.29,4739.73,58.5538,2026,4,10
2026-04-10 16:10:00+00:00,4739.73,4746.38,4739.73,4746.38,5.8787,2026,4,10
2026-04-10 16:15:00+00:00,4746.39,4748.27,4745.75,4745.75,6.9544,2026,4,10
2026-04-10 16:20:00+00:00,4745.79,4745.81,4740.38,4745.81,10.5641,2026,4,10
2026-04-10 16:25:00+00:00,4745.26,4746.34,4742.75,4743.96,44.9668,2026,4,10
2026-04-10 16:30:00+00:00,4743.95,4747.34,4742.14,4745.07,68.9698,2026,4,10
2026-04-10 16:35:00+00:00,4745.07,4748.1,4745.07,4746.77,5.7852,2026,4,10
2026-04-10 16:40:00+00:00,4746.77,4746.77,4741.45,4742.21,4.3876,2026,4,10
2026-04-10 16:45:00+00:00,4742.03,4746.01,4741.84,4745.14,5.0348,2026,4,10
2026-04-10 16:50:00+00:00,4745.14,4750.52,4745.13,4750.4,40.5848,2026,4,10
2026-04-10 16:55:00+00:00,4750.41,4750.41,4747.91,4748.48,43.5471,2026,4,10
2026-04-10 17:00:00+00:00,4748.48,4749.04,4744.88,4745.61,14.0323,2026,4,10
2026-04-10 17:05:00+00:00,4745.35,4748.1,4744.49,4747.8,80.5556,2026,4,10
2026-04-10 17:10:00+00:00,4747.8,4751.33,4745.8,4750.0,34.9242,2026,4,10
2026-04-10 17:15:00+00:00,4749.99,4753.11,4749.05,4751.71,15.4605,2026,4,10
2026-04-10 17:20:00+00:00,4751.71,4752.85,4746.66,4750.0,55.7969,2026,4,10
2026-04-10 17:25:00+00:00,4749.82,4753.65,4746.58,4747.15,25.141,2026,4,10
2026-04-10 17:30:00+00:00,4747.45,4749.81,4744.76,4746.59,9.1862,2026,4,10
2026-04-10 17:35:00+00:00,4746.58,4747.15,4744.11,4746.59,14.4493,2026,4,10
2026-04-10 17:40:00+00:00,4746.77,4746.77,4744.9,4744.91,2.271,2026,4,10
2026-04-10 17:45:00+00:00,4744.88,4748.29,4744.88,4748.29,21.8057,2026,4,10
2026-04-10 17:50:00+00:00,4748.48,4749.95,4747.35,4747.35,4.0603,2026,4,10
2026-04-10 17:55:00+00:00,4747.35,4747.35,4745.17,4745.44,28.7917,2026,4,10
2026-04-10 18:00:00+00:00,4745.45,4745.62,4739.26,4739.26,11.9717,2026,4,10
2026-04-10 18:05:00+00:00,4739.17,4742.39,4737.08,4742.01,6.3502,2026,4,10
2026-04-10 18:10:00+00:00,4742.02,4747.38,4742.02,4747.38,1.4363,2026,4,10
2026-04-10 18:15:00+00:00,4747.39,4751.53,4747.39,4751.53,5.7626,2026,4,10
2026-04-10 18:20:00+00:00,4751.65,4753.05,4749.25,4749.25,23.2807,2026,4,10
2026-04-10 18:25:00+00:00,4749.25,4750.38,4748.57,4749.77,2.8366,2026,4,10
2026-04-10 18:30:00+00:00,4749.77,4755.39,4749.77,4755.39,12.374,2026,4,10
2026-04-10 18:35:00+00:00,4755.45,4756.81,4753.29,4756.43,9.4909,2026,4,10
2026-04-10 18:40:00+00:00,4756.43,4756.43,4753.05,4753.05,2.0267,2026,4,10
2026-04-10 18:45:00+00:00,4753.04,4753.04,4749.05,4749.8,14.4672,2026,4,10
2026-04-10 18:50:00+00:00,4749.69,4752.09,4749.69,4752.09,2.7847,2026,4,10
2026-04-10 18:55:00+00:00,4752.28,4752.47,4750.57,4751.14,1.8821,2026,4,10
2026-04-10 19:00:00+00:00,4751.14,4751.9,4750.7,4751.75,1.6524,2026,4,10
2026-04-10 19:05:00+00:00,4751.9,4752.66,4750.76,4750.76,3.7836,2026,4,10
2026-04-10 19:10:00+00:00,4750.7,4751.68,4750.69,4751.22,8.5605,2026,4,10
2026-04-10 19:15:00+00:00,4751.22,4753.8,4750.69,4753.8,1.8784,2026,4,10
2026-04-10 19:20:00+00:00,4753.76,4754.8,4751.95,4752.47,2.3932,2026,4,10
2026-04-10 19:25:00+00:00,4752.46,4752.7,4748.14,4748.85,8.6207,2026,4,10
2026-04-10 19:30:00+00:00,4748.68,4748.68,4746.58,4748.55,16.4513,2026,4,10
2026-04-10 19:35:00+00:00,4748.54,4748.67,4746.58,4746.58,2.7763,2026,4,10
2026-04-10 19:40:00+00:00,4746.85,4748.04,4745.63,4748.04,2.372,2026,4,10
2026-04-10 19:45:00+00:00,4748.1,4748.47,4744.0,4744.01,3.1393,2026,4,10
2026-04-10 19:50:00+00:00,4744.01,4746.2,4742.4,4743.5,7.5328,2026,4,10
2026-04-10 19:55:00+00:00,4743.5,4744.65,4743.5,4744.12,3.1426,2026,4,10
2026-04-10 20:00:00+00:00,4744.45,4744.45,4739.54,4739.54,7.8951,2026,4,10
2026-04-10 20:05:00+00:00,4739.52,4740.31,4738.1,4740.09,12.6011,2026,4,10
2026-04-10 20:10:00+00:00,4740.08,4740.5,4737.2,4740.09,24.2378,2026,4,10
2026-04-10 20:15:00+00:00,4740.08,4740.08,4737.12,4737.44,9.8001,2026,4,10
2026-04-10 20:20:00+00:00,4737.44,4737.45,4735.81,4735.81,3.4216,2026,4,10
2026-04-10 20:25:00+00:00,4735.81,4735.81,4725.67,4732.84,53.4233,2026,4,10
2026-04-10 20:30:00+00:00,4732.85,4738.8,4732.84,4735.51,52.3101,2026,4,10
2026-04-10 20:35:00+00:00,4735.5,4736.51,4735.0,4736.51,6.1695,2026,4,10
2026-04-10 20:40:00+00:00,4736.7,4739.51,4736.7,4739.5,36.0502,2026,4,10
2026-04-10 20:45:00+00:00,4739.5,4739.5,4737.41,4738.25,6.4879,2026,4,10
2026-04-10 20:50:00+00:00,4738.26,4738.79,4735.87,4736.16,11.7887,2026,4,10
2026-04-10 20:55:00+00:00,4736.5,4737.84,4734.9,4736.14,11.1187,2026,4,10
2026-04-10 21:00:00+00:00,4736.13,4736.13,4735.37,4735.37,6.7507,2026,4,10
2026-04-10 21:05:00+00:00,4735.38,4736.95,4735.37,4736.04,5.761,2026,4,10
2026-04-10 21:10:00+00:00,4736.03,4737.26,4735.73,4737.22,4.8112,2026,4,10
2026-04-10 21:15:00+00:00,4737.22,4737.22,4737.21,4737.22,0.5787,2026,4,10
2026-04-10 21:20:00+00:00,4737.22,4737.92,4737.22,4737.92,1.2921,2026,4,10
2026-04-10 21:25:00+00:00,4737.91,4737.92,4737.37,4737.66,2.5158,2026,4,10
2026-04-10 21:30:00+00:00,4737.65,4737.65,4737.64,4737.64,0.3483,2026,4,10
2026-04-10 21:35:00+00:00,4737.65,4747.27,4737.65,4738.7,38.6662,2026,4,10
2026-04-10 21:40:00+00:00,4738.45,4739.13,4735.41,4737.8,13.9622,2026,4,10
2026-04-10 21:45:00+00:00,4737.79,4737.79,4732.97,4735.36,7.0526,2026,4,10
2026-04-10 21:50:00+00:00,4735.37,4735.37,4734.53,4734.83,24.9592,2026,4,10
2026-04-10 21:55:00+00:00,4734.82,4737.15,4734.82,4736.85,48.4536,2026,4,10
2026-04-10 22:00:00+00:00,4736.85,4736.85,4736.12,4736.13,4.6445,2026,4,10
2026-04-10 22:05:00+00:00,4736.13,4736.15,4736.12,4736.15,1.8862,2026,4,10
2026-04-10 22:10:00+00:00,4736.15,4736.34,4734.87,4736.34,8.0395,2026,4,10
2026-04-10 22:15:00+00:00,4736.34,4738.45,4736.34,4737.15,4.4754,2026,4,10
2026-04-10 22:20:00+00:00,4737.16,4737.16,4736.43,4736.43,0.579,2026,4,10
2026-04-10 22:25:00+00:00,4736.43,4736.43,4735.42,4736.14,0.7531,2026,4,10
2026-04-10 22:30:00+00:00,4736.16,4736.99,4736.15,4736.99,1.4172,2026,4,10
2026-04-10 22:35:00+00:00,4736.99,4743.33,4735.03,4735.89,32.5082,2026,4,10
2026-04-10 22:40:00+00:00,4735.89,4735.9,4733.93,4734.05,1.608,2026,4,10
2026-04-10 22:45:00+00:00,4734.05,4734.9,4734.04,4734.8,2.1039,2026,4,10
2026-04-10 22:50:00+00:00,4734.8,4734.81,4734.8,4734.81,0.5254,2026,4,10
2026-04-10 22:55:00+00:00,4734.81,4735.4,4734.81,4735.12,3.9671,2026,4,10
2026-04-10 23:00:00+00:00,4735.11,4735.12,4735.11,4735.12,0.4625,2026,4,10
2026-04-10 23:05:00+00:00,4735.11,4735.3,4734.72,4735.3,2.7477,2026,4,10
2026-04-10 23:10:00+00:00,4735.3,4735.44,4735.29,4735.44,7.8317,2026,4,10
2026-04-10 23:15:00+00:00,4735.43,4735.44,4735.43,4735.44,0.2563,2026,4,10
2026-04-10 23:20:00+00:00,4735.44,4735.44,4735.01,4735.01,2.4202,2026,4,10
2026-04-10 23:25:00+00:00,4735.0,4735.26,4735.0,4735.26,3.5809,2026,4,10
2026-04-10 23:30:00+00:00,4735.26,4735.26,4733.91,4733.91,0.9691,2026,4,10
2026-04-10 23:35:00+00:00,4733.83,4733.83,4733.7,4733.71,0.6289,2026,4,10
2026-04-10 23:40:00+00:00,4733.71,4733.71,4733.7,4733.71,0.6556,2026,4,10
2026-04-10 23:45:00+00:00,4733.71,4734.15,4733.7,4734.14,5.7215,2026,4,10
2026-04-10 23:50:00+00:00,4734.15,4734.15,4734.14,4734.15,1.2069,2026,4,10
2026-04-10 23:55:00+00:00,4734.15,4734.15,4733.51,4734.0,2.4526,2026,4,10
