timestamp,open,high,low,close,volume,year,month,day
2024-06-01 00:00:00+00:00,2333.0,2333.0,2332.0,2333.0,0.2292,2024,6,1
2024-06-01 00:05:00+00:00,2334.0,2334.0,2332.0,2332.0,0.2288,2024,6,1
2024-06-01 00:10:00+00:00,2332.0,2333.0,2332.0,2333.0,0.2547,2024,6,1
2024-06-01 00:15:00+00:00,2332.0,2333.0,2332.0,2332.0,0.0293,2024,6,1
2024-06-01 00:20:00+00:00,2332.0,2332.0,2332.0,2332.0,0.0084,2024,6,1
2024-06-01 00:25:00+00:00,2333.0,2333.0,2332.0,2332.0,5.4775,2024,6,1
2024-06-01 00:30:00+00:00,2332.0,2332.0,2332.0,2332.0,0.0,2024,6,1
2024-06-01 00:35:00+00:00,2332.0,2332.0,2332.0,2332.0,0.0368,2024,6,1
2024-06-01 00:40:00+00:00,2332.0,2333.0,2332.0,2333.0,0.0076,2024,6,1
2024-06-01 00:45:00+00:00,2332.0,2333.0,2332.0,2333.0,0.0848,2024,6,1
2024-06-01 00:50:00+00:00,2332.0,2332.0,2331.0,2331.0,0.3606,2024,6,1
2024-06-01 00:55:00+00:00,2332.0,2332.0,2331.0,2331.0,0.084,2024,6,1
2024-06-01 01:00:00+00:00,2332.0,2332.0,2332.0,2332.0,0.1676,2024,6,1
2024-06-01 01:05:00+00:00,2332.0,2333.0,2332.0,2333.0,0.0424,2024,6,1
2024-06-01 01:10:00+00:00,2332.0,2333.0,2332.0,2332.0,0.5047,2024,6,1
2024-06-01 01:15:00+00:00,2333.0,2333.0,2333.0,2333.0,0.0035,2024,6,1
2024-06-01 01:20:00+00:00,2333.0,2333.0,2333.0,2333.0,0.0187,2024,6,1
2024-06-01 01:25:00+00:00,2332.0,2333.0,2332.0,2332.0,0.0376,2024,6,1
2024-06-01 01:30:00+00:00,2332.0,2332.0,2331.0,2331.0,0.4579,2024,6,1
2024-06-01 01:35:00+00:00,2333.0,2333.0,2331.0,2331.0,0.0746,2024,6,1
2024-06-01 01:40:00+00:00,2332.0,2333.0,2331.0,2331.0,3.9911,2024,6,1
2024-06-01 01:45:00+00:00,2333.0,2333.0,2331.0,2331.0,0.2157,2024,6,1
2024-06-01 01:50:00+00:00,2333.0,2333.0,2333.0,2333.0,0.0201,2024,6,1
2024-06-01 01:55:00+00:00,2333.0,2333.0,2333.0,2333.0,0.0646,2024,6,1
2024-06-01 02:00:00+00:00,2333.0,2333.0,2332.0,2333.0,0.1541,2024,6,1
2024-06-01 02:05:00+00:00,2332.0,2333.0,2332.0,2332.0,0.3228,2024,6,1
2024-06-01 02:10:00+00:00,2332.0,2332.0,2331.0,2331.0,0.5533,2024,6,1
2024-06-01 02:15:00+00:00,2332.0,2332.0,2332.0,2332.0,0.0239,2024,6,1
2024-06-01 02:20:00+00:00,2332.0,2332.0,2331.0,2331.0,0.0492,2024,6,1
2024-06-01 02:25:00+00:00,2331.0,2332.0,2331.0,2331.0,0.0228,2024,6,1
2024-06-01 02:30:00+00:00,2332.0,2333.0,2332.0,2333.0,0.1497,2024,6,1
2024-06-01 02:35:00+00:00,2333.0,2333.0,2331.0,2333.0,0.0553,2024,6,1
2024-06-01 02:40:00+00:00,2333.0,2334.0,2331.0,2331.0,1.0841,2024,6,1
2024-06-01 02:45:00+00:00,2332.0,2333.0,2332.0,2333.0,0.0345,2024,6,1
2024-06-01 02:50:00+00:00,2333.0,2334.0,2332.0,2332.0,0.0137,2024,6,1
2024-06-01 02:55:00+00:00,2332.0,2332.0,2332.0,2332.0,0.0084,2024,6,1
2024-06-01 03:00:00+00:00,2334.0,2334.0,2333.0,2334.0,0.5942,2024,6,1
2024-06-01 03:05:00+00:00,2334.0,2334.0,2332.0,2332.0,0.3168,2024,6,1
2024-06-01 03:10:00+00:00,2333.0,2334.0,2332.0,2334.0,0.1839,2024,6,1
2024-06-01 03:15:00+00:00,2334.0,2334.0,2334.0,2334.0,0.0,2024,6,1
2024-06-01 03:20:00+00:00,2334.0,2334.0,2333.0,2334.0,0.0618,2024,6,1
2024-06-01 03:25:00+00:00,2334.0,2334.0,2334.0,2334.0,0.0178,2024,6,1
2024-06-01 03:30:00+00:00,2334.0,2334.0,2333.0,2333.0,0.0174,2024,6,1
2024-06-01 03:35:00+00:00,2334.0,2334.0,2333.0,2333.0,0.0494,2024,6,1
2024-06-01 03:40:00+00:00,2333.0,2334.0,2333.0,2334.0,0.0899,2024,6,1
2024-06-01 03:45:00+00:00,2333.0,2333.0,2333.0,2333.0,0.0941,2024,6,1
2024-06-01 03:50:00+00:00,2333.0,2334.0,2333.0,2333.0,0.051,2024,6,1
2024-06-01 03:55:00+00:00,2334.0,2334.0,2333.0,2333.0,0.78,2024,6,1
2024-06-01 04:00:00+00:00,2334.0,2334.0,2333.0,2333.0,0.0919,2024,6,1
2024-06-01 04:05:00+00:00,2333.0,2333.0,2332.0,2332.0,0.2046,2024,6,1
2024-06-01 04:10:00+00:00,2332.0,2333.0,2332.0,2332.0,0.1965,2024,6,1
2024-06-01 04:15:00+00:00,2332.0,2333.0,2332.0,2333.0,0.1112,2024,6,1
2024-06-01 04:20:00+00:00,2333.0,2334.0,2333.0,2333.0,0.1007,2024,6,1
2024-06-01 04:25:00+00:00,2334.0,2334.0,2333.0,2333.0,3.0384,2024,6,1
2024-06-01 04:30:00+00:00,2334.0,2334.0,2333.0,2334.0,0.5939,2024,6,1
2024-06-01 04:35:00+00:00,2333.0,2333.0,2332.0,2333.0,0.4271,2024,6,1
2024-06-01 04:40:00+00:00,2333.0,2334.0,2333.0,2333.0,0.2513,2024,6,1
2024-06-01 04:45:00+00:00,2333.0,2333.0,2332.0,2332.0,0.3651,2024,6,1
2024-06-01 04:50:00+00:00,2334.0,2334.0,2332.0,2333.0,0.1636,2024,6,1
2024-06-01 04:55:00+00:00,2334.0,2334.0,2332.0,2334.0,0.5218,2024,6,1
2024-06-01 05:00:00+00:00,2333.0,2334.0,2332.0,2334.0,0.218,2024,6,1
2024-06-01 05:05:00+00:00,2334.0,2334.0,2333.0,2333.0,0.1044,2024,6,1
2024-06-01 05:10:00+00:00,2333.0,2334.0,2333.0,2333.0,0.0549,2024,6,1
2024-06-01 05:15:00+00:00,2334.0,2334.0,2332.0,2332.0,0.0549,2024,6,1
2024-06-01 05:20:00+00:00,2333.0,2333.0,2332.0,2332.0,0.1332,2024,6,1
2024-06-01 05:25:00+00:00,2333.0,2334.0,2332.0,2334.0,0.3316,2024,6,1
2024-06-01 05:30:00+00:00,2334.0,2334.0,2333.0,2333.0,0.0106,2024,6,1
2024-06-01 05:35:00+00:00,2334.0,2334.0,2333.0,2333.0,0.0996,2024,6,1
2024-06-01 05:40:00+00:00,2333.0,2334.0,2333.0,2334.0,0.0194,2024,6,1
2024-06-01 05:45:00+00:00,2334.0,2334.0,2333.0,2333.0,0.0168,2024,6,1
2024-06-01 05:50:00+00:00,2334.0,2334.0,2334.0,2334.0,0.053,2024,6,1
2024-06-01 05:55:00+00:00,2334.0,2335.0,2334.0,2334.0,0.1081,2024,6,1
2024-06-01 06:00:00+00:00,2334.0,2334.0,2333.0,2334.0,0.1674,2024,6,1
2024-06-01 06:05:00+00:00,2334.0,2334.0,2333.0,2334.0,0.0259,2024,6,1
2024-06-01 06:10:00+00:00,2333.0,2334.0,2333.0,2333.0,0.1539,2024,6,1
2024-06-01 06:15:00+00:00,2334.0,2334.0,2333.0,2333.0,0.0449,2024,6,1
2024-06-01 06:20:00+00:00,2333.0,2334.0,2331.0,2332.0,0.4985,2024,6,1
2024-06-01 06:25:00+00:00,2333.0,2333.0,2332.0,2332.0,0.0726,2024,6,1
2024-06-01 06:30:00+00:00,2332.0,2333.0,2332.0,2333.0,0.02,2024,6,1
2024-06-01 06:35:00+00:00,2332.0,2333.0,2332.0,2332.0,0.2574,2024,6,1
2024-06-01 06:40:00+00:00,2332.0,2332.0,2331.0,2331.0,0.4314,2024,6,1
2024-06-01 06:45:00+00:00,2331.0,2331.0,2331.0,2331.0,0.0338,2024,6,1
2024-06-01 06:50:00+00:00,2332.0,2332.0,2331.0,2332.0,0.0371,2024,6,1
2024-06-01 06:55:00+00:00,2332.0,2332.0,2331.0,2331.0,44.0131,2024,6,1
2024-06-01 07:00:00+00:00,2332.0,2332.0,2331.0,2332.0,0.1519,2024,6,1
2024-06-01 07:05:00+00:00,2331.0,2333.0,2331.0,2332.0,3.3555,2024,6,1
2024-06-01 07:10:00+00:00,2333.0,2333.0,2332.0,2333.0,0.0236,2024,6,1
2024-06-01 07:15:00+00:00,2333.0,2333.0,2333.0,2333.0,0.0257,2024,6,1
2024-06-01 07:20:00+00:00,2333.0,2334.0,2332.0,2334.0,0.0775,2024,6,1
2024-06-01 07:25:00+00:00,2333.0,2333.0,2333.0,2333.0,0.0124,2024,6,1
2024-06-01 07:30:00+00:00,2334.0,2334.0,2332.0,2332.0,1.4349,2024,6,1
2024-06-01 07:35:00+00:00,2333.0,2334.0,2333.0,2334.0,0.0929,2024,6,1
2024-06-01 07:40:00+00:00,2333.0,2334.0,2332.0,2334.0,0.1279,2024,6,1
2024-06-01 07:45:00+00:00,2334.0,2334.0,2333.0,2333.0,0.2269,2024,6,1
2024-06-01 07:50:00+00:00,2333.0,2334.0,2332.0,2332.0,0.4259,2024,6,1
2024-06-01 07:55:00+00:00,2334.0,2334.0,2332.0,2334.0,0.1763,2024,6,1
2024-06-01 08:00:00+00:00,2334.0,2334.0,2333.0,2333.0,0.1577,2024,6,1
2024-06-01 08:05:00+00:00,2333.0,2334.0,2333.0,2333.0,0.1825,2024,6,1
2024-06-01 08:10:00+00:00,2334.0,2335.0,2334.0,2335.0,0.2168,2024,6,1
2024-06-01 08:15:00+00:00,2334.0,2335.0,2334.0,2335.0,0.4464,2024,6,1
2024-06-01 08:20:00+00:00,2335.0,2335.0,2332.0,2333.0,1.4542,2024,6,1
2024-06-01 08:25:00+00:00,2333.0,2333.0,2331.0,2333.0,6.2413,2024,6,1
2024-06-01 08:30:00+00:00,2333.0,2333.0,2331.0,2332.0,8.2473,2024,6,1
2024-06-01 08:35:00+00:00,2333.0,2334.0,2333.0,2334.0,0.1291,2024,6,1
2024-06-01 08:40:00+00:00,2334.0,2334.0,2332.0,2332.0,0.0993,2024,6,1
2024-06-01 08:45:00+00:00,2333.0,2334.0,2333.0,2334.0,0.0237,2024,6,1
2024-06-01 08:50:00+00:00,2334.0,2334.0,2334.0,2334.0,0.0022,2024,6,1
2024-06-01 08:55:00+00:00,2334.0,2334.0,2333.0,2334.0,0.0575,2024,6,1
2024-06-01 09:00:00+00:00,2333.0,2335.0,2333.0,2335.0,4.3856,2024,6,1
2024-06-01 09:05:00+00:00,2335.0,2335.0,2333.0,2334.0,0.1653,2024,6,1
2024-06-01 09:10:00+00:00,2334.0,2334.0,2331.0,2333.0,2.8831,2024,6,1
2024-06-01 09:15:00+00:00,2333.0,2334.0,2333.0,2334.0,0.0239,2024,6,1
2024-06-01 09:20:00+00:00,2333.0,2334.0,2331.0,2334.0,3.7368,2024,6,1
2024-06-01 09:25:00+00:00,2334.0,2334.0,2333.0,2333.0,0.0906,2024,6,1
2024-06-01 09:30:00+00:00,2333.0,2334.0,2333.0,2333.0,0.1833,2024,6,1
2024-06-01 09:35:00+00:00,2334.0,2334.0,2334.0,2334.0,0.0271,2024,6,1
2024-06-01 09:40:00+00:00,2333.0,2335.0,2333.0,2335.0,0.2236,2024,6,1
2024-06-01 09:45:00+00:00,2333.0,2334.0,2333.0,2334.0,0.1561,2024,6,1
2024-06-01 09:50:00+00:00,2334.0,2334.0,2333.0,2333.0,0.0981,2024,6,1
2024-06-01 09:55:00+00:00,2333.0,2333.0,2333.0,2333.0,0.0,2024,6,1
2024-06-01 10:00:00+00:00,2334.0,2334.0,2333.0,2333.0,0.3108,2024,6,1
2024-06-01 10:05:00+00:00,2333.0,2335.0,2333.0,2333.0,0.488,2024,6,1
2024-06-01 10:10:00+00:00,2333.0,2335.0,2333.0,2334.0,0.2913,2024,6,1
2024-06-01 10:15:00+00:00,2335.0,2335.0,2333.0,2333.0,0.36,2024,6,1
2024-06-01 10:20:00+00:00,2333.0,2334.0,2331.0,2332.0,4.1218,2024,6,1
2024-06-01 10:25:00+00:00,2332.0,2334.0,2328.0,2328.0,22.3275,2024,6,1
2024-06-01 10:30:00+00:00,2328.0,2330.0,2327.0,2328.0,2.6233,2024,6,1
2024-06-01 10:35:00+00:00,2329.0,2329.0,2326.0,2327.0,0.7471,2024,6,1
2024-06-01 10:40:00+00:00,2329.0,2329.0,2327.0,2329.0,0.0357,2024,6,1
2024-06-01 10:45:00+00:00,2329.0,2330.0,2328.0,2330.0,0.3833,2024,6,1
2024-06-01 10:50:00+00:00,2330.0,2330.0,2329.0,2330.0,0.4266,2024,6,1
2024-06-01 10:55:00+00:00,2331.0,2331.0,2328.0,2328.0,1.3928,2024,6,1
2024-06-01 11:00:00+00:00,2329.0,2330.0,2328.0,2329.0,1.4992,2024,6,1
2024-06-01 11:05:00+00:00,2329.0,2330.0,2329.0,2329.0,0.0478,2024,6,1
2024-06-01 11:10:00+00:00,2329.0,2330.0,2328.0,2330.0,0.3378,2024,6,1
2024-06-01 11:15:00+00:00,2328.0,2330.0,2327.0,2329.0,0.9484,2024,6,1
2024-06-01 11:20:00+00:00,2329.0,2330.0,2328.0,2328.0,0.1931,2024,6,1
2024-06-01 11:25:00+00:00,2329.0,2330.0,2328.0,2329.0,0.2206,2024,6,1
2024-06-01 11:30:00+00:00,2328.0,2330.0,2326.0,2329.0,0.5124,2024,6,1
2024-06-01 11:35:00+00:00,2328.0,2329.0,2328.0,2329.0,0.0592,2024,6,1
2024-06-01 11:40:00+00:00,2329.0,2332.0,2329.0,2332.0,1.2908,2024,6,1
2024-06-01 11:45:00+00:00,2332.0,2334.0,2332.0,2334.0,0.0495,2024,6,1
2024-06-01 11:50:00+00:00,2334.0,2334.0,2332.0,2333.0,0.024,2024,6,1
2024-06-01 11:55:00+00:00,2332.0,2334.0,2332.0,2334.0,0.6459,2024,6,1
2024-06-01 12:00:00+00:00,2333.0,2333.0,2333.0,2333.0,0.2422,2024,6,1
2024-06-01 12:05:00+00:00,2333.0,2335.0,2333.0,2335.0,0.6393,2024,6,1
2024-06-01 12:10:00+00:00,2333.0,2335.0,2333.0,2334.0,0.2547,2024,6,1
2024-06-01 12:15:00+00:00,2333.0,2335.0,2333.0,2335.0,0.1109,2024,6,1
2024-06-01 12:20:00+00:00,2333.0,2333.0,2333.0,2333.0,0.0631,2024,6,1
2024-06-01 12:25:00+00:00,2333.0,2333.0,2333.0,2333.0,0.141,2024,6,1
2024-06-01 12:30:00+00:00,2333.0,2333.0,2332.0,2333.0,1.06,2024,6,1
2024-06-01 12:35:00+00:00,2333.0,2333.0,2332.0,2333.0,0.1882,2024,6,1
2024-06-01 12:40:00+00:00,2332.0,2333.0,2331.0,2333.0,0.2374,2024,6,1
2024-06-01 12:45:00+00:00,2333.0,2333.0,2333.0,2333.0,1.0074,2024,6,1
2024-06-01 12:50:00+00:00,2333.0,2333.0,2332.0,2333.0,0.1044,2024,6,1
2024-06-01 12:55:00+00:00,2332.0,2333.0,2332.0,2332.0,0.0615,2024,6,1
2024-06-01 13:00:00+00:00,2332.0,2333.0,2332.0,2333.0,0.9783,2024,6,1
2024-06-01 13:05:00+00:00,2332.0,2333.0,2332.0,2332.0,0.2586,2024,6,1
2024-06-01 13:10:00+00:00,2332.0,2333.0,2331.0,2333.0,2.6557,2024,6,1
2024-06-01 13:15:00+00:00,2332.0,2332.0,2331.0,2331.0,1.6899,2024,6,1
2024-06-01 13:20:00+00:00,2333.0,2333.0,2333.0,2333.0,0.0038,2024,6,1
2024-06-01 13:25:00+00:00,2333.0,2333.0,2332.0,2332.0,0.1147,2024,6,1
2024-06-01 13:30:00+00:00,2333.0,2333.0,2332.0,2332.0,0.2286,2024,6,1
2024-06-01 13:35:00+00:00,2333.0,2333.0,2333.0,2333.0,0.0263,2024,6,1
2024-06-01 13:40:00+00:00,2333.0,2333.0,2332.0,2333.0,0.1325,2024,6,1
2024-06-01 13:45:00+00:00,2332.0,2333.0,2332.0,2333.0,0.1053,2024,6,1
2024-06-01 13:50:00+00:00,2333.0,2333.0,2333.0,2333.0,2.2786,2024,6,1
2024-06-01 13:55:00+00:00,2333.0,2333.0,2332.0,2332.0,0.1114,2024,6,1
2024-06-01 14:00:00+00:00,2333.0,2333.0,2331.0,2333.0,0.1526,2024,6,1
2024-06-01 14:05:00+00:00,2333.0,2333.0,2333.0,2333.0,0.0725,2024,6,1
2024-06-01 14:10:00+00:00,2333.0,2333.0,2333.0,2333.0,0.0385,2024,6,1
2024-06-01 14:15:00+00:00,2333.0,2333.0,2332.0,2333.0,0.1896,2024,6,1
2024-06-01 14:20:00+00:00,2333.0,2334.0,2332.0,2334.0,2.6754,2024,6,1
2024-06-01 14:25:00+00:00,2334.0,2335.0,2333.0,2335.0,0.6375,2024,6,1
2024-06-01 14:30:00+00:00,2335.0,2335.0,2335.0,2335.0,0.0737,2024,6,1
2024-06-01 14:35:00+00:00,2335.0,2335.0,2331.0,2334.0,35.35,2024,6,1
2024-06-01 14:40:00+00:00,2334.0,2334.0,2332.0,2334.0,0.6742,2024,6,1
2024-06-01 14:45:00+00:00,2334.0,2334.0,2332.0,2334.0,0.292,2024,6,1
2024-06-01 14:50:00+00:00,2334.0,2334.0,2331.0,2334.0,1.5246,2024,6,1
2024-06-01 14:55:00+00:00,2334.0,2334.0,2331.0,2334.0,1.3256,2024,6,1
2024-06-01 15:00:00+00:00,2334.0,2334.0,2333.0,2334.0,0.5321,2024,6,1
2024-06-01 15:05:00+00:00,2334.0,2334.0,2333.0,2334.0,0.2074,2024,6,1
2024-06-01 15:10:00+00:00,2334.0,2335.0,2334.0,2335.0,0.6667,2024,6,1
2024-06-01 15:15:00+00:00,2335.0,2335.0,2334.0,2335.0,0.6253,2024,6,1
2024-06-01 15:20:00+00:00,2335.0,2335.0,2334.0,2335.0,1.4456,2024,6,1
2024-06-01 15:25:00+00:00,2335.0,2335.0,2334.0,2335.0,0.794,2024,6,1
2024-06-01 15:30:00+00:00,2334.0,2335.0,2334.0,2335.0,0.4821,2024,6,1
2024-06-01 15:35:00+00:00,2335.0,2335.0,2334.0,2335.0,1.674,2024,6,1
2024-06-01 15:40:00+00:00,2335.0,2335.0,2334.0,2335.0,0.7275,2024,6,1
2024-06-01 15:45:00+00:00,2335.0,2346.0,2335.0,2342.0,82.5697,2024,6,1
2024-06-01 15:50:00+00:00,2341.0,2345.0,2341.0,2343.0,4.5035,2024,6,1
2024-06-01 15:55:00+00:00,2343.0,2344.0,2341.0,2342.0,1.8083,2024,6,1
2024-06-01 16:00:00+00:00,2341.0,2343.0,2334.0,2338.0,13.6617,2024,6,1
2024-06-01 16:05:00+00:00,2336.0,2339.0,2332.0,2335.0,8.3298,2024,6,1
2024-06-01 16:10:00+00:00,2335.0,2337.0,2335.0,2337.0,0.8062,2024,6,1
2024-06-01 16:15:00+00:00,2336.0,2338.0,2335.0,2338.0,0.8452,2024,6,1
2024-06-01 16:20:00+00:00,2338.0,2340.0,2337.0,2340.0,0.657,2024,6,1
2024-06-01 16:25:00+00:00,2341.0,2341.0,2339.0,2341.0,1.046,2024,6,1
2024-06-01 16:30:00+00:00,2341.0,2342.0,2341.0,2341.0,0.4872,2024,6,1
2024-06-01 16:35:00+00:00,2341.0,2342.0,2341.0,2341.0,0.3347,2024,6,1
2024-06-01 16:40:00+00:00,2342.0,2342.0,2341.0,2342.0,0.3968,2024,6,1
2024-06-01 16:45:00+00:00,2342.0,2343.0,2341.0,2343.0,0.4695,2024,6,1
2024-06-01 16:50:00+00:00,2343.0,2343.0,2341.0,2341.0,0.2595,2024,6,1
2024-06-01 16:55:00+00:00,2343.0,2343.0,2341.0,2343.0,0.2274,2024,6,1
2024-06-01 17:00:00+00:00,2343.0,2343.0,2341.0,2343.0,0.3006,2024,6,1
2024-06-01 17:05:00+00:00,2343.0,2343.0,2342.0,2343.0,0.3968,2024,6,1
2024-06-01 17:10:00+00:00,2343.0,2343.0,2342.0,2343.0,0.4053,2024,6,1
2024-06-01 17:15:00+00:00,2343.0,2343.0,2340.0,2340.0,2.104,2024,6,1
2024-06-01 17:20:00+00:00,2340.0,2340.0,2334.0,2339.0,2.979,2024,6,1
2024-06-01 17:25:00+00:00,2340.0,2342.0,2339.0,2341.0,1.3227,2024,6,1
2024-06-01 17:30:00+00:00,2342.0,2343.0,2341.0,2343.0,1.6274,2024,6,1
2024-06-01 17:35:00+00:00,2343.0,2343.0,2342.0,2343.0,1.2759,2024,6,1
2024-06-01 17:40:00+00:00,2342.0,2343.0,2341.0,2343.0,0.7861,2024,6,1
2024-06-01 17:45:00+00:00,2343.0,2343.0,2339.0,2340.0,2.1392,2024,6,1
2024-06-01 17:50:00+00:00,2341.0,2341.0,2339.0,2341.0,1.6704,2024,6,1
2024-06-01 17:55:00+00:00,2341.0,2341.0,2339.0,2340.0,1.8689,2024,6,1
2024-06-01 18:00:00+00:00,2340.0,2342.0,2340.0,2342.0,0.9991,2024,6,1
2024-06-01 18:05:00+00:00,2341.0,2343.0,2341.0,2343.0,1.084,2024,6,1
2024-06-01 18:10:00+00:00,2343.0,2343.0,2343.0,2343.0,1.4217,2024,6,1
2024-06-01 18:15:00+00:00,2343.0,2343.0,2342.0,2343.0,0.2186,2024,6,1
2024-06-01 18:20:00+00:00,2343.0,2344.0,2341.0,2343.0,2.211,2024,6,1
2024-06-01 18:25:00+00:00,2343.0,2344.0,2340.0,2341.0,1.21,2024,6,1
2024-06-01 18:30:00+00:00,2340.0,2341.0,2340.0,2340.0,0.0923,2024,6,1
2024-06-01 18:35:00+00:00,2340.0,2341.0,2340.0,2341.0,0.1655,2024,6,1
2024-06-01 18:40:00+00:00,2341.0,2341.0,2340.0,2341.0,0.093,2024,6,1
2024-06-01 18:45:00+00:00,2341.0,2344.0,2340.0,2343.0,3.148,2024,6,1
2024-06-01 18:50:00+00:00,2343.0,2343.0,2335.0,2340.0,3.1746,2024,6,1
2024-06-01 18:55:00+00:00,2340.0,2341.0,2336.0,2339.0,0.9404,2024,6,1
2024-06-01 19:00:00+00:00,2338.0,2340.0,2334.0,2337.0,3.0504,2024,6,1
2024-06-01 19:05:00+00:00,2337.0,2338.0,2337.0,2338.0,0.1054,2024,6,1
2024-06-01 19:10:00+00:00,2338.0,2338.0,2336.0,2336.0,0.3019,2024,6,1
2024-06-01 19:15:00+00:00,2337.0,2339.0,2337.0,2339.0,0.3302,2024,6,1
2024-06-01 19:20:00+00:00,2339.0,2340.0,2338.0,2340.0,0.477,2024,6,1
2024-06-01 19:25:00+00:00,2340.0,2341.0,2339.0,2339.0,0.131,2024,6,1
2024-06-01 19:30:00+00:00,2340.0,2341.0,2339.0,2340.0,0.2263,2024,6,1
2024-06-01 19:35:00+00:00,2340.0,2341.0,2340.0,2341.0,0.1572,2024,6,1
2024-06-01 19:40:00+00:00,2341.0,2344.0,2340.0,2344.0,4.521,2024,6,1
2024-06-01 19:45:00+00:00,2344.0,2345.0,2343.0,2345.0,0.1174,2024,6,1
2024-06-01 19:50:00+00:00,2345.0,2345.0,2343.0,2344.0,0.2359,2024,6,1
2024-06-01 19:55:00+00:00,2344.0,2345.0,2344.0,2344.0,0.3921,2024,6,1
2024-06-01 20:00:00+00:00,2344.0,2344.0,2343.0,2344.0,0.1985,2024,6,1
2024-06-01 20:05:00+00:00,2344.0,2345.0,2343.0,2345.0,0.3125,2024,6,1
2024-06-01 20:10:00+00:00,2345.0,2345.0,2343.0,2345.0,0.0892,2024,6,1
2024-06-01 20:15:00+00:00,2345.0,2345.0,2343.0,2344.0,0.482,2024,6,1
2024-06-01 20:20:00+00:00,2344.0,2345.0,2338.0,2343.0,11.1622,2024,6,1
2024-06-01 20:25:00+00:00,2343.0,2344.0,2342.0,2344.0,1.0419,2024,6,1
2024-06-01 20:30:00+00:00,2344.0,2344.0,2342.0,2344.0,2.137,2024,6,1
2024-06-01 20:35:00+00:00,2344.0,2344.0,2343.0,2344.0,0.4152,2024,6,1
2024-06-01 20:40:00+00:00,2344.0,2345.0,2343.0,2345.0,0.3253,2024,6,1
2024-06-01 20:45:00+00:00,2345.0,2345.0,2345.0,2345.0,0.1148,2024,6,1
2024-06-01 20:50:00+00:00,2345.0,2346.0,2344.0,2345.0,1.5513,2024,6,1
2024-06-01 20:55:00+00:00,2345.0,2346.0,2345.0,2345.0,1.6287,2024,6,1
2024-06-01 21:00:00+00:00,2345.0,2345.0,2341.0,2341.0,1.1052,2024,6,1
2024-06-01 21:05:00+00:00,2342.0,2342.0,2340.0,2341.0,0.3119,2024,6,1
2024-06-01 21:10:00+00:00,2341.0,2342.0,2340.0,2341.0,0.5809,2024,6,1
2024-06-01 21:15:00+00:00,2342.0,2342.0,2341.0,2342.0,0.2195,2024,6,1
2024-06-01 21:20:00+00:00,2342.0,2344.0,2341.0,2344.0,0.7798,2024,6,1
2024-06-01 21:25:00+00:00,2343.0,2344.0,2342.0,2344.0,0.2403,2024,6,1
2024-06-01 21:30:00+00:00,2345.0,2345.0,2343.0,2343.0,0.3515,2024,6,1
2024-06-01 21:35:00+00:00,2344.0,2344.0,2343.0,2344.0,0.2728,2024,6,1
2024-06-01 21:40:00+00:00,2344.0,2345.0,2343.0,2344.0,0.2718,2024,6,1
2024-06-01 21:45:00+00:00,2344.0,2345.0,2343.0,2344.0,0.2469,2024,6,1
2024-06-01 21:50:00+00:00,2343.0,2345.0,2343.0,2344.0,1.4541,2024,6,1
2024-06-01 21:55:00+00:00,2344.0,2346.0,2343.0,2346.0,3.5054,2024,6,1
2024-06-01 22:00:00+00:00,2346.0,2347.0,2345.0,2347.0,4.0213,2024,6,1
2024-06-01 22:05:00+00:00,2347.0,2347.0,2346.0,2347.0,0.8386,2024,6,1
2024-06-01 22:10:00+00:00,2347.0,2347.0,2346.0,2347.0,0.236,2024,6,1
2024-06-01 22:15:00+00:00,2347.0,2347.0,2346.0,2347.0,0.989,2024,6,1
2024-06-01 22:20:00+00:00,2347.0,2349.0,2345.0,2347.0,11.521,2024,6,1
2024-06-01 22:25:00+00:00,2348.0,2349.0,2348.0,2349.0,1.0457,2024,6,1
2024-06-01 22:30:00+00:00,2348.0,2349.0,2345.0,2345.0,5.8792,2024,6,1
2024-06-01 22:35:00+00:00,2346.0,2346.0,2345.0,2346.0,0.5548,2024,6,1
2024-06-01 22:40:00+00:00,2346.0,2346.0,2345.0,2346.0,0.1763,2024,6,1
2024-06-01 22:45:00+00:00,2346.0,2347.0,2345.0,2346.0,0.6013,2024,6,1
2024-06-01 22:50:00+00:00,2346.0,2347.0,2346.0,2346.0,0.2046,2024,6,1
2024-06-01 22:55:00+00:00,2346.0,2347.0,2345.0,2347.0,0.1412,2024,6,1
2024-06-01 23:00:00+00:00,2347.0,2347.0,2345.0,2347.0,0.3323,2024,6,1
2024-06-01 23:05:00+00:00,2347.0,2347.0,2346.0,2346.0,0.1043,2024,6,1
2024-06-01 23:10:00+00:00,2346.0,2346.0,2341.0,2343.0,1.7357,2024,6,1
2024-06-01 23:15:00+00:00,2343.0,2344.0,2342.0,2344.0,0.2387,2024,6,1
2024-06-01 23:20:00+00:00,2344.0,2344.0,2343.0,2344.0,0.1129,2024,6,1
2024-06-01 23:25:00+00:00,2344.0,2345.0,2344.0,2345.0,0.0766,2024,6,1
2024-06-01 23:30:00+00:00,2345.0,2345.0,2343.0,2345.0,0.1149,2024,6,1
2024-06-01 23:35:00+00:00,2345.0,2347.0,2344.0,2345.0,1.4439,2024,6,1
2024-06-01 23:40:00+00:00,2345.0,2345.0,2344.0,2344.0,0.1873,2024,6,1
2024-06-01 23:45:00+00:00,2345.0,2345.0,2343.0,2344.0,0.8918,2024,6,1
2024-06-01 23:50:00+00:00,2344.0,2344.0,2343.0,2344.0,0.1052,2024,6,1
2024-06-01 23:55:00+00:00,2344.0,2344.0,2343.0,2344.0,0.0793,2024,6,1
2024-06-02 00:00:00+00:00,2344.0,2344.0,2343.0,2344.0,0.0947,2024,6,2
2024-06-02 00:05:00+00:00,2344.0,2345.0,2344.0,2345.0,0.0855,2024,6,2
2024-06-02 00:10:00+00:00,2345.0,2345.0,2344.0,2345.0,0.0677,2024,6,2
2024-06-02 00:15:00+00:00,2345.0,2346.0,2344.0,2346.0,0.1396,2024,6,2
2024-06-02 00:20:00+00:00,2346.0,2346.0,2344.0,2346.0,0.3195,2024,6,2
2024-06-02 00:25:00+00:00,2346.0,2346.0,2344.0,2346.0,0.262,2024,6,2
2024-06-02 00:30:00+00:00,2346.0,2346.0,2346.0,2346.0,0.3306,2024,6,2
2024-06-02 00:35:00+00:00,2346.0,2346.0,2346.0,2346.0,0.1518,2024,6,2
2024-06-02 00:40:00+00:00,2346.0,2346.0,2346.0,2346.0,0.0448,2024,6,2
2024-06-02 00:45:00+00:00,2346.0,2346.0,2339.0,2345.0,10.5038,2024,6,2
2024-06-02 00:50:00+00:00,2346.0,2348.0,2346.0,2347.0,1.782,2024,6,2
2024-06-02 00:55:00+00:00,2347.0,2347.0,2343.0,2346.0,1.7795,2024,6,2
2024-06-02 01:00:00+00:00,2346.0,2346.0,2345.0,2346.0,0.3557,2024,6,2
2024-06-02 01:05:00+00:00,2345.0,2347.0,2345.0,2347.0,0.3802,2024,6,2
2024-06-02 01:10:00+00:00,2346.0,2346.0,2343.0,2344.0,1.1105,2024,6,2
2024-06-02 01:15:00+00:00,2344.0,2345.0,2344.0,2345.0,0.5559,2024,6,2
2024-06-02 01:20:00+00:00,2345.0,2345.0,2344.0,2345.0,0.1614,2024,6,2
2024-06-02 01:25:00+00:00,2345.0,2346.0,2345.0,2346.0,0.162,2024,6,2
2024-06-02 01:30:00+00:00,2346.0,2346.0,2345.0,2346.0,0.0947,2024,6,2
2024-06-02 01:35:00+00:00,2346.0,2346.0,2345.0,2346.0,0.1055,2024,6,2
2024-06-02 01:40:00+00:00,2346.0,2347.0,2346.0,2346.0,0.2194,2024,6,2
2024-06-02 01:45:00+00:00,2345.0,2346.0,2345.0,2345.0,1.7562,2024,6,2
2024-06-02 01:50:00+00:00,2345.0,2345.0,2344.0,2345.0,0.1357,2024,6,2
2024-06-02 01:55:00+00:00,2345.0,2345.0,2340.0,2345.0,2.6567,2024,6,2
2024-06-02 02:00:00+00:00,2345.0,2345.0,2343.0,2343.0,1.4263,2024,6,2
2024-06-02 02:05:00+00:00,2344.0,2345.0,2343.0,2344.0,0.2131,2024,6,2
2024-06-02 02:10:00+00:00,2344.0,2344.0,2339.0,2344.0,1.4202,2024,6,2
2024-06-02 02:15:00+00:00,2344.0,2345.0,2340.0,2343.0,1.1925,2024,6,2
2024-06-02 02:20:00+00:00,2343.0,2343.0,2342.0,2343.0,0.1221,2024,6,2
2024-06-02 02:25:00+00:00,2343.0,2343.0,2342.0,2343.0,0.0763,2024,6,2
2024-06-02 02:30:00+00:00,2343.0,2344.0,2340.0,2342.0,0.6792,2024,6,2
2024-06-02 02:35:00+00:00,2342.0,2342.0,2341.0,2342.0,0.2077,2024,6,2
2024-06-02 02:40:00+00:00,2342.0,2342.0,2342.0,2342.0,0.0387,2024,6,2
2024-06-02 02:45:00+00:00,2341.0,2342.0,2341.0,2341.0,0.0393,2024,6,2
2024-06-02 02:50:00+00:00,2341.0,2341.0,2341.0,2341.0,0.0243,2024,6,2
2024-06-02 02:55:00+00:00,2341.0,2341.0,2341.0,2341.0,0.0788,2024,6,2
2024-06-02 03:00:00+00:00,2341.0,2342.0,2341.0,2342.0,0.3277,2024,6,2
2024-06-02 03:05:00+00:00,2342.0,2342.0,2341.0,2342.0,0.1624,2024,6,2
2024-06-02 03:10:00+00:00,2342.0,2342.0,2342.0,2342.0,0.0722,2024,6,2
2024-06-02 03:15:00+00:00,2341.0,2341.0,2341.0,2341.0,0.0276,2024,6,2
2024-06-02 03:20:00+00:00,2342.0,2342.0,2341.0,2341.0,0.3026,2024,6,2
2024-06-02 03:25:00+00:00,2342.0,2342.0,2340.0,2340.0,0.4887,2024,6,2
2024-06-02 03:30:00+00:00,2341.0,2341.0,2340.0,2340.0,0.0971,2024,6,2
2024-06-02 03:35:00+00:00,2341.0,2341.0,2340.0,2341.0,0.0422,2024,6,2
2024-06-02 03:40:00+00:00,2341.0,2342.0,2341.0,2341.0,0.6629,2024,6,2
2024-06-02 03:45:00+00:00,2341.0,2341.0,2341.0,2341.0,0.0129,2024,6,2
2024-06-02 03:50:00+00:00,2341.0,2342.0,2341.0,2342.0,0.2088,2024,6,2
2024-06-02 03:55:00+00:00,2341.0,2341.0,2341.0,2341.0,0.023,2024,6,2
2024-06-02 04:00:00+00:00,2341.0,2342.0,2341.0,2342.0,0.0951,2024,6,2
2024-06-02 04:05:00+00:00,2341.0,2342.0,2341.0,2342.0,0.0915,2024,6,2
2024-06-02 04:10:00+00:00,2342.0,2342.0,2341.0,2342.0,0.1305,2024,6,2
2024-06-02 04:15:00+00:00,2341.0,2342.0,2341.0,2341.0,0.0931,2024,6,2
2024-06-02 04:20:00+00:00,2342.0,2344.0,2342.0,2342.0,1.1864,2024,6,2
2024-06-02 04:25:00+00:00,2342.0,2342.0,2342.0,2342.0,0.0,2024,6,2
2024-06-02 04:30:00+00:00,2343.0,2343.0,2342.0,2343.0,0.2209,2024,6,2
2024-06-02 04:35:00+00:00,2342.0,2343.0,2342.0,2343.0,0.0283,2024,6,2
2024-06-02 04:40:00+00:00,2342.0,2342.0,2342.0,2342.0,0.0218,2024,6,2
2024-06-02 04:45:00+00:00,2343.0,2343.0,2342.0,2342.0,0.0429,2024,6,2
2024-06-02 04:50:00+00:00,2342.0,2342.0,2342.0,2342.0,0.0049,2024,6,2
2024-06-02 04:55:00+00:00,2343.0,2343.0,2343.0,2343.0,0.0305,2024,6,2
2024-06-02 05:00:00+00:00,2343.0,2343.0,2342.0,2343.0,0.3023,2024,6,2
2024-06-02 05:05:00+00:00,2343.0,2343.0,2341.0,2342.0,0.3896,2024,6,2
2024-06-02 05:10:00+00:00,2341.0,2341.0,2340.0,2340.0,0.3166,2024,6,2
2024-06-02 05:15:00+00:00,2341.0,2341.0,2340.0,2340.0,0.0396,2024,6,2
2024-06-02 05:20:00+00:00,2341.0,2341.0,2340.0,2340.0,0.7767,2024,6,2
2024-06-02 05:25:00+00:00,2340.0,2340.0,2340.0,2340.0,0.039,2024,6,2
2024-06-02 05:30:00+00:00,2341.0,2341.0,2339.0,2339.0,0.1274,2024,6,2
2024-06-02 05:35:00+00:00,2339.0,2340.0,2339.0,2339.0,0.0379,2024,6,2
2024-06-02 05:40:00+00:00,2339.0,2340.0,2339.0,2339.0,0.1046,2024,6,2
2024-06-02 05:45:00+00:00,2340.0,2340.0,2339.0,2339.0,0.249,2024,6,2
2024-06-02 05:50:00+00:00,2339.0,2340.0,2339.0,2339.0,0.0416,2024,6,2
2024-06-02 05:55:00+00:00,2339.0,2339.0,2335.0,2335.0,5.572,2024,6,2
2024-06-02 06:00:00+00:00,2336.0,2344.0,2335.0,2342.0,24.048,2024,6,2
2024-06-02 06:05:00+00:00,2342.0,2342.0,2342.0,2342.0,1.195,2024,6,2
2024-06-02 06:10:00+00:00,2342.0,2343.0,2340.0,2341.0,10.4319,2024,6,2
2024-06-02 06:15:00+00:00,2342.0,2343.0,2342.0,2343.0,0.4357,2024,6,2
2024-06-02 06:20:00+00:00,2342.0,2342.0,2341.0,2341.0,0.252,2024,6,2
2024-06-02 06:25:00+00:00,2341.0,2342.0,2340.0,2341.0,1.1053,2024,6,2
2024-06-02 06:30:00+00:00,2341.0,2341.0,2339.0,2341.0,1.8048,2024,6,2
2024-06-02 06:35:00+00:00,2341.0,2341.0,2341.0,2341.0,0.0213,2024,6,2
2024-06-02 06:40:00+00:00,2340.0,2341.0,2339.0,2339.0,0.1081,2024,6,2
2024-06-02 06:45:00+00:00,2339.0,2340.0,2339.0,2339.0,0.2623,2024,6,2
2024-06-02 06:50:00+00:00,2340.0,2340.0,2338.0,2338.0,0.6584,2024,6,2
2024-06-02 06:55:00+00:00,2340.0,2340.0,2338.0,2340.0,0.7296,2024,6,2
2024-06-02 07:00:00+00:00,2339.0,2341.0,2337.0,2340.0,1.4764,2024,6,2
2024-06-02 07:05:00+00:00,2340.0,2341.0,2340.0,2341.0,0.6048,2024,6,2
2024-06-02 07:10:00+00:00,2339.0,2340.0,2333.0,2336.0,23.5323,2024,6,2
2024-06-02 07:15:00+00:00,2337.0,2339.0,2336.0,2336.0,0.743,2024,6,2
2024-06-02 07:20:00+00:00,2337.0,2337.0,2336.0,2336.0,0.233,2024,6,2
2024-06-02 07:25:00+00:00,2337.0,2337.0,2336.0,2336.0,0.4674,2024,6,2
2024-06-02 07:30:00+00:00,2336.0,2339.0,2336.0,2336.0,1.1636,2024,6,2
2024-06-02 07:35:00+00:00,2335.0,2335.0,2334.0,2334.0,0.1601,2024,6,2
2024-06-02 07:40:00+00:00,2335.0,2336.0,2335.0,2336.0,0.0343,2024,6,2
2024-06-02 07:45:00+00:00,2335.0,2336.0,2335.0,2336.0,0.0254,2024,6,2
2024-06-02 07:50:00+00:00,2335.0,2336.0,2334.0,2335.0,0.4852,2024,6,2
2024-06-02 07:55:00+00:00,2335.0,2336.0,2334.0,2335.0,2.0038,2024,6,2
2024-06-02 08:00:00+00:00,2336.0,2336.0,2335.0,2335.0,0.168,2024,6,2
2024-06-02 08:05:00+00:00,2335.0,2335.0,2335.0,2335.0,0.1285,2024,6,2
2024-06-02 08:10:00+00:00,2335.0,2335.0,2334.0,2334.0,0.9055,2024,6,2
2024-06-02 08:15:00+00:00,2335.0,2336.0,2334.0,2335.0,0.3005,2024,6,2
2024-06-02 08:20:00+00:00,2335.0,2335.0,2335.0,2335.0,0.0026,2024,6,2
2024-06-02 08:25:00+00:00,2335.0,2335.0,2335.0,2335.0,0.0887,2024,6,2
2024-06-02 08:30:00+00:00,2336.0,2336.0,2334.0,2336.0,0.7319,2024,6,2
2024-06-02 08:35:00+00:00,2336.0,2336.0,2336.0,2336.0,0.022,2024,6,2
2024-06-02 08:40:00+00:00,2335.0,2343.0,2335.0,2343.0,27.4521,2024,6,2
2024-06-02 08:45:00+00:00,2343.0,2343.0,2341.0,2341.0,2.5736,2024,6,2
2024-06-02 08:50:00+00:00,2342.0,2342.0,2342.0,2342.0,0.0311,2024,6,2
2024-06-02 08:55:00+00:00,2343.0,2344.0,2342.0,2344.0,0.1524,2024,6,2
2024-06-02 09:00:00+00:00,2343.0,2343.0,2341.0,2343.0,1.2919,2024,6,2
2024-06-02 09:05:00+00:00,2343.0,2343.0,2341.0,2341.0,0.3176,2024,6,2
2024-06-02 09:10:00+00:00,2343.0,2343.0,2341.0,2343.0,0.567,2024,6,2
2024-06-02 09:15:00+00:00,2342.0,2344.0,2342.0,2343.0,0.2503,2024,6,2
2024-06-02 09:20:00+00:00,2344.0,2344.0,2342.0,2342.0,0.4755,2024,6,2
2024-06-02 09:25:00+00:00,2342.0,2343.0,2342.0,2342.0,0.1538,2024,6,2
2024-06-02 09:30:00+00:00,2342.0,2343.0,2341.0,2343.0,1.173,2024,6,2
2024-06-02 09:35:00+00:00,2342.0,2342.0,2342.0,2342.0,0.0571,2024,6,2
2024-06-02 09:40:00+00:00,2342.0,2343.0,2342.0,2342.0,0.1158,2024,6,2
2024-06-02 09:45:00+00:00,2342.0,2343.0,2341.0,2342.0,1.3281,2024,6,2
2024-06-02 09:50:00+00:00,2342.0,2342.0,2335.0,2336.0,21.4704,2024,6,2
2024-06-02 09:55:00+00:00,2336.0,2339.0,2336.0,2338.0,0.7778,2024,6,2
2024-06-02 10:00:00+00:00,2338.0,2338.0,2337.0,2337.0,0.0595,2024,6,2
2024-06-02 10:05:00+00:00,2338.0,2339.0,2338.0,2338.0,0.2099,2024,6,2
2024-06-02 10:10:00+00:00,2339.0,2339.0,2336.0,2336.0,0.6774,2024,6,2
2024-06-02 10:15:00+00:00,2337.0,2340.0,2336.0,2339.0,0.8136,2024,6,2
2024-06-02 10:20:00+00:00,2339.0,2342.0,2338.0,2340.0,0.8952,2024,6,2
2024-06-02 10:25:00+00:00,2340.0,2345.0,2340.0,2342.0,7.0833,2024,6,2
2024-06-02 10:30:00+00:00,2341.0,2341.0,2339.0,2339.0,0.5646,2024,6,2
2024-06-02 10:35:00+00:00,2340.0,2341.0,2336.0,2338.0,0.9593,2024,6,2
2024-06-02 10:40:00+00:00,2339.0,2339.0,2338.0,2338.0,0.1211,2024,6,2
2024-06-02 10:45:00+00:00,2338.0,2341.0,2336.0,2341.0,1.0071,2024,6,2
2024-06-02 10:50:00+00:00,2341.0,2341.0,2341.0,2341.0,0.0085,2024,6,2
2024-06-02 10:55:00+00:00,2341.0,2342.0,2341.0,2342.0,0.2386,2024,6,2
2024-06-02 11:00:00+00:00,2341.0,2341.0,2340.0,2341.0,0.0259,2024,6,2
2024-06-02 11:05:00+00:00,2340.0,2340.0,2338.0,2339.0,0.3778,2024,6,2
2024-06-02 11:10:00+00:00,2340.0,2340.0,2338.0,2338.0,1.2067,2024,6,2
2024-06-02 11:15:00+00:00,2340.0,2342.0,2340.0,2341.0,0.8894,2024,6,2
2024-06-02 11:20:00+00:00,2340.0,2341.0,2340.0,2340.0,0.0289,2024,6,2
2024-06-02 11:25:00+00:00,2341.0,2341.0,2339.0,2339.0,0.1164,2024,6,2
2024-06-02 11:30:00+00:00,2341.0,2341.0,2341.0,2341.0,0.0093,2024,6,2
2024-06-02 11:35:00+00:00,2341.0,2341.0,2341.0,2341.0,0.0527,2024,6,2
2024-06-02 11:40:00+00:00,2341.0,2341.0,2341.0,2341.0,0.0044,2024,6,2
2024-06-02 11:45:00+00:00,2340.0,2342.0,2340.0,2342.0,0.5022,2024,6,2
2024-06-02 11:50:00+00:00,2341.0,2342.0,2340.0,2341.0,1.0371,2024,6,2
2024-06-02 11:55:00+00:00,2342.0,2342.0,2341.0,2342.0,0.0798,2024,6,2
2024-06-02 12:00:00+00:00,2342.0,2342.0,2342.0,2342.0,0.0099,2024,6,2
2024-06-02 12:05:00+00:00,2343.0,2343.0,2343.0,2343.0,0.1872,2024,6,2
2024-06-02 12:10:00+00:00,2342.0,2343.0,2342.0,2342.0,0.2626,2024,6,2
2024-06-02 12:15:00+00:00,2343.0,2343.0,2342.0,2343.0,0.9337,2024,6,2
2024-06-02 12:20:00+00:00,2343.0,2344.0,2343.0,2344.0,0.1084,2024,6,2
2024-06-02 12:25:00+00:00,2343.0,2344.0,2343.0,2343.0,0.5609,2024,6,2
2024-06-02 12:30:00+00:00,2343.0,2343.0,2340.0,2341.0,0.5669,2024,6,2
2024-06-02 12:35:00+00:00,2340.0,2340.0,2340.0,2340.0,0.0063,2024,6,2
2024-06-02 12:40:00+00:00,2340.0,2342.0,2339.0,2340.0,0.6501,2024,6,2
2024-06-02 12:45:00+00:00,2339.0,2341.0,2339.0,2339.0,0.0245,2024,6,2
2024-06-02 12:50:00+00:00,2340.0,2341.0,2339.0,2339.0,0.2604,2024,6,2
2024-06-02 12:55:00+00:00,2340.0,2340.0,2339.0,2340.0,0.1069,2024,6,2
2024-06-02 13:00:00+00:00,2339.0,2341.0,2339.0,2340.0,0.1357,2024,6,2
2024-06-02 13:05:00+00:00,2339.0,2341.0,2339.0,2339.0,0.3053,2024,6,2
2024-06-02 13:10:00+00:00,2339.0,2340.0,2338.0,2338.0,0.6929,2024,6,2
2024-06-02 13:15:00+00:00,2339.0,2340.0,2339.0,2340.0,0.0618,2024,6,2
2024-06-02 13:20:00+00:00,2339.0,2340.0,2338.0,2339.0,0.1331,2024,6,2
2024-06-02 13:25:00+00:00,2339.0,2339.0,2337.0,2338.0,0.1534,2024,6,2
2024-06-02 13:30:00+00:00,2338.0,2338.0,2338.0,2338.0,0.2002,2024,6,2
2024-06-02 13:35:00+00:00,2338.0,2340.0,2338.0,2338.0,0.0799,2024,6,2
2024-06-02 13:40:00+00:00,2339.0,2339.0,2336.0,2338.0,2.4115,2024,6,2
2024-06-02 13:45:00+00:00,2338.0,2339.0,2337.0,2339.0,0.0655,2024,6,2
2024-06-02 13:50:00+00:00,2338.0,2339.0,2336.0,2337.0,1.0327,2024,6,2
2024-06-02 13:55:00+00:00,2338.0,2339.0,2337.0,2337.0,0.303,2024,6,2
2024-06-02 14:00:00+00:00,2337.0,2339.0,2337.0,2337.0,0.4069,2024,6,2
2024-06-02 14:05:00+00:00,2337.0,2338.0,2336.0,2337.0,0.2886,2024,6,2
2024-06-02 14:10:00+00:00,2337.0,2339.0,2336.0,2337.0,0.3024,2024,6,2
2024-06-02 14:15:00+00:00,2337.0,2339.0,2336.0,2339.0,0.174,2024,6,2
2024-06-02 14:20:00+00:00,2338.0,2339.0,2337.0,2337.0,0.1139,2024,6,2
2024-06-02 14:25:00+00:00,2338.0,2343.0,2338.0,2341.0,5.4322,2024,6,2
2024-06-02 14:30:00+00:00,2342.0,2346.0,2342.0,2343.0,7.5316,2024,6,2
2024-06-02 14:35:00+00:00,2344.0,2347.0,2343.0,2345.0,3.8154,2024,6,2
2024-06-02 14:40:00+00:00,2345.0,2345.0,2343.0,2343.0,0.5121,2024,6,2
2024-06-02 14:45:00+00:00,2343.0,2344.0,2342.0,2342.0,0.2544,2024,6,2
2024-06-02 14:50:00+00:00,2342.0,2342.0,2341.0,2341.0,0.109,2024,6,2
2024-06-02 14:55:00+00:00,2343.0,2345.0,2341.0,2342.0,1.3606,2024,6,2
2024-06-02 15:00:00+00:00,2342.0,2342.0,2341.0,2341.0,0.2809,2024,6,2
2024-06-02 15:05:00+00:00,2341.0,2343.0,2341.0,2342.0,0.223,2024,6,2
2024-06-02 15:10:00+00:00,2342.0,2343.0,2340.0,2341.0,0.3063,2024,6,2
2024-06-02 15:15:00+00:00,2341.0,2343.0,2340.0,2342.0,0.5258,2024,6,2
2024-06-02 15:20:00+00:00,2343.0,2345.0,2343.0,2343.0,0.5888,2024,6,2
2024-06-02 15:25:00+00:00,2344.0,2348.0,2342.0,2345.0,4.5753,2024,6,2
2024-06-02 15:30:00+00:00,2345.0,2346.0,2344.0,2344.0,0.1917,2024,6,2
2024-06-02 15:35:00+00:00,2344.0,2346.0,2343.0,2345.0,0.2478,2024,6,2
2024-06-02 15:40:00+00:00,2344.0,2345.0,2343.0,2343.0,0.2046,2024,6,2
2024-06-02 15:45:00+00:00,2343.0,2345.0,2342.0,2343.0,0.1192,2024,6,2
2024-06-02 15:50:00+00:00,2343.0,2345.0,2342.0,2343.0,0.3846,2024,6,2
2024-06-02 15:55:00+00:00,2342.0,2351.0,2342.0,2350.0,36.8324,2024,6,2
2024-06-02 16:00:00+00:00,2348.0,2351.0,2344.0,2347.0,8.634,2024,6,2
2024-06-02 16:05:00+00:00,2347.0,2348.0,2345.0,2346.0,1.4083,2024,6,2
2024-06-02 16:10:00+00:00,2346.0,2347.0,2345.0,2345.0,0.6304,2024,6,2
2024-06-02 16:15:00+00:00,2346.0,2346.0,2343.0,2343.0,0.4248,2024,6,2
2024-06-02 16:20:00+00:00,2344.0,2346.0,2342.0,2342.0,1.5626,2024,6,2
2024-06-02 16:25:00+00:00,2342.0,2344.0,2341.0,2344.0,0.6074,2024,6,2
2024-06-02 16:30:00+00:00,2344.0,2347.0,2343.0,2345.0,1.3712,2024,6,2
2024-06-02 16:35:00+00:00,2346.0,2351.0,2344.0,2347.0,4.3124,2024,6,2
2024-06-02 16:40:00+00:00,2346.0,2351.0,2346.0,2348.0,3.7653,2024,6,2
2024-06-02 16:45:00+00:00,2350.0,2351.0,2346.0,2346.0,2.7299,2024,6,2
2024-06-02 16:50:00+00:00,2346.0,2347.0,2344.0,2344.0,0.3345,2024,6,2
2024-06-02 16:55:00+00:00,2346.0,2346.0,2343.0,2343.0,0.3399,2024,6,2
2024-06-02 17:00:00+00:00,2344.0,2345.0,2343.0,2344.0,0.6081,2024,6,2
2024-06-02 17:05:00+00:00,2345.0,2347.0,2344.0,2345.0,0.6031,2024,6,2
2024-06-02 17:10:00+00:00,2346.0,2350.0,2346.0,2350.0,4.1142,2024,6,2
2024-06-02 17:15:00+00:00,2349.0,2351.0,2346.0,2347.0,4.3502,2024,6,2
2024-06-02 17:20:00+00:00,2347.0,2347.0,2342.0,2343.0,0.4371,2024,6,2
2024-06-02 17:25:00+00:00,2342.0,2344.0,2342.0,2342.0,0.5237,2024,6,2
2024-06-02 17:30:00+00:00,2342.0,2344.0,2342.0,2342.0,0.4745,2024,6,2
2024-06-02 17:35:00+00:00,2342.0,2344.0,2342.0,2342.0,0.2426,2024,6,2
2024-06-02 17:40:00+00:00,2342.0,2345.0,2342.0,2343.0,0.4213,2024,6,2
2024-06-02 17:45:00+00:00,2343.0,2344.0,2341.0,2342.0,0.4425,2024,6,2
2024-06-02 17:50:00+00:00,2342.0,2344.0,2341.0,2344.0,1.5331,2024,6,2
2024-06-02 17:55:00+00:00,2344.0,2344.0,2342.0,2342.0,0.4763,2024,6,2
2024-06-02 18:00:00+00:00,2342.0,2343.0,2342.0,2342.0,0.7011,2024,6,2
2024-06-02 18:05:00+00:00,2342.0,2343.0,2342.0,2342.0,0.4716,2024,6,2
2024-06-02 18:10:00+00:00,2343.0,2344.0,2342.0,2342.0,0.1904,2024,6,2
2024-06-02 18:15:00+00:00,2342.0,2344.0,2341.0,2343.0,4.7902,2024,6,2
2024-06-02 18:20:00+00:00,2343.0,2343.0,2341.0,2342.0,0.2558,2024,6,2
2024-06-02 18:25:00+00:00,2342.0,2342.0,2340.0,2342.0,0.4526,2024,6,2
2024-06-02 18:30:00+00:00,2342.0,2343.0,2341.0,2341.0,0.3227,2024,6,2
2024-06-02 18:35:00+00:00,2341.0,2342.0,2341.0,2341.0,0.0509,2024,6,2
2024-06-02 18:40:00+00:00,2341.0,2342.0,2341.0,2341.0,0.1163,2024,6,2
2024-06-02 18:45:00+00:00,2342.0,2342.0,2341.0,2341.0,0.2635,2024,6,2
2024-06-02 18:50:00+00:00,2341.0,2342.0,2341.0,2342.0,0.3823,2024,6,2
2024-06-02 18:55:00+00:00,2342.0,2342.0,2337.0,2339.0,7.6625,2024,6,2
2024-06-02 19:00:00+00:00,2339.0,2341.0,2337.0,2339.0,1.1272,2024,6,2
2024-06-02 19:05:00+00:00,2338.0,2344.0,2337.0,2340.0,2.7394,2024,6,2
2024-06-02 19:10:00+00:00,2340.0,2341.0,2339.0,2341.0,0.2142,2024,6,2
2024-06-02 19:15:00+00:00,2341.0,2341.0,2339.0,2340.0,0.606,2024,6,2
2024-06-02 19:20:00+00:00,2339.0,2340.0,2338.0,2338.0,0.3569,2024,6,2
2024-06-02 19:25:00+00:00,2338.0,2340.0,2338.0,2339.0,0.5,2024,6,2
2024-06-02 19:30:00+00:00,2339.0,2340.0,2337.0,2340.0,0.3921,2024,6,2
2024-06-02 19:35:00+00:00,2338.0,2341.0,2338.0,2339.0,0.8005,2024,6,2
2024-06-02 19:40:00+00:00,2339.0,2340.0,2339.0,2339.0,0.1512,2024,6,2
2024-06-02 19:45:00+00:00,2339.0,2340.0,2339.0,2339.0,0.094,2024,6,2
2024-06-02 19:50:00+00:00,2339.0,2340.0,2338.0,2340.0,0.1234,2024,6,2
2024-06-02 19:55:00+00:00,2339.0,2340.0,2338.0,2339.0,0.0633,2024,6,2
2024-06-02 20:00:00+00:00,2339.0,2339.0,2338.0,2338.0,0.2052,2024,6,2
2024-06-02 20:05:00+00:00,2338.0,2340.0,2337.0,2338.0,0.3818,2024,6,2
2024-06-02 20:10:00+00:00,2338.0,2340.0,2338.0,2338.0,0.2214,2024,6,2
2024-06-02 20:15:00+00:00,2338.0,2340.0,2338.0,2339.0,0.3152,2024,6,2
2024-06-02 20:20:00+00:00,2339.0,2341.0,2338.0,2341.0,1.2671,2024,6,2
2024-06-02 20:25:00+00:00,2341.0,2342.0,2341.0,2342.0,0.4318,2024,6,2
2024-06-02 20:30:00+00:00,2341.0,2342.0,2341.0,2341.0,0.0694,2024,6,2
2024-06-02 20:35:00+00:00,2342.0,2343.0,2341.0,2341.0,0.208,2024,6,2
2024-06-02 20:40:00+00:00,2341.0,2342.0,2341.0,2341.0,0.1041,2024,6,2
2024-06-02 20:45:00+00:00,2341.0,2342.0,2341.0,2342.0,0.0382,2024,6,2
2024-06-02 20:50:00+00:00,2342.0,2345.0,2342.0,2342.0,1.5652,2024,6,2
2024-06-02 20:55:00+00:00,2342.0,2348.0,2342.0,2346.0,6.3642,2024,6,2
2024-06-02 21:00:00+00:00,2345.0,2348.0,2345.0,2347.0,1.8193,2024,6,2
2024-06-02 21:05:00+00:00,2346.0,2348.0,2346.0,2346.0,0.3773,2024,6,2
2024-06-02 21:10:00+00:00,2347.0,2347.0,2346.0,2346.0,0.3191,2024,6,2
2024-06-02 21:15:00+00:00,2346.0,2347.0,2346.0,2346.0,0.3151,2024,6,2
2024-06-02 21:20:00+00:00,2345.0,2346.0,2345.0,2346.0,0.0232,2024,6,2
2024-06-02 21:25:00+00:00,2345.0,2346.0,2345.0,2346.0,0.0388,2024,6,2
2024-06-02 21:30:00+00:00,2345.0,2346.0,2344.0,2344.0,0.054,2024,6,2
2024-06-02 21:35:00+00:00,2345.0,2345.0,2344.0,2344.0,0.1071,2024,6,2
2024-06-02 21:40:00+00:00,2344.0,2344.0,2342.0,2344.0,1.0976,2024,6,2
2024-06-02 21:45:00+00:00,2343.0,2345.0,2342.0,2344.0,0.6577,2024,6,2
2024-06-02 21:50:00+00:00,2344.0,2344.0,2344.0,2344.0,0.0059,2024,6,2
2024-06-02 21:55:00+00:00,2343.0,2343.0,2340.0,2342.0,9.3344,2024,6,2
2024-06-02 22:00:00+00:00,2342.0,2343.0,2342.0,2343.0,0.1522,2024,6,2
2024-06-02 22:05:00+00:00,2341.0,2342.0,2338.0,2340.0,4.2237,2024,6,2
2024-06-02 22:10:00+00:00,2342.0,2342.0,2337.0,2342.0,13.4671,2024,6,2
2024-06-02 22:15:00+00:00,2340.0,2342.0,2340.0,2342.0,0.1229,2024,6,2
2024-06-02 22:20:00+00:00,2341.0,2341.0,2336.0,2337.0,3.749,2024,6,2
2024-06-02 22:25:00+00:00,2338.0,2338.0,2337.0,2337.0,0.028,2024,6,2
2024-06-02 22:30:00+00:00,2338.0,2342.0,2336.0,2338.0,7.3149,2024,6,2
2024-06-02 22:35:00+00:00,2337.0,2338.0,2337.0,2338.0,0.0596,2024,6,2
2024-06-02 22:40:00+00:00,2338.0,2338.0,2337.0,2337.0,0.1029,2024,6,2
2024-06-02 22:45:00+00:00,2338.0,2339.0,2337.0,2339.0,2.4126,2024,6,2
2024-06-02 22:50:00+00:00,2340.0,2340.0,2338.0,2340.0,0.6845,2024,6,2
2024-06-02 22:55:00+00:00,2340.0,2344.0,2340.0,2341.0,9.3925,2024,6,2
2024-06-02 23:00:00+00:00,2341.0,2345.0,2341.0,2345.0,0.9511,2024,6,2
2024-06-02 23:05:00+00:00,2345.0,2345.0,2345.0,2345.0,0.0,2024,6,2
2024-06-02 23:10:00+00:00,2344.0,2345.0,2344.0,2344.0,0.1058,2024,6,2
2024-06-02 23:15:00+00:00,2344.0,2345.0,2342.0,2342.0,2.3101,2024,6,2
2024-06-02 23:20:00+00:00,2342.0,2342.0,2333.0,2335.0,20.6789,2024,6,2
2024-06-02 23:25:00+00:00,2335.0,2336.0,2335.0,2335.0,0.016,2024,6,2
2024-06-02 23:30:00+00:00,2335.0,2335.0,2335.0,2335.0,0.1737,2024,6,2
2024-06-02 23:35:00+00:00,2334.0,2335.0,2334.0,2334.0,0.0359,2024,6,2
2024-06-02 23:40:00+00:00,2334.0,2334.0,2334.0,2334.0,0.147,2024,6,2
2024-06-02 23:45:00+00:00,2334.0,2335.0,2334.0,2335.0,0.0103,2024,6,2
2024-06-02 23:50:00+00:00,2335.0,2335.0,2334.0,2335.0,0.0482,2024,6,2
2024-06-02 23:55:00+00:00,2335.0,2335.0,2334.0,2335.0,0.0972,2024,6,2
2024-06-03 00:00:00+00:00,2335.0,2335.0,2334.0,2334.0,0.8599,2024,6,3
2024-06-03 00:05:00+00:00,2335.0,2335.0,2335.0,2335.0,0.0106,2024,6,3
2024-06-03 00:10:00+00:00,2334.0,2336.0,2334.0,2335.0,0.5429,2024,6,3
2024-06-03 00:15:00+00:00,2336.0,2337.0,2335.0,2337.0,2.5714,2024,6,3
2024-06-03 00:20:00+00:00,2337.0,2337.0,2335.0,2335.0,0.1037,2024,6,3
2024-06-03 00:25:00+00:00,2336.0,2336.0,2331.0,2331.0,6.6611,2024,6,3
2024-06-03 00:30:00+00:00,2333.0,2333.0,2332.0,2332.0,0.3614,2024,6,3
2024-06-03 00:35:00+00:00,2332.0,2333.0,2332.0,2333.0,1.0577,2024,6,3
2024-06-03 00:40:00+00:00,2333.0,2333.0,2332.0,2332.0,0.9186,2024,6,3
2024-06-03 00:45:00+00:00,2332.0,2334.0,2332.0,2334.0,0.2514,2024,6,3
2024-06-03 00:50:00+00:00,2334.0,2334.0,2333.0,2334.0,0.7415,2024,6,3
2024-06-03 00:55:00+00:00,2334.0,2334.0,2332.0,2332.0,0.0929,2024,6,3
2024-06-03 01:00:00+00:00,2334.0,2334.0,2333.0,2334.0,0.0451,2024,6,3
2024-06-03 01:05:00+00:00,2334.0,2335.0,2333.0,2335.0,0.3839,2024,6,3
2024-06-03 01:10:00+00:00,2334.0,2336.0,2333.0,2336.0,0.5215,2024,6,3
2024-06-03 01:15:00+00:00,2336.0,2336.0,2335.0,2336.0,0.0993,2024,6,3
2024-06-03 01:20:00+00:00,2336.0,2337.0,2336.0,2337.0,0.204,2024,6,3
2024-06-03 01:25:00+00:00,2337.0,2339.0,2337.0,2339.0,0.2334,2024,6,3
2024-06-03 01:30:00+00:00,2339.0,2339.0,2339.0,2339.0,0.0784,2024,6,3
2024-06-03 01:35:00+00:00,2338.0,2339.0,2332.0,2336.0,10.6674,2024,6,3
2024-06-03 01:40:00+00:00,2336.0,2337.0,2335.0,2337.0,0.0476,2024,6,3
2024-06-03 01:45:00+00:00,2335.0,2336.0,2335.0,2336.0,0.1138,2024,6,3
2024-06-03 01:50:00+00:00,2336.0,2338.0,2336.0,2338.0,0.9794,2024,6,3
2024-06-03 01:55:00+00:00,2337.0,2338.0,2337.0,2337.0,0.1197,2024,6,3
2024-06-03 02:00:00+00:00,2338.0,2340.0,2338.0,2340.0,0.1237,2024,6,3
2024-06-03 02:05:00+00:00,2340.0,2340.0,2340.0,2340.0,0.0,2024,6,3
2024-06-03 02:10:00+00:00,2339.0,2340.0,2339.0,2340.0,0.3257,2024,6,3
2024-06-03 02:15:00+00:00,2340.0,2341.0,2340.0,2341.0,0.2664,2024,6,3
2024-06-03 02:20:00+00:00,2341.0,2341.0,2341.0,2341.0,0.0097,2024,6,3
2024-06-03 02:25:00+00:00,2340.0,2342.0,2340.0,2342.0,0.432,2024,6,3
2024-06-03 02:30:00+00:00,2342.0,2342.0,2341.0,2341.0,0.0382,2024,6,3
2024-06-03 02:35:00+00:00,2341.0,2341.0,2337.0,2337.0,2.3928,2024,6,3
2024-06-03 02:40:00+00:00,2337.0,2339.0,2337.0,2339.0,0.3037,2024,6,3
2024-06-03 02:45:00+00:00,2339.0,2339.0,2338.0,2339.0,0.0563,2024,6,3
2024-06-03 02:50:00+00:00,2339.0,2339.0,2338.0,2338.0,0.1876,2024,6,3
2024-06-03 02:55:00+00:00,2339.0,2339.0,2338.0,2339.0,0.0619,2024,6,3
2024-06-03 03:00:00+00:00,2339.0,2339.0,2335.0,2335.0,0.8491,2024,6,3
2024-06-03 03:05:00+00:00,2335.0,2335.0,2334.0,2335.0,0.2239,2024,6,3
2024-06-03 03:10:00+00:00,2335.0,2335.0,2335.0,2335.0,0.1182,2024,6,3
2024-06-03 03:15:00+00:00,2335.0,2336.0,2334.0,2336.0,0.3865,2024,6,3
2024-06-03 03:20:00+00:00,2334.0,2335.0,2334.0,2335.0,0.1398,2024,6,3
2024-06-03 03:25:00+00:00,2335.0,2335.0,2335.0,2335.0,0.1225,2024,6,3
2024-06-03 03:30:00+00:00,2335.0,2335.0,2335.0,2335.0,0.0869,2024,6,3
2024-06-03 03:35:00+00:00,2335.0,2335.0,2334.0,2334.0,0.1679,2024,6,3
2024-06-03 03:40:00+00:00,2335.0,2335.0,2334.0,2335.0,0.0908,2024,6,3
2024-06-03 03:45:00+00:00,2335.0,2335.0,2335.0,2335.0,0.0841,2024,6,3
2024-06-03 03:50:00+00:00,2335.0,2335.0,2332.0,2334.0,0.5088,2024,6,3
2024-06-03 03:55:00+00:00,2335.0,2335.0,2334.0,2335.0,0.0706,2024,6,3
2024-06-03 04:00:00+00:00,2334.0,2334.0,2333.0,2333.0,0.2312,2024,6,3
2024-06-03 04:05:00+00:00,2333.0,2334.0,2333.0,2334.0,0.6722,2024,6,3
2024-06-03 04:10:00+00:00,2334.0,2334.0,2333.0,2334.0,0.2996,2024,6,3
2024-06-03 04:15:00+00:00,2334.0,2334.0,2333.0,2333.0,0.0443,2024,6,3
2024-06-03 04:20:00+00:00,2333.0,2334.0,2333.0,2333.0,0.0482,2024,6,3
2024-06-03 04:25:00+00:00,2333.0,2334.0,2331.0,2332.0,6.9642,2024,6,3
2024-06-03 04:30:00+00:00,2332.0,2336.0,2332.0,2335.0,1.5003,2024,6,3
2024-06-03 04:35:00+00:00,2335.0,2335.0,2334.0,2334.0,0.0481,2024,6,3
2024-06-03 04:40:00+00:00,2333.0,2334.0,2333.0,2333.0,0.1322,2024,6,3
2024-06-03 04:45:00+00:00,2334.0,2337.0,2330.0,2336.0,3.3101,2024,6,3
2024-06-03 04:50:00+00:00,2335.0,2337.0,2335.0,2336.0,1.4227,2024,6,3
2024-06-03 04:55:00+00:00,2335.0,2353.0,2335.0,2343.0,70.6317,2024,6,3
2024-06-03 05:00:00+00:00,2343.0,2344.0,2332.0,2336.0,41.0698,2024,6,3
2024-06-03 05:05:00+00:00,2337.0,2337.0,2330.0,2332.0,10.1282,2024,6,3
2024-06-03 05:10:00+00:00,2331.0,2334.0,2331.0,2334.0,2.9189,2024,6,3
2024-06-03 05:15:00+00:00,2334.0,2334.0,2333.0,2334.0,0.6187,2024,6,3
2024-06-03 05:20:00+00:00,2334.0,2336.0,2334.0,2336.0,0.5334,2024,6,3
2024-06-03 05:25:00+00:00,2335.0,2336.0,2335.0,2336.0,0.4003,2024,6,3
2024-06-03 05:30:00+00:00,2337.0,2337.0,2336.0,2337.0,0.151,2024,6,3
2024-06-03 05:35:00+00:00,2337.0,2337.0,2336.0,2337.0,0.3452,2024,6,3
2024-06-03 05:40:00+00:00,2336.0,2336.0,2333.0,2333.0,1.0171,2024,6,3
2024-06-03 05:45:00+00:00,2335.0,2335.0,2332.0,2332.0,0.9446,2024,6,3
2024-06-03 05:50:00+00:00,2332.0,2334.0,2332.0,2334.0,0.9921,2024,6,3
2024-06-03 05:55:00+00:00,2332.0,2332.0,2327.0,2328.0,11.479,2024,6,3
2024-06-03 06:00:00+00:00,2328.0,2329.0,2325.0,2327.0,8.2322,2024,6,3
2024-06-03 06:05:00+00:00,2326.0,2329.0,2325.0,2328.0,1.7426,2024,6,3
2024-06-03 06:10:00+00:00,2327.0,2330.0,2327.0,2329.0,1.7386,2024,6,3
2024-06-03 06:15:00+00:00,2328.0,2328.0,2327.0,2328.0,0.9714,2024,6,3
2024-06-03 06:20:00+00:00,2327.0,2334.0,2327.0,2331.0,7.3614,2024,6,3
2024-06-03 06:25:00+00:00,2330.0,2335.0,2328.0,2332.0,8.7661,2024,6,3
2024-06-03 06:30:00+00:00,2332.0,2336.0,2329.0,2329.0,3.3364,2024,6,3
2024-06-03 06:35:00+00:00,2329.0,2332.0,2328.0,2330.0,1.8744,2024,6,3
2024-06-03 06:40:00+00:00,2331.0,2334.0,2328.0,2333.0,3.578,2024,6,3
2024-06-03 06:45:00+00:00,2334.0,2334.0,2329.0,2329.0,5.5395,2024,6,3
2024-06-03 06:50:00+00:00,2332.0,2333.0,2329.0,2329.0,1.7296,2024,6,3
2024-06-03 06:55:00+00:00,2329.0,2335.0,2327.0,2328.0,19.2946,2024,6,3
2024-06-03 07:00:00+00:00,2328.0,2331.0,2327.0,2330.0,1.9595,2024,6,3
2024-06-03 07:05:00+00:00,2331.0,2332.0,2330.0,2332.0,0.5618,2024,6,3
2024-06-03 07:10:00+00:00,2332.0,2332.0,2329.0,2330.0,0.8696,2024,6,3
2024-06-03 07:15:00+00:00,2332.0,2332.0,2329.0,2332.0,0.5534,2024,6,3
2024-06-03 07:20:00+00:00,2332.0,2332.0,2330.0,2331.0,1.9526,2024,6,3
2024-06-03 07:25:00+00:00,2330.0,2332.0,2329.0,2332.0,3.8834,2024,6,3
2024-06-03 07:30:00+00:00,2332.0,2332.0,2329.0,2332.0,0.3748,2024,6,3
2024-06-03 07:35:00+00:00,2332.0,2333.0,2330.0,2332.0,0.3225,2024,6,3
2024-06-03 07:40:00+00:00,2332.0,2332.0,2329.0,2331.0,0.5923,2024,6,3
2024-06-03 07:45:00+00:00,2330.0,2331.0,2329.0,2330.0,0.3399,2024,6,3
2024-06-03 07:50:00+00:00,2331.0,2335.0,2329.0,2332.0,1.8169,2024,6,3
2024-06-03 07:55:00+00:00,2332.0,2333.0,2327.0,2329.0,4.0672,2024,6,3
2024-06-03 08:00:00+00:00,2331.0,2332.0,2328.0,2330.0,2.2597,2024,6,3
2024-06-03 08:05:00+00:00,2330.0,2331.0,2329.0,2331.0,0.6749,2024,6,3
2024-06-03 08:10:00+00:00,2332.0,2335.0,2330.0,2330.0,3.1804,2024,6,3
2024-06-03 08:15:00+00:00,2333.0,2336.0,2330.0,2334.0,1.1799,2024,6,3
2024-06-03 08:20:00+00:00,2334.0,2335.0,2330.0,2334.0,0.5858,2024,6,3
2024-06-03 08:25:00+00:00,2334.0,2335.0,2333.0,2335.0,0.1759,2024,6,3
2024-06-03 08:30:00+00:00,2335.0,2336.0,2334.0,2334.0,0.5735,2024,6,3
2024-06-03 08:35:00+00:00,2334.0,2335.0,2334.0,2335.0,0.6841,2024,6,3
2024-06-03 08:40:00+00:00,2334.0,2334.0,2330.0,2333.0,1.8682,2024,6,3
2024-06-03 08:45:00+00:00,2332.0,2333.0,2332.0,2332.0,0.225,2024,6,3
2024-06-03 08:50:00+00:00,2331.0,2332.0,2331.0,2332.0,0.2705,2024,6,3
2024-06-03 08:55:00+00:00,2331.0,2331.0,2331.0,2331.0,0.0597,2024,6,3
2024-06-03 09:00:00+00:00,2332.0,2332.0,2327.0,2329.0,9.5929,2024,6,3
2024-06-03 09:05:00+00:00,2329.0,2331.0,2328.0,2330.0,0.6163,2024,6,3
2024-06-03 09:10:00+00:00,2330.0,2331.0,2329.0,2331.0,8.2896,2024,6,3
2024-06-03 09:15:00+00:00,2332.0,2333.0,2332.0,2333.0,1.3472,2024,6,3
2024-06-03 09:20:00+00:00,2332.0,2333.0,2332.0,2333.0,0.3683,2024,6,3
2024-06-03 09:25:00+00:00,2332.0,2334.0,2332.0,2333.0,4.5666,2024,6,3
2024-06-03 09:30:00+00:00,2333.0,2334.0,2332.0,2334.0,1.8021,2024,6,3
2024-06-03 09:35:00+00:00,2333.0,2334.0,2332.0,2332.0,0.6079,2024,6,3
2024-06-03 09:40:00+00:00,2333.0,2334.0,2332.0,2332.0,2.9846,2024,6,3
2024-06-03 09:45:00+00:00,2333.0,2335.0,2333.0,2335.0,0.6317,2024,6,3
2024-06-03 09:50:00+00:00,2335.0,2335.0,2333.0,2334.0,0.7769,2024,6,3
2024-06-03 09:55:00+00:00,2334.0,2334.0,2334.0,2334.0,0.0149,2024,6,3
2024-06-03 10:00:00+00:00,2333.0,2334.0,2333.0,2334.0,0.6421,2024,6,3
2024-06-03 10:05:00+00:00,2334.0,2334.0,2332.0,2333.0,0.2364,2024,6,3
2024-06-03 10:10:00+00:00,2333.0,2334.0,2333.0,2334.0,1.4353,2024,6,3
2024-06-03 10:15:00+00:00,2334.0,2334.0,2333.0,2333.0,0.1322,2024,6,3
2024-06-03 10:20:00+00:00,2334.0,2334.0,2333.0,2334.0,0.6734,2024,6,3
2024-06-03 10:25:00+00:00,2334.0,2334.0,2333.0,2334.0,0.5625,2024,6,3
2024-06-03 10:30:00+00:00,2333.0,2334.0,2333.0,2334.0,0.3498,2024,6,3
2024-06-03 10:35:00+00:00,2334.0,2334.0,2334.0,2334.0,0.1633,2024,6,3
2024-06-03 10:40:00+00:00,2334.0,2335.0,2333.0,2334.0,2.3867,2024,6,3
2024-06-03 10:45:00+00:00,2335.0,2335.0,2334.0,2334.0,0.3134,2024,6,3
2024-06-03 10:50:00+00:00,2334.0,2335.0,2333.0,2334.0,0.7652,2024,6,3
2024-06-03 10:55:00+00:00,2334.0,2335.0,2334.0,2334.0,0.3162,2024,6,3
2024-06-03 11:00:00+00:00,2335.0,2335.0,2334.0,2334.0,1.0224,2024,6,3
2024-06-03 11:05:00+00:00,2334.0,2335.0,2333.0,2334.0,2.086,2024,6,3
2024-06-03 11:10:00+00:00,2335.0,2336.0,2334.0,2335.0,0.8155,2024,6,3
2024-06-03 11:15:00+00:00,2335.0,2336.0,2333.0,2334.0,4.0672,2024,6,3
2024-06-03 11:20:00+00:00,2334.0,2335.0,2333.0,2333.0,0.4602,2024,6,3
2024-06-03 11:25:00+00:00,2334.0,2334.0,2333.0,2333.0,0.2328,2024,6,3
2024-06-03 11:30:00+00:00,2334.0,2336.0,2334.0,2335.0,0.1656,2024,6,3
2024-06-03 11:35:00+00:00,2335.0,2335.0,2334.0,2334.0,0.5075,2024,6,3
2024-06-03 11:40:00+00:00,2335.0,2335.0,2334.0,2334.0,0.0394,2024,6,3
2024-06-03 11:45:00+00:00,2334.0,2334.0,2333.0,2334.0,0.3838,2024,6,3
2024-06-03 11:50:00+00:00,2334.0,2334.0,2334.0,2334.0,0.0376,2024,6,3
2024-06-03 11:55:00+00:00,2333.0,2334.0,2333.0,2334.0,1.8299,2024,6,3
2024-06-03 12:00:00+00:00,2334.0,2339.0,2334.0,2339.0,8.632,2024,6,3
2024-06-03 12:05:00+00:00,2338.0,2338.0,2336.0,2336.0,0.5198,2024,6,3
2024-06-03 12:10:00+00:00,2336.0,2338.0,2335.0,2337.0,1.2204,2024,6,3
2024-06-03 12:15:00+00:00,2337.0,2337.0,2336.0,2337.0,0.5786,2024,6,3
2024-06-03 12:20:00+00:00,2336.0,2337.0,2336.0,2337.0,0.0351,2024,6,3
2024-06-03 12:25:00+00:00,2337.0,2337.0,2336.0,2336.0,0.3656,2024,6,3
2024-06-03 12:30:00+00:00,2336.0,2337.0,2336.0,2336.0,0.0407,2024,6,3
2024-06-03 12:35:00+00:00,2337.0,2338.0,2336.0,2338.0,0.3277,2024,6,3
2024-06-03 12:40:00+00:00,2338.0,2338.0,2336.0,2336.0,1.2211,2024,6,3
2024-06-03 12:45:00+00:00,2336.0,2337.0,2336.0,2337.0,0.0548,2024,6,3
2024-06-03 12:50:00+00:00,2337.0,2339.0,2336.0,2339.0,0.33,2024,6,3
2024-06-03 12:55:00+00:00,2339.0,2339.0,2338.0,2338.0,0.301,2024,6,3
2024-06-03 13:00:00+00:00,2338.0,2339.0,2337.0,2338.0,0.6752,2024,6,3
2024-06-03 13:05:00+00:00,2338.0,2338.0,2337.0,2337.0,0.5048,2024,6,3
2024-06-03 13:10:00+00:00,2338.0,2338.0,2335.0,2335.0,2.3065,2024,6,3
2024-06-03 13:15:00+00:00,2335.0,2339.0,2335.0,2339.0,6.6498,2024,6,3
2024-06-03 13:20:00+00:00,2339.0,2340.0,2338.0,2338.0,1.0873,2024,6,3
2024-06-03 13:25:00+00:00,2339.0,2339.0,2338.0,2339.0,0.2516,2024,6,3
2024-06-03 13:30:00+00:00,2339.0,2339.0,2338.0,2339.0,0.9907,2024,6,3
2024-06-03 13:35:00+00:00,2339.0,2339.0,2339.0,2339.0,0.1015,2024,6,3
2024-06-03 13:40:00+00:00,2338.0,2339.0,2338.0,2339.0,0.3282,2024,6,3
2024-06-03 13:45:00+00:00,2339.0,2340.0,2339.0,2339.0,2.8903,2024,6,3
2024-06-03 13:50:00+00:00,2340.0,2340.0,2338.0,2339.0,0.31,2024,6,3
2024-06-03 13:55:00+00:00,2339.0,2339.0,2338.0,2338.0,0.3068,2024,6,3
2024-06-03 14:00:00+00:00,2338.0,2342.0,2336.0,2338.0,14.9636,2024,6,3
2024-06-03 14:05:00+00:00,2338.0,2339.0,2337.0,2337.0,1.4861,2024,6,3
2024-06-03 14:10:00+00:00,2338.0,2342.0,2337.0,2341.0,2.7752,2024,6,3
2024-06-03 14:15:00+00:00,2340.0,2342.0,2337.0,2337.0,2.7683,2024,6,3
2024-06-03 14:20:00+00:00,2337.0,2338.0,2336.0,2337.0,0.8893,2024,6,3
2024-06-03 14:25:00+00:00,2337.0,2340.0,2336.0,2338.0,2.6854,2024,6,3
2024-06-03 14:30:00+00:00,2338.0,2338.0,2336.0,2337.0,9.8304,2024,6,3
2024-06-03 14:35:00+00:00,2337.0,2339.0,2335.0,2339.0,9.5386,2024,6,3
2024-06-03 14:40:00+00:00,2338.0,2340.0,2336.0,2339.0,10.246,2024,6,3
2024-06-03 14:45:00+00:00,2339.0,2340.0,2336.0,2337.0,4.6077,2024,6,3
2024-06-03 14:50:00+00:00,2337.0,2338.0,2336.0,2336.0,1.6815,2024,6,3
2024-06-03 14:55:00+00:00,2336.0,2339.0,2335.0,2338.0,11.0242,2024,6,3
2024-06-03 15:00:00+00:00,2338.0,2343.0,2337.0,2339.0,11.3227,2024,6,3
2024-06-03 15:05:00+00:00,2339.0,2341.0,2337.0,2341.0,1.5217,2024,6,3
2024-06-03 15:10:00+00:00,2340.0,2341.0,2339.0,2341.0,0.5687,2024,6,3
2024-06-03 15:15:00+00:00,2340.0,2341.0,2340.0,2341.0,0.0604,2024,6,3
2024-06-03 15:20:00+00:00,2341.0,2342.0,2340.0,2340.0,0.3866,2024,6,3
2024-06-03 15:25:00+00:00,2340.0,2340.0,2337.0,2337.0,1.6066,2024,6,3
2024-06-03 15:30:00+00:00,2338.0,2341.0,2338.0,2341.0,0.9434,2024,6,3
2024-06-03 15:35:00+00:00,2341.0,2341.0,2340.0,2340.0,1.6752,2024,6,3
2024-06-03 15:40:00+00:00,2340.0,2342.0,2340.0,2340.0,0.6024,2024,6,3
2024-06-03 15:45:00+00:00,2341.0,2341.0,2339.0,2341.0,0.4046,2024,6,3
2024-06-03 15:50:00+00:00,2340.0,2341.0,2340.0,2340.0,0.2915,2024,6,3
2024-06-03 15:55:00+00:00,2340.0,2341.0,2340.0,2340.0,0.26,2024,6,3
2024-06-03 16:00:00+00:00,2340.0,2341.0,2340.0,2341.0,0.1772,2024,6,3
2024-06-03 16:05:00+00:00,2341.0,2341.0,2340.0,2340.0,0.1047,2024,6,3
2024-06-03 16:10:00+00:00,2341.0,2342.0,2340.0,2340.0,3.0646,2024,6,3
2024-06-03 16:15:00+00:00,2341.0,2342.0,2341.0,2341.0,0.6019,2024,6,3
2024-06-03 16:20:00+00:00,2342.0,2342.0,2341.0,2341.0,0.0754,2024,6,3
2024-06-03 16:25:00+00:00,2341.0,2342.0,2341.0,2342.0,0.8466,2024,6,3
2024-06-03 16:30:00+00:00,2341.0,2343.0,2341.0,2342.0,10.9714,2024,6,3
2024-06-03 16:35:00+00:00,2343.0,2343.0,2342.0,2342.0,0.1407,2024,6,3
2024-06-03 16:40:00+00:00,2343.0,2343.0,2342.0,2343.0,0.3534,2024,6,3
2024-06-03 16:45:00+00:00,2343.0,2344.0,2343.0,2343.0,0.1806,2024,6,3
2024-06-03 16:50:00+00:00,2344.0,2345.0,2342.0,2342.0,5.8339,2024,6,3
2024-06-03 16:55:00+00:00,2342.0,2343.0,2341.0,2342.0,2.7309,2024,6,3
2024-06-03 17:00:00+00:00,2344.0,2344.0,2342.0,2343.0,1.0486,2024,6,3
2024-06-03 17:05:00+00:00,2343.0,2344.0,2343.0,2343.0,1.3874,2024,6,3
2024-06-03 17:10:00+00:00,2344.0,2347.0,2343.0,2346.0,7.8558,2024,6,3
2024-06-03 17:15:00+00:00,2347.0,2347.0,2347.0,2347.0,0.0872,2024,6,3
2024-06-03 17:20:00+00:00,2346.0,2347.0,2346.0,2347.0,0.1448,2024,6,3
2024-06-03 17:25:00+00:00,2346.0,2347.0,2346.0,2347.0,0.9258,2024,6,3
2024-06-03 17:30:00+00:00,2347.0,2347.0,2347.0,2347.0,3.0131,2024,6,3
2024-06-03 17:35:00+00:00,2348.0,2349.0,2347.0,2349.0,0.5945,2024,6,3
2024-06-03 17:40:00+00:00,2348.0,2349.0,2348.0,2349.0,0.4853,2024,6,3
2024-06-03 17:45:00+00:00,2348.0,2349.0,2345.0,2345.0,14.2264,2024,6,3
2024-06-03 17:50:00+00:00,2346.0,2347.0,2346.0,2346.0,0.133,2024,6,3
2024-06-03 17:55:00+00:00,2347.0,2348.0,2347.0,2348.0,0.0658,2024,6,3
2024-06-03 18:00:00+00:00,2346.0,2347.0,2346.0,2346.0,0.0174,2024,6,3
2024-06-03 18:05:00+00:00,2346.0,2349.0,2344.0,2346.0,4.7258,2024,6,3
2024-06-03 18:10:00+00:00,2345.0,2346.0,2342.0,2346.0,2.3904,2024,6,3
2024-06-03 18:15:00+00:00,2347.0,2350.0,2346.0,2347.0,5.8926,2024,6,3
2024-06-03 18:20:00+00:00,2347.0,2347.0,2343.0,2345.0,1.436,2024,6,3
2024-06-03 18:25:00+00:00,2345.0,2346.0,2345.0,2346.0,0.47,2024,6,3
2024-06-03 18:30:00+00:00,2346.0,2346.0,2343.0,2345.0,1.5506,2024,6,3
2024-06-03 18:35:00+00:00,2345.0,2346.0,2345.0,2346.0,0.1433,2024,6,3
2024-06-03 18:40:00+00:00,2345.0,2346.0,2345.0,2345.0,0.0768,2024,6,3
2024-06-03 18:45:00+00:00,2346.0,2348.0,2345.0,2348.0,0.5253,2024,6,3
2024-06-03 18:50:00+00:00,2348.0,2348.0,2346.0,2347.0,1.108,2024,6,3
2024-06-03 18:55:00+00:00,2348.0,2348.0,2346.0,2346.0,0.3938,2024,6,3
2024-06-03 19:00:00+00:00,2347.0,2348.0,2346.0,2348.0,1.7235,2024,6,3
2024-06-03 19:05:00+00:00,2347.0,2348.0,2347.0,2348.0,1.1895,2024,6,3
2024-06-03 19:10:00+00:00,2349.0,2349.0,2348.0,2349.0,1.2951,2024,6,3
2024-06-03 19:15:00+00:00,2349.0,2349.0,2348.0,2349.0,0.3108,2024,6,3
2024-06-03 19:20:00+00:00,2348.0,2349.0,2347.0,2348.0,8.0577,2024,6,3
2024-06-03 19:25:00+00:00,2348.0,2349.0,2348.0,2348.0,0.9437,2024,6,3
2024-06-03 19:30:00+00:00,2348.0,2349.0,2348.0,2349.0,0.0363,2024,6,3
2024-06-03 19:35:00+00:00,2349.0,2349.0,2348.0,2349.0,1.5449,2024,6,3
2024-06-03 19:40:00+00:00,2348.0,2349.0,2348.0,2348.0,0.0207,2024,6,3
2024-06-03 19:45:00+00:00,2348.0,2349.0,2348.0,2349.0,0.1655,2024,6,3
2024-06-03 19:50:00+00:00,2348.0,2348.0,2348.0,2348.0,0.0958,2024,6,3
2024-06-03 19:55:00+00:00,2349.0,2349.0,2348.0,2349.0,0.5178,2024,6,3
2024-06-03 20:00:00+00:00,2349.0,2349.0,2349.0,2349.0,0.0,2024,6,3
2024-06-03 20:05:00+00:00,2349.0,2349.0,2348.0,2348.0,5.0468,2024,6,3
2024-06-03 20:10:00+00:00,2349.0,2352.0,2349.0,2352.0,26.3862,2024,6,3
2024-06-03 20:15:00+00:00,2351.0,2352.0,2351.0,2352.0,0.3197,2024,6,3
2024-06-03 20:20:00+00:00,2352.0,2352.0,2351.0,2352.0,3.4307,2024,6,3
2024-06-03 20:25:00+00:00,2351.0,2352.0,2351.0,2351.0,2.6889,2024,6,3
2024-06-03 20:30:00+00:00,2351.0,2351.0,2351.0,2351.0,1.4725,2024,6,3
2024-06-03 20:35:00+00:00,2351.0,2352.0,2351.0,2352.0,0.3754,2024,6,3
2024-06-03 20:40:00+00:00,2352.0,2352.0,2351.0,2352.0,2.7127,2024,6,3
2024-06-03 20:45:00+00:00,2351.0,2352.0,2351.0,2352.0,0.6835,2024,6,3
2024-06-03 20:50:00+00:00,2351.0,2352.0,2351.0,2352.0,0.4851,2024,6,3
2024-06-03 20:55:00+00:00,2352.0,2352.0,2351.0,2351.0,0.1415,2024,6,3
2024-06-03 21:00:00+00:00,2351.0,2352.0,2351.0,2352.0,0.1989,2024,6,3
2024-06-03 21:05:00+00:00,2352.0,2352.0,2351.0,2352.0,0.5471,2024,6,3
2024-06-03 21:10:00+00:00,2351.0,2352.0,2351.0,2351.0,0.6921,2024,6,3
2024-06-03 21:15:00+00:00,2351.0,2352.0,2351.0,2352.0,0.0709,2024,6,3
2024-06-03 21:20:00+00:00,2352.0,2352.0,2347.0,2348.0,20.531,2024,6,3
2024-06-03 21:25:00+00:00,2348.0,2350.0,2348.0,2350.0,0.522,2024,6,3
2024-06-03 21:30:00+00:00,2349.0,2350.0,2349.0,2349.0,0.3758,2024,6,3
2024-06-03 21:35:00+00:00,2349.0,2350.0,2348.0,2350.0,1.2692,2024,6,3
2024-06-03 21:40:00+00:00,2349.0,2350.0,2349.0,2350.0,0.1128,2024,6,3
2024-06-03 21:45:00+00:00,2350.0,2351.0,2350.0,2351.0,0.1257,2024,6,3
2024-06-03 21:50:00+00:00,2351.0,2352.0,2351.0,2351.0,0.761,2024,6,3
2024-06-03 21:55:00+00:00,2351.0,2351.0,2348.0,2349.0,1.6216,2024,6,3
2024-06-03 22:00:00+00:00,2349.0,2352.0,2349.0,2351.0,12.0394,2024,6,3
2024-06-03 22:05:00+00:00,2351.0,2352.0,2348.0,2351.0,8.9833,2024,6,3
2024-06-03 22:10:00+00:00,2351.0,2352.0,2342.0,2346.0,12.6888,2024,6,3
2024-06-03 22:15:00+00:00,2346.0,2350.0,2346.0,2350.0,1.5614,2024,6,3
2024-06-03 22:20:00+00:00,2349.0,2351.0,2349.0,2349.0,0.3036,2024,6,3
2024-06-03 22:25:00+00:00,2350.0,2352.0,2349.0,2349.0,1.9529,2024,6,3
2024-06-03 22:30:00+00:00,2349.0,2350.0,2349.0,2350.0,0.1444,2024,6,3
2024-06-03 22:35:00+00:00,2350.0,2350.0,2348.0,2348.0,0.1138,2024,6,3
2024-06-03 22:40:00+00:00,2349.0,2349.0,2349.0,2349.0,0.005,2024,6,3
2024-06-03 22:45:00+00:00,2349.0,2349.0,2349.0,2349.0,0.0044,2024,6,3
2024-06-03 22:50:00+00:00,2349.0,2349.0,2349.0,2349.0,0.0289,2024,6,3
2024-06-03 22:55:00+00:00,2350.0,2350.0,2349.0,2350.0,0.0254,2024,6,3
2024-06-03 23:00:00+00:00,2350.0,2350.0,2350.0,2350.0,0.2962,2024,6,3
2024-06-03 23:05:00+00:00,2349.0,2349.0,2345.0,2347.0,2.658,2024,6,3
2024-06-03 23:10:00+00:00,2347.0,2347.0,2346.0,2347.0,0.1926,2024,6,3
2024-06-03 23:15:00+00:00,2346.0,2349.0,2346.0,2349.0,0.5042,2024,6,3
2024-06-03 23:20:00+00:00,2347.0,2347.0,2347.0,2347.0,0.0022,2024,6,3
2024-06-03 23:25:00+00:00,2348.0,2348.0,2347.0,2347.0,0.1905,2024,6,3
2024-06-03 23:30:00+00:00,2347.0,2347.0,2347.0,2347.0,0.0367,2024,6,3
2024-06-03 23:35:00+00:00,2348.0,2348.0,2346.0,2347.0,0.1443,2024,6,3
2024-06-03 23:40:00+00:00,2346.0,2347.0,2346.0,2346.0,0.049,2024,6,3
2024-06-03 23:45:00+00:00,2347.0,2347.0,2346.0,2346.0,0.0191,2024,6,3
2024-06-03 23:50:00+00:00,2347.0,2347.0,2346.0,2347.0,0.0299,2024,6,3
2024-06-03 23:55:00+00:00,2346.0,2347.0,2345.0,2347.0,5.1734,2024,6,3
2024-06-04 00:00:00+00:00,2347.0,2348.0,2346.0,2348.0,0.4789,2024,6,4
2024-06-04 00:05:00+00:00,2346.0,2348.0,2346.0,2346.0,0.1069,2024,6,4
2024-06-04 00:10:00+00:00,2346.0,2346.0,2346.0,2346.0,0.2485,2024,6,4
2024-06-04 00:15:00+00:00,2346.0,2347.0,2343.0,2343.0,6.3207,2024,6,4
2024-06-04 00:20:00+00:00,2344.0,2345.0,2342.0,2344.0,8.9561,2024,6,4
2024-06-04 00:25:00+00:00,2345.0,2345.0,2345.0,2345.0,0.034,2024,6,4
2024-06-04 00:30:00+00:00,2344.0,2345.0,2344.0,2345.0,0.3064,2024,6,4
2024-06-04 00:35:00+00:00,2346.0,2352.0,2346.0,2350.0,8.8819,2024,6,4
2024-06-04 00:40:00+00:00,2350.0,2352.0,2348.0,2351.0,2.8228,2024,6,4
2024-06-04 00:45:00+00:00,2350.0,2351.0,2350.0,2351.0,0.3867,2024,6,4
2024-06-04 00:50:00+00:00,2351.0,2351.0,2350.0,2350.0,0.075,2024,6,4
2024-06-04 00:55:00+00:00,2350.0,2350.0,2350.0,2350.0,0.0371,2024,6,4
2024-06-04 01:00:00+00:00,2351.0,2351.0,2344.0,2346.0,4.4772,2024,6,4
2024-06-04 01:05:00+00:00,2346.0,2348.0,2344.0,2347.0,3.4867,2024,6,4
2024-06-04 01:10:00+00:00,2348.0,2350.0,2348.0,2350.0,2.8846,2024,6,4
2024-06-04 01:15:00+00:00,2350.0,2350.0,2348.0,2349.0,0.021,2024,6,4
2024-06-04 01:20:00+00:00,2349.0,2349.0,2348.0,2349.0,0.0536,2024,6,4
2024-06-04 01:25:00+00:00,2349.0,2349.0,2348.0,2349.0,0.0266,2024,6,4
2024-06-04 01:30:00+00:00,2348.0,2349.0,2348.0,2349.0,0.362,2024,6,4
2024-06-04 01:35:00+00:00,2351.0,2351.0,2350.0,2351.0,0.087,2024,6,4
2024-06-04 01:40:00+00:00,2350.0,2351.0,2348.0,2348.0,0.709,2024,6,4
2024-06-04 01:45:00+00:00,2349.0,2349.0,2348.0,2349.0,0.0591,2024,6,4
2024-06-04 01:50:00+00:00,2349.0,2350.0,2348.0,2348.0,0.2769,2024,6,4
2024-06-04 01:55:00+00:00,2349.0,2350.0,2347.0,2350.0,1.5055,2024,6,4
2024-06-04 02:00:00+00:00,2350.0,2351.0,2350.0,2351.0,0.1708,2024,6,4
2024-06-04 02:05:00+00:00,2350.0,2352.0,2350.0,2351.0,3.46,2024,6,4
2024-06-04 02:10:00+00:00,2352.0,2352.0,2350.0,2352.0,0.2568,2024,6,4
2024-06-04 02:15:00+00:00,2352.0,2352.0,2347.0,2349.0,1.1318,2024,6,4
2024-06-04 02:20:00+00:00,2349.0,2349.0,2348.0,2348.0,0.0389,2024,6,4
2024-06-04 02:25:00+00:00,2349.0,2349.0,2349.0,2349.0,0.0123,2024,6,4
2024-06-04 02:30:00+00:00,2349.0,2349.0,2348.0,2348.0,0.1216,2024,6,4
2024-06-04 02:35:00+00:00,2348.0,2348.0,2342.0,2344.0,7.4493,2024,6,4
2024-06-04 02:40:00+00:00,2344.0,2345.0,2344.0,2344.0,0.179,2024,6,4
2024-06-04 02:45:00+00:00,2345.0,2345.0,2343.0,2345.0,0.1326,2024,6,4
2024-06-04 02:50:00+00:00,2343.0,2345.0,2343.0,2345.0,0.0236,2024,6,4
2024-06-04 02:55:00+00:00,2343.0,2343.0,2343.0,2343.0,0.0085,2024,6,4
2024-06-04 03:00:00+00:00,2344.0,2345.0,2343.0,2343.0,0.0964,2024,6,4
2024-06-04 03:05:00+00:00,2343.0,2345.0,2343.0,2344.0,0.2213,2024,6,4
2024-06-04 03:10:00+00:00,2344.0,2347.0,2344.0,2345.0,1.9335,2024,6,4
2024-06-04 03:15:00+00:00,2346.0,2346.0,2345.0,2346.0,0.1084,2024,6,4
2024-06-04 03:20:00+00:00,2346.0,2349.0,2345.0,2345.0,1.6963,2024,6,4
2024-06-04 03:25:00+00:00,2345.0,2345.0,2345.0,2345.0,0.105,2024,6,4
2024-06-04 03:30:00+00:00,2345.0,2345.0,2344.0,2344.0,0.1283,2024,6,4
2024-06-04 03:35:00+00:00,2344.0,2346.0,2344.0,2345.0,0.1402,2024,6,4
2024-06-04 03:40:00+00:00,2344.0,2346.0,2344.0,2346.0,0.0365,2024,6,4
2024-06-04 03:45:00+00:00,2346.0,2346.0,2346.0,2346.0,0.0,2024,6,4
2024-06-04 03:50:00+00:00,2346.0,2346.0,2346.0,2346.0,0.2152,2024,6,4
2024-06-04 03:55:00+00:00,2345.0,2346.0,2345.0,2346.0,0.0209,2024,6,4
2024-06-04 04:00:00+00:00,2346.0,2346.0,2345.0,2345.0,0.8743,2024,6,4
2024-06-04 04:05:00+00:00,2345.0,2352.0,2345.0,2350.0,18.5305,2024,6,4
2024-06-04 04:10:00+00:00,2351.0,2351.0,2350.0,2351.0,0.308,2024,6,4
2024-06-04 04:15:00+00:00,2350.0,2350.0,2349.0,2349.0,0.0435,2024,6,4
2024-06-04 04:20:00+00:00,2350.0,2350.0,2349.0,2350.0,0.085,2024,6,4
2024-06-04 04:25:00+00:00,2349.0,2350.0,2345.0,2349.0,2.4318,2024,6,4
2024-06-04 04:30:00+00:00,2347.0,2347.0,2345.0,2345.0,0.1975,2024,6,4
2024-06-04 04:35:00+00:00,2347.0,2347.0,2345.0,2347.0,0.0221,2024,6,4
2024-06-04 04:40:00+00:00,2345.0,2347.0,2345.0,2346.0,0.1344,2024,6,4
2024-06-04 04:45:00+00:00,2347.0,2347.0,2346.0,2346.0,2.1565,2024,6,4
2024-06-04 04:50:00+00:00,2347.0,2352.0,2346.0,2352.0,6.7728,2024,6,4
2024-06-04 04:55:00+00:00,2350.0,2351.0,2350.0,2351.0,0.0346,2024,6,4
2024-06-04 05:00:00+00:00,2351.0,2351.0,2349.0,2349.0,0.9813,2024,6,4
2024-06-04 05:05:00+00:00,2350.0,2351.0,2348.0,2350.0,2.4376,2024,6,4
2024-06-04 05:10:00+00:00,2351.0,2352.0,2349.0,2351.0,0.472,2024,6,4
2024-06-04 05:15:00+00:00,2352.0,2352.0,2352.0,2352.0,0.4626,2024,6,4
2024-06-04 05:20:00+00:00,2351.0,2353.0,2351.0,2353.0,0.3983,2024,6,4
2024-06-04 05:25:00+00:00,2351.0,2351.0,2351.0,2351.0,0.261,2024,6,4
2024-06-04 05:30:00+00:00,2351.0,2351.0,2351.0,2351.0,0.5542,2024,6,4
2024-06-04 05:35:00+00:00,2351.0,2351.0,2350.0,2350.0,0.0342,2024,6,4
2024-06-04 05:40:00+00:00,2350.0,2351.0,2350.0,2351.0,0.0384,2024,6,4
2024-06-04 05:45:00+00:00,2350.0,2351.0,2350.0,2350.0,0.0757,2024,6,4
2024-06-04 05:50:00+00:00,2350.0,2350.0,2349.0,2349.0,0.1423,2024,6,4
2024-06-04 05:55:00+00:00,2349.0,2350.0,2348.0,2348.0,0.2494,2024,6,4
2024-06-04 06:00:00+00:00,2349.0,2349.0,2345.0,2345.0,0.4309,2024,6,4
2024-06-04 06:05:00+00:00,2345.0,2346.0,2345.0,2345.0,0.3039,2024,6,4
2024-06-04 06:10:00+00:00,2345.0,2349.0,2345.0,2347.0,0.7362,2024,6,4
2024-06-04 06:15:00+00:00,2347.0,2348.0,2346.0,2346.0,0.7163,2024,6,4
2024-06-04 06:20:00+00:00,2347.0,2352.0,2345.0,2348.0,3.0387,2024,6,4
2024-06-04 06:25:00+00:00,2348.0,2349.0,2347.0,2347.0,0.1217,2024,6,4
2024-06-04 06:30:00+00:00,2347.0,2349.0,2347.0,2348.0,0.0862,2024,6,4
2024-06-04 06:35:00+00:00,2349.0,2353.0,2347.0,2350.0,2.8284,2024,6,4
2024-06-04 06:40:00+00:00,2350.0,2352.0,2349.0,2350.0,0.9341,2024,6,4
2024-06-04 06:45:00+00:00,2351.0,2351.0,2348.0,2348.0,0.168,2024,6,4
2024-06-04 06:50:00+00:00,2348.0,2349.0,2348.0,2348.0,0.085,2024,6,4
2024-06-04 06:55:00+00:00,2348.0,2349.0,2346.0,2346.0,1.2849,2024,6,4
2024-06-04 07:00:00+00:00,2347.0,2348.0,2346.0,2346.0,0.1656,2024,6,4
2024-06-04 07:05:00+00:00,2346.0,2348.0,2346.0,2346.0,0.2971,2024,6,4
2024-06-04 07:10:00+00:00,2348.0,2349.0,2346.0,2349.0,0.8175,2024,6,4
2024-06-04 07:15:00+00:00,2349.0,2350.0,2349.0,2349.0,0.1261,2024,6,4
2024-06-04 07:20:00+00:00,2349.0,2350.0,2348.0,2348.0,0.184,2024,6,4
2024-06-04 07:25:00+00:00,2348.0,2349.0,2347.0,2347.0,0.7283,2024,6,4
2024-06-04 07:30:00+00:00,2347.0,2347.0,2347.0,2347.0,0.3673,2024,6,4
2024-06-04 07:35:00+00:00,2347.0,2348.0,2346.0,2346.0,0.2123,2024,6,4
2024-06-04 07:40:00+00:00,2346.0,2348.0,2346.0,2348.0,0.4896,2024,6,4
2024-06-04 07:45:00+00:00,2347.0,2353.0,2346.0,2348.0,17.8242,2024,6,4
2024-06-04 07:50:00+00:00,2349.0,2353.0,2347.0,2350.0,9.2927,2024,6,4
2024-06-04 07:55:00+00:00,2349.0,2351.0,2348.0,2349.0,3.8094,2024,6,4
2024-06-04 08:00:00+00:00,2349.0,2350.0,2346.0,2347.0,2.242,2024,6,4
2024-06-04 08:05:00+00:00,2347.0,2349.0,2344.0,2349.0,8.8706,2024,6,4
2024-06-04 08:10:00+00:00,2347.0,2350.0,2344.0,2345.0,13.1199,2024,6,4
2024-06-04 08:15:00+00:00,2345.0,2347.0,2344.0,2344.0,2.6725,2024,6,4
2024-06-04 08:20:00+00:00,2344.0,2345.0,2343.0,2343.0,1.7577,2024,6,4
2024-06-04 08:25:00+00:00,2343.0,2344.0,2343.0,2343.0,0.3184,2024,6,4
2024-06-04 08:30:00+00:00,2343.0,2344.0,2342.0,2342.0,0.4264,2024,6,4
2024-06-04 08:35:00+00:00,2342.0,2343.0,2342.0,2342.0,0.2073,2024,6,4
2024-06-04 08:40:00+00:00,2342.0,2343.0,2342.0,2343.0,0.7755,2024,6,4
2024-06-04 08:45:00+00:00,2343.0,2343.0,2341.0,2342.0,2.4011,2024,6,4
2024-06-04 08:50:00+00:00,2342.0,2343.0,2342.0,2342.0,0.4801,2024,6,4
2024-06-04 08:55:00+00:00,2342.0,2343.0,2342.0,2342.0,0.4349,2024,6,4
2024-06-04 09:00:00+00:00,2342.0,2343.0,2341.0,2342.0,0.4741,2024,6,4
2024-06-04 09:05:00+00:00,2342.0,2343.0,2342.0,2342.0,0.2875,2024,6,4
2024-06-04 09:10:00+00:00,2342.0,2343.0,2341.0,2341.0,5.0096,2024,6,4
2024-06-04 09:15:00+00:00,2341.0,2341.0,2340.0,2340.0,5.9586,2024,6,4
2024-06-04 09:20:00+00:00,2340.0,2341.0,2340.0,2340.0,0.5658,2024,6,4
2024-06-04 09:25:00+00:00,2340.0,2340.0,2337.0,2337.0,0.8019,2024,6,4
2024-06-04 09:30:00+00:00,2336.0,2338.0,2336.0,2337.0,0.7195,2024,6,4
2024-06-04 09:35:00+00:00,2336.0,2338.0,2336.0,2338.0,0.8819,2024,6,4
2024-06-04 09:40:00+00:00,2337.0,2340.0,2336.0,2337.0,2.3412,2024,6,4
2024-06-04 09:45:00+00:00,2337.0,2341.0,2335.0,2340.0,4.4124,2024,6,4
2024-06-04 09:50:00+00:00,2339.0,2341.0,2337.0,2341.0,0.7427,2024,6,4
2024-06-04 09:55:00+00:00,2339.0,2340.0,2337.0,2339.0,2.4964,2024,6,4
2024-06-04 10:00:00+00:00,2339.0,2341.0,2338.0,2339.0,3.3831,2024,6,4
2024-06-04 10:05:00+00:00,2340.0,2340.0,2337.0,2338.0,0.9455,2024,6,4
2024-06-04 10:10:00+00:00,2339.0,2340.0,2338.0,2340.0,1.0286,2024,6,4
2024-06-04 10:15:00+00:00,2340.0,2341.0,2338.0,2338.0,0.7083,2024,6,4
2024-06-04 10:20:00+00:00,2338.0,2338.0,2336.0,2337.0,0.212,2024,6,4
2024-06-04 10:25:00+00:00,2337.0,2339.0,2337.0,2339.0,0.723,2024,6,4
2024-06-04 10:30:00+00:00,2339.0,2342.0,2338.0,2341.0,0.7677,2024,6,4
2024-06-04 10:35:00+00:00,2341.0,2342.0,2341.0,2341.0,0.1564,2024,6,4
2024-06-04 10:40:00+00:00,2342.0,2342.0,2340.0,2341.0,2.5895,2024,6,4
2024-06-04 10:45:00+00:00,2340.0,2341.0,2340.0,2340.0,0.2769,2024,6,4
2024-06-04 10:50:00+00:00,2340.0,2341.0,2340.0,2341.0,0.6538,2024,6,4
2024-06-04 10:55:00+00:00,2340.0,2340.0,2335.0,2335.0,6.9131,2024,6,4
2024-06-04 11:00:00+00:00,2336.0,2338.0,2335.0,2336.0,7.2801,2024,6,4
2024-06-04 11:05:00+00:00,2336.0,2338.0,2336.0,2336.0,0.405,2024,6,4
2024-06-04 11:10:00+00:00,2337.0,2339.0,2335.0,2337.0,0.7222,2024,6,4
2024-06-04 11:15:00+00:00,2336.0,2337.0,2336.0,2337.0,0.3041,2024,6,4
2024-06-04 11:20:00+00:00,2336.0,2337.0,2335.0,2335.0,0.1697,2024,6,4
2024-06-04 11:25:00+00:00,2335.0,2337.0,2335.0,2337.0,0.4023,2024,6,4
2024-06-04 11:30:00+00:00,2336.0,2337.0,2335.0,2335.0,0.7299,2024,6,4
2024-06-04 11:35:00+00:00,2335.0,2336.0,2335.0,2335.0,0.4847,2024,6,4
2024-06-04 11:40:00+00:00,2335.0,2336.0,2335.0,2335.0,0.6382,2024,6,4
2024-06-04 11:45:00+00:00,2335.0,2336.0,2334.0,2334.0,2.651,2024,6,4
2024-06-04 11:50:00+00:00,2335.0,2336.0,2334.0,2334.0,0.2056,2024,6,4
2024-06-04 11:55:00+00:00,2336.0,2337.0,2335.0,2336.0,0.7429,2024,6,4
2024-06-04 12:00:00+00:00,2336.0,2337.0,2335.0,2336.0,0.2342,2024,6,4
2024-06-04 12:05:00+00:00,2335.0,2337.0,2335.0,2335.0,0.0881,2024,6,4
2024-06-04 12:10:00+00:00,2335.0,2338.0,2334.0,2338.0,6.0002,2024,6,4
2024-06-04 12:15:00+00:00,2336.0,2337.0,2334.0,2335.0,1.0058,2024,6,4
2024-06-04 12:20:00+00:00,2336.0,2336.0,2334.0,2336.0,0.3371,2024,6,4
2024-06-04 12:25:00+00:00,2335.0,2335.0,2334.0,2334.0,0.1236,2024,6,4
2024-06-04 12:30:00+00:00,2334.0,2336.0,2334.0,2335.0,0.5265,2024,6,4
2024-06-04 12:35:00+00:00,2335.0,2336.0,2335.0,2335.0,0.1041,2024,6,4
2024-06-04 12:40:00+00:00,2335.0,2336.0,2335.0,2335.0,0.1203,2024,6,4
2024-06-04 12:45:00+00:00,2335.0,2336.0,2335.0,2335.0,0.6925,2024,6,4
2024-06-04 12:50:00+00:00,2335.0,2336.0,2335.0,2335.0,1.6322,2024,6,4
2024-06-04 12:55:00+00:00,2335.0,2339.0,2335.0,2339.0,1.3527,2024,6,4
2024-06-04 13:00:00+00:00,2338.0,2339.0,2336.0,2337.0,0.7803,2024,6,4
2024-06-04 13:05:00+00:00,2339.0,2339.0,2337.0,2337.0,0.2842,2024,6,4
2024-06-04 13:10:00+00:00,2337.0,2339.0,2337.0,2338.0,0.4534,2024,6,4
2024-06-04 13:15:00+00:00,2337.0,2340.0,2336.0,2338.0,1.5439,2024,6,4
2024-06-04 13:20:00+00:00,2338.0,2344.0,2338.0,2340.0,6.0608,2024,6,4
2024-06-04 13:25:00+00:00,2340.0,2342.0,2340.0,2342.0,0.1437,2024,6,4
2024-06-04 13:30:00+00:00,2342.0,2342.0,2342.0,2342.0,0.1373,2024,6,4
2024-06-04 13:35:00+00:00,2342.0,2342.0,2341.0,2341.0,0.3794,2024,6,4
2024-06-04 13:40:00+00:00,2343.0,2343.0,2339.0,2339.0,6.796,2024,6,4
2024-06-04 13:45:00+00:00,2338.0,2341.0,2337.0,2337.0,5.294,2024,6,4
2024-06-04 13:50:00+00:00,2338.0,2338.0,2337.0,2337.0,0.2404,2024,6,4
2024-06-04 13:55:00+00:00,2337.0,2340.0,2337.0,2338.0,5.3016,2024,6,4
2024-06-04 14:00:00+00:00,2338.0,2340.0,2337.0,2340.0,2.502,2024,6,4
2024-06-04 14:05:00+00:00,2339.0,2339.0,2335.0,2335.0,15.0223,2024,6,4
2024-06-04 14:10:00+00:00,2334.0,2337.0,2332.0,2334.0,41.0039,2024,6,4
2024-06-04 14:15:00+00:00,2334.0,2334.0,2330.0,2332.0,17.8735,2024,6,4
2024-06-04 14:20:00+00:00,2331.0,2331.0,2326.0,2327.0,14.6104,2024,6,4
2024-06-04 14:25:00+00:00,2327.0,2330.0,2326.0,2329.0,7.3708,2024,6,4
2024-06-04 14:30:00+00:00,2328.0,2329.0,2326.0,2327.0,2.429,2024,6,4
2024-06-04 14:35:00+00:00,2328.0,2328.0,2327.0,2327.0,0.2176,2024,6,4
2024-06-04 14:40:00+00:00,2327.0,2329.0,2327.0,2329.0,1.7728,2024,6,4
2024-06-04 14:45:00+00:00,2329.0,2329.0,2327.0,2328.0,0.4048,2024,6,4
2024-06-04 14:50:00+00:00,2328.0,2328.0,2327.0,2328.0,1.3021,2024,6,4
2024-06-04 14:55:00+00:00,2329.0,2329.0,2325.0,2327.0,3.5035,2024,6,4
2024-06-04 15:00:00+00:00,2327.0,2328.0,2326.0,2327.0,1.0157,2024,6,4
2024-06-04 15:05:00+00:00,2326.0,2328.0,2326.0,2328.0,0.3649,2024,6,4
2024-06-04 15:10:00+00:00,2328.0,2330.0,2327.0,2329.0,7.537,2024,6,4
2024-06-04 15:15:00+00:00,2329.0,2333.0,2328.0,2332.0,3.1203,2024,6,4
2024-06-04 15:20:00+00:00,2331.0,2335.0,2331.0,2335.0,4.9473,2024,6,4
2024-06-04 15:25:00+00:00,2334.0,2335.0,2332.0,2332.0,1.0297,2024,6,4
2024-06-04 15:30:00+00:00,2332.0,2334.0,2332.0,2333.0,0.6136,2024,6,4
2024-06-04 15:35:00+00:00,2333.0,2335.0,2333.0,2334.0,1.3387,2024,6,4
2024-06-04 15:40:00+00:00,2335.0,2336.0,2333.0,2334.0,1.3288,2024,6,4
2024-06-04 15:45:00+00:00,2334.0,2336.0,2333.0,2334.0,1.121,2024,6,4
2024-06-04 15:50:00+00:00,2335.0,2341.0,2335.0,2338.0,15.3556,2024,6,4
2024-06-04 15:55:00+00:00,2338.0,2338.0,2335.0,2336.0,1.5566,2024,6,4
2024-06-04 16:00:00+00:00,2336.0,2339.0,2335.0,2338.0,3.0313,2024,6,4
2024-06-04 16:05:00+00:00,2337.0,2338.0,2334.0,2334.0,2.0613,2024,6,4
2024-06-04 16:10:00+00:00,2334.0,2338.0,2332.0,2335.0,18.8651,2024,6,4
2024-06-04 16:15:00+00:00,2334.0,2338.0,2333.0,2338.0,1.5423,2024,6,4
2024-06-04 16:20:00+00:00,2337.0,2342.0,2336.0,2340.0,19.52,2024,6,4
2024-06-04 16:25:00+00:00,2340.0,2341.0,2336.0,2337.0,2.2322,2024,6,4
2024-06-04 16:30:00+00:00,2336.0,2342.0,2334.0,2340.0,24.6167,2024,6,4
2024-06-04 16:35:00+00:00,2338.0,2338.0,2335.0,2336.0,1.6849,2024,6,4
2024-06-04 16:40:00+00:00,2336.0,2336.0,2334.0,2335.0,0.8391,2024,6,4
2024-06-04 16:45:00+00:00,2335.0,2335.0,2334.0,2335.0,0.5689,2024,6,4
2024-06-04 16:50:00+00:00,2335.0,2336.0,2333.0,2334.0,2.5252,2024,6,4
2024-06-04 16:55:00+00:00,2333.0,2334.0,2332.0,2333.0,0.794,2024,6,4
2024-06-04 17:00:00+00:00,2333.0,2334.0,2331.0,2334.0,4.4583,2024,6,4
2024-06-04 17:05:00+00:00,2333.0,2334.0,2330.0,2332.0,12.3649,2024,6,4
2024-06-04 17:10:00+00:00,2332.0,2333.0,2332.0,2333.0,1.2177,2024,6,4
2024-06-04 17:15:00+00:00,2333.0,2334.0,2331.0,2333.0,14.3169,2024,6,4
2024-06-04 17:20:00+00:00,2334.0,2338.0,2333.0,2335.0,1.68,2024,6,4
2024-06-04 17:25:00+00:00,2335.0,2335.0,2334.0,2335.0,0.1659,2024,6,4
2024-06-04 17:30:00+00:00,2335.0,2335.0,2334.0,2335.0,0.0816,2024,6,4
2024-06-04 17:35:00+00:00,2335.0,2335.0,2334.0,2335.0,0.1649,2024,6,4
2024-06-04 17:40:00+00:00,2335.0,2335.0,2331.0,2333.0,2.4396,2024,6,4
2024-06-04 17:45:00+00:00,2333.0,2334.0,2330.0,2333.0,10.5287,2024,6,4
2024-06-04 17:50:00+00:00,2332.0,2334.0,2330.0,2334.0,7.3831,2024,6,4
2024-06-04 17:55:00+00:00,2333.0,2336.0,2330.0,2333.0,2.2026,2024,6,4
2024-06-04 18:00:00+00:00,2333.0,2335.0,2333.0,2334.0,0.5232,2024,6,4
2024-06-04 18:05:00+00:00,2334.0,2335.0,2332.0,2333.0,1.0632,2024,6,4
2024-06-04 18:10:00+00:00,2333.0,2335.0,2333.0,2334.0,0.4587,2024,6,4
2024-06-04 18:15:00+00:00,2334.0,2336.0,2333.0,2334.0,1.0478,2024,6,4
2024-06-04 18:20:00+00:00,2334.0,2335.0,2333.0,2335.0,2.8953,2024,6,4
2024-06-04 18:25:00+00:00,2334.0,2336.0,2334.0,2336.0,1.0161,2024,6,4
2024-06-04 18:30:00+00:00,2336.0,2336.0,2334.0,2336.0,1.06,2024,6,4
2024-06-04 18:35:00+00:00,2336.0,2336.0,2334.0,2335.0,0.8657,2024,6,4
2024-06-04 18:40:00+00:00,2335.0,2335.0,2334.0,2335.0,0.3804,2024,6,4
2024-06-04 18:45:00+00:00,2335.0,2335.0,2333.0,2335.0,0.278,2024,6,4
2024-06-04 18:50:00+00:00,2335.0,2335.0,2334.0,2335.0,0.3301,2024,6,4
2024-06-04 18:55:00+00:00,2335.0,2335.0,2334.0,2335.0,0.1968,2024,6,4
2024-06-04 19:00:00+00:00,2335.0,2337.0,2333.0,2336.0,2.0111,2024,6,4
2024-06-04 19:05:00+00:00,2336.0,2336.0,2329.0,2333.0,9.2062,2024,6,4
2024-06-04 19:10:00+00:00,2333.0,2334.0,2331.0,2334.0,2.5382,2024,6,4
2024-06-04 19:15:00+00:00,2332.0,2334.0,2332.0,2333.0,0.3744,2024,6,4
2024-06-04 19:20:00+00:00,2333.0,2334.0,2332.0,2333.0,0.3137,2024,6,4
2024-06-04 19:25:00+00:00,2333.0,2334.0,2332.0,2334.0,0.4262,2024,6,4
2024-06-04 19:30:00+00:00,2334.0,2334.0,2333.0,2333.0,0.7895,2024,6,4
2024-06-04 19:35:00+00:00,2333.0,2333.0,2326.0,2329.0,12.2197,2024,6,4
2024-06-04 19:40:00+00:00,2329.0,2332.0,2328.0,2331.0,2.2374,2024,6,4
2024-06-04 19:45:00+00:00,2331.0,2332.0,2330.0,2330.0,0.6063,2024,6,4
2024-06-04 19:50:00+00:00,2331.0,2332.0,2329.0,2331.0,1.2548,2024,6,4
2024-06-04 19:55:00+00:00,2331.0,2333.0,2328.0,2332.0,1.448,2024,6,4
2024-06-04 20:00:00+00:00,2332.0,2334.0,2330.0,2333.0,2.9405,2024,6,4
2024-06-04 20:05:00+00:00,2333.0,2334.0,2332.0,2332.0,1.3348,2024,6,4
2024-06-04 20:10:00+00:00,2332.0,2334.0,2332.0,2332.0,0.4703,2024,6,4
2024-06-04 20:15:00+00:00,2331.0,2333.0,2331.0,2331.0,0.5746,2024,6,4
2024-06-04 20:20:00+00:00,2331.0,2331.0,2330.0,2331.0,0.2664,2024,6,4
2024-06-04 20:25:00+00:00,2330.0,2331.0,2330.0,2331.0,0.1461,2024,6,4
2024-06-04 20:30:00+00:00,2330.0,2333.0,2330.0,2332.0,0.5132,2024,6,4
2024-06-04 20:35:00+00:00,2332.0,2333.0,2331.0,2332.0,0.1383,2024,6,4
2024-06-04 20:40:00+00:00,2332.0,2333.0,2331.0,2331.0,0.2742,2024,6,4
2024-06-04 20:45:00+00:00,2332.0,2334.0,2331.0,2332.0,0.5958,2024,6,4
2024-06-04 20:50:00+00:00,2332.0,2336.0,2332.0,2334.0,3.3394,2024,6,4
2024-06-04 20:55:00+00:00,2334.0,2336.0,2333.0,2334.0,2.082,2024,6,4
2024-06-04 21:00:00+00:00,2333.0,2336.0,2333.0,2336.0,1.4499,2024,6,4
2024-06-04 21:05:00+00:00,2336.0,2336.0,2335.0,2335.0,0.1855,2024,6,4
2024-06-04 21:10:00+00:00,2334.0,2336.0,2334.0,2336.0,0.3903,2024,6,4
2024-06-04 21:15:00+00:00,2336.0,2336.0,2333.0,2334.0,0.3831,2024,6,4
2024-06-04 21:20:00+00:00,2333.0,2334.0,2333.0,2334.0,0.1315,2024,6,4
2024-06-04 21:25:00+00:00,2334.0,2334.0,2331.0,2333.0,0.5348,2024,6,4
2024-06-04 21:30:00+00:00,2333.0,2333.0,2332.0,2333.0,0.1208,2024,6,4
2024-06-04 21:35:00+00:00,2333.0,2334.0,2331.0,2332.0,2.8523,2024,6,4
2024-06-04 21:40:00+00:00,2333.0,2333.0,2331.0,2332.0,0.1995,2024,6,4
2024-06-04 21:45:00+00:00,2333.0,2333.0,2331.0,2332.0,0.1287,2024,6,4
2024-06-04 21:50:00+00:00,2332.0,2337.0,2332.0,2335.0,3.4551,2024,6,4
2024-06-04 21:55:00+00:00,2335.0,2337.0,2332.0,2334.0,3.3019,2024,6,4
2024-06-04 22:00:00+00:00,2335.0,2336.0,2334.0,2336.0,0.4839,2024,6,4
2024-06-04 22:05:00+00:00,2336.0,2336.0,2336.0,2336.0,0.0132,2024,6,4
2024-06-04 22:10:00+00:00,2336.0,2336.0,2334.0,2335.0,0.3964,2024,6,4
2024-06-04 22:15:00+00:00,2335.0,2335.0,2332.0,2332.0,1.3923,2024,6,4
2024-06-04 22:20:00+00:00,2333.0,2334.0,2332.0,2334.0,0.2779,2024,6,4
2024-06-04 22:25:00+00:00,2334.0,2335.0,2333.0,2334.0,1.0287,2024,6,4
2024-06-04 22:30:00+00:00,2333.0,2335.0,2333.0,2335.0,1.1183,2024,6,4
2024-06-04 22:35:00+00:00,2333.0,2333.0,2333.0,2333.0,0.0377,2024,6,4
2024-06-04 22:40:00+00:00,2335.0,2335.0,2333.0,2335.0,0.5107,2024,6,4
2024-06-04 22:45:00+00:00,2333.0,2335.0,2333.0,2335.0,0.0236,2024,6,4
2024-06-04 22:50:00+00:00,2334.0,2335.0,2334.0,2334.0,0.0405,2024,6,4
2024-06-04 22:55:00+00:00,2335.0,2335.0,2334.0,2335.0,0.8035,2024,6,4
2024-06-04 23:00:00+00:00,2335.0,2335.0,2335.0,2335.0,0.1439,2024,6,4
2024-06-04 23:05:00+00:00,2334.0,2336.0,2334.0,2335.0,0.6309,2024,6,4
2024-06-04 23:10:00+00:00,2335.0,2335.0,2334.0,2335.0,2.2677,2024,6,4
2024-06-04 23:15:00+00:00,2334.0,2336.0,2334.0,2336.0,0.9089,2024,6,4
2024-06-04 23:20:00+00:00,2336.0,2338.0,2336.0,2338.0,2.1787,2024,6,4
2024-06-04 23:25:00+00:00,2336.0,2337.0,2334.0,2334.0,3.2352,2024,6,4
2024-06-04 23:30:00+00:00,2335.0,2336.0,2335.0,2336.0,0.0678,2024,6,4
2024-06-04 23:35:00+00:00,2336.0,2337.0,2336.0,2336.0,2.9046,2024,6,4
2024-06-04 23:40:00+00:00,2338.0,2338.0,2336.0,2336.0,0.2404,2024,6,4
2024-06-04 23:45:00+00:00,2337.0,2337.0,2336.0,2337.0,0.6913,2024,6,4
2024-06-04 23:50:00+00:00,2337.0,2337.0,2336.0,2337.0,0.1597,2024,6,4
2024-06-04 23:55:00+00:00,2337.0,2337.0,2335.0,2335.0,0.8011,2024,6,4
2024-06-05 00:00:00+00:00,2336.0,2336.0,2335.0,2336.0,0.2849,2024,6,5
2024-06-05 00:05:00+00:00,2336.0,2338.0,2336.0,2337.0,1.9515,2024,6,5
2024-06-05 00:10:00+00:00,2337.0,2337.0,2336.0,2336.0,0.8837,2024,6,5
2024-06-05 00:15:00+00:00,2336.0,2337.0,2336.0,2337.0,0.1878,2024,6,5
2024-06-05 00:20:00+00:00,2337.0,2338.0,2337.0,2338.0,1.0275,2024,6,5
2024-06-05 00:25:00+00:00,2338.0,2339.0,2337.0,2338.0,0.5166,2024,6,5
2024-06-05 00:30:00+00:00,2338.0,2338.0,2337.0,2338.0,0.5647,2024,6,5
2024-06-05 00:35:00+00:00,2338.0,2338.0,2337.0,2338.0,0.3634,2024,6,5
2024-06-05 00:40:00+00:00,2337.0,2338.0,2337.0,2338.0,0.289,2024,6,5
2024-06-05 00:45:00+00:00,2337.0,2338.0,2337.0,2338.0,0.1632,2024,6,5
2024-06-05 00:50:00+00:00,2338.0,2338.0,2337.0,2338.0,1.286,2024,6,5
2024-06-05 00:55:00+00:00,2338.0,2338.0,2335.0,2337.0,4.9137,2024,6,5
2024-06-05 01:00:00+00:00,2337.0,2337.0,2336.0,2337.0,1.015,2024,6,5
2024-06-05 01:05:00+00:00,2337.0,2337.0,2335.0,2335.0,0.1958,2024,6,5
2024-06-05 01:10:00+00:00,2336.0,2336.0,2335.0,2336.0,1.3978,2024,6,5
2024-06-05 01:15:00+00:00,2336.0,2336.0,2335.0,2335.0,0.1239,2024,6,5
2024-06-05 01:20:00+00:00,2336.0,2336.0,2335.0,2335.0,1.1205,2024,6,5
2024-06-05 01:25:00+00:00,2336.0,2336.0,2335.0,2336.0,1.1392,2024,6,5
2024-06-05 01:30:00+00:00,2336.0,2336.0,2335.0,2336.0,1.8252,2024,6,5
2024-06-05 01:35:00+00:00,2336.0,2339.0,2336.0,2338.0,12.7973,2024,6,5
2024-06-05 01:40:00+00:00,2337.0,2338.0,2337.0,2338.0,0.307,2024,6,5
2024-06-05 01:45:00+00:00,2338.0,2338.0,2338.0,2338.0,0.1535,2024,6,5
2024-06-05 01:50:00+00:00,2338.0,2338.0,2336.0,2338.0,1.4024,2024,6,5
2024-06-05 01:55:00+00:00,2338.0,2338.0,2337.0,2338.0,0.0518,2024,6,5
2024-06-05 02:00:00+00:00,2338.0,2338.0,2337.0,2338.0,0.0974,2024,6,5
2024-06-05 02:05:00+00:00,2337.0,2337.0,2336.0,2336.0,0.1724,2024,6,5
2024-06-05 02:10:00+00:00,2337.0,2338.0,2335.0,2336.0,1.3149,2024,6,5
2024-06-05 02:15:00+00:00,2336.0,2336.0,2332.0,2333.0,24.7516,2024,6,5
2024-06-05 02:20:00+00:00,2333.0,2334.0,2333.0,2334.0,0.702,2024,6,5
2024-06-05 02:25:00+00:00,2334.0,2335.0,2333.0,2335.0,1.0361,2024,6,5
2024-06-05 02:30:00+00:00,2335.0,2335.0,2334.0,2335.0,0.1672,2024,6,5
2024-06-05 02:35:00+00:00,2335.0,2336.0,2335.0,2336.0,0.1011,2024,6,5
2024-06-05 02:40:00+00:00,2335.0,2335.0,2334.0,2334.0,0.5031,2024,6,5
2024-06-05 02:45:00+00:00,2334.0,2334.0,2333.0,2333.0,0.0558,2024,6,5
2024-06-05 02:50:00+00:00,2334.0,2335.0,2333.0,2335.0,2.0427,2024,6,5
2024-06-05 02:55:00+00:00,2336.0,2337.0,2336.0,2337.0,0.1769,2024,6,5
2024-06-05 03:00:00+00:00,2336.0,2338.0,2336.0,2338.0,0.2528,2024,6,5
2024-06-05 03:05:00+00:00,2338.0,2338.0,2337.0,2338.0,0.2632,2024,6,5
2024-06-05 03:10:00+00:00,2338.0,2339.0,2337.0,2338.0,0.393,2024,6,5
2024-06-05 03:15:00+00:00,2338.0,2339.0,2338.0,2338.0,0.86,2024,6,5
2024-06-05 03:20:00+00:00,2338.0,2338.0,2337.0,2337.0,0.6167,2024,6,5
2024-06-05 03:25:00+00:00,2337.0,2340.0,2337.0,2340.0,1.2272,2024,6,5
2024-06-05 03:30:00+00:00,2340.0,2340.0,2339.0,2340.0,1.5681,2024,6,5
2024-06-05 03:35:00+00:00,2340.0,2340.0,2339.0,2340.0,0.2641,2024,6,5
2024-06-05 03:40:00+00:00,2340.0,2341.0,2339.0,2339.0,0.2804,2024,6,5
2024-06-05 03:45:00+00:00,2340.0,2340.0,2339.0,2339.0,0.232,2024,6,5
2024-06-05 03:50:00+00:00,2339.0,2339.0,2338.0,2339.0,0.0324,2024,6,5
2024-06-05 03:55:00+00:00,2339.0,2340.0,2337.0,2340.0,1.7197,2024,6,5
2024-06-05 04:00:00+00:00,2340.0,2340.0,2338.0,2340.0,9.6591,2024,6,5
2024-06-05 04:05:00+00:00,2339.0,2340.0,2338.0,2339.0,2.7048,2024,6,5
2024-06-05 04:10:00+00:00,2340.0,2340.0,2339.0,2339.0,0.9691,2024,6,5
2024-06-05 04:15:00+00:00,2339.0,2341.0,2335.0,2338.0,5.5954,2024,6,5
2024-06-05 04:20:00+00:00,2339.0,2339.0,2337.0,2338.0,1.6993,2024,6,5
2024-06-05 04:25:00+00:00,2339.0,2340.0,2339.0,2340.0,0.7195,2024,6,5
2024-06-05 04:30:00+00:00,2340.0,2340.0,2339.0,2339.0,0.0411,2024,6,5
2024-06-05 04:35:00+00:00,2340.0,2340.0,2339.0,2339.0,0.3389,2024,6,5
2024-06-05 04:40:00+00:00,2339.0,2339.0,2338.0,2338.0,0.32,2024,6,5
2024-06-05 04:45:00+00:00,2339.0,2339.0,2338.0,2339.0,1.2942,2024,6,5
2024-06-05 04:50:00+00:00,2340.0,2340.0,2339.0,2340.0,0.0353,2024,6,5
2024-06-05 04:55:00+00:00,2340.0,2340.0,2340.0,2340.0,0.0,2024,6,5
2024-06-05 05:00:00+00:00,2340.0,2341.0,2334.0,2340.0,12.9352,2024,6,5
2024-06-05 05:05:00+00:00,2340.0,2342.0,2338.0,2338.0,2.2903,2024,6,5
2024-06-05 05:10:00+00:00,2337.0,2338.0,2337.0,2337.0,0.5484,2024,6,5
2024-06-05 05:15:00+00:00,2337.0,2337.0,2337.0,2337.0,0.6853,2024,6,5
2024-06-05 05:20:00+00:00,2337.0,2339.0,2337.0,2339.0,0.8098,2024,6,5
2024-06-05 05:25:00+00:00,2339.0,2340.0,2339.0,2340.0,0.3046,2024,6,5
2024-06-05 05:30:00+00:00,2340.0,2341.0,2338.0,2338.0,1.1982,2024,6,5
2024-06-05 05:35:00+00:00,2338.0,2339.0,2337.0,2339.0,0.0482,2024,6,5
2024-06-05 05:40:00+00:00,2339.0,2339.0,2338.0,2339.0,0.0763,2024,6,5
2024-06-05 05:45:00+00:00,2339.0,2340.0,2339.0,2340.0,0.0855,2024,6,5
2024-06-05 05:50:00+00:00,2340.0,2340.0,2339.0,2340.0,0.072,2024,6,5
2024-06-05 05:55:00+00:00,2340.0,2340.0,2339.0,2340.0,0.0203,2024,6,5
2024-06-05 06:00:00+00:00,2340.0,2340.0,2338.0,2338.0,1.3231,2024,6,5
2024-06-05 06:05:00+00:00,2337.0,2339.0,2337.0,2339.0,0.1701,2024,6,5
2024-06-05 06:10:00+00:00,2337.0,2339.0,2336.0,2338.0,0.7257,2024,6,5
2024-06-05 06:15:00+00:00,2338.0,2339.0,2336.0,2336.0,1.0283,2024,6,5
2024-06-05 06:20:00+00:00,2336.0,2337.0,2336.0,2336.0,0.5015,2024,6,5
2024-06-05 06:25:00+00:00,2336.0,2337.0,2335.0,2337.0,0.1379,2024,6,5
2024-06-05 06:30:00+00:00,2335.0,2338.0,2335.0,2336.0,6.6354,2024,6,5
2024-06-05 06:35:00+00:00,2336.0,2338.0,2334.0,2337.0,1.4164,2024,6,5
2024-06-05 06:40:00+00:00,2337.0,2338.0,2336.0,2338.0,1.1284,2024,6,5
2024-06-05 06:45:00+00:00,2338.0,2338.0,2337.0,2338.0,0.522,2024,6,5
2024-06-05 06:50:00+00:00,2337.0,2337.0,2336.0,2337.0,0.5263,2024,6,5
2024-06-05 06:55:00+00:00,2337.0,2338.0,2336.0,2338.0,0.1616,2024,6,5
2024-06-05 07:00:00+00:00,2337.0,2338.0,2336.0,2338.0,0.448,2024,6,5
2024-06-05 07:05:00+00:00,2338.0,2338.0,2336.0,2338.0,0.4096,2024,6,5
2024-06-05 07:10:00+00:00,2339.0,2339.0,2336.0,2337.0,0.4546,2024,6,5
2024-06-05 07:15:00+00:00,2337.0,2337.0,2335.0,2336.0,0.4687,2024,6,5
2024-06-05 07:20:00+00:00,2336.0,2337.0,2335.0,2337.0,0.4919,2024,6,5
2024-06-05 07:25:00+00:00,2337.0,2337.0,2335.0,2335.0,0.5338,2024,6,5
2024-06-05 07:30:00+00:00,2336.0,2337.0,2335.0,2336.0,0.3702,2024,6,5
2024-06-05 07:35:00+00:00,2336.0,2336.0,2335.0,2336.0,0.1405,2024,6,5
2024-06-05 07:40:00+00:00,2336.0,2336.0,2335.0,2336.0,0.299,2024,6,5
2024-06-05 07:45:00+00:00,2336.0,2336.0,2335.0,2336.0,0.2124,2024,6,5
2024-06-05 07:50:00+00:00,2335.0,2337.0,2335.0,2336.0,3.0961,2024,6,5
2024-06-05 07:55:00+00:00,2335.0,2337.0,2335.0,2336.0,1.9318,2024,6,5
2024-06-05 08:00:00+00:00,2337.0,2337.0,2335.0,2335.0,2.3142,2024,6,5
2024-06-05 08:05:00+00:00,2334.0,2337.0,2334.0,2335.0,0.738,2024,6,5
2024-06-05 08:10:00+00:00,2335.0,2337.0,2335.0,2337.0,2.3101,2024,6,5
2024-06-05 08:15:00+00:00,2335.0,2336.0,2335.0,2335.0,0.2466,2024,6,5
2024-06-05 08:20:00+00:00,2335.0,2338.0,2335.0,2336.0,0.7503,2024,6,5
2024-06-05 08:25:00+00:00,2336.0,2337.0,2335.0,2337.0,0.2798,2024,6,5
2024-06-05 08:30:00+00:00,2337.0,2338.0,2335.0,2336.0,0.6195,2024,6,5
2024-06-05 08:35:00+00:00,2337.0,2338.0,2335.0,2338.0,0.4119,2024,6,5
2024-06-05 08:40:00+00:00,2337.0,2338.0,2337.0,2338.0,0.2215,2024,6,5
2024-06-05 08:45:00+00:00,2336.0,2339.0,2335.0,2335.0,5.136,2024,6,5
2024-06-05 08:50:00+00:00,2335.0,2335.0,2335.0,2335.0,1.7062,2024,6,5
2024-06-05 08:55:00+00:00,2335.0,2335.0,2334.0,2334.0,2.2782,2024,6,5
2024-06-05 09:00:00+00:00,2334.0,2336.0,2334.0,2336.0,0.5956,2024,6,5
2024-06-05 09:05:00+00:00,2336.0,2336.0,2334.0,2335.0,0.3529,2024,6,5
2024-06-05 09:10:00+00:00,2336.0,2336.0,2334.0,2335.0,0.2602,2024,6,5
2024-06-05 09:15:00+00:00,2335.0,2340.0,2335.0,2339.0,8.8976,2024,6,5
2024-06-05 09:20:00+00:00,2338.0,2338.0,2331.0,2337.0,18.1322,2024,6,5
2024-06-05 09:25:00+00:00,2336.0,2337.0,2333.0,2334.0,1.5798,2024,6,5
2024-06-05 09:30:00+00:00,2333.0,2334.0,2333.0,2334.0,1.325,2024,6,5
2024-06-05 09:35:00+00:00,2334.0,2336.0,2333.0,2334.0,0.7072,2024,6,5
2024-06-05 09:40:00+00:00,2334.0,2335.0,2334.0,2335.0,0.8841,2024,6,5
2024-06-05 09:45:00+00:00,2335.0,2335.0,2332.0,2334.0,0.8308,2024,6,5
2024-06-05 09:50:00+00:00,2333.0,2334.0,2332.0,2334.0,0.1704,2024,6,5
2024-06-05 09:55:00+00:00,2334.0,2339.0,2333.0,2336.0,4.9261,2024,6,5
2024-06-05 10:00:00+00:00,2336.0,2336.0,2335.0,2335.0,0.1876,2024,6,5
2024-06-05 10:05:00+00:00,2336.0,2336.0,2334.0,2335.0,0.9513,2024,6,5
2024-06-05 10:10:00+00:00,2335.0,2336.0,2334.0,2336.0,1.1277,2024,6,5
2024-06-05 10:15:00+00:00,2336.0,2337.0,2336.0,2336.0,0.7025,2024,6,5
2024-06-05 10:20:00+00:00,2336.0,2336.0,2335.0,2335.0,0.3601,2024,6,5
2024-06-05 10:25:00+00:00,2334.0,2335.0,2333.0,2334.0,1.5042,2024,6,5
2024-06-05 10:30:00+00:00,2335.0,2335.0,2335.0,2335.0,0.0051,2024,6,5
2024-06-05 10:35:00+00:00,2335.0,2336.0,2334.0,2335.0,0.3749,2024,6,5
2024-06-05 10:40:00+00:00,2336.0,2336.0,2335.0,2336.0,0.783,2024,6,5
2024-06-05 10:45:00+00:00,2337.0,2337.0,2334.0,2336.0,0.5857,2024,6,5
2024-06-05 10:50:00+00:00,2335.0,2336.0,2335.0,2336.0,0.1462,2024,6,5
2024-06-05 10:55:00+00:00,2337.0,2337.0,2334.0,2335.0,1.8158,2024,6,5
2024-06-05 11:00:00+00:00,2334.0,2336.0,2334.0,2335.0,2.8849,2024,6,5
2024-06-05 11:05:00+00:00,2336.0,2337.0,2334.0,2336.0,0.4384,2024,6,5
2024-06-05 11:10:00+00:00,2336.0,2337.0,2334.0,2336.0,0.8968,2024,6,5
2024-06-05 11:15:00+00:00,2336.0,2342.0,2335.0,2335.0,27.7389,2024,6,5
2024-06-05 11:20:00+00:00,2335.0,2338.0,2332.0,2336.0,12.2824,2024,6,5
2024-06-05 11:25:00+00:00,2336.0,2340.0,2336.0,2339.0,1.5737,2024,6,5
2024-06-05 11:30:00+00:00,2340.0,2341.0,2337.0,2339.0,3.0577,2024,6,5
2024-06-05 11:35:00+00:00,2339.0,2339.0,2339.0,2339.0,0.0955,2024,6,5
2024-06-05 11:40:00+00:00,2339.0,2339.0,2338.0,2338.0,0.6114,2024,6,5
2024-06-05 11:45:00+00:00,2338.0,2339.0,2338.0,2339.0,0.1965,2024,6,5
2024-06-05 11:50:00+00:00,2339.0,2345.0,2336.0,2339.0,31.0156,2024,6,5
2024-06-05 11:55:00+00:00,2340.0,2340.0,2338.0,2339.0,1.505,2024,6,5
2024-06-05 12:00:00+00:00,2339.0,2339.0,2334.0,2335.0,2.0314,2024,6,5
2024-06-05 12:05:00+00:00,2336.0,2336.0,2335.0,2336.0,2.1682,2024,6,5
2024-06-05 12:10:00+00:00,2337.0,2339.0,2336.0,2337.0,1.7373,2024,6,5
2024-06-05 12:15:00+00:00,2337.0,2345.0,2335.0,2339.0,32.0843,2024,6,5
2024-06-05 12:20:00+00:00,2340.0,2342.0,2337.0,2339.0,3.5189,2024,6,5
2024-06-05 12:25:00+00:00,2339.0,2340.0,2338.0,2339.0,0.9174,2024,6,5
2024-06-05 12:30:00+00:00,2339.0,2340.0,2339.0,2340.0,0.4368,2024,6,5
2024-06-05 12:35:00+00:00,2340.0,2340.0,2339.0,2340.0,0.5768,2024,6,5
2024-06-05 12:40:00+00:00,2341.0,2343.0,2340.0,2342.0,0.9897,2024,6,5
2024-06-05 12:45:00+00:00,2342.0,2345.0,2342.0,2344.0,0.5884,2024,6,5
2024-06-05 12:50:00+00:00,2344.0,2345.0,2340.0,2345.0,4.2228,2024,6,5
2024-06-05 12:55:00+00:00,2345.0,2346.0,2343.0,2346.0,0.5056,2024,6,5
2024-06-05 13:00:00+00:00,2346.0,2346.0,2342.0,2345.0,0.47,2024,6,5
2024-06-05 13:05:00+00:00,2345.0,2346.0,2344.0,2344.0,0.2936,2024,6,5
2024-06-05 13:10:00+00:00,2344.0,2344.0,2341.0,2343.0,2.393,2024,6,5
2024-06-05 13:15:00+00:00,2343.0,2346.0,2343.0,2344.0,1.2534,2024,6,5
2024-06-05 13:20:00+00:00,2344.0,2346.0,2342.0,2345.0,10.7103,2024,6,5
2024-06-05 13:25:00+00:00,2345.0,2346.0,2343.0,2346.0,0.4598,2024,6,5
2024-06-05 13:30:00+00:00,2346.0,2346.0,2344.0,2346.0,0.4698,2024,6,5
2024-06-05 13:35:00+00:00,2345.0,2346.0,2342.0,2343.0,0.6506,2024,6,5
2024-06-05 13:40:00+00:00,2342.0,2344.0,2341.0,2344.0,0.9307,2024,6,5
2024-06-05 13:45:00+00:00,2344.0,2344.0,2341.0,2343.0,0.4452,2024,6,5
2024-06-05 13:50:00+00:00,2343.0,2344.0,2341.0,2344.0,0.7361,2024,6,5
2024-06-05 13:55:00+00:00,2343.0,2347.0,2343.0,2347.0,6.9076,2024,6,5
2024-06-05 14:00:00+00:00,2346.0,2354.0,2342.0,2349.0,36.0703,2024,6,5
2024-06-05 14:05:00+00:00,2347.0,2348.0,2343.0,2346.0,1.8479,2024,6,5
2024-06-05 14:10:00+00:00,2344.0,2345.0,2342.0,2342.0,1.5445,2024,6,5
2024-06-05 14:15:00+00:00,2343.0,2344.0,2337.0,2343.0,14.3825,2024,6,5
2024-06-05 14:20:00+00:00,2343.0,2347.0,2342.0,2347.0,2.7607,2024,6,5
2024-06-05 14:25:00+00:00,2347.0,2350.0,2346.0,2348.0,2.5694,2024,6,5
2024-06-05 14:30:00+00:00,2348.0,2351.0,2348.0,2351.0,0.6088,2024,6,5
2024-06-05 14:35:00+00:00,2351.0,2352.0,2350.0,2351.0,0.2067,2024,6,5
2024-06-05 14:40:00+00:00,2351.0,2352.0,2350.0,2350.0,0.5737,2024,6,5
2024-06-05 14:45:00+00:00,2351.0,2352.0,2348.0,2350.0,3.1774,2024,6,5
2024-06-05 14:50:00+00:00,2351.0,2352.0,2350.0,2352.0,0.1201,2024,6,5
2024-06-05 14:55:00+00:00,2352.0,2352.0,2349.0,2349.0,0.9229,2024,6,5
2024-06-05 15:00:00+00:00,2351.0,2352.0,2350.0,2352.0,2.2091,2024,6,5
2024-06-05 15:05:00+00:00,2352.0,2352.0,2351.0,2352.0,6.0666,2024,6,5
2024-06-05 15:10:00+00:00,2352.0,2352.0,2351.0,2352.0,0.4741,2024,6,5
2024-06-05 15:15:00+00:00,2352.0,2354.0,2352.0,2354.0,5.9021,2024,6,5
2024-06-05 15:20:00+00:00,2353.0,2355.0,2351.0,2355.0,2.5886,2024,6,5
2024-06-05 15:25:00+00:00,2354.0,2355.0,2352.0,2353.0,2.8988,2024,6,5
2024-06-05 15:30:00+00:00,2354.0,2354.0,2353.0,2354.0,0.352,2024,6,5
2024-06-05 15:35:00+00:00,2354.0,2356.0,2353.0,2356.0,10.4139,2024,6,5
2024-06-05 15:40:00+00:00,2356.0,2357.0,2352.0,2357.0,7.5163,2024,6,5
2024-06-05 15:45:00+00:00,2356.0,2357.0,2355.0,2357.0,0.8019,2024,6,5
2024-06-05 15:50:00+00:00,2355.0,2357.0,2355.0,2357.0,0.151,2024,6,5
2024-06-05 15:55:00+00:00,2357.0,2357.0,2354.0,2355.0,11.369,2024,6,5
2024-06-05 16:00:00+00:00,2356.0,2357.0,2354.0,2357.0,0.3742,2024,6,5
2024-06-05 16:05:00+00:00,2354.0,2355.0,2349.0,2352.0,6.0079,2024,6,5
2024-06-05 16:10:00+00:00,2352.0,2353.0,2350.0,2350.0,1.1066,2024,6,5
2024-06-05 16:15:00+00:00,2350.0,2352.0,2346.0,2349.0,11.6372,2024,6,5
2024-06-05 16:20:00+00:00,2349.0,2351.0,2342.0,2344.0,33.5373,2024,6,5
2024-06-05 16:25:00+00:00,2346.0,2350.0,2345.0,2348.0,1.4812,2024,6,5
2024-06-05 16:30:00+00:00,2348.0,2349.0,2347.0,2349.0,0.5379,2024,6,5
2024-06-05 16:35:00+00:00,2348.0,2348.0,2347.0,2348.0,0.6682,2024,6,5
2024-06-05 16:40:00+00:00,2348.0,2349.0,2348.0,2349.0,0.5376,2024,6,5
2024-06-05 16:45:00+00:00,2348.0,2348.0,2346.0,2346.0,0.1,2024,6,5
2024-06-05 16:50:00+00:00,2347.0,2347.0,2347.0,2347.0,0.0771,2024,6,5
2024-06-05 16:55:00+00:00,2347.0,2349.0,2346.0,2346.0,0.4506,2024,6,5
2024-06-05 17:00:00+00:00,2348.0,2348.0,2346.0,2346.0,0.4106,2024,6,5
2024-06-05 17:05:00+00:00,2348.0,2348.0,2346.0,2346.0,0.1031,2024,6,5
2024-06-05 17:10:00+00:00,2348.0,2349.0,2345.0,2345.0,3.2488,2024,6,5
2024-06-05 17:15:00+00:00,2346.0,2347.0,2346.0,2347.0,0.9401,2024,6,5
2024-06-05 17:20:00+00:00,2345.0,2347.0,2345.0,2346.0,0.9979,2024,6,5
2024-06-05 17:25:00+00:00,2347.0,2347.0,2346.0,2346.0,1.6757,2024,6,5
2024-06-05 17:30:00+00:00,2347.0,2350.0,2346.0,2348.0,3.1513,2024,6,5
2024-06-05 17:35:00+00:00,2348.0,2350.0,2348.0,2348.0,0.8616,2024,6,5
2024-06-05 17:40:00+00:00,2348.0,2350.0,2348.0,2349.0,0.7056,2024,6,5
2024-06-05 17:45:00+00:00,2349.0,2351.0,2349.0,2350.0,0.9301,2024,6,5
2024-06-05 17:50:00+00:00,2349.0,2350.0,2348.0,2350.0,0.2665,2024,6,5
2024-06-05 17:55:00+00:00,2349.0,2352.0,2349.0,2352.0,4.0223,2024,6,5
2024-06-05 18:00:00+00:00,2350.0,2352.0,2350.0,2352.0,0.2179,2024,6,5
2024-06-05 18:05:00+00:00,2352.0,2352.0,2347.0,2347.0,2.9206,2024,6,5
2024-06-05 18:10:00+00:00,2348.0,2350.0,2347.0,2349.0,3.4279,2024,6,5
2024-06-05 18:15:00+00:00,2349.0,2351.0,2349.0,2349.0,0.8657,2024,6,5
2024-06-05 18:20:00+00:00,2348.0,2349.0,2347.0,2347.0,0.8214,2024,6,5
2024-06-05 18:25:00+00:00,2349.0,2349.0,2348.0,2349.0,0.1627,2024,6,5
2024-06-05 18:30:00+00:00,2350.0,2351.0,2349.0,2350.0,0.0473,2024,6,5
2024-06-05 18:35:00+00:00,2351.0,2352.0,2350.0,2350.0,0.4251,2024,6,5
2024-06-05 18:40:00+00:00,2349.0,2349.0,2347.0,2349.0,6.3788,2024,6,5
2024-06-05 18:45:00+00:00,2349.0,2349.0,2349.0,2349.0,0.3373,2024,6,5
2024-06-05 18:50:00+00:00,2349.0,2351.0,2349.0,2351.0,0.5422,2024,6,5
2024-06-05 18:55:00+00:00,2351.0,2351.0,2351.0,2351.0,0.1229,2024,6,5
2024-06-05 19:00:00+00:00,2351.0,2351.0,2348.0,2350.0,1.1976,2024,6,5
2024-06-05 19:05:00+00:00,2349.0,2351.0,2349.0,2351.0,0.3693,2024,6,5
2024-06-05 19:10:00+00:00,2350.0,2352.0,2347.0,2349.0,1.2759,2024,6,5
2024-06-05 19:15:00+00:00,2349.0,2350.0,2348.0,2349.0,0.6125,2024,6,5
2024-06-05 19:20:00+00:00,2348.0,2350.0,2348.0,2349.0,0.2199,2024,6,5
2024-06-05 19:25:00+00:00,2349.0,2350.0,2348.0,2350.0,0.3472,2024,6,5
2024-06-05 19:30:00+00:00,2349.0,2350.0,2349.0,2350.0,0.4685,2024,6,5
2024-06-05 19:35:00+00:00,2350.0,2351.0,2349.0,2350.0,0.4832,2024,6,5
2024-06-05 19:40:00+00:00,2350.0,2351.0,2349.0,2350.0,0.3412,2024,6,5
2024-06-05 19:45:00+00:00,2351.0,2353.0,2347.0,2350.0,9.3115,2024,6,5
2024-06-05 19:50:00+00:00,2351.0,2353.0,2350.0,2352.0,0.7363,2024,6,5
2024-06-05 19:55:00+00:00,2353.0,2355.0,2352.0,2354.0,1.6833,2024,6,5
2024-06-05 20:00:00+00:00,2354.0,2355.0,2353.0,2354.0,0.2724,2024,6,5
2024-06-05 20:05:00+00:00,2354.0,2355.0,2353.0,2354.0,0.2994,2024,6,5
2024-06-05 20:10:00+00:00,2354.0,2355.0,2353.0,2354.0,0.6533,2024,6,5
2024-06-05 20:15:00+00:00,2353.0,2354.0,2352.0,2352.0,1.3506,2024,6,5
2024-06-05 20:20:00+00:00,2352.0,2353.0,2352.0,2353.0,0.3797,2024,6,5
2024-06-05 20:25:00+00:00,2353.0,2353.0,2352.0,2352.0,0.3865,2024,6,5
2024-06-05 20:30:00+00:00,2352.0,2353.0,2352.0,2353.0,0.0449,2024,6,5
2024-06-05 20:35:00+00:00,2352.0,2353.0,2352.0,2353.0,0.2663,2024,6,5
2024-06-05 20:40:00+00:00,2353.0,2353.0,2352.0,2353.0,0.0941,2024,6,5
2024-06-05 20:45:00+00:00,2354.0,2354.0,2352.0,2353.0,1.5038,2024,6,5
2024-06-05 20:50:00+00:00,2352.0,2353.0,2352.0,2353.0,0.1437,2024,6,5
2024-06-05 20:55:00+00:00,2353.0,2353.0,2352.0,2353.0,0.1494,2024,6,5
2024-06-05 21:00:00+00:00,2353.0,2353.0,2351.0,2351.0,0.8738,2024,6,5
2024-06-05 21:05:00+00:00,2351.0,2351.0,2351.0,2351.0,0.0595,2024,6,5
2024-06-05 21:10:00+00:00,2350.0,2351.0,2349.0,2349.0,0.3499,2024,6,5
2024-06-05 21:15:00+00:00,2350.0,2351.0,2349.0,2351.0,0.8921,2024,6,5
2024-06-05 21:20:00+00:00,2351.0,2352.0,2350.0,2350.0,0.3108,2024,6,5
2024-06-05 21:25:00+00:00,2350.0,2350.0,2349.0,2349.0,0.182,2024,6,5
2024-06-05 21:30:00+00:00,2349.0,2351.0,2349.0,2351.0,0.3723,2024,6,5
2024-06-05 21:35:00+00:00,2351.0,2351.0,2351.0,2351.0,0.0595,2024,6,5
2024-06-05 21:40:00+00:00,2351.0,2352.0,2351.0,2351.0,0.0261,2024,6,5
2024-06-05 21:45:00+00:00,2350.0,2352.0,2350.0,2352.0,0.0288,2024,6,5
2024-06-05 21:50:00+00:00,2352.0,2352.0,2352.0,2352.0,1.1214,2024,6,5
2024-06-05 21:55:00+00:00,2352.0,2352.0,2349.0,2349.0,2.4502,2024,6,5
2024-06-05 22:00:00+00:00,2349.0,2351.0,2348.0,2349.0,4.116,2024,6,5
2024-06-05 22:05:00+00:00,2349.0,2352.0,2348.0,2351.0,0.7341,2024,6,5
2024-06-05 22:10:00+00:00,2351.0,2353.0,2351.0,2351.0,5.5138,2024,6,5
2024-06-05 22:15:00+00:00,2352.0,2353.0,2351.0,2352.0,1.0651,2024,6,5
2024-06-05 22:20:00+00:00,2352.0,2353.0,2352.0,2352.0,3.2741,2024,6,5
2024-06-05 22:25:00+00:00,2353.0,2354.0,2352.0,2352.0,5.3414,2024,6,5
2024-06-05 22:30:00+00:00,2352.0,2355.0,2352.0,2353.0,1.9594,2024,6,5
2024-06-05 22:35:00+00:00,2354.0,2356.0,2352.0,2352.0,3.1707,2024,6,5
2024-06-05 22:40:00+00:00,2353.0,2356.0,2352.0,2356.0,4.7004,2024,6,5
2024-06-05 22:45:00+00:00,2355.0,2359.0,2355.0,2358.0,10.6505,2024,6,5
2024-06-05 22:50:00+00:00,2359.0,2359.0,2358.0,2358.0,3.6884,2024,6,5
2024-06-05 22:55:00+00:00,2358.0,2359.0,2358.0,2358.0,1.042,2024,6,5
2024-06-05 23:00:00+00:00,2359.0,2359.0,2358.0,2359.0,0.1321,2024,6,5
2024-06-05 23:05:00+00:00,2358.0,2359.0,2358.0,2358.0,0.0407,2024,6,5
2024-06-05 23:10:00+00:00,2358.0,2359.0,2358.0,2359.0,0.2906,2024,6,5
2024-06-05 23:15:00+00:00,2359.0,2359.0,2358.0,2358.0,0.1091,2024,6,5
2024-06-05 23:20:00+00:00,2359.0,2359.0,2358.0,2358.0,0.1143,2024,6,5
2024-06-05 23:25:00+00:00,2359.0,2359.0,2357.0,2357.0,1.8443,2024,6,5
2024-06-05 23:30:00+00:00,2357.0,2358.0,2357.0,2358.0,0.1554,2024,6,5
2024-06-05 23:35:00+00:00,2358.0,2358.0,2357.0,2357.0,0.1285,2024,6,5
2024-06-05 23:40:00+00:00,2357.0,2358.0,2357.0,2358.0,1.1093,2024,6,5
2024-06-05 23:45:00+00:00,2357.0,2357.0,2357.0,2357.0,0.0904,2024,6,5
2024-06-05 23:50:00+00:00,2359.0,2359.0,2359.0,2359.0,0.2025,2024,6,5
2024-06-05 23:55:00+00:00,2359.0,2359.0,2358.0,2359.0,0.3133,2024,6,5
2024-06-06 00:00:00+00:00,2359.0,2359.0,2357.0,2358.0,1.1822,2024,6,6
2024-06-06 00:05:00+00:00,2358.0,2358.0,2357.0,2358.0,9.8054,2024,6,6
2024-06-06 00:10:00+00:00,2357.0,2358.0,2357.0,2358.0,0.2427,2024,6,6
2024-06-06 00:15:00+00:00,2358.0,2358.0,2358.0,2358.0,0.029,2024,6,6
2024-06-06 00:20:00+00:00,2357.0,2357.0,2357.0,2357.0,1.0758,2024,6,6
2024-06-06 00:25:00+00:00,2358.0,2358.0,2357.0,2358.0,3.8588,2024,6,6
2024-06-06 00:30:00+00:00,2357.0,2358.0,2357.0,2357.0,0.1953,2024,6,6
2024-06-06 00:35:00+00:00,2357.0,2357.0,2357.0,2357.0,0.0,2024,6,6
2024-06-06 00:40:00+00:00,2357.0,2358.0,2357.0,2358.0,0.3876,2024,6,6
2024-06-06 00:45:00+00:00,2358.0,2358.0,2357.0,2357.0,0.143,2024,6,6
2024-06-06 00:50:00+00:00,2357.0,2358.0,2357.0,2358.0,0.2766,2024,6,6
2024-06-06 00:55:00+00:00,2357.0,2359.0,2357.0,2358.0,1.373,2024,6,6
2024-06-06 01:00:00+00:00,2359.0,2359.0,2358.0,2358.0,0.1712,2024,6,6
2024-06-06 01:05:00+00:00,2358.0,2358.0,2357.0,2357.0,0.829,2024,6,6
2024-06-06 01:10:00+00:00,2358.0,2359.0,2357.0,2359.0,0.513,2024,6,6
2024-06-06 01:15:00+00:00,2359.0,2359.0,2358.0,2359.0,0.696,2024,6,6
2024-06-06 01:20:00+00:00,2359.0,2359.0,2358.0,2358.0,0.0551,2024,6,6
2024-06-06 01:25:00+00:00,2359.0,2359.0,2358.0,2358.0,13.9737,2024,6,6
2024-06-06 01:30:00+00:00,2358.0,2363.0,2358.0,2361.0,7.3697,2024,6,6
2024-06-06 01:35:00+00:00,2362.0,2362.0,2360.0,2361.0,1.0339,2024,6,6
2024-06-06 01:40:00+00:00,2360.0,2360.0,2359.0,2360.0,0.186,2024,6,6
2024-06-06 01:45:00+00:00,2360.0,2362.0,2360.0,2361.0,1.119,2024,6,6
2024-06-06 01:50:00+00:00,2362.0,2362.0,2360.0,2360.0,0.2263,2024,6,6
2024-06-06 01:55:00+00:00,2361.0,2362.0,2361.0,2362.0,1.7703,2024,6,6
2024-06-06 02:00:00+00:00,2362.0,2362.0,2361.0,2362.0,1.0011,2024,6,6
2024-06-06 02:05:00+00:00,2362.0,2363.0,2361.0,2362.0,5.1078,2024,6,6
2024-06-06 02:10:00+00:00,2362.0,2363.0,2361.0,2362.0,0.6314,2024,6,6
2024-06-06 02:15:00+00:00,2361.0,2361.0,2361.0,2361.0,0.0245,2024,6,6
2024-06-06 02:20:00+00:00,2361.0,2362.0,2361.0,2362.0,0.0185,2024,6,6
2024-06-06 02:25:00+00:00,2362.0,2363.0,2362.0,2362.0,0.6009,2024,6,6
2024-06-06 02:30:00+00:00,2363.0,2363.0,2362.0,2362.0,0.3046,2024,6,6
2024-06-06 02:35:00+00:00,2362.0,2362.0,2360.0,2361.0,0.1385,2024,6,6
2024-06-06 02:40:00+00:00,2361.0,2362.0,2361.0,2362.0,0.3104,2024,6,6
2024-06-06 02:45:00+00:00,2361.0,2362.0,2361.0,2362.0,0.1709,2024,6,6
2024-06-06 02:50:00+00:00,2361.0,2362.0,2361.0,2362.0,0.1466,2024,6,6
2024-06-06 02:55:00+00:00,2362.0,2362.0,2362.0,2362.0,0.011,2024,6,6
2024-06-06 03:00:00+00:00,2362.0,2363.0,2361.0,2362.0,2.5592,2024,6,6
2024-06-06 03:05:00+00:00,2362.0,2363.0,2361.0,2363.0,0.0882,2024,6,6
2024-06-06 03:10:00+00:00,2362.0,2363.0,2360.0,2362.0,1.2209,2024,6,6
2024-06-06 03:15:00+00:00,2362.0,2362.0,2362.0,2362.0,0.0218,2024,6,6
2024-06-06 03:20:00+00:00,2362.0,2362.0,2362.0,2362.0,0.0124,2024,6,6
2024-06-06 03:25:00+00:00,2361.0,2361.0,2360.0,2361.0,1.7287,2024,6,6
2024-06-06 03:30:00+00:00,2360.0,2360.0,2360.0,2360.0,0.0081,2024,6,6
2024-06-06 03:35:00+00:00,2360.0,2362.0,2359.0,2360.0,2.3984,2024,6,6
2024-06-06 03:40:00+00:00,2361.0,2361.0,2360.0,2360.0,0.2513,2024,6,6
2024-06-06 03:45:00+00:00,2360.0,2361.0,2360.0,2360.0,0.3512,2024,6,6
2024-06-06 03:50:00+00:00,2360.0,2361.0,2359.0,2359.0,0.1531,2024,6,6
2024-06-06 03:55:00+00:00,2359.0,2359.0,2359.0,2359.0,0.0383,2024,6,6
2024-06-06 04:00:00+00:00,2360.0,2360.0,2359.0,2359.0,0.0846,2024,6,6
2024-06-06 04:05:00+00:00,2359.0,2361.0,2359.0,2361.0,0.7022,2024,6,6
2024-06-06 04:10:00+00:00,2359.0,2360.0,2359.0,2360.0,0.7237,2024,6,6
2024-06-06 04:15:00+00:00,2359.0,2360.0,2359.0,2359.0,0.0398,2024,6,6
2024-06-06 04:20:00+00:00,2360.0,2360.0,2359.0,2359.0,0.1599,2024,6,6
2024-06-06 04:25:00+00:00,2359.0,2361.0,2359.0,2360.0,0.2118,2024,6,6
2024-06-06 04:30:00+00:00,2361.0,2362.0,2359.0,2360.0,1.0187,2024,6,6
2024-06-06 04:35:00+00:00,2361.0,2361.0,2361.0,2361.0,0.0612,2024,6,6
2024-06-06 04:40:00+00:00,2360.0,2360.0,2359.0,2359.0,0.1862,2024,6,6
2024-06-06 04:45:00+00:00,2359.0,2361.0,2359.0,2360.0,1.3917,2024,6,6
2024-06-06 04:50:00+00:00,2359.0,2361.0,2359.0,2360.0,0.088,2024,6,6
2024-06-06 04:55:00+00:00,2361.0,2361.0,2355.0,2356.0,2.1984,2024,6,6
2024-06-06 05:00:00+00:00,2356.0,2358.0,2349.0,2358.0,37.8295,2024,6,6
2024-06-06 05:05:00+00:00,2358.0,2358.0,2356.0,2357.0,0.0135,2024,6,6
2024-06-06 05:10:00+00:00,2356.0,2358.0,2355.0,2358.0,0.768,2024,6,6
2024-06-06 05:15:00+00:00,2355.0,2357.0,2355.0,2355.0,0.1139,2024,6,6
2024-06-06 05:20:00+00:00,2358.0,2358.0,2355.0,2356.0,1.3768,2024,6,6
2024-06-06 05:25:00+00:00,2358.0,2358.0,2356.0,2356.0,0.1768,2024,6,6
2024-06-06 05:30:00+00:00,2356.0,2358.0,2355.0,2358.0,1.1904,2024,6,6
2024-06-06 05:35:00+00:00,2356.0,2357.0,2355.0,2356.0,0.5115,2024,6,6
2024-06-06 05:40:00+00:00,2357.0,2357.0,2355.0,2357.0,0.2896,2024,6,6
2024-06-06 05:45:00+00:00,2356.0,2356.0,2355.0,2355.0,0.0477,2024,6,6
2024-06-06 05:50:00+00:00,2357.0,2358.0,2356.0,2357.0,0.6883,2024,6,6
2024-06-06 05:55:00+00:00,2357.0,2359.0,2356.0,2359.0,2.5288,2024,6,6
2024-06-06 06:00:00+00:00,2359.0,2361.0,2358.0,2358.0,1.2317,2024,6,6
2024-06-06 06:05:00+00:00,2358.0,2359.0,2358.0,2358.0,0.047,2024,6,6
2024-06-06 06:10:00+00:00,2359.0,2359.0,2358.0,2358.0,0.1446,2024,6,6
2024-06-06 06:15:00+00:00,2359.0,2360.0,2358.0,2360.0,0.1324,2024,6,6
2024-06-06 06:20:00+00:00,2360.0,2360.0,2356.0,2356.0,0.4896,2024,6,6
2024-06-06 06:25:00+00:00,2358.0,2358.0,2356.0,2358.0,0.1219,2024,6,6
2024-06-06 06:30:00+00:00,2358.0,2359.0,2356.0,2356.0,0.6988,2024,6,6
2024-06-06 06:35:00+00:00,2357.0,2357.0,2357.0,2357.0,0.0138,2024,6,6
2024-06-06 06:40:00+00:00,2356.0,2357.0,2356.0,2357.0,0.1873,2024,6,6
2024-06-06 06:45:00+00:00,2356.0,2356.0,2356.0,2356.0,0.0225,2024,6,6
2024-06-06 06:50:00+00:00,2357.0,2357.0,2357.0,2357.0,0.1844,2024,6,6
2024-06-06 06:55:00+00:00,2357.0,2358.0,2355.0,2358.0,1.118,2024,6,6
2024-06-06 07:00:00+00:00,2358.0,2358.0,2355.0,2355.0,0.4467,2024,6,6
2024-06-06 07:05:00+00:00,2355.0,2361.0,2355.0,2361.0,2.4932,2024,6,6
2024-06-06 07:10:00+00:00,2359.0,2360.0,2357.0,2357.0,3.0303,2024,6,6
2024-06-06 07:15:00+00:00,2357.0,2363.0,2357.0,2358.0,3.2696,2024,6,6
2024-06-06 07:20:00+00:00,2358.0,2359.0,2357.0,2358.0,0.1701,2024,6,6
2024-06-06 07:25:00+00:00,2358.0,2363.0,2357.0,2359.0,2.8604,2024,6,6
2024-06-06 07:30:00+00:00,2359.0,2361.0,2359.0,2359.0,0.1968,2024,6,6
2024-06-06 07:35:00+00:00,2359.0,2360.0,2358.0,2360.0,0.0973,2024,6,6
2024-06-06 07:40:00+00:00,2359.0,2359.0,2358.0,2358.0,0.1466,2024,6,6
2024-06-06 07:45:00+00:00,2360.0,2360.0,2358.0,2360.0,0.3375,2024,6,6
2024-06-06 07:50:00+00:00,2360.0,2362.0,2358.0,2359.0,2.0481,2024,6,6
2024-06-06 07:55:00+00:00,2359.0,2359.0,2356.0,2359.0,0.6362,2024,6,6
2024-06-06 08:00:00+00:00,2359.0,2362.0,2358.0,2358.0,11.0687,2024,6,6
2024-06-06 08:05:00+00:00,2358.0,2358.0,2356.0,2358.0,0.6034,2024,6,6
2024-06-06 08:10:00+00:00,2358.0,2358.0,2358.0,2358.0,0.4168,2024,6,6
2024-06-06 08:15:00+00:00,2358.0,2358.0,2357.0,2358.0,0.1322,2024,6,6
2024-06-06 08:20:00+00:00,2358.0,2358.0,2355.0,2357.0,0.6884,2024,6,6
2024-06-06 08:25:00+00:00,2357.0,2357.0,2352.0,2356.0,3.2565,2024,6,6
2024-06-06 08:30:00+00:00,2356.0,2358.0,2352.0,2357.0,2.8834,2024,6,6
2024-06-06 08:35:00+00:00,2357.0,2357.0,2357.0,2357.0,0.1152,2024,6,6
2024-06-06 08:40:00+00:00,2357.0,2357.0,2355.0,2356.0,0.1356,2024,6,6
2024-06-06 08:45:00+00:00,2356.0,2357.0,2354.0,2357.0,0.387,2024,6,6
2024-06-06 08:50:00+00:00,2357.0,2357.0,2357.0,2357.0,0.1038,2024,6,6
2024-06-06 08:55:00+00:00,2357.0,2357.0,2357.0,2357.0,0.0861,2024,6,6
2024-06-06 09:00:00+00:00,2357.0,2357.0,2354.0,2356.0,0.2215,2024,6,6
2024-06-06 09:05:00+00:00,2356.0,2357.0,2356.0,2357.0,0.3947,2024,6,6
2024-06-06 09:10:00+00:00,2357.0,2359.0,2357.0,2359.0,0.4684,2024,6,6
2024-06-06 09:15:00+00:00,2359.0,2359.0,2358.0,2359.0,0.0661,2024,6,6
2024-06-06 09:20:00+00:00,2359.0,2359.0,2358.0,2359.0,0.1023,2024,6,6
2024-06-06 09:25:00+00:00,2359.0,2359.0,2357.0,2358.0,3.9385,2024,6,6
2024-06-06 09:30:00+00:00,2358.0,2358.0,2357.0,2357.0,0.3415,2024,6,6
2024-06-06 09:35:00+00:00,2357.0,2357.0,2356.0,2357.0,0.3719,2024,6,6
2024-06-06 09:40:00+00:00,2357.0,2358.0,2356.0,2358.0,0.2906,2024,6,6
2024-06-06 09:45:00+00:00,2358.0,2358.0,2356.0,2358.0,0.5477,2024,6,6
2024-06-06 09:50:00+00:00,2358.0,2359.0,2356.0,2359.0,0.23,2024,6,6
2024-06-06 09:55:00+00:00,2356.0,2360.0,2356.0,2360.0,1.1546,2024,6,6
2024-06-06 10:00:00+00:00,2360.0,2362.0,2360.0,2362.0,0.5531,2024,6,6
2024-06-06 10:05:00+00:00,2362.0,2362.0,2358.0,2359.0,0.9972,2024,6,6
2024-06-06 10:10:00+00:00,2359.0,2360.0,2358.0,2360.0,2.3481,2024,6,6
2024-06-06 10:15:00+00:00,2360.0,2360.0,2358.0,2359.0,0.1073,2024,6,6
2024-06-06 10:20:00+00:00,2359.0,2359.0,2359.0,2359.0,0.1241,2024,6,6
2024-06-06 10:25:00+00:00,2359.0,2359.0,2357.0,2358.0,0.0712,2024,6,6
2024-06-06 10:30:00+00:00,2358.0,2361.0,2358.0,2361.0,1.5137,2024,6,6
2024-06-06 10:35:00+00:00,2361.0,2361.0,2359.0,2360.0,0.9051,2024,6,6
2024-06-06 10:40:00+00:00,2360.0,2360.0,2358.0,2360.0,0.3498,2024,6,6
2024-06-06 10:45:00+00:00,2360.0,2360.0,2360.0,2360.0,0.0687,2024,6,6
2024-06-06 10:50:00+00:00,2360.0,2360.0,2359.0,2360.0,0.3562,2024,6,6
2024-06-06 10:55:00+00:00,2360.0,2360.0,2357.0,2359.0,1.3054,2024,6,6
2024-06-06 11:00:00+00:00,2359.0,2360.0,2357.0,2360.0,0.8548,2024,6,6
2024-06-06 11:05:00+00:00,2360.0,2361.0,2359.0,2361.0,2.206,2024,6,6
2024-06-06 11:10:00+00:00,2359.0,2360.0,2356.0,2358.0,2.3916,2024,6,6
2024-06-06 11:15:00+00:00,2357.0,2359.0,2357.0,2359.0,0.2019,2024,6,6
2024-06-06 11:20:00+00:00,2357.0,2361.0,2356.0,2359.0,1.2651,2024,6,6
2024-06-06 11:25:00+00:00,2358.0,2360.0,2357.0,2360.0,0.6524,2024,6,6
2024-06-06 11:30:00+00:00,2360.0,2360.0,2360.0,2360.0,0.004,2024,6,6
2024-06-06 11:35:00+00:00,2360.0,2360.0,2359.0,2360.0,0.0903,2024,6,6
2024-06-06 11:40:00+00:00,2360.0,2361.0,2359.0,2361.0,1.7392,2024,6,6
2024-06-06 11:45:00+00:00,2360.0,2361.0,2359.0,2360.0,1.4392,2024,6,6
2024-06-06 11:50:00+00:00,2359.0,2361.0,2357.0,2359.0,2.7754,2024,6,6
2024-06-06 11:55:00+00:00,2359.0,2359.0,2358.0,2359.0,2.0472,2024,6,6
2024-06-06 12:00:00+00:00,2359.0,2360.0,2358.0,2359.0,1.7502,2024,6,6
2024-06-06 12:05:00+00:00,2359.0,2359.0,2357.0,2358.0,1.4208,2024,6,6
2024-06-06 12:10:00+00:00,2358.0,2360.0,2358.0,2358.0,6.9493,2024,6,6
2024-06-06 12:15:00+00:00,2358.0,2358.0,2358.0,2358.0,0.05,2024,6,6
2024-06-06 12:20:00+00:00,2358.0,2360.0,2357.0,2359.0,12.6035,2024,6,6
2024-06-06 12:25:00+00:00,2358.0,2363.0,2358.0,2361.0,11.9155,2024,6,6
2024-06-06 12:30:00+00:00,2361.0,2361.0,2360.0,2360.0,0.2648,2024,6,6
2024-06-06 12:35:00+00:00,2360.0,2360.0,2357.0,2357.0,1.0359,2024,6,6
2024-06-06 12:40:00+00:00,2358.0,2361.0,2358.0,2361.0,0.8538,2024,6,6
2024-06-06 12:45:00+00:00,2360.0,2361.0,2360.0,2360.0,0.0464,2024,6,6
2024-06-06 12:50:00+00:00,2360.0,2361.0,2359.0,2359.0,0.0827,2024,6,6
2024-06-06 12:55:00+00:00,2361.0,2361.0,2354.0,2358.0,4.5698,2024,6,6
2024-06-06 13:00:00+00:00,2358.0,2359.0,2356.0,2357.0,0.5725,2024,6,6
2024-06-06 13:05:00+00:00,2358.0,2358.0,2356.0,2357.0,0.2834,2024,6,6
2024-06-06 13:10:00+00:00,2357.0,2357.0,2356.0,2357.0,0.2558,2024,6,6
2024-06-06 13:15:00+00:00,2357.0,2359.0,2357.0,2359.0,1.1732,2024,6,6
2024-06-06 13:20:00+00:00,2359.0,2359.0,2357.0,2359.0,0.5295,2024,6,6
2024-06-06 13:25:00+00:00,2360.0,2360.0,2360.0,2360.0,0.0345,2024,6,6
2024-06-06 13:30:00+00:00,2360.0,2363.0,2359.0,2362.0,2.8832,2024,6,6
2024-06-06 13:35:00+00:00,2361.0,2361.0,2361.0,2361.0,0.0416,2024,6,6
2024-06-06 13:40:00+00:00,2361.0,2362.0,2360.0,2362.0,0.5391,2024,6,6
2024-06-06 13:45:00+00:00,2362.0,2362.0,2359.0,2360.0,0.5786,2024,6,6
2024-06-06 13:50:00+00:00,2360.0,2360.0,2359.0,2360.0,0.9921,2024,6,6
2024-06-06 13:55:00+00:00,2360.0,2360.0,2358.0,2360.0,0.9361,2024,6,6
2024-06-06 14:00:00+00:00,2360.0,2360.0,2360.0,2360.0,0.0671,2024,6,6
2024-06-06 14:05:00+00:00,2359.0,2360.0,2359.0,2360.0,0.0888,2024,6,6
2024-06-06 14:10:00+00:00,2360.0,2361.0,2359.0,2359.0,0.2527,2024,6,6
2024-06-06 14:15:00+00:00,2359.0,2360.0,2358.0,2359.0,0.697,2024,6,6
2024-06-06 14:20:00+00:00,2360.0,2360.0,2359.0,2359.0,0.0137,2024,6,6
2024-06-06 14:25:00+00:00,2360.0,2360.0,2357.0,2359.0,1.8662,2024,6,6
2024-06-06 14:30:00+00:00,2358.0,2360.0,2358.0,2360.0,0.6167,2024,6,6
2024-06-06 14:35:00+00:00,2360.0,2360.0,2360.0,2360.0,0.0804,2024,6,6
2024-06-06 14:40:00+00:00,2360.0,2360.0,2359.0,2359.0,0.737,2024,6,6
2024-06-06 14:45:00+00:00,2360.0,2360.0,2357.0,2359.0,1.4988,2024,6,6
2024-06-06 14:50:00+00:00,2360.0,2360.0,2357.0,2359.0,2.4378,2024,6,6
2024-06-06 14:55:00+00:00,2360.0,2360.0,2357.0,2359.0,0.9839,2024,6,6
2024-06-06 15:00:00+00:00,2359.0,2360.0,2358.0,2360.0,0.5702,2024,6,6
2024-06-06 15:05:00+00:00,2360.0,2361.0,2355.0,2360.0,9.9826,2024,6,6
2024-06-06 15:10:00+00:00,2360.0,2361.0,2358.0,2360.0,1.7797,2024,6,6
2024-06-06 15:15:00+00:00,2360.0,2362.0,2358.0,2360.0,1.2112,2024,6,6
2024-06-06 15:20:00+00:00,2360.0,2362.0,2359.0,2361.0,1.0481,2024,6,6
2024-06-06 15:25:00+00:00,2361.0,2361.0,2359.0,2360.0,1.903,2024,6,6
2024-06-06 15:30:00+00:00,2360.0,2362.0,2360.0,2362.0,1.7255,2024,6,6
2024-06-06 15:35:00+00:00,2362.0,2362.0,2360.0,2361.0,0.7784,2024,6,6
2024-06-06 15:40:00+00:00,2361.0,2364.0,2360.0,2362.0,23.4712,2024,6,6
2024-06-06 15:45:00+00:00,2363.0,2364.0,2361.0,2364.0,3.819,2024,6,6
2024-06-06 15:50:00+00:00,2363.0,2364.0,2361.0,2362.0,2.0493,2024,6,6
2024-06-06 15:55:00+00:00,2362.0,2364.0,2361.0,2362.0,1.4671,2024,6,6
2024-06-06 16:00:00+00:00,2362.0,2364.0,2361.0,2364.0,2.1631,2024,6,6
2024-06-06 16:05:00+00:00,2364.0,2364.0,2362.0,2364.0,0.8751,2024,6,6
2024-06-06 16:10:00+00:00,2364.0,2364.0,2362.0,2364.0,3.5572,2024,6,6
2024-06-06 16:15:00+00:00,2364.0,2364.0,2363.0,2364.0,2.4544,2024,6,6
2024-06-06 16:20:00+00:00,2364.0,2364.0,2363.0,2364.0,0.4225,2024,6,6
2024-06-06 16:25:00+00:00,2364.0,2364.0,2363.0,2363.0,2.6312,2024,6,6
2024-06-06 16:30:00+00:00,2364.0,2364.0,2363.0,2363.0,0.6798,2024,6,6
2024-06-06 16:35:00+00:00,2363.0,2364.0,2363.0,2364.0,2.0388,2024,6,6
2024-06-06 16:40:00+00:00,2364.0,2364.0,2363.0,2363.0,1.4614,2024,6,6
2024-06-06 16:45:00+00:00,2363.0,2364.0,2363.0,2364.0,1.6751,2024,6,6
2024-06-06 16:50:00+00:00,2364.0,2364.0,2363.0,2363.0,1.7161,2024,6,6
2024-06-06 16:55:00+00:00,2364.0,2364.0,2363.0,2364.0,1.4384,2024,6,6
2024-06-06 17:00:00+00:00,2364.0,2364.0,2363.0,2363.0,1.4334,2024,6,6
2024-06-06 17:05:00+00:00,2364.0,2364.0,2363.0,2363.0,0.6449,2024,6,6
2024-06-06 17:10:00+00:00,2364.0,2364.0,2363.0,2364.0,1.3428,2024,6,6
2024-06-06 17:15:00+00:00,2364.0,2364.0,2363.0,2364.0,1.1476,2024,6,6
2024-06-06 17:20:00+00:00,2364.0,2364.0,2363.0,2363.0,1.7073,2024,6,6
2024-06-06 17:25:00+00:00,2363.0,2367.0,2363.0,2366.0,30.9526,2024,6,6
2024-06-06 17:30:00+00:00,2366.0,2368.0,2366.0,2368.0,7.2723,2024,6,6
2024-06-06 17:35:00+00:00,2367.0,2368.0,2366.0,2367.0,0.6563,2024,6,6
2024-06-06 17:40:00+00:00,2366.0,2369.0,2365.0,2366.0,44.3267,2024,6,6
2024-06-06 17:45:00+00:00,2365.0,2367.0,2365.0,2366.0,0.6737,2024,6,6
2024-06-06 17:50:00+00:00,2367.0,2367.0,2365.0,2366.0,0.6183,2024,6,6
2024-06-06 17:55:00+00:00,2366.0,2368.0,2366.0,2368.0,0.9325,2024,6,6
2024-06-06 18:00:00+00:00,2368.0,2369.0,2366.0,2366.0,6.7838,2024,6,6
2024-06-06 18:05:00+00:00,2366.0,2367.0,2365.0,2365.0,0.6603,2024,6,6
2024-06-06 18:10:00+00:00,2365.0,2366.0,2365.0,2366.0,1.018,2024,6,6
2024-06-06 18:15:00+00:00,2365.0,2366.0,2365.0,2366.0,0.8234,2024,6,6
2024-06-06 18:20:00+00:00,2366.0,2369.0,2366.0,2366.0,5.2032,2024,6,6
2024-06-06 18:25:00+00:00,2367.0,2368.0,2360.0,2365.0,5.4393,2024,6,6
2024-06-06 18:30:00+00:00,2364.0,2365.0,2361.0,2363.0,9.1734,2024,6,6
2024-06-06 18:35:00+00:00,2363.0,2366.0,2362.0,2365.0,0.8219,2024,6,6
2024-06-06 18:40:00+00:00,2365.0,2366.0,2364.0,2366.0,0.576,2024,6,6
2024-06-06 18:45:00+00:00,2366.0,2366.0,2365.0,2366.0,0.1078,2024,6,6
2024-06-06 18:50:00+00:00,2365.0,2367.0,2365.0,2365.0,0.6363,2024,6,6
2024-06-06 18:55:00+00:00,2365.0,2366.0,2364.0,2366.0,0.8116,2024,6,6
2024-06-06 19:00:00+00:00,2365.0,2367.0,2365.0,2365.0,0.5055,2024,6,6
2024-06-06 19:05:00+00:00,2365.0,2365.0,2365.0,2365.0,0.9354,2024,6,6
2024-06-06 19:10:00+00:00,2365.0,2365.0,2364.0,2365.0,0.6934,2024,6,6
2024-06-06 19:15:00+00:00,2365.0,2366.0,2365.0,2365.0,0.6569,2024,6,6
2024-06-06 19:20:00+00:00,2365.0,2366.0,2364.0,2364.0,1.6751,2024,6,6
2024-06-06 19:25:00+00:00,2365.0,2367.0,2365.0,2365.0,1.0732,2024,6,6
2024-06-06 19:30:00+00:00,2365.0,2365.0,2361.0,2361.0,0.9743,2024,6,6
2024-06-06 19:35:00+00:00,2361.0,2365.0,2361.0,2364.0,2.689,2024,6,6
2024-06-06 19:40:00+00:00,2363.0,2363.0,2360.0,2361.0,0.772,2024,6,6
2024-06-06 19:45:00+00:00,2361.0,2361.0,2360.0,2361.0,0.8883,2024,6,6
2024-06-06 19:50:00+00:00,2361.0,2361.0,2359.0,2359.0,1.0176,2024,6,6
2024-06-06 19:55:00+00:00,2359.0,2361.0,2359.0,2359.0,0.2694,2024,6,6
2024-06-06 20:00:00+00:00,2359.0,2360.0,2352.0,2358.0,23.0638,2024,6,6
2024-06-06 20:05:00+00:00,2357.0,2360.0,2357.0,2358.0,1.9836,2024,6,6
2024-06-06 20:10:00+00:00,2358.0,2360.0,2358.0,2359.0,0.6884,2024,6,6
2024-06-06 20:15:00+00:00,2360.0,2361.0,2357.0,2360.0,5.7683,2024,6,6
2024-06-06 20:20:00+00:00,2360.0,2361.0,2360.0,2361.0,1.5903,2024,6,6
2024-06-06 20:25:00+00:00,2361.0,2361.0,2361.0,2361.0,0.0517,2024,6,6
2024-06-06 20:30:00+00:00,2361.0,2361.0,2360.0,2361.0,2.9677,2024,6,6
2024-06-06 20:35:00+00:00,2361.0,2361.0,2360.0,2361.0,0.6108,2024,6,6
2024-06-06 20:40:00+00:00,2361.0,2361.0,2358.0,2359.0,3.2845,2024,6,6
2024-06-06 20:45:00+00:00,2359.0,2360.0,2359.0,2360.0,0.8644,2024,6,6
2024-06-06 20:50:00+00:00,2360.0,2360.0,2360.0,2360.0,0.0181,2024,6,6
2024-06-06 20:55:00+00:00,2360.0,2361.0,2358.0,2360.0,1.4978,2024,6,6
2024-06-06 21:00:00+00:00,2360.0,2361.0,2359.0,2360.0,1.5466,2024,6,6
2024-06-06 21:05:00+00:00,2361.0,2361.0,2359.0,2360.0,0.5026,2024,6,6
2024-06-06 21:10:00+00:00,2360.0,2361.0,2359.0,2361.0,2.1986,2024,6,6
2024-06-06 21:15:00+00:00,2361.0,2361.0,2360.0,2360.0,0.0729,2024,6,6
2024-06-06 21:20:00+00:00,2361.0,2361.0,2359.0,2360.0,3.2343,2024,6,6
2024-06-06 21:25:00+00:00,2361.0,2361.0,2359.0,2360.0,5.8449,2024,6,6
2024-06-06 21:30:00+00:00,2361.0,2364.0,2361.0,2363.0,3.6046,2024,6,6
2024-06-06 21:35:00+00:00,2363.0,2366.0,2363.0,2365.0,1.9243,2024,6,6
2024-06-06 21:40:00+00:00,2366.0,2366.0,2364.0,2365.0,0.7508,2024,6,6
2024-06-06 21:45:00+00:00,2365.0,2366.0,2363.0,2365.0,0.7022,2024,6,6
2024-06-06 21:50:00+00:00,2365.0,2366.0,2365.0,2365.0,0.6232,2024,6,6
2024-06-06 21:55:00+00:00,2366.0,2367.0,2364.0,2366.0,0.8881,2024,6,6
2024-06-06 22:00:00+00:00,2365.0,2366.0,2363.0,2365.0,0.7737,2024,6,6
2024-06-06 22:05:00+00:00,2363.0,2364.0,2362.0,2364.0,1.4079,2024,6,6
2024-06-06 22:10:00+00:00,2364.0,2366.0,2361.0,2365.0,2.0693,2024,6,6
2024-06-06 22:15:00+00:00,2365.0,2365.0,2364.0,2364.0,0.2672,2024,6,6
2024-06-06 22:20:00+00:00,2364.0,2365.0,2364.0,2364.0,0.207,2024,6,6
2024-06-06 22:25:00+00:00,2364.0,2367.0,2364.0,2366.0,1.3746,2024,6,6
2024-06-06 22:30:00+00:00,2366.0,2366.0,2365.0,2365.0,0.2073,2024,6,6
2024-06-06 22:35:00+00:00,2365.0,2366.0,2365.0,2366.0,0.0694,2024,6,6
2024-06-06 22:40:00+00:00,2365.0,2365.0,2363.0,2363.0,1.6973,2024,6,6
2024-06-06 22:45:00+00:00,2364.0,2364.0,2363.0,2363.0,0.0347,2024,6,6
2024-06-06 22:50:00+00:00,2363.0,2364.0,2363.0,2364.0,0.0749,2024,6,6
2024-06-06 22:55:00+00:00,2363.0,2364.0,2363.0,2363.0,0.1951,2024,6,6
2024-06-06 23:00:00+00:00,2363.0,2364.0,2363.0,2364.0,2.7195,2024,6,6
2024-06-06 23:05:00+00:00,2364.0,2364.0,2364.0,2364.0,0.0237,2024,6,6
2024-06-06 23:10:00+00:00,2364.0,2365.0,2363.0,2365.0,0.3087,2024,6,6
2024-06-06 23:15:00+00:00,2364.0,2365.0,2364.0,2365.0,0.1574,2024,6,6
2024-06-06 23:20:00+00:00,2364.0,2364.0,2364.0,2364.0,0.0912,2024,6,6
2024-06-06 23:25:00+00:00,2364.0,2366.0,2364.0,2365.0,0.1229,2024,6,6
2024-06-06 23:30:00+00:00,2366.0,2366.0,2366.0,2366.0,0.0073,2024,6,6
2024-06-06 23:35:00+00:00,2365.0,2365.0,2365.0,2365.0,0.025,2024,6,6
2024-06-06 23:40:00+00:00,2366.0,2366.0,2365.0,2365.0,0.0594,2024,6,6
2024-06-06 23:45:00+00:00,2365.0,2366.0,2365.0,2366.0,0.5538,2024,6,6
2024-06-06 23:50:00+00:00,2366.0,2367.0,2365.0,2365.0,0.68,2024,6,6
2024-06-06 23:55:00+00:00,2365.0,2369.0,2364.0,2365.0,11.5058,2024,6,6
2024-06-07 00:00:00+00:00,2365.0,2368.0,2359.0,2366.0,6.2737,2024,6,7
2024-06-07 00:05:00+00:00,2366.0,2366.0,2365.0,2365.0,0.1077,2024,6,7
2024-06-07 00:10:00+00:00,2366.0,2366.0,2365.0,2366.0,0.3672,2024,6,7
2024-06-07 00:15:00+00:00,2366.0,2366.0,2366.0,2366.0,0.0141,2024,6,7
2024-06-07 00:20:00+00:00,2366.0,2367.0,2366.0,2367.0,0.1022,2024,6,7
2024-06-07 00:25:00+00:00,2367.0,2367.0,2366.0,2366.0,0.0452,2024,6,7
2024-06-07 00:30:00+00:00,2366.0,2367.0,2366.0,2366.0,0.1351,2024,6,7
2024-06-07 00:35:00+00:00,2367.0,2367.0,2366.0,2367.0,0.2171,2024,6,7
2024-06-07 00:40:00+00:00,2366.0,2367.0,2366.0,2366.0,0.0547,2024,6,7
2024-06-07 00:45:00+00:00,2366.0,2366.0,2366.0,2366.0,0.065,2024,6,7
2024-06-07 00:50:00+00:00,2366.0,2366.0,2366.0,2366.0,0.1766,2024,6,7
2024-06-07 00:55:00+00:00,2366.0,2367.0,2364.0,2365.0,0.7427,2024,6,7
2024-06-07 01:00:00+00:00,2365.0,2365.0,2364.0,2364.0,0.1669,2024,6,7
2024-06-07 01:05:00+00:00,2365.0,2367.0,2365.0,2366.0,0.1893,2024,6,7
2024-06-07 01:10:00+00:00,2366.0,2367.0,2366.0,2367.0,0.3915,2024,6,7
2024-06-07 01:15:00+00:00,2367.0,2367.0,2366.0,2366.0,0.1062,2024,6,7
2024-06-07 01:20:00+00:00,2367.0,2367.0,2366.0,2366.0,0.0873,2024,6,7
2024-06-07 01:25:00+00:00,2367.0,2367.0,2362.0,2363.0,1.0722,2024,6,7
2024-06-07 01:30:00+00:00,2363.0,2366.0,2363.0,2366.0,1.12,2024,6,7
2024-06-07 01:35:00+00:00,2364.0,2365.0,2364.0,2365.0,0.1935,2024,6,7
2024-06-07 01:40:00+00:00,2365.0,2367.0,2365.0,2366.0,0.9766,2024,6,7
2024-06-07 01:45:00+00:00,2365.0,2366.0,2365.0,2365.0,0.0265,2024,6,7
2024-06-07 01:50:00+00:00,2366.0,2369.0,2366.0,2367.0,3.5483,2024,6,7
2024-06-07 01:55:00+00:00,2366.0,2367.0,2365.0,2366.0,0.6935,2024,6,7
2024-06-07 02:00:00+00:00,2365.0,2365.0,2364.0,2365.0,0.0709,2024,6,7
2024-06-07 02:05:00+00:00,2365.0,2365.0,2364.0,2364.0,0.0944,2024,6,7
2024-06-07 02:10:00+00:00,2365.0,2365.0,2359.0,2364.0,2.2674,2024,6,7
2024-06-07 02:15:00+00:00,2364.0,2366.0,2364.0,2366.0,0.2375,2024,6,7
2024-06-07 02:20:00+00:00,2365.0,2366.0,2365.0,2366.0,0.0514,2024,6,7
2024-06-07 02:25:00+00:00,2365.0,2366.0,2365.0,2366.0,0.8462,2024,6,7
2024-06-07 02:30:00+00:00,2366.0,2366.0,2365.0,2365.0,0.4269,2024,6,7
2024-06-07 02:35:00+00:00,2365.0,2365.0,2363.0,2364.0,0.4878,2024,6,7
2024-06-07 02:40:00+00:00,2364.0,2365.0,2364.0,2364.0,0.1688,2024,6,7
2024-06-07 02:45:00+00:00,2365.0,2365.0,2365.0,2365.0,0.0027,2024,6,7
2024-06-07 02:50:00+00:00,2364.0,2366.0,2364.0,2364.0,0.4231,2024,6,7
2024-06-07 02:55:00+00:00,2365.0,2365.0,2365.0,2365.0,0.0135,2024,6,7
2024-06-07 03:00:00+00:00,2365.0,2365.0,2365.0,2365.0,0.114,2024,6,7
2024-06-07 03:05:00+00:00,2364.0,2364.0,2364.0,2364.0,0.2223,2024,6,7
2024-06-07 03:10:00+00:00,2362.0,2364.0,2360.0,2363.0,0.6077,2024,6,7
2024-06-07 03:15:00+00:00,2362.0,2362.0,2362.0,2362.0,0.1014,2024,6,7
2024-06-07 03:20:00+00:00,2363.0,2364.0,2362.0,2362.0,1.4157,2024,6,7
2024-06-07 03:25:00+00:00,2363.0,2363.0,2362.0,2363.0,0.1037,2024,6,7
2024-06-07 03:30:00+00:00,2364.0,2364.0,2363.0,2363.0,0.3335,2024,6,7
2024-06-07 03:35:00+00:00,2364.0,2365.0,2364.0,2365.0,0.3072,2024,6,7
2024-06-07 03:40:00+00:00,2365.0,2366.0,2365.0,2365.0,0.2654,2024,6,7
2024-06-07 03:45:00+00:00,2366.0,2366.0,2359.0,2365.0,4.4903,2024,6,7
2024-06-07 03:50:00+00:00,2365.0,2366.0,2364.0,2366.0,0.1179,2024,6,7
2024-06-07 03:55:00+00:00,2366.0,2366.0,2362.0,2362.0,0.2584,2024,6,7
2024-06-07 04:00:00+00:00,2364.0,2365.0,2364.0,2365.0,0.0474,2024,6,7
2024-06-07 04:05:00+00:00,2365.0,2366.0,2364.0,2366.0,0.3375,2024,6,7
2024-06-07 04:10:00+00:00,2365.0,2367.0,2365.0,2367.0,1.2787,2024,6,7
2024-06-07 04:15:00+00:00,2368.0,2368.0,2367.0,2367.0,0.4194,2024,6,7
2024-06-07 04:20:00+00:00,2368.0,2368.0,2366.0,2366.0,0.7314,2024,6,7
2024-06-07 04:25:00+00:00,2368.0,2368.0,2366.0,2368.0,0.7322,2024,6,7
2024-06-07 04:30:00+00:00,2368.0,2368.0,2368.0,2368.0,0.0376,2024,6,7
2024-06-07 04:35:00+00:00,2368.0,2368.0,2367.0,2367.0,0.0831,2024,6,7
2024-06-07 04:40:00+00:00,2368.0,2369.0,2366.0,2368.0,2.8648,2024,6,7
2024-06-07 04:45:00+00:00,2368.0,2369.0,2368.0,2369.0,0.4221,2024,6,7
2024-06-07 04:50:00+00:00,2367.0,2369.0,2366.0,2367.0,0.6987,2024,6,7
2024-06-07 04:55:00+00:00,2368.0,2368.0,2367.0,2368.0,0.0295,2024,6,7
2024-06-07 05:00:00+00:00,2368.0,2369.0,2367.0,2368.0,6.3208,2024,6,7
2024-06-07 05:05:00+00:00,2369.0,2369.0,2367.0,2368.0,0.7157,2024,6,7
2024-06-07 05:10:00+00:00,2368.0,2368.0,2367.0,2368.0,0.346,2024,6,7
2024-06-07 05:15:00+00:00,2368.0,2369.0,2368.0,2369.0,0.8285,2024,6,7
2024-06-07 05:20:00+00:00,2368.0,2369.0,2368.0,2368.0,0.5431,2024,6,7
2024-06-07 05:25:00+00:00,2367.0,2369.0,2367.0,2369.0,2.0924,2024,6,7
2024-06-07 05:30:00+00:00,2368.0,2368.0,2366.0,2367.0,0.6994,2024,6,7
2024-06-07 05:35:00+00:00,2368.0,2369.0,2367.0,2368.0,0.732,2024,6,7
2024-06-07 05:40:00+00:00,2367.0,2367.0,2366.0,2366.0,0.1657,2024,6,7
2024-06-07 05:45:00+00:00,2368.0,2369.0,2367.0,2368.0,1.6184,2024,6,7
2024-06-07 05:50:00+00:00,2367.0,2369.0,2367.0,2367.0,0.4738,2024,6,7
2024-06-07 05:55:00+00:00,2368.0,2368.0,2368.0,2368.0,0.048,2024,6,7
2024-06-07 06:00:00+00:00,2367.0,2368.0,2367.0,2368.0,0.2359,2024,6,7
2024-06-07 06:05:00+00:00,2367.0,2369.0,2365.0,2365.0,3.2618,2024,6,7
2024-06-07 06:10:00+00:00,2367.0,2367.0,2366.0,2367.0,0.3086,2024,6,7
2024-06-07 06:15:00+00:00,2367.0,2369.0,2366.0,2369.0,5.3345,2024,6,7
2024-06-07 06:20:00+00:00,2367.0,2367.0,2367.0,2367.0,0.0083,2024,6,7
2024-06-07 06:25:00+00:00,2367.0,2367.0,2366.0,2366.0,0.5494,2024,6,7
2024-06-07 06:30:00+00:00,2367.0,2367.0,2365.0,2366.0,5.0689,2024,6,7
2024-06-07 06:35:00+00:00,2366.0,2367.0,2365.0,2367.0,0.8847,2024,6,7
2024-06-07 06:40:00+00:00,2366.0,2367.0,2366.0,2367.0,0.066,2024,6,7
2024-06-07 06:45:00+00:00,2366.0,2369.0,2366.0,2368.0,3.7938,2024,6,7
2024-06-07 06:50:00+00:00,2368.0,2370.0,2368.0,2368.0,1.9684,2024,6,7
2024-06-07 06:55:00+00:00,2368.0,2369.0,2368.0,2369.0,0.0285,2024,6,7
2024-06-07 07:00:00+00:00,2369.0,2369.0,2368.0,2368.0,0.0894,2024,6,7
2024-06-07 07:05:00+00:00,2368.0,2369.0,2368.0,2369.0,0.0772,2024,6,7
2024-06-07 07:10:00+00:00,2369.0,2370.0,2367.0,2367.0,2.1707,2024,6,7
2024-06-07 07:15:00+00:00,2368.0,2368.0,2367.0,2367.0,0.7728,2024,6,7
2024-06-07 07:20:00+00:00,2368.0,2371.0,2368.0,2371.0,1.5288,2024,6,7
2024-06-07 07:25:00+00:00,2370.0,2370.0,2366.0,2367.0,1.5787,2024,6,7
2024-06-07 07:30:00+00:00,2366.0,2370.0,2366.0,2368.0,1.3969,2024,6,7
2024-06-07 07:35:00+00:00,2368.0,2371.0,2368.0,2369.0,6.5168,2024,6,7
2024-06-07 07:40:00+00:00,2370.0,2371.0,2369.0,2369.0,1.6695,2024,6,7
2024-06-07 07:45:00+00:00,2368.0,2369.0,2368.0,2369.0,0.6731,2024,6,7
2024-06-07 07:50:00+00:00,2369.0,2371.0,2368.0,2369.0,0.8013,2024,6,7
2024-06-07 07:55:00+00:00,2369.0,2370.0,2369.0,2370.0,0.1147,2024,6,7
2024-06-07 08:00:00+00:00,2369.0,2370.0,2360.0,2362.0,14.008,2024,6,7
2024-06-07 08:05:00+00:00,2361.0,2361.0,2355.0,2356.0,10.3921,2024,6,7
2024-06-07 08:10:00+00:00,2356.0,2358.0,2355.0,2357.0,4.6195,2024,6,7
2024-06-07 08:15:00+00:00,2357.0,2357.0,2355.0,2356.0,2.4644,2024,6,7
2024-06-07 08:20:00+00:00,2357.0,2359.0,2357.0,2359.0,1.9149,2024,6,7
2024-06-07 08:25:00+00:00,2359.0,2361.0,2359.0,2361.0,7.5283,2024,6,7
2024-06-07 08:30:00+00:00,2360.0,2362.0,2359.0,2359.0,5.6895,2024,6,7
2024-06-07 08:35:00+00:00,2360.0,2360.0,2355.0,2356.0,7.3289,2024,6,7
2024-06-07 08:40:00+00:00,2356.0,2356.0,2352.0,2353.0,11.4823,2024,6,7
2024-06-07 08:45:00+00:00,2353.0,2353.0,2351.0,2353.0,2.8369,2024,6,7
2024-06-07 08:50:00+00:00,2353.0,2354.0,2351.0,2353.0,5.0592,2024,6,7
2024-06-07 08:55:00+00:00,2353.0,2354.0,2351.0,2352.0,2.8712,2024,6,7
2024-06-07 09:00:00+00:00,2353.0,2354.0,2353.0,2353.0,0.3803,2024,6,7
2024-06-07 09:05:00+00:00,2353.0,2353.0,2350.0,2350.0,1.738,2024,6,7
2024-06-07 09:10:00+00:00,2352.0,2352.0,2345.0,2347.0,26.9532,2024,6,7
2024-06-07 09:15:00+00:00,2348.0,2352.0,2348.0,2349.0,2.7607,2024,6,7
2024-06-07 09:20:00+00:00,2349.0,2350.0,2349.0,2350.0,0.6957,2024,6,7
2024-06-07 09:25:00+00:00,2350.0,2350.0,2348.0,2348.0,0.9729,2024,6,7
2024-06-07 09:30:00+00:00,2349.0,2350.0,2346.0,2350.0,2.0293,2024,6,7
2024-06-07 09:35:00+00:00,2350.0,2350.0,2345.0,2348.0,9.9343,2024,6,7
2024-06-07 09:40:00+00:00,2348.0,2349.0,2345.0,2347.0,4.7915,2024,6,7
2024-06-07 09:45:00+00:00,2348.0,2348.0,2345.0,2347.0,13.8239,2024,6,7
2024-06-07 09:50:00+00:00,2346.0,2348.0,2345.0,2347.0,1.7202,2024,6,7
2024-06-07 09:55:00+00:00,2347.0,2347.0,2346.0,2347.0,1.4991,2024,6,7
2024-06-07 10:00:00+00:00,2347.0,2347.0,2344.0,2345.0,6.446,2024,6,7
2024-06-07 10:05:00+00:00,2345.0,2345.0,2343.0,2344.0,5.3037,2024,6,7
2024-06-07 10:10:00+00:00,2344.0,2345.0,2343.0,2345.0,0.573,2024,6,7
2024-06-07 10:15:00+00:00,2345.0,2345.0,2343.0,2343.0,5.8757,2024,6,7
2024-06-07 10:20:00+00:00,2342.0,2342.0,2340.0,2340.0,9.0938,2024,6,7
2024-06-07 10:25:00+00:00,2340.0,2343.0,2340.0,2342.0,4.1458,2024,6,7
2024-06-07 10:30:00+00:00,2342.0,2342.0,2340.0,2342.0,2.6751,2024,6,7
2024-06-07 10:35:00+00:00,2342.0,2342.0,2338.0,2338.0,6.1518,2024,6,7
2024-06-07 10:40:00+00:00,2340.0,2341.0,2339.0,2341.0,3.1851,2024,6,7
2024-06-07 10:45:00+00:00,2339.0,2341.0,2337.0,2340.0,2.0847,2024,6,7
2024-06-07 10:50:00+00:00,2340.0,2341.0,2339.0,2341.0,4.4524,2024,6,7
2024-06-07 10:55:00+00:00,2341.0,2341.0,2338.0,2338.0,2.6499,2024,6,7
2024-06-07 11:00:00+00:00,2338.0,2339.0,2336.0,2339.0,2.649,2024,6,7
2024-06-07 11:05:00+00:00,2339.0,2339.0,2336.0,2338.0,4.8616,2024,6,7
2024-06-07 11:10:00+00:00,2338.0,2339.0,2336.0,2338.0,20.2347,2024,6,7
2024-06-07 11:15:00+00:00,2338.0,2340.0,2336.0,2340.0,3.8983,2024,6,7
2024-06-07 11:20:00+00:00,2340.0,2340.0,2337.0,2338.0,1.5931,2024,6,7
2024-06-07 11:25:00+00:00,2338.0,2340.0,2337.0,2339.0,2.9851,2024,6,7
2024-06-07 11:30:00+00:00,2339.0,2340.0,2337.0,2340.0,0.3733,2024,6,7
2024-06-07 11:35:00+00:00,2340.0,2342.0,2339.0,2340.0,3.1166,2024,6,7
2024-06-07 11:40:00+00:00,2340.0,2343.0,2336.0,2337.0,6.1282,2024,6,7
2024-06-07 11:45:00+00:00,2337.0,2339.0,2336.0,2339.0,2.7592,2024,6,7
2024-06-07 11:50:00+00:00,2339.0,2340.0,2338.0,2340.0,0.5811,2024,6,7
2024-06-07 11:55:00+00:00,2340.0,2342.0,2339.0,2342.0,2.1923,2024,6,7
2024-06-07 12:00:00+00:00,2342.0,2343.0,2338.0,2343.0,4.1093,2024,6,7
2024-06-07 12:05:00+00:00,2343.0,2343.0,2340.0,2342.0,3.3509,2024,6,7
2024-06-07 12:10:00+00:00,2341.0,2344.0,2340.0,2342.0,9.6166,2024,6,7
2024-06-07 12:15:00+00:00,2342.0,2342.0,2339.0,2341.0,2.0698,2024,6,7
2024-06-07 12:20:00+00:00,2341.0,2342.0,2338.0,2341.0,10.1782,2024,6,7
2024-06-07 12:25:00+00:00,2340.0,2340.0,2338.0,2339.0,4.2096,2024,6,7
2024-06-07 12:30:00+00:00,2339.0,2341.0,2330.0,2331.0,29.8088,2024,6,7
2024-06-07 12:35:00+00:00,2331.0,2332.0,2330.0,2332.0,5.2242,2024,6,7
2024-06-07 12:40:00+00:00,2332.0,2334.0,2331.0,2334.0,5.4794,2024,6,7
2024-06-07 12:45:00+00:00,2333.0,2336.0,2331.0,2336.0,3.6166,2024,6,7
2024-06-07 12:50:00+00:00,2335.0,2337.0,2333.0,2334.0,8.0216,2024,6,7
2024-06-07 12:55:00+00:00,2335.0,2337.0,2331.0,2331.0,6.0421,2024,6,7
2024-06-07 13:00:00+00:00,2334.0,2339.0,2331.0,2331.0,7.1846,2024,6,7
2024-06-07 13:05:00+00:00,2333.0,2340.0,2331.0,2338.0,5.5072,2024,6,7
2024-06-07 13:10:00+00:00,2337.0,2339.0,2333.0,2333.0,11.9055,2024,6,7
2024-06-07 13:15:00+00:00,2333.0,2336.0,2332.0,2335.0,1.7158,2024,6,7
2024-06-07 13:20:00+00:00,2335.0,2336.0,2333.0,2335.0,3.8461,2024,6,7
2024-06-07 13:25:00+00:00,2334.0,2338.0,2334.0,2337.0,1.344,2024,6,7
2024-06-07 13:30:00+00:00,2336.0,2339.0,2335.0,2338.0,3.0094,2024,6,7
2024-06-07 13:35:00+00:00,2337.0,2337.0,2330.0,2332.0,25.0736,2024,6,7
2024-06-07 13:40:00+00:00,2333.0,2335.0,2332.0,2334.0,2.8253,2024,6,7
2024-06-07 13:45:00+00:00,2333.0,2334.0,2333.0,2334.0,0.4509,2024,6,7
2024-06-07 13:50:00+00:00,2333.0,2334.0,2330.0,2330.0,28.0607,2024,6,7
2024-06-07 13:55:00+00:00,2330.0,2332.0,2328.0,2330.0,15.1117,2024,6,7
2024-06-07 14:00:00+00:00,2329.0,2331.0,2328.0,2331.0,3.9767,2024,6,7
2024-06-07 14:05:00+00:00,2330.0,2335.0,2330.0,2331.0,5.3526,2024,6,7
2024-06-07 14:10:00+00:00,2331.0,2332.0,2322.0,2328.0,21.0152,2024,6,7
2024-06-07 14:15:00+00:00,2327.0,2329.0,2322.0,2325.0,14.146,2024,6,7
2024-06-07 14:20:00+00:00,2325.0,2328.0,2323.0,2327.0,5.1333,2024,6,7
2024-06-07 14:25:00+00:00,2327.0,2330.0,2326.0,2328.0,3.8442,2024,6,7
2024-06-07 14:30:00+00:00,2327.0,2331.0,2324.0,2326.0,5.1953,2024,6,7
2024-06-07 14:35:00+00:00,2326.0,2326.0,2323.0,2325.0,3.3788,2024,6,7
2024-06-07 14:40:00+00:00,2325.0,2328.0,2323.0,2327.0,3.9853,2024,6,7
2024-06-07 14:45:00+00:00,2327.0,2329.0,2327.0,2329.0,8.2937,2024,6,7
2024-06-07 14:50:00+00:00,2329.0,2330.0,2327.0,2328.0,8.5613,2024,6,7
2024-06-07 14:55:00+00:00,2327.0,2331.0,2326.0,2327.0,3.5346,2024,6,7
2024-06-07 15:00:00+00:00,2328.0,2329.0,2326.0,2326.0,0.9687,2024,6,7
2024-06-07 15:05:00+00:00,2326.0,2329.0,2325.0,2329.0,1.1486,2024,6,7
2024-06-07 15:10:00+00:00,2328.0,2329.0,2327.0,2329.0,1.5829,2024,6,7
2024-06-07 15:15:00+00:00,2329.0,2329.0,2322.0,2324.0,11.9117,2024,6,7
2024-06-07 15:20:00+00:00,2324.0,2327.0,2324.0,2327.0,0.7682,2024,6,7
2024-06-07 15:25:00+00:00,2326.0,2327.0,2321.0,2323.0,10.3012,2024,6,7
2024-06-07 15:30:00+00:00,2322.0,2322.0,2320.0,2321.0,5.8923,2024,6,7
2024-06-07 15:35:00+00:00,2321.0,2322.0,2321.0,2322.0,1.1892,2024,6,7
2024-06-07 15:40:00+00:00,2322.0,2322.0,2321.0,2321.0,3.0718,2024,6,7
2024-06-07 15:45:00+00:00,2322.0,2322.0,2321.0,2322.0,7.236,2024,6,7
2024-06-07 15:50:00+00:00,2322.0,2324.0,2318.0,2319.0,14.8483,2024,6,7
2024-06-07 15:55:00+00:00,2318.0,2320.0,2311.0,2316.0,459.5788,2024,6,7
2024-06-07 16:00:00+00:00,2315.0,2322.0,2312.0,2315.0,29.2178,2024,6,7
2024-06-07 16:05:00+00:00,2315.0,2322.0,2314.0,2319.0,11.4428,2024,6,7
2024-06-07 16:10:00+00:00,2318.0,2320.0,2316.0,2318.0,3.4599,2024,6,7
2024-06-07 16:15:00+00:00,2318.0,2319.0,2317.0,2319.0,1.0322,2024,6,7
2024-06-07 16:20:00+00:00,2319.0,2322.0,2319.0,2319.0,0.5169,2024,6,7
2024-06-07 16:25:00+00:00,2320.0,2322.0,2319.0,2322.0,3.2998,2024,6,7
2024-06-07 16:30:00+00:00,2321.0,2322.0,2319.0,2320.0,1.1778,2024,6,7
2024-06-07 16:35:00+00:00,2320.0,2320.0,2319.0,2320.0,0.6204,2024,6,7
2024-06-07 16:40:00+00:00,2320.0,2322.0,2320.0,2320.0,0.5742,2024,6,7
2024-06-07 16:45:00+00:00,2321.0,2321.0,2315.0,2318.0,3.5254,2024,6,7
2024-06-07 16:50:00+00:00,2318.0,2319.0,2316.0,2319.0,3.5588,2024,6,7
2024-06-07 16:55:00+00:00,2318.0,2320.0,2318.0,2320.0,1.1353,2024,6,7
2024-06-07 17:00:00+00:00,2320.0,2320.0,2314.0,2317.0,4.552,2024,6,7
2024-06-07 17:05:00+00:00,2318.0,2319.0,2316.0,2317.0,1.7797,2024,6,7
2024-06-07 17:10:00+00:00,2318.0,2320.0,2317.0,2318.0,1.438,2024,6,7
2024-06-07 17:15:00+00:00,2318.0,2320.0,2316.0,2319.0,2.2828,2024,6,7
2024-06-07 17:20:00+00:00,2320.0,2321.0,2318.0,2320.0,0.961,2024,6,7
2024-06-07 17:25:00+00:00,2319.0,2321.0,2317.0,2318.0,1.7325,2024,6,7
2024-06-07 17:30:00+00:00,2319.0,2320.0,2317.0,2320.0,1.6377,2024,6,7
2024-06-07 17:35:00+00:00,2320.0,2320.0,2317.0,2320.0,0.2514,2024,6,7
2024-06-07 17:40:00+00:00,2320.0,2320.0,2317.0,2318.0,0.0849,2024,6,7
2024-06-07 17:45:00+00:00,2320.0,2321.0,2317.0,2321.0,0.9205,2024,6,7
2024-06-07 17:50:00+00:00,2320.0,2321.0,2317.0,2319.0,8.4885,2024,6,7
2024-06-07 17:55:00+00:00,2319.0,2322.0,2317.0,2318.0,23.5443,2024,6,7
2024-06-07 18:00:00+00:00,2316.0,2317.0,2307.0,2308.0,167.5895,2024,6,7
2024-06-07 18:05:00+00:00,2309.0,2322.0,2303.0,2312.0,57.0286,2024,6,7
2024-06-07 18:10:00+00:00,2312.0,2313.0,2307.0,2307.0,9.6024,2024,6,7
2024-06-07 18:15:00+00:00,2309.0,2311.0,2301.0,2306.0,28.9656,2024,6,7
2024-06-07 18:20:00+00:00,2307.0,2311.0,2303.0,2310.0,22.7601,2024,6,7
2024-06-07 18:25:00+00:00,2310.0,2312.0,2303.0,2306.0,7.3933,2024,6,7
2024-06-07 18:30:00+00:00,2305.0,2309.0,2305.0,2307.0,3.5755,2024,6,7
2024-06-07 18:35:00+00:00,2308.0,2309.0,2307.0,2309.0,7.2052,2024,6,7
2024-06-07 18:40:00+00:00,2309.0,2315.0,2307.0,2311.0,37.7938,2024,6,7
2024-06-07 18:45:00+00:00,2310.0,2312.0,2310.0,2311.0,5.2308,2024,6,7
2024-06-07 18:50:00+00:00,2310.0,2312.0,2309.0,2310.0,3.5391,2024,6,7
2024-06-07 18:55:00+00:00,2310.0,2319.0,2309.0,2311.0,21.5216,2024,6,7
2024-06-07 19:00:00+00:00,2311.0,2315.0,2310.0,2312.0,5.0398,2024,6,7
2024-06-07 19:05:00+00:00,2312.0,2313.0,2310.0,2311.0,1.6368,2024,6,7
2024-06-07 19:10:00+00:00,2311.0,2313.0,2310.0,2310.0,7.3809,2024,6,7
2024-06-07 19:15:00+00:00,2310.0,2311.0,2306.0,2306.0,13.3699,2024,6,7
2024-06-07 19:20:00+00:00,2307.0,2307.0,2305.0,2306.0,4.0525,2024,6,7
2024-06-07 19:25:00+00:00,2307.0,2311.0,2306.0,2311.0,4.8353,2024,6,7
2024-06-07 19:30:00+00:00,2311.0,2314.0,2309.0,2310.0,10.1035,2024,6,7
2024-06-07 19:35:00+00:00,2311.0,2313.0,2310.0,2310.0,2.9778,2024,6,7
2024-06-07 19:40:00+00:00,2311.0,2312.0,2307.0,2309.0,8.1135,2024,6,7
2024-06-07 19:45:00+00:00,2308.0,2312.0,2307.0,2307.0,7.1791,2024,6,7
2024-06-07 19:50:00+00:00,2307.0,2307.0,2303.0,2304.0,7.2176,2024,6,7
2024-06-07 19:55:00+00:00,2303.0,2306.0,2303.0,2305.0,15.6478,2024,6,7
2024-06-07 20:00:00+00:00,2306.0,2306.0,2299.0,2301.0,22.0542,2024,6,7
2024-06-07 20:05:00+00:00,2301.0,2303.0,2301.0,2301.0,8.3808,2024,6,7
2024-06-07 20:10:00+00:00,2301.0,2303.0,2292.0,2300.0,37.6332,2024,6,7
2024-06-07 20:15:00+00:00,2300.0,2300.0,2298.0,2299.0,5.0586,2024,6,7
2024-06-07 20:20:00+00:00,2300.0,2301.0,2298.0,2300.0,4.0133,2024,6,7
2024-06-07 20:25:00+00:00,2298.0,2302.0,2298.0,2302.0,1.7759,2024,6,7
2024-06-07 20:30:00+00:00,2301.0,2305.0,2295.0,2302.0,26.2827,2024,6,7
2024-06-07 20:35:00+00:00,2302.0,2303.0,2301.0,2303.0,0.4648,2024,6,7
2024-06-07 20:40:00+00:00,2302.0,2304.0,2302.0,2302.0,1.9732,2024,6,7
2024-06-07 20:45:00+00:00,2303.0,2303.0,2301.0,2303.0,0.9672,2024,6,7
2024-06-07 20:50:00+00:00,2301.0,2304.0,2301.0,2304.0,0.6998,2024,6,7
2024-06-07 20:55:00+00:00,2303.0,2304.0,2301.0,2301.0,4.2675,2024,6,7
2024-06-07 21:00:00+00:00,2302.0,2305.0,2301.0,2303.0,2.1462,2024,6,7
2024-06-07 21:05:00+00:00,2303.0,2304.0,2302.0,2303.0,0.4797,2024,6,7
2024-06-07 21:10:00+00:00,2304.0,2305.0,2302.0,2303.0,3.0691,2024,6,7
2024-06-07 21:15:00+00:00,2303.0,2305.0,2303.0,2304.0,2.9072,2024,6,7
2024-06-07 21:20:00+00:00,2304.0,2304.0,2303.0,2304.0,0.4,2024,6,7
2024-06-07 21:25:00+00:00,2303.0,2304.0,2303.0,2303.0,0.3716,2024,6,7
2024-06-07 21:30:00+00:00,2303.0,2304.0,2301.0,2301.0,6.4915,2024,6,7
2024-06-07 21:35:00+00:00,2301.0,2302.0,2300.0,2300.0,0.9883,2024,6,7
2024-06-07 21:40:00+00:00,2301.0,2302.0,2300.0,2301.0,0.1221,2024,6,7
2024-06-07 21:45:00+00:00,2300.0,2302.0,2300.0,2302.0,1.7922,2024,6,7
2024-06-07 21:50:00+00:00,2302.0,2302.0,2301.0,2301.0,0.2665,2024,6,7
2024-06-07 21:55:00+00:00,2302.0,2303.0,2301.0,2303.0,1.3799,2024,6,7
2024-06-07 22:00:00+00:00,2302.0,2303.0,2301.0,2302.0,0.3401,2024,6,7
2024-06-07 22:05:00+00:00,2301.0,2301.0,2301.0,2301.0,0.2201,2024,6,7
2024-06-07 22:10:00+00:00,2301.0,2303.0,2301.0,2301.0,1.0076,2024,6,7
2024-06-07 22:15:00+00:00,2301.0,2303.0,2300.0,2300.0,1.395,2024,6,7
2024-06-07 22:20:00+00:00,2301.0,2302.0,2300.0,2300.0,0.4423,2024,6,7
2024-06-07 22:25:00+00:00,2302.0,2302.0,2300.0,2300.0,0.7845,2024,6,7
2024-06-07 22:30:00+00:00,2301.0,2303.0,2300.0,2303.0,0.2083,2024,6,7
2024-06-07 22:35:00+00:00,2303.0,2303.0,2300.0,2303.0,0.3798,2024,6,7
2024-06-07 22:40:00+00:00,2300.0,2303.0,2300.0,2303.0,0.1834,2024,6,7
2024-06-07 22:45:00+00:00,2300.0,2305.0,2300.0,2303.0,3.5952,2024,6,7
2024-06-07 22:50:00+00:00,2303.0,2307.0,2300.0,2304.0,3.9127,2024,6,7
2024-06-07 22:55:00+00:00,2304.0,2306.0,2304.0,2305.0,0.3762,2024,6,7
2024-06-07 23:00:00+00:00,2304.0,2305.0,2302.0,2302.0,0.3397,2024,6,7
2024-06-07 23:05:00+00:00,2303.0,2304.0,2302.0,2304.0,0.3318,2024,6,7
2024-06-07 23:10:00+00:00,2303.0,2305.0,2302.0,2302.0,2.153,2024,6,7
2024-06-07 23:15:00+00:00,2302.0,2304.0,2302.0,2302.0,0.461,2024,6,7
2024-06-07 23:20:00+00:00,2304.0,2304.0,2302.0,2303.0,0.4608,2024,6,7
2024-06-07 23:25:00+00:00,2303.0,2306.0,2302.0,2302.0,0.9098,2024,6,7
2024-06-07 23:30:00+00:00,2302.0,2304.0,2302.0,2303.0,0.0818,2024,6,7
2024-06-07 23:35:00+00:00,2303.0,2304.0,2301.0,2301.0,3.0485,2024,6,7
2024-06-07 23:40:00+00:00,2302.0,2304.0,2301.0,2302.0,2.3242,2024,6,7
2024-06-07 23:45:00+00:00,2302.0,2304.0,2300.0,2304.0,1.3679,2024,6,7
2024-06-07 23:50:00+00:00,2304.0,2314.0,2302.0,2311.0,43.9477,2024,6,7
2024-06-07 23:55:00+00:00,2311.0,2318.0,2310.0,2310.0,11.5283,2024,6,7
2024-06-08 00:00:00+00:00,2311.0,2312.0,2309.0,2309.0,12.1803,2024,6,8
2024-06-08 00:05:00+00:00,2309.0,2311.0,2309.0,2309.0,0.6,2024,6,8
2024-06-08 00:10:00+00:00,2312.0,2312.0,2309.0,2309.0,0.6708,2024,6,8
2024-06-08 00:15:00+00:00,2309.0,2313.0,2309.0,2312.0,1.3981,2024,6,8
2024-06-08 00:20:00+00:00,2312.0,2312.0,2311.0,2311.0,0.0673,2024,6,8
2024-06-08 00:25:00+00:00,2311.0,2316.0,2310.0,2314.0,9.283,2024,6,8
2024-06-08 00:30:00+00:00,2312.0,2313.0,2312.0,2312.0,0.0764,2024,6,8
2024-06-08 00:35:00+00:00,2312.0,2313.0,2311.0,2312.0,0.9774,2024,6,8
2024-06-08 00:40:00+00:00,2312.0,2315.0,2311.0,2313.0,1.0268,2024,6,8
2024-06-08 00:45:00+00:00,2314.0,2315.0,2313.0,2314.0,0.2521,2024,6,8
2024-06-08 00:50:00+00:00,2314.0,2315.0,2313.0,2313.0,0.9642,2024,6,8
2024-06-08 00:55:00+00:00,2313.0,2315.0,2313.0,2314.0,0.0744,2024,6,8
2024-06-08 01:00:00+00:00,2315.0,2315.0,2313.0,2313.0,0.2576,2024,6,8
2024-06-08 01:05:00+00:00,2313.0,2314.0,2313.0,2313.0,0.1253,2024,6,8
2024-06-08 01:10:00+00:00,2313.0,2314.0,2310.0,2314.0,1.4139,2024,6,8
2024-06-08 01:15:00+00:00,2313.0,2313.0,2313.0,2313.0,0.0928,2024,6,8
2024-06-08 01:20:00+00:00,2313.0,2314.0,2313.0,2313.0,0.0767,2024,6,8
2024-06-08 01:25:00+00:00,2314.0,2316.0,2314.0,2314.0,1.9838,2024,6,8
2024-06-08 01:30:00+00:00,2315.0,2316.0,2313.0,2314.0,2.0995,2024,6,8
2024-06-08 01:35:00+00:00,2314.0,2315.0,2314.0,2314.0,0.1336,2024,6,8
2024-06-08 01:40:00+00:00,2314.0,2314.0,2314.0,2314.0,0.3022,2024,6,8
2024-06-08 01:45:00+00:00,2314.0,2314.0,2314.0,2314.0,0.0416,2024,6,8
2024-06-08 01:50:00+00:00,2315.0,2315.0,2313.0,2313.0,0.738,2024,6,8
2024-06-08 01:55:00+00:00,2312.0,2312.0,2310.0,2310.0,0.7021,2024,6,8
2024-06-08 02:00:00+00:00,2309.0,2309.0,2305.0,2305.0,1.4807,2024,6,8
2024-06-08 02:05:00+00:00,2305.0,2306.0,2304.0,2306.0,1.4132,2024,6,8
2024-06-08 02:10:00+00:00,2305.0,2306.0,2304.0,2306.0,0.4618,2024,6,8
2024-06-08 02:15:00+00:00,2305.0,2306.0,2305.0,2305.0,0.0339,2024,6,8
2024-06-08 02:20:00+00:00,2305.0,2306.0,2304.0,2305.0,0.3726,2024,6,8
2024-06-08 02:25:00+00:00,2304.0,2305.0,2304.0,2304.0,0.2415,2024,6,8
2024-06-08 02:30:00+00:00,2304.0,2304.0,2301.0,2303.0,5.2982,2024,6,8
2024-06-08 02:35:00+00:00,2303.0,2304.0,2303.0,2304.0,0.4732,2024,6,8
2024-06-08 02:40:00+00:00,2303.0,2304.0,2303.0,2303.0,0.1228,2024,6,8
2024-06-08 02:45:00+00:00,2303.0,2304.0,2302.0,2303.0,0.5601,2024,6,8
2024-06-08 02:50:00+00:00,2303.0,2304.0,2303.0,2304.0,0.0239,2024,6,8
2024-06-08 02:55:00+00:00,2304.0,2304.0,2303.0,2304.0,0.0729,2024,6,8
2024-06-08 03:00:00+00:00,2304.0,2304.0,2303.0,2304.0,0.6005,2024,6,8
2024-06-08 03:05:00+00:00,2303.0,2307.0,2303.0,2307.0,1.6391,2024,6,8
2024-06-08 03:10:00+00:00,2306.0,2307.0,2306.0,2307.0,0.3614,2024,6,8
2024-06-08 03:15:00+00:00,2306.0,2308.0,2306.0,2307.0,0.5651,2024,6,8
2024-06-08 03:20:00+00:00,2307.0,2307.0,2307.0,2307.0,0.0408,2024,6,8
2024-06-08 03:25:00+00:00,2306.0,2307.0,2306.0,2306.0,0.1275,2024,6,8
2024-06-08 03:30:00+00:00,2306.0,2306.0,2306.0,2306.0,0.1343,2024,6,8
2024-06-08 03:35:00+00:00,2306.0,2306.0,2305.0,2305.0,0.1537,2024,6,8
2024-06-08 03:40:00+00:00,2305.0,2306.0,2305.0,2306.0,0.179,2024,6,8
2024-06-08 03:45:00+00:00,2305.0,2306.0,2305.0,2305.0,0.0436,2024,6,8
2024-06-08 03:50:00+00:00,2305.0,2306.0,2305.0,2305.0,0.1438,2024,6,8
2024-06-08 03:55:00+00:00,2306.0,2307.0,2306.0,2306.0,1.0646,2024,6,8
2024-06-08 04:00:00+00:00,2307.0,2307.0,2306.0,2306.0,0.1592,2024,6,8
2024-06-08 04:05:00+00:00,2306.0,2306.0,2304.0,2305.0,1.3574,2024,6,8
2024-06-08 04:10:00+00:00,2305.0,2305.0,2303.0,2305.0,0.4881,2024,6,8
2024-06-08 04:15:00+00:00,2304.0,2312.0,2304.0,2306.0,3.1174,2024,6,8
2024-06-08 04:20:00+00:00,2307.0,2307.0,2306.0,2307.0,0.4837,2024,6,8
2024-06-08 04:25:00+00:00,2309.0,2309.0,2307.0,2307.0,0.0505,2024,6,8
2024-06-08 04:30:00+00:00,2308.0,2309.0,2305.0,2305.0,2.0848,2024,6,8
2024-06-08 04:35:00+00:00,2306.0,2306.0,2305.0,2305.0,0.0363,2024,6,8
2024-06-08 04:40:00+00:00,2305.0,2306.0,2305.0,2306.0,0.0418,2024,6,8
2024-06-08 04:45:00+00:00,2306.0,2306.0,2305.0,2305.0,0.0268,2024,6,8
2024-06-08 04:50:00+00:00,2306.0,2306.0,2305.0,2306.0,0.0494,2024,6,8
2024-06-08 04:55:00+00:00,2306.0,2306.0,2305.0,2306.0,0.2241,2024,6,8
2024-06-08 05:00:00+00:00,2306.0,2306.0,2305.0,2305.0,0.0889,2024,6,8
2024-06-08 05:05:00+00:00,2306.0,2306.0,2305.0,2305.0,0.2246,2024,6,8
2024-06-08 05:10:00+00:00,2306.0,2306.0,2305.0,2305.0,0.2223,2024,6,8
2024-06-08 05:15:00+00:00,2305.0,2305.0,2305.0,2305.0,0.0342,2024,6,8
2024-06-08 05:20:00+00:00,2306.0,2308.0,2305.0,2307.0,1.7415,2024,6,8
2024-06-08 05:25:00+00:00,2307.0,2311.0,2306.0,2310.0,3.2911,2024,6,8
2024-06-08 05:30:00+00:00,2310.0,2312.0,2310.0,2310.0,2.0643,2024,6,8
2024-06-08 05:35:00+00:00,2310.0,2313.0,2307.0,2309.0,3.3137,2024,6,8
2024-06-08 05:40:00+00:00,2309.0,2313.0,2307.0,2310.0,1.8964,2024,6,8
2024-06-08 05:45:00+00:00,2310.0,2311.0,2308.0,2310.0,1.2186,2024,6,8
2024-06-08 05:50:00+00:00,2310.0,2311.0,2307.0,2308.0,1.771,2024,6,8
2024-06-08 05:55:00+00:00,2309.0,2309.0,2306.0,2306.0,0.3904,2024,6,8
2024-06-08 06:00:00+00:00,2307.0,2307.0,2306.0,2306.0,0.3677,2024,6,8
2024-06-08 06:05:00+00:00,2306.0,2311.0,2305.0,2308.0,2.1861,2024,6,8
2024-06-08 06:10:00+00:00,2309.0,2309.0,2308.0,2308.0,0.6012,2024,6,8
2024-06-08 06:15:00+00:00,2308.0,2309.0,2308.0,2308.0,0.3496,2024,6,8
2024-06-08 06:20:00+00:00,2308.0,2309.0,2307.0,2307.0,0.4159,2024,6,8
2024-06-08 06:25:00+00:00,2307.0,2307.0,2304.0,2305.0,7.293,2024,6,8
2024-06-08 06:30:00+00:00,2304.0,2305.0,2302.0,2303.0,2.9068,2024,6,8
2024-06-08 06:35:00+00:00,2304.0,2306.0,2303.0,2306.0,0.6528,2024,6,8
2024-06-08 06:40:00+00:00,2305.0,2306.0,2305.0,2305.0,0.0228,2024,6,8
2024-06-08 06:45:00+00:00,2306.0,2306.0,2305.0,2306.0,0.0739,2024,6,8
2024-06-08 06:50:00+00:00,2305.0,2308.0,2303.0,2305.0,3.0871,2024,6,8
2024-06-08 06:55:00+00:00,2305.0,2305.0,2304.0,2305.0,0.1325,2024,6,8
2024-06-08 07:00:00+00:00,2304.0,2307.0,2303.0,2305.0,1.1144,2024,6,8
2024-06-08 07:05:00+00:00,2304.0,2306.0,2304.0,2306.0,0.0643,2024,6,8
2024-06-08 07:10:00+00:00,2306.0,2308.0,2306.0,2308.0,0.7103,2024,6,8
2024-06-08 07:15:00+00:00,2307.0,2310.0,2307.0,2309.0,0.5309,2024,6,8
2024-06-08 07:20:00+00:00,2309.0,2310.0,2308.0,2309.0,0.6333,2024,6,8
2024-06-08 07:25:00+00:00,2308.0,2310.0,2308.0,2309.0,0.2941,2024,6,8
2024-06-08 07:30:00+00:00,2309.0,2310.0,2308.0,2309.0,0.3204,2024,6,8
2024-06-08 07:35:00+00:00,2309.0,2309.0,2308.0,2309.0,0.1124,2024,6,8
2024-06-08 07:40:00+00:00,2309.0,2311.0,2307.0,2309.0,1.1167,2024,6,8
2024-06-08 07:45:00+00:00,2309.0,2312.0,2306.0,2308.0,2.4877,2024,6,8
2024-06-08 07:50:00+00:00,2308.0,2309.0,2305.0,2308.0,4.597,2024,6,8
2024-06-08 07:55:00+00:00,2308.0,2308.0,2308.0,2308.0,0.0643,2024,6,8
2024-06-08 08:00:00+00:00,2308.0,2308.0,2307.0,2307.0,0.121,2024,6,8
2024-06-08 08:05:00+00:00,2307.0,2307.0,2306.0,2306.0,0.4141,2024,6,8
2024-06-08 08:10:00+00:00,2308.0,2310.0,2306.0,2309.0,0.877,2024,6,8
2024-06-08 08:15:00+00:00,2309.0,2309.0,2308.0,2309.0,0.0721,2024,6,8
2024-06-08 08:20:00+00:00,2308.0,2309.0,2307.0,2308.0,0.1243,2024,6,8
2024-06-08 08:25:00+00:00,2309.0,2309.0,2307.0,2307.0,0.1258,2024,6,8
2024-06-08 08:30:00+00:00,2308.0,2310.0,2307.0,2310.0,0.6675,2024,6,8
2024-06-08 08:35:00+00:00,2309.0,2310.0,2308.0,2308.0,0.1711,2024,6,8
2024-06-08 08:40:00+00:00,2307.0,2309.0,2306.0,2308.0,0.5266,2024,6,8
2024-06-08 08:45:00+00:00,2308.0,2308.0,2306.0,2308.0,0.347,2024,6,8
2024-06-08 08:50:00+00:00,2306.0,2308.0,2306.0,2306.0,0.1493,2024,6,8
2024-06-08 08:55:00+00:00,2307.0,2307.0,2307.0,2307.0,0.0651,2024,6,8
2024-06-08 09:00:00+00:00,2306.0,2308.0,2306.0,2306.0,3.4916,2024,6,8
2024-06-08 09:05:00+00:00,2307.0,2308.0,2307.0,2308.0,0.3706,2024,6,8
2024-06-08 09:10:00+00:00,2307.0,2308.0,2306.0,2308.0,0.9199,2024,6,8
2024-06-08 09:15:00+00:00,2307.0,2307.0,2305.0,2306.0,2.1853,2024,6,8
2024-06-08 09:20:00+00:00,2307.0,2307.0,2306.0,2306.0,0.4101,2024,6,8
2024-06-08 09:25:00+00:00,2307.0,2307.0,2306.0,2307.0,0.0261,2024,6,8
2024-06-08 09:30:00+00:00,2307.0,2307.0,2306.0,2307.0,0.0402,2024,6,8
2024-06-08 09:35:00+00:00,2307.0,2307.0,2306.0,2307.0,0.1873,2024,6,8
2024-06-08 09:40:00+00:00,2306.0,2307.0,2306.0,2306.0,0.1931,2024,6,8
2024-06-08 09:45:00+00:00,2307.0,2307.0,2307.0,2307.0,0.0114,2024,6,8
2024-06-08 09:50:00+00:00,2307.0,2307.0,2305.0,2307.0,2.417,2024,6,8
2024-06-08 09:55:00+00:00,2307.0,2307.0,2305.0,2305.0,0.4818,2024,6,8
2024-06-08 10:00:00+00:00,2306.0,2307.0,2305.0,2307.0,0.2836,2024,6,8
2024-06-08 10:05:00+00:00,2306.0,2306.0,2305.0,2305.0,0.1087,2024,6,8
2024-06-08 10:10:00+00:00,2307.0,2307.0,2305.0,2307.0,1.9555,2024,6,8
2024-06-08 10:15:00+00:00,2306.0,2307.0,2306.0,2307.0,0.8892,2024,6,8
2024-06-08 10:20:00+00:00,2307.0,2307.0,2305.0,2307.0,2.1938,2024,6,8
2024-06-08 10:25:00+00:00,2306.0,2307.0,2306.0,2306.0,0.7446,2024,6,8
2024-06-08 10:30:00+00:00,2307.0,2307.0,2305.0,2306.0,1.6924,2024,6,8
2024-06-08 10:35:00+00:00,2306.0,2307.0,2306.0,2306.0,0.1626,2024,6,8
2024-06-08 10:40:00+00:00,2306.0,2307.0,2306.0,2306.0,0.9684,2024,6,8
2024-06-08 10:45:00+00:00,2307.0,2307.0,2305.0,2306.0,0.0253,2024,6,8
2024-06-08 10:50:00+00:00,2306.0,2306.0,2304.0,2304.0,3.2726,2024,6,8
2024-06-08 10:55:00+00:00,2304.0,2304.0,2303.0,2304.0,0.0561,2024,6,8
2024-06-08 11:00:00+00:00,2304.0,2304.0,2295.0,2304.0,50.6701,2024,6,8
2024-06-08 11:05:00+00:00,2304.0,2304.0,2302.0,2303.0,0.0357,2024,6,8
2024-06-08 11:10:00+00:00,2303.0,2303.0,2301.0,2301.0,0.2918,2024,6,8
2024-06-08 11:15:00+00:00,2302.0,2302.0,2300.0,2302.0,0.2856,2024,6,8
2024-06-08 11:20:00+00:00,2301.0,2302.0,2301.0,2302.0,0.0507,2024,6,8
2024-06-08 11:25:00+00:00,2302.0,2302.0,2301.0,2301.0,0.0771,2024,6,8
2024-06-08 11:30:00+00:00,2302.0,2303.0,2302.0,2302.0,1.1534,2024,6,8
2024-06-08 11:35:00+00:00,2301.0,2302.0,2300.0,2300.0,0.6283,2024,6,8
2024-06-08 11:40:00+00:00,2302.0,2303.0,2301.0,2301.0,1.5011,2024,6,8
2024-06-08 11:45:00+00:00,2301.0,2304.0,2300.0,2303.0,0.9143,2024,6,8
2024-06-08 11:50:00+00:00,2303.0,2304.0,2303.0,2303.0,0.0761,2024,6,8
2024-06-08 11:55:00+00:00,2303.0,2303.0,2302.0,2302.0,0.059,2024,6,8
2024-06-08 12:00:00+00:00,2303.0,2304.0,2302.0,2303.0,0.6158,2024,6,8
2024-06-08 12:05:00+00:00,2302.0,2302.0,2300.0,2301.0,0.7195,2024,6,8
2024-06-08 12:10:00+00:00,2302.0,2303.0,2301.0,2302.0,0.2051,2024,6,8
2024-06-08 12:15:00+00:00,2301.0,2302.0,2296.0,2300.0,9.5188,2024,6,8
2024-06-08 12:20:00+00:00,2299.0,2300.0,2299.0,2299.0,0.3296,2024,6,8
2024-06-08 12:25:00+00:00,2300.0,2303.0,2299.0,2303.0,3.0357,2024,6,8
2024-06-08 12:30:00+00:00,2303.0,2303.0,2301.0,2303.0,0.8187,2024,6,8
2024-06-08 12:35:00+00:00,2302.0,2303.0,2301.0,2303.0,1.0906,2024,6,8
2024-06-08 12:40:00+00:00,2304.0,2304.0,2301.0,2303.0,1.8072,2024,6,8
2024-06-08 12:45:00+00:00,2304.0,2304.0,2302.0,2302.0,0.2431,2024,6,8
2024-06-08 12:50:00+00:00,2303.0,2304.0,2302.0,2303.0,0.5129,2024,6,8
2024-06-08 12:55:00+00:00,2303.0,2303.0,2303.0,2303.0,0.0092,2024,6,8
2024-06-08 13:00:00+00:00,2303.0,2303.0,2302.0,2303.0,0.3401,2024,6,8
2024-06-08 13:05:00+00:00,2303.0,2304.0,2301.0,2301.0,0.4634,2024,6,8
2024-06-08 13:10:00+00:00,2302.0,2303.0,2301.0,2302.0,0.4951,2024,6,8
2024-06-08 13:15:00+00:00,2302.0,2303.0,2300.0,2301.0,0.5885,2024,6,8
2024-06-08 13:20:00+00:00,2301.0,2305.0,2299.0,2304.0,3.9594,2024,6,8
2024-06-08 13:25:00+00:00,2304.0,2305.0,2303.0,2304.0,1.2119,2024,6,8
2024-06-08 13:30:00+00:00,2305.0,2305.0,2303.0,2303.0,0.4355,2024,6,8
2024-06-08 13:35:00+00:00,2303.0,2306.0,2300.0,2304.0,3.7021,2024,6,8
2024-06-08 13:40:00+00:00,2304.0,2304.0,2303.0,2303.0,1.0016,2024,6,8
2024-06-08 13:45:00+00:00,2302.0,2303.0,2300.0,2301.0,1.9141,2024,6,8
2024-06-08 13:50:00+00:00,2302.0,2302.0,2301.0,2302.0,0.1078,2024,6,8
2024-06-08 13:55:00+00:00,2302.0,2306.0,2302.0,2303.0,4.2661,2024,6,8
2024-06-08 14:00:00+00:00,2303.0,2303.0,2303.0,2303.0,0.89,2024,6,8
2024-06-08 14:05:00+00:00,2302.0,2303.0,2298.0,2301.0,1.5855,2024,6,8
2024-06-08 14:10:00+00:00,2301.0,2303.0,2301.0,2303.0,0.6444,2024,6,8
2024-06-08 14:15:00+00:00,2303.0,2303.0,2302.0,2302.0,0.1826,2024,6,8
2024-06-08 14:20:00+00:00,2303.0,2303.0,2302.0,2302.0,0.1919,2024,6,8
2024-06-08 14:25:00+00:00,2302.0,2303.0,2302.0,2302.0,0.5439,2024,6,8
2024-06-08 14:30:00+00:00,2302.0,2302.0,2302.0,2302.0,0.1842,2024,6,8
2024-06-08 14:35:00+00:00,2302.0,2303.0,2302.0,2303.0,0.1433,2024,6,8
2024-06-08 14:40:00+00:00,2302.0,2307.0,2302.0,2304.0,2.168,2024,6,8
2024-06-08 14:45:00+00:00,2304.0,2305.0,2304.0,2305.0,0.1948,2024,6,8
2024-06-08 14:50:00+00:00,2304.0,2305.0,2304.0,2304.0,0.0773,2024,6,8
2024-06-08 14:55:00+00:00,2304.0,2305.0,2304.0,2305.0,0.097,2024,6,8
2024-06-08 15:00:00+00:00,2304.0,2306.0,2304.0,2306.0,1.2086,2024,6,8
2024-06-08 15:05:00+00:00,2306.0,2307.0,2306.0,2307.0,0.372,2024,6,8
2024-06-08 15:10:00+00:00,2306.0,2307.0,2306.0,2307.0,0.4534,2024,6,8
2024-06-08 15:15:00+00:00,2307.0,2308.0,2306.0,2307.0,2.2372,2024,6,8
2024-06-08 15:20:00+00:00,2307.0,2308.0,2307.0,2307.0,1.7286,2024,6,8
2024-06-08 15:25:00+00:00,2308.0,2308.0,2306.0,2308.0,0.8257,2024,6,8
2024-06-08 15:30:00+00:00,2307.0,2307.0,2306.0,2307.0,1.9455,2024,6,8
2024-06-08 15:35:00+00:00,2306.0,2308.0,2306.0,2308.0,0.7789,2024,6,8
2024-06-08 15:40:00+00:00,2307.0,2308.0,2307.0,2307.0,0.3893,2024,6,8
2024-06-08 15:45:00+00:00,2307.0,2308.0,2306.0,2306.0,0.4371,2024,6,8
2024-06-08 15:50:00+00:00,2307.0,2307.0,2306.0,2306.0,0.3008,2024,6,8
2024-06-08 15:55:00+00:00,2306.0,2307.0,2306.0,2307.0,0.3332,2024,6,8
2024-06-08 16:00:00+00:00,2306.0,2310.0,2306.0,2306.0,10.2399,2024,6,8
2024-06-08 16:05:00+00:00,2307.0,2307.0,2306.0,2306.0,0.3104,2024,6,8
2024-06-08 16:10:00+00:00,2306.0,2307.0,2306.0,2306.0,0.2159,2024,6,8
2024-06-08 16:15:00+00:00,2306.0,2307.0,2306.0,2306.0,6.2754,2024,6,8
2024-06-08 16:20:00+00:00,2306.0,2306.0,2305.0,2305.0,0.2259,2024,6,8
2024-06-08 16:25:00+00:00,2306.0,2307.0,2305.0,2306.0,0.6002,2024,6,8
2024-06-08 16:30:00+00:00,2307.0,2307.0,2305.0,2306.0,0.8091,2024,6,8
2024-06-08 16:35:00+00:00,2305.0,2305.0,2305.0,2305.0,1.9038,2024,6,8
2024-06-08 16:40:00+00:00,2306.0,2307.0,2305.0,2305.0,1.2863,2024,6,8
2024-06-08 16:45:00+00:00,2306.0,2307.0,2306.0,2306.0,0.2396,2024,6,8
2024-06-08 16:50:00+00:00,2307.0,2309.0,2306.0,2307.0,1.6866,2024,6,8
2024-06-08 16:55:00+00:00,2307.0,2308.0,2305.0,2305.0,1.5918,2024,6,8
2024-06-08 17:00:00+00:00,2306.0,2306.0,2305.0,2305.0,0.2833,2024,6,8
2024-06-08 17:05:00+00:00,2305.0,2305.0,2305.0,2305.0,0.354,2024,6,8
2024-06-08 17:10:00+00:00,2305.0,2306.0,2304.0,2304.0,1.5814,2024,6,8
2024-06-08 17:15:00+00:00,2304.0,2305.0,2304.0,2304.0,0.1281,2024,6,8
2024-06-08 17:20:00+00:00,2305.0,2305.0,2304.0,2304.0,0.6193,2024,6,8
2024-06-08 17:25:00+00:00,2304.0,2304.0,2304.0,2304.0,0.0842,2024,6,8
2024-06-08 17:30:00+00:00,2304.0,2305.0,2304.0,2304.0,0.1335,2024,6,8
2024-06-08 17:35:00+00:00,2304.0,2305.0,2304.0,2304.0,0.2195,2024,6,8
2024-06-08 17:40:00+00:00,2305.0,2306.0,2304.0,2306.0,0.6263,2024,6,8
2024-06-08 17:45:00+00:00,2306.0,2306.0,2305.0,2305.0,0.0085,2024,6,8
2024-06-08 17:50:00+00:00,2305.0,2306.0,2305.0,2306.0,0.0398,2024,6,8
2024-06-08 17:55:00+00:00,2306.0,2307.0,2306.0,2307.0,0.4729,2024,6,8
2024-06-08 18:00:00+00:00,2307.0,2308.0,2304.0,2306.0,2.8749,2024,6,8
2024-06-08 18:05:00+00:00,2306.0,2306.0,2306.0,2306.0,0.0357,2024,6,8
2024-06-08 18:10:00+00:00,2306.0,2306.0,2305.0,2306.0,0.3251,2024,6,8
2024-06-08 18:15:00+00:00,2307.0,2307.0,2307.0,2307.0,0.0608,2024,6,8
2024-06-08 18:20:00+00:00,2307.0,2307.0,2304.0,2305.0,1.0444,2024,6,8
2024-06-08 18:25:00+00:00,2305.0,2306.0,2305.0,2306.0,0.0063,2024,6,8
2024-06-08 18:30:00+00:00,2305.0,2305.0,2305.0,2305.0,0.3521,2024,6,8
2024-06-08 18:35:00+00:00,2304.0,2306.0,2304.0,2306.0,0.4388,2024,6,8
2024-06-08 18:40:00+00:00,2306.0,2306.0,2305.0,2306.0,0.2143,2024,6,8
2024-06-08 18:45:00+00:00,2306.0,2306.0,2306.0,2306.0,0.0111,2024,6,8
2024-06-08 18:50:00+00:00,2306.0,2306.0,2304.0,2304.0,0.3834,2024,6,8
2024-06-08 18:55:00+00:00,2305.0,2305.0,2305.0,2305.0,0.1482,2024,6,8
2024-06-08 19:00:00+00:00,2305.0,2306.0,2305.0,2306.0,0.2937,2024,6,8
2024-06-08 19:05:00+00:00,2306.0,2306.0,2304.0,2304.0,0.2544,2024,6,8
2024-06-08 19:10:00+00:00,2305.0,2305.0,2303.0,2305.0,0.7567,2024,6,8
2024-06-08 19:15:00+00:00,2304.0,2305.0,2304.0,2305.0,0.0634,2024,6,8
2024-06-08 19:20:00+00:00,2305.0,2305.0,2304.0,2304.0,0.1311,2024,6,8
2024-06-08 19:25:00+00:00,2304.0,2305.0,2304.0,2305.0,0.0946,2024,6,8
2024-06-08 19:30:00+00:00,2304.0,2304.0,2304.0,2304.0,0.0492,2024,6,8
2024-06-08 19:35:00+00:00,2304.0,2304.0,2303.0,2303.0,0.3423,2024,6,8
2024-06-08 19:40:00+00:00,2303.0,2304.0,2303.0,2304.0,0.0589,2024,6,8
2024-06-08 19:45:00+00:00,2303.0,2304.0,2303.0,2303.0,0.3266,2024,6,8
2024-06-08 19:50:00+00:00,2303.0,2306.0,2303.0,2305.0,0.9537,2024,6,8
2024-06-08 19:55:00+00:00,2306.0,2306.0,2305.0,2305.0,0.0681,2024,6,8
2024-06-08 20:00:00+00:00,2305.0,2306.0,2305.0,2305.0,0.0453,2024,6,8
2024-06-08 20:05:00+00:00,2306.0,2306.0,2305.0,2306.0,0.0573,2024,6,8
2024-06-08 20:10:00+00:00,2305.0,2306.0,2305.0,2305.0,0.8257,2024,6,8
2024-06-08 20:15:00+00:00,2305.0,2305.0,2305.0,2305.0,0.0705,2024,6,8
2024-06-08 20:20:00+00:00,2305.0,2306.0,2305.0,2306.0,0.0862,2024,6,8
2024-06-08 20:25:00+00:00,2305.0,2306.0,2305.0,2305.0,0.0337,2024,6,8
2024-06-08 20:30:00+00:00,2305.0,2306.0,2304.0,2305.0,0.6325,2024,6,8
2024-06-08 20:35:00+00:00,2304.0,2305.0,2304.0,2304.0,0.0361,2024,6,8
2024-06-08 20:40:00+00:00,2304.0,2305.0,2304.0,2304.0,0.1047,2024,6,8
2024-06-08 20:45:00+00:00,2304.0,2304.0,2304.0,2304.0,0.0527,2024,6,8
2024-06-08 20:50:00+00:00,2304.0,2305.0,2304.0,2304.0,0.0193,2024,6,8
2024-06-08 20:55:00+00:00,2304.0,2305.0,2304.0,2304.0,0.0224,2024,6,8
2024-06-08 21:00:00+00:00,2304.0,2304.0,2303.0,2303.0,0.052,2024,6,8
2024-06-08 21:05:00+00:00,2304.0,2304.0,2303.0,2304.0,0.0356,2024,6,8
2024-06-08 21:10:00+00:00,2305.0,2305.0,2303.0,2303.0,0.5565,2024,6,8
2024-06-08 21:15:00+00:00,2304.0,2307.0,2303.0,2305.0,2.5922,2024,6,8
2024-06-08 21:20:00+00:00,2305.0,2306.0,2305.0,2305.0,0.6912,2024,6,8
2024-06-08 21:25:00+00:00,2305.0,2309.0,2304.0,2308.0,3.7359,2024,6,8
2024-06-08 21:30:00+00:00,2307.0,2307.0,2305.0,2305.0,0.523,2024,6,8
2024-06-08 21:35:00+00:00,2305.0,2306.0,2305.0,2305.0,0.1036,2024,6,8
2024-06-08 21:40:00+00:00,2305.0,2306.0,2305.0,2305.0,0.0786,2024,6,8
2024-06-08 21:45:00+00:00,2305.0,2305.0,2303.0,2303.0,1.183,2024,6,8
2024-06-08 21:50:00+00:00,2303.0,2307.0,2303.0,2305.0,1.7633,2024,6,8
2024-06-08 21:55:00+00:00,2305.0,2306.0,2303.0,2303.0,0.3085,2024,6,8
2024-06-08 22:00:00+00:00,2303.0,2304.0,2303.0,2303.0,0.0635,2024,6,8
2024-06-08 22:05:00+00:00,2303.0,2303.0,2302.0,2302.0,0.1563,2024,6,8
2024-06-08 22:10:00+00:00,2302.0,2303.0,2302.0,2303.0,0.1843,2024,6,8
2024-06-08 22:15:00+00:00,2303.0,2305.0,2302.0,2304.0,0.411,2024,6,8
2024-06-08 22:20:00+00:00,2304.0,2305.0,2303.0,2303.0,0.4134,2024,6,8
2024-06-08 22:25:00+00:00,2304.0,2304.0,2303.0,2303.0,0.2668,2024,6,8
2024-06-08 22:30:00+00:00,2304.0,2305.0,2303.0,2305.0,0.9672,2024,6,8
2024-06-08 22:35:00+00:00,2305.0,2306.0,2305.0,2306.0,0.1826,2024,6,8
2024-06-08 22:40:00+00:00,2305.0,2306.0,2305.0,2305.0,0.044,2024,6,8
2024-06-08 22:45:00+00:00,2305.0,2306.0,2305.0,2306.0,0.9716,2024,6,8
2024-06-08 22:50:00+00:00,2306.0,2307.0,2303.0,2305.0,1.6347,2024,6,8
2024-06-08 22:55:00+00:00,2305.0,2306.0,2305.0,2305.0,0.0682,2024,6,8
2024-06-08 23:00:00+00:00,2306.0,2306.0,2305.0,2306.0,0.0905,2024,6,8
2024-06-08 23:05:00+00:00,2305.0,2305.0,2305.0,2305.0,0.048,2024,6,8
2024-06-08 23:10:00+00:00,2305.0,2305.0,2304.0,2304.0,0.362,2024,6,8
2024-06-08 23:15:00+00:00,2304.0,2305.0,2304.0,2304.0,0.0689,2024,6,8
2024-06-08 23:20:00+00:00,2304.0,2304.0,2304.0,2304.0,0.0781,2024,6,8
2024-06-08 23:25:00+00:00,2304.0,2306.0,2303.0,2303.0,1.5808,2024,6,8
2024-06-08 23:30:00+00:00,2304.0,2304.0,2303.0,2303.0,0.0868,2024,6,8
2024-06-08 23:35:00+00:00,2303.0,2305.0,2302.0,2302.0,3.7297,2024,6,8
2024-06-08 23:40:00+00:00,2302.0,2303.0,2302.0,2302.0,0.1793,2024,6,8
2024-06-08 23:45:00+00:00,2302.0,2305.0,2301.0,2302.0,2.0255,2024,6,8
2024-06-08 23:50:00+00:00,2302.0,2304.0,2301.0,2302.0,4.5069,2024,6,8
2024-06-08 23:55:00+00:00,2302.0,2303.0,2301.0,2301.0,1.8625,2024,6,8
2024-06-09 00:00:00+00:00,2302.0,2302.0,2301.0,2301.0,0.1806,2024,6,9
2024-06-09 00:05:00+00:00,2301.0,2302.0,2301.0,2301.0,0.7102,2024,6,9
2024-06-09 00:10:00+00:00,2301.0,2302.0,2301.0,2301.0,0.6166,2024,6,9
2024-06-09 00:15:00+00:00,2301.0,2303.0,2301.0,2303.0,0.306,2024,6,9
2024-06-09 00:20:00+00:00,2303.0,2304.0,2303.0,2303.0,0.0992,2024,6,9
2024-06-09 00:25:00+00:00,2303.0,2307.0,2303.0,2305.0,1.0464,2024,6,9
2024-06-09 00:30:00+00:00,2305.0,2308.0,2305.0,2307.0,0.4037,2024,6,9
2024-06-09 00:35:00+00:00,2307.0,2307.0,2307.0,2307.0,0.0461,2024,6,9
2024-06-09 00:40:00+00:00,2307.0,2309.0,2307.0,2308.0,0.7199,2024,6,9
2024-06-09 00:45:00+00:00,2308.0,2309.0,2307.0,2308.0,0.3023,2024,6,9
2024-06-09 00:50:00+00:00,2308.0,2309.0,2308.0,2309.0,0.134,2024,6,9
2024-06-09 00:55:00+00:00,2308.0,2309.0,2308.0,2308.0,0.5713,2024,6,9
2024-06-09 01:00:00+00:00,2308.0,2308.0,2307.0,2307.0,0.3152,2024,6,9
2024-06-09 01:05:00+00:00,2307.0,2308.0,2307.0,2307.0,0.6812,2024,6,9
2024-06-09 01:10:00+00:00,2307.0,2307.0,2307.0,2307.0,0.177,2024,6,9
2024-06-09 01:15:00+00:00,2307.0,2315.0,2307.0,2313.0,17.7918,2024,6,9
2024-06-09 01:20:00+00:00,2310.0,2311.0,2308.0,2310.0,1.4763,2024,6,9
2024-06-09 01:25:00+00:00,2308.0,2309.0,2308.0,2309.0,0.0128,2024,6,9
2024-06-09 01:30:00+00:00,2309.0,2309.0,2308.0,2309.0,0.5201,2024,6,9
2024-06-09 01:35:00+00:00,2310.0,2310.0,2309.0,2309.0,0.0962,2024,6,9
2024-06-09 01:40:00+00:00,2309.0,2310.0,2309.0,2310.0,0.1002,2024,6,9
2024-06-09 01:45:00+00:00,2310.0,2310.0,2310.0,2310.0,0.0,2024,6,9
2024-06-09 01:50:00+00:00,2310.0,2310.0,2309.0,2309.0,0.0351,2024,6,9
2024-06-09 01:55:00+00:00,2310.0,2310.0,2309.0,2309.0,0.0103,2024,6,9
2024-06-09 02:00:00+00:00,2309.0,2310.0,2308.0,2310.0,0.938,2024,6,9
2024-06-09 02:05:00+00:00,2310.0,2310.0,2310.0,2310.0,0.0048,2024,6,9
2024-06-09 02:10:00+00:00,2310.0,2310.0,2309.0,2310.0,0.5607,2024,6,9
2024-06-09 02:15:00+00:00,2309.0,2309.0,2309.0,2309.0,0.0069,2024,6,9
2024-06-09 02:20:00+00:00,2309.0,2310.0,2309.0,2309.0,0.1948,2024,6,9
2024-06-09 02:25:00+00:00,2310.0,2310.0,2309.0,2310.0,0.0693,2024,6,9
2024-06-09 02:30:00+00:00,2310.0,2314.0,2309.0,2313.0,4.3293,2024,6,9
2024-06-09 02:35:00+00:00,2314.0,2315.0,2309.0,2314.0,3.353,2024,6,9
2024-06-09 02:40:00+00:00,2314.0,2314.0,2311.0,2311.0,0.4474,2024,6,9
2024-06-09 02:45:00+00:00,2311.0,2314.0,2311.0,2314.0,2.1791,2024,6,9
2024-06-09 02:50:00+00:00,2314.0,2318.0,2311.0,2311.0,4.4829,2024,6,9
2024-06-09 02:55:00+00:00,2311.0,2312.0,2310.0,2312.0,0.8132,2024,6,9
2024-06-09 03:00:00+00:00,2310.0,2314.0,2310.0,2314.0,2.263,2024,6,9
2024-06-09 03:05:00+00:00,2314.0,2314.0,2313.0,2314.0,0.1428,2024,6,9
2024-06-09 03:10:00+00:00,2313.0,2316.0,2313.0,2315.0,1.2174,2024,6,9
2024-06-09 03:15:00+00:00,2314.0,2316.0,2314.0,2314.0,0.8275,2024,6,9
2024-06-09 03:20:00+00:00,2314.0,2316.0,2314.0,2315.0,0.6654,2024,6,9
2024-06-09 03:25:00+00:00,2316.0,2317.0,2316.0,2317.0,0.6126,2024,6,9
2024-06-09 03:30:00+00:00,2316.0,2316.0,2314.0,2314.0,0.8343,2024,6,9
2024-06-09 03:35:00+00:00,2314.0,2316.0,2314.0,2315.0,0.6814,2024,6,9
2024-06-09 03:40:00+00:00,2315.0,2316.0,2313.0,2313.0,0.5534,2024,6,9
2024-06-09 03:45:00+00:00,2313.0,2315.0,2311.0,2311.0,3.0449,2024,6,9
2024-06-09 03:50:00+00:00,2311.0,2313.0,2311.0,2311.0,0.7287,2024,6,9
2024-06-09 03:55:00+00:00,2311.0,2313.0,2311.0,2311.0,0.3355,2024,6,9
2024-06-09 04:00:00+00:00,2311.0,2313.0,2311.0,2311.0,0.5605,2024,6,9
2024-06-09 04:05:00+00:00,2311.0,2316.0,2311.0,2311.0,1.5543,2024,6,9
2024-06-09 04:10:00+00:00,2311.0,2313.0,2311.0,2312.0,0.3158,2024,6,9
2024-06-09 04:15:00+00:00,2311.0,2313.0,2310.0,2313.0,0.2167,2024,6,9
2024-06-09 04:20:00+00:00,2312.0,2312.0,2310.0,2310.0,0.0739,2024,6,9
2024-06-09 04:25:00+00:00,2311.0,2312.0,2310.0,2310.0,0.0869,2024,6,9
2024-06-09 04:30:00+00:00,2311.0,2312.0,2310.0,2310.0,0.1878,2024,6,9
2024-06-09 04:35:00+00:00,2310.0,2312.0,2309.0,2309.0,0.9171,2024,6,9
2024-06-09 04:40:00+00:00,2309.0,2315.0,2309.0,2312.0,3.1553,2024,6,9
2024-06-09 04:45:00+00:00,2312.0,2313.0,2310.0,2312.0,1.0616,2024,6,9
2024-06-09 04:50:00+00:00,2310.0,2312.0,2310.0,2310.0,0.1573,2024,6,9
2024-06-09 04:55:00+00:00,2310.0,2311.0,2310.0,2310.0,0.2179,2024,6,9
2024-06-09 05:00:00+00:00,2310.0,2311.0,2310.0,2310.0,0.3282,2024,6,9
2024-06-09 05:05:00+00:00,2311.0,2311.0,2310.0,2310.0,0.0869,2024,6,9
2024-06-09 05:10:00+00:00,2311.0,2312.0,2309.0,2310.0,1.5865,2024,6,9
2024-06-09 05:15:00+00:00,2310.0,2312.0,2310.0,2312.0,0.0866,2024,6,9
2024-06-09 05:20:00+00:00,2310.0,2311.0,2310.0,2310.0,0.1641,2024,6,9
2024-06-09 05:25:00+00:00,2311.0,2311.0,2309.0,2310.0,0.6102,2024,6,9
2024-06-09 05:30:00+00:00,2309.0,2311.0,2309.0,2309.0,0.8397,2024,6,9
2024-06-09 05:35:00+00:00,2308.0,2309.0,2308.0,2308.0,0.0551,2024,6,9
2024-06-09 05:40:00+00:00,2309.0,2310.0,2308.0,2309.0,0.1347,2024,6,9
2024-06-09 05:45:00+00:00,2309.0,2316.0,2309.0,2313.0,2.9045,2024,6,9
2024-06-09 05:50:00+00:00,2315.0,2315.0,2311.0,2311.0,0.1,2024,6,9
2024-06-09 05:55:00+00:00,2311.0,2313.0,2309.0,2311.0,0.395,2024,6,9
2024-06-09 06:00:00+00:00,2311.0,2312.0,2311.0,2311.0,0.3912,2024,6,9
2024-06-09 06:05:00+00:00,2311.0,2311.0,2306.0,2308.0,21.3182,2024,6,9
2024-06-09 06:10:00+00:00,2306.0,2308.0,2306.0,2308.0,1.1342,2024,6,9
2024-06-09 06:15:00+00:00,2308.0,2309.0,2307.0,2307.0,1.2892,2024,6,9
2024-06-09 06:20:00+00:00,2307.0,2308.0,2307.0,2307.0,0.2769,2024,6,9
2024-06-09 06:25:00+00:00,2307.0,2308.0,2307.0,2308.0,0.9424,2024,6,9
2024-06-09 06:30:00+00:00,2310.0,2310.0,2310.0,2310.0,0.0857,2024,6,9
2024-06-09 06:35:00+00:00,2310.0,2310.0,2309.0,2309.0,0.2075,2024,6,9
2024-06-09 06:40:00+00:00,2310.0,2310.0,2310.0,2310.0,0.0627,2024,6,9
2024-06-09 06:45:00+00:00,2310.0,2310.0,2309.0,2309.0,0.0217,2024,6,9
2024-06-09 06:50:00+00:00,2310.0,2310.0,2308.0,2308.0,0.1013,2024,6,9
2024-06-09 06:55:00+00:00,2309.0,2309.0,2307.0,2307.0,0.2537,2024,6,9
2024-06-09 07:00:00+00:00,2307.0,2308.0,2307.0,2308.0,0.6004,2024,6,9
2024-06-09 07:05:00+00:00,2308.0,2308.0,2307.0,2307.0,0.162,2024,6,9
2024-06-09 07:10:00+00:00,2308.0,2309.0,2307.0,2309.0,1.2434,2024,6,9
2024-06-09 07:15:00+00:00,2308.0,2308.0,2307.0,2308.0,0.0675,2024,6,9
2024-06-09 07:20:00+00:00,2308.0,2308.0,2306.0,2306.0,2.7552,2024,6,9
2024-06-09 07:25:00+00:00,2307.0,2308.0,2306.0,2308.0,1.2391,2024,6,9
2024-06-09 07:30:00+00:00,2307.0,2308.0,2307.0,2308.0,0.0146,2024,6,9
2024-06-09 07:35:00+00:00,2308.0,2308.0,2307.0,2307.0,0.01,2024,6,9
2024-06-09 07:40:00+00:00,2308.0,2308.0,2308.0,2308.0,0.0412,2024,6,9
2024-06-09 07:45:00+00:00,2307.0,2308.0,2307.0,2308.0,0.1042,2024,6,9
2024-06-09 07:50:00+00:00,2307.0,2312.0,2307.0,2308.0,3.2935,2024,6,9
2024-06-09 07:55:00+00:00,2307.0,2308.0,2306.0,2308.0,0.4529,2024,6,9
2024-06-09 08:00:00+00:00,2307.0,2307.0,2306.0,2306.0,5.1909,2024,6,9
2024-06-09 08:05:00+00:00,2306.0,2306.0,2305.0,2306.0,2.0869,2024,6,9
2024-06-09 08:10:00+00:00,2306.0,2306.0,2305.0,2306.0,0.2936,2024,6,9
2024-06-09 08:15:00+00:00,2306.0,2306.0,2305.0,2306.0,0.2567,2024,6,9
2024-06-09 08:20:00+00:00,2305.0,2306.0,2305.0,2306.0,2.427,2024,6,9
2024-06-09 08:25:00+00:00,2305.0,2307.0,2305.0,2305.0,0.3936,2024,6,9
2024-06-09 08:30:00+00:00,2306.0,2306.0,2305.0,2306.0,0.0776,2024,6,9
2024-06-09 08:35:00+00:00,2306.0,2306.0,2305.0,2306.0,0.6338,2024,6,9
2024-06-09 08:40:00+00:00,2306.0,2307.0,2305.0,2305.0,4.21,2024,6,9
2024-06-09 08:45:00+00:00,2307.0,2308.0,2306.0,2306.0,1.9636,2024,6,9
2024-06-09 08:50:00+00:00,2308.0,2308.0,2306.0,2306.0,0.399,2024,6,9
2024-06-09 08:55:00+00:00,2307.0,2307.0,2306.0,2307.0,1.3458,2024,6,9
2024-06-09 09:00:00+00:00,2306.0,2307.0,2306.0,2307.0,0.3484,2024,6,9
2024-06-09 09:05:00+00:00,2307.0,2307.0,2307.0,2307.0,0.016,2024,6,9
2024-06-09 09:10:00+00:00,2307.0,2307.0,2306.0,2307.0,0.3346,2024,6,9
2024-06-09 09:15:00+00:00,2307.0,2308.0,2305.0,2305.0,1.172,2024,6,9
2024-06-09 09:20:00+00:00,2306.0,2307.0,2305.0,2307.0,0.6103,2024,6,9
2024-06-09 09:25:00+00:00,2307.0,2307.0,2306.0,2307.0,0.1444,2024,6,9
2024-06-09 09:30:00+00:00,2306.0,2307.0,2306.0,2307.0,0.0168,2024,6,9
2024-06-09 09:35:00+00:00,2307.0,2307.0,2306.0,2306.0,0.008,2024,6,9
2024-06-09 09:40:00+00:00,2307.0,2307.0,2307.0,2307.0,0.0069,2024,6,9
2024-06-09 09:45:00+00:00,2307.0,2307.0,2306.0,2306.0,0.2562,2024,6,9
2024-06-09 09:50:00+00:00,2307.0,2307.0,2306.0,2306.0,0.2058,2024,6,9
2024-06-09 09:55:00+00:00,2306.0,2307.0,2306.0,2307.0,0.0554,2024,6,9
2024-06-09 10:00:00+00:00,2307.0,2307.0,2305.0,2306.0,0.4511,2024,6,9
2024-06-09 10:05:00+00:00,2306.0,2307.0,2306.0,2307.0,0.0153,2024,6,9
2024-06-09 10:10:00+00:00,2307.0,2307.0,2305.0,2307.0,0.3328,2024,6,9
2024-06-09 10:15:00+00:00,2308.0,2308.0,2307.0,2308.0,0.059,2024,6,9
2024-06-09 10:20:00+00:00,2307.0,2307.0,2305.0,2307.0,0.5697,2024,6,9
2024-06-09 10:25:00+00:00,2307.0,2308.0,2307.0,2307.0,0.3876,2024,6,9
2024-06-09 10:30:00+00:00,2307.0,2307.0,2306.0,2307.0,0.1203,2024,6,9
2024-06-09 10:35:00+00:00,2307.0,2308.0,2305.0,2305.0,0.5905,2024,6,9
2024-06-09 10:40:00+00:00,2307.0,2307.0,2305.0,2307.0,0.1953,2024,6,9
2024-06-09 10:45:00+00:00,2305.0,2307.0,2305.0,2306.0,0.2502,2024,6,9
2024-06-09 10:50:00+00:00,2305.0,2306.0,2305.0,2305.0,0.9435,2024,6,9
2024-06-09 10:55:00+00:00,2306.0,2307.0,2305.0,2305.0,0.8356,2024,6,9
2024-06-09 11:00:00+00:00,2307.0,2307.0,2306.0,2306.0,0.0486,2024,6,9
2024-06-09 11:05:00+00:00,2307.0,2307.0,2307.0,2307.0,0.0174,2024,6,9
2024-06-09 11:10:00+00:00,2307.0,2307.0,2305.0,2305.0,0.2397,2024,6,9
2024-06-09 11:15:00+00:00,2306.0,2306.0,2305.0,2305.0,0.6044,2024,6,9
2024-06-09 11:20:00+00:00,2307.0,2307.0,2306.0,2306.0,0.0293,2024,6,9
2024-06-09 11:25:00+00:00,2306.0,2306.0,2306.0,2306.0,0.0117,2024,6,9
2024-06-09 11:30:00+00:00,2306.0,2306.0,2305.0,2306.0,0.0266,2024,6,9
2024-06-09 11:35:00+00:00,2306.0,2308.0,2306.0,2308.0,0.3419,2024,6,9
2024-06-09 11:40:00+00:00,2308.0,2308.0,2308.0,2308.0,0.0591,2024,6,9
2024-06-09 11:45:00+00:00,2308.0,2308.0,2308.0,2308.0,0.4768,2024,6,9
2024-06-09 11:50:00+00:00,2307.0,2307.0,2307.0,2307.0,0.3111,2024,6,9
2024-06-09 11:55:00+00:00,2308.0,2308.0,2307.0,2307.0,0.0084,2024,6,9
2024-06-09 12:00:00+00:00,2308.0,2308.0,2307.0,2307.0,0.1879,2024,6,9
2024-06-09 12:05:00+00:00,2308.0,2309.0,2307.0,2307.0,1.3234,2024,6,9
2024-06-09 12:10:00+00:00,2307.0,2310.0,2306.0,2308.0,2.5277,2024,6,9
2024-06-09 12:15:00+00:00,2308.0,2309.0,2308.0,2308.0,0.1778,2024,6,9
2024-06-09 12:20:00+00:00,2309.0,2310.0,2309.0,2310.0,0.2513,2024,6,9
2024-06-09 12:25:00+00:00,2309.0,2309.0,2307.0,2307.0,0.1841,2024,6,9
2024-06-09 12:30:00+00:00,2309.0,2309.0,2307.0,2307.0,0.897,2024,6,9
2024-06-09 12:35:00+00:00,2307.0,2308.0,2306.0,2308.0,0.4731,2024,6,9
2024-06-09 12:40:00+00:00,2308.0,2309.0,2305.0,2307.0,8.117,2024,6,9
2024-06-09 12:45:00+00:00,2308.0,2311.0,2307.0,2310.0,1.0571,2024,6,9
2024-06-09 12:50:00+00:00,2310.0,2310.0,2309.0,2309.0,2.3288,2024,6,9
2024-06-09 12:55:00+00:00,2309.0,2310.0,2308.0,2308.0,3.4293,2024,6,9
2024-06-09 13:00:00+00:00,2309.0,2309.0,2308.0,2308.0,0.0505,2024,6,9
2024-06-09 13:05:00+00:00,2309.0,2309.0,2307.0,2307.0,1.3087,2024,6,9
2024-06-09 13:10:00+00:00,2308.0,2308.0,2305.0,2306.0,4.4839,2024,6,9
2024-06-09 13:15:00+00:00,2306.0,2306.0,2305.0,2305.0,1.417,2024,6,9
2024-06-09 13:20:00+00:00,2306.0,2307.0,2305.0,2305.0,2.2521,2024,6,9
2024-06-09 13:25:00+00:00,2306.0,2307.0,2305.0,2306.0,1.3481,2024,6,9
2024-06-09 13:30:00+00:00,2307.0,2307.0,2306.0,2306.0,0.4615,2024,6,9
2024-06-09 13:35:00+00:00,2307.0,2308.0,2306.0,2307.0,0.8022,2024,6,9
2024-06-09 13:40:00+00:00,2308.0,2309.0,2307.0,2308.0,1.5796,2024,6,9
2024-06-09 13:45:00+00:00,2309.0,2310.0,2307.0,2309.0,1.8474,2024,6,9
2024-06-09 13:50:00+00:00,2309.0,2311.0,2308.0,2309.0,2.3539,2024,6,9
2024-06-09 13:55:00+00:00,2310.0,2310.0,2308.0,2308.0,3.369,2024,6,9
2024-06-09 14:00:00+00:00,2309.0,2309.0,2308.0,2308.0,1.93,2024,6,9
2024-06-09 14:05:00+00:00,2309.0,2309.0,2308.0,2308.0,0.0113,2024,6,9
2024-06-09 14:10:00+00:00,2309.0,2311.0,2308.0,2308.0,0.8161,2024,6,9
2024-06-09 14:15:00+00:00,2308.0,2311.0,2308.0,2310.0,0.5478,2024,6,9
2024-06-09 14:20:00+00:00,2310.0,2311.0,2310.0,2310.0,0.2151,2024,6,9
2024-06-09 14:25:00+00:00,2310.0,2310.0,2309.0,2309.0,0.645,2024,6,9
2024-06-09 14:30:00+00:00,2309.0,2310.0,2308.0,2308.0,0.1978,2024,6,9
2024-06-09 14:35:00+00:00,2308.0,2309.0,2308.0,2308.0,0.7738,2024,6,9
2024-06-09 14:40:00+00:00,2309.0,2309.0,2308.0,2308.0,0.0049,2024,6,9
2024-06-09 14:45:00+00:00,2309.0,2309.0,2308.0,2308.0,0.0476,2024,6,9
2024-06-09 14:50:00+00:00,2309.0,2309.0,2308.0,2308.0,1.3306,2024,6,9
2024-06-09 14:55:00+00:00,2308.0,2309.0,2308.0,2308.0,0.0571,2024,6,9
2024-06-09 15:00:00+00:00,2308.0,2311.0,2308.0,2310.0,0.5801,2024,6,9
2024-06-09 15:05:00+00:00,2310.0,2311.0,2310.0,2310.0,0.1165,2024,6,9
2024-06-09 15:10:00+00:00,2310.0,2312.0,2310.0,2310.0,2.3839,2024,6,9
2024-06-09 15:15:00+00:00,2311.0,2311.0,2310.0,2310.0,0.0364,2024,6,9
2024-06-09 15:20:00+00:00,2311.0,2311.0,2310.0,2310.0,0.5612,2024,6,9
2024-06-09 15:25:00+00:00,2311.0,2311.0,2310.0,2310.0,0.058,2024,6,9
2024-06-09 15:30:00+00:00,2310.0,2311.0,2310.0,2310.0,0.0856,2024,6,9
2024-06-09 15:35:00+00:00,2311.0,2311.0,2310.0,2310.0,0.0869,2024,6,9
2024-06-09 15:40:00+00:00,2311.0,2311.0,2310.0,2310.0,0.2613,2024,6,9
2024-06-09 15:45:00+00:00,2310.0,2312.0,2310.0,2311.0,0.302,2024,6,9
2024-06-09 15:50:00+00:00,2311.0,2311.0,2310.0,2310.0,0.3238,2024,6,9
2024-06-09 15:55:00+00:00,2311.0,2311.0,2310.0,2310.0,0.9144,2024,6,9
2024-06-09 16:00:00+00:00,2311.0,2312.0,2310.0,2310.0,0.8009,2024,6,9
2024-06-09 16:05:00+00:00,2311.0,2311.0,2310.0,2310.0,0.0644,2024,6,9
2024-06-09 16:10:00+00:00,2310.0,2311.0,2310.0,2310.0,1.3624,2024,6,9
2024-06-09 16:15:00+00:00,2310.0,2311.0,2310.0,2310.0,0.0229,2024,6,9
2024-06-09 16:20:00+00:00,2310.0,2310.0,2310.0,2310.0,0.0266,2024,6,9
2024-06-09 16:25:00+00:00,2311.0,2312.0,2311.0,2311.0,0.8103,2024,6,9
2024-06-09 16:30:00+00:00,2311.0,2312.0,2311.0,2311.0,0.9922,2024,6,9
2024-06-09 16:35:00+00:00,2311.0,2312.0,2311.0,2311.0,48.9008,2024,6,9
2024-06-09 16:40:00+00:00,2311.0,2312.0,2311.0,2311.0,2.6222,2024,6,9
2024-06-09 16:45:00+00:00,2311.0,2312.0,2311.0,2311.0,0.1359,2024,6,9
2024-06-09 16:50:00+00:00,2311.0,2312.0,2311.0,2311.0,1.1963,2024,6,9
2024-06-09 16:55:00+00:00,2312.0,2312.0,2311.0,2311.0,0.0593,2024,6,9
2024-06-09 17:00:00+00:00,2312.0,2312.0,2311.0,2311.0,0.1305,2024,6,9
2024-06-09 17:05:00+00:00,2312.0,2312.0,2311.0,2311.0,1.1773,2024,6,9
2024-06-09 17:10:00+00:00,2312.0,2312.0,2311.0,2311.0,1.3603,2024,6,9
2024-06-09 17:15:00+00:00,2312.0,2312.0,2311.0,2311.0,0.4009,2024,6,9
2024-06-09 17:20:00+00:00,2312.0,2312.0,2311.0,2311.0,0.0834,2024,6,9
2024-06-09 17:25:00+00:00,2312.0,2312.0,2311.0,2311.0,0.101,2024,6,9
2024-06-09 17:30:00+00:00,2311.0,2312.0,2311.0,2311.0,0.1779,2024,6,9
2024-06-09 17:35:00+00:00,2312.0,2312.0,2311.0,2311.0,0.1678,2024,6,9
2024-06-09 17:40:00+00:00,2312.0,2312.0,2311.0,2311.0,0.3932,2024,6,9
2024-06-09 17:45:00+00:00,2312.0,2312.0,2311.0,2311.0,0.1069,2024,6,9
2024-06-09 17:50:00+00:00,2312.0,2312.0,2311.0,2311.0,0.1696,2024,6,9
2024-06-09 17:55:00+00:00,2311.0,2312.0,2311.0,2311.0,0.4504,2024,6,9
2024-06-09 18:00:00+00:00,2312.0,2312.0,2311.0,2311.0,0.0952,2024,6,9
2024-06-09 18:05:00+00:00,2312.0,2312.0,2311.0,2311.0,0.3274,2024,6,9
2024-06-09 18:10:00+00:00,2312.0,2312.0,2311.0,2311.0,1.4922,2024,6,9
2024-06-09 18:15:00+00:00,2312.0,2312.0,2311.0,2311.0,0.72,2024,6,9
2024-06-09 18:20:00+00:00,2312.0,2312.0,2311.0,2311.0,0.4748,2024,6,9
2024-06-09 18:25:00+00:00,2312.0,2312.0,2311.0,2311.0,1.3207,2024,6,9
2024-06-09 18:30:00+00:00,2312.0,2312.0,2311.0,2311.0,0.2178,2024,6,9
2024-06-09 18:35:00+00:00,2312.0,2312.0,2311.0,2311.0,0.025,2024,6,9
2024-06-09 18:40:00+00:00,2311.0,2311.0,2311.0,2311.0,1.6464,2024,6,9
2024-06-09 18:45:00+00:00,2311.0,2315.0,2311.0,2315.0,6.2004,2024,6,9
2024-06-09 18:50:00+00:00,2314.0,2314.0,2313.0,2313.0,0.1598,2024,6,9
2024-06-09 18:55:00+00:00,2314.0,2314.0,2313.0,2313.0,0.8433,2024,6,9
2024-06-09 19:00:00+00:00,2314.0,2314.0,2313.0,2313.0,2.3015,2024,6,9
2024-06-09 19:05:00+00:00,2313.0,2314.0,2311.0,2312.0,4.0976,2024,6,9
2024-06-09 19:10:00+00:00,2313.0,2313.0,2312.0,2312.0,0.2742,2024,6,9
2024-06-09 19:15:00+00:00,2312.0,2313.0,2312.0,2312.0,0.0523,2024,6,9
2024-06-09 19:20:00+00:00,2313.0,2313.0,2310.0,2311.0,0.8957,2024,6,9
2024-06-09 19:25:00+00:00,2311.0,2312.0,2311.0,2311.0,0.0532,2024,6,9
2024-06-09 19:30:00+00:00,2312.0,2313.0,2312.0,2312.0,0.4097,2024,6,9
2024-06-09 19:35:00+00:00,2313.0,2313.0,2311.0,2311.0,0.196,2024,6,9
2024-06-09 19:40:00+00:00,2312.0,2313.0,2312.0,2312.0,0.3186,2024,6,9
2024-06-09 19:45:00+00:00,2313.0,2313.0,2312.0,2312.0,0.0194,2024,6,9
2024-06-09 19:50:00+00:00,2312.0,2312.0,2312.0,2312.0,0.0,2024,6,9
2024-06-09 19:55:00+00:00,2313.0,2313.0,2311.0,2311.0,0.2816,2024,6,9
2024-06-09 20:00:00+00:00,2312.0,2312.0,2310.0,2310.0,5.2965,2024,6,9
2024-06-09 20:05:00+00:00,2310.0,2311.0,2310.0,2310.0,1.3207,2024,6,9
2024-06-09 20:10:00+00:00,2311.0,2312.0,2311.0,2311.0,0.7652,2024,6,9
2024-06-09 20:15:00+00:00,2311.0,2311.0,2310.0,2310.0,0.1169,2024,6,9
2024-06-09 20:20:00+00:00,2310.0,2310.0,2310.0,2310.0,0.0097,2024,6,9
2024-06-09 20:25:00+00:00,2310.0,2311.0,2310.0,2310.0,0.0279,2024,6,9
2024-06-09 20:30:00+00:00,2311.0,2312.0,2311.0,2311.0,0.3769,2024,6,9
2024-06-09 20:35:00+00:00,2312.0,2312.0,2311.0,2311.0,0.0484,2024,6,9
2024-06-09 20:40:00+00:00,2312.0,2315.0,2311.0,2314.0,4.9168,2024,6,9
2024-06-09 20:45:00+00:00,2315.0,2315.0,2312.0,2313.0,1.1369,2024,6,9
2024-06-09 20:50:00+00:00,2313.0,2314.0,2312.0,2313.0,1.8782,2024,6,9
2024-06-09 20:55:00+00:00,2314.0,2314.0,2313.0,2313.0,1.4355,2024,6,9
2024-06-09 21:00:00+00:00,2313.0,2314.0,2313.0,2314.0,2.4972,2024,6,9
2024-06-09 21:05:00+00:00,2315.0,2316.0,2314.0,2315.0,2.2711,2024,6,9
2024-06-09 21:10:00+00:00,2315.0,2316.0,2315.0,2315.0,0.2711,2024,6,9
2024-06-09 21:15:00+00:00,2316.0,2316.0,2314.0,2315.0,0.5327,2024,6,9
2024-06-09 21:20:00+00:00,2315.0,2315.0,2313.0,2314.0,2.7497,2024,6,9
2024-06-09 21:25:00+00:00,2314.0,2315.0,2314.0,2314.0,0.0846,2024,6,9
2024-06-09 21:30:00+00:00,2314.0,2316.0,2314.0,2315.0,3.0261,2024,6,9
2024-06-09 21:35:00+00:00,2315.0,2316.0,2313.0,2315.0,1.5567,2024,6,9
2024-06-09 21:40:00+00:00,2315.0,2315.0,2313.0,2313.0,1.1042,2024,6,9
2024-06-09 21:45:00+00:00,2313.0,2316.0,2313.0,2315.0,0.6145,2024,6,9
2024-06-09 21:50:00+00:00,2315.0,2315.0,2313.0,2313.0,0.421,2024,6,9
2024-06-09 21:55:00+00:00,2313.0,2313.0,2310.0,2311.0,2.2744,2024,6,9
2024-06-09 22:00:00+00:00,2312.0,2312.0,2311.0,2311.0,0.5267,2024,6,9
2024-06-09 22:05:00+00:00,2312.0,2312.0,2310.0,2311.0,1.0727,2024,6,9
2024-06-09 22:10:00+00:00,2312.0,2312.0,2308.0,2311.0,9.9444,2024,6,9
2024-06-09 22:15:00+00:00,2311.0,2311.0,2308.0,2309.0,2.904,2024,6,9
2024-06-09 22:20:00+00:00,2309.0,2309.0,2307.0,2308.0,1.6261,2024,6,9
2024-06-09 22:25:00+00:00,2309.0,2311.0,2308.0,2309.0,1.016,2024,6,9
2024-06-09 22:30:00+00:00,2309.0,2311.0,2309.0,2310.0,0.684,2024,6,9
2024-06-09 22:35:00+00:00,2310.0,2310.0,2310.0,2310.0,0.0,2024,6,9
2024-06-09 22:40:00+00:00,2311.0,2311.0,2310.0,2310.0,0.117,2024,6,9
2024-06-09 22:45:00+00:00,2311.0,2311.0,2309.0,2311.0,9.2336,2024,6,9
2024-06-09 22:50:00+00:00,2312.0,2312.0,2309.0,2310.0,6.0415,2024,6,9
2024-06-09 22:55:00+00:00,2310.0,2311.0,2310.0,2311.0,0.9017,2024,6,9
2024-06-09 23:00:00+00:00,2312.0,2312.0,2311.0,2311.0,0.0072,2024,6,9
2024-06-09 23:05:00+00:00,2312.0,2312.0,2311.0,2311.0,0.4922,2024,6,9
2024-06-09 23:10:00+00:00,2312.0,2312.0,2311.0,2311.0,0.41,2024,6,9
2024-06-09 23:15:00+00:00,2311.0,2312.0,2308.0,2310.0,7.5423,2024,6,9
2024-06-09 23:20:00+00:00,2310.0,2310.0,2310.0,2310.0,0.0,2024,6,9
2024-06-09 23:25:00+00:00,2311.0,2311.0,2309.0,2309.0,1.5711,2024,6,9
2024-06-09 23:30:00+00:00,2310.0,2312.0,2310.0,2310.0,0.9996,2024,6,9
2024-06-09 23:35:00+00:00,2311.0,2311.0,2310.0,2310.0,0.0748,2024,6,9
2024-06-09 23:40:00+00:00,2310.0,2310.0,2310.0,2310.0,0.0741,2024,6,9
2024-06-09 23:45:00+00:00,2310.0,2310.0,2310.0,2310.0,0.0,2024,6,9
2024-06-09 23:50:00+00:00,2311.0,2311.0,2310.0,2310.0,0.0354,2024,6,9
2024-06-09 23:55:00+00:00,2310.0,2312.0,2310.0,2312.0,0.9945,2024,6,9
2024-06-10 00:00:00+00:00,2312.0,2312.0,2311.0,2311.0,1.0687,2024,6,10
2024-06-10 00:05:00+00:00,2311.0,2311.0,2311.0,2311.0,0.0185,2024,6,10
2024-06-10 00:10:00+00:00,2311.0,2312.0,2311.0,2311.0,1.5804,2024,6,10
2024-06-10 00:15:00+00:00,2312.0,2312.0,2310.0,2310.0,0.4666,2024,6,10
2024-06-10 00:20:00+00:00,2310.0,2310.0,2307.0,2307.0,1.4167,2024,6,10
2024-06-10 00:25:00+00:00,2308.0,2308.0,2307.0,2307.0,0.0827,2024,6,10
2024-06-10 00:30:00+00:00,2308.0,2309.0,2307.0,2308.0,0.5736,2024,6,10
2024-06-10 00:35:00+00:00,2309.0,2315.0,2308.0,2309.0,9.5409,2024,6,10
2024-06-10 00:40:00+00:00,2309.0,2310.0,2309.0,2309.0,0.0285,2024,6,10
2024-06-10 00:45:00+00:00,2309.0,2316.0,2309.0,2312.0,17.6805,2024,6,10
2024-06-10 00:50:00+00:00,2312.0,2313.0,2311.0,2311.0,0.2529,2024,6,10
2024-06-10 00:55:00+00:00,2312.0,2312.0,2311.0,2311.0,0.0424,2024,6,10
2024-06-10 01:00:00+00:00,2312.0,2312.0,2311.0,2311.0,0.0611,2024,6,10
2024-06-10 01:05:00+00:00,2311.0,2311.0,2305.0,2308.0,17.4352,2024,6,10
2024-06-10 01:10:00+00:00,2308.0,2308.0,2307.0,2308.0,0.4796,2024,6,10
2024-06-10 01:15:00+00:00,2308.0,2308.0,2308.0,2308.0,0.0,2024,6,10
2024-06-10 01:20:00+00:00,2309.0,2309.0,2305.0,2307.0,3.4979,2024,6,10
2024-06-10 01:25:00+00:00,2308.0,2308.0,2307.0,2307.0,0.3216,2024,6,10
2024-06-10 01:30:00+00:00,2307.0,2310.0,2307.0,2309.0,1.1665,2024,6,10
2024-06-10 01:35:00+00:00,2309.0,2310.0,2304.0,2307.0,35.0429,2024,6,10
2024-06-10 01:40:00+00:00,2308.0,2308.0,2305.0,2305.0,0.275,2024,6,10
2024-06-10 01:45:00+00:00,2307.0,2307.0,2305.0,2305.0,0.9259,2024,6,10
2024-06-10 01:50:00+00:00,2305.0,2306.0,2305.0,2305.0,0.5339,2024,6,10
2024-06-10 01:55:00+00:00,2305.0,2306.0,2305.0,2305.0,0.0393,2024,6,10
2024-06-10 02:00:00+00:00,2306.0,2306.0,2305.0,2305.0,0.0067,2024,6,10
2024-06-10 02:05:00+00:00,2306.0,2307.0,2305.0,2305.0,0.3104,2024,6,10
2024-06-10 02:10:00+00:00,2306.0,2307.0,2305.0,2306.0,0.4509,2024,6,10
2024-06-10 02:15:00+00:00,2305.0,2307.0,2305.0,2306.0,0.07,2024,6,10
2024-06-10 02:20:00+00:00,2306.0,2306.0,2306.0,2306.0,0.005,2024,6,10
2024-06-10 02:25:00+00:00,2306.0,2307.0,2306.0,2307.0,0.1754,2024,6,10
2024-06-10 02:30:00+00:00,2307.0,2308.0,2307.0,2307.0,0.116,2024,6,10
2024-06-10 02:35:00+00:00,2308.0,2308.0,2307.0,2307.0,0.012,2024,6,10
2024-06-10 02:40:00+00:00,2308.0,2308.0,2307.0,2307.0,0.019,2024,6,10
2024-06-10 02:45:00+00:00,2308.0,2308.0,2307.0,2307.0,0.0091,2024,6,10
2024-06-10 02:50:00+00:00,2307.0,2308.0,2306.0,2306.0,0.6542,2024,6,10
2024-06-10 02:55:00+00:00,2307.0,2307.0,2306.0,2306.0,0.0309,2024,6,10
2024-06-10 03:00:00+00:00,2307.0,2307.0,2306.0,2306.0,0.0657,2024,6,10
2024-06-10 03:05:00+00:00,2307.0,2307.0,2306.0,2306.0,0.0396,2024,6,10
2024-06-10 03:10:00+00:00,2307.0,2307.0,2306.0,2306.0,0.0513,2024,6,10
2024-06-10 03:15:00+00:00,2307.0,2307.0,2306.0,2306.0,0.1464,2024,6,10
2024-06-10 03:20:00+00:00,2307.0,2307.0,2306.0,2306.0,0.0142,2024,6,10
2024-06-10 03:25:00+00:00,2307.0,2307.0,2306.0,2306.0,0.3417,2024,6,10
2024-06-10 03:30:00+00:00,2306.0,2307.0,2305.0,2305.0,0.4977,2024,6,10
2024-06-10 03:35:00+00:00,2307.0,2307.0,2305.0,2306.0,0.3932,2024,6,10
2024-06-10 03:40:00+00:00,2306.0,2307.0,2305.0,2306.0,0.5592,2024,6,10
2024-06-10 03:45:00+00:00,2307.0,2307.0,2306.0,2306.0,0.0152,2024,6,10
2024-06-10 03:50:00+00:00,2307.0,2307.0,2306.0,2306.0,0.0449,2024,6,10
2024-06-10 03:55:00+00:00,2306.0,2307.0,2306.0,2306.0,0.13,2024,6,10
2024-06-10 04:00:00+00:00,2306.0,2307.0,2306.0,2306.0,0.0688,2024,6,10
2024-06-10 04:05:00+00:00,2307.0,2307.0,2304.0,2305.0,1.1606,2024,6,10
2024-06-10 04:10:00+00:00,2306.0,2306.0,2305.0,2305.0,0.0948,2024,6,10
2024-06-10 04:15:00+00:00,2306.0,2306.0,2305.0,2305.0,0.0345,2024,6,10
2024-06-10 04:20:00+00:00,2306.0,2306.0,2305.0,2305.0,0.2085,2024,6,10
2024-06-10 04:25:00+00:00,2306.0,2306.0,2305.0,2305.0,0.0528,2024,6,10
2024-06-10 04:30:00+00:00,2306.0,2306.0,2305.0,2305.0,0.5686,2024,6,10
2024-06-10 04:35:00+00:00,2306.0,2310.0,2305.0,2308.0,2.9094,2024,6,10
2024-06-10 04:40:00+00:00,2308.0,2309.0,2308.0,2308.0,0.1632,2024,6,10
2024-06-10 04:45:00+00:00,2308.0,2309.0,2308.0,2308.0,0.1565,2024,6,10
2024-06-10 04:50:00+00:00,2308.0,2309.0,2308.0,2308.0,0.0281,2024,6,10
2024-06-10 04:55:00+00:00,2308.0,2309.0,2308.0,2308.0,0.0148,2024,6,10
2024-06-10 05:00:00+00:00,2309.0,2311.0,2308.0,2310.0,1.2213,2024,6,10
2024-06-10 05:05:00+00:00,2310.0,2311.0,2310.0,2310.0,0.042,2024,6,10
2024-06-10 05:10:00+00:00,2310.0,2311.0,2310.0,2310.0,0.4661,2024,6,10
2024-06-10 05:15:00+00:00,2310.0,2311.0,2310.0,2310.0,0.2637,2024,6,10
2024-06-10 05:20:00+00:00,2311.0,2311.0,2310.0,2310.0,0.2922,2024,6,10
2024-06-10 05:25:00+00:00,2310.0,2310.0,2310.0,2310.0,0.1025,2024,6,10
2024-06-10 05:30:00+00:00,2310.0,2310.0,2310.0,2310.0,0.0,2024,6,10
2024-06-10 05:35:00+00:00,2311.0,2311.0,2305.0,2305.0,3.3366,2024,6,10
2024-06-10 05:40:00+00:00,2307.0,2310.0,2307.0,2309.0,2.1776,2024,6,10
2024-06-10 05:45:00+00:00,2309.0,2310.0,2308.0,2309.0,0.1345,2024,6,10
2024-06-10 05:50:00+00:00,2310.0,2310.0,2306.0,2306.0,0.5655,2024,6,10
2024-06-10 05:55:00+00:00,2307.0,2308.0,2305.0,2307.0,1.5141,2024,6,10
2024-06-10 06:00:00+00:00,2307.0,2309.0,2307.0,2308.0,0.655,2024,6,10
2024-06-10 06:05:00+00:00,2309.0,2309.0,2308.0,2308.0,0.3965,2024,6,10
2024-06-10 06:10:00+00:00,2308.0,2308.0,2305.0,2306.0,1.7536,2024,6,10
2024-06-10 06:15:00+00:00,2306.0,2308.0,2306.0,2307.0,0.4642,2024,6,10
2024-06-10 06:20:00+00:00,2307.0,2307.0,2305.0,2305.0,0.3074,2024,6,10
2024-06-10 06:25:00+00:00,2305.0,2306.0,2305.0,2305.0,0.0572,2024,6,10
2024-06-10 06:30:00+00:00,2306.0,2306.0,2305.0,2305.0,0.1547,2024,6,10
2024-06-10 06:35:00+00:00,2305.0,2306.0,2305.0,2305.0,0.1905,2024,6,10
2024-06-10 06:40:00+00:00,2306.0,2306.0,2304.0,2304.0,2.5397,2024,6,10
2024-06-10 06:45:00+00:00,2305.0,2305.0,2304.0,2304.0,1.82,2024,6,10
2024-06-10 06:50:00+00:00,2305.0,2305.0,2304.0,2305.0,0.725,2024,6,10
2024-06-10 06:55:00+00:00,2305.0,2305.0,2304.0,2304.0,1.4582,2024,6,10
2024-06-10 07:00:00+00:00,2305.0,2305.0,2304.0,2304.0,0.1065,2024,6,10
2024-06-10 07:05:00+00:00,2304.0,2307.0,2304.0,2304.0,2.1378,2024,6,10
2024-06-10 07:10:00+00:00,2305.0,2305.0,2304.0,2304.0,0.7937,2024,6,10
2024-06-10 07:15:00+00:00,2305.0,2305.0,2304.0,2304.0,0.4683,2024,6,10
2024-06-10 07:20:00+00:00,2304.0,2305.0,2304.0,2304.0,0.2432,2024,6,10
2024-06-10 07:25:00+00:00,2305.0,2305.0,2304.0,2304.0,0.7321,2024,6,10
2024-06-10 07:30:00+00:00,2305.0,2305.0,2304.0,2304.0,4.1655,2024,6,10
2024-06-10 07:35:00+00:00,2304.0,2305.0,2304.0,2305.0,0.4529,2024,6,10
2024-06-10 07:40:00+00:00,2304.0,2305.0,2304.0,2305.0,1.9993,2024,6,10
2024-06-10 07:45:00+00:00,2305.0,2305.0,2304.0,2304.0,2.379,2024,6,10
2024-06-10 07:50:00+00:00,2305.0,2305.0,2304.0,2304.0,1.4531,2024,6,10
2024-06-10 07:55:00+00:00,2305.0,2305.0,2304.0,2305.0,6.8126,2024,6,10
2024-06-10 08:00:00+00:00,2305.0,2305.0,2304.0,2305.0,2.7079,2024,6,10
2024-06-10 08:05:00+00:00,2305.0,2305.0,2304.0,2305.0,0.6247,2024,6,10
2024-06-10 08:10:00+00:00,2306.0,2306.0,2305.0,2306.0,1.0971,2024,6,10
2024-06-10 08:15:00+00:00,2306.0,2306.0,2304.0,2305.0,1.0379,2024,6,10
2024-06-10 08:20:00+00:00,2304.0,2305.0,2304.0,2305.0,0.1031,2024,6,10
2024-06-10 08:25:00+00:00,2304.0,2305.0,2304.0,2304.0,0.4415,2024,6,10
2024-06-10 08:30:00+00:00,2304.0,2305.0,2304.0,2304.0,0.0219,2024,6,10
2024-06-10 08:35:00+00:00,2304.0,2305.0,2304.0,2304.0,0.0336,2024,6,10
2024-06-10 08:40:00+00:00,2305.0,2305.0,2304.0,2305.0,0.4259,2024,6,10
2024-06-10 08:45:00+00:00,2304.0,2305.0,2304.0,2304.0,0.0347,2024,6,10
2024-06-10 08:50:00+00:00,2304.0,2305.0,2304.0,2304.0,0.1147,2024,6,10
2024-06-10 08:55:00+00:00,2305.0,2305.0,2304.0,2304.0,0.5572,2024,6,10
2024-06-10 09:00:00+00:00,2305.0,2305.0,2304.0,2304.0,0.0484,2024,6,10
2024-06-10 09:05:00+00:00,2304.0,2305.0,2304.0,2304.0,0.0257,2024,6,10
2024-06-10 09:10:00+00:00,2304.0,2306.0,2304.0,2305.0,0.2923,2024,6,10
2024-06-10 09:15:00+00:00,2305.0,2306.0,2304.0,2304.0,1.1188,2024,6,10
2024-06-10 09:20:00+00:00,2304.0,2306.0,2304.0,2305.0,1.4764,2024,6,10
2024-06-10 09:25:00+00:00,2305.0,2306.0,2305.0,2305.0,0.083,2024,6,10
2024-06-10 09:30:00+00:00,2305.0,2306.0,2305.0,2305.0,0.0596,2024,6,10
2024-06-10 09:35:00+00:00,2305.0,2306.0,2305.0,2305.0,1.0786,2024,6,10
2024-06-10 09:40:00+00:00,2306.0,2306.0,2305.0,2305.0,0.2966,2024,6,10
2024-06-10 09:45:00+00:00,2305.0,2306.0,2305.0,2305.0,1.5975,2024,6,10
2024-06-10 09:50:00+00:00,2305.0,2305.0,2305.0,2305.0,0.2761,2024,6,10
2024-06-10 09:55:00+00:00,2305.0,2306.0,2305.0,2305.0,0.0345,2024,6,10
2024-06-10 10:00:00+00:00,2306.0,2306.0,2305.0,2305.0,0.1686,2024,6,10
2024-06-10 10:05:00+00:00,2305.0,2307.0,2305.0,2306.0,0.5609,2024,6,10
2024-06-10 10:10:00+00:00,2307.0,2307.0,2306.0,2307.0,1.1334,2024,6,10
2024-06-10 10:15:00+00:00,2306.0,2307.0,2306.0,2306.0,0.2316,2024,6,10
2024-06-10 10:20:00+00:00,2306.0,2307.0,2305.0,2306.0,0.8153,2024,6,10
2024-06-10 10:25:00+00:00,2306.0,2307.0,2306.0,2306.0,0.116,2024,6,10
2024-06-10 10:30:00+00:00,2306.0,2307.0,2306.0,2306.0,0.0326,2024,6,10
2024-06-10 10:35:00+00:00,2306.0,2307.0,2306.0,2306.0,0.4896,2024,6,10
2024-06-10 10:40:00+00:00,2306.0,2307.0,2306.0,2306.0,0.1603,2024,6,10
2024-06-10 10:45:00+00:00,2307.0,2307.0,2305.0,2306.0,1.9409,2024,6,10
2024-06-10 10:50:00+00:00,2306.0,2307.0,2306.0,2306.0,0.0334,2024,6,10
2024-06-10 10:55:00+00:00,2307.0,2307.0,2306.0,2306.0,0.5111,2024,6,10
2024-06-10 11:00:00+00:00,2307.0,2307.0,2306.0,2306.0,0.4002,2024,6,10
2024-06-10 11:05:00+00:00,2306.0,2307.0,2306.0,2306.0,0.1559,2024,6,10
2024-06-10 11:10:00+00:00,2307.0,2313.0,2307.0,2308.0,5.9261,2024,6,10
2024-06-10 11:15:00+00:00,2309.0,2309.0,2308.0,2308.0,0.3115,2024,6,10
2024-06-10 11:20:00+00:00,2309.0,2309.0,2308.0,2308.0,0.0466,2024,6,10
2024-06-10 11:25:00+00:00,2309.0,2309.0,2308.0,2308.0,0.2283,2024,6,10
2024-06-10 11:30:00+00:00,2309.0,2310.0,2308.0,2308.0,2.1743,2024,6,10
2024-06-10 11:35:00+00:00,2309.0,2309.0,2308.0,2308.0,0.0097,2024,6,10
2024-06-10 11:40:00+00:00,2309.0,2310.0,2308.0,2308.0,1.631,2024,6,10
2024-06-10 11:45:00+00:00,2308.0,2310.0,2308.0,2309.0,0.8772,2024,6,10
2024-06-10 11:50:00+00:00,2309.0,2310.0,2309.0,2309.0,0.2388,2024,6,10
2024-06-10 11:55:00+00:00,2310.0,2310.0,2309.0,2309.0,0.4219,2024,6,10
2024-06-10 12:00:00+00:00,2309.0,2311.0,2309.0,2310.0,0.7373,2024,6,10
2024-06-10 12:05:00+00:00,2311.0,2311.0,2310.0,2310.0,0.077,2024,6,10
2024-06-10 12:10:00+00:00,2310.0,2311.0,2310.0,2310.0,0.0771,2024,6,10
2024-06-10 12:15:00+00:00,2311.0,2313.0,2310.0,2312.0,2.276,2024,6,10
2024-06-10 12:20:00+00:00,2311.0,2314.0,2311.0,2313.0,2.6295,2024,6,10
2024-06-10 12:25:00+00:00,2314.0,2314.0,2312.0,2312.0,9.8241,2024,6,10
2024-06-10 12:30:00+00:00,2312.0,2313.0,2312.0,2312.0,0.033,2024,6,10
2024-06-10 12:35:00+00:00,2312.0,2313.0,2312.0,2312.0,0.2246,2024,6,10
2024-06-10 12:40:00+00:00,2313.0,2313.0,2312.0,2312.0,0.0084,2024,6,10
2024-06-10 12:45:00+00:00,2312.0,2313.0,2312.0,2312.0,0.2029,2024,6,10
2024-06-10 12:50:00+00:00,2313.0,2314.0,2312.0,2312.0,1.7358,2024,6,10
2024-06-10 12:55:00+00:00,2313.0,2313.0,2312.0,2312.0,0.0663,2024,6,10
2024-06-10 13:00:00+00:00,2312.0,2314.0,2312.0,2312.0,0.616,2024,6,10
2024-06-10 13:05:00+00:00,2313.0,2313.0,2312.0,2312.0,0.0491,2024,6,10
2024-06-10 13:10:00+00:00,2313.0,2314.0,2312.0,2313.0,2.2606,2024,6,10
2024-06-10 13:15:00+00:00,2313.0,2314.0,2313.0,2313.0,0.0742,2024,6,10
2024-06-10 13:20:00+00:00,2314.0,2314.0,2313.0,2313.0,2.571,2024,6,10
2024-06-10 13:25:00+00:00,2313.0,2314.0,2313.0,2314.0,6.9934,2024,6,10
2024-06-10 13:30:00+00:00,2313.0,2314.0,2313.0,2313.0,0.9572,2024,6,10
2024-06-10 13:35:00+00:00,2314.0,2315.0,2313.0,2314.0,1.9832,2024,6,10
2024-06-10 13:40:00+00:00,2314.0,2315.0,2313.0,2313.0,1.171,2024,6,10
2024-06-10 13:45:00+00:00,2314.0,2314.0,2313.0,2313.0,0.301,2024,6,10
2024-06-10 13:50:00+00:00,2314.0,2315.0,2313.0,2314.0,2.2936,2024,6,10
2024-06-10 13:55:00+00:00,2314.0,2315.0,2314.0,2314.0,0.3139,2024,6,10
2024-06-10 14:00:00+00:00,2315.0,2316.0,2314.0,2314.0,2.986,2024,6,10
2024-06-10 14:05:00+00:00,2315.0,2315.0,2314.0,2314.0,0.1066,2024,6,10
2024-06-10 14:10:00+00:00,2314.0,2315.0,2314.0,2314.0,0.3979,2024,6,10
2024-06-10 14:15:00+00:00,2315.0,2316.0,2314.0,2314.0,0.7195,2024,6,10
2024-06-10 14:20:00+00:00,2315.0,2316.0,2314.0,2315.0,0.7703,2024,6,10
2024-06-10 14:25:00+00:00,2315.0,2316.0,2315.0,2316.0,0.7403,2024,6,10
2024-06-10 14:30:00+00:00,2316.0,2318.0,2315.0,2316.0,2.3668,2024,6,10
2024-06-10 14:35:00+00:00,2317.0,2319.0,2316.0,2316.0,4.0618,2024,6,10
2024-06-10 14:40:00+00:00,2317.0,2317.0,2316.0,2316.0,0.0983,2024,6,10
2024-06-10 14:45:00+00:00,2317.0,2317.0,2316.0,2316.0,0.0386,2024,6,10
2024-06-10 14:50:00+00:00,2317.0,2317.0,2316.0,2316.0,0.3829,2024,6,10
2024-06-10 14:55:00+00:00,2316.0,2317.0,2316.0,2316.0,0.5796,2024,6,10
2024-06-10 15:00:00+00:00,2317.0,2317.0,2316.0,2316.0,0.4119,2024,6,10
2024-06-10 15:05:00+00:00,2317.0,2317.0,2314.0,2316.0,2.5549,2024,6,10
2024-06-10 15:10:00+00:00,2317.0,2317.0,2314.0,2314.0,1.2257,2024,6,10
2024-06-10 15:15:00+00:00,2314.0,2316.0,2314.0,2315.0,0.5479,2024,6,10
2024-06-10 15:20:00+00:00,2315.0,2315.0,2313.0,2314.0,2.9105,2024,6,10
2024-06-10 15:25:00+00:00,2315.0,2315.0,2314.0,2314.0,0.023,2024,6,10
2024-06-10 15:30:00+00:00,2315.0,2315.0,2314.0,2314.0,0.0271,2024,6,10
2024-06-10 15:35:00+00:00,2315.0,2315.0,2314.0,2314.0,1.364,2024,6,10
2024-06-10 15:40:00+00:00,2315.0,2315.0,2314.0,2314.0,0.9321,2024,6,10
2024-06-10 15:45:00+00:00,2315.0,2315.0,2313.0,2314.0,1.5118,2024,6,10
2024-06-10 15:50:00+00:00,2314.0,2315.0,2313.0,2314.0,2.3402,2024,6,10
2024-06-10 15:55:00+00:00,2314.0,2315.0,2314.0,2314.0,0.812,2024,6,10
2024-06-10 16:00:00+00:00,2315.0,2315.0,2314.0,2314.0,0.0711,2024,6,10
2024-06-10 16:05:00+00:00,2314.0,2315.0,2313.0,2314.0,2.607,2024,6,10
2024-06-10 16:10:00+00:00,2315.0,2315.0,2314.0,2314.0,0.0259,2024,6,10
2024-06-10 16:15:00+00:00,2315.0,2316.0,2313.0,2315.0,4.9723,2024,6,10
2024-06-10 16:20:00+00:00,2316.0,2316.0,2315.0,2315.0,0.1394,2024,6,10
2024-06-10 16:25:00+00:00,2315.0,2319.0,2313.0,2317.0,23.9066,2024,6,10
2024-06-10 16:30:00+00:00,2317.0,2321.0,2315.0,2315.0,13.4981,2024,6,10
2024-06-10 16:35:00+00:00,2316.0,2318.0,2315.0,2316.0,0.2355,2024,6,10
2024-06-10 16:40:00+00:00,2318.0,2319.0,2316.0,2318.0,0.5549,2024,6,10
2024-06-10 16:45:00+00:00,2319.0,2319.0,2314.0,2315.0,2.5321,2024,6,10
2024-06-10 16:50:00+00:00,2315.0,2319.0,2315.0,2318.0,1.2497,2024,6,10
2024-06-10 16:55:00+00:00,2318.0,2320.0,2316.0,2319.0,5.0693,2024,6,10
2024-06-10 17:00:00+00:00,2319.0,2320.0,2317.0,2317.0,0.8774,2024,6,10
2024-06-10 17:05:00+00:00,2317.0,2325.0,2316.0,2320.0,10.0129,2024,6,10
2024-06-10 17:10:00+00:00,2320.0,2320.0,2317.0,2317.0,0.819,2024,6,10
2024-06-10 17:15:00+00:00,2317.0,2318.0,2316.0,2316.0,0.6734,2024,6,10
2024-06-10 17:20:00+00:00,2316.0,2317.0,2316.0,2317.0,0.2904,2024,6,10
2024-06-10 17:25:00+00:00,2318.0,2319.0,2317.0,2318.0,1.1205,2024,6,10
2024-06-10 17:30:00+00:00,2318.0,2318.0,2318.0,2318.0,0.0121,2024,6,10
2024-06-10 17:35:00+00:00,2319.0,2319.0,2318.0,2318.0,0.0381,2024,6,10
2024-06-10 17:40:00+00:00,2318.0,2320.0,2318.0,2319.0,2.2671,2024,6,10
2024-06-10 17:45:00+00:00,2319.0,2320.0,2319.0,2319.0,0.0332,2024,6,10
2024-06-10 17:50:00+00:00,2319.0,2320.0,2318.0,2319.0,1.3518,2024,6,10
2024-06-10 17:55:00+00:00,2320.0,2320.0,2315.0,2316.0,6.7899,2024,6,10
2024-06-10 18:00:00+00:00,2316.0,2318.0,2316.0,2316.0,0.128,2024,6,10
2024-06-10 18:05:00+00:00,2317.0,2317.0,2316.0,2316.0,0.2166,2024,6,10
2024-06-10 18:10:00+00:00,2316.0,2318.0,2316.0,2316.0,2.42,2024,6,10
2024-06-10 18:15:00+00:00,2316.0,2317.0,2315.0,2316.0,0.3179,2024,6,10
2024-06-10 18:20:00+00:00,2317.0,2317.0,2316.0,2316.0,0.0568,2024,6,10
2024-06-10 18:25:00+00:00,2316.0,2317.0,2315.0,2315.0,0.4101,2024,6,10
2024-06-10 18:30:00+00:00,2316.0,2317.0,2314.0,2314.0,1.3449,2024,6,10
2024-06-10 18:35:00+00:00,2315.0,2321.0,2314.0,2315.0,3.2807,2024,6,10
2024-06-10 18:40:00+00:00,2316.0,2316.0,2314.0,2314.0,0.0574,2024,6,10
2024-06-10 18:45:00+00:00,2315.0,2316.0,2314.0,2314.0,0.5512,2024,6,10
2024-06-10 18:50:00+00:00,2316.0,2316.0,2314.0,2314.0,0.1288,2024,6,10
2024-06-10 18:55:00+00:00,2316.0,2316.0,2314.0,2314.0,0.1972,2024,6,10
2024-06-10 19:00:00+00:00,2316.0,2316.0,2314.0,2314.0,0.0199,2024,6,10
2024-06-10 19:05:00+00:00,2315.0,2315.0,2314.0,2314.0,0.1679,2024,6,10
2024-06-10 19:10:00+00:00,2315.0,2315.0,2314.0,2314.0,0.5746,2024,6,10
2024-06-10 19:15:00+00:00,2314.0,2315.0,2314.0,2314.0,0.1361,2024,6,10
2024-06-10 19:20:00+00:00,2315.0,2315.0,2314.0,2314.0,0.0821,2024,6,10
2024-06-10 19:25:00+00:00,2315.0,2315.0,2314.0,2314.0,0.2592,2024,6,10
2024-06-10 19:30:00+00:00,2314.0,2315.0,2314.0,2315.0,0.0206,2024,6,10
2024-06-10 19:35:00+00:00,2314.0,2315.0,2314.0,2315.0,0.0691,2024,6,10
2024-06-10 19:40:00+00:00,2314.0,2315.0,2314.0,2314.0,0.0736,2024,6,10
2024-06-10 19:45:00+00:00,2315.0,2315.0,2314.0,2314.0,0.2826,2024,6,10
2024-06-10 19:50:00+00:00,2315.0,2315.0,2313.0,2313.0,0.8895,2024,6,10
2024-06-10 19:55:00+00:00,2312.0,2313.0,2312.0,2312.0,0.1276,2024,6,10
2024-06-10 20:00:00+00:00,2313.0,2313.0,2312.0,2312.0,0.3209,2024,6,10
2024-06-10 20:05:00+00:00,2312.0,2313.0,2312.0,2312.0,0.803,2024,6,10
2024-06-10 20:10:00+00:00,2312.0,2313.0,2311.0,2312.0,2.3452,2024,6,10
2024-06-10 20:15:00+00:00,2313.0,2313.0,2312.0,2312.0,0.1102,2024,6,10
2024-06-10 20:20:00+00:00,2312.0,2313.0,2312.0,2312.0,0.3458,2024,6,10
2024-06-10 20:25:00+00:00,2313.0,2313.0,2312.0,2312.0,0.07,2024,6,10
2024-06-10 20:30:00+00:00,2312.0,2315.0,2312.0,2314.0,1.5508,2024,6,10
2024-06-10 20:35:00+00:00,2314.0,2315.0,2314.0,2314.0,0.1878,2024,6,10
2024-06-10 20:40:00+00:00,2314.0,2315.0,2314.0,2314.0,0.0981,2024,6,10
2024-06-10 20:45:00+00:00,2315.0,2315.0,2314.0,2314.0,0.1387,2024,6,10
2024-06-10 20:50:00+00:00,2314.0,2315.0,2314.0,2314.0,0.0255,2024,6,10
2024-06-10 20:55:00+00:00,2315.0,2317.0,2314.0,2314.0,0.5611,2024,6,10
2024-06-10 21:00:00+00:00,2316.0,2316.0,2314.0,2314.0,0.9548,2024,6,10
2024-06-10 21:05:00+00:00,2315.0,2315.0,2313.0,2313.0,0.055,2024,6,10
2024-06-10 21:10:00+00:00,2314.0,2314.0,2313.0,2313.0,0.0195,2024,6,10
2024-06-10 21:15:00+00:00,2314.0,2314.0,2312.0,2312.0,0.5085,2024,6,10
2024-06-10 21:20:00+00:00,2313.0,2314.0,2313.0,2313.0,0.0642,2024,6,10
2024-06-10 21:25:00+00:00,2313.0,2313.0,2309.0,2312.0,5.5451,2024,6,10
2024-06-10 21:30:00+00:00,2312.0,2315.0,2312.0,2312.0,1.5757,2024,6,10
2024-06-10 21:35:00+00:00,2314.0,2314.0,2312.0,2313.0,0.0309,2024,6,10
2024-06-10 21:40:00+00:00,2314.0,2314.0,2309.0,2313.0,8.6265,2024,6,10
2024-06-10 21:45:00+00:00,2313.0,2314.0,2313.0,2313.0,0.15,2024,6,10
2024-06-10 21:50:00+00:00,2312.0,2313.0,2312.0,2312.0,0.1395,2024,6,10
2024-06-10 21:55:00+00:00,2313.0,2317.0,2313.0,2314.0,3.2559,2024,6,10
2024-06-10 22:00:00+00:00,2315.0,2316.0,2314.0,2315.0,0.6611,2024,6,10
2024-06-10 22:05:00+00:00,2315.0,2316.0,2315.0,2315.0,0.0788,2024,6,10
2024-06-10 22:10:00+00:00,2316.0,2316.0,2315.0,2315.0,0.1352,2024,6,10
2024-06-10 22:15:00+00:00,2316.0,2317.0,2315.0,2316.0,0.1797,2024,6,10
2024-06-10 22:20:00+00:00,2317.0,2317.0,2316.0,2316.0,0.1033,2024,6,10
2024-06-10 22:25:00+00:00,2317.0,2317.0,2316.0,2316.0,0.0849,2024,6,10
2024-06-10 22:30:00+00:00,2316.0,2317.0,2316.0,2316.0,0.2095,2024,6,10
2024-06-10 22:35:00+00:00,2316.0,2316.0,2315.0,2315.0,3.1589,2024,6,10
2024-06-10 22:40:00+00:00,2316.0,2321.0,2314.0,2316.0,14.8741,2024,6,10
2024-06-10 22:45:00+00:00,2316.0,2316.0,2315.0,2315.0,0.0339,2024,6,10
2024-06-10 22:50:00+00:00,2315.0,2317.0,2315.0,2315.0,0.5521,2024,6,10
2024-06-10 22:55:00+00:00,2316.0,2318.0,2315.0,2316.0,0.6428,2024,6,10
2024-06-10 23:00:00+00:00,2316.0,2318.0,2314.0,2316.0,0.8299,2024,6,10
2024-06-10 23:05:00+00:00,2317.0,2317.0,2316.0,2316.0,0.0097,2024,6,10
2024-06-10 23:10:00+00:00,2316.0,2317.0,2316.0,2316.0,0.3737,2024,6,10
2024-06-10 23:15:00+00:00,2317.0,2317.0,2316.0,2316.0,0.1951,2024,6,10
2024-06-10 23:20:00+00:00,2316.0,2317.0,2316.0,2316.0,0.0751,2024,6,10
2024-06-10 23:25:00+00:00,2316.0,2317.0,2316.0,2316.0,0.3697,2024,6,10
2024-06-10 23:30:00+00:00,2317.0,2317.0,2316.0,2316.0,0.0073,2024,6,10
2024-06-10 23:35:00+00:00,2317.0,2317.0,2316.0,2316.0,0.0278,2024,6,10
2024-06-10 23:40:00+00:00,2317.0,2317.0,2316.0,2316.0,0.1384,2024,6,10
2024-06-10 23:45:00+00:00,2317.0,2317.0,2316.0,2316.0,0.2175,2024,6,10
2024-06-10 23:50:00+00:00,2316.0,2317.0,2316.0,2316.0,0.0531,2024,6,10
2024-06-10 23:55:00+00:00,2316.0,2319.0,2313.0,2316.0,5.1203,2024,6,10
