timestamp,open,high,low,close,volume,year,month,day
2026-04-11 00:00:00+00:00,4734.0,4734.0,4732.37,4732.37,6.3491,2026,4,11
2026-04-11 00:05:00+00:00,4732.37,4732.74,4731.9,4732.74,3.742,2026,4,11
2026-04-11 00:10:00+00:00,4732.74,4732.74,4732.21,4732.21,2.2191,2026,4,11
2026-04-11 00:15:00+00:00,4732.22,4732.22,4732.03,4732.09,2.5748,2026,4,11
2026-04-11 00:20:00+00:00,4732.09,4733.1,4732.09,4732.65,2.3871,2026,4,11
2026-04-11 00:25:00+00:00,4732.65,4733.27,4729.87,4730.0,31.4089,2026,4,11
2026-04-11 00:30:00+00:00,4730.0,4730.0,4729.99,4730.0,11.4406,2026,4,11
2026-04-11 00:35:00+00:00,4730.0,4730.0,4729.99,4730.0,22.8515,2026,4,11
2026-04-11 00:40:00+00:00,4730.0,4730.0,4729.99,4730.0,8.1887,2026,4,11
2026-04-11 00:45:00+00:00,4730.0,4730.0,4729.99,4730.0,1.4895,2026,4,11
2026-04-11 00:50:00+00:00,4730.0,4730.0,4729.99,4730.0,4.5641,2026,4,11
2026-04-11 00:55:00+00:00,4730.0,4730.0,4729.99,4729.99,11.127,2026,4,11
2026-04-11 01:00:00+00:00,4730.0,4730.0,4729.99,4730.0,53.5091,2026,4,11
2026-04-11 01:05:00+00:00,4730.0,4730.0,4729.79,4729.79,27.4927,2026,4,11
2026-04-11 01:10:00+00:00,4729.88,4729.95,4729.88,4729.94,1.6827,2026,4,11
2026-04-11 01:15:00+00:00,4729.93,4729.95,4729.93,4729.95,0.5126,2026,4,11
2026-04-11 01:20:00+00:00,4729.94,4729.95,4729.94,4729.95,2.1602,2026,4,11
2026-04-11 01:25:00+00:00,4729.95,4729.99,4729.95,4729.99,1.2202,2026,4,11
2026-04-11 01:30:00+00:00,4729.99,4730.0,4729.99,4730.0,1.05,2026,4,11
2026-04-11 01:35:00+00:00,4729.99,4730.0,4729.99,4730.0,2.4129,2026,4,11
2026-04-11 01:40:00+00:00,4730.0,4730.0,4729.99,4730.0,3.7296,2026,4,11
2026-04-11 01:45:00+00:00,4730.0,4730.0,4729.99,4730.0,7.7383,2026,4,11
2026-04-11 01:50:00+00:00,4730.0,4730.0,4729.99,4730.0,1.9909,2026,4,11
2026-04-11 01:55:00+00:00,4730.0,4732.02,4729.99,4732.02,52.7801,2026,4,11
2026-04-11 02:00:00+00:00,4732.2,4732.68,4732.2,4732.68,1.8238,2026,4,11
2026-04-11 02:05:00+00:00,4732.67,4732.69,4732.67,4732.69,2.1039,2026,4,11
2026-04-11 02:10:00+00:00,4732.69,4732.69,4732.68,4732.69,0.5093,2026,4,11
2026-04-11 02:15:00+00:00,4732.69,4732.92,4732.69,4732.92,0.7554,2026,4,11
2026-04-11 02:20:00+00:00,4732.92,4733.28,4732.91,4733.28,1.6537,2026,4,11
2026-04-11 02:25:00+00:00,4733.28,4733.28,4733.25,4733.26,0.9093,2026,4,11
2026-04-11 02:30:00+00:00,4733.26,4733.26,4733.25,4733.26,0.3388,2026,4,11
2026-04-11 02:35:00+00:00,4733.26,4733.26,4733.25,4733.26,0.4928,2026,4,11
2026-04-11 02:40:00+00:00,4733.26,4733.26,4731.84,4731.85,10.6531,2026,4,11
2026-04-11 02:45:00+00:00,4731.84,4731.85,4731.84,4731.85,0.3356,2026,4,11
2026-04-11 02:50:00+00:00,4731.85,4731.85,4731.84,4731.85,1.3024,2026,4,11
2026-04-11 02:55:00+00:00,4731.85,4731.85,4731.84,4731.84,0.6184,2026,4,11
2026-04-11 03:00:00+00:00,4731.85,4732.0,4731.85,4731.87,7.887,2026,4,11
2026-04-11 03:05:00+00:00,4731.87,4731.87,4731.86,4731.87,0.0502,2026,4,11
2026-04-11 03:10:00+00:00,4731.87,4731.9,4731.87,4731.9,0.167,2026,4,11
2026-04-11 03:15:00+00:00,4731.9,4731.9,4731.87,4731.88,4.7658,2026,4,11
2026-04-11 03:20:00+00:00,4731.88,4731.88,4726.55,4729.38,59.2549,2026,4,11
2026-04-11 03:25:00+00:00,4729.38,4730.37,4729.38,4730.13,13.5891,2026,4,11
2026-04-11 03:30:00+00:00,4730.14,4730.14,4730.13,4730.14,1.0127,2026,4,11
2026-04-11 03:35:00+00:00,4730.14,4730.14,4730.13,4730.14,0.2839,2026,4,11
2026-04-11 03:40:00+00:00,4730.14,4730.14,4730.13,4730.14,0.9173,2026,4,11
2026-04-11 03:45:00+00:00,4730.14,4730.15,4730.14,4730.15,1.3658,2026,4,11
2026-04-11 03:50:00+00:00,4730.15,4730.3,4730.14,4730.3,2.6104,2026,4,11
2026-04-11 03:55:00+00:00,4730.3,4730.33,4730.29,4730.33,1.6099,2026,4,11
2026-04-11 04:00:00+00:00,4730.33,4730.34,4730.32,4730.34,4.9437,2026,4,11
2026-04-11 04:05:00+00:00,4730.34,4730.34,4730.33,4730.33,0.8019,2026,4,11
2026-04-11 04:10:00+00:00,4730.33,4730.4,4730.33,4730.39,2.7928,2026,4,11
2026-04-11 04:15:00+00:00,4730.39,4730.4,4730.39,4730.4,1.4491,2026,4,11
2026-04-11 04:20:00+00:00,4730.4,4730.6,4730.39,4730.6,0.7875,2026,4,11
2026-04-11 04:25:00+00:00,4730.6,4730.6,4729.37,4730.0,7.7439,2026,4,11
2026-04-11 04:30:00+00:00,4730.0,4730.05,4730.0,4730.05,3.078,2026,4,11
2026-04-11 04:35:00+00:00,4730.05,4730.75,4730.05,4730.75,1.401,2026,4,11
2026-04-11 04:40:00+00:00,4730.74,4730.75,4730.74,4730.75,0.7729,2026,4,11
2026-04-11 04:45:00+00:00,4730.75,4730.88,4730.75,4730.88,0.3215,2026,4,11
2026-04-11 04:50:00+00:00,4730.88,4731.66,4730.88,4731.5,0.8807,2026,4,11
2026-04-11 04:55:00+00:00,4731.5,4731.66,4731.49,4731.66,0.4819,2026,4,11
2026-04-11 05:00:00+00:00,4731.7,4731.84,4731.7,4731.84,2.8358,2026,4,11
2026-04-11 05:05:00+00:00,4731.84,4731.84,4731.83,4731.84,0.1731,2026,4,11
2026-04-11 05:10:00+00:00,4731.84,4731.84,4731.83,4731.83,0.3435,2026,4,11
2026-04-11 05:15:00+00:00,4731.84,4731.85,4729.12,4729.12,9.1628,2026,4,11
2026-04-11 05:20:00+00:00,4728.99,4731.12,4727.17,4731.11,6.4772,2026,4,11
2026-04-11 05:25:00+00:00,4731.11,4731.15,4731.11,4731.15,5.4863,2026,4,11
2026-04-11 05:30:00+00:00,4731.14,4731.3,4731.14,4731.3,0.9526,2026,4,11
2026-04-11 05:35:00+00:00,4731.3,4732.02,4731.3,4732.02,3.5852,2026,4,11
2026-04-11 05:40:00+00:00,4732.01,4732.02,4732.01,4732.02,2.3781,2026,4,11
2026-04-11 05:45:00+00:00,4732.01,4732.02,4732.01,4732.02,1.4703,2026,4,11
2026-04-11 05:50:00+00:00,4732.02,4732.96,4732.02,4732.91,1.0334,2026,4,11
2026-04-11 05:55:00+00:00,4732.91,4732.92,4732.91,4732.92,0.821,2026,4,11
2026-04-11 06:00:00+00:00,4732.92,4732.92,4732.71,4732.72,3.8208,2026,4,11
2026-04-11 06:05:00+00:00,4732.72,4732.72,4732.71,4732.72,0.5508,2026,4,11
2026-04-11 06:10:00+00:00,4732.72,4732.72,4732.71,4732.72,0.3555,2026,4,11
2026-04-11 06:15:00+00:00,4732.72,4732.72,4732.71,4732.71,0.1578,2026,4,11
2026-04-11 06:20:00+00:00,4732.71,4732.72,4732.71,4732.71,0.244,2026,4,11
2026-04-11 06:25:00+00:00,4732.71,4732.72,4732.7,4732.71,1.315,2026,4,11
2026-04-11 06:30:00+00:00,4732.71,4732.71,4732.7,4732.7,0.62,2026,4,11
2026-04-11 06:35:00+00:00,4732.7,4732.71,4732.7,4732.7,0.0991,2026,4,11
2026-04-11 06:40:00+00:00,4732.7,4732.71,4732.7,4732.71,0.1778,2026,4,11
2026-04-11 06:45:00+00:00,4732.71,4732.71,4732.7,4732.71,0.457,2026,4,11
2026-04-11 06:50:00+00:00,4732.7,4732.71,4732.48,4732.5,1.4338,2026,4,11
2026-04-11 06:55:00+00:00,4732.5,4732.52,4732.5,4732.52,2.2198,2026,4,11
2026-04-11 07:00:00+00:00,4732.52,4732.71,4732.2,4732.4,10.6696,2026,4,11
2026-04-11 07:05:00+00:00,4732.4,4732.4,4732.39,4732.4,0.0496,2026,4,11
2026-04-11 07:10:00+00:00,4732.4,4732.4,4732.36,4732.36,1.0369,2026,4,11
2026-04-11 07:15:00+00:00,4732.37,4732.37,4732.36,4732.37,0.1705,2026,4,11
2026-04-11 07:20:00+00:00,4732.36,4732.37,4732.35,4732.35,4.5782,2026,4,11
2026-04-11 07:25:00+00:00,4732.35,4732.36,4732.0,4732.01,6.6347,2026,4,11
2026-04-11 07:30:00+00:00,4732.01,4732.01,4732.0,4732.0,2.0905,2026,4,11
2026-04-11 07:35:00+00:00,4732.01,4732.01,4732.0,4732.01,0.1481,2026,4,11
2026-04-11 07:40:00+00:00,4732.01,4732.01,4732.0,4732.01,0.2489,2026,4,11
2026-04-11 07:45:00+00:00,4732.01,4732.01,4732.0,4732.01,0.6939,2026,4,11
2026-04-11 07:50:00+00:00,4732.01,4732.17,4732.01,4732.17,2.2566,2026,4,11
2026-04-11 07:55:00+00:00,4732.17,4732.2,4732.17,4732.2,0.6141,2026,4,11
2026-04-11 08:00:00+00:00,4732.2,4732.2,4732.18,4732.19,1.7361,2026,4,11
2026-04-11 08:05:00+00:00,4732.19,4732.19,4732.18,4732.19,0.3959,2026,4,11
2026-04-11 08:10:00+00:00,4732.18,4734.36,4732.18,4734.36,7.2775,2026,4,11
2026-04-11 08:15:00+00:00,4734.35,4734.36,4734.35,4734.36,0.1543,2026,4,11
2026-04-11 08:20:00+00:00,4734.36,4734.4,4734.35,4734.4,1.7578,2026,4,11
2026-04-11 08:25:00+00:00,4734.4,4734.4,4734.3,4734.31,0.9279,2026,4,11
2026-04-11 08:30:00+00:00,4734.31,4734.31,4734.3,4734.3,0.4824,2026,4,11
2026-04-11 08:35:00+00:00,4734.3,4734.37,4734.3,4734.36,0.7042,2026,4,11
2026-04-11 08:40:00+00:00,4734.35,4734.4,4734.35,4734.4,0.7043,2026,4,11
2026-04-11 08:45:00+00:00,4734.4,4734.4,4734.36,4734.37,1.0442,2026,4,11
2026-04-11 08:50:00+00:00,4734.37,4734.37,4734.36,4734.37,0.8728,2026,4,11
2026-04-11 08:55:00+00:00,4734.37,4734.37,4734.36,4734.37,0.1742,2026,4,11
2026-04-11 09:00:00+00:00,4734.36,4734.37,4733.79,4733.8,1.4333,2026,4,11
2026-04-11 09:05:00+00:00,4733.8,4733.8,4733.46,4733.47,1.1464,2026,4,11
2026-04-11 09:10:00+00:00,4733.47,4733.47,4733.46,4733.46,0.4077,2026,4,11
2026-04-11 09:15:00+00:00,4733.47,4733.88,4733.46,4733.87,1.0638,2026,4,11
2026-04-11 09:20:00+00:00,4733.87,4733.88,4733.87,4733.88,0.8631,2026,4,11
2026-04-11 09:25:00+00:00,4733.88,4733.88,4733.87,4733.88,0.3002,2026,4,11
2026-04-11 09:30:00+00:00,4733.88,4733.88,4733.87,4733.88,0.4915,2026,4,11
2026-04-11 09:35:00+00:00,4733.88,4733.88,4733.87,4733.88,0.4119,2026,4,11
2026-04-11 09:40:00+00:00,4733.88,4733.88,4733.85,4733.86,4.8336,2026,4,11
2026-04-11 09:45:00+00:00,4733.85,4734.99,4733.85,4734.99,6.1681,2026,4,11
2026-04-11 09:50:00+00:00,4734.98,4734.99,4734.85,4734.86,7.7437,2026,4,11
2026-04-11 09:55:00+00:00,4734.85,4734.86,4734.55,4734.55,9.1046,2026,4,11
2026-04-11 10:00:00+00:00,4734.55,4734.55,4734.45,4734.46,0.4935,2026,4,11
2026-04-11 10:05:00+00:00,4734.46,4734.46,4734.0,4734.01,0.624,2026,4,11
2026-04-11 10:10:00+00:00,4734.01,4734.05,4734.0,4734.04,1.0286,2026,4,11
2026-04-11 10:15:00+00:00,4734.05,4734.05,4733.85,4733.85,1.7475,2026,4,11
2026-04-11 10:20:00+00:00,4733.86,4733.86,4733.86,4733.86,0.4716,2026,4,11
2026-04-11 10:25:00+00:00,4733.85,4733.86,4733.85,4733.86,0.5385,2026,4,11
2026-04-11 10:30:00+00:00,4733.86,4733.86,4733.75,4733.76,3.0253,2026,4,11
2026-04-11 10:35:00+00:00,4733.76,4733.76,4733.7,4733.75,2.6722,2026,4,11
2026-04-11 10:40:00+00:00,4733.75,4733.75,4733.74,4733.75,0.8767,2026,4,11
2026-04-11 10:45:00+00:00,4733.74,4733.74,4733.7,4733.71,0.3032,2026,4,11
2026-04-11 10:50:00+00:00,4733.7,4733.71,4732.74,4732.74,1.8922,2026,4,11
2026-04-11 10:55:00+00:00,4732.75,4732.75,4732.6,4732.69,2.4578,2026,4,11
2026-04-11 11:00:00+00:00,4732.7,4733.1,4732.69,4733.1,4.384,2026,4,11
2026-04-11 11:05:00+00:00,4733.09,4733.1,4733.09,4733.09,0.98,2026,4,11
2026-04-11 11:10:00+00:00,4733.09,4733.1,4732.1,4732.12,16.8853,2026,4,11
2026-04-11 11:15:00+00:00,4732.12,4732.12,4732.1,4732.11,1.5002,2026,4,11
2026-04-11 11:20:00+00:00,4732.1,4732.11,4731.61,4731.62,3.3431,2026,4,11
2026-04-11 11:25:00+00:00,4731.61,4731.62,4731.58,4731.58,1.1898,2026,4,11
2026-04-11 11:30:00+00:00,4731.58,4731.59,4731.58,4731.58,0.2019,2026,4,11
2026-04-11 11:35:00+00:00,4731.59,4731.59,4731.58,4731.59,0.3325,2026,4,11
2026-04-11 11:40:00+00:00,4731.59,4731.59,4731.58,4731.59,0.5677,2026,4,11
2026-04-11 11:45:00+00:00,4731.59,4731.6,4731.58,4731.6,1.6526,2026,4,11
2026-04-11 11:50:00+00:00,4731.6,4731.61,4731.6,4731.61,1.0863,2026,4,11
2026-04-11 11:55:00+00:00,4731.61,4731.61,4731.0,4731.02,2.8376,2026,4,11
2026-04-11 12:00:00+00:00,4731.02,4731.02,4731.01,4731.02,0.451,2026,4,11
2026-04-11 12:05:00+00:00,4731.01,4731.06,4731.01,4731.06,0.4079,2026,4,11
2026-04-11 12:10:00+00:00,4731.06,4731.1,4731.05,4731.09,0.5788,2026,4,11
2026-04-11 12:15:00+00:00,4731.1,4731.1,4731.09,4731.1,0.8171,2026,4,11
2026-04-11 12:20:00+00:00,4731.09,4731.09,4730.58,4730.58,4.1559,2026,4,11
2026-04-11 12:25:00+00:00,4730.59,4730.59,4730.58,4730.59,0.7035,2026,4,11
2026-04-11 12:30:00+00:00,4730.59,4730.59,4730.58,4730.59,0.5424,2026,4,11
2026-04-11 12:35:00+00:00,4730.59,4730.59,4730.58,4730.58,0.4944,2026,4,11
2026-04-11 12:40:00+00:00,4730.59,4730.59,4730.58,4730.58,0.3619,2026,4,11
2026-04-11 12:45:00+00:00,4730.58,4730.59,4730.58,4730.59,0.4351,2026,4,11
2026-04-11 12:50:00+00:00,4730.59,4730.59,4730.58,4730.59,0.3909,2026,4,11
2026-04-11 12:55:00+00:00,4730.58,4730.59,4730.02,4730.02,6.7694,2026,4,11
2026-04-11 13:00:00+00:00,4730.25,4730.25,4730.24,4730.24,4.2863,2026,4,11
2026-04-11 13:05:00+00:00,4730.25,4730.25,4730.24,4730.25,0.1564,2026,4,11
2026-04-11 13:10:00+00:00,4730.25,4730.25,4730.0,4730.0,2.2522,2026,4,11
2026-04-11 13:15:00+00:00,4730.0,4730.01,4730.0,4730.01,0.5667,2026,4,11
2026-04-11 13:20:00+00:00,4730.0,4730.01,4730.0,4730.01,0.5137,2026,4,11
2026-04-11 13:25:00+00:00,4730.0,4730.01,4729.41,4729.45,9.5486,2026,4,11
2026-04-11 13:30:00+00:00,4729.44,4729.45,4729.44,4729.45,1.9331,2026,4,11
2026-04-11 13:35:00+00:00,4729.45,4729.45,4729.44,4729.44,4.4033,2026,4,11
2026-04-11 13:40:00+00:00,4729.45,4729.45,4729.44,4729.45,1.3247,2026,4,11
2026-04-11 13:45:00+00:00,4729.45,4729.5,4729.36,4729.46,8.7223,2026,4,11
2026-04-11 13:50:00+00:00,4729.46,4729.62,4729.45,4729.62,1.2191,2026,4,11
2026-04-11 13:55:00+00:00,4729.61,4729.8,4729.61,4729.79,1.1558,2026,4,11
2026-04-11 14:00:00+00:00,4729.79,4729.8,4729.79,4729.8,1.046,2026,4,11
2026-04-11 14:05:00+00:00,4729.8,4730.04,4729.79,4730.04,2.7522,2026,4,11
2026-04-11 14:10:00+00:00,4730.2,4730.25,4730.2,4730.25,0.5858,2026,4,11
2026-04-11 14:15:00+00:00,4730.24,4735.26,4730.05,4735.26,25.7818,2026,4,11
2026-04-11 14:20:00+00:00,4735.25,4740.0,4735.09,4737.07,40.3397,2026,4,11
2026-04-11 14:25:00+00:00,4737.06,4737.15,4736.59,4737.15,7.9721,2026,4,11
2026-04-11 14:30:00+00:00,4737.15,4737.15,4735.6,4735.61,0.9744,2026,4,11
2026-04-11 14:35:00+00:00,4735.61,4735.62,4734.9,4734.91,2.5281,2026,4,11
2026-04-11 14:40:00+00:00,4734.91,4734.91,4734.7,4734.71,1.5009,2026,4,11
2026-04-11 14:45:00+00:00,4734.7,4734.9,4734.7,4734.78,1.8459,2026,4,11
2026-04-11 14:50:00+00:00,4734.78,4734.79,4734.75,4734.75,1.0926,2026,4,11
2026-04-11 14:55:00+00:00,4734.75,4734.75,4733.8,4733.82,0.7528,2026,4,11
2026-04-11 15:00:00+00:00,4733.66,4733.7,4733.65,4733.69,1.2476,2026,4,11
2026-04-11 15:05:00+00:00,4733.7,4733.7,4733.28,4733.29,2.3564,2026,4,11
2026-04-11 15:10:00+00:00,4733.29,4733.29,4733.28,4733.28,0.7483,2026,4,11
2026-04-11 15:15:00+00:00,4733.28,4734.21,4733.28,4734.05,6.0772,2026,4,11
2026-04-11 15:20:00+00:00,4734.05,4734.06,4733.65,4733.65,0.7492,2026,4,11
2026-04-11 15:25:00+00:00,4733.65,4733.75,4733.65,4733.75,4.9487,2026,4,11
2026-04-11 15:30:00+00:00,4733.75,4733.75,4733.74,4733.74,0.165,2026,4,11
2026-04-11 15:35:00+00:00,4733.75,4733.8,4733.75,4733.79,0.6354,2026,4,11
2026-04-11 15:40:00+00:00,4733.8,4733.9,4733.79,4733.9,1.9036,2026,4,11
2026-04-11 15:45:00+00:00,4733.89,4733.9,4733.89,4733.9,0.7788,2026,4,11
2026-04-11 15:50:00+00:00,4733.89,4734.18,4733.89,4734.18,1.2456,2026,4,11
2026-04-11 15:55:00+00:00,4734.18,4735.69,4734.17,4735.68,7.7968,2026,4,11
2026-04-11 16:00:00+00:00,4735.67,4735.67,4735.41,4735.42,2.065,2026,4,11
2026-04-11 16:05:00+00:00,4735.41,4735.42,4735.21,4735.22,0.5435,2026,4,11
2026-04-11 16:10:00+00:00,4735.22,4735.22,4734.9,4734.91,1.9823,2026,4,11
2026-04-11 16:15:00+00:00,4734.9,4735.98,4734.9,4735.98,6.0418,2026,4,11
2026-04-11 16:20:00+00:00,4735.98,4735.98,4735.95,4735.97,1.3193,2026,4,11
2026-04-11 16:25:00+00:00,4735.97,4735.97,4731.3,4732.62,61.8553,2026,4,11
2026-04-11 16:30:00+00:00,4732.63,4733.35,4732.63,4733.35,6.1046,2026,4,11
2026-04-11 16:35:00+00:00,4733.35,4733.35,4733.34,4733.35,0.6349,2026,4,11
2026-04-11 16:40:00+00:00,4733.35,4734.43,4733.35,4734.2,5.6143,2026,4,11
2026-04-11 16:45:00+00:00,4734.19,4734.2,4734.19,4734.2,0.7781,2026,4,11
2026-04-11 16:50:00+00:00,4734.2,4737.75,4734.2,4737.37,16.9646,2026,4,11
2026-04-11 16:55:00+00:00,4737.37,4737.37,4733.38,4733.5,24.0095,2026,4,11
2026-04-11 17:00:00+00:00,4733.5,4735.24,4731.84,4734.0,68.075,2026,4,11
2026-04-11 17:05:00+00:00,4734.0,4734.0,4732.06,4732.06,54.171,2026,4,11
2026-04-11 17:10:00+00:00,4732.06,4732.06,4730.94,4730.94,42.1915,2026,4,11
2026-04-11 17:15:00+00:00,4730.94,4730.94,4729.68,4729.7,43.2577,2026,4,11
2026-04-11 17:20:00+00:00,4729.69,4729.69,4729.0,4729.0,68.7877,2026,4,11
2026-04-11 17:25:00+00:00,4729.0,4730.46,4728.8,4729.51,81.8821,2026,4,11
2026-04-11 17:30:00+00:00,4729.51,4729.55,4729.32,4729.32,49.0512,2026,4,11
2026-04-11 17:35:00+00:00,4729.32,4729.34,4728.79,4728.81,27.1514,2026,4,11
2026-04-11 17:40:00+00:00,4728.8,4728.8,4728.43,4728.44,37.3886,2026,4,11
2026-04-11 17:45:00+00:00,4728.44,4728.66,4727.64,4728.09,48.8603,2026,4,11
2026-04-11 17:50:00+00:00,4728.05,4729.84,4728.05,4729.6,6.6951,2026,4,11
2026-04-11 17:55:00+00:00,4729.59,4729.6,4729.59,4729.6,0.5604,2026,4,11
2026-04-11 18:00:00+00:00,4729.59,4729.6,4729.59,4729.6,2.0695,2026,4,11
2026-04-11 18:05:00+00:00,4729.6,4729.6,4729.59,4729.59,1.0003,2026,4,11
2026-04-11 18:10:00+00:00,4729.6,4729.6,4729.59,4729.59,0.4537,2026,4,11
2026-04-11 18:15:00+00:00,4729.6,4731.01,4729.59,4731.0,2.2933,2026,4,11
2026-04-11 18:20:00+00:00,4731.0,4731.01,4731.0,4731.01,0.6759,2026,4,11
2026-04-11 18:25:00+00:00,4731.01,4731.26,4731.01,4731.26,0.57,2026,4,11
2026-04-11 18:30:00+00:00,4731.26,4731.8,4731.25,4731.8,2.6804,2026,4,11
2026-04-11 18:35:00+00:00,4731.8,4734.29,4731.8,4734.25,13.0081,2026,4,11
2026-04-11 18:40:00+00:00,4733.86,4737.66,4733.82,4736.21,18.9473,2026,4,11
2026-04-11 18:45:00+00:00,4736.2,4737.6,4735.98,4737.6,11.605,2026,4,11
2026-04-11 18:50:00+00:00,4737.59,4739.29,4737.59,4737.59,12.6378,2026,4,11
2026-04-11 18:55:00+00:00,4737.51,4737.52,4737.51,4737.51,1.378,2026,4,11
2026-04-11 19:00:00+00:00,4737.51,4737.51,4737.5,4737.51,1.1108,2026,4,11
2026-04-11 19:05:00+00:00,4737.51,4739.56,4737.51,4738.51,2.4372,2026,4,11
2026-04-11 19:10:00+00:00,4738.5,4738.51,4730.15,4735.08,78.7197,2026,4,11
2026-04-11 19:15:00+00:00,4735.08,4735.55,4727.85,4734.36,59.4946,2026,4,11
2026-04-11 19:20:00+00:00,4734.4,4734.42,4734.4,4734.42,1.2728,2026,4,11
2026-04-11 19:25:00+00:00,4734.41,4735.0,4734.41,4734.99,6.8211,2026,4,11
2026-04-11 19:30:00+00:00,4734.99,4735.48,4734.36,4735.48,28.3409,2026,4,11
2026-04-11 19:35:00+00:00,4735.48,4736.52,4735.47,4736.52,6.6961,2026,4,11
2026-04-11 19:40:00+00:00,4736.52,4736.52,4735.83,4735.84,2.1153,2026,4,11
2026-04-11 19:45:00+00:00,4735.83,4735.84,4735.83,4735.84,0.8842,2026,4,11
2026-04-11 19:50:00+00:00,4735.84,4735.84,4735.83,4735.84,0.6922,2026,4,11
2026-04-11 19:55:00+00:00,4735.84,4735.84,4735.83,4735.84,0.3059,2026,4,11
2026-04-11 20:00:00+00:00,4735.84,4735.84,4733.93,4734.35,13.7691,2026,4,11
2026-04-11 20:05:00+00:00,4734.35,4735.3,4734.35,4735.25,14.7339,2026,4,11
2026-04-11 20:10:00+00:00,4735.25,4735.25,4735.24,4735.24,0.458,2026,4,11
2026-04-11 20:15:00+00:00,4735.24,4736.1,4735.24,4736.1,5.1596,2026,4,11
2026-04-11 20:20:00+00:00,4736.1,4736.16,4736.09,4736.16,2.5461,2026,4,11
2026-04-11 20:25:00+00:00,4736.15,4736.36,4736.15,4736.31,6.2888,2026,4,11
2026-04-11 20:30:00+00:00,4736.3,4736.31,4735.22,4735.22,3.1091,2026,4,11
2026-04-11 20:35:00+00:00,4735.22,4735.23,4735.22,4735.22,1.2328,2026,4,11
2026-04-11 20:40:00+00:00,4735.22,4735.25,4735.22,4735.24,2.138,2026,4,11
2026-04-11 20:45:00+00:00,4735.25,4735.55,4735.25,4735.55,2.4654,2026,4,11
2026-04-11 20:50:00+00:00,4735.54,4735.55,4735.54,4735.55,0.2966,2026,4,11
2026-04-11 20:55:00+00:00,4735.55,4735.85,4735.54,4735.84,1.1745,2026,4,11
2026-04-11 21:00:00+00:00,4735.85,4735.85,4735.84,4735.85,1.085,2026,4,11
2026-04-11 21:05:00+00:00,4735.84,4736.15,4735.84,4736.15,2.5278,2026,4,11
2026-04-11 21:10:00+00:00,4736.15,4738.47,4736.15,4737.51,14.0802,2026,4,11
2026-04-11 21:15:00+00:00,4737.51,4737.51,4737.5,4737.51,0.4192,2026,4,11
2026-04-11 21:20:00+00:00,4737.51,4737.55,4737.5,4737.5,5.3304,2026,4,11
2026-04-11 21:25:00+00:00,4737.5,4737.51,4736.32,4736.83,3.5352,2026,4,11
2026-04-11 21:30:00+00:00,4736.84,4736.88,4736.83,4736.88,0.2393,2026,4,11
2026-04-11 21:35:00+00:00,4736.94,4737.75,4736.3,4736.3,4.7467,2026,4,11
2026-04-11 21:40:00+00:00,4736.3,4737.25,4736.14,4736.62,8.804,2026,4,11
2026-04-11 21:45:00+00:00,4736.63,4736.64,4735.62,4736.11,2.6609,2026,4,11
2026-04-11 21:50:00+00:00,4736.11,4736.11,4736.1,4736.11,0.5112,2026,4,11
2026-04-11 21:55:00+00:00,4736.11,4736.11,4736.1,4736.11,2.2293,2026,4,11
2026-04-11 22:00:00+00:00,4736.1,4736.11,4735.44,4735.6,5.1277,2026,4,11
2026-04-11 22:05:00+00:00,4735.6,4735.98,4735.59,4735.98,0.8747,2026,4,11
2026-04-11 22:10:00+00:00,4735.98,4736.1,4735.98,4736.07,12.1786,2026,4,11
2026-04-11 22:15:00+00:00,4736.06,4736.07,4733.82,4733.83,14.5111,2026,4,11
2026-04-11 22:20:00+00:00,4733.82,4734.35,4733.82,4734.35,8.1181,2026,4,11
2026-04-11 22:25:00+00:00,4734.36,4734.36,4734.35,4734.35,0.4805,2026,4,11
2026-04-11 22:30:00+00:00,4734.35,4734.35,4733.87,4733.87,6.3701,2026,4,11
2026-04-11 22:35:00+00:00,4733.87,4733.88,4733.87,4733.87,0.5451,2026,4,11
2026-04-11 22:40:00+00:00,4733.88,4733.88,4733.87,4733.88,0.3127,2026,4,11
2026-04-11 22:45:00+00:00,4733.88,4733.88,4733.87,4733.88,0.4365,2026,4,11
2026-04-11 22:50:00+00:00,4733.88,4733.88,4733.87,4733.88,2.6543,2026,4,11
2026-04-11 22:55:00+00:00,4733.88,4733.88,4733.87,4733.88,0.161,2026,4,11
2026-04-11 23:00:00+00:00,4733.88,4733.88,4732.7,4732.7,5.882,2026,4,11
2026-04-11 23:05:00+00:00,4732.56,4732.6,4732.56,4732.59,1.287,2026,4,11
2026-04-11 23:10:00+00:00,4732.59,4732.69,4732.56,4732.69,4.4427,2026,4,11
2026-04-11 23:15:00+00:00,4732.69,4732.75,4732.69,4732.75,0.2201,2026,4,11
2026-04-11 23:20:00+00:00,4732.74,4732.75,4732.74,4732.75,0.2587,2026,4,11
2026-04-11 23:25:00+00:00,4732.75,4733.63,4732.75,4733.59,0.7907,2026,4,11
2026-04-11 23:30:00+00:00,4733.6,4733.6,4733.59,4733.6,1.4396,2026,4,11
2026-04-11 23:35:00+00:00,4733.6,4733.6,4733.59,4733.6,0.0416,2026,4,11
2026-04-11 23:40:00+00:00,4733.6,4733.6,4733.59,4733.6,0.1836,2026,4,11
2026-04-11 23:45:00+00:00,4733.6,4733.6,4733.59,4733.6,0.7369,2026,4,11
2026-04-11 23:50:00+00:00,4733.6,4733.6,4733.59,4733.59,0.1891,2026,4,11
2026-04-11 23:55:00+00:00,4733.6,4733.6,4730.15,4731.88,17.5232,2026,4,11
2026-04-12 00:00:00+00:00,4731.88,4732.92,4731.87,4732.91,3.4789,2026,4,12
2026-04-12 00:05:00+00:00,4732.92,4733.7,4732.92,4733.7,0.4267,2026,4,12
2026-04-12 00:10:00+00:00,4733.7,4734.5,4733.69,4734.5,0.5878,2026,4,12
2026-04-12 00:15:00+00:00,4734.49,4734.5,4734.49,4734.49,0.1798,2026,4,12
2026-04-12 00:20:00+00:00,4734.5,4734.5,4734.35,4734.5,3.8259,2026,4,12
2026-04-12 00:25:00+00:00,4734.5,4734.5,4734.49,4734.5,1.08,2026,4,12
2026-04-12 00:30:00+00:00,4734.5,4734.5,4734.49,4734.5,0.2806,2026,4,12
2026-04-12 00:35:00+00:00,4734.49,4734.5,4734.45,4734.5,1.9278,2026,4,12
2026-04-12 00:40:00+00:00,4734.5,4734.5,4734.5,4734.5,0.2168,2026,4,12
2026-04-12 00:45:00+00:00,4734.5,4734.5,4734.49,4734.5,2.0234,2026,4,12
2026-04-12 00:50:00+00:00,4734.5,4734.5,4734.49,4734.5,0.5918,2026,4,12
2026-04-12 00:55:00+00:00,4734.5,4734.67,4734.49,4734.67,1.0147,2026,4,12
2026-04-12 01:00:00+00:00,4734.67,4735.29,4734.67,4735.26,1.4446,2026,4,12
2026-04-12 01:05:00+00:00,4735.26,4735.26,4735.25,4735.26,0.4315,2026,4,12
2026-04-12 01:10:00+00:00,4735.26,4735.26,4735.26,4735.26,0.0343,2026,4,12
2026-04-12 01:15:00+00:00,4735.26,4735.26,4735.25,4735.25,0.3915,2026,4,12
2026-04-12 01:20:00+00:00,4735.26,4735.26,4735.25,4735.26,0.4447,2026,4,12
2026-04-12 01:25:00+00:00,4735.26,4735.26,4735.25,4735.26,1.347,2026,4,12
2026-04-12 01:30:00+00:00,4735.26,4735.26,4734.36,4734.36,6.2702,2026,4,12
2026-04-12 01:35:00+00:00,4734.36,4734.36,4725.41,4725.41,43.6628,2026,4,12
2026-04-12 01:40:00+00:00,4725.44,4725.87,4722.94,4723.4,57.5529,2026,4,12
2026-04-12 01:45:00+00:00,4723.03,4723.03,4719.27,4719.27,27.8774,2026,4,12
2026-04-12 01:50:00+00:00,4719.28,4719.6,4718.4,4718.41,8.0836,2026,4,12
2026-04-12 01:55:00+00:00,4718.4,4718.41,4717.26,4717.27,4.5528,2026,4,12
2026-04-12 02:00:00+00:00,4717.27,4717.27,4709.9,4711.05,48.7968,2026,4,12
2026-04-12 02:05:00+00:00,4711.04,4711.04,4709.66,4710.34,23.7085,2026,4,12
2026-04-12 02:10:00+00:00,4710.35,4714.3,4710.35,4714.3,24.1466,2026,4,12
2026-04-12 02:15:00+00:00,4714.3,4718.15,4714.07,4716.2,36.4737,2026,4,12
2026-04-12 02:20:00+00:00,4716.19,4717.65,4716.19,4717.64,3.1578,2026,4,12
2026-04-12 02:25:00+00:00,4717.64,4717.64,4715.1,4715.11,15.7567,2026,4,12
2026-04-12 02:30:00+00:00,4715.47,4717.08,4715.47,4716.73,6.5017,2026,4,12
2026-04-12 02:35:00+00:00,4716.74,4718.12,4716.73,4718.12,4.5523,2026,4,12
2026-04-12 02:40:00+00:00,4718.11,4718.12,4716.75,4716.75,4.3599,2026,4,12
2026-04-12 02:45:00+00:00,4716.73,4717.88,4716.54,4717.17,17.9628,2026,4,12
2026-04-12 02:50:00+00:00,4717.17,4718.11,4717.17,4718.11,1.5227,2026,4,12
2026-04-12 02:55:00+00:00,4718.11,4719.42,4718.11,4719.2,11.7278,2026,4,12
2026-04-12 03:00:00+00:00,4719.2,4719.21,4719.2,4719.21,1.0738,2026,4,12
2026-04-12 03:05:00+00:00,4719.24,4720.0,4719.24,4720.0,1.6623,2026,4,12
2026-04-12 03:10:00+00:00,4719.99,4720.0,4718.96,4719.06,2.7552,2026,4,12
2026-04-12 03:15:00+00:00,4719.06,4719.26,4719.05,4719.26,0.7946,2026,4,12
2026-04-12 03:20:00+00:00,4719.25,4719.26,4718.57,4718.71,7.8347,2026,4,12
2026-04-12 03:25:00+00:00,4718.52,4718.52,4717.45,4717.45,5.5918,2026,4,12
2026-04-12 03:30:00+00:00,4717.45,4717.6,4716.01,4716.01,12.9817,2026,4,12
2026-04-12 03:35:00+00:00,4716.69,4719.55,4716.68,4718.4,4.5196,2026,4,12
2026-04-12 03:40:00+00:00,4718.95,4720.0,4718.94,4719.7,4.894,2026,4,12
2026-04-12 03:45:00+00:00,4719.69,4720.9,4719.69,4720.9,2.649,2026,4,12
2026-04-12 03:50:00+00:00,4720.9,4721.39,4720.75,4721.1,5.0711,2026,4,12
2026-04-12 03:55:00+00:00,4721.2,4721.2,4716.9,4719.36,25.3792,2026,4,12
2026-04-12 04:00:00+00:00,4719.35,4719.55,4718.49,4719.41,7.406,2026,4,12
2026-04-12 04:05:00+00:00,4719.42,4719.42,4719.41,4719.42,0.5445,2026,4,12
2026-04-12 04:10:00+00:00,4719.41,4719.42,4715.65,4715.65,6.73,2026,4,12
2026-04-12 04:15:00+00:00,4715.65,4716.01,4715.28,4716.0,9.9971,2026,4,12
2026-04-12 04:20:00+00:00,4716.01,4716.54,4716.01,4716.19,1.3952,2026,4,12
2026-04-12 04:25:00+00:00,4716.2,4716.2,4716.1,4716.1,2.5679,2026,4,12
2026-04-12 04:30:00+00:00,4716.1,4716.11,4715.28,4715.28,3.5548,2026,4,12
2026-04-12 04:35:00+00:00,4715.28,4715.28,4714.39,4714.39,0.7751,2026,4,12
2026-04-12 04:40:00+00:00,4714.4,4714.4,4714.3,4714.31,0.7667,2026,4,12
2026-04-12 04:45:00+00:00,4714.31,4714.39,4714.06,4714.06,1.8813,2026,4,12
2026-04-12 04:50:00+00:00,4714.06,4714.06,4711.86,4712.19,4.373,2026,4,12
2026-04-12 04:55:00+00:00,4712.2,4712.67,4712.2,4712.67,2.6164,2026,4,12
2026-04-12 05:00:00+00:00,4712.66,4712.66,4711.62,4711.7,9.538,2026,4,12
2026-04-12 05:05:00+00:00,4711.69,4711.7,4711.32,4711.32,1.8256,2026,4,12
2026-04-12 05:10:00+00:00,4711.14,4711.15,4711.01,4711.09,2.8948,2026,4,12
2026-04-12 05:15:00+00:00,4711.09,4711.8,4711.04,4711.79,5.4509,2026,4,12
2026-04-12 05:20:00+00:00,4711.79,4711.8,4711.5,4711.55,8.3032,2026,4,12
2026-04-12 05:25:00+00:00,4711.55,4711.81,4711.55,4711.81,4.3787,2026,4,12
2026-04-12 05:30:00+00:00,4711.81,4711.82,4711.81,4711.81,2.7062,2026,4,12
2026-04-12 05:35:00+00:00,4711.81,4711.82,4710.96,4711.09,4.7962,2026,4,12
2026-04-12 05:40:00+00:00,4711.09,4712.22,4711.05,4712.22,3.9354,2026,4,12
2026-04-12 05:45:00+00:00,4712.21,4712.22,4712.21,4712.22,1.8538,2026,4,12
2026-04-12 05:50:00+00:00,4712.21,4712.35,4712.21,4712.34,1.7498,2026,4,12
2026-04-12 05:55:00+00:00,4712.34,4712.35,4712.34,4712.34,5.8859,2026,4,12
2026-04-12 06:00:00+00:00,4712.34,4712.35,4698.0,4708.19,215.5177,2026,4,12
2026-04-12 06:05:00+00:00,4708.2,4708.2,4708.05,4708.1,5.1346,2026,4,12
2026-04-12 06:10:00+00:00,4708.09,4708.2,4708.09,4708.2,6.5547,2026,4,12
2026-04-12 06:15:00+00:00,4708.1,4708.11,4708.1,4708.11,1.9844,2026,4,12
2026-04-12 06:20:00+00:00,4708.1,4709.61,4708.1,4709.35,6.8032,2026,4,12
2026-04-12 06:25:00+00:00,4709.35,4709.7,4709.34,4709.69,6.9083,2026,4,12
2026-04-12 06:30:00+00:00,4709.69,4709.7,4708.29,4708.29,6.126,2026,4,12
2026-04-12 06:35:00+00:00,4708.3,4708.3,4707.89,4708.05,10.4868,2026,4,12
2026-04-12 06:40:00+00:00,4708.04,4708.29,4708.01,4708.02,5.9847,2026,4,12
2026-04-12 06:45:00+00:00,4708.02,4708.4,4708.01,4708.4,0.9087,2026,4,12
2026-04-12 06:50:00+00:00,4708.4,4708.6,4708.1,4708.1,11.14,2026,4,12
2026-04-12 06:55:00+00:00,4708.08,4708.09,4707.91,4707.91,2.3568,2026,4,12
2026-04-12 07:00:00+00:00,4707.91,4707.91,4707.63,4707.63,1.9716,2026,4,12
2026-04-12 07:05:00+00:00,4707.63,4707.64,4707.3,4707.3,1.9362,2026,4,12
2026-04-12 07:10:00+00:00,4707.31,4707.35,4707.3,4707.35,0.7356,2026,4,12
2026-04-12 07:15:00+00:00,4707.34,4707.35,4705.74,4705.74,6.3364,2026,4,12
2026-04-12 07:20:00+00:00,4705.75,4706.75,4705.75,4706.75,2.085,2026,4,12
2026-04-12 07:25:00+00:00,4706.74,4712.04,4706.38,4709.96,13.4951,2026,4,12
2026-04-12 07:30:00+00:00,4709.96,4712.21,4709.96,4711.99,9.2995,2026,4,12
2026-04-12 07:35:00+00:00,4711.99,4712.0,4711.8,4711.84,1.5629,2026,4,12
2026-04-12 07:40:00+00:00,4712.0,4716.08,4712.0,4716.07,10.7382,2026,4,12
2026-04-12 07:45:00+00:00,4716.06,4716.07,4715.83,4716.06,3.2087,2026,4,12
2026-04-12 07:50:00+00:00,4716.06,4716.46,4712.25,4712.25,13.3256,2026,4,12
2026-04-12 07:55:00+00:00,4712.23,4713.09,4712.22,4713.09,1.2554,2026,4,12
2026-04-12 08:00:00+00:00,4713.08,4713.08,4711.65,4712.76,7.129,2026,4,12
2026-04-12 08:05:00+00:00,4712.94,4713.47,4712.94,4713.46,6.0865,2026,4,12
2026-04-12 08:10:00+00:00,4713.46,4713.46,4713.45,4713.46,0.3571,2026,4,12
2026-04-12 08:15:00+00:00,4713.45,4713.46,4713.45,4713.45,0.2951,2026,4,12
2026-04-12 08:20:00+00:00,4713.45,4713.51,4712.4,4713.51,3.748,2026,4,12
2026-04-12 08:25:00+00:00,4713.55,4714.83,4713.55,4714.74,0.2636,2026,4,12
2026-04-12 08:30:00+00:00,4714.76,4714.76,4714.73,4714.73,3.4258,2026,4,12
2026-04-12 08:35:00+00:00,4714.73,4715.88,4714.73,4715.84,10.7506,2026,4,12
2026-04-12 08:40:00+00:00,4715.85,4715.85,4715.84,4715.85,1.4628,2026,4,12
2026-04-12 08:45:00+00:00,4715.85,4715.85,4714.79,4715.5,3.8671,2026,4,12
2026-04-12 08:50:00+00:00,4715.49,4715.49,4714.3,4714.35,2.5888,2026,4,12
2026-04-12 08:55:00+00:00,4714.35,4715.5,4714.34,4715.5,5.854,2026,4,12
2026-04-12 09:00:00+00:00,4715.5,4715.5,4715.1,4715.1,1.4594,2026,4,12
2026-04-12 09:05:00+00:00,4714.92,4714.92,4714.02,4714.03,0.4233,2026,4,12
2026-04-12 09:10:00+00:00,4714.02,4714.03,4713.9,4713.91,3.5492,2026,4,12
2026-04-12 09:15:00+00:00,4713.91,4713.91,4713.9,4713.9,0.1552,2026,4,12
2026-04-12 09:20:00+00:00,4713.91,4713.91,4713.9,4713.91,0.1114,2026,4,12
2026-04-12 09:25:00+00:00,4713.91,4713.91,4713.9,4713.9,0.5061,2026,4,12
2026-04-12 09:30:00+00:00,4713.9,4713.91,4713.9,4713.9,3.4203,2026,4,12
2026-04-12 09:35:00+00:00,4713.9,4713.91,4713.9,4713.9,1.8925,2026,4,12
2026-04-12 09:40:00+00:00,4713.9,4717.72,4713.9,4715.65,12.8306,2026,4,12
2026-04-12 09:45:00+00:00,4715.65,4715.65,4715.16,4715.2,1.4541,2026,4,12
2026-04-12 09:50:00+00:00,4715.2,4715.2,4700.0,4710.77,208.6522,2026,4,12
2026-04-12 09:55:00+00:00,4710.77,4710.85,4710.18,4710.18,2.1962,2026,4,12
2026-04-12 10:00:00+00:00,4710.06,4710.81,4709.88,4710.7,1.5914,2026,4,12
2026-04-12 10:05:00+00:00,4710.69,4711.6,4710.69,4711.0,3.7395,2026,4,12
2026-04-12 10:10:00+00:00,4711.0,4711.13,4710.99,4711.13,0.7361,2026,4,12
2026-04-12 10:15:00+00:00,4711.12,4711.13,4710.61,4710.61,5.0142,2026,4,12
2026-04-12 10:20:00+00:00,4710.62,4710.96,4710.61,4710.95,6.8283,2026,4,12
2026-04-12 10:25:00+00:00,4710.95,4710.96,4710.95,4710.96,0.3298,2026,4,12
2026-04-12 10:30:00+00:00,4710.95,4711.15,4710.8,4710.8,12.8212,2026,4,12
2026-04-12 10:35:00+00:00,4710.8,4710.81,4710.8,4710.8,0.6242,2026,4,12
2026-04-12 10:40:00+00:00,4710.8,4710.81,4710.8,4710.81,0.1147,2026,4,12
2026-04-12 10:45:00+00:00,4710.8,4710.81,4710.8,4710.8,0.6688,2026,4,12
2026-04-12 10:50:00+00:00,4710.8,4710.8,4709.26,4709.26,3.9591,2026,4,12
2026-04-12 10:55:00+00:00,4709.25,4709.25,4708.83,4709.18,7.5571,2026,4,12
2026-04-12 11:00:00+00:00,4709.18,4709.18,4709.17,4709.17,1.8142,2026,4,12
2026-04-12 11:05:00+00:00,4709.17,4709.3,4706.0,4708.16,42.0168,2026,4,12
2026-04-12 11:10:00+00:00,4708.17,4708.69,4706.52,4708.69,22.8838,2026,4,12
2026-04-12 11:15:00+00:00,4708.69,4708.99,4707.74,4708.03,8.5723,2026,4,12
2026-04-12 11:20:00+00:00,4708.03,4708.04,4708.03,4708.03,0.2848,2026,4,12
2026-04-12 11:25:00+00:00,4708.03,4708.51,4708.03,4708.51,0.6858,2026,4,12
2026-04-12 11:30:00+00:00,4708.51,4708.99,4708.51,4708.98,5.0626,2026,4,12
2026-04-12 11:35:00+00:00,4708.98,4708.99,4708.71,4708.99,3.5201,2026,4,12
2026-04-12 11:40:00+00:00,4708.99,4708.99,4708.98,4708.98,0.5883,2026,4,12
2026-04-12 11:45:00+00:00,4708.99,4709.38,4708.99,4709.31,3.8491,2026,4,12
2026-04-12 11:50:00+00:00,4709.32,4709.35,4709.32,4709.35,2.1933,2026,4,12
2026-04-12 11:55:00+00:00,4709.35,4709.87,4709.34,4709.37,5.6197,2026,4,12
2026-04-12 12:00:00+00:00,4709.37,4709.37,4708.04,4708.45,8.4173,2026,4,12
2026-04-12 12:05:00+00:00,4708.45,4708.46,4708.45,4708.45,1.2057,2026,4,12
2026-04-12 12:10:00+00:00,4708.46,4708.91,4708.36,4708.91,5.4756,2026,4,12
2026-04-12 12:15:00+00:00,4708.9,4709.48,4708.9,4709.48,2.9322,2026,4,12
2026-04-12 12:20:00+00:00,4709.47,4709.48,4708.75,4708.76,3.0229,2026,4,12
2026-04-12 12:25:00+00:00,4708.76,4708.76,4708.36,4708.36,4.2011,2026,4,12
2026-04-12 12:30:00+00:00,4708.36,4708.37,4708.25,4708.26,5.1907,2026,4,12
2026-04-12 12:35:00+00:00,4708.25,4708.26,4707.25,4707.4,5.2074,2026,4,12
2026-04-12 12:40:00+00:00,4707.39,4707.39,4705.17,4705.27,12.8423,2026,4,12
2026-04-12 12:45:00+00:00,4705.27,4705.28,4705.16,4705.16,0.6734,2026,4,12
2026-04-12 12:50:00+00:00,4705.16,4705.16,4701.75,4702.99,19.2198,2026,4,12
2026-04-12 12:55:00+00:00,4702.99,4702.99,4699.06,4700.01,17.0793,2026,4,12
2026-04-12 13:00:00+00:00,4700.0,4700.0,4695.05,4696.21,31.0694,2026,4,12
2026-04-12 13:05:00+00:00,4696.22,4698.0,4696.22,4697.5,3.0867,2026,4,12
2026-04-12 13:10:00+00:00,4697.5,4698.03,4697.0,4697.0,5.8797,2026,4,12
2026-04-12 13:15:00+00:00,4697.0,4697.0,4695.05,4696.44,11.0941,2026,4,12
2026-04-12 13:20:00+00:00,4696.43,4696.43,4694.65,4694.65,7.7242,2026,4,12
2026-04-12 13:25:00+00:00,4694.65,4694.65,4693.37,4693.94,9.8545,2026,4,12
2026-04-12 13:30:00+00:00,4693.94,4693.95,4692.89,4692.89,6.2883,2026,4,12
2026-04-12 13:35:00+00:00,4692.9,4692.9,4691.25,4691.25,15.0534,2026,4,12
2026-04-12 13:40:00+00:00,4691.26,4695.0,4691.26,4691.26,15.8063,2026,4,12
2026-04-12 13:45:00+00:00,4691.49,4691.49,4690.45,4690.46,1.396,2026,4,12
2026-04-12 13:50:00+00:00,4690.46,4690.46,4690.0,4690.01,5.3478,2026,4,12
2026-04-12 13:55:00+00:00,4690.0,4690.01,4686.39,4686.89,27.2609,2026,4,12
2026-04-12 14:00:00+00:00,4686.89,4687.39,4685.0,4687.39,17.1877,2026,4,12
2026-04-12 14:05:00+00:00,4687.38,4692.51,4687.38,4690.5,29.4257,2026,4,12
2026-04-12 14:10:00+00:00,4690.5,4692.25,4690.5,4691.84,16.641,2026,4,12
2026-04-12 14:15:00+00:00,4691.84,4693.0,4691.8,4692.6,6.7591,2026,4,12
2026-04-12 14:20:00+00:00,4692.6,4692.84,4691.62,4691.62,7.2618,2026,4,12
2026-04-12 14:25:00+00:00,4691.63,4691.63,4690.0,4691.15,27.0499,2026,4,12
2026-04-12 14:30:00+00:00,4691.14,4692.25,4690.6,4692.25,9.2729,2026,4,12
2026-04-12 14:35:00+00:00,4692.49,4693.24,4692.01,4692.03,5.374,2026,4,12
2026-04-12 14:40:00+00:00,4692.02,4692.74,4691.36,4691.66,8.6847,2026,4,12
2026-04-12 14:45:00+00:00,4691.65,4691.65,4690.35,4690.36,2.5536,2026,4,12
2026-04-12 14:50:00+00:00,4690.36,4690.6,4690.35,4690.57,4.0766,2026,4,12
2026-04-12 14:55:00+00:00,4690.57,4690.57,4690.15,4690.4,4.1841,2026,4,12
2026-04-12 15:00:00+00:00,4690.4,4690.95,4690.25,4690.95,9.7509,2026,4,12
2026-04-12 15:05:00+00:00,4690.99,4691.0,4690.99,4691.0,2.4857,2026,4,12
2026-04-12 15:10:00+00:00,4690.99,4693.0,4690.76,4692.99,7.9155,2026,4,12
2026-04-12 15:15:00+00:00,4693.0,4693.0,4691.25,4691.3,3.8021,2026,4,12
2026-04-12 15:20:00+00:00,4691.29,4691.35,4691.0,4691.05,1.789,2026,4,12
2026-04-12 15:25:00+00:00,4691.04,4691.04,4690.4,4690.4,2.9359,2026,4,12
2026-04-12 15:30:00+00:00,4690.4,4692.7,4690.08,4692.69,6.3031,2026,4,12
2026-04-12 15:35:00+00:00,4692.69,4692.69,4690.64,4690.64,4.6527,2026,4,12
2026-04-12 15:40:00+00:00,4691.25,4692.0,4691.25,4691.75,4.7136,2026,4,12
2026-04-12 15:45:00+00:00,4691.76,4691.76,4691.75,4691.75,1.8292,2026,4,12
2026-04-12 15:50:00+00:00,4691.76,4693.18,4691.75,4692.5,2.6841,2026,4,12
2026-04-12 15:55:00+00:00,4692.5,4692.5,4691.25,4691.25,9.7177,2026,4,12
2026-04-12 16:00:00+00:00,4691.25,4691.25,4685.01,4686.75,70.9769,2026,4,12
2026-04-12 16:05:00+00:00,4686.8,4687.22,4685.26,4686.87,15.6483,2026,4,12
2026-04-12 16:10:00+00:00,4686.87,4689.91,4685.47,4688.45,56.4652,2026,4,12
2026-04-12 16:15:00+00:00,4688.46,4689.49,4687.49,4688.24,20.4323,2026,4,12
2026-04-12 16:20:00+00:00,4688.24,4688.9,4687.65,4688.51,10.8847,2026,4,12
2026-04-12 16:25:00+00:00,4688.54,4691.74,4688.53,4691.73,9.3475,2026,4,12
2026-04-12 16:30:00+00:00,4691.74,4691.75,4691.6,4691.61,4.7862,2026,4,12
2026-04-12 16:35:00+00:00,4691.61,4691.85,4691.6,4691.85,2.569,2026,4,12
2026-04-12 16:40:00+00:00,4691.85,4692.01,4691.85,4692.0,1.5809,2026,4,12
2026-04-12 16:45:00+00:00,4692.0,4692.01,4691.5,4691.5,4.4441,2026,4,12
2026-04-12 16:50:00+00:00,4691.5,4691.51,4691.5,4691.5,4.1767,2026,4,12
2026-04-12 16:55:00+00:00,4691.5,4691.5,4690.32,4690.46,7.8503,2026,4,12
2026-04-12 17:00:00+00:00,4691.0,4693.25,4690.99,4693.1,10.9726,2026,4,12
2026-04-12 17:05:00+00:00,4693.1,4693.15,4692.95,4692.96,5.6856,2026,4,12
2026-04-12 17:10:00+00:00,4692.95,4692.95,4692.87,4692.88,6.2783,2026,4,12
2026-04-12 17:15:00+00:00,4692.88,4692.88,4692.87,4692.88,0.8878,2026,4,12
2026-04-12 17:20:00+00:00,4692.88,4693.7,4692.85,4693.7,16.3214,2026,4,12
2026-04-12 17:25:00+00:00,4693.75,4695.59,4693.75,4695.58,23.138,2026,4,12
2026-04-12 17:30:00+00:00,4695.59,4695.59,4693.01,4693.34,10.8254,2026,4,12
2026-04-12 17:35:00+00:00,4693.35,4693.72,4691.9,4691.9,8.5769,2026,4,12
2026-04-12 17:40:00+00:00,4691.9,4691.91,4691.9,4691.91,0.2604,2026,4,12
2026-04-12 17:45:00+00:00,4691.91,4692.89,4691.91,4692.75,5.3531,2026,4,12
2026-04-12 17:50:00+00:00,4692.74,4695.55,4692.74,4695.55,20.1185,2026,4,12
2026-04-12 17:55:00+00:00,4695.55,4696.19,4695.28,4695.28,15.3074,2026,4,12
2026-04-12 18:00:00+00:00,4695.28,4695.28,4693.25,4693.25,6.2524,2026,4,12
2026-04-12 18:05:00+00:00,4693.25,4694.81,4693.25,4694.6,3.712,2026,4,12
2026-04-12 18:10:00+00:00,4694.6,4694.61,4693.75,4693.75,2.8124,2026,4,12
2026-04-12 18:15:00+00:00,4693.75,4693.76,4693.5,4693.5,1.5912,2026,4,12
2026-04-12 18:20:00+00:00,4693.5,4694.95,4693.5,4694.49,6.3155,2026,4,12
2026-04-12 18:25:00+00:00,4694.5,4694.5,4692.79,4693.09,5.5294,2026,4,12
2026-04-12 18:30:00+00:00,4693.09,4693.5,4692.0,4692.05,22.354,2026,4,12
2026-04-12 18:35:00+00:00,4692.04,4693.73,4692.04,4693.19,6.0417,2026,4,12
2026-04-12 18:40:00+00:00,4693.25,4693.3,4693.25,4693.29,1.3704,2026,4,12
2026-04-12 18:45:00+00:00,4693.3,4693.75,4693.29,4693.75,7.2008,2026,4,12
2026-04-12 18:50:00+00:00,4693.99,4694.24,4691.75,4692.24,5.3519,2026,4,12
2026-04-12 18:55:00+00:00,4692.23,4693.75,4692.23,4693.6,3.8608,2026,4,12
2026-04-12 19:00:00+00:00,4693.0,4693.58,4692.33,4693.58,5.2207,2026,4,12
2026-04-12 19:05:00+00:00,4693.57,4693.8,4693.57,4693.8,5.1951,2026,4,12
2026-04-12 19:10:00+00:00,4693.79,4693.88,4690.52,4692.0,23.4105,2026,4,12
2026-04-12 19:15:00+00:00,4691.99,4693.84,4691.99,4693.7,6.5371,2026,4,12
2026-04-12 19:20:00+00:00,4693.71,4693.71,4692.75,4692.76,2.3028,2026,4,12
2026-04-12 19:25:00+00:00,4692.75,4693.0,4692.51,4692.95,2.341,2026,4,12
2026-04-12 19:30:00+00:00,4692.95,4693.75,4692.95,4693.75,5.228,2026,4,12
2026-04-12 19:35:00+00:00,4693.75,4693.99,4693.51,4693.99,4.7866,2026,4,12
2026-04-12 19:40:00+00:00,4693.98,4693.99,4692.29,4692.29,4.8968,2026,4,12
2026-04-12 19:45:00+00:00,4692.28,4694.67,4692.28,4693.6,17.5911,2026,4,12
2026-04-12 19:50:00+00:00,4693.6,4694.65,4693.51,4694.5,22.105,2026,4,12
2026-04-12 19:55:00+00:00,4694.45,4695.47,4693.5,4693.5,18.2158,2026,4,12
2026-04-12 20:00:00+00:00,4693.25,4693.82,4687.75,4693.25,20.6507,2026,4,12
2026-04-12 20:05:00+00:00,4693.49,4693.5,4692.77,4692.77,0.7196,2026,4,12
2026-04-12 20:10:00+00:00,4692.77,4693.75,4692.08,4692.55,4.4745,2026,4,12
2026-04-12 20:15:00+00:00,4692.56,4692.8,4691.75,4692.5,58.2892,2026,4,12
2026-04-12 20:20:00+00:00,4692.5,4693.3,4692.5,4692.6,43.3177,2026,4,12
2026-04-12 20:25:00+00:00,4692.6,4692.6,4690.93,4691.6,2.7761,2026,4,12
2026-04-12 20:30:00+00:00,4691.6,4692.75,4691.59,4692.75,6.9624,2026,4,12
2026-04-12 20:35:00+00:00,4692.75,4692.75,4692.18,4692.19,0.1733,2026,4,12
2026-04-12 20:40:00+00:00,4692.19,4694.25,4692.18,4693.26,10.288,2026,4,12
2026-04-12 20:45:00+00:00,4693.25,4693.25,4692.25,4692.25,3.2825,2026,4,12
2026-04-12 20:50:00+00:00,4692.25,4692.25,4692.21,4692.22,2.687,2026,4,12
2026-04-12 20:55:00+00:00,4692.22,4692.22,4692.21,4692.22,1.2105,2026,4,12
2026-04-12 21:00:00+00:00,4692.22,4692.22,4692.21,4692.22,2.5615,2026,4,12
2026-04-12 21:05:00+00:00,4692.22,4692.22,4692.21,4692.21,0.7748,2026,4,12
2026-04-12 21:10:00+00:00,4692.22,4692.22,4692.0,4692.21,2.0211,2026,4,12
2026-04-12 21:15:00+00:00,4692.01,4692.01,4691.41,4691.41,2.0155,2026,4,12
2026-04-12 21:20:00+00:00,4691.41,4691.51,4691.38,4691.39,1.2724,2026,4,12
2026-04-12 21:25:00+00:00,4691.39,4692.87,4690.74,4692.01,2.6315,2026,4,12
2026-04-12 21:30:00+00:00,4692.01,4692.75,4692.0,4692.51,1.9677,2026,4,12
2026-04-12 21:35:00+00:00,4692.5,4693.65,4691.76,4691.98,8.2442,2026,4,12
2026-04-12 21:40:00+00:00,4691.98,4692.49,4690.6,4691.23,30.2472,2026,4,12
2026-04-12 21:45:00+00:00,4691.23,4692.25,4690.6,4692.01,7.6482,2026,4,12
2026-04-12 21:50:00+00:00,4692.02,4692.02,4688.0,4688.01,5.8964,2026,4,12
2026-04-12 21:55:00+00:00,4688.0,4689.13,4687.99,4688.89,1.9166,2026,4,12
2026-04-12 22:00:00+00:00,4688.88,4688.88,4630.05,4653.81,1424.6925,2026,4,12
2026-04-12 22:05:00+00:00,4653.82,4664.0,4650.37,4650.98,226.0358,2026,4,12
2026-04-12 22:10:00+00:00,4650.99,4667.09,4650.22,4658.9,55.6675,2026,4,12
2026-04-12 22:15:00+00:00,4658.9,4664.8,4651.2,4651.2,110.6674,2026,4,12
2026-04-12 22:20:00+00:00,4651.49,4654.33,4638.41,4639.63,79.8096,2026,4,12
2026-04-12 22:25:00+00:00,4640.2,4641.38,4629.36,4632.27,175.068,2026,4,12
2026-04-12 22:30:00+00:00,4632.6,4641.6,4632.01,4641.16,44.5582,2026,4,12
2026-04-12 22:35:00+00:00,4641.14,4643.0,4637.55,4641.8,6.8292,2026,4,12
2026-04-12 22:40:00+00:00,4642.2,4643.7,4638.21,4642.3,30.1095,2026,4,12
2026-04-12 22:45:00+00:00,4642.3,4643.99,4637.25,4643.99,43.7615,2026,4,12
2026-04-12 22:50:00+00:00,4643.85,4644.19,4640.0,4640.01,5.6893,2026,4,12
2026-04-12 22:55:00+00:00,4640.0,4643.39,4639.53,4642.99,20.9933,2026,4,12
2026-04-12 23:00:00+00:00,4642.86,4643.02,4636.84,4641.99,11.0731,2026,4,12
2026-04-12 23:05:00+00:00,4641.99,4641.99,4636.98,4639.52,61.7533,2026,4,12
2026-04-12 23:10:00+00:00,4639.52,4642.4,4638.8,4642.4,64.8221,2026,4,12
2026-04-12 23:15:00+00:00,4642.45,4642.59,4633.6,4636.0,17.8632,2026,4,12
2026-04-12 23:20:00+00:00,4635.99,4635.99,4631.1,4632.65,267.2485,2026,4,12
2026-04-12 23:25:00+00:00,4632.65,4638.6,4632.65,4638.6,9.6785,2026,4,12
2026-04-12 23:30:00+00:00,4638.59,4640.7,4636.2,4639.6,15.707,2026,4,12
2026-04-12 23:35:00+00:00,4639.74,4644.8,4639.74,4643.87,29.3845,2026,4,12
2026-04-12 23:40:00+00:00,4643.8,4643.8,4639.81,4639.81,9.359,2026,4,12
2026-04-12 23:45:00+00:00,4640.4,4645.8,4640.4,4645.21,30.0401,2026,4,12
2026-04-12 23:50:00+00:00,4645.21,4655.6,4645.2,4652.8,8.2745,2026,4,12
2026-04-12 23:55:00+00:00,4652.4,4655.92,4652.01,4655.92,10.4057,2026,4,12
2026-04-13 00:00:00+00:00,4656.0,4656.6,4649.8,4652.76,47.0344,2026,4,13
2026-04-13 00:05:00+00:00,4652.25,4654.8,4651.4,4654.8,7.0509,2026,4,13
2026-04-13 00:10:00+00:00,4654.4,4656.8,4653.21,4656.55,25.6498,2026,4,13
2026-04-13 00:15:00+00:00,4657.0,4658.88,4656.99,4657.01,6.6004,2026,4,13
2026-04-13 00:20:00+00:00,4657.01,4657.96,4652.74,4656.4,11.4271,2026,4,13
2026-04-13 00:25:00+00:00,4656.6,4659.18,4654.92,4657.1,42.6377,2026,4,13
2026-04-13 00:30:00+00:00,4657.1,4663.58,4655.72,4663.58,17.2536,2026,4,13
2026-04-13 00:35:00+00:00,4663.6,4666.06,4661.2,4662.16,90.8792,2026,4,13
2026-04-13 00:40:00+00:00,4661.85,4664.79,4661.41,4662.69,25.3225,2026,4,13
2026-04-13 00:45:00+00:00,4662.7,4669.58,4662.7,4669.58,6.3714,2026,4,13
2026-04-13 00:50:00+00:00,4669.58,4673.8,4668.8,4673.8,4.697,2026,4,13
2026-04-13 00:55:00+00:00,4673.56,4680.45,4671.39,4678.4,17.6632,2026,4,13
2026-04-13 01:00:00+00:00,4678.56,4690.73,4678.35,4685.6,112.0745,2026,4,13
2026-04-13 01:05:00+00:00,4685.99,4688.8,4683.01,4688.8,179.01,2026,4,13
2026-04-13 01:10:00+00:00,4688.79,4699.09,4687.41,4695.89,144.1191,2026,4,13
2026-04-13 01:15:00+00:00,4695.6,4697.6,4692.81,4697.16,41.4263,2026,4,13
2026-04-13 01:20:00+00:00,4697.15,4701.76,4695.41,4696.8,24.0365,2026,4,13
2026-04-13 01:25:00+00:00,4696.6,4700.97,4695.61,4698.36,38.748,2026,4,13
2026-04-13 01:30:00+00:00,4698.35,4700.62,4692.21,4700.62,11.9207,2026,4,13
2026-04-13 01:35:00+00:00,4700.62,4701.4,4695.01,4697.97,36.1828,2026,4,13
2026-04-13 01:40:00+00:00,4697.96,4699.0,4693.53,4695.41,7.0134,2026,4,13
2026-04-13 01:45:00+00:00,4695.4,4698.4,4691.7,4696.2,8.3725,2026,4,13
2026-04-13 01:50:00+00:00,4696.0,4704.27,4695.8,4701.8,31.8146,2026,4,13
2026-04-13 01:55:00+00:00,4702.2,4707.27,4702.2,4702.46,12.1345,2026,4,13
2026-04-13 02:00:00+00:00,4702.46,4705.2,4700.21,4702.76,11.6686,2026,4,13
2026-04-13 02:05:00+00:00,4702.66,4704.8,4700.6,4703.61,18.5913,2026,4,13
2026-04-13 02:10:00+00:00,4703.61,4703.61,4701.8,4702.79,9.8074,2026,4,13
2026-04-13 02:15:00+00:00,4702.78,4703.59,4700.55,4702.0,3.6621,2026,4,13
2026-04-13 02:20:00+00:00,4701.89,4701.89,4700.39,4700.55,4.5702,2026,4,13
2026-04-13 02:25:00+00:00,4700.74,4704.2,4700.74,4701.01,0.7203,2026,4,13
2026-04-13 02:30:00+00:00,4701.01,4706.6,4701.01,4704.8,5.535,2026,4,13
2026-04-13 02:35:00+00:00,4705.0,4705.0,4698.0,4698.0,9.4572,2026,4,13
2026-04-13 02:40:00+00:00,4697.8,4699.4,4697.0,4697.0,6.0984,2026,4,13
2026-04-13 02:45:00+00:00,4696.81,4697.4,4692.15,4692.6,18.3093,2026,4,13
2026-04-13 02:50:00+00:00,4692.38,4697.3,4691.8,4697.3,6.2695,2026,4,13
2026-04-13 02:55:00+00:00,4697.4,4700.44,4697.4,4700.41,21.7171,2026,4,13
2026-04-13 03:00:00+00:00,4700.44,4701.19,4695.82,4695.82,18.9021,2026,4,13
2026-04-13 03:05:00+00:00,4695.81,4695.81,4692.68,4693.8,20.367,2026,4,13
2026-04-13 03:10:00+00:00,4693.95,4694.2,4693.2,4693.2,6.0275,2026,4,13
2026-04-13 03:15:00+00:00,4693.19,4697.3,4693.19,4696.4,6.073,2026,4,13
2026-04-13 03:20:00+00:00,4696.35,4697.4,4695.18,4697.4,1.6002,2026,4,13
2026-04-13 03:25:00+00:00,4697.59,4700.39,4697.11,4699.39,10.5667,2026,4,13
2026-04-13 03:30:00+00:00,4699.21,4700.99,4699.21,4700.99,2.9693,2026,4,13
2026-04-13 03:35:00+00:00,4701.0,4701.0,4698.2,4698.35,3.2292,2026,4,13
2026-04-13 03:40:00+00:00,4698.65,4703.2,4698.65,4702.01,10.4549,2026,4,13
2026-04-13 03:45:00+00:00,4702.0,4702.0,4700.21,4700.79,7.0446,2026,4,13
2026-04-13 03:50:00+00:00,4700.79,4700.97,4699.21,4699.66,5.8348,2026,4,13
2026-04-13 03:55:00+00:00,4699.66,4700.51,4699.0,4700.0,2.045,2026,4,13
2026-04-13 04:00:00+00:00,4699.81,4699.81,4694.8,4696.04,4.9184,2026,4,13
2026-04-13 04:05:00+00:00,4695.71,4695.71,4688.83,4693.36,47.7728,2026,4,13
2026-04-13 04:10:00+00:00,4693.2,4694.24,4692.0,4694.24,1.8218,2026,4,13
2026-04-13 04:15:00+00:00,4694.4,4695.39,4692.2,4692.79,4.5702,2026,4,13
2026-04-13 04:20:00+00:00,4692.77,4692.77,4690.8,4692.59,4.1732,2026,4,13
2026-04-13 04:25:00+00:00,4692.6,4695.4,4691.95,4692.8,31.4961,2026,4,13
2026-04-13 04:30:00+00:00,4693.39,4693.75,4690.4,4693.6,10.1063,2026,4,13
2026-04-13 04:35:00+00:00,4693.59,4693.59,4691.46,4692.45,1.9597,2026,4,13
2026-04-13 04:40:00+00:00,4692.59,4698.8,4692.59,4698.8,2.0901,2026,4,13
2026-04-13 04:45:00+00:00,4698.77,4698.77,4695.33,4698.7,10.6607,2026,4,13
2026-04-13 04:50:00+00:00,4698.79,4704.14,4698.79,4703.38,7.3097,2026,4,13
2026-04-13 04:55:00+00:00,4703.39,4704.19,4702.42,4703.16,3.1837,2026,4,13
2026-04-13 05:00:00+00:00,4703.14,4705.6,4702.81,4702.81,10.0146,2026,4,13
2026-04-13 05:05:00+00:00,4702.8,4703.2,4701.73,4701.73,1.8994,2026,4,13
2026-04-13 05:10:00+00:00,4701.61,4702.59,4699.7,4699.75,4.8372,2026,4,13
2026-04-13 05:15:00+00:00,4700.2,4700.8,4698.8,4699.0,6.3467,2026,4,13
2026-04-13 05:20:00+00:00,4698.8,4699.2,4698.1,4698.4,3.1816,2026,4,13
2026-04-13 05:25:00+00:00,4698.21,4701.0,4698.21,4701.0,2.6206,2026,4,13
2026-04-13 05:30:00+00:00,4701.2,4701.59,4698.47,4701.4,25.3126,2026,4,13
2026-04-13 05:35:00+00:00,4701.6,4703.81,4699.84,4702.88,25.1652,2026,4,13
2026-04-13 05:40:00+00:00,4702.88,4702.88,4698.66,4701.17,46.7708,2026,4,13
2026-04-13 05:45:00+00:00,4701.38,4705.25,4701.3,4702.8,11.9099,2026,4,13
2026-04-13 05:50:00+00:00,4703.28,4704.54,4699.56,4700.44,27.6631,2026,4,13
2026-04-13 05:55:00+00:00,4700.8,4709.49,4700.8,4708.81,35.2279,2026,4,13
2026-04-13 06:00:00+00:00,4708.81,4709.28,4705.01,4707.55,32.1502,2026,4,13
2026-04-13 06:05:00+00:00,4707.59,4709.79,4706.6,4708.8,16.1528,2026,4,13
2026-04-13 06:10:00+00:00,4708.8,4709.4,4706.38,4707.6,13.7946,2026,4,13
2026-04-13 06:15:00+00:00,4707.79,4711.31,4707.79,4709.99,19.9688,2026,4,13
2026-04-13 06:20:00+00:00,4709.99,4709.99,4707.4,4708.79,13.3945,2026,4,13
2026-04-13 06:25:00+00:00,4708.79,4711.63,4706.91,4711.63,9.1683,2026,4,13
2026-04-13 06:30:00+00:00,4711.71,4713.33,4710.6,4711.18,13.4467,2026,4,13
2026-04-13 06:35:00+00:00,4711.1,4711.87,4708.2,4708.79,8.5472,2026,4,13
2026-04-13 06:40:00+00:00,4708.8,4709.19,4707.81,4708.21,7.7731,2026,4,13
2026-04-13 06:45:00+00:00,4708.2,4708.2,4703.41,4703.55,7.1551,2026,4,13
2026-04-13 06:50:00+00:00,4703.6,4706.08,4702.67,4705.19,14.3352,2026,4,13
2026-04-13 06:55:00+00:00,4705.19,4706.06,4705.0,4706.06,4.9069,2026,4,13
2026-04-13 07:00:00+00:00,4706.18,4718.07,4706.18,4717.4,20.0521,2026,4,13
2026-04-13 07:05:00+00:00,4717.4,4717.6,4708.69,4708.69,6.93,2026,4,13
2026-04-13 07:10:00+00:00,4709.08,4710.4,4706.48,4708.63,12.7779,2026,4,13
2026-04-13 07:15:00+00:00,4708.42,4712.65,4707.56,4712.21,11.2106,2026,4,13
2026-04-13 07:20:00+00:00,4712.2,4713.28,4710.2,4710.2,36.8341,2026,4,13
2026-04-13 07:25:00+00:00,4710.38,4712.0,4708.2,4711.8,8.9333,2026,4,13
2026-04-13 07:30:00+00:00,4712.0,4714.29,4712.0,4713.4,3.8615,2026,4,13
2026-04-13 07:35:00+00:00,4713.39,4713.39,4709.61,4711.79,6.1007,2026,4,13
2026-04-13 07:40:00+00:00,4711.79,4713.89,4711.21,4713.79,6.9374,2026,4,13
2026-04-13 07:45:00+00:00,4713.8,4719.93,4713.8,4718.68,12.8691,2026,4,13
2026-04-13 07:50:00+00:00,4718.69,4719.92,4716.81,4716.81,12.6733,2026,4,13
2026-04-13 07:55:00+00:00,4716.8,4717.39,4711.52,4715.4,9.8025,2026,4,13
2026-04-13 08:00:00+00:00,4715.41,4719.6,4715.41,4718.2,45.9416,2026,4,13
2026-04-13 08:05:00+00:00,4718.39,4718.79,4715.0,4715.8,10.3357,2026,4,13
2026-04-13 08:10:00+00:00,4715.87,4716.79,4714.32,4714.5,21.1798,2026,4,13
2026-04-13 08:15:00+00:00,4714.49,4714.49,4712.58,4714.39,8.9641,2026,4,13
2026-04-13 08:20:00+00:00,4714.39,4714.79,4712.41,4714.79,28.7399,2026,4,13
2026-04-13 08:25:00+00:00,4714.79,4715.58,4714.3,4714.77,15.1776,2026,4,13
2026-04-13 08:30:00+00:00,4714.45,4717.19,4713.2,4714.39,28.329,2026,4,13
2026-04-13 08:35:00+00:00,4714.39,4716.69,4711.8,4712.58,92.0687,2026,4,13
2026-04-13 08:40:00+00:00,4712.59,4712.59,4704.86,4704.86,26.4199,2026,4,13
2026-04-13 08:45:00+00:00,4704.87,4711.89,4703.84,4711.7,12.5137,2026,4,13
2026-04-13 08:50:00+00:00,4711.7,4711.7,4707.14,4708.84,20.3401,2026,4,13
2026-04-13 08:55:00+00:00,4708.59,4709.39,4706.67,4707.28,70.1776,2026,4,13
2026-04-13 09:00:00+00:00,4707.29,4711.3,4706.11,4710.1,21.7282,2026,4,13
2026-04-13 09:05:00+00:00,4710.1,4710.1,4699.62,4700.4,84.1427,2026,4,13
2026-04-13 09:10:00+00:00,4700.4,4704.08,4698.45,4701.8,22.378,2026,4,13
2026-04-13 09:15:00+00:00,4701.6,4703.4,4700.0,4702.9,20.4653,2026,4,13
2026-04-13 09:20:00+00:00,4702.65,4703.6,4700.21,4702.79,29.0725,2026,4,13
2026-04-13 09:25:00+00:00,4702.8,4702.9,4697.08,4697.48,13.943,2026,4,13
2026-04-13 09:30:00+00:00,4697.8,4702.19,4697.52,4697.9,64.0204,2026,4,13
2026-04-13 09:35:00+00:00,4697.8,4698.02,4695.55,4698.02,6.2279,2026,4,13
2026-04-13 09:40:00+00:00,4698.2,4698.59,4693.82,4696.4,10.2419,2026,4,13
2026-04-13 09:45:00+00:00,4696.6,4698.7,4695.0,4696.74,10.7956,2026,4,13
2026-04-13 09:50:00+00:00,4696.6,4699.2,4695.8,4698.15,15.9548,2026,4,13
2026-04-13 09:55:00+00:00,4698.39,4699.4,4697.71,4697.71,8.1573,2026,4,13
2026-04-13 10:00:00+00:00,4697.7,4700.12,4697.7,4699.82,34.7503,2026,4,13
2026-04-13 10:05:00+00:00,4699.46,4702.25,4697.9,4702.25,24.9939,2026,4,13
2026-04-13 10:10:00+00:00,4702.24,4702.3,4698.48,4702.0,19.0254,2026,4,13
2026-04-13 10:15:00+00:00,4701.53,4701.53,4696.74,4697.56,18.8415,2026,4,13
2026-04-13 10:20:00+00:00,4697.46,4698.33,4695.65,4696.01,30.5448,2026,4,13
2026-04-13 10:25:00+00:00,4695.6,4695.6,4692.64,4695.48,22.7549,2026,4,13
2026-04-13 10:30:00+00:00,4695.48,4699.62,4695.48,4699.62,15.08,2026,4,13
2026-04-13 10:35:00+00:00,4699.61,4700.7,4698.89,4700.34,29.4346,2026,4,13
2026-04-13 10:40:00+00:00,4700.34,4702.5,4699.09,4702.5,26.9077,2026,4,13
2026-04-13 10:45:00+00:00,4702.3,4705.43,4702.3,4705.01,14.2785,2026,4,13
2026-04-13 10:50:00+00:00,4705.03,4707.43,4704.66,4704.76,10.6446,2026,4,13
2026-04-13 10:55:00+00:00,4704.76,4705.74,4703.54,4705.74,15.9551,2026,4,13
2026-04-13 11:00:00+00:00,4705.83,4710.42,4705.8,4708.72,33.2361,2026,4,13
2026-04-13 11:05:00+00:00,4708.73,4712.78,4707.91,4708.43,21.6801,2026,4,13
2026-04-13 11:10:00+00:00,4708.16,4708.16,4705.09,4706.27,6.4271,2026,4,13
2026-04-13 11:15:00+00:00,4705.9,4707.17,4705.1,4705.1,12.2585,2026,4,13
2026-04-13 11:20:00+00:00,4705.1,4707.51,4703.95,4703.95,5.223,2026,4,13
2026-04-13 11:25:00+00:00,4704.15,4705.02,4703.05,4705.02,6.1227,2026,4,13
2026-04-13 11:30:00+00:00,4705.02,4706.25,4703.77,4704.2,11.7063,2026,4,13
2026-04-13 11:35:00+00:00,4704.12,4704.12,4695.66,4696.73,8.7418,2026,4,13
2026-04-13 11:40:00+00:00,4696.2,4696.2,4688.91,4689.72,129.1979,2026,4,13
2026-04-13 11:45:00+00:00,4689.72,4693.9,4687.45,4692.43,425.5604,2026,4,13
2026-04-13 11:50:00+00:00,4692.42,4695.04,4689.2,4691.52,26.5019,2026,4,13
2026-04-13 11:55:00+00:00,4691.17,4694.31,4689.18,4690.81,8.6602,2026,4,13
2026-04-13 12:00:00+00:00,4690.57,4695.66,4688.25,4692.75,11.867,2026,4,13
2026-04-13 12:05:00+00:00,4692.67,4698.18,4692.67,4698.18,10.3632,2026,4,13
2026-04-13 12:10:00+00:00,4698.18,4703.45,4698.18,4700.71,33.8179,2026,4,13
2026-04-13 12:15:00+00:00,4700.71,4701.2,4698.55,4698.55,59.0893,2026,4,13
2026-04-13 12:20:00+00:00,4698.55,4698.55,4691.33,4691.88,4.3084,2026,4,13
2026-04-13 12:25:00+00:00,4691.88,4694.93,4689.35,4694.72,15.073,2026,4,13
2026-04-13 12:30:00+00:00,4694.76,4699.25,4693.97,4698.0,45.6459,2026,4,13
2026-04-13 12:35:00+00:00,4697.89,4699.14,4693.33,4694.04,71.6935,2026,4,13
2026-04-13 12:40:00+00:00,4694.22,4699.25,4693.76,4698.65,11.2204,2026,4,13
2026-04-13 12:45:00+00:00,4698.65,4705.82,4698.65,4704.85,54.2258,2026,4,13
2026-04-13 12:50:00+00:00,4704.84,4707.38,4702.54,4706.46,37.158,2026,4,13
2026-04-13 12:55:00+00:00,4706.54,4707.85,4704.13,4706.04,24.892,2026,4,13
2026-04-13 13:00:00+00:00,4706.05,4712.25,4706.05,4710.24,59.4688,2026,4,13
2026-04-13 13:05:00+00:00,4710.32,4713.3,4709.88,4710.32,149.9957,2026,4,13
2026-04-13 13:10:00+00:00,4710.32,4718.79,4709.17,4717.98,49.4181,2026,4,13
2026-04-13 13:15:00+00:00,4717.96,4720.08,4715.28,4718.9,55.3431,2026,4,13
2026-04-13 13:20:00+00:00,4718.9,4718.9,4713.0,4714.55,38.6932,2026,4,13
2026-04-13 13:25:00+00:00,4714.56,4717.08,4713.57,4716.55,40.5275,2026,4,13
2026-04-13 13:30:00+00:00,4716.55,4720.6,4714.75,4716.72,120.4337,2026,4,13
2026-04-13 13:35:00+00:00,4716.55,4717.55,4710.25,4710.35,93.052,2026,4,13
2026-04-13 13:40:00+00:00,4710.24,4713.19,4708.21,4710.3,42.8035,2026,4,13
2026-04-13 13:45:00+00:00,4710.3,4724.02,4706.45,4722.61,85.502,2026,4,13
2026-04-13 13:50:00+00:00,4723.02,4728.41,4706.23,4711.31,74.7965,2026,4,13
2026-04-13 13:55:00+00:00,4711.32,4716.0,4707.92,4715.32,61.6866,2026,4,13
2026-04-13 14:00:00+00:00,4715.32,4715.65,4705.32,4708.98,86.2799,2026,4,13
2026-04-13 14:05:00+00:00,4708.86,4711.5,4705.63,4708.8,43.1221,2026,4,13
2026-04-13 14:10:00+00:00,4708.55,4711.95,4708.45,4709.52,623.3982,2026,4,13
2026-04-13 14:15:00+00:00,4709.52,4709.52,4700.98,4702.4,63.7221,2026,4,13
2026-04-13 14:20:00+00:00,4702.41,4704.3,4693.66,4700.36,26.0319,2026,4,13
2026-04-13 14:25:00+00:00,4699.98,4700.51,4696.92,4698.55,11.2151,2026,4,13
2026-04-13 14:30:00+00:00,4698.54,4702.5,4693.5,4702.5,8.6073,2026,4,13
2026-04-13 14:35:00+00:00,4702.63,4703.4,4700.04,4702.5,9.2837,2026,4,13
2026-04-13 14:40:00+00:00,4702.68,4706.99,4702.65,4706.95,33.5964,2026,4,13
2026-04-13 14:45:00+00:00,4706.46,4707.54,4700.34,4700.35,12.0371,2026,4,13
2026-04-13 14:50:00+00:00,4700.34,4700.35,4695.21,4696.17,144.6678,2026,4,13
2026-04-13 14:55:00+00:00,4696.17,4700.95,4694.95,4699.9,1558.2873,2026,4,13
2026-04-13 15:00:00+00:00,4699.89,4700.52,4687.57,4687.75,58.216,2026,4,13
2026-04-13 15:05:00+00:00,4688.28,4689.74,4682.0,4686.85,59.3667,2026,4,13
2026-04-13 15:10:00+00:00,4686.85,4691.39,4685.59,4689.94,92.9439,2026,4,13
2026-04-13 15:15:00+00:00,4689.94,4693.79,4689.36,4689.5,91.7498,2026,4,13
2026-04-13 15:20:00+00:00,4689.51,4692.77,4688.0,4688.0,19.1288,2026,4,13
2026-04-13 15:25:00+00:00,4687.92,4688.82,4685.95,4687.56,35.6662,2026,4,13
2026-04-13 15:30:00+00:00,4687.38,4691.88,4685.59,4691.26,78.1103,2026,4,13
2026-04-13 15:35:00+00:00,4691.26,4699.98,4691.26,4699.25,25.6662,2026,4,13
2026-04-13 15:40:00+00:00,4698.85,4698.86,4694.41,4695.48,23.2742,2026,4,13
2026-04-13 15:45:00+00:00,4695.47,4696.92,4694.22,4696.92,89.367,2026,4,13
2026-04-13 15:50:00+00:00,4697.09,4697.45,4695.48,4695.48,9.8352,2026,4,13
2026-04-13 15:55:00+00:00,4695.48,4696.73,4694.94,4696.6,3.1585,2026,4,13
2026-04-13 16:00:00+00:00,4696.74,4698.08,4694.05,4695.12,27.2882,2026,4,13
2026-04-13 16:05:00+00:00,4694.94,4701.93,4692.7,4699.69,47.6145,2026,4,13
2026-04-13 16:10:00+00:00,4699.68,4702.55,4699.27,4702.14,13.0316,2026,4,13
2026-04-13 16:15:00+00:00,4702.22,4711.9,4702.22,4708.81,25.8452,2026,4,13
2026-04-13 16:20:00+00:00,4708.81,4713.88,4707.18,4709.17,17.4546,2026,4,13
2026-04-13 16:25:00+00:00,4709.7,4716.5,4709.7,4715.28,27.725,2026,4,13
2026-04-13 16:30:00+00:00,4713.99,4718.84,4712.81,4717.12,91.2417,2026,4,13
2026-04-13 16:35:00+00:00,4717.08,4719.42,4715.65,4719.41,15.4191,2026,4,13
2026-04-13 16:40:00+00:00,4718.88,4721.54,4713.13,4721.38,71.9107,2026,4,13
2026-04-13 16:45:00+00:00,4721.37,4731.61,4720.87,4722.29,385.0326,2026,4,13
2026-04-13 16:50:00+00:00,4722.3,4727.88,4720.68,4721.66,20.779,2026,4,13
2026-04-13 16:55:00+00:00,4721.67,4721.67,4717.38,4717.38,11.6874,2026,4,13
2026-04-13 17:00:00+00:00,4717.39,4722.8,4717.39,4722.77,23.9261,2026,4,13
2026-04-13 17:05:00+00:00,4722.83,4722.83,4710.2,4714.02,35.4585,2026,4,13
2026-04-13 17:10:00+00:00,4714.02,4716.65,4714.02,4715.64,18.6825,2026,4,13
2026-04-13 17:15:00+00:00,4715.81,4728.59,4715.4,4728.59,26.86,2026,4,13
2026-04-13 17:20:00+00:00,4728.59,4731.63,4726.08,4728.65,39.3353,2026,4,13
2026-04-13 17:25:00+00:00,4728.65,4733.26,4727.34,4727.49,44.2826,2026,4,13
2026-04-13 17:30:00+00:00,4727.48,4731.48,4727.4,4728.2,16.6575,2026,4,13
2026-04-13 17:35:00+00:00,4728.26,4732.0,4728.26,4731.51,18.3938,2026,4,13
2026-04-13 17:40:00+00:00,4731.51,4731.51,4727.76,4728.96,9.7391,2026,4,13
2026-04-13 17:45:00+00:00,4728.93,4728.93,4723.21,4723.21,46.6157,2026,4,13
2026-04-13 17:50:00+00:00,4723.2,4724.1,4714.0,4716.0,20.83,2026,4,13
2026-04-13 17:55:00+00:00,4716.17,4717.02,4715.46,4716.0,5.8873,2026,4,13
2026-04-13 18:00:00+00:00,4716.01,4718.16,4715.82,4718.15,1.5223,2026,4,13
2026-04-13 18:05:00+00:00,4717.96,4717.96,4715.24,4715.25,17.9667,2026,4,13
2026-04-13 18:10:00+00:00,4715.64,4717.62,4715.64,4716.72,2.856,2026,4,13
2026-04-13 18:15:00+00:00,4716.19,4716.19,4710.93,4711.03,16.2208,2026,4,13
2026-04-13 18:20:00+00:00,4711.02,4715.0,4710.84,4714.71,2.7329,2026,4,13
2026-04-13 18:25:00+00:00,4714.7,4714.7,4709.65,4712.81,8.4359,2026,4,13
2026-04-13 18:30:00+00:00,4712.67,4718.36,4712.67,4717.91,2.7309,2026,4,13
2026-04-13 18:35:00+00:00,4717.9,4719.23,4716.76,4716.77,11.7631,2026,4,13
2026-04-13 18:40:00+00:00,4716.77,4717.26,4716.41,4717.25,15.8013,2026,4,13
2026-04-13 18:45:00+00:00,4717.26,4720.0,4717.26,4720.0,4.8835,2026,4,13
2026-04-13 18:50:00+00:00,4720.0,4724.55,4720.0,4723.92,11.6892,2026,4,13
2026-04-13 18:55:00+00:00,4724.1,4724.94,4722.84,4723.38,10.7921,2026,4,13
2026-04-13 19:00:00+00:00,4723.37,4723.55,4721.2,4721.21,4.1866,2026,4,13
2026-04-13 19:05:00+00:00,4721.21,4721.21,4716.72,4719.37,38.1105,2026,4,13
2026-04-13 19:10:00+00:00,4719.42,4719.6,4718.55,4719.6,2.8651,2026,4,13
2026-04-13 19:15:00+00:00,4719.6,4723.38,4719.6,4723.38,4.9394,2026,4,13
2026-04-13 19:20:00+00:00,4723.38,4727.68,4723.38,4727.1,28.3617,2026,4,13
2026-04-13 19:25:00+00:00,4727.1,4729.0,4727.1,4728.96,12.4452,2026,4,13
2026-04-13 19:30:00+00:00,4728.96,4732.0,4728.96,4730.2,17.2978,2026,4,13
2026-04-13 19:35:00+00:00,4730.19,4731.51,4728.96,4728.96,4.0508,2026,4,13
2026-04-13 19:40:00+00:00,4728.78,4728.78,4726.08,4727.88,3.0165,2026,4,13
2026-04-13 19:45:00+00:00,4727.88,4728.05,4726.07,4726.99,4.4311,2026,4,13
2026-04-13 19:50:00+00:00,4727.4,4731.65,4727.4,4731.12,8.6718,2026,4,13
2026-04-13 19:55:00+00:00,4731.12,4731.12,4726.85,4726.99,13.8549,2026,4,13
2026-04-13 20:00:00+00:00,4726.98,4728.17,4726.13,4726.65,8.3712,2026,4,13
2026-04-13 20:05:00+00:00,4727.16,4728.18,4727.16,4727.9,1.0707,2026,4,13
2026-04-13 20:10:00+00:00,4727.91,4728.69,4727.7,4727.7,4.6848,2026,4,13
2026-04-13 20:15:00+00:00,4727.7,4727.71,4726.19,4726.19,3.7826,2026,4,13
2026-04-13 20:20:00+00:00,4726.19,4727.69,4725.56,4725.56,9.1795,2026,4,13
2026-04-13 20:25:00+00:00,4725.56,4725.56,4723.38,4723.38,1.8297,2026,4,13
2026-04-13 20:30:00+00:00,4723.38,4724.1,4723.2,4724.09,11.5547,2026,4,13
2026-04-13 20:35:00+00:00,4724.1,4724.1,4723.67,4723.68,1.3538,2026,4,13
2026-04-13 20:40:00+00:00,4723.68,4723.68,4723.47,4723.49,6.4934,2026,4,13
2026-04-13 20:45:00+00:00,4723.49,4724.1,4723.48,4723.48,6.171,2026,4,13
2026-04-13 20:50:00+00:00,4723.48,4724.47,4722.84,4724.47,13.7183,2026,4,13
2026-04-13 20:55:00+00:00,4724.46,4725.0,4724.46,4725.0,3.0503,2026,4,13
2026-04-13 21:00:00+00:00,4724.99,4725.7,4724.08,4724.09,8.5527,2026,4,13
2026-04-13 21:05:00+00:00,4724.08,4724.4,4723.98,4724.4,6.8416,2026,4,13
2026-04-13 21:10:00+00:00,4724.4,4726.24,4724.4,4725.55,2.4975,2026,4,13
2026-04-13 21:15:00+00:00,4725.55,4725.75,4725.54,4725.74,1.0027,2026,4,13
2026-04-13 21:20:00+00:00,4725.75,4725.8,4725.75,4725.79,1.5106,2026,4,13
2026-04-13 21:25:00+00:00,4725.8,4726.98,4725.72,4725.72,10.2238,2026,4,13
2026-04-13 21:30:00+00:00,4725.72,4732.99,4725.72,4727.52,55.2571,2026,4,13
2026-04-13 21:35:00+00:00,4727.52,4727.52,4724.4,4725.07,4.0167,2026,4,13
2026-04-13 21:40:00+00:00,4725.07,4725.07,4723.04,4723.26,10.3025,2026,4,13
2026-04-13 21:45:00+00:00,4723.27,4728.62,4721.09,4727.15,82.3926,2026,4,13
2026-04-13 21:50:00+00:00,4727.15,4727.16,4726.13,4726.62,2.056,2026,4,13
2026-04-13 21:55:00+00:00,4726.62,4726.62,4725.8,4726.26,6.516,2026,4,13
2026-04-13 22:00:00+00:00,4726.26,4738.0,4726.26,4731.71,107.498,2026,4,13
2026-04-13 22:05:00+00:00,4731.7,4736.33,4731.36,4733.98,20.9417,2026,4,13
2026-04-13 22:10:00+00:00,4733.76,4735.8,4733.2,4734.0,28.6133,2026,4,13
2026-04-13 22:15:00+00:00,4734.01,4735.44,4732.92,4733.81,35.4232,2026,4,13
2026-04-13 22:20:00+00:00,4733.8,4735.38,4731.66,4732.6,67.2373,2026,4,13
2026-04-13 22:25:00+00:00,4732.59,4733.63,4731.3,4732.91,9.555,2026,4,13
2026-04-13 22:30:00+00:00,4732.92,4735.33,4732.39,4733.84,9.2903,2026,4,13
2026-04-13 22:35:00+00:00,4733.83,4734.72,4732.93,4733.54,8.8112,2026,4,13
2026-04-13 22:40:00+00:00,4733.76,4736.0,4733.76,4736.0,3.8738,2026,4,13
2026-04-13 22:45:00+00:00,4736.16,4738.24,4735.45,4736.95,2.7178,2026,4,13
2026-04-13 22:50:00+00:00,4736.64,4741.74,4736.64,4741.59,16.9104,2026,4,13
2026-04-13 22:55:00+00:00,4741.73,4743.65,4741.73,4743.16,19.3153,2026,4,13
2026-04-13 23:00:00+00:00,4743.15,4749.08,4742.67,4748.93,19.7684,2026,4,13
2026-04-13 23:05:00+00:00,4748.91,4750.74,4747.86,4749.84,18.6121,2026,4,13
2026-04-13 23:10:00+00:00,4750.01,4750.84,4747.69,4748.2,6.0349,2026,4,13
2026-04-13 23:15:00+00:00,4748.18,4748.18,4743.97,4744.25,8.8946,2026,4,13
2026-04-13 23:20:00+00:00,4744.25,4744.61,4740.0,4741.05,114.0568,2026,4,13
2026-04-13 23:25:00+00:00,4741.18,4741.89,4738.0,4739.43,296.5362,2026,4,13
2026-04-13 23:30:00+00:00,4739.44,4741.37,4738.15,4738.15,13.5843,2026,4,13
2026-04-13 23:35:00+00:00,4738.14,4742.32,4737.9,4742.28,15.4391,2026,4,13
2026-04-13 23:40:00+00:00,4742.45,4744.77,4742.45,4743.0,11.857,2026,4,13
2026-04-13 23:45:00+00:00,4743.0,4744.32,4741.74,4741.74,4.7612,2026,4,13
2026-04-13 23:50:00+00:00,4741.74,4742.66,4739.7,4741.09,13.1771,2026,4,13
2026-04-13 23:55:00+00:00,4741.08,4741.09,4739.67,4741.09,27.0409,2026,4,13
2026-04-14 00:00:00+00:00,4741.09,4741.09,4735.67,4739.04,15.9672,2026,4,14
2026-04-14 00:05:00+00:00,4739.05,4740.48,4738.04,4739.05,15.8453,2026,4,14
2026-04-14 00:10:00+00:00,4739.22,4742.82,4739.22,4742.82,16.8273,2026,4,14
2026-04-14 00:15:00+00:00,4742.87,4746.78,4742.87,4746.23,17.1944,2026,4,14
2026-04-14 00:20:00+00:00,4746.24,4747.32,4744.98,4745.88,7.1255,2026,4,14
2026-04-14 00:25:00+00:00,4745.89,4750.0,4743.18,4744.8,9.762,2026,4,14
2026-04-14 00:30:00+00:00,4744.79,4751.0,4744.79,4749.05,6.4435,2026,4,14
2026-04-14 00:35:00+00:00,4749.48,4753.99,4749.48,4753.99,6.984,2026,4,14
2026-04-14 00:40:00+00:00,4753.99,4758.12,4753.27,4753.27,14.7645,2026,4,14
2026-04-14 00:45:00+00:00,4753.26,4755.36,4751.64,4754.28,11.1676,2026,4,14
2026-04-14 00:50:00+00:00,4754.51,4754.87,4752.64,4753.79,15.4057,2026,4,14
2026-04-14 00:55:00+00:00,4753.79,4755.06,4752.17,4753.7,11.9795,2026,4,14
2026-04-14 01:00:00+00:00,4753.71,4754.15,4747.43,4752.36,22.243,2026,4,14
2026-04-14 01:05:00+00:00,4752.36,4759.37,4752.36,4759.37,11.8185,2026,4,14
2026-04-14 01:10:00+00:00,4759.12,4761.76,4755.6,4758.48,79.6091,2026,4,14
2026-04-14 01:15:00+00:00,4758.48,4760.0,4754.52,4755.42,32.5891,2026,4,14
2026-04-14 01:20:00+00:00,4755.43,4755.96,4753.44,4753.44,8.5057,2026,4,14
2026-04-14 01:25:00+00:00,4753.45,4756.34,4753.45,4754.1,4.6415,2026,4,14
2026-04-14 01:30:00+00:00,4754.09,4754.09,4748.23,4749.52,16.6357,2026,4,14
2026-04-14 01:35:00+00:00,4749.51,4752.53,4749.05,4750.92,10.7073,2026,4,14
2026-04-14 01:40:00+00:00,4751.1,4754.81,4751.1,4754.8,0.9496,2026,4,14
2026-04-14 01:45:00+00:00,4754.88,4755.78,4751.28,4751.29,20.4101,2026,4,14
2026-04-14 01:50:00+00:00,4751.29,4751.29,4748.58,4748.58,7.1995,2026,4,14
2026-04-14 01:55:00+00:00,4748.4,4750.02,4746.68,4748.76,15.2666,2026,4,14
2026-04-14 02:00:00+00:00,4748.78,4749.65,4747.07,4748.58,3.5097,2026,4,14
2026-04-14 02:05:00+00:00,4748.76,4754.71,4748.76,4752.77,9.6992,2026,4,14
2026-04-14 02:10:00+00:00,4752.77,4753.33,4751.29,4751.34,10.0612,2026,4,14
2026-04-14 02:15:00+00:00,4751.29,4754.69,4751.29,4753.63,1.6025,2026,4,14
2026-04-14 02:20:00+00:00,4753.63,4753.63,4751.65,4751.93,5.6405,2026,4,14
2026-04-14 02:25:00+00:00,4751.92,4751.94,4751.92,4751.93,1.3638,2026,4,14
2026-04-14 02:30:00+00:00,4751.93,4751.93,4747.32,4750.43,16.145,2026,4,14
2026-04-14 02:35:00+00:00,4750.44,4752.0,4749.48,4751.23,12.3796,2026,4,14
2026-04-14 02:40:00+00:00,4751.23,4754.52,4750.2,4754.52,2.7532,2026,4,14
2026-04-14 02:45:00+00:00,4754.52,4759.27,4754.52,4758.49,3.5028,2026,4,14
2026-04-14 02:50:00+00:00,4758.49,4759.92,4758.0,4758.0,4.8692,2026,4,14
2026-04-14 02:55:00+00:00,4757.94,4758.47,4756.84,4758.46,0.9873,2026,4,14
2026-04-14 03:00:00+00:00,4758.46,4758.73,4755.96,4755.96,1.885,2026,4,14
2026-04-14 03:05:00+00:00,4755.96,4755.96,4752.96,4752.99,2.4744,2026,4,14
2026-04-14 03:10:00+00:00,4753.0,4753.98,4752.96,4753.97,5.4421,2026,4,14
2026-04-14 03:15:00+00:00,4753.97,4753.97,4752.0,4752.71,3.5288,2026,4,14
2026-04-14 03:20:00+00:00,4752.72,4753.79,4752.19,4752.2,103.7236,2026,4,14
2026-04-14 03:25:00+00:00,4752.18,4752.18,4750.47,4751.99,5.716,2026,4,14
2026-04-14 03:30:00+00:00,4751.99,4752.71,4750.22,4750.99,6.0107,2026,4,14
2026-04-14 03:35:00+00:00,4750.99,4751.0,4750.99,4750.99,2.5381,2026,4,14
2026-04-14 03:40:00+00:00,4750.99,4752.0,4750.56,4751.77,4.4488,2026,4,14
2026-04-14 03:45:00+00:00,4751.77,4753.86,4751.77,4753.86,6.5065,2026,4,14
2026-04-14 03:50:00+00:00,4753.98,4754.15,4753.62,4753.99,8.2972,2026,4,14
2026-04-14 03:55:00+00:00,4754.0,4754.14,4751.55,4751.55,3.4723,2026,4,14
2026-04-14 04:00:00+00:00,4751.47,4753.46,4751.29,4752.35,2.8654,2026,4,14
2026-04-14 04:05:00+00:00,4752.18,4752.18,4751.35,4751.35,3.8582,2026,4,14
2026-04-14 04:10:00+00:00,4751.35,4752.09,4750.78,4752.08,15.2398,2026,4,14
2026-04-14 04:15:00+00:00,4752.09,4755.6,4752.09,4755.6,1.1884,2026,4,14
2026-04-14 04:20:00+00:00,4755.78,4756.86,4755.78,4756.75,3.2606,2026,4,14
2026-04-14 04:25:00+00:00,4757.03,4758.33,4756.74,4757.06,16.2966,2026,4,14
2026-04-14 04:30:00+00:00,4757.06,4757.5,4756.14,4756.14,8.4187,2026,4,14
2026-04-14 04:35:00+00:00,4756.15,4756.59,4754.52,4754.53,3.303,2026,4,14
2026-04-14 04:40:00+00:00,4754.53,4755.04,4754.52,4755.04,2.6403,2026,4,14
2026-04-14 04:45:00+00:00,4755.04,4756.86,4755.04,4756.86,5.7126,2026,4,14
2026-04-14 04:50:00+00:00,4756.86,4757.34,4756.83,4756.83,4.0337,2026,4,14
2026-04-14 04:55:00+00:00,4756.84,4756.84,4756.83,4756.84,2.5865,2026,4,14
2026-04-14 05:00:00+00:00,4756.84,4756.84,4754.71,4755.23,12.446,2026,4,14
2026-04-14 05:05:00+00:00,4755.46,4755.46,4751.99,4751.99,2.7428,2026,4,14
2026-04-14 05:10:00+00:00,4751.83,4751.83,4748.28,4748.53,6.4106,2026,4,14
2026-04-14 05:15:00+00:00,4748.54,4749.65,4748.54,4749.65,15.9198,2026,4,14
2026-04-14 05:20:00+00:00,4749.65,4750.92,4748.69,4748.76,6.7165,2026,4,14
2026-04-14 05:25:00+00:00,4748.58,4748.58,4746.59,4748.27,4.3108,2026,4,14
2026-04-14 05:30:00+00:00,4748.26,4749.48,4744.63,4744.9,17.5074,2026,4,14
2026-04-14 05:35:00+00:00,4744.89,4745.65,4741.79,4742.81,32.5885,2026,4,14
2026-04-14 05:40:00+00:00,4742.29,4743.72,4741.57,4743.01,8.2377,2026,4,14
2026-04-14 05:45:00+00:00,4743.0,4747.63,4742.46,4745.92,7.4658,2026,4,14
2026-04-14 05:50:00+00:00,4745.93,4747.76,4744.45,4744.45,4.371,2026,4,14
2026-04-14 05:55:00+00:00,4744.45,4744.8,4743.18,4743.63,3.9911,2026,4,14
2026-04-14 06:00:00+00:00,4743.63,4748.57,4743.63,4747.86,7.8254,2026,4,14
2026-04-14 06:05:00+00:00,4747.68,4750.74,4746.6,4750.74,1.7062,2026,4,14
2026-04-14 06:10:00+00:00,4750.91,4750.91,4747.77,4749.49,15.5456,2026,4,14
2026-04-14 06:15:00+00:00,4749.48,4749.48,4744.8,4745.66,74.2038,2026,4,14
2026-04-14 06:20:00+00:00,4745.66,4748.93,4745.66,4748.07,10.7075,2026,4,14
2026-04-14 06:25:00+00:00,4748.07,4751.45,4747.61,4751.45,25.7784,2026,4,14
2026-04-14 06:30:00+00:00,4751.45,4751.45,4748.94,4749.79,9.7526,2026,4,14
2026-04-14 06:35:00+00:00,4749.79,4752.12,4749.48,4752.12,21.0762,2026,4,14
2026-04-14 06:40:00+00:00,4752.12,4754.16,4751.85,4753.05,8.1028,2026,4,14
2026-04-14 06:45:00+00:00,4753.08,4757.64,4753.08,4756.78,20.6129,2026,4,14
2026-04-14 06:50:00+00:00,4756.78,4764.2,4755.61,4762.44,20.3154,2026,4,14
2026-04-14 06:55:00+00:00,4762.44,4766.58,4762.43,4766.58,7.4946,2026,4,14
2026-04-14 07:00:00+00:00,4766.65,4773.51,4766.65,4771.62,63.4449,2026,4,14
2026-04-14 07:05:00+00:00,4771.98,4781.35,4771.81,4778.98,45.3512,2026,4,14
2026-04-14 07:10:00+00:00,4778.98,4778.98,4772.7,4775.39,24.1356,2026,4,14
2026-04-14 07:15:00+00:00,4775.4,4777.0,4769.58,4769.58,5.203,2026,4,14
2026-04-14 07:20:00+00:00,4769.58,4771.79,4759.03,4759.03,58.013,2026,4,14
2026-04-14 07:25:00+00:00,4759.04,4760.45,4755.28,4758.12,10.1889,2026,4,14
2026-04-14 07:30:00+00:00,4758.3,4760.98,4758.3,4758.94,5.7775,2026,4,14
2026-04-14 07:35:00+00:00,4758.85,4761.45,4757.42,4761.45,12.5078,2026,4,14
2026-04-14 07:40:00+00:00,4762.27,4764.15,4759.16,4762.25,6.746,2026,4,14
2026-04-14 07:45:00+00:00,4762.19,4764.39,4762.19,4762.2,5.0106,2026,4,14
2026-04-14 07:50:00+00:00,4762.0,4762.0,4759.41,4760.01,7.8709,2026,4,14
2026-04-14 07:55:00+00:00,4760.4,4762.99,4760.0,4762.4,5.0189,2026,4,14
2026-04-14 08:00:00+00:00,4762.39,4762.39,4759.89,4761.98,6.7809,2026,4,14
2026-04-14 08:05:00+00:00,4762.0,4766.0,4762.0,4765.2,7.1227,2026,4,14
2026-04-14 08:10:00+00:00,4765.2,4767.13,4764.0,4765.0,16.3108,2026,4,14
2026-04-14 08:15:00+00:00,4765.0,4765.0,4763.0,4764.39,3.9653,2026,4,14
2026-04-14 08:20:00+00:00,4764.39,4765.19,4761.33,4761.66,7.0365,2026,4,14
2026-04-14 08:25:00+00:00,4761.8,4769.13,4761.8,4769.13,12.2369,2026,4,14
2026-04-14 08:30:00+00:00,4769.12,4772.43,4768.92,4772.38,23.5421,2026,4,14
2026-04-14 08:35:00+00:00,4772.4,4773.0,4769.93,4770.4,21.7007,2026,4,14
2026-04-14 08:40:00+00:00,4771.6,4771.6,4766.78,4768.59,33.0469,2026,4,14
2026-04-14 08:45:00+00:00,4768.59,4769.72,4768.24,4768.25,18.8735,2026,4,14
2026-04-14 08:50:00+00:00,4768.24,4769.0,4767.4,4768.79,7.1825,2026,4,14
2026-04-14 08:55:00+00:00,4768.79,4770.0,4767.21,4770.0,7.6156,2026,4,14
2026-04-14 09:00:00+00:00,4770.2,4771.84,4770.0,4770.54,14.1234,2026,4,14
2026-04-14 09:05:00+00:00,4770.54,4770.54,4766.41,4770.18,6.4142,2026,4,14
2026-04-14 09:10:00+00:00,4770.19,4770.76,4769.4,4770.76,5.4457,2026,4,14
2026-04-14 09:15:00+00:00,4770.76,4771.56,4770.41,4770.41,4.1175,2026,4,14
2026-04-14 09:20:00+00:00,4770.4,4772.99,4769.01,4771.59,14.8269,2026,4,14
2026-04-14 09:25:00+00:00,4771.58,4771.58,4764.24,4764.31,5.4356,2026,4,14
2026-04-14 09:30:00+00:00,4764.2,4764.2,4758.52,4759.97,8.715,2026,4,14
2026-04-14 09:35:00+00:00,4760.39,4764.97,4760.31,4764.97,12.8221,2026,4,14
2026-04-14 09:40:00+00:00,4764.99,4765.0,4760.91,4763.8,2.3212,2026,4,14
2026-04-14 09:45:00+00:00,4763.8,4763.8,4760.01,4761.29,1.5861,2026,4,14
2026-04-14 09:50:00+00:00,4761.35,4763.6,4761.35,4763.01,4.1671,2026,4,14
2026-04-14 09:55:00+00:00,4763.0,4766.69,4763.0,4764.0,1.6964,2026,4,14
2026-04-14 10:00:00+00:00,4763.81,4766.5,4763.69,4764.6,43.7948,2026,4,14
2026-04-14 10:05:00+00:00,4764.6,4768.85,4764.6,4768.84,18.7681,2026,4,14
2026-04-14 10:10:00+00:00,4768.84,4768.98,4765.77,4766.4,25.2347,2026,4,14
2026-04-14 10:15:00+00:00,4766.6,4772.01,4766.6,4771.62,11.6327,2026,4,14
2026-04-14 10:20:00+00:00,4771.21,4771.92,4767.71,4768.6,8.8363,2026,4,14
2026-04-14 10:25:00+00:00,4768.59,4768.99,4765.8,4768.49,5.7814,2026,4,14
2026-04-14 10:30:00+00:00,4768.47,4768.47,4766.16,4768.2,2.8262,2026,4,14
2026-04-14 10:35:00+00:00,4768.39,4768.39,4739.99,4749.41,140.0816,2026,4,14
2026-04-14 10:40:00+00:00,4749.42,4752.8,4742.53,4751.87,62.3183,2026,4,14
2026-04-14 10:45:00+00:00,4751.92,4754.15,4750.91,4753.82,12.9052,2026,4,14
2026-04-14 10:50:00+00:00,4754.0,4756.4,4753.65,4753.95,21.5121,2026,4,14
2026-04-14 10:55:00+00:00,4754.39,4755.75,4752.66,4752.87,11.9252,2026,4,14
2026-04-14 11:00:00+00:00,4752.87,4755.4,4750.94,4755.4,6.6569,2026,4,14
2026-04-14 11:05:00+00:00,4755.6,4761.42,4755.59,4760.81,10.2157,2026,4,14
2026-04-14 11:10:00+00:00,4761.16,4761.36,4760.24,4760.42,8.2947,2026,4,14
2026-04-14 11:15:00+00:00,4760.75,4761.99,4760.24,4760.83,4.9082,2026,4,14
2026-04-14 11:20:00+00:00,4761.2,4763.53,4761.2,4763.39,3.557,2026,4,14
2026-04-14 11:25:00+00:00,4763.69,4766.45,4761.54,4762.62,49.2299,2026,4,14
2026-04-14 11:30:00+00:00,4762.44,4762.44,4758.13,4758.13,6.8606,2026,4,14
2026-04-14 11:35:00+00:00,4758.13,4761.54,4757.95,4761.54,16.178,2026,4,14
2026-04-14 11:40:00+00:00,4761.72,4764.28,4761.72,4763.0,40.5467,2026,4,14
2026-04-14 11:45:00+00:00,4763.01,4763.49,4760.28,4760.29,9.6057,2026,4,14
2026-04-14 11:50:00+00:00,4760.29,4760.29,4754.86,4758.66,24.3166,2026,4,14
2026-04-14 11:55:00+00:00,4758.66,4766.93,4756.23,4759.38,48.5172,2026,4,14
2026-04-14 12:00:00+00:00,4759.21,4761.36,4758.98,4759.57,10.2668,2026,4,14
2026-04-14 12:05:00+00:00,4760.04,4762.26,4759.54,4760.95,2.9056,2026,4,14
2026-04-14 12:10:00+00:00,4760.82,4760.82,4754.48,4754.89,7.8385,2026,4,14
2026-04-14 12:15:00+00:00,4755.36,4757.22,4751.79,4755.6,8.4477,2026,4,14
2026-04-14 12:20:00+00:00,4755.42,4755.42,4748.64,4751.57,19.1562,2026,4,14
2026-04-14 12:25:00+00:00,4751.32,4755.41,4750.92,4753.29,18.331,2026,4,14
2026-04-14 12:30:00+00:00,4753.3,4760.0,4753.3,4760.0,7.0126,2026,4,14
2026-04-14 12:35:00+00:00,4759.99,4759.99,4754.94,4757.68,9.9053,2026,4,14
2026-04-14 12:40:00+00:00,4757.67,4760.27,4753.85,4753.86,9.5137,2026,4,14
2026-04-14 12:45:00+00:00,4754.34,4758.32,4752.18,4758.12,4.6903,2026,4,14
2026-04-14 12:50:00+00:00,4758.12,4758.12,4748.77,4750.25,15.8711,2026,4,14
2026-04-14 12:55:00+00:00,4750.38,4756.07,4750.38,4756.07,4.0064,2026,4,14
2026-04-14 13:00:00+00:00,4756.07,4762.53,4756.07,4761.67,29.7691,2026,4,14
2026-04-14 13:05:00+00:00,4761.72,4761.96,4758.53,4761.35,4.6271,2026,4,14
2026-04-14 13:10:00+00:00,4761.35,4765.68,4761.35,4765.64,13.0565,2026,4,14
2026-04-14 13:15:00+00:00,4765.84,4771.32,4765.82,4771.32,12.1565,2026,4,14
2026-04-14 13:20:00+00:00,4771.33,4776.4,4771.33,4775.94,51.5611,2026,4,14
2026-04-14 13:25:00+00:00,4775.77,4775.77,4767.12,4767.12,12.3429,2026,4,14
2026-04-14 13:30:00+00:00,4767.12,4777.77,4765.0,4777.76,62.2455,2026,4,14
2026-04-14 13:35:00+00:00,4777.77,4788.0,4775.26,4775.26,138.0683,2026,4,14
2026-04-14 13:40:00+00:00,4775.07,4778.28,4773.26,4778.28,19.7929,2026,4,14
2026-04-14 13:45:00+00:00,4778.45,4780.0,4775.95,4778.63,33.0775,2026,4,14
2026-04-14 13:50:00+00:00,4778.64,4780.39,4775.2,4778.09,21.1973,2026,4,14
2026-04-14 13:55:00+00:00,4778.1,4780.43,4774.91,4779.72,63.333,2026,4,14
2026-04-14 14:00:00+00:00,4779.73,4786.29,4779.47,4779.47,91.5713,2026,4,14
2026-04-14 14:05:00+00:00,4779.47,4785.47,4776.86,4785.4,80.0547,2026,4,14
2026-04-14 14:10:00+00:00,4785.47,4785.48,4777.74,4778.75,26.1593,2026,4,14
2026-04-14 14:15:00+00:00,4778.75,4788.75,4778.75,4787.12,100.3798,2026,4,14
2026-04-14 14:20:00+00:00,4787.13,4787.52,4782.07,4785.31,45.6124,2026,4,14
2026-04-14 14:25:00+00:00,4785.3,4794.0,4784.59,4793.23,71.1121,2026,4,14
2026-04-14 14:30:00+00:00,4793.36,4798.89,4791.42,4796.83,45.543,2026,4,14
2026-04-14 14:35:00+00:00,4796.83,4799.94,4784.83,4787.42,69.982,2026,4,14
2026-04-14 14:40:00+00:00,4787.42,4787.42,4782.43,4782.43,30.7967,2026,4,14
2026-04-14 14:45:00+00:00,4782.43,4783.57,4779.38,4783.14,21.5723,2026,4,14
2026-04-14 14:50:00+00:00,4783.01,4786.17,4780.29,4785.0,101.9362,2026,4,14
2026-04-14 14:55:00+00:00,4785.12,4789.26,4785.12,4786.21,11.7958,2026,4,14
2026-04-14 15:00:00+00:00,4786.67,4786.67,4780.81,4780.81,17.5771,2026,4,14
2026-04-14 15:05:00+00:00,4780.8,4781.33,4776.3,4777.6,45.7299,2026,4,14
2026-04-14 15:10:00+00:00,4777.56,4781.8,4776.3,4779.64,23.1846,2026,4,14
2026-04-14 15:15:00+00:00,4779.54,4785.56,4778.47,4785.56,33.0573,2026,4,14
2026-04-14 15:20:00+00:00,4784.95,4790.0,4784.94,4789.54,18.5313,2026,4,14
2026-04-14 15:25:00+00:00,4789.54,4789.97,4786.75,4788.54,93.2472,2026,4,14
2026-04-14 15:30:00+00:00,4788.0,4794.83,4788.0,4792.53,31.4422,2026,4,14
2026-04-14 15:35:00+00:00,4792.24,4797.94,4792.24,4796.46,17.9892,2026,4,14
2026-04-14 15:40:00+00:00,4796.33,4796.33,4792.69,4794.3,18.3346,2026,4,14
2026-04-14 15:45:00+00:00,4794.3,4795.29,4792.23,4792.97,14.2974,2026,4,14
2026-04-14 15:50:00+00:00,4792.97,4800.66,4792.96,4796.46,199.3602,2026,4,14
2026-04-14 15:55:00+00:00,4796.29,4796.29,4791.78,4792.68,5.5383,2026,4,14
2026-04-14 16:00:00+00:00,4792.86,4797.84,4791.07,4796.33,20.7656,2026,4,14
2026-04-14 16:05:00+00:00,4796.35,4797.54,4794.49,4795.56,8.04,2026,4,14
2026-04-14 16:10:00+00:00,4795.73,4795.74,4791.41,4793.8,26.7363,2026,4,14
2026-04-14 16:15:00+00:00,4793.8,4799.99,4791.68,4799.33,25.9397,2026,4,14
2026-04-14 16:20:00+00:00,4799.52,4800.78,4794.67,4800.63,38.0069,2026,4,14
2026-04-14 16:25:00+00:00,4800.63,4803.56,4800.25,4801.21,36.4412,2026,4,14
2026-04-14 16:30:00+00:00,4801.22,4803.99,4799.34,4800.11,19.6452,2026,4,14
2026-04-14 16:35:00+00:00,4800.11,4800.42,4797.54,4800.42,7.0486,2026,4,14
2026-04-14 16:40:00+00:00,4800.42,4801.24,4798.26,4799.37,21.195,2026,4,14
2026-04-14 16:45:00+00:00,4799.37,4799.37,4795.56,4798.43,7.6456,2026,4,14
2026-04-14 16:50:00+00:00,4798.44,4803.44,4796.82,4797.47,87.8384,2026,4,14
2026-04-14 16:55:00+00:00,4797.48,4798.05,4793.22,4793.32,26.25,2026,4,14
2026-04-14 17:00:00+00:00,4793.33,4799.88,4793.33,4798.97,116.9813,2026,4,14
2026-04-14 17:05:00+00:00,4798.97,4814.92,4798.97,4811.58,231.1748,2026,4,14
2026-04-14 17:10:00+00:00,4811.58,4816.08,4811.41,4812.29,112.926,2026,4,14
2026-04-14 17:15:00+00:00,4811.77,4811.94,4809.45,4811.93,33.8575,2026,4,14
2026-04-14 17:20:00+00:00,4811.94,4816.81,4811.05,4816.07,86.4554,2026,4,14
2026-04-14 17:25:00+00:00,4816.08,4816.85,4810.86,4810.86,12.266,2026,4,14
2026-04-14 17:30:00+00:00,4810.69,4818.66,4810.69,4816.62,16.3321,2026,4,14
2026-04-14 17:35:00+00:00,4816.63,4824.07,4816.08,4822.75,106.2077,2026,4,14
2026-04-14 17:40:00+00:00,4822.74,4826.15,4821.85,4821.85,51.9834,2026,4,14
2026-04-14 17:45:00+00:00,4821.84,4822.85,4820.95,4822.0,13.8188,2026,4,14
2026-04-14 17:50:00+00:00,4821.99,4823.28,4820.69,4820.78,11.6267,2026,4,14
2026-04-14 17:55:00+00:00,4820.77,4821.07,4818.45,4819.16,23.6614,2026,4,14
2026-04-14 18:00:00+00:00,4819.16,4820.7,4818.79,4820.04,14.7515,2026,4,14
2026-04-14 18:05:00+00:00,4820.04,4825.0,4820.04,4825.0,8.7837,2026,4,14
2026-04-14 18:10:00+00:00,4825.0,4825.26,4819.69,4822.56,21.6423,2026,4,14
2026-04-14 18:15:00+00:00,4822.38,4823.35,4819.33,4820.21,21.585,2026,4,14
2026-04-14 18:20:00+00:00,4819.74,4820.21,4816.85,4817.35,16.1899,2026,4,14
2026-04-14 18:25:00+00:00,4817.35,4822.56,4817.35,4820.77,10.3845,2026,4,14
2026-04-14 18:30:00+00:00,4820.77,4821.48,4819.96,4820.23,6.3286,2026,4,14
2026-04-14 18:35:00+00:00,4820.22,4822.01,4820.22,4820.95,5.5643,2026,4,14
2026-04-14 18:40:00+00:00,4820.95,4821.44,4817.89,4817.89,6.042,2026,4,14
2026-04-14 18:45:00+00:00,4817.88,4818.6,4815.96,4816.91,30.2062,2026,4,14
2026-04-14 18:50:00+00:00,4816.91,4830.36,4814.29,4822.75,3347.6475,2026,4,14
2026-04-14 18:55:00+00:00,4822.74,4830.01,4822.6,4830.0,2136.3005,2026,4,14
2026-04-14 19:00:00+00:00,4830.0,4831.81,4830.0,4831.8,189.3356,2026,4,14
2026-04-14 19:05:00+00:00,4831.81,4838.0,4830.9,4836.05,849.8457,2026,4,14
2026-04-14 19:10:00+00:00,4836.0,4838.0,4833.29,4833.89,327.4906,2026,4,14
2026-04-14 19:15:00+00:00,4833.89,4834.0,4831.17,4831.18,16.5388,2026,4,14
2026-04-14 19:20:00+00:00,4831.18,4833.78,4831.18,4832.49,19.5545,2026,4,14
2026-04-14 19:25:00+00:00,4832.49,4833.28,4830.71,4833.24,16.8132,2026,4,14
2026-04-14 19:30:00+00:00,4833.15,4836.38,4831.49,4831.5,33.2108,2026,4,14
2026-04-14 19:35:00+00:00,4831.5,4833.89,4830.84,4833.89,37.8304,2026,4,14
2026-04-14 19:40:00+00:00,4833.9,4834.25,4832.11,4832.44,5.9374,2026,4,14
2026-04-14 19:45:00+00:00,4832.44,4833.95,4831.49,4833.95,8.9741,2026,4,14
2026-04-14 19:50:00+00:00,4833.95,4835.14,4832.28,4832.44,8.641,2026,4,14
2026-04-14 19:55:00+00:00,4832.44,4839.06,4832.44,4837.41,19.3098,2026,4,14
2026-04-14 20:00:00+00:00,4837.32,4837.5,4835.88,4835.88,7.9457,2026,4,14
2026-04-14 20:05:00+00:00,4835.88,4836.24,4834.39,4836.24,9.8252,2026,4,14
2026-04-14 20:10:00+00:00,4836.41,4836.41,4834.32,4834.49,8.5218,2026,4,14
2026-04-14 20:15:00+00:00,4834.49,4835.27,4832.12,4832.39,3.2628,2026,4,14
2026-04-14 20:20:00+00:00,4832.4,4833.0,4831.24,4832.96,21.904,2026,4,14
2026-04-14 20:25:00+00:00,4832.46,4832.46,4830.71,4830.72,11.061,2026,4,14
2026-04-14 20:30:00+00:00,4831.0,4831.55,4830.44,4830.44,5.415,2026,4,14
2026-04-14 20:35:00+00:00,4830.45,4830.83,4830.44,4830.83,2.9569,2026,4,14
2026-04-14 20:40:00+00:00,4830.44,4832.59,4830.44,4831.2,8.304,2026,4,14
2026-04-14 20:45:00+00:00,4831.2,4832.95,4830.43,4830.44,5.4348,2026,4,14
2026-04-14 20:50:00+00:00,4830.41,4830.62,4829.62,4830.62,4.6686,2026,4,14
2026-04-14 20:55:00+00:00,4830.34,4830.61,4829.41,4830.1,7.3388,2026,4,14
2026-04-14 21:00:00+00:00,4830.1,4830.1,4828.62,4828.63,6.3213,2026,4,14
2026-04-14 21:05:00+00:00,4828.63,4828.63,4826.03,4826.55,38.6267,2026,4,14
2026-04-14 21:10:00+00:00,4826.55,4827.17,4825.99,4826.32,39.3275,2026,4,14
2026-04-14 21:15:00+00:00,4826.33,4826.84,4825.23,4825.9,17.741,2026,4,14
2026-04-14 21:20:00+00:00,4825.91,4836.59,4825.91,4835.75,60.0569,2026,4,14
2026-04-14 21:25:00+00:00,4835.69,4835.69,4828.86,4830.05,15.7443,2026,4,14
2026-04-14 21:30:00+00:00,4829.58,4829.58,4826.17,4826.17,6.5905,2026,4,14
2026-04-14 21:35:00+00:00,4826.16,4826.16,4822.28,4822.28,14.3781,2026,4,14
2026-04-14 21:40:00+00:00,4822.28,4823.25,4819.56,4821.41,23.5679,2026,4,14
2026-04-14 21:45:00+00:00,4821.41,4821.41,4818.83,4818.99,6.7309,2026,4,14
2026-04-14 21:50:00+00:00,4819.38,4819.38,4817.99,4818.96,2.392,2026,4,14
2026-04-14 21:55:00+00:00,4818.97,4826.96,4818.96,4826.95,7.3323,2026,4,14
2026-04-14 22:00:00+00:00,4826.95,4839.94,4825.81,4838.76,28.6077,2026,4,14
2026-04-14 22:05:00+00:00,4838.76,4840.0,4836.24,4837.85,11.5135,2026,4,14
2026-04-14 22:10:00+00:00,4837.85,4837.86,4834.08,4834.8,5.4046,2026,4,14
2026-04-14 22:15:00+00:00,4834.8,4836.42,4828.86,4828.86,8.3781,2026,4,14
2026-04-14 22:20:00+00:00,4828.68,4831.38,4827.43,4831.37,7.3908,2026,4,14
2026-04-14 22:25:00+00:00,4831.37,4832.09,4829.22,4829.22,4.7754,2026,4,14
2026-04-14 22:30:00+00:00,4829.22,4832.09,4827.78,4829.4,9.3645,2026,4,14
2026-04-14 22:35:00+00:00,4829.39,4831.37,4828.96,4830.46,5.8214,2026,4,14
2026-04-14 22:40:00+00:00,4830.48,4832.0,4829.98,4831.59,40.4563,2026,4,14
2026-04-14 22:45:00+00:00,4831.55,4831.55,4829.04,4829.04,9.22,2026,4,14
2026-04-14 22:50:00+00:00,4828.98,4828.98,4826.41,4826.5,4.3749,2026,4,14
2026-04-14 22:55:00+00:00,4826.5,4827.06,4824.4,4825.99,10.2884,2026,4,14
2026-04-14 23:00:00+00:00,4825.98,4828.32,4825.08,4828.07,6.4262,2026,4,14
2026-04-14 23:05:00+00:00,4828.08,4833.53,4828.07,4829.59,12.5458,2026,4,14
2026-04-14 23:10:00+00:00,4829.59,4829.65,4826.51,4827.36,4.8182,2026,4,14
2026-04-14 23:15:00+00:00,4827.35,4829.67,4825.23,4827.89,5.1539,2026,4,14
2026-04-14 23:20:00+00:00,4827.88,4828.5,4827.06,4827.78,2.7807,2026,4,14
2026-04-14 23:25:00+00:00,4827.68,4827.68,4825.99,4826.51,3.6626,2026,4,14
2026-04-14 23:30:00+00:00,4826.51,4831.74,4825.63,4831.74,11.023,2026,4,14
2026-04-14 23:35:00+00:00,4831.92,4832.81,4829.4,4832.81,7.1854,2026,4,14
2026-04-14 23:40:00+00:00,4832.82,4833.49,4829.05,4832.46,18.2656,2026,4,14
2026-04-14 23:45:00+00:00,4832.55,4833.9,4831.79,4831.79,1.8321,2026,4,14
2026-04-14 23:50:00+00:00,4832.05,4832.33,4828.17,4828.32,12.1222,2026,4,14
2026-04-14 23:55:00+00:00,4828.33,4828.5,4826.14,4827.05,7.571,2026,4,14
2026-04-15 00:00:00+00:00,4827.31,4829.18,4824.36,4829.18,21.8761,2026,4,15
2026-04-15 00:05:00+00:00,4829.22,4830.3,4826.16,4826.16,6.6549,2026,4,15
2026-04-15 00:10:00+00:00,4825.99,4825.99,4821.99,4824.3,40.0313,2026,4,15
2026-04-15 00:15:00+00:00,4824.36,4824.36,4820.36,4822.73,5.0546,2026,4,15
2026-04-15 00:20:00+00:00,4822.74,4825.08,4822.73,4825.08,4.8057,2026,4,15
2026-04-15 00:25:00+00:00,4825.26,4826.26,4820.16,4823.51,47.719,2026,4,15
2026-04-15 00:30:00+00:00,4823.57,4823.57,4818.03,4820.23,18.7893,2026,4,15
2026-04-15 00:35:00+00:00,4820.24,4820.33,4817.88,4818.95,5.6595,2026,4,15
2026-04-15 00:40:00+00:00,4819.13,4819.86,4816.7,4819.08,33.4341,2026,4,15
2026-04-15 00:45:00+00:00,4819.09,4821.23,4819.09,4819.68,6.3388,2026,4,15
2026-04-15 00:50:00+00:00,4820.04,4821.65,4819.87,4820.94,8.7695,2026,4,15
2026-04-15 00:55:00+00:00,4820.99,4826.7,4820.23,4825.44,19.6171,2026,4,15
2026-04-15 01:00:00+00:00,4825.45,4827.12,4819.15,4824.72,12.2433,2026,4,15
2026-04-15 01:05:00+00:00,4824.73,4829.99,4822.21,4829.99,10.1819,2026,4,15
2026-04-15 01:10:00+00:00,4829.93,4840.99,4829.42,4839.3,80.3642,2026,4,15
2026-04-15 01:15:00+00:00,4839.39,4861.14,4838.23,4853.53,237.6292,2026,4,15
2026-04-15 01:20:00+00:00,4853.53,4854.24,4834.19,4834.63,96.9785,2026,4,15
2026-04-15 01:25:00+00:00,4834.8,4845.19,4834.8,4842.0,20.4171,2026,4,15
2026-04-15 01:30:00+00:00,4842.27,4842.53,4837.54,4839.54,5.4735,2026,4,15
2026-04-15 01:35:00+00:00,4839.66,4840.19,4836.07,4836.89,3.7618,2026,4,15
2026-04-15 01:40:00+00:00,4836.96,4841.64,4834.12,4834.43,61.9294,2026,4,15
2026-04-15 01:45:00+00:00,4834.62,4836.77,4832.11,4835.9,30.295,2026,4,15
2026-04-15 01:50:00+00:00,4835.81,4838.55,4835.35,4835.35,6.5158,2026,4,15
2026-04-15 01:55:00+00:00,4835.88,4838.5,4834.71,4837.13,4.1689,2026,4,15
2026-04-15 02:00:00+00:00,4837.13,4839.12,4835.77,4839.12,6.3737,2026,4,15
2026-04-15 02:05:00+00:00,4839.12,4842.63,4839.11,4841.4,8.9276,2026,4,15
2026-04-15 02:10:00+00:00,4841.4,4841.4,4835.34,4835.34,19.7278,2026,4,15
2026-04-15 02:15:00+00:00,4835.35,4835.83,4831.37,4832.23,19.2241,2026,4,15
2026-04-15 02:20:00+00:00,4832.23,4832.97,4826.88,4827.17,25.3048,2026,4,15
2026-04-15 02:25:00+00:00,4827.17,4827.17,4823.62,4826.11,26.4883,2026,4,15
2026-04-15 02:30:00+00:00,4826.1,4826.1,4816.45,4818.41,22.3076,2026,4,15
2026-04-15 02:35:00+00:00,4818.41,4821.67,4812.9,4821.12,33.801,2026,4,15
2026-04-15 02:40:00+00:00,4821.29,4822.92,4818.43,4821.09,17.9677,2026,4,15
2026-04-15 02:45:00+00:00,4821.08,4822.18,4817.52,4820.4,21.6236,2026,4,15
2026-04-15 02:50:00+00:00,4820.39,4821.3,4814.55,4816.07,20.3577,2026,4,15
2026-04-15 02:55:00+00:00,4816.08,4818.01,4813.09,4815.84,18.7067,2026,4,15
2026-04-15 03:00:00+00:00,4815.85,4817.05,4810.21,4810.99,31.549,2026,4,15
2026-04-15 03:05:00+00:00,4811.0,4813.38,4809.95,4811.87,23.7256,2026,4,15
2026-04-15 03:10:00+00:00,4811.87,4815.09,4810.68,4813.56,20.0702,2026,4,15
2026-04-15 03:15:00+00:00,4813.55,4819.48,4813.55,4818.78,11.7537,2026,4,15
2026-04-15 03:20:00+00:00,4818.78,4818.78,4815.13,4816.07,12.367,2026,4,15
2026-04-15 03:25:00+00:00,4816.08,4820.36,4816.07,4820.35,4.4072,2026,4,15
2026-04-15 03:30:00+00:00,4820.0,4821.29,4819.54,4819.55,3.854,2026,4,15
2026-04-15 03:35:00+00:00,4819.55,4820.22,4818.6,4820.21,14.5751,2026,4,15
2026-04-15 03:40:00+00:00,4820.24,4820.24,4817.75,4820.17,11.8373,2026,4,15
2026-04-15 03:45:00+00:00,4820.16,4821.12,4819.32,4819.33,5.0656,2026,4,15
2026-04-15 03:50:00+00:00,4819.32,4820.44,4818.37,4818.76,3.6674,2026,4,15
2026-04-15 03:55:00+00:00,4818.76,4819.69,4815.81,4815.81,23.2941,2026,4,15
2026-04-15 04:00:00+00:00,4815.81,4815.82,4813.56,4814.38,7.4729,2026,4,15
2026-04-15 04:05:00+00:00,4814.28,4815.46,4813.11,4815.46,6.8683,2026,4,15
2026-04-15 04:10:00+00:00,4815.54,4818.18,4815.54,4817.16,8.6134,2026,4,15
2026-04-15 04:15:00+00:00,4817.17,4817.57,4814.82,4814.82,11.794,2026,4,15
2026-04-15 04:20:00+00:00,4814.74,4815.05,4813.02,4815.04,14.0756,2026,4,15
2026-04-15 04:25:00+00:00,4815.04,4815.72,4814.15,4815.71,4.633,2026,4,15
2026-04-15 04:30:00+00:00,4815.7,4818.24,4815.7,4818.23,6.0137,2026,4,15
2026-04-15 04:35:00+00:00,4818.24,4819.23,4817.18,4817.89,5.3699,2026,4,15
2026-04-15 04:40:00+00:00,4817.89,4817.89,4816.26,4816.26,4.9109,2026,4,15
2026-04-15 04:45:00+00:00,4816.27,4817.51,4815.0,4817.51,14.8999,2026,4,15
2026-04-15 04:50:00+00:00,4817.52,4818.06,4815.02,4817.34,30.3331,2026,4,15
2026-04-15 04:55:00+00:00,4817.34,4818.06,4816.45,4817.67,6.8651,2026,4,15
2026-04-15 05:00:00+00:00,4817.53,4821.22,4816.99,4816.99,11.7542,2026,4,15
2026-04-15 05:05:00+00:00,4816.99,4818.42,4815.19,4816.92,5.7586,2026,4,15
2026-04-15 05:10:00+00:00,4816.93,4818.96,4816.62,4818.35,3.9229,2026,4,15
2026-04-15 05:15:00+00:00,4818.36,4820.4,4818.01,4820.4,3.5865,2026,4,15
2026-04-15 05:20:00+00:00,4820.58,4820.75,4815.9,4815.9,11.1905,2026,4,15
2026-04-15 05:25:00+00:00,4815.9,4819.14,4815.42,4817.2,5.9829,2026,4,15
2026-04-15 05:30:00+00:00,4817.19,4818.05,4813.2,4817.89,12.5253,2026,4,15
2026-04-15 05:35:00+00:00,4817.88,4817.88,4806.11,4811.58,15.0024,2026,4,15
2026-04-15 05:40:00+00:00,4811.59,4811.59,4803.42,4806.53,21.6187,2026,4,15
2026-04-15 05:45:00+00:00,4806.54,4809.52,4804.42,4807.98,23.9218,2026,4,15
2026-04-15 05:50:00+00:00,4807.8,4811.58,4806.36,4811.47,8.062,2026,4,15
2026-04-15 05:55:00+00:00,4811.47,4812.61,4810.5,4810.51,13.6446,2026,4,15
2026-04-15 06:00:00+00:00,4810.81,4813.56,4810.81,4811.53,8.9527,2026,4,15
2026-04-15 06:05:00+00:00,4811.52,4811.53,4807.62,4807.81,9.1432,2026,4,15
2026-04-15 06:10:00+00:00,4807.81,4811.03,4807.81,4809.94,3.5526,2026,4,15
2026-04-15 06:15:00+00:00,4809.94,4809.94,4806.96,4807.62,10.3415,2026,4,15
2026-04-15 06:20:00+00:00,4807.62,4807.98,4806.01,4806.01,2.8531,2026,4,15
2026-04-15 06:25:00+00:00,4806.31,4807.8,4805.71,4805.72,6.8122,2026,4,15
2026-04-15 06:30:00+00:00,4805.98,4808.15,4803.35,4804.99,19.6704,2026,4,15
2026-04-15 06:35:00+00:00,4804.99,4807.79,4804.99,4806.9,12.4415,2026,4,15
2026-04-15 06:40:00+00:00,4807.07,4807.07,4805.01,4807.07,8.3195,2026,4,15
2026-04-15 06:45:00+00:00,4807.07,4812.43,4807.07,4811.03,14.7542,2026,4,15
2026-04-15 06:50:00+00:00,4811.03,4811.04,4805.53,4805.53,7.9424,2026,4,15
2026-04-15 06:55:00+00:00,4805.83,4805.83,4803.22,4803.22,4.9348,2026,4,15
2026-04-15 07:00:00+00:00,4803.22,4804.03,4796.4,4799.73,29.1184,2026,4,15
2026-04-15 07:05:00+00:00,4800.34,4803.53,4797.9,4801.37,9.6485,2026,4,15
2026-04-15 07:10:00+00:00,4800.74,4807.38,4800.23,4807.07,7.1705,2026,4,15
2026-04-15 07:15:00+00:00,4807.07,4807.07,4801.46,4802.81,68.1657,2026,4,15
2026-04-15 07:20:00+00:00,4802.82,4804.19,4802.22,4802.45,6.1633,2026,4,15
2026-04-15 07:25:00+00:00,4802.45,4803.68,4797.51,4803.18,69.8536,2026,4,15
2026-04-15 07:30:00+00:00,4803.18,4803.76,4799.49,4802.25,13.1797,2026,4,15
2026-04-15 07:35:00+00:00,4802.25,4805.29,4802.25,4803.56,5.6182,2026,4,15
2026-04-15 07:40:00+00:00,4803.95,4804.3,4801.11,4801.91,12.0655,2026,4,15
2026-04-15 07:45:00+00:00,4801.9,4801.9,4798.07,4798.83,16.2862,2026,4,15
2026-04-15 07:50:00+00:00,4799.02,4801.09,4798.9,4801.08,7.8683,2026,4,15
2026-04-15 07:55:00+00:00,4801.09,4802.0,4800.31,4801.5,4.9221,2026,4,15
2026-04-15 08:00:00+00:00,4801.49,4801.89,4797.45,4801.88,10.3765,2026,4,15
2026-04-15 08:05:00+00:00,4801.89,4803.34,4800.0,4800.01,13.1973,2026,4,15
2026-04-15 08:10:00+00:00,4800.01,4801.93,4795.49,4801.64,25.6731,2026,4,15
2026-04-15 08:15:00+00:00,4801.68,4803.55,4801.68,4802.89,5.143,2026,4,15
2026-04-15 08:20:00+00:00,4803.02,4803.32,4800.55,4801.69,5.3522,2026,4,15
2026-04-15 08:25:00+00:00,4801.69,4804.82,4798.84,4800.53,10.2514,2026,4,15
2026-04-15 08:30:00+00:00,4800.53,4802.42,4798.05,4800.0,4.5249,2026,4,15
2026-04-15 08:35:00+00:00,4800.0,4802.16,4799.22,4799.79,4.1115,2026,4,15
2026-04-15 08:40:00+00:00,4799.79,4802.63,4799.79,4802.07,4.1648,2026,4,15
2026-04-15 08:45:00+00:00,4802.06,4802.06,4800.44,4802.06,18.0753,2026,4,15
2026-04-15 08:50:00+00:00,4802.06,4805.51,4802.05,4805.51,3.0939,2026,4,15
2026-04-15 08:55:00+00:00,4805.51,4811.75,4805.51,4809.22,74.9598,2026,4,15
2026-04-15 09:00:00+00:00,4809.22,4809.61,4802.75,4805.29,31.7875,2026,4,15
2026-04-15 09:05:00+00:00,4805.29,4805.29,4796.94,4797.89,66.5913,2026,4,15
2026-04-15 09:10:00+00:00,4797.89,4799.54,4785.9,4796.55,174.7145,2026,4,15
2026-04-15 09:15:00+00:00,4796.56,4797.87,4793.59,4797.72,17.4098,2026,4,15
2026-04-15 09:20:00+00:00,4797.71,4798.06,4795.61,4796.78,5.7083,2026,4,15
2026-04-15 09:25:00+00:00,4796.55,4796.55,4788.68,4790.29,14.8193,2026,4,15
2026-04-15 09:30:00+00:00,4790.28,4794.74,4788.49,4789.71,16.3714,2026,4,15
2026-04-15 09:35:00+00:00,4789.7,4791.02,4786.68,4786.99,38.1768,2026,4,15
2026-04-15 09:40:00+00:00,4787.24,4790.0,4787.24,4787.82,11.8803,2026,4,15
2026-04-15 09:45:00+00:00,4787.63,4788.22,4780.0,4787.89,274.1107,2026,4,15
2026-04-15 09:50:00+00:00,4787.82,4790.7,4785.5,4790.18,23.2957,2026,4,15
2026-04-15 09:55:00+00:00,4790.1,4791.41,4787.25,4790.09,2.5215,2026,4,15
2026-04-15 10:00:00+00:00,4789.99,4790.0,4787.61,4787.61,2.7604,2026,4,15
2026-04-15 10:05:00+00:00,4787.61,4792.72,4787.61,4792.63,6.6415,2026,4,15
2026-04-15 10:10:00+00:00,4792.75,4796.45,4792.53,4792.89,21.8416,2026,4,15
2026-04-15 10:15:00+00:00,4792.68,4792.88,4786.68,4787.3,10.5188,2026,4,15
2026-04-15 10:20:00+00:00,4787.42,4789.33,4784.6,4786.47,5.1336,2026,4,15
2026-04-15 10:25:00+00:00,4786.28,4786.47,4783.14,4785.35,17.925,2026,4,15
2026-04-15 10:30:00+00:00,4785.35,4788.76,4785.35,4785.89,12.2563,2026,4,15
2026-04-15 10:35:00+00:00,4785.91,4786.86,4785.34,4786.86,18.0445,2026,4,15
2026-04-15 10:40:00+00:00,4787.05,4791.96,4787.05,4791.96,18.8643,2026,4,15
2026-04-15 10:45:00+00:00,4791.98,4796.45,4791.98,4792.03,6.5755,2026,4,15
2026-04-15 10:50:00+00:00,4792.55,4795.22,4792.49,4795.19,0.9517,2026,4,15
2026-04-15 10:55:00+00:00,4795.18,4795.21,4793.4,4793.4,7.8541,2026,4,15
2026-04-15 11:00:00+00:00,4793.32,4793.32,4789.34,4790.33,2.2298,2026,4,15
2026-04-15 11:05:00+00:00,4790.6,4792.49,4790.6,4791.8,3.9291,2026,4,15
2026-04-15 11:10:00+00:00,4791.86,4796.35,4791.86,4795.21,3.7961,2026,4,15
2026-04-15 11:15:00+00:00,4795.21,4795.98,4792.56,4795.98,41.9367,2026,4,15
2026-04-15 11:20:00+00:00,4795.98,4798.71,4795.95,4798.71,7.7746,2026,4,15
2026-04-15 11:25:00+00:00,4798.7,4798.83,4796.77,4796.8,1.7772,2026,4,15
2026-04-15 11:30:00+00:00,4796.8,4800.64,4795.42,4795.42,8.3281,2026,4,15
2026-04-15 11:35:00+00:00,4795.42,4798.7,4795.42,4797.0,1.9091,2026,4,15
2026-04-15 11:40:00+00:00,4796.99,4798.26,4795.7,4798.26,5.4676,2026,4,15
2026-04-15 11:45:00+00:00,4798.25,4804.54,4796.56,4801.25,26.0134,2026,4,15
2026-04-15 11:50:00+00:00,4801.3,4806.0,4801.3,4805.99,3.871,2026,4,15
2026-04-15 11:55:00+00:00,4805.99,4806.66,4803.0,4805.28,5.2703,2026,4,15
2026-04-15 12:00:00+00:00,4805.28,4805.77,4801.49,4801.69,6.5129,2026,4,15
2026-04-15 12:05:00+00:00,4802.07,4804.52,4800.0,4804.52,3.6791,2026,4,15
2026-04-15 12:10:00+00:00,4804.53,4805.86,4803.4,4805.79,3.2804,2026,4,15
2026-04-15 12:15:00+00:00,4805.86,4808.01,4804.46,4806.81,4.7407,2026,4,15
2026-04-15 12:20:00+00:00,4806.62,4806.62,4802.9,4805.47,3.381,2026,4,15
2026-04-15 12:25:00+00:00,4805.49,4807.0,4803.96,4804.53,8.5116,2026,4,15
2026-04-15 12:30:00+00:00,4804.32,4807.94,4804.17,4806.81,4.0721,2026,4,15
2026-04-15 12:35:00+00:00,4806.62,4806.62,4803.65,4806.14,3.4354,2026,4,15
2026-04-15 12:40:00+00:00,4806.24,4806.43,4803.48,4804.42,3.7628,2026,4,15
2026-04-15 12:45:00+00:00,4804.42,4804.63,4802.02,4803.38,3.7044,2026,4,15
2026-04-15 12:50:00+00:00,4803.39,4805.1,4803.29,4805.09,7.7006,2026,4,15
2026-04-15 12:55:00+00:00,4805.09,4806.88,4804.02,4804.53,1.0809,2026,4,15
2026-04-15 13:00:00+00:00,4804.51,4807.81,4802.45,4805.09,2.2063,2026,4,15
2026-04-15 13:05:00+00:00,4805.09,4808.15,4804.16,4806.82,4.9083,2026,4,15
2026-04-15 13:10:00+00:00,4806.96,4807.57,4805.48,4807.57,2.5044,2026,4,15
2026-04-15 13:15:00+00:00,4807.21,4807.21,4804.54,4806.78,2.7506,2026,4,15
2026-04-15 13:20:00+00:00,4806.81,4811.55,4806.81,4809.66,4.9082,2026,4,15
2026-04-15 13:25:00+00:00,4809.66,4814.18,4809.66,4814.17,8.3087,2026,4,15
2026-04-15 13:30:00+00:00,4814.18,4814.22,4809.74,4811.93,10.8067,2026,4,15
2026-04-15 13:35:00+00:00,4811.65,4816.73,4809.27,4815.56,10.5282,2026,4,15
2026-04-15 13:40:00+00:00,4815.73,4816.88,4812.13,4812.89,16.6456,2026,4,15
2026-04-15 13:45:00+00:00,4812.71,4817.24,4812.71,4816.6,15.6163,2026,4,15
2026-04-15 13:50:00+00:00,4816.68,4818.77,4815.17,4817.63,5.6314,2026,4,15
2026-04-15 13:55:00+00:00,4817.63,4821.5,4817.63,4821.5,41.2732,2026,4,15
2026-04-15 14:00:00+00:00,4821.5,4822.05,4815.01,4819.19,59.2099,2026,4,15
2026-04-15 14:05:00+00:00,4819.19,4820.29,4818.21,4818.96,2.511,2026,4,15
2026-04-15 14:10:00+00:00,4818.89,4821.51,4818.41,4821.51,6.4615,2026,4,15
2026-04-15 14:15:00+00:00,4821.62,4823.0,4818.31,4818.78,27.1574,2026,4,15
2026-04-15 14:20:00+00:00,4818.74,4819.92,4817.64,4819.89,8.0369,2026,4,15
2026-04-15 14:25:00+00:00,4819.35,4819.35,4815.17,4817.25,16.9235,2026,4,15
2026-04-15 14:30:00+00:00,4817.25,4817.25,4809.85,4810.38,9.3381,2026,4,15
2026-04-15 14:35:00+00:00,4810.38,4813.25,4807.45,4808.19,12.7635,2026,4,15
2026-04-15 14:40:00+00:00,4808.19,4812.32,4808.19,4810.42,3.5427,2026,4,15
2026-04-15 14:45:00+00:00,4810.61,4810.62,4805.86,4807.09,135.4461,2026,4,15
2026-04-15 14:50:00+00:00,4807.08,4808.18,4805.29,4806.04,93.1298,2026,4,15
2026-04-15 14:55:00+00:00,4806.05,4808.18,4806.04,4806.63,10.2876,2026,4,15
2026-04-15 15:00:00+00:00,4806.63,4807.36,4801.02,4802.06,18.0917,2026,4,15
2026-04-15 15:05:00+00:00,4802.24,4802.24,4792.81,4799.4,24.8685,2026,4,15
2026-04-15 15:10:00+00:00,4799.41,4803.2,4797.88,4801.3,23.3354,2026,4,15
2026-04-15 15:15:00+00:00,4801.3,4801.98,4796.18,4800.84,7.1918,2026,4,15
2026-04-15 15:20:00+00:00,4801.1,4801.1,4795.5,4796.37,6.5408,2026,4,15
2026-04-15 15:25:00+00:00,4796.73,4797.49,4790.24,4790.47,15.0572,2026,4,15
2026-04-15 15:30:00+00:00,4790.28,4791.03,4782.0,4788.41,294.6898,2026,4,15
2026-04-15 15:35:00+00:00,4788.76,4796.66,4788.38,4793.38,49.0947,2026,4,15
2026-04-15 15:40:00+00:00,4793.32,4797.57,4793.32,4795.79,8.551,2026,4,15
2026-04-15 15:45:00+00:00,4795.6,4798.69,4794.45,4795.52,32.8368,2026,4,15
2026-04-15 15:50:00+00:00,4795.41,4798.28,4795.41,4797.89,4.1071,2026,4,15
2026-04-15 15:55:00+00:00,4797.88,4797.89,4792.75,4794.47,4.7955,2026,4,15
2026-04-15 16:00:00+00:00,4794.47,4798.64,4793.33,4797.01,5.7525,2026,4,15
2026-04-15 16:05:00+00:00,4797.01,4799.22,4796.04,4798.45,9.4541,2026,4,15
2026-04-15 16:10:00+00:00,4798.64,4801.47,4798.64,4800.2,17.7935,2026,4,15
2026-04-15 16:15:00+00:00,4800.19,4801.85,4798.26,4799.03,6.1317,2026,4,15
2026-04-15 16:20:00+00:00,4799.03,4801.87,4799.03,4800.72,8.8646,2026,4,15
2026-04-15 16:25:00+00:00,4800.72,4802.99,4799.71,4801.94,6.5022,2026,4,15
2026-04-15 16:30:00+00:00,4801.94,4802.62,4800.29,4801.3,1.6197,2026,4,15
2026-04-15 16:35:00+00:00,4801.3,4803.19,4800.06,4800.06,2.8082,2026,4,15
2026-04-15 16:40:00+00:00,4800.06,4800.53,4796.56,4797.02,2.8976,2026,4,15
2026-04-15 16:45:00+00:00,4796.93,4798.66,4795.99,4797.69,6.9394,2026,4,15
2026-04-15 16:50:00+00:00,4797.86,4798.63,4792.19,4793.69,11.1739,2026,4,15
2026-04-15 16:55:00+00:00,4793.69,4796.73,4793.69,4796.17,2.3557,2026,4,15
2026-04-15 17:00:00+00:00,4796.18,4796.35,4793.41,4793.41,3.0133,2026,4,15
2026-04-15 17:05:00+00:00,4793.42,4793.69,4791.63,4793.69,7.8172,2026,4,15
2026-04-15 17:10:00+00:00,4793.7,4793.88,4789.73,4789.73,8.0821,2026,4,15
2026-04-15 17:15:00+00:00,4789.73,4792.69,4789.73,4792.19,3.4551,2026,4,15
2026-04-15 17:20:00+00:00,4792.37,4797.69,4792.37,4797.68,3.0601,2026,4,15
2026-04-15 17:25:00+00:00,4797.68,4799.2,4792.57,4793.12,9.332,2026,4,15
2026-04-15 17:30:00+00:00,4793.13,4793.88,4790.28,4791.99,10.6346,2026,4,15
2026-04-15 17:35:00+00:00,4792.18,4793.5,4790.13,4790.13,2.0342,2026,4,15
2026-04-15 17:40:00+00:00,4790.09,4790.09,4785.31,4786.28,5.2916,2026,4,15
2026-04-15 17:45:00+00:00,4786.48,4787.99,4786.01,4787.75,4.6528,2026,4,15
2026-04-15 17:50:00+00:00,4787.75,4787.76,4784.04,4786.48,8.8481,2026,4,15
2026-04-15 17:55:00+00:00,4786.47,4788.17,4785.16,4785.16,3.9553,2026,4,15
2026-04-15 18:00:00+00:00,4785.71,4793.03,4784.0,4789.53,10.8106,2026,4,15
2026-04-15 18:05:00+00:00,4789.8,4790.11,4785.72,4785.92,4.1989,2026,4,15
2026-04-15 18:10:00+00:00,4786.29,4789.13,4786.1,4789.13,2.5009,2026,4,15
2026-04-15 18:15:00+00:00,4789.13,4790.27,4787.8,4788.01,3.5773,2026,4,15
2026-04-15 18:20:00+00:00,4788.01,4788.76,4786.87,4787.9,1.5239,2026,4,15
2026-04-15 18:25:00+00:00,4787.89,4787.89,4785.89,4787.41,2.3861,2026,4,15
2026-04-15 18:30:00+00:00,4787.41,4790.46,4787.41,4790.46,2.2011,2026,4,15
2026-04-15 18:35:00+00:00,4790.45,4790.45,4788.38,4789.77,1.7239,2026,4,15
2026-04-15 18:40:00+00:00,4789.76,4789.76,4787.46,4788.96,1.6008,2026,4,15
2026-04-15 18:45:00+00:00,4789.14,4792.68,4789.14,4791.66,12.319,2026,4,15
2026-04-15 18:50:00+00:00,4791.9,4794.64,4790.65,4790.65,7.5104,2026,4,15
2026-04-15 18:55:00+00:00,4790.65,4793.82,4790.65,4792.6,31.3044,2026,4,15
2026-04-15 19:00:00+00:00,4792.59,4794.08,4791.86,4794.08,5.0422,2026,4,15
2026-04-15 19:05:00+00:00,4794.27,4795.87,4793.39,4794.64,2.3213,2026,4,15
2026-04-15 19:10:00+00:00,4794.65,4795.02,4792.18,4792.18,0.7104,2026,4,15
2026-04-15 19:15:00+00:00,4792.18,4793.32,4791.04,4793.32,2.4524,2026,4,15
2026-04-15 19:20:00+00:00,4793.51,4794.64,4793.14,4794.11,1.9678,2026,4,15
2026-04-15 19:25:00+00:00,4794.1,4795.39,4793.75,4795.31,4.1545,2026,4,15
2026-04-15 19:30:00+00:00,4795.3,4795.3,4793.7,4794.65,2.2958,2026,4,15
2026-04-15 19:35:00+00:00,4794.63,4794.64,4792.0,4792.0,9.7128,2026,4,15
2026-04-15 19:40:00+00:00,4792.0,4792.0,4788.36,4789.78,12.7266,2026,4,15
2026-04-15 19:45:00+00:00,4789.79,4791.41,4789.14,4790.86,1.373,2026,4,15
2026-04-15 19:50:00+00:00,4790.86,4792.56,4790.09,4791.42,5.8771,2026,4,15
2026-04-15 19:55:00+00:00,4791.61,4791.61,4787.9,4787.91,8.3479,2026,4,15
2026-04-15 20:00:00+00:00,4787.91,4788.57,4786.03,4786.18,6.0679,2026,4,15
2026-04-15 20:05:00+00:00,4786.18,4786.25,4785.19,4786.1,7.2283,2026,4,15
2026-04-15 20:10:00+00:00,4786.19,4786.19,4784.94,4785.34,13.7441,2026,4,15
2026-04-15 20:15:00+00:00,4785.52,4785.83,4783.2,4784.2,394.7405,2026,4,15
2026-04-15 20:20:00+00:00,4784.2,4785.69,4784.2,4784.77,6.6688,2026,4,15
2026-04-15 20:25:00+00:00,4784.58,4784.59,4784.2,4784.39,2.1806,2026,4,15
2026-04-15 20:30:00+00:00,4784.39,4784.39,4783.2,4783.62,3.8749,2026,4,15
2026-04-15 20:35:00+00:00,4783.82,4783.82,4783.13,4783.14,7.2312,2026,4,15
2026-04-15 20:40:00+00:00,4783.14,4784.4,4783.14,4783.6,12.2784,2026,4,15
2026-04-15 20:45:00+00:00,4783.48,4785.15,4782.0,4782.1,62.8503,2026,4,15
2026-04-15 20:50:00+00:00,4782.1,4782.45,4780.3,4780.78,58.9009,2026,4,15
2026-04-15 20:55:00+00:00,4780.91,4782.86,4780.91,4782.71,3.5791,2026,4,15
2026-04-15 21:00:00+00:00,4782.71,4782.87,4782.71,4782.86,0.7266,2026,4,15
2026-04-15 21:05:00+00:00,4782.86,4782.87,4782.05,4782.35,4.1533,2026,4,15
2026-04-15 21:10:00+00:00,4782.35,4783.13,4782.35,4782.81,6.7757,2026,4,15
2026-04-15 21:15:00+00:00,4782.69,4784.49,4782.5,4784.49,4.4181,2026,4,15
2026-04-15 21:20:00+00:00,4784.1,4792.45,4784.1,4786.43,41.0516,2026,4,15
2026-04-15 21:25:00+00:00,4786.43,4788.03,4783.57,4784.03,10.4893,2026,4,15
2026-04-15 21:30:00+00:00,4784.03,4784.03,4783.28,4783.96,4.2391,2026,4,15
2026-04-15 21:35:00+00:00,4783.97,4783.97,4781.48,4781.48,6.0727,2026,4,15
2026-04-15 21:40:00+00:00,4781.48,4781.48,4779.44,4779.53,17.4509,2026,4,15
2026-04-15 21:45:00+00:00,4779.53,4783.24,4779.52,4783.23,2.9039,2026,4,15
2026-04-15 21:50:00+00:00,4783.45,4784.69,4783.45,4784.69,0.2724,2026,4,15
2026-04-15 21:55:00+00:00,4784.78,4787.85,4784.78,4786.1,10.834,2026,4,15
2026-04-15 22:00:00+00:00,4785.88,4789.63,4785.88,4789.62,8.6846,2026,4,15
2026-04-15 22:05:00+00:00,4789.62,4789.62,4785.89,4786.55,9.4391,2026,4,15
2026-04-15 22:10:00+00:00,4786.55,4786.95,4783.03,4783.93,9.0641,2026,4,15
2026-04-15 22:15:00+00:00,4783.93,4788.08,4783.93,4788.07,4.3138,2026,4,15
2026-04-15 22:20:00+00:00,4788.08,4792.04,4788.08,4792.04,6.6838,2026,4,15
2026-04-15 22:25:00+00:00,4792.04,4792.04,4790.0,4790.94,6.4905,2026,4,15
2026-04-15 22:30:00+00:00,4791.16,4792.92,4791.16,4791.67,5.4127,2026,4,15
2026-04-15 22:35:00+00:00,4791.69,4793.0,4790.54,4792.99,9.4029,2026,4,15
2026-04-15 22:40:00+00:00,4792.99,4792.99,4784.58,4789.92,482.9543,2026,4,15
2026-04-15 22:45:00+00:00,4789.92,4794.01,4789.91,4792.71,35.5546,2026,4,15
2026-04-15 22:50:00+00:00,4792.7,4799.51,4792.7,4799.44,71.002,2026,4,15
2026-04-15 22:55:00+00:00,4799.43,4799.51,4797.1,4797.11,17.9723,2026,4,15
2026-04-15 23:00:00+00:00,4797.1,4798.96,4797.1,4798.23,13.9505,2026,4,15
2026-04-15 23:05:00+00:00,4798.22,4798.42,4797.77,4798.41,10.3513,2026,4,15
2026-04-15 23:10:00+00:00,4798.41,4800.16,4797.76,4800.16,15.4187,2026,4,15
2026-04-15 23:15:00+00:00,4800.16,4801.8,4800.15,4801.48,34.9906,2026,4,15
2026-04-15 23:20:00+00:00,4801.48,4804.0,4801.47,4803.26,10.7529,2026,4,15
2026-04-15 23:25:00+00:00,4803.27,4803.27,4802.38,4802.71,7.3235,2026,4,15
2026-04-15 23:30:00+00:00,4802.71,4808.0,4802.7,4808.0,53.1754,2026,4,15
2026-04-15 23:35:00+00:00,4807.99,4810.51,4807.88,4810.28,20.6293,2026,4,15
2026-04-15 23:40:00+00:00,4810.02,4812.27,4809.45,4811.62,13.9964,2026,4,15
2026-04-15 23:45:00+00:00,4811.92,4814.21,4811.91,4813.0,13.3757,2026,4,15
2026-04-15 23:50:00+00:00,4813.0,4813.39,4811.54,4811.54,16.6156,2026,4,15
2026-04-15 23:55:00+00:00,4811.54,4812.05,4810.74,4810.84,13.2674,2026,4,15
2026-04-16 00:00:00+00:00,4810.85,4819.27,4810.85,4817.1,29.7274,2026,4,16
2026-04-16 00:05:00+00:00,4817.11,4819.57,4817.11,4818.85,10.7913,2026,4,16
2026-04-16 00:10:00+00:00,4818.84,4819.55,4818.1,4818.22,12.9965,2026,4,16
2026-04-16 00:15:00+00:00,4818.22,4819.33,4817.2,4817.87,10.9834,2026,4,16
2026-04-16 00:20:00+00:00,4817.87,4817.87,4813.27,4815.05,36.6492,2026,4,16
2026-04-16 00:25:00+00:00,4815.14,4816.46,4811.07,4812.96,48.0564,2026,4,16
2026-04-16 00:30:00+00:00,4813.0,4815.17,4809.62,4810.29,56.7482,2026,4,16
2026-04-16 00:35:00+00:00,4810.29,4816.95,4809.55,4816.0,60.0265,2026,4,16
2026-04-16 00:40:00+00:00,4815.99,4824.21,4815.99,4820.42,94.9378,2026,4,16
2026-04-16 00:45:00+00:00,4820.43,4822.62,4819.31,4822.62,20.2966,2026,4,16
2026-04-16 00:50:00+00:00,4822.62,4824.43,4821.74,4821.74,22.882,2026,4,16
2026-04-16 00:55:00+00:00,4821.74,4822.0,4820.47,4820.74,20.4412,2026,4,16
2026-04-16 01:00:00+00:00,4820.74,4823.7,4817.87,4818.88,40.2411,2026,4,16
2026-04-16 01:05:00+00:00,4818.88,4819.84,4817.56,4819.41,16.3969,2026,4,16
2026-04-16 01:10:00+00:00,4819.42,4820.4,4818.12,4818.88,10.5777,2026,4,16
2026-04-16 01:15:00+00:00,4818.66,4818.75,4812.94,4814.04,16.3859,2026,4,16
2026-04-16 01:20:00+00:00,4814.04,4816.45,4813.82,4813.82,21.191,2026,4,16
2026-04-16 01:25:00+00:00,4813.6,4813.6,4810.56,4811.55,13.7957,2026,4,16
2026-04-16 01:30:00+00:00,4811.55,4812.72,4809.89,4810.31,11.1222,2026,4,16
2026-04-16 01:35:00+00:00,4810.31,4810.32,4802.6,4802.6,19.1885,2026,4,16
2026-04-16 01:40:00+00:00,4802.6,4806.12,4800.4,4805.02,32.2147,2026,4,16
2026-04-16 01:45:00+00:00,4804.8,4809.84,4804.58,4807.88,28.0338,2026,4,16
2026-04-16 01:50:00+00:00,4808.11,4809.2,4806.35,4808.32,18.0364,2026,4,16
2026-04-16 01:55:00+00:00,4808.32,4808.32,4805.69,4805.69,9.7736,2026,4,16
2026-04-16 02:00:00+00:00,4805.7,4808.76,4805.7,4808.53,18.7427,2026,4,16
2026-04-16 02:05:00+00:00,4808.52,4810.4,4808.19,4809.87,10.1632,2026,4,16
2026-04-16 02:10:00+00:00,4809.87,4811.83,4809.23,4809.23,14.8682,2026,4,16
2026-04-16 02:15:00+00:00,4809.23,4809.47,4807.22,4809.34,18.0358,2026,4,16
2026-04-16 02:20:00+00:00,4809.55,4810.47,4805.16,4808.97,103.131,2026,4,16
2026-04-16 02:25:00+00:00,4808.97,4808.98,4806.33,4806.34,27.878,2026,4,16
2026-04-16 02:30:00+00:00,4806.34,4808.49,4802.17,4802.17,33.636,2026,4,16
2026-04-16 02:35:00+00:00,4802.24,4804.35,4801.06,4804.35,13.2927,2026,4,16
2026-04-16 02:40:00+00:00,4804.35,4806.12,4804.35,4804.6,9.8011,2026,4,16
2026-04-16 02:45:00+00:00,4804.59,4807.4,4803.27,4804.39,16.0591,2026,4,16
2026-04-16 02:50:00+00:00,4804.4,4807.65,4804.39,4805.9,16.5775,2026,4,16
2026-04-16 02:55:00+00:00,4805.91,4807.81,4805.91,4807.26,14.5644,2026,4,16
2026-04-16 03:00:00+00:00,4807.26,4810.29,4807.26,4810.27,9.8794,2026,4,16
2026-04-16 03:05:00+00:00,4809.88,4815.62,4809.88,4813.43,98.3045,2026,4,16
2026-04-16 03:10:00+00:00,4813.44,4814.7,4813.44,4813.96,12.4323,2026,4,16
2026-04-16 03:15:00+00:00,4813.97,4814.48,4811.56,4812.05,9.7417,2026,4,16
2026-04-16 03:20:00+00:00,4812.05,4812.42,4810.89,4811.84,10.1147,2026,4,16
2026-04-16 03:25:00+00:00,4812.05,4812.96,4810.97,4811.27,11.6049,2026,4,16
2026-04-16 03:30:00+00:00,4811.28,4813.08,4810.96,4810.96,18.5602,2026,4,16
2026-04-16 03:35:00+00:00,4811.06,4811.07,4807.48,4807.48,15.8421,2026,4,16
2026-04-16 03:40:00+00:00,4807.45,4808.86,4807.19,4807.87,10.5584,2026,4,16
2026-04-16 03:45:00+00:00,4807.88,4812.5,4807.88,4812.49,13.0594,2026,4,16
2026-04-16 03:50:00+00:00,4812.5,4813.17,4811.22,4813.17,9.0858,2026,4,16
2026-04-16 03:55:00+00:00,4813.24,4813.8,4810.98,4810.98,9.3444,2026,4,16
2026-04-16 04:00:00+00:00,4810.99,4812.05,4810.98,4812.05,9.8755,2026,4,16
2026-04-16 04:05:00+00:00,4812.06,4812.93,4810.71,4810.71,12.0534,2026,4,16
2026-04-16 04:10:00+00:00,4810.72,4813.8,4810.17,4813.79,23.7283,2026,4,16
2026-04-16 04:15:00+00:00,4813.79,4816.43,4813.79,4814.89,13.3001,2026,4,16
2026-04-16 04:20:00+00:00,4814.89,4814.9,4814.27,4814.28,7.7798,2026,4,16
2026-04-16 04:25:00+00:00,4814.27,4814.92,4813.83,4814.48,12.6908,2026,4,16
2026-04-16 04:30:00+00:00,4814.47,4814.92,4813.55,4814.79,12.9348,2026,4,16
2026-04-16 04:35:00+00:00,4814.79,4817.76,4814.79,4817.32,10.0316,2026,4,16
2026-04-16 04:40:00+00:00,4817.13,4817.4,4815.84,4817.39,16.5902,2026,4,16
2026-04-16 04:45:00+00:00,4817.4,4817.74,4816.68,4816.8,5.7181,2026,4,16
2026-04-16 04:50:00+00:00,4816.8,4817.35,4816.8,4817.34,7.4953,2026,4,16
2026-04-16 04:55:00+00:00,4817.35,4820.32,4817.35,4820.31,3.0299,2026,4,16
2026-04-16 05:00:00+00:00,4820.32,4822.84,4820.32,4822.84,6.3262,2026,4,16
2026-04-16 05:05:00+00:00,4822.88,4825.0,4822.41,4823.26,11.2461,2026,4,16
2026-04-16 05:10:00+00:00,4823.28,4823.93,4822.35,4822.44,2.0555,2026,4,16
2026-04-16 05:15:00+00:00,4822.44,4823.72,4822.44,4823.72,1.8134,2026,4,16
2026-04-16 05:20:00+00:00,4823.71,4823.71,4821.32,4821.32,6.0094,2026,4,16
2026-04-16 05:25:00+00:00,4821.3,4821.32,4820.02,4820.86,24.506,2026,4,16
2026-04-16 05:30:00+00:00,4820.87,4821.57,4816.25,4817.12,140.2275,2026,4,16
2026-04-16 05:35:00+00:00,4816.9,4816.9,4814.05,4816.24,50.5802,2026,4,16
2026-04-16 05:40:00+00:00,4816.24,4817.11,4813.6,4814.21,4.1891,2026,4,16
2026-04-16 05:45:00+00:00,4814.21,4816.88,4814.21,4815.37,3.1419,2026,4,16
2026-04-16 05:50:00+00:00,4815.83,4817.11,4813.63,4814.48,7.9823,2026,4,16
2026-04-16 05:55:00+00:00,4814.37,4814.37,4811.0,4811.0,3.3904,2026,4,16
2026-04-16 06:00:00+00:00,4810.99,4815.9,4810.97,4812.06,5.8792,2026,4,16
2026-04-16 06:05:00+00:00,4812.06,4813.84,4811.63,4812.51,4.3108,2026,4,16
2026-04-16 06:10:00+00:00,4812.94,4813.38,4810.47,4810.95,3.2032,2026,4,16
2026-04-16 06:15:00+00:00,4811.0,4812.71,4809.51,4812.71,6.9157,2026,4,16
2026-04-16 06:20:00+00:00,4812.35,4812.35,4806.11,4807.43,2.7754,2026,4,16
2026-04-16 06:25:00+00:00,4807.44,4809.5,4803.87,4804.9,4.1981,2026,4,16
2026-04-16 06:30:00+00:00,4804.9,4808.49,4804.59,4804.59,9.2527,2026,4,16
2026-04-16 06:35:00+00:00,4805.02,4807.66,4805.02,4807.66,2.9,2026,4,16
2026-04-16 06:40:00+00:00,4807.87,4812.28,4807.66,4811.62,4.9468,2026,4,16
2026-04-16 06:45:00+00:00,4811.83,4816.46,4811.48,4816.46,2.5995,2026,4,16
2026-04-16 06:50:00+00:00,4816.45,4817.12,4814.04,4815.8,23.5397,2026,4,16
2026-04-16 06:55:00+00:00,4816.02,4817.34,4814.83,4816.03,7.9107,2026,4,16
2026-04-16 07:00:00+00:00,4816.03,4817.11,4813.39,4817.11,10.357,2026,4,16
2026-04-16 07:05:00+00:00,4817.11,4817.45,4814.54,4816.85,12.9922,2026,4,16
2026-04-16 07:10:00+00:00,4817.34,4817.99,4812.0,4812.88,3.4849,2026,4,16
2026-04-16 07:15:00+00:00,4812.72,4816.46,4810.52,4810.53,6.1787,2026,4,16
2026-04-16 07:20:00+00:00,4810.3,4812.06,4806.78,4812.06,13.9181,2026,4,16
2026-04-16 07:25:00+00:00,4812.1,4815.95,4812.1,4815.95,8.203,2026,4,16
2026-04-16 07:30:00+00:00,4815.8,4815.8,4812.73,4814.67,3.7248,2026,4,16
2026-04-16 07:35:00+00:00,4814.7,4817.07,4814.7,4816.25,8.9236,2026,4,16
2026-04-16 07:40:00+00:00,4816.24,4817.12,4814.49,4815.04,9.3667,2026,4,16
2026-04-16 07:45:00+00:00,4815.05,4815.05,4811.4,4811.4,1.3841,2026,4,16
2026-04-16 07:50:00+00:00,4811.4,4812.94,4810.53,4810.95,10.9442,2026,4,16
2026-04-16 07:55:00+00:00,4810.95,4810.95,4807.67,4808.98,18.466,2026,4,16
2026-04-16 08:00:00+00:00,4808.97,4808.98,4802.21,4803.22,36.9829,2026,4,16
2026-04-16 08:05:00+00:00,4803.21,4803.21,4797.17,4800.64,17.364,2026,4,16
2026-04-16 08:10:00+00:00,4800.19,4802.6,4799.49,4800.96,4.0159,2026,4,16
2026-04-16 08:15:00+00:00,4800.96,4803.03,4800.81,4800.81,3.2674,2026,4,16
2026-04-16 08:20:00+00:00,4800.82,4802.15,4800.4,4800.4,2.2446,2026,4,16
2026-04-16 08:25:00+00:00,4800.4,4800.83,4798.86,4800.39,41.2387,2026,4,16
2026-04-16 08:30:00+00:00,4800.33,4800.33,4797.0,4798.07,4.685,2026,4,16
2026-04-16 08:35:00+00:00,4797.98,4799.94,4797.0,4799.31,4.0925,2026,4,16
2026-04-16 08:40:00+00:00,4799.31,4801.63,4797.61,4800.62,4.2997,2026,4,16
2026-04-16 08:45:00+00:00,4800.62,4801.5,4800.0,4800.0,5.723,2026,4,16
2026-04-16 08:50:00+00:00,4800.0,4800.4,4798.7,4800.17,1.6918,2026,4,16
2026-04-16 08:55:00+00:00,4800.18,4802.57,4799.52,4802.19,3.6578,2026,4,16
2026-04-16 09:00:00+00:00,4802.59,4803.73,4801.72,4803.73,1.7894,2026,4,16
2026-04-16 09:05:00+00:00,4803.73,4805.62,4803.73,4805.62,2.8742,2026,4,16
2026-04-16 09:10:00+00:00,4805.68,4806.67,4804.8,4805.24,1.6777,2026,4,16
2026-04-16 09:15:00+00:00,4805.24,4805.24,4803.49,4804.77,3.912,2026,4,16
2026-04-16 09:20:00+00:00,4804.76,4805.61,4803.92,4803.93,4.8131,2026,4,16
2026-04-16 09:25:00+00:00,4803.92,4803.93,4800.34,4800.92,3.8402,2026,4,16
2026-04-16 09:30:00+00:00,4801.3,4801.73,4796.78,4801.29,18.6104,2026,4,16
2026-04-16 09:35:00+00:00,4800.81,4802.25,4799.38,4801.2,9.6379,2026,4,16
2026-04-16 09:40:00+00:00,4801.32,4802.58,4799.74,4802.58,13.3897,2026,4,16
2026-04-16 09:45:00+00:00,4802.75,4803.26,4801.86,4802.76,2.5489,2026,4,16
2026-04-16 09:50:00+00:00,4802.58,4802.59,4799.88,4800.95,4.2353,2026,4,16
2026-04-16 09:55:00+00:00,4800.96,4801.64,4800.24,4801.41,3.7353,2026,4,16
2026-04-16 10:00:00+00:00,4801.42,4803.29,4799.88,4801.49,4.0564,2026,4,16
2026-04-16 10:05:00+00:00,4801.5,4802.4,4801.14,4801.14,1.1341,2026,4,16
2026-04-16 10:10:00+00:00,4801.14,4801.14,4797.75,4797.76,1.3422,2026,4,16
2026-04-16 10:15:00+00:00,4797.75,4797.75,4796.0,4796.63,7.1348,2026,4,16
2026-04-16 10:20:00+00:00,4796.64,4798.06,4796.64,4797.58,1.6603,2026,4,16
2026-04-16 10:25:00+00:00,4797.58,4798.08,4796.28,4796.81,12.7219,2026,4,16
2026-04-16 10:30:00+00:00,4796.28,4796.96,4795.45,4796.95,5.8581,2026,4,16
2026-04-16 10:35:00+00:00,4796.95,4798.62,4796.95,4798.18,1.6242,2026,4,16
2026-04-16 10:40:00+00:00,4798.62,4800.06,4797.91,4797.91,6.0351,2026,4,16
2026-04-16 10:45:00+00:00,4797.91,4798.05,4796.0,4798.05,4.1059,2026,4,16
2026-04-16 10:50:00+00:00,4798.06,4799.34,4798.06,4799.34,2.2404,2026,4,16
2026-04-16 10:55:00+00:00,4799.52,4805.45,4799.52,4805.45,4.6469,2026,4,16
2026-04-16 11:00:00+00:00,4805.46,4808.16,4805.46,4808.16,4.1216,2026,4,16
2026-04-16 11:05:00+00:00,4808.34,4808.88,4806.37,4806.55,3.9538,2026,4,16
2026-04-16 11:10:00+00:00,4806.9,4807.97,4806.28,4806.28,4.8051,2026,4,16
2026-04-16 11:15:00+00:00,4806.29,4808.33,4806.29,4806.9,4.4497,2026,4,16
2026-04-16 11:20:00+00:00,4806.73,4807.27,4806.36,4807.2,3.9643,2026,4,16
2026-04-16 11:25:00+00:00,4807.19,4807.19,4804.59,4804.6,10.0734,2026,4,16
2026-04-16 11:30:00+00:00,4804.6,4808.02,4804.6,4806.91,6.938,2026,4,16
2026-04-16 11:35:00+00:00,4807.26,4808.02,4806.73,4807.62,3.0124,2026,4,16
2026-04-16 11:40:00+00:00,4807.44,4807.44,4804.92,4806.09,7.0506,2026,4,16
2026-04-16 11:45:00+00:00,4806.09,4807.08,4805.49,4806.0,4.8832,2026,4,16
2026-04-16 11:50:00+00:00,4805.83,4808.63,4805.83,4807.08,10.9255,2026,4,16
2026-04-16 11:55:00+00:00,4807.26,4810.0,4807.26,4809.99,1.4655,2026,4,16
2026-04-16 12:00:00+00:00,4810.0,4811.0,4808.12,4808.79,7.9967,2026,4,16
2026-04-16 12:05:00+00:00,4808.78,4809.85,4806.02,4806.02,19.1125,2026,4,16
2026-04-16 12:10:00+00:00,4806.02,4806.18,4801.51,4806.0,7.9556,2026,4,16
2026-04-16 12:15:00+00:00,4806.18,4807.93,4806.18,4807.43,1.1834,2026,4,16
2026-04-16 12:20:00+00:00,4807.44,4807.81,4804.56,4806.2,5.289,2026,4,16
2026-04-16 12:25:00+00:00,4806.2,4806.72,4803.63,4805.18,1.7554,2026,4,16
2026-04-16 12:30:00+00:00,4804.74,4808.0,4801.69,4807.99,3.761,2026,4,16
2026-04-16 12:35:00+00:00,4808.0,4809.83,4802.89,4803.79,12.1352,2026,4,16
2026-04-16 12:40:00+00:00,4803.84,4805.43,4802.96,4805.43,1.2154,2026,4,16
2026-04-16 12:45:00+00:00,4805.43,4805.64,4803.85,4803.85,2.7004,2026,4,16
2026-04-16 12:50:00+00:00,4803.84,4805.1,4803.84,4804.36,5.2143,2026,4,16
2026-04-16 12:55:00+00:00,4804.56,4806.53,4804.56,4805.34,10.3383,2026,4,16
2026-04-16 13:00:00+00:00,4805.29,4810.0,4805.29,4807.92,9.8728,2026,4,16
2026-04-16 13:05:00+00:00,4808.08,4809.61,4804.24,4804.74,3.5881,2026,4,16
2026-04-16 13:10:00+00:00,4804.92,4807.47,4804.21,4807.47,8.2031,2026,4,16
2026-04-16 13:15:00+00:00,4807.47,4809.22,4807.47,4807.78,3.3876,2026,4,16
2026-04-16 13:20:00+00:00,4807.92,4809.93,4806.04,4806.37,5.2546,2026,4,16
2026-04-16 13:25:00+00:00,4806.36,4807.95,4805.02,4805.02,13.0655,2026,4,16
2026-04-16 13:30:00+00:00,4805.21,4810.85,4803.12,4810.79,21.8438,2026,4,16
2026-04-16 13:35:00+00:00,4810.85,4812.29,4807.26,4809.42,6.8983,2026,4,16
2026-04-16 13:40:00+00:00,4809.6,4811.39,4803.49,4805.45,17.1705,2026,4,16
2026-04-16 13:45:00+00:00,4805.46,4808.32,4800.5,4802.94,7.4165,2026,4,16
2026-04-16 13:50:00+00:00,4803.12,4804.55,4780.01,4782.75,94.9544,2026,4,16
2026-04-16 13:55:00+00:00,4782.74,4788.48,4775.41,4784.58,68.1176,2026,4,16
2026-04-16 14:00:00+00:00,4784.75,4787.68,4779.72,4782.6,53.9043,2026,4,16
2026-04-16 14:05:00+00:00,4782.61,4791.2,4777.08,4790.35,113.5138,2026,4,16
2026-04-16 14:10:00+00:00,4790.35,4796.66,4790.35,4791.43,59.2913,2026,4,16
2026-04-16 14:15:00+00:00,4791.83,4793.6,4784.94,4785.38,24.5901,2026,4,16
2026-04-16 14:20:00+00:00,4785.38,4787.12,4782.1,4786.07,11.2491,2026,4,16
2026-04-16 14:25:00+00:00,4786.19,4789.2,4784.4,4789.07,25.9442,2026,4,16
2026-04-16 14:30:00+00:00,4789.08,4790.52,4785.88,4787.81,9.309,2026,4,16
2026-04-16 14:35:00+00:00,4787.82,4787.82,4782.0,4782.0,4.9764,2026,4,16
2026-04-16 14:40:00+00:00,4781.94,4781.94,4766.2,4778.46,132.6377,2026,4,16
2026-04-16 14:45:00+00:00,4778.63,4782.75,4777.41,4780.27,26.0835,2026,4,16
2026-04-16 14:50:00+00:00,4780.08,4782.42,4776.94,4781.03,22.5548,2026,4,16
2026-04-16 14:55:00+00:00,4781.02,4781.02,4775.95,4778.86,7.6353,2026,4,16
2026-04-16 15:00:00+00:00,4778.82,4791.96,4778.65,4790.39,111.2148,2026,4,16
2026-04-16 15:05:00+00:00,4790.39,4800.43,4788.83,4798.46,116.8005,2026,4,16
2026-04-16 15:10:00+00:00,4798.46,4801.68,4795.92,4796.46,33.4184,2026,4,16
2026-04-16 15:15:00+00:00,4797.0,4798.97,4793.04,4793.75,44.5906,2026,4,16
2026-04-16 15:20:00+00:00,4793.59,4796.1,4793.58,4795.16,6.9918,2026,4,16
2026-04-16 15:25:00+00:00,4795.03,4796.46,4791.88,4792.18,16.3047,2026,4,16
2026-04-16 15:30:00+00:00,4791.79,4794.83,4790.63,4790.89,4.2825,2026,4,16
2026-04-16 15:35:00+00:00,4790.89,4800.0,4787.78,4795.18,41.7924,2026,4,16
2026-04-16 15:40:00+00:00,4795.56,4795.56,4790.53,4792.87,3.9036,2026,4,16
2026-04-16 15:45:00+00:00,4792.86,4796.1,4791.25,4792.14,5.396,2026,4,16
2026-04-16 15:50:00+00:00,4792.32,4796.62,4792.32,4794.87,5.9788,2026,4,16
2026-04-16 15:55:00+00:00,4794.86,4798.05,4793.52,4797.0,7.7049,2026,4,16
2026-04-16 16:00:00+00:00,4796.83,4798.27,4795.74,4797.91,3.4143,2026,4,16
2026-04-16 16:05:00+00:00,4797.9,4797.9,4795.39,4795.56,33.6689,2026,4,16
2026-04-16 16:10:00+00:00,4795.38,4795.52,4792.69,4792.81,17.4601,2026,4,16
2026-04-16 16:15:00+00:00,4792.81,4793.85,4791.4,4792.86,2.4556,2026,4,16
2026-04-16 16:20:00+00:00,4792.85,4792.85,4786.1,4786.74,19.521,2026,4,16
2026-04-16 16:25:00+00:00,4786.75,4788.3,4785.85,4786.91,30.9445,2026,4,16
2026-04-16 16:30:00+00:00,4786.92,4787.8,4776.63,4782.05,35.2045,2026,4,16
2026-04-16 16:35:00+00:00,4781.88,4785.94,4781.06,4785.24,17.0287,2026,4,16
2026-04-16 16:40:00+00:00,4785.24,4785.24,4778.14,4778.48,86.283,2026,4,16
2026-04-16 16:45:00+00:00,4778.64,4779.54,4772.98,4776.02,111.869,2026,4,16
2026-04-16 16:50:00+00:00,4776.01,4780.25,4775.39,4777.16,65.2519,2026,4,16
2026-04-16 16:55:00+00:00,4777.17,4781.0,4777.17,4779.53,12.1516,2026,4,16
2026-04-16 17:00:00+00:00,4779.53,4782.24,4778.83,4780.44,19.0509,2026,4,16
2026-04-16 17:05:00+00:00,4780.45,4782.45,4778.26,4782.2,82.6005,2026,4,16
2026-04-16 17:10:00+00:00,4782.2,4782.75,4777.49,4779.12,21.4214,2026,4,16
2026-04-16 17:15:00+00:00,4779.17,4779.79,4776.85,4777.94,12.7769,2026,4,16
2026-04-16 17:20:00+00:00,4778.1,4781.09,4777.93,4780.45,7.1542,2026,4,16
2026-04-16 17:25:00+00:00,4780.46,4781.34,4773.96,4773.96,10.7616,2026,4,16
2026-04-16 17:30:00+00:00,4774.13,4777.19,4771.33,4772.17,9.6734,2026,4,16
2026-04-16 17:35:00+00:00,4772.17,4774.32,4769.21,4769.63,18.0944,2026,4,16
2026-04-16 17:40:00+00:00,4769.64,4775.4,4769.63,4775.14,38.6106,2026,4,16
2026-04-16 17:45:00+00:00,4775.14,4776.12,4772.15,4776.12,9.7131,2026,4,16
2026-04-16 17:50:00+00:00,4776.12,4776.63,4774.87,4775.41,6.7005,2026,4,16
2026-04-16 17:55:00+00:00,4775.4,4777.75,4771.44,4776.19,46.4552,2026,4,16
2026-04-16 18:00:00+00:00,4776.18,4780.44,4774.33,4778.82,14.53,2026,4,16
2026-04-16 18:05:00+00:00,4778.65,4781.44,4778.64,4779.35,19.7345,2026,4,16
2026-04-16 18:10:00+00:00,4779.37,4779.9,4777.75,4779.71,11.6551,2026,4,16
2026-04-16 18:15:00+00:00,4779.71,4780.43,4778.65,4779.73,7.588,2026,4,16
2026-04-16 18:20:00+00:00,4779.72,4782.0,4779.0,4779.01,5.8292,2026,4,16
2026-04-16 18:25:00+00:00,4779.04,4779.54,4775.61,4775.61,13.0651,2026,4,16
2026-04-16 18:30:00+00:00,4775.61,4778.1,4775.61,4778.01,11.9626,2026,4,16
2026-04-16 18:35:00+00:00,4778.01,4778.41,4776.53,4777.56,35.849,2026,4,16
2026-04-16 18:40:00+00:00,4777.56,4779.0,4777.56,4778.1,3.8592,2026,4,16
2026-04-16 18:45:00+00:00,4778.1,4779.51,4777.77,4778.62,24.2962,2026,4,16
2026-04-16 18:50:00+00:00,4778.62,4780.62,4777.57,4779.19,21.9194,2026,4,16
2026-04-16 18:55:00+00:00,4779.18,4779.19,4777.54,4778.44,13.9316,2026,4,16
2026-04-16 19:00:00+00:00,4778.45,4782.78,4778.45,4782.06,8.3487,2026,4,16
2026-04-16 19:05:00+00:00,4781.88,4782.77,4781.34,4782.25,20.7858,2026,4,16
2026-04-16 19:10:00+00:00,4782.24,4782.24,4779.01,4779.01,0.7406,2026,4,16
2026-04-16 19:15:00+00:00,4779.01,4781.3,4779.01,4781.3,1.696,2026,4,16
2026-04-16 19:20:00+00:00,4781.33,4782.05,4780.64,4780.83,2.5483,2026,4,16
2026-04-16 19:25:00+00:00,4780.83,4781.74,4780.62,4780.62,5.1613,2026,4,16
2026-04-16 19:30:00+00:00,4780.45,4782.56,4779.77,4780.67,19.5002,2026,4,16
2026-04-16 19:35:00+00:00,4780.68,4781.73,4780.09,4781.73,2.5252,2026,4,16
2026-04-16 19:40:00+00:00,4781.73,4785.9,4781.73,4785.63,3.9922,2026,4,16
2026-04-16 19:45:00+00:00,4785.89,4787.08,4783.51,4783.51,9.0988,2026,4,16
2026-04-16 19:50:00+00:00,4783.5,4783.5,4781.71,4782.6,10.5657,2026,4,16
2026-04-16 19:55:00+00:00,4782.73,4784.55,4782.61,4782.61,2.1925,2026,4,16
2026-04-16 20:00:00+00:00,4782.61,4782.61,4780.77,4781.29,5.3777,2026,4,16
2026-04-16 20:05:00+00:00,4781.16,4781.16,4780.0,4780.01,2.897,2026,4,16
2026-04-16 20:10:00+00:00,4780.01,4780.01,4779.02,4779.02,1.0927,2026,4,16
2026-04-16 20:15:00+00:00,4779.02,4779.15,4778.9,4779.14,5.7508,2026,4,16
2026-04-16 20:20:00+00:00,4779.14,4779.15,4777.06,4777.06,2.153,2026,4,16
2026-04-16 20:25:00+00:00,4777.06,4777.06,4776.41,4776.42,10.0477,2026,4,16
2026-04-16 20:30:00+00:00,4776.42,4777.36,4775.0,4775.0,3.1836,2026,4,16
2026-04-16 20:35:00+00:00,4775.0,4777.38,4775.0,4777.38,2.1765,2026,4,16
2026-04-16 20:40:00+00:00,4777.55,4777.56,4776.39,4777.17,2.1301,2026,4,16
2026-04-16 20:45:00+00:00,4777.17,4779.98,4777.17,4779.83,2.3998,2026,4,16
2026-04-16 20:50:00+00:00,4779.84,4779.84,4776.81,4778.44,5.8302,2026,4,16
2026-04-16 20:55:00+00:00,4778.46,4779.61,4777.49,4778.9,24.8008,2026,4,16
2026-04-16 21:00:00+00:00,4778.89,4778.9,4778.08,4778.11,4.7746,2026,4,16
2026-04-16 21:05:00+00:00,4778.11,4778.91,4778.11,4778.91,2.1133,2026,4,16
2026-04-16 21:10:00+00:00,4778.91,4778.91,4747.2,4770.9,813.5625,2026,4,16
2026-04-16 21:15:00+00:00,4770.89,4775.67,4750.42,4774.98,937.8344,2026,4,16
2026-04-16 21:20:00+00:00,4774.9,4777.58,4766.05,4766.68,61.7515,2026,4,16
2026-04-16 21:25:00+00:00,4766.33,4767.18,4766.32,4766.79,27.699,2026,4,16
2026-04-16 21:30:00+00:00,4766.8,4766.84,4766.79,4766.83,3.0439,2026,4,16
2026-04-16 21:35:00+00:00,4766.84,4768.56,4766.83,4768.55,12.6887,2026,4,16
2026-04-16 21:40:00+00:00,4768.56,4769.93,4768.56,4769.86,12.9925,2026,4,16
2026-04-16 21:45:00+00:00,4769.86,4769.87,4769.86,4769.86,4.0446,2026,4,16
2026-04-16 21:50:00+00:00,4769.87,4771.42,4769.87,4771.42,6.1654,2026,4,16
2026-04-16 21:55:00+00:00,4771.42,4772.65,4771.41,4772.64,4.5521,2026,4,16
2026-04-16 22:00:00+00:00,4772.46,4779.73,4772.46,4779.68,47.942,2026,4,16
2026-04-16 22:05:00+00:00,4779.68,4781.91,4778.77,4779.51,7.9805,2026,4,16
2026-04-16 22:10:00+00:00,4779.6,4781.2,4779.6,4780.69,3.6751,2026,4,16
2026-04-16 22:15:00+00:00,4780.7,4782.0,4778.97,4778.97,26.2703,2026,4,16
2026-04-16 22:20:00+00:00,4778.76,4779.19,4778.13,4779.19,0.2735,2026,4,16
2026-04-16 22:25:00+00:00,4779.24,4780.57,4779.24,4780.31,0.7157,2026,4,16
2026-04-16 22:30:00+00:00,4780.31,4780.96,4777.29,4780.84,35.9149,2026,4,16
2026-04-16 22:35:00+00:00,4780.76,4780.86,4780.02,4780.02,0.1217,2026,4,16
2026-04-16 22:40:00+00:00,4780.02,4782.27,4779.19,4782.27,10.8085,2026,4,16
2026-04-16 22:45:00+00:00,4782.25,4783.44,4781.71,4782.17,10.8445,2026,4,16
2026-04-16 22:50:00+00:00,4782.13,4782.54,4782.1,4782.54,3.7494,2026,4,16
2026-04-16 22:55:00+00:00,4782.1,4782.54,4782.1,4782.22,0.2448,2026,4,16
2026-04-16 23:00:00+00:00,4782.21,4782.21,4780.44,4780.45,0.8727,2026,4,16
2026-04-16 23:05:00+00:00,4780.45,4781.28,4780.44,4780.44,3.3512,2026,4,16
2026-04-16 23:10:00+00:00,4780.45,4780.45,4779.4,4779.4,1.0715,2026,4,16
2026-04-16 23:15:00+00:00,4779.39,4781.06,4778.39,4780.87,11.906,2026,4,16
2026-04-16 23:20:00+00:00,4780.88,4782.31,4780.87,4782.3,0.8417,2026,4,16
2026-04-16 23:25:00+00:00,4781.91,4782.22,4780.34,4780.34,16.3826,2026,4,16
2026-04-16 23:30:00+00:00,4780.33,4780.65,4779.19,4780.64,4.9507,2026,4,16
2026-04-16 23:35:00+00:00,4780.6,4781.49,4780.6,4781.09,7.8689,2026,4,16
2026-04-16 23:40:00+00:00,4781.08,4781.08,4780.13,4780.97,11.7883,2026,4,16
2026-04-16 23:45:00+00:00,4780.97,4780.98,4774.56,4777.24,626.2184,2026,4,16
2026-04-16 23:50:00+00:00,4777.24,4778.12,4776.91,4776.96,36.3214,2026,4,16
2026-04-16 23:55:00+00:00,4776.96,4777.12,4775.61,4775.61,31.1154,2026,4,16
2026-04-17 00:00:00+00:00,4775.4,4775.4,4771.88,4772.14,25.4649,2026,4,17
2026-04-17 00:05:00+00:00,4771.88,4773.03,4769.52,4773.03,16.139,2026,4,17
2026-04-17 00:10:00+00:00,4773.03,4774.49,4771.19,4772.99,3.4243,2026,4,17
2026-04-17 00:15:00+00:00,4772.99,4774.56,4770.58,4774.56,7.3353,2026,4,17
2026-04-17 00:20:00+00:00,4773.94,4774.54,4772.88,4772.88,17.9163,2026,4,17
2026-04-17 00:25:00+00:00,4772.67,4774.98,4772.26,4774.59,15.7111,2026,4,17
2026-04-17 00:30:00+00:00,4774.59,4779.81,4774.59,4778.34,454.5848,2026,4,17
2026-04-17 00:35:00+00:00,4778.35,4778.97,4777.72,4778.34,17.0565,2026,4,17
2026-04-17 00:40:00+00:00,4778.13,4780.34,4777.08,4780.34,8.5044,2026,4,17
2026-04-17 00:45:00+00:00,4780.44,4783.59,4780.44,4782.22,14.3385,2026,4,17
2026-04-17 00:50:00+00:00,4782.21,4782.21,4778.55,4778.55,5.0503,2026,4,17
2026-04-17 00:55:00+00:00,4778.35,4778.73,4777.18,4777.92,3.1095,2026,4,17
2026-04-17 01:00:00+00:00,4778.05,4778.05,4771.63,4772.68,13.8555,2026,4,17
2026-04-17 01:05:00+00:00,4772.88,4772.88,4767.7,4767.7,106.5155,2026,4,17
2026-04-17 01:10:00+00:00,4767.64,4768.86,4754.19,4763.86,73.0588,2026,4,17
2026-04-17 01:15:00+00:00,4763.86,4768.96,4763.23,4765.74,15.6179,2026,4,17
2026-04-17 01:20:00+00:00,4766.16,4767.21,4756.5,4757.98,9.7046,2026,4,17
2026-04-17 01:25:00+00:00,4757.98,4761.36,4753.34,4754.2,51.5636,2026,4,17
2026-04-17 01:30:00+00:00,4754.2,4760.69,4753.78,4759.28,33.7486,2026,4,17
2026-04-17 01:35:00+00:00,4759.44,4761.75,4759.03,4759.03,16.3956,2026,4,17
2026-04-17 01:40:00+00:00,4759.03,4761.75,4757.14,4761.75,62.0438,2026,4,17
2026-04-17 01:45:00+00:00,4761.96,4763.51,4760.29,4761.96,11.6783,2026,4,17
2026-04-17 01:50:00+00:00,4761.76,4769.14,4761.76,4768.68,20.3303,2026,4,17
2026-04-17 01:55:00+00:00,4768.68,4772.54,4768.68,4772.04,17.6659,2026,4,17
2026-04-17 02:00:00+00:00,4772.04,4772.76,4771.2,4772.64,101.3081,2026,4,17
2026-04-17 02:05:00+00:00,4772.65,4774.79,4771.2,4771.21,302.0388,2026,4,17
2026-04-17 02:10:00+00:00,4771.21,4772.25,4770.57,4772.25,4.6118,2026,4,17
2026-04-17 02:15:00+00:00,4772.44,4772.99,4770.15,4770.78,4.282,2026,4,17
2026-04-17 02:20:00+00:00,4770.79,4772.46,4769.21,4771.21,93.1547,2026,4,17
2026-04-17 02:25:00+00:00,4771.2,4771.88,4770.16,4770.78,5.9825,2026,4,17
2026-04-17 02:30:00+00:00,4770.57,4774.14,4770.15,4772.89,4.8623,2026,4,17
2026-04-17 02:35:00+00:00,4773.31,4775.82,4772.68,4775.2,3.1508,2026,4,17
2026-04-17 02:40:00+00:00,4775.2,4775.82,4773.94,4773.94,3.2563,2026,4,17
2026-04-17 02:45:00+00:00,4773.93,4775.04,4772.67,4772.67,2.7337,2026,4,17
2026-04-17 02:50:00+00:00,4772.46,4772.46,4770.78,4770.78,3.8399,2026,4,17
2026-04-17 02:55:00+00:00,4770.58,4770.95,4767.08,4767.35,3.9164,2026,4,17
2026-04-17 03:00:00+00:00,4767.35,4773.5,4767.35,4773.5,8.05,2026,4,17
2026-04-17 03:05:00+00:00,4773.51,4778.18,4773.51,4777.7,13.4173,2026,4,17
2026-04-17 03:10:00+00:00,4777.49,4777.49,4775.4,4777.29,11.119,2026,4,17
2026-04-17 03:15:00+00:00,4777.39,4778.9,4776.66,4778.34,4.1137,2026,4,17
2026-04-17 03:20:00+00:00,4778.55,4778.76,4776.25,4777.7,6.2996,2026,4,17
2026-04-17 03:25:00+00:00,4777.71,4777.71,4775.41,4776.02,3.033,2026,4,17
2026-04-17 03:30:00+00:00,4776.03,4776.24,4774.64,4775.05,0.543,2026,4,17
2026-04-17 03:35:00+00:00,4775.19,4775.4,4772.76,4773.93,9.9167,2026,4,17
2026-04-17 03:40:00+00:00,4773.93,4776.24,4773.92,4776.24,13.9173,2026,4,17
2026-04-17 03:45:00+00:00,4776.24,4777.42,4776.24,4777.42,6.3182,2026,4,17
2026-04-17 03:50:00+00:00,4777.42,4777.56,4775.86,4775.86,5.4109,2026,4,17
2026-04-17 03:55:00+00:00,4775.83,4775.83,4774.98,4775.01,2.0168,2026,4,17
2026-04-17 04:00:00+00:00,4775.02,4775.82,4775.02,4775.82,3.8741,2026,4,17
2026-04-17 04:05:00+00:00,4775.82,4776.66,4775.82,4776.66,4.3701,2026,4,17
2026-04-17 04:10:00+00:00,4776.66,4777.71,4776.65,4777.71,3.1905,2026,4,17
2026-04-17 04:15:00+00:00,4777.74,4779.83,4776.85,4778.34,30.3271,2026,4,17
2026-04-17 04:20:00+00:00,4778.55,4778.55,4776.53,4777.29,1.0693,2026,4,17
2026-04-17 04:25:00+00:00,4777.49,4778.16,4777.13,4778.16,2.6353,2026,4,17
2026-04-17 04:30:00+00:00,4778.15,4779.89,4777.86,4779.59,3.0224,2026,4,17
2026-04-17 04:35:00+00:00,4779.89,4780.62,4779.34,4780.62,1.6194,2026,4,17
2026-04-17 04:40:00+00:00,4780.62,4782.54,4780.62,4782.28,9.3159,2026,4,17
2026-04-17 04:45:00+00:00,4782.28,4782.53,4780.65,4781.28,2.8347,2026,4,17
2026-04-17 04:50:00+00:00,4781.29,4783.7,4780.94,4783.69,6.3694,2026,4,17
2026-04-17 04:55:00+00:00,4783.7,4788.26,4783.7,4787.64,20.4748,2026,4,17
2026-04-17 05:00:00+00:00,4787.64,4788.82,4785.07,4785.19,6.4513,2026,4,17
2026-04-17 05:05:00+00:00,4785.19,4788.83,4784.97,4788.21,2.2269,2026,4,17
2026-04-17 05:10:00+00:00,4788.22,4790.0,4788.21,4789.68,4.1378,2026,4,17
2026-04-17 05:15:00+00:00,4789.47,4789.47,4786.11,4786.95,2.3055,2026,4,17
2026-04-17 05:20:00+00:00,4787.04,4788.62,4787.03,4788.35,1.5095,2026,4,17
2026-04-17 05:25:00+00:00,4788.35,4789.59,4787.58,4787.58,7.5048,2026,4,17
2026-04-17 05:30:00+00:00,4787.38,4788.83,4783.18,4783.3,6.0179,2026,4,17
2026-04-17 05:35:00+00:00,4783.29,4786.94,4783.29,4784.11,5.1502,2026,4,17
2026-04-17 05:40:00+00:00,4784.11,4785.56,4781.21,4781.21,3.4092,2026,4,17
2026-04-17 05:45:00+00:00,4781.21,4782.84,4780.65,4781.53,15.9491,2026,4,17
2026-04-17 05:50:00+00:00,4781.7,4784.71,4781.7,4782.13,2.2838,2026,4,17
2026-04-17 05:55:00+00:00,4782.13,4782.47,4779.81,4780.13,7.0332,2026,4,17
2026-04-17 06:00:00+00:00,4780.12,4780.12,4775.42,4777.92,1.9626,2026,4,17
2026-04-17 06:05:00+00:00,4777.99,4779.38,4775.61,4775.61,2.4942,2026,4,17
2026-04-17 06:10:00+00:00,4775.61,4775.61,4773.0,4773.91,3.2604,2026,4,17
2026-04-17 06:15:00+00:00,4773.92,4775.01,4771.82,4772.01,3.8041,2026,4,17
2026-04-17 06:20:00+00:00,4772.25,4773.52,4771.19,4773.3,2.267,2026,4,17
2026-04-17 06:25:00+00:00,4773.51,4774.39,4770.22,4770.22,2.4985,2026,4,17
2026-04-17 06:30:00+00:00,4770.23,4771.61,4768.32,4768.81,2.4414,2026,4,17
2026-04-17 06:35:00+00:00,4768.82,4771.82,4766.02,4771.81,16.6827,2026,4,17
2026-04-17 06:40:00+00:00,4771.82,4772.24,4771.42,4771.96,1.7384,2026,4,17
2026-04-17 06:45:00+00:00,4771.96,4772.25,4770.51,4771.19,2.746,2026,4,17
2026-04-17 06:50:00+00:00,4771.2,4772.66,4770.95,4770.95,5.5468,2026,4,17
2026-04-17 06:55:00+00:00,4770.96,4772.84,4770.96,4771.43,4.0368,2026,4,17
2026-04-17 07:00:00+00:00,4771.43,4774.07,4771.43,4774.07,4.7497,2026,4,17
2026-04-17 07:05:00+00:00,4774.14,4776.96,4773.9,4774.75,6.3434,2026,4,17
2026-04-17 07:10:00+00:00,4774.75,4775.44,4772.87,4772.88,14.4403,2026,4,17
2026-04-17 07:15:00+00:00,4772.9,4774.32,4770.62,4774.32,7.7695,2026,4,17
2026-04-17 07:20:00+00:00,4774.31,4775.19,4771.63,4774.57,30.4438,2026,4,17
2026-04-17 07:25:00+00:00,4774.56,4778.12,4774.56,4776.86,21.0634,2026,4,17
2026-04-17 07:30:00+00:00,4776.86,4779.85,4776.04,4779.66,7.2828,2026,4,17
2026-04-17 07:35:00+00:00,4779.4,4779.4,4772.72,4772.91,5.5558,2026,4,17
2026-04-17 07:40:00+00:00,4772.68,4773.52,4769.8,4772.64,4.512,2026,4,17
2026-04-17 07:45:00+00:00,4772.64,4772.64,4767.55,4767.55,9.29,2026,4,17
2026-04-17 07:50:00+00:00,4767.49,4771.08,4766.05,4771.08,23.3474,2026,4,17
2026-04-17 07:55:00+00:00,4771.26,4771.26,4770.18,4770.35,5.3863,2026,4,17
2026-04-17 08:00:00+00:00,4770.31,4775.32,4770.31,4775.32,5.4012,2026,4,17
2026-04-17 08:05:00+00:00,4775.4,4775.66,4770.11,4770.11,17.4028,2026,4,17
2026-04-17 08:10:00+00:00,4770.1,4771.26,4767.91,4769.18,4.1229,2026,4,17
2026-04-17 08:15:00+00:00,4769.28,4770.89,4769.03,4770.89,3.3268,2026,4,17
2026-04-17 08:20:00+00:00,4770.88,4771.89,4769.34,4769.99,6.5648,2026,4,17
2026-04-17 08:25:00+00:00,4769.99,4770.81,4769.06,4770.02,4.4447,2026,4,17
2026-04-17 08:30:00+00:00,4770.02,4772.69,4769.76,4771.4,10.2739,2026,4,17
2026-04-17 08:35:00+00:00,4771.4,4774.5,4771.4,4774.5,7.5561,2026,4,17
2026-04-17 08:40:00+00:00,4774.5,4780.96,4774.5,4780.96,8.1236,2026,4,17
2026-04-17 08:45:00+00:00,4780.96,4780.96,4778.02,4778.99,11.1793,2026,4,17
2026-04-17 08:50:00+00:00,4779.0,4780.0,4778.11,4779.36,11.9629,2026,4,17
2026-04-17 08:55:00+00:00,4779.51,4782.28,4779.13,4781.71,7.3233,2026,4,17
2026-04-17 09:00:00+00:00,4781.71,4786.01,4781.71,4785.46,19.647,2026,4,17
2026-04-17 09:05:00+00:00,4784.94,4784.94,4780.63,4781.47,5.3984,2026,4,17
2026-04-17 09:10:00+00:00,4781.45,4781.45,4778.71,4778.83,2.4276,2026,4,17
2026-04-17 09:15:00+00:00,4778.82,4780.44,4778.22,4780.44,2.5668,2026,4,17
2026-04-17 09:20:00+00:00,4780.61,4783.83,4780.61,4780.98,6.5377,2026,4,17
2026-04-17 09:25:00+00:00,4780.96,4784.45,4780.94,4782.25,9.6521,2026,4,17
2026-04-17 09:30:00+00:00,4782.25,4782.62,4780.48,4781.87,5.5791,2026,4,17
2026-04-17 09:35:00+00:00,4781.87,4784.03,4781.08,4782.21,50.5584,2026,4,17
2026-04-17 09:40:00+00:00,4782.06,4782.06,4780.45,4780.49,6.8538,2026,4,17
2026-04-17 09:45:00+00:00,4780.62,4780.9,4777.21,4777.92,20.4242,2026,4,17
2026-04-17 09:50:00+00:00,4777.92,4779.29,4777.48,4778.91,2.9514,2026,4,17
2026-04-17 09:55:00+00:00,4778.6,4778.6,4777.64,4777.64,1.6426,2026,4,17
2026-04-17 10:00:00+00:00,4777.57,4777.57,4775.82,4777.44,4.1556,2026,4,17
2026-04-17 10:05:00+00:00,4777.05,4777.44,4775.54,4775.92,1.9361,2026,4,17
2026-04-17 10:10:00+00:00,4775.91,4777.0,4774.5,4777.0,6.5534,2026,4,17
2026-04-17 10:15:00+00:00,4776.48,4777.74,4775.97,4776.35,8.0211,2026,4,17
2026-04-17 10:20:00+00:00,4776.31,4777.98,4776.0,4776.7,21.7192,2026,4,17
2026-04-17 10:25:00+00:00,4776.71,4776.71,4772.68,4773.29,17.2661,2026,4,17
2026-04-17 10:30:00+00:00,4773.29,4773.54,4771.18,4772.0,6.2041,2026,4,17
2026-04-17 10:35:00+00:00,4772.01,4773.06,4771.08,4771.08,5.1576,2026,4,17
2026-04-17 10:40:00+00:00,4771.02,4771.02,4768.56,4769.88,9.8096,2026,4,17
2026-04-17 10:45:00+00:00,4769.87,4771.54,4769.63,4771.44,4.9925,2026,4,17
2026-04-17 10:50:00+00:00,4771.62,4772.31,4768.51,4770.89,12.4759,2026,4,17
2026-04-17 10:55:00+00:00,4770.89,4772.52,4769.64,4772.52,5.6427,2026,4,17
2026-04-17 11:00:00+00:00,4772.52,4773.6,4769.64,4769.92,6.2348,2026,4,17
2026-04-17 11:05:00+00:00,4769.91,4771.99,4769.66,4771.99,4.2863,2026,4,17
2026-04-17 11:10:00+00:00,4771.99,4772.95,4771.55,4772.25,6.2259,2026,4,17
2026-04-17 11:15:00+00:00,4771.98,4772.11,4770.38,4771.26,9.1521,2026,4,17
2026-04-17 11:20:00+00:00,4771.36,4776.63,4771.27,4776.37,8.782,2026,4,17
2026-04-17 11:25:00+00:00,4776.36,4777.92,4776.36,4777.59,1.7582,2026,4,17
2026-04-17 11:30:00+00:00,4777.59,4778.82,4775.4,4778.57,10.6839,2026,4,17
2026-04-17 11:35:00+00:00,4778.56,4778.56,4775.76,4776.84,3.8153,2026,4,17
2026-04-17 11:40:00+00:00,4776.84,4781.7,4776.84,4781.7,25.9449,2026,4,17
2026-04-17 11:45:00+00:00,4781.7,4793.94,4781.7,4789.87,52.8131,2026,4,17
2026-04-17 11:50:00+00:00,4789.87,4790.33,4786.75,4786.75,12.5804,2026,4,17
2026-04-17 11:55:00+00:00,4786.75,4787.15,4784.84,4785.1,3.7403,2026,4,17
2026-04-17 12:00:00+00:00,4785.3,4789.43,4783.87,4788.17,5.84,2026,4,17
2026-04-17 12:05:00+00:00,4788.17,4789.07,4787.46,4788.17,4.325,2026,4,17
2026-04-17 12:10:00+00:00,4788.18,4788.63,4786.02,4787.46,9.1602,2026,4,17
2026-04-17 12:15:00+00:00,4787.64,4789.62,4787.64,4789.62,39.4703,2026,4,17
2026-04-17 12:20:00+00:00,4789.8,4796.72,4789.33,4796.71,27.9515,2026,4,17
2026-04-17 12:25:00+00:00,4796.72,4804.46,4796.71,4802.7,51.4392,2026,4,17
2026-04-17 12:30:00+00:00,4802.7,4807.6,4801.58,4804.19,43.7431,2026,4,17
2026-04-17 12:35:00+00:00,4804.31,4808.8,4804.31,4807.0,14.5121,2026,4,17
2026-04-17 12:40:00+00:00,4807.0,4809.09,4806.55,4807.21,9.658,2026,4,17
2026-04-17 12:45:00+00:00,4807.21,4824.0,4805.94,4819.96,183.0055,2026,4,17
2026-04-17 12:50:00+00:00,4820.0,4828.67,4818.71,4827.06,209.1135,2026,4,17
2026-04-17 12:55:00+00:00,4827.06,4830.98,4823.24,4829.4,144.5288,2026,4,17
2026-04-17 13:00:00+00:00,4829.49,4831.0,4817.85,4827.39,38.0252,2026,4,17
2026-04-17 13:05:00+00:00,4827.38,4845.27,4823.46,4845.26,1000.4356,2026,4,17
2026-04-17 13:10:00+00:00,4845.27,4872.86,4844.88,4864.03,296.8124,2026,4,17
2026-04-17 13:15:00+00:00,4864.49,4865.85,4844.89,4846.09,155.4286,2026,4,17
2026-04-17 13:20:00+00:00,4846.08,4846.08,4836.4,4844.98,102.3958,2026,4,17
2026-04-17 13:25:00+00:00,4845.04,4847.22,4834.49,4835.93,68.5826,2026,4,17
2026-04-17 13:30:00+00:00,4836.23,4838.91,4833.47,4838.22,34.2406,2026,4,17
2026-04-17 13:35:00+00:00,4838.49,4851.0,4838.49,4850.65,51.4722,2026,4,17
2026-04-17 13:40:00+00:00,4850.64,4855.57,4846.28,4847.2,40.1773,2026,4,17
2026-04-17 13:45:00+00:00,4847.24,4850.28,4836.41,4849.73,275.0076,2026,4,17
2026-04-17 13:50:00+00:00,4849.68,4861.67,4847.95,4860.19,64.9052,2026,4,17
2026-04-17 13:55:00+00:00,4860.18,4866.59,4858.6,4862.52,182.4871,2026,4,17
2026-04-17 14:00:00+00:00,4862.6,4867.46,4858.22,4858.52,138.6538,2026,4,17
2026-04-17 14:05:00+00:00,4858.69,4859.28,4851.3,4854.43,47.097,2026,4,17
2026-04-17 14:10:00+00:00,4854.42,4854.42,4843.82,4848.78,122.8508,2026,4,17
2026-04-17 14:15:00+00:00,4848.77,4855.36,4848.77,4853.76,88.6236,2026,4,17
2026-04-17 14:20:00+00:00,4853.34,4861.45,4848.23,4861.32,48.1824,2026,4,17
2026-04-17 14:25:00+00:00,4861.41,4863.29,4854.42,4854.42,33.9869,2026,4,17
2026-04-17 14:30:00+00:00,4854.25,4860.36,4852.03,4860.36,96.6136,2026,4,17
2026-04-17 14:35:00+00:00,4860.35,4862.33,4853.77,4858.55,71.8965,2026,4,17
2026-04-17 14:40:00+00:00,4858.56,4865.85,4858.3,4860.47,59.3243,2026,4,17
2026-04-17 14:45:00+00:00,4860.9,4864.67,4857.85,4863.75,120.8444,2026,4,17
2026-04-17 14:50:00+00:00,4863.6,4863.6,4853.64,4859.24,39.175,2026,4,17
2026-04-17 14:55:00+00:00,4859.45,4860.0,4855.51,4855.86,15.0361,2026,4,17
2026-04-17 15:00:00+00:00,4856.03,4856.38,4846.24,4851.01,40.232,2026,4,17
2026-04-17 15:05:00+00:00,4851.29,4861.8,4851.29,4855.92,70.3774,2026,4,17
2026-04-17 15:10:00+00:00,4855.91,4855.92,4850.64,4851.1,33.3515,2026,4,17
2026-04-17 15:15:00+00:00,4851.18,4856.99,4847.77,4848.95,20.2968,2026,4,17
2026-04-17 15:20:00+00:00,4848.94,4857.48,4846.99,4853.28,198.7661,2026,4,17
2026-04-17 15:25:00+00:00,4853.34,4853.69,4840.72,4847.78,399.9324,2026,4,17
2026-04-17 15:30:00+00:00,4847.78,4854.27,4847.05,4854.26,40.1255,2026,4,17
2026-04-17 15:35:00+00:00,4854.42,4854.42,4850.64,4851.17,24.8408,2026,4,17
2026-04-17 15:40:00+00:00,4851.18,4851.53,4839.04,4841.63,24.8895,2026,4,17
2026-04-17 15:45:00+00:00,4841.56,4846.94,4841.56,4846.83,30.0087,2026,4,17
2026-04-17 15:50:00+00:00,4846.83,4853.12,4846.83,4852.08,28.172,2026,4,17
2026-04-17 15:55:00+00:00,4851.91,4854.7,4850.0,4850.29,28.755,2026,4,17
2026-04-17 16:00:00+00:00,4850.32,4853.68,4847.4,4851.0,12.0591,2026,4,17
2026-04-17 16:05:00+00:00,4850.82,4856.33,4849.39,4854.31,15.9864,2026,4,17
2026-04-17 16:10:00+00:00,4854.3,4855.62,4853.89,4854.67,8.8757,2026,4,17
2026-04-17 16:15:00+00:00,4854.67,4856.46,4853.16,4855.1,16.4443,2026,4,17
2026-04-17 16:20:00+00:00,4854.96,4856.4,4853.34,4854.62,23.4908,2026,4,17
2026-04-17 16:25:00+00:00,4854.42,4854.83,4852.16,4852.79,14.0102,2026,4,17
2026-04-17 16:30:00+00:00,4852.27,4854.71,4852.26,4854.07,9.8608,2026,4,17
2026-04-17 16:35:00+00:00,4854.24,4856.4,4853.69,4855.87,26.0997,2026,4,17
2026-04-17 16:40:00+00:00,4855.87,4856.06,4852.16,4852.16,32.4391,2026,4,17
2026-04-17 16:45:00+00:00,4852.21,4852.76,4850.61,4850.61,50.0599,2026,4,17
2026-04-17 16:50:00+00:00,4850.62,4851.17,4850.0,4850.46,45.0895,2026,4,17
2026-04-17 16:55:00+00:00,4850.46,4850.99,4849.37,4850.82,18.9724,2026,4,17
2026-04-17 17:00:00+00:00,4850.83,4853.16,4849.2,4850.46,35.2513,2026,4,17
2026-04-17 17:05:00+00:00,4850.11,4851.19,4842.72,4845.06,18.3124,2026,4,17
2026-04-17 17:10:00+00:00,4845.07,4847.03,4841.28,4846.32,85.4003,2026,4,17
2026-04-17 17:15:00+00:00,4846.15,4847.76,4845.78,4845.78,39.7965,2026,4,17
2026-04-17 17:20:00+00:00,4845.79,4845.99,4836.02,4836.79,50.733,2026,4,17
2026-04-17 17:25:00+00:00,4837.05,4840.64,4836.78,4840.56,44.1928,2026,4,17
2026-04-17 17:30:00+00:00,4840.73,4844.34,4840.03,4844.33,34.5633,2026,4,17
2026-04-17 17:35:00+00:00,4843.8,4843.8,4838.94,4839.06,10.5359,2026,4,17
2026-04-17 17:40:00+00:00,4839.48,4840.91,4837.5,4837.51,9.186,2026,4,17
2026-04-17 17:45:00+00:00,4837.86,4843.61,4837.86,4843.27,43.5015,2026,4,17
2026-04-17 17:50:00+00:00,4843.26,4845.0,4843.09,4844.76,4.9725,2026,4,17
2026-04-17 17:55:00+00:00,4844.77,4845.78,4844.26,4845.15,11.6104,2026,4,17
2026-04-17 18:00:00+00:00,4845.15,4847.32,4845.15,4846.3,2.6069,2026,4,17
2026-04-17 18:05:00+00:00,4845.79,4848.47,4845.42,4846.14,10.17,2026,4,17
2026-04-17 18:10:00+00:00,4846.15,4846.15,4843.8,4843.96,11.5764,2026,4,17
2026-04-17 18:15:00+00:00,4843.97,4846.5,4843.96,4845.24,2.4676,2026,4,17
2026-04-17 18:20:00+00:00,4845.06,4848.48,4842.19,4848.34,7.5939,2026,4,17
2026-04-17 18:25:00+00:00,4848.35,4850.0,4844.34,4844.34,6.4123,2026,4,17
2026-04-17 18:30:00+00:00,4844.16,4849.34,4843.55,4849.33,19.9854,2026,4,17
2026-04-17 18:35:00+00:00,4849.32,4849.32,4845.38,4845.95,6.8475,2026,4,17
2026-04-17 18:40:00+00:00,4845.95,4845.95,4843.47,4844.06,2.9159,2026,4,17
2026-04-17 18:45:00+00:00,4844.15,4845.08,4843.47,4843.62,2.0716,2026,4,17
2026-04-17 18:50:00+00:00,4843.47,4843.47,4838.76,4840.0,4.8916,2026,4,17
2026-04-17 18:55:00+00:00,4839.78,4841.27,4839.13,4841.27,2.374,2026,4,17
2026-04-17 19:00:00+00:00,4841.27,4841.27,4838.76,4839.49,4.5217,2026,4,17
2026-04-17 19:05:00+00:00,4839.99,4840.5,4837.18,4838.04,12.9689,2026,4,17
2026-04-17 19:10:00+00:00,4838.05,4839.48,4837.65,4839.48,2.8183,2026,4,17
2026-04-17 19:15:00+00:00,4839.48,4840.2,4838.22,4838.22,7.4292,2026,4,17
2026-04-17 19:20:00+00:00,4838.21,4838.94,4836.6,4836.75,3.2907,2026,4,17
2026-04-17 19:25:00+00:00,4836.96,4837.51,4836.56,4837.51,64.7028,2026,4,17
2026-04-17 19:30:00+00:00,4837.51,4839.62,4837.51,4839.62,2.3293,2026,4,17
2026-04-17 19:35:00+00:00,4839.61,4842.0,4838.0,4841.63,16.0146,2026,4,17
2026-04-17 19:40:00+00:00,4841.75,4842.62,4840.74,4841.1,15.0672,2026,4,17
2026-04-17 19:45:00+00:00,4841.11,4841.11,4839.86,4841.09,7.9412,2026,4,17
2026-04-17 19:50:00+00:00,4841.09,4841.09,4836.59,4836.78,9.3165,2026,4,17
2026-04-17 19:55:00+00:00,4836.78,4836.86,4835.41,4836.86,7.219,2026,4,17
2026-04-17 20:00:00+00:00,4836.85,4836.85,4833.09,4833.09,14.5206,2026,4,17
2026-04-17 20:05:00+00:00,4833.08,4833.08,4829.4,4830.29,15.8671,2026,4,17
2026-04-17 20:10:00+00:00,4830.29,4830.29,4829.04,4829.41,3.5694,2026,4,17
2026-04-17 20:15:00+00:00,4829.41,4834.75,4829.4,4833.79,63.6838,2026,4,17
2026-04-17 20:20:00+00:00,4833.78,4833.78,4831.94,4831.95,21.2511,2026,4,17
2026-04-17 20:25:00+00:00,4831.94,4831.94,4828.95,4829.33,7.5746,2026,4,17
2026-04-17 20:30:00+00:00,4829.4,4829.4,4828.26,4829.21,1.7483,2026,4,17
2026-04-17 20:35:00+00:00,4829.21,4829.22,4823.19,4825.85,60.4071,2026,4,17
2026-04-17 20:40:00+00:00,4825.85,4825.85,4818.79,4819.85,24.1329,2026,4,17
2026-04-17 20:45:00+00:00,4819.86,4820.76,4818.6,4818.6,13.368,2026,4,17
2026-04-17 20:50:00+00:00,4818.6,4819.9,4817.77,4818.41,16.5344,2026,4,17
2026-04-17 20:55:00+00:00,4818.41,4818.41,4814.85,4815.65,14.7364,2026,4,17
2026-04-17 21:00:00+00:00,4815.36,4817.66,4814.82,4816.62,11.6571,2026,4,17
2026-04-17 21:05:00+00:00,4816.63,4817.14,4816.62,4817.14,2.0064,2026,4,17
2026-04-17 21:10:00+00:00,4817.14,4817.14,4814.33,4815.17,19.2404,2026,4,17
2026-04-17 21:15:00+00:00,4815.17,4817.16,4815.17,4817.15,7.0446,2026,4,17
2026-04-17 21:20:00+00:00,4817.15,4817.16,4817.15,4817.16,1.7784,2026,4,17
2026-04-17 21:25:00+00:00,4817.15,4817.88,4816.8,4816.81,7.7694,2026,4,17
2026-04-17 21:30:00+00:00,4816.81,4816.81,4816.8,4816.8,0.1705,2026,4,17
2026-04-17 21:35:00+00:00,4816.81,4817.48,4816.8,4817.47,1.7662,2026,4,17
2026-04-17 21:40:00+00:00,4817.48,4820.61,4817.48,4820.61,11.0547,2026,4,17
2026-04-17 21:45:00+00:00,4820.6,4820.6,4819.69,4819.7,0.3647,2026,4,17
2026-04-17 21:50:00+00:00,4819.7,4821.66,4818.97,4819.73,19.0592,2026,4,17
2026-04-17 21:55:00+00:00,4819.72,4819.72,4816.05,4816.44,5.364,2026,4,17
2026-04-17 22:00:00+00:00,4816.62,4820.93,4816.62,4820.93,4.4046,2026,4,17
2026-04-17 22:05:00+00:00,4820.93,4827.93,4820.93,4825.07,30.4881,2026,4,17
2026-04-17 22:10:00+00:00,4825.07,4825.07,4821.48,4821.49,18.9253,2026,4,17
2026-04-17 22:15:00+00:00,4821.35,4822.19,4815.11,4816.08,11.9124,2026,4,17
2026-04-17 22:20:00+00:00,4816.08,4816.51,4816.08,4816.51,2.6573,2026,4,17
2026-04-17 22:25:00+00:00,4816.51,4817.55,4816.5,4817.54,4.8588,2026,4,17
2026-04-17 22:30:00+00:00,4817.54,4818.96,4815.19,4818.5,13.9234,2026,4,17
2026-04-17 22:35:00+00:00,4818.27,4818.5,4818.27,4818.27,3.3344,2026,4,17
2026-04-17 22:40:00+00:00,4818.27,4818.52,4818.27,4818.47,6.7201,2026,4,17
2026-04-17 22:45:00+00:00,4818.46,4818.46,4817.7,4817.7,1.2782,2026,4,17
2026-04-17 22:50:00+00:00,4817.71,4817.71,4817.17,4817.18,2.4294,2026,4,17
2026-04-17 22:55:00+00:00,4817.17,4817.18,4815.0,4815.0,1.7178,2026,4,17
2026-04-17 23:00:00+00:00,4815.01,4818.24,4815.0,4817.71,10.5801,2026,4,17
2026-04-17 23:05:00+00:00,4817.71,4817.71,4817.08,4817.51,2.8376,2026,4,17
2026-04-17 23:10:00+00:00,4817.51,4818.78,4817.51,4818.77,2.7142,2026,4,17
2026-04-17 23:15:00+00:00,4818.77,4818.78,4816.85,4816.85,3.7341,2026,4,17
2026-04-17 23:20:00+00:00,4816.86,4818.24,4816.86,4818.23,4.5485,2026,4,17
2026-04-17 23:25:00+00:00,4817.7,4817.71,4817.17,4817.31,1.5977,2026,4,17
2026-04-17 23:30:00+00:00,4817.31,4819.26,4817.31,4818.43,2.4322,2026,4,17
2026-04-17 23:35:00+00:00,4818.43,4818.43,4817.88,4818.23,0.5517,2026,4,17
2026-04-17 23:40:00+00:00,4818.24,4818.95,4818.23,4818.95,7.2857,2026,4,17
2026-04-17 23:45:00+00:00,4818.96,4820.04,4818.96,4819.73,1.9015,2026,4,17
2026-04-17 23:50:00+00:00,4819.72,4819.79,4819.72,4819.79,1.0489,2026,4,17
2026-04-17 23:55:00+00:00,4820.0,4822.69,4820.0,4820.59,3.8629,2026,4,17
2026-04-18 00:00:00+00:00,4820.58,4823.07,4819.78,4823.07,9.1869,2026,4,18
2026-04-18 00:05:00+00:00,4823.07,4824.12,4822.66,4824.04,9.1225,2026,4,18
2026-04-18 00:10:00+00:00,4824.04,4825.37,4824.04,4825.02,1.0298,2026,4,18
2026-04-18 00:15:00+00:00,4825.02,4826.98,4825.02,4826.31,15.344,2026,4,18
2026-04-18 00:20:00+00:00,4826.32,4827.25,4826.32,4827.06,4.7167,2026,4,18
2026-04-18 00:25:00+00:00,4827.06,4827.69,4827.06,4827.69,3.1534,2026,4,18
2026-04-18 00:30:00+00:00,4827.86,4828.1,4826.68,4826.68,7.1971,2026,4,18
2026-04-18 00:35:00+00:00,4826.64,4826.64,4825.84,4826.01,8.2738,2026,4,18
2026-04-18 00:40:00+00:00,4826.01,4828.82,4826.0,4827.07,9.3657,2026,4,18
2026-04-18 00:45:00+00:00,4827.06,4827.07,4827.06,4827.07,0.9995,2026,4,18
2026-04-18 00:50:00+00:00,4827.07,4827.07,4827.07,4827.07,0.1532,2026,4,18
2026-04-18 00:55:00+00:00,4827.06,4827.07,4827.06,4827.06,0.2082,2026,4,18
2026-04-18 01:00:00+00:00,4827.06,4827.07,4826.51,4826.64,1.1352,2026,4,18
2026-04-18 01:05:00+00:00,4826.64,4826.65,4826.64,4826.65,0.7283,2026,4,18
2026-04-18 01:10:00+00:00,4826.65,4831.9,4826.64,4829.62,36.6218,2026,4,18
2026-04-18 01:15:00+00:00,4829.85,4829.85,4828.95,4829.02,3.3135,2026,4,18
2026-04-18 01:20:00+00:00,4829.02,4829.03,4826.0,4826.0,7.014,2026,4,18
2026-04-18 01:25:00+00:00,4825.99,4825.99,4825.85,4825.86,0.4483,2026,4,18
2026-04-18 01:30:00+00:00,4825.86,4826.0,4825.58,4826.0,1.6072,2026,4,18
2026-04-18 01:35:00+00:00,4826.0,4826.58,4826.0,4826.58,0.9551,2026,4,18
2026-04-18 01:40:00+00:00,4826.58,4826.58,4826.21,4826.22,0.6974,2026,4,18
2026-04-18 01:45:00+00:00,4826.21,4826.21,4824.7,4824.7,13.4742,2026,4,18
2026-04-18 01:50:00+00:00,4824.54,4825.04,4824.11,4824.33,6.1201,2026,4,18
2026-04-18 01:55:00+00:00,4824.33,4825.69,4824.15,4825.68,4.2966,2026,4,18
2026-04-18 02:00:00+00:00,4825.69,4826.0,4825.68,4825.99,3.6289,2026,4,18
2026-04-18 02:05:00+00:00,4825.99,4828.25,4825.99,4828.25,2.8697,2026,4,18
2026-04-18 02:10:00+00:00,4828.25,4828.25,4824.54,4824.54,3.3649,2026,4,18
2026-04-18 02:15:00+00:00,4824.5,4824.5,4824.49,4824.5,0.9291,2026,4,18
2026-04-18 02:20:00+00:00,4824.49,4824.79,4824.49,4824.78,2.533,2026,4,18
2026-04-18 02:25:00+00:00,4824.78,4824.79,4824.78,4824.79,1.2711,2026,4,18
2026-04-18 02:30:00+00:00,4824.79,4824.79,4823.91,4823.91,0.4081,2026,4,18
2026-04-18 02:35:00+00:00,4823.92,4823.92,4823.7,4823.7,0.0801,2026,4,18
2026-04-18 02:40:00+00:00,4823.7,4823.71,4822.04,4822.05,12.3412,2026,4,18
2026-04-18 02:45:00+00:00,4822.05,4822.05,4822.04,4822.05,2.5828,2026,4,18
2026-04-18 02:50:00+00:00,4822.05,4822.39,4822.04,4822.38,17.8242,2026,4,18
2026-04-18 02:55:00+00:00,4822.38,4822.38,4821.39,4821.39,8.3124,2026,4,18
2026-04-18 03:00:00+00:00,4821.39,4821.4,4820.76,4820.77,2.9159,2026,4,18
2026-04-18 03:05:00+00:00,4820.76,4820.77,4820.72,4820.75,19.9071,2026,4,18
2026-04-18 03:10:00+00:00,4820.75,4820.75,4820.74,4820.75,1.5295,2026,4,18
2026-04-18 03:15:00+00:00,4820.75,4820.75,4819.51,4819.51,4.1295,2026,4,18
2026-04-18 03:20:00+00:00,4820.01,4820.01,4819.1,4819.1,1.801,2026,4,18
2026-04-18 03:25:00+00:00,4819.1,4819.1,4818.66,4818.67,0.4359,2026,4,18
2026-04-18 03:30:00+00:00,4818.66,4818.67,4818.0,4818.08,8.5913,2026,4,18
2026-04-18 03:35:00+00:00,4818.08,4818.09,4817.35,4817.36,3.3679,2026,4,18
2026-04-18 03:40:00+00:00,4817.36,4817.55,4814.0,4816.24,36.7563,2026,4,18
2026-04-18 03:45:00+00:00,4816.24,4816.24,4814.89,4815.0,22.8124,2026,4,18
2026-04-18 03:50:00+00:00,4815.0,4816.54,4811.35,4814.35,77.7927,2026,4,18
2026-04-18 03:55:00+00:00,4814.35,4814.63,4814.35,4814.51,5.3708,2026,4,18
2026-04-18 04:00:00+00:00,4814.51,4815.3,4814.5,4815.3,4.2075,2026,4,18
2026-04-18 04:05:00+00:00,4815.3,4815.91,4815.29,4815.91,6.4382,2026,4,18
2026-04-18 04:10:00+00:00,4815.91,4817.98,4815.91,4817.98,0.9457,2026,4,18
2026-04-18 04:15:00+00:00,4817.98,4817.98,4817.97,4817.97,0.796,2026,4,18
2026-04-18 04:20:00+00:00,4817.98,4817.98,4817.97,4817.97,1.128,2026,4,18
2026-04-18 04:25:00+00:00,4817.97,4817.98,4817.74,4817.74,9.3245,2026,4,18
2026-04-18 04:30:00+00:00,4817.74,4817.74,4817.07,4817.07,1.6789,2026,4,18
2026-04-18 04:35:00+00:00,4817.07,4817.29,4816.99,4817.07,10.7878,2026,4,18
2026-04-18 04:40:00+00:00,4817.07,4817.08,4815.31,4815.5,92.5366,2026,4,18
2026-04-18 04:45:00+00:00,4815.5,4815.51,4814.75,4814.76,4.9748,2026,4,18
2026-04-18 04:50:00+00:00,4814.75,4814.75,4814.04,4814.05,3.8066,2026,4,18
2026-04-18 04:55:00+00:00,4814.04,4814.04,4813.19,4813.2,3.3085,2026,4,18
2026-04-18 05:00:00+00:00,4813.2,4813.2,4812.09,4812.11,3.6287,2026,4,18
2026-04-18 05:05:00+00:00,4812.1,4812.1,4810.83,4810.83,9.2393,2026,4,18
2026-04-18 05:10:00+00:00,4810.83,4811.01,4810.2,4811.0,5.3633,2026,4,18
2026-04-18 05:15:00+00:00,4811.01,4812.57,4809.89,4812.15,33.2706,2026,4,18
2026-04-18 05:20:00+00:00,4812.29,4812.29,4809.21,4809.21,8.5646,2026,4,18
2026-04-18 05:25:00+00:00,4809.22,4810.25,4808.63,4810.25,30.2111,2026,4,18
2026-04-18 05:30:00+00:00,4810.25,4810.26,4810.02,4810.15,3.5692,2026,4,18
2026-04-18 05:35:00+00:00,4810.15,4810.88,4810.15,4810.88,3.6115,2026,4,18
2026-04-18 05:40:00+00:00,4810.89,4811.1,4810.89,4811.1,1.4503,2026,4,18
2026-04-18 05:45:00+00:00,4811.09,4811.17,4811.09,4811.17,0.9947,2026,4,18
2026-04-18 05:50:00+00:00,4811.17,4813.41,4811.17,4812.56,29.264,2026,4,18
2026-04-18 05:55:00+00:00,4812.56,4812.57,4812.56,4812.57,0.0861,2026,4,18
2026-04-18 06:00:00+00:00,4812.57,4812.57,4812.56,4812.57,0.9855,2026,4,18
2026-04-18 06:05:00+00:00,4812.56,4814.84,4812.56,4814.78,9.7029,2026,4,18
2026-04-18 06:10:00+00:00,4814.78,4814.79,4814.78,4814.79,1.2466,2026,4,18
2026-04-18 06:15:00+00:00,4814.79,4814.79,4814.04,4814.04,1.2627,2026,4,18
2026-04-18 06:20:00+00:00,4814.04,4814.05,4813.62,4813.62,1.202,2026,4,18
2026-04-18 06:25:00+00:00,4813.62,4813.63,4813.22,4813.23,1.4651,2026,4,18
2026-04-18 06:30:00+00:00,4813.22,4813.62,4813.22,4813.62,1.3167,2026,4,18
2026-04-18 06:35:00+00:00,4813.61,4813.61,4811.94,4812.96,18.265,2026,4,18
2026-04-18 06:40:00+00:00,4812.51,4812.52,4811.52,4811.52,21.8806,2026,4,18
2026-04-18 06:45:00+00:00,4811.51,4812.82,4811.32,4812.77,24.3249,2026,4,18
2026-04-18 06:50:00+00:00,4812.78,4812.78,4812.77,4812.78,1.2468,2026,4,18
2026-04-18 06:55:00+00:00,4812.78,4813.61,4812.78,4813.61,1.2797,2026,4,18
2026-04-18 07:00:00+00:00,4813.61,4813.63,4813.6,4813.62,2.1069,2026,4,18
2026-04-18 07:05:00+00:00,4813.63,4813.63,4813.62,4813.63,2.5546,2026,4,18
2026-04-18 07:10:00+00:00,4813.62,4813.63,4813.62,4813.62,1.1867,2026,4,18
2026-04-18 07:15:00+00:00,4813.63,4813.63,4813.2,4813.21,3.161,2026,4,18
2026-04-18 07:20:00+00:00,4813.2,4813.2,4813.0,4813.0,0.8499,2026,4,18
2026-04-18 07:25:00+00:00,4813.01,4813.01,4812.99,4813.0,0.8517,2026,4,18
2026-04-18 07:30:00+00:00,4812.99,4813.0,4812.76,4812.76,0.6396,2026,4,18
2026-04-18 07:35:00+00:00,4812.76,4812.76,4812.61,4812.62,1.3144,2026,4,18
2026-04-18 07:40:00+00:00,4812.61,4812.62,4812.02,4812.03,1.8353,2026,4,18
2026-04-18 07:45:00+00:00,4812.03,4812.03,4812.02,4812.02,0.535,2026,4,18
2026-04-18 07:50:00+00:00,4812.02,4812.02,4811.53,4811.53,6.7313,2026,4,18
2026-04-18 07:55:00+00:00,4811.52,4811.52,4809.02,4809.02,6.7631,2026,4,18
2026-04-18 08:00:00+00:00,4809.02,4809.02,4809.01,4809.02,0.7265,2026,4,18
2026-04-18 08:05:00+00:00,4809.02,4810.47,4809.02,4810.47,3.8226,2026,4,18
2026-04-18 08:10:00+00:00,4810.47,4810.47,4810.46,4810.46,0.0816,2026,4,18
2026-04-18 08:15:00+00:00,4810.46,4810.46,4808.88,4810.25,12.4942,2026,4,18
2026-04-18 08:20:00+00:00,4810.26,4811.15,4808.42,4808.42,13.9256,2026,4,18
2026-04-18 08:25:00+00:00,4808.43,4808.82,4808.42,4808.77,2.2271,2026,4,18
2026-04-18 08:30:00+00:00,4808.6,4808.61,4806.52,4806.52,10.0184,2026,4,18
2026-04-18 08:35:00+00:00,4806.52,4806.52,4803.15,4803.26,5.367,2026,4,18
2026-04-18 08:40:00+00:00,4803.26,4803.26,4802.06,4802.06,10.4477,2026,4,18
2026-04-18 08:45:00+00:00,4802.07,4803.32,4802.06,4802.93,12.9651,2026,4,18
2026-04-18 08:50:00+00:00,4802.94,4803.75,4802.56,4803.71,30.8533,2026,4,18
2026-04-18 08:55:00+00:00,4803.71,4805.98,4803.53,4805.98,20.4031,2026,4,18
2026-04-18 09:00:00+00:00,4806.05,4806.27,4803.12,4803.13,8.1688,2026,4,18
2026-04-18 09:05:00+00:00,4803.12,4804.79,4803.12,4804.78,9.8054,2026,4,18
2026-04-18 09:10:00+00:00,4804.78,4804.78,4803.12,4803.54,6.6943,2026,4,18
2026-04-18 09:15:00+00:00,4803.55,4804.17,4802.22,4802.22,23.0298,2026,4,18
2026-04-18 09:20:00+00:00,4802.1,4803.86,4801.87,4803.86,10.7842,2026,4,18
2026-04-18 09:25:00+00:00,4803.86,4806.89,4803.85,4806.2,5.8177,2026,4,18
2026-04-18 09:30:00+00:00,4806.2,4810.0,4806.2,4808.8,30.3559,2026,4,18
2026-04-18 09:35:00+00:00,4808.79,4808.79,4806.48,4806.49,2.1629,2026,4,18
2026-04-18 09:40:00+00:00,4806.49,4806.49,4805.36,4805.38,2.5007,2026,4,18
2026-04-18 09:45:00+00:00,4805.39,4806.5,4805.36,4806.5,2.5791,2026,4,18
2026-04-18 09:50:00+00:00,4806.49,4806.5,4805.43,4805.44,0.9096,2026,4,18
2026-04-18 09:55:00+00:00,4805.22,4806.5,4803.64,4803.82,20.3192,2026,4,18
2026-04-18 10:00:00+00:00,4803.83,4804.1,4803.24,4803.24,1.2592,2026,4,18
2026-04-18 10:05:00+00:00,4803.12,4803.12,4801.24,4801.24,4.0315,2026,4,18
2026-04-18 10:10:00+00:00,4801.23,4801.23,4800.63,4800.67,6.7424,2026,4,18
2026-04-18 10:15:00+00:00,4800.67,4801.44,4800.64,4801.44,18.9822,2026,4,18
2026-04-18 10:20:00+00:00,4801.53,4802.07,4801.53,4802.07,1.6445,2026,4,18
2026-04-18 10:25:00+00:00,4802.06,4802.91,4801.85,4802.91,3.8072,2026,4,18
2026-04-18 10:30:00+00:00,4802.89,4802.89,4802.28,4802.29,1.9845,2026,4,18
2026-04-18 10:35:00+00:00,4802.29,4802.29,4802.28,4802.28,0.7561,2026,4,18
2026-04-18 10:40:00+00:00,4802.28,4802.29,4801.85,4801.85,5.037,2026,4,18
2026-04-18 10:45:00+00:00,4801.86,4801.86,4800.73,4800.96,4.3866,2026,4,18
2026-04-18 10:50:00+00:00,4800.96,4800.97,4800.96,4800.96,1.4816,2026,4,18
2026-04-18 10:55:00+00:00,4800.97,4800.97,4800.02,4800.07,5.655,2026,4,18
2026-04-18 11:00:00+00:00,4800.08,4800.08,4800.0,4800.0,8.0753,2026,4,18
2026-04-18 11:05:00+00:00,4800.0,4800.01,4798.0,4798.0,14.0597,2026,4,18
2026-04-18 11:10:00+00:00,4798.0,4800.24,4798.0,4799.96,24.7223,2026,4,18
2026-04-18 11:15:00+00:00,4799.96,4800.6,4799.35,4799.68,18.0599,2026,4,18
2026-04-18 11:20:00+00:00,4799.67,4799.68,4798.92,4798.92,1.1828,2026,4,18
2026-04-18 11:25:00+00:00,4798.93,4798.93,4798.71,4798.72,0.9023,2026,4,18
2026-04-18 11:30:00+00:00,4798.72,4799.34,4796.61,4797.45,15.3373,2026,4,18
2026-04-18 11:35:00+00:00,4797.66,4797.66,4796.31,4796.31,3.0564,2026,4,18
2026-04-18 11:40:00+00:00,4796.28,4796.28,4795.18,4795.19,8.017,2026,4,18
2026-04-18 11:45:00+00:00,4795.19,4795.19,4792.03,4792.78,53.532,2026,4,18
2026-04-18 11:50:00+00:00,4792.78,4792.98,4792.03,4792.87,17.4314,2026,4,18
2026-04-18 11:55:00+00:00,4792.97,4792.98,4792.97,4792.98,3.7758,2026,4,18
2026-04-18 12:00:00+00:00,4792.97,4792.97,4788.31,4792.82,55.8666,2026,4,18
2026-04-18 12:05:00+00:00,4792.83,4793.43,4792.83,4793.28,6.1768,2026,4,18
2026-04-18 12:10:00+00:00,4793.28,4793.28,4790.3,4790.3,3.7109,2026,4,18
2026-04-18 12:15:00+00:00,4790.31,4791.31,4790.31,4791.31,3.4551,2026,4,18
2026-04-18 12:20:00+00:00,4791.3,4791.77,4791.3,4791.3,5.8995,2026,4,18
2026-04-18 12:25:00+00:00,4791.31,4791.31,4791.18,4791.18,3.6003,2026,4,18
2026-04-18 12:30:00+00:00,4791.19,4791.2,4790.53,4790.53,9.5839,2026,4,18
2026-04-18 12:35:00+00:00,4790.54,4790.71,4790.53,4790.71,0.8168,2026,4,18
2026-04-18 12:40:00+00:00,4790.7,4790.7,4787.62,4787.62,5.7569,2026,4,18
2026-04-18 12:45:00+00:00,4787.61,4787.61,4785.31,4786.72,17.1843,2026,4,18
2026-04-18 12:50:00+00:00,4786.71,4787.79,4786.71,4787.79,1.5315,2026,4,18
2026-04-18 12:55:00+00:00,4787.81,4788.63,4787.81,4788.62,3.1922,2026,4,18
2026-04-18 13:00:00+00:00,4788.63,4789.63,4788.21,4788.85,12.5025,2026,4,18
2026-04-18 13:05:00+00:00,4788.84,4790.1,4788.84,4789.76,5.4904,2026,4,18
2026-04-18 13:10:00+00:00,4789.76,4791.97,4789.75,4791.97,8.9836,2026,4,18
2026-04-18 13:15:00+00:00,4791.96,4791.96,4791.13,4791.37,2.3037,2026,4,18
2026-04-18 13:20:00+00:00,4791.36,4791.37,4791.36,4791.37,7.0814,2026,4,18
2026-04-18 13:25:00+00:00,4791.37,4791.57,4791.13,4791.14,3.1774,2026,4,18
2026-04-18 13:30:00+00:00,4791.13,4791.13,4789.39,4789.39,2.0871,2026,4,18
2026-04-18 13:35:00+00:00,4789.4,4789.4,4788.26,4788.53,1.7992,2026,4,18
2026-04-18 13:40:00+00:00,4788.53,4788.83,4788.21,4788.58,18.7074,2026,4,18
2026-04-18 13:45:00+00:00,4788.58,4789.04,4787.38,4787.5,21.0715,2026,4,18
2026-04-18 13:50:00+00:00,4787.5,4789.86,4787.5,4789.85,3.7639,2026,4,18
2026-04-18 13:55:00+00:00,4789.86,4790.19,4789.86,4790.19,6.408,2026,4,18
2026-04-18 14:00:00+00:00,4790.19,4791.36,4790.18,4791.35,8.8702,2026,4,18
2026-04-18 14:05:00+00:00,4791.36,4792.15,4791.36,4792.15,9.2366,2026,4,18
2026-04-18 14:10:00+00:00,4792.16,4792.72,4790.66,4790.66,2.4553,2026,4,18
2026-04-18 14:15:00+00:00,4790.66,4793.23,4790.66,4792.67,4.9306,2026,4,18
2026-04-18 14:20:00+00:00,4792.67,4793.87,4792.66,4792.67,8.9413,2026,4,18
2026-04-18 14:25:00+00:00,4792.67,4792.82,4792.24,4792.82,1.4305,2026,4,18
2026-04-18 14:30:00+00:00,4792.82,4793.19,4792.82,4793.19,6.7079,2026,4,18
2026-04-18 14:35:00+00:00,4793.19,4793.25,4793.19,4793.24,1.0569,2026,4,18
2026-04-18 14:40:00+00:00,4793.25,4793.25,4792.2,4792.56,3.4758,2026,4,18
2026-04-18 14:45:00+00:00,4792.56,4792.56,4792.55,4792.56,2.2042,2026,4,18
2026-04-18 14:50:00+00:00,4792.56,4793.66,4792.56,4793.49,7.1245,2026,4,18
2026-04-18 14:55:00+00:00,4793.49,4793.67,4793.48,4793.66,5.6552,2026,4,18
2026-04-18 15:00:00+00:00,4793.67,4794.32,4793.66,4794.32,6.1455,2026,4,18
2026-04-18 15:05:00+00:00,4794.33,4798.07,4794.32,4796.91,11.757,2026,4,18
2026-04-18 15:10:00+00:00,4796.91,4797.29,4794.55,4794.65,7.1094,2026,4,18
2026-04-18 15:15:00+00:00,4794.65,4794.65,4793.7,4793.71,1.8978,2026,4,18
2026-04-18 15:20:00+00:00,4793.71,4794.53,4793.71,4794.53,6.0735,2026,4,18
2026-04-18 15:25:00+00:00,4794.53,4794.53,4794.5,4794.5,8.3886,2026,4,18
2026-04-18 15:30:00+00:00,4794.51,4794.51,4794.02,4794.05,4.1968,2026,4,18
2026-04-18 15:35:00+00:00,4794.04,4794.21,4794.04,4794.21,1.5081,2026,4,18
2026-04-18 15:40:00+00:00,4794.19,4794.4,4794.18,4794.39,0.8289,2026,4,18
2026-04-18 15:45:00+00:00,4794.4,4794.4,4794.39,4794.4,1.2148,2026,4,18
2026-04-18 15:50:00+00:00,4794.39,4794.39,4792.68,4793.12,12.1647,2026,4,18
2026-04-18 15:55:00+00:00,4793.13,4793.13,4792.81,4792.81,1.0301,2026,4,18
2026-04-18 16:00:00+00:00,4792.82,4792.82,4792.18,4792.18,1.2559,2026,4,18
2026-04-18 16:05:00+00:00,4792.18,4792.19,4792.0,4792.0,1.5741,2026,4,18
2026-04-18 16:10:00+00:00,4792.0,4792.01,4792.0,4792.01,0.8227,2026,4,18
2026-04-18 16:15:00+00:00,4792.01,4792.01,4789.89,4791.22,7.1683,2026,4,18
2026-04-18 16:20:00+00:00,4791.23,4796.29,4791.23,4793.9,5.8876,2026,4,18
2026-04-18 16:25:00+00:00,4793.9,4798.62,4793.88,4797.89,10.7659,2026,4,18
2026-04-18 16:30:00+00:00,4797.89,4798.44,4796.15,4796.53,9.41,2026,4,18
2026-04-18 16:35:00+00:00,4796.53,4796.93,4796.53,4796.93,0.2914,2026,4,18
2026-04-18 16:40:00+00:00,4796.93,4796.93,4795.98,4795.99,2.6283,2026,4,18
2026-04-18 16:45:00+00:00,4795.98,4795.99,4795.8,4795.81,1.3957,2026,4,18
2026-04-18 16:50:00+00:00,4795.81,4795.81,4794.1,4794.1,0.9297,2026,4,18
2026-04-18 16:55:00+00:00,4794.47,4794.47,4794.46,4794.47,0.3815,2026,4,18
2026-04-18 17:00:00+00:00,4794.4,4795.66,4793.51,4795.49,7.0035,2026,4,18
2026-04-18 17:05:00+00:00,4795.49,4796.91,4795.03,4795.79,3.2657,2026,4,18
2026-04-18 17:10:00+00:00,4795.79,4795.8,4794.01,4794.12,3.066,2026,4,18
2026-04-18 17:15:00+00:00,4794.11,4794.12,4794.11,4794.11,0.6001,2026,4,18
2026-04-18 17:20:00+00:00,4794.11,4795.51,4794.11,4795.51,0.4358,2026,4,18
2026-04-18 17:25:00+00:00,4795.51,4796.74,4795.51,4796.73,3.3615,2026,4,18
2026-04-18 17:30:00+00:00,4796.93,4797.44,4796.93,4797.4,0.1811,2026,4,18
2026-04-18 17:35:00+00:00,4797.4,4797.4,4796.94,4796.94,2.8905,2026,4,18
2026-04-18 17:40:00+00:00,4796.94,4797.49,4796.94,4797.49,0.1872,2026,4,18
2026-04-18 17:45:00+00:00,4797.49,4797.49,4796.73,4796.73,0.7888,2026,4,18
2026-04-18 17:50:00+00:00,4796.73,4796.74,4796.73,4796.73,1.3852,2026,4,18
2026-04-18 17:55:00+00:00,4796.74,4796.74,4795.0,4795.01,4.8197,2026,4,18
2026-04-18 18:00:00+00:00,4795.01,4795.01,4795.0,4795.01,0.9457,2026,4,18
2026-04-18 18:05:00+00:00,4795.4,4795.74,4795.4,4795.62,4.3724,2026,4,18
2026-04-18 18:10:00+00:00,4795.62,4795.62,4795.61,4795.61,0.0607,2026,4,18
2026-04-18 18:15:00+00:00,4795.62,4795.62,4794.11,4794.11,0.9673,2026,4,18
2026-04-18 18:20:00+00:00,4794.11,4794.11,4791.94,4791.94,5.6865,2026,4,18
2026-04-18 18:25:00+00:00,4791.94,4791.94,4791.42,4791.73,1.4016,2026,4,18
2026-04-18 18:30:00+00:00,4791.73,4791.74,4786.78,4787.52,21.5472,2026,4,18
2026-04-18 18:35:00+00:00,4787.52,4787.52,4780.79,4780.98,80.7203,2026,4,18
2026-04-18 18:40:00+00:00,4780.99,4783.76,4780.0,4781.84,33.9355,2026,4,18
2026-04-18 18:45:00+00:00,4781.83,4785.3,4781.83,4785.09,9.7197,2026,4,18
2026-04-18 18:50:00+00:00,4785.08,4787.43,4783.61,4783.63,16.6413,2026,4,18
2026-04-18 18:55:00+00:00,4783.63,4785.92,4783.63,4784.77,2.6967,2026,4,18
2026-04-18 19:00:00+00:00,4784.95,4786.44,4784.95,4786.44,3.0782,2026,4,18
2026-04-18 19:05:00+00:00,4786.44,4786.86,4786.43,4786.86,0.0527,2026,4,18
2026-04-18 19:10:00+00:00,4787.05,4790.0,4786.11,4790.0,7.2208,2026,4,18
2026-04-18 19:15:00+00:00,4790.0,4792.3,4789.35,4792.3,1.2733,2026,4,18
2026-04-18 19:20:00+00:00,4792.37,4793.27,4790.86,4793.27,4.1802,2026,4,18
2026-04-18 19:25:00+00:00,4793.26,4793.69,4778.92,4779.26,258.649,2026,4,18
2026-04-18 19:30:00+00:00,4779.27,4784.66,4774.79,4784.38,279.421,2026,4,18
2026-04-18 19:35:00+00:00,4784.37,4784.37,4781.5,4783.64,5.7719,2026,4,18
2026-04-18 19:40:00+00:00,4783.55,4783.56,4783.06,4783.07,0.9058,2026,4,18
2026-04-18 19:45:00+00:00,4783.07,4785.14,4783.07,4784.72,6.3606,2026,4,18
2026-04-18 19:50:00+00:00,4784.73,4785.53,4784.6,4785.53,6.7561,2026,4,18
2026-04-18 19:55:00+00:00,4785.71,4787.38,4785.71,4786.67,2.8734,2026,4,18
2026-04-18 20:00:00+00:00,4787.09,4788.87,4785.65,4788.41,17.8079,2026,4,18
2026-04-18 20:05:00+00:00,4788.41,4791.23,4788.41,4790.1,14.7997,2026,4,18
2026-04-18 20:10:00+00:00,4790.1,4790.1,4789.44,4789.99,3.4574,2026,4,18
2026-04-18 20:15:00+00:00,4789.98,4789.99,4789.98,4789.99,0.2159,2026,4,18
2026-04-18 20:20:00+00:00,4789.98,4789.98,4789.14,4789.15,5.2388,2026,4,18
2026-04-18 20:25:00+00:00,4789.15,4789.15,4788.41,4788.41,1.5788,2026,4,18
2026-04-18 20:30:00+00:00,4788.41,4789.22,4787.81,4787.82,7.29,2026,4,18
2026-04-18 20:35:00+00:00,4787.82,4788.76,4787.81,4787.82,2.1827,2026,4,18
2026-04-18 20:40:00+00:00,4787.82,4788.74,4787.52,4787.53,2.6088,2026,4,18
2026-04-18 20:45:00+00:00,4787.52,4788.39,4787.52,4788.38,1.2951,2026,4,18
2026-04-18 20:50:00+00:00,4788.39,4788.39,4788.38,4788.39,0.5146,2026,4,18
2026-04-18 20:55:00+00:00,4788.39,4788.76,4788.38,4788.76,2.1698,2026,4,18
2026-04-18 21:00:00+00:00,4788.95,4788.95,4788.95,4788.95,0.2867,2026,4,18
2026-04-18 21:05:00+00:00,4788.95,4788.95,4788.94,4788.95,0.3132,2026,4,18
2026-04-18 21:10:00+00:00,4788.94,4789.9,4788.57,4788.57,55.8533,2026,4,18
2026-04-18 21:15:00+00:00,4788.57,4788.58,4786.67,4786.67,3.0867,2026,4,18
2026-04-18 21:20:00+00:00,4786.68,4786.68,4785.9,4785.9,3.4614,2026,4,18
2026-04-18 21:25:00+00:00,4785.72,4786.11,4784.2,4784.93,10.1088,2026,4,18
2026-04-18 21:30:00+00:00,4784.94,4784.95,4784.94,4784.95,0.936,2026,4,18
2026-04-18 21:35:00+00:00,4784.94,4784.94,4779.0,4783.1,36.3563,2026,4,18
2026-04-18 21:40:00+00:00,4783.09,4784.58,4782.67,4784.58,3.4175,2026,4,18
2026-04-18 21:45:00+00:00,4784.76,4785.15,4784.76,4785.14,0.0726,2026,4,18
2026-04-18 21:50:00+00:00,4785.15,4785.71,4785.15,4785.71,1.3721,2026,4,18
2026-04-18 21:55:00+00:00,4785.7,4785.71,4785.39,4785.4,0.9542,2026,4,18
2026-04-18 22:00:00+00:00,4785.4,4785.4,4783.25,4783.25,3.5432,2026,4,18
2026-04-18 22:05:00+00:00,4783.06,4784.9,4782.1,4784.89,2.779,2026,4,18
2026-04-18 22:10:00+00:00,4784.89,4784.9,4783.27,4783.27,4.3759,2026,4,18
2026-04-18 22:15:00+00:00,4783.28,4786.27,4783.27,4786.26,6.0167,2026,4,18
2026-04-18 22:20:00+00:00,4786.27,4786.27,4785.66,4785.66,3.036,2026,4,18
2026-04-18 22:25:00+00:00,4785.67,4785.67,4785.29,4785.3,0.5717,2026,4,18
2026-04-18 22:30:00+00:00,4785.3,4785.3,4781.75,4783.02,18.6828,2026,4,18
2026-04-18 22:35:00+00:00,4783.12,4784.4,4783.12,4784.31,4.3724,2026,4,18
2026-04-18 22:40:00+00:00,4784.3,4784.31,4784.25,4784.31,1.8426,2026,4,18
2026-04-18 22:45:00+00:00,4784.31,4785.0,4784.31,4785.0,2.4264,2026,4,18
2026-04-18 22:50:00+00:00,4785.0,4785.0,4785.0,4785.0,0.823,2026,4,18
2026-04-18 22:55:00+00:00,4785.22,4785.44,4785.22,4785.43,1.9721,2026,4,18
2026-04-18 23:00:00+00:00,4785.44,4786.09,4785.43,4786.09,4.6753,2026,4,18
2026-04-18 23:05:00+00:00,4786.1,4786.98,4786.1,4786.97,4.0565,2026,4,18
2026-04-18 23:10:00+00:00,4786.97,4786.98,4785.43,4785.43,3.3501,2026,4,18
2026-04-18 23:15:00+00:00,4785.43,4785.44,4778.06,4778.9,20.8261,2026,4,18
2026-04-18 23:20:00+00:00,4778.91,4778.91,4777.81,4778.06,3.015,2026,4,18
2026-04-18 23:25:00+00:00,4778.06,4779.94,4778.06,4779.93,7.9846,2026,4,18
2026-04-18 23:30:00+00:00,4779.93,4779.94,4777.83,4777.84,6.4081,2026,4,18
2026-04-18 23:35:00+00:00,4777.83,4778.98,4777.83,4778.15,19.7565,2026,4,18
2026-04-18 23:40:00+00:00,4778.15,4778.16,4777.17,4777.18,14.5016,2026,4,18
2026-04-18 23:45:00+00:00,4777.17,4777.17,4776.55,4776.55,6.3334,2026,4,18
2026-04-18 23:50:00+00:00,4776.55,4776.56,4775.11,4775.51,8.9571,2026,4,18
2026-04-18 23:55:00+00:00,4775.51,4775.52,4775.12,4775.26,2.0035,2026,4,18
2026-04-19 00:00:00+00:00,4775.26,4775.26,4773.89,4773.97,17.9665,2026,4,19
2026-04-19 00:05:00+00:00,4773.97,4775.98,4773.97,4774.99,16.172,2026,4,19
2026-04-19 00:10:00+00:00,4775.0,4775.0,4774.22,4774.22,4.341,2026,4,19
2026-04-19 00:15:00+00:00,4774.23,4774.23,4772.28,4772.52,16.2462,2026,4,19
2026-04-19 00:20:00+00:00,4772.52,4772.53,4771.28,4771.28,10.267,2026,4,19
2026-04-19 00:25:00+00:00,4771.29,4771.8,4770.06,4770.07,16.5517,2026,4,19
2026-04-19 00:30:00+00:00,4770.07,4771.8,4770.07,4770.91,22.0356,2026,4,19
2026-04-19 00:35:00+00:00,4770.92,4770.92,4766.0,4766.88,82.3594,2026,4,19
2026-04-19 00:40:00+00:00,4767.18,4768.68,4767.01,4768.27,13.6793,2026,4,19
2026-04-19 00:45:00+00:00,4768.28,4770.24,4767.4,4770.23,6.2317,2026,4,19
2026-04-19 00:50:00+00:00,4770.23,4773.39,4770.23,4772.97,10.8796,2026,4,19
2026-04-19 00:55:00+00:00,4772.46,4773.81,4769.61,4773.81,21.0109,2026,4,19
2026-04-19 01:00:00+00:00,4773.81,4775.76,4773.8,4775.76,4.0188,2026,4,19
2026-04-19 01:05:00+00:00,4775.76,4778.0,4775.76,4778.0,41.1201,2026,4,19
2026-04-19 01:10:00+00:00,4777.99,4777.99,4774.22,4775.65,25.1415,2026,4,19
2026-04-19 01:15:00+00:00,4775.64,4776.67,4775.64,4776.46,2.0886,2026,4,19
2026-04-19 01:20:00+00:00,4776.47,4776.47,4775.97,4775.98,5.7657,2026,4,19
2026-04-19 01:25:00+00:00,4775.98,4775.98,4775.85,4775.85,1.3785,2026,4,19
2026-04-19 01:30:00+00:00,4775.86,4775.86,4774.21,4774.21,1.1017,2026,4,19
2026-04-19 01:35:00+00:00,4774.22,4774.22,4769.05,4769.58,14.8078,2026,4,19
2026-04-19 01:40:00+00:00,4769.59,4771.14,4769.58,4770.48,1.7675,2026,4,19
2026-04-19 01:45:00+00:00,4771.14,4775.86,4771.13,4774.18,5.3234,2026,4,19
2026-04-19 01:50:00+00:00,4774.0,4777.47,4774.0,4777.47,2.2175,2026,4,19
2026-04-19 01:55:00+00:00,4777.47,4778.0,4776.21,4776.21,38.507,2026,4,19
2026-04-19 02:00:00+00:00,4776.21,4776.85,4776.21,4776.85,2.4429,2026,4,19
2026-04-19 02:05:00+00:00,4776.85,4778.0,4776.85,4777.99,2.4892,2026,4,19
2026-04-19 02:10:00+00:00,4778.0,4778.0,4777.99,4777.99,1.5905,2026,4,19
2026-04-19 02:15:00+00:00,4778.0,4778.0,4777.99,4778.0,17.2654,2026,4,19
2026-04-19 02:20:00+00:00,4778.0,4778.0,4776.86,4777.08,7.6702,2026,4,19
2026-04-19 02:25:00+00:00,4777.08,4777.09,4776.64,4776.64,0.8368,2026,4,19
2026-04-19 02:30:00+00:00,4776.65,4777.24,4776.65,4777.24,0.6707,2026,4,19
2026-04-19 02:35:00+00:00,4777.24,4777.24,4777.09,4777.1,0.3827,2026,4,19
2026-04-19 02:40:00+00:00,4777.1,4778.0,4777.1,4778.0,0.8055,2026,4,19
2026-04-19 02:45:00+00:00,4778.0,4778.0,4777.56,4777.56,1.3539,2026,4,19
2026-04-19 02:50:00+00:00,4777.56,4777.56,4775.77,4775.78,2.0158,2026,4,19
2026-04-19 02:55:00+00:00,4775.77,4775.78,4775.77,4775.78,0.2618,2026,4,19
2026-04-19 03:00:00+00:00,4775.78,4776.02,4775.78,4776.01,0.392,2026,4,19
2026-04-19 03:05:00+00:00,4776.01,4776.02,4772.24,4772.24,3.9459,2026,4,19
2026-04-19 03:10:00+00:00,4772.24,4772.24,4768.34,4769.19,19.2637,2026,4,19
2026-04-19 03:15:00+00:00,4769.19,4771.33,4769.19,4771.33,3.0572,2026,4,19
2026-04-19 03:20:00+00:00,4771.33,4772.39,4771.32,4772.39,1.5978,2026,4,19
2026-04-19 03:25:00+00:00,4772.46,4773.78,4772.46,4772.69,5.127,2026,4,19
2026-04-19 03:30:00+00:00,4772.69,4772.69,4772.68,4772.68,0.1621,2026,4,19
2026-04-19 03:35:00+00:00,4772.69,4774.0,4772.69,4774.0,0.8631,2026,4,19
2026-04-19 03:40:00+00:00,4774.0,4775.81,4774.0,4775.78,19.1181,2026,4,19
2026-04-19 03:45:00+00:00,4775.78,4777.51,4775.78,4777.51,0.7609,2026,4,19
2026-04-19 03:50:00+00:00,4777.52,4781.03,4777.52,4781.02,14.7493,2026,4,19
2026-04-19 03:55:00+00:00,4780.39,4783.96,4776.96,4779.02,19.8159,2026,4,19
2026-04-19 04:00:00+00:00,4778.9,4779.62,4778.89,4779.62,1.3388,2026,4,19
2026-04-19 04:05:00+00:00,4779.61,4780.97,4779.61,4779.73,7.3682,2026,4,19
2026-04-19 04:10:00+00:00,4779.72,4782.79,4778.41,4782.58,15.649,2026,4,19
2026-04-19 04:15:00+00:00,4782.58,4789.08,4782.58,4786.47,32.9715,2026,4,19
2026-04-19 04:20:00+00:00,4786.47,4788.9,4786.46,4788.89,5.6201,2026,4,19
2026-04-19 04:25:00+00:00,4788.89,4792.46,4788.64,4788.64,24.4174,2026,4,19
2026-04-19 04:30:00+00:00,4788.64,4788.64,4784.75,4784.75,4.3428,2026,4,19
2026-04-19 04:35:00+00:00,4784.75,4786.32,4784.12,4784.13,8.5365,2026,4,19
2026-04-19 04:40:00+00:00,4784.12,4784.12,4781.36,4782.35,12.1565,2026,4,19
2026-04-19 04:45:00+00:00,4782.35,4782.35,4781.79,4781.8,1.1901,2026,4,19
2026-04-19 04:50:00+00:00,4781.81,4782.29,4781.81,4782.29,4.6438,2026,4,19
2026-04-19 04:55:00+00:00,4782.29,4782.29,4780.6,4780.96,8.7689,2026,4,19
2026-04-19 05:00:00+00:00,4780.96,4781.26,4779.94,4779.94,5.3894,2026,4,19
2026-04-19 05:05:00+00:00,4779.95,4779.95,4779.72,4779.73,1.5717,2026,4,19
2026-04-19 05:10:00+00:00,4779.73,4780.38,4779.72,4780.38,1.4637,2026,4,19
2026-04-19 05:15:00+00:00,4780.37,4780.38,4780.37,4780.38,0.5832,2026,4,19
2026-04-19 05:20:00+00:00,4780.37,4780.38,4780.37,4780.38,0.2863,2026,4,19
2026-04-19 05:25:00+00:00,4780.38,4780.38,4780.37,4780.37,0.546,2026,4,19
2026-04-19 05:30:00+00:00,4780.38,4781.24,4780.38,4781.23,0.8083,2026,4,19
2026-04-19 05:35:00+00:00,4781.24,4781.24,4781.1,4781.15,1.7691,2026,4,19
2026-04-19 05:40:00+00:00,4781.16,4781.16,4781.15,4781.16,0.4203,2026,4,19
2026-04-19 05:45:00+00:00,4781.16,4781.16,4781.15,4781.16,0.2295,2026,4,19
2026-04-19 05:50:00+00:00,4781.16,4781.23,4779.94,4779.97,3.5823,2026,4,19
2026-04-19 05:55:00+00:00,4779.97,4779.97,4779.96,4779.96,0.1311,2026,4,19
2026-04-19 06:00:00+00:00,4779.72,4779.72,4770.0,4770.03,28.8907,2026,4,19
2026-04-19 06:05:00+00:00,4770.74,4775.32,4770.0,4775.31,8.2934,2026,4,19
2026-04-19 06:10:00+00:00,4775.31,4775.31,4771.15,4771.23,17.3852,2026,4,19
2026-04-19 06:15:00+00:00,4771.23,4773.11,4769.43,4773.11,29.5764,2026,4,19
2026-04-19 06:20:00+00:00,4773.11,4773.11,4771.65,4772.74,8.0175,2026,4,19
2026-04-19 06:25:00+00:00,4772.75,4777.08,4772.74,4777.08,7.0014,2026,4,19
2026-04-19 06:30:00+00:00,4777.3,4778.4,4776.64,4777.31,8.3714,2026,4,19
2026-04-19 06:35:00+00:00,4777.31,4778.33,4777.31,4778.19,3.2704,2026,4,19
2026-04-19 06:40:00+00:00,4778.19,4779.5,4777.75,4779.49,1.0078,2026,4,19
2026-04-19 06:45:00+00:00,4779.5,4779.5,4778.4,4778.4,2.7513,2026,4,19
2026-04-19 06:50:00+00:00,4778.4,4778.4,4777.96,4777.97,1.2664,2026,4,19
2026-04-19 06:55:00+00:00,4777.96,4777.97,4777.96,4777.97,0.744,2026,4,19
2026-04-19 07:00:00+00:00,4777.96,4778.43,4777.96,4778.42,6.2028,2026,4,19
2026-04-19 07:05:00+00:00,4778.42,4778.42,4773.07,4773.07,6.5058,2026,4,19
2026-04-19 07:10:00+00:00,4773.07,4774.21,4771.15,4772.45,12.1536,2026,4,19
2026-04-19 07:15:00+00:00,4772.45,4772.46,4771.17,4772.37,4.8744,2026,4,19
2026-04-19 07:20:00+00:00,4771.8,4772.9,4770.26,4772.9,7.7591,2026,4,19
2026-04-19 07:25:00+00:00,4772.89,4776.86,4772.89,4776.84,4.9123,2026,4,19
2026-04-19 07:30:00+00:00,4776.85,4779.5,4775.98,4778.41,7.8459,2026,4,19
2026-04-19 07:35:00+00:00,4778.41,4780.0,4778.41,4778.84,3.8669,2026,4,19
2026-04-19 07:40:00+00:00,4778.84,4778.84,4777.85,4778.84,3.751,2026,4,19
2026-04-19 07:45:00+00:00,4778.83,4780.0,4778.83,4779.99,0.86,2026,4,19
2026-04-19 07:50:00+00:00,4780.0,4780.0,4779.99,4779.99,1.328,2026,4,19
2026-04-19 07:55:00+00:00,4779.99,4781.2,4779.99,4781.2,7.3208,2026,4,19
2026-04-19 08:00:00+00:00,4781.19,4781.19,4779.31,4780.32,7.7059,2026,4,19
2026-04-19 08:05:00+00:00,4780.32,4780.32,4778.84,4778.95,6.4296,2026,4,19
2026-04-19 08:10:00+00:00,4778.94,4778.95,4778.94,4778.94,1.7422,2026,4,19
2026-04-19 08:15:00+00:00,4778.94,4778.94,4778.64,4778.65,0.7224,2026,4,19
2026-04-19 08:20:00+00:00,4778.65,4782.21,4778.65,4782.18,22.1109,2026,4,19
2026-04-19 08:25:00+00:00,4782.11,4782.36,4780.81,4780.81,18.4906,2026,4,19
2026-04-19 08:30:00+00:00,4780.81,4782.43,4780.15,4782.43,14.8802,2026,4,19
2026-04-19 08:35:00+00:00,4782.43,4782.43,4782.42,4782.43,0.7718,2026,4,19
2026-04-19 08:40:00+00:00,4782.42,4785.4,4782.42,4785.4,11.0675,2026,4,19
2026-04-19 08:45:00+00:00,4785.41,4785.66,4785.0,4785.0,1.1399,2026,4,19
2026-04-19 08:50:00+00:00,4785.01,4785.01,4784.45,4784.48,5.3135,2026,4,19
2026-04-19 08:55:00+00:00,4784.55,4784.55,4783.02,4783.68,1.4046,2026,4,19
2026-04-19 09:00:00+00:00,4783.9,4783.9,4783.89,4783.89,0.8419,2026,4,19
2026-04-19 09:05:00+00:00,4783.9,4783.9,4783.0,4783.01,2.6437,2026,4,19
2026-04-19 09:10:00+00:00,4783.0,4783.0,4782.36,4782.36,3.5162,2026,4,19
2026-04-19 09:15:00+00:00,4782.36,4782.37,4782.36,4782.36,1.061,2026,4,19
2026-04-19 09:20:00+00:00,4782.36,4782.37,4775.84,4780.15,19.7073,2026,4,19
2026-04-19 09:25:00+00:00,4779.96,4779.96,4779.95,4779.95,1.2122,2026,4,19
2026-04-19 09:30:00+00:00,4779.96,4779.96,4779.95,4779.96,1.3023,2026,4,19
2026-04-19 09:35:00+00:00,4779.95,4779.96,4777.82,4777.82,4.6341,2026,4,19
2026-04-19 09:40:00+00:00,4777.83,4778.4,4777.82,4778.39,4.2484,2026,4,19
2026-04-19 09:45:00+00:00,4778.39,4778.4,4777.52,4777.52,0.2958,2026,4,19
2026-04-19 09:50:00+00:00,4777.52,4777.53,4775.97,4775.97,2.806,2026,4,19
2026-04-19 09:55:00+00:00,4775.93,4775.93,4774.66,4774.67,3.113,2026,4,19
2026-04-19 10:00:00+00:00,4774.67,4777.01,4774.24,4777.01,27.3474,2026,4,19
2026-04-19 10:05:00+00:00,4777.0,4779.71,4774.89,4775.01,29.8554,2026,4,19
2026-04-19 10:10:00+00:00,4775.01,4776.42,4774.89,4776.27,4.2606,2026,4,19
2026-04-19 10:15:00+00:00,4776.27,4776.27,4774.89,4774.89,12.4284,2026,4,19
2026-04-19 10:20:00+00:00,4774.88,4776.63,4774.79,4776.23,3.2214,2026,4,19
2026-04-19 10:25:00+00:00,4776.23,4776.4,4776.22,4776.4,0.8672,2026,4,19
2026-04-19 10:30:00+00:00,4776.4,4776.63,4775.44,4775.57,6.9229,2026,4,19
2026-04-19 10:35:00+00:00,4775.57,4775.57,4775.56,4775.57,0.3299,2026,4,19
2026-04-19 10:40:00+00:00,4775.57,4775.57,4775.31,4775.56,3.5473,2026,4,19
2026-04-19 10:45:00+00:00,4775.56,4775.56,4775.18,4775.19,2.4374,2026,4,19
2026-04-19 10:50:00+00:00,4775.19,4778.28,4775.18,4777.77,7.391,2026,4,19
2026-04-19 10:55:00+00:00,4777.78,4777.78,4777.77,4777.78,0.2334,2026,4,19
2026-04-19 11:00:00+00:00,4777.77,4777.78,4776.72,4776.72,11.5351,2026,4,19
2026-04-19 11:05:00+00:00,4776.72,4777.19,4776.23,4777.19,3.6359,2026,4,19
2026-04-19 11:10:00+00:00,4777.19,4779.36,4777.19,4779.0,5.2367,2026,4,19
2026-04-19 11:15:00+00:00,4778.99,4779.81,4778.99,4779.8,5.166,2026,4,19
2026-04-19 11:20:00+00:00,4779.8,4779.81,4779.26,4779.26,0.489,2026,4,19
2026-04-19 11:25:00+00:00,4779.26,4779.26,4779.18,4779.18,0.5258,2026,4,19
2026-04-19 11:30:00+00:00,4779.18,4779.19,4778.1,4778.38,12.7259,2026,4,19
2026-04-19 11:35:00+00:00,4778.39,4778.39,4777.5,4777.51,2.8487,2026,4,19
2026-04-19 11:40:00+00:00,4777.51,4781.07,4777.51,4781.06,4.6545,2026,4,19
2026-04-19 11:45:00+00:00,4781.06,4785.03,4781.06,4783.13,19.3842,2026,4,19
2026-04-19 11:50:00+00:00,4783.13,4783.48,4783.13,4783.48,1.412,2026,4,19
2026-04-19 11:55:00+00:00,4783.47,4783.48,4781.51,4781.51,3.3489,2026,4,19
2026-04-19 12:00:00+00:00,4781.5,4781.5,4779.26,4779.34,19.1206,2026,4,19
2026-04-19 12:05:00+00:00,4779.34,4779.5,4778.91,4779.5,10.8692,2026,4,19
2026-04-19 12:10:00+00:00,4779.51,4780.5,4779.5,4780.5,8.8563,2026,4,19
2026-04-19 12:15:00+00:00,4780.75,4783.16,4780.75,4783.15,3.037,2026,4,19
2026-04-19 12:20:00+00:00,4783.15,4783.25,4782.74,4783.24,5.5759,2026,4,19
2026-04-19 12:25:00+00:00,4783.25,4783.71,4782.34,4782.82,13.7077,2026,4,19
2026-04-19 12:30:00+00:00,4782.82,4782.94,4781.27,4781.77,20.3098,2026,4,19
2026-04-19 12:35:00+00:00,4781.76,4781.77,4780.97,4781.22,13.868,2026,4,19
2026-04-19 12:40:00+00:00,4781.23,4781.23,4780.49,4780.49,10.1674,2026,4,19
2026-04-19 12:45:00+00:00,4780.49,4781.0,4780.0,4780.99,4.7172,2026,4,19
2026-04-19 12:50:00+00:00,4781.0,4784.95,4780.98,4784.43,19.3735,2026,4,19
2026-04-19 12:55:00+00:00,4784.43,4785.99,4783.65,4784.19,20.3254,2026,4,19
2026-04-19 13:00:00+00:00,4784.18,4787.49,4784.18,4787.49,10.9415,2026,4,19
2026-04-19 13:05:00+00:00,4787.49,4788.08,4786.25,4786.47,9.6793,2026,4,19
2026-04-19 13:10:00+00:00,4786.48,4787.66,4786.48,4787.36,8.3969,2026,4,19
2026-04-19 13:15:00+00:00,4787.36,4790.91,4787.35,4790.0,11.6854,2026,4,19
2026-04-19 13:20:00+00:00,4790.0,4793.99,4789.99,4793.85,21.8285,2026,4,19
2026-04-19 13:25:00+00:00,4793.84,4795.56,4792.46,4792.46,14.3596,2026,4,19
2026-04-19 13:30:00+00:00,4792.47,4794.0,4791.84,4792.41,5.4687,2026,4,19
2026-04-19 13:35:00+00:00,4792.41,4792.65,4792.4,4792.44,0.6932,2026,4,19
2026-04-19 13:40:00+00:00,4792.45,4794.96,4792.45,4794.95,6.6854,2026,4,19
2026-04-19 13:45:00+00:00,4794.96,4795.56,4794.95,4795.48,8.6774,2026,4,19
2026-04-19 13:50:00+00:00,4795.48,4795.48,4793.6,4793.97,11.5642,2026,4,19
2026-04-19 13:55:00+00:00,4793.96,4793.97,4792.41,4793.01,6.795,2026,4,19
2026-04-19 14:00:00+00:00,4793.01,4793.01,4790.61,4790.61,3.542,2026,4,19
2026-04-19 14:05:00+00:00,4790.5,4790.5,4787.35,4789.19,11.1756,2026,4,19
2026-04-19 14:10:00+00:00,4789.19,4789.2,4788.5,4788.5,2.4725,2026,4,19
2026-04-19 14:15:00+00:00,4788.51,4789.68,4788.5,4789.68,1.7757,2026,4,19
2026-04-19 14:20:00+00:00,4789.68,4789.99,4788.4,4788.4,7.1658,2026,4,19
2026-04-19 14:25:00+00:00,4788.68,4789.69,4788.68,4789.68,3.7718,2026,4,19
2026-04-19 14:30:00+00:00,4789.68,4789.98,4789.68,4789.69,3.1342,2026,4,19
2026-04-19 14:35:00+00:00,4789.68,4789.95,4789.25,4789.95,1.0277,2026,4,19
2026-04-19 14:40:00+00:00,4789.94,4790.0,4789.94,4790.0,1.8357,2026,4,19
2026-04-19 14:45:00+00:00,4790.0,4791.39,4789.99,4791.36,10.6386,2026,4,19
2026-04-19 14:50:00+00:00,4791.37,4791.37,4790.48,4790.48,2.1958,2026,4,19
2026-04-19 14:55:00+00:00,4790.48,4791.84,4790.0,4791.84,1.7861,2026,4,19
2026-04-19 15:00:00+00:00,4791.83,4792.16,4791.54,4792.07,14.8958,2026,4,19
2026-04-19 15:05:00+00:00,4792.07,4792.07,4790.25,4790.26,6.1344,2026,4,19
2026-04-19 15:10:00+00:00,4790.26,4790.26,4790.25,4790.26,0.8679,2026,4,19
2026-04-19 15:15:00+00:00,4790.26,4791.0,4790.26,4791.0,2.9527,2026,4,19
2026-04-19 15:20:00+00:00,4791.0,4791.5,4790.5,4790.5,2.0174,2026,4,19
2026-04-19 15:25:00+00:00,4790.5,4791.24,4790.5,4791.24,1.3161,2026,4,19
2026-04-19 15:30:00+00:00,4791.25,4791.84,4791.25,4791.25,7.4121,2026,4,19
2026-04-19 15:35:00+00:00,4791.26,4791.26,4790.29,4791.0,5.3942,2026,4,19
2026-04-19 15:40:00+00:00,4791.0,4791.84,4790.99,4791.84,5.0205,2026,4,19
2026-04-19 15:45:00+00:00,4791.84,4792.47,4791.83,4792.41,1.5695,2026,4,19
2026-04-19 15:50:00+00:00,4792.41,4792.41,4791.92,4791.93,9.4667,2026,4,19
2026-04-19 15:55:00+00:00,4791.92,4791.93,4791.63,4791.63,2.1866,2026,4,19
2026-04-19 16:00:00+00:00,4791.63,4792.0,4789.5,4791.99,19.554,2026,4,19
2026-04-19 16:05:00+00:00,4792.0,4792.0,4791.99,4792.0,8.0749,2026,4,19
2026-04-19 16:10:00+00:00,4792.0,4793.85,4791.99,4793.84,13.8076,2026,4,19
2026-04-19 16:15:00+00:00,4793.84,4797.84,4793.84,4794.79,11.3979,2026,4,19
2026-04-19 16:20:00+00:00,4794.75,4794.75,4793.83,4794.49,0.9191,2026,4,19
2026-04-19 16:25:00+00:00,4794.49,4796.46,4794.49,4795.26,4.5073,2026,4,19
2026-04-19 16:30:00+00:00,4795.25,4795.25,4794.0,4795.0,3.6862,2026,4,19
2026-04-19 16:35:00+00:00,4795.0,4795.0,4794.76,4794.99,3.0251,2026,4,19
2026-04-19 16:40:00+00:00,4794.99,4796.55,4794.98,4796.01,12.6311,2026,4,19
2026-04-19 16:45:00+00:00,4796.02,4797.18,4795.25,4795.64,6.2042,2026,4,19
2026-04-19 16:50:00+00:00,4795.99,4796.0,4794.5,4794.5,3.1131,2026,4,19
2026-04-19 16:55:00+00:00,4794.3,4794.3,4791.47,4792.52,10.5179,2026,4,19
2026-04-19 17:00:00+00:00,4792.39,4792.39,4786.87,4787.02,5.7519,2026,4,19
2026-04-19 17:05:00+00:00,4787.02,4787.02,4784.44,4785.9,4.4435,2026,4,19
2026-04-19 17:10:00+00:00,4785.91,4785.91,4785.0,4785.16,1.2327,2026,4,19
2026-04-19 17:15:00+00:00,4785.16,4787.76,4785.16,4787.75,2.8144,2026,4,19
2026-04-19 17:20:00+00:00,4787.76,4791.43,4787.76,4789.52,16.4799,2026,4,19
2026-04-19 17:25:00+00:00,4789.51,4789.52,4788.25,4788.25,2.3288,2026,4,19
2026-04-19 17:30:00+00:00,4788.25,4789.51,4784.25,4784.25,24.1344,2026,4,19
2026-04-19 17:35:00+00:00,4784.26,4784.46,4783.43,4783.79,19.281,2026,4,19
2026-04-19 17:40:00+00:00,4783.8,4786.5,4783.8,4786.5,7.6385,2026,4,19
2026-04-19 17:45:00+00:00,4786.49,4786.49,4785.25,4785.26,3.6128,2026,4,19
2026-04-19 17:50:00+00:00,4785.25,4785.25,4780.0,4781.24,25.6844,2026,4,19
2026-04-19 17:55:00+00:00,4781.24,4781.95,4780.0,4781.58,13.4637,2026,4,19
2026-04-19 18:00:00+00:00,4781.58,4782.75,4781.03,4781.31,14.0033,2026,4,19
2026-04-19 18:05:00+00:00,4781.32,4782.64,4781.0,4781.74,25.1163,2026,4,19
2026-04-19 18:10:00+00:00,4781.75,4781.75,4779.26,4780.48,10.8039,2026,4,19
2026-04-19 18:15:00+00:00,4780.76,4782.5,4779.8,4781.89,16.2233,2026,4,19
2026-04-19 18:20:00+00:00,4781.75,4782.0,4779.74,4780.09,11.5098,2026,4,19
2026-04-19 18:25:00+00:00,4780.09,4781.75,4778.01,4779.22,9.0166,2026,4,19
2026-04-19 18:30:00+00:00,4779.22,4779.22,4779.21,4779.21,0.8675,2026,4,19
2026-04-19 18:35:00+00:00,4779.21,4779.22,4779.21,4779.22,0.8747,2026,4,19
2026-04-19 18:40:00+00:00,4779.22,4779.22,4778.07,4778.19,2.6836,2026,4,19
2026-04-19 18:45:00+00:00,4778.18,4778.19,4778.18,4778.19,3.6155,2026,4,19
2026-04-19 18:50:00+00:00,4778.19,4778.19,4778.18,4778.19,2.5832,2026,4,19
2026-04-19 18:55:00+00:00,4778.19,4778.19,4778.18,4778.19,1.2328,2026,4,19
2026-04-19 19:00:00+00:00,4778.19,4779.25,4776.72,4779.24,8.421,2026,4,19
2026-04-19 19:05:00+00:00,4779.5,4783.12,4779.5,4781.84,14.3512,2026,4,19
2026-04-19 19:10:00+00:00,4781.84,4783.1,4779.31,4779.33,17.1587,2026,4,19
2026-04-19 19:15:00+00:00,4779.33,4783.14,4779.32,4783.14,7.0614,2026,4,19
2026-04-19 19:20:00+00:00,4783.13,4783.14,4779.76,4780.79,7.719,2026,4,19
2026-04-19 19:25:00+00:00,4780.78,4783.12,4779.75,4782.66,4.6847,2026,4,19
2026-04-19 19:30:00+00:00,4782.65,4782.66,4780.01,4780.02,10.2615,2026,4,19
2026-04-19 19:35:00+00:00,4780.01,4780.02,4778.0,4780.0,12.4909,2026,4,19
2026-04-19 19:40:00+00:00,4780.25,4781.0,4779.06,4779.83,18.8302,2026,4,19
2026-04-19 19:45:00+00:00,4779.83,4779.83,4778.6,4778.88,4.6285,2026,4,19
2026-04-19 19:50:00+00:00,4778.89,4780.76,4778.89,4780.26,15.462,2026,4,19
2026-04-19 19:55:00+00:00,4780.26,4782.46,4779.11,4782.46,18.9531,2026,4,19
2026-04-19 20:00:00+00:00,4782.45,4782.45,4770.02,4772.5,53.7663,2026,4,19
2026-04-19 20:05:00+00:00,4772.5,4772.5,4770.02,4770.61,9.3472,2026,4,19
2026-04-19 20:10:00+00:00,4770.61,4771.25,4770.0,4770.24,14.5053,2026,4,19
2026-04-19 20:15:00+00:00,4770.25,4770.62,4768.36,4768.97,14.2485,2026,4,19
2026-04-19 20:20:00+00:00,4768.98,4768.99,4767.88,4768.72,8.0543,2026,4,19
2026-04-19 20:25:00+00:00,4768.72,4770.96,4768.01,4770.26,18.1734,2026,4,19
2026-04-19 20:30:00+00:00,4770.25,4771.74,4769.02,4771.74,9.5376,2026,4,19
2026-04-19 20:35:00+00:00,4771.73,4771.73,4771.72,4771.73,1.2011,2026,4,19
2026-04-19 20:40:00+00:00,4771.73,4771.73,4768.6,4768.6,4.5368,2026,4,19
2026-04-19 20:45:00+00:00,4768.6,4769.89,4768.0,4768.0,4.3877,2026,4,19
2026-04-19 20:50:00+00:00,4768.0,4768.75,4768.0,4768.53,3.8451,2026,4,19
2026-04-19 20:55:00+00:00,4768.54,4768.54,4768.09,4768.38,2.8811,2026,4,19
2026-04-19 21:00:00+00:00,4768.38,4768.39,4767.4,4767.66,6.4575,2026,4,19
2026-04-19 21:05:00+00:00,4767.8,4767.8,4767.37,4767.37,0.967,2026,4,19
2026-04-19 21:10:00+00:00,4767.36,4767.36,4766.11,4766.32,12.6715,2026,4,19
2026-04-19 21:15:00+00:00,4766.33,4766.33,4766.0,4766.0,5.7707,2026,4,19
2026-04-19 21:20:00+00:00,4766.0,4766.01,4765.2,4765.2,2.7127,2026,4,19
2026-04-19 21:25:00+00:00,4765.21,4765.21,4765.2,4765.21,0.6072,2026,4,19
2026-04-19 21:30:00+00:00,4765.21,4765.21,4763.49,4764.32,6.9562,2026,4,19
2026-04-19 21:35:00+00:00,4764.32,4764.62,4763.75,4764.62,2.249,2026,4,19
2026-04-19 21:40:00+00:00,4764.2,4764.71,4764.2,4764.71,6.95,2026,4,19
2026-04-19 21:45:00+00:00,4764.71,4770.0,4764.71,4768.63,25.8622,2026,4,19
2026-04-19 21:50:00+00:00,4767.15,4769.09,4765.75,4766.75,13.5796,2026,4,19
2026-04-19 21:55:00+00:00,4766.75,4766.75,4763.23,4763.25,8.0261,2026,4,19
2026-04-19 22:00:00+00:00,4763.26,4773.0,4747.34,4757.37,510.0466,2026,4,19
2026-04-19 22:05:00+00:00,4758.0,4775.94,4756.07,4775.36,214.5232,2026,4,19
2026-04-19 22:10:00+00:00,4775.56,4776.14,4767.01,4771.75,128.6529,2026,4,19
2026-04-19 22:15:00+00:00,4771.51,4776.11,4770.38,4773.75,37.9489,2026,4,19
2026-04-19 22:20:00+00:00,4773.5,4774.51,4765.73,4766.25,76.8371,2026,4,19
2026-04-19 22:25:00+00:00,4766.25,4769.21,4764.35,4765.51,41.2807,2026,4,19
2026-04-19 22:30:00+00:00,4765.51,4771.24,4764.75,4767.75,7.3511,2026,4,19
2026-04-19 22:35:00+00:00,4767.5,4769.03,4765.26,4766.02,23.3985,2026,4,19
2026-04-19 22:40:00+00:00,4766.02,4766.02,4762.25,4762.35,16.4259,2026,4,19
2026-04-19 22:45:00+00:00,4762.35,4767.0,4762.35,4767.0,11.8864,2026,4,19
2026-04-19 22:50:00+00:00,4767.0,4768.29,4765.04,4765.04,7.5294,2026,4,19
2026-04-19 22:55:00+00:00,4765.0,4765.01,4760.94,4762.34,7.9624,2026,4,19
2026-04-19 23:00:00+00:00,4762.07,4762.84,4757.25,4758.92,38.9058,2026,4,19
2026-04-19 23:05:00+00:00,4758.93,4760.49,4757.16,4759.79,5.0283,2026,4,19
2026-04-19 23:10:00+00:00,4760.5,4762.74,4757.35,4758.5,14.0097,2026,4,19
2026-04-19 23:15:00+00:00,4758.5,4759.5,4756.14,4758.75,3.9688,2026,4,19
2026-04-19 23:20:00+00:00,4758.75,4758.75,4755.0,4756.25,7.5301,2026,4,19
2026-04-19 23:25:00+00:00,4756.5,4757.04,4755.25,4755.26,8.2643,2026,4,19
2026-04-19 23:30:00+00:00,4755.25,4759.47,4755.25,4757.79,15.3433,2026,4,19
2026-04-19 23:35:00+00:00,4757.79,4757.79,4745.88,4750.42,49.2824,2026,4,19
2026-04-19 23:40:00+00:00,4750.05,4750.15,4735.0,4738.71,206.0154,2026,4,19
2026-04-19 23:45:00+00:00,4738.71,4738.75,4726.74,4731.02,80.1163,2026,4,19
2026-04-19 23:50:00+00:00,4731.02,4738.11,4731.02,4738.11,15.5929,2026,4,19
2026-04-19 23:55:00+00:00,4738.25,4740.0,4737.01,4740.0,28.1284,2026,4,19
2026-04-20 00:00:00+00:00,4739.99,4739.99,4730.26,4735.08,19.7763,2026,4,20
2026-04-20 00:05:00+00:00,4735.25,4739.25,4733.75,4738.25,12.7448,2026,4,20
2026-04-20 00:10:00+00:00,4738.0,4740.44,4735.79,4738.0,20.3456,2026,4,20
2026-04-20 00:15:00+00:00,4738.24,4744.18,4738.08,4744.18,20.2805,2026,4,20
2026-04-20 00:20:00+00:00,4744.0,4748.05,4743.54,4747.69,35.5942,2026,4,20
2026-04-20 00:25:00+00:00,4748.25,4751.99,4747.95,4751.69,11.3775,2026,4,20
2026-04-20 00:30:00+00:00,4751.33,4753.74,4748.98,4752.36,2.4273,2026,4,20
2026-04-20 00:35:00+00:00,4752.95,4752.95,4748.7,4751.25,2.5343,2026,4,20
2026-04-20 00:40:00+00:00,4751.49,4752.5,4751.25,4752.07,5.5721,2026,4,20
2026-04-20 00:45:00+00:00,4751.77,4754.25,4750.51,4751.14,25.342,2026,4,20
2026-04-20 00:50:00+00:00,4751.0,4751.56,4747.0,4750.5,33.7187,2026,4,20
2026-04-20 00:55:00+00:00,4750.25,4758.86,4748.76,4757.75,4.9366,2026,4,20
2026-04-20 01:00:00+00:00,4758.24,4772.1,4756.65,4771.0,53.3457,2026,4,20
2026-04-20 01:05:00+00:00,4771.25,4772.72,4767.76,4772.25,12.9993,2026,4,20
2026-04-20 01:10:00+00:00,4772.24,4778.0,4771.76,4777.64,12.439,2026,4,20
2026-04-20 01:15:00+00:00,4777.99,4778.33,4773.25,4775.99,5.9483,2026,4,20
2026-04-20 01:20:00+00:00,4776.25,4781.0,4775.55,4780.98,6.5744,2026,4,20
2026-04-20 01:25:00+00:00,4781.0,4785.9,4780.09,4785.89,15.0454,2026,4,20
2026-04-20 01:30:00+00:00,4785.54,4793.99,4784.67,4790.03,63.1723,2026,4,20
2026-04-20 01:35:00+00:00,4790.17,4792.01,4782.68,4789.75,287.0239,2026,4,20
2026-04-20 01:40:00+00:00,4789.76,4791.24,4787.67,4788.77,17.3328,2026,4,20
2026-04-20 01:45:00+00:00,4788.75,4795.0,4787.6,4791.76,65.9452,2026,4,20
2026-04-20 01:50:00+00:00,4792.0,4795.0,4790.26,4793.74,11.9854,2026,4,20
2026-04-20 01:55:00+00:00,4793.74,4794.52,4789.5,4789.5,23.5409,2026,4,20
2026-04-20 02:00:00+00:00,4789.5,4790.0,4785.37,4785.5,15.7845,2026,4,20
2026-04-20 02:05:00+00:00,4785.5,4787.11,4784.52,4785.36,9.4352,2026,4,20
2026-04-20 02:10:00+00:00,4785.25,4785.59,4782.27,4782.74,4.9066,2026,4,20
2026-04-20 02:15:00+00:00,4782.74,4783.25,4781.26,4782.26,3.9263,2026,4,20
2026-04-20 02:20:00+00:00,4782.25,4784.43,4779.75,4783.97,5.4488,2026,4,20
2026-04-20 02:25:00+00:00,4784.43,4784.49,4780.75,4781.84,3.0142,2026,4,20
2026-04-20 02:30:00+00:00,4782.5,4782.5,4780.56,4782.5,2.6005,2026,4,20
2026-04-20 02:35:00+00:00,4782.75,4782.99,4777.89,4778.29,2.7106,2026,4,20
2026-04-20 02:40:00+00:00,4778.49,4779.0,4776.07,4777.0,8.8778,2026,4,20
2026-04-20 02:45:00+00:00,4777.0,4778.25,4775.5,4777.51,3.0728,2026,4,20
2026-04-20 02:50:00+00:00,4777.5,4778.5,4776.0,4778.01,4.2608,2026,4,20
2026-04-20 02:55:00+00:00,4778.01,4778.49,4776.25,4778.49,7.7191,2026,4,20
2026-04-20 03:00:00+00:00,4778.49,4779.0,4776.75,4777.25,2.0598,2026,4,20
2026-04-20 03:05:00+00:00,4777.74,4779.35,4776.75,4776.75,1.5027,2026,4,20
2026-04-20 03:10:00+00:00,4776.54,4776.54,4774.0,4774.24,86.521,2026,4,20
2026-04-20 03:15:00+00:00,4774.66,4775.5,4772.0,4773.83,6.4715,2026,4,20
2026-04-20 03:20:00+00:00,4773.83,4777.24,4773.83,4777.24,4.0884,2026,4,20
2026-04-20 03:25:00+00:00,4777.24,4778.23,4775.74,4777.72,3.434,2026,4,20
2026-04-20 03:30:00+00:00,4777.72,4778.88,4773.26,4774.95,4.358,2026,4,20
2026-04-20 03:35:00+00:00,4774.95,4777.2,4773.99,4777.2,4.1701,2026,4,20
2026-04-20 03:40:00+00:00,4777.19,4777.5,4775.26,4776.25,4.3251,2026,4,20
2026-04-20 03:45:00+00:00,4776.24,4776.24,4774.22,4774.79,1.7794,2026,4,20
2026-04-20 03:50:00+00:00,4775.46,4776.74,4774.05,4774.06,1.7835,2026,4,20
2026-04-20 03:55:00+00:00,4774.75,4774.93,4773.32,4774.26,7.5674,2026,4,20
2026-04-20 04:00:00+00:00,4774.26,4775.77,4774.26,4775.77,6.3411,2026,4,20
2026-04-20 04:05:00+00:00,4775.77,4777.2,4775.77,4777.2,2.1995,2026,4,20
2026-04-20 04:10:00+00:00,4777.2,4777.2,4775.25,4775.25,4.4582,2026,4,20
2026-04-20 04:15:00+00:00,4775.25,4775.99,4774.14,4775.25,2.2881,2026,4,20
2026-04-20 04:20:00+00:00,4775.17,4775.17,4774.0,4774.75,2.0391,2026,4,20
2026-04-20 04:25:00+00:00,4774.99,4776.5,4774.44,4776.49,2.3483,2026,4,20
2026-04-20 04:30:00+00:00,4776.49,4776.49,4771.5,4771.69,4.7517,2026,4,20
2026-04-20 04:35:00+00:00,4771.8,4772.75,4771.7,4772.75,1.349,2026,4,20
2026-04-20 04:40:00+00:00,4772.78,4773.75,4770.37,4771.08,3.0698,2026,4,20
2026-04-20 04:45:00+00:00,4770.51,4774.76,4770.51,4774.76,2.1997,2026,4,20
2026-04-20 04:50:00+00:00,4775.0,4775.25,4772.25,4772.25,6.99,2026,4,20
2026-04-20 04:55:00+00:00,4772.25,4772.72,4771.04,4771.47,1.2726,2026,4,20
2026-04-20 05:00:00+00:00,4771.47,4774.74,4770.94,4772.5,5.4783,2026,4,20
2026-04-20 05:05:00+00:00,4772.74,4773.0,4770.0,4770.5,2.507,2026,4,20
2026-04-20 05:10:00+00:00,4770.25,4770.5,4767.38,4768.18,3.1387,2026,4,20
2026-04-20 05:15:00+00:00,4768.24,4770.58,4768.24,4770.22,5.5897,2026,4,20
2026-04-20 05:20:00+00:00,4770.1,4770.11,4768.35,4769.01,4.2328,2026,4,20
2026-04-20 05:25:00+00:00,4769.01,4769.5,4767.5,4769.42,3.0509,2026,4,20
2026-04-20 05:30:00+00:00,4769.41,4775.99,4768.98,4775.49,14.9408,2026,4,20
2026-04-20 05:35:00+00:00,4775.5,4776.79,4774.02,4774.75,7.3743,2026,4,20
2026-04-20 05:40:00+00:00,4775.03,4775.03,4761.34,4763.29,11.628,2026,4,20
2026-04-20 05:45:00+00:00,4762.84,4766.58,4762.84,4766.58,5.2809,2026,4,20
2026-04-20 05:50:00+00:00,4766.75,4771.76,4765.26,4771.76,4.9654,2026,4,20
2026-04-20 05:55:00+00:00,4771.99,4773.25,4771.7,4772.28,0.5758,2026,4,20
2026-04-20 06:00:00+00:00,4772.27,4774.0,4768.04,4773.99,6.074,2026,4,20
2026-04-20 06:05:00+00:00,4773.25,4773.25,4770.79,4773.17,3.1428,2026,4,20
2026-04-20 06:10:00+00:00,4773.25,4774.52,4772.01,4773.01,2.0411,2026,4,20
2026-04-20 06:15:00+00:00,4773.0,4773.0,4769.92,4770.18,0.8113,2026,4,20
2026-04-20 06:20:00+00:00,4770.7,4770.7,4767.25,4769.98,2.0311,2026,4,20
2026-04-20 06:25:00+00:00,4769.97,4769.99,4767.04,4768.0,1.4115,2026,4,20
2026-04-20 06:30:00+00:00,4768.25,4773.36,4768.25,4769.99,5.3938,2026,4,20
2026-04-20 06:35:00+00:00,4770.47,4772.49,4769.79,4772.49,8.3749,2026,4,20
2026-04-20 06:40:00+00:00,4772.5,4773.49,4771.27,4773.24,9.257,2026,4,20
2026-04-20 06:45:00+00:00,4773.0,4773.0,4769.79,4771.74,3.329,2026,4,20
2026-04-20 06:50:00+00:00,4771.0,4772.1,4769.79,4770.96,2.3446,2026,4,20
2026-04-20 06:55:00+00:00,4770.95,4777.64,4770.34,4777.64,7.8842,2026,4,20
2026-04-20 07:00:00+00:00,4778.18,4784.18,4778.18,4781.34,12.8767,2026,4,20
2026-04-20 07:05:00+00:00,4781.16,4781.17,4777.93,4779.54,7.6224,2026,4,20
2026-04-20 07:10:00+00:00,4779.36,4779.89,4777.74,4779.83,2.0221,2026,4,20
2026-04-20 07:15:00+00:00,4779.36,4787.65,4777.57,4786.57,16.2675,2026,4,20
2026-04-20 07:20:00+00:00,4786.57,4790.0,4786.56,4787.43,16.1218,2026,4,20
2026-04-20 07:25:00+00:00,4787.28,4787.28,4782.43,4782.43,5.9307,2026,4,20
2026-04-20 07:30:00+00:00,4782.42,4783.3,4775.68,4778.64,24.8548,2026,4,20
2026-04-20 07:35:00+00:00,4778.74,4780.65,4775.77,4780.24,2.3419,2026,4,20
2026-04-20 07:40:00+00:00,4780.26,4782.47,4779.54,4781.88,7.7706,2026,4,20
2026-04-20 07:45:00+00:00,4781.7,4781.7,4779.36,4779.36,6.9874,2026,4,20
2026-04-20 07:50:00+00:00,4779.18,4779.18,4773.54,4773.54,5.2131,2026,4,20
2026-04-20 07:55:00+00:00,4773.43,4775.76,4773.25,4774.31,4.2643,2026,4,20
2026-04-20 08:00:00+00:00,4773.97,4775.47,4771.82,4773.6,3.8678,2026,4,20
2026-04-20 08:05:00+00:00,4773.43,4776.28,4772.16,4773.24,4.8108,2026,4,20
2026-04-20 08:10:00+00:00,4773.06,4776.28,4772.71,4774.32,4.7832,2026,4,20
2026-04-20 08:15:00+00:00,4774.32,4774.32,4772.34,4774.13,2.8485,2026,4,20
2026-04-20 08:20:00+00:00,4774.13,4776.06,4772.71,4774.42,1.1712,2026,4,20
2026-04-20 08:25:00+00:00,4774.86,4777.35,4774.13,4776.94,12.4994,2026,4,20
2026-04-20 08:30:00+00:00,4776.94,4776.94,4774.87,4776.0,27.8896,2026,4,20
2026-04-20 08:35:00+00:00,4775.94,4775.94,4774.86,4774.87,1.3069,2026,4,20
2026-04-20 08:40:00+00:00,4774.87,4777.37,4774.69,4777.37,3.7307,2026,4,20
2026-04-20 08:45:00+00:00,4777.38,4779.36,4777.38,4779.07,3.4781,2026,4,20
2026-04-20 08:50:00+00:00,4779.08,4780.34,4777.75,4777.75,4.0314,2026,4,20
2026-04-20 08:55:00+00:00,4778.12,4780.8,4777.99,4780.8,7.5833,2026,4,20
2026-04-20 09:00:00+00:00,4780.8,4781.97,4779.54,4780.26,2.2547,2026,4,20
2026-04-20 09:05:00+00:00,4780.44,4782.6,4779.18,4779.9,5.5032,2026,4,20
2026-04-20 09:10:00+00:00,4779.9,4782.06,4779.4,4781.04,3.2695,2026,4,20
2026-04-20 09:15:00+00:00,4781.52,4781.52,4778.82,4779.27,5.0977,2026,4,20
2026-04-20 09:20:00+00:00,4779.71,4781.16,4778.95,4780.08,5.3186,2026,4,20
2026-04-20 09:25:00+00:00,4779.9,4779.9,4778.1,4778.1,2.9118,2026,4,20
2026-04-20 09:30:00+00:00,4778.17,4780.73,4771.61,4772.1,8.0097,2026,4,20
2026-04-20 09:35:00+00:00,4772.34,4775.58,4772.34,4775.21,1.6905,2026,4,20
2026-04-20 09:40:00+00:00,4775.05,4778.64,4775.05,4778.53,0.9772,2026,4,20
2026-04-20 09:45:00+00:00,4778.52,4781.34,4778.1,4780.81,0.9914,2026,4,20
2026-04-20 09:50:00+00:00,4780.95,4781.88,4777.85,4777.85,4.3773,2026,4,20
2026-04-20 09:55:00+00:00,4777.74,4779.17,4775.76,4777.02,1.757,2026,4,20
2026-04-20 10:00:00+00:00,4777.27,4779.17,4776.66,4777.38,7.1935,2026,4,20
2026-04-20 10:05:00+00:00,4777.56,4784.4,4777.56,4784.21,5.3468,2026,4,20
2026-04-20 10:10:00+00:00,4783.87,4784.75,4781.98,4781.98,2.0013,2026,4,20
2026-04-20 10:15:00+00:00,4781.89,4785.0,4781.71,4785.0,4.9723,2026,4,20
2026-04-20 10:20:00+00:00,4784.99,4785.0,4783.21,4783.21,7.1603,2026,4,20
2026-04-20 10:25:00+00:00,4783.22,4784.2,4782.79,4784.09,4.129,2026,4,20
2026-04-20 10:30:00+00:00,4783.88,4784.8,4782.6,4782.6,4.1827,2026,4,20
2026-04-20 10:35:00+00:00,4782.48,4782.48,4781.59,4781.66,7.4357,2026,4,20
2026-04-20 10:40:00+00:00,4781.67,4781.67,4780.8,4780.8,0.5293,2026,4,20
2026-04-20 10:45:00+00:00,4780.7,4781.33,4780.06,4780.9,2.8034,2026,4,20
2026-04-20 10:50:00+00:00,4780.9,4780.91,4780.06,4780.62,1.3403,2026,4,20
2026-04-20 10:55:00+00:00,4780.62,4781.92,4780.15,4780.63,3.6195,2026,4,20
2026-04-20 11:00:00+00:00,4780.63,4780.89,4776.86,4777.35,1.5225,2026,4,20
2026-04-20 11:05:00+00:00,4777.05,4779.75,4776.67,4778.48,15.8424,2026,4,20
2026-04-20 11:10:00+00:00,4778.35,4778.35,4773.89,4775.22,3.9689,2026,4,20
2026-04-20 11:15:00+00:00,4775.4,4776.26,4773.6,4773.96,3.1884,2026,4,20
2026-04-20 11:20:00+00:00,4773.42,4774.82,4772.64,4774.81,3.0085,2026,4,20
2026-04-20 11:25:00+00:00,4774.86,4775.68,4774.33,4774.5,0.2625,2026,4,20
2026-04-20 11:30:00+00:00,4774.49,4776.94,4774.14,4775.82,2.1375,2026,4,20
2026-04-20 11:35:00+00:00,4775.66,4777.66,4775.59,4777.49,2.1221,2026,4,20
2026-04-20 11:40:00+00:00,4777.5,4779.86,4776.49,4779.86,0.5613,2026,4,20
2026-04-20 11:45:00+00:00,4779.9,4786.56,4779.9,4786.56,8.0806,2026,4,20
2026-04-20 11:50:00+00:00,4786.56,4793.27,4786.56,4790.71,13.7223,2026,4,20
2026-04-20 11:55:00+00:00,4790.71,4794.73,4790.71,4794.73,6.2591,2026,4,20
2026-04-20 12:00:00+00:00,4794.65,4794.73,4790.93,4793.26,5.841,2026,4,20
2026-04-20 12:05:00+00:00,4793.26,4794.8,4787.82,4791.6,11.9665,2026,4,20
2026-04-20 12:10:00+00:00,4791.61,4795.0,4791.61,4794.48,32.6662,2026,4,20
2026-04-20 12:15:00+00:00,4794.31,4798.64,4791.34,4797.36,46.8018,2026,4,20
2026-04-20 12:20:00+00:00,4797.37,4805.69,4797.37,4799.23,45.8528,2026,4,20
2026-04-20 12:25:00+00:00,4799.16,4799.16,4789.08,4789.79,49.5484,2026,4,20
2026-04-20 12:30:00+00:00,4789.79,4793.04,4788.9,4790.06,18.8277,2026,4,20
2026-04-20 12:35:00+00:00,4789.81,4789.81,4784.01,4787.8,7.2463,2026,4,20
2026-04-20 12:40:00+00:00,4787.8,4790.78,4787.46,4789.8,7.0203,2026,4,20
2026-04-20 12:45:00+00:00,4789.97,4791.23,4788.01,4789.26,3.4367,2026,4,20
2026-04-20 12:50:00+00:00,4789.8,4790.97,4786.0,4786.98,8.8959,2026,4,20
2026-04-20 12:55:00+00:00,4786.61,4787.24,4785.3,4787.24,3.4815,2026,4,20
2026-04-20 13:00:00+00:00,4787.24,4788.43,4784.58,4787.74,13.4118,2026,4,20
2026-04-20 13:05:00+00:00,4787.47,4798.0,4787.29,4794.3,24.5066,2026,4,20
2026-04-20 13:10:00+00:00,4794.48,4799.34,4793.95,4797.73,13.0116,2026,4,20
2026-04-20 13:15:00+00:00,4798.26,4799.98,4796.64,4798.8,3.6009,2026,4,20
2026-04-20 13:20:00+00:00,4798.97,4802.0,4798.5,4799.16,47.4294,2026,4,20
2026-04-20 13:25:00+00:00,4799.2,4808.42,4798.62,4808.12,11.1758,2026,4,20
2026-04-20 13:30:00+00:00,4807.78,4808.87,4800.96,4804.74,13.717,2026,4,20
2026-04-20 13:35:00+00:00,4804.92,4808.33,4801.26,4801.26,19.8522,2026,4,20
2026-04-20 13:40:00+00:00,4801.67,4806.89,4801.15,4806.0,3.8726,2026,4,20
2026-04-20 13:45:00+00:00,4805.82,4807.07,4803.34,4804.04,3.8189,2026,4,20
2026-04-20 13:50:00+00:00,4804.2,4805.63,4802.4,4805.63,4.9103,2026,4,20
2026-04-20 13:55:00+00:00,4805.1,4806.36,4801.88,4802.39,5.39,2026,4,20
2026-04-20 14:00:00+00:00,4802.4,4802.4,4796.62,4801.26,11.4,2026,4,20
2026-04-20 14:05:00+00:00,4801.31,4802.13,4797.0,4797.73,3.5977,2026,4,20
2026-04-20 14:10:00+00:00,4798.08,4800.5,4792.14,4800.5,19.1745,2026,4,20
2026-04-20 14:15:00+00:00,4800.49,4801.85,4798.44,4800.42,21.6693,2026,4,20
2026-04-20 14:20:00+00:00,4800.62,4809.0,4800.62,4809.0,6.0429,2026,4,20
2026-04-20 14:25:00+00:00,4808.97,4809.88,4805.64,4806.36,8.606,2026,4,20
2026-04-20 14:30:00+00:00,4806.54,4809.88,4802.22,4802.75,10.6347,2026,4,20
2026-04-20 14:35:00+00:00,4802.75,4802.75,4798.77,4798.98,7.1984,2026,4,20
2026-04-20 14:40:00+00:00,4798.98,4799.45,4795.81,4798.08,5.0327,2026,4,20
2026-04-20 14:45:00+00:00,4798.25,4798.26,4795.18,4797.18,12.7118,2026,4,20
2026-04-20 14:50:00+00:00,4797.36,4798.08,4779.23,4791.77,56.9624,2026,4,20
2026-04-20 14:55:00+00:00,4791.78,4792.14,4783.92,4788.31,31.3927,2026,4,20
2026-04-20 15:00:00+00:00,4788.35,4790.33,4781.36,4781.87,17.7049,2026,4,20
2026-04-20 15:05:00+00:00,4781.88,4784.22,4780.09,4782.24,4.4,2026,4,20
2026-04-20 15:10:00+00:00,4782.06,4785.95,4777.9,4782.06,6.7479,2026,4,20
2026-04-20 15:15:00+00:00,4782.06,4784.16,4779.78,4782.59,6.1954,2026,4,20
2026-04-20 15:20:00+00:00,4782.59,4789.44,4781.89,4789.44,13.3196,2026,4,20
2026-04-20 15:25:00+00:00,4789.27,4794.54,4788.55,4794.54,19.6716,2026,4,20
2026-04-20 15:30:00+00:00,4794.3,4794.3,4789.12,4789.37,35.5431,2026,4,20
2026-04-20 15:35:00+00:00,4789.26,4789.26,4786.74,4787.46,6.473,2026,4,20
2026-04-20 15:40:00+00:00,4787.46,4789.26,4786.2,4786.2,4.7707,2026,4,20
2026-04-20 15:45:00+00:00,4786.2,4786.2,4784.4,4785.02,4.269,2026,4,20
2026-04-20 15:50:00+00:00,4785.03,4785.03,4780.7,4781.1,5.4403,2026,4,20
2026-04-20 15:55:00+00:00,4781.1,4785.18,4781.1,4785.18,4.1333,2026,4,20
2026-04-20 16:00:00+00:00,4785.18,4786.01,4781.0,4781.0,2.57,2026,4,20
2026-04-20 16:05:00+00:00,4780.99,4783.05,4780.99,4783.02,7.614,2026,4,20
2026-04-20 16:10:00+00:00,4783.02,4785.12,4783.02,4784.68,10.927,2026,4,20
2026-04-20 16:15:00+00:00,4784.67,4784.94,4779.63,4782.24,11.8608,2026,4,20
2026-04-20 16:20:00+00:00,4782.42,4786.23,4782.42,4784.39,12.3116,2026,4,20
2026-04-20 16:25:00+00:00,4784.39,4786.92,4783.86,4786.91,1.3785,2026,4,20
2026-04-20 16:30:00+00:00,4787.1,4789.79,4787.1,4788.13,25.67,2026,4,20
2026-04-20 16:35:00+00:00,4788.01,4788.01,4785.96,4786.89,2.906,2026,4,20
2026-04-20 16:40:00+00:00,4786.89,4790.15,4786.56,4789.27,2.0079,2026,4,20
2026-04-20 16:45:00+00:00,4789.27,4790.75,4789.26,4790.35,1.5828,2026,4,20
2026-04-20 16:50:00+00:00,4790.34,4792.29,4790.34,4791.77,2.5962,2026,4,20
2026-04-20 16:55:00+00:00,4791.77,4792.14,4791.61,4792.04,0.9507,2026,4,20
2026-04-20 17:00:00+00:00,4792.14,4795.0,4791.61,4794.48,4.1165,2026,4,20
2026-04-20 17:05:00+00:00,4794.3,4795.61,4789.9,4790.0,460.7808,2026,4,20
2026-04-20 17:10:00+00:00,4790.0,4792.55,4789.78,4792.15,979.5549,2026,4,20
2026-04-20 17:15:00+00:00,4792.15,4792.15,4789.79,4790.0,290.6116,2026,4,20
2026-04-20 17:20:00+00:00,4790.0,4791.96,4789.65,4790.33,324.5518,2026,4,20
2026-04-20 17:25:00+00:00,4790.16,4790.7,4784.69,4789.98,1089.5609,2026,4,20
2026-04-20 17:30:00+00:00,4789.99,4792.77,4784.99,4785.0,480.0425,2026,4,20
2026-04-20 17:35:00+00:00,4785.0,4791.41,4784.99,4791.19,751.4382,2026,4,20
2026-04-20 17:40:00+00:00,4791.05,4793.86,4790.35,4791.6,27.6029,2026,4,20
2026-04-20 17:45:00+00:00,4791.6,4791.6,4790.34,4790.35,11.8058,2026,4,20
2026-04-20 17:50:00+00:00,4790.37,4792.5,4790.35,4792.49,19.7087,2026,4,20
2026-04-20 17:55:00+00:00,4792.27,4792.27,4789.08,4789.98,19.6153,2026,4,20
2026-04-20 18:00:00+00:00,4789.98,4795.38,4789.98,4794.74,174.1956,2026,4,20
2026-04-20 18:05:00+00:00,4795.02,4797.94,4795.02,4797.31,16.6559,2026,4,20
2026-04-20 18:10:00+00:00,4797.31,4798.62,4794.85,4798.62,15.0589,2026,4,20
2026-04-20 18:15:00+00:00,4798.61,4798.61,4797.01,4797.05,1.1161,2026,4,20
2026-04-20 18:20:00+00:00,4797.31,4798.67,4797.0,4797.84,70.5873,2026,4,20
2026-04-20 18:25:00+00:00,4797.85,4798.25,4795.92,4797.8,33.8883,2026,4,20
2026-04-20 18:30:00+00:00,4797.8,4799.5,4796.34,4799.08,35.0632,2026,4,20
2026-04-20 18:35:00+00:00,4799.3,4799.3,4796.25,4797.18,26.4513,2026,4,20
2026-04-20 18:40:00+00:00,4797.0,4799.7,4797.0,4799.14,38.5772,2026,4,20
2026-04-20 18:45:00+00:00,4799.15,4800.53,4799.14,4800.07,29.0155,2026,4,20
2026-04-20 18:50:00+00:00,4800.06,4801.13,4799.7,4799.71,10.2624,2026,4,20
2026-04-20 18:55:00+00:00,4799.71,4800.42,4798.02,4798.43,8.6806,2026,4,20
2026-04-20 19:00:00+00:00,4798.44,4802.79,4798.44,4801.87,14.8507,2026,4,20
2026-04-20 19:05:00+00:00,4801.87,4803.84,4801.87,4803.84,23.3841,2026,4,20
2026-04-20 19:10:00+00:00,4803.84,4805.57,4803.46,4804.74,7.608,2026,4,20
2026-04-20 19:15:00+00:00,4804.74,4804.74,4802.4,4802.58,5.6576,2026,4,20
2026-04-20 19:20:00+00:00,4802.59,4802.66,4801.41,4802.25,2.1659,2026,4,20
2026-04-20 19:25:00+00:00,4802.24,4802.25,4800.89,4801.12,2.328,2026,4,20
2026-04-20 19:30:00+00:00,4801.12,4801.12,4798.99,4798.99,1.5105,2026,4,20
2026-04-20 19:35:00+00:00,4798.98,4798.98,4795.57,4796.14,12.5945,2026,4,20
2026-04-20 19:40:00+00:00,4796.15,4796.28,4795.74,4796.27,1.9613,2026,4,20
2026-04-20 19:45:00+00:00,4796.27,4797.18,4796.27,4796.64,3.3479,2026,4,20
2026-04-20 19:50:00+00:00,4796.65,4797.18,4796.64,4796.76,2.0244,2026,4,20
2026-04-20 19:55:00+00:00,4796.64,4797.54,4794.84,4797.54,8.0909,2026,4,20
2026-04-20 20:00:00+00:00,4797.54,4800.23,4797.54,4799.52,4.1569,2026,4,20
2026-04-20 20:05:00+00:00,4799.51,4799.52,4799.34,4799.34,0.7555,2026,4,20
2026-04-20 20:10:00+00:00,4799.34,4799.34,4798.26,4798.27,1.5157,2026,4,20
2026-04-20 20:15:00+00:00,4798.26,4798.27,4797.42,4797.42,1.8216,2026,4,20
2026-04-20 20:20:00+00:00,4797.43,4799.16,4797.42,4799.16,5.2209,2026,4,20
2026-04-20 20:25:00+00:00,4799.16,4800.0,4799.15,4799.52,21.6325,2026,4,20
2026-04-20 20:30:00+00:00,4799.52,4799.97,4798.22,4798.22,4.0749,2026,4,20
2026-04-20 20:35:00+00:00,4798.08,4799.16,4798.08,4799.16,0.7559,2026,4,20
2026-04-20 20:40:00+00:00,4799.16,4800.05,4799.16,4800.05,3.0386,2026,4,20
2026-04-20 20:45:00+00:00,4800.05,4802.15,4800.05,4800.54,28.0034,2026,4,20
2026-04-20 20:50:00+00:00,4800.64,4804.0,4800.64,4803.89,5.7649,2026,4,20
2026-04-20 20:55:00+00:00,4803.88,4804.92,4803.88,4804.37,6.1566,2026,4,20
2026-04-20 21:00:00+00:00,4804.38,4804.38,4802.7,4802.7,11.6632,2026,4,20
2026-04-20 21:05:00+00:00,4802.7,4803.83,4802.58,4803.61,4.3009,2026,4,20
2026-04-20 21:10:00+00:00,4803.62,4803.62,4801.16,4802.04,4.2475,2026,4,20
2026-04-20 21:15:00+00:00,4802.03,4802.04,4802.03,4802.03,2.2728,2026,4,20
2026-04-20 21:20:00+00:00,4801.54,4801.55,4800.6,4800.6,2.7878,2026,4,20
2026-04-20 21:25:00+00:00,4800.6,4803.32,4800.6,4803.1,17.2959,2026,4,20
2026-04-20 21:30:00+00:00,4803.11,4803.96,4803.11,4803.56,8.4151,2026,4,20
2026-04-20 21:35:00+00:00,4803.56,4803.56,4803.2,4803.2,2.9023,2026,4,20
2026-04-20 21:40:00+00:00,4803.21,4803.96,4803.2,4803.71,12.5268,2026,4,20
2026-04-20 21:45:00+00:00,4803.71,4803.74,4803.71,4803.74,3.4577,2026,4,20
2026-04-20 21:50:00+00:00,4803.75,4804.59,4803.75,4804.59,0.6114,2026,4,20
2026-04-20 21:55:00+00:00,4804.79,4806.06,4804.79,4806.06,3.756,2026,4,20
2026-04-20 22:00:00+00:00,4806.06,4813.2,4806.06,4810.05,187.1635,2026,4,20
2026-04-20 22:05:00+00:00,4809.84,4814.45,4809.42,4813.89,7.3293,2026,4,20
2026-04-20 22:10:00+00:00,4813.41,4814.67,4811.37,4812.06,8.0522,2026,4,20
2026-04-20 22:15:00+00:00,4812.99,4815.0,4812.99,4814.25,1.6973,2026,4,20
2026-04-20 22:20:00+00:00,4814.73,4815.5,4814.04,4814.88,4.658,2026,4,20
2026-04-20 22:25:00+00:00,4814.7,4815.52,4812.22,4812.22,6.2564,2026,4,20
2026-04-20 22:30:00+00:00,4812.22,4812.23,4809.93,4811.52,4.4488,2026,4,20
2026-04-20 22:35:00+00:00,4811.52,4814.24,4811.52,4813.4,3.7174,2026,4,20
2026-04-20 22:40:00+00:00,4812.8,4814.89,4812.79,4814.57,1.5432,2026,4,20
2026-04-20 22:45:00+00:00,4814.77,4814.78,4814.04,4814.04,1.625,2026,4,20
2026-04-20 22:50:00+00:00,4813.84,4813.84,4811.59,4811.6,4.6544,2026,4,20
2026-04-20 22:55:00+00:00,4811.59,4811.59,4810.55,4811.29,1.8327,2026,4,20
2026-04-20 23:00:00+00:00,4811.31,4814.78,4811.22,4811.22,7.8278,2026,4,20
2026-04-20 23:05:00+00:00,4811.11,4811.11,4809.21,4809.77,2.6403,2026,4,20
2026-04-20 23:10:00+00:00,4809.22,4810.46,4809.22,4810.17,1.1407,2026,4,20
2026-04-20 23:15:00+00:00,4810.47,4810.47,4808.58,4808.58,1.6289,2026,4,20
2026-04-20 23:20:00+00:00,4808.59,4809.72,4808.59,4809.72,1.4534,2026,4,20
2026-04-20 23:25:00+00:00,4809.84,4810.46,4809.84,4809.84,2.3207,2026,4,20
2026-04-20 23:30:00+00:00,4809.84,4809.84,4808.02,4808.02,2.3564,2026,4,20
2026-04-20 23:35:00+00:00,4808.02,4808.56,4807.76,4808.37,2.7784,2026,4,20
2026-04-20 23:40:00+00:00,4808.58,4808.58,4807.9,4807.9,1.5946,2026,4,20
2026-04-20 23:45:00+00:00,4807.91,4808.33,4805.01,4806.05,15.7206,2026,4,20
2026-04-20 23:50:00+00:00,4806.05,4806.27,4805.89,4806.13,1.777,2026,4,20
2026-04-20 23:55:00+00:00,4805.89,4806.48,4805.3,4806.48,1.1173,2026,4,20
