timestamp,open,high,low,close,volume,year,month,day
2021-11-01 00:00:00+00:00,1779.0,1781.0,1779.0,1781.0,2.9072,2021,11,1
2021-11-01 00:05:00+00:00,1780.0,1781.0,1780.0,1780.0,3.0566,2021,11,1
2021-11-01 00:10:00+00:00,1780.0,1781.0,1780.0,1781.0,1.5217,2021,11,1
2021-11-01 00:15:00+00:00,1781.0,1781.0,1779.0,1781.0,1.5995,2021,11,1
2021-11-01 00:20:00+00:00,1780.0,1781.0,1780.0,1781.0,0.2016,2021,11,1
2021-11-01 00:25:00+00:00,1781.0,1781.0,1781.0,1781.0,0.5871,2021,11,1
2021-11-01 00:30:00+00:00,1781.0,1781.0,1781.0,1781.0,0.6838,2021,11,1
2021-11-01 00:35:00+00:00,1781.0,1782.0,1781.0,1781.0,1.4598,2021,11,1
2021-11-01 00:40:00+00:00,1781.0,1782.0,1781.0,1782.0,1.6731,2021,11,1
2021-11-01 00:45:00+00:00,1782.0,1782.0,1782.0,1782.0,0.0554,2021,11,1
2021-11-01 00:50:00+00:00,1782.0,1782.0,1782.0,1782.0,0.0126,2021,11,1
2021-11-01 00:55:00+00:00,1782.0,1782.0,1782.0,1782.0,1.0502,2021,11,1
2021-11-01 01:00:00+00:00,1782.0,1783.0,1782.0,1783.0,0.8945,2021,11,1
2021-11-01 01:05:00+00:00,1783.0,1784.0,1782.0,1784.0,4.6477,2021,11,1
2021-11-01 01:10:00+00:00,1784.0,1784.0,1784.0,1784.0,0.9269,2021,11,1
2021-11-01 01:15:00+00:00,1784.0,1784.0,1784.0,1784.0,0.0,2021,11,1
2021-11-01 01:20:00+00:00,1784.0,1784.0,1784.0,1784.0,0.0142,2021,11,1
2021-11-01 01:25:00+00:00,1783.0,1783.0,1782.0,1782.0,2.4925,2021,11,1
2021-11-01 01:30:00+00:00,1782.0,1782.0,1781.0,1782.0,1.7863,2021,11,1
2021-11-01 01:35:00+00:00,1782.0,1782.0,1782.0,1782.0,0.0,2021,11,1
2021-11-01 01:40:00+00:00,1782.0,1782.0,1782.0,1782.0,0.5294,2021,11,1
2021-11-01 01:45:00+00:00,1783.0,1783.0,1783.0,1783.0,4.4027,2021,11,1
2021-11-01 01:50:00+00:00,1783.0,1783.0,1783.0,1783.0,0.0,2021,11,1
2021-11-01 01:55:00+00:00,1783.0,1783.0,1782.0,1783.0,1.9866,2021,11,1
2021-11-01 02:00:00+00:00,1782.0,1784.0,1782.0,1784.0,5.7649,2021,11,1
2021-11-01 02:05:00+00:00,1784.0,1785.0,1784.0,1785.0,4.9188,2021,11,1
2021-11-01 02:10:00+00:00,1784.0,1784.0,1784.0,1784.0,0.336,2021,11,1
2021-11-01 02:15:00+00:00,1784.0,1785.0,1782.0,1783.0,11.9641,2021,11,1
2021-11-01 02:20:00+00:00,1783.0,1785.0,1783.0,1784.0,6.703,2021,11,1
2021-11-01 02:25:00+00:00,1784.0,1785.0,1784.0,1784.0,2.3821,2021,11,1
2021-11-01 02:30:00+00:00,1784.0,1785.0,1782.0,1784.0,36.0316,2021,11,1
2021-11-01 02:35:00+00:00,1785.0,1785.0,1784.0,1785.0,1.053,2021,11,1
2021-11-01 02:40:00+00:00,1785.0,1785.0,1784.0,1785.0,3.657,2021,11,1
2021-11-01 02:45:00+00:00,1786.0,1786.0,1785.0,1785.0,0.0608,2021,11,1
2021-11-01 02:50:00+00:00,1785.0,1785.0,1785.0,1785.0,0.1024,2021,11,1
2021-11-01 02:55:00+00:00,1785.0,1785.0,1784.0,1784.0,1.1381,2021,11,1
2021-11-01 03:00:00+00:00,1785.0,1785.0,1784.0,1784.0,0.074,2021,11,1
2021-11-01 03:05:00+00:00,1785.0,1786.0,1785.0,1785.0,1.6592,2021,11,1
2021-11-01 03:10:00+00:00,1785.0,1785.0,1785.0,1785.0,0.4139,2021,11,1
2021-11-01 03:15:00+00:00,1785.0,1786.0,1785.0,1786.0,0.3706,2021,11,1
2021-11-01 03:20:00+00:00,1785.0,1785.0,1785.0,1785.0,0.2547,2021,11,1
2021-11-01 03:25:00+00:00,1785.0,1785.0,1785.0,1785.0,0.028,2021,11,1
2021-11-01 03:30:00+00:00,1785.0,1785.0,1781.0,1783.0,5.5076,2021,11,1
2021-11-01 03:35:00+00:00,1783.0,1783.0,1782.0,1782.0,0.0574,2021,11,1
2021-11-01 03:40:00+00:00,1782.0,1782.0,1782.0,1782.0,0.0,2021,11,1
2021-11-01 03:45:00+00:00,1783.0,1783.0,1782.0,1783.0,1.0505,2021,11,1
2021-11-01 03:50:00+00:00,1782.0,1782.0,1782.0,1782.0,3.3476,2021,11,1
2021-11-01 03:55:00+00:00,1782.0,1783.0,1781.0,1783.0,7.3222,2021,11,1
2021-11-01 04:00:00+00:00,1782.0,1783.0,1777.0,1781.0,33.0031,2021,11,1
2021-11-01 04:05:00+00:00,1780.0,1782.0,1780.0,1781.0,2.9456,2021,11,1
2021-11-01 04:10:00+00:00,1781.0,1782.0,1777.0,1782.0,18.088,2021,11,1
2021-11-01 04:15:00+00:00,1782.0,1782.0,1782.0,1782.0,1.0946,2021,11,1
2021-11-01 04:20:00+00:00,1781.0,1782.0,1781.0,1782.0,1.1067,2021,11,1
2021-11-01 04:25:00+00:00,1782.0,1782.0,1781.0,1781.0,0.1386,2021,11,1
2021-11-01 04:30:00+00:00,1781.0,1783.0,1781.0,1782.0,1.5136,2021,11,1
2021-11-01 04:35:00+00:00,1782.0,1782.0,1782.0,1782.0,0.0,2021,11,1
2021-11-01 04:40:00+00:00,1782.0,1782.0,1782.0,1782.0,0.012,2021,11,1
2021-11-01 04:45:00+00:00,1782.0,1782.0,1782.0,1782.0,0.0,2021,11,1
2021-11-01 04:50:00+00:00,1782.0,1782.0,1780.0,1782.0,4.9818,2021,11,1
2021-11-01 04:55:00+00:00,1782.0,1782.0,1782.0,1782.0,0.0,2021,11,1
2021-11-01 05:00:00+00:00,1782.0,1783.0,1782.0,1783.0,0.8088,2021,11,1
2021-11-01 05:05:00+00:00,1783.0,1783.0,1783.0,1783.0,0.0,2021,11,1
2021-11-01 05:10:00+00:00,1783.0,1785.0,1783.0,1785.0,5.1904,2021,11,1
2021-11-01 05:15:00+00:00,1785.0,1785.0,1785.0,1785.0,0.5691,2021,11,1
2021-11-01 05:20:00+00:00,1785.0,1785.0,1785.0,1785.0,0.0866,2021,11,1
2021-11-01 05:25:00+00:00,1784.0,1784.0,1784.0,1784.0,0.0862,2021,11,1
2021-11-01 05:30:00+00:00,1785.0,1785.0,1784.0,1784.0,0.5988,2021,11,1
2021-11-01 05:35:00+00:00,1784.0,1784.0,1784.0,1784.0,0.804,2021,11,1
2021-11-01 05:40:00+00:00,1783.0,1784.0,1783.0,1784.0,1.1001,2021,11,1
2021-11-01 05:45:00+00:00,1784.0,1784.0,1784.0,1784.0,0.0,2021,11,1
2021-11-01 05:50:00+00:00,1784.0,1784.0,1784.0,1784.0,0.0408,2021,11,1
2021-11-01 05:55:00+00:00,1784.0,1784.0,1783.0,1784.0,4.3336,2021,11,1
2021-11-01 06:00:00+00:00,1783.0,1784.0,1783.0,1784.0,0.4726,2021,11,1
2021-11-01 06:05:00+00:00,1785.0,1785.0,1785.0,1785.0,0.9119,2021,11,1
2021-11-01 06:10:00+00:00,1785.0,1785.0,1784.0,1784.0,1.3382,2021,11,1
2021-11-01 06:15:00+00:00,1784.0,1784.0,1784.0,1784.0,0.0655,2021,11,1
2021-11-01 06:20:00+00:00,1784.0,1785.0,1784.0,1785.0,0.3791,2021,11,1
2021-11-01 06:25:00+00:00,1784.0,1785.0,1784.0,1785.0,0.349,2021,11,1
2021-11-01 06:30:00+00:00,1784.0,1785.0,1782.0,1784.0,3.4127,2021,11,1
2021-11-01 06:35:00+00:00,1785.0,1785.0,1784.0,1785.0,3.2146,2021,11,1
2021-11-01 06:40:00+00:00,1784.0,1785.0,1784.0,1785.0,2.1779,2021,11,1
2021-11-01 06:45:00+00:00,1785.0,1785.0,1785.0,1785.0,0.2125,2021,11,1
2021-11-01 06:50:00+00:00,1785.0,1785.0,1785.0,1785.0,0.0898,2021,11,1
2021-11-01 06:55:00+00:00,1785.0,1785.0,1785.0,1785.0,0.721,2021,11,1
2021-11-01 07:00:00+00:00,1785.0,1786.0,1784.0,1786.0,33.9484,2021,11,1
2021-11-01 07:05:00+00:00,1785.0,1785.0,1784.0,1785.0,23.3122,2021,11,1
2021-11-01 07:10:00+00:00,1785.0,1785.0,1785.0,1785.0,14.5962,2021,11,1
2021-11-01 07:15:00+00:00,1785.0,1786.0,1784.0,1786.0,21.2812,2021,11,1
2021-11-01 07:20:00+00:00,1786.0,1786.0,1785.0,1785.0,0.9613,2021,11,1
2021-11-01 07:25:00+00:00,1786.0,1786.0,1785.0,1785.0,1.3658,2021,11,1
2021-11-01 07:30:00+00:00,1785.0,1786.0,1785.0,1786.0,1.3441,2021,11,1
2021-11-01 07:35:00+00:00,1785.0,1785.0,1785.0,1785.0,0.043,2021,11,1
2021-11-01 07:40:00+00:00,1786.0,1786.0,1785.0,1785.0,0.0628,2021,11,1
2021-11-01 07:45:00+00:00,1786.0,1786.0,1785.0,1785.0,4.809,2021,11,1
2021-11-01 07:50:00+00:00,1786.0,1787.0,1785.0,1786.0,3.3625,2021,11,1
2021-11-01 07:55:00+00:00,1786.0,1786.0,1785.0,1785.0,3.4246,2021,11,1
2021-11-01 08:00:00+00:00,1785.0,1785.0,1784.0,1784.0,5.5511,2021,11,1
2021-11-01 08:05:00+00:00,1785.0,1785.0,1784.0,1784.0,0.7596,2021,11,1
2021-11-01 08:10:00+00:00,1785.0,1785.0,1785.0,1785.0,0.0079,2021,11,1
2021-11-01 08:15:00+00:00,1785.0,1785.0,1785.0,1785.0,0.0975,2021,11,1
2021-11-01 08:20:00+00:00,1785.0,1785.0,1784.0,1784.0,0.1588,2021,11,1
2021-11-01 08:25:00+00:00,1785.0,1785.0,1784.0,1785.0,11.7251,2021,11,1
2021-11-01 08:30:00+00:00,1785.0,1785.0,1784.0,1784.0,2.8865,2021,11,1
2021-11-01 08:35:00+00:00,1784.0,1784.0,1782.0,1782.0,6.422,2021,11,1
2021-11-01 08:40:00+00:00,1782.0,1783.0,1780.0,1781.0,8.928,2021,11,1
2021-11-01 08:45:00+00:00,1781.0,1782.0,1781.0,1781.0,5.4865,2021,11,1
2021-11-01 08:50:00+00:00,1781.0,1782.0,1781.0,1781.0,3.9941,2021,11,1
2021-11-01 08:55:00+00:00,1781.0,1783.0,1781.0,1783.0,6.7341,2021,11,1
2021-11-01 09:00:00+00:00,1782.0,1783.0,1781.0,1781.0,6.1474,2021,11,1
2021-11-01 09:05:00+00:00,1782.0,1783.0,1780.0,1781.0,6.8274,2021,11,1
2021-11-01 09:10:00+00:00,1782.0,1783.0,1781.0,1783.0,6.493,2021,11,1
2021-11-01 09:15:00+00:00,1781.0,1783.0,1781.0,1782.0,4.169,2021,11,1
2021-11-01 09:20:00+00:00,1782.0,1783.0,1781.0,1781.0,5.0301,2021,11,1
2021-11-01 09:25:00+00:00,1781.0,1787.0,1781.0,1783.0,24.992,2021,11,1
2021-11-01 09:30:00+00:00,1783.0,1785.0,1780.0,1783.0,110.429,2021,11,1
2021-11-01 09:35:00+00:00,1784.0,1784.0,1781.0,1783.0,6.9847,2021,11,1
2021-11-01 09:40:00+00:00,1783.0,1784.0,1783.0,1783.0,4.8779,2021,11,1
2021-11-01 09:45:00+00:00,1783.0,1785.0,1783.0,1783.0,3.8101,2021,11,1
2021-11-01 09:50:00+00:00,1783.0,1784.0,1783.0,1783.0,3.9421,2021,11,1
2021-11-01 09:55:00+00:00,1783.0,1785.0,1783.0,1783.0,4.9386,2021,11,1
2021-11-01 10:00:00+00:00,1783.0,1785.0,1782.0,1784.0,7.1039,2021,11,1
2021-11-01 10:05:00+00:00,1784.0,1785.0,1783.0,1783.0,4.9053,2021,11,1
2021-11-01 10:10:00+00:00,1783.0,1785.0,1783.0,1784.0,4.6687,2021,11,1
2021-11-01 10:15:00+00:00,1784.0,1785.0,1784.0,1784.0,5.938,2021,11,1
2021-11-01 10:20:00+00:00,1784.0,1785.0,1784.0,1784.0,3.8646,2021,11,1
2021-11-01 10:25:00+00:00,1784.0,1785.0,1784.0,1784.0,5.248,2021,11,1
2021-11-01 10:30:00+00:00,1784.0,1785.0,1782.0,1784.0,5.8077,2021,11,1
2021-11-01 10:35:00+00:00,1784.0,1785.0,1784.0,1785.0,2.9251,2021,11,1
2021-11-01 10:40:00+00:00,1785.0,1785.0,1784.0,1785.0,0.4676,2021,11,1
2021-11-01 10:45:00+00:00,1784.0,1785.0,1784.0,1785.0,0.1315,2021,11,1
2021-11-01 10:50:00+00:00,1784.0,1785.0,1784.0,1784.0,1.607,2021,11,1
2021-11-01 10:55:00+00:00,1785.0,1786.0,1785.0,1786.0,8.0461,2021,11,1
2021-11-01 11:00:00+00:00,1786.0,1786.0,1786.0,1786.0,1.1901,2021,11,1
2021-11-01 11:05:00+00:00,1786.0,1788.0,1785.0,1787.0,13.6149,2021,11,1
2021-11-01 11:10:00+00:00,1787.0,1787.0,1787.0,1787.0,9.546,2021,11,1
2021-11-01 11:15:00+00:00,1786.0,1786.0,1785.0,1785.0,6.5897,2021,11,1
2021-11-01 11:20:00+00:00,1785.0,1786.0,1784.0,1785.0,4.533,2021,11,1
2021-11-01 11:25:00+00:00,1784.0,1785.0,1784.0,1784.0,12.1303,2021,11,1
2021-11-01 11:30:00+00:00,1785.0,1785.0,1784.0,1785.0,0.4342,2021,11,1
2021-11-01 11:35:00+00:00,1784.0,1785.0,1784.0,1784.0,2.6507,2021,11,1
2021-11-01 11:40:00+00:00,1785.0,1785.0,1784.0,1784.0,4.9711,2021,11,1
2021-11-01 11:45:00+00:00,1784.0,1785.0,1784.0,1784.0,0.7735,2021,11,1
2021-11-01 11:50:00+00:00,1784.0,1784.0,1784.0,1784.0,0.8511,2021,11,1
2021-11-01 11:55:00+00:00,1784.0,1785.0,1784.0,1785.0,1.781,2021,11,1
2021-11-01 12:00:00+00:00,1785.0,1785.0,1785.0,1785.0,1.2208,2021,11,1
2021-11-01 12:05:00+00:00,1784.0,1784.0,1784.0,1784.0,0.0288,2021,11,1
2021-11-01 12:10:00+00:00,1785.0,1785.0,1784.0,1785.0,1.0551,2021,11,1
2021-11-01 12:15:00+00:00,1785.0,1785.0,1784.0,1784.0,0.4465,2021,11,1
2021-11-01 12:20:00+00:00,1785.0,1787.0,1784.0,1786.0,25.7785,2021,11,1
2021-11-01 12:25:00+00:00,1786.0,1787.0,1785.0,1786.0,4.0883,2021,11,1
2021-11-01 12:30:00+00:00,1786.0,1787.0,1786.0,1787.0,1.5452,2021,11,1
2021-11-01 12:35:00+00:00,1786.0,1787.0,1785.0,1786.0,14.4472,2021,11,1
2021-11-01 12:40:00+00:00,1786.0,1787.0,1785.0,1786.0,13.526,2021,11,1
2021-11-01 12:45:00+00:00,1786.0,1787.0,1785.0,1786.0,17.4931,2021,11,1
2021-11-01 12:50:00+00:00,1786.0,1786.0,1784.0,1784.0,81.2296,2021,11,1
2021-11-01 12:55:00+00:00,1784.0,1786.0,1784.0,1785.0,8.9187,2021,11,1
2021-11-01 13:00:00+00:00,1785.0,1786.0,1784.0,1785.0,4.2411,2021,11,1
2021-11-01 13:05:00+00:00,1785.0,1786.0,1784.0,1784.0,4.3151,2021,11,1
2021-11-01 13:10:00+00:00,1784.0,1787.0,1784.0,1785.0,9.6963,2021,11,1
2021-11-01 13:15:00+00:00,1785.0,1786.0,1785.0,1786.0,4.0896,2021,11,1
2021-11-01 13:20:00+00:00,1786.0,1787.0,1785.0,1787.0,11.7746,2021,11,1
2021-11-01 13:25:00+00:00,1786.0,1787.0,1786.0,1787.0,6.2533,2021,11,1
2021-11-01 13:30:00+00:00,1787.0,1788.0,1786.0,1786.0,5.0471,2021,11,1
2021-11-01 13:35:00+00:00,1786.0,1786.0,1783.0,1784.0,5.0099,2021,11,1
2021-11-01 13:40:00+00:00,1784.0,1786.0,1783.0,1784.0,4.8704,2021,11,1
2021-11-01 13:45:00+00:00,1784.0,1787.0,1784.0,1786.0,16.913,2021,11,1
2021-11-01 13:50:00+00:00,1785.0,1789.0,1785.0,1788.0,26.3154,2021,11,1
2021-11-01 13:55:00+00:00,1787.0,1788.0,1787.0,1788.0,6.5253,2021,11,1
2021-11-01 14:00:00+00:00,1788.0,1791.0,1788.0,1790.0,24.5281,2021,11,1
2021-11-01 14:05:00+00:00,1790.0,1791.0,1790.0,1790.0,10.8218,2021,11,1
2021-11-01 14:10:00+00:00,1790.0,1791.0,1789.0,1789.0,7.0506,2021,11,1
2021-11-01 14:15:00+00:00,1789.0,1790.0,1788.0,1789.0,10.196,2021,11,1
2021-11-01 14:20:00+00:00,1789.0,1792.0,1788.0,1792.0,28.2926,2021,11,1
2021-11-01 14:25:00+00:00,1791.0,1793.0,1791.0,1792.0,2.2632,2021,11,1
2021-11-01 14:30:00+00:00,1792.0,1792.0,1791.0,1792.0,1.9535,2021,11,1
2021-11-01 14:35:00+00:00,1792.0,1793.0,1791.0,1793.0,0.786,2021,11,1
2021-11-01 14:40:00+00:00,1792.0,1793.0,1792.0,1792.0,1.6208,2021,11,1
2021-11-01 14:45:00+00:00,1793.0,1797.0,1791.0,1791.0,38.0172,2021,11,1
2021-11-01 14:50:00+00:00,1792.0,1792.0,1791.0,1791.0,1.158,2021,11,1
2021-11-01 14:55:00+00:00,1791.0,1793.0,1791.0,1791.0,2.2057,2021,11,1
2021-11-01 15:00:00+00:00,1792.0,1792.0,1790.0,1790.0,2.1488,2021,11,1
2021-11-01 15:05:00+00:00,1791.0,1791.0,1791.0,1791.0,0.2354,2021,11,1
2021-11-01 15:10:00+00:00,1791.0,1791.0,1789.0,1789.0,3.9492,2021,11,1
2021-11-01 15:15:00+00:00,1790.0,1790.0,1789.0,1790.0,0.6439,2021,11,1
2021-11-01 15:20:00+00:00,1790.0,1791.0,1789.0,1791.0,2.911,2021,11,1
2021-11-01 15:25:00+00:00,1790.0,1791.0,1790.0,1791.0,0.4113,2021,11,1
2021-11-01 15:30:00+00:00,1791.0,1794.0,1791.0,1793.0,26.764,2021,11,1
2021-11-01 15:35:00+00:00,1793.0,1793.0,1790.0,1790.0,2.3603,2021,11,1
2021-11-01 15:40:00+00:00,1791.0,1793.0,1791.0,1791.0,7.5174,2021,11,1
2021-11-01 15:45:00+00:00,1792.0,1792.0,1791.0,1791.0,0.4817,2021,11,1
2021-11-01 15:50:00+00:00,1792.0,1793.0,1791.0,1791.0,5.4756,2021,11,1
2021-11-01 15:55:00+00:00,1791.0,1791.0,1791.0,1791.0,0.0835,2021,11,1
2021-11-01 16:00:00+00:00,1791.0,1792.0,1791.0,1792.0,0.5571,2021,11,1
2021-11-01 16:05:00+00:00,1791.0,1792.0,1791.0,1792.0,0.6623,2021,11,1
2021-11-01 16:10:00+00:00,1792.0,1792.0,1789.0,1789.0,3.7693,2021,11,1
2021-11-01 16:15:00+00:00,1790.0,1790.0,1789.0,1790.0,0.2997,2021,11,1
2021-11-01 16:20:00+00:00,1790.0,1792.0,1785.0,1788.0,24.4022,2021,11,1
2021-11-01 16:25:00+00:00,1788.0,1789.0,1788.0,1788.0,0.5528,2021,11,1
2021-11-01 16:30:00+00:00,1789.0,1789.0,1788.0,1789.0,2.7135,2021,11,1
2021-11-01 16:35:00+00:00,1789.0,1789.0,1788.0,1789.0,2.7587,2021,11,1
2021-11-01 16:40:00+00:00,1789.0,1789.0,1788.0,1788.0,1.1127,2021,11,1
2021-11-01 16:45:00+00:00,1788.0,1789.0,1788.0,1788.0,0.9476,2021,11,1
2021-11-01 16:50:00+00:00,1788.0,1788.0,1787.0,1788.0,2.5911,2021,11,1
2021-11-01 16:55:00+00:00,1788.0,1789.0,1788.0,1788.0,4.2646,2021,11,1
2021-11-01 17:00:00+00:00,1788.0,1789.0,1785.0,1787.0,15.2917,2021,11,1
2021-11-01 17:05:00+00:00,1787.0,1790.0,1787.0,1788.0,9.9873,2021,11,1
2021-11-01 17:10:00+00:00,1788.0,1790.0,1788.0,1788.0,3.8742,2021,11,1
2021-11-01 17:15:00+00:00,1788.0,1791.0,1788.0,1791.0,4.0736,2021,11,1
2021-11-01 17:20:00+00:00,1791.0,1794.0,1788.0,1792.0,11.5462,2021,11,1
2021-11-01 17:25:00+00:00,1792.0,1792.0,1786.0,1790.0,14.4276,2021,11,1
2021-11-01 17:30:00+00:00,1790.0,1792.0,1790.0,1791.0,1.4206,2021,11,1
2021-11-01 17:35:00+00:00,1791.0,1793.0,1790.0,1792.0,0.8829,2021,11,1
2021-11-01 17:40:00+00:00,1792.0,1792.0,1791.0,1792.0,0.2222,2021,11,1
2021-11-01 17:45:00+00:00,1792.0,1793.0,1792.0,1792.0,0.2988,2021,11,1
2021-11-01 17:50:00+00:00,1793.0,1793.0,1792.0,1792.0,3.3221,2021,11,1
2021-11-01 17:55:00+00:00,1792.0,1793.0,1791.0,1791.0,6.6488,2021,11,1
2021-11-01 18:00:00+00:00,1792.0,1793.0,1791.0,1793.0,1.5654,2021,11,1
2021-11-01 18:05:00+00:00,1792.0,1793.0,1791.0,1791.0,4.6516,2021,11,1
2021-11-01 18:10:00+00:00,1792.0,1793.0,1791.0,1793.0,1.5624,2021,11,1
2021-11-01 18:15:00+00:00,1793.0,1793.0,1792.0,1793.0,1.3554,2021,11,1
2021-11-01 18:20:00+00:00,1792.0,1792.0,1792.0,1792.0,0.2548,2021,11,1
2021-11-01 18:25:00+00:00,1792.0,1792.0,1792.0,1792.0,0.0448,2021,11,1
2021-11-01 18:30:00+00:00,1792.0,1792.0,1792.0,1792.0,0.0,2021,11,1
2021-11-01 18:35:00+00:00,1792.0,1792.0,1791.0,1791.0,1.4045,2021,11,1
2021-11-01 18:40:00+00:00,1791.0,1793.0,1791.0,1793.0,0.5139,2021,11,1
2021-11-01 18:45:00+00:00,1793.0,1793.0,1791.0,1792.0,0.3696,2021,11,1
2021-11-01 18:50:00+00:00,1792.0,1792.0,1790.0,1790.0,3.8537,2021,11,1
2021-11-01 18:55:00+00:00,1791.0,1793.0,1791.0,1793.0,6.6942,2021,11,1
2021-11-01 19:00:00+00:00,1792.0,1794.0,1792.0,1793.0,16.2988,2021,11,1
2021-11-01 19:05:00+00:00,1793.0,1793.0,1792.0,1792.0,5.0773,2021,11,1
2021-11-01 19:10:00+00:00,1793.0,1793.0,1792.0,1793.0,1.807,2021,11,1
2021-11-01 19:15:00+00:00,1792.0,1794.0,1791.0,1791.0,12.0204,2021,11,1
2021-11-01 19:20:00+00:00,1792.0,1792.0,1791.0,1792.0,8.2496,2021,11,1
2021-11-01 19:25:00+00:00,1791.0,1792.0,1791.0,1792.0,1.3828,2021,11,1
2021-11-01 19:30:00+00:00,1792.0,1792.0,1791.0,1792.0,5.735,2021,11,1
2021-11-01 19:35:00+00:00,1792.0,1792.0,1792.0,1792.0,0.1723,2021,11,1
2021-11-01 19:40:00+00:00,1793.0,1793.0,1791.0,1792.0,3.5479,2021,11,1
2021-11-01 19:45:00+00:00,1792.0,1792.0,1792.0,1792.0,0.1984,2021,11,1
2021-11-01 19:50:00+00:00,1792.0,1792.0,1791.0,1792.0,2.1308,2021,11,1
2021-11-01 19:55:00+00:00,1791.0,1793.0,1791.0,1793.0,1.7749,2021,11,1
2021-11-01 20:00:00+00:00,1792.0,1793.0,1790.0,1790.0,4.815,2021,11,1
2021-11-01 20:05:00+00:00,1792.0,1792.0,1792.0,1792.0,0.1352,2021,11,1
2021-11-01 20:10:00+00:00,1792.0,1792.0,1791.0,1791.0,4.3383,2021,11,1
2021-11-01 20:15:00+00:00,1791.0,1791.0,1791.0,1791.0,0.1435,2021,11,1
2021-11-01 20:20:00+00:00,1792.0,1792.0,1792.0,1792.0,1.2686,2021,11,1
2021-11-01 20:25:00+00:00,1792.0,1792.0,1791.0,1791.0,1.4708,2021,11,1
2021-11-01 20:30:00+00:00,1792.0,1792.0,1791.0,1791.0,1.8747,2021,11,1
2021-11-01 20:35:00+00:00,1791.0,1792.0,1791.0,1791.0,0.2742,2021,11,1
2021-11-01 20:40:00+00:00,1791.0,1791.0,1790.0,1790.0,1.7339,2021,11,1
2021-11-01 20:45:00+00:00,1791.0,1791.0,1791.0,1791.0,0.5873,2021,11,1
2021-11-01 20:50:00+00:00,1790.0,1790.0,1790.0,1790.0,0.521,2021,11,1
2021-11-01 20:55:00+00:00,1790.0,1791.0,1790.0,1791.0,0.6489,2021,11,1
2021-11-01 21:00:00+00:00,1790.0,1791.0,1789.0,1790.0,10.6162,2021,11,1
2021-11-01 21:05:00+00:00,1791.0,1791.0,1789.0,1791.0,10.4217,2021,11,1
2021-11-01 21:10:00+00:00,1789.0,1791.0,1789.0,1791.0,2.6618,2021,11,1
2021-11-01 21:15:00+00:00,1791.0,1791.0,1789.0,1790.0,9.5671,2021,11,1
2021-11-01 21:20:00+00:00,1790.0,1790.0,1790.0,1790.0,0.0,2021,11,1
2021-11-01 21:25:00+00:00,1791.0,1791.0,1791.0,1791.0,0.3947,2021,11,1
2021-11-01 21:30:00+00:00,1791.0,1791.0,1791.0,1791.0,0.0786,2021,11,1
2021-11-01 21:35:00+00:00,1791.0,1791.0,1789.0,1790.0,0.1324,2021,11,1
2021-11-01 21:40:00+00:00,1791.0,1792.0,1791.0,1792.0,1.3398,2021,11,1
2021-11-01 21:45:00+00:00,1792.0,1792.0,1792.0,1792.0,0.0388,2021,11,1
2021-11-01 21:50:00+00:00,1792.0,1792.0,1791.0,1791.0,2.0072,2021,11,1
2021-11-01 21:55:00+00:00,1792.0,1792.0,1792.0,1792.0,0.5401,2021,11,1
2021-11-01 22:00:00+00:00,1792.0,1792.0,1792.0,1792.0,0.2819,2021,11,1
2021-11-01 22:05:00+00:00,1792.0,1792.0,1792.0,1792.0,0.3942,2021,11,1
2021-11-01 22:10:00+00:00,1792.0,1792.0,1790.0,1790.0,2.581,2021,11,1
2021-11-01 22:15:00+00:00,1790.0,1791.0,1790.0,1791.0,1.4978,2021,11,1
2021-11-01 22:20:00+00:00,1791.0,1791.0,1788.0,1788.0,5.0752,2021,11,1
2021-11-01 22:25:00+00:00,1789.0,1789.0,1788.0,1788.0,0.5881,2021,11,1
2021-11-01 22:30:00+00:00,1789.0,1789.0,1789.0,1789.0,0.014,2021,11,1
2021-11-01 22:35:00+00:00,1788.0,1791.0,1788.0,1791.0,1.564,2021,11,1
2021-11-01 22:40:00+00:00,1789.0,1791.0,1789.0,1789.0,0.3137,2021,11,1
2021-11-01 22:45:00+00:00,1789.0,1789.0,1789.0,1789.0,0.189,2021,11,1
2021-11-01 22:50:00+00:00,1790.0,1790.0,1790.0,1790.0,0.0167,2021,11,1
2021-11-01 22:55:00+00:00,1790.0,1790.0,1790.0,1790.0,0.0161,2021,11,1
2021-11-01 23:00:00+00:00,1790.0,1791.0,1789.0,1791.0,2.3689,2021,11,1
2021-11-01 23:05:00+00:00,1790.0,1791.0,1790.0,1791.0,1.9094,2021,11,1
2021-11-01 23:10:00+00:00,1791.0,1791.0,1789.0,1791.0,1.2246,2021,11,1
2021-11-01 23:15:00+00:00,1790.0,1790.0,1790.0,1790.0,0.0915,2021,11,1
2021-11-01 23:20:00+00:00,1791.0,1791.0,1790.0,1790.0,0.2417,2021,11,1
2021-11-01 23:25:00+00:00,1791.0,1791.0,1789.0,1789.0,0.0874,2021,11,1
2021-11-01 23:30:00+00:00,1791.0,1791.0,1789.0,1790.0,0.5228,2021,11,1
2021-11-01 23:35:00+00:00,1790.0,1790.0,1790.0,1790.0,0.0,2021,11,1
2021-11-01 23:40:00+00:00,1791.0,1791.0,1791.0,1791.0,0.0085,2021,11,1
2021-11-01 23:45:00+00:00,1790.0,1791.0,1789.0,1791.0,0.8292,2021,11,1
2021-11-01 23:50:00+00:00,1791.0,1793.0,1791.0,1791.0,3.8679,2021,11,1
2021-11-01 23:55:00+00:00,1791.0,1791.0,1791.0,1791.0,0.1017,2021,11,1
2021-11-02 00:00:00+00:00,1791.0,1792.0,1791.0,1792.0,0.3448,2021,11,2
2021-11-02 00:05:00+00:00,1791.0,1792.0,1790.0,1790.0,1.3007,2021,11,2
2021-11-02 00:10:00+00:00,1791.0,1792.0,1791.0,1792.0,2.7961,2021,11,2
2021-11-02 00:15:00+00:00,1792.0,1792.0,1792.0,1792.0,0.5368,2021,11,2
2021-11-02 00:20:00+00:00,1793.0,1793.0,1793.0,1793.0,0.5669,2021,11,2
2021-11-02 00:25:00+00:00,1793.0,1794.0,1793.0,1794.0,20.2234,2021,11,2
2021-11-02 00:30:00+00:00,1793.0,1793.0,1792.0,1792.0,6.7825,2021,11,2
2021-11-02 00:35:00+00:00,1792.0,1793.0,1792.0,1792.0,0.1568,2021,11,2
2021-11-02 00:40:00+00:00,1792.0,1792.0,1792.0,1792.0,0.125,2021,11,2
2021-11-02 00:45:00+00:00,1793.0,1793.0,1793.0,1793.0,0.1174,2021,11,2
2021-11-02 00:50:00+00:00,1793.0,1793.0,1793.0,1793.0,0.0535,2021,11,2
2021-11-02 00:55:00+00:00,1793.0,1793.0,1792.0,1792.0,1.0389,2021,11,2
2021-11-02 01:00:00+00:00,1793.0,1793.0,1791.0,1791.0,3.972,2021,11,2
2021-11-02 01:05:00+00:00,1792.0,1792.0,1792.0,1792.0,0.0334,2021,11,2
2021-11-02 01:10:00+00:00,1792.0,1792.0,1792.0,1792.0,0.9415,2021,11,2
2021-11-02 01:15:00+00:00,1792.0,1792.0,1792.0,1792.0,0.3814,2021,11,2
2021-11-02 01:20:00+00:00,1791.0,1792.0,1791.0,1791.0,10.8937,2021,11,2
2021-11-02 01:25:00+00:00,1791.0,1791.0,1791.0,1791.0,0.183,2021,11,2
2021-11-02 01:30:00+00:00,1791.0,1791.0,1790.0,1790.0,2.3283,2021,11,2
2021-11-02 01:35:00+00:00,1790.0,1791.0,1790.0,1791.0,0.036,2021,11,2
2021-11-02 01:40:00+00:00,1791.0,1791.0,1790.0,1790.0,0.504,2021,11,2
2021-11-02 01:45:00+00:00,1790.0,1791.0,1790.0,1791.0,0.2041,2021,11,2
2021-11-02 01:50:00+00:00,1790.0,1790.0,1790.0,1790.0,0.0476,2021,11,2
2021-11-02 01:55:00+00:00,1791.0,1791.0,1790.0,1791.0,1.5832,2021,11,2
2021-11-02 02:00:00+00:00,1791.0,1792.0,1791.0,1791.0,4.8109,2021,11,2
2021-11-02 02:05:00+00:00,1791.0,1792.0,1791.0,1791.0,7.0684,2021,11,2
2021-11-02 02:10:00+00:00,1790.0,1791.0,1790.0,1791.0,0.8981,2021,11,2
2021-11-02 02:15:00+00:00,1791.0,1791.0,1790.0,1790.0,1.1771,2021,11,2
2021-11-02 02:20:00+00:00,1790.0,1790.0,1788.0,1789.0,8.877,2021,11,2
2021-11-02 02:25:00+00:00,1789.0,1789.0,1786.0,1788.0,5.8544,2021,11,2
2021-11-02 02:30:00+00:00,1788.0,1788.0,1788.0,1788.0,0.0286,2021,11,2
2021-11-02 02:35:00+00:00,1789.0,1792.0,1789.0,1791.0,6.9097,2021,11,2
2021-11-02 02:40:00+00:00,1790.0,1791.0,1790.0,1790.0,2.4173,2021,11,2
2021-11-02 02:45:00+00:00,1790.0,1791.0,1790.0,1790.0,1.5189,2021,11,2
2021-11-02 02:50:00+00:00,1790.0,1791.0,1790.0,1790.0,0.3043,2021,11,2
2021-11-02 02:55:00+00:00,1789.0,1789.0,1789.0,1789.0,0.0914,2021,11,2
2021-11-02 03:00:00+00:00,1790.0,1790.0,1790.0,1790.0,0.052,2021,11,2
2021-11-02 03:05:00+00:00,1790.0,1790.0,1790.0,1790.0,0.0,2021,11,2
2021-11-02 03:10:00+00:00,1789.0,1790.0,1789.0,1789.0,0.5123,2021,11,2
2021-11-02 03:15:00+00:00,1790.0,1790.0,1787.0,1789.0,16.2444,2021,11,2
2021-11-02 03:20:00+00:00,1790.0,1790.0,1789.0,1790.0,0.8612,2021,11,2
2021-11-02 03:25:00+00:00,1789.0,1790.0,1789.0,1790.0,0.165,2021,11,2
2021-11-02 03:30:00+00:00,1790.0,1790.0,1789.0,1789.0,4.2778,2021,11,2
2021-11-02 03:35:00+00:00,1789.0,1789.0,1789.0,1789.0,0.0581,2021,11,2
2021-11-02 03:40:00+00:00,1789.0,1789.0,1789.0,1789.0,0.0,2021,11,2
2021-11-02 03:45:00+00:00,1789.0,1789.0,1789.0,1789.0,0.0,2021,11,2
2021-11-02 03:50:00+00:00,1790.0,1790.0,1790.0,1790.0,0.3892,2021,11,2
2021-11-02 03:55:00+00:00,1790.0,1790.0,1789.0,1790.0,0.1672,2021,11,2
2021-11-02 04:00:00+00:00,1789.0,1790.0,1789.0,1790.0,0.1712,2021,11,2
2021-11-02 04:05:00+00:00,1789.0,1790.0,1789.0,1790.0,1.2761,2021,11,2
2021-11-02 04:10:00+00:00,1790.0,1790.0,1790.0,1790.0,0.0,2021,11,2
2021-11-02 04:15:00+00:00,1790.0,1790.0,1790.0,1790.0,0.5552,2021,11,2
2021-11-02 04:20:00+00:00,1790.0,1792.0,1790.0,1791.0,3.1225,2021,11,2
2021-11-02 04:25:00+00:00,1792.0,1792.0,1792.0,1792.0,0.0252,2021,11,2
2021-11-02 04:30:00+00:00,1792.0,1792.0,1789.0,1791.0,10.9127,2021,11,2
2021-11-02 04:35:00+00:00,1791.0,1791.0,1790.0,1791.0,1.3834,2021,11,2
2021-11-02 04:40:00+00:00,1791.0,1792.0,1791.0,1792.0,6.6081,2021,11,2
2021-11-02 04:45:00+00:00,1792.0,1793.0,1792.0,1793.0,0.8108,2021,11,2
2021-11-02 04:50:00+00:00,1793.0,1793.0,1793.0,1793.0,0.393,2021,11,2
2021-11-02 04:55:00+00:00,1792.0,1792.0,1789.0,1790.0,14.7922,2021,11,2
2021-11-02 05:00:00+00:00,1790.0,1791.0,1790.0,1791.0,1.0736,2021,11,2
2021-11-02 05:05:00+00:00,1790.0,1790.0,1790.0,1790.0,0.1144,2021,11,2
2021-11-02 05:10:00+00:00,1791.0,1791.0,1791.0,1791.0,0.2164,2021,11,2
2021-11-02 05:15:00+00:00,1791.0,1791.0,1791.0,1791.0,0.252,2021,11,2
2021-11-02 05:20:00+00:00,1791.0,1791.0,1790.0,1791.0,0.4927,2021,11,2
2021-11-02 05:25:00+00:00,1790.0,1790.0,1790.0,1790.0,0.0058,2021,11,2
2021-11-02 05:30:00+00:00,1791.0,1792.0,1791.0,1792.0,0.7855,2021,11,2
2021-11-02 05:35:00+00:00,1791.0,1792.0,1791.0,1791.0,0.4329,2021,11,2
2021-11-02 05:40:00+00:00,1792.0,1792.0,1792.0,1792.0,0.013,2021,11,2
2021-11-02 05:45:00+00:00,1792.0,1792.0,1791.0,1791.0,1.1229,2021,11,2
2021-11-02 05:50:00+00:00,1792.0,1792.0,1791.0,1791.0,0.0894,2021,11,2
2021-11-02 05:55:00+00:00,1792.0,1792.0,1792.0,1792.0,0.464,2021,11,2
2021-11-02 06:00:00+00:00,1792.0,1792.0,1791.0,1792.0,0.7895,2021,11,2
2021-11-02 06:05:00+00:00,1792.0,1792.0,1792.0,1792.0,0.1369,2021,11,2
2021-11-02 06:10:00+00:00,1791.0,1792.0,1791.0,1792.0,0.57,2021,11,2
2021-11-02 06:15:00+00:00,1791.0,1792.0,1791.0,1792.0,1.2132,2021,11,2
2021-11-02 06:20:00+00:00,1793.0,1793.0,1792.0,1793.0,0.7247,2021,11,2
2021-11-02 06:25:00+00:00,1793.0,1793.0,1793.0,1793.0,0.8225,2021,11,2
2021-11-02 06:30:00+00:00,1792.0,1793.0,1792.0,1793.0,1.1311,2021,11,2
2021-11-02 06:35:00+00:00,1793.0,1796.0,1792.0,1796.0,30.5452,2021,11,2
2021-11-02 06:40:00+00:00,1796.0,1797.0,1795.0,1795.0,1.5775,2021,11,2
2021-11-02 06:45:00+00:00,1795.0,1795.0,1795.0,1795.0,1.7877,2021,11,2
2021-11-02 06:50:00+00:00,1794.0,1795.0,1794.0,1795.0,1.0398,2021,11,2
2021-11-02 06:55:00+00:00,1794.0,1794.0,1794.0,1794.0,0.0565,2021,11,2
2021-11-02 07:00:00+00:00,1795.0,1795.0,1794.0,1795.0,0.4368,2021,11,2
2021-11-02 07:05:00+00:00,1795.0,1795.0,1794.0,1795.0,0.2863,2021,11,2
2021-11-02 07:10:00+00:00,1794.0,1794.0,1793.0,1794.0,3.0189,2021,11,2
2021-11-02 07:15:00+00:00,1794.0,1794.0,1794.0,1794.0,0.0223,2021,11,2
2021-11-02 07:20:00+00:00,1794.0,1794.0,1793.0,1793.0,0.2539,2021,11,2
2021-11-02 07:25:00+00:00,1793.0,1793.0,1792.0,1792.0,1.138,2021,11,2
2021-11-02 07:30:00+00:00,1792.0,1793.0,1792.0,1793.0,3.7587,2021,11,2
2021-11-02 07:35:00+00:00,1793.0,1793.0,1792.0,1792.0,4.4529,2021,11,2
2021-11-02 07:40:00+00:00,1791.0,1797.0,1791.0,1794.0,33.1126,2021,11,2
2021-11-02 07:45:00+00:00,1794.0,1797.0,1793.0,1793.0,21.0659,2021,11,2
2021-11-02 07:50:00+00:00,1793.0,1793.0,1793.0,1793.0,0.3744,2021,11,2
2021-11-02 07:55:00+00:00,1793.0,1793.0,1793.0,1793.0,0.2754,2021,11,2
2021-11-02 08:00:00+00:00,1794.0,1794.0,1793.0,1794.0,1.6561,2021,11,2
2021-11-02 08:05:00+00:00,1794.0,1794.0,1791.0,1791.0,6.2865,2021,11,2
2021-11-02 08:10:00+00:00,1791.0,1792.0,1789.0,1790.0,12.6992,2021,11,2
2021-11-02 08:15:00+00:00,1789.0,1791.0,1789.0,1790.0,3.5362,2021,11,2
2021-11-02 08:20:00+00:00,1790.0,1791.0,1790.0,1790.0,1.3938,2021,11,2
2021-11-02 08:25:00+00:00,1790.0,1793.0,1790.0,1793.0,9.2994,2021,11,2
2021-11-02 08:30:00+00:00,1793.0,1793.0,1793.0,1793.0,0.049,2021,11,2
2021-11-02 08:35:00+00:00,1793.0,1793.0,1791.0,1791.0,1.0903,2021,11,2
2021-11-02 08:40:00+00:00,1791.0,1792.0,1791.0,1791.0,13.807,2021,11,2
2021-11-02 08:45:00+00:00,1791.0,1792.0,1791.0,1791.0,16.8362,2021,11,2
2021-11-02 08:50:00+00:00,1791.0,1792.0,1790.0,1791.0,6.7128,2021,11,2
2021-11-02 08:55:00+00:00,1791.0,1792.0,1790.0,1791.0,6.111,2021,11,2
2021-11-02 09:00:00+00:00,1791.0,1792.0,1790.0,1792.0,5.6914,2021,11,2
2021-11-02 09:05:00+00:00,1792.0,1796.0,1792.0,1793.0,35.0967,2021,11,2
2021-11-02 09:10:00+00:00,1793.0,1793.0,1791.0,1791.0,4.1069,2021,11,2
2021-11-02 09:15:00+00:00,1791.0,1793.0,1791.0,1792.0,7.6541,2021,11,2
2021-11-02 09:20:00+00:00,1792.0,1793.0,1791.0,1792.0,6.6274,2021,11,2
2021-11-02 09:25:00+00:00,1792.0,1793.0,1791.0,1792.0,5.3438,2021,11,2
2021-11-02 09:30:00+00:00,1792.0,1793.0,1789.0,1793.0,20.713,2021,11,2
2021-11-02 09:35:00+00:00,1793.0,1796.0,1792.0,1795.0,19.7158,2021,11,2
2021-11-02 09:40:00+00:00,1795.0,1795.0,1792.0,1792.0,18.1676,2021,11,2
2021-11-02 09:45:00+00:00,1793.0,1796.0,1792.0,1795.0,24.7938,2021,11,2
2021-11-02 09:50:00+00:00,1795.0,1795.0,1792.0,1794.0,18.385,2021,11,2
2021-11-02 09:55:00+00:00,1794.0,1796.0,1794.0,1794.0,17.3249,2021,11,2
2021-11-02 10:00:00+00:00,1795.0,1795.0,1793.0,1793.0,6.0926,2021,11,2
2021-11-02 10:05:00+00:00,1793.0,1794.0,1791.0,1792.0,18.2823,2021,11,2
2021-11-02 10:10:00+00:00,1792.0,1794.0,1792.0,1793.0,8.1641,2021,11,2
2021-11-02 10:15:00+00:00,1794.0,1796.0,1793.0,1795.0,32.1368,2021,11,2
2021-11-02 10:20:00+00:00,1794.0,1794.0,1793.0,1793.0,5.4508,2021,11,2
2021-11-02 10:25:00+00:00,1793.0,1794.0,1793.0,1793.0,8.2971,2021,11,2
2021-11-02 10:30:00+00:00,1793.0,1794.0,1793.0,1793.0,29.3687,2021,11,2
2021-11-02 10:35:00+00:00,1793.0,1794.0,1791.0,1791.0,5.6263,2021,11,2
2021-11-02 10:40:00+00:00,1791.0,1791.0,1790.0,1790.0,9.8098,2021,11,2
2021-11-02 10:45:00+00:00,1790.0,1791.0,1790.0,1791.0,0.375,2021,11,2
2021-11-02 10:50:00+00:00,1790.0,1791.0,1790.0,1790.0,1.5654,2021,11,2
2021-11-02 10:55:00+00:00,1791.0,1791.0,1790.0,1790.0,2.3358,2021,11,2
2021-11-02 11:00:00+00:00,1791.0,1791.0,1791.0,1791.0,0.3551,2021,11,2
2021-11-02 11:05:00+00:00,1791.0,1792.0,1791.0,1792.0,0.2334,2021,11,2
2021-11-02 11:10:00+00:00,1791.0,1791.0,1790.0,1791.0,2.0259,2021,11,2
2021-11-02 11:15:00+00:00,1791.0,1791.0,1791.0,1791.0,1.2787,2021,11,2
2021-11-02 11:20:00+00:00,1791.0,1791.0,1790.0,1791.0,0.4648,2021,11,2
2021-11-02 11:25:00+00:00,1791.0,1791.0,1790.0,1790.0,0.6289,2021,11,2
2021-11-02 11:30:00+00:00,1791.0,1791.0,1790.0,1791.0,0.435,2021,11,2
2021-11-02 11:35:00+00:00,1791.0,1791.0,1791.0,1791.0,0.1116,2021,11,2
2021-11-02 11:40:00+00:00,1790.0,1791.0,1790.0,1791.0,0.0508,2021,11,2
2021-11-02 11:45:00+00:00,1790.0,1791.0,1790.0,1790.0,0.8604,2021,11,2
2021-11-02 11:50:00+00:00,1791.0,1791.0,1791.0,1791.0,0.2535,2021,11,2
2021-11-02 11:55:00+00:00,1790.0,1791.0,1790.0,1790.0,2.7176,2021,11,2
2021-11-02 12:00:00+00:00,1791.0,1792.0,1790.0,1792.0,4.36,2021,11,2
2021-11-02 12:05:00+00:00,1792.0,1792.0,1791.0,1792.0,0.2841,2021,11,2
2021-11-02 12:10:00+00:00,1792.0,1793.0,1792.0,1793.0,9.7256,2021,11,2
2021-11-02 12:15:00+00:00,1794.0,1794.0,1794.0,1794.0,2.221,2021,11,2
2021-11-02 12:20:00+00:00,1794.0,1795.0,1793.0,1793.0,24.6137,2021,11,2
2021-11-02 12:25:00+00:00,1792.0,1793.0,1792.0,1793.0,0.2645,2021,11,2
2021-11-02 12:30:00+00:00,1793.0,1793.0,1792.0,1792.0,1.994,2021,11,2
2021-11-02 12:35:00+00:00,1791.0,1791.0,1790.0,1791.0,3.957,2021,11,2
2021-11-02 12:40:00+00:00,1791.0,1791.0,1791.0,1791.0,6.6991,2021,11,2
2021-11-02 12:45:00+00:00,1790.0,1791.0,1789.0,1789.0,14.3845,2021,11,2
2021-11-02 12:50:00+00:00,1789.0,1790.0,1789.0,1789.0,4.6182,2021,11,2
2021-11-02 12:55:00+00:00,1789.0,1790.0,1788.0,1788.0,8.504,2021,11,2
2021-11-02 13:00:00+00:00,1788.0,1790.0,1788.0,1789.0,7.3296,2021,11,2
2021-11-02 13:05:00+00:00,1789.0,1790.0,1788.0,1788.0,10.807,2021,11,2
2021-11-02 13:10:00+00:00,1788.0,1789.0,1782.0,1789.0,47.9314,2021,11,2
2021-11-02 13:15:00+00:00,1789.0,1792.0,1787.0,1790.0,34.5288,2021,11,2
2021-11-02 13:20:00+00:00,1790.0,1791.0,1790.0,1790.0,5.0141,2021,11,2
2021-11-02 13:25:00+00:00,1790.0,1790.0,1788.0,1789.0,4.5963,2021,11,2
2021-11-02 13:30:00+00:00,1789.0,1790.0,1787.0,1787.0,4.5979,2021,11,2
2021-11-02 13:35:00+00:00,1787.0,1792.0,1786.0,1791.0,18.6215,2021,11,2
2021-11-02 13:40:00+00:00,1791.0,1795.0,1791.0,1793.0,42.5759,2021,11,2
2021-11-02 13:45:00+00:00,1793.0,1794.0,1791.0,1791.0,4.5712,2021,11,2
2021-11-02 13:50:00+00:00,1791.0,1791.0,1788.0,1789.0,9.4861,2021,11,2
2021-11-02 13:55:00+00:00,1789.0,1792.0,1788.0,1790.0,25.157,2021,11,2
2021-11-02 14:00:00+00:00,1790.0,1794.0,1790.0,1793.0,10.071,2021,11,2
2021-11-02 14:05:00+00:00,1793.0,1793.0,1789.0,1789.0,8.9093,2021,11,2
2021-11-02 14:10:00+00:00,1789.0,1789.0,1788.0,1788.0,4.551,2021,11,2
2021-11-02 14:15:00+00:00,1788.0,1789.0,1786.0,1786.0,9.6179,2021,11,2
2021-11-02 14:20:00+00:00,1786.0,1787.0,1786.0,1786.0,6.6844,2021,11,2
2021-11-02 14:25:00+00:00,1786.0,1787.0,1786.0,1786.0,5.9367,2021,11,2
2021-11-02 14:30:00+00:00,1786.0,1789.0,1786.0,1788.0,11.9734,2021,11,2
2021-11-02 14:35:00+00:00,1788.0,1789.0,1788.0,1788.0,5.0597,2021,11,2
2021-11-02 14:40:00+00:00,1788.0,1789.0,1788.0,1788.0,4.4758,2021,11,2
2021-11-02 14:45:00+00:00,1789.0,1789.0,1788.0,1788.0,6.2593,2021,11,2
2021-11-02 14:50:00+00:00,1788.0,1789.0,1788.0,1789.0,1.2276,2021,11,2
2021-11-02 14:55:00+00:00,1789.0,1789.0,1788.0,1788.0,2.2009,2021,11,2
2021-11-02 15:00:00+00:00,1789.0,1789.0,1789.0,1789.0,3.0874,2021,11,2
2021-11-02 15:05:00+00:00,1789.0,1789.0,1788.0,1788.0,1.231,2021,11,2
2021-11-02 15:10:00+00:00,1789.0,1789.0,1788.0,1789.0,1.1793,2021,11,2
2021-11-02 15:15:00+00:00,1789.0,1790.0,1788.0,1790.0,3.236,2021,11,2
2021-11-02 15:20:00+00:00,1789.0,1791.0,1789.0,1791.0,7.147,2021,11,2
2021-11-02 15:25:00+00:00,1792.0,1792.0,1791.0,1791.0,1.7404,2021,11,2
2021-11-02 15:30:00+00:00,1792.0,1792.0,1791.0,1791.0,1.4168,2021,11,2
2021-11-02 15:35:00+00:00,1791.0,1792.0,1790.0,1790.0,19.1413,2021,11,2
2021-11-02 15:40:00+00:00,1791.0,1791.0,1789.0,1791.0,12.7875,2021,11,2
2021-11-02 15:45:00+00:00,1791.0,1792.0,1790.0,1790.0,37.9284,2021,11,2
2021-11-02 15:50:00+00:00,1791.0,1791.0,1789.0,1789.0,13.803,2021,11,2
2021-11-02 15:55:00+00:00,1790.0,1790.0,1789.0,1789.0,6.4101,2021,11,2
2021-11-02 16:00:00+00:00,1790.0,1793.0,1790.0,1792.0,53.5017,2021,11,2
2021-11-02 16:05:00+00:00,1792.0,1792.0,1789.0,1789.0,4.1709,2021,11,2
2021-11-02 16:10:00+00:00,1789.0,1790.0,1789.0,1789.0,6.3617,2021,11,2
2021-11-02 16:15:00+00:00,1789.0,1790.0,1788.0,1789.0,3.2417,2021,11,2
2021-11-02 16:20:00+00:00,1789.0,1789.0,1789.0,1789.0,2.1356,2021,11,2
2021-11-02 16:25:00+00:00,1789.0,1789.0,1788.0,1788.0,1.0195,2021,11,2
2021-11-02 16:30:00+00:00,1789.0,1790.0,1788.0,1789.0,4.7961,2021,11,2
2021-11-02 16:35:00+00:00,1789.0,1790.0,1789.0,1790.0,0.4457,2021,11,2
2021-11-02 16:40:00+00:00,1789.0,1790.0,1789.0,1789.0,6.3161,2021,11,2
2021-11-02 16:45:00+00:00,1789.0,1790.0,1789.0,1790.0,0.193,2021,11,2
2021-11-02 16:50:00+00:00,1790.0,1790.0,1789.0,1789.0,1.122,2021,11,2
2021-11-02 16:55:00+00:00,1790.0,1790.0,1789.0,1789.0,0.2482,2021,11,2
2021-11-02 17:00:00+00:00,1790.0,1790.0,1788.0,1789.0,3.6331,2021,11,2
2021-11-02 17:05:00+00:00,1789.0,1793.0,1789.0,1791.0,88.0315,2021,11,2
2021-11-02 17:10:00+00:00,1790.0,1790.0,1787.0,1788.0,20.9565,2021,11,2
2021-11-02 17:15:00+00:00,1788.0,1788.0,1787.0,1787.0,1.0709,2021,11,2
2021-11-02 17:20:00+00:00,1788.0,1788.0,1787.0,1787.0,2.8347,2021,11,2
2021-11-02 17:25:00+00:00,1788.0,1788.0,1787.0,1787.0,0.5796,2021,11,2
2021-11-02 17:30:00+00:00,1788.0,1788.0,1787.0,1787.0,0.541,2021,11,2
2021-11-02 17:35:00+00:00,1787.0,1788.0,1787.0,1788.0,0.1048,2021,11,2
2021-11-02 17:40:00+00:00,1787.0,1788.0,1787.0,1788.0,0.9965,2021,11,2
2021-11-02 17:45:00+00:00,1788.0,1788.0,1788.0,1788.0,0.3556,2021,11,2
2021-11-02 17:50:00+00:00,1788.0,1788.0,1787.0,1788.0,0.9763,2021,11,2
2021-11-02 17:55:00+00:00,1788.0,1791.0,1786.0,1790.0,9.2443,2021,11,2
2021-11-02 18:00:00+00:00,1789.0,1789.0,1789.0,1789.0,0.1956,2021,11,2
2021-11-02 18:05:00+00:00,1788.0,1788.0,1788.0,1788.0,0.0353,2021,11,2
2021-11-02 18:10:00+00:00,1788.0,1788.0,1787.0,1787.0,3.0011,2021,11,2
2021-11-02 18:15:00+00:00,1787.0,1787.0,1787.0,1787.0,1.0858,2021,11,2
2021-11-02 18:20:00+00:00,1788.0,1788.0,1787.0,1788.0,0.5676,2021,11,2
2021-11-02 18:25:00+00:00,1788.0,1788.0,1787.0,1788.0,1.5168,2021,11,2
2021-11-02 18:30:00+00:00,1788.0,1788.0,1787.0,1787.0,0.2853,2021,11,2
2021-11-02 18:35:00+00:00,1788.0,1788.0,1787.0,1787.0,0.4626,2021,11,2
2021-11-02 18:40:00+00:00,1788.0,1789.0,1788.0,1789.0,2.7981,2021,11,2
2021-11-02 18:45:00+00:00,1789.0,1789.0,1789.0,1789.0,0.1199,2021,11,2
2021-11-02 18:50:00+00:00,1789.0,1789.0,1788.0,1788.0,0.0737,2021,11,2
2021-11-02 18:55:00+00:00,1789.0,1789.0,1788.0,1788.0,3.0918,2021,11,2
2021-11-02 19:00:00+00:00,1788.0,1788.0,1787.0,1788.0,1.9259,2021,11,2
2021-11-02 19:05:00+00:00,1788.0,1788.0,1787.0,1787.0,1.0662,2021,11,2
2021-11-02 19:10:00+00:00,1787.0,1788.0,1787.0,1788.0,0.892,2021,11,2
2021-11-02 19:15:00+00:00,1788.0,1788.0,1787.0,1788.0,1.4646,2021,11,2
2021-11-02 19:20:00+00:00,1788.0,1788.0,1787.0,1787.0,0.4613,2021,11,2
2021-11-02 19:25:00+00:00,1788.0,1788.0,1788.0,1788.0,0.0985,2021,11,2
2021-11-02 19:30:00+00:00,1788.0,1789.0,1787.0,1788.0,3.7856,2021,11,2
2021-11-02 19:35:00+00:00,1788.0,1789.0,1788.0,1788.0,1.7383,2021,11,2
2021-11-02 19:40:00+00:00,1788.0,1789.0,1788.0,1788.0,0.7499,2021,11,2
2021-11-02 19:45:00+00:00,1788.0,1789.0,1788.0,1789.0,0.4185,2021,11,2
2021-11-02 19:50:00+00:00,1788.0,1788.0,1787.0,1787.0,3.6402,2021,11,2
2021-11-02 19:55:00+00:00,1787.0,1788.0,1787.0,1787.0,0.2874,2021,11,2
2021-11-02 20:00:00+00:00,1787.0,1788.0,1787.0,1787.0,7.7922,2021,11,2
2021-11-02 20:05:00+00:00,1787.0,1787.0,1786.0,1786.0,0.1196,2021,11,2
2021-11-02 20:10:00+00:00,1787.0,1788.0,1787.0,1788.0,6.2097,2021,11,2
2021-11-02 20:15:00+00:00,1787.0,1788.0,1787.0,1787.0,0.5685,2021,11,2
2021-11-02 20:20:00+00:00,1787.0,1788.0,1786.0,1786.0,1.3501,2021,11,2
2021-11-02 20:25:00+00:00,1787.0,1787.0,1786.0,1786.0,3.769,2021,11,2
2021-11-02 20:30:00+00:00,1786.0,1787.0,1786.0,1786.0,0.425,2021,11,2
2021-11-02 20:35:00+00:00,1787.0,1787.0,1787.0,1787.0,0.0099,2021,11,2
2021-11-02 20:40:00+00:00,1786.0,1787.0,1785.0,1787.0,4.6971,2021,11,2
2021-11-02 20:45:00+00:00,1787.0,1787.0,1786.0,1786.0,1.0442,2021,11,2
2021-11-02 20:50:00+00:00,1787.0,1787.0,1787.0,1787.0,1.1162,2021,11,2
2021-11-02 20:55:00+00:00,1787.0,1787.0,1786.0,1786.0,16.1207,2021,11,2
2021-11-02 21:00:00+00:00,1785.0,1787.0,1785.0,1787.0,3.6806,2021,11,2
2021-11-02 21:05:00+00:00,1787.0,1787.0,1786.0,1786.0,1.9418,2021,11,2
2021-11-02 21:10:00+00:00,1787.0,1787.0,1787.0,1787.0,0.2172,2021,11,2
2021-11-02 21:15:00+00:00,1786.0,1787.0,1784.0,1786.0,38.9469,2021,11,2
2021-11-02 21:20:00+00:00,1786.0,1786.0,1785.0,1785.0,0.0811,2021,11,2
2021-11-02 21:25:00+00:00,1786.0,1786.0,1786.0,1786.0,0.3625,2021,11,2
2021-11-02 21:30:00+00:00,1786.0,1786.0,1785.0,1786.0,2.4302,2021,11,2
2021-11-02 21:35:00+00:00,1786.0,1786.0,1783.0,1784.0,19.2137,2021,11,2
2021-11-02 21:40:00+00:00,1785.0,1785.0,1784.0,1785.0,8.887,2021,11,2
2021-11-02 21:45:00+00:00,1785.0,1785.0,1785.0,1785.0,0.0089,2021,11,2
2021-11-02 21:50:00+00:00,1784.0,1785.0,1784.0,1784.0,1.2862,2021,11,2
2021-11-02 21:55:00+00:00,1785.0,1785.0,1784.0,1785.0,2.1611,2021,11,2
2021-11-02 22:00:00+00:00,1785.0,1785.0,1784.0,1784.0,0.5891,2021,11,2
2021-11-02 22:05:00+00:00,1785.0,1785.0,1784.0,1785.0,0.2086,2021,11,2
2021-11-02 22:10:00+00:00,1785.0,1785.0,1784.0,1785.0,0.6156,2021,11,2
2021-11-02 22:15:00+00:00,1784.0,1785.0,1783.0,1783.0,2.1897,2021,11,2
2021-11-02 22:20:00+00:00,1785.0,1785.0,1785.0,1785.0,0.8886,2021,11,2
2021-11-02 22:25:00+00:00,1785.0,1786.0,1784.0,1786.0,25.8701,2021,11,2
2021-11-02 22:30:00+00:00,1786.0,1786.0,1785.0,1785.0,0.0489,2021,11,2
2021-11-02 22:35:00+00:00,1786.0,1786.0,1785.0,1785.0,0.1403,2021,11,2
2021-11-02 22:40:00+00:00,1785.0,1785.0,1785.0,1785.0,0.49,2021,11,2
2021-11-02 22:45:00+00:00,1786.0,1786.0,1786.0,1786.0,0.2475,2021,11,2
2021-11-02 22:50:00+00:00,1786.0,1787.0,1786.0,1787.0,3.4695,2021,11,2
2021-11-02 22:55:00+00:00,1787.0,1787.0,1786.0,1786.0,0.1808,2021,11,2
2021-11-02 23:00:00+00:00,1786.0,1787.0,1786.0,1787.0,3.4406,2021,11,2
2021-11-02 23:05:00+00:00,1786.0,1787.0,1786.0,1786.0,0.3723,2021,11,2
2021-11-02 23:10:00+00:00,1786.0,1786.0,1786.0,1786.0,0.5865,2021,11,2
2021-11-02 23:15:00+00:00,1786.0,1786.0,1786.0,1786.0,0.0,2021,11,2
2021-11-02 23:20:00+00:00,1787.0,1789.0,1787.0,1789.0,21.9894,2021,11,2
2021-11-02 23:25:00+00:00,1788.0,1788.0,1788.0,1788.0,0.1998,2021,11,2
2021-11-02 23:30:00+00:00,1789.0,1789.0,1788.0,1788.0,0.2009,2021,11,2
2021-11-02 23:35:00+00:00,1789.0,1789.0,1789.0,1789.0,0.1101,2021,11,2
2021-11-02 23:40:00+00:00,1789.0,1789.0,1788.0,1788.0,0.798,2021,11,2
2021-11-02 23:45:00+00:00,1789.0,1789.0,1788.0,1789.0,0.4492,2021,11,2
2021-11-02 23:50:00+00:00,1789.0,1791.0,1789.0,1791.0,28.6757,2021,11,2
2021-11-02 23:55:00+00:00,1791.0,1791.0,1789.0,1789.0,4.2728,2021,11,2
2021-11-03 00:00:00+00:00,1789.0,1790.0,1788.0,1789.0,6.2976,2021,11,3
2021-11-03 00:05:00+00:00,1789.0,1789.0,1789.0,1789.0,0.5377,2021,11,3
2021-11-03 00:10:00+00:00,1788.0,1788.0,1788.0,1788.0,5.4352,2021,11,3
2021-11-03 00:15:00+00:00,1788.0,1788.0,1788.0,1788.0,2.8467,2021,11,3
2021-11-03 00:20:00+00:00,1788.0,1789.0,1788.0,1789.0,2.2773,2021,11,3
2021-11-03 00:25:00+00:00,1789.0,1790.0,1786.0,1786.0,142.5774,2021,11,3
2021-11-03 00:30:00+00:00,1787.0,1788.0,1787.0,1788.0,32.8433,2021,11,3
2021-11-03 00:35:00+00:00,1788.0,1789.0,1788.0,1789.0,1.5064,2021,11,3
2021-11-03 00:40:00+00:00,1789.0,1789.0,1788.0,1789.0,0.8196,2021,11,3
2021-11-03 00:45:00+00:00,1788.0,1789.0,1788.0,1789.0,0.5575,2021,11,3
2021-11-03 00:50:00+00:00,1789.0,1789.0,1789.0,1789.0,1.0002,2021,11,3
2021-11-03 00:55:00+00:00,1789.0,1789.0,1789.0,1789.0,1.9294,2021,11,3
2021-11-03 01:00:00+00:00,1789.0,1789.0,1789.0,1789.0,0.0134,2021,11,3
2021-11-03 01:05:00+00:00,1788.0,1790.0,1788.0,1790.0,11.138,2021,11,3
2021-11-03 01:10:00+00:00,1789.0,1789.0,1789.0,1789.0,0.2232,2021,11,3
2021-11-03 01:15:00+00:00,1789.0,1789.0,1788.0,1788.0,0.1224,2021,11,3
2021-11-03 01:20:00+00:00,1789.0,1789.0,1788.0,1788.0,0.8424,2021,11,3
2021-11-03 01:25:00+00:00,1789.0,1789.0,1787.0,1788.0,6.5295,2021,11,3
2021-11-03 01:30:00+00:00,1788.0,1788.0,1788.0,1788.0,0.0,2021,11,3
2021-11-03 01:35:00+00:00,1787.0,1788.0,1787.0,1788.0,0.0281,2021,11,3
2021-11-03 01:40:00+00:00,1788.0,1788.0,1787.0,1787.0,0.1688,2021,11,3
2021-11-03 01:45:00+00:00,1787.0,1787.0,1787.0,1787.0,0.0561,2021,11,3
2021-11-03 01:50:00+00:00,1788.0,1788.0,1787.0,1787.0,7.3058,2021,11,3
2021-11-03 01:55:00+00:00,1788.0,1788.0,1787.0,1787.0,2.3947,2021,11,3
2021-11-03 02:00:00+00:00,1787.0,1787.0,1786.0,1786.0,1.4555,2021,11,3
2021-11-03 02:05:00+00:00,1785.0,1789.0,1785.0,1786.0,26.5107,2021,11,3
2021-11-03 02:10:00+00:00,1786.0,1786.0,1784.0,1785.0,8.7263,2021,11,3
2021-11-03 02:15:00+00:00,1786.0,1791.0,1785.0,1786.0,16.5095,2021,11,3
2021-11-03 02:20:00+00:00,1785.0,1785.0,1785.0,1785.0,0.1858,2021,11,3
2021-11-03 02:25:00+00:00,1785.0,1786.0,1785.0,1785.0,0.4052,2021,11,3
2021-11-03 02:30:00+00:00,1785.0,1786.0,1784.0,1786.0,3.9246,2021,11,3
2021-11-03 02:35:00+00:00,1785.0,1786.0,1784.0,1785.0,7.0851,2021,11,3
2021-11-03 02:40:00+00:00,1785.0,1786.0,1783.0,1784.0,8.655,2021,11,3
2021-11-03 02:45:00+00:00,1784.0,1785.0,1784.0,1785.0,1.4688,2021,11,3
2021-11-03 02:50:00+00:00,1784.0,1784.0,1783.0,1784.0,10.2728,2021,11,3
2021-11-03 02:55:00+00:00,1783.0,1784.0,1783.0,1784.0,0.1467,2021,11,3
2021-11-03 03:00:00+00:00,1783.0,1784.0,1783.0,1784.0,0.1751,2021,11,3
2021-11-03 03:05:00+00:00,1784.0,1784.0,1784.0,1784.0,0.0,2021,11,3
2021-11-03 03:10:00+00:00,1783.0,1783.0,1783.0,1783.0,1.9531,2021,11,3
2021-11-03 03:15:00+00:00,1784.0,1784.0,1783.0,1784.0,0.2876,2021,11,3
2021-11-03 03:20:00+00:00,1784.0,1784.0,1783.0,1783.0,0.0966,2021,11,3
2021-11-03 03:25:00+00:00,1784.0,1785.0,1784.0,1785.0,3.8517,2021,11,3
2021-11-03 03:30:00+00:00,1785.0,1785.0,1785.0,1785.0,0.3386,2021,11,3
2021-11-03 03:35:00+00:00,1785.0,1785.0,1785.0,1785.0,0.0067,2021,11,3
2021-11-03 03:40:00+00:00,1785.0,1785.0,1785.0,1785.0,0.0157,2021,11,3
2021-11-03 03:45:00+00:00,1784.0,1784.0,1784.0,1784.0,0.2459,2021,11,3
2021-11-03 03:50:00+00:00,1785.0,1785.0,1784.0,1785.0,0.1302,2021,11,3
2021-11-03 03:55:00+00:00,1785.0,1785.0,1785.0,1785.0,0.0743,2021,11,3
2021-11-03 04:00:00+00:00,1785.0,1785.0,1784.0,1785.0,0.1534,2021,11,3
2021-11-03 04:05:00+00:00,1784.0,1784.0,1784.0,1784.0,0.033,2021,11,3
2021-11-03 04:10:00+00:00,1785.0,1785.0,1784.0,1784.0,0.621,2021,11,3
2021-11-03 04:15:00+00:00,1784.0,1787.0,1784.0,1786.0,6.7128,2021,11,3
2021-11-03 04:20:00+00:00,1785.0,1785.0,1782.0,1783.0,9.4679,2021,11,3
2021-11-03 04:25:00+00:00,1783.0,1784.0,1783.0,1784.0,1.0466,2021,11,3
2021-11-03 04:30:00+00:00,1783.0,1785.0,1783.0,1785.0,2.5042,2021,11,3
2021-11-03 04:35:00+00:00,1785.0,1785.0,1785.0,1785.0,0.031,2021,11,3
2021-11-03 04:40:00+00:00,1784.0,1785.0,1784.0,1784.0,2.8264,2021,11,3
2021-11-03 04:45:00+00:00,1784.0,1784.0,1784.0,1784.0,0.3161,2021,11,3
2021-11-03 04:50:00+00:00,1784.0,1784.0,1780.0,1782.0,10.5932,2021,11,3
2021-11-03 04:55:00+00:00,1782.0,1782.0,1782.0,1782.0,0.3988,2021,11,3
2021-11-03 05:00:00+00:00,1781.0,1782.0,1780.0,1780.0,9.7769,2021,11,3
2021-11-03 05:05:00+00:00,1780.0,1781.0,1780.0,1780.0,1.0403,2021,11,3
2021-11-03 05:10:00+00:00,1780.0,1780.0,1780.0,1780.0,0.4594,2021,11,3
2021-11-03 05:15:00+00:00,1780.0,1781.0,1780.0,1780.0,0.2699,2021,11,3
2021-11-03 05:20:00+00:00,1780.0,1782.0,1780.0,1782.0,2.0394,2021,11,3
2021-11-03 05:25:00+00:00,1782.0,1782.0,1781.0,1781.0,0.2376,2021,11,3
2021-11-03 05:30:00+00:00,1782.0,1782.0,1782.0,1782.0,0.2986,2021,11,3
2021-11-03 05:35:00+00:00,1782.0,1782.0,1782.0,1782.0,0.0357,2021,11,3
2021-11-03 05:40:00+00:00,1782.0,1782.0,1781.0,1781.0,0.1001,2021,11,3
2021-11-03 05:45:00+00:00,1782.0,1783.0,1782.0,1783.0,0.7822,2021,11,3
2021-11-03 05:50:00+00:00,1783.0,1783.0,1783.0,1783.0,0.0829,2021,11,3
2021-11-03 05:55:00+00:00,1783.0,1783.0,1782.0,1782.0,0.0113,2021,11,3
2021-11-03 06:00:00+00:00,1783.0,1783.0,1782.0,1783.0,1.6684,2021,11,3
2021-11-03 06:05:00+00:00,1783.0,1783.0,1783.0,1783.0,0.0057,2021,11,3
2021-11-03 06:10:00+00:00,1783.0,1783.0,1783.0,1783.0,0.5941,2021,11,3
2021-11-03 06:15:00+00:00,1783.0,1783.0,1782.0,1782.0,1.0882,2021,11,3
2021-11-03 06:20:00+00:00,1782.0,1783.0,1781.0,1783.0,2.8323,2021,11,3
2021-11-03 06:25:00+00:00,1783.0,1783.0,1783.0,1783.0,0.2175,2021,11,3
2021-11-03 06:30:00+00:00,1783.0,1783.0,1783.0,1783.0,0.0635,2021,11,3
2021-11-03 06:35:00+00:00,1783.0,1784.0,1783.0,1784.0,3.4539,2021,11,3
2021-11-03 06:40:00+00:00,1784.0,1785.0,1783.0,1783.0,3.5429,2021,11,3
2021-11-03 06:45:00+00:00,1782.0,1782.0,1781.0,1782.0,4.5825,2021,11,3
2021-11-03 06:50:00+00:00,1782.0,1782.0,1782.0,1782.0,0.135,2021,11,3
2021-11-03 06:55:00+00:00,1781.0,1781.0,1780.0,1781.0,9.3908,2021,11,3
2021-11-03 07:00:00+00:00,1781.0,1781.0,1781.0,1781.0,0.3413,2021,11,3
2021-11-03 07:05:00+00:00,1780.0,1781.0,1780.0,1781.0,0.1948,2021,11,3
2021-11-03 07:10:00+00:00,1781.0,1782.0,1781.0,1782.0,1.8128,2021,11,3
2021-11-03 07:15:00+00:00,1781.0,1781.0,1780.0,1780.0,1.9116,2021,11,3
2021-11-03 07:20:00+00:00,1781.0,1781.0,1781.0,1781.0,2.6962,2021,11,3
2021-11-03 07:25:00+00:00,1781.0,1781.0,1780.0,1780.0,0.5905,2021,11,3
2021-11-03 07:30:00+00:00,1781.0,1781.0,1780.0,1780.0,0.7305,2021,11,3
2021-11-03 07:35:00+00:00,1781.0,1781.0,1780.0,1781.0,3.1457,2021,11,3
2021-11-03 07:40:00+00:00,1781.0,1781.0,1781.0,1781.0,0.4218,2021,11,3
2021-11-03 07:45:00+00:00,1781.0,1782.0,1781.0,1782.0,2.7077,2021,11,3
2021-11-03 07:50:00+00:00,1782.0,1784.0,1782.0,1783.0,21.1926,2021,11,3
2021-11-03 07:55:00+00:00,1784.0,1785.0,1784.0,1785.0,1.3041,2021,11,3
2021-11-03 08:00:00+00:00,1785.0,1785.0,1784.0,1784.0,0.7048,2021,11,3
2021-11-03 08:05:00+00:00,1784.0,1785.0,1784.0,1785.0,1.9169,2021,11,3
2021-11-03 08:10:00+00:00,1785.0,1785.0,1783.0,1783.0,2.8995,2021,11,3
2021-11-03 08:15:00+00:00,1784.0,1784.0,1783.0,1784.0,0.8457,2021,11,3
2021-11-03 08:20:00+00:00,1783.0,1784.0,1783.0,1784.0,0.5377,2021,11,3
2021-11-03 08:25:00+00:00,1783.0,1783.0,1783.0,1783.0,0.2178,2021,11,3
2021-11-03 08:30:00+00:00,1783.0,1784.0,1783.0,1783.0,1.5133,2021,11,3
2021-11-03 08:35:00+00:00,1783.0,1784.0,1783.0,1784.0,2.2885,2021,11,3
2021-11-03 08:40:00+00:00,1783.0,1785.0,1783.0,1785.0,1.5604,2021,11,3
2021-11-03 08:45:00+00:00,1784.0,1785.0,1784.0,1785.0,1.1689,2021,11,3
2021-11-03 08:50:00+00:00,1785.0,1785.0,1784.0,1784.0,0.5614,2021,11,3
2021-11-03 08:55:00+00:00,1785.0,1785.0,1784.0,1784.0,0.0293,2021,11,3
2021-11-03 09:00:00+00:00,1784.0,1785.0,1784.0,1785.0,0.1522,2021,11,3
2021-11-03 09:05:00+00:00,1785.0,1785.0,1784.0,1784.0,1.2054,2021,11,3
2021-11-03 09:10:00+00:00,1785.0,1785.0,1784.0,1785.0,0.1346,2021,11,3
2021-11-03 09:15:00+00:00,1784.0,1785.0,1784.0,1785.0,0.8681,2021,11,3
2021-11-03 09:20:00+00:00,1785.0,1786.0,1785.0,1785.0,2.7977,2021,11,3
2021-11-03 09:25:00+00:00,1785.0,1786.0,1784.0,1785.0,7.8332,2021,11,3
2021-11-03 09:30:00+00:00,1786.0,1788.0,1785.0,1785.0,24.3942,2021,11,3
2021-11-03 09:35:00+00:00,1784.0,1784.0,1784.0,1784.0,0.9954,2021,11,3
2021-11-03 09:40:00+00:00,1784.0,1784.0,1784.0,1784.0,1.1318,2021,11,3
2021-11-03 09:45:00+00:00,1784.0,1785.0,1783.0,1784.0,4.7624,2021,11,3
2021-11-03 09:50:00+00:00,1784.0,1785.0,1784.0,1784.0,0.6226,2021,11,3
2021-11-03 09:55:00+00:00,1784.0,1785.0,1784.0,1784.0,2.2129,2021,11,3
2021-11-03 10:00:00+00:00,1785.0,1786.0,1783.0,1786.0,11.26,2021,11,3
2021-11-03 10:05:00+00:00,1784.0,1785.0,1784.0,1784.0,0.7502,2021,11,3
2021-11-03 10:10:00+00:00,1784.0,1785.0,1784.0,1784.0,0.9274,2021,11,3
2021-11-03 10:15:00+00:00,1784.0,1785.0,1784.0,1784.0,0.2755,2021,11,3
2021-11-03 10:20:00+00:00,1784.0,1785.0,1784.0,1784.0,3.4295,2021,11,3
2021-11-03 10:25:00+00:00,1784.0,1785.0,1784.0,1784.0,1.5065,2021,11,3
2021-11-03 10:30:00+00:00,1784.0,1785.0,1784.0,1784.0,0.9488,2021,11,3
2021-11-03 10:35:00+00:00,1784.0,1785.0,1784.0,1785.0,0.6506,2021,11,3
2021-11-03 10:40:00+00:00,1784.0,1784.0,1780.0,1783.0,22.6367,2021,11,3
2021-11-03 10:45:00+00:00,1783.0,1784.0,1783.0,1783.0,1.6061,2021,11,3
2021-11-03 10:50:00+00:00,1783.0,1783.0,1783.0,1783.0,0.3223,2021,11,3
2021-11-03 10:55:00+00:00,1784.0,1784.0,1783.0,1783.0,0.6798,2021,11,3
2021-11-03 11:00:00+00:00,1783.0,1784.0,1783.0,1784.0,0.377,2021,11,3
2021-11-03 11:05:00+00:00,1783.0,1783.0,1783.0,1783.0,1.4871,2021,11,3
2021-11-03 11:10:00+00:00,1783.0,1783.0,1782.0,1782.0,1.1944,2021,11,3
2021-11-03 11:15:00+00:00,1782.0,1783.0,1782.0,1782.0,0.7948,2021,11,3
2021-11-03 11:20:00+00:00,1782.0,1783.0,1782.0,1782.0,1.2227,2021,11,3
2021-11-03 11:25:00+00:00,1782.0,1784.0,1782.0,1783.0,1.9724,2021,11,3
2021-11-03 11:30:00+00:00,1783.0,1785.0,1783.0,1783.0,9.3472,2021,11,3
2021-11-03 11:35:00+00:00,1783.0,1784.0,1782.0,1782.0,4.1324,2021,11,3
2021-11-03 11:40:00+00:00,1782.0,1784.0,1782.0,1783.0,5.2641,2021,11,3
2021-11-03 11:45:00+00:00,1783.0,1784.0,1783.0,1783.0,4.1599,2021,11,3
2021-11-03 11:50:00+00:00,1783.0,1783.0,1783.0,1783.0,8.0613,2021,11,3
2021-11-03 11:55:00+00:00,1783.0,1784.0,1783.0,1783.0,4.1779,2021,11,3
2021-11-03 12:00:00+00:00,1783.0,1785.0,1782.0,1784.0,6.6442,2021,11,3
2021-11-03 12:05:00+00:00,1784.0,1784.0,1783.0,1784.0,10.5711,2021,11,3
2021-11-03 12:10:00+00:00,1784.0,1785.0,1783.0,1783.0,4.2993,2021,11,3
2021-11-03 12:15:00+00:00,1783.0,1785.0,1783.0,1783.0,4.0536,2021,11,3
2021-11-03 12:20:00+00:00,1783.0,1784.0,1783.0,1783.0,13.3892,2021,11,3
2021-11-03 12:25:00+00:00,1783.0,1784.0,1782.0,1782.0,8.3931,2021,11,3
2021-11-03 12:30:00+00:00,1782.0,1788.0,1782.0,1783.0,64.9513,2021,11,3
2021-11-03 12:35:00+00:00,1784.0,1787.0,1781.0,1781.0,23.7644,2021,11,3
2021-11-03 12:40:00+00:00,1781.0,1781.0,1778.0,1778.0,15.6719,2021,11,3
2021-11-03 12:45:00+00:00,1779.0,1779.0,1778.0,1778.0,4.9135,2021,11,3
2021-11-03 12:50:00+00:00,1778.0,1779.0,1777.0,1777.0,5.2049,2021,11,3
2021-11-03 12:55:00+00:00,1777.0,1778.0,1777.0,1777.0,4.7388,2021,11,3
2021-11-03 13:00:00+00:00,1777.0,1778.0,1777.0,1777.0,7.1121,2021,11,3
2021-11-03 13:05:00+00:00,1777.0,1778.0,1776.0,1776.0,15.3415,2021,11,3
2021-11-03 13:10:00+00:00,1776.0,1777.0,1775.0,1775.0,24.0749,2021,11,3
2021-11-03 13:15:00+00:00,1776.0,1776.0,1774.0,1774.0,13.068,2021,11,3
2021-11-03 13:20:00+00:00,1774.0,1775.0,1771.0,1771.0,17.0255,2021,11,3
2021-11-03 13:25:00+00:00,1771.0,1775.0,1771.0,1772.0,19.4481,2021,11,3
2021-11-03 13:30:00+00:00,1772.0,1773.0,1770.0,1771.0,22.7779,2021,11,3
2021-11-03 13:35:00+00:00,1771.0,1773.0,1771.0,1773.0,31.4588,2021,11,3
2021-11-03 13:40:00+00:00,1773.0,1773.0,1771.0,1771.0,13.4289,2021,11,3
2021-11-03 13:45:00+00:00,1770.0,1771.0,1770.0,1770.0,11.2977,2021,11,3
2021-11-03 13:50:00+00:00,1770.0,1772.0,1770.0,1770.0,22.2827,2021,11,3
2021-11-03 13:55:00+00:00,1770.0,1770.0,1769.0,1769.0,7.6142,2021,11,3
2021-11-03 14:00:00+00:00,1769.0,1769.0,1768.0,1768.0,13.8639,2021,11,3
2021-11-03 14:05:00+00:00,1768.0,1768.0,1765.0,1766.0,26.4281,2021,11,3
2021-11-03 14:10:00+00:00,1766.0,1767.0,1765.0,1765.0,11.104,2021,11,3
2021-11-03 14:15:00+00:00,1766.0,1767.0,1765.0,1766.0,21.0578,2021,11,3
2021-11-03 14:20:00+00:00,1765.0,1767.0,1764.0,1767.0,80.6738,2021,11,3
2021-11-03 14:25:00+00:00,1767.0,1767.0,1765.0,1765.0,1.7773,2021,11,3
2021-11-03 14:30:00+00:00,1766.0,1768.0,1764.0,1765.0,10.9707,2021,11,3
2021-11-03 14:35:00+00:00,1765.0,1766.0,1764.0,1765.0,24.3486,2021,11,3
2021-11-03 14:40:00+00:00,1764.0,1768.0,1764.0,1765.0,31.9097,2021,11,3
2021-11-03 14:45:00+00:00,1766.0,1766.0,1762.0,1764.0,14.7979,2021,11,3
2021-11-03 14:50:00+00:00,1764.0,1771.0,1764.0,1767.0,15.6135,2021,11,3
2021-11-03 14:55:00+00:00,1767.0,1768.0,1766.0,1767.0,8.9744,2021,11,3
2021-11-03 15:00:00+00:00,1766.0,1768.0,1764.0,1766.0,6.0471,2021,11,3
2021-11-03 15:05:00+00:00,1766.0,1766.0,1764.0,1764.0,0.2203,2021,11,3
2021-11-03 15:10:00+00:00,1765.0,1767.0,1764.0,1765.0,13.2521,2021,11,3
2021-11-03 15:15:00+00:00,1766.0,1766.0,1765.0,1765.0,1.7065,2021,11,3
2021-11-03 15:20:00+00:00,1765.0,1777.0,1764.0,1765.0,60.7951,2021,11,3
2021-11-03 15:25:00+00:00,1765.0,1768.0,1764.0,1767.0,19.6361,2021,11,3
2021-11-03 15:30:00+00:00,1766.0,1767.0,1763.0,1767.0,26.9381,2021,11,3
2021-11-03 15:35:00+00:00,1767.0,1768.0,1766.0,1766.0,3.9121,2021,11,3
2021-11-03 15:40:00+00:00,1766.0,1770.0,1765.0,1767.0,94.4794,2021,11,3
2021-11-03 15:45:00+00:00,1767.0,1767.0,1766.0,1766.0,6.709,2021,11,3
2021-11-03 15:50:00+00:00,1766.0,1767.0,1766.0,1767.0,1.1489,2021,11,3
2021-11-03 15:55:00+00:00,1767.0,1767.0,1763.0,1765.0,13.3471,2021,11,3
2021-11-03 16:00:00+00:00,1765.0,1766.0,1765.0,1766.0,6.016,2021,11,3
2021-11-03 16:05:00+00:00,1765.0,1766.0,1765.0,1766.0,2.7506,2021,11,3
2021-11-03 16:10:00+00:00,1765.0,1767.0,1765.0,1767.0,5.4471,2021,11,3
2021-11-03 16:15:00+00:00,1767.0,1767.0,1765.0,1766.0,8.7443,2021,11,3
2021-11-03 16:20:00+00:00,1766.0,1766.0,1765.0,1766.0,1.0335,2021,11,3
2021-11-03 16:25:00+00:00,1765.0,1766.0,1765.0,1766.0,5.3318,2021,11,3
2021-11-03 16:30:00+00:00,1766.0,1767.0,1765.0,1767.0,7.4648,2021,11,3
2021-11-03 16:35:00+00:00,1767.0,1767.0,1766.0,1767.0,1.2022,2021,11,3
2021-11-03 16:40:00+00:00,1767.0,1767.0,1765.0,1765.0,5.6451,2021,11,3
2021-11-03 16:45:00+00:00,1765.0,1766.0,1764.0,1765.0,1.8717,2021,11,3
2021-11-03 16:50:00+00:00,1765.0,1765.0,1765.0,1765.0,0.5519,2021,11,3
2021-11-03 16:55:00+00:00,1765.0,1767.0,1765.0,1766.0,26.5737,2021,11,3
2021-11-03 17:00:00+00:00,1766.0,1766.0,1765.0,1765.0,1.1757,2021,11,3
2021-11-03 17:05:00+00:00,1766.0,1766.0,1765.0,1765.0,0.0804,2021,11,3
2021-11-03 17:10:00+00:00,1766.0,1771.0,1766.0,1767.0,144.667,2021,11,3
2021-11-03 17:15:00+00:00,1766.0,1770.0,1766.0,1767.0,31.6446,2021,11,3
2021-11-03 17:20:00+00:00,1767.0,1768.0,1767.0,1767.0,3.215,2021,11,3
2021-11-03 17:25:00+00:00,1767.0,1776.0,1767.0,1767.0,30.1182,2021,11,3
2021-11-03 17:30:00+00:00,1767.0,1768.0,1767.0,1767.0,1.5643,2021,11,3
2021-11-03 17:35:00+00:00,1768.0,1769.0,1767.0,1769.0,1.8462,2021,11,3
2021-11-03 17:40:00+00:00,1768.0,1768.0,1768.0,1768.0,0.0453,2021,11,3
2021-11-03 17:45:00+00:00,1767.0,1768.0,1767.0,1768.0,1.5744,2021,11,3
2021-11-03 17:50:00+00:00,1768.0,1768.0,1766.0,1767.0,3.0362,2021,11,3
2021-11-03 17:55:00+00:00,1767.0,1768.0,1766.0,1768.0,1.7938,2021,11,3
2021-11-03 18:00:00+00:00,1768.0,1772.0,1766.0,1768.0,91.5409,2021,11,3
2021-11-03 18:05:00+00:00,1769.0,1771.0,1768.0,1768.0,47.2553,2021,11,3
2021-11-03 18:10:00+00:00,1768.0,1769.0,1767.0,1769.0,13.7741,2021,11,3
2021-11-03 18:15:00+00:00,1769.0,1769.0,1768.0,1769.0,28.9799,2021,11,3
2021-11-03 18:20:00+00:00,1768.0,1768.0,1767.0,1768.0,3.2746,2021,11,3
2021-11-03 18:25:00+00:00,1768.0,1768.0,1766.0,1766.0,3.7895,2021,11,3
2021-11-03 18:30:00+00:00,1766.0,1767.0,1765.0,1767.0,24.1577,2021,11,3
2021-11-03 18:35:00+00:00,1767.0,1768.0,1767.0,1767.0,2.5205,2021,11,3
2021-11-03 18:40:00+00:00,1768.0,1772.0,1767.0,1771.0,32.3524,2021,11,3
2021-11-03 18:45:00+00:00,1771.0,1773.0,1771.0,1772.0,25.0014,2021,11,3
2021-11-03 18:50:00+00:00,1773.0,1776.0,1773.0,1775.0,43.1676,2021,11,3
2021-11-03 18:55:00+00:00,1774.0,1776.0,1774.0,1776.0,3.4245,2021,11,3
2021-11-03 19:00:00+00:00,1776.0,1777.0,1775.0,1776.0,4.2526,2021,11,3
2021-11-03 19:05:00+00:00,1775.0,1781.0,1775.0,1776.0,88.8762,2021,11,3
2021-11-03 19:10:00+00:00,1779.0,1780.0,1774.0,1775.0,56.6125,2021,11,3
2021-11-03 19:15:00+00:00,1774.0,1774.0,1771.0,1771.0,12.1154,2021,11,3
2021-11-03 19:20:00+00:00,1770.0,1780.0,1770.0,1771.0,83.8749,2021,11,3
2021-11-03 19:25:00+00:00,1771.0,1773.0,1771.0,1772.0,10.7696,2021,11,3
2021-11-03 19:30:00+00:00,1773.0,1773.0,1773.0,1773.0,0.6274,2021,11,3
2021-11-03 19:35:00+00:00,1773.0,1774.0,1772.0,1774.0,0.834,2021,11,3
2021-11-03 19:40:00+00:00,1774.0,1774.0,1774.0,1774.0,1.215,2021,11,3
2021-11-03 19:45:00+00:00,1773.0,1776.0,1773.0,1776.0,4.6068,2021,11,3
2021-11-03 19:50:00+00:00,1775.0,1775.0,1775.0,1775.0,1.576,2021,11,3
2021-11-03 19:55:00+00:00,1776.0,1776.0,1776.0,1776.0,0.0085,2021,11,3
2021-11-03 20:00:00+00:00,1775.0,1778.0,1775.0,1776.0,11.2171,2021,11,3
2021-11-03 20:05:00+00:00,1776.0,1776.0,1774.0,1775.0,4.4494,2021,11,3
2021-11-03 20:10:00+00:00,1775.0,1776.0,1774.0,1776.0,3.8049,2021,11,3
2021-11-03 20:15:00+00:00,1775.0,1776.0,1775.0,1775.0,2.3133,2021,11,3
2021-11-03 20:20:00+00:00,1774.0,1775.0,1774.0,1775.0,3.0519,2021,11,3
2021-11-03 20:25:00+00:00,1775.0,1775.0,1773.0,1773.0,3.4529,2021,11,3
2021-11-03 20:30:00+00:00,1774.0,1774.0,1771.0,1773.0,8.8849,2021,11,3
2021-11-03 20:35:00+00:00,1773.0,1774.0,1772.0,1774.0,5.4333,2021,11,3
2021-11-03 20:40:00+00:00,1774.0,1780.0,1774.0,1779.0,62.4541,2021,11,3
2021-11-03 20:45:00+00:00,1777.0,1779.0,1776.0,1776.0,55.73,2021,11,3
2021-11-03 20:50:00+00:00,1776.0,1777.0,1773.0,1774.0,24.0609,2021,11,3
2021-11-03 20:55:00+00:00,1773.0,1776.0,1773.0,1774.0,4.9837,2021,11,3
2021-11-03 21:00:00+00:00,1774.0,1788.0,1774.0,1776.0,86.172,2021,11,3
2021-11-03 21:05:00+00:00,1777.0,1777.0,1775.0,1776.0,1.1062,2021,11,3
2021-11-03 21:10:00+00:00,1776.0,1776.0,1775.0,1775.0,1.9121,2021,11,3
2021-11-03 21:15:00+00:00,1775.0,1775.0,1772.0,1773.0,9.2245,2021,11,3
2021-11-03 21:20:00+00:00,1773.0,1773.0,1772.0,1772.0,0.4381,2021,11,3
2021-11-03 21:25:00+00:00,1772.0,1773.0,1772.0,1772.0,2.0163,2021,11,3
2021-11-03 21:30:00+00:00,1773.0,1773.0,1771.0,1771.0,2.2803,2021,11,3
2021-11-03 21:35:00+00:00,1772.0,1772.0,1771.0,1771.0,2.0597,2021,11,3
2021-11-03 21:40:00+00:00,1772.0,1772.0,1772.0,1772.0,0.0731,2021,11,3
2021-11-03 21:45:00+00:00,1771.0,1771.0,1771.0,1771.0,0.074,2021,11,3
2021-11-03 21:50:00+00:00,1772.0,1773.0,1771.0,1773.0,5.3064,2021,11,3
2021-11-03 21:55:00+00:00,1773.0,1774.0,1773.0,1773.0,15.5218,2021,11,3
2021-11-03 22:00:00+00:00,1773.0,1773.0,1772.0,1773.0,0.23,2021,11,3
2021-11-03 22:05:00+00:00,1773.0,1773.0,1772.0,1773.0,4.112,2021,11,3
2021-11-03 22:10:00+00:00,1773.0,1773.0,1772.0,1773.0,3.7018,2021,11,3
2021-11-03 22:15:00+00:00,1773.0,1774.0,1773.0,1774.0,0.6684,2021,11,3
2021-11-03 22:20:00+00:00,1774.0,1775.0,1774.0,1775.0,3.3199,2021,11,3
2021-11-03 22:25:00+00:00,1775.0,1778.0,1775.0,1777.0,14.6014,2021,11,3
2021-11-03 22:30:00+00:00,1777.0,1779.0,1777.0,1777.0,12.2738,2021,11,3
2021-11-03 22:35:00+00:00,1777.0,1777.0,1777.0,1777.0,0.0,2021,11,3
2021-11-03 22:40:00+00:00,1778.0,1778.0,1777.0,1778.0,0.8832,2021,11,3
2021-11-03 22:45:00+00:00,1778.0,1778.0,1776.0,1776.0,4.1297,2021,11,3
2021-11-03 22:50:00+00:00,1776.0,1777.0,1776.0,1777.0,1.5337,2021,11,3
2021-11-03 22:55:00+00:00,1777.0,1777.0,1771.0,1773.0,23.254,2021,11,3
2021-11-03 23:00:00+00:00,1773.0,1773.0,1773.0,1773.0,0.0113,2021,11,3
2021-11-03 23:05:00+00:00,1773.0,1774.0,1773.0,1774.0,2.7869,2021,11,3
2021-11-03 23:10:00+00:00,1775.0,1775.0,1774.0,1774.0,2.3525,2021,11,3
2021-11-03 23:15:00+00:00,1775.0,1775.0,1775.0,1775.0,0.4375,2021,11,3
2021-11-03 23:20:00+00:00,1775.0,1777.0,1775.0,1777.0,1.9388,2021,11,3
2021-11-03 23:25:00+00:00,1776.0,1776.0,1775.0,1775.0,3.1908,2021,11,3
2021-11-03 23:30:00+00:00,1776.0,1776.0,1776.0,1776.0,0.3372,2021,11,3
2021-11-03 23:35:00+00:00,1776.0,1776.0,1775.0,1776.0,1.3047,2021,11,3
2021-11-03 23:40:00+00:00,1776.0,1777.0,1776.0,1777.0,4.9204,2021,11,3
2021-11-03 23:45:00+00:00,1777.0,1777.0,1777.0,1777.0,0.0902,2021,11,3
2021-11-03 23:50:00+00:00,1776.0,1777.0,1775.0,1777.0,5.2588,2021,11,3
2021-11-03 23:55:00+00:00,1777.0,1778.0,1777.0,1778.0,2.1907,2021,11,3
2021-11-04 00:00:00+00:00,1778.0,1779.0,1777.0,1779.0,3.736,2021,11,4
2021-11-04 00:05:00+00:00,1779.0,1779.0,1778.0,1778.0,3.793,2021,11,4
2021-11-04 00:10:00+00:00,1778.0,1778.0,1777.0,1777.0,2.3161,2021,11,4
2021-11-04 00:15:00+00:00,1777.0,1777.0,1776.0,1776.0,9.2209,2021,11,4
2021-11-04 00:20:00+00:00,1775.0,1777.0,1775.0,1776.0,6.9757,2021,11,4
2021-11-04 00:25:00+00:00,1776.0,1777.0,1776.0,1777.0,0.374,2021,11,4
2021-11-04 00:30:00+00:00,1776.0,1776.0,1776.0,1776.0,0.8371,2021,11,4
2021-11-04 00:35:00+00:00,1777.0,1777.0,1776.0,1777.0,2.707,2021,11,4
2021-11-04 00:40:00+00:00,1777.0,1777.0,1773.0,1776.0,23.3011,2021,11,4
2021-11-04 00:45:00+00:00,1775.0,1777.0,1775.0,1777.0,6.6586,2021,11,4
2021-11-04 00:50:00+00:00,1777.0,1778.0,1777.0,1778.0,1.2735,2021,11,4
2021-11-04 00:55:00+00:00,1778.0,1778.0,1778.0,1778.0,0.0488,2021,11,4
2021-11-04 01:00:00+00:00,1778.0,1778.0,1778.0,1778.0,9.6093,2021,11,4
2021-11-04 01:05:00+00:00,1778.0,1778.0,1778.0,1778.0,4.7992,2021,11,4
2021-11-04 01:10:00+00:00,1777.0,1778.0,1777.0,1778.0,6.3201,2021,11,4
2021-11-04 01:15:00+00:00,1777.0,1778.0,1777.0,1778.0,2.1847,2021,11,4
2021-11-04 01:20:00+00:00,1778.0,1778.0,1778.0,1778.0,1.2821,2021,11,4
2021-11-04 01:25:00+00:00,1778.0,1778.0,1777.0,1778.0,3.2414,2021,11,4
2021-11-04 01:30:00+00:00,1778.0,1779.0,1778.0,1779.0,3.043,2021,11,4
2021-11-04 01:35:00+00:00,1778.0,1779.0,1778.0,1778.0,1.1436,2021,11,4
2021-11-04 01:40:00+00:00,1779.0,1779.0,1778.0,1778.0,1.502,2021,11,4
2021-11-04 01:45:00+00:00,1778.0,1779.0,1778.0,1778.0,5.2333,2021,11,4
2021-11-04 01:50:00+00:00,1778.0,1778.0,1777.0,1777.0,7.5461,2021,11,4
2021-11-04 01:55:00+00:00,1778.0,1779.0,1777.0,1778.0,11.9752,2021,11,4
2021-11-04 02:00:00+00:00,1778.0,1778.0,1777.0,1778.0,2.7588,2021,11,4
2021-11-04 02:05:00+00:00,1778.0,1778.0,1777.0,1778.0,4.337,2021,11,4
2021-11-04 02:10:00+00:00,1778.0,1778.0,1777.0,1778.0,4.2582,2021,11,4
2021-11-04 02:15:00+00:00,1778.0,1778.0,1778.0,1778.0,0.0625,2021,11,4
2021-11-04 02:20:00+00:00,1777.0,1777.0,1777.0,1777.0,0.3395,2021,11,4
2021-11-04 02:25:00+00:00,1777.0,1778.0,1777.0,1778.0,0.0211,2021,11,4
2021-11-04 02:30:00+00:00,1778.0,1778.0,1778.0,1778.0,0.0,2021,11,4
2021-11-04 02:35:00+00:00,1778.0,1778.0,1778.0,1778.0,0.8138,2021,11,4
2021-11-04 02:40:00+00:00,1777.0,1777.0,1777.0,1777.0,0.0161,2021,11,4
2021-11-04 02:45:00+00:00,1777.0,1777.0,1777.0,1777.0,0.0,2021,11,4
2021-11-04 02:50:00+00:00,1777.0,1777.0,1777.0,1777.0,0.0,2021,11,4
2021-11-04 02:55:00+00:00,1777.0,1778.0,1777.0,1778.0,0.3491,2021,11,4
2021-11-04 03:00:00+00:00,1778.0,1778.0,1778.0,1778.0,0.4715,2021,11,4
2021-11-04 03:05:00+00:00,1778.0,1778.0,1778.0,1778.0,0.0151,2021,11,4
2021-11-04 03:10:00+00:00,1777.0,1778.0,1777.0,1778.0,0.1388,2021,11,4
2021-11-04 03:15:00+00:00,1777.0,1779.0,1777.0,1779.0,1.6689,2021,11,4
2021-11-04 03:20:00+00:00,1777.0,1777.0,1777.0,1777.0,0.9889,2021,11,4
2021-11-04 03:25:00+00:00,1777.0,1777.0,1777.0,1777.0,0.0938,2021,11,4
2021-11-04 03:30:00+00:00,1777.0,1777.0,1775.0,1777.0,4.6645,2021,11,4
2021-11-04 03:35:00+00:00,1778.0,1778.0,1777.0,1777.0,0.1224,2021,11,4
2021-11-04 03:40:00+00:00,1777.0,1777.0,1776.0,1776.0,1.0303,2021,11,4
2021-11-04 03:45:00+00:00,1776.0,1777.0,1776.0,1776.0,0.1573,2021,11,4
2021-11-04 03:50:00+00:00,1777.0,1777.0,1776.0,1776.0,0.6908,2021,11,4
2021-11-04 03:55:00+00:00,1776.0,1778.0,1775.0,1778.0,8.9171,2021,11,4
2021-11-04 04:00:00+00:00,1778.0,1779.0,1778.0,1779.0,7.7701,2021,11,4
2021-11-04 04:05:00+00:00,1779.0,1779.0,1778.0,1779.0,1.0517,2021,11,4
2021-11-04 04:10:00+00:00,1779.0,1779.0,1779.0,1779.0,0.6882,2021,11,4
2021-11-04 04:15:00+00:00,1779.0,1779.0,1778.0,1778.0,0.2848,2021,11,4
2021-11-04 04:20:00+00:00,1779.0,1779.0,1779.0,1779.0,0.1521,2021,11,4
2021-11-04 04:25:00+00:00,1778.0,1778.0,1778.0,1778.0,0.147,2021,11,4
2021-11-04 04:30:00+00:00,1779.0,1779.0,1779.0,1779.0,0.0483,2021,11,4
2021-11-04 04:35:00+00:00,1779.0,1780.0,1779.0,1779.0,11.3393,2021,11,4
2021-11-04 04:40:00+00:00,1779.0,1780.0,1779.0,1779.0,4.6607,2021,11,4
2021-11-04 04:45:00+00:00,1779.0,1779.0,1778.0,1778.0,0.6517,2021,11,4
2021-11-04 04:50:00+00:00,1779.0,1779.0,1779.0,1779.0,0.085,2021,11,4
2021-11-04 04:55:00+00:00,1779.0,1779.0,1779.0,1779.0,0.0322,2021,11,4
2021-11-04 05:00:00+00:00,1778.0,1779.0,1778.0,1779.0,0.4479,2021,11,4
2021-11-04 05:05:00+00:00,1779.0,1779.0,1778.0,1779.0,1.4385,2021,11,4
2021-11-04 05:10:00+00:00,1778.0,1778.0,1778.0,1778.0,0.2783,2021,11,4
2021-11-04 05:15:00+00:00,1779.0,1780.0,1778.0,1778.0,6.6264,2021,11,4
2021-11-04 05:20:00+00:00,1777.0,1778.0,1777.0,1778.0,0.148,2021,11,4
2021-11-04 05:25:00+00:00,1777.0,1777.0,1777.0,1777.0,0.0816,2021,11,4
2021-11-04 05:30:00+00:00,1777.0,1777.0,1777.0,1777.0,0.0161,2021,11,4
2021-11-04 05:35:00+00:00,1778.0,1778.0,1773.0,1775.0,28.319,2021,11,4
2021-11-04 05:40:00+00:00,1775.0,1775.0,1775.0,1775.0,3.3849,2021,11,4
2021-11-04 05:45:00+00:00,1775.0,1776.0,1775.0,1776.0,1.1176,2021,11,4
2021-11-04 05:50:00+00:00,1775.0,1776.0,1775.0,1776.0,0.2169,2021,11,4
2021-11-04 05:55:00+00:00,1775.0,1775.0,1775.0,1775.0,0.0057,2021,11,4
2021-11-04 06:00:00+00:00,1775.0,1775.0,1775.0,1775.0,22.9772,2021,11,4
2021-11-04 06:05:00+00:00,1776.0,1776.0,1775.0,1776.0,0.1468,2021,11,4
2021-11-04 06:10:00+00:00,1776.0,1776.0,1776.0,1776.0,0.5184,2021,11,4
2021-11-04 06:15:00+00:00,1775.0,1776.0,1774.0,1774.0,6.0429,2021,11,4
2021-11-04 06:20:00+00:00,1774.0,1775.0,1774.0,1775.0,0.049,2021,11,4
2021-11-04 06:25:00+00:00,1775.0,1776.0,1775.0,1776.0,1.0214,2021,11,4
2021-11-04 06:30:00+00:00,1776.0,1776.0,1775.0,1776.0,1.6035,2021,11,4
2021-11-04 06:35:00+00:00,1776.0,1776.0,1776.0,1776.0,0.5453,2021,11,4
2021-11-04 06:40:00+00:00,1776.0,1776.0,1775.0,1775.0,1.056,2021,11,4
2021-11-04 06:45:00+00:00,1775.0,1776.0,1775.0,1776.0,0.2297,2021,11,4
2021-11-04 06:50:00+00:00,1776.0,1776.0,1775.0,1775.0,0.1314,2021,11,4
2021-11-04 06:55:00+00:00,1775.0,1776.0,1775.0,1776.0,1.2121,2021,11,4
2021-11-04 07:00:00+00:00,1776.0,1777.0,1775.0,1777.0,1.2907,2021,11,4
2021-11-04 07:05:00+00:00,1777.0,1777.0,1777.0,1777.0,0.0639,2021,11,4
2021-11-04 07:10:00+00:00,1777.0,1779.0,1777.0,1778.0,15.3809,2021,11,4
2021-11-04 07:15:00+00:00,1778.0,1779.0,1777.0,1779.0,3.4726,2021,11,4
2021-11-04 07:20:00+00:00,1778.0,1779.0,1777.0,1779.0,1.8185,2021,11,4
2021-11-04 07:25:00+00:00,1779.0,1779.0,1778.0,1778.0,0.5293,2021,11,4
2021-11-04 07:30:00+00:00,1779.0,1779.0,1777.0,1777.0,2.0,2021,11,4
2021-11-04 07:35:00+00:00,1778.0,1778.0,1778.0,1778.0,0.5624,2021,11,4
2021-11-04 07:40:00+00:00,1777.0,1777.0,1776.0,1776.0,2.7615,2021,11,4
2021-11-04 07:45:00+00:00,1776.0,1777.0,1771.0,1775.0,19.82,2021,11,4
2021-11-04 07:50:00+00:00,1774.0,1775.0,1774.0,1774.0,0.8622,2021,11,4
2021-11-04 07:55:00+00:00,1775.0,1775.0,1774.0,1774.0,2.6126,2021,11,4
2021-11-04 08:00:00+00:00,1775.0,1775.0,1774.0,1775.0,0.8852,2021,11,4
2021-11-04 08:05:00+00:00,1775.0,1775.0,1774.0,1774.0,0.5655,2021,11,4
2021-11-04 08:10:00+00:00,1774.0,1775.0,1774.0,1775.0,1.3031,2021,11,4
2021-11-04 08:15:00+00:00,1774.0,1775.0,1774.0,1775.0,1.6299,2021,11,4
2021-11-04 08:20:00+00:00,1775.0,1776.0,1774.0,1776.0,4.3039,2021,11,4
2021-11-04 08:25:00+00:00,1775.0,1777.0,1775.0,1776.0,11.9284,2021,11,4
2021-11-04 08:30:00+00:00,1776.0,1778.0,1775.0,1775.0,5.9973,2021,11,4
2021-11-04 08:35:00+00:00,1775.0,1775.0,1772.0,1774.0,7.9088,2021,11,4
2021-11-04 08:40:00+00:00,1774.0,1775.0,1774.0,1775.0,12.9509,2021,11,4
2021-11-04 08:45:00+00:00,1775.0,1776.0,1775.0,1776.0,6.6232,2021,11,4
2021-11-04 08:50:00+00:00,1776.0,1777.0,1776.0,1776.0,6.1855,2021,11,4
2021-11-04 08:55:00+00:00,1776.0,1777.0,1776.0,1776.0,4.7495,2021,11,4
2021-11-04 09:00:00+00:00,1776.0,1777.0,1774.0,1776.0,9.647,2021,11,4
2021-11-04 09:05:00+00:00,1776.0,1776.0,1774.0,1775.0,7.315,2021,11,4
2021-11-04 09:10:00+00:00,1775.0,1776.0,1774.0,1775.0,33.3779,2021,11,4
2021-11-04 09:15:00+00:00,1775.0,1776.0,1775.0,1776.0,4.4223,2021,11,4
2021-11-04 09:20:00+00:00,1775.0,1777.0,1775.0,1775.0,5.2957,2021,11,4
2021-11-04 09:25:00+00:00,1775.0,1775.0,1775.0,1775.0,3.9688,2021,11,4
2021-11-04 09:30:00+00:00,1775.0,1775.0,1773.0,1774.0,5.3389,2021,11,4
2021-11-04 09:35:00+00:00,1774.0,1775.0,1774.0,1774.0,4.9432,2021,11,4
2021-11-04 09:40:00+00:00,1774.0,1776.0,1774.0,1774.0,6.3106,2021,11,4
2021-11-04 09:45:00+00:00,1774.0,1776.0,1774.0,1775.0,11.1943,2021,11,4
2021-11-04 09:50:00+00:00,1775.0,1776.0,1774.0,1774.0,5.2386,2021,11,4
2021-11-04 09:55:00+00:00,1774.0,1776.0,1773.0,1774.0,9.3642,2021,11,4
2021-11-04 10:00:00+00:00,1774.0,1775.0,1773.0,1774.0,11.6917,2021,11,4
2021-11-04 10:05:00+00:00,1774.0,1777.0,1772.0,1774.0,21.1688,2021,11,4
2021-11-04 10:10:00+00:00,1773.0,1775.0,1773.0,1775.0,9.3668,2021,11,4
2021-11-04 10:15:00+00:00,1774.0,1775.0,1773.0,1773.0,10.23,2021,11,4
2021-11-04 10:20:00+00:00,1773.0,1775.0,1773.0,1775.0,8.9103,2021,11,4
2021-11-04 10:25:00+00:00,1774.0,1775.0,1773.0,1775.0,10.3587,2021,11,4
2021-11-04 10:30:00+00:00,1776.0,1777.0,1775.0,1777.0,3.0712,2021,11,4
2021-11-04 10:35:00+00:00,1776.0,1778.0,1776.0,1776.0,9.6206,2021,11,4
2021-11-04 10:40:00+00:00,1776.0,1778.0,1776.0,1778.0,1.8628,2021,11,4
2021-11-04 10:45:00+00:00,1777.0,1778.0,1772.0,1777.0,33.9105,2021,11,4
2021-11-04 10:50:00+00:00,1778.0,1778.0,1777.0,1777.0,1.6487,2021,11,4
2021-11-04 10:55:00+00:00,1777.0,1778.0,1777.0,1778.0,1.2906,2021,11,4
2021-11-04 11:00:00+00:00,1778.0,1778.0,1778.0,1778.0,1.6812,2021,11,4
2021-11-04 11:05:00+00:00,1777.0,1778.0,1777.0,1778.0,0.0233,2021,11,4
2021-11-04 11:10:00+00:00,1778.0,1778.0,1776.0,1778.0,2.944,2021,11,4
2021-11-04 11:15:00+00:00,1778.0,1779.0,1778.0,1778.0,1.8888,2021,11,4
2021-11-04 11:20:00+00:00,1778.0,1779.0,1778.0,1779.0,0.0233,2021,11,4
2021-11-04 11:25:00+00:00,1779.0,1779.0,1778.0,1778.0,0.3525,2021,11,4
2021-11-04 11:30:00+00:00,1778.0,1779.0,1776.0,1777.0,5.7818,2021,11,4
2021-11-04 11:35:00+00:00,1777.0,1779.0,1777.0,1778.0,1.4053,2021,11,4
2021-11-04 11:40:00+00:00,1778.0,1780.0,1778.0,1780.0,9.1704,2021,11,4
2021-11-04 11:45:00+00:00,1779.0,1780.0,1779.0,1780.0,1.6458,2021,11,4
2021-11-04 11:50:00+00:00,1780.0,1780.0,1780.0,1780.0,0.7237,2021,11,4
2021-11-04 11:55:00+00:00,1780.0,1780.0,1779.0,1779.0,4.0861,2021,11,4
2021-11-04 12:00:00+00:00,1780.0,1780.0,1779.0,1780.0,9.1273,2021,11,4
2021-11-04 12:05:00+00:00,1779.0,1780.0,1779.0,1780.0,0.4143,2021,11,4
2021-11-04 12:10:00+00:00,1779.0,1780.0,1779.0,1780.0,3.1826,2021,11,4
2021-11-04 12:15:00+00:00,1779.0,1780.0,1779.0,1780.0,2.1588,2021,11,4
2021-11-04 12:20:00+00:00,1780.0,1782.0,1780.0,1781.0,2.8647,2021,11,4
2021-11-04 12:25:00+00:00,1781.0,1782.0,1781.0,1782.0,2.0318,2021,11,4
2021-11-04 12:30:00+00:00,1782.0,1786.0,1782.0,1785.0,35.0884,2021,11,4
2021-11-04 12:35:00+00:00,1785.0,1785.0,1784.0,1784.0,2.402,2021,11,4
2021-11-04 12:40:00+00:00,1785.0,1786.0,1784.0,1784.0,12.4085,2021,11,4
2021-11-04 12:45:00+00:00,1784.0,1787.0,1784.0,1786.0,9.9729,2021,11,4
2021-11-04 12:50:00+00:00,1786.0,1789.0,1786.0,1788.0,21.5542,2021,11,4
2021-11-04 12:55:00+00:00,1788.0,1790.0,1788.0,1789.0,6.7901,2021,11,4
2021-11-04 13:00:00+00:00,1789.0,1790.0,1788.0,1789.0,7.3221,2021,11,4
2021-11-04 13:05:00+00:00,1789.0,1790.0,1787.0,1788.0,13.7626,2021,11,4
2021-11-04 13:10:00+00:00,1788.0,1790.0,1787.0,1789.0,13.1928,2021,11,4
2021-11-04 13:15:00+00:00,1789.0,1790.0,1786.0,1789.0,7.2962,2021,11,4
2021-11-04 13:20:00+00:00,1787.0,1790.0,1786.0,1787.0,9.7272,2021,11,4
2021-11-04 13:25:00+00:00,1787.0,1790.0,1786.0,1786.0,5.1046,2021,11,4
2021-11-04 13:30:00+00:00,1787.0,1790.0,1784.0,1788.0,9.1401,2021,11,4
2021-11-04 13:35:00+00:00,1786.0,1790.0,1785.0,1790.0,17.8882,2021,11,4
2021-11-04 13:40:00+00:00,1786.0,1792.0,1786.0,1790.0,53.3017,2021,11,4
2021-11-04 13:45:00+00:00,1790.0,1792.0,1787.0,1788.0,7.0938,2021,11,4
2021-11-04 13:50:00+00:00,1788.0,1791.0,1786.0,1789.0,6.0711,2021,11,4
2021-11-04 13:55:00+00:00,1788.0,1792.0,1786.0,1792.0,19.2634,2021,11,4
2021-11-04 14:00:00+00:00,1793.0,1794.0,1790.0,1794.0,30.2538,2021,11,4
2021-11-04 14:05:00+00:00,1794.0,1796.0,1793.0,1793.0,7.5228,2021,11,4
2021-11-04 14:10:00+00:00,1793.0,1795.0,1789.0,1791.0,9.8014,2021,11,4
2021-11-04 14:15:00+00:00,1791.0,1795.0,1791.0,1791.0,10.7121,2021,11,4
2021-11-04 14:20:00+00:00,1792.0,1795.0,1791.0,1792.0,6.489,2021,11,4
2021-11-04 14:25:00+00:00,1792.0,1796.0,1792.0,1795.0,88.0009,2021,11,4
2021-11-04 14:30:00+00:00,1794.0,1795.0,1792.0,1792.0,27.0974,2021,11,4
2021-11-04 14:35:00+00:00,1792.0,1794.0,1792.0,1792.0,6.4524,2021,11,4
2021-11-04 14:40:00+00:00,1792.0,1796.0,1792.0,1793.0,8.6782,2021,11,4
2021-11-04 14:45:00+00:00,1792.0,1795.0,1791.0,1791.0,6.1669,2021,11,4
2021-11-04 14:50:00+00:00,1792.0,1795.0,1792.0,1794.0,1.5239,2021,11,4
2021-11-04 14:55:00+00:00,1792.0,1796.0,1791.0,1792.0,7.0385,2021,11,4
2021-11-04 15:00:00+00:00,1793.0,1794.0,1790.0,1793.0,8.6469,2021,11,4
2021-11-04 15:05:00+00:00,1793.0,1793.0,1788.0,1789.0,6.4278,2021,11,4
2021-11-04 15:10:00+00:00,1792.0,1794.0,1786.0,1790.0,23.3923,2021,11,4
2021-11-04 15:15:00+00:00,1790.0,1794.0,1789.0,1792.0,12.3872,2021,11,4
2021-11-04 15:20:00+00:00,1792.0,1793.0,1792.0,1793.0,4.2507,2021,11,4
2021-11-04 15:25:00+00:00,1793.0,1797.0,1793.0,1795.0,14.9564,2021,11,4
2021-11-04 15:30:00+00:00,1795.0,1795.0,1794.0,1794.0,1.4132,2021,11,4
2021-11-04 15:35:00+00:00,1793.0,1793.0,1792.0,1792.0,3.3377,2021,11,4
2021-11-04 15:40:00+00:00,1793.0,1793.0,1792.0,1793.0,1.003,2021,11,4
2021-11-04 15:45:00+00:00,1792.0,1794.0,1792.0,1792.0,22.4904,2021,11,4
2021-11-04 15:50:00+00:00,1792.0,1792.0,1791.0,1791.0,4.7998,2021,11,4
2021-11-04 15:55:00+00:00,1791.0,1792.0,1791.0,1792.0,1.4392,2021,11,4
2021-11-04 16:00:00+00:00,1791.0,1792.0,1791.0,1791.0,2.0282,2021,11,4
2021-11-04 16:05:00+00:00,1791.0,1792.0,1791.0,1791.0,1.6161,2021,11,4
2021-11-04 16:10:00+00:00,1790.0,1791.0,1788.0,1788.0,8.977,2021,11,4
2021-11-04 16:15:00+00:00,1790.0,1790.0,1788.0,1790.0,3.6308,2021,11,4
2021-11-04 16:20:00+00:00,1790.0,1790.0,1790.0,1790.0,0.3366,2021,11,4
2021-11-04 16:25:00+00:00,1790.0,1790.0,1790.0,1790.0,1.472,2021,11,4
2021-11-04 16:30:00+00:00,1789.0,1790.0,1786.0,1788.0,8.3484,2021,11,4
2021-11-04 16:35:00+00:00,1788.0,1790.0,1788.0,1790.0,1.4609,2021,11,4
2021-11-04 16:40:00+00:00,1788.0,1789.0,1786.0,1786.0,25.444,2021,11,4
2021-11-04 16:45:00+00:00,1789.0,1789.0,1789.0,1789.0,1.2733,2021,11,4
2021-11-04 16:50:00+00:00,1789.0,1789.0,1788.0,1789.0,0.6239,2021,11,4
2021-11-04 16:55:00+00:00,1789.0,1790.0,1788.0,1790.0,3.4449,2021,11,4
2021-11-04 17:00:00+00:00,1790.0,1791.0,1790.0,1791.0,1.5374,2021,11,4
2021-11-04 17:05:00+00:00,1790.0,1791.0,1790.0,1790.0,0.8265,2021,11,4
2021-11-04 17:10:00+00:00,1790.0,1791.0,1790.0,1791.0,0.2872,2021,11,4
2021-11-04 17:15:00+00:00,1791.0,1791.0,1790.0,1790.0,1.7094,2021,11,4
2021-11-04 17:20:00+00:00,1790.0,1792.0,1790.0,1791.0,4.2525,2021,11,4
2021-11-04 17:25:00+00:00,1791.0,1792.0,1790.0,1790.0,1.1288,2021,11,4
2021-11-04 17:30:00+00:00,1791.0,1791.0,1790.0,1791.0,3.2508,2021,11,4
2021-11-04 17:35:00+00:00,1790.0,1791.0,1790.0,1791.0,0.7846,2021,11,4
2021-11-04 17:40:00+00:00,1792.0,1792.0,1790.0,1790.0,7.6094,2021,11,4
2021-11-04 17:45:00+00:00,1790.0,1792.0,1790.0,1790.0,4.7729,2021,11,4
2021-11-04 17:50:00+00:00,1789.0,1792.0,1789.0,1790.0,5.2549,2021,11,4
2021-11-04 17:55:00+00:00,1792.0,1792.0,1791.0,1792.0,0.2819,2021,11,4
2021-11-04 18:00:00+00:00,1791.0,1792.0,1789.0,1790.0,2.8145,2021,11,4
2021-11-04 18:05:00+00:00,1790.0,1791.0,1785.0,1790.0,21.1946,2021,11,4
2021-11-04 18:10:00+00:00,1791.0,1791.0,1791.0,1791.0,0.34,2021,11,4
2021-11-04 18:15:00+00:00,1791.0,1791.0,1789.0,1789.0,4.5021,2021,11,4
2021-11-04 18:20:00+00:00,1789.0,1790.0,1789.0,1789.0,2.0172,2021,11,4
2021-11-04 18:25:00+00:00,1789.0,1790.0,1789.0,1790.0,0.1266,2021,11,4
2021-11-04 18:30:00+00:00,1789.0,1790.0,1789.0,1790.0,1.3452,2021,11,4
2021-11-04 18:35:00+00:00,1791.0,1791.0,1790.0,1790.0,0.1751,2021,11,4
2021-11-04 18:40:00+00:00,1790.0,1790.0,1790.0,1790.0,0.3623,2021,11,4
2021-11-04 18:45:00+00:00,1791.0,1791.0,1790.0,1790.0,0.5069,2021,11,4
2021-11-04 18:50:00+00:00,1790.0,1791.0,1790.0,1790.0,1.0066,2021,11,4
2021-11-04 18:55:00+00:00,1790.0,1791.0,1790.0,1790.0,0.2151,2021,11,4
2021-11-04 19:00:00+00:00,1791.0,1791.0,1788.0,1788.0,4.1515,2021,11,4
2021-11-04 19:05:00+00:00,1790.0,1790.0,1788.0,1788.0,0.1305,2021,11,4
2021-11-04 19:10:00+00:00,1790.0,1791.0,1789.0,1791.0,3.7876,2021,11,4
2021-11-04 19:15:00+00:00,1789.0,1791.0,1789.0,1791.0,0.4362,2021,11,4
2021-11-04 19:20:00+00:00,1791.0,1791.0,1789.0,1789.0,1.7605,2021,11,4
2021-11-04 19:25:00+00:00,1789.0,1789.0,1788.0,1788.0,1.8394,2021,11,4
2021-11-04 19:30:00+00:00,1789.0,1789.0,1788.0,1789.0,0.7136,2021,11,4
2021-11-04 19:35:00+00:00,1789.0,1790.0,1789.0,1790.0,0.0943,2021,11,4
2021-11-04 19:40:00+00:00,1791.0,1791.0,1788.0,1789.0,0.4734,2021,11,4
2021-11-04 19:45:00+00:00,1788.0,1790.0,1788.0,1790.0,5.0124,2021,11,4
2021-11-04 19:50:00+00:00,1790.0,1791.0,1789.0,1791.0,1.8999,2021,11,4
2021-11-04 19:55:00+00:00,1789.0,1791.0,1789.0,1791.0,1.0291,2021,11,4
2021-11-04 20:00:00+00:00,1791.0,1791.0,1791.0,1791.0,0.4065,2021,11,4
2021-11-04 20:05:00+00:00,1791.0,1792.0,1790.0,1790.0,0.829,2021,11,4
2021-11-04 20:10:00+00:00,1790.0,1792.0,1790.0,1791.0,0.7781,2021,11,4
2021-11-04 20:15:00+00:00,1790.0,1791.0,1790.0,1791.0,0.5328,2021,11,4
2021-11-04 20:20:00+00:00,1791.0,1791.0,1790.0,1791.0,0.6034,2021,11,4
2021-11-04 20:25:00+00:00,1790.0,1791.0,1789.0,1791.0,1.254,2021,11,4
2021-11-04 20:30:00+00:00,1791.0,1791.0,1790.0,1791.0,1.1559,2021,11,4
2021-11-04 20:35:00+00:00,1790.0,1790.0,1789.0,1789.0,0.2877,2021,11,4
2021-11-04 20:40:00+00:00,1789.0,1789.0,1789.0,1789.0,0.0226,2021,11,4
2021-11-04 20:45:00+00:00,1789.0,1789.0,1789.0,1789.0,0.25,2021,11,4
2021-11-04 20:50:00+00:00,1789.0,1790.0,1789.0,1790.0,1.2134,2021,11,4
2021-11-04 20:55:00+00:00,1790.0,1790.0,1790.0,1790.0,0.081,2021,11,4
2021-11-04 21:00:00+00:00,1789.0,1790.0,1787.0,1787.0,8.939,2021,11,4
2021-11-04 21:05:00+00:00,1789.0,1789.0,1786.0,1787.0,2.6066,2021,11,4
2021-11-04 21:10:00+00:00,1786.0,1787.0,1786.0,1787.0,0.72,2021,11,4
2021-11-04 21:15:00+00:00,1787.0,1787.0,1787.0,1787.0,0.0,2021,11,4
2021-11-04 21:20:00+00:00,1787.0,1787.0,1786.0,1787.0,4.3756,2021,11,4
2021-11-04 21:25:00+00:00,1787.0,1790.0,1787.0,1789.0,68.5292,2021,11,4
2021-11-04 21:30:00+00:00,1790.0,1790.0,1788.0,1788.0,4.5846,2021,11,4
2021-11-04 21:35:00+00:00,1789.0,1789.0,1788.0,1789.0,1.0288,2021,11,4
2021-11-04 21:40:00+00:00,1788.0,1789.0,1788.0,1789.0,0.3087,2021,11,4
2021-11-04 21:45:00+00:00,1789.0,1789.0,1788.0,1788.0,0.6927,2021,11,4
2021-11-04 21:50:00+00:00,1789.0,1789.0,1789.0,1789.0,0.0251,2021,11,4
2021-11-04 21:55:00+00:00,1789.0,1789.0,1789.0,1789.0,0.1676,2021,11,4
2021-11-04 22:00:00+00:00,1789.0,1790.0,1787.0,1787.0,1.3679,2021,11,4
2021-11-04 22:05:00+00:00,1789.0,1790.0,1788.0,1789.0,1.8029,2021,11,4
2021-11-04 22:10:00+00:00,1789.0,1790.0,1788.0,1790.0,1.1587,2021,11,4
2021-11-04 22:15:00+00:00,1790.0,1790.0,1789.0,1790.0,0.7177,2021,11,4
2021-11-04 22:20:00+00:00,1790.0,1790.0,1789.0,1790.0,0.058,2021,11,4
2021-11-04 22:25:00+00:00,1789.0,1790.0,1788.0,1789.0,0.9709,2021,11,4
2021-11-04 22:30:00+00:00,1789.0,1790.0,1789.0,1790.0,0.2912,2021,11,4
2021-11-04 22:35:00+00:00,1790.0,1790.0,1787.0,1790.0,1.8573,2021,11,4
2021-11-04 22:40:00+00:00,1790.0,1790.0,1789.0,1790.0,1.1596,2021,11,4
2021-11-04 22:45:00+00:00,1790.0,1790.0,1790.0,1790.0,0.0216,2021,11,4
2021-11-04 22:50:00+00:00,1789.0,1790.0,1789.0,1789.0,0.938,2021,11,4
2021-11-04 22:55:00+00:00,1790.0,1790.0,1790.0,1790.0,0.0279,2021,11,4
2021-11-04 23:00:00+00:00,1789.0,1789.0,1789.0,1789.0,0.2088,2021,11,4
2021-11-04 23:05:00+00:00,1790.0,1790.0,1789.0,1790.0,1.6845,2021,11,4
2021-11-04 23:10:00+00:00,1789.0,1789.0,1789.0,1789.0,0.0226,2021,11,4
2021-11-04 23:15:00+00:00,1790.0,1791.0,1790.0,1790.0,4.3153,2021,11,4
2021-11-04 23:20:00+00:00,1790.0,1790.0,1790.0,1790.0,0.0267,2021,11,4
2021-11-04 23:25:00+00:00,1791.0,1791.0,1789.0,1790.0,2.3285,2021,11,4
2021-11-04 23:30:00+00:00,1790.0,1790.0,1789.0,1789.0,0.1983,2021,11,4
2021-11-04 23:35:00+00:00,1789.0,1789.0,1789.0,1789.0,0.0,2021,11,4
2021-11-04 23:40:00+00:00,1789.0,1789.0,1788.0,1788.0,2.597,2021,11,4
2021-11-04 23:45:00+00:00,1788.0,1788.0,1788.0,1788.0,0.5935,2021,11,4
2021-11-04 23:50:00+00:00,1789.0,1792.0,1789.0,1792.0,10.1408,2021,11,4
2021-11-04 23:55:00+00:00,1792.0,1792.0,1792.0,1792.0,0.063,2021,11,4
2021-11-05 00:00:00+00:00,1791.0,1792.0,1791.0,1791.0,1.3286,2021,11,5
2021-11-05 00:05:00+00:00,1791.0,1792.0,1791.0,1792.0,0.5821,2021,11,5
2021-11-05 00:10:00+00:00,1792.0,1792.0,1792.0,1792.0,0.0616,2021,11,5
2021-11-05 00:15:00+00:00,1791.0,1791.0,1790.0,1790.0,0.3752,2021,11,5
2021-11-05 00:20:00+00:00,1790.0,1790.0,1790.0,1790.0,1.0123,2021,11,5
2021-11-05 00:25:00+00:00,1790.0,1791.0,1790.0,1791.0,0.0867,2021,11,5
2021-11-05 00:30:00+00:00,1790.0,1790.0,1790.0,1790.0,0.1843,2021,11,5
2021-11-05 00:35:00+00:00,1790.0,1790.0,1790.0,1790.0,0.151,2021,11,5
2021-11-05 00:40:00+00:00,1791.0,1792.0,1790.0,1792.0,4.4924,2021,11,5
2021-11-05 00:45:00+00:00,1792.0,1792.0,1791.0,1791.0,5.2633,2021,11,5
2021-11-05 00:50:00+00:00,1791.0,1792.0,1791.0,1792.0,6.8365,2021,11,5
2021-11-05 00:55:00+00:00,1792.0,1792.0,1791.0,1792.0,0.3622,2021,11,5
2021-11-05 01:00:00+00:00,1792.0,1792.0,1791.0,1791.0,9.205,2021,11,5
2021-11-05 01:05:00+00:00,1791.0,1791.0,1791.0,1791.0,0.1206,2021,11,5
2021-11-05 01:10:00+00:00,1791.0,1792.0,1791.0,1792.0,34.2897,2021,11,5
2021-11-05 01:15:00+00:00,1793.0,1793.0,1792.0,1792.0,0.2856,2021,11,5
2021-11-05 01:20:00+00:00,1792.0,1792.0,1792.0,1792.0,0.0056,2021,11,5
2021-11-05 01:25:00+00:00,1793.0,1793.0,1792.0,1793.0,0.1222,2021,11,5
2021-11-05 01:30:00+00:00,1792.0,1792.0,1792.0,1792.0,0.7645,2021,11,5
2021-11-05 01:35:00+00:00,1793.0,1793.0,1792.0,1793.0,0.5822,2021,11,5
2021-11-05 01:40:00+00:00,1793.0,1794.0,1793.0,1794.0,1.5466,2021,11,5
2021-11-05 01:45:00+00:00,1794.0,1794.0,1793.0,1794.0,1.6835,2021,11,5
2021-11-05 01:50:00+00:00,1793.0,1794.0,1793.0,1794.0,1.1401,2021,11,5
2021-11-05 01:55:00+00:00,1793.0,1795.0,1793.0,1795.0,7.732,2021,11,5
2021-11-05 02:00:00+00:00,1794.0,1796.0,1794.0,1796.0,3.1664,2021,11,5
2021-11-05 02:05:00+00:00,1797.0,1797.0,1797.0,1797.0,10.8487,2021,11,5
2021-11-05 02:10:00+00:00,1796.0,1796.0,1796.0,1796.0,0.3909,2021,11,5
2021-11-05 02:15:00+00:00,1796.0,1797.0,1796.0,1797.0,0.1685,2021,11,5
2021-11-05 02:20:00+00:00,1796.0,1796.0,1796.0,1796.0,0.0582,2021,11,5
2021-11-05 02:25:00+00:00,1796.0,1796.0,1796.0,1796.0,1.0,2021,11,5
2021-11-05 02:30:00+00:00,1796.0,1796.0,1795.0,1796.0,3.1882,2021,11,5
2021-11-05 02:35:00+00:00,1796.0,1796.0,1795.0,1795.0,1.1851,2021,11,5
2021-11-05 02:40:00+00:00,1796.0,1796.0,1795.0,1796.0,0.2708,2021,11,5
2021-11-05 02:45:00+00:00,1795.0,1795.0,1795.0,1795.0,2.89,2021,11,5
2021-11-05 02:50:00+00:00,1794.0,1794.0,1794.0,1794.0,1.0717,2021,11,5
2021-11-05 02:55:00+00:00,1794.0,1794.0,1793.0,1794.0,0.3828,2021,11,5
2021-11-05 03:00:00+00:00,1793.0,1794.0,1793.0,1794.0,0.14,2021,11,5
2021-11-05 03:05:00+00:00,1794.0,1794.0,1793.0,1794.0,0.363,2021,11,5
2021-11-05 03:10:00+00:00,1794.0,1795.0,1794.0,1795.0,2.9635,2021,11,5
2021-11-05 03:15:00+00:00,1796.0,1796.0,1795.0,1796.0,2.1286,2021,11,5
2021-11-05 03:20:00+00:00,1796.0,1796.0,1795.0,1795.0,12.6612,2021,11,5
2021-11-05 03:25:00+00:00,1795.0,1796.0,1795.0,1795.0,2.4211,2021,11,5
2021-11-05 03:30:00+00:00,1794.0,1795.0,1794.0,1794.0,1.2295,2021,11,5
2021-11-05 03:35:00+00:00,1795.0,1795.0,1794.0,1794.0,1.026,2021,11,5
2021-11-05 03:40:00+00:00,1794.0,1795.0,1792.0,1794.0,10.4988,2021,11,5
2021-11-05 03:45:00+00:00,1793.0,1794.0,1793.0,1793.0,0.8385,2021,11,5
2021-11-05 03:50:00+00:00,1794.0,1794.0,1793.0,1794.0,2.2966,2021,11,5
2021-11-05 03:55:00+00:00,1793.0,1795.0,1793.0,1795.0,6.4994,2021,11,5
2021-11-05 04:00:00+00:00,1794.0,1795.0,1794.0,1794.0,1.0178,2021,11,5
2021-11-05 04:05:00+00:00,1795.0,1795.0,1792.0,1793.0,3.6305,2021,11,5
2021-11-05 04:10:00+00:00,1793.0,1794.0,1793.0,1794.0,1.4292,2021,11,5
2021-11-05 04:15:00+00:00,1793.0,1795.0,1793.0,1794.0,2.1037,2021,11,5
2021-11-05 04:20:00+00:00,1795.0,1795.0,1794.0,1794.0,1.2995,2021,11,5
2021-11-05 04:25:00+00:00,1794.0,1797.0,1794.0,1796.0,54.514,2021,11,5
2021-11-05 04:30:00+00:00,1795.0,1796.0,1795.0,1796.0,1.5676,2021,11,5
2021-11-05 04:35:00+00:00,1796.0,1796.0,1795.0,1795.0,1.3471,2021,11,5
2021-11-05 04:40:00+00:00,1795.0,1795.0,1795.0,1795.0,0.2696,2021,11,5
2021-11-05 04:45:00+00:00,1795.0,1796.0,1795.0,1796.0,0.5542,2021,11,5
2021-11-05 04:50:00+00:00,1795.0,1795.0,1795.0,1795.0,0.1179,2021,11,5
2021-11-05 04:55:00+00:00,1795.0,1796.0,1794.0,1795.0,1.5749,2021,11,5
2021-11-05 05:00:00+00:00,1795.0,1795.0,1795.0,1795.0,0.0,2021,11,5
2021-11-05 05:05:00+00:00,1794.0,1794.0,1794.0,1794.0,0.0129,2021,11,5
2021-11-05 05:10:00+00:00,1794.0,1794.0,1794.0,1794.0,0.3101,2021,11,5
2021-11-05 05:15:00+00:00,1795.0,1795.0,1795.0,1795.0,0.0155,2021,11,5
2021-11-05 05:20:00+00:00,1795.0,1795.0,1794.0,1795.0,0.39,2021,11,5
2021-11-05 05:25:00+00:00,1795.0,1795.0,1795.0,1795.0,1.0474,2021,11,5
2021-11-05 05:30:00+00:00,1795.0,1795.0,1794.0,1794.0,0.0389,2021,11,5
2021-11-05 05:35:00+00:00,1794.0,1794.0,1794.0,1794.0,5.5153,2021,11,5
2021-11-05 05:40:00+00:00,1795.0,1795.0,1795.0,1795.0,0.0557,2021,11,5
2021-11-05 05:45:00+00:00,1794.0,1794.0,1792.0,1793.0,18.5893,2021,11,5
2021-11-05 05:50:00+00:00,1794.0,1794.0,1793.0,1794.0,0.4436,2021,11,5
2021-11-05 05:55:00+00:00,1793.0,1793.0,1793.0,1793.0,0.007,2021,11,5
2021-11-05 06:00:00+00:00,1794.0,1794.0,1792.0,1794.0,2.3346,2021,11,5
2021-11-05 06:05:00+00:00,1794.0,1794.0,1792.0,1792.0,14.7417,2021,11,5
2021-11-05 06:10:00+00:00,1793.0,1795.0,1792.0,1793.0,4.6687,2021,11,5
2021-11-05 06:15:00+00:00,1793.0,1794.0,1793.0,1794.0,0.3468,2021,11,5
2021-11-05 06:20:00+00:00,1793.0,1794.0,1792.0,1793.0,14.319,2021,11,5
2021-11-05 06:25:00+00:00,1794.0,1794.0,1793.0,1793.0,0.5645,2021,11,5
2021-11-05 06:30:00+00:00,1793.0,1793.0,1793.0,1793.0,0.0418,2021,11,5
2021-11-05 06:35:00+00:00,1793.0,1794.0,1793.0,1794.0,2.0454,2021,11,5
2021-11-05 06:40:00+00:00,1793.0,1794.0,1793.0,1794.0,0.2615,2021,11,5
2021-11-05 06:45:00+00:00,1793.0,1793.0,1793.0,1793.0,0.0166,2021,11,5
2021-11-05 06:50:00+00:00,1793.0,1794.0,1793.0,1794.0,0.3781,2021,11,5
2021-11-05 06:55:00+00:00,1793.0,1793.0,1793.0,1793.0,1.1102,2021,11,5
2021-11-05 07:00:00+00:00,1794.0,1794.0,1793.0,1794.0,0.1733,2021,11,5
2021-11-05 07:05:00+00:00,1794.0,1795.0,1793.0,1795.0,3.4271,2021,11,5
2021-11-05 07:10:00+00:00,1794.0,1795.0,1794.0,1795.0,0.2676,2021,11,5
2021-11-05 07:15:00+00:00,1795.0,1795.0,1794.0,1794.0,0.1177,2021,11,5
2021-11-05 07:20:00+00:00,1794.0,1794.0,1794.0,1794.0,0.3356,2021,11,5
2021-11-05 07:25:00+00:00,1794.0,1801.0,1794.0,1800.0,84.2372,2021,11,5
2021-11-05 07:30:00+00:00,1800.0,1800.0,1798.0,1799.0,3.9351,2021,11,5
2021-11-05 07:35:00+00:00,1799.0,1799.0,1798.0,1799.0,9.9162,2021,11,5
2021-11-05 07:40:00+00:00,1799.0,1799.0,1798.0,1798.0,2.4052,2021,11,5
2021-11-05 07:45:00+00:00,1797.0,1798.0,1797.0,1797.0,0.1991,2021,11,5
2021-11-05 07:50:00+00:00,1797.0,1800.0,1793.0,1795.0,69.67,2021,11,5
2021-11-05 07:55:00+00:00,1796.0,1796.0,1795.0,1796.0,1.0012,2021,11,5
2021-11-05 08:00:00+00:00,1796.0,1796.0,1795.0,1795.0,1.4133,2021,11,5
2021-11-05 08:05:00+00:00,1795.0,1795.0,1793.0,1793.0,3.414,2021,11,5
2021-11-05 08:10:00+00:00,1793.0,1794.0,1792.0,1794.0,4.9974,2021,11,5
2021-11-05 08:15:00+00:00,1794.0,1797.0,1794.0,1797.0,5.0757,2021,11,5
2021-11-05 08:20:00+00:00,1797.0,1797.0,1796.0,1797.0,4.0442,2021,11,5
2021-11-05 08:25:00+00:00,1796.0,1797.0,1796.0,1797.0,3.2319,2021,11,5
2021-11-05 08:30:00+00:00,1798.0,1798.0,1798.0,1798.0,0.1196,2021,11,5
2021-11-05 08:35:00+00:00,1797.0,1798.0,1797.0,1798.0,0.4009,2021,11,5
2021-11-05 08:40:00+00:00,1798.0,1798.0,1797.0,1798.0,1.6349,2021,11,5
2021-11-05 08:45:00+00:00,1797.0,1798.0,1797.0,1797.0,4.3772,2021,11,5
2021-11-05 08:50:00+00:00,1797.0,1798.0,1797.0,1797.0,1.6115,2021,11,5
2021-11-05 08:55:00+00:00,1798.0,1798.0,1798.0,1798.0,0.0333,2021,11,5
2021-11-05 09:00:00+00:00,1798.0,1798.0,1798.0,1798.0,0.1043,2021,11,5
2021-11-05 09:05:00+00:00,1798.0,1798.0,1793.0,1795.0,7.8059,2021,11,5
2021-11-05 09:10:00+00:00,1796.0,1796.0,1794.0,1795.0,2.0349,2021,11,5
2021-11-05 09:15:00+00:00,1795.0,1796.0,1795.0,1795.0,0.0276,2021,11,5
2021-11-05 09:20:00+00:00,1796.0,1796.0,1795.0,1796.0,2.8299,2021,11,5
2021-11-05 09:25:00+00:00,1796.0,1796.0,1795.0,1795.0,1.2262,2021,11,5
2021-11-05 09:30:00+00:00,1795.0,1796.0,1794.0,1794.0,2.2626,2021,11,5
2021-11-05 09:35:00+00:00,1794.0,1794.0,1793.0,1793.0,2.8735,2021,11,5
2021-11-05 09:40:00+00:00,1793.0,1795.0,1793.0,1795.0,4.1645,2021,11,5
2021-11-05 09:45:00+00:00,1796.0,1796.0,1795.0,1796.0,0.8248,2021,11,5
2021-11-05 09:50:00+00:00,1796.0,1796.0,1795.0,1796.0,1.3527,2021,11,5
2021-11-05 09:55:00+00:00,1795.0,1795.0,1794.0,1795.0,17.8448,2021,11,5
2021-11-05 10:00:00+00:00,1795.0,1799.0,1794.0,1796.0,23.1528,2021,11,5
2021-11-05 10:05:00+00:00,1795.0,1796.0,1794.0,1795.0,4.3229,2021,11,5
2021-11-05 10:10:00+00:00,1794.0,1795.0,1794.0,1794.0,1.7216,2021,11,5
2021-11-05 10:15:00+00:00,1795.0,1795.0,1794.0,1795.0,0.8977,2021,11,5
2021-11-05 10:20:00+00:00,1795.0,1796.0,1795.0,1795.0,1.3495,2021,11,5
2021-11-05 10:25:00+00:00,1795.0,1796.0,1795.0,1796.0,1.0416,2021,11,5
2021-11-05 10:30:00+00:00,1796.0,1796.0,1795.0,1795.0,0.3382,2021,11,5
2021-11-05 10:35:00+00:00,1795.0,1795.0,1794.0,1794.0,1.8498,2021,11,5
2021-11-05 10:40:00+00:00,1794.0,1795.0,1794.0,1795.0,1.1191,2021,11,5
2021-11-05 10:45:00+00:00,1794.0,1795.0,1794.0,1795.0,1.7347,2021,11,5
2021-11-05 10:50:00+00:00,1795.0,1795.0,1795.0,1795.0,0.0,2021,11,5
2021-11-05 10:55:00+00:00,1794.0,1794.0,1792.0,1792.0,4.3848,2021,11,5
2021-11-05 11:00:00+00:00,1794.0,1794.0,1793.0,1794.0,1.1221,2021,11,5
2021-11-05 11:05:00+00:00,1794.0,1794.0,1793.0,1793.0,0.3794,2021,11,5
2021-11-05 11:10:00+00:00,1793.0,1794.0,1793.0,1793.0,0.9132,2021,11,5
2021-11-05 11:15:00+00:00,1794.0,1795.0,1794.0,1795.0,16.3834,2021,11,5
2021-11-05 11:20:00+00:00,1795.0,1795.0,1794.0,1794.0,3.8562,2021,11,5
2021-11-05 11:25:00+00:00,1794.0,1795.0,1794.0,1794.0,12.004,2021,11,5
2021-11-05 11:30:00+00:00,1795.0,1795.0,1794.0,1794.0,1.5092,2021,11,5
2021-11-05 11:35:00+00:00,1794.0,1795.0,1793.0,1794.0,4.2221,2021,11,5
2021-11-05 11:40:00+00:00,1795.0,1795.0,1794.0,1794.0,1.2588,2021,11,5
2021-11-05 11:45:00+00:00,1795.0,1796.0,1794.0,1795.0,4.3525,2021,11,5
2021-11-05 11:50:00+00:00,1795.0,1795.0,1793.0,1794.0,3.0068,2021,11,5
2021-11-05 11:55:00+00:00,1794.0,1794.0,1790.0,1794.0,16.9547,2021,11,5
2021-11-05 12:00:00+00:00,1793.0,1793.0,1793.0,1793.0,0.4717,2021,11,5
2021-11-05 12:05:00+00:00,1794.0,1795.0,1793.0,1795.0,6.6791,2021,11,5
2021-11-05 12:10:00+00:00,1795.0,1796.0,1794.0,1795.0,4.8919,2021,11,5
2021-11-05 12:15:00+00:00,1796.0,1796.0,1794.0,1794.0,1.7061,2021,11,5
2021-11-05 12:20:00+00:00,1794.0,1795.0,1794.0,1794.0,0.4732,2021,11,5
2021-11-05 12:25:00+00:00,1794.0,1794.0,1794.0,1794.0,0.2071,2021,11,5
2021-11-05 12:30:00+00:00,1794.0,1794.0,1786.0,1789.0,52.3212,2021,11,5
2021-11-05 12:35:00+00:00,1788.0,1794.0,1788.0,1794.0,72.4539,2021,11,5
2021-11-05 12:40:00+00:00,1793.0,1793.0,1793.0,1793.0,17.801,2021,11,5
2021-11-05 12:45:00+00:00,1793.0,1793.0,1792.0,1792.0,1.7105,2021,11,5
2021-11-05 12:50:00+00:00,1791.0,1791.0,1791.0,1791.0,2.7396,2021,11,5
2021-11-05 12:55:00+00:00,1792.0,1792.0,1792.0,1792.0,0.0893,2021,11,5
2021-11-05 13:00:00+00:00,1792.0,1793.0,1791.0,1793.0,4.5684,2021,11,5
2021-11-05 13:05:00+00:00,1794.0,1794.0,1793.0,1793.0,4.7029,2021,11,5
2021-11-05 13:10:00+00:00,1793.0,1797.0,1793.0,1797.0,10.8035,2021,11,5
2021-11-05 13:15:00+00:00,1796.0,1797.0,1796.0,1797.0,1.4595,2021,11,5
2021-11-05 13:20:00+00:00,1797.0,1797.0,1796.0,1797.0,2.2825,2021,11,5
2021-11-05 13:25:00+00:00,1797.0,1801.0,1797.0,1800.0,51.6385,2021,11,5
2021-11-05 13:30:00+00:00,1801.0,1802.0,1800.0,1801.0,7.3141,2021,11,5
2021-11-05 13:35:00+00:00,1802.0,1812.0,1800.0,1802.0,159.5721,2021,11,5
2021-11-05 13:40:00+00:00,1802.0,1802.0,1800.0,1800.0,4.6608,2021,11,5
2021-11-05 13:45:00+00:00,1800.0,1801.0,1800.0,1801.0,8.3137,2021,11,5
2021-11-05 13:50:00+00:00,1801.0,1802.0,1800.0,1801.0,2.1614,2021,11,5
2021-11-05 13:55:00+00:00,1801.0,1801.0,1800.0,1801.0,0.9285,2021,11,5
2021-11-05 14:00:00+00:00,1800.0,1800.0,1800.0,1800.0,0.0111,2021,11,5
2021-11-05 14:05:00+00:00,1801.0,1809.0,1796.0,1800.0,40.2946,2021,11,5
2021-11-05 14:10:00+00:00,1799.0,1800.0,1799.0,1799.0,0.6679,2021,11,5
2021-11-05 14:15:00+00:00,1799.0,1799.0,1798.0,1799.0,1.2367,2021,11,5
2021-11-05 14:20:00+00:00,1799.0,1799.0,1798.0,1798.0,0.7281,2021,11,5
2021-11-05 14:25:00+00:00,1798.0,1798.0,1798.0,1798.0,0.0296,2021,11,5
2021-11-05 14:30:00+00:00,1798.0,1798.0,1796.0,1798.0,7.0814,2021,11,5
2021-11-05 14:35:00+00:00,1799.0,1799.0,1798.0,1798.0,9.8247,2021,11,5
2021-11-05 14:40:00+00:00,1798.0,1798.0,1798.0,1798.0,0.0988,2021,11,5
2021-11-05 14:45:00+00:00,1798.0,1799.0,1798.0,1798.0,3.7374,2021,11,5
2021-11-05 14:50:00+00:00,1798.0,1799.0,1798.0,1798.0,1.9682,2021,11,5
2021-11-05 14:55:00+00:00,1798.0,1799.0,1798.0,1799.0,9.4976,2021,11,5
2021-11-05 15:00:00+00:00,1799.0,1801.0,1799.0,1800.0,21.0995,2021,11,5
2021-11-05 15:05:00+00:00,1800.0,1801.0,1798.0,1799.0,10.1283,2021,11,5
2021-11-05 15:10:00+00:00,1799.0,1802.0,1799.0,1802.0,29.3682,2021,11,5
2021-11-05 15:15:00+00:00,1802.0,1803.0,1801.0,1802.0,24.6208,2021,11,5
2021-11-05 15:20:00+00:00,1802.0,1804.0,1802.0,1804.0,2.8358,2021,11,5
2021-11-05 15:25:00+00:00,1804.0,1806.0,1804.0,1806.0,6.1376,2021,11,5
2021-11-05 15:30:00+00:00,1806.0,1807.0,1805.0,1807.0,2.2086,2021,11,5
2021-11-05 15:35:00+00:00,1807.0,1809.0,1805.0,1808.0,7.6938,2021,11,5
2021-11-05 15:40:00+00:00,1808.0,1810.0,1807.0,1808.0,10.9764,2021,11,5
2021-11-05 15:45:00+00:00,1809.0,1809.0,1808.0,1808.0,3.7097,2021,11,5
2021-11-05 15:50:00+00:00,1809.0,1809.0,1809.0,1809.0,0.4994,2021,11,5
2021-11-05 15:55:00+00:00,1809.0,1810.0,1808.0,1809.0,24.1375,2021,11,5
2021-11-05 16:00:00+00:00,1810.0,1810.0,1809.0,1809.0,1.185,2021,11,5
2021-11-05 16:05:00+00:00,1810.0,1812.0,1809.0,1810.0,8.7924,2021,11,5
2021-11-05 16:10:00+00:00,1811.0,1811.0,1810.0,1811.0,3.8599,2021,11,5
2021-11-05 16:15:00+00:00,1810.0,1811.0,1810.0,1811.0,4.2229,2021,11,5
2021-11-05 16:20:00+00:00,1811.0,1811.0,1810.0,1811.0,2.7396,2021,11,5
2021-11-05 16:25:00+00:00,1811.0,1825.0,1810.0,1814.0,127.7352,2021,11,5
2021-11-05 16:30:00+00:00,1814.0,1814.0,1813.0,1814.0,1.6144,2021,11,5
2021-11-05 16:35:00+00:00,1814.0,1814.0,1812.0,1812.0,1.7452,2021,11,5
2021-11-05 16:40:00+00:00,1812.0,1813.0,1812.0,1813.0,2.893,2021,11,5
2021-11-05 16:45:00+00:00,1813.0,1813.0,1811.0,1813.0,2.4458,2021,11,5
2021-11-05 16:50:00+00:00,1813.0,1813.0,1809.0,1810.0,42.8561,2021,11,5
2021-11-05 16:55:00+00:00,1810.0,1811.0,1810.0,1811.0,0.3406,2021,11,5
2021-11-05 17:00:00+00:00,1810.0,1811.0,1810.0,1810.0,0.3423,2021,11,5
2021-11-05 17:05:00+00:00,1810.0,1811.0,1807.0,1809.0,4.1103,2021,11,5
2021-11-05 17:10:00+00:00,1810.0,1810.0,1809.0,1810.0,0.5144,2021,11,5
2021-11-05 17:15:00+00:00,1810.0,1811.0,1810.0,1811.0,6.7878,2021,11,5
2021-11-05 17:20:00+00:00,1811.0,1811.0,1810.0,1811.0,1.3914,2021,11,5
2021-11-05 17:25:00+00:00,1811.0,1812.0,1811.0,1812.0,2.7015,2021,11,5
2021-11-05 17:30:00+00:00,1811.0,1815.0,1811.0,1814.0,4.3964,2021,11,5
2021-11-05 17:35:00+00:00,1814.0,1815.0,1814.0,1815.0,1.0455,2021,11,5
2021-11-05 17:40:00+00:00,1815.0,1815.0,1814.0,1814.0,0.4918,2021,11,5
2021-11-05 17:45:00+00:00,1814.0,1815.0,1814.0,1814.0,1.3766,2021,11,5
2021-11-05 17:50:00+00:00,1814.0,1816.0,1814.0,1815.0,10.5503,2021,11,5
2021-11-05 17:55:00+00:00,1815.0,1816.0,1814.0,1815.0,3.8418,2021,11,5
2021-11-05 18:00:00+00:00,1815.0,1816.0,1815.0,1816.0,19.0005,2021,11,5
2021-11-05 18:05:00+00:00,1815.0,1816.0,1815.0,1815.0,1.4405,2021,11,5
2021-11-05 18:10:00+00:00,1816.0,1816.0,1815.0,1816.0,0.4579,2021,11,5
2021-11-05 18:15:00+00:00,1815.0,1816.0,1815.0,1816.0,8.4785,2021,11,5
2021-11-05 18:20:00+00:00,1816.0,1816.0,1814.0,1814.0,4.1504,2021,11,5
2021-11-05 18:25:00+00:00,1814.0,1815.0,1814.0,1815.0,6.1612,2021,11,5
2021-11-05 18:30:00+00:00,1815.0,1815.0,1815.0,1815.0,0.4465,2021,11,5
2021-11-05 18:35:00+00:00,1814.0,1815.0,1814.0,1814.0,5.5209,2021,11,5
2021-11-05 18:40:00+00:00,1813.0,1814.0,1813.0,1813.0,1.8343,2021,11,5
2021-11-05 18:45:00+00:00,1814.0,1816.0,1814.0,1816.0,3.0399,2021,11,5
2021-11-05 18:50:00+00:00,1815.0,1815.0,1814.0,1814.0,7.5007,2021,11,5
2021-11-05 18:55:00+00:00,1814.0,1814.0,1809.0,1813.0,17.7808,2021,11,5
2021-11-05 19:00:00+00:00,1813.0,1814.0,1813.0,1814.0,0.1982,2021,11,5
2021-11-05 19:05:00+00:00,1814.0,1815.0,1813.0,1815.0,6.6346,2021,11,5
2021-11-05 19:10:00+00:00,1815.0,1815.0,1814.0,1814.0,1.7743,2021,11,5
2021-11-05 19:15:00+00:00,1815.0,1815.0,1814.0,1814.0,0.375,2021,11,5
2021-11-05 19:20:00+00:00,1814.0,1815.0,1814.0,1815.0,1.5537,2021,11,5
2021-11-05 19:25:00+00:00,1814.0,1814.0,1814.0,1814.0,0.9299,2021,11,5
2021-11-05 19:30:00+00:00,1814.0,1815.0,1814.0,1814.0,0.4903,2021,11,5
2021-11-05 19:35:00+00:00,1814.0,1815.0,1814.0,1815.0,1.4859,2021,11,5
2021-11-05 19:40:00+00:00,1815.0,1815.0,1814.0,1814.0,1.959,2021,11,5
2021-11-05 19:45:00+00:00,1815.0,1815.0,1814.0,1814.0,0.1757,2021,11,5
2021-11-05 19:50:00+00:00,1815.0,1816.0,1815.0,1816.0,5.0758,2021,11,5
2021-11-05 19:55:00+00:00,1815.0,1816.0,1815.0,1815.0,0.6622,2021,11,5
2021-11-05 20:00:00+00:00,1816.0,1816.0,1814.0,1814.0,1.541,2021,11,5
2021-11-05 20:05:00+00:00,1815.0,1815.0,1815.0,1815.0,0.094,2021,11,5
2021-11-05 20:10:00+00:00,1814.0,1814.0,1814.0,1814.0,0.3206,2021,11,5
2021-11-05 20:15:00+00:00,1814.0,1814.0,1814.0,1814.0,0.5868,2021,11,5
2021-11-05 20:20:00+00:00,1815.0,1816.0,1815.0,1815.0,2.9495,2021,11,5
2021-11-05 20:25:00+00:00,1815.0,1815.0,1814.0,1814.0,3.9057,2021,11,5
2021-11-05 20:30:00+00:00,1814.0,1815.0,1810.0,1815.0,28.1602,2021,11,5
2021-11-05 20:35:00+00:00,1814.0,1815.0,1814.0,1815.0,17.1813,2021,11,5
2021-11-05 20:40:00+00:00,1814.0,1815.0,1814.0,1814.0,5.4902,2021,11,5
2021-11-05 20:45:00+00:00,1814.0,1815.0,1814.0,1815.0,2.1909,2021,11,5
2021-11-05 20:50:00+00:00,1815.0,1815.0,1814.0,1815.0,1.5954,2021,11,5
2021-11-05 20:55:00+00:00,1815.0,1815.0,1814.0,1814.0,0.4733,2021,11,5
2021-11-05 21:00:00+00:00,1815.0,1815.0,1814.0,1814.0,1.1781,2021,11,5
2021-11-05 21:05:00+00:00,1815.0,1815.0,1815.0,1815.0,0.0082,2021,11,5
2021-11-05 21:10:00+00:00,1815.0,1816.0,1815.0,1815.0,4.4995,2021,11,5
2021-11-05 21:15:00+00:00,1815.0,1815.0,1815.0,1815.0,0.0,2021,11,5
2021-11-05 21:20:00+00:00,1815.0,1816.0,1815.0,1815.0,0.5519,2021,11,5
2021-11-05 21:25:00+00:00,1816.0,1816.0,1815.0,1815.0,0.7267,2021,11,5
2021-11-05 21:30:00+00:00,1815.0,1815.0,1815.0,1815.0,0.0715,2021,11,5
2021-11-05 21:35:00+00:00,1815.0,1815.0,1815.0,1815.0,1.4415,2021,11,5
2021-11-05 21:40:00+00:00,1815.0,1816.0,1815.0,1815.0,0.2066,2021,11,5
2021-11-05 21:45:00+00:00,1815.0,1815.0,1815.0,1815.0,0.0551,2021,11,5
2021-11-05 21:50:00+00:00,1816.0,1816.0,1815.0,1816.0,0.5806,2021,11,5
2021-11-05 21:55:00+00:00,1816.0,1816.0,1815.0,1815.0,0.035,2021,11,5
2021-11-05 22:00:00+00:00,1815.0,1818.0,1815.0,1817.0,5.8558,2021,11,5
2021-11-05 22:05:00+00:00,1817.0,1817.0,1816.0,1816.0,0.3797,2021,11,5
2021-11-05 22:10:00+00:00,1816.0,1817.0,1816.0,1817.0,0.0994,2021,11,5
2021-11-05 22:15:00+00:00,1817.0,1817.0,1816.0,1816.0,0.499,2021,11,5
2021-11-05 22:20:00+00:00,1816.0,1816.0,1816.0,1816.0,0.02,2021,11,5
2021-11-05 22:25:00+00:00,1817.0,1820.0,1817.0,1819.0,33.6537,2021,11,5
2021-11-05 22:30:00+00:00,1819.0,1819.0,1818.0,1818.0,0.663,2021,11,5
2021-11-05 22:35:00+00:00,1818.0,1819.0,1818.0,1819.0,0.8427,2021,11,5
2021-11-05 22:40:00+00:00,1818.0,1819.0,1818.0,1818.0,0.662,2021,11,5
2021-11-05 22:45:00+00:00,1818.0,1820.0,1818.0,1819.0,6.2056,2021,11,5
2021-11-05 22:50:00+00:00,1819.0,1819.0,1817.0,1817.0,2.5075,2021,11,5
2021-11-05 22:55:00+00:00,1818.0,1818.0,1817.0,1817.0,0.3303,2021,11,5
2021-11-05 23:00:00+00:00,1817.0,1818.0,1816.0,1816.0,2.8202,2021,11,5
2021-11-05 23:05:00+00:00,1816.0,1817.0,1816.0,1816.0,1.3156,2021,11,5
2021-11-05 23:10:00+00:00,1816.0,1816.0,1813.0,1815.0,4.0663,2021,11,5
2021-11-05 23:15:00+00:00,1815.0,1816.0,1815.0,1815.0,0.4032,2021,11,5
2021-11-05 23:20:00+00:00,1816.0,1816.0,1815.0,1815.0,0.9424,2021,11,5
2021-11-05 23:25:00+00:00,1815.0,1815.0,1815.0,1815.0,0.8429,2021,11,5
2021-11-05 23:30:00+00:00,1816.0,1816.0,1815.0,1815.0,0.0258,2021,11,5
2021-11-05 23:35:00+00:00,1816.0,1816.0,1815.0,1815.0,0.5698,2021,11,5
2021-11-05 23:40:00+00:00,1816.0,1819.0,1816.0,1819.0,11.4092,2021,11,5
2021-11-05 23:45:00+00:00,1818.0,1820.0,1818.0,1819.0,4.069,2021,11,5
2021-11-05 23:50:00+00:00,1820.0,1821.0,1816.0,1817.0,12.3049,2021,11,5
2021-11-05 23:55:00+00:00,1817.0,1818.0,1817.0,1817.0,1.0854,2021,11,5
2021-11-06 00:00:00+00:00,1818.0,1818.0,1817.0,1817.0,2.0704,2021,11,6
2021-11-06 00:05:00+00:00,1817.0,1817.0,1816.0,1817.0,3.1706,2021,11,6
2021-11-06 00:10:00+00:00,1817.0,1817.0,1816.0,1816.0,0.5382,2021,11,6
2021-11-06 00:15:00+00:00,1816.0,1817.0,1816.0,1816.0,1.7474,2021,11,6
2021-11-06 00:20:00+00:00,1817.0,1817.0,1817.0,1817.0,0.5492,2021,11,6
2021-11-06 00:25:00+00:00,1818.0,1818.0,1817.0,1817.0,0.6048,2021,11,6
2021-11-06 00:30:00+00:00,1817.0,1818.0,1817.0,1817.0,2.4722,2021,11,6
2021-11-06 00:35:00+00:00,1817.0,1818.0,1817.0,1818.0,0.7494,2021,11,6
2021-11-06 00:40:00+00:00,1817.0,1817.0,1817.0,1817.0,0.7897,2021,11,6
2021-11-06 00:45:00+00:00,1818.0,1818.0,1818.0,1818.0,1.4047,2021,11,6
2021-11-06 00:50:00+00:00,1818.0,1818.0,1817.0,1817.0,0.3865,2021,11,6
2021-11-06 00:55:00+00:00,1818.0,1818.0,1817.0,1817.0,1.3387,2021,11,6
2021-11-06 01:00:00+00:00,1818.0,1818.0,1817.0,1818.0,0.7389,2021,11,6
2021-11-06 01:05:00+00:00,1818.0,1818.0,1818.0,1818.0,1.015,2021,11,6
2021-11-06 01:10:00+00:00,1818.0,1818.0,1818.0,1818.0,1.2124,2021,11,6
2021-11-06 01:15:00+00:00,1818.0,1818.0,1817.0,1817.0,0.3499,2021,11,6
2021-11-06 01:20:00+00:00,1817.0,1818.0,1817.0,1818.0,0.3951,2021,11,6
2021-11-06 01:25:00+00:00,1818.0,1818.0,1817.0,1818.0,0.0692,2021,11,6
2021-11-06 01:30:00+00:00,1817.0,1817.0,1817.0,1817.0,0.11,2021,11,6
2021-11-06 01:35:00+00:00,1818.0,1818.0,1818.0,1818.0,0.0061,2021,11,6
2021-11-06 01:40:00+00:00,1818.0,1818.0,1817.0,1817.0,0.1684,2021,11,6
2021-11-06 01:45:00+00:00,1818.0,1818.0,1817.0,1817.0,1.5473,2021,11,6
2021-11-06 01:50:00+00:00,1817.0,1818.0,1817.0,1818.0,0.6162,2021,11,6
2021-11-06 01:55:00+00:00,1818.0,1818.0,1817.0,1818.0,0.0217,2021,11,6
2021-11-06 02:00:00+00:00,1818.0,1818.0,1818.0,1818.0,1.1615,2021,11,6
2021-11-06 02:05:00+00:00,1817.0,1818.0,1817.0,1818.0,1.0413,2021,11,6
2021-11-06 02:10:00+00:00,1817.0,1817.0,1817.0,1817.0,0.577,2021,11,6
2021-11-06 02:15:00+00:00,1817.0,1817.0,1817.0,1817.0,0.0,2021,11,6
2021-11-06 02:20:00+00:00,1817.0,1817.0,1817.0,1817.0,1.6538,2021,11,6
2021-11-06 02:25:00+00:00,1817.0,1818.0,1817.0,1818.0,0.7999,2021,11,6
2021-11-06 02:30:00+00:00,1817.0,1817.0,1815.0,1816.0,8.4191,2021,11,6
2021-11-06 02:35:00+00:00,1816.0,1816.0,1815.0,1816.0,0.4605,2021,11,6
2021-11-06 02:40:00+00:00,1816.0,1816.0,1815.0,1816.0,1.0727,2021,11,6
2021-11-06 02:45:00+00:00,1816.0,1816.0,1816.0,1816.0,0.6314,2021,11,6
2021-11-06 02:50:00+00:00,1816.0,1816.0,1815.0,1816.0,0.3549,2021,11,6
2021-11-06 02:55:00+00:00,1816.0,1816.0,1816.0,1816.0,0.0,2021,11,6
2021-11-06 03:00:00+00:00,1816.0,1816.0,1815.0,1816.0,0.5433,2021,11,6
2021-11-06 03:05:00+00:00,1816.0,1817.0,1816.0,1817.0,1.8238,2021,11,6
2021-11-06 03:10:00+00:00,1817.0,1818.0,1817.0,1818.0,1.3771,2021,11,6
2021-11-06 03:15:00+00:00,1818.0,1818.0,1817.0,1818.0,0.7688,2021,11,6
2021-11-06 03:20:00+00:00,1818.0,1818.0,1818.0,1818.0,0.0656,2021,11,6
2021-11-06 03:25:00+00:00,1817.0,1818.0,1817.0,1817.0,1.8602,2021,11,6
2021-11-06 03:30:00+00:00,1818.0,1818.0,1817.0,1818.0,1.1701,2021,11,6
2021-11-06 03:35:00+00:00,1818.0,1818.0,1817.0,1817.0,1.1448,2021,11,6
2021-11-06 03:40:00+00:00,1817.0,1817.0,1816.0,1816.0,2.7677,2021,11,6
2021-11-06 03:45:00+00:00,1817.0,1817.0,1816.0,1816.0,0.2056,2021,11,6
2021-11-06 03:50:00+00:00,1817.0,1817.0,1817.0,1817.0,0.0109,2021,11,6
2021-11-06 03:55:00+00:00,1817.0,1817.0,1817.0,1817.0,0.0,2021,11,6
2021-11-06 04:00:00+00:00,1817.0,1817.0,1817.0,1817.0,0.0197,2021,11,6
2021-11-06 04:05:00+00:00,1817.0,1817.0,1816.0,1816.0,0.2751,2021,11,6
2021-11-06 04:10:00+00:00,1816.0,1817.0,1816.0,1817.0,0.6842,2021,11,6
2021-11-06 04:15:00+00:00,1816.0,1818.0,1816.0,1818.0,1.0425,2021,11,6
2021-11-06 04:20:00+00:00,1818.0,1818.0,1818.0,1818.0,0.0661,2021,11,6
2021-11-06 04:25:00+00:00,1818.0,1818.0,1818.0,1818.0,0.3306,2021,11,6
2021-11-06 04:30:00+00:00,1818.0,1818.0,1817.0,1817.0,0.3891,2021,11,6
2021-11-06 04:35:00+00:00,1817.0,1817.0,1817.0,1817.0,0.0442,2021,11,6
2021-11-06 04:40:00+00:00,1818.0,1818.0,1818.0,1818.0,1.8805,2021,11,6
2021-11-06 04:45:00+00:00,1817.0,1817.0,1817.0,1817.0,2.7301,2021,11,6
2021-11-06 04:50:00+00:00,1816.0,1817.0,1816.0,1816.0,1.7321,2021,11,6
2021-11-06 04:55:00+00:00,1816.0,1816.0,1813.0,1814.0,7.0602,2021,11,6
2021-11-06 05:00:00+00:00,1814.0,1814.0,1813.0,1814.0,7.3217,2021,11,6
2021-11-06 05:05:00+00:00,1814.0,1814.0,1813.0,1814.0,0.2686,2021,11,6
2021-11-06 05:10:00+00:00,1814.0,1814.0,1814.0,1814.0,1.762,2021,11,6
2021-11-06 05:15:00+00:00,1813.0,1815.0,1813.0,1814.0,1.0756,2021,11,6
2021-11-06 05:20:00+00:00,1815.0,1815.0,1814.0,1814.0,0.1221,2021,11,6
2021-11-06 05:25:00+00:00,1815.0,1815.0,1815.0,1815.0,0.0659,2021,11,6
2021-11-06 05:30:00+00:00,1815.0,1815.0,1815.0,1815.0,0.6093,2021,11,6
2021-11-06 05:35:00+00:00,1815.0,1815.0,1815.0,1815.0,0.2907,2021,11,6
2021-11-06 05:40:00+00:00,1815.0,1815.0,1815.0,1815.0,0.0,2021,11,6
2021-11-06 05:45:00+00:00,1815.0,1815.0,1815.0,1815.0,0.3031,2021,11,6
2021-11-06 05:50:00+00:00,1814.0,1815.0,1814.0,1815.0,0.635,2021,11,6
2021-11-06 05:55:00+00:00,1815.0,1821.0,1815.0,1819.0,16.1287,2021,11,6
2021-11-06 06:00:00+00:00,1819.0,1819.0,1819.0,1819.0,1.1453,2021,11,6
2021-11-06 06:05:00+00:00,1818.0,1819.0,1818.0,1819.0,1.4824,2021,11,6
2021-11-06 06:10:00+00:00,1819.0,1819.0,1818.0,1818.0,0.5017,2021,11,6
2021-11-06 06:15:00+00:00,1818.0,1819.0,1818.0,1819.0,0.2767,2021,11,6
2021-11-06 06:20:00+00:00,1818.0,1819.0,1818.0,1819.0,1.1992,2021,11,6
2021-11-06 06:25:00+00:00,1818.0,1820.0,1818.0,1818.0,1.8316,2021,11,6
2021-11-06 06:30:00+00:00,1818.0,1818.0,1818.0,1818.0,0.15,2021,11,6
2021-11-06 06:35:00+00:00,1818.0,1819.0,1818.0,1819.0,0.0556,2021,11,6
2021-11-06 06:40:00+00:00,1819.0,1819.0,1818.0,1818.0,0.0676,2021,11,6
2021-11-06 06:45:00+00:00,1819.0,1819.0,1818.0,1819.0,0.2741,2021,11,6
2021-11-06 06:50:00+00:00,1818.0,1819.0,1818.0,1819.0,0.0473,2021,11,6
2021-11-06 06:55:00+00:00,1818.0,1819.0,1818.0,1819.0,0.3108,2021,11,6
2021-11-06 07:00:00+00:00,1819.0,1819.0,1818.0,1818.0,0.1308,2021,11,6
2021-11-06 07:05:00+00:00,1818.0,1818.0,1818.0,1818.0,0.0,2021,11,6
2021-11-06 07:10:00+00:00,1818.0,1818.0,1817.0,1818.0,5.1868,2021,11,6
2021-11-06 07:15:00+00:00,1818.0,1818.0,1817.0,1817.0,0.1066,2021,11,6
2021-11-06 07:20:00+00:00,1817.0,1817.0,1815.0,1816.0,5.6744,2021,11,6
2021-11-06 07:25:00+00:00,1816.0,1816.0,1815.0,1815.0,1.4344,2021,11,6
2021-11-06 07:30:00+00:00,1815.0,1818.0,1815.0,1818.0,6.7675,2021,11,6
2021-11-06 07:35:00+00:00,1817.0,1817.0,1817.0,1817.0,0.2119,2021,11,6
2021-11-06 07:40:00+00:00,1816.0,1816.0,1816.0,1816.0,0.3061,2021,11,6
2021-11-06 07:45:00+00:00,1817.0,1817.0,1817.0,1817.0,0.1375,2021,11,6
2021-11-06 07:50:00+00:00,1817.0,1817.0,1816.0,1816.0,0.6809,2021,11,6
2021-11-06 07:55:00+00:00,1817.0,1818.0,1817.0,1818.0,1.8486,2021,11,6
2021-11-06 08:00:00+00:00,1818.0,1818.0,1817.0,1818.0,0.9179,2021,11,6
2021-11-06 08:05:00+00:00,1818.0,1820.0,1818.0,1820.0,7.7396,2021,11,6
2021-11-06 08:10:00+00:00,1820.0,1820.0,1820.0,1820.0,0.1142,2021,11,6
2021-11-06 08:15:00+00:00,1819.0,1821.0,1819.0,1819.0,2.2467,2021,11,6
2021-11-06 08:20:00+00:00,1819.0,1820.0,1819.0,1820.0,4.5134,2021,11,6
2021-11-06 08:25:00+00:00,1820.0,1821.0,1820.0,1820.0,0.5364,2021,11,6
2021-11-06 08:30:00+00:00,1820.0,1821.0,1820.0,1821.0,22.247,2021,11,6
2021-11-06 08:35:00+00:00,1820.0,1820.0,1819.0,1820.0,1.9167,2021,11,6
2021-11-06 08:40:00+00:00,1819.0,1819.0,1819.0,1819.0,1.0426,2021,11,6
2021-11-06 08:45:00+00:00,1819.0,1819.0,1819.0,1819.0,0.4194,2021,11,6
2021-11-06 08:50:00+00:00,1820.0,1820.0,1819.0,1819.0,1.5695,2021,11,6
2021-11-06 08:55:00+00:00,1819.0,1819.0,1819.0,1819.0,0.13,2021,11,6
2021-11-06 09:00:00+00:00,1820.0,1820.0,1819.0,1820.0,0.2711,2021,11,6
2021-11-06 09:05:00+00:00,1819.0,1820.0,1819.0,1820.0,1.4101,2021,11,6
2021-11-06 09:10:00+00:00,1820.0,1820.0,1819.0,1820.0,0.1588,2021,11,6
2021-11-06 09:15:00+00:00,1819.0,1819.0,1819.0,1819.0,0.191,2021,11,6
2021-11-06 09:20:00+00:00,1820.0,1820.0,1819.0,1819.0,1.4737,2021,11,6
2021-11-06 09:25:00+00:00,1820.0,1820.0,1820.0,1820.0,0.1596,2021,11,6
2021-11-06 09:30:00+00:00,1820.0,1820.0,1815.0,1816.0,10.5055,2021,11,6
2021-11-06 09:35:00+00:00,1819.0,1819.0,1817.0,1818.0,1.202,2021,11,6
2021-11-06 09:40:00+00:00,1819.0,1819.0,1818.0,1818.0,0.2307,2021,11,6
2021-11-06 09:45:00+00:00,1818.0,1819.0,1818.0,1818.0,0.6486,2021,11,6
2021-11-06 09:50:00+00:00,1819.0,1819.0,1818.0,1818.0,0.3134,2021,11,6
2021-11-06 09:55:00+00:00,1819.0,1819.0,1818.0,1818.0,1.405,2021,11,6
2021-11-06 10:00:00+00:00,1819.0,1819.0,1818.0,1819.0,0.2192,2021,11,6
2021-11-06 10:05:00+00:00,1818.0,1818.0,1818.0,1818.0,0.0529,2021,11,6
2021-11-06 10:10:00+00:00,1818.0,1819.0,1818.0,1819.0,1.5395,2021,11,6
2021-11-06 10:15:00+00:00,1818.0,1819.0,1818.0,1819.0,0.813,2021,11,6
2021-11-06 10:20:00+00:00,1819.0,1819.0,1818.0,1818.0,0.1334,2021,11,6
2021-11-06 10:25:00+00:00,1818.0,1819.0,1818.0,1818.0,1.7881,2021,11,6
2021-11-06 10:30:00+00:00,1818.0,1818.0,1816.0,1817.0,4.1209,2021,11,6
2021-11-06 10:35:00+00:00,1816.0,1817.0,1814.0,1816.0,25.7743,2021,11,6
2021-11-06 10:40:00+00:00,1815.0,1815.0,1815.0,1815.0,4.8613,2021,11,6
2021-11-06 10:45:00+00:00,1815.0,1815.0,1813.0,1814.0,25.1683,2021,11,6
2021-11-06 10:50:00+00:00,1814.0,1815.0,1814.0,1814.0,0.4527,2021,11,6
2021-11-06 10:55:00+00:00,1814.0,1815.0,1812.0,1814.0,15.894,2021,11,6
2021-11-06 11:00:00+00:00,1814.0,1814.0,1812.0,1813.0,12.3382,2021,11,6
2021-11-06 11:05:00+00:00,1813.0,1814.0,1812.0,1813.0,3.813,2021,11,6
2021-11-06 11:10:00+00:00,1813.0,1815.0,1812.0,1814.0,10.7326,2021,11,6
2021-11-06 11:15:00+00:00,1814.0,1815.0,1814.0,1815.0,0.5215,2021,11,6
2021-11-06 11:20:00+00:00,1815.0,1816.0,1815.0,1816.0,3.428,2021,11,6
2021-11-06 11:25:00+00:00,1816.0,1816.0,1815.0,1815.0,0.344,2021,11,6
2021-11-06 11:30:00+00:00,1815.0,1816.0,1814.0,1816.0,2.9297,2021,11,6
2021-11-06 11:35:00+00:00,1816.0,1817.0,1816.0,1817.0,7.9124,2021,11,6
2021-11-06 11:40:00+00:00,1816.0,1817.0,1816.0,1817.0,1.7019,2021,11,6
2021-11-06 11:45:00+00:00,1817.0,1819.0,1817.0,1818.0,2.4484,2021,11,6
2021-11-06 11:50:00+00:00,1818.0,1819.0,1818.0,1819.0,1.2947,2021,11,6
2021-11-06 11:55:00+00:00,1819.0,1819.0,1818.0,1819.0,2.2689,2021,11,6
2021-11-06 12:00:00+00:00,1819.0,1820.0,1819.0,1820.0,1.4469,2021,11,6
2021-11-06 12:05:00+00:00,1819.0,1820.0,1818.0,1818.0,4.2642,2021,11,6
2021-11-06 12:10:00+00:00,1818.0,1819.0,1818.0,1818.0,0.5897,2021,11,6
2021-11-06 12:15:00+00:00,1818.0,1819.0,1814.0,1815.0,10.5404,2021,11,6
2021-11-06 12:20:00+00:00,1814.0,1815.0,1814.0,1815.0,8.1761,2021,11,6
2021-11-06 12:25:00+00:00,1815.0,1815.0,1814.0,1815.0,2.0843,2021,11,6
2021-11-06 12:30:00+00:00,1815.0,1823.0,1814.0,1819.0,46.98,2021,11,6
2021-11-06 12:35:00+00:00,1819.0,1819.0,1818.0,1819.0,1.8376,2021,11,6
2021-11-06 12:40:00+00:00,1819.0,1819.0,1819.0,1819.0,0.1693,2021,11,6
2021-11-06 12:45:00+00:00,1818.0,1819.0,1818.0,1818.0,0.297,2021,11,6
2021-11-06 12:50:00+00:00,1819.0,1819.0,1818.0,1819.0,0.2875,2021,11,6
2021-11-06 12:55:00+00:00,1818.0,1819.0,1818.0,1819.0,0.8556,2021,11,6
2021-11-06 13:00:00+00:00,1819.0,1819.0,1818.0,1819.0,1.0137,2021,11,6
2021-11-06 13:05:00+00:00,1818.0,1819.0,1818.0,1818.0,0.8535,2021,11,6
2021-11-06 13:10:00+00:00,1819.0,1822.0,1819.0,1820.0,4.5522,2021,11,6
2021-11-06 13:15:00+00:00,1820.0,1820.0,1819.0,1819.0,3.7961,2021,11,6
2021-11-06 13:20:00+00:00,1820.0,1820.0,1819.0,1820.0,1.1018,2021,11,6
2021-11-06 13:25:00+00:00,1820.0,1820.0,1820.0,1820.0,1.5386,2021,11,6
2021-11-06 13:30:00+00:00,1820.0,1820.0,1818.0,1818.0,6.5309,2021,11,6
2021-11-06 13:35:00+00:00,1819.0,1819.0,1818.0,1819.0,0.2686,2021,11,6
2021-11-06 13:40:00+00:00,1819.0,1819.0,1818.0,1818.0,0.3305,2021,11,6
2021-11-06 13:45:00+00:00,1818.0,1821.0,1818.0,1820.0,3.5312,2021,11,6
2021-11-06 13:50:00+00:00,1820.0,1820.0,1819.0,1819.0,0.3863,2021,11,6
2021-11-06 13:55:00+00:00,1820.0,1820.0,1820.0,1820.0,0.0188,2021,11,6
2021-11-06 14:00:00+00:00,1819.0,1820.0,1819.0,1820.0,0.6551,2021,11,6
2021-11-06 14:05:00+00:00,1820.0,1820.0,1820.0,1820.0,0.0,2021,11,6
2021-11-06 14:10:00+00:00,1819.0,1819.0,1819.0,1819.0,0.6675,2021,11,6
2021-11-06 14:15:00+00:00,1820.0,1820.0,1819.0,1819.0,0.9473,2021,11,6
2021-11-06 14:20:00+00:00,1819.0,1819.0,1819.0,1819.0,0.0599,2021,11,6
2021-11-06 14:25:00+00:00,1820.0,1820.0,1818.0,1820.0,2.9728,2021,11,6
2021-11-06 14:30:00+00:00,1820.0,1821.0,1819.0,1819.0,3.6787,2021,11,6
2021-11-06 14:35:00+00:00,1820.0,1820.0,1819.0,1819.0,0.1162,2021,11,6
2021-11-06 14:40:00+00:00,1819.0,1821.0,1818.0,1818.0,7.0635,2021,11,6
2021-11-06 14:45:00+00:00,1820.0,1820.0,1819.0,1819.0,1.1288,2021,11,6
2021-11-06 14:50:00+00:00,1819.0,1819.0,1818.0,1818.0,3.6581,2021,11,6
2021-11-06 14:55:00+00:00,1818.0,1818.0,1815.0,1817.0,11.0539,2021,11,6
2021-11-06 15:00:00+00:00,1818.0,1818.0,1815.0,1817.0,6.846,2021,11,6
2021-11-06 15:05:00+00:00,1815.0,1817.0,1813.0,1814.0,7.627,2021,11,6
2021-11-06 15:10:00+00:00,1814.0,1814.0,1810.0,1813.0,52.5012,2021,11,6
2021-11-06 15:15:00+00:00,1814.0,1814.0,1813.0,1813.0,1.79,2021,11,6
2021-11-06 15:20:00+00:00,1814.0,1814.0,1813.0,1814.0,28.1992,2021,11,6
2021-11-06 15:25:00+00:00,1814.0,1814.0,1813.0,1813.0,50.9449,2021,11,6
2021-11-06 15:30:00+00:00,1813.0,1814.0,1811.0,1814.0,38.5002,2021,11,6
2021-11-06 15:35:00+00:00,1812.0,1814.0,1812.0,1814.0,0.4983,2021,11,6
2021-11-06 15:40:00+00:00,1814.0,1814.0,1813.0,1814.0,5.0425,2021,11,6
2021-11-06 15:45:00+00:00,1812.0,1813.0,1812.0,1813.0,0.1036,2021,11,6
2021-11-06 15:50:00+00:00,1813.0,1814.0,1813.0,1814.0,15.9917,2021,11,6
2021-11-06 15:55:00+00:00,1814.0,1814.0,1813.0,1813.0,9.6458,2021,11,6
2021-11-06 16:00:00+00:00,1814.0,1814.0,1814.0,1814.0,0.1034,2021,11,6
2021-11-06 16:05:00+00:00,1814.0,1814.0,1812.0,1813.0,28.8659,2021,11,6
2021-11-06 16:10:00+00:00,1813.0,1814.0,1813.0,1814.0,5.5861,2021,11,6
2021-11-06 16:15:00+00:00,1813.0,1814.0,1813.0,1813.0,0.3308,2021,11,6
2021-11-06 16:20:00+00:00,1814.0,1814.0,1814.0,1814.0,18.4076,2021,11,6
2021-11-06 16:25:00+00:00,1813.0,1815.0,1813.0,1814.0,14.2891,2021,11,6
2021-11-06 16:30:00+00:00,1814.0,1814.0,1810.0,1813.0,16.7689,2021,11,6
2021-11-06 16:35:00+00:00,1812.0,1812.0,1812.0,1812.0,0.007,2021,11,6
2021-11-06 16:40:00+00:00,1812.0,1814.0,1811.0,1813.0,6.6706,2021,11,6
2021-11-06 16:45:00+00:00,1813.0,1813.0,1813.0,1813.0,0.0,2021,11,6
2021-11-06 16:50:00+00:00,1814.0,1814.0,1813.0,1813.0,1.7167,2021,11,6
2021-11-06 16:55:00+00:00,1814.0,1814.0,1814.0,1814.0,0.3365,2021,11,6
2021-11-06 17:00:00+00:00,1814.0,1815.0,1814.0,1815.0,0.4936,2021,11,6
2021-11-06 17:05:00+00:00,1815.0,1816.0,1815.0,1815.0,1.9179,2021,11,6
2021-11-06 17:10:00+00:00,1816.0,1817.0,1815.0,1817.0,4.4006,2021,11,6
2021-11-06 17:15:00+00:00,1817.0,1818.0,1816.0,1816.0,1.6086,2021,11,6
2021-11-06 17:20:00+00:00,1816.0,1817.0,1816.0,1816.0,0.7447,2021,11,6
2021-11-06 17:25:00+00:00,1817.0,1818.0,1817.0,1818.0,4.5765,2021,11,6
2021-11-06 17:30:00+00:00,1818.0,1818.0,1816.0,1816.0,0.5782,2021,11,6
2021-11-06 17:35:00+00:00,1817.0,1817.0,1817.0,1817.0,0.0412,2021,11,6
2021-11-06 17:40:00+00:00,1817.0,1817.0,1816.0,1816.0,0.8306,2021,11,6
2021-11-06 17:45:00+00:00,1816.0,1816.0,1816.0,1816.0,0.0,2021,11,6
2021-11-06 17:50:00+00:00,1817.0,1817.0,1812.0,1815.0,15.7448,2021,11,6
2021-11-06 17:55:00+00:00,1815.0,1815.0,1812.0,1812.0,9.7876,2021,11,6
2021-11-06 18:00:00+00:00,1812.0,1813.0,1810.0,1813.0,18.6083,2021,11,6
2021-11-06 18:05:00+00:00,1813.0,1813.0,1812.0,1813.0,0.6381,2021,11,6
2021-11-06 18:10:00+00:00,1814.0,1814.0,1814.0,1814.0,0.011,2021,11,6
2021-11-06 18:15:00+00:00,1814.0,1815.0,1814.0,1815.0,3.0139,2021,11,6
2021-11-06 18:20:00+00:00,1814.0,1814.0,1813.0,1814.0,1.9252,2021,11,6
2021-11-06 18:25:00+00:00,1815.0,1815.0,1814.0,1814.0,0.014,2021,11,6
2021-11-06 18:30:00+00:00,1815.0,1815.0,1812.0,1815.0,2.8969,2021,11,6
2021-11-06 18:35:00+00:00,1815.0,1816.0,1811.0,1814.0,8.1495,2021,11,6
2021-11-06 18:40:00+00:00,1813.0,1813.0,1811.0,1813.0,33.6595,2021,11,6
2021-11-06 18:45:00+00:00,1814.0,1814.0,1812.0,1813.0,0.3676,2021,11,6
2021-11-06 18:50:00+00:00,1813.0,1813.0,1813.0,1813.0,0.0,2021,11,6
2021-11-06 18:55:00+00:00,1813.0,1813.0,1812.0,1813.0,0.23,2021,11,6
2021-11-06 19:00:00+00:00,1813.0,1813.0,1813.0,1813.0,1.1285,2021,11,6
2021-11-06 19:05:00+00:00,1813.0,1814.0,1813.0,1814.0,5.0843,2021,11,6
2021-11-06 19:10:00+00:00,1815.0,1815.0,1814.0,1815.0,0.5981,2021,11,6
2021-11-06 19:15:00+00:00,1815.0,1815.0,1815.0,1815.0,1.6698,2021,11,6
2021-11-06 19:20:00+00:00,1815.0,1815.0,1814.0,1814.0,1.7493,2021,11,6
2021-11-06 19:25:00+00:00,1814.0,1815.0,1814.0,1815.0,0.1407,2021,11,6
2021-11-06 19:30:00+00:00,1815.0,1815.0,1813.0,1814.0,1.4742,2021,11,6
2021-11-06 19:35:00+00:00,1814.0,1815.0,1814.0,1814.0,0.2391,2021,11,6
2021-11-06 19:40:00+00:00,1815.0,1815.0,1814.0,1814.0,1.1646,2021,11,6
2021-11-06 19:45:00+00:00,1815.0,1815.0,1814.0,1815.0,0.7061,2021,11,6
2021-11-06 19:50:00+00:00,1815.0,1818.0,1814.0,1818.0,12.1367,2021,11,6
2021-11-06 19:55:00+00:00,1818.0,1818.0,1817.0,1817.0,1.2128,2021,11,6
2021-11-06 20:00:00+00:00,1816.0,1820.0,1815.0,1820.0,28.2438,2021,11,6
2021-11-06 20:05:00+00:00,1819.0,1819.0,1818.0,1818.0,0.085,2021,11,6
2021-11-06 20:10:00+00:00,1819.0,1819.0,1818.0,1818.0,1.0677,2021,11,6
2021-11-06 20:15:00+00:00,1818.0,1818.0,1817.0,1817.0,2.3031,2021,11,6
2021-11-06 20:20:00+00:00,1816.0,1817.0,1815.0,1816.0,2.6429,2021,11,6
2021-11-06 20:25:00+00:00,1816.0,1816.0,1816.0,1816.0,0.0718,2021,11,6
2021-11-06 20:30:00+00:00,1816.0,1818.0,1816.0,1818.0,4.396,2021,11,6
2021-11-06 20:35:00+00:00,1817.0,1817.0,1817.0,1817.0,0.0552,2021,11,6
2021-11-06 20:40:00+00:00,1817.0,1819.0,1817.0,1819.0,1.7566,2021,11,6
2021-11-06 20:45:00+00:00,1818.0,1819.0,1818.0,1819.0,0.0742,2021,11,6
2021-11-06 20:50:00+00:00,1818.0,1819.0,1818.0,1818.0,0.874,2021,11,6
2021-11-06 20:55:00+00:00,1818.0,1818.0,1817.0,1817.0,6.0177,2021,11,6
2021-11-06 21:00:00+00:00,1818.0,1818.0,1816.0,1817.0,1.9618,2021,11,6
2021-11-06 21:05:00+00:00,1817.0,1817.0,1816.0,1817.0,0.9014,2021,11,6
2021-11-06 21:10:00+00:00,1817.0,1817.0,1816.0,1816.0,0.3422,2021,11,6
2021-11-06 21:15:00+00:00,1816.0,1817.0,1814.0,1817.0,3.5709,2021,11,6
2021-11-06 21:20:00+00:00,1816.0,1816.0,1816.0,1816.0,0.3787,2021,11,6
2021-11-06 21:25:00+00:00,1817.0,1817.0,1817.0,1817.0,0.1232,2021,11,6
2021-11-06 21:30:00+00:00,1817.0,1817.0,1814.0,1814.0,1.0684,2021,11,6
2021-11-06 21:35:00+00:00,1816.0,1816.0,1815.0,1815.0,0.797,2021,11,6
2021-11-06 21:40:00+00:00,1815.0,1815.0,1814.0,1815.0,2.7866,2021,11,6
2021-11-06 21:45:00+00:00,1815.0,1816.0,1815.0,1815.0,1.4429,2021,11,6
2021-11-06 21:50:00+00:00,1816.0,1817.0,1816.0,1816.0,78.8738,2021,11,6
2021-11-06 21:55:00+00:00,1816.0,1816.0,1814.0,1814.0,17.6347,2021,11,6
2021-11-06 22:00:00+00:00,1815.0,1816.0,1815.0,1816.0,0.3275,2021,11,6
2021-11-06 22:05:00+00:00,1816.0,1816.0,1813.0,1815.0,2.6834,2021,11,6
2021-11-06 22:10:00+00:00,1814.0,1815.0,1814.0,1815.0,2.915,2021,11,6
2021-11-06 22:15:00+00:00,1815.0,1815.0,1815.0,1815.0,0.0,2021,11,6
2021-11-06 22:20:00+00:00,1814.0,1815.0,1814.0,1815.0,0.1406,2021,11,6
2021-11-06 22:25:00+00:00,1815.0,1815.0,1815.0,1815.0,1.0683,2021,11,6
2021-11-06 22:30:00+00:00,1815.0,1815.0,1814.0,1814.0,0.5352,2021,11,6
2021-11-06 22:35:00+00:00,1815.0,1815.0,1814.0,1814.0,1.1819,2021,11,6
2021-11-06 22:40:00+00:00,1815.0,1815.0,1815.0,1815.0,0.2186,2021,11,6
2021-11-06 22:45:00+00:00,1815.0,1815.0,1815.0,1815.0,0.0,2021,11,6
2021-11-06 22:50:00+00:00,1815.0,1815.0,1814.0,1814.0,0.9686,2021,11,6
2021-11-06 22:55:00+00:00,1814.0,1815.0,1814.0,1815.0,0.621,2021,11,6
2021-11-06 23:00:00+00:00,1815.0,1815.0,1815.0,1815.0,0.0854,2021,11,6
2021-11-06 23:05:00+00:00,1815.0,1815.0,1814.0,1814.0,0.3781,2021,11,6
2021-11-06 23:10:00+00:00,1815.0,1815.0,1815.0,1815.0,0.3137,2021,11,6
2021-11-06 23:15:00+00:00,1814.0,1815.0,1813.0,1815.0,3.6406,2021,11,6
2021-11-06 23:20:00+00:00,1814.0,1814.0,1813.0,1813.0,0.4043,2021,11,6
2021-11-06 23:25:00+00:00,1813.0,1814.0,1813.0,1814.0,0.562,2021,11,6
2021-11-06 23:30:00+00:00,1814.0,1814.0,1814.0,1814.0,0.7093,2021,11,6
2021-11-06 23:35:00+00:00,1813.0,1814.0,1813.0,1814.0,0.8334,2021,11,6
2021-11-06 23:40:00+00:00,1814.0,1815.0,1813.0,1813.0,0.7269,2021,11,6
2021-11-06 23:45:00+00:00,1813.0,1815.0,1813.0,1814.0,0.8367,2021,11,6
2021-11-06 23:50:00+00:00,1813.0,1814.0,1809.0,1813.0,20.6725,2021,11,6
2021-11-06 23:55:00+00:00,1814.0,1819.0,1813.0,1819.0,24.5467,2021,11,6
2021-11-07 00:00:00+00:00,1820.0,1820.0,1819.0,1819.0,1.5033,2021,11,7
2021-11-07 00:05:00+00:00,1819.0,1819.0,1817.0,1818.0,1.4948,2021,11,7
2021-11-07 00:10:00+00:00,1818.0,1818.0,1818.0,1818.0,0.5783,2021,11,7
2021-11-07 00:15:00+00:00,1818.0,1818.0,1818.0,1818.0,0.5212,2021,11,7
2021-11-07 00:20:00+00:00,1817.0,1817.0,1817.0,1817.0,0.1992,2021,11,7
2021-11-07 00:25:00+00:00,1817.0,1817.0,1817.0,1817.0,0.3954,2021,11,7
2021-11-07 00:30:00+00:00,1818.0,1818.0,1817.0,1817.0,0.3004,2021,11,7
2021-11-07 00:35:00+00:00,1817.0,1817.0,1817.0,1817.0,0.1786,2021,11,7
2021-11-07 00:40:00+00:00,1817.0,1818.0,1817.0,1818.0,2.7229,2021,11,7
2021-11-07 00:45:00+00:00,1818.0,1818.0,1817.0,1817.0,0.0693,2021,11,7
2021-11-07 00:50:00+00:00,1817.0,1817.0,1817.0,1817.0,0.0,2021,11,7
2021-11-07 00:55:00+00:00,1818.0,1818.0,1816.0,1818.0,5.4657,2021,11,7
2021-11-07 01:00:00+00:00,1818.0,1818.0,1817.0,1818.0,4.6716,2021,11,7
2021-11-07 01:05:00+00:00,1817.0,1820.0,1817.0,1819.0,24.5604,2021,11,7
2021-11-07 01:10:00+00:00,1819.0,1819.0,1818.0,1819.0,0.39,2021,11,7
2021-11-07 01:15:00+00:00,1819.0,1820.0,1819.0,1820.0,31.5217,2021,11,7
2021-11-07 01:20:00+00:00,1820.0,1820.0,1819.0,1820.0,0.4606,2021,11,7
2021-11-07 01:25:00+00:00,1820.0,1820.0,1819.0,1819.0,0.2209,2021,11,7
2021-11-07 01:30:00+00:00,1820.0,1820.0,1819.0,1819.0,1.4374,2021,11,7
2021-11-07 01:35:00+00:00,1819.0,1819.0,1817.0,1817.0,7.295,2021,11,7
2021-11-07 01:40:00+00:00,1817.0,1817.0,1817.0,1817.0,0.2114,2021,11,7
2021-11-07 01:45:00+00:00,1817.0,1817.0,1816.0,1817.0,2.1307,2021,11,7
2021-11-07 01:50:00+00:00,1817.0,1817.0,1817.0,1817.0,0.7846,2021,11,7
2021-11-07 01:55:00+00:00,1816.0,1816.0,1816.0,1816.0,0.028,2021,11,7
2021-11-07 02:00:00+00:00,1817.0,1817.0,1816.0,1816.0,0.2031,2021,11,7
2021-11-07 02:05:00+00:00,1817.0,1817.0,1816.0,1816.0,0.9303,2021,11,7
2021-11-07 02:10:00+00:00,1817.0,1817.0,1816.0,1816.0,1.0308,2021,11,7
2021-11-07 02:15:00+00:00,1816.0,1816.0,1816.0,1816.0,0.1628,2021,11,7
2021-11-07 02:20:00+00:00,1816.0,1817.0,1816.0,1817.0,0.8462,2021,11,7
2021-11-07 02:25:00+00:00,1817.0,1817.0,1816.0,1817.0,1.8675,2021,11,7
2021-11-07 02:30:00+00:00,1817.0,1817.0,1817.0,1817.0,1.5627,2021,11,7
2021-11-07 02:35:00+00:00,1816.0,1816.0,1816.0,1816.0,0.0117,2021,11,7
2021-11-07 02:40:00+00:00,1816.0,1816.0,1816.0,1816.0,0.0,2021,11,7
2021-11-07 02:45:00+00:00,1817.0,1817.0,1816.0,1817.0,0.7018,2021,11,7
2021-11-07 02:50:00+00:00,1817.0,1817.0,1817.0,1817.0,0.25,2021,11,7
2021-11-07 02:55:00+00:00,1818.0,1818.0,1818.0,1818.0,0.196,2021,11,7
2021-11-07 03:00:00+00:00,1818.0,1818.0,1817.0,1817.0,0.3342,2021,11,7
2021-11-07 03:05:00+00:00,1817.0,1817.0,1817.0,1817.0,0.0,2021,11,7
2021-11-07 03:10:00+00:00,1818.0,1818.0,1817.0,1817.0,0.7722,2021,11,7
2021-11-07 03:15:00+00:00,1818.0,1818.0,1818.0,1818.0,1.2671,2021,11,7
2021-11-07 03:20:00+00:00,1817.0,1817.0,1817.0,1817.0,0.976,2021,11,7
2021-11-07 03:25:00+00:00,1817.0,1817.0,1817.0,1817.0,1.6716,2021,11,7
2021-11-07 03:30:00+00:00,1817.0,1817.0,1817.0,1817.0,0.1246,2021,11,7
2021-11-07 03:35:00+00:00,1817.0,1817.0,1817.0,1817.0,0.0295,2021,11,7
2021-11-07 03:40:00+00:00,1816.0,1816.0,1816.0,1816.0,0.1581,2021,11,7
2021-11-07 03:45:00+00:00,1816.0,1816.0,1816.0,1816.0,0.0,2021,11,7
2021-11-07 03:50:00+00:00,1816.0,1817.0,1816.0,1817.0,0.3014,2021,11,7
2021-11-07 03:55:00+00:00,1817.0,1817.0,1817.0,1817.0,0.1066,2021,11,7
2021-11-07 04:00:00+00:00,1816.0,1817.0,1816.0,1817.0,0.3765,2021,11,7
2021-11-07 04:05:00+00:00,1817.0,1817.0,1817.0,1817.0,1.0,2021,11,7
2021-11-07 04:10:00+00:00,1817.0,1817.0,1816.0,1816.0,0.4649,2021,11,7
2021-11-07 04:15:00+00:00,1817.0,1817.0,1817.0,1817.0,0.0083,2021,11,7
2021-11-07 04:20:00+00:00,1816.0,1816.0,1816.0,1816.0,0.4363,2021,11,7
2021-11-07 04:25:00+00:00,1817.0,1817.0,1816.0,1816.0,0.0494,2021,11,7
2021-11-07 04:30:00+00:00,1816.0,1816.0,1816.0,1816.0,0.0,2021,11,7
2021-11-07 04:35:00+00:00,1817.0,1818.0,1817.0,1818.0,5.1023,2021,11,7
2021-11-07 04:40:00+00:00,1818.0,1819.0,1818.0,1819.0,0.5032,2021,11,7
2021-11-07 04:45:00+00:00,1818.0,1819.0,1817.0,1817.0,3.6512,2021,11,7
2021-11-07 04:50:00+00:00,1818.0,1818.0,1817.0,1817.0,3.0277,2021,11,7
2021-11-07 04:55:00+00:00,1816.0,1816.0,1813.0,1814.0,41.2582,2021,11,7
2021-11-07 05:00:00+00:00,1814.0,1814.0,1814.0,1814.0,0.0515,2021,11,7
2021-11-07 05:05:00+00:00,1814.0,1814.0,1813.0,1813.0,0.5948,2021,11,7
2021-11-07 05:10:00+00:00,1814.0,1814.0,1814.0,1814.0,1.0512,2021,11,7
2021-11-07 05:15:00+00:00,1814.0,1815.0,1814.0,1815.0,2.6251,2021,11,7
2021-11-07 05:20:00+00:00,1815.0,1815.0,1815.0,1815.0,0.3636,2021,11,7
2021-11-07 05:25:00+00:00,1814.0,1814.0,1814.0,1814.0,0.246,2021,11,7
2021-11-07 05:30:00+00:00,1814.0,1815.0,1814.0,1815.0,1.4524,2021,11,7
2021-11-07 05:35:00+00:00,1815.0,1815.0,1814.0,1815.0,0.5196,2021,11,7
2021-11-07 05:40:00+00:00,1814.0,1814.0,1814.0,1814.0,0.0472,2021,11,7
2021-11-07 05:45:00+00:00,1815.0,1815.0,1814.0,1814.0,2.1777,2021,11,7
2021-11-07 05:50:00+00:00,1815.0,1815.0,1815.0,1815.0,0.0065,2021,11,7
2021-11-07 05:55:00+00:00,1814.0,1815.0,1813.0,1814.0,1.2545,2021,11,7
2021-11-07 06:00:00+00:00,1814.0,1814.0,1814.0,1814.0,0.1366,2021,11,7
2021-11-07 06:05:00+00:00,1814.0,1814.0,1814.0,1814.0,0.0,2021,11,7
2021-11-07 06:10:00+00:00,1813.0,1813.0,1813.0,1813.0,0.7517,2021,11,7
2021-11-07 06:15:00+00:00,1814.0,1814.0,1814.0,1814.0,0.015,2021,11,7
2021-11-07 06:20:00+00:00,1814.0,1820.0,1814.0,1820.0,20.0589,2021,11,7
2021-11-07 06:25:00+00:00,1820.0,1820.0,1818.0,1818.0,1.2845,2021,11,7
2021-11-07 06:30:00+00:00,1819.0,1819.0,1819.0,1819.0,0.3505,2021,11,7
2021-11-07 06:35:00+00:00,1818.0,1820.0,1818.0,1820.0,44.097,2021,11,7
2021-11-07 06:40:00+00:00,1820.0,1822.0,1819.0,1820.0,120.4669,2021,11,7
2021-11-07 06:45:00+00:00,1819.0,1820.0,1819.0,1819.0,2.128,2021,11,7
2021-11-07 06:50:00+00:00,1820.0,1820.0,1819.0,1819.0,0.0326,2021,11,7
2021-11-07 06:55:00+00:00,1819.0,1820.0,1819.0,1820.0,0.1114,2021,11,7
2021-11-07 07:00:00+00:00,1820.0,1820.0,1819.0,1819.0,0.2682,2021,11,7
2021-11-07 07:05:00+00:00,1819.0,1819.0,1819.0,1819.0,1.5241,2021,11,7
2021-11-07 07:10:00+00:00,1820.0,1820.0,1818.0,1819.0,1.4248,2021,11,7
2021-11-07 07:15:00+00:00,1819.0,1819.0,1818.0,1818.0,0.2181,2021,11,7
2021-11-07 07:20:00+00:00,1819.0,1819.0,1817.0,1819.0,3.6931,2021,11,7
2021-11-07 07:25:00+00:00,1819.0,1819.0,1818.0,1818.0,0.8373,2021,11,7
2021-11-07 07:30:00+00:00,1819.0,1819.0,1818.0,1818.0,0.2047,2021,11,7
2021-11-07 07:35:00+00:00,1819.0,1819.0,1818.0,1818.0,0.0402,2021,11,7
2021-11-07 07:40:00+00:00,1819.0,1819.0,1818.0,1819.0,0.2948,2021,11,7
2021-11-07 07:45:00+00:00,1818.0,1818.0,1818.0,1818.0,0.2908,2021,11,7
2021-11-07 07:50:00+00:00,1818.0,1818.0,1817.0,1817.0,1.5228,2021,11,7
2021-11-07 07:55:00+00:00,1818.0,1818.0,1818.0,1818.0,0.7354,2021,11,7
2021-11-07 08:00:00+00:00,1818.0,1818.0,1817.0,1817.0,0.4458,2021,11,7
2021-11-07 08:05:00+00:00,1817.0,1817.0,1817.0,1817.0,0.0122,2021,11,7
2021-11-07 08:10:00+00:00,1818.0,1818.0,1818.0,1818.0,0.4354,2021,11,7
2021-11-07 08:15:00+00:00,1818.0,1818.0,1818.0,1818.0,0.1678,2021,11,7
2021-11-07 08:20:00+00:00,1818.0,1818.0,1818.0,1818.0,0.0,2021,11,7
2021-11-07 08:25:00+00:00,1818.0,1818.0,1818.0,1818.0,0.4531,2021,11,7
2021-11-07 08:30:00+00:00,1818.0,1818.0,1818.0,1818.0,0.2731,2021,11,7
2021-11-07 08:35:00+00:00,1818.0,1818.0,1817.0,1817.0,0.7342,2021,11,7
2021-11-07 08:40:00+00:00,1818.0,1819.0,1818.0,1819.0,1.0,2021,11,7
2021-11-07 08:45:00+00:00,1818.0,1818.0,1818.0,1818.0,0.006,2021,11,7
2021-11-07 08:50:00+00:00,1818.0,1819.0,1818.0,1819.0,0.9669,2021,11,7
2021-11-07 08:55:00+00:00,1818.0,1819.0,1818.0,1818.0,0.1941,2021,11,7
2021-11-07 09:00:00+00:00,1818.0,1819.0,1818.0,1818.0,2.1204,2021,11,7
2021-11-07 09:05:00+00:00,1818.0,1819.0,1817.0,1817.0,2.8193,2021,11,7
2021-11-07 09:10:00+00:00,1817.0,1818.0,1816.0,1818.0,1.0116,2021,11,7
2021-11-07 09:15:00+00:00,1817.0,1817.0,1817.0,1817.0,0.1094,2021,11,7
2021-11-07 09:20:00+00:00,1817.0,1817.0,1817.0,1817.0,0.059,2021,11,7
2021-11-07 09:25:00+00:00,1817.0,1817.0,1816.0,1816.0,1.7815,2021,11,7
2021-11-07 09:30:00+00:00,1817.0,1817.0,1816.0,1817.0,0.1709,2021,11,7
2021-11-07 09:35:00+00:00,1816.0,1818.0,1816.0,1817.0,2.8127,2021,11,7
2021-11-07 09:40:00+00:00,1817.0,1818.0,1817.0,1817.0,1.31,2021,11,7
2021-11-07 09:45:00+00:00,1818.0,1819.0,1818.0,1819.0,3.6699,2021,11,7
2021-11-07 09:50:00+00:00,1819.0,1820.0,1819.0,1819.0,0.9307,2021,11,7
2021-11-07 09:55:00+00:00,1819.0,1819.0,1819.0,1819.0,2.2502,2021,11,7
2021-11-07 10:00:00+00:00,1819.0,1821.0,1819.0,1821.0,21.6366,2021,11,7
2021-11-07 10:05:00+00:00,1821.0,1821.0,1819.0,1820.0,5.0793,2021,11,7
2021-11-07 10:10:00+00:00,1820.0,1821.0,1819.0,1821.0,22.1851,2021,11,7
2021-11-07 10:15:00+00:00,1820.0,1821.0,1820.0,1820.0,1.272,2021,11,7
2021-11-07 10:20:00+00:00,1819.0,1820.0,1819.0,1820.0,0.098,2021,11,7
2021-11-07 10:25:00+00:00,1820.0,1820.0,1819.0,1819.0,0.517,2021,11,7
2021-11-07 10:30:00+00:00,1820.0,1820.0,1819.0,1819.0,0.2168,2021,11,7
2021-11-07 10:35:00+00:00,1818.0,1818.0,1818.0,1818.0,2.971,2021,11,7
2021-11-07 10:40:00+00:00,1817.0,1817.0,1817.0,1817.0,1.4314,2021,11,7
2021-11-07 10:45:00+00:00,1817.0,1817.0,1817.0,1817.0,0.893,2021,11,7
2021-11-07 10:50:00+00:00,1818.0,1818.0,1817.0,1817.0,1.1981,2021,11,7
2021-11-07 10:55:00+00:00,1817.0,1818.0,1817.0,1817.0,0.2466,2021,11,7
2021-11-07 11:00:00+00:00,1817.0,1818.0,1817.0,1817.0,2.4117,2021,11,7
2021-11-07 11:05:00+00:00,1817.0,1817.0,1815.0,1815.0,9.1954,2021,11,7
2021-11-07 11:10:00+00:00,1815.0,1815.0,1815.0,1815.0,2.4762,2021,11,7
2021-11-07 11:15:00+00:00,1815.0,1816.0,1815.0,1815.0,3.9631,2021,11,7
2021-11-07 11:20:00+00:00,1815.0,1816.0,1815.0,1815.0,4.1434,2021,11,7
2021-11-07 11:25:00+00:00,1815.0,1816.0,1814.0,1816.0,4.5186,2021,11,7
2021-11-07 11:30:00+00:00,1816.0,1816.0,1815.0,1815.0,0.3794,2021,11,7
2021-11-07 11:35:00+00:00,1816.0,1816.0,1815.0,1815.0,0.1725,2021,11,7
2021-11-07 11:40:00+00:00,1815.0,1815.0,1815.0,1815.0,0.0,2021,11,7
2021-11-07 11:45:00+00:00,1815.0,1816.0,1815.0,1816.0,0.7068,2021,11,7
2021-11-07 11:50:00+00:00,1816.0,1816.0,1815.0,1816.0,0.226,2021,11,7
2021-11-07 11:55:00+00:00,1815.0,1816.0,1815.0,1816.0,1.7269,2021,11,7
2021-11-07 12:00:00+00:00,1816.0,1817.0,1815.0,1817.0,2.4767,2021,11,7
2021-11-07 12:05:00+00:00,1816.0,1816.0,1816.0,1816.0,0.5393,2021,11,7
2021-11-07 12:10:00+00:00,1816.0,1817.0,1816.0,1817.0,0.3062,2021,11,7
2021-11-07 12:15:00+00:00,1816.0,1817.0,1816.0,1816.0,0.173,2021,11,7
2021-11-07 12:20:00+00:00,1817.0,1817.0,1817.0,1817.0,0.5688,2021,11,7
2021-11-07 12:25:00+00:00,1817.0,1817.0,1816.0,1817.0,0.6128,2021,11,7
2021-11-07 12:30:00+00:00,1816.0,1816.0,1816.0,1816.0,0.0832,2021,11,7
2021-11-07 12:35:00+00:00,1816.0,1817.0,1816.0,1817.0,0.5843,2021,11,7
2021-11-07 12:40:00+00:00,1816.0,1817.0,1816.0,1817.0,0.0263,2021,11,7
2021-11-07 12:45:00+00:00,1816.0,1817.0,1816.0,1817.0,0.2714,2021,11,7
2021-11-07 12:50:00+00:00,1817.0,1817.0,1816.0,1816.0,0.4001,2021,11,7
2021-11-07 12:55:00+00:00,1816.0,1816.0,1815.0,1815.0,3.2434,2021,11,7
2021-11-07 13:00:00+00:00,1816.0,1816.0,1815.0,1815.0,1.9822,2021,11,7
2021-11-07 13:05:00+00:00,1815.0,1816.0,1815.0,1815.0,0.2608,2021,11,7
2021-11-07 13:10:00+00:00,1815.0,1816.0,1815.0,1815.0,0.2695,2021,11,7
2021-11-07 13:15:00+00:00,1816.0,1816.0,1815.0,1815.0,0.3632,2021,11,7
2021-11-07 13:20:00+00:00,1816.0,1816.0,1816.0,1816.0,1.1848,2021,11,7
2021-11-07 13:25:00+00:00,1816.0,1818.0,1816.0,1817.0,7.1794,2021,11,7
2021-11-07 13:30:00+00:00,1817.0,1818.0,1817.0,1817.0,1.1466,2021,11,7
2021-11-07 13:35:00+00:00,1817.0,1818.0,1817.0,1818.0,0.328,2021,11,7
2021-11-07 13:40:00+00:00,1817.0,1818.0,1817.0,1818.0,0.7809,2021,11,7
2021-11-07 13:45:00+00:00,1817.0,1818.0,1817.0,1817.0,0.4182,2021,11,7
2021-11-07 13:50:00+00:00,1817.0,1818.0,1817.0,1818.0,0.2821,2021,11,7
2021-11-07 13:55:00+00:00,1818.0,1818.0,1816.0,1816.0,2.8654,2021,11,7
2021-11-07 14:00:00+00:00,1816.0,1817.0,1816.0,1817.0,0.3687,2021,11,7
2021-11-07 14:05:00+00:00,1817.0,1817.0,1815.0,1816.0,3.3079,2021,11,7
2021-11-07 14:10:00+00:00,1815.0,1816.0,1815.0,1816.0,0.5366,2021,11,7
2021-11-07 14:15:00+00:00,1816.0,1816.0,1816.0,1816.0,0.2187,2021,11,7
2021-11-07 14:20:00+00:00,1816.0,1817.0,1816.0,1817.0,0.1005,2021,11,7
2021-11-07 14:25:00+00:00,1816.0,1817.0,1816.0,1817.0,0.2692,2021,11,7
2021-11-07 14:30:00+00:00,1816.0,1817.0,1816.0,1817.0,1.0238,2021,11,7
2021-11-07 14:35:00+00:00,1817.0,1817.0,1816.0,1816.0,0.1732,2021,11,7
2021-11-07 14:40:00+00:00,1817.0,1817.0,1816.0,1816.0,2.4226,2021,11,7
2021-11-07 14:45:00+00:00,1816.0,1817.0,1816.0,1817.0,0.4259,2021,11,7
2021-11-07 14:50:00+00:00,1816.0,1816.0,1815.0,1816.0,0.7388,2021,11,7
2021-11-07 14:55:00+00:00,1817.0,1817.0,1817.0,1817.0,0.5546,2021,11,7
2021-11-07 15:00:00+00:00,1816.0,1816.0,1815.0,1816.0,4.7655,2021,11,7
2021-11-07 15:05:00+00:00,1817.0,1818.0,1817.0,1817.0,1.5295,2021,11,7
2021-11-07 15:10:00+00:00,1817.0,1818.0,1817.0,1818.0,0.1642,2021,11,7
2021-11-07 15:15:00+00:00,1817.0,1818.0,1817.0,1818.0,0.3401,2021,11,7
2021-11-07 15:20:00+00:00,1817.0,1819.0,1817.0,1819.0,6.2222,2021,11,7
2021-11-07 15:25:00+00:00,1818.0,1819.0,1818.0,1818.0,1.5271,2021,11,7
2021-11-07 15:30:00+00:00,1819.0,1819.0,1816.0,1817.0,27.6874,2021,11,7
2021-11-07 15:35:00+00:00,1817.0,1818.0,1817.0,1818.0,5.2477,2021,11,7
2021-11-07 15:40:00+00:00,1818.0,1818.0,1817.0,1818.0,1.1353,2021,11,7
2021-11-07 15:45:00+00:00,1817.0,1817.0,1817.0,1817.0,0.2656,2021,11,7
2021-11-07 15:50:00+00:00,1817.0,1818.0,1817.0,1818.0,0.7225,2021,11,7
2021-11-07 15:55:00+00:00,1818.0,1819.0,1818.0,1819.0,0.1251,2021,11,7
2021-11-07 16:00:00+00:00,1818.0,1820.0,1818.0,1820.0,5.799,2021,11,7
2021-11-07 16:05:00+00:00,1819.0,1820.0,1819.0,1820.0,0.0212,2021,11,7
2021-11-07 16:10:00+00:00,1820.0,1820.0,1820.0,1820.0,0.269,2021,11,7
2021-11-07 16:15:00+00:00,1820.0,1820.0,1819.0,1820.0,12.7803,2021,11,7
2021-11-07 16:20:00+00:00,1820.0,1821.0,1819.0,1819.0,38.0643,2021,11,7
2021-11-07 16:25:00+00:00,1819.0,1819.0,1818.0,1818.0,2.2422,2021,11,7
2021-11-07 16:30:00+00:00,1817.0,1817.0,1816.0,1817.0,2.4997,2021,11,7
2021-11-07 16:35:00+00:00,1817.0,1817.0,1816.0,1817.0,0.3268,2021,11,7
2021-11-07 16:40:00+00:00,1816.0,1817.0,1816.0,1816.0,1.0209,2021,11,7
2021-11-07 16:45:00+00:00,1816.0,1818.0,1815.0,1817.0,5.2358,2021,11,7
2021-11-07 16:50:00+00:00,1817.0,1819.0,1817.0,1817.0,29.1305,2021,11,7
2021-11-07 16:55:00+00:00,1817.0,1818.0,1817.0,1817.0,10.112,2021,11,7
2021-11-07 17:00:00+00:00,1818.0,1818.0,1818.0,1818.0,2.0123,2021,11,7
2021-11-07 17:05:00+00:00,1818.0,1822.0,1818.0,1820.0,31.602,2021,11,7
2021-11-07 17:10:00+00:00,1821.0,1821.0,1818.0,1818.0,6.3296,2021,11,7
2021-11-07 17:15:00+00:00,1818.0,1820.0,1817.0,1820.0,9.0436,2021,11,7
2021-11-07 17:20:00+00:00,1821.0,1821.0,1820.0,1820.0,60.6456,2021,11,7
2021-11-07 17:25:00+00:00,1821.0,1821.0,1820.0,1820.0,2.2509,2021,11,7
2021-11-07 17:30:00+00:00,1820.0,1820.0,1820.0,1820.0,0.9233,2021,11,7
2021-11-07 17:35:00+00:00,1820.0,1820.0,1819.0,1819.0,0.1441,2021,11,7
2021-11-07 17:40:00+00:00,1819.0,1821.0,1818.0,1820.0,13.4647,2021,11,7
2021-11-07 17:45:00+00:00,1820.0,1821.0,1819.0,1820.0,18.4956,2021,11,7
2021-11-07 17:50:00+00:00,1819.0,1819.0,1817.0,1819.0,13.6676,2021,11,7
2021-11-07 17:55:00+00:00,1819.0,1820.0,1819.0,1820.0,0.3074,2021,11,7
2021-11-07 18:00:00+00:00,1820.0,1820.0,1819.0,1819.0,19.2,2021,11,7
2021-11-07 18:05:00+00:00,1819.0,1819.0,1818.0,1819.0,29.0142,2021,11,7
2021-11-07 18:10:00+00:00,1819.0,1819.0,1818.0,1819.0,1.9515,2021,11,7
2021-11-07 18:15:00+00:00,1818.0,1819.0,1818.0,1818.0,7.5246,2021,11,7
2021-11-07 18:20:00+00:00,1819.0,1819.0,1817.0,1817.0,2.6305,2021,11,7
2021-11-07 18:25:00+00:00,1818.0,1818.0,1817.0,1818.0,4.8034,2021,11,7
2021-11-07 18:30:00+00:00,1818.0,1818.0,1817.0,1818.0,0.472,2021,11,7
2021-11-07 18:35:00+00:00,1817.0,1818.0,1815.0,1815.0,7.9674,2021,11,7
2021-11-07 18:40:00+00:00,1816.0,1817.0,1815.0,1817.0,1.3309,2021,11,7
2021-11-07 18:45:00+00:00,1817.0,1818.0,1816.0,1817.0,3.8514,2021,11,7
2021-11-07 18:50:00+00:00,1818.0,1818.0,1817.0,1817.0,0.4029,2021,11,7
2021-11-07 18:55:00+00:00,1818.0,1818.0,1814.0,1817.0,10.2833,2021,11,7
2021-11-07 19:00:00+00:00,1817.0,1818.0,1816.0,1818.0,2.2343,2021,11,7
2021-11-07 19:05:00+00:00,1817.0,1817.0,1817.0,1817.0,0.0148,2021,11,7
2021-11-07 19:10:00+00:00,1817.0,1818.0,1817.0,1818.0,0.146,2021,11,7
2021-11-07 19:15:00+00:00,1818.0,1818.0,1817.0,1818.0,0.1013,2021,11,7
2021-11-07 19:20:00+00:00,1818.0,1818.0,1818.0,1818.0,0.5692,2021,11,7
2021-11-07 19:25:00+00:00,1818.0,1818.0,1816.0,1816.0,2.5004,2021,11,7
2021-11-07 19:30:00+00:00,1816.0,1816.0,1816.0,1816.0,0.017,2021,11,7
2021-11-07 19:35:00+00:00,1817.0,1817.0,1816.0,1816.0,0.8026,2021,11,7
2021-11-07 19:40:00+00:00,1816.0,1816.0,1816.0,1816.0,0.7726,2021,11,7
2021-11-07 19:45:00+00:00,1816.0,1816.0,1816.0,1816.0,1.9867,2021,11,7
2021-11-07 19:50:00+00:00,1817.0,1817.0,1817.0,1817.0,10.8069,2021,11,7
2021-11-07 19:55:00+00:00,1817.0,1817.0,1810.0,1817.0,42.2047,2021,11,7
2021-11-07 20:00:00+00:00,1816.0,1816.0,1816.0,1816.0,0.17,2021,11,7
2021-11-07 20:05:00+00:00,1817.0,1817.0,1816.0,1816.0,0.9448,2021,11,7
2021-11-07 20:10:00+00:00,1817.0,1817.0,1816.0,1817.0,0.706,2021,11,7
2021-11-07 20:15:00+00:00,1817.0,1817.0,1817.0,1817.0,0.0227,2021,11,7
2021-11-07 20:20:00+00:00,1817.0,1817.0,1816.0,1817.0,0.337,2021,11,7
2021-11-07 20:25:00+00:00,1817.0,1817.0,1817.0,1817.0,1.1962,2021,11,7
2021-11-07 20:30:00+00:00,1817.0,1817.0,1817.0,1817.0,0.0,2021,11,7
2021-11-07 20:35:00+00:00,1817.0,1817.0,1817.0,1817.0,0.0643,2021,11,7
2021-11-07 20:40:00+00:00,1816.0,1817.0,1816.0,1817.0,4.1515,2021,11,7
2021-11-07 20:45:00+00:00,1817.0,1818.0,1816.0,1816.0,3.4588,2021,11,7
2021-11-07 20:50:00+00:00,1817.0,1821.0,1817.0,1820.0,40.2048,2021,11,7
2021-11-07 20:55:00+00:00,1820.0,1821.0,1820.0,1820.0,1.6393,2021,11,7
2021-11-07 21:00:00+00:00,1821.0,1822.0,1820.0,1820.0,12.5155,2021,11,7
2021-11-07 21:05:00+00:00,1821.0,1821.0,1820.0,1821.0,1.492,2021,11,7
2021-11-07 21:10:00+00:00,1821.0,1821.0,1820.0,1820.0,0.1265,2021,11,7
2021-11-07 21:15:00+00:00,1821.0,1821.0,1820.0,1820.0,1.141,2021,11,7
2021-11-07 21:20:00+00:00,1821.0,1821.0,1821.0,1821.0,0.1714,2021,11,7
2021-11-07 21:25:00+00:00,1821.0,1821.0,1820.0,1820.0,4.0921,2021,11,7
2021-11-07 21:30:00+00:00,1820.0,1820.0,1820.0,1820.0,0.9998,2021,11,7
2021-11-07 21:35:00+00:00,1821.0,1821.0,1821.0,1821.0,1.5196,2021,11,7
2021-11-07 21:40:00+00:00,1820.0,1820.0,1819.0,1819.0,0.4359,2021,11,7
2021-11-07 21:45:00+00:00,1819.0,1820.0,1819.0,1820.0,0.2699,2021,11,7
2021-11-07 21:50:00+00:00,1820.0,1820.0,1819.0,1819.0,0.3264,2021,11,7
2021-11-07 21:55:00+00:00,1819.0,1819.0,1819.0,1819.0,0.1033,2021,11,7
2021-11-07 22:00:00+00:00,1820.0,1820.0,1820.0,1820.0,0.1487,2021,11,7
2021-11-07 22:05:00+00:00,1820.0,1820.0,1819.0,1819.0,0.1911,2021,11,7
2021-11-07 22:10:00+00:00,1820.0,1820.0,1820.0,1820.0,0.4669,2021,11,7
2021-11-07 22:15:00+00:00,1820.0,1820.0,1819.0,1819.0,0.0654,2021,11,7
2021-11-07 22:20:00+00:00,1820.0,1820.0,1819.0,1819.0,0.2016,2021,11,7
2021-11-07 22:25:00+00:00,1820.0,1821.0,1820.0,1820.0,19.597,2021,11,7
2021-11-07 22:30:00+00:00,1819.0,1819.0,1818.0,1818.0,5.0089,2021,11,7
2021-11-07 22:35:00+00:00,1819.0,1819.0,1819.0,1819.0,1.6635,2021,11,7
2021-11-07 22:40:00+00:00,1819.0,1819.0,1818.0,1818.0,0.3446,2021,11,7
2021-11-07 22:45:00+00:00,1818.0,1819.0,1818.0,1818.0,0.4777,2021,11,7
2021-11-07 22:50:00+00:00,1818.0,1818.0,1816.0,1816.0,6.3706,2021,11,7
2021-11-07 22:55:00+00:00,1816.0,1817.0,1816.0,1817.0,5.2259,2021,11,7
2021-11-07 23:00:00+00:00,1816.0,1817.0,1816.0,1817.0,3.2869,2021,11,7
2021-11-07 23:05:00+00:00,1817.0,1817.0,1817.0,1817.0,0.0,2021,11,7
2021-11-07 23:10:00+00:00,1817.0,1817.0,1817.0,1817.0,0.0548,2021,11,7
2021-11-07 23:15:00+00:00,1817.0,1818.0,1817.0,1818.0,0.0316,2021,11,7
2021-11-07 23:20:00+00:00,1818.0,1818.0,1818.0,1818.0,0.0929,2021,11,7
2021-11-07 23:25:00+00:00,1818.0,1818.0,1817.0,1818.0,1.081,2021,11,7
2021-11-07 23:30:00+00:00,1818.0,1818.0,1817.0,1817.0,0.8583,2021,11,7
2021-11-07 23:35:00+00:00,1818.0,1818.0,1817.0,1818.0,0.2221,2021,11,7
2021-11-07 23:40:00+00:00,1818.0,1818.0,1816.0,1816.0,0.9353,2021,11,7
2021-11-07 23:45:00+00:00,1816.0,1817.0,1816.0,1816.0,1.1018,2021,11,7
2021-11-07 23:50:00+00:00,1816.0,1817.0,1816.0,1817.0,0.7,2021,11,7
2021-11-07 23:55:00+00:00,1817.0,1817.0,1816.0,1817.0,1.2031,2021,11,7
2021-11-08 00:00:00+00:00,1817.0,1817.0,1813.0,1814.0,56.6792,2021,11,8
2021-11-08 00:05:00+00:00,1814.0,1815.0,1814.0,1815.0,1.3188,2021,11,8
2021-11-08 00:10:00+00:00,1814.0,1815.0,1814.0,1815.0,6.7936,2021,11,8
2021-11-08 00:15:00+00:00,1815.0,1817.0,1815.0,1816.0,11.4108,2021,11,8
2021-11-08 00:20:00+00:00,1816.0,1817.0,1816.0,1817.0,1.6474,2021,11,8
2021-11-08 00:25:00+00:00,1817.0,1817.0,1815.0,1815.0,2.9038,2021,11,8
2021-11-08 00:30:00+00:00,1815.0,1816.0,1815.0,1816.0,2.7343,2021,11,8
2021-11-08 00:35:00+00:00,1816.0,1817.0,1816.0,1817.0,11.8118,2021,11,8
2021-11-08 00:40:00+00:00,1817.0,1817.0,1816.0,1816.0,2.7157,2021,11,8
2021-11-08 00:45:00+00:00,1816.0,1817.0,1816.0,1817.0,8.8306,2021,11,8
2021-11-08 00:50:00+00:00,1816.0,1817.0,1816.0,1817.0,21.7838,2021,11,8
2021-11-08 00:55:00+00:00,1817.0,1817.0,1816.0,1817.0,4.2492,2021,11,8
2021-11-08 01:00:00+00:00,1816.0,1818.0,1816.0,1817.0,6.6156,2021,11,8
2021-11-08 01:05:00+00:00,1817.0,1820.0,1817.0,1820.0,24.8417,2021,11,8
2021-11-08 01:10:00+00:00,1820.0,1821.0,1820.0,1821.0,0.868,2021,11,8
2021-11-08 01:15:00+00:00,1821.0,1821.0,1820.0,1820.0,10.4688,2021,11,8
2021-11-08 01:20:00+00:00,1820.0,1821.0,1820.0,1820.0,2.4541,2021,11,8
2021-11-08 01:25:00+00:00,1820.0,1821.0,1819.0,1821.0,3.0958,2021,11,8
2021-11-08 01:30:00+00:00,1821.0,1821.0,1820.0,1820.0,1.5034,2021,11,8
2021-11-08 01:35:00+00:00,1820.0,1820.0,1819.0,1819.0,0.1597,2021,11,8
2021-11-08 01:40:00+00:00,1820.0,1820.0,1819.0,1819.0,2.784,2021,11,8
2021-11-08 01:45:00+00:00,1819.0,1819.0,1819.0,1819.0,0.0539,2021,11,8
2021-11-08 01:50:00+00:00,1819.0,1819.0,1818.0,1819.0,0.3333,2021,11,8
2021-11-08 01:55:00+00:00,1819.0,1819.0,1818.0,1818.0,0.1795,2021,11,8
2021-11-08 02:00:00+00:00,1819.0,1819.0,1818.0,1818.0,0.2718,2021,11,8
2021-11-08 02:05:00+00:00,1818.0,1819.0,1818.0,1818.0,0.7536,2021,11,8
2021-11-08 02:10:00+00:00,1818.0,1818.0,1818.0,1818.0,0.0,2021,11,8
2021-11-08 02:15:00+00:00,1819.0,1819.0,1819.0,1819.0,0.0308,2021,11,8
2021-11-08 02:20:00+00:00,1819.0,1819.0,1818.0,1818.0,1.2447,2021,11,8
2021-11-08 02:25:00+00:00,1819.0,1819.0,1819.0,1819.0,0.5658,2021,11,8
2021-11-08 02:30:00+00:00,1819.0,1821.0,1818.0,1821.0,3.0897,2021,11,8
2021-11-08 02:35:00+00:00,1821.0,1821.0,1821.0,1821.0,0.2523,2021,11,8
2021-11-08 02:40:00+00:00,1821.0,1822.0,1821.0,1822.0,5.3696,2021,11,8
2021-11-08 02:45:00+00:00,1822.0,1822.0,1821.0,1821.0,0.5553,2021,11,8
2021-11-08 02:50:00+00:00,1821.0,1821.0,1821.0,1821.0,2.1491,2021,11,8
2021-11-08 02:55:00+00:00,1821.0,1822.0,1821.0,1821.0,15.8905,2021,11,8
2021-11-08 03:00:00+00:00,1821.0,1822.0,1821.0,1821.0,2.4425,2021,11,8
2021-11-08 03:05:00+00:00,1821.0,1822.0,1821.0,1821.0,6.8953,2021,11,8
2021-11-08 03:10:00+00:00,1822.0,1822.0,1821.0,1821.0,13.0097,2021,11,8
2021-11-08 03:15:00+00:00,1822.0,1822.0,1821.0,1821.0,26.458,2021,11,8
2021-11-08 03:20:00+00:00,1821.0,1821.0,1821.0,1821.0,0.0116,2021,11,8
2021-11-08 03:25:00+00:00,1821.0,1821.0,1821.0,1821.0,0.3418,2021,11,8
2021-11-08 03:30:00+00:00,1822.0,1822.0,1821.0,1821.0,5.538,2021,11,8
2021-11-08 03:35:00+00:00,1822.0,1822.0,1822.0,1822.0,0.3903,2021,11,8
2021-11-08 03:40:00+00:00,1822.0,1822.0,1821.0,1821.0,0.9957,2021,11,8
2021-11-08 03:45:00+00:00,1821.0,1822.0,1821.0,1821.0,7.2624,2021,11,8
2021-11-08 03:50:00+00:00,1821.0,1822.0,1821.0,1821.0,0.0823,2021,11,8
2021-11-08 03:55:00+00:00,1821.0,1821.0,1821.0,1821.0,0.1051,2021,11,8
2021-11-08 04:00:00+00:00,1821.0,1821.0,1821.0,1821.0,1.2617,2021,11,8
2021-11-08 04:05:00+00:00,1821.0,1821.0,1821.0,1821.0,0.0,2021,11,8
2021-11-08 04:10:00+00:00,1821.0,1821.0,1821.0,1821.0,0.0,2021,11,8
2021-11-08 04:15:00+00:00,1821.0,1821.0,1821.0,1821.0,0.4793,2021,11,8
2021-11-08 04:20:00+00:00,1822.0,1823.0,1822.0,1823.0,2.1061,2021,11,8
2021-11-08 04:25:00+00:00,1823.0,1823.0,1822.0,1823.0,0.3511,2021,11,8
2021-11-08 04:30:00+00:00,1823.0,1823.0,1823.0,1823.0,0.2813,2021,11,8
2021-11-08 04:35:00+00:00,1822.0,1823.0,1822.0,1823.0,8.7987,2021,11,8
2021-11-08 04:40:00+00:00,1822.0,1822.0,1822.0,1822.0,0.1387,2021,11,8
2021-11-08 04:45:00+00:00,1822.0,1822.0,1822.0,1822.0,0.7791,2021,11,8
2021-11-08 04:50:00+00:00,1822.0,1822.0,1821.0,1821.0,0.9815,2021,11,8
2021-11-08 04:55:00+00:00,1821.0,1822.0,1821.0,1822.0,0.055,2021,11,8
2021-11-08 05:00:00+00:00,1822.0,1823.0,1822.0,1823.0,12.4034,2021,11,8
2021-11-08 05:05:00+00:00,1823.0,1823.0,1823.0,1823.0,0.0949,2021,11,8
2021-11-08 05:10:00+00:00,1822.0,1823.0,1822.0,1823.0,1.2252,2021,11,8
2021-11-08 05:15:00+00:00,1822.0,1823.0,1822.0,1823.0,0.9287,2021,11,8
2021-11-08 05:20:00+00:00,1822.0,1823.0,1821.0,1821.0,2.2714,2021,11,8
2021-11-08 05:25:00+00:00,1822.0,1822.0,1821.0,1822.0,0.6917,2021,11,8
2021-11-08 05:30:00+00:00,1822.0,1822.0,1821.0,1821.0,0.0178,2021,11,8
2021-11-08 05:35:00+00:00,1822.0,1822.0,1822.0,1822.0,0.1784,2021,11,8
2021-11-08 05:40:00+00:00,1822.0,1824.0,1821.0,1823.0,11.5987,2021,11,8
2021-11-08 05:45:00+00:00,1823.0,1823.0,1823.0,1823.0,1.1422,2021,11,8
2021-11-08 05:50:00+00:00,1823.0,1823.0,1823.0,1823.0,0.2369,2021,11,8
2021-11-08 05:55:00+00:00,1823.0,1825.0,1823.0,1824.0,11.4964,2021,11,8
2021-11-08 06:00:00+00:00,1824.0,1825.0,1821.0,1823.0,19.1383,2021,11,8
2021-11-08 06:05:00+00:00,1823.0,1824.0,1822.0,1824.0,4.5426,2021,11,8
2021-11-08 06:10:00+00:00,1823.0,1823.0,1823.0,1823.0,0.8823,2021,11,8
2021-11-08 06:15:00+00:00,1823.0,1824.0,1823.0,1824.0,0.4631,2021,11,8
2021-11-08 06:20:00+00:00,1823.0,1823.0,1823.0,1823.0,0.6143,2021,11,8
2021-11-08 06:25:00+00:00,1823.0,1824.0,1820.0,1820.0,115.3056,2021,11,8
2021-11-08 06:30:00+00:00,1821.0,1823.0,1820.0,1820.0,40.8053,2021,11,8
2021-11-08 06:35:00+00:00,1820.0,1820.0,1817.0,1817.0,15.9873,2021,11,8
2021-11-08 06:40:00+00:00,1817.0,1818.0,1816.0,1818.0,51.319,2021,11,8
2021-11-08 06:45:00+00:00,1818.0,1818.0,1817.0,1818.0,2.0449,2021,11,8
2021-11-08 06:50:00+00:00,1817.0,1818.0,1817.0,1818.0,3.0076,2021,11,8
2021-11-08 06:55:00+00:00,1818.0,1818.0,1817.0,1817.0,3.8851,2021,11,8
2021-11-08 07:00:00+00:00,1817.0,1818.0,1817.0,1818.0,1.5713,2021,11,8
2021-11-08 07:05:00+00:00,1818.0,1818.0,1816.0,1817.0,5.1164,2021,11,8
2021-11-08 07:10:00+00:00,1816.0,1817.0,1816.0,1816.0,5.0867,2021,11,8
2021-11-08 07:15:00+00:00,1816.0,1816.0,1815.0,1816.0,3.9389,2021,11,8
2021-11-08 07:20:00+00:00,1815.0,1816.0,1815.0,1816.0,1.4981,2021,11,8
2021-11-08 07:25:00+00:00,1816.0,1822.0,1816.0,1821.0,66.9891,2021,11,8
2021-11-08 07:30:00+00:00,1820.0,1823.0,1819.0,1821.0,118.8737,2021,11,8
2021-11-08 07:35:00+00:00,1820.0,1820.0,1819.0,1820.0,4.4527,2021,11,8
2021-11-08 07:40:00+00:00,1820.0,1820.0,1819.0,1820.0,0.6802,2021,11,8
2021-11-08 07:45:00+00:00,1819.0,1820.0,1819.0,1819.0,0.6311,2021,11,8
2021-11-08 07:50:00+00:00,1820.0,1820.0,1819.0,1820.0,4.3721,2021,11,8
2021-11-08 07:55:00+00:00,1819.0,1820.0,1819.0,1819.0,1.3564,2021,11,8
2021-11-08 08:00:00+00:00,1819.0,1820.0,1819.0,1820.0,1.2127,2021,11,8
2021-11-08 08:05:00+00:00,1820.0,1821.0,1820.0,1820.0,15.1956,2021,11,8
2021-11-08 08:10:00+00:00,1821.0,1821.0,1819.0,1819.0,3.8437,2021,11,8
2021-11-08 08:15:00+00:00,1819.0,1821.0,1819.0,1821.0,2.8612,2021,11,8
2021-11-08 08:20:00+00:00,1821.0,1821.0,1819.0,1819.0,1.5721,2021,11,8
2021-11-08 08:25:00+00:00,1820.0,1820.0,1819.0,1820.0,1.0065,2021,11,8
2021-11-08 08:30:00+00:00,1819.0,1820.0,1819.0,1819.0,0.4011,2021,11,8
2021-11-08 08:35:00+00:00,1820.0,1820.0,1818.0,1818.0,3.6301,2021,11,8
2021-11-08 08:40:00+00:00,1818.0,1819.0,1818.0,1819.0,0.8572,2021,11,8
2021-11-08 08:45:00+00:00,1819.0,1819.0,1818.0,1818.0,1.3448,2021,11,8
2021-11-08 08:50:00+00:00,1818.0,1818.0,1817.0,1817.0,6.7915,2021,11,8
2021-11-08 08:55:00+00:00,1817.0,1818.0,1817.0,1817.0,10.6828,2021,11,8
2021-11-08 09:00:00+00:00,1816.0,1817.0,1816.0,1817.0,2.339,2021,11,8
2021-11-08 09:05:00+00:00,1817.0,1817.0,1816.0,1817.0,0.2505,2021,11,8
2021-11-08 09:10:00+00:00,1817.0,1817.0,1816.0,1816.0,0.3805,2021,11,8
2021-11-08 09:15:00+00:00,1816.0,1817.0,1816.0,1816.0,0.7743,2021,11,8
2021-11-08 09:20:00+00:00,1816.0,1817.0,1816.0,1816.0,1.4158,2021,11,8
2021-11-08 09:25:00+00:00,1817.0,1817.0,1816.0,1817.0,7.0242,2021,11,8
2021-11-08 09:30:00+00:00,1817.0,1817.0,1816.0,1816.0,1.1477,2021,11,8
2021-11-08 09:35:00+00:00,1816.0,1817.0,1816.0,1817.0,11.3167,2021,11,8
2021-11-08 09:40:00+00:00,1817.0,1818.0,1816.0,1818.0,21.9537,2021,11,8
2021-11-08 09:45:00+00:00,1818.0,1818.0,1817.0,1817.0,1.6076,2021,11,8
2021-11-08 09:50:00+00:00,1818.0,1818.0,1817.0,1818.0,1.452,2021,11,8
2021-11-08 09:55:00+00:00,1818.0,1818.0,1816.0,1817.0,13.5011,2021,11,8
2021-11-08 10:00:00+00:00,1818.0,1818.0,1817.0,1818.0,12.288,2021,11,8
2021-11-08 10:05:00+00:00,1818.0,1819.0,1818.0,1819.0,1.857,2021,11,8
2021-11-08 10:10:00+00:00,1819.0,1819.0,1819.0,1819.0,0.1134,2021,11,8
2021-11-08 10:15:00+00:00,1819.0,1820.0,1819.0,1819.0,1.7127,2021,11,8
2021-11-08 10:20:00+00:00,1819.0,1820.0,1819.0,1819.0,0.2932,2021,11,8
2021-11-08 10:25:00+00:00,1819.0,1820.0,1819.0,1820.0,1.0873,2021,11,8
2021-11-08 10:30:00+00:00,1820.0,1820.0,1819.0,1819.0,1.4046,2021,11,8
2021-11-08 10:35:00+00:00,1819.0,1821.0,1819.0,1821.0,1.5105,2021,11,8
2021-11-08 10:40:00+00:00,1820.0,1821.0,1820.0,1821.0,2.1685,2021,11,8
2021-11-08 10:45:00+00:00,1821.0,1821.0,1820.0,1820.0,0.3406,2021,11,8
2021-11-08 10:50:00+00:00,1820.0,1821.0,1820.0,1821.0,0.7232,2021,11,8
2021-11-08 10:55:00+00:00,1821.0,1821.0,1820.0,1821.0,2.8266,2021,11,8
2021-11-08 11:00:00+00:00,1820.0,1820.0,1820.0,1820.0,0.7455,2021,11,8
2021-11-08 11:05:00+00:00,1820.0,1820.0,1819.0,1819.0,1.1192,2021,11,8
2021-11-08 11:10:00+00:00,1820.0,1820.0,1819.0,1819.0,2.5174,2021,11,8
2021-11-08 11:15:00+00:00,1820.0,1820.0,1819.0,1819.0,0.6913,2021,11,8
2021-11-08 11:20:00+00:00,1819.0,1819.0,1819.0,1819.0,0.5635,2021,11,8
2021-11-08 11:25:00+00:00,1819.0,1820.0,1819.0,1819.0,2.6376,2021,11,8
2021-11-08 11:30:00+00:00,1819.0,1819.0,1819.0,1819.0,0.1787,2021,11,8
2021-11-08 11:35:00+00:00,1819.0,1819.0,1819.0,1819.0,2.1605,2021,11,8
2021-11-08 11:40:00+00:00,1819.0,1819.0,1818.0,1819.0,3.6284,2021,11,8
2021-11-08 11:45:00+00:00,1818.0,1819.0,1815.0,1816.0,17.9671,2021,11,8
2021-11-08 11:50:00+00:00,1817.0,1817.0,1817.0,1817.0,0.1211,2021,11,8
2021-11-08 11:55:00+00:00,1817.0,1818.0,1817.0,1818.0,0.9193,2021,11,8
2021-11-08 12:00:00+00:00,1818.0,1819.0,1818.0,1818.0,0.9231,2021,11,8
2021-11-08 12:05:00+00:00,1819.0,1819.0,1818.0,1819.0,0.9869,2021,11,8
2021-11-08 12:10:00+00:00,1818.0,1819.0,1818.0,1818.0,1.0441,2021,11,8
2021-11-08 12:15:00+00:00,1819.0,1819.0,1819.0,1819.0,1.7849,2021,11,8
2021-11-08 12:20:00+00:00,1819.0,1819.0,1819.0,1819.0,0.1208,2021,11,8
2021-11-08 12:25:00+00:00,1819.0,1819.0,1818.0,1819.0,0.3625,2021,11,8
2021-11-08 12:30:00+00:00,1818.0,1819.0,1818.0,1819.0,21.8666,2021,11,8
2021-11-08 12:35:00+00:00,1818.0,1818.0,1814.0,1818.0,13.5154,2021,11,8
2021-11-08 12:40:00+00:00,1817.0,1818.0,1816.0,1817.0,20.313,2021,11,8
2021-11-08 12:45:00+00:00,1818.0,1818.0,1817.0,1818.0,15.4037,2021,11,8
2021-11-08 12:50:00+00:00,1818.0,1820.0,1818.0,1820.0,2.9747,2021,11,8
2021-11-08 12:55:00+00:00,1819.0,1821.0,1819.0,1820.0,16.7843,2021,11,8
2021-11-08 13:00:00+00:00,1820.0,1821.0,1820.0,1820.0,0.6298,2021,11,8
2021-11-08 13:05:00+00:00,1821.0,1821.0,1820.0,1821.0,0.193,2021,11,8
2021-11-08 13:10:00+00:00,1821.0,1821.0,1820.0,1820.0,5.3798,2021,11,8
2021-11-08 13:15:00+00:00,1821.0,1821.0,1815.0,1817.0,53.4159,2021,11,8
2021-11-08 13:20:00+00:00,1817.0,1819.0,1817.0,1819.0,10.7573,2021,11,8
2021-11-08 13:25:00+00:00,1820.0,1822.0,1820.0,1822.0,8.6843,2021,11,8
2021-11-08 13:30:00+00:00,1822.0,1823.0,1822.0,1822.0,1.1978,2021,11,8
2021-11-08 13:35:00+00:00,1822.0,1822.0,1820.0,1820.0,4.8503,2021,11,8
2021-11-08 13:40:00+00:00,1820.0,1820.0,1818.0,1820.0,3.3277,2021,11,8
2021-11-08 13:45:00+00:00,1819.0,1821.0,1819.0,1820.0,4.5305,2021,11,8
2021-11-08 13:50:00+00:00,1821.0,1822.0,1820.0,1821.0,2.4005,2021,11,8
2021-11-08 13:55:00+00:00,1821.0,1822.0,1820.0,1820.0,0.9606,2021,11,8
2021-11-08 14:00:00+00:00,1822.0,1824.0,1822.0,1824.0,11.006,2021,11,8
2021-11-08 14:05:00+00:00,1825.0,1825.0,1824.0,1825.0,1.697,2021,11,8
2021-11-08 14:10:00+00:00,1825.0,1825.0,1824.0,1824.0,1.0273,2021,11,8
2021-11-08 14:15:00+00:00,1824.0,1825.0,1824.0,1825.0,2.0203,2021,11,8
2021-11-08 14:20:00+00:00,1825.0,1825.0,1824.0,1824.0,0.3967,2021,11,8
2021-11-08 14:25:00+00:00,1824.0,1825.0,1824.0,1825.0,0.08,2021,11,8
2021-11-08 14:30:00+00:00,1825.0,1825.0,1822.0,1822.0,5.9518,2021,11,8
2021-11-08 14:35:00+00:00,1822.0,1823.0,1822.0,1822.0,0.2752,2021,11,8
2021-11-08 14:40:00+00:00,1823.0,1823.0,1822.0,1822.0,4.1434,2021,11,8
2021-11-08 14:45:00+00:00,1823.0,1823.0,1821.0,1821.0,3.1722,2021,11,8
2021-11-08 14:50:00+00:00,1822.0,1822.0,1822.0,1822.0,1.2536,2021,11,8
2021-11-08 14:55:00+00:00,1823.0,1823.0,1822.0,1822.0,1.9046,2021,11,8
2021-11-08 15:00:00+00:00,1823.0,1824.0,1823.0,1824.0,2.9762,2021,11,8
2021-11-08 15:05:00+00:00,1824.0,1824.0,1823.0,1824.0,4.2148,2021,11,8
2021-11-08 15:10:00+00:00,1823.0,1824.0,1823.0,1823.0,2.5316,2021,11,8
2021-11-08 15:15:00+00:00,1824.0,1824.0,1823.0,1823.0,0.6645,2021,11,8
2021-11-08 15:20:00+00:00,1823.0,1824.0,1823.0,1823.0,0.1503,2021,11,8
2021-11-08 15:25:00+00:00,1823.0,1824.0,1823.0,1824.0,1.1465,2021,11,8
2021-11-08 15:30:00+00:00,1824.0,1824.0,1823.0,1824.0,0.7467,2021,11,8
2021-11-08 15:35:00+00:00,1824.0,1825.0,1824.0,1825.0,3.2393,2021,11,8
2021-11-08 15:40:00+00:00,1824.0,1826.0,1822.0,1825.0,19.7043,2021,11,8
2021-11-08 15:45:00+00:00,1824.0,1824.0,1822.0,1824.0,26.431,2021,11,8
2021-11-08 15:50:00+00:00,1824.0,1824.0,1822.0,1822.0,12.1477,2021,11,8
2021-11-08 15:55:00+00:00,1824.0,1824.0,1822.0,1822.0,1.4329,2021,11,8
2021-11-08 16:00:00+00:00,1824.0,1824.0,1823.0,1824.0,2.7743,2021,11,8
2021-11-08 16:05:00+00:00,1823.0,1824.0,1823.0,1823.0,1.9206,2021,11,8
2021-11-08 16:10:00+00:00,1824.0,1825.0,1823.0,1823.0,2.4764,2021,11,8
2021-11-08 16:15:00+00:00,1823.0,1823.0,1822.0,1822.0,1.2397,2021,11,8
2021-11-08 16:20:00+00:00,1823.0,1823.0,1822.0,1822.0,0.7389,2021,11,8
2021-11-08 16:25:00+00:00,1823.0,1823.0,1823.0,1823.0,0.0244,2021,11,8
2021-11-08 16:30:00+00:00,1823.0,1823.0,1822.0,1823.0,0.3384,2021,11,8
2021-11-08 16:35:00+00:00,1822.0,1824.0,1822.0,1822.0,2.3754,2021,11,8
2021-11-08 16:40:00+00:00,1823.0,1824.0,1823.0,1824.0,1.3923,2021,11,8
2021-11-08 16:45:00+00:00,1824.0,1827.0,1824.0,1826.0,14.0712,2021,11,8
2021-11-08 16:50:00+00:00,1826.0,1826.0,1825.0,1825.0,3.3161,2021,11,8
2021-11-08 16:55:00+00:00,1825.0,1826.0,1825.0,1826.0,0.7498,2021,11,8
2021-11-08 17:00:00+00:00,1826.0,1826.0,1825.0,1825.0,0.1557,2021,11,8
2021-11-08 17:05:00+00:00,1826.0,1826.0,1826.0,1826.0,0.6504,2021,11,8
2021-11-08 17:10:00+00:00,1825.0,1825.0,1825.0,1825.0,0.0238,2021,11,8
2021-11-08 17:15:00+00:00,1826.0,1826.0,1825.0,1826.0,1.9337,2021,11,8
2021-11-08 17:20:00+00:00,1826.0,1826.0,1826.0,1826.0,0.1073,2021,11,8
2021-11-08 17:25:00+00:00,1826.0,1826.0,1825.0,1826.0,1.2588,2021,11,8
2021-11-08 17:30:00+00:00,1826.0,1826.0,1825.0,1826.0,2.4455,2021,11,8
2021-11-08 17:35:00+00:00,1826.0,1827.0,1826.0,1827.0,2.3711,2021,11,8
2021-11-08 17:40:00+00:00,1827.0,1827.0,1826.0,1826.0,0.5448,2021,11,8
2021-11-08 17:45:00+00:00,1826.0,1827.0,1826.0,1827.0,1.5842,2021,11,8
2021-11-08 17:50:00+00:00,1827.0,1827.0,1824.0,1825.0,19.7804,2021,11,8
2021-11-08 17:55:00+00:00,1824.0,1824.0,1820.0,1822.0,40.033,2021,11,8
2021-11-08 18:00:00+00:00,1823.0,1824.0,1820.0,1823.0,10.7142,2021,11,8
2021-11-08 18:05:00+00:00,1822.0,1823.0,1822.0,1823.0,2.8913,2021,11,8
2021-11-08 18:10:00+00:00,1824.0,1824.0,1823.0,1823.0,0.3512,2021,11,8
2021-11-08 18:15:00+00:00,1823.0,1824.0,1823.0,1824.0,0.2889,2021,11,8
2021-11-08 18:20:00+00:00,1824.0,1824.0,1823.0,1824.0,1.4034,2021,11,8
2021-11-08 18:25:00+00:00,1825.0,1825.0,1824.0,1825.0,5.9205,2021,11,8
2021-11-08 18:30:00+00:00,1826.0,1826.0,1825.0,1825.0,3.5726,2021,11,8
2021-11-08 18:35:00+00:00,1825.0,1825.0,1824.0,1825.0,3.6113,2021,11,8
2021-11-08 18:40:00+00:00,1825.0,1825.0,1825.0,1825.0,0.1095,2021,11,8
2021-11-08 18:45:00+00:00,1825.0,1825.0,1824.0,1825.0,1.1274,2021,11,8
2021-11-08 18:50:00+00:00,1824.0,1825.0,1824.0,1825.0,1.2002,2021,11,8
2021-11-08 18:55:00+00:00,1825.0,1825.0,1824.0,1825.0,0.0565,2021,11,8
2021-11-08 19:00:00+00:00,1824.0,1825.0,1824.0,1824.0,3.8157,2021,11,8
2021-11-08 19:05:00+00:00,1824.0,1825.0,1824.0,1825.0,0.8643,2021,11,8
2021-11-08 19:10:00+00:00,1824.0,1825.0,1824.0,1825.0,2.5149,2021,11,8
2021-11-08 19:15:00+00:00,1824.0,1825.0,1824.0,1825.0,0.4432,2021,11,8
2021-11-08 19:20:00+00:00,1825.0,1825.0,1825.0,1825.0,1.534,2021,11,8
2021-11-08 19:25:00+00:00,1824.0,1825.0,1824.0,1825.0,0.5391,2021,11,8
2021-11-08 19:30:00+00:00,1825.0,1825.0,1824.0,1824.0,0.833,2021,11,8
2021-11-08 19:35:00+00:00,1824.0,1825.0,1824.0,1825.0,2.3848,2021,11,8
2021-11-08 19:40:00+00:00,1825.0,1825.0,1825.0,1825.0,2.5972,2021,11,8
2021-11-08 19:45:00+00:00,1825.0,1825.0,1825.0,1825.0,2.4038,2021,11,8
2021-11-08 19:50:00+00:00,1825.0,1825.0,1824.0,1824.0,1.3103,2021,11,8
2021-11-08 19:55:00+00:00,1825.0,1826.0,1825.0,1825.0,2.9648,2021,11,8
2021-11-08 20:00:00+00:00,1824.0,1825.0,1824.0,1825.0,2.5817,2021,11,8
2021-11-08 20:05:00+00:00,1826.0,1826.0,1825.0,1826.0,2.0142,2021,11,8
2021-11-08 20:10:00+00:00,1825.0,1827.0,1824.0,1826.0,6.3678,2021,11,8
2021-11-08 20:15:00+00:00,1827.0,1827.0,1826.0,1826.0,3.2097,2021,11,8
2021-11-08 20:20:00+00:00,1827.0,1827.0,1826.0,1827.0,2.5818,2021,11,8
2021-11-08 20:25:00+00:00,1828.0,1828.0,1827.0,1828.0,1.5343,2021,11,8
2021-11-08 20:30:00+00:00,1828.0,1828.0,1827.0,1827.0,0.2055,2021,11,8
2021-11-08 20:35:00+00:00,1828.0,1828.0,1827.0,1827.0,3.2378,2021,11,8
2021-11-08 20:40:00+00:00,1827.0,1827.0,1827.0,1827.0,0.7651,2021,11,8
2021-11-08 20:45:00+00:00,1827.0,1828.0,1826.0,1827.0,3.7035,2021,11,8
2021-11-08 20:50:00+00:00,1828.0,1828.0,1827.0,1828.0,1.5546,2021,11,8
2021-11-08 20:55:00+00:00,1827.0,1828.0,1827.0,1828.0,3.9538,2021,11,8
2021-11-08 21:00:00+00:00,1828.0,1828.0,1826.0,1828.0,4.545,2021,11,8
2021-11-08 21:05:00+00:00,1828.0,1832.0,1827.0,1829.0,68.1034,2021,11,8
2021-11-08 21:10:00+00:00,1829.0,1829.0,1828.0,1829.0,2.9706,2021,11,8
2021-11-08 21:15:00+00:00,1829.0,1829.0,1828.0,1829.0,1.1814,2021,11,8
2021-11-08 21:20:00+00:00,1829.0,1829.0,1827.0,1827.0,2.2747,2021,11,8
2021-11-08 21:25:00+00:00,1828.0,1828.0,1826.0,1828.0,2.4748,2021,11,8
2021-11-08 21:30:00+00:00,1828.0,1829.0,1821.0,1826.0,23.6856,2021,11,8
2021-11-08 21:35:00+00:00,1826.0,1827.0,1825.0,1826.0,1.3601,2021,11,8
2021-11-08 21:40:00+00:00,1826.0,1827.0,1825.0,1827.0,1.1149,2021,11,8
2021-11-08 21:45:00+00:00,1827.0,1828.0,1827.0,1828.0,1.0373,2021,11,8
2021-11-08 21:50:00+00:00,1828.0,1828.0,1827.0,1828.0,0.6658,2021,11,8
2021-11-08 21:55:00+00:00,1828.0,1828.0,1828.0,1828.0,0.0985,2021,11,8
2021-11-08 22:00:00+00:00,1828.0,1828.0,1828.0,1828.0,0.4446,2021,11,8
2021-11-08 22:05:00+00:00,1827.0,1827.0,1825.0,1825.0,2.5356,2021,11,8
2021-11-08 22:10:00+00:00,1827.0,1828.0,1826.0,1826.0,3.9954,2021,11,8
2021-11-08 22:15:00+00:00,1826.0,1827.0,1826.0,1827.0,0.1986,2021,11,8
2021-11-08 22:20:00+00:00,1827.0,1827.0,1826.0,1826.0,0.0806,2021,11,8
2021-11-08 22:25:00+00:00,1826.0,1827.0,1826.0,1827.0,0.072,2021,11,8
2021-11-08 22:30:00+00:00,1826.0,1826.0,1822.0,1826.0,3.482,2021,11,8
2021-11-08 22:35:00+00:00,1825.0,1827.0,1825.0,1826.0,2.7013,2021,11,8
2021-11-08 22:40:00+00:00,1826.0,1827.0,1826.0,1826.0,0.5784,2021,11,8
2021-11-08 22:45:00+00:00,1827.0,1829.0,1827.0,1828.0,19.1277,2021,11,8
2021-11-08 22:50:00+00:00,1828.0,1829.0,1827.0,1827.0,22.4933,2021,11,8
2021-11-08 22:55:00+00:00,1828.0,1828.0,1827.0,1828.0,0.4295,2021,11,8
2021-11-08 23:00:00+00:00,1827.0,1827.0,1826.0,1826.0,1.1543,2021,11,8
2021-11-08 23:05:00+00:00,1827.0,1828.0,1827.0,1828.0,2.4421,2021,11,8
2021-11-08 23:10:00+00:00,1827.0,1829.0,1826.0,1828.0,8.7036,2021,11,8
2021-11-08 23:15:00+00:00,1828.0,1829.0,1827.0,1829.0,23.3311,2021,11,8
2021-11-08 23:20:00+00:00,1828.0,1829.0,1825.0,1825.0,3.5766,2021,11,8
2021-11-08 23:25:00+00:00,1827.0,1828.0,1827.0,1828.0,0.3576,2021,11,8
2021-11-08 23:30:00+00:00,1828.0,1828.0,1827.0,1828.0,0.585,2021,11,8
2021-11-08 23:35:00+00:00,1827.0,1830.0,1826.0,1829.0,48.0263,2021,11,8
2021-11-08 23:40:00+00:00,1828.0,1829.0,1828.0,1829.0,0.6719,2021,11,8
2021-11-08 23:45:00+00:00,1828.0,1828.0,1828.0,1828.0,0.1887,2021,11,8
2021-11-08 23:50:00+00:00,1828.0,1828.0,1828.0,1828.0,4.5751,2021,11,8
2021-11-08 23:55:00+00:00,1828.0,1828.0,1825.0,1826.0,4.3285,2021,11,8
2021-11-09 00:00:00+00:00,1826.0,1826.0,1823.0,1825.0,15.2958,2021,11,9
2021-11-09 00:05:00+00:00,1825.0,1825.0,1825.0,1825.0,0.0481,2021,11,9
2021-11-09 00:10:00+00:00,1826.0,1830.0,1825.0,1830.0,8.5747,2021,11,9
2021-11-09 00:15:00+00:00,1827.0,1829.0,1826.0,1827.0,21.235,2021,11,9
2021-11-09 00:20:00+00:00,1827.0,1830.0,1827.0,1828.0,4.5956,2021,11,9
2021-11-09 00:25:00+00:00,1828.0,1829.0,1828.0,1829.0,0.9682,2021,11,9
2021-11-09 00:30:00+00:00,1828.0,1831.0,1827.0,1828.0,3.8144,2021,11,9
2021-11-09 00:35:00+00:00,1827.0,1828.0,1827.0,1828.0,0.3904,2021,11,9
2021-11-09 00:40:00+00:00,1828.0,1828.0,1828.0,1828.0,1.0608,2021,11,9
2021-11-09 00:45:00+00:00,1828.0,1828.0,1826.0,1826.0,2.5662,2021,11,9
2021-11-09 00:50:00+00:00,1826.0,1826.0,1826.0,1826.0,0.0845,2021,11,9
2021-11-09 00:55:00+00:00,1826.0,1827.0,1826.0,1827.0,0.9041,2021,11,9
2021-11-09 01:00:00+00:00,1826.0,1828.0,1826.0,1826.0,6.3519,2021,11,9
2021-11-09 01:05:00+00:00,1826.0,1827.0,1826.0,1826.0,1.3813,2021,11,9
2021-11-09 01:10:00+00:00,1826.0,1827.0,1826.0,1827.0,0.5678,2021,11,9
2021-11-09 01:15:00+00:00,1826.0,1827.0,1826.0,1827.0,0.3517,2021,11,9
2021-11-09 01:20:00+00:00,1826.0,1828.0,1826.0,1828.0,7.6746,2021,11,9
2021-11-09 01:25:00+00:00,1828.0,1829.0,1828.0,1828.0,5.3264,2021,11,9
2021-11-09 01:30:00+00:00,1828.0,1829.0,1828.0,1829.0,3.9824,2021,11,9
2021-11-09 01:35:00+00:00,1828.0,1831.0,1828.0,1829.0,22.6731,2021,11,9
2021-11-09 01:40:00+00:00,1828.0,1828.0,1827.0,1827.0,1.0287,2021,11,9
2021-11-09 01:45:00+00:00,1828.0,1828.0,1827.0,1827.0,2.0845,2021,11,9
2021-11-09 01:50:00+00:00,1828.0,1828.0,1827.0,1827.0,0.1587,2021,11,9
2021-11-09 01:55:00+00:00,1827.0,1827.0,1827.0,1827.0,0.0056,2021,11,9
2021-11-09 02:00:00+00:00,1828.0,1828.0,1827.0,1828.0,1.8937,2021,11,9
2021-11-09 02:05:00+00:00,1827.0,1827.0,1827.0,1827.0,0.0329,2021,11,9
2021-11-09 02:10:00+00:00,1827.0,1828.0,1825.0,1825.0,0.5446,2021,11,9
2021-11-09 02:15:00+00:00,1828.0,1828.0,1828.0,1828.0,0.0379,2021,11,9
2021-11-09 02:20:00+00:00,1828.0,1828.0,1828.0,1828.0,0.0,2021,11,9
2021-11-09 02:25:00+00:00,1828.0,1828.0,1827.0,1827.0,0.2373,2021,11,9
2021-11-09 02:30:00+00:00,1827.0,1827.0,1827.0,1827.0,0.3883,2021,11,9
2021-11-09 02:35:00+00:00,1827.0,1829.0,1827.0,1827.0,8.0601,2021,11,9
2021-11-09 02:40:00+00:00,1825.0,1826.0,1825.0,1825.0,0.0958,2021,11,9
2021-11-09 02:45:00+00:00,1826.0,1826.0,1826.0,1826.0,0.1316,2021,11,9
2021-11-09 02:50:00+00:00,1826.0,1826.0,1825.0,1825.0,0.308,2021,11,9
2021-11-09 02:55:00+00:00,1826.0,1826.0,1826.0,1826.0,0.0793,2021,11,9
2021-11-09 03:00:00+00:00,1826.0,1827.0,1825.0,1826.0,0.8415,2021,11,9
2021-11-09 03:05:00+00:00,1826.0,1826.0,1826.0,1826.0,1.2,2021,11,9
2021-11-09 03:10:00+00:00,1827.0,1827.0,1826.0,1826.0,5.819,2021,11,9
2021-11-09 03:15:00+00:00,1826.0,1827.0,1826.0,1827.0,0.4277,2021,11,9
2021-11-09 03:20:00+00:00,1826.0,1826.0,1826.0,1826.0,0.9543,2021,11,9
2021-11-09 03:25:00+00:00,1825.0,1825.0,1825.0,1825.0,0.0071,2021,11,9
2021-11-09 03:30:00+00:00,1826.0,1827.0,1826.0,1827.0,17.7307,2021,11,9
2021-11-09 03:35:00+00:00,1826.0,1826.0,1825.0,1825.0,3.0392,2021,11,9
2021-11-09 03:40:00+00:00,1826.0,1828.0,1826.0,1827.0,31.2754,2021,11,9
2021-11-09 03:45:00+00:00,1826.0,1827.0,1824.0,1825.0,5.621,2021,11,9
2021-11-09 03:50:00+00:00,1826.0,1831.0,1825.0,1827.0,11.0302,2021,11,9
2021-11-09 03:55:00+00:00,1827.0,1829.0,1826.0,1827.0,3.4017,2021,11,9
2021-11-09 04:00:00+00:00,1827.0,1827.0,1827.0,1827.0,0.5222,2021,11,9
2021-11-09 04:05:00+00:00,1826.0,1827.0,1824.0,1825.0,4.7321,2021,11,9
2021-11-09 04:10:00+00:00,1827.0,1827.0,1827.0,1827.0,0.1162,2021,11,9
2021-11-09 04:15:00+00:00,1826.0,1826.0,1825.0,1826.0,5.8338,2021,11,9
2021-11-09 04:20:00+00:00,1826.0,1827.0,1826.0,1826.0,11.8676,2021,11,9
2021-11-09 04:25:00+00:00,1826.0,1828.0,1826.0,1827.0,44.4839,2021,11,9
2021-11-09 04:30:00+00:00,1827.0,1829.0,1826.0,1826.0,3.9108,2021,11,9
2021-11-09 04:35:00+00:00,1826.0,1826.0,1826.0,1826.0,0.0374,2021,11,9
2021-11-09 04:40:00+00:00,1826.0,1827.0,1826.0,1826.0,0.6707,2021,11,9
2021-11-09 04:45:00+00:00,1826.0,1827.0,1826.0,1827.0,1.1934,2021,11,9
2021-11-09 04:50:00+00:00,1826.0,1828.0,1825.0,1827.0,13.0129,2021,11,9
2021-11-09 04:55:00+00:00,1826.0,1828.0,1826.0,1828.0,2.217,2021,11,9
2021-11-09 05:00:00+00:00,1827.0,1828.0,1827.0,1828.0,7.91,2021,11,9
2021-11-09 05:05:00+00:00,1828.0,1829.0,1827.0,1827.0,8.4305,2021,11,9
2021-11-09 05:10:00+00:00,1827.0,1828.0,1827.0,1828.0,0.6305,2021,11,9
2021-11-09 05:15:00+00:00,1827.0,1828.0,1827.0,1827.0,102.4716,2021,11,9
2021-11-09 05:20:00+00:00,1827.0,1828.0,1827.0,1828.0,0.5642,2021,11,9
2021-11-09 05:25:00+00:00,1827.0,1828.0,1827.0,1828.0,0.0563,2021,11,9
2021-11-09 05:30:00+00:00,1827.0,1828.0,1827.0,1827.0,40.3274,2021,11,9
2021-11-09 05:35:00+00:00,1827.0,1830.0,1826.0,1827.0,64.5864,2021,11,9
2021-11-09 05:40:00+00:00,1828.0,1828.0,1826.0,1828.0,4.2587,2021,11,9
2021-11-09 05:45:00+00:00,1828.0,1830.0,1828.0,1830.0,8.7516,2021,11,9
2021-11-09 05:50:00+00:00,1829.0,1830.0,1829.0,1829.0,8.2582,2021,11,9
2021-11-09 05:55:00+00:00,1829.0,1831.0,1829.0,1829.0,124.3309,2021,11,9
2021-11-09 06:00:00+00:00,1829.0,1831.0,1828.0,1830.0,188.1986,2021,11,9
2021-11-09 06:05:00+00:00,1829.0,1830.0,1826.0,1827.0,5.7171,2021,11,9
2021-11-09 06:10:00+00:00,1827.0,1829.0,1827.0,1828.0,1.8923,2021,11,9
2021-11-09 06:15:00+00:00,1829.0,1830.0,1829.0,1829.0,4.2791,2021,11,9
2021-11-09 06:20:00+00:00,1830.0,1830.0,1830.0,1830.0,0.0426,2021,11,9
2021-11-09 06:25:00+00:00,1830.0,1830.0,1830.0,1830.0,0.0274,2021,11,9
2021-11-09 06:30:00+00:00,1830.0,1830.0,1829.0,1830.0,1.7991,2021,11,9
2021-11-09 06:35:00+00:00,1829.0,1829.0,1827.0,1827.0,42.1207,2021,11,9
2021-11-09 06:40:00+00:00,1828.0,1828.0,1828.0,1828.0,0.2289,2021,11,9
2021-11-09 06:45:00+00:00,1828.0,1828.0,1826.0,1826.0,4.338,2021,11,9
2021-11-09 06:50:00+00:00,1826.0,1828.0,1826.0,1827.0,2.9155,2021,11,9
2021-11-09 06:55:00+00:00,1827.0,1829.0,1826.0,1828.0,23.3332,2021,11,9
2021-11-09 07:00:00+00:00,1829.0,1829.0,1828.0,1828.0,10.0167,2021,11,9
2021-11-09 07:05:00+00:00,1827.0,1830.0,1826.0,1828.0,10.5937,2021,11,9
2021-11-09 07:10:00+00:00,1828.0,1828.0,1827.0,1828.0,0.9608,2021,11,9
2021-11-09 07:15:00+00:00,1828.0,1830.0,1828.0,1829.0,78.767,2021,11,9
2021-11-09 07:20:00+00:00,1829.0,1830.0,1827.0,1827.0,51.2284,2021,11,9
2021-11-09 07:25:00+00:00,1827.0,1829.0,1826.0,1827.0,9.7017,2021,11,9
2021-11-09 07:30:00+00:00,1826.0,1827.0,1826.0,1827.0,1.0346,2021,11,9
2021-11-09 07:35:00+00:00,1827.0,1827.0,1824.0,1825.0,13.6354,2021,11,9
2021-11-09 07:40:00+00:00,1825.0,1826.0,1824.0,1825.0,5.4862,2021,11,9
2021-11-09 07:45:00+00:00,1824.0,1825.0,1824.0,1824.0,1.3359,2021,11,9
2021-11-09 07:50:00+00:00,1824.0,1824.0,1823.0,1824.0,7.6512,2021,11,9
2021-11-09 07:55:00+00:00,1825.0,1826.0,1822.0,1824.0,29.0398,2021,11,9
2021-11-09 08:00:00+00:00,1823.0,1826.0,1823.0,1825.0,21.0307,2021,11,9
2021-11-09 08:05:00+00:00,1824.0,1824.0,1824.0,1824.0,3.1539,2021,11,9
2021-11-09 08:10:00+00:00,1824.0,1826.0,1824.0,1825.0,12.7917,2021,11,9
2021-11-09 08:15:00+00:00,1825.0,1826.0,1825.0,1825.0,4.4528,2021,11,9
2021-11-09 08:20:00+00:00,1825.0,1836.0,1825.0,1829.0,238.7251,2021,11,9
2021-11-09 08:25:00+00:00,1828.0,1829.0,1825.0,1826.0,128.6261,2021,11,9
2021-11-09 08:30:00+00:00,1826.0,1833.0,1826.0,1828.0,137.2401,2021,11,9
2021-11-09 08:35:00+00:00,1827.0,1830.0,1826.0,1827.0,30.89,2021,11,9
2021-11-09 08:40:00+00:00,1827.0,1828.0,1824.0,1827.0,43.2271,2021,11,9
2021-11-09 08:45:00+00:00,1828.0,1830.0,1827.0,1828.0,19.9168,2021,11,9
2021-11-09 08:50:00+00:00,1827.0,1830.0,1827.0,1827.0,17.9392,2021,11,9
2021-11-09 08:55:00+00:00,1827.0,1829.0,1826.0,1828.0,37.9031,2021,11,9
2021-11-09 09:00:00+00:00,1827.0,1829.0,1826.0,1829.0,39.8298,2021,11,9
2021-11-09 09:05:00+00:00,1827.0,1829.0,1826.0,1829.0,36.2779,2021,11,9
2021-11-09 09:10:00+00:00,1828.0,1829.0,1824.0,1825.0,24.9065,2021,11,9
2021-11-09 09:15:00+00:00,1825.0,1826.0,1825.0,1825.0,14.4386,2021,11,9
2021-11-09 09:20:00+00:00,1825.0,1826.0,1825.0,1825.0,27.5095,2021,11,9
2021-11-09 09:25:00+00:00,1825.0,1827.0,1825.0,1825.0,12.1517,2021,11,9
2021-11-09 09:30:00+00:00,1825.0,1833.0,1825.0,1828.0,83.7319,2021,11,9
2021-11-09 09:35:00+00:00,1828.0,1829.0,1825.0,1827.0,42.4875,2021,11,9
2021-11-09 09:40:00+00:00,1827.0,1829.0,1827.0,1829.0,12.7238,2021,11,9
2021-11-09 09:45:00+00:00,1828.0,1830.0,1824.0,1826.0,48.8318,2021,11,9
2021-11-09 09:50:00+00:00,1826.0,1828.0,1825.0,1826.0,8.8297,2021,11,9
2021-11-09 09:55:00+00:00,1826.0,1828.0,1825.0,1827.0,12.7616,2021,11,9
2021-11-09 10:00:00+00:00,1827.0,1828.0,1825.0,1827.0,14.1361,2021,11,9
2021-11-09 10:05:00+00:00,1826.0,1831.0,1826.0,1828.0,36.6346,2021,11,9
2021-11-09 10:10:00+00:00,1828.0,1829.0,1827.0,1827.0,2.7815,2021,11,9
2021-11-09 10:15:00+00:00,1828.0,1829.0,1827.0,1827.0,0.6496,2021,11,9
2021-11-09 10:20:00+00:00,1827.0,1828.0,1827.0,1828.0,2.5978,2021,11,9
2021-11-09 10:25:00+00:00,1828.0,1830.0,1827.0,1829.0,3.7834,2021,11,9
2021-11-09 10:30:00+00:00,1829.0,1829.0,1827.0,1829.0,2.7204,2021,11,9
2021-11-09 10:35:00+00:00,1829.0,1830.0,1826.0,1828.0,8.7602,2021,11,9
2021-11-09 10:40:00+00:00,1828.0,1828.0,1826.0,1828.0,3.3176,2021,11,9
2021-11-09 10:45:00+00:00,1828.0,1828.0,1826.0,1826.0,3.3698,2021,11,9
2021-11-09 10:50:00+00:00,1827.0,1829.0,1827.0,1828.0,3.8374,2021,11,9
2021-11-09 10:55:00+00:00,1828.0,1828.0,1827.0,1828.0,5.0257,2021,11,9
2021-11-09 11:00:00+00:00,1828.0,1830.0,1826.0,1828.0,33.5772,2021,11,9
2021-11-09 11:05:00+00:00,1828.0,1830.0,1828.0,1828.0,5.1648,2021,11,9
2021-11-09 11:10:00+00:00,1829.0,1829.0,1828.0,1829.0,6.0003,2021,11,9
2021-11-09 11:15:00+00:00,1829.0,1829.0,1828.0,1829.0,2.8181,2021,11,9
2021-11-09 11:20:00+00:00,1829.0,1829.0,1828.0,1828.0,0.6407,2021,11,9
2021-11-09 11:25:00+00:00,1828.0,1828.0,1825.0,1827.0,23.7641,2021,11,9
2021-11-09 11:30:00+00:00,1827.0,1828.0,1827.0,1828.0,7.1677,2021,11,9
2021-11-09 11:35:00+00:00,1827.0,1829.0,1825.0,1828.0,19.0734,2021,11,9
2021-11-09 11:40:00+00:00,1827.0,1829.0,1827.0,1829.0,2.2865,2021,11,9
2021-11-09 11:45:00+00:00,1829.0,1829.0,1827.0,1827.0,2.6311,2021,11,9
2021-11-09 11:50:00+00:00,1828.0,1828.0,1827.0,1827.0,6.154,2021,11,9
2021-11-09 11:55:00+00:00,1827.0,1828.0,1827.0,1828.0,1.8709,2021,11,9
2021-11-09 12:00:00+00:00,1827.0,1828.0,1826.0,1826.0,4.4621,2021,11,9
2021-11-09 12:05:00+00:00,1826.0,1827.0,1826.0,1827.0,5.1737,2021,11,9
2021-11-09 12:10:00+00:00,1827.0,1827.0,1824.0,1824.0,7.9773,2021,11,9
2021-11-09 12:15:00+00:00,1825.0,1827.0,1824.0,1825.0,3.7804,2021,11,9
2021-11-09 12:20:00+00:00,1825.0,1828.0,1825.0,1827.0,15.287,2021,11,9
2021-11-09 12:25:00+00:00,1826.0,1827.0,1826.0,1827.0,3.0218,2021,11,9
2021-11-09 12:30:00+00:00,1827.0,1827.0,1825.0,1826.0,7.9756,2021,11,9
2021-11-09 12:35:00+00:00,1826.0,1827.0,1825.0,1827.0,6.1425,2021,11,9
2021-11-09 12:40:00+00:00,1827.0,1828.0,1826.0,1828.0,6.0292,2021,11,9
2021-11-09 12:45:00+00:00,1828.0,1828.0,1827.0,1828.0,3.7588,2021,11,9
2021-11-09 12:50:00+00:00,1828.0,1828.0,1826.0,1826.0,6.7664,2021,11,9
2021-11-09 12:55:00+00:00,1826.0,1827.0,1826.0,1826.0,0.8612,2021,11,9
2021-11-09 13:00:00+00:00,1827.0,1827.0,1827.0,1827.0,0.9414,2021,11,9
2021-11-09 13:05:00+00:00,1827.0,1827.0,1827.0,1827.0,1.4247,2021,11,9
2021-11-09 13:10:00+00:00,1827.0,1827.0,1825.0,1827.0,9.6396,2021,11,9
2021-11-09 13:15:00+00:00,1826.0,1827.0,1826.0,1826.0,2.9848,2021,11,9
2021-11-09 13:20:00+00:00,1827.0,1827.0,1826.0,1827.0,5.4468,2021,11,9
2021-11-09 13:25:00+00:00,1827.0,1828.0,1827.0,1827.0,2.6019,2021,11,9
2021-11-09 13:30:00+00:00,1827.0,1830.0,1827.0,1830.0,9.9004,2021,11,9
2021-11-09 13:35:00+00:00,1830.0,1830.0,1828.0,1829.0,47.6694,2021,11,9
2021-11-09 13:40:00+00:00,1829.0,1829.0,1828.0,1829.0,8.646,2021,11,9
2021-11-09 13:45:00+00:00,1830.0,1830.0,1829.0,1829.0,1.9495,2021,11,9
2021-11-09 13:50:00+00:00,1830.0,1830.0,1830.0,1830.0,12.6991,2021,11,9
2021-11-09 13:55:00+00:00,1830.0,1834.0,1830.0,1832.0,12.18,2021,11,9
2021-11-09 14:00:00+00:00,1833.0,1833.0,1832.0,1833.0,3.1478,2021,11,9
2021-11-09 14:05:00+00:00,1832.0,1834.0,1832.0,1834.0,5.402,2021,11,9
2021-11-09 14:10:00+00:00,1833.0,1833.0,1830.0,1832.0,30.5358,2021,11,9
2021-11-09 14:15:00+00:00,1831.0,1831.0,1830.0,1831.0,2.2993,2021,11,9
2021-11-09 14:20:00+00:00,1831.0,1832.0,1830.0,1830.0,2.2531,2021,11,9
2021-11-09 14:25:00+00:00,1832.0,1832.0,1830.0,1830.0,3.0751,2021,11,9
2021-11-09 14:30:00+00:00,1830.0,1831.0,1830.0,1831.0,3.3732,2021,11,9
2021-11-09 14:35:00+00:00,1831.0,1831.0,1831.0,1831.0,0.91,2021,11,9
2021-11-09 14:40:00+00:00,1831.0,1833.0,1831.0,1832.0,4.6515,2021,11,9
2021-11-09 14:45:00+00:00,1832.0,1832.0,1831.0,1831.0,1.6082,2021,11,9
2021-11-09 14:50:00+00:00,1831.0,1832.0,1830.0,1830.0,5.5156,2021,11,9
2021-11-09 14:55:00+00:00,1831.0,1831.0,1828.0,1828.0,41.2359,2021,11,9
2021-11-09 15:00:00+00:00,1828.0,1829.0,1827.0,1828.0,3.2826,2021,11,9
2021-11-09 15:05:00+00:00,1829.0,1829.0,1824.0,1826.0,25.5699,2021,11,9
2021-11-09 15:10:00+00:00,1825.0,1826.0,1824.0,1826.0,2.5723,2021,11,9
2021-11-09 15:15:00+00:00,1826.0,1827.0,1826.0,1826.0,11.083,2021,11,9
2021-11-09 15:20:00+00:00,1827.0,1827.0,1826.0,1827.0,7.7172,2021,11,9
2021-11-09 15:25:00+00:00,1826.0,1827.0,1826.0,1827.0,1.0839,2021,11,9
2021-11-09 15:30:00+00:00,1826.0,1827.0,1826.0,1827.0,1.304,2021,11,9
2021-11-09 15:35:00+00:00,1826.0,1827.0,1826.0,1826.0,1.083,2021,11,9
2021-11-09 15:40:00+00:00,1827.0,1827.0,1826.0,1826.0,1.3944,2021,11,9
2021-11-09 15:45:00+00:00,1826.0,1827.0,1826.0,1827.0,2.7367,2021,11,9
2021-11-09 15:50:00+00:00,1827.0,1827.0,1826.0,1827.0,0.7993,2021,11,9
2021-11-09 15:55:00+00:00,1827.0,1828.0,1826.0,1828.0,4.7574,2021,11,9
2021-11-09 16:00:00+00:00,1827.0,1827.0,1826.0,1827.0,7.3764,2021,11,9
2021-11-09 16:05:00+00:00,1828.0,1828.0,1825.0,1827.0,36.8048,2021,11,9
2021-11-09 16:10:00+00:00,1827.0,1827.0,1825.0,1825.0,20.0375,2021,11,9
2021-11-09 16:15:00+00:00,1825.0,1828.0,1824.0,1828.0,19.6531,2021,11,9
2021-11-09 16:20:00+00:00,1829.0,1830.0,1829.0,1829.0,8.8436,2021,11,9
2021-11-09 16:25:00+00:00,1829.0,1830.0,1829.0,1830.0,3.9152,2021,11,9
2021-11-09 16:30:00+00:00,1830.0,1830.0,1829.0,1830.0,0.7191,2021,11,9
2021-11-09 16:35:00+00:00,1830.0,1830.0,1824.0,1827.0,16.6533,2021,11,9
2021-11-09 16:40:00+00:00,1827.0,1829.0,1827.0,1829.0,2.114,2021,11,9
2021-11-09 16:45:00+00:00,1828.0,1829.0,1827.0,1828.0,3.4659,2021,11,9
2021-11-09 16:50:00+00:00,1828.0,1829.0,1827.0,1829.0,15.4313,2021,11,9
2021-11-09 16:55:00+00:00,1830.0,1830.0,1829.0,1830.0,18.515,2021,11,9
2021-11-09 17:00:00+00:00,1830.0,1830.0,1828.0,1828.0,7.3057,2021,11,9
2021-11-09 17:05:00+00:00,1829.0,1830.0,1828.0,1829.0,3.6283,2021,11,9
2021-11-09 17:10:00+00:00,1830.0,1830.0,1830.0,1830.0,2.3443,2021,11,9
2021-11-09 17:15:00+00:00,1831.0,1831.0,1830.0,1830.0,3.6487,2021,11,9
2021-11-09 17:20:00+00:00,1831.0,1831.0,1830.0,1831.0,0.1753,2021,11,9
2021-11-09 17:25:00+00:00,1830.0,1830.0,1829.0,1830.0,13.6969,2021,11,9
2021-11-09 17:30:00+00:00,1830.0,1830.0,1830.0,1830.0,1.4511,2021,11,9
2021-11-09 17:35:00+00:00,1831.0,1831.0,1828.0,1830.0,2.856,2021,11,9
2021-11-09 17:40:00+00:00,1830.0,1832.0,1830.0,1830.0,12.5758,2021,11,9
2021-11-09 17:45:00+00:00,1830.0,1832.0,1830.0,1831.0,2.4746,2021,11,9
2021-11-09 17:50:00+00:00,1831.0,1834.0,1831.0,1834.0,29.5391,2021,11,9
2021-11-09 17:55:00+00:00,1834.0,1836.0,1834.0,1834.0,10.3989,2021,11,9
2021-11-09 18:00:00+00:00,1835.0,1835.0,1833.0,1834.0,1.1619,2021,11,9
2021-11-09 18:05:00+00:00,1834.0,1835.0,1834.0,1834.0,15.7387,2021,11,9
2021-11-09 18:10:00+00:00,1834.0,1835.0,1831.0,1831.0,7.354,2021,11,9
2021-11-09 18:15:00+00:00,1831.0,1831.0,1830.0,1831.0,0.2212,2021,11,9
2021-11-09 18:20:00+00:00,1830.0,1831.0,1830.0,1830.0,1.1661,2021,11,9
2021-11-09 18:25:00+00:00,1831.0,1832.0,1831.0,1831.0,1.2155,2021,11,9
2021-11-09 18:30:00+00:00,1832.0,1832.0,1831.0,1832.0,1.7287,2021,11,9
2021-11-09 18:35:00+00:00,1832.0,1832.0,1832.0,1832.0,1.0061,2021,11,9
2021-11-09 18:40:00+00:00,1831.0,1832.0,1831.0,1831.0,1.2841,2021,11,9
2021-11-09 18:45:00+00:00,1832.0,1832.0,1831.0,1831.0,0.672,2021,11,9
2021-11-09 18:50:00+00:00,1832.0,1834.0,1832.0,1833.0,15.449,2021,11,9
2021-11-09 18:55:00+00:00,1833.0,1834.0,1833.0,1833.0,26.3158,2021,11,9
2021-11-09 19:00:00+00:00,1833.0,1834.0,1833.0,1833.0,4.4365,2021,11,9
2021-11-09 19:05:00+00:00,1833.0,1834.0,1833.0,1833.0,0.5005,2021,11,9
2021-11-09 19:10:00+00:00,1834.0,1834.0,1833.0,1833.0,0.7015,2021,11,9
2021-11-09 19:15:00+00:00,1834.0,1835.0,1833.0,1835.0,9.0728,2021,11,9
2021-11-09 19:20:00+00:00,1833.0,1835.0,1833.0,1833.0,10.8866,2021,11,9
2021-11-09 19:25:00+00:00,1833.0,1833.0,1832.0,1833.0,1.5433,2021,11,9
2021-11-09 19:30:00+00:00,1832.0,1832.0,1832.0,1832.0,0.1639,2021,11,9
2021-11-09 19:35:00+00:00,1833.0,1833.0,1832.0,1833.0,1.0387,2021,11,9
2021-11-09 19:40:00+00:00,1832.0,1834.0,1832.0,1834.0,1.9032,2021,11,9
2021-11-09 19:45:00+00:00,1834.0,1836.0,1832.0,1833.0,21.9301,2021,11,9
2021-11-09 19:50:00+00:00,1833.0,1834.0,1833.0,1834.0,2.2872,2021,11,9
2021-11-09 19:55:00+00:00,1834.0,1834.0,1833.0,1833.0,1.823,2021,11,9
2021-11-09 20:00:00+00:00,1833.0,1835.0,1833.0,1835.0,2.2421,2021,11,9
2021-11-09 20:05:00+00:00,1835.0,1835.0,1833.0,1834.0,1.13,2021,11,9
2021-11-09 20:10:00+00:00,1833.0,1836.0,1831.0,1836.0,10.3464,2021,11,9
2021-11-09 20:15:00+00:00,1836.0,1839.0,1834.0,1836.0,33.949,2021,11,9
2021-11-09 20:20:00+00:00,1836.0,1837.0,1835.0,1836.0,3.8,2021,11,9
2021-11-09 20:25:00+00:00,1835.0,1835.0,1835.0,1835.0,23.7328,2021,11,9
2021-11-09 20:30:00+00:00,1834.0,1836.0,1833.0,1834.0,7.6978,2021,11,9
2021-11-09 20:35:00+00:00,1833.0,1835.0,1833.0,1834.0,11.876,2021,11,9
2021-11-09 20:40:00+00:00,1833.0,1837.0,1832.0,1835.0,74.5991,2021,11,9
2021-11-09 20:45:00+00:00,1835.0,1835.0,1833.0,1834.0,16.742,2021,11,9
2021-11-09 20:50:00+00:00,1834.0,1836.0,1834.0,1834.0,14.4864,2021,11,9
2021-11-09 20:55:00+00:00,1835.0,1836.0,1835.0,1836.0,1.2519,2021,11,9
2021-11-09 21:00:00+00:00,1835.0,1836.0,1835.0,1835.0,0.2833,2021,11,9
2021-11-09 21:05:00+00:00,1835.0,1837.0,1835.0,1837.0,6.288,2021,11,9
2021-11-09 21:10:00+00:00,1837.0,1837.0,1836.0,1836.0,0.9601,2021,11,9
2021-11-09 21:15:00+00:00,1835.0,1836.0,1835.0,1836.0,0.7662,2021,11,9
2021-11-09 21:20:00+00:00,1835.0,1836.0,1835.0,1835.0,0.2465,2021,11,9
2021-11-09 21:25:00+00:00,1835.0,1836.0,1834.0,1835.0,3.8909,2021,11,9
2021-11-09 21:30:00+00:00,1836.0,1836.0,1835.0,1835.0,1.044,2021,11,9
2021-11-09 21:35:00+00:00,1835.0,1835.0,1834.0,1834.0,1.0606,2021,11,9
2021-11-09 21:40:00+00:00,1834.0,1839.0,1834.0,1835.0,21.9664,2021,11,9
2021-11-09 21:45:00+00:00,1835.0,1836.0,1835.0,1836.0,1.5787,2021,11,9
2021-11-09 21:50:00+00:00,1836.0,1836.0,1835.0,1835.0,0.552,2021,11,9
2021-11-09 21:55:00+00:00,1835.0,1838.0,1835.0,1836.0,84.5338,2021,11,9
2021-11-09 22:00:00+00:00,1835.0,1836.0,1834.0,1836.0,9.568,2021,11,9
2021-11-09 22:05:00+00:00,1835.0,1839.0,1835.0,1836.0,14.1292,2021,11,9
2021-11-09 22:10:00+00:00,1835.0,1835.0,1834.0,1834.0,3.0051,2021,11,9
2021-11-09 22:15:00+00:00,1835.0,1835.0,1834.0,1834.0,0.1209,2021,11,9
2021-11-09 22:20:00+00:00,1835.0,1835.0,1834.0,1835.0,0.3972,2021,11,9
2021-11-09 22:25:00+00:00,1835.0,1835.0,1834.0,1835.0,8.2205,2021,11,9
2021-11-09 22:30:00+00:00,1835.0,1835.0,1835.0,1835.0,0.456,2021,11,9
2021-11-09 22:35:00+00:00,1835.0,1835.0,1834.0,1834.0,0.0285,2021,11,9
2021-11-09 22:40:00+00:00,1835.0,1835.0,1835.0,1835.0,0.0151,2021,11,9
2021-11-09 22:45:00+00:00,1834.0,1835.0,1833.0,1835.0,5.8659,2021,11,9
2021-11-09 22:50:00+00:00,1834.0,1836.0,1834.0,1835.0,2.8153,2021,11,9
2021-11-09 22:55:00+00:00,1836.0,1836.0,1832.0,1833.0,15.8309,2021,11,9
2021-11-09 23:00:00+00:00,1834.0,1834.0,1834.0,1834.0,0.2743,2021,11,9
2021-11-09 23:05:00+00:00,1833.0,1833.0,1833.0,1833.0,0.4133,2021,11,9
2021-11-09 23:10:00+00:00,1834.0,1834.0,1834.0,1834.0,0.2255,2021,11,9
2021-11-09 23:15:00+00:00,1833.0,1834.0,1833.0,1834.0,0.0896,2021,11,9
2021-11-09 23:20:00+00:00,1834.0,1834.0,1834.0,1834.0,0.4311,2021,11,9
2021-11-09 23:25:00+00:00,1834.0,1834.0,1833.0,1834.0,0.6314,2021,11,9
2021-11-09 23:30:00+00:00,1834.0,1834.0,1834.0,1834.0,2.4207,2021,11,9
2021-11-09 23:35:00+00:00,1833.0,1833.0,1831.0,1833.0,8.6579,2021,11,9
2021-11-09 23:40:00+00:00,1832.0,1833.0,1831.0,1833.0,14.1565,2021,11,9
2021-11-09 23:45:00+00:00,1833.0,1833.0,1830.0,1830.0,101.1455,2021,11,9
2021-11-09 23:50:00+00:00,1831.0,1835.0,1831.0,1832.0,26.5006,2021,11,9
2021-11-09 23:55:00+00:00,1832.0,1832.0,1832.0,1832.0,0.0809,2021,11,9
2021-11-10 00:00:00+00:00,1832.0,1832.0,1832.0,1832.0,1.0605,2021,11,10
2021-11-10 00:05:00+00:00,1832.0,1834.0,1832.0,1834.0,1.8991,2021,11,10
2021-11-10 00:10:00+00:00,1833.0,1836.0,1833.0,1834.0,5.9875,2021,11,10
2021-11-10 00:15:00+00:00,1835.0,1835.0,1833.0,1835.0,4.474,2021,11,10
2021-11-10 00:20:00+00:00,1835.0,1835.0,1834.0,1834.0,0.928,2021,11,10
2021-11-10 00:25:00+00:00,1834.0,1835.0,1834.0,1835.0,0.3408,2021,11,10
2021-11-10 00:30:00+00:00,1834.0,1834.0,1833.0,1833.0,4.4044,2021,11,10
2021-11-10 00:35:00+00:00,1833.0,1834.0,1832.0,1832.0,2.1439,2021,11,10
2021-11-10 00:40:00+00:00,1833.0,1833.0,1832.0,1832.0,1.3417,2021,11,10
2021-11-10 00:45:00+00:00,1832.0,1833.0,1832.0,1832.0,2.9752,2021,11,10
2021-11-10 00:50:00+00:00,1833.0,1835.0,1832.0,1833.0,15.5444,2021,11,10
2021-11-10 00:55:00+00:00,1832.0,1832.0,1832.0,1832.0,0.0278,2021,11,10
2021-11-10 01:00:00+00:00,1832.0,1834.0,1832.0,1834.0,2.1607,2021,11,10
2021-11-10 01:05:00+00:00,1834.0,1835.0,1833.0,1833.0,17.2371,2021,11,10
2021-11-10 01:10:00+00:00,1834.0,1835.0,1832.0,1833.0,11.9829,2021,11,10
2021-11-10 01:15:00+00:00,1833.0,1833.0,1832.0,1832.0,0.4037,2021,11,10
2021-11-10 01:20:00+00:00,1832.0,1832.0,1832.0,1832.0,0.0109,2021,11,10
2021-11-10 01:25:00+00:00,1833.0,1833.0,1833.0,1833.0,0.1962,2021,11,10
2021-11-10 01:30:00+00:00,1833.0,1833.0,1831.0,1832.0,5.4289,2021,11,10
2021-11-10 01:35:00+00:00,1833.0,1834.0,1832.0,1833.0,3.4349,2021,11,10
2021-11-10 01:40:00+00:00,1833.0,1833.0,1832.0,1832.0,0.043,2021,11,10
2021-11-10 01:45:00+00:00,1833.0,1835.0,1833.0,1833.0,3.5688,2021,11,10
2021-11-10 01:50:00+00:00,1833.0,1833.0,1833.0,1833.0,0.0557,2021,11,10
2021-11-10 01:55:00+00:00,1832.0,1832.0,1831.0,1831.0,16.3608,2021,11,10
2021-11-10 02:00:00+00:00,1831.0,1832.0,1831.0,1832.0,2.8357,2021,11,10
2021-11-10 02:05:00+00:00,1831.0,1832.0,1831.0,1832.0,0.0514,2021,11,10
2021-11-10 02:10:00+00:00,1832.0,1832.0,1832.0,1832.0,0.0,2021,11,10
2021-11-10 02:15:00+00:00,1832.0,1832.0,1831.0,1831.0,2.5857,2021,11,10
2021-11-10 02:20:00+00:00,1831.0,1831.0,1831.0,1831.0,0.1435,2021,11,10
2021-11-10 02:25:00+00:00,1831.0,1831.0,1831.0,1831.0,0.5372,2021,11,10
2021-11-10 02:30:00+00:00,1831.0,1833.0,1831.0,1833.0,7.8706,2021,11,10
2021-11-10 02:35:00+00:00,1832.0,1832.0,1832.0,1832.0,0.0133,2021,11,10
2021-11-10 02:40:00+00:00,1833.0,1833.0,1832.0,1832.0,1.6564,2021,11,10
2021-11-10 02:45:00+00:00,1832.0,1833.0,1831.0,1831.0,10.9765,2021,11,10
2021-11-10 02:50:00+00:00,1832.0,1832.0,1831.0,1831.0,10.3925,2021,11,10
2021-11-10 02:55:00+00:00,1831.0,1833.0,1830.0,1830.0,24.0884,2021,11,10
2021-11-10 03:00:00+00:00,1831.0,1835.0,1831.0,1831.0,16.2208,2021,11,10
2021-11-10 03:05:00+00:00,1832.0,1833.0,1832.0,1833.0,0.2051,2021,11,10
2021-11-10 03:10:00+00:00,1832.0,1832.0,1831.0,1831.0,1.5379,2021,11,10
2021-11-10 03:15:00+00:00,1831.0,1831.0,1831.0,1831.0,0.0535,2021,11,10
2021-11-10 03:20:00+00:00,1831.0,1832.0,1831.0,1832.0,0.1441,2021,11,10
2021-11-10 03:25:00+00:00,1831.0,1833.0,1831.0,1832.0,8.057,2021,11,10
2021-11-10 03:30:00+00:00,1831.0,1832.0,1831.0,1831.0,2.5613,2021,11,10
2021-11-10 03:35:00+00:00,1832.0,1832.0,1830.0,1830.0,2.897,2021,11,10
2021-11-10 03:40:00+00:00,1830.0,1830.0,1830.0,1830.0,54.0722,2021,11,10
2021-11-10 03:45:00+00:00,1830.0,1831.0,1830.0,1831.0,90.5625,2021,11,10
2021-11-10 03:50:00+00:00,1830.0,1831.0,1830.0,1830.0,0.6782,2021,11,10
2021-11-10 03:55:00+00:00,1830.0,1831.0,1830.0,1831.0,0.242,2021,11,10
2021-11-10 04:00:00+00:00,1831.0,1831.0,1830.0,1831.0,0.2379,2021,11,10
2021-11-10 04:05:00+00:00,1830.0,1834.0,1830.0,1830.0,4.1077,2021,11,10
2021-11-10 04:10:00+00:00,1830.0,1831.0,1830.0,1831.0,0.4281,2021,11,10
2021-11-10 04:15:00+00:00,1831.0,1831.0,1829.0,1831.0,31.0816,2021,11,10
2021-11-10 04:20:00+00:00,1831.0,1832.0,1830.0,1830.0,24.9637,2021,11,10
2021-11-10 04:25:00+00:00,1830.0,1831.0,1829.0,1830.0,7.7411,2021,11,10
2021-11-10 04:30:00+00:00,1830.0,1830.0,1829.0,1830.0,4.4408,2021,11,10
2021-11-10 04:35:00+00:00,1830.0,1831.0,1829.0,1829.0,16.0418,2021,11,10
2021-11-10 04:40:00+00:00,1829.0,1831.0,1829.0,1830.0,13.9751,2021,11,10
2021-11-10 04:45:00+00:00,1829.0,1831.0,1829.0,1830.0,10.708,2021,11,10
2021-11-10 04:50:00+00:00,1830.0,1831.0,1829.0,1830.0,10.8054,2021,11,10
2021-11-10 04:55:00+00:00,1830.0,1831.0,1829.0,1831.0,6.5567,2021,11,10
2021-11-10 05:00:00+00:00,1831.0,1832.0,1831.0,1832.0,6.1972,2021,11,10
2021-11-10 05:05:00+00:00,1832.0,1832.0,1830.0,1831.0,5.8069,2021,11,10
2021-11-10 05:10:00+00:00,1831.0,1832.0,1831.0,1832.0,7.5386,2021,11,10
2021-11-10 05:15:00+00:00,1832.0,1832.0,1831.0,1832.0,6.9317,2021,11,10
2021-11-10 05:20:00+00:00,1832.0,1832.0,1830.0,1831.0,10.8953,2021,11,10
2021-11-10 05:25:00+00:00,1831.0,1831.0,1827.0,1830.0,40.5339,2021,11,10
2021-11-10 05:30:00+00:00,1830.0,1831.0,1830.0,1830.0,9.8124,2021,11,10
2021-11-10 05:35:00+00:00,1831.0,1831.0,1830.0,1830.0,15.9232,2021,11,10
2021-11-10 05:40:00+00:00,1830.0,1832.0,1827.0,1829.0,24.202,2021,11,10
2021-11-10 05:45:00+00:00,1829.0,1830.0,1829.0,1829.0,14.2632,2021,11,10
2021-11-10 05:50:00+00:00,1829.0,1830.0,1828.0,1830.0,6.8628,2021,11,10
2021-11-10 05:55:00+00:00,1830.0,1830.0,1829.0,1830.0,5.019,2021,11,10
2021-11-10 06:00:00+00:00,1830.0,1830.0,1828.0,1829.0,5.5945,2021,11,10
2021-11-10 06:05:00+00:00,1829.0,1831.0,1829.0,1830.0,9.4661,2021,11,10
2021-11-10 06:10:00+00:00,1829.0,1831.0,1829.0,1830.0,1.9254,2021,11,10
2021-11-10 06:15:00+00:00,1830.0,1830.0,1828.0,1829.0,2.6463,2021,11,10
2021-11-10 06:20:00+00:00,1828.0,1829.0,1827.0,1828.0,6.4885,2021,11,10
2021-11-10 06:25:00+00:00,1827.0,1829.0,1827.0,1829.0,2.3108,2021,11,10
2021-11-10 06:30:00+00:00,1828.0,1830.0,1828.0,1830.0,2.4266,2021,11,10
2021-11-10 06:35:00+00:00,1830.0,1830.0,1829.0,1830.0,1.5724,2021,11,10
2021-11-10 06:40:00+00:00,1830.0,1830.0,1828.0,1828.0,4.6654,2021,11,10
2021-11-10 06:45:00+00:00,1828.0,1830.0,1828.0,1829.0,1.6462,2021,11,10
2021-11-10 06:50:00+00:00,1829.0,1830.0,1829.0,1830.0,9.9123,2021,11,10
2021-11-10 06:55:00+00:00,1830.0,1830.0,1829.0,1830.0,13.291,2021,11,10
2021-11-10 07:00:00+00:00,1830.0,1831.0,1829.0,1829.0,30.7758,2021,11,10
2021-11-10 07:05:00+00:00,1829.0,1831.0,1829.0,1831.0,5.4833,2021,11,10
2021-11-10 07:10:00+00:00,1828.0,1830.0,1828.0,1829.0,9.8962,2021,11,10
2021-11-10 07:15:00+00:00,1830.0,1831.0,1827.0,1828.0,19.0813,2021,11,10
2021-11-10 07:20:00+00:00,1828.0,1829.0,1828.0,1829.0,2.582,2021,11,10
2021-11-10 07:25:00+00:00,1829.0,1829.0,1829.0,1829.0,1.8214,2021,11,10
2021-11-10 07:30:00+00:00,1829.0,1829.0,1827.0,1828.0,6.395,2021,11,10
2021-11-10 07:35:00+00:00,1827.0,1828.0,1827.0,1827.0,7.4974,2021,11,10
2021-11-10 07:40:00+00:00,1827.0,1828.0,1826.0,1827.0,8.2087,2021,11,10
2021-11-10 07:45:00+00:00,1827.0,1827.0,1826.0,1827.0,1.0919,2021,11,10
2021-11-10 07:50:00+00:00,1827.0,1828.0,1827.0,1827.0,5.6811,2021,11,10
2021-11-10 07:55:00+00:00,1827.0,1833.0,1827.0,1827.0,39.2246,2021,11,10
2021-11-10 08:00:00+00:00,1827.0,1829.0,1826.0,1828.0,10.311,2021,11,10
2021-11-10 08:05:00+00:00,1828.0,1829.0,1828.0,1829.0,18.9883,2021,11,10
2021-11-10 08:10:00+00:00,1830.0,1832.0,1828.0,1829.0,87.9401,2021,11,10
2021-11-10 08:15:00+00:00,1829.0,1829.0,1829.0,1829.0,0.1261,2021,11,10
2021-11-10 08:20:00+00:00,1828.0,1830.0,1827.0,1830.0,11.9475,2021,11,10
2021-11-10 08:25:00+00:00,1830.0,1830.0,1822.0,1827.0,44.3633,2021,11,10
2021-11-10 08:30:00+00:00,1827.0,1828.0,1825.0,1828.0,9.4705,2021,11,10
2021-11-10 08:35:00+00:00,1827.0,1828.0,1827.0,1828.0,0.9493,2021,11,10
2021-11-10 08:40:00+00:00,1828.0,1828.0,1827.0,1827.0,2.054,2021,11,10
2021-11-10 08:45:00+00:00,1828.0,1828.0,1827.0,1828.0,0.4705,2021,11,10
2021-11-10 08:50:00+00:00,1827.0,1829.0,1827.0,1828.0,4.2285,2021,11,10
2021-11-10 08:55:00+00:00,1828.0,1829.0,1828.0,1829.0,0.8876,2021,11,10
2021-11-10 09:00:00+00:00,1829.0,1831.0,1828.0,1830.0,18.0105,2021,11,10
2021-11-10 09:05:00+00:00,1829.0,1830.0,1828.0,1828.0,7.2251,2021,11,10
2021-11-10 09:10:00+00:00,1828.0,1829.0,1827.0,1829.0,6.9576,2021,11,10
2021-11-10 09:15:00+00:00,1830.0,1830.0,1829.0,1829.0,0.091,2021,11,10
2021-11-10 09:20:00+00:00,1830.0,1830.0,1828.0,1829.0,1.9565,2021,11,10
2021-11-10 09:25:00+00:00,1828.0,1828.0,1825.0,1825.0,4.5654,2021,11,10
2021-11-10 09:30:00+00:00,1828.0,1831.0,1827.0,1829.0,23.256,2021,11,10
2021-11-10 09:35:00+00:00,1830.0,1830.0,1828.0,1828.0,0.4801,2021,11,10
2021-11-10 09:40:00+00:00,1828.0,1828.0,1828.0,1828.0,0.8645,2021,11,10
2021-11-10 09:45:00+00:00,1829.0,1831.0,1828.0,1828.0,4.8504,2021,11,10
2021-11-10 09:50:00+00:00,1828.0,1829.0,1827.0,1828.0,2.6791,2021,11,10
2021-11-10 09:55:00+00:00,1828.0,1829.0,1828.0,1828.0,0.2916,2021,11,10
2021-11-10 10:00:00+00:00,1828.0,1830.0,1828.0,1829.0,6.8741,2021,11,10
2021-11-10 10:05:00+00:00,1830.0,1830.0,1828.0,1828.0,3.4422,2021,11,10
2021-11-10 10:10:00+00:00,1830.0,1830.0,1829.0,1829.0,7.3686,2021,11,10
2021-11-10 10:15:00+00:00,1828.0,1830.0,1828.0,1830.0,17.8894,2021,11,10
2021-11-10 10:20:00+00:00,1829.0,1829.0,1828.0,1829.0,2.5495,2021,11,10
2021-11-10 10:25:00+00:00,1828.0,1828.0,1828.0,1828.0,18.8619,2021,11,10
2021-11-10 10:30:00+00:00,1828.0,1829.0,1828.0,1828.0,0.26,2021,11,10
2021-11-10 10:35:00+00:00,1829.0,1830.0,1828.0,1830.0,6.3325,2021,11,10
2021-11-10 10:40:00+00:00,1830.0,1830.0,1830.0,1830.0,0.006,2021,11,10
2021-11-10 10:45:00+00:00,1829.0,1830.0,1828.0,1828.0,1.354,2021,11,10
2021-11-10 10:50:00+00:00,1828.0,1830.0,1828.0,1828.0,17.9396,2021,11,10
2021-11-10 10:55:00+00:00,1828.0,1828.0,1828.0,1828.0,0.0788,2021,11,10
2021-11-10 11:00:00+00:00,1828.0,1829.0,1828.0,1828.0,0.3364,2021,11,10
2021-11-10 11:05:00+00:00,1828.0,1829.0,1827.0,1828.0,48.4756,2021,11,10
2021-11-10 11:10:00+00:00,1827.0,1830.0,1826.0,1827.0,21.1536,2021,11,10
2021-11-10 11:15:00+00:00,1827.0,1827.0,1826.0,1827.0,0.8779,2021,11,10
2021-11-10 11:20:00+00:00,1826.0,1827.0,1826.0,1827.0,0.3377,2021,11,10
2021-11-10 11:25:00+00:00,1826.0,1827.0,1826.0,1827.0,15.1728,2021,11,10
2021-11-10 11:30:00+00:00,1827.0,1827.0,1826.0,1827.0,1.1049,2021,11,10
2021-11-10 11:35:00+00:00,1826.0,1827.0,1826.0,1827.0,0.701,2021,11,10
2021-11-10 11:40:00+00:00,1826.0,1827.0,1826.0,1826.0,1.2084,2021,11,10
2021-11-10 11:45:00+00:00,1827.0,1827.0,1825.0,1827.0,3.3084,2021,11,10
2021-11-10 11:50:00+00:00,1826.0,1827.0,1825.0,1825.0,0.6273,2021,11,10
2021-11-10 11:55:00+00:00,1826.0,1826.0,1826.0,1826.0,0.55,2021,11,10
2021-11-10 12:00:00+00:00,1825.0,1826.0,1825.0,1825.0,0.7871,2021,11,10
2021-11-10 12:05:00+00:00,1826.0,1826.0,1825.0,1826.0,0.89,2021,11,10
2021-11-10 12:10:00+00:00,1826.0,1827.0,1825.0,1826.0,1.8594,2021,11,10
2021-11-10 12:15:00+00:00,1826.0,1826.0,1825.0,1825.0,1.0701,2021,11,10
2021-11-10 12:20:00+00:00,1826.0,1826.0,1826.0,1826.0,1.5463,2021,11,10
2021-11-10 12:25:00+00:00,1826.0,1827.0,1826.0,1826.0,3.2451,2021,11,10
2021-11-10 12:30:00+00:00,1826.0,1829.0,1824.0,1829.0,19.2433,2021,11,10
2021-11-10 12:35:00+00:00,1829.0,1829.0,1827.0,1827.0,2.2783,2021,11,10
2021-11-10 12:40:00+00:00,1827.0,1829.0,1827.0,1828.0,2.8727,2021,11,10
2021-11-10 12:45:00+00:00,1829.0,1829.0,1828.0,1829.0,0.7357,2021,11,10
2021-11-10 12:50:00+00:00,1828.0,1831.0,1828.0,1830.0,20.0955,2021,11,10
2021-11-10 12:55:00+00:00,1830.0,1830.0,1829.0,1830.0,5.095,2021,11,10
2021-11-10 13:00:00+00:00,1830.0,1830.0,1829.0,1829.0,1.8761,2021,11,10
2021-11-10 13:05:00+00:00,1830.0,1830.0,1830.0,1830.0,0.2728,2021,11,10
2021-11-10 13:10:00+00:00,1830.0,1830.0,1829.0,1829.0,4.7974,2021,11,10
2021-11-10 13:15:00+00:00,1830.0,1830.0,1830.0,1830.0,0.5573,2021,11,10
2021-11-10 13:20:00+00:00,1830.0,1830.0,1829.0,1829.0,0.1705,2021,11,10
2021-11-10 13:25:00+00:00,1829.0,1829.0,1829.0,1829.0,1.089,2021,11,10
2021-11-10 13:30:00+00:00,1829.0,1839.0,1826.0,1837.0,78.7561,2021,11,10
2021-11-10 13:35:00+00:00,1837.0,1845.0,1835.0,1844.0,88.7489,2021,11,10
2021-11-10 13:40:00+00:00,1844.0,1848.0,1844.0,1848.0,9.627,2021,11,10
2021-11-10 13:45:00+00:00,1848.0,1850.0,1848.0,1849.0,23.362801,2021,11,10
2021-11-10 13:50:00+00:00,1849.0,1850.0,1849.0,1850.0,18.4079,2021,11,10
2021-11-10 13:55:00+00:00,1849.0,1851.0,1847.0,1850.0,37.2729,2021,11,10
2021-11-10 14:00:00+00:00,1850.0,1858.0,1850.0,1856.0,35.327105,2021,11,10
2021-11-10 14:05:00+00:00,1856.0,1859.0,1853.0,1856.0,23.3045,2021,11,10
2021-11-10 14:10:00+00:00,1856.0,1858.0,1856.0,1857.0,91.7246,2021,11,10
2021-11-10 14:15:00+00:00,1857.0,1858.0,1856.0,1857.0,7.2655,2021,11,10
2021-11-10 14:20:00+00:00,1856.0,1857.0,1855.0,1857.0,4.5103,2021,11,10
2021-11-10 14:25:00+00:00,1856.0,1857.0,1856.0,1857.0,1.7737,2021,11,10
2021-11-10 14:30:00+00:00,1857.0,1860.0,1856.0,1858.0,55.1605,2021,11,10
2021-11-10 14:35:00+00:00,1860.0,1864.0,1859.0,1863.0,62.7652,2021,11,10
2021-11-10 14:40:00+00:00,1863.0,1865.0,1862.0,1863.0,12.832978,2021,11,10
2021-11-10 14:45:00+00:00,1862.0,1864.0,1862.0,1864.0,6.4122,2021,11,10
2021-11-10 14:50:00+00:00,1864.0,1866.0,1864.0,1865.0,8.4661,2021,11,10
2021-11-10 14:55:00+00:00,1865.0,1865.0,1864.0,1864.0,3.0916,2021,11,10
2021-11-10 15:00:00+00:00,1865.0,1865.0,1857.0,1861.0,29.4974,2021,11,10
2021-11-10 15:05:00+00:00,1860.0,1862.0,1860.0,1861.0,4.0881,2021,11,10
2021-11-10 15:10:00+00:00,1860.0,1860.0,1858.0,1859.0,27.3891,2021,11,10
2021-11-10 15:15:00+00:00,1859.0,1860.0,1858.0,1860.0,4.4717,2021,11,10
2021-11-10 15:20:00+00:00,1860.0,1860.0,1859.0,1860.0,3.3186,2021,11,10
2021-11-10 15:25:00+00:00,1860.0,1860.0,1859.0,1859.0,0.6755,2021,11,10
2021-11-10 15:30:00+00:00,1860.0,1860.0,1859.0,1860.0,1.6053,2021,11,10
2021-11-10 15:35:00+00:00,1860.0,1860.0,1858.0,1860.0,5.0335,2021,11,10
2021-11-10 15:40:00+00:00,1859.0,1861.0,1859.0,1860.0,7.7355,2021,11,10
2021-11-10 15:45:00+00:00,1859.0,1860.0,1855.0,1855.0,28.6232,2021,11,10
2021-11-10 15:50:00+00:00,1856.0,1856.0,1855.0,1855.0,1.5814,2021,11,10
2021-11-10 15:55:00+00:00,1855.0,1857.0,1855.0,1856.0,4.298,2021,11,10
2021-11-10 16:00:00+00:00,1856.0,1858.0,1855.0,1858.0,4.6462,2021,11,10
2021-11-10 16:05:00+00:00,1858.0,1858.0,1857.0,1858.0,2.0341,2021,11,10
2021-11-10 16:10:00+00:00,1858.0,1858.0,1857.0,1857.0,4.5268,2021,11,10
2021-11-10 16:15:00+00:00,1858.0,1858.0,1857.0,1858.0,0.9298,2021,11,10
2021-11-10 16:20:00+00:00,1858.0,1859.0,1857.0,1858.0,6.2285,2021,11,10
2021-11-10 16:25:00+00:00,1858.0,1859.0,1858.0,1859.0,2.3749,2021,11,10
2021-11-10 16:30:00+00:00,1859.0,1861.0,1858.0,1861.0,5.2021,2021,11,10
2021-11-10 16:35:00+00:00,1861.0,1861.0,1859.0,1859.0,2.2664,2021,11,10
2021-11-10 16:40:00+00:00,1860.0,1860.0,1859.0,1859.0,1.5391,2021,11,10
2021-11-10 16:45:00+00:00,1860.0,1861.0,1859.0,1861.0,9.1793,2021,11,10
2021-11-10 16:50:00+00:00,1861.0,1861.0,1859.0,1859.0,1.6784,2021,11,10
2021-11-10 16:55:00+00:00,1859.0,1860.0,1857.0,1857.0,4.7941,2021,11,10
2021-11-10 17:00:00+00:00,1857.0,1858.0,1857.0,1857.0,3.2696,2021,11,10
2021-11-10 17:05:00+00:00,1858.0,1858.0,1854.0,1855.0,12.6034,2021,11,10
2021-11-10 17:10:00+00:00,1855.0,1855.0,1855.0,1855.0,4.58,2021,11,10
2021-11-10 17:15:00+00:00,1854.0,1855.0,1853.0,1855.0,2.2655,2021,11,10
2021-11-10 17:20:00+00:00,1854.0,1857.0,1854.0,1857.0,4.5697,2021,11,10
2021-11-10 17:25:00+00:00,1856.0,1857.0,1854.0,1855.0,7.8263,2021,11,10
2021-11-10 17:30:00+00:00,1854.0,1855.0,1854.0,1854.0,6.4142,2021,11,10
2021-11-10 17:35:00+00:00,1855.0,1857.0,1855.0,1856.0,7.9737,2021,11,10
2021-11-10 17:40:00+00:00,1857.0,1857.0,1854.0,1855.0,3.9314,2021,11,10
2021-11-10 17:45:00+00:00,1854.0,1856.0,1854.0,1854.0,12.96,2021,11,10
2021-11-10 17:50:00+00:00,1854.0,1854.0,1852.0,1852.0,11.7492,2021,11,10
2021-11-10 17:55:00+00:00,1852.0,1853.0,1850.0,1853.0,6.2906,2021,11,10
2021-11-10 18:00:00+00:00,1852.0,1852.0,1849.0,1850.0,8.807,2021,11,10
2021-11-10 18:05:00+00:00,1849.0,1850.0,1848.0,1848.0,2.2659,2021,11,10
2021-11-10 18:10:00+00:00,1848.0,1849.0,1844.0,1849.0,15.7067,2021,11,10
2021-11-10 18:15:00+00:00,1848.0,1849.0,1848.0,1849.0,1.3844,2021,11,10
2021-11-10 18:20:00+00:00,1849.0,1850.0,1848.0,1848.0,8.4924,2021,11,10
2021-11-10 18:25:00+00:00,1849.0,1850.0,1849.0,1849.0,29.7314,2021,11,10
2021-11-10 18:30:00+00:00,1849.0,1850.0,1849.0,1849.0,2.7751,2021,11,10
2021-11-10 18:35:00+00:00,1849.0,1849.0,1846.0,1846.0,15.9365,2021,11,10
2021-11-10 18:40:00+00:00,1846.0,1848.0,1843.0,1845.0,6.4872,2021,11,10
2021-11-10 18:45:00+00:00,1844.0,1846.0,1844.0,1845.0,4.3999,2021,11,10
2021-11-10 18:50:00+00:00,1846.0,1846.0,1844.0,1845.0,3.1483,2021,11,10
2021-11-10 18:55:00+00:00,1845.0,1846.0,1844.0,1845.0,6.3805,2021,11,10
2021-11-10 19:00:00+00:00,1845.0,1846.0,1845.0,1846.0,5.4606,2021,11,10
2021-11-10 19:05:00+00:00,1846.0,1846.0,1845.0,1845.0,1.3003,2021,11,10
2021-11-10 19:10:00+00:00,1845.0,1846.0,1844.0,1845.0,9.761,2021,11,10
2021-11-10 19:15:00+00:00,1845.0,1845.0,1843.0,1845.0,6.1204,2021,11,10
2021-11-10 19:20:00+00:00,1846.0,1846.0,1845.0,1846.0,3.3884,2021,11,10
2021-11-10 19:25:00+00:00,1846.0,1846.0,1845.0,1846.0,0.7373,2021,11,10
2021-11-10 19:30:00+00:00,1845.0,1847.0,1845.0,1846.0,9.0344,2021,11,10
2021-11-10 19:35:00+00:00,1846.0,1849.0,1846.0,1849.0,4.3786,2021,11,10
2021-11-10 19:40:00+00:00,1848.0,1851.0,1848.0,1850.0,25.686,2021,11,10
2021-11-10 19:45:00+00:00,1851.0,1852.0,1849.0,1850.0,30.1278,2021,11,10
2021-11-10 19:50:00+00:00,1850.0,1853.0,1850.0,1853.0,6.5449,2021,11,10
2021-11-10 19:55:00+00:00,1852.0,1853.0,1850.0,1850.0,11.1617,2021,11,10
2021-11-10 20:00:00+00:00,1850.0,1850.0,1842.0,1848.0,26.6311,2021,11,10
2021-11-10 20:05:00+00:00,1848.0,1854.0,1847.0,1851.0,77.855,2021,11,10
2021-11-10 20:10:00+00:00,1850.0,1853.0,1848.0,1849.0,18.0611,2021,11,10
2021-11-10 20:15:00+00:00,1848.0,1851.0,1847.0,1847.0,27.2227,2021,11,10
2021-11-10 20:20:00+00:00,1847.0,1848.0,1847.0,1848.0,3.1218,2021,11,10
2021-11-10 20:25:00+00:00,1847.0,1849.0,1847.0,1849.0,6.5932,2021,11,10
2021-11-10 20:30:00+00:00,1849.0,1851.0,1849.0,1851.0,21.3848,2021,11,10
2021-11-10 20:35:00+00:00,1851.0,1853.0,1849.0,1849.0,13.7502,2021,11,10
2021-11-10 20:40:00+00:00,1850.0,1854.0,1849.0,1854.0,146.067,2021,11,10
2021-11-10 20:45:00+00:00,1854.0,1854.0,1850.0,1850.0,9.3416,2021,11,10
2021-11-10 20:50:00+00:00,1850.0,1862.0,1850.0,1852.0,62.0966,2021,11,10
2021-11-10 20:55:00+00:00,1853.0,1854.0,1845.0,1852.0,71.0964,2021,11,10
2021-11-10 21:00:00+00:00,1853.0,1856.0,1852.0,1855.0,20.6035,2021,11,10
2021-11-10 21:05:00+00:00,1854.0,1857.0,1854.0,1855.0,14.4535,2021,11,10
2021-11-10 21:10:00+00:00,1855.0,1856.0,1855.0,1855.0,2.6869,2021,11,10
2021-11-10 21:15:00+00:00,1855.0,1858.0,1850.0,1856.0,60.4172,2021,11,10
2021-11-10 21:20:00+00:00,1856.0,1857.0,1851.0,1853.0,36.425,2021,11,10
2021-11-10 21:25:00+00:00,1853.0,1856.0,1851.0,1855.0,48.906,2021,11,10
2021-11-10 21:30:00+00:00,1853.0,1857.0,1849.0,1857.0,23.0359,2021,11,10
2021-11-10 21:35:00+00:00,1857.0,1859.0,1855.0,1858.0,13.341,2021,11,10
2021-11-10 21:40:00+00:00,1858.0,1858.0,1853.0,1853.0,17.0195,2021,11,10
2021-11-10 21:45:00+00:00,1853.0,1858.0,1851.0,1854.0,135.1188,2021,11,10
2021-11-10 21:50:00+00:00,1854.0,1858.0,1853.0,1853.0,181.6132,2021,11,10
2021-11-10 21:55:00+00:00,1856.0,1858.0,1850.0,1852.0,30.9924,2021,11,10
2021-11-10 22:00:00+00:00,1852.0,1855.0,1850.0,1851.0,14.7284,2021,11,10
2021-11-10 22:05:00+00:00,1854.0,1855.0,1851.0,1855.0,6.6478,2021,11,10
2021-11-10 22:10:00+00:00,1855.0,1855.0,1847.0,1851.0,18.2461,2021,11,10
2021-11-10 22:15:00+00:00,1853.0,1865.0,1851.0,1851.0,51.5827,2021,11,10
2021-11-10 22:20:00+00:00,1852.0,1855.0,1851.0,1852.0,6.6072,2021,11,10
2021-11-10 22:25:00+00:00,1854.0,1855.0,1850.0,1853.0,16.8959,2021,11,10
2021-11-10 22:30:00+00:00,1853.0,1854.0,1852.0,1853.0,4.6509,2021,11,10
2021-11-10 22:35:00+00:00,1853.0,1854.0,1852.0,1853.0,4.5217,2021,11,10
2021-11-10 22:40:00+00:00,1854.0,1854.0,1851.0,1853.0,12.6367,2021,11,10
2021-11-10 22:45:00+00:00,1852.0,1854.0,1851.0,1852.0,8.0459,2021,11,10
2021-11-10 22:50:00+00:00,1853.0,1855.0,1852.0,1853.0,10.2799,2021,11,10
2021-11-10 22:55:00+00:00,1853.0,1854.0,1852.0,1852.0,27.6207,2021,11,10
2021-11-10 23:00:00+00:00,1852.0,1853.0,1852.0,1852.0,4.3105,2021,11,10
2021-11-10 23:05:00+00:00,1853.0,1854.0,1852.0,1853.0,4.9932,2021,11,10
2021-11-10 23:10:00+00:00,1853.0,1853.0,1851.0,1852.0,12.2252,2021,11,10
2021-11-10 23:15:00+00:00,1852.0,1853.0,1851.0,1853.0,12.0907,2021,11,10
2021-11-10 23:20:00+00:00,1851.0,1855.0,1851.0,1853.0,14.9991,2021,11,10
2021-11-10 23:25:00+00:00,1854.0,1854.0,1852.0,1853.0,3.0267,2021,11,10
2021-11-10 23:30:00+00:00,1853.0,1853.0,1849.0,1850.0,19.4983,2021,11,10
2021-11-10 23:35:00+00:00,1850.0,1850.0,1850.0,1850.0,4.5125,2021,11,10
2021-11-10 23:40:00+00:00,1850.0,1850.0,1849.0,1850.0,2.6047,2021,11,10
2021-11-10 23:45:00+00:00,1850.0,1850.0,1849.0,1850.0,46.578,2021,11,10
2021-11-10 23:50:00+00:00,1850.0,1851.0,1849.0,1851.0,8.6807,2021,11,10
2021-11-10 23:55:00+00:00,1850.0,1854.0,1849.0,1852.0,24.2602,2021,11,10
