timestamp,open,high,low,close,volume,year,month,day
2025-08-11 00:00:00+00:00,3382.53,3382.54,3378.26,3380.22,44.1294,2025,8,11
2025-08-11 00:05:00+00:00,3380.22,3381.57,3380.04,3380.98,4.119,2025,8,11
2025-08-11 00:10:00+00:00,3380.99,3380.99,3378.26,3380.28,12.2011,2025,8,11
2025-08-11 00:15:00+00:00,3380.27,3380.8,3379.93,3380.8,1.6855,2025,8,11
2025-08-11 00:20:00+00:00,3380.98,3381.95,3380.98,3381.34,1.4933,2025,8,11
2025-08-11 00:25:00+00:00,3381.33,3381.78,3381.01,3381.12,11.3905,2025,8,11
2025-08-11 00:30:00+00:00,3381.11,3381.11,3379.06,3379.73,8.6623,2025,8,11
2025-08-11 00:35:00+00:00,3379.73,3385.04,3378.26,3379.84,78.5502,2025,8,11
2025-08-11 00:40:00+00:00,3379.84,3379.84,3378.11,3378.21,5.5167,2025,8,11
2025-08-11 00:45:00+00:00,3378.22,3378.76,3378.03,3378.76,2.7728,2025,8,11
2025-08-11 00:50:00+00:00,3379.13,3379.46,3378.0,3378.28,14.017,2025,8,11
2025-08-11 00:55:00+00:00,3378.32,3378.88,3377.93,3377.93,3.5461,2025,8,11
2025-08-11 01:00:00+00:00,3377.78,3377.78,3375.24,3375.26,12.6156,2025,8,11
2025-08-11 01:05:00+00:00,3375.62,3375.63,3368.8,3369.88,66.1652,2025,8,11
2025-08-11 01:10:00+00:00,3369.87,3369.97,3366.71,3368.24,139.6621,2025,8,11
2025-08-11 01:15:00+00:00,3368.24,3370.39,3367.81,3368.09,11.1574,2025,8,11
2025-08-11 01:20:00+00:00,3368.09,3370.9,3368.09,3369.64,8.6939,2025,8,11
2025-08-11 01:25:00+00:00,3369.88,3370.09,3368.84,3369.34,13.84,2025,8,11
2025-08-11 01:30:00+00:00,3369.74,3369.8,3368.55,3369.3,20.1041,2025,8,11
2025-08-11 01:35:00+00:00,3369.31,3370.33,3365.56,3369.11,29.7118,2025,8,11
2025-08-11 01:40:00+00:00,3369.1,3369.15,3367.06,3368.06,27.3452,2025,8,11
2025-08-11 01:45:00+00:00,3368.93,3370.46,3368.38,3370.46,6.8308,2025,8,11
2025-08-11 01:50:00+00:00,3370.87,3373.08,3370.87,3371.52,5.1659,2025,8,11
2025-08-11 01:55:00+00:00,3371.63,3371.63,3370.4,3371.01,4.3215,2025,8,11
2025-08-11 02:00:00+00:00,3370.73,3375.0,3369.81,3372.58,34.1523,2025,8,11
2025-08-11 02:05:00+00:00,3372.57,3372.57,3370.13,3370.14,21.5009,2025,8,11
2025-08-11 02:10:00+00:00,3370.15,3371.49,3369.63,3369.78,23.9846,2025,8,11
2025-08-11 02:15:00+00:00,3370.14,3370.19,3366.58,3367.88,24.1554,2025,8,11
2025-08-11 02:20:00+00:00,3367.89,3372.36,3367.89,3372.35,9.3761,2025,8,11
2025-08-11 02:25:00+00:00,3372.35,3372.36,3369.43,3370.85,19.3967,2025,8,11
2025-08-11 02:30:00+00:00,3371.67,3373.06,3370.85,3370.85,12.7784,2025,8,11
2025-08-11 02:35:00+00:00,3370.86,3371.86,3370.85,3371.17,7.3831,2025,8,11
2025-08-11 02:40:00+00:00,3371.17,3371.99,3371.06,3371.99,4.9658,2025,8,11
2025-08-11 02:45:00+00:00,3371.98,3373.67,3369.0,3373.42,40.2713,2025,8,11
2025-08-11 02:50:00+00:00,3373.54,3374.92,3373.54,3374.46,5.6006,2025,8,11
2025-08-11 02:55:00+00:00,3374.46,3375.18,3373.17,3373.18,3.9083,2025,8,11
2025-08-11 03:00:00+00:00,3372.73,3373.53,3372.32,3372.33,9.5809,2025,8,11
2025-08-11 03:05:00+00:00,3372.32,3372.96,3371.99,3372.45,3.6823,2025,8,11
2025-08-11 03:10:00+00:00,3372.47,3372.77,3371.83,3372.76,1.5361,2025,8,11
2025-08-11 03:15:00+00:00,3373.1,3373.1,3368.18,3371.55,56.159,2025,8,11
2025-08-11 03:20:00+00:00,3371.55,3373.37,3371.55,3373.17,3.1034,2025,8,11
2025-08-11 03:25:00+00:00,3373.17,3373.42,3372.93,3372.94,2.0084,2025,8,11
2025-08-11 03:30:00+00:00,3372.93,3373.43,3371.93,3371.93,1.787,2025,8,11
2025-08-11 03:35:00+00:00,3371.92,3371.93,3371.58,3371.76,2.7437,2025,8,11
2025-08-11 03:40:00+00:00,3371.75,3371.75,3370.95,3370.95,1.769,2025,8,11
2025-08-11 03:45:00+00:00,3370.96,3372.08,3370.96,3372.08,4.0608,2025,8,11
2025-08-11 03:50:00+00:00,3372.07,3373.17,3371.74,3373.09,14.1067,2025,8,11
2025-08-11 03:55:00+00:00,3373.45,3374.38,3373.45,3374.38,3.2099,2025,8,11
2025-08-11 04:00:00+00:00,3374.38,3374.96,3373.1,3373.1,7.1639,2025,8,11
2025-08-11 04:05:00+00:00,3373.09,3375.18,3372.62,3374.36,19.1936,2025,8,11
2025-08-11 04:10:00+00:00,3374.7,3374.71,3373.47,3373.78,6.4867,2025,8,11
2025-08-11 04:15:00+00:00,3373.77,3374.27,3373.77,3373.83,5.2379,2025,8,11
2025-08-11 04:20:00+00:00,3373.83,3373.86,3371.0,3372.65,48.4534,2025,8,11
2025-08-11 04:25:00+00:00,3372.77,3372.93,3372.3,3372.3,5.1838,2025,8,11
2025-08-11 04:30:00+00:00,3372.31,3372.4,3371.76,3372.15,4.7816,2025,8,11
2025-08-11 04:35:00+00:00,3372.15,3372.39,3372.14,3372.39,7.6124,2025,8,11
2025-08-11 04:40:00+00:00,3372.39,3372.39,3372.15,3372.16,1.7627,2025,8,11
2025-08-11 04:45:00+00:00,3372.16,3372.41,3371.64,3372.41,5.6289,2025,8,11
2025-08-11 04:50:00+00:00,3372.41,3372.67,3371.77,3371.77,2.6731,2025,8,11
2025-08-11 04:55:00+00:00,3371.76,3371.76,3371.33,3371.62,1.7423,2025,8,11
2025-08-11 05:00:00+00:00,3371.61,3371.61,3369.24,3369.41,18.5971,2025,8,11
2025-08-11 05:05:00+00:00,3369.41,3369.91,3369.25,3369.91,13.5016,2025,8,11
2025-08-11 05:10:00+00:00,3369.9,3372.17,3369.9,3372.17,9.4565,2025,8,11
2025-08-11 05:15:00+00:00,3372.17,3373.95,3372.17,3373.93,11.4513,2025,8,11
2025-08-11 05:20:00+00:00,3373.61,3374.32,3373.61,3374.32,0.5968,2025,8,11
2025-08-11 05:25:00+00:00,3374.32,3374.32,3372.34,3372.87,14.8966,2025,8,11
2025-08-11 05:30:00+00:00,3372.87,3372.87,3372.12,3372.58,4.1225,2025,8,11
2025-08-11 05:35:00+00:00,3372.67,3372.67,3372.0,3372.01,5.4962,2025,8,11
2025-08-11 05:40:00+00:00,3372.51,3372.51,3372.0,3372.21,6.3043,2025,8,11
2025-08-11 05:45:00+00:00,3372.21,3373.59,3372.21,3372.97,3.514,2025,8,11
2025-08-11 05:50:00+00:00,3372.96,3373.65,3372.3,3372.42,2.9292,2025,8,11
2025-08-11 05:55:00+00:00,3372.43,3372.7,3371.0,3371.0,3.9601,2025,8,11
2025-08-11 06:00:00+00:00,3371.01,3371.01,3369.94,3369.95,1.3566,2025,8,11
2025-08-11 06:05:00+00:00,3369.95,3369.95,3368.84,3368.94,10.3045,2025,8,11
2025-08-11 06:10:00+00:00,3368.94,3369.6,3368.12,3368.76,9.5774,2025,8,11
2025-08-11 06:15:00+00:00,3368.75,3368.94,3368.26,3368.65,4.4755,2025,8,11
2025-08-11 06:20:00+00:00,3368.65,3368.65,3366.99,3367.0,8.9374,2025,8,11
2025-08-11 06:25:00+00:00,3366.99,3366.99,3362.87,3362.88,64.8068,2025,8,11
2025-08-11 06:30:00+00:00,3362.88,3364.02,3362.26,3364.02,47.1816,2025,8,11
2025-08-11 06:35:00+00:00,3364.23,3364.42,3362.56,3362.56,31.0595,2025,8,11
2025-08-11 06:40:00+00:00,3362.55,3362.66,3362.1,3362.66,2.9776,2025,8,11
2025-08-11 06:45:00+00:00,3362.65,3365.11,3362.15,3365.11,3.2661,2025,8,11
2025-08-11 06:50:00+00:00,3365.12,3365.71,3363.01,3363.01,13.1389,2025,8,11
2025-08-11 06:55:00+00:00,3363.0,3363.0,3362.24,3362.24,4.3419,2025,8,11
2025-08-11 07:00:00+00:00,3362.23,3362.23,3358.15,3358.28,26.9978,2025,8,11
2025-08-11 07:05:00+00:00,3358.28,3358.68,3354.82,3356.66,47.8282,2025,8,11
2025-08-11 07:10:00+00:00,3356.66,3358.13,3353.95,3358.13,37.4672,2025,8,11
2025-08-11 07:15:00+00:00,3358.13,3358.67,3354.94,3358.3,96.1699,2025,8,11
2025-08-11 07:20:00+00:00,3358.3,3358.87,3358.29,3358.87,20.3436,2025,8,11
2025-08-11 07:25:00+00:00,3358.87,3359.48,3358.82,3359.16,2.6835,2025,8,11
2025-08-11 07:30:00+00:00,3359.15,3359.16,3355.67,3356.17,11.6272,2025,8,11
2025-08-11 07:35:00+00:00,3356.29,3357.09,3354.0,3354.92,14.8181,2025,8,11
2025-08-11 07:40:00+00:00,3354.93,3357.74,3354.93,3357.73,12.8239,2025,8,11
2025-08-11 07:45:00+00:00,3357.53,3357.53,3353.63,3353.94,9.8968,2025,8,11
2025-08-11 07:50:00+00:00,3353.93,3354.13,3352.61,3354.12,12.5346,2025,8,11
2025-08-11 07:55:00+00:00,3354.13,3357.3,3354.13,3356.15,14.5984,2025,8,11
2025-08-11 08:00:00+00:00,3356.2,3358.38,3355.86,3356.05,25.8112,2025,8,11
2025-08-11 08:05:00+00:00,3356.53,3357.7,3356.34,3356.83,4.9742,2025,8,11
2025-08-11 08:10:00+00:00,3356.97,3357.58,3355.98,3355.98,4.2993,2025,8,11
2025-08-11 08:15:00+00:00,3355.8,3357.04,3354.65,3357.04,7.1855,2025,8,11
2025-08-11 08:20:00+00:00,3357.12,3360.67,3356.12,3360.67,6.6967,2025,8,11
2025-08-11 08:25:00+00:00,3360.26,3360.92,3360.01,3360.52,3.5903,2025,8,11
2025-08-11 08:30:00+00:00,3360.51,3360.96,3359.29,3359.59,15.2737,2025,8,11
2025-08-11 08:35:00+00:00,3359.08,3359.08,3357.88,3357.99,5.3487,2025,8,11
2025-08-11 08:40:00+00:00,3357.99,3359.83,3357.98,3359.11,3.4181,2025,8,11
2025-08-11 08:45:00+00:00,3359.02,3359.83,3358.84,3358.84,1.9944,2025,8,11
2025-08-11 08:50:00+00:00,3358.85,3358.85,3357.66,3358.0,4.3371,2025,8,11
2025-08-11 08:55:00+00:00,3358.0,3359.16,3358.0,3358.1,6.6918,2025,8,11
2025-08-11 09:00:00+00:00,3358.1,3358.1,3356.03,3356.83,3.4949,2025,8,11
2025-08-11 09:05:00+00:00,3356.82,3356.82,3354.0,3354.02,13.2006,2025,8,11
2025-08-11 09:10:00+00:00,3354.02,3354.49,3353.66,3353.74,8.4919,2025,8,11
2025-08-11 09:15:00+00:00,3353.74,3354.09,3352.82,3353.38,17.2885,2025,8,11
2025-08-11 09:20:00+00:00,3353.37,3357.76,3352.7,3355.1,25.0812,2025,8,11
2025-08-11 09:25:00+00:00,3355.88,3357.31,3355.45,3356.29,39.2987,2025,8,11
2025-08-11 09:30:00+00:00,3356.55,3359.88,3353.36,3355.56,26.4648,2025,8,11
2025-08-11 09:35:00+00:00,3355.55,3355.55,3352.85,3355.25,26.0129,2025,8,11
2025-08-11 09:40:00+00:00,3354.78,3354.78,3353.44,3353.45,6.7601,2025,8,11
2025-08-11 09:45:00+00:00,3353.45,3353.45,3349.99,3352.09,110.2086,2025,8,11
2025-08-11 09:50:00+00:00,3352.09,3352.75,3348.34,3348.35,17.4421,2025,8,11
2025-08-11 09:55:00+00:00,3348.35,3351.55,3344.99,3348.39,224.8493,2025,8,11
2025-08-11 10:00:00+00:00,3348.76,3351.51,3348.76,3351.15,5.1979,2025,8,11
2025-08-11 10:05:00+00:00,3351.15,3353.23,3351.15,3352.49,10.4427,2025,8,11
2025-08-11 10:10:00+00:00,3352.67,3355.26,3352.67,3355.0,24.8178,2025,8,11
2025-08-11 10:15:00+00:00,3355.0,3356.2,3354.66,3355.8,7.0444,2025,8,11
2025-08-11 10:20:00+00:00,3355.8,3357.0,3355.65,3356.79,8.4295,2025,8,11
2025-08-11 10:25:00+00:00,3356.97,3357.86,3355.07,3355.07,9.5053,2025,8,11
2025-08-11 10:30:00+00:00,3354.87,3360.0,3354.86,3356.65,52.849,2025,8,11
2025-08-11 10:35:00+00:00,3357.09,3357.51,3356.13,3356.13,6.4726,2025,8,11
2025-08-11 10:40:00+00:00,3356.13,3356.16,3355.17,3355.56,7.8959,2025,8,11
2025-08-11 10:45:00+00:00,3355.57,3355.88,3353.98,3354.22,6.9854,2025,8,11
2025-08-11 10:50:00+00:00,3354.22,3355.43,3354.0,3354.7,3.9589,2025,8,11
2025-08-11 10:55:00+00:00,3354.72,3354.72,3354.0,3354.01,9.8302,2025,8,11
2025-08-11 11:00:00+00:00,3354.01,3354.57,3353.0,3353.39,31.0201,2025,8,11
2025-08-11 11:05:00+00:00,3353.12,3353.32,3350.41,3350.42,14.02,2025,8,11
2025-08-11 11:10:00+00:00,3350.14,3350.14,3349.31,3349.71,5.1148,2025,8,11
2025-08-11 11:15:00+00:00,3349.36,3349.85,3348.34,3348.99,8.2811,2025,8,11
2025-08-11 11:20:00+00:00,3348.99,3349.09,3347.15,3347.8,18.5246,2025,8,11
2025-08-11 11:25:00+00:00,3347.53,3347.53,3345.91,3346.47,5.4687,2025,8,11
2025-08-11 11:30:00+00:00,3346.47,3346.62,3345.11,3346.08,9.1328,2025,8,11
2025-08-11 11:35:00+00:00,3346.32,3346.69,3345.01,3346.21,8.5818,2025,8,11
2025-08-11 11:40:00+00:00,3346.21,3347.64,3345.73,3346.71,35.2476,2025,8,11
2025-08-11 11:45:00+00:00,3346.8,3349.95,3343.24,3348.33,50.5586,2025,8,11
2025-08-11 11:50:00+00:00,3348.32,3348.54,3345.8,3346.62,17.661,2025,8,11
2025-08-11 11:55:00+00:00,3347.2,3349.85,3347.2,3349.62,3.5309,2025,8,11
2025-08-11 12:00:00+00:00,3349.62,3350.09,3348.18,3348.84,12.9248,2025,8,11
2025-08-11 12:05:00+00:00,3348.83,3352.95,3348.43,3350.48,35.1577,2025,8,11
2025-08-11 12:10:00+00:00,3350.48,3351.74,3347.94,3348.74,15.2683,2025,8,11
2025-08-11 12:15:00+00:00,3348.9,3349.93,3348.89,3349.52,1.3293,2025,8,11
2025-08-11 12:20:00+00:00,3348.92,3351.27,3347.11,3351.27,14.5635,2025,8,11
2025-08-11 12:25:00+00:00,3351.27,3351.27,3344.41,3344.84,14.5496,2025,8,11
2025-08-11 12:30:00+00:00,3344.41,3345.24,3342.05,3345.24,26.331,2025,8,11
2025-08-11 12:35:00+00:00,3345.23,3347.99,3344.61,3347.6,5.7979,2025,8,11
2025-08-11 12:40:00+00:00,3347.97,3348.95,3346.78,3348.94,8.8675,2025,8,11
2025-08-11 12:45:00+00:00,3348.94,3349.76,3347.97,3349.65,13.8705,2025,8,11
2025-08-11 12:50:00+00:00,3349.65,3350.75,3349.21,3350.75,2.7335,2025,8,11
2025-08-11 12:55:00+00:00,3350.75,3351.75,3350.74,3351.75,2.13,2025,8,11
2025-08-11 13:00:00+00:00,3351.74,3352.7,3349.4,3349.4,6.8507,2025,8,11
2025-08-11 13:05:00+00:00,3349.39,3349.39,3347.12,3347.41,3.0416,2025,8,11
2025-08-11 13:10:00+00:00,3347.26,3348.09,3345.72,3345.82,3.5505,2025,8,11
2025-08-11 13:15:00+00:00,3345.82,3347.91,3345.14,3346.67,3.2518,2025,8,11
2025-08-11 13:20:00+00:00,3346.67,3346.98,3345.7,3346.83,3.0118,2025,8,11
2025-08-11 13:25:00+00:00,3346.98,3346.98,3345.93,3346.48,1.5746,2025,8,11
2025-08-11 13:30:00+00:00,3347.25,3350.65,3346.65,3350.65,6.5787,2025,8,11
2025-08-11 13:35:00+00:00,3350.46,3350.46,3347.58,3349.31,5.2108,2025,8,11
2025-08-11 13:40:00+00:00,3348.91,3352.77,3348.48,3352.77,7.8997,2025,8,11
2025-08-11 13:45:00+00:00,3352.77,3354.72,3352.77,3354.64,13.6441,2025,8,11
2025-08-11 13:50:00+00:00,3354.64,3358.92,3354.31,3357.35,81.553,2025,8,11
2025-08-11 13:55:00+00:00,3357.35,3358.41,3355.21,3355.21,4.797,2025,8,11
2025-08-11 14:00:00+00:00,3355.2,3355.2,3353.37,3353.38,12.4394,2025,8,11
2025-08-11 14:05:00+00:00,3353.38,3354.74,3352.67,3353.33,6.0615,2025,8,11
2025-08-11 14:10:00+00:00,3353.32,3354.0,3351.48,3354.0,6.2479,2025,8,11
2025-08-11 14:15:00+00:00,3354.11,3354.38,3352.58,3352.58,2.8653,2025,8,11
2025-08-11 14:20:00+00:00,3352.58,3353.55,3351.82,3352.22,4.7943,2025,8,11
2025-08-11 14:25:00+00:00,3352.22,3352.54,3349.35,3349.41,5.1828,2025,8,11
2025-08-11 14:30:00+00:00,3349.52,3349.52,3347.3,3347.72,6.3814,2025,8,11
2025-08-11 14:35:00+00:00,3347.38,3347.61,3342.1,3342.7,60.6706,2025,8,11
2025-08-11 14:40:00+00:00,3342.7,3346.86,3340.4,3344.65,27.5891,2025,8,11
2025-08-11 14:45:00+00:00,3345.09,3345.14,3343.51,3345.14,5.7859,2025,8,11
2025-08-11 14:50:00+00:00,3345.18,3346.57,3345.18,3345.36,2.2125,2025,8,11
2025-08-11 14:55:00+00:00,3345.11,3345.67,3343.36,3343.84,6.1777,2025,8,11
2025-08-11 15:00:00+00:00,3344.88,3346.7,3344.14,3346.18,6.665,2025,8,11
2025-08-11 15:05:00+00:00,3345.52,3346.28,3343.97,3344.71,10.5544,2025,8,11
2025-08-11 15:10:00+00:00,3344.72,3345.05,3343.51,3344.3,3.8146,2025,8,11
2025-08-11 15:15:00+00:00,3344.35,3344.85,3343.01,3343.97,4.5598,2025,8,11
2025-08-11 15:20:00+00:00,3343.97,3346.1,3343.97,3346.1,3.4601,2025,8,11
2025-08-11 15:25:00+00:00,3346.1,3347.12,3346.1,3346.84,3.0364,2025,8,11
2025-08-11 15:30:00+00:00,3347.3,3347.34,3347.0,3347.21,1.6847,2025,8,11
2025-08-11 15:35:00+00:00,3347.21,3348.88,3347.21,3347.98,10.0587,2025,8,11
2025-08-11 15:40:00+00:00,3347.98,3347.98,3346.14,3346.15,1.0341,2025,8,11
2025-08-11 15:45:00+00:00,3346.05,3346.69,3346.04,3346.6,2.9024,2025,8,11
2025-08-11 15:50:00+00:00,3346.68,3346.69,3346.04,3346.04,2.148,2025,8,11
2025-08-11 15:55:00+00:00,3346.04,3346.04,3345.71,3346.04,3.0555,2025,8,11
2025-08-11 16:00:00+00:00,3346.04,3347.18,3345.72,3345.82,7.1484,2025,8,11
2025-08-11 16:05:00+00:00,3345.81,3345.81,3344.01,3344.16,28.6296,2025,8,11
2025-08-11 16:10:00+00:00,3344.15,3345.14,3343.76,3345.14,5.2779,2025,8,11
2025-08-11 16:15:00+00:00,3345.13,3345.9,3344.42,3344.88,7.8546,2025,8,11
2025-08-11 16:20:00+00:00,3345.21,3345.82,3345.21,3345.82,0.6331,2025,8,11
2025-08-11 16:25:00+00:00,3345.82,3345.82,3344.02,3344.03,2.5742,2025,8,11
2025-08-11 16:30:00+00:00,3344.02,3344.02,3343.0,3343.01,6.5295,2025,8,11
2025-08-11 16:35:00+00:00,3343.0,3343.01,3341.71,3341.71,4.0562,2025,8,11
2025-08-11 16:40:00+00:00,3341.71,3341.82,3341.05,3341.82,10.7958,2025,8,11
2025-08-11 16:45:00+00:00,3341.82,3341.99,3341.05,3341.99,3.2777,2025,8,11
2025-08-11 16:50:00+00:00,3341.99,3342.06,3341.0,3341.0,3.7666,2025,8,11
2025-08-11 16:55:00+00:00,3341.01,3341.57,3340.98,3340.98,13.9794,2025,8,11
2025-08-11 17:00:00+00:00,3340.98,3340.98,3340.0,3340.11,31.66,2025,8,11
2025-08-11 17:05:00+00:00,3340.09,3340.48,3339.7,3340.04,45.02,2025,8,11
2025-08-11 17:10:00+00:00,3340.07,3340.83,3339.63,3340.01,27.542,2025,8,11
2025-08-11 17:15:00+00:00,3340.01,3340.01,3340.0,3340.01,2.0413,2025,8,11
2025-08-11 17:20:00+00:00,3340.01,3341.35,3340.01,3340.6,2.605,2025,8,11
2025-08-11 17:25:00+00:00,3340.6,3341.63,3340.6,3341.63,2.0188,2025,8,11
2025-08-11 17:30:00+00:00,3341.64,3344.64,3340.41,3341.06,17.9643,2025,8,11
2025-08-11 17:35:00+00:00,3340.86,3351.99,3340.86,3351.4,25.4584,2025,8,11
2025-08-11 17:40:00+00:00,3351.4,3353.89,3350.32,3353.25,15.2707,2025,8,11
2025-08-11 17:45:00+00:00,3353.09,3354.74,3351.64,3352.28,21.5654,2025,8,11
2025-08-11 17:50:00+00:00,3352.58,3354.74,3352.58,3353.04,6.5373,2025,8,11
2025-08-11 17:55:00+00:00,3353.04,3354.47,3353.02,3354.47,6.1933,2025,8,11
2025-08-11 18:00:00+00:00,3354.41,3354.57,3353.68,3353.78,20.4467,2025,8,11
2025-08-11 18:05:00+00:00,3353.77,3354.16,3353.01,3353.28,5.9535,2025,8,11
2025-08-11 18:10:00+00:00,3353.28,3353.28,3351.17,3351.35,2.316,2025,8,11
2025-08-11 18:15:00+00:00,3351.36,3351.36,3351.35,3351.35,0.1251,2025,8,11
2025-08-11 18:20:00+00:00,3351.35,3352.76,3350.26,3352.44,11.1248,2025,8,11
2025-08-11 18:25:00+00:00,3352.03,3373.85,3351.68,3355.36,1243.6562,2025,8,11
2025-08-11 18:30:00+00:00,3355.35,3357.75,3354.22,3355.53,20.7914,2025,8,11
2025-08-11 18:35:00+00:00,3355.53,3356.91,3355.26,3356.91,9.3478,2025,8,11
2025-08-11 18:40:00+00:00,3357.49,3358.45,3357.05,3357.05,9.5487,2025,8,11
2025-08-11 18:45:00+00:00,3356.91,3356.91,3354.8,3355.82,12.1244,2025,8,11
2025-08-11 18:50:00+00:00,3355.83,3356.33,3355.55,3355.97,7.3937,2025,8,11
2025-08-11 18:55:00+00:00,3355.97,3357.43,3355.97,3356.17,5.1302,2025,8,11
2025-08-11 19:00:00+00:00,3356.17,3357.58,3355.78,3355.78,12.2385,2025,8,11
2025-08-11 19:05:00+00:00,3356.01,3357.28,3354.65,3355.66,26.9837,2025,8,11
2025-08-11 19:10:00+00:00,3355.67,3355.67,3353.82,3354.5,9.3896,2025,8,11
2025-08-11 19:15:00+00:00,3354.5,3354.5,3353.23,3353.23,11.4354,2025,8,11
2025-08-11 19:20:00+00:00,3353.27,3353.27,3352.61,3352.64,8.1534,2025,8,11
2025-08-11 19:25:00+00:00,3352.65,3352.99,3352.05,3352.29,9.0871,2025,8,11
2025-08-11 19:30:00+00:00,3352.3,3353.23,3352.06,3352.07,15.1848,2025,8,11
2025-08-11 19:35:00+00:00,3352.07,3353.25,3352.07,3353.07,15.1226,2025,8,11
2025-08-11 19:40:00+00:00,3353.01,3353.01,3352.51,3352.51,6.6384,2025,8,11
2025-08-11 19:45:00+00:00,3352.51,3352.55,3352.44,3352.47,9.0134,2025,8,11
2025-08-11 19:50:00+00:00,3352.51,3353.88,3351.76,3352.02,16.7805,2025,8,11
2025-08-11 19:55:00+00:00,3352.02,3352.1,3351.13,3352.1,10.119,2025,8,11
2025-08-11 20:00:00+00:00,3351.7,3351.7,3350.18,3350.71,10.9979,2025,8,11
2025-08-11 20:05:00+00:00,3350.7,3350.93,3350.18,3350.27,14.2534,2025,8,11
2025-08-11 20:10:00+00:00,3350.18,3350.97,3350.16,3350.33,11.1605,2025,8,11
2025-08-11 20:15:00+00:00,3350.31,3351.22,3350.0,3350.0,9.8199,2025,8,11
2025-08-11 20:20:00+00:00,3350.0,3350.46,3349.78,3349.79,21.259,2025,8,11
2025-08-11 20:25:00+00:00,3349.79,3350.01,3349.54,3349.99,31.311,2025,8,11
2025-08-11 20:30:00+00:00,3350.0,3350.01,3348.51,3349.1,18.8499,2025,8,11
2025-08-11 20:35:00+00:00,3349.11,3349.11,3348.31,3348.31,7.8271,2025,8,11
2025-08-11 20:40:00+00:00,3348.31,3348.31,3347.4,3347.4,7.4105,2025,8,11
2025-08-11 20:45:00+00:00,3347.4,3347.41,3344.56,3344.56,11.2397,2025,8,11
2025-08-11 20:50:00+00:00,3344.57,3345.91,3344.35,3344.35,18.0356,2025,8,11
2025-08-11 20:55:00+00:00,3344.36,3345.11,3344.0,3344.13,8.217,2025,8,11
2025-08-11 21:00:00+00:00,3344.14,3345.45,3344.13,3344.51,8.8786,2025,8,11
2025-08-11 21:05:00+00:00,3344.5,3344.5,3343.81,3343.98,9.847,2025,8,11
2025-08-11 21:10:00+00:00,3343.98,3344.17,3342.1,3342.1,10.673,2025,8,11
2025-08-11 21:15:00+00:00,3342.1,3342.11,3342.0,3342.01,6.1515,2025,8,11
2025-08-11 21:20:00+00:00,3342.02,3343.98,3341.33,3341.75,10.2502,2025,8,11
2025-08-11 21:25:00+00:00,3341.76,3341.76,3341.33,3341.33,5.8648,2025,8,11
2025-08-11 21:30:00+00:00,3341.68,3341.68,3340.0,3340.06,7.2772,2025,8,11
2025-08-11 21:35:00+00:00,3340.08,3343.13,3340.0,3341.19,10.0085,2025,8,11
2025-08-11 21:40:00+00:00,3340.72,3340.73,3339.0,3339.13,11.9008,2025,8,11
2025-08-11 21:45:00+00:00,3339.21,3340.0,3339.0,3339.07,8.9151,2025,8,11
2025-08-11 21:50:00+00:00,3339.08,3339.93,3338.72,3338.86,8.7947,2025,8,11
2025-08-11 21:55:00+00:00,3338.81,3339.83,3338.77,3339.31,9.9518,2025,8,11
2025-08-11 22:00:00+00:00,3339.73,3345.34,3339.46,3345.3,18.4952,2025,8,11
2025-08-11 22:05:00+00:00,3345.3,3346.07,3343.14,3343.75,13.7405,2025,8,11
2025-08-11 22:10:00+00:00,3343.78,3346.03,3343.75,3345.7,19.3053,2025,8,11
2025-08-11 22:15:00+00:00,3345.7,3345.7,3343.55,3343.55,9.7306,2025,8,11
2025-08-11 22:20:00+00:00,3343.55,3343.55,3342.03,3343.52,15.9037,2025,8,11
2025-08-11 22:25:00+00:00,3343.74,3345.0,3342.25,3342.97,16.9697,2025,8,11
2025-08-11 22:30:00+00:00,3342.97,3342.99,3341.74,3341.82,8.0835,2025,8,11
2025-08-11 22:35:00+00:00,3341.82,3341.82,3340.64,3340.74,10.8831,2025,8,11
2025-08-11 22:40:00+00:00,3340.74,3341.43,3340.74,3341.27,7.9263,2025,8,11
2025-08-11 22:45:00+00:00,3341.28,3341.74,3341.03,3341.24,7.9398,2025,8,11
2025-08-11 22:50:00+00:00,3341.24,3342.35,3341.0,3342.12,10.6699,2025,8,11
2025-08-11 22:55:00+00:00,3342.34,3344.16,3342.17,3343.83,10.3363,2025,8,11
2025-08-11 23:00:00+00:00,3343.83,3346.04,3343.8,3344.91,12.7478,2025,8,11
2025-08-11 23:05:00+00:00,3344.91,3345.51,3344.09,3344.09,8.0416,2025,8,11
2025-08-11 23:10:00+00:00,3344.09,3346.05,3343.59,3343.85,31.1716,2025,8,11
2025-08-11 23:15:00+00:00,3343.86,3345.1,3343.12,3343.4,84.6084,2025,8,11
2025-08-11 23:20:00+00:00,3343.4,3343.83,3342.0,3343.56,26.3731,2025,8,11
2025-08-11 23:25:00+00:00,3343.59,3343.66,3343.17,3343.38,6.5226,2025,8,11
2025-08-11 23:30:00+00:00,3343.38,3344.9,3343.23,3344.9,8.5682,2025,8,11
2025-08-11 23:35:00+00:00,3345.1,3345.59,3343.82,3343.82,6.7004,2025,8,11
2025-08-11 23:40:00+00:00,3343.83,3344.73,3343.53,3344.47,17.4514,2025,8,11
2025-08-11 23:45:00+00:00,3344.48,3345.51,3344.46,3345.45,10.0019,2025,8,11
2025-08-11 23:50:00+00:00,3345.46,3346.18,3345.02,3345.02,11.3791,2025,8,11
2025-08-11 23:55:00+00:00,3345.02,3345.8,3345.02,3345.71,7.4614,2025,8,11
2025-08-12 00:00:00+00:00,3345.71,3345.86,3344.15,3345.19,10.8389,2025,8,12
2025-08-12 00:05:00+00:00,3345.49,3346.55,3345.16,3346.16,16.5389,2025,8,12
2025-08-12 00:10:00+00:00,3346.16,3347.24,3346.16,3346.6,14.1128,2025,8,12
2025-08-12 00:15:00+00:00,3346.6,3349.62,3346.6,3348.19,24.6008,2025,8,12
2025-08-12 00:20:00+00:00,3348.2,3349.43,3347.47,3348.26,13.1567,2025,8,12
2025-08-12 00:25:00+00:00,3348.09,3348.55,3347.75,3347.75,7.7676,2025,8,12
2025-08-12 00:30:00+00:00,3347.69,3350.4,3347.57,3349.98,21.8034,2025,8,12
2025-08-12 00:35:00+00:00,3349.98,3350.51,3349.29,3350.29,12.8477,2025,8,12
2025-08-12 00:40:00+00:00,3350.29,3352.85,3350.29,3352.36,23.3348,2025,8,12
2025-08-12 00:45:00+00:00,3352.57,3353.19,3352.14,3352.93,15.6119,2025,8,12
2025-08-12 00:50:00+00:00,3352.93,3353.23,3352.46,3353.22,8.5164,2025,8,12
2025-08-12 00:55:00+00:00,3353.22,3353.22,3352.04,3352.04,7.2404,2025,8,12
2025-08-12 01:00:00+00:00,3352.04,3352.05,3350.44,3351.43,9.8753,2025,8,12
2025-08-12 01:05:00+00:00,3351.44,3354.72,3351.44,3354.07,15.8995,2025,8,12
2025-08-12 01:10:00+00:00,3354.07,3354.82,3353.88,3354.27,9.3326,2025,8,12
2025-08-12 01:15:00+00:00,3354.28,3354.81,3353.43,3354.04,11.7439,2025,8,12
2025-08-12 01:20:00+00:00,3354.04,3354.15,3349.64,3349.98,26.2662,2025,8,12
2025-08-12 01:25:00+00:00,3349.98,3350.4,3348.95,3349.49,6.7062,2025,8,12
2025-08-12 01:30:00+00:00,3349.5,3357.09,3349.07,3349.15,35.7623,2025,8,12
2025-08-12 01:35:00+00:00,3349.21,3349.41,3347.17,3349.21,14.2566,2025,8,12
2025-08-12 01:40:00+00:00,3349.2,3351.19,3348.7,3350.25,16.3693,2025,8,12
2025-08-12 01:45:00+00:00,3350.25,3351.77,3349.57,3351.45,7.5198,2025,8,12
2025-08-12 01:50:00+00:00,3351.25,3351.86,3350.05,3350.05,7.3769,2025,8,12
2025-08-12 01:55:00+00:00,3350.0,3350.85,3348.06,3348.77,14.6472,2025,8,12
2025-08-12 02:00:00+00:00,3348.77,3351.77,3348.77,3351.66,11.3587,2025,8,12
2025-08-12 02:05:00+00:00,3351.67,3351.78,3351.33,3351.44,6.7527,2025,8,12
2025-08-12 02:10:00+00:00,3351.44,3351.44,3350.09,3350.09,6.717,2025,8,12
2025-08-12 02:15:00+00:00,3350.09,3350.1,3349.14,3349.15,17.2926,2025,8,12
2025-08-12 02:20:00+00:00,3349.15,3352.09,3348.43,3349.39,17.8948,2025,8,12
2025-08-12 02:25:00+00:00,3349.39,3350.75,3348.4,3350.48,17.2469,2025,8,12
2025-08-12 02:30:00+00:00,3350.48,3351.45,3350.12,3351.35,8.0871,2025,8,12
2025-08-12 02:35:00+00:00,3351.35,3351.35,3349.96,3349.96,9.9901,2025,8,12
2025-08-12 02:40:00+00:00,3349.73,3349.73,3347.51,3348.1,16.1784,2025,8,12
2025-08-12 02:45:00+00:00,3348.1,3350.14,3347.63,3349.05,9.446,2025,8,12
2025-08-12 02:50:00+00:00,3349.06,3350.48,3349.05,3350.48,9.4129,2025,8,12
2025-08-12 02:55:00+00:00,3350.49,3350.65,3349.96,3350.46,8.4723,2025,8,12
2025-08-12 03:00:00+00:00,3350.45,3351.4,3350.45,3351.11,8.0211,2025,8,12
2025-08-12 03:05:00+00:00,3351.01,3352.89,3351.0,3352.01,8.6572,2025,8,12
2025-08-12 03:10:00+00:00,3352.01,3352.01,3350.72,3351.57,13.5409,2025,8,12
2025-08-12 03:15:00+00:00,3351.57,3352.33,3350.0,3350.0,8.8933,2025,8,12
2025-08-12 03:20:00+00:00,3350.0,3350.01,3348.42,3348.71,7.4288,2025,8,12
2025-08-12 03:25:00+00:00,3348.86,3349.5,3348.43,3348.91,8.7029,2025,8,12
2025-08-12 03:30:00+00:00,3348.92,3349.04,3346.71,3346.97,7.2043,2025,8,12
2025-08-12 03:35:00+00:00,3346.97,3348.44,3346.53,3347.33,11.3615,2025,8,12
2025-08-12 03:40:00+00:00,3348.05,3348.05,3346.63,3348.01,10.4428,2025,8,12
2025-08-12 03:45:00+00:00,3347.79,3348.26,3346.97,3346.97,16.9667,2025,8,12
2025-08-12 03:50:00+00:00,3346.97,3347.29,3345.54,3345.6,8.5968,2025,8,12
2025-08-12 03:55:00+00:00,3345.61,3346.66,3345.57,3346.65,8.7152,2025,8,12
2025-08-12 04:00:00+00:00,3346.66,3347.54,3345.96,3347.25,7.0285,2025,8,12
2025-08-12 04:05:00+00:00,3347.25,3348.45,3347.25,3348.17,7.5036,2025,8,12
2025-08-12 04:10:00+00:00,3348.17,3348.24,3347.59,3347.59,8.2272,2025,8,12
2025-08-12 04:15:00+00:00,3347.59,3348.33,3347.59,3347.66,6.7578,2025,8,12
2025-08-12 04:20:00+00:00,3347.66,3347.66,3347.3,3347.46,6.8575,2025,8,12
2025-08-12 04:25:00+00:00,3347.5,3348.7,3347.36,3347.9,11.8214,2025,8,12
2025-08-12 04:30:00+00:00,3347.9,3347.9,3346.14,3347.59,13.2281,2025,8,12
2025-08-12 04:35:00+00:00,3347.6,3350.16,3347.14,3349.21,15.4326,2025,8,12
2025-08-12 04:40:00+00:00,3349.31,3349.99,3348.52,3349.92,13.084,2025,8,12
2025-08-12 04:45:00+00:00,3349.91,3350.28,3349.23,3349.86,8.9026,2025,8,12
2025-08-12 04:50:00+00:00,3349.86,3351.09,3349.1,3351.08,9.8854,2025,8,12
2025-08-12 04:55:00+00:00,3351.08,3351.08,3349.41,3349.54,8.2037,2025,8,12
2025-08-12 05:00:00+00:00,3349.9,3350.31,3349.21,3350.13,8.2524,2025,8,12
2025-08-12 05:05:00+00:00,3350.04,3350.04,3349.0,3349.01,7.5038,2025,8,12
2025-08-12 05:10:00+00:00,3349.01,3349.61,3348.24,3348.24,8.5188,2025,8,12
2025-08-12 05:15:00+00:00,3348.25,3349.12,3347.97,3348.15,8.1293,2025,8,12
2025-08-12 05:20:00+00:00,3348.16,3349.62,3348.16,3348.9,12.9677,2025,8,12
2025-08-12 05:25:00+00:00,3348.91,3348.91,3347.96,3347.96,7.2631,2025,8,12
2025-08-12 05:30:00+00:00,3347.96,3348.35,3347.67,3348.07,7.7976,2025,8,12
2025-08-12 05:35:00+00:00,3347.87,3347.87,3346.41,3347.44,15.7063,2025,8,12
2025-08-12 05:40:00+00:00,3347.44,3348.17,3346.66,3346.66,16.8635,2025,8,12
2025-08-12 05:45:00+00:00,3346.67,3347.79,3346.07,3346.62,8.6262,2025,8,12
2025-08-12 05:50:00+00:00,3346.63,3346.64,3345.57,3346.09,8.8877,2025,8,12
2025-08-12 05:55:00+00:00,3346.02,3349.19,3345.9,3348.87,11.3839,2025,8,12
2025-08-12 06:00:00+00:00,3348.87,3357.52,3346.04,3346.04,56.7767,2025,8,12
2025-08-12 06:05:00+00:00,3346.04,3346.9,3345.4,3345.44,18.6577,2025,8,12
2025-08-12 06:10:00+00:00,3345.44,3345.51,3343.6,3343.61,14.7119,2025,8,12
2025-08-12 06:15:00+00:00,3343.6,3343.6,3341.14,3341.3,11.9044,2025,8,12
2025-08-12 06:20:00+00:00,3341.3,3341.49,3339.74,3340.64,29.5476,2025,8,12
2025-08-12 06:25:00+00:00,3340.64,3342.17,3340.42,3341.37,9.7848,2025,8,12
2025-08-12 06:30:00+00:00,3341.17,3341.19,3339.33,3340.92,6.4728,2025,8,12
2025-08-12 06:35:00+00:00,3341.08,3344.64,3341.08,3344.34,3.961,2025,8,12
2025-08-12 06:40:00+00:00,3344.34,3345.48,3344.34,3345.48,1.9902,2025,8,12
2025-08-12 06:45:00+00:00,3345.48,3345.48,3344.21,3344.21,4.3236,2025,8,12
2025-08-12 06:50:00+00:00,3344.74,3344.74,3342.41,3342.67,2.2122,2025,8,12
2025-08-12 06:55:00+00:00,3342.67,3343.28,3342.28,3342.29,2.8778,2025,8,12
2025-08-12 07:00:00+00:00,3342.29,3344.22,3341.95,3344.11,5.5352,2025,8,12
2025-08-12 07:05:00+00:00,3344.46,3344.75,3343.88,3343.88,2.2059,2025,8,12
2025-08-12 07:10:00+00:00,3343.87,3344.06,3342.36,3342.45,1.1044,2025,8,12
2025-08-12 07:15:00+00:00,3342.45,3344.65,3342.45,3344.65,2.7543,2025,8,12
2025-08-12 07:20:00+00:00,3344.65,3344.72,3344.45,3344.45,2.0819,2025,8,12
2025-08-12 07:25:00+00:00,3344.45,3345.45,3344.45,3345.45,3.0631,2025,8,12
2025-08-12 07:30:00+00:00,3345.72,3348.84,3345.72,3348.84,5.3481,2025,8,12
2025-08-12 07:35:00+00:00,3348.91,3353.0,3348.91,3352.99,6.2685,2025,8,12
2025-08-12 07:40:00+00:00,3352.99,3352.99,3350.55,3352.01,11.2985,2025,8,12
2025-08-12 07:45:00+00:00,3351.48,3352.81,3350.85,3351.97,10.9107,2025,8,12
2025-08-12 07:50:00+00:00,3352.03,3352.03,3348.56,3349.66,7.4889,2025,8,12
2025-08-12 07:55:00+00:00,3349.66,3351.83,3349.66,3350.73,11.4464,2025,8,12
2025-08-12 08:00:00+00:00,3350.74,3352.01,3350.31,3350.94,48.6772,2025,8,12
2025-08-12 08:05:00+00:00,3350.68,3352.14,3350.01,3352.0,27.5568,2025,8,12
2025-08-12 08:10:00+00:00,3352.0,3352.06,3351.18,3351.9,20.1571,2025,8,12
2025-08-12 08:15:00+00:00,3351.91,3352.06,3351.11,3351.88,18.1386,2025,8,12
2025-08-12 08:20:00+00:00,3351.94,3353.04,3348.99,3350.01,17.3415,2025,8,12
2025-08-12 08:25:00+00:00,3350.0,3350.0,3347.33,3347.52,8.0385,2025,8,12
2025-08-12 08:30:00+00:00,3347.75,3348.78,3346.82,3348.02,19.2712,2025,8,12
2025-08-12 08:35:00+00:00,3348.03,3350.0,3346.97,3348.59,76.1432,2025,8,12
2025-08-12 08:40:00+00:00,3348.57,3351.0,3348.45,3349.57,179.2736,2025,8,12
2025-08-12 08:45:00+00:00,3349.57,3350.0,3349.01,3349.64,90.6209,2025,8,12
2025-08-12 08:50:00+00:00,3350.0,3350.01,3349.08,3349.98,36.8023,2025,8,12
2025-08-12 08:55:00+00:00,3349.97,3350.0,3349.03,3349.03,9.5632,2025,8,12
2025-08-12 09:00:00+00:00,3349.05,3349.3,3347.17,3349.3,15.5166,2025,8,12
2025-08-12 09:05:00+00:00,3349.39,3350.91,3349.31,3350.53,8.1461,2025,8,12
2025-08-12 09:10:00+00:00,3350.56,3351.09,3349.61,3350.75,7.7945,2025,8,12
2025-08-12 09:15:00+00:00,3350.82,3350.84,3349.92,3349.92,6.6613,2025,8,12
2025-08-12 09:20:00+00:00,3349.92,3349.92,3348.92,3349.56,8.038,2025,8,12
2025-08-12 09:25:00+00:00,3349.38,3349.38,3348.3,3348.48,8.5551,2025,8,12
2025-08-12 09:30:00+00:00,3348.48,3348.48,3347.74,3348.07,6.5317,2025,8,12
2025-08-12 09:35:00+00:00,3348.07,3348.08,3347.2,3347.68,8.3646,2025,8,12
2025-08-12 09:40:00+00:00,3347.67,3348.34,3347.28,3347.28,6.9581,2025,8,12
2025-08-12 09:45:00+00:00,3347.28,3347.28,3345.77,3345.77,6.0975,2025,8,12
2025-08-12 09:50:00+00:00,3345.77,3347.0,3345.69,3346.33,10.1681,2025,8,12
2025-08-12 09:55:00+00:00,3346.3,3346.3,3344.48,3345.05,7.8893,2025,8,12
2025-08-12 10:00:00+00:00,3345.03,3345.05,3343.77,3343.81,10.2732,2025,8,12
2025-08-12 10:05:00+00:00,3343.81,3346.05,3343.73,3346.05,9.485,2025,8,12
2025-08-12 10:10:00+00:00,3346.08,3346.68,3346.08,3346.59,7.1224,2025,8,12
2025-08-12 10:15:00+00:00,3346.58,3348.32,3346.58,3348.08,7.1121,2025,8,12
2025-08-12 10:20:00+00:00,3348.3,3348.3,3345.63,3345.63,8.8845,2025,8,12
2025-08-12 10:25:00+00:00,3345.58,3348.26,3345.53,3347.33,8.8714,2025,8,12
2025-08-12 10:30:00+00:00,3347.53,3347.54,3346.28,3347.36,8.0079,2025,8,12
2025-08-12 10:35:00+00:00,3347.36,3347.36,3344.6,3345.15,6.8228,2025,8,12
2025-08-12 10:40:00+00:00,3345.16,3345.16,3341.0,3344.43,41.0967,2025,8,12
2025-08-12 10:45:00+00:00,3344.44,3345.17,3343.72,3343.96,14.2084,2025,8,12
2025-08-12 10:50:00+00:00,3343.96,3344.67,3343.96,3343.99,5.5867,2025,8,12
2025-08-12 10:55:00+00:00,3343.99,3344.02,3343.5,3343.5,10.7588,2025,8,12
2025-08-12 11:00:00+00:00,3343.5,3343.5,3341.62,3341.63,7.6015,2025,8,12
2025-08-12 11:05:00+00:00,3341.64,3343.15,3341.43,3342.97,13.3623,2025,8,12
2025-08-12 11:10:00+00:00,3342.97,3343.22,3342.81,3343.21,22.7238,2025,8,12
2025-08-12 11:15:00+00:00,3343.21,3343.21,3342.41,3342.41,14.0226,2025,8,12
2025-08-12 11:20:00+00:00,3342.41,3342.42,3339.25,3341.85,77.0055,2025,8,12
2025-08-12 11:25:00+00:00,3341.85,3343.01,3341.85,3342.96,13.2009,2025,8,12
2025-08-12 11:30:00+00:00,3342.96,3343.52,3342.14,3342.14,9.9361,2025,8,12
2025-08-12 11:35:00+00:00,3342.14,3343.86,3338.51,3343.34,37.2307,2025,8,12
2025-08-12 11:40:00+00:00,3343.45,3345.22,3343.45,3345.21,11.4363,2025,8,12
2025-08-12 11:45:00+00:00,3345.21,3345.32,3344.22,3345.22,10.2424,2025,8,12
2025-08-12 11:50:00+00:00,3345.17,3346.7,3345.13,3346.69,9.5096,2025,8,12
2025-08-12 11:55:00+00:00,3346.69,3346.69,3344.89,3344.9,13.4343,2025,8,12
2025-08-12 12:00:00+00:00,3344.9,3346.62,3344.9,3344.91,13.7998,2025,8,12
2025-08-12 12:05:00+00:00,3344.91,3344.91,3344.37,3344.45,8.8015,2025,8,12
2025-08-12 12:10:00+00:00,3344.44,3344.44,3343.3,3343.32,10.7552,2025,8,12
2025-08-12 12:15:00+00:00,3343.01,3343.01,3342.29,3342.83,6.2419,2025,8,12
2025-08-12 12:20:00+00:00,3342.83,3342.83,3340.63,3340.69,25.0112,2025,8,12
2025-08-12 12:25:00+00:00,3340.69,3341.38,3340.19,3340.2,12.6793,2025,8,12
2025-08-12 12:30:00+00:00,3340.2,3351.13,3340.19,3349.15,68.0901,2025,8,12
2025-08-12 12:35:00+00:00,3349.36,3349.36,3344.4,3347.14,19.577,2025,8,12
2025-08-12 12:40:00+00:00,3347.15,3350.98,3345.83,3349.04,19.1054,2025,8,12
2025-08-12 12:45:00+00:00,3349.1,3354.19,3348.93,3354.14,28.8226,2025,8,12
2025-08-12 12:50:00+00:00,3354.14,3354.19,3348.35,3349.59,19.2775,2025,8,12
2025-08-12 12:55:00+00:00,3349.61,3350.52,3347.26,3347.92,28.6173,2025,8,12
2025-08-12 13:00:00+00:00,3347.93,3351.15,3347.18,3347.91,17.1422,2025,8,12
2025-08-12 13:05:00+00:00,3347.97,3348.44,3345.31,3345.57,11.5263,2025,8,12
2025-08-12 13:10:00+00:00,3345.58,3346.19,3341.79,3342.2,19.2835,2025,8,12
2025-08-12 13:15:00+00:00,3342.21,3347.1,3342.2,3344.48,13.0337,2025,8,12
2025-08-12 13:20:00+00:00,3344.64,3344.79,3343.77,3344.73,9.4306,2025,8,12
2025-08-12 13:25:00+00:00,3344.74,3346.36,3343.67,3345.48,17.0919,2025,8,12
2025-08-12 13:30:00+00:00,3345.5,3346.94,3344.37,3344.5,16.8478,2025,8,12
2025-08-12 13:35:00+00:00,3344.54,3344.54,3340.37,3340.49,24.022,2025,8,12
2025-08-12 13:40:00+00:00,3340.48,3351.4,3340.26,3351.13,38.4945,2025,8,12
2025-08-12 13:45:00+00:00,3351.13,3352.25,3344.08,3347.44,33.8248,2025,8,12
2025-08-12 13:50:00+00:00,3347.51,3347.51,3341.69,3342.2,21.4925,2025,8,12
2025-08-12 13:55:00+00:00,3342.47,3345.16,3342.31,3342.71,13.3087,2025,8,12
2025-08-12 14:00:00+00:00,3342.3,3343.24,3340.33,3340.6,12.7764,2025,8,12
2025-08-12 14:05:00+00:00,3340.6,3341.53,3340.47,3340.47,10.7437,2025,8,12
2025-08-12 14:10:00+00:00,3340.48,3340.48,3337.0,3337.0,35.1912,2025,8,12
2025-08-12 14:15:00+00:00,3337.0,3337.0,3332.0,3332.6,67.5528,2025,8,12
2025-08-12 14:20:00+00:00,3332.59,3333.47,3332.0,3333.46,12.7066,2025,8,12
2025-08-12 14:25:00+00:00,3333.47,3335.73,3333.3,3334.33,14.4657,2025,8,12
2025-08-12 14:30:00+00:00,3333.87,3336.98,3332.91,3336.77,15.328,2025,8,12
2025-08-12 14:35:00+00:00,3336.76,3336.78,3334.69,3334.71,9.0356,2025,8,12
2025-08-12 14:40:00+00:00,3334.55,3335.72,3334.24,3335.71,14.3445,2025,8,12
2025-08-12 14:45:00+00:00,3335.71,3335.83,3333.0,3333.01,18.7165,2025,8,12
2025-08-12 14:50:00+00:00,3333.0,3334.4,3332.92,3333.74,21.5665,2025,8,12
2025-08-12 14:55:00+00:00,3333.73,3336.36,3332.27,3335.76,12.086,2025,8,12
2025-08-12 15:00:00+00:00,3335.67,3338.42,3335.24,3337.84,18.2557,2025,8,12
2025-08-12 15:05:00+00:00,3337.83,3339.53,3337.7,3339.53,14.3755,2025,8,12
2025-08-12 15:10:00+00:00,3339.53,3341.99,3339.52,3341.64,22.8275,2025,8,12
2025-08-12 15:15:00+00:00,3341.63,3342.0,3339.99,3341.79,17.5247,2025,8,12
2025-08-12 15:20:00+00:00,3341.79,3345.26,3341.66,3345.07,16.1129,2025,8,12
2025-08-12 15:25:00+00:00,3345.31,3357.21,3345.2,3353.35,279.2944,2025,8,12
2025-08-12 15:30:00+00:00,3353.36,3355.2,3348.0,3348.02,56.0132,2025,8,12
2025-08-12 15:35:00+00:00,3348.67,3350.1,3348.22,3349.37,11.0799,2025,8,12
2025-08-12 15:40:00+00:00,3349.37,3352.04,3348.71,3350.33,11.024,2025,8,12
2025-08-12 15:45:00+00:00,3350.33,3350.33,3349.03,3349.47,9.1238,2025,8,12
2025-08-12 15:50:00+00:00,3349.01,3350.0,3346.4,3348.16,9.8845,2025,8,12
2025-08-12 15:55:00+00:00,3348.16,3349.33,3347.42,3347.79,11.3898,2025,8,12
2025-08-12 16:00:00+00:00,3347.8,3348.45,3347.0,3347.0,9.6183,2025,8,12
2025-08-12 16:05:00+00:00,3347.0,3347.44,3346.64,3347.43,8.2289,2025,8,12
2025-08-12 16:10:00+00:00,3347.43,3348.13,3345.16,3345.16,18.3699,2025,8,12
2025-08-12 16:15:00+00:00,3345.17,3352.28,3343.35,3345.79,46.9775,2025,8,12
2025-08-12 16:20:00+00:00,3345.8,3346.59,3345.49,3345.64,12.1823,2025,8,12
2025-08-12 16:25:00+00:00,3345.63,3346.39,3345.45,3346.39,8.3823,2025,8,12
2025-08-12 16:30:00+00:00,3346.39,3347.2,3344.95,3347.19,12.7644,2025,8,12
2025-08-12 16:35:00+00:00,3347.55,3347.69,3346.06,3347.21,16.5628,2025,8,12
2025-08-12 16:40:00+00:00,3347.21,3347.22,3345.52,3345.52,8.8281,2025,8,12
2025-08-12 16:45:00+00:00,3345.45,3345.45,3343.53,3343.54,10.0429,2025,8,12
2025-08-12 16:50:00+00:00,3343.54,3346.43,3343.54,3345.17,8.0018,2025,8,12
2025-08-12 16:55:00+00:00,3345.31,3345.58,3344.95,3345.58,6.152,2025,8,12
2025-08-12 17:00:00+00:00,3346.02,3346.02,3344.4,3344.62,6.8368,2025,8,12
2025-08-12 17:05:00+00:00,3344.43,3344.92,3344.42,3344.43,8.8083,2025,8,12
2025-08-12 17:10:00+00:00,3344.44,3345.37,3344.42,3344.81,10.9007,2025,8,12
2025-08-12 17:15:00+00:00,3345.21,3345.21,3344.33,3345.0,8.6553,2025,8,12
2025-08-12 17:20:00+00:00,3345.0,3345.92,3345.0,3345.51,7.2942,2025,8,12
2025-08-12 17:25:00+00:00,3345.51,3345.52,3343.18,3343.82,13.1725,2025,8,12
2025-08-12 17:30:00+00:00,3343.82,3344.36,3343.18,3343.19,10.4194,2025,8,12
2025-08-12 17:35:00+00:00,3343.2,3344.56,3343.11,3344.53,9.8763,2025,8,12
2025-08-12 17:40:00+00:00,3344.47,3345.49,3343.86,3344.42,14.5845,2025,8,12
2025-08-12 17:45:00+00:00,3344.42,3344.42,3343.14,3343.15,6.259,2025,8,12
2025-08-12 17:50:00+00:00,3343.14,3343.14,3342.04,3342.9,8.4616,2025,8,12
2025-08-12 17:55:00+00:00,3342.9,3344.1,3342.9,3343.72,11.013,2025,8,12
2025-08-12 18:00:00+00:00,3343.72,3345.26,3343.54,3345.2,8.4527,2025,8,12
2025-08-12 18:05:00+00:00,3345.2,3345.39,3344.43,3344.58,7.8994,2025,8,12
2025-08-12 18:10:00+00:00,3344.58,3344.58,3343.71,3343.96,10.7548,2025,8,12
2025-08-12 18:15:00+00:00,3343.96,3344.8,3343.92,3344.11,11.4224,2025,8,12
2025-08-12 18:20:00+00:00,3344.2,3344.23,3343.0,3343.0,12.6369,2025,8,12
2025-08-12 18:25:00+00:00,3342.9,3343.48,3342.43,3343.18,10.5024,2025,8,12
2025-08-12 18:30:00+00:00,3343.18,3344.29,3343.17,3343.96,8.3113,2025,8,12
2025-08-12 18:35:00+00:00,3343.96,3343.96,3343.34,3343.34,8.4763,2025,8,12
2025-08-12 18:40:00+00:00,3343.34,3343.34,3342.54,3343.21,10.2441,2025,8,12
2025-08-12 18:45:00+00:00,3343.21,3343.22,3342.41,3342.51,6.7987,2025,8,12
2025-08-12 18:50:00+00:00,3342.51,3343.2,3342.33,3342.41,13.8932,2025,8,12
2025-08-12 18:55:00+00:00,3342.4,3344.44,3342.4,3344.44,4.2478,2025,8,12
2025-08-12 19:00:00+00:00,3344.44,3344.47,3343.84,3343.84,5.3904,2025,8,12
2025-08-12 19:05:00+00:00,3343.84,3343.84,3342.0,3342.0,8.7048,2025,8,12
2025-08-12 19:10:00+00:00,3342.0,3343.75,3341.38,3341.38,16.1357,2025,8,12
2025-08-12 19:15:00+00:00,3341.38,3341.38,3341.24,3341.24,6.6959,2025,8,12
2025-08-12 19:20:00+00:00,3341.24,3341.59,3341.16,3341.53,8.7016,2025,8,12
2025-08-12 19:25:00+00:00,3341.53,3342.13,3341.44,3342.12,13.1133,2025,8,12
2025-08-12 19:30:00+00:00,3342.12,3343.16,3342.12,3343.11,13.7687,2025,8,12
2025-08-12 19:35:00+00:00,3343.1,3343.73,3342.4,3342.77,11.1438,2025,8,12
2025-08-12 19:40:00+00:00,3342.79,3342.8,3341.72,3342.34,8.3177,2025,8,12
2025-08-12 19:45:00+00:00,3342.35,3342.37,3342.12,3342.31,7.6032,2025,8,12
2025-08-12 19:50:00+00:00,3342.31,3342.32,3341.87,3341.91,7.1288,2025,8,12
2025-08-12 19:55:00+00:00,3341.91,3343.03,3341.73,3342.33,11.3712,2025,8,12
2025-08-12 20:00:00+00:00,3342.38,3342.38,3341.3,3341.38,9.2757,2025,8,12
2025-08-12 20:05:00+00:00,3341.38,3341.39,3341.03,3341.04,8.4587,2025,8,12
2025-08-12 20:10:00+00:00,3341.1,3341.41,3341.04,3341.4,10.3996,2025,8,12
2025-08-12 20:15:00+00:00,3341.39,3341.5,3340.99,3341.48,49.6759,2025,8,12
2025-08-12 20:20:00+00:00,3341.47,3341.52,3340.41,3341.0,41.8019,2025,8,12
2025-08-12 20:25:00+00:00,3340.99,3343.75,3340.99,3342.93,50.4682,2025,8,12
2025-08-12 20:30:00+00:00,3342.92,3343.2,3342.06,3343.06,21.1193,2025,8,12
2025-08-12 20:35:00+00:00,3343.06,3343.07,3342.22,3342.22,8.2194,2025,8,12
2025-08-12 20:40:00+00:00,3342.22,3342.23,3341.58,3342.23,14.4404,2025,8,12
2025-08-12 20:45:00+00:00,3342.32,3343.24,3342.32,3343.22,10.1361,2025,8,12
2025-08-12 20:50:00+00:00,3343.23,3343.23,3342.73,3342.73,13.8427,2025,8,12
2025-08-12 20:55:00+00:00,3342.73,3342.74,3342.47,3342.47,8.4518,2025,8,12
2025-08-12 21:00:00+00:00,3342.52,3342.53,3342.21,3342.23,7.2063,2025,8,12
2025-08-12 21:05:00+00:00,3342.23,3342.23,3342.06,3342.06,8.3031,2025,8,12
2025-08-12 21:10:00+00:00,3342.06,3342.94,3342.06,3342.83,13.0157,2025,8,12
2025-08-12 21:15:00+00:00,3342.83,3342.84,3342.83,3342.83,11.6232,2025,8,12
2025-08-12 21:20:00+00:00,3342.83,3342.84,3342.83,3342.84,8.4208,2025,8,12
2025-08-12 21:25:00+00:00,3342.83,3343.42,3342.83,3343.03,19.6333,2025,8,12
2025-08-12 21:30:00+00:00,3343.03,3343.03,3342.53,3342.54,12.1583,2025,8,12
2025-08-12 21:35:00+00:00,3342.54,3342.69,3342.12,3342.12,12.6328,2025,8,12
2025-08-12 21:40:00+00:00,3342.12,3342.71,3340.3,3341.05,19.6169,2025,8,12
2025-08-12 21:45:00+00:00,3341.14,3342.37,3340.35,3341.43,9.2852,2025,8,12
2025-08-12 21:50:00+00:00,3341.22,3341.51,3341.05,3341.08,7.287,2025,8,12
2025-08-12 21:55:00+00:00,3341.06,3341.19,3340.0,3341.1,8.7466,2025,8,12
2025-08-12 22:00:00+00:00,3341.1,3343.02,3337.78,3342.9,63.6698,2025,8,12
2025-08-12 22:05:00+00:00,3342.95,3343.41,3342.83,3343.4,8.2333,2025,8,12
2025-08-12 22:10:00+00:00,3343.4,3343.75,3342.74,3343.74,12.177,2025,8,12
2025-08-12 22:15:00+00:00,3343.73,3347.12,3343.73,3346.38,93.4923,2025,8,12
2025-08-12 22:20:00+00:00,3346.39,3347.79,3345.81,3346.38,11.9706,2025,8,12
2025-08-12 22:25:00+00:00,3346.39,3346.39,3344.69,3345.59,8.6035,2025,8,12
2025-08-12 22:30:00+00:00,3345.59,3345.59,3345.26,3345.26,5.8108,2025,8,12
2025-08-12 22:35:00+00:00,3345.25,3345.84,3344.82,3345.84,12.1258,2025,8,12
2025-08-12 22:40:00+00:00,3345.8,3345.8,3344.49,3344.51,10.1865,2025,8,12
2025-08-12 22:45:00+00:00,3344.5,3344.7,3344.18,3344.7,8.8176,2025,8,12
2025-08-12 22:50:00+00:00,3344.7,3344.7,3344.2,3344.2,7.2345,2025,8,12
2025-08-12 22:55:00+00:00,3344.2,3344.21,3344.18,3344.18,6.588,2025,8,12
2025-08-12 23:00:00+00:00,3344.18,3344.39,3344.18,3344.23,9.1227,2025,8,12
2025-08-12 23:05:00+00:00,3344.23,3344.24,3343.57,3343.57,6.224,2025,8,12
2025-08-12 23:10:00+00:00,3343.57,3351.42,3343.55,3345.5,40.9178,2025,8,12
2025-08-12 23:15:00+00:00,3345.51,3345.51,3344.59,3344.6,7.4772,2025,8,12
2025-08-12 23:20:00+00:00,3344.59,3344.6,3344.59,3344.59,5.9068,2025,8,12
2025-08-12 23:25:00+00:00,3344.59,3344.84,3344.15,3344.15,7.5311,2025,8,12
2025-08-12 23:30:00+00:00,3344.15,3344.67,3344.15,3344.16,7.1459,2025,8,12
2025-08-12 23:35:00+00:00,3344.16,3345.6,3344.16,3344.68,12.46,2025,8,12
2025-08-12 23:40:00+00:00,3344.68,3344.72,3344.06,3344.06,8.242,2025,8,12
2025-08-12 23:45:00+00:00,3344.06,3344.07,3343.32,3343.59,12.7133,2025,8,12
2025-08-12 23:50:00+00:00,3343.6,3343.6,3341.97,3342.57,38.4704,2025,8,12
2025-08-12 23:55:00+00:00,3342.57,3342.69,3340.94,3340.96,53.9226,2025,8,12
2025-08-13 00:00:00+00:00,3340.96,3340.97,3340.0,3340.76,9.4564,2025,8,13
2025-08-13 00:05:00+00:00,3340.75,3340.75,3338.3,3338.3,7.7518,2025,8,13
2025-08-13 00:10:00+00:00,3338.31,3338.88,3338.3,3338.7,6.8025,2025,8,13
2025-08-13 00:15:00+00:00,3338.7,3338.7,3337.4,3337.44,9.8997,2025,8,13
2025-08-13 00:20:00+00:00,3337.44,3337.44,3336.31,3336.31,8.3612,2025,8,13
2025-08-13 00:25:00+00:00,3336.31,3338.37,3336.31,3338.37,9.7463,2025,8,13
2025-08-13 00:30:00+00:00,3338.37,3338.85,3336.31,3337.25,13.4142,2025,8,13
2025-08-13 00:35:00+00:00,3337.24,3338.16,3336.77,3337.66,10.8007,2025,8,13
2025-08-13 00:40:00+00:00,3337.65,3338.17,3337.52,3337.56,9.5208,2025,8,13
2025-08-13 00:45:00+00:00,3337.57,3339.16,3337.25,3337.64,22.5491,2025,8,13
2025-08-13 00:50:00+00:00,3337.64,3337.64,3336.31,3336.33,6.7666,2025,8,13
2025-08-13 00:55:00+00:00,3336.32,3336.98,3336.1,3336.63,24.9749,2025,8,13
2025-08-13 01:00:00+00:00,3336.64,3336.64,3336.06,3336.31,13.942,2025,8,13
2025-08-13 01:05:00+00:00,3336.31,3338.78,3336.31,3338.78,26.7946,2025,8,13
2025-08-13 01:10:00+00:00,3338.77,3340.75,3338.77,3339.7,42.6176,2025,8,13
2025-08-13 01:15:00+00:00,3339.69,3340.78,3339.66,3339.66,22.3444,2025,8,13
2025-08-13 01:20:00+00:00,3339.67,3339.67,3335.55,3335.55,102.9543,2025,8,13
2025-08-13 01:25:00+00:00,3335.55,3337.99,3335.55,3337.21,10.6124,2025,8,13
2025-08-13 01:30:00+00:00,3337.4,3340.37,3337.36,3339.24,23.4645,2025,8,13
2025-08-13 01:35:00+00:00,3339.24,3340.74,3339.08,3340.18,40.4354,2025,8,13
2025-08-13 01:40:00+00:00,3340.19,3340.73,3339.59,3340.59,39.0274,2025,8,13
2025-08-13 01:45:00+00:00,3340.76,3341.87,3340.49,3341.15,15.1514,2025,8,13
2025-08-13 01:50:00+00:00,3341.15,3343.03,3341.15,3343.0,14.0269,2025,8,13
2025-08-13 01:55:00+00:00,3343.0,3348.07,3342.65,3344.42,82.9821,2025,8,13
2025-08-13 02:00:00+00:00,3344.42,3344.83,3341.15,3341.83,16.8465,2025,8,13
2025-08-13 02:05:00+00:00,3341.83,3341.83,3339.58,3340.17,13.0724,2025,8,13
2025-08-13 02:10:00+00:00,3340.16,3340.41,3340.06,3340.06,6.8248,2025,8,13
2025-08-13 02:15:00+00:00,3340.06,3342.41,3340.05,3342.4,8.6694,2025,8,13
2025-08-13 02:20:00+00:00,3342.4,3344.22,3342.4,3342.97,13.9863,2025,8,13
2025-08-13 02:25:00+00:00,3342.92,3343.7,3342.86,3343.69,6.0091,2025,8,13
2025-08-13 02:30:00+00:00,3343.7,3343.7,3342.92,3342.92,6.7378,2025,8,13
2025-08-13 02:35:00+00:00,3342.97,3343.58,3342.97,3343.57,6.7621,2025,8,13
2025-08-13 02:40:00+00:00,3343.58,3344.32,3343.29,3343.96,13.5822,2025,8,13
2025-08-13 02:45:00+00:00,3343.81,3344.5,3343.54,3344.47,8.7935,2025,8,13
2025-08-13 02:50:00+00:00,3344.46,3344.51,3344.14,3344.24,8.7132,2025,8,13
2025-08-13 02:55:00+00:00,3344.24,3344.25,3342.3,3343.11,20.6562,2025,8,13
2025-08-13 03:00:00+00:00,3343.19,3343.19,3342.32,3342.32,15.6733,2025,8,13
2025-08-13 03:05:00+00:00,3342.32,3342.32,3342.21,3342.23,6.7863,2025,8,13
2025-08-13 03:10:00+00:00,3342.23,3342.24,3342.0,3342.0,7.908,2025,8,13
2025-08-13 03:15:00+00:00,3342.0,3342.37,3341.6,3342.37,9.6766,2025,8,13
2025-08-13 03:20:00+00:00,3342.37,3342.47,3342.16,3342.39,8.1141,2025,8,13
2025-08-13 03:25:00+00:00,3342.39,3343.19,3342.39,3343.01,9.1731,2025,8,13
2025-08-13 03:30:00+00:00,3343.02,3343.02,3341.51,3341.51,9.2979,2025,8,13
2025-08-13 03:35:00+00:00,3341.44,3341.46,3341.42,3341.45,7.5366,2025,8,13
2025-08-13 03:40:00+00:00,3341.45,3341.65,3341.34,3341.54,9.901,2025,8,13
2025-08-13 03:45:00+00:00,3341.55,3341.79,3341.4,3341.79,12.8311,2025,8,13
2025-08-13 03:50:00+00:00,3341.78,3341.79,3341.24,3341.24,10.385,2025,8,13
2025-08-13 03:55:00+00:00,3341.24,3341.24,3340.29,3340.56,10.1728,2025,8,13
2025-08-13 04:00:00+00:00,3340.56,3341.6,3340.36,3341.56,15.0505,2025,8,13
2025-08-13 04:05:00+00:00,3341.55,3342.44,3341.55,3342.44,8.058,2025,8,13
2025-08-13 04:10:00+00:00,3342.43,3343.4,3342.43,3343.4,9.7458,2025,8,13
2025-08-13 04:15:00+00:00,3343.39,3343.4,3342.77,3342.77,5.6507,2025,8,13
2025-08-13 04:20:00+00:00,3342.76,3342.77,3342.58,3342.59,5.8275,2025,8,13
2025-08-13 04:25:00+00:00,3342.59,3342.97,3342.36,3342.36,12.0431,2025,8,13
2025-08-13 04:30:00+00:00,3342.36,3343.36,3342.08,3342.6,21.8429,2025,8,13
2025-08-13 04:35:00+00:00,3342.61,3342.61,3342.1,3342.13,6.1962,2025,8,13
2025-08-13 04:40:00+00:00,3342.13,3342.81,3342.08,3342.13,8.0437,2025,8,13
2025-08-13 04:45:00+00:00,3342.12,3342.39,3342.08,3342.1,6.2056,2025,8,13
2025-08-13 04:50:00+00:00,3342.09,3342.4,3342.08,3342.09,7.0961,2025,8,13
2025-08-13 04:55:00+00:00,3342.19,3342.4,3342.08,3342.32,10.4461,2025,8,13
2025-08-13 05:00:00+00:00,3342.24,3342.3,3342.08,3342.09,8.6132,2025,8,13
2025-08-13 05:05:00+00:00,3342.08,3342.34,3342.08,3342.13,11.0171,2025,8,13
2025-08-13 05:10:00+00:00,3342.08,3342.24,3342.08,3342.22,8.4659,2025,8,13
2025-08-13 05:15:00+00:00,3342.34,3342.35,3342.08,3342.09,7.4326,2025,8,13
2025-08-13 05:20:00+00:00,3342.09,3342.1,3342.08,3342.08,7.0053,2025,8,13
2025-08-13 05:25:00+00:00,3342.08,3342.1,3342.08,3342.08,8.0408,2025,8,13
2025-08-13 05:30:00+00:00,3342.08,3342.1,3342.08,3342.09,20.1612,2025,8,13
2025-08-13 05:35:00+00:00,3342.08,3342.09,3342.08,3342.08,7.0515,2025,8,13
2025-08-13 05:40:00+00:00,3342.08,3342.09,3342.08,3342.09,17.581,2025,8,13
2025-08-13 05:45:00+00:00,3342.08,3342.09,3342.08,3342.08,10.0223,2025,8,13
2025-08-13 05:50:00+00:00,3342.08,3342.1,3342.08,3342.09,12.5499,2025,8,13
2025-08-13 05:55:00+00:00,3342.09,3342.1,3342.04,3342.05,19.8398,2025,8,13
2025-08-13 06:00:00+00:00,3342.04,3342.78,3341.44,3341.71,12.4925,2025,8,13
2025-08-13 06:05:00+00:00,3341.71,3344.65,3341.71,3344.1,12.6309,2025,8,13
2025-08-13 06:10:00+00:00,3344.11,3344.85,3343.18,3344.85,10.4732,2025,8,13
2025-08-13 06:15:00+00:00,3344.84,3346.2,3344.83,3345.97,7.7796,2025,8,13
2025-08-13 06:20:00+00:00,3345.96,3347.32,3345.96,3347.31,4.8746,2025,8,13
2025-08-13 06:25:00+00:00,3347.3,3347.3,3347.08,3347.1,6.4098,2025,8,13
2025-08-13 06:30:00+00:00,3347.1,3347.1,3347.09,3347.1,1.8728,2025,8,13
2025-08-13 06:35:00+00:00,3347.1,3347.1,3347.09,3347.1,0.4545,2025,8,13
2025-08-13 06:40:00+00:00,3347.1,3347.25,3347.1,3347.16,3.6966,2025,8,13
2025-08-13 06:45:00+00:00,3347.16,3347.99,3347.16,3347.99,4.8127,2025,8,13
2025-08-13 06:50:00+00:00,3347.99,3347.99,3347.98,3347.99,5.8085,2025,8,13
2025-08-13 06:55:00+00:00,3347.99,3348.3,3347.99,3348.3,5.367,2025,8,13
2025-08-13 07:00:00+00:00,3348.29,3348.73,3347.7,3347.7,7.8788,2025,8,13
2025-08-13 07:05:00+00:00,3347.7,3347.71,3347.48,3347.68,3.364,2025,8,13
2025-08-13 07:10:00+00:00,3347.68,3349.52,3347.67,3349.52,5.5454,2025,8,13
2025-08-13 07:15:00+00:00,3349.51,3349.51,3348.06,3348.94,3.1673,2025,8,13
2025-08-13 07:20:00+00:00,3348.94,3349.7,3348.93,3349.7,4.7473,2025,8,13
2025-08-13 07:25:00+00:00,3349.74,3350.51,3349.74,3350.51,5.5779,2025,8,13
2025-08-13 07:30:00+00:00,3350.51,3350.94,3350.51,3350.64,10.6097,2025,8,13
2025-08-13 07:35:00+00:00,3350.64,3351.34,3349.82,3349.99,10.9731,2025,8,13
2025-08-13 07:40:00+00:00,3350.0,3350.0,3348.0,3348.01,4.122,2025,8,13
2025-08-13 07:45:00+00:00,3348.0,3348.02,3348.0,3348.01,0.966,2025,8,13
2025-08-13 07:50:00+00:00,3348.02,3349.76,3348.0,3348.0,17.2714,2025,8,13
2025-08-13 07:55:00+00:00,3348.0,3348.0,3346.04,3346.04,11.5124,2025,8,13
2025-08-13 08:00:00+00:00,3346.04,3346.04,3344.76,3344.76,8.1589,2025,8,13
2025-08-13 08:05:00+00:00,3344.76,3346.48,3344.76,3345.86,4.028,2025,8,13
2025-08-13 08:10:00+00:00,3345.87,3346.15,3345.0,3345.01,13.7624,2025,8,13
2025-08-13 08:15:00+00:00,3345.01,3346.4,3344.12,3344.17,22.0502,2025,8,13
2025-08-13 08:20:00+00:00,3344.16,3345.09,3343.65,3343.76,17.013,2025,8,13
2025-08-13 08:25:00+00:00,3343.77,3345.59,3343.76,3345.15,13.3034,2025,8,13
2025-08-13 08:30:00+00:00,3345.15,3348.31,3344.85,3348.29,22.8007,2025,8,13
2025-08-13 08:35:00+00:00,3348.3,3348.85,3348.29,3348.85,16.0986,2025,8,13
2025-08-13 08:40:00+00:00,3348.85,3349.21,3348.85,3349.1,24.7504,2025,8,13
2025-08-13 08:45:00+00:00,3349.11,3351.78,3349.04,3350.7,33.211,2025,8,13
2025-08-13 08:50:00+00:00,3350.7,3351.18,3350.0,3350.07,19.325,2025,8,13
2025-08-13 08:55:00+00:00,3350.01,3350.53,3348.35,3349.05,22.0742,2025,8,13
2025-08-13 09:00:00+00:00,3349.0,3351.04,3348.76,3348.81,19.2421,2025,8,13
2025-08-13 09:05:00+00:00,3348.72,3350.33,3348.72,3350.11,16.6319,2025,8,13
2025-08-13 09:10:00+00:00,3350.11,3350.11,3348.45,3348.58,20.6651,2025,8,13
2025-08-13 09:15:00+00:00,3348.54,3350.22,3348.35,3349.43,13.6512,2025,8,13
2025-08-13 09:20:00+00:00,3349.43,3351.19,3349.43,3350.56,14.0535,2025,8,13
2025-08-13 09:25:00+00:00,3350.43,3351.77,3350.43,3351.0,15.9077,2025,8,13
2025-08-13 09:30:00+00:00,3351.0,3352.5,3350.71,3351.59,20.4574,2025,8,13
2025-08-13 09:35:00+00:00,3351.6,3352.5,3350.99,3351.76,34.7542,2025,8,13
2025-08-13 09:40:00+00:00,3351.75,3353.23,3351.75,3353.09,16.6153,2025,8,13
2025-08-13 09:45:00+00:00,3353.08,3353.08,3352.62,3352.62,9.4804,2025,8,13
2025-08-13 09:50:00+00:00,3352.62,3355.0,3352.62,3353.83,28.4319,2025,8,13
2025-08-13 09:55:00+00:00,3353.84,3354.18,3352.37,3353.64,22.9316,2025,8,13
2025-08-13 10:00:00+00:00,3353.65,3354.91,3353.65,3354.16,16.7738,2025,8,13
2025-08-13 10:05:00+00:00,3354.16,3354.16,3352.98,3353.07,18.5089,2025,8,13
2025-08-13 10:10:00+00:00,3353.05,3353.56,3353.04,3353.56,18.7992,2025,8,13
2025-08-13 10:15:00+00:00,3353.56,3354.42,3353.55,3354.42,16.9335,2025,8,13
2025-08-13 10:20:00+00:00,3354.41,3354.41,3353.16,3353.16,25.1856,2025,8,13
2025-08-13 10:25:00+00:00,3353.08,3353.09,3353.07,3353.08,11.7615,2025,8,13
2025-08-13 10:30:00+00:00,3353.07,3353.96,3353.07,3353.95,11.6529,2025,8,13
2025-08-13 10:35:00+00:00,3353.96,3354.39,3353.95,3354.22,15.6548,2025,8,13
2025-08-13 10:40:00+00:00,3354.22,3354.32,3353.44,3353.84,19.1928,2025,8,13
2025-08-13 10:45:00+00:00,3353.85,3353.85,3352.67,3353.46,15.8946,2025,8,13
2025-08-13 10:50:00+00:00,3353.46,3354.38,3353.46,3353.76,18.8041,2025,8,13
2025-08-13 10:55:00+00:00,3353.65,3354.9,3353.59,3354.63,23.7394,2025,8,13
2025-08-13 11:00:00+00:00,3354.64,3355.0,3352.76,3352.76,33.8556,2025,8,13
2025-08-13 11:05:00+00:00,3352.69,3353.83,3351.36,3351.51,18.8561,2025,8,13
2025-08-13 11:10:00+00:00,3351.5,3351.89,3350.45,3351.47,23.7696,2025,8,13
2025-08-13 11:15:00+00:00,3351.46,3351.47,3350.82,3350.83,11.7271,2025,8,13
2025-08-13 11:20:00+00:00,3350.83,3351.06,3349.18,3349.81,21.1547,2025,8,13
2025-08-13 11:25:00+00:00,3349.82,3350.93,3349.2,3350.48,19.7843,2025,8,13
2025-08-13 11:30:00+00:00,3351.01,3351.01,3349.32,3349.52,9.5941,2025,8,13
2025-08-13 11:35:00+00:00,3349.53,3349.55,3349.0,3349.01,8.7804,2025,8,13
2025-08-13 11:40:00+00:00,3349.0,3349.63,3348.64,3348.64,18.3258,2025,8,13
2025-08-13 11:45:00+00:00,3348.67,3349.23,3348.38,3349.21,24.9134,2025,8,13
2025-08-13 11:50:00+00:00,3349.21,3349.36,3348.69,3349.2,10.6115,2025,8,13
2025-08-13 11:55:00+00:00,3349.02,3352.33,3345.99,3351.38,56.0875,2025,8,13
2025-08-13 12:00:00+00:00,3351.39,3353.27,3351.38,3352.75,21.0324,2025,8,13
2025-08-13 12:05:00+00:00,3352.59,3352.59,3348.28,3348.29,27.6294,2025,8,13
2025-08-13 12:10:00+00:00,3348.28,3350.18,3348.03,3350.14,26.3791,2025,8,13
2025-08-13 12:15:00+00:00,3350.15,3350.52,3348.8,3350.51,21.1648,2025,8,13
2025-08-13 12:20:00+00:00,3350.51,3352.47,3350.51,3351.85,12.4632,2025,8,13
2025-08-13 12:25:00+00:00,3351.86,3351.86,3350.0,3350.48,23.0165,2025,8,13
2025-08-13 12:30:00+00:00,3350.48,3351.26,3347.79,3350.13,29.3191,2025,8,13
2025-08-13 12:35:00+00:00,3350.14,3350.88,3349.5,3350.06,23.2466,2025,8,13
2025-08-13 12:40:00+00:00,3349.79,3351.22,3347.24,3347.61,21.4882,2025,8,13
2025-08-13 12:45:00+00:00,3347.7,3349.53,3347.59,3349.37,12.3598,2025,8,13
2025-08-13 12:50:00+00:00,3349.22,3349.22,3347.5,3347.51,15.7539,2025,8,13
2025-08-13 12:55:00+00:00,3347.52,3348.91,3347.07,3347.12,13.8773,2025,8,13
2025-08-13 13:00:00+00:00,3347.11,3347.49,3346.18,3346.18,12.6042,2025,8,13
2025-08-13 13:05:00+00:00,3346.09,3347.16,3345.84,3345.9,10.2955,2025,8,13
2025-08-13 13:10:00+00:00,3345.76,3346.98,3345.65,3346.59,13.2064,2025,8,13
2025-08-13 13:15:00+00:00,3346.6,3346.97,3345.01,3345.01,17.1411,2025,8,13
2025-08-13 13:20:00+00:00,3345.01,3346.0,3344.27,3344.81,16.5523,2025,8,13
2025-08-13 13:25:00+00:00,3344.81,3345.67,3344.4,3345.47,17.331,2025,8,13
2025-08-13 13:30:00+00:00,3345.46,3346.15,3344.87,3345.74,15.4781,2025,8,13
2025-08-13 13:35:00+00:00,3345.75,3350.13,3345.75,3350.13,31.501,2025,8,13
2025-08-13 13:40:00+00:00,3350.08,3350.96,3347.72,3350.18,34.8803,2025,8,13
2025-08-13 13:45:00+00:00,3350.18,3352.57,3349.32,3349.76,25.7516,2025,8,13
2025-08-13 13:50:00+00:00,3349.77,3354.99,3349.77,3354.12,50.3154,2025,8,13
2025-08-13 13:55:00+00:00,3354.08,3354.62,3353.51,3354.2,16.3644,2025,8,13
2025-08-13 14:00:00+00:00,3354.2,3356.43,3353.16,3355.26,17.6959,2025,8,13
2025-08-13 14:05:00+00:00,3355.26,3357.88,3354.81,3357.7,26.7722,2025,8,13
2025-08-13 14:10:00+00:00,3357.7,3358.6,3355.1,3356.15,16.8222,2025,8,13
2025-08-13 14:15:00+00:00,3356.17,3356.27,3355.0,3356.02,19.4144,2025,8,13
2025-08-13 14:20:00+00:00,3356.02,3356.36,3355.41,3355.49,8.2851,2025,8,13
2025-08-13 14:25:00+00:00,3355.48,3355.51,3355.0,3355.1,11.3686,2025,8,13
2025-08-13 14:30:00+00:00,3355.1,3355.67,3355.1,3355.66,5.6596,2025,8,13
2025-08-13 14:35:00+00:00,3355.67,3355.68,3355.13,3355.41,8.9848,2025,8,13
2025-08-13 14:40:00+00:00,3355.41,3355.41,3355.0,3355.0,6.3326,2025,8,13
2025-08-13 14:45:00+00:00,3355.0,3355.01,3353.29,3353.3,55.9391,2025,8,13
2025-08-13 14:50:00+00:00,3353.6,3353.93,3353.4,3353.41,7.4041,2025,8,13
2025-08-13 14:55:00+00:00,3353.4,3353.41,3353.4,3353.4,1.4424,2025,8,13
2025-08-13 15:00:00+00:00,3353.4,3355.78,3352.47,3352.71,42.4792,2025,8,13
2025-08-13 15:05:00+00:00,3352.72,3352.78,3351.75,3351.75,14.0601,2025,8,13
2025-08-13 15:10:00+00:00,3351.76,3351.77,3350.43,3350.64,6.155,2025,8,13
2025-08-13 15:15:00+00:00,3350.64,3350.65,3349.59,3349.66,10.3338,2025,8,13
2025-08-13 15:20:00+00:00,3349.66,3350.01,3349.47,3349.7,5.1725,2025,8,13
2025-08-13 15:25:00+00:00,3349.7,3349.71,3349.0,3349.0,5.7615,2025,8,13
2025-08-13 15:30:00+00:00,3349.0,3349.01,3347.9,3348.48,3.2184,2025,8,13
2025-08-13 15:35:00+00:00,3348.49,3348.49,3348.36,3348.49,4.6384,2025,8,13
2025-08-13 15:40:00+00:00,3348.48,3348.49,3348.01,3348.42,3.4226,2025,8,13
2025-08-13 15:45:00+00:00,3348.42,3348.43,3348.2,3348.33,2.8114,2025,8,13
2025-08-13 15:50:00+00:00,3348.32,3348.33,3348.32,3348.33,2.2846,2025,8,13
2025-08-13 15:55:00+00:00,3348.32,3348.33,3348.32,3348.33,3.6468,2025,8,13
2025-08-13 16:00:00+00:00,3348.33,3349.76,3348.33,3349.75,6.5418,2025,8,13
2025-08-13 16:05:00+00:00,3349.75,3351.02,3349.75,3350.97,5.2542,2025,8,13
2025-08-13 16:10:00+00:00,3350.97,3353.6,3350.6,3352.09,23.7455,2025,8,13
2025-08-13 16:15:00+00:00,3352.09,3353.69,3351.04,3352.41,21.1984,2025,8,13
2025-08-13 16:20:00+00:00,3352.42,3355.84,3351.02,3353.25,35.3672,2025,8,13
2025-08-13 16:25:00+00:00,3353.25,3353.56,3352.08,3352.9,17.889,2025,8,13
2025-08-13 16:30:00+00:00,3352.91,3352.91,3352.54,3352.54,9.0481,2025,8,13
2025-08-13 16:35:00+00:00,3352.54,3352.55,3351.38,3352.13,8.0757,2025,8,13
2025-08-13 16:40:00+00:00,3352.13,3352.13,3350.95,3350.99,12.9902,2025,8,13
2025-08-13 16:45:00+00:00,3351.0,3351.07,3350.89,3351.07,3.4331,2025,8,13
2025-08-13 16:50:00+00:00,3351.84,3352.26,3351.84,3352.24,6.056,2025,8,13
2025-08-13 16:55:00+00:00,3352.24,3352.25,3352.05,3352.05,2.4509,2025,8,13
2025-08-13 17:00:00+00:00,3352.05,3352.06,3352.0,3352.0,5.7246,2025,8,13
2025-08-13 17:05:00+00:00,3352.0,3352.0,3350.4,3350.85,17.3873,2025,8,13
2025-08-13 17:10:00+00:00,3350.85,3350.85,3350.84,3350.85,5.126,2025,8,13
2025-08-13 17:15:00+00:00,3350.85,3350.85,3350.84,3350.84,4.0388,2025,8,13
2025-08-13 17:20:00+00:00,3350.84,3351.14,3350.84,3351.12,14.1552,2025,8,13
2025-08-13 17:25:00+00:00,3351.13,3351.13,3349.41,3349.82,29.8904,2025,8,13
2025-08-13 17:30:00+00:00,3349.82,3349.82,3348.34,3348.68,12.5872,2025,8,13
2025-08-13 17:35:00+00:00,3348.69,3348.69,3347.56,3347.64,12.3373,2025,8,13
2025-08-13 17:40:00+00:00,3347.98,3347.99,3346.01,3346.96,12.0726,2025,8,13
2025-08-13 17:45:00+00:00,3347.23,3347.23,3346.95,3346.95,2.001,2025,8,13
2025-08-13 17:50:00+00:00,3346.96,3346.96,3346.58,3346.63,7.2371,2025,8,13
2025-08-13 17:55:00+00:00,3346.63,3346.92,3346.08,3346.61,8.153,2025,8,13
2025-08-13 18:00:00+00:00,3346.61,3346.61,3345.9,3345.9,8.0986,2025,8,13
2025-08-13 18:05:00+00:00,3345.9,3345.91,3345.9,3345.9,9.8031,2025,8,13
2025-08-13 18:10:00+00:00,3345.91,3345.98,3345.91,3345.97,5.4175,2025,8,13
2025-08-13 18:15:00+00:00,3345.97,3346.89,3345.97,3346.29,22.9785,2025,8,13
2025-08-13 18:20:00+00:00,3346.29,3346.3,3345.47,3345.47,12.1027,2025,8,13
2025-08-13 18:25:00+00:00,3345.47,3345.47,3345.0,3345.0,4.6128,2025,8,13
2025-08-13 18:30:00+00:00,3345.01,3345.73,3345.0,3345.73,10.3545,2025,8,13
2025-08-13 18:35:00+00:00,3345.74,3346.88,3345.74,3346.88,2.4134,2025,8,13
2025-08-13 18:40:00+00:00,3346.87,3347.01,3346.87,3347.01,1.7303,2025,8,13
2025-08-13 18:45:00+00:00,3347.0,3347.18,3347.0,3347.13,0.1898,2025,8,13
2025-08-13 18:50:00+00:00,3347.12,3347.18,3347.12,3347.17,1.0655,2025,8,13
2025-08-13 18:55:00+00:00,3347.18,3347.65,3347.18,3347.65,1.7387,2025,8,13
2025-08-13 19:00:00+00:00,3347.65,3347.65,3347.34,3347.34,5.8092,2025,8,13
2025-08-13 19:05:00+00:00,3347.34,3347.35,3347.04,3347.04,0.2512,2025,8,13
2025-08-13 19:10:00+00:00,3347.04,3347.04,3346.04,3346.37,4.5125,2025,8,13
2025-08-13 19:15:00+00:00,3346.37,3347.43,3346.09,3347.43,12.507,2025,8,13
2025-08-13 19:20:00+00:00,3347.44,3349.93,3347.43,3349.57,16.4028,2025,8,13
2025-08-13 19:25:00+00:00,3349.92,3349.92,3349.06,3349.25,4.818,2025,8,13
2025-08-13 19:30:00+00:00,3349.25,3349.25,3349.0,3349.05,1.5373,2025,8,13
2025-08-13 19:35:00+00:00,3349.05,3349.26,3349.04,3349.26,1.7003,2025,8,13
2025-08-13 19:40:00+00:00,3349.26,3349.26,3348.35,3348.72,4.8938,2025,8,13
2025-08-13 19:45:00+00:00,3348.71,3350.0,3348.71,3349.99,6.3517,2025,8,13
2025-08-13 19:50:00+00:00,3350.0,3350.92,3349.99,3350.59,3.1021,2025,8,13
2025-08-13 19:55:00+00:00,3350.58,3351.6,3350.49,3351.44,2.9141,2025,8,13
2025-08-13 20:00:00+00:00,3351.44,3351.44,3349.67,3349.68,3.6689,2025,8,13
2025-08-13 20:05:00+00:00,3349.68,3350.9,3349.67,3350.9,3.1455,2025,8,13
2025-08-13 20:10:00+00:00,3351.17,3351.17,3350.6,3350.88,2.8934,2025,8,13
2025-08-13 20:15:00+00:00,3350.88,3350.88,3350.87,3350.87,0.0992,2025,8,13
2025-08-13 20:20:00+00:00,3350.87,3350.88,3350.7,3350.71,5.4452,2025,8,13
2025-08-13 20:25:00+00:00,3350.7,3350.71,3349.9,3349.9,6.0814,2025,8,13
2025-08-13 20:30:00+00:00,3349.91,3349.91,3349.26,3349.64,2.6433,2025,8,13
2025-08-13 20:35:00+00:00,3349.64,3349.64,3349.07,3349.07,4.3823,2025,8,13
2025-08-13 20:40:00+00:00,3349.27,3350.24,3349.27,3350.23,6.7717,2025,8,13
2025-08-13 20:45:00+00:00,3350.24,3350.58,3350.24,3350.57,2.3499,2025,8,13
2025-08-13 20:50:00+00:00,3350.58,3350.58,3350.24,3350.29,3.9277,2025,8,13
2025-08-13 20:55:00+00:00,3350.28,3351.22,3350.28,3350.8,7.9056,2025,8,13
2025-08-13 21:00:00+00:00,3350.8,3350.8,3350.58,3350.58,3.0724,2025,8,13
2025-08-13 21:05:00+00:00,3350.58,3350.75,3350.24,3350.27,8.2516,2025,8,13
2025-08-13 21:10:00+00:00,3350.26,3351.5,3350.26,3351.5,17.403,2025,8,13
2025-08-13 21:15:00+00:00,3351.5,3352.45,3351.5,3352.44,11.2403,2025,8,13
2025-08-13 21:20:00+00:00,3352.45,3352.57,3352.44,3352.57,12.8784,2025,8,13
2025-08-13 21:25:00+00:00,3352.57,3357.68,3352.57,3353.0,48.4009,2025,8,13
2025-08-13 21:30:00+00:00,3353.0,3353.71,3351.22,3353.33,7.4415,2025,8,13
2025-08-13 21:35:00+00:00,3353.33,3353.33,3352.28,3352.32,4.0685,2025,8,13
2025-08-13 21:40:00+00:00,3352.34,3354.4,3352.34,3354.24,8.7961,2025,8,13
2025-08-13 21:45:00+00:00,3354.24,3356.49,3353.66,3354.25,7.4116,2025,8,13
2025-08-13 21:50:00+00:00,3354.06,3354.06,3353.48,3353.48,2.0702,2025,8,13
2025-08-13 21:55:00+00:00,3353.47,3353.83,3352.28,3352.34,5.673,2025,8,13
2025-08-13 22:00:00+00:00,3352.3,3352.3,3350.96,3350.96,2.6595,2025,8,13
2025-08-13 22:05:00+00:00,3350.97,3351.7,3350.97,3351.7,3.4031,2025,8,13
2025-08-13 22:10:00+00:00,3351.71,3352.08,3351.35,3351.94,8.6458,2025,8,13
2025-08-13 22:15:00+00:00,3351.93,3351.93,3350.98,3350.99,4.9769,2025,8,13
2025-08-13 22:20:00+00:00,3350.98,3351.53,3350.98,3351.43,5.4071,2025,8,13
2025-08-13 22:25:00+00:00,3351.54,3352.47,3351.54,3352.46,5.3369,2025,8,13
2025-08-13 22:30:00+00:00,3352.46,3352.47,3352.23,3352.34,12.1251,2025,8,13
2025-08-13 22:35:00+00:00,3352.34,3352.34,3352.27,3352.3,1.0771,2025,8,13
2025-08-13 22:40:00+00:00,3352.3,3353.7,3351.61,3351.85,20.9105,2025,8,13
2025-08-13 22:45:00+00:00,3351.87,3353.49,3350.95,3351.82,20.2392,2025,8,13
2025-08-13 22:50:00+00:00,3351.83,3351.83,3351.53,3351.81,6.1798,2025,8,13
2025-08-13 22:55:00+00:00,3351.82,3351.82,3349.49,3349.93,27.4534,2025,8,13
2025-08-13 23:00:00+00:00,3350.47,3353.37,3350.47,3353.21,4.2379,2025,8,13
2025-08-13 23:05:00+00:00,3353.22,3353.34,3350.0,3352.25,64.3334,2025,8,13
2025-08-13 23:10:00+00:00,3352.25,3352.25,3348.61,3350.55,59.6799,2025,8,13
2025-08-13 23:15:00+00:00,3350.51,3351.39,3350.5,3351.39,2.9134,2025,8,13
2025-08-13 23:20:00+00:00,3351.39,3351.67,3351.12,3351.57,5.688,2025,8,13
2025-08-13 23:25:00+00:00,3351.52,3352.47,3351.52,3352.47,4.9837,2025,8,13
2025-08-13 23:30:00+00:00,3352.75,3353.33,3352.75,3353.26,1.9136,2025,8,13
2025-08-13 23:35:00+00:00,3353.18,3353.99,3353.1,3353.5,8.6957,2025,8,13
2025-08-13 23:40:00+00:00,3353.49,3353.5,3353.23,3353.23,3.2411,2025,8,13
2025-08-13 23:45:00+00:00,3353.22,3354.16,3353.22,3354.16,2.3036,2025,8,13
2025-08-13 23:50:00+00:00,3354.16,3354.28,3353.78,3353.9,3.8144,2025,8,13
2025-08-13 23:55:00+00:00,3353.85,3353.91,3353.27,3353.91,4.2546,2025,8,13
2025-08-14 00:00:00+00:00,3353.91,3355.41,3353.91,3355.32,6.6328,2025,8,14
2025-08-14 00:05:00+00:00,3355.54,3357.65,3355.54,3357.12,12.5852,2025,8,14
2025-08-14 00:10:00+00:00,3357.23,3358.6,3357.14,3358.39,12.486,2025,8,14
2025-08-14 00:15:00+00:00,3358.4,3358.99,3358.4,3358.94,1.6511,2025,8,14
2025-08-14 00:20:00+00:00,3358.94,3361.0,3358.93,3361.0,12.1865,2025,8,14
2025-08-14 00:25:00+00:00,3361.0,3361.0,3354.0,3358.88,117.5482,2025,8,14
2025-08-14 00:30:00+00:00,3359.13,3360.83,3356.41,3359.19,25.5138,2025,8,14
2025-08-14 00:35:00+00:00,3359.11,3359.11,3349.15,3355.96,161.083,2025,8,14
2025-08-14 00:40:00+00:00,3356.12,3357.19,3355.59,3357.19,3.2915,2025,8,14
2025-08-14 00:45:00+00:00,3357.2,3358.71,3357.2,3358.71,14.9403,2025,8,14
2025-08-14 00:50:00+00:00,3358.71,3358.75,3357.49,3358.39,5.6766,2025,8,14
2025-08-14 00:55:00+00:00,3358.39,3358.86,3357.82,3357.82,6.8397,2025,8,14
2025-08-14 01:00:00+00:00,3357.66,3358.55,3357.44,3357.67,2.4456,2025,8,14
2025-08-14 01:05:00+00:00,3357.68,3358.23,3357.33,3358.23,2.4408,2025,8,14
2025-08-14 01:10:00+00:00,3358.28,3358.28,3357.65,3358.17,2.6885,2025,8,14
2025-08-14 01:15:00+00:00,3358.17,3358.54,3355.01,3357.0,78.4595,2025,8,14
2025-08-14 01:20:00+00:00,3356.56,3357.52,3354.02,3354.27,13.7025,2025,8,14
2025-08-14 01:25:00+00:00,3354.26,3355.12,3354.26,3355.11,5.9568,2025,8,14
2025-08-14 01:30:00+00:00,3355.12,3355.64,3354.09,3355.64,6.678,2025,8,14
2025-08-14 01:35:00+00:00,3355.64,3355.64,3354.08,3354.78,4.1931,2025,8,14
2025-08-14 01:40:00+00:00,3354.78,3355.82,3354.78,3355.82,3.0076,2025,8,14
2025-08-14 01:45:00+00:00,3355.82,3358.87,3355.82,3358.87,1.391,2025,8,14
2025-08-14 01:50:00+00:00,3358.86,3360.19,3358.23,3358.23,16.7765,2025,8,14
2025-08-14 01:55:00+00:00,3358.46,3358.68,3357.13,3357.9,4.0556,2025,8,14
2025-08-14 02:00:00+00:00,3357.75,3358.47,3357.0,3358.29,31.9291,2025,8,14
2025-08-14 02:05:00+00:00,3358.3,3358.3,3356.48,3357.67,7.112,2025,8,14
2025-08-14 02:10:00+00:00,3357.67,3359.07,3357.67,3358.97,1.246,2025,8,14
2025-08-14 02:15:00+00:00,3359.2,3359.44,3358.64,3358.64,4.6605,2025,8,14
2025-08-14 02:20:00+00:00,3358.64,3358.82,3357.39,3358.2,11.5575,2025,8,14
2025-08-14 02:25:00+00:00,3357.94,3358.66,3357.02,3357.02,5.0474,2025,8,14
2025-08-14 02:30:00+00:00,3357.02,3357.02,3356.29,3356.29,4.0072,2025,8,14
2025-08-14 02:35:00+00:00,3356.29,3358.02,3356.28,3357.98,2.0383,2025,8,14
2025-08-14 02:40:00+00:00,3357.98,3359.35,3357.65,3358.68,8.1861,2025,8,14
2025-08-14 02:45:00+00:00,3358.67,3358.67,3357.67,3357.67,1.8144,2025,8,14
2025-08-14 02:50:00+00:00,3357.67,3357.67,3353.75,3355.27,21.4403,2025,8,14
2025-08-14 02:55:00+00:00,3355.27,3355.27,3354.67,3354.67,1.1636,2025,8,14
2025-08-14 03:00:00+00:00,3354.66,3354.66,3351.89,3351.89,4.8102,2025,8,14
2025-08-14 03:05:00+00:00,3351.94,3352.07,3351.37,3351.38,5.5598,2025,8,14
2025-08-14 03:10:00+00:00,3351.39,3352.78,3350.3,3352.16,16.8079,2025,8,14
2025-08-14 03:15:00+00:00,3352.16,3352.16,3350.0,3350.01,3.3145,2025,8,14
2025-08-14 03:20:00+00:00,3350.0,3351.5,3349.74,3350.72,3.8922,2025,8,14
2025-08-14 03:25:00+00:00,3350.72,3350.72,3350.16,3350.32,3.9947,2025,8,14
2025-08-14 03:30:00+00:00,3350.16,3350.67,3348.72,3348.81,16.5595,2025,8,14
2025-08-14 03:35:00+00:00,3348.83,3348.83,3348.82,3348.83,0.905,2025,8,14
2025-08-14 03:40:00+00:00,3348.83,3349.5,3348.83,3349.5,1.3811,2025,8,14
2025-08-14 03:45:00+00:00,3349.7,3349.7,3349.38,3349.39,4.0614,2025,8,14
2025-08-14 03:50:00+00:00,3349.39,3350.0,3349.38,3349.99,5.4772,2025,8,14
2025-08-14 03:55:00+00:00,3349.99,3351.52,3349.99,3351.37,6.3605,2025,8,14
2025-08-14 04:00:00+00:00,3351.38,3356.08,3351.38,3352.45,28.6313,2025,8,14
2025-08-14 04:05:00+00:00,3352.35,3352.35,3352.22,3352.31,0.7325,2025,8,14
2025-08-14 04:10:00+00:00,3352.31,3352.31,3352.31,3352.31,0.2114,2025,8,14
2025-08-14 04:15:00+00:00,3352.31,3352.31,3350.06,3350.87,20.4867,2025,8,14
2025-08-14 04:20:00+00:00,3350.77,3350.77,3350.08,3350.65,6.3634,2025,8,14
2025-08-14 04:25:00+00:00,3350.65,3352.54,3350.65,3352.54,9.278,2025,8,14
2025-08-14 04:30:00+00:00,3352.6,3352.67,3350.07,3350.08,4.7051,2025,8,14
2025-08-14 04:35:00+00:00,3350.08,3350.32,3350.07,3350.32,2.8197,2025,8,14
2025-08-14 04:40:00+00:00,3350.47,3350.48,3350.0,3350.47,4.0092,2025,8,14
2025-08-14 04:45:00+00:00,3350.48,3351.02,3350.48,3351.02,2.0169,2025,8,14
2025-08-14 04:50:00+00:00,3351.02,3351.1,3351.02,3351.1,1.3005,2025,8,14
2025-08-14 04:55:00+00:00,3351.16,3351.78,3351.16,3351.4,5.0269,2025,8,14
2025-08-14 05:00:00+00:00,3351.49,3351.77,3351.03,3351.13,6.6083,2025,8,14
2025-08-14 05:05:00+00:00,3351.16,3351.67,3351.16,3351.67,0.4474,2025,8,14
2025-08-14 05:10:00+00:00,3351.67,3351.67,3351.2,3351.45,0.88,2025,8,14
2025-08-14 05:15:00+00:00,3351.45,3351.7,3351.45,3351.49,1.9146,2025,8,14
2025-08-14 05:20:00+00:00,3351.5,3351.5,3351.13,3351.13,1.3801,2025,8,14
2025-08-14 05:25:00+00:00,3351.13,3351.13,3350.65,3350.65,2.5178,2025,8,14
2025-08-14 05:30:00+00:00,3350.65,3350.65,3350.0,3350.0,21.5856,2025,8,14
2025-08-14 05:35:00+00:00,3350.0,3350.01,3350.0,3350.0,5.104,2025,8,14
2025-08-14 05:40:00+00:00,3350.01,3350.01,3350.0,3350.0,2.2341,2025,8,14
2025-08-14 05:45:00+00:00,3350.0,3350.93,3350.0,3350.93,6.1372,2025,8,14
2025-08-14 05:50:00+00:00,3350.93,3350.93,3350.03,3350.17,9.2579,2025,8,14
2025-08-14 05:55:00+00:00,3350.17,3350.18,3350.17,3350.17,3.0275,2025,8,14
2025-08-14 06:00:00+00:00,3350.18,3350.18,3348.5,3348.5,8.6667,2025,8,14
2025-08-14 06:05:00+00:00,3348.51,3350.39,3348.5,3350.39,4.7877,2025,8,14
2025-08-14 06:10:00+00:00,3350.4,3351.51,3350.4,3351.5,3.3168,2025,8,14
2025-08-14 06:15:00+00:00,3351.5,3351.5,3349.5,3349.5,3.9516,2025,8,14
2025-08-14 06:20:00+00:00,3349.51,3349.54,3348.88,3348.99,4.0741,2025,8,14
2025-08-14 06:25:00+00:00,3348.99,3349.18,3348.59,3349.07,3.1403,2025,8,14
2025-08-14 06:30:00+00:00,3349.22,3349.62,3349.03,3349.62,5.0944,2025,8,14
2025-08-14 06:35:00+00:00,3349.63,3349.64,3349.54,3349.55,3.6383,2025,8,14
2025-08-14 06:40:00+00:00,3349.63,3349.94,3349.63,3349.79,3.5332,2025,8,14
2025-08-14 06:45:00+00:00,3349.94,3350.27,3349.94,3350.06,4.8236,2025,8,14
2025-08-14 06:50:00+00:00,3350.06,3350.59,3350.06,3350.59,1.1393,2025,8,14
2025-08-14 06:55:00+00:00,3350.62,3352.76,3350.62,3352.76,3.0079,2025,8,14
2025-08-14 07:00:00+00:00,3352.77,3355.29,3352.77,3355.29,4.6918,2025,8,14
2025-08-14 07:05:00+00:00,3355.61,3355.61,3354.09,3354.09,8.1448,2025,8,14
2025-08-14 07:10:00+00:00,3354.06,3354.92,3354.06,3354.71,5.8664,2025,8,14
2025-08-14 07:15:00+00:00,3354.39,3354.48,3354.0,3354.0,12.4749,2025,8,14
2025-08-14 07:20:00+00:00,3354.0,3354.71,3354.0,3354.71,14.2421,2025,8,14
2025-08-14 07:25:00+00:00,3354.7,3354.9,3354.7,3354.9,2.2444,2025,8,14
2025-08-14 07:30:00+00:00,3354.89,3354.9,3351.0,3352.17,40.8149,2025,8,14
2025-08-14 07:35:00+00:00,3351.73,3351.73,3349.19,3349.32,21.0887,2025,8,14
2025-08-14 07:40:00+00:00,3349.32,3349.33,3344.52,3345.83,65.5778,2025,8,14
2025-08-14 07:45:00+00:00,3345.83,3345.83,3344.67,3345.61,12.671,2025,8,14
2025-08-14 07:50:00+00:00,3345.21,3345.21,3342.0,3343.05,30.7871,2025,8,14
2025-08-14 07:55:00+00:00,3343.06,3343.37,3340.0,3340.72,38.2942,2025,8,14
2025-08-14 08:00:00+00:00,3340.73,3341.2,3338.18,3340.56,25.5729,2025,8,14
2025-08-14 08:05:00+00:00,3340.57,3342.51,3339.48,3340.79,10.2405,2025,8,14
2025-08-14 08:10:00+00:00,3340.78,3342.79,3339.99,3340.94,15.3156,2025,8,14
2025-08-14 08:15:00+00:00,3340.63,3340.63,3338.69,3340.62,11.9867,2025,8,14
2025-08-14 08:20:00+00:00,3340.71,3343.25,3340.71,3342.87,2.0378,2025,8,14
2025-08-14 08:25:00+00:00,3342.87,3344.35,3342.87,3344.24,1.488,2025,8,14
2025-08-14 08:30:00+00:00,3344.25,3345.36,3343.94,3344.11,2.6431,2025,8,14
2025-08-14 08:35:00+00:00,3344.12,3344.12,3340.28,3340.28,5.0892,2025,8,14
2025-08-14 08:40:00+00:00,3340.29,3342.83,3340.28,3342.82,5.3879,2025,8,14
2025-08-14 08:45:00+00:00,3342.82,3343.48,3342.09,3342.2,10.5928,2025,8,14
2025-08-14 08:50:00+00:00,3342.19,3342.47,3340.98,3340.98,10.8231,2025,8,14
2025-08-14 08:55:00+00:00,3341.0,3341.0,3340.99,3341.0,6.9771,2025,8,14
2025-08-14 09:00:00+00:00,3341.0,3342.13,3341.0,3342.12,7.868,2025,8,14
2025-08-14 09:05:00+00:00,3342.2,3346.06,3342.2,3346.06,3.763,2025,8,14
2025-08-14 09:10:00+00:00,3346.06,3348.44,3345.52,3347.84,25.3465,2025,8,14
2025-08-14 09:15:00+00:00,3347.68,3349.57,3347.05,3349.57,7.8389,2025,8,14
2025-08-14 09:20:00+00:00,3349.6,3350.0,3347.89,3348.53,6.9839,2025,8,14
2025-08-14 09:25:00+00:00,3348.54,3350.0,3348.54,3348.83,5.8444,2025,8,14
2025-08-14 09:30:00+00:00,3348.83,3349.15,3348.25,3349.15,5.0926,2025,8,14
2025-08-14 09:35:00+00:00,3349.32,3349.44,3348.61,3348.61,2.3558,2025,8,14
2025-08-14 09:40:00+00:00,3348.61,3348.61,3347.57,3347.58,1.0056,2025,8,14
2025-08-14 09:45:00+00:00,3347.57,3347.57,3345.71,3346.51,3.6398,2025,8,14
2025-08-14 09:50:00+00:00,3346.52,3349.67,3346.52,3349.67,6.5873,2025,8,14
2025-08-14 09:55:00+00:00,3349.77,3349.77,3348.76,3348.76,2.617,2025,8,14
2025-08-14 10:00:00+00:00,3348.77,3348.77,3347.79,3347.79,2.7982,2025,8,14
2025-08-14 10:05:00+00:00,3347.79,3347.79,3346.49,3346.72,3.9529,2025,8,14
2025-08-14 10:10:00+00:00,3346.72,3349.41,3346.62,3349.41,5.1803,2025,8,14
2025-08-14 10:15:00+00:00,3349.41,3349.41,3347.7,3348.99,8.1281,2025,8,14
2025-08-14 10:20:00+00:00,3349.0,3349.15,3348.22,3348.25,1.8497,2025,8,14
2025-08-14 10:25:00+00:00,3348.66,3349.74,3348.66,3349.72,4.4724,2025,8,14
2025-08-14 10:30:00+00:00,3349.73,3349.87,3349.61,3349.67,2.9146,2025,8,14
2025-08-14 10:35:00+00:00,3349.87,3349.87,3349.02,3349.26,2.1411,2025,8,14
2025-08-14 10:40:00+00:00,3349.25,3349.26,3347.07,3347.16,11.1316,2025,8,14
2025-08-14 10:45:00+00:00,3347.17,3347.69,3344.96,3345.05,12.6631,2025,8,14
2025-08-14 10:50:00+00:00,3345.05,3346.96,3345.05,3346.41,3.8656,2025,8,14
2025-08-14 10:55:00+00:00,3346.41,3346.89,3346.41,3346.77,4.7136,2025,8,14
2025-08-14 11:00:00+00:00,3346.78,3349.0,3346.78,3348.99,5.7169,2025,8,14
2025-08-14 11:05:00+00:00,3348.99,3348.99,3347.23,3347.29,5.0544,2025,8,14
2025-08-14 11:10:00+00:00,3347.3,3347.96,3345.44,3346.18,12.0629,2025,8,14
2025-08-14 11:15:00+00:00,3346.18,3346.59,3344.28,3344.9,32.7827,2025,8,14
2025-08-14 11:20:00+00:00,3344.37,3346.77,3344.13,3345.63,19.3309,2025,8,14
2025-08-14 11:25:00+00:00,3345.63,3345.63,3345.62,3345.63,0.9909,2025,8,14
2025-08-14 11:30:00+00:00,3345.63,3346.37,3345.62,3346.37,3.3061,2025,8,14
2025-08-14 11:35:00+00:00,3346.36,3347.63,3345.67,3345.79,11.7341,2025,8,14
2025-08-14 11:40:00+00:00,3345.8,3345.8,3344.48,3344.48,5.5686,2025,8,14
2025-08-14 11:45:00+00:00,3344.74,3344.93,3344.0,3344.32,14.0256,2025,8,14
2025-08-14 11:50:00+00:00,3344.33,3345.51,3344.33,3345.41,1.3412,2025,8,14
2025-08-14 11:55:00+00:00,3345.41,3345.64,3344.92,3345.32,3.3062,2025,8,14
2025-08-14 12:00:00+00:00,3345.32,3346.33,3344.0,3346.33,24.3913,2025,8,14
2025-08-14 12:05:00+00:00,3346.24,3347.49,3345.36,3346.91,6.6353,2025,8,14
2025-08-14 12:10:00+00:00,3346.62,3346.85,3345.2,3345.82,8.0738,2025,8,14
2025-08-14 12:15:00+00:00,3345.8,3345.8,3344.01,3344.26,13.3735,2025,8,14
2025-08-14 12:20:00+00:00,3344.26,3344.63,3344.03,3344.21,6.8465,2025,8,14
2025-08-14 12:25:00+00:00,3344.2,3344.51,3344.2,3344.22,1.5665,2025,8,14
2025-08-14 12:30:00+00:00,3344.21,3344.21,3335.01,3336.87,99.9806,2025,8,14
2025-08-14 12:35:00+00:00,3336.91,3340.07,3336.0,3338.94,52.6737,2025,8,14
2025-08-14 12:40:00+00:00,3338.86,3342.17,3337.01,3342.17,11.1839,2025,8,14
2025-08-14 12:45:00+00:00,3342.15,3344.41,3340.91,3341.2,19.2163,2025,8,14
2025-08-14 12:50:00+00:00,3340.91,3343.75,3336.67,3339.34,42.6249,2025,8,14
2025-08-14 12:55:00+00:00,3339.35,3339.88,3337.72,3339.7,14.0152,2025,8,14
2025-08-14 13:00:00+00:00,3339.69,3341.24,3337.13,3340.65,35.0929,2025,8,14
2025-08-14 13:05:00+00:00,3340.64,3342.4,3339.75,3342.04,37.3118,2025,8,14
2025-08-14 13:10:00+00:00,3342.18,3342.93,3340.39,3340.4,41.7123,2025,8,14
2025-08-14 13:15:00+00:00,3340.4,3343.41,3339.57,3342.01,14.112,2025,8,14
2025-08-14 13:20:00+00:00,3342.01,3342.01,3335.62,3335.62,58.9172,2025,8,14
2025-08-14 13:25:00+00:00,3335.54,3335.57,3335.0,3335.0,53.6785,2025,8,14
2025-08-14 13:30:00+00:00,3335.0,3338.63,3335.0,3338.63,39.4188,2025,8,14
2025-08-14 13:35:00+00:00,3336.47,3339.13,3336.46,3338.9,19.8549,2025,8,14
2025-08-14 13:40:00+00:00,3338.9,3339.13,3337.0,3338.43,25.3294,2025,8,14
2025-08-14 13:45:00+00:00,3338.44,3338.79,3337.0,3337.15,20.1256,2025,8,14
2025-08-14 13:50:00+00:00,3337.15,3337.73,3337.0,3337.73,7.4574,2025,8,14
2025-08-14 13:55:00+00:00,3337.73,3338.38,3337.55,3338.09,24.5043,2025,8,14
2025-08-14 14:00:00+00:00,3338.09,3338.11,3336.76,3337.59,20.7509,2025,8,14
2025-08-14 14:05:00+00:00,3337.59,3337.59,3330.41,3330.69,57.0238,2025,8,14
2025-08-14 14:10:00+00:00,3330.68,3331.93,3330.0,3331.43,27.8465,2025,8,14
2025-08-14 14:15:00+00:00,3331.25,3336.44,3331.25,3336.43,13.9912,2025,8,14
2025-08-14 14:20:00+00:00,3336.31,3337.6,3335.11,3337.2,8.2605,2025,8,14
2025-08-14 14:25:00+00:00,3337.21,3337.6,3336.84,3337.54,6.3091,2025,8,14
2025-08-14 14:30:00+00:00,3337.54,3339.01,3337.54,3338.16,3.9322,2025,8,14
2025-08-14 14:35:00+00:00,3338.16,3338.36,3337.29,3337.29,16.3969,2025,8,14
2025-08-14 14:40:00+00:00,3337.29,3337.29,3335.77,3335.77,14.3565,2025,8,14
2025-08-14 14:45:00+00:00,3335.73,3335.73,3333.34,3333.41,8.9866,2025,8,14
2025-08-14 14:50:00+00:00,3333.41,3335.29,3333.4,3334.92,19.6951,2025,8,14
2025-08-14 14:55:00+00:00,3334.92,3334.93,3333.74,3334.8,6.4509,2025,8,14
2025-08-14 15:00:00+00:00,3334.81,3334.81,3332.01,3332.01,14.4324,2025,8,14
2025-08-14 15:05:00+00:00,3332.0,3332.78,3331.27,3331.67,6.722,2025,8,14
2025-08-14 15:10:00+00:00,3331.68,3332.16,3331.43,3331.97,6.5904,2025,8,14
2025-08-14 15:15:00+00:00,3331.96,3333.84,3331.96,3333.84,7.1219,2025,8,14
2025-08-14 15:20:00+00:00,3333.84,3334.12,3330.76,3331.02,6.3451,2025,8,14
2025-08-14 15:25:00+00:00,3330.7,3333.1,3330.7,3332.71,4.8826,2025,8,14
2025-08-14 15:30:00+00:00,3332.71,3333.75,3332.01,3333.71,17.4123,2025,8,14
2025-08-14 15:35:00+00:00,3333.71,3334.46,3332.97,3333.34,11.8239,2025,8,14
2025-08-14 15:40:00+00:00,3333.33,3334.96,3333.07,3333.55,6.6565,2025,8,14
2025-08-14 15:45:00+00:00,3333.34,3336.8,3333.33,3335.42,7.3021,2025,8,14
2025-08-14 15:50:00+00:00,3335.43,3335.98,3335.0,3335.14,5.0685,2025,8,14
2025-08-14 15:55:00+00:00,3335.14,3335.14,3335.0,3335.01,1.5232,2025,8,14
2025-08-14 16:00:00+00:00,3335.01,3335.61,3334.23,3334.24,7.9094,2025,8,14
2025-08-14 16:05:00+00:00,3334.24,3334.24,3331.65,3331.98,20.1313,2025,8,14
2025-08-14 16:10:00+00:00,3332.3,3332.3,3330.0,3330.17,11.3833,2025,8,14
2025-08-14 16:15:00+00:00,3330.17,3330.17,3325.0,3327.09,96.9384,2025,8,14
2025-08-14 16:20:00+00:00,3327.08,3327.08,3324.39,3326.48,72.65,2025,8,14
2025-08-14 16:25:00+00:00,3326.47,3326.93,3325.38,3326.92,5.0126,2025,8,14
2025-08-14 16:30:00+00:00,3326.92,3326.97,3324.6,3326.56,16.2113,2025,8,14
2025-08-14 16:35:00+00:00,3326.42,3328.41,3326.42,3327.84,13.8789,2025,8,14
2025-08-14 16:40:00+00:00,3327.83,3328.35,3327.83,3328.35,4.2963,2025,8,14
2025-08-14 16:45:00+00:00,3328.34,3329.56,3328.16,3328.16,19.0827,2025,8,14
2025-08-14 16:50:00+00:00,3328.17,3329.16,3328.16,3329.16,6.6175,2025,8,14
2025-08-14 16:55:00+00:00,3329.09,3329.09,3328.63,3328.63,2.0857,2025,8,14
2025-08-14 17:00:00+00:00,3328.59,3328.59,3328.16,3328.16,4.6517,2025,8,14
2025-08-14 17:05:00+00:00,3328.17,3329.8,3327.16,3329.8,8.6618,2025,8,14
2025-08-14 17:10:00+00:00,3329.8,3330.47,3329.79,3330.47,2.7829,2025,8,14
2025-08-14 17:15:00+00:00,3330.52,3332.0,3330.52,3331.4,12.495,2025,8,14
2025-08-14 17:20:00+00:00,3331.4,3331.9,3330.81,3331.9,5.7194,2025,8,14
2025-08-14 17:25:00+00:00,3331.9,3333.26,3331.9,3332.0,10.2341,2025,8,14
2025-08-14 17:30:00+00:00,3332.01,3332.01,3331.61,3331.61,2.0261,2025,8,14
2025-08-14 17:35:00+00:00,3331.61,3332.63,3331.6,3332.14,26.8231,2025,8,14
2025-08-14 17:40:00+00:00,3332.16,3332.47,3331.31,3332.33,6.9674,2025,8,14
2025-08-14 17:45:00+00:00,3332.33,3332.66,3332.33,3332.43,5.6461,2025,8,14
2025-08-14 17:50:00+00:00,3332.43,3332.43,3332.42,3332.43,1.5478,2025,8,14
2025-08-14 17:55:00+00:00,3332.42,3332.43,3332.42,3332.43,1.1821,2025,8,14
2025-08-14 18:00:00+00:00,3332.43,3332.43,3332.42,3332.43,2.1543,2025,8,14
2025-08-14 18:05:00+00:00,3332.43,3332.43,3331.92,3331.92,9.0576,2025,8,14
2025-08-14 18:10:00+00:00,3331.93,3332.19,3331.93,3332.01,2.2351,2025,8,14
2025-08-14 18:15:00+00:00,3332.01,3332.03,3331.1,3331.15,9.945,2025,8,14
2025-08-14 18:20:00+00:00,3331.15,3331.56,3331.0,3331.15,7.5528,2025,8,14
2025-08-14 18:25:00+00:00,3331.15,3331.56,3331.14,3331.56,5.2835,2025,8,14
2025-08-14 18:30:00+00:00,3331.56,3332.66,3331.55,3332.66,4.3936,2025,8,14
2025-08-14 18:35:00+00:00,3332.66,3333.32,3332.66,3333.32,3.5856,2025,8,14
2025-08-14 18:40:00+00:00,3333.32,3333.67,3333.32,3333.67,2.035,2025,8,14
2025-08-14 18:45:00+00:00,3333.67,3333.67,3333.4,3333.41,3.3876,2025,8,14
2025-08-14 18:50:00+00:00,3333.41,3333.41,3333.4,3333.41,0.8772,2025,8,14
2025-08-14 18:55:00+00:00,3333.4,3333.41,3333.37,3333.37,6.133,2025,8,14
2025-08-14 19:00:00+00:00,3333.37,3333.37,3332.75,3333.2,5.9991,2025,8,14
2025-08-14 19:05:00+00:00,3333.21,3333.92,3333.21,3333.9,6.9675,2025,8,14
2025-08-14 19:10:00+00:00,3333.9,3333.91,3333.89,3333.91,2.4038,2025,8,14
2025-08-14 19:15:00+00:00,3333.91,3334.07,3333.91,3334.07,1.8795,2025,8,14
2025-08-14 19:20:00+00:00,3334.07,3334.07,3334.06,3334.07,0.7556,2025,8,14
2025-08-14 19:25:00+00:00,3334.07,3334.07,3333.63,3333.78,5.57,2025,8,14
2025-08-14 19:30:00+00:00,3333.78,3333.78,3333.5,3333.5,2.3742,2025,8,14
2025-08-14 19:35:00+00:00,3333.51,3333.51,3333.41,3333.41,1.6194,2025,8,14
2025-08-14 19:40:00+00:00,3333.42,3333.42,3333.41,3333.41,0.1734,2025,8,14
2025-08-14 19:45:00+00:00,3333.42,3333.42,3333.18,3333.18,2.6048,2025,8,14
2025-08-14 19:50:00+00:00,3333.18,3333.19,3332.75,3332.76,2.4058,2025,8,14
2025-08-14 19:55:00+00:00,3332.75,3332.75,3331.58,3331.59,2.6005,2025,8,14
2025-08-14 20:00:00+00:00,3331.59,3331.59,3331.58,3331.59,2.6313,2025,8,14
2025-08-14 20:05:00+00:00,3331.59,3331.59,3331.58,3331.59,0.1569,2025,8,14
2025-08-14 20:10:00+00:00,3331.58,3331.59,3331.03,3331.03,2.1002,2025,8,14
2025-08-14 20:15:00+00:00,3331.04,3331.04,3330.02,3330.03,4.9099,2025,8,14
2025-08-14 20:20:00+00:00,3330.02,3330.02,3330.0,3330.01,6.7965,2025,8,14
2025-08-14 20:25:00+00:00,3330.02,3330.36,3330.02,3330.02,3.4393,2025,8,14
2025-08-14 20:30:00+00:00,3330.02,3330.04,3330.0,3330.01,2.2792,2025,8,14
2025-08-14 20:35:00+00:00,3330.01,3330.01,3330.0,3330.0,1.0464,2025,8,14
2025-08-14 20:40:00+00:00,3330.01,3330.2,3330.0,3330.2,2.152,2025,8,14
2025-08-14 20:45:00+00:00,3330.2,3330.24,3330.19,3330.23,1.8145,2025,8,14
2025-08-14 20:50:00+00:00,3330.24,3330.24,3330.23,3330.24,0.3804,2025,8,14
2025-08-14 20:55:00+00:00,3330.23,3330.24,3330.23,3330.23,0.9636,2025,8,14
2025-08-14 21:00:00+00:00,3330.23,3330.24,3327.32,3328.89,20.1184,2025,8,14
2025-08-14 21:05:00+00:00,3328.9,3328.9,3328.59,3328.59,3.8398,2025,8,14
2025-08-14 21:10:00+00:00,3328.59,3330.54,3328.59,3330.37,18.1343,2025,8,14
2025-08-14 21:15:00+00:00,3330.37,3330.37,3330.36,3330.37,7.8016,2025,8,14
2025-08-14 21:20:00+00:00,3330.36,3330.37,3329.6,3329.6,4.1253,2025,8,14
2025-08-14 21:25:00+00:00,3329.2,3329.22,3328.59,3328.89,9.4545,2025,8,14
2025-08-14 21:30:00+00:00,3328.89,3328.9,3327.01,3327.01,12.8803,2025,8,14
2025-08-14 21:35:00+00:00,3327.0,3327.01,3326.01,3326.68,17.2376,2025,8,14
2025-08-14 21:40:00+00:00,3326.59,3327.66,3326.55,3327.51,9.2131,2025,8,14
2025-08-14 21:45:00+00:00,3327.5,3327.51,3327.17,3327.31,6.1088,2025,8,14
2025-08-14 21:50:00+00:00,3327.3,3327.54,3327.19,3327.19,5.5476,2025,8,14
2025-08-14 21:55:00+00:00,3327.19,3330.32,3327.01,3327.87,11.8035,2025,8,14
2025-08-14 22:00:00+00:00,3327.83,3329.52,3327.78,3329.19,9.6132,2025,8,14
2025-08-14 22:05:00+00:00,3329.2,3329.86,3329.19,3329.86,6.225,2025,8,14
2025-08-14 22:10:00+00:00,3329.8,3329.8,3329.79,3329.79,4.172,2025,8,14
2025-08-14 22:15:00+00:00,3329.8,3329.8,3328.62,3328.93,4.9184,2025,8,14
2025-08-14 22:20:00+00:00,3328.94,3328.94,3327.63,3328.03,5.7351,2025,8,14
2025-08-14 22:25:00+00:00,3328.03,3328.04,3328.03,3328.03,1.3492,2025,8,14
2025-08-14 22:30:00+00:00,3328.03,3328.04,3328.03,3328.04,1.1088,2025,8,14
2025-08-14 22:35:00+00:00,3328.04,3328.4,3327.87,3328.4,4.1433,2025,8,14
2025-08-14 22:40:00+00:00,3328.4,3328.4,3328.39,3328.4,1.1133,2025,8,14
2025-08-14 22:45:00+00:00,3328.4,3328.4,3328.37,3328.38,1.675,2025,8,14
2025-08-14 22:50:00+00:00,3328.38,3328.38,3328.29,3328.29,4.4742,2025,8,14
2025-08-14 22:55:00+00:00,3328.29,3328.29,3326.67,3326.67,28.3228,2025,8,14
2025-08-14 23:00:00+00:00,3326.68,3327.09,3326.67,3326.7,3.2031,2025,8,14
2025-08-14 23:05:00+00:00,3326.7,3326.71,3326.7,3326.7,5.8679,2025,8,14
2025-08-14 23:10:00+00:00,3326.7,3326.7,3326.69,3326.7,2.0345,2025,8,14
2025-08-14 23:15:00+00:00,3326.7,3326.7,3326.69,3326.7,5.3467,2025,8,14
2025-08-14 23:20:00+00:00,3326.7,3328.27,3326.69,3327.43,7.9409,2025,8,14
2025-08-14 23:25:00+00:00,3327.42,3327.43,3327.42,3327.43,0.711,2025,8,14
2025-08-14 23:30:00+00:00,3327.43,3327.43,3327.42,3327.42,1.0805,2025,8,14
2025-08-14 23:35:00+00:00,3327.43,3328.26,3327.42,3328.26,4.5185,2025,8,14
2025-08-14 23:40:00+00:00,3328.26,3329.4,3328.26,3329.39,5.5609,2025,8,14
2025-08-14 23:45:00+00:00,3329.39,3329.5,3329.38,3329.5,0.6316,2025,8,14
2025-08-14 23:50:00+00:00,3329.5,3329.82,3329.5,3329.77,1.2085,2025,8,14
2025-08-14 23:55:00+00:00,3329.67,3329.67,3329.66,3329.67,1.4669,2025,8,14
2025-08-15 00:00:00+00:00,3329.67,3329.75,3328.09,3328.09,5.4144,2025,8,15
2025-08-15 00:05:00+00:00,3328.09,3328.35,3327.48,3328.15,2.8077,2025,8,15
2025-08-15 00:10:00+00:00,3328.15,3328.24,3328.15,3328.24,2.1071,2025,8,15
2025-08-15 00:15:00+00:00,3328.23,3328.61,3328.23,3328.61,4.1995,2025,8,15
2025-08-15 00:20:00+00:00,3328.6,3328.6,3328.23,3328.23,3.015,2025,8,15
2025-08-15 00:25:00+00:00,3328.23,3328.55,3327.97,3327.97,20.2541,2025,8,15
2025-08-15 00:30:00+00:00,3327.98,3327.98,3327.01,3327.41,23.7848,2025,8,15
2025-08-15 00:35:00+00:00,3327.41,3327.42,3327.41,3327.42,6.9665,2025,8,15
2025-08-15 00:40:00+00:00,3327.42,3327.5,3327.41,3327.5,4.8879,2025,8,15
2025-08-15 00:45:00+00:00,3327.5,3327.98,3327.5,3327.98,2.5834,2025,8,15
2025-08-15 00:50:00+00:00,3327.98,3329.2,3327.97,3329.19,9.1103,2025,8,15
2025-08-15 00:55:00+00:00,3329.19,3329.4,3329.19,3329.4,1.587,2025,8,15
2025-08-15 01:00:00+00:00,3329.4,3329.4,3328.78,3328.88,1.5647,2025,8,15
2025-08-15 01:05:00+00:00,3328.88,3329.05,3328.88,3329.05,3.9932,2025,8,15
2025-08-15 01:10:00+00:00,3329.05,3329.16,3329.05,3329.14,0.5229,2025,8,15
2025-08-15 01:15:00+00:00,3329.15,3329.44,3328.31,3328.5,10.5281,2025,8,15
2025-08-15 01:20:00+00:00,3328.51,3328.51,3328.12,3328.13,1.6441,2025,8,15
2025-08-15 01:25:00+00:00,3328.13,3329.18,3328.13,3329.18,4.6034,2025,8,15
2025-08-15 01:30:00+00:00,3329.18,3329.52,3329.17,3329.42,4.805,2025,8,15
2025-08-15 01:35:00+00:00,3329.42,3330.52,3329.42,3330.52,2.6699,2025,8,15
2025-08-15 01:40:00+00:00,3330.52,3330.87,3330.43,3330.86,2.713,2025,8,15
2025-08-15 01:45:00+00:00,3330.87,3331.64,3330.87,3331.38,3.627,2025,8,15
2025-08-15 01:50:00+00:00,3331.38,3332.85,3331.38,3332.67,5.1068,2025,8,15
2025-08-15 01:55:00+00:00,3332.66,3333.46,3332.66,3333.46,1.7741,2025,8,15
2025-08-15 02:00:00+00:00,3333.46,3333.46,3333.17,3333.38,4.4675,2025,8,15
2025-08-15 02:05:00+00:00,3333.38,3333.51,3332.51,3332.73,8.1056,2025,8,15
2025-08-15 02:10:00+00:00,3332.74,3332.75,3332.18,3332.45,5.4542,2025,8,15
2025-08-15 02:15:00+00:00,3332.45,3332.46,3332.25,3332.37,0.6361,2025,8,15
2025-08-15 02:20:00+00:00,3332.37,3332.37,3332.17,3332.17,0.412,2025,8,15
2025-08-15 02:25:00+00:00,3332.17,3332.17,3330.23,3330.81,33.0656,2025,8,15
2025-08-15 02:30:00+00:00,3330.81,3332.15,3330.81,3332.14,4.2694,2025,8,15
2025-08-15 02:35:00+00:00,3332.15,3332.36,3332.15,3332.36,5.3113,2025,8,15
2025-08-15 02:40:00+00:00,3332.36,3332.59,3332.35,3332.52,4.4322,2025,8,15
2025-08-15 02:45:00+00:00,3332.52,3332.61,3332.51,3332.61,0.841,2025,8,15
2025-08-15 02:50:00+00:00,3332.6,3332.61,3332.52,3332.52,5.7134,2025,8,15
2025-08-15 02:55:00+00:00,3332.52,3332.6,3332.32,3332.59,1.9484,2025,8,15
2025-08-15 03:00:00+00:00,3332.6,3332.61,3332.59,3332.61,0.3929,2025,8,15
2025-08-15 03:05:00+00:00,3332.61,3333.71,3332.61,3333.71,5.8179,2025,8,15
2025-08-15 03:10:00+00:00,3333.71,3333.72,3333.71,3333.72,0.7946,2025,8,15
2025-08-15 03:15:00+00:00,3333.72,3333.8,3333.72,3333.8,2.1375,2025,8,15
2025-08-15 03:20:00+00:00,3333.8,3333.8,3333.7,3333.71,3.9543,2025,8,15
2025-08-15 03:25:00+00:00,3333.71,3333.71,3333.7,3333.71,0.2925,2025,8,15
2025-08-15 03:30:00+00:00,3333.71,3335.41,3333.71,3335.41,5.7519,2025,8,15
2025-08-15 03:35:00+00:00,3335.41,3335.41,3335.41,3335.41,0.888,2025,8,15
2025-08-15 03:40:00+00:00,3335.41,3335.41,3335.4,3335.41,0.4908,2025,8,15
2025-08-15 03:45:00+00:00,3335.41,3335.41,3335.4,3335.41,1.9543,2025,8,15
2025-08-15 03:50:00+00:00,3335.41,3335.5,3335.41,3335.5,2.4157,2025,8,15
2025-08-15 03:55:00+00:00,3335.5,3335.5,3335.5,3335.5,0.1481,2025,8,15
2025-08-15 04:00:00+00:00,3335.5,3335.5,3335.49,3335.49,0.9647,2025,8,15
2025-08-15 04:05:00+00:00,3335.5,3336.5,3335.5,3336.49,15.3556,2025,8,15
2025-08-15 04:10:00+00:00,3336.49,3336.58,3336.49,3336.58,1.7216,2025,8,15
2025-08-15 04:15:00+00:00,3336.58,3336.58,3336.57,3336.57,1.1571,2025,8,15
2025-08-15 04:20:00+00:00,3336.57,3336.64,3336.35,3336.56,4.3509,2025,8,15
2025-08-15 04:25:00+00:00,3336.56,3337.13,3336.55,3337.12,0.8864,2025,8,15
2025-08-15 04:30:00+00:00,3337.13,3338.0,3337.13,3337.99,9.3435,2025,8,15
2025-08-15 04:35:00+00:00,3338.0,3338.0,3337.8,3337.81,1.2962,2025,8,15
2025-08-15 04:40:00+00:00,3337.81,3337.81,3337.53,3337.72,0.7653,2025,8,15
2025-08-15 04:45:00+00:00,3337.71,3337.71,3337.3,3337.31,2.7261,2025,8,15
2025-08-15 04:50:00+00:00,3337.3,3337.31,3337.1,3337.11,2.3585,2025,8,15
2025-08-15 04:55:00+00:00,3337.1,3337.11,3337.1,3337.11,0.1702,2025,8,15
2025-08-15 05:00:00+00:00,3337.11,3339.62,3337.1,3339.61,8.988,2025,8,15
2025-08-15 05:05:00+00:00,3339.61,3339.62,3338.64,3338.64,8.0776,2025,8,15
2025-08-15 05:10:00+00:00,3338.57,3338.57,3338.56,3338.57,1.3667,2025,8,15
2025-08-15 05:15:00+00:00,3338.56,3338.56,3337.58,3337.73,4.3339,2025,8,15
2025-08-15 05:20:00+00:00,3337.73,3337.73,3337.13,3337.13,2.1471,2025,8,15
2025-08-15 05:25:00+00:00,3337.13,3337.4,3336.55,3337.32,9.6058,2025,8,15
2025-08-15 05:30:00+00:00,3337.31,3337.32,3335.34,3336.01,6.1247,2025,8,15
2025-08-15 05:35:00+00:00,3336.01,3336.68,3336.01,3336.68,2.4585,2025,8,15
2025-08-15 05:40:00+00:00,3336.68,3338.36,3336.68,3338.36,5.1787,2025,8,15
2025-08-15 05:45:00+00:00,3338.37,3338.55,3337.87,3337.92,2.288,2025,8,15
2025-08-15 05:50:00+00:00,3337.93,3337.93,3337.35,3337.36,5.5828,2025,8,15
2025-08-15 05:55:00+00:00,3337.36,3337.36,3337.35,3337.36,0.4276,2025,8,15
2025-08-15 06:00:00+00:00,3337.36,3337.36,3336.77,3336.77,2.2496,2025,8,15
2025-08-15 06:05:00+00:00,3336.78,3336.78,3336.08,3336.08,2.376,2025,8,15
2025-08-15 06:10:00+00:00,3336.08,3336.08,3334.96,3334.97,4.7348,2025,8,15
2025-08-15 06:15:00+00:00,3334.97,3335.33,3334.85,3335.33,2.0324,2025,8,15
2025-08-15 06:20:00+00:00,3335.33,3335.33,3334.59,3334.6,2.097,2025,8,15
2025-08-15 06:25:00+00:00,3334.6,3334.84,3334.6,3334.75,0.7882,2025,8,15
2025-08-15 06:30:00+00:00,3334.4,3334.41,3334.08,3334.41,1.5671,2025,8,15
2025-08-15 06:35:00+00:00,3334.41,3335.01,3334.4,3335.0,3.3818,2025,8,15
2025-08-15 06:40:00+00:00,3335.0,3335.65,3334.27,3335.34,11.0671,2025,8,15
2025-08-15 06:45:00+00:00,3335.34,3335.57,3334.94,3335.57,2.0431,2025,8,15
2025-08-15 06:50:00+00:00,3335.57,3335.67,3335.4,3335.43,2.6222,2025,8,15
2025-08-15 06:55:00+00:00,3335.44,3336.01,3334.83,3334.84,16.2375,2025,8,15
2025-08-15 07:00:00+00:00,3334.83,3335.05,3334.74,3335.01,3.1562,2025,8,15
2025-08-15 07:05:00+00:00,3335.0,3335.97,3335.0,3335.39,6.4438,2025,8,15
2025-08-15 07:10:00+00:00,3335.39,3336.01,3335.38,3336.0,2.3229,2025,8,15
2025-08-15 07:15:00+00:00,3336.0,3336.65,3336.0,3336.65,2.8132,2025,8,15
2025-08-15 07:20:00+00:00,3336.66,3337.74,3336.66,3337.73,0.554,2025,8,15
2025-08-15 07:25:00+00:00,3337.73,3338.0,3337.73,3338.0,0.6716,2025,8,15
2025-08-15 07:30:00+00:00,3338.01,3338.76,3337.91,3338.06,2.6742,2025,8,15
2025-08-15 07:35:00+00:00,3338.07,3338.07,3336.66,3336.74,10.9012,2025,8,15
2025-08-15 07:40:00+00:00,3336.74,3338.46,3336.74,3338.46,8.5431,2025,8,15
2025-08-15 07:45:00+00:00,3338.46,3339.05,3338.46,3339.05,9.7589,2025,8,15
2025-08-15 07:50:00+00:00,3339.05,3339.07,3338.56,3338.73,6.6209,2025,8,15
2025-08-15 07:55:00+00:00,3338.77,3339.48,3338.77,3339.2,6.0498,2025,8,15
2025-08-15 08:00:00+00:00,3339.43,3340.0,3339.43,3339.99,6.9047,2025,8,15
2025-08-15 08:05:00+00:00,3339.59,3341.09,3338.81,3338.92,18.8491,2025,8,15
2025-08-15 08:10:00+00:00,3338.93,3338.93,3338.12,3338.14,2.3534,2025,8,15
2025-08-15 08:15:00+00:00,3338.05,3338.05,3337.0,3337.0,4.597,2025,8,15
2025-08-15 08:20:00+00:00,3337.0,3337.56,3337.0,3337.0,5.0379,2025,8,15
2025-08-15 08:25:00+00:00,3337.0,3337.01,3335.74,3335.74,16.2449,2025,8,15
2025-08-15 08:30:00+00:00,3335.73,3335.73,3334.67,3335.42,3.4344,2025,8,15
2025-08-15 08:35:00+00:00,3335.42,3335.42,3334.88,3334.88,1.0258,2025,8,15
2025-08-15 08:40:00+00:00,3334.87,3334.87,3334.03,3334.54,5.2631,2025,8,15
2025-08-15 08:45:00+00:00,3334.32,3336.61,3334.14,3336.5,3.0021,2025,8,15
2025-08-15 08:50:00+00:00,3336.59,3336.9,3336.5,3336.66,8.0648,2025,8,15
2025-08-15 08:55:00+00:00,3336.5,3336.97,3336.05,3336.06,8.2526,2025,8,15
2025-08-15 09:00:00+00:00,3335.88,3336.32,3335.81,3336.32,2.5609,2025,8,15
2025-08-15 09:05:00+00:00,3336.32,3336.32,3335.13,3335.15,2.1523,2025,8,15
2025-08-15 09:10:00+00:00,3335.01,3335.46,3334.37,3334.38,4.4247,2025,8,15
2025-08-15 09:15:00+00:00,3334.38,3336.24,3334.01,3336.24,3.6384,2025,8,15
2025-08-15 09:20:00+00:00,3336.36,3338.32,3336.36,3338.31,2.188,2025,8,15
2025-08-15 09:25:00+00:00,3338.5,3339.22,3337.83,3339.21,4.5703,2025,8,15
2025-08-15 09:30:00+00:00,3339.21,3339.22,3339.17,3339.17,0.955,2025,8,15
2025-08-15 09:35:00+00:00,3339.17,3339.18,3337.31,3337.31,19.6496,2025,8,15
2025-08-15 09:40:00+00:00,3337.31,3337.96,3337.22,3337.95,8.2546,2025,8,15
2025-08-15 09:45:00+00:00,3337.95,3338.53,3337.49,3337.8,3.0962,2025,8,15
2025-08-15 09:50:00+00:00,3337.52,3337.52,3337.3,3337.42,1.344,2025,8,15
2025-08-15 09:55:00+00:00,3337.71,3337.71,3337.7,3337.7,1.3508,2025,8,15
2025-08-15 10:00:00+00:00,3337.7,3338.48,3337.0,3337.0,15.6009,2025,8,15
2025-08-15 10:05:00+00:00,3337.0,3337.0,3335.73,3335.74,5.2891,2025,8,15
2025-08-15 10:10:00+00:00,3335.74,3335.74,3335.57,3335.57,0.4909,2025,8,15
2025-08-15 10:15:00+00:00,3335.56,3335.57,3335.2,3335.21,2.4837,2025,8,15
2025-08-15 10:20:00+00:00,3335.21,3335.21,3335.2,3335.21,0.4,2025,8,15
2025-08-15 10:25:00+00:00,3335.2,3335.2,3333.88,3333.88,10.7147,2025,8,15
2025-08-15 10:30:00+00:00,3333.87,3334.02,3333.45,3334.02,5.4323,2025,8,15
2025-08-15 10:35:00+00:00,3334.08,3335.06,3334.02,3334.02,21.3976,2025,8,15
2025-08-15 10:40:00+00:00,3333.77,3333.77,3333.68,3333.68,0.8722,2025,8,15
2025-08-15 10:45:00+00:00,3333.68,3335.22,3333.63,3335.22,2.9855,2025,8,15
2025-08-15 10:50:00+00:00,3335.22,3335.61,3334.35,3334.35,2.1566,2025,8,15
2025-08-15 10:55:00+00:00,3334.35,3334.35,3333.13,3333.17,7.857,2025,8,15
2025-08-15 11:00:00+00:00,3333.16,3334.65,3332.88,3334.65,11.1305,2025,8,15
2025-08-15 11:05:00+00:00,3334.67,3335.66,3334.18,3334.25,16.1595,2025,8,15
2025-08-15 11:10:00+00:00,3334.14,3335.22,3333.87,3335.22,5.2513,2025,8,15
2025-08-15 11:15:00+00:00,3335.22,3335.96,3334.75,3335.95,11.9209,2025,8,15
2025-08-15 11:20:00+00:00,3335.83,3336.01,3334.75,3335.99,2.6279,2025,8,15
2025-08-15 11:25:00+00:00,3335.99,3336.69,3335.09,3336.02,13.0921,2025,8,15
2025-08-15 11:30:00+00:00,3336.02,3337.82,3336.02,3337.81,6.584,2025,8,15
2025-08-15 11:35:00+00:00,3337.82,3339.15,3337.42,3338.78,14.0809,2025,8,15
2025-08-15 11:40:00+00:00,3338.78,3339.47,3338.78,3339.07,3.4213,2025,8,15
2025-08-15 11:45:00+00:00,3339.07,3339.55,3338.68,3338.68,7.1361,2025,8,15
2025-08-15 11:50:00+00:00,3338.3,3339.11,3337.8,3339.11,17.1562,2025,8,15
2025-08-15 11:55:00+00:00,3339.1,3340.03,3338.84,3338.87,17.9077,2025,8,15
2025-08-15 12:00:00+00:00,3338.73,3338.73,3338.12,3338.13,3.2529,2025,8,15
2025-08-15 12:05:00+00:00,3338.12,3338.13,3335.18,3335.29,14.5141,2025,8,15
2025-08-15 12:10:00+00:00,3335.28,3336.12,3334.37,3336.06,14.8709,2025,8,15
2025-08-15 12:15:00+00:00,3336.05,3336.05,3333.13,3333.82,10.0567,2025,8,15
2025-08-15 12:20:00+00:00,3333.67,3335.0,3333.61,3334.03,6.2658,2025,8,15
2025-08-15 12:25:00+00:00,3334.04,3334.44,3331.11,3332.17,16.4737,2025,8,15
2025-08-15 12:30:00+00:00,3332.17,3334.76,3330.13,3334.35,12.567,2025,8,15
2025-08-15 12:35:00+00:00,3334.35,3336.75,3332.83,3336.54,7.7746,2025,8,15
2025-08-15 12:40:00+00:00,3336.59,3338.1,3335.6,3336.21,16.9073,2025,8,15
2025-08-15 12:45:00+00:00,3336.46,3337.34,3336.29,3336.29,4.0458,2025,8,15
2025-08-15 12:50:00+00:00,3336.52,3336.59,3336.5,3336.57,0.6515,2025,8,15
2025-08-15 12:55:00+00:00,3336.18,3337.17,3336.0,3336.66,2.6968,2025,8,15
2025-08-15 13:00:00+00:00,3336.82,3339.51,3336.35,3336.98,7.328,2025,8,15
2025-08-15 13:05:00+00:00,3336.97,3336.97,3335.65,3335.71,1.9665,2025,8,15
2025-08-15 13:10:00+00:00,3335.7,3335.7,3334.15,3335.19,16.3431,2025,8,15
2025-08-15 13:15:00+00:00,3334.96,3334.96,3332.49,3332.49,12.4974,2025,8,15
2025-08-15 13:20:00+00:00,3332.27,3335.32,3332.27,3333.96,4.5732,2025,8,15
2025-08-15 13:25:00+00:00,3333.96,3333.96,3332.15,3333.76,5.2741,2025,8,15
2025-08-15 13:30:00+00:00,3333.76,3334.36,3332.45,3332.45,6.0487,2025,8,15
2025-08-15 13:35:00+00:00,3332.46,3332.82,3332.01,3332.01,4.4276,2025,8,15
2025-08-15 13:40:00+00:00,3331.94,3331.95,3331.28,3331.94,7.1113,2025,8,15
2025-08-15 13:45:00+00:00,3331.67,3332.82,3330.37,3331.45,15.8565,2025,8,15
2025-08-15 13:50:00+00:00,3331.25,3331.25,3329.74,3329.75,19.207,2025,8,15
2025-08-15 13:55:00+00:00,3329.74,3331.84,3329.72,3330.81,7.2951,2025,8,15
2025-08-15 14:00:00+00:00,3330.81,3332.8,3330.31,3332.52,16.8525,2025,8,15
2025-08-15 14:05:00+00:00,3332.52,3335.36,3332.52,3333.13,18.2081,2025,8,15
2025-08-15 14:10:00+00:00,3333.25,3333.53,3333.25,3333.48,6.0491,2025,8,15
2025-08-15 14:15:00+00:00,3333.09,3334.87,3332.0,3334.87,33.4565,2025,8,15
2025-08-15 14:20:00+00:00,3334.87,3334.87,3333.62,3333.67,11.2295,2025,8,15
2025-08-15 14:25:00+00:00,3333.69,3333.74,3332.19,3332.43,6.8222,2025,8,15
2025-08-15 14:30:00+00:00,3332.43,3334.87,3332.19,3334.56,27.9148,2025,8,15
2025-08-15 14:35:00+00:00,3333.98,3334.87,3333.42,3334.87,3.0426,2025,8,15
2025-08-15 14:40:00+00:00,3334.87,3334.87,3334.86,3334.86,4.1348,2025,8,15
2025-08-15 14:45:00+00:00,3334.87,3334.87,3333.44,3333.87,11.4443,2025,8,15
2025-08-15 14:50:00+00:00,3333.87,3335.8,3333.87,3334.73,15.0192,2025,8,15
2025-08-15 14:55:00+00:00,3334.59,3335.17,3334.29,3335.15,5.2408,2025,8,15
2025-08-15 15:00:00+00:00,3335.15,3336.13,3335.14,3336.13,9.8985,2025,8,15
2025-08-15 15:05:00+00:00,3336.13,3336.82,3335.81,3335.82,10.8496,2025,8,15
2025-08-15 15:10:00+00:00,3335.82,3335.82,3334.99,3335.0,6.9027,2025,8,15
2025-08-15 15:15:00+00:00,3335.0,3335.66,3334.99,3335.48,13.2773,2025,8,15
2025-08-15 15:20:00+00:00,3335.48,3335.64,3335.04,3335.58,15.0969,2025,8,15
2025-08-15 15:25:00+00:00,3335.59,3335.84,3333.94,3334.84,16.6594,2025,8,15
2025-08-15 15:30:00+00:00,3334.83,3336.43,3334.78,3336.09,8.5521,2025,8,15
2025-08-15 15:35:00+00:00,3336.09,3336.94,3336.08,3336.49,3.6993,2025,8,15
2025-08-15 15:40:00+00:00,3336.48,3336.48,3334.95,3334.95,11.7873,2025,8,15
2025-08-15 15:45:00+00:00,3334.94,3334.94,3333.84,3334.02,4.4677,2025,8,15
2025-08-15 15:50:00+00:00,3334.02,3334.36,3333.84,3333.85,3.9007,2025,8,15
2025-08-15 15:55:00+00:00,3333.84,3333.84,3333.35,3333.4,5.7926,2025,8,15
2025-08-15 16:00:00+00:00,3333.4,3333.41,3332.29,3332.29,3.9454,2025,8,15
2025-08-15 16:05:00+00:00,3332.3,3332.3,3330.48,3330.48,10.5633,2025,8,15
2025-08-15 16:10:00+00:00,3330.49,3331.29,3330.49,3330.9,8.997,2025,8,15
2025-08-15 16:15:00+00:00,3330.9,3330.9,3330.31,3330.31,3.4655,2025,8,15
2025-08-15 16:20:00+00:00,3330.31,3330.31,3328.33,3328.34,10.9953,2025,8,15
2025-08-15 16:25:00+00:00,3328.34,3329.23,3328.2,3329.07,7.295,2025,8,15
2025-08-15 16:30:00+00:00,3329.07,3329.07,3328.2,3328.28,7.5759,2025,8,15
2025-08-15 16:35:00+00:00,3328.28,3329.26,3328.28,3329.25,5.3406,2025,8,15
2025-08-15 16:40:00+00:00,3329.25,3329.81,3329.25,3329.26,7.1437,2025,8,15
2025-08-15 16:45:00+00:00,3329.26,3329.54,3329.26,3329.53,2.6752,2025,8,15
2025-08-15 16:50:00+00:00,3329.54,3329.54,3329.25,3329.26,4.5662,2025,8,15
2025-08-15 16:55:00+00:00,3329.26,3329.38,3329.25,3329.38,1.9213,2025,8,15
2025-08-15 17:00:00+00:00,3329.38,3330.19,3329.38,3330.06,1.7778,2025,8,15
2025-08-15 17:05:00+00:00,3329.62,3329.62,3329.13,3329.13,1.0832,2025,8,15
2025-08-15 17:10:00+00:00,3329.13,3329.13,3328.9,3328.96,3.7358,2025,8,15
2025-08-15 17:15:00+00:00,3328.96,3328.96,3328.96,3328.96,0.6462,2025,8,15
2025-08-15 17:20:00+00:00,3328.96,3330.31,3328.95,3330.05,8.1492,2025,8,15
2025-08-15 17:25:00+00:00,3330.05,3331.44,3329.8,3331.11,7.1606,2025,8,15
2025-08-15 17:30:00+00:00,3330.82,3330.82,3330.26,3330.26,5.1038,2025,8,15
2025-08-15 17:35:00+00:00,3330.01,3330.66,3330.0,3330.65,0.4555,2025,8,15
2025-08-15 17:40:00+00:00,3330.54,3331.0,3330.34,3330.76,5.3457,2025,8,15
2025-08-15 17:45:00+00:00,3330.76,3330.76,3330.08,3330.64,2.0241,2025,8,15
2025-08-15 17:50:00+00:00,3330.64,3330.64,3330.09,3330.09,0.0506,2025,8,15
2025-08-15 17:55:00+00:00,3330.1,3330.36,3329.54,3329.54,11.3928,2025,8,15
2025-08-15 18:00:00+00:00,3329.62,3332.72,3329.62,3330.83,40.6524,2025,8,15
2025-08-15 18:05:00+00:00,3330.65,3330.65,3330.64,3330.65,1.3004,2025,8,15
2025-08-15 18:10:00+00:00,3330.58,3330.71,3329.55,3330.65,11.7151,2025,8,15
2025-08-15 18:15:00+00:00,3330.66,3331.49,3330.66,3331.48,1.4264,2025,8,15
2025-08-15 18:20:00+00:00,3331.7,3333.41,3331.7,3333.41,4.0402,2025,8,15
2025-08-15 18:25:00+00:00,3333.41,3333.51,3332.23,3332.23,1.1391,2025,8,15
2025-08-15 18:30:00+00:00,3332.42,3333.45,3332.05,3333.45,6.1444,2025,8,15
2025-08-15 18:35:00+00:00,3333.44,3333.9,3333.42,3333.9,9.2201,2025,8,15
2025-08-15 18:40:00+00:00,3333.89,3333.9,3333.52,3333.52,2.5242,2025,8,15
2025-08-15 18:45:00+00:00,3333.52,3333.52,3330.63,3330.87,13.9663,2025,8,15
2025-08-15 18:50:00+00:00,3330.87,3331.42,3330.87,3331.42,2.671,2025,8,15
2025-08-15 18:55:00+00:00,3331.42,3331.42,3330.92,3330.93,4.4684,2025,8,15
2025-08-15 19:00:00+00:00,3330.93,3330.93,3330.87,3330.87,4.1602,2025,8,15
2025-08-15 19:05:00+00:00,3330.88,3331.44,3330.87,3330.87,6.8658,2025,8,15
2025-08-15 19:10:00+00:00,3330.87,3331.44,3330.87,3331.44,4.2659,2025,8,15
2025-08-15 19:15:00+00:00,3331.45,3331.45,3331.4,3331.4,0.4792,2025,8,15
2025-08-15 19:20:00+00:00,3331.41,3331.42,3330.62,3330.62,5.49,2025,8,15
2025-08-15 19:25:00+00:00,3330.62,3331.6,3329.87,3331.59,8.0669,2025,8,15
2025-08-15 19:30:00+00:00,3331.59,3331.6,3331.59,3331.59,1.1769,2025,8,15
2025-08-15 19:35:00+00:00,3331.6,3332.0,3331.27,3332.0,7.5016,2025,8,15
2025-08-15 19:40:00+00:00,3331.95,3331.95,3331.32,3331.33,0.3605,2025,8,15
2025-08-15 19:45:00+00:00,3331.32,3331.32,3330.72,3330.74,1.2069,2025,8,15
2025-08-15 19:50:00+00:00,3330.74,3331.96,3330.74,3331.96,3.4926,2025,8,15
2025-08-15 19:55:00+00:00,3331.96,3332.44,3331.39,3331.84,6.94,2025,8,15
2025-08-15 20:00:00+00:00,3331.84,3331.99,3331.66,3331.67,1.5997,2025,8,15
2025-08-15 20:05:00+00:00,3331.67,3331.68,3330.66,3330.86,2.7737,2025,8,15
2025-08-15 20:10:00+00:00,3330.86,3330.86,3330.85,3330.85,0.8378,2025,8,15
2025-08-15 20:15:00+00:00,3330.86,3330.86,3330.67,3330.67,4.4054,2025,8,15
2025-08-15 20:20:00+00:00,3330.67,3330.68,3330.41,3330.42,4.7421,2025,8,15
2025-08-15 20:25:00+00:00,3330.42,3330.42,3329.98,3330.0,2.451,2025,8,15
2025-08-15 20:30:00+00:00,3330.0,3330.0,3329.32,3329.39,6.2106,2025,8,15
2025-08-15 20:35:00+00:00,3329.31,3329.4,3329.26,3329.27,2.4667,2025,8,15
2025-08-15 20:40:00+00:00,3329.28,3329.36,3329.27,3329.35,1.8254,2025,8,15
2025-08-15 20:45:00+00:00,3329.35,3329.36,3329.35,3329.35,1.4251,2025,8,15
2025-08-15 20:50:00+00:00,3329.35,3329.35,3329.17,3329.27,4.7835,2025,8,15
2025-08-15 20:55:00+00:00,3329.31,3329.36,3329.31,3329.36,12.1905,2025,8,15
2025-08-15 21:00:00+00:00,3329.35,3329.35,3329.31,3329.31,4.1963,2025,8,15
2025-08-15 21:05:00+00:00,3329.31,3329.32,3329.13,3329.13,0.543,2025,8,15
2025-08-15 21:10:00+00:00,3329.13,3331.12,3329.13,3331.12,3.7294,2025,8,15
2025-08-15 21:15:00+00:00,3331.12,3332.34,3331.08,3332.34,7.7599,2025,8,15
2025-08-15 21:20:00+00:00,3332.34,3332.44,3332.27,3332.44,0.5444,2025,8,15
2025-08-15 21:25:00+00:00,3332.51,3332.51,3331.45,3331.47,9.4316,2025,8,15
2025-08-15 21:30:00+00:00,3331.81,3331.81,3331.8,3331.8,0.6113,2025,8,15
2025-08-15 21:35:00+00:00,3331.75,3331.75,3330.27,3330.42,2.1177,2025,8,15
2025-08-15 21:40:00+00:00,3330.36,3330.36,3328.97,3329.03,4.3062,2025,8,15
2025-08-15 21:45:00+00:00,3329.02,3329.04,3329.02,3329.04,0.1187,2025,8,15
2025-08-15 21:50:00+00:00,3329.04,3329.65,3329.04,3329.41,2.2152,2025,8,15
2025-08-15 21:55:00+00:00,3329.41,3330.19,3329.41,3330.15,2.0589,2025,8,15
2025-08-15 22:00:00+00:00,3330.15,3330.21,3329.99,3330.0,4.4684,2025,8,15
2025-08-15 22:05:00+00:00,3329.99,3329.99,3329.8,3329.8,0.7617,2025,8,15
2025-08-15 22:10:00+00:00,3329.81,3329.81,3329.78,3329.8,0.3676,2025,8,15
2025-08-15 22:15:00+00:00,3329.8,3329.8,3328.96,3328.96,1.0862,2025,8,15
2025-08-15 22:20:00+00:00,3328.97,3329.37,3328.97,3329.36,1.3224,2025,8,15
2025-08-15 22:25:00+00:00,3329.36,3329.36,3329.36,3329.36,0.1928,2025,8,15
2025-08-15 22:30:00+00:00,3329.36,3329.5,3329.36,3329.49,0.6528,2025,8,15
2025-08-15 22:35:00+00:00,3329.5,3329.5,3329.48,3329.5,0.3028,2025,8,15
2025-08-15 22:40:00+00:00,3329.5,3329.55,3329.21,3329.55,1.3206,2025,8,15
2025-08-15 22:45:00+00:00,3329.6,3331.92,3329.6,3331.9,7.4541,2025,8,15
2025-08-15 22:50:00+00:00,3331.9,3335.0,3331.89,3334.47,5.43,2025,8,15
2025-08-15 22:55:00+00:00,3334.46,3334.46,3333.66,3334.09,1.7529,2025,8,15
2025-08-15 23:00:00+00:00,3334.08,3334.08,3333.83,3333.83,1.4208,2025,8,15
2025-08-15 23:05:00+00:00,3333.83,3333.84,3331.61,3332.46,6.9399,2025,8,15
2025-08-15 23:10:00+00:00,3332.46,3332.48,3331.44,3331.54,4.6183,2025,8,15
2025-08-15 23:15:00+00:00,3331.53,3331.53,3331.52,3331.52,0.3951,2025,8,15
2025-08-15 23:20:00+00:00,3331.53,3331.68,3331.52,3331.57,1.296,2025,8,15
2025-08-15 23:25:00+00:00,3331.57,3331.57,3331.57,3331.57,0.0102,2025,8,15
2025-08-15 23:30:00+00:00,3331.58,3331.58,3331.56,3331.57,0.1791,2025,8,15
2025-08-15 23:35:00+00:00,3331.56,3331.57,3331.5,3331.5,0.7218,2025,8,15
2025-08-15 23:40:00+00:00,3331.5,3331.5,3331.44,3331.44,1.6751,2025,8,15
2025-08-15 23:45:00+00:00,3331.43,3331.43,3331.09,3331.09,2.7231,2025,8,15
2025-08-15 23:50:00+00:00,3331.01,3331.01,3331.01,3331.01,0.1203,2025,8,15
2025-08-15 23:55:00+00:00,3331.01,3331.13,3330.0,3330.31,6.5839,2025,8,15
2025-08-16 00:00:00+00:00,3330.3,3330.34,3330.3,3330.34,1.5771,2025,8,16
2025-08-16 00:05:00+00:00,3330.34,3330.45,3330.34,3330.45,1.1587,2025,8,16
2025-08-16 00:10:00+00:00,3330.45,3330.45,3330.44,3330.45,0.1053,2025,8,16
2025-08-16 00:15:00+00:00,3330.45,3334.0,3330.45,3333.98,11.1799,2025,8,16
2025-08-16 00:20:00+00:00,3333.98,3333.99,3333.92,3333.98,1.4113,2025,8,16
2025-08-16 00:25:00+00:00,3333.98,3333.98,3333.98,3333.98,0.06,2025,8,16
2025-08-16 00:30:00+00:00,3333.98,3333.99,3333.98,3333.98,0.2743,2025,8,16
2025-08-16 00:35:00+00:00,3333.98,3333.98,3333.55,3333.55,1.425,2025,8,16
2025-08-16 00:40:00+00:00,3333.49,3333.49,3333.06,3333.06,2.6862,2025,8,16
2025-08-16 00:45:00+00:00,3333.07,3333.07,3332.74,3332.74,0.8689,2025,8,16
2025-08-16 00:50:00+00:00,3332.74,3332.75,3332.53,3332.54,1.3297,2025,8,16
2025-08-16 00:55:00+00:00,3332.53,3332.53,3332.28,3332.28,1.5809,2025,8,16
2025-08-16 01:00:00+00:00,3332.28,3332.41,3332.28,3332.33,1.345,2025,8,16
2025-08-16 01:05:00+00:00,3332.32,3332.32,3332.25,3332.25,0.7695,2025,8,16
2025-08-16 01:10:00+00:00,3332.26,3332.26,3332.17,3332.18,0.7384,2025,8,16
2025-08-16 01:15:00+00:00,3332.18,3332.26,3331.94,3331.98,1.4124,2025,8,16
2025-08-16 01:20:00+00:00,3331.98,3331.99,3331.75,3331.75,0.8707,2025,8,16
2025-08-16 01:25:00+00:00,3331.75,3331.78,3331.65,3331.65,0.9708,2025,8,16
2025-08-16 01:30:00+00:00,3331.65,3331.65,3331.2,3331.21,1.9016,2025,8,16
2025-08-16 01:35:00+00:00,3331.21,3331.21,3331.2,3331.2,1.0023,2025,8,16
2025-08-16 01:40:00+00:00,3331.2,3331.31,3331.2,3331.27,1.1758,2025,8,16
2025-08-16 01:45:00+00:00,3331.27,3331.28,3331.27,3331.27,0.2558,2025,8,16
2025-08-16 01:50:00+00:00,3331.27,3331.87,3331.27,3331.36,2.5625,2025,8,16
2025-08-16 01:55:00+00:00,3331.35,3331.7,3331.35,3331.7,1.1101,2025,8,16
2025-08-16 02:00:00+00:00,3331.74,3331.75,3331.74,3331.75,0.0489,2025,8,16
2025-08-16 02:05:00+00:00,3331.74,3333.93,3331.74,3333.62,11.6887,2025,8,16
2025-08-16 02:10:00+00:00,3333.62,3333.63,3333.62,3333.63,1.0239,2025,8,16
2025-08-16 02:15:00+00:00,3333.63,3333.63,3333.63,3333.63,0.1047,2025,8,16
2025-08-16 02:20:00+00:00,3333.63,3333.67,3333.62,3333.66,2.0577,2025,8,16
2025-08-16 02:25:00+00:00,3333.66,3333.67,3333.66,3333.67,0.0237,2025,8,16
2025-08-16 02:30:00+00:00,3333.67,3333.67,3333.48,3333.48,3.5434,2025,8,16
2025-08-16 02:35:00+00:00,3333.41,3333.69,3333.29,3333.34,3.2317,2025,8,16
2025-08-16 02:40:00+00:00,3333.34,3333.34,3333.29,3333.33,1.4071,2025,8,16
2025-08-16 02:45:00+00:00,3333.33,3336.01,3333.33,3334.43,16.9066,2025,8,16
2025-08-16 02:50:00+00:00,3334.25,3334.26,3333.89,3333.89,1.6639,2025,8,16
2025-08-16 02:55:00+00:00,3333.88,3333.89,3333.88,3333.89,0.047,2025,8,16
2025-08-16 03:00:00+00:00,3333.88,3333.89,3333.88,3333.88,0.8369,2025,8,16
2025-08-16 03:05:00+00:00,3333.89,3333.89,3333.89,3333.89,0.2201,2025,8,16
2025-08-16 03:10:00+00:00,3333.88,3333.89,3333.88,3333.88,0.0294,2025,8,16
2025-08-16 03:15:00+00:00,3333.89,3334.88,3333.89,3333.93,3.32,2025,8,16
2025-08-16 03:20:00+00:00,3333.92,3334.79,3333.03,3334.31,10.9442,2025,8,16
2025-08-16 03:25:00+00:00,3333.75,3333.75,3333.66,3333.66,0.4156,2025,8,16
2025-08-16 03:30:00+00:00,3333.58,3333.58,3333.31,3333.31,4.4319,2025,8,16
2025-08-16 03:35:00+00:00,3333.32,3333.51,3333.32,3333.46,0.489,2025,8,16
2025-08-16 03:40:00+00:00,3333.54,3334.16,3333.47,3333.47,3.3185,2025,8,16
2025-08-16 03:45:00+00:00,3333.48,3333.48,3333.24,3333.32,0.3161,2025,8,16
2025-08-16 03:50:00+00:00,3333.2,3333.2,3332.42,3332.42,0.4599,2025,8,16
2025-08-16 03:55:00+00:00,3332.41,3332.41,3332.25,3332.28,0.1511,2025,8,16
2025-08-16 04:00:00+00:00,3332.26,3332.26,3332.17,3332.18,0.3137,2025,8,16
2025-08-16 04:05:00+00:00,3332.17,3332.17,3331.41,3331.92,2.8108,2025,8,16
2025-08-16 04:10:00+00:00,3331.77,3331.77,3331.76,3331.77,0.781,2025,8,16
2025-08-16 04:15:00+00:00,3331.77,3331.78,3331.77,3331.78,0.602,2025,8,16
2025-08-16 04:20:00+00:00,3331.78,3331.79,3331.77,3331.79,0.1522,2025,8,16
2025-08-16 04:25:00+00:00,3331.79,3331.79,3331.78,3331.79,0.537,2025,8,16
2025-08-16 04:30:00+00:00,3331.79,3331.84,3331.79,3331.83,0.7172,2025,8,16
2025-08-16 04:35:00+00:00,3331.84,3331.84,3331.71,3331.72,0.6055,2025,8,16
2025-08-16 04:40:00+00:00,3331.72,3331.98,3331.71,3331.83,3.4926,2025,8,16
2025-08-16 04:45:00+00:00,3331.83,3333.36,3331.83,3333.33,2.4361,2025,8,16
2025-08-16 04:50:00+00:00,3333.33,3333.33,3333.31,3333.32,0.795,2025,8,16
2025-08-16 04:55:00+00:00,3333.31,3333.32,3333.31,3333.32,0.3252,2025,8,16
2025-08-16 05:00:00+00:00,3333.31,3333.32,3333.14,3333.17,0.9917,2025,8,16
2025-08-16 05:05:00+00:00,3333.15,3333.15,3333.11,3333.11,0.4516,2025,8,16
2025-08-16 05:10:00+00:00,3333.1,3333.1,3333.0,3333.01,0.4128,2025,8,16
2025-08-16 05:15:00+00:00,3333.0,3333.0,3332.98,3333.0,5.0448,2025,8,16
2025-08-16 05:20:00+00:00,3333.0,3333.12,3333.0,3333.12,0.8976,2025,8,16
2025-08-16 05:25:00+00:00,3333.13,3333.19,3333.13,3333.19,0.2919,2025,8,16
2025-08-16 05:30:00+00:00,3333.19,3333.54,3333.19,3333.54,0.3618,2025,8,16
2025-08-16 05:35:00+00:00,3333.54,3334.44,3333.54,3334.44,5.0042,2025,8,16
2025-08-16 05:40:00+00:00,3334.52,3334.77,3334.52,3334.77,0.2021,2025,8,16
2025-08-16 05:45:00+00:00,3334.78,3334.97,3334.78,3334.97,0.3825,2025,8,16
2025-08-16 05:50:00+00:00,3334.96,3334.96,3334.93,3334.94,0.6169,2025,8,16
2025-08-16 05:55:00+00:00,3334.94,3334.94,3333.55,3333.68,9.7337,2025,8,16
2025-08-16 06:00:00+00:00,3333.61,3333.61,3332.28,3332.28,4.2221,2025,8,16
2025-08-16 06:05:00+00:00,3332.28,3333.29,3332.28,3333.09,5.1011,2025,8,16
2025-08-16 06:10:00+00:00,3333.09,3333.41,3332.98,3333.25,5.5246,2025,8,16
2025-08-16 06:15:00+00:00,3333.25,3333.25,3333.24,3333.24,1.3779,2025,8,16
2025-08-16 06:20:00+00:00,3333.24,3333.31,3333.24,3333.28,0.3986,2025,8,16
2025-08-16 06:25:00+00:00,3333.28,3333.77,3333.05,3333.57,8.806,2025,8,16
2025-08-16 06:30:00+00:00,3333.58,3334.64,3333.55,3334.63,6.2228,2025,8,16
2025-08-16 06:35:00+00:00,3334.62,3334.62,3334.07,3334.12,2.9388,2025,8,16
2025-08-16 06:40:00+00:00,3334.01,3334.01,3332.34,3332.34,12.3643,2025,8,16
2025-08-16 06:45:00+00:00,3332.35,3332.35,3332.34,3332.34,0.8634,2025,8,16
2025-08-16 06:50:00+00:00,3332.35,3332.57,3332.35,3332.41,1.6342,2025,8,16
2025-08-16 06:55:00+00:00,3332.41,3333.95,3332.41,3333.54,5.413,2025,8,16
2025-08-16 07:00:00+00:00,3333.79,3333.79,3333.44,3333.67,1.1592,2025,8,16
2025-08-16 07:05:00+00:00,3333.67,3333.67,3333.67,3333.67,0.0204,2025,8,16
2025-08-16 07:10:00+00:00,3333.67,3333.83,3333.67,3333.73,0.3847,2025,8,16
2025-08-16 07:15:00+00:00,3333.77,3333.83,3333.77,3333.83,0.4963,2025,8,16
2025-08-16 07:20:00+00:00,3333.83,3333.83,3333.82,3333.83,0.2891,2025,8,16
2025-08-16 07:25:00+00:00,3333.82,3333.82,3333.82,3333.82,0.0037,2025,8,16
2025-08-16 07:30:00+00:00,3333.83,3333.83,3333.82,3333.83,0.1501,2025,8,16
2025-08-16 07:35:00+00:00,3333.83,3333.83,3333.83,3333.83,0.0187,2025,8,16
2025-08-16 07:40:00+00:00,3333.82,3333.82,3333.68,3333.71,2.5516,2025,8,16
2025-08-16 07:45:00+00:00,3333.78,3333.79,3333.78,3333.79,0.1193,2025,8,16
2025-08-16 07:50:00+00:00,3333.78,3333.8,3333.78,3333.79,0.5493,2025,8,16
2025-08-16 07:55:00+00:00,3333.79,3333.8,3333.79,3333.8,0.391,2025,8,16
2025-08-16 08:00:00+00:00,3333.8,3333.8,3329.99,3330.07,46.2845,2025,8,16
2025-08-16 08:05:00+00:00,3330.07,3330.21,3327.21,3329.33,25.8722,2025,8,16
2025-08-16 08:10:00+00:00,3329.33,3329.33,3329.33,3329.33,0.34,2025,8,16
2025-08-16 08:15:00+00:00,3329.33,3329.33,3329.32,3329.32,0.2627,2025,8,16
2025-08-16 08:20:00+00:00,3329.33,3330.63,3329.33,3330.42,4.586,2025,8,16
2025-08-16 08:25:00+00:00,3330.42,3330.42,3330.41,3330.41,0.817,2025,8,16
2025-08-16 08:30:00+00:00,3330.42,3330.42,3330.41,3330.41,1.1047,2025,8,16
2025-08-16 08:35:00+00:00,3330.42,3330.45,3330.41,3330.45,1.0198,2025,8,16
2025-08-16 08:40:00+00:00,3330.44,3330.44,3330.21,3330.21,0.8784,2025,8,16
2025-08-16 08:45:00+00:00,3330.01,3330.02,3330.01,3330.02,0.0328,2025,8,16
2025-08-16 08:50:00+00:00,3330.01,3330.01,3330.0,3330.0,0.2263,2025,8,16
2025-08-16 08:55:00+00:00,3330.0,3330.01,3330.0,3330.01,0.1871,2025,8,16
2025-08-16 09:00:00+00:00,3330.0,3330.01,3330.0,3330.01,0.0777,2025,8,16
2025-08-16 09:05:00+00:00,3330.01,3330.03,3330.0,3330.03,0.7306,2025,8,16
2025-08-16 09:10:00+00:00,3330.03,3330.03,3330.03,3330.03,1.1519,2025,8,16
2025-08-16 09:15:00+00:00,3330.03,3330.47,3330.03,3330.47,1.7547,2025,8,16
2025-08-16 09:20:00+00:00,3330.47,3331.1,3330.47,3331.1,1.2357,2025,8,16
2025-08-16 09:25:00+00:00,3331.11,3331.11,3331.1,3331.11,0.3684,2025,8,16
2025-08-16 09:30:00+00:00,3331.1,3331.11,3330.13,3330.13,2.6017,2025,8,16
2025-08-16 09:35:00+00:00,3330.78,3331.1,3330.77,3330.94,1.8704,2025,8,16
2025-08-16 09:40:00+00:00,3330.95,3330.95,3330.94,3330.94,0.7789,2025,8,16
2025-08-16 09:45:00+00:00,3330.95,3330.95,3330.94,3330.94,0.0737,2025,8,16
2025-08-16 09:50:00+00:00,3330.94,3330.95,3330.94,3330.94,2.5166,2025,8,16
2025-08-16 09:55:00+00:00,3330.95,3330.95,3330.94,3330.95,2.5099,2025,8,16
2025-08-16 10:00:00+00:00,3330.95,3330.95,3330.01,3330.79,4.1687,2025,8,16
2025-08-16 10:05:00+00:00,3330.8,3331.05,3330.01,3330.02,8.7412,2025,8,16
2025-08-16 10:10:00+00:00,3330.01,3330.02,3330.01,3330.01,1.1978,2025,8,16
2025-08-16 10:15:00+00:00,3330.02,3330.02,3330.01,3330.01,2.9801,2025,8,16
2025-08-16 10:20:00+00:00,3330.02,3330.02,3330.01,3330.02,1.2465,2025,8,16
2025-08-16 10:25:00+00:00,3330.02,3330.02,3330.01,3330.02,0.4069,2025,8,16
2025-08-16 10:30:00+00:00,3330.01,3330.02,3330.01,3330.02,0.2275,2025,8,16
2025-08-16 10:35:00+00:00,3330.01,3330.01,3328.81,3328.84,11.9187,2025,8,16
2025-08-16 10:40:00+00:00,3328.82,3328.82,3328.81,3328.81,0.1723,2025,8,16
2025-08-16 10:45:00+00:00,3328.82,3329.08,3328.82,3328.88,1.2077,2025,8,16
2025-08-16 10:50:00+00:00,3328.88,3328.88,3328.87,3328.88,0.4651,2025,8,16
2025-08-16 10:55:00+00:00,3328.88,3328.88,3328.88,3328.88,0.5462,2025,8,16
2025-08-16 11:00:00+00:00,3328.88,3329.58,3328.87,3329.13,3.1041,2025,8,16
2025-08-16 11:05:00+00:00,3329.13,3329.42,3329.13,3329.3,4.4514,2025,8,16
2025-08-16 11:10:00+00:00,3329.3,3329.3,3329.3,3329.3,0.6377,2025,8,16
2025-08-16 11:15:00+00:00,3329.3,3329.74,3329.29,3329.61,3.1708,2025,8,16
2025-08-16 11:20:00+00:00,3329.62,3329.87,3329.62,3329.86,3.9751,2025,8,16
2025-08-16 11:25:00+00:00,3329.86,3329.86,3329.7,3329.7,0.218,2025,8,16
2025-08-16 11:30:00+00:00,3329.71,3329.71,3329.65,3329.66,0.6055,2025,8,16
2025-08-16 11:35:00+00:00,3329.65,3329.65,3329.54,3329.59,1.0718,2025,8,16
2025-08-16 11:40:00+00:00,3329.58,3329.58,3329.54,3329.54,0.4671,2025,8,16
2025-08-16 11:45:00+00:00,3329.56,3329.56,3328.92,3328.92,4.4518,2025,8,16
2025-08-16 11:50:00+00:00,3328.92,3328.92,3328.91,3328.92,1.9645,2025,8,16
2025-08-16 11:55:00+00:00,3328.91,3329.21,3328.91,3329.03,0.5337,2025,8,16
2025-08-16 12:00:00+00:00,3329.02,3329.21,3329.02,3329.07,1.2528,2025,8,16
2025-08-16 12:05:00+00:00,3329.07,3329.73,3329.07,3329.6,4.3822,2025,8,16
2025-08-16 12:10:00+00:00,3329.47,3329.47,3328.98,3329.0,12.7731,2025,8,16
2025-08-16 12:15:00+00:00,3329.0,3329.1,3328.99,3329.03,3.7423,2025,8,16
2025-08-16 12:20:00+00:00,3329.03,3329.04,3329.03,3329.04,0.7854,2025,8,16
2025-08-16 12:25:00+00:00,3329.03,3329.04,3329.03,3329.04,0.5347,2025,8,16
2025-08-16 12:30:00+00:00,3329.03,3329.04,3329.03,3329.04,0.2309,2025,8,16
2025-08-16 12:35:00+00:00,3329.04,3329.04,3329.03,3329.04,0.5534,2025,8,16
2025-08-16 12:40:00+00:00,3329.03,3329.04,3329.03,3329.03,0.314,2025,8,16
2025-08-16 12:45:00+00:00,3329.03,3329.04,3329.03,3329.03,0.3061,2025,8,16
2025-08-16 12:50:00+00:00,3329.03,3329.24,3328.89,3328.89,10.9508,2025,8,16
2025-08-16 12:55:00+00:00,3328.88,3328.88,3328.84,3328.85,2.0813,2025,8,16
2025-08-16 13:00:00+00:00,3328.85,3328.86,3328.58,3328.58,1.3831,2025,8,16
2025-08-16 13:05:00+00:00,3328.57,3328.58,3327.95,3328.26,4.2866,2025,8,16
2025-08-16 13:10:00+00:00,3328.26,3328.32,3328.05,3328.1,11.4503,2025,8,16
2025-08-16 13:15:00+00:00,3328.26,3330.81,3328.04,3328.76,18.8973,2025,8,16
2025-08-16 13:20:00+00:00,3328.76,3330.13,3328.76,3329.29,8.8114,2025,8,16
2025-08-16 13:25:00+00:00,3329.28,3329.29,3329.28,3329.28,0.5905,2025,8,16
2025-08-16 13:30:00+00:00,3329.28,3329.29,3329.28,3329.28,0.273,2025,8,16
2025-08-16 13:35:00+00:00,3329.29,3329.29,3329.29,3329.29,0.2492,2025,8,16
2025-08-16 13:40:00+00:00,3329.29,3329.29,3329.28,3329.29,0.3211,2025,8,16
2025-08-16 13:45:00+00:00,3329.28,3329.29,3329.28,3329.29,0.3716,2025,8,16
2025-08-16 13:50:00+00:00,3329.29,3329.29,3329.28,3329.29,0.7824,2025,8,16
2025-08-16 13:55:00+00:00,3329.29,3331.25,3329.29,3331.25,14.4516,2025,8,16
2025-08-16 14:00:00+00:00,3331.06,3331.25,3331.05,3331.22,0.5215,2025,8,16
2025-08-16 14:05:00+00:00,3331.22,3331.22,3331.21,3331.21,0.1659,2025,8,16
2025-08-16 14:10:00+00:00,3331.22,3331.22,3331.21,3331.21,0.1043,2025,8,16
2025-08-16 14:15:00+00:00,3331.22,3331.46,3331.22,3331.25,0.5916,2025,8,16
2025-08-16 14:20:00+00:00,3331.26,3331.28,3331.26,3331.28,0.4119,2025,8,16
2025-08-16 14:25:00+00:00,3331.28,3331.41,3331.28,3331.3,1.4121,2025,8,16
2025-08-16 14:30:00+00:00,3331.31,3331.31,3331.29,3331.29,1.4266,2025,8,16
2025-08-16 14:35:00+00:00,3331.29,3331.72,3331.29,3331.72,3.1701,2025,8,16
2025-08-16 14:40:00+00:00,3331.41,3331.69,3329.49,3330.9,13.7955,2025,8,16
2025-08-16 14:45:00+00:00,3330.9,3330.9,3330.89,3330.89,0.3599,2025,8,16
2025-08-16 14:50:00+00:00,3330.9,3330.9,3327.0,3327.28,69.9776,2025,8,16
2025-08-16 14:55:00+00:00,3327.34,3327.88,3327.34,3327.72,3.1972,2025,8,16
2025-08-16 15:00:00+00:00,3327.73,3327.95,3327.73,3327.95,1.3634,2025,8,16
2025-08-16 15:05:00+00:00,3327.94,3327.95,3327.94,3327.95,0.0902,2025,8,16
2025-08-16 15:10:00+00:00,3327.95,3327.95,3327.89,3327.95,0.856,2025,8,16
2025-08-16 15:15:00+00:00,3327.95,3327.98,3327.94,3327.97,0.6257,2025,8,16
2025-08-16 15:20:00+00:00,3327.98,3328.32,3327.98,3328.29,4.958,2025,8,16
2025-08-16 15:25:00+00:00,3328.29,3328.57,3328.28,3328.56,2.2081,2025,8,16
2025-08-16 15:30:00+00:00,3328.56,3328.83,3328.56,3328.75,1.0037,2025,8,16
2025-08-16 15:35:00+00:00,3328.75,3328.75,3328.74,3328.74,0.3891,2025,8,16
2025-08-16 15:40:00+00:00,3328.75,3328.98,3328.74,3328.97,2.5634,2025,8,16
2025-08-16 15:45:00+00:00,3328.98,3328.98,3328.97,3328.98,0.3168,2025,8,16
2025-08-16 15:50:00+00:00,3328.98,3328.98,3328.98,3328.98,1.0543,2025,8,16
2025-08-16 15:55:00+00:00,3328.97,3328.98,3328.96,3328.96,1.0735,2025,8,16
2025-08-16 16:00:00+00:00,3328.96,3328.97,3328.96,3328.97,0.2089,2025,8,16
2025-08-16 16:05:00+00:00,3328.96,3328.97,3328.96,3328.96,0.8357,2025,8,16
2025-08-16 16:10:00+00:00,3328.97,3329.17,3328.97,3329.02,1.8755,2025,8,16
2025-08-16 16:15:00+00:00,3329.02,3329.03,3328.92,3328.97,1.804,2025,8,16
2025-08-16 16:20:00+00:00,3328.97,3328.97,3328.93,3328.94,0.944,2025,8,16
2025-08-16 16:25:00+00:00,3328.94,3328.94,3328.9,3328.91,1.7063,2025,8,16
2025-08-16 16:30:00+00:00,3328.93,3328.96,3328.93,3328.96,1.9842,2025,8,16
2025-08-16 16:35:00+00:00,3329.47,3329.47,3329.46,3329.47,0.234,2025,8,16
2025-08-16 16:40:00+00:00,3329.47,3329.47,3329.46,3329.47,0.3022,2025,8,16
2025-08-16 16:45:00+00:00,3329.46,3329.46,3329.46,3329.46,0.1663,2025,8,16
2025-08-16 16:50:00+00:00,3329.47,3329.47,3329.46,3329.46,0.264,2025,8,16
2025-08-16 16:55:00+00:00,3329.47,3329.6,3329.47,3329.59,3.0296,2025,8,16
2025-08-16 17:00:00+00:00,3329.59,3329.6,3328.99,3329.0,4.9116,2025,8,16
2025-08-16 17:05:00+00:00,3329.0,3329.0,3328.96,3328.97,1.4337,2025,8,16
2025-08-16 17:10:00+00:00,3328.97,3328.97,3328.89,3328.89,0.9965,2025,8,16
2025-08-16 17:15:00+00:00,3328.9,3328.9,3328.75,3328.75,1.9329,2025,8,16
2025-08-16 17:20:00+00:00,3328.75,3328.75,3328.71,3328.71,0.762,2025,8,16
2025-08-16 17:25:00+00:00,3328.71,3328.76,3328.71,3328.76,2.67,2025,8,16
2025-08-16 17:30:00+00:00,3328.76,3329.36,3328.76,3329.36,7.9961,2025,8,16
2025-08-16 17:35:00+00:00,3329.37,3329.37,3329.36,3329.37,4.1064,2025,8,16
2025-08-16 17:40:00+00:00,3329.37,3329.37,3329.36,3329.37,5.0084,2025,8,16
2025-08-16 17:45:00+00:00,3329.37,3329.37,3329.36,3329.36,0.6304,2025,8,16
2025-08-16 17:50:00+00:00,3329.36,3329.37,3329.07,3329.24,4.6373,2025,8,16
2025-08-16 17:55:00+00:00,3329.24,3329.24,3328.38,3328.39,6.5229,2025,8,16
2025-08-16 18:00:00+00:00,3328.39,3328.39,3328.38,3328.38,0.3915,2025,8,16
2025-08-16 18:05:00+00:00,3328.38,3328.38,3328.34,3328.35,0.6162,2025,8,16
2025-08-16 18:10:00+00:00,3328.34,3328.35,3328.34,3328.34,0.1865,2025,8,16
2025-08-16 18:15:00+00:00,3328.34,3328.35,3328.34,3328.35,0.0287,2025,8,16
2025-08-16 18:20:00+00:00,3328.34,3328.35,3328.34,3328.34,0.3072,2025,8,16
2025-08-16 18:25:00+00:00,3328.34,3328.34,3327.39,3327.4,5.1995,2025,8,16
2025-08-16 18:30:00+00:00,3327.39,3327.4,3327.0,3327.0,8.5381,2025,8,16
2025-08-16 18:35:00+00:00,3327.01,3327.01,3327.0,3327.01,0.6902,2025,8,16
2025-08-16 18:40:00+00:00,3327.01,3327.09,3327.0,3327.0,10.6848,2025,8,16
2025-08-16 18:45:00+00:00,3327.01,3327.03,3327.0,3327.0,3.827,2025,8,16
2025-08-16 18:50:00+00:00,3327.01,3327.01,3327.0,3327.01,3.8655,2025,8,16
2025-08-16 18:55:00+00:00,3327.0,3327.01,3327.0,3327.0,1.2036,2025,8,16
2025-08-16 19:00:00+00:00,3327.01,3327.01,3327.0,3327.01,1.8955,2025,8,16
2025-08-16 19:05:00+00:00,3327.01,3327.01,3327.0,3327.01,2.2988,2025,8,16
2025-08-16 19:10:00+00:00,3327.01,3327.01,3327.0,3327.01,2.8468,2025,8,16
2025-08-16 19:15:00+00:00,3327.0,3327.22,3327.0,3327.22,15.6285,2025,8,16
2025-08-16 19:20:00+00:00,3327.22,3327.22,3327.21,3327.22,3.5773,2025,8,16
2025-08-16 19:25:00+00:00,3327.22,3327.22,3327.21,3327.21,0.2022,2025,8,16
2025-08-16 19:30:00+00:00,3327.21,3327.22,3327.21,3327.22,0.3825,2025,8,16
2025-08-16 19:35:00+00:00,3327.22,3327.22,3327.22,3327.22,0.0115,2025,8,16
2025-08-16 19:40:00+00:00,3327.22,3327.41,3327.21,3327.41,3.2805,2025,8,16
2025-08-16 19:45:00+00:00,3327.41,3327.42,3327.41,3327.42,0.3144,2025,8,16
2025-08-16 19:50:00+00:00,3327.42,3327.42,3327.42,3327.42,0.0278,2025,8,16
2025-08-16 19:55:00+00:00,3327.42,3327.47,3327.42,3327.47,0.1895,2025,8,16
2025-08-16 20:00:00+00:00,3327.46,3327.47,3327.46,3327.47,0.0045,2025,8,16
2025-08-16 20:05:00+00:00,3327.47,3328.06,3327.46,3328.06,8.5504,2025,8,16
2025-08-16 20:10:00+00:00,3328.05,3329.09,3328.05,3328.76,5.5307,2025,8,16
2025-08-16 20:15:00+00:00,3328.78,3329.06,3328.78,3329.05,3.2611,2025,8,16
2025-08-16 20:20:00+00:00,3329.05,3329.06,3328.76,3328.76,3.8772,2025,8,16
2025-08-16 20:25:00+00:00,3328.77,3328.77,3328.76,3328.76,0.5757,2025,8,16
2025-08-16 20:30:00+00:00,3328.76,3328.77,3328.71,3328.74,2.1327,2025,8,16
2025-08-16 20:35:00+00:00,3328.75,3328.76,3328.6,3328.75,1.2231,2025,8,16
2025-08-16 20:40:00+00:00,3328.75,3328.76,3328.41,3328.41,1.768,2025,8,16
2025-08-16 20:45:00+00:00,3328.41,3328.41,3328.38,3328.38,0.5583,2025,8,16
2025-08-16 20:50:00+00:00,3328.38,3328.39,3328.22,3328.22,0.6433,2025,8,16
2025-08-16 20:55:00+00:00,3328.22,3328.22,3327.99,3327.99,0.1937,2025,8,16
2025-08-16 21:00:00+00:00,3328.0,3328.01,3328.0,3328.0,1.4429,2025,8,16
2025-08-16 21:05:00+00:00,3328.0,3328.01,3328.0,3328.0,0.16,2025,8,16
2025-08-16 21:10:00+00:00,3328.01,3328.01,3328.0,3328.0,0.1243,2025,8,16
2025-08-16 21:15:00+00:00,3328.0,3328.01,3327.7,3327.71,3.5372,2025,8,16
2025-08-16 21:20:00+00:00,3327.7,3327.71,3327.65,3327.68,2.108,2025,8,16
2025-08-16 21:25:00+00:00,3327.68,3328.73,3327.67,3328.73,7.9881,2025,8,16
2025-08-16 21:30:00+00:00,3328.67,3329.07,3328.67,3328.98,5.9958,2025,8,16
2025-08-16 21:35:00+00:00,3328.98,3328.99,3328.98,3328.98,1.2571,2025,8,16
2025-08-16 21:40:00+00:00,3328.98,3328.98,3328.42,3328.93,4.5077,2025,8,16
2025-08-16 21:45:00+00:00,3328.93,3328.93,3328.9,3328.9,0.4914,2025,8,16
2025-08-16 21:50:00+00:00,3328.91,3328.91,3328.7,3328.85,1.449,2025,8,16
2025-08-16 21:55:00+00:00,3328.85,3328.85,3328.85,3328.85,0.1198,2025,8,16
2025-08-16 22:00:00+00:00,3328.85,3328.85,3328.55,3328.56,0.9384,2025,8,16
2025-08-16 22:05:00+00:00,3328.51,3328.79,3328.51,3328.79,1.0234,2025,8,16
2025-08-16 22:10:00+00:00,3328.91,3328.93,3328.91,3328.93,0.1668,2025,8,16
2025-08-16 22:15:00+00:00,3328.93,3328.93,3328.93,3328.93,0.0075,2025,8,16
2025-08-16 22:20:00+00:00,3328.93,3328.93,3328.93,3328.93,0.0537,2025,8,16
2025-08-16 22:25:00+00:00,3328.93,3328.93,3328.93,3328.93,0.2435,2025,8,16
2025-08-16 22:30:00+00:00,3328.94,3329.13,3328.94,3329.13,5.618,2025,8,16
2025-08-16 22:35:00+00:00,3329.13,3329.52,3329.13,3329.51,5.7967,2025,8,16
2025-08-16 22:40:00+00:00,3329.52,3329.97,3329.52,3329.97,1.2284,2025,8,16
2025-08-16 22:45:00+00:00,3329.97,3329.97,3329.97,3329.97,0.799,2025,8,16
2025-08-16 22:50:00+00:00,3329.97,3329.97,3329.97,3329.97,0.2466,2025,8,16
2025-08-16 22:55:00+00:00,3329.97,3329.97,3329.97,3329.97,0.528,2025,8,16
2025-08-16 23:00:00+00:00,3329.97,3329.99,3329.97,3329.99,1.0262,2025,8,16
2025-08-16 23:05:00+00:00,3329.99,3329.99,3329.98,3329.99,0.5267,2025,8,16
2025-08-16 23:10:00+00:00,3329.99,3329.99,3329.97,3329.98,1.563,2025,8,16
2025-08-16 23:15:00+00:00,3329.98,3329.98,3329.97,3329.97,0.1808,2025,8,16
2025-08-16 23:20:00+00:00,3329.98,3329.98,3329.97,3329.97,0.6042,2025,8,16
2025-08-16 23:25:00+00:00,3329.97,3329.98,3329.97,3329.98,0.014,2025,8,16
2025-08-16 23:30:00+00:00,3329.97,3329.98,3329.96,3329.98,1.0231,2025,8,16
2025-08-16 23:35:00+00:00,3329.98,3329.98,3329.97,3329.98,0.3239,2025,8,16
2025-08-16 23:40:00+00:00,3329.98,3329.98,3329.97,3329.97,0.1969,2025,8,16
2025-08-16 23:45:00+00:00,3329.97,3329.98,3329.97,3329.98,0.232,2025,8,16
2025-08-16 23:50:00+00:00,3329.98,3329.98,3329.98,3329.98,0.8891,2025,8,16
2025-08-16 23:55:00+00:00,3329.98,3329.98,3329.48,3329.49,1.9714,2025,8,16
2025-08-17 00:00:00+00:00,3329.57,3329.58,3328.25,3328.26,3.1775,2025,8,17
2025-08-17 00:05:00+00:00,3328.26,3331.43,3328.25,3329.94,11.4431,2025,8,17
2025-08-17 00:10:00+00:00,3329.94,3330.04,3329.93,3330.01,1.0748,2025,8,17
2025-08-17 00:15:00+00:00,3330.01,3330.33,3330.01,3330.12,1.9752,2025,8,17
2025-08-17 00:20:00+00:00,3330.25,3330.25,3330.24,3330.25,0.0719,2025,8,17
2025-08-17 00:25:00+00:00,3330.32,3330.41,3330.32,3330.32,0.7206,2025,8,17
2025-08-17 00:30:00+00:00,3330.32,3330.32,3330.31,3330.31,0.3802,2025,8,17
2025-08-17 00:35:00+00:00,3330.33,3330.36,3330.32,3330.36,0.3772,2025,8,17
2025-08-17 00:40:00+00:00,3330.36,3330.38,3330.17,3330.33,1.0776,2025,8,17
2025-08-17 00:45:00+00:00,3330.33,3330.34,3330.18,3330.18,0.7614,2025,8,17
2025-08-17 00:50:00+00:00,3330.19,3330.19,3329.97,3329.98,0.7947,2025,8,17
2025-08-17 00:55:00+00:00,3329.98,3329.99,3329.98,3329.99,0.3981,2025,8,17
2025-08-17 01:00:00+00:00,3329.99,3329.99,3329.98,3329.99,0.6671,2025,8,17
2025-08-17 01:05:00+00:00,3329.99,3330.05,3329.99,3329.99,0.2778,2025,8,17
2025-08-17 01:10:00+00:00,3329.99,3330.16,3329.98,3329.99,0.4831,2025,8,17
2025-08-17 01:15:00+00:00,3329.99,3329.99,3329.99,3329.99,0.0726,2025,8,17
2025-08-17 01:20:00+00:00,3329.99,3330.11,3329.99,3330.11,0.076,2025,8,17
2025-08-17 01:25:00+00:00,3330.1,3330.1,3330.01,3330.05,0.4607,2025,8,17
2025-08-17 01:30:00+00:00,3330.05,3330.05,3330.04,3330.05,0.9043,2025,8,17
2025-08-17 01:35:00+00:00,3330.16,3330.16,3330.15,3330.16,0.2681,2025,8,17
2025-08-17 01:40:00+00:00,3330.16,3330.16,3330.14,3330.14,0.2288,2025,8,17
2025-08-17 01:45:00+00:00,3330.14,3330.14,3329.8,3329.8,0.9276,2025,8,17
2025-08-17 01:50:00+00:00,3329.8,3329.81,3329.39,3329.4,4.108,2025,8,17
2025-08-17 01:55:00+00:00,3329.39,3329.39,3328.92,3328.92,0.4988,2025,8,17
2025-08-17 02:00:00+00:00,3328.92,3328.92,3328.9,3328.9,0.5323,2025,8,17
2025-08-17 02:05:00+00:00,3328.9,3328.91,3328.9,3328.9,0.1244,2025,8,17
2025-08-17 02:10:00+00:00,3328.9,3328.93,3328.9,3328.92,1.1887,2025,8,17
2025-08-17 02:15:00+00:00,3328.93,3328.93,3328.92,3328.93,0.0994,2025,8,17
2025-08-17 02:20:00+00:00,3328.92,3328.93,3328.92,3328.93,0.5591,2025,8,17
2025-08-17 02:25:00+00:00,3328.92,3329.3,3328.92,3329.3,1.9117,2025,8,17
2025-08-17 02:30:00+00:00,3329.3,3329.32,3329.27,3329.3,1.138,2025,8,17
2025-08-17 02:35:00+00:00,3329.23,3329.23,3329.22,3329.23,0.5953,2025,8,17
2025-08-17 02:40:00+00:00,3329.22,3329.23,3329.22,3329.23,0.0478,2025,8,17
2025-08-17 02:45:00+00:00,3329.22,3329.34,3329.22,3329.33,0.3325,2025,8,17
2025-08-17 02:50:00+00:00,3329.34,3329.34,3329.34,3329.34,0.4707,2025,8,17
2025-08-17 02:55:00+00:00,3329.34,3329.44,3329.34,3329.44,0.9062,2025,8,17
2025-08-17 03:00:00+00:00,3329.44,3329.47,3329.44,3329.47,1.0243,2025,8,17
2025-08-17 03:05:00+00:00,3329.46,3329.46,3329.46,3329.46,0.0047,2025,8,17
2025-08-17 03:10:00+00:00,3329.49,3329.52,3329.49,3329.52,0.1302,2025,8,17
2025-08-17 03:15:00+00:00,3329.52,3330.5,3329.52,3330.09,5.1033,2025,8,17
2025-08-17 03:20:00+00:00,3330.1,3330.31,3330.1,3330.31,0.0374,2025,8,17
2025-08-17 03:25:00+00:00,3330.31,3330.45,3330.31,3330.45,0.3063,2025,8,17
2025-08-17 03:30:00+00:00,3330.34,3330.45,3330.33,3330.45,0.0358,2025,8,17
2025-08-17 03:35:00+00:00,3330.45,3330.45,3330.37,3330.37,0.0372,2025,8,17
2025-08-17 03:40:00+00:00,3330.38,3330.38,3330.3,3330.3,0.4877,2025,8,17
2025-08-17 03:45:00+00:00,3330.33,3330.33,3329.82,3330.09,3.3719,2025,8,17
2025-08-17 03:50:00+00:00,3329.98,3330.14,3329.97,3330.14,1.4811,2025,8,17
2025-08-17 03:55:00+00:00,3330.14,3330.14,3330.04,3330.13,0.1726,2025,8,17
2025-08-17 04:00:00+00:00,3330.13,3330.15,3330.13,3330.15,0.9591,2025,8,17
2025-08-17 04:05:00+00:00,3330.14,3330.15,3330.14,3330.15,0.8117,2025,8,17
2025-08-17 04:10:00+00:00,3330.15,3330.89,3330.14,3330.39,2.9768,2025,8,17
2025-08-17 04:15:00+00:00,3330.39,3331.0,3330.39,3330.98,0.5914,2025,8,17
2025-08-17 04:20:00+00:00,3330.98,3332.45,3330.95,3332.45,3.0297,2025,8,17
2025-08-17 04:25:00+00:00,3332.44,3332.88,3332.44,3332.77,0.2976,2025,8,17
2025-08-17 04:30:00+00:00,3332.77,3333.52,3332.76,3333.37,0.9677,2025,8,17
2025-08-17 04:35:00+00:00,3333.37,3333.52,3333.37,3333.52,0.7209,2025,8,17
2025-08-17 04:40:00+00:00,3333.77,3333.78,3333.1,3333.19,1.7269,2025,8,17
2025-08-17 04:45:00+00:00,3333.2,3333.2,3333.15,3333.18,1.0718,2025,8,17
2025-08-17 04:50:00+00:00,3333.18,3333.5,3333.18,3333.5,0.5907,2025,8,17
2025-08-17 04:55:00+00:00,3333.5,3333.57,3333.49,3333.57,1.4664,2025,8,17
2025-08-17 05:00:00+00:00,3333.56,3333.57,3333.52,3333.53,2.1194,2025,8,17
2025-08-17 05:05:00+00:00,3333.53,3333.53,3333.52,3333.53,1.2623,2025,8,17
2025-08-17 05:10:00+00:00,3333.53,3333.75,3333.52,3333.68,1.7871,2025,8,17
2025-08-17 05:15:00+00:00,3333.68,3333.72,3333.6,3333.72,1.7308,2025,8,17
2025-08-17 05:20:00+00:00,3333.72,3334.05,3333.72,3334.05,1.9873,2025,8,17
2025-08-17 05:25:00+00:00,3334.05,3334.05,3333.7,3334.01,4.4674,2025,8,17
2025-08-17 05:30:00+00:00,3334.01,3334.01,3333.58,3333.61,1.5917,2025,8,17
2025-08-17 05:35:00+00:00,3333.6,3333.6,3333.58,3333.59,1.047,2025,8,17
2025-08-17 05:40:00+00:00,3333.59,3333.59,3332.17,3332.18,8.3408,2025,8,17
2025-08-17 05:45:00+00:00,3332.17,3332.17,3327.0,3328.51,47.5425,2025,8,17
2025-08-17 05:50:00+00:00,3328.51,3333.97,3328.51,3332.37,31.3387,2025,8,17
2025-08-17 05:55:00+00:00,3332.37,3332.76,3332.37,3332.6,4.3194,2025,8,17
2025-08-17 06:00:00+00:00,3332.59,3332.59,3332.46,3332.52,2.323,2025,8,17
2025-08-17 06:05:00+00:00,3332.52,3332.75,3332.51,3332.75,1.4865,2025,8,17
2025-08-17 06:10:00+00:00,3332.75,3332.8,3332.74,3332.8,1.873,2025,8,17
2025-08-17 06:15:00+00:00,3332.8,3332.8,3331.67,3331.68,4.8246,2025,8,17
2025-08-17 06:20:00+00:00,3331.68,3331.68,3331.67,3331.68,1.5621,2025,8,17
2025-08-17 06:25:00+00:00,3331.68,3331.7,3331.68,3331.7,1.2686,2025,8,17
2025-08-17 06:30:00+00:00,3331.7,3331.7,3329.94,3330.85,8.2182,2025,8,17
2025-08-17 06:35:00+00:00,3330.85,3330.9,3330.81,3330.9,4.1296,2025,8,17
2025-08-17 06:40:00+00:00,3330.9,3330.9,3330.84,3330.85,1.4991,2025,8,17
2025-08-17 06:45:00+00:00,3330.85,3332.33,3330.84,3332.24,12.996,2025,8,17
2025-08-17 06:50:00+00:00,3332.24,3332.25,3332.18,3332.23,1.7696,2025,8,17
2025-08-17 06:55:00+00:00,3332.23,3332.23,3332.18,3332.2,1.2764,2025,8,17
2025-08-17 07:00:00+00:00,3332.2,3332.2,3332.18,3332.19,2.366,2025,8,17
2025-08-17 07:05:00+00:00,3332.19,3332.33,3332.17,3332.19,1.9379,2025,8,17
2025-08-17 07:10:00+00:00,3332.19,3332.65,3332.19,3332.6,2.4844,2025,8,17
2025-08-17 07:15:00+00:00,3332.6,3332.6,3332.46,3332.5,3.0729,2025,8,17
2025-08-17 07:20:00+00:00,3332.49,3332.49,3332.39,3332.4,1.6967,2025,8,17
2025-08-17 07:25:00+00:00,3332.4,3332.44,3332.03,3332.03,1.2936,2025,8,17
2025-08-17 07:30:00+00:00,3332.04,3332.04,3331.71,3331.83,2.4739,2025,8,17
2025-08-17 07:35:00+00:00,3331.83,3331.93,3331.77,3331.93,1.3327,2025,8,17
2025-08-17 07:40:00+00:00,3331.92,3331.93,3331.89,3331.89,1.2303,2025,8,17
2025-08-17 07:45:00+00:00,3331.9,3331.96,3331.9,3331.96,1.0012,2025,8,17
2025-08-17 07:50:00+00:00,3331.96,3331.96,3331.93,3331.94,0.9586,2025,8,17
2025-08-17 07:55:00+00:00,3331.94,3331.94,3331.93,3331.94,0.9409,2025,8,17
2025-08-17 08:00:00+00:00,3331.93,3331.95,3331.16,3331.16,4.5532,2025,8,17
2025-08-17 08:05:00+00:00,3331.16,3332.1,3331.16,3332.08,4.2426,2025,8,17
2025-08-17 08:10:00+00:00,3332.08,3333.2,3332.08,3333.2,4.7588,2025,8,17
2025-08-17 08:15:00+00:00,3333.26,3333.89,3333.26,3333.89,3.033,2025,8,17
2025-08-17 08:20:00+00:00,3333.89,3333.93,3333.89,3333.93,3.353,2025,8,17
2025-08-17 08:25:00+00:00,3333.93,3333.99,3332.12,3332.13,11.7592,2025,8,17
2025-08-17 08:30:00+00:00,3332.13,3332.13,3332.09,3332.1,1.541,2025,8,17
2025-08-17 08:35:00+00:00,3332.1,3332.1,3332.01,3332.05,2.0034,2025,8,17
2025-08-17 08:40:00+00:00,3332.04,3332.13,3331.93,3331.97,2.557,2025,8,17
2025-08-17 08:45:00+00:00,3331.96,3332.0,3330.94,3330.98,3.5098,2025,8,17
2025-08-17 08:50:00+00:00,3330.98,3331.01,3330.88,3330.93,1.958,2025,8,17
2025-08-17 08:55:00+00:00,3330.93,3330.93,3330.84,3330.93,2.0291,2025,8,17
2025-08-17 09:00:00+00:00,3330.93,3330.93,3329.44,3330.22,11.4601,2025,8,17
2025-08-17 09:05:00+00:00,3330.23,3330.23,3329.27,3329.62,4.9428,2025,8,17
2025-08-17 09:10:00+00:00,3329.83,3330.63,3329.83,3330.0,9.6199,2025,8,17
2025-08-17 09:15:00+00:00,3330.0,3330.0,3329.96,3329.96,3.0452,2025,8,17
2025-08-17 09:20:00+00:00,3329.97,3330.0,3329.9,3329.91,4.5029,2025,8,17
2025-08-17 09:25:00+00:00,3329.91,3329.91,3329.02,3329.45,5.9523,2025,8,17
2025-08-17 09:30:00+00:00,3329.45,3329.56,3328.81,3329.5,7.4589,2025,8,17
2025-08-17 09:35:00+00:00,3329.5,3329.5,3329.49,3329.5,1.2202,2025,8,17
2025-08-17 09:40:00+00:00,3329.5,3329.52,3329.49,3329.52,1.541,2025,8,17
2025-08-17 09:45:00+00:00,3329.52,3329.52,3329.51,3329.52,1.3971,2025,8,17
2025-08-17 09:50:00+00:00,3329.51,3329.56,3329.51,3329.55,1.5672,2025,8,17
2025-08-17 09:55:00+00:00,3329.56,3329.56,3329.53,3329.54,1.5196,2025,8,17
2025-08-17 10:00:00+00:00,3329.53,3329.54,3329.2,3329.21,3.1188,2025,8,17
2025-08-17 10:05:00+00:00,3329.21,3329.21,3329.0,3329.0,3.0571,2025,8,17
2025-08-17 10:10:00+00:00,3329.0,3329.0,3328.0,3328.43,12.6829,2025,8,17
2025-08-17 10:15:00+00:00,3328.43,3329.07,3328.42,3329.03,2.3629,2025,8,17
2025-08-17 10:20:00+00:00,3328.59,3328.89,3328.59,3328.89,1.5123,2025,8,17
2025-08-17 10:25:00+00:00,3328.89,3328.89,3328.88,3328.88,0.6291,2025,8,17
2025-08-17 10:30:00+00:00,3328.88,3329.02,3328.88,3329.02,1.5821,2025,8,17
2025-08-17 10:35:00+00:00,3329.19,3329.21,3329.19,3329.21,1.765,2025,8,17
2025-08-17 10:40:00+00:00,3329.25,3329.3,3329.25,3329.3,0.8798,2025,8,17
2025-08-17 10:45:00+00:00,3329.29,3329.3,3329.29,3329.3,0.5666,2025,8,17
2025-08-17 10:50:00+00:00,3329.3,3329.3,3329.29,3329.29,1.2304,2025,8,17
2025-08-17 10:55:00+00:00,3329.29,3329.35,3329.29,3329.35,0.2554,2025,8,17
2025-08-17 11:00:00+00:00,3329.35,3329.35,3328.92,3329.26,2.9933,2025,8,17
2025-08-17 11:05:00+00:00,3329.26,3329.31,3329.26,3329.26,2.3736,2025,8,17
2025-08-17 11:10:00+00:00,3329.27,3329.31,3329.0,3329.08,4.0897,2025,8,17
2025-08-17 11:15:00+00:00,3329.07,3329.32,3328.88,3329.11,13.846,2025,8,17
2025-08-17 11:20:00+00:00,3329.11,3329.35,3329.1,3329.35,3.0001,2025,8,17
2025-08-17 11:25:00+00:00,3329.35,3329.56,3329.34,3329.56,1.1132,2025,8,17
2025-08-17 11:30:00+00:00,3329.56,3329.56,3329.55,3329.56,3.1307,2025,8,17
2025-08-17 11:35:00+00:00,3329.56,3329.56,3329.55,3329.56,1.6013,2025,8,17
2025-08-17 11:40:00+00:00,3329.56,3329.56,3329.55,3329.55,0.9792,2025,8,17
2025-08-17 11:45:00+00:00,3329.56,3329.56,3329.56,3329.56,0.7817,2025,8,17
2025-08-17 11:50:00+00:00,3329.57,3329.91,3329.55,3329.9,2.7299,2025,8,17
2025-08-17 11:55:00+00:00,3329.9,3329.91,3329.9,3329.91,0.1623,2025,8,17
2025-08-17 12:00:00+00:00,3329.91,3330.0,3329.9,3329.96,4.4485,2025,8,17
2025-08-17 12:05:00+00:00,3329.96,3329.96,3327.0,3328.52,53.037,2025,8,17
2025-08-17 12:10:00+00:00,3328.53,3328.53,3328.0,3328.01,0.3497,2025,8,17
2025-08-17 12:15:00+00:00,3327.85,3327.85,3327.84,3327.84,0.273,2025,8,17
2025-08-17 12:20:00+00:00,3327.85,3328.3,3327.0,3327.77,10.3964,2025,8,17
2025-08-17 12:25:00+00:00,3327.9,3327.9,3327.72,3327.72,1.2026,2025,8,17
2025-08-17 12:30:00+00:00,3327.84,3327.89,3327.83,3327.88,1.8369,2025,8,17
2025-08-17 12:35:00+00:00,3327.88,3327.88,3327.68,3327.8,1.8009,2025,8,17
2025-08-17 12:40:00+00:00,3327.8,3327.8,3327.79,3327.8,0.749,2025,8,17
2025-08-17 12:45:00+00:00,3327.79,3327.83,3327.79,3327.82,1.4863,2025,8,17
2025-08-17 12:50:00+00:00,3327.83,3327.94,3327.83,3327.92,1.7653,2025,8,17
2025-08-17 12:55:00+00:00,3327.92,3327.93,3327.92,3327.92,0.346,2025,8,17
2025-08-17 13:00:00+00:00,3327.93,3327.93,3327.92,3327.93,0.3654,2025,8,17
2025-08-17 13:05:00+00:00,3327.93,3329.33,3327.92,3329.33,3.0848,2025,8,17
2025-08-17 13:10:00+00:00,3329.33,3329.42,3329.32,3329.41,1.3631,2025,8,17
2025-08-17 13:15:00+00:00,3329.42,3329.65,3329.41,3329.65,0.8392,2025,8,17
2025-08-17 13:20:00+00:00,3329.65,3330.54,3329.65,3330.54,1.5448,2025,8,17
2025-08-17 13:25:00+00:00,3330.66,3330.83,3330.66,3330.82,3.1223,2025,8,17
2025-08-17 13:30:00+00:00,3330.81,3330.82,3330.81,3330.82,0.3836,2025,8,17
2025-08-17 13:35:00+00:00,3330.83,3330.83,3330.82,3330.82,0.0774,2025,8,17
2025-08-17 13:40:00+00:00,3330.83,3330.95,3330.83,3330.95,0.5343,2025,8,17
2025-08-17 13:45:00+00:00,3330.95,3331.62,3330.95,3331.59,7.4745,2025,8,17
2025-08-17 13:50:00+00:00,3331.62,3331.62,3331.15,3331.29,3.1791,2025,8,17
2025-08-17 13:55:00+00:00,3331.3,3331.3,3331.29,3331.29,0.6367,2025,8,17
2025-08-17 14:00:00+00:00,3331.29,3331.29,3330.81,3330.82,7.3526,2025,8,17
2025-08-17 14:05:00+00:00,3330.83,3330.83,3330.81,3330.81,3.7592,2025,8,17
2025-08-17 14:10:00+00:00,3330.81,3330.82,3330.81,3330.82,2.966,2025,8,17
2025-08-17 14:15:00+00:00,3330.82,3330.82,3330.81,3330.81,1.7668,2025,8,17
2025-08-17 14:20:00+00:00,3330.82,3330.82,3330.81,3330.81,2.033,2025,8,17
2025-08-17 14:25:00+00:00,3330.82,3331.01,3330.82,3331.01,3.6384,2025,8,17
2025-08-17 14:30:00+00:00,3331.01,3331.01,3331.0,3331.0,0.0313,2025,8,17
2025-08-17 14:35:00+00:00,3331.01,3331.01,3331.0,3331.0,1.5894,2025,8,17
2025-08-17 14:40:00+00:00,3331.0,3331.01,3331.0,3331.01,2.3558,2025,8,17
2025-08-17 14:45:00+00:00,3331.01,3331.01,3331.0,3331.0,2.0154,2025,8,17
2025-08-17 14:50:00+00:00,3331.01,3331.01,3331.0,3331.0,1.12,2025,8,17
2025-08-17 14:55:00+00:00,3331.01,3331.01,3331.0,3331.0,4.2376,2025,8,17
2025-08-17 15:00:00+00:00,3331.01,3331.01,3331.0,3331.0,2.6445,2025,8,17
2025-08-17 15:05:00+00:00,3331.0,3331.01,3331.0,3331.01,0.6374,2025,8,17
2025-08-17 15:10:00+00:00,3331.0,3331.01,3331.0,3331.0,1.5869,2025,8,17
2025-08-17 15:15:00+00:00,3331.0,3331.0,3331.0,3331.0,1.2522,2025,8,17
2025-08-17 15:20:00+00:00,3330.98,3331.04,3330.97,3331.04,5.7178,2025,8,17
2025-08-17 15:25:00+00:00,3331.03,3331.04,3331.03,3331.03,0.8537,2025,8,17
2025-08-17 15:30:00+00:00,3331.03,3331.04,3331.03,3331.04,0.9459,2025,8,17
2025-08-17 15:35:00+00:00,3331.04,3331.04,3331.03,3331.04,0.3378,2025,8,17
2025-08-17 15:40:00+00:00,3331.04,3331.04,3331.03,3331.03,0.7317,2025,8,17
2025-08-17 15:45:00+00:00,3331.04,3331.04,3331.02,3331.03,0.3207,2025,8,17
2025-08-17 15:50:00+00:00,3331.03,3331.03,3331.03,3331.03,1.2553,2025,8,17
2025-08-17 15:55:00+00:00,3331.03,3331.04,3330.13,3330.57,9.718,2025,8,17
2025-08-17 16:00:00+00:00,3330.57,3330.72,3330.35,3330.35,9.0395,2025,8,17
2025-08-17 16:05:00+00:00,3330.36,3330.36,3330.0,3330.01,16.4693,2025,8,17
2025-08-17 16:10:00+00:00,3330.01,3330.01,3330.0,3330.01,1.7049,2025,8,17
2025-08-17 16:15:00+00:00,3330.01,3330.01,3330.0,3330.01,1.8826,2025,8,17
2025-08-17 16:20:00+00:00,3330.0,3330.01,3330.0,3330.01,0.2065,2025,8,17
2025-08-17 16:25:00+00:00,3330.0,3330.01,3330.0,3330.01,1.0719,2025,8,17
2025-08-17 16:30:00+00:00,3330.01,3330.01,3330.0,3330.0,1.592,2025,8,17
2025-08-17 16:35:00+00:00,3330.0,3330.03,3328.85,3329.34,9.7924,2025,8,17
2025-08-17 16:40:00+00:00,3329.33,3329.33,3328.92,3328.93,1.0705,2025,8,17
2025-08-17 16:45:00+00:00,3328.92,3328.92,3328.75,3328.75,2.1304,2025,8,17
2025-08-17 16:50:00+00:00,3328.76,3328.76,3328.12,3328.15,5.9761,2025,8,17
2025-08-17 16:55:00+00:00,3328.15,3328.15,3328.14,3328.15,0.3719,2025,8,17
2025-08-17 17:00:00+00:00,3328.15,3328.23,3328.14,3328.15,3.5946,2025,8,17
2025-08-17 17:05:00+00:00,3328.15,3328.16,3328.14,3328.16,0.4716,2025,8,17
2025-08-17 17:10:00+00:00,3328.15,3328.16,3327.09,3327.83,7.7005,2025,8,17
2025-08-17 17:15:00+00:00,3327.83,3327.83,3327.82,3327.83,0.3303,2025,8,17
2025-08-17 17:20:00+00:00,3327.82,3328.52,3327.82,3328.51,5.3308,2025,8,17
2025-08-17 17:25:00+00:00,3328.5,3328.51,3328.5,3328.51,0.5951,2025,8,17
2025-08-17 17:30:00+00:00,3328.5,3328.51,3328.5,3328.51,0.4381,2025,8,17
2025-08-17 17:35:00+00:00,3328.51,3328.51,3328.5,3328.51,1.2602,2025,8,17
2025-08-17 17:40:00+00:00,3328.52,3328.55,3328.52,3328.55,0.5131,2025,8,17
2025-08-17 17:45:00+00:00,3328.55,3328.55,3328.55,3328.55,0.0733,2025,8,17
2025-08-17 17:50:00+00:00,3328.56,3328.58,3328.56,3328.58,0.0977,2025,8,17
2025-08-17 17:55:00+00:00,3328.6,3328.61,3328.6,3328.61,0.1595,2025,8,17
2025-08-17 18:00:00+00:00,3328.61,3328.82,3328.61,3328.61,0.7681,2025,8,17
2025-08-17 18:05:00+00:00,3328.61,3328.61,3328.6,3328.61,0.2811,2025,8,17
2025-08-17 18:10:00+00:00,3328.6,3328.61,3328.6,3328.6,0.2324,2025,8,17
2025-08-17 18:15:00+00:00,3328.6,3328.6,3328.59,3328.6,3.6071,2025,8,17
2025-08-17 18:20:00+00:00,3328.6,3328.6,3328.59,3328.6,0.6975,2025,8,17
2025-08-17 18:25:00+00:00,3328.6,3328.6,3328.6,3328.6,0.0231,2025,8,17
2025-08-17 18:30:00+00:00,3328.59,3328.91,3328.59,3328.73,5.4355,2025,8,17
2025-08-17 18:35:00+00:00,3328.73,3329.27,3328.72,3328.74,3.584,2025,8,17
2025-08-17 18:40:00+00:00,3328.75,3328.88,3328.75,3328.88,1.1484,2025,8,17
2025-08-17 18:45:00+00:00,3328.88,3328.91,3328.55,3328.89,5.6915,2025,8,17
2025-08-17 18:50:00+00:00,3328.89,3328.89,3328.89,3328.89,0.0997,2025,8,17
2025-08-17 18:55:00+00:00,3328.88,3328.88,3328.85,3328.86,1.4946,2025,8,17
2025-08-17 19:00:00+00:00,3328.86,3328.86,3328.84,3328.84,1.9478,2025,8,17
2025-08-17 19:05:00+00:00,3328.84,3328.85,3328.84,3328.85,0.0048,2025,8,17
2025-08-17 19:10:00+00:00,3328.85,3328.85,3328.83,3328.83,4.3577,2025,8,17
2025-08-17 19:15:00+00:00,3328.84,3328.84,3328.83,3328.83,0.901,2025,8,17
2025-08-17 19:20:00+00:00,3328.84,3328.84,3328.83,3328.83,1.0543,2025,8,17
2025-08-17 19:25:00+00:00,3328.76,3328.76,3328.65,3328.65,1.6891,2025,8,17
2025-08-17 19:30:00+00:00,3328.65,3328.65,3328.56,3328.58,3.306,2025,8,17
2025-08-17 19:35:00+00:00,3328.58,3328.58,3327.99,3328.29,5.1705,2025,8,17
2025-08-17 19:40:00+00:00,3328.29,3328.29,3328.29,3328.29,0.737,2025,8,17
2025-08-17 19:45:00+00:00,3328.29,3328.29,3328.28,3328.29,0.2953,2025,8,17
2025-08-17 19:50:00+00:00,3328.29,3328.3,3328.28,3328.3,1.4715,2025,8,17
2025-08-17 19:55:00+00:00,3328.3,3328.3,3328.29,3328.3,0.2382,2025,8,17
2025-08-17 20:00:00+00:00,3328.3,3328.3,3328.29,3328.3,0.7696,2025,8,17
2025-08-17 20:05:00+00:00,3328.29,3328.3,3328.29,3328.29,0.0279,2025,8,17
2025-08-17 20:10:00+00:00,3328.3,3328.3,3328.29,3328.29,0.0349,2025,8,17
2025-08-17 20:15:00+00:00,3328.3,3328.33,3328.29,3328.31,1.6155,2025,8,17
2025-08-17 20:20:00+00:00,3328.31,3328.31,3328.3,3328.31,0.4077,2025,8,17
2025-08-17 20:25:00+00:00,3328.31,3328.31,3328.3,3328.31,0.1251,2025,8,17
2025-08-17 20:30:00+00:00,3328.31,3328.31,3328.3,3328.31,0.7336,2025,8,17
2025-08-17 20:35:00+00:00,3328.31,3328.31,3328.3,3328.3,0.1506,2025,8,17
2025-08-17 20:40:00+00:00,3328.31,3328.31,3328.3,3328.3,0.2946,2025,8,17
2025-08-17 20:45:00+00:00,3328.31,3328.31,3328.27,3328.28,0.9367,2025,8,17
2025-08-17 20:50:00+00:00,3328.28,3328.28,3327.69,3328.03,6.6212,2025,8,17
2025-08-17 20:55:00+00:00,3328.03,3328.6,3328.02,3328.04,2.4401,2025,8,17
2025-08-17 21:00:00+00:00,3328.06,3328.3,3328.06,3328.13,1.5603,2025,8,17
2025-08-17 21:05:00+00:00,3328.13,3328.3,3328.13,3328.21,1.4815,2025,8,17
2025-08-17 21:10:00+00:00,3328.21,3328.57,3328.2,3328.57,3.4772,2025,8,17
2025-08-17 21:15:00+00:00,3328.57,3329.07,3328.57,3329.07,0.312,2025,8,17
2025-08-17 21:20:00+00:00,3329.06,3329.07,3328.35,3329.04,1.8597,2025,8,17
2025-08-17 21:25:00+00:00,3329.03,3330.25,3329.03,3330.23,1.8173,2025,8,17
2025-08-17 21:30:00+00:00,3330.23,3330.23,3330.22,3330.23,0.1928,2025,8,17
2025-08-17 21:35:00+00:00,3330.22,3330.23,3330.22,3330.22,0.1303,2025,8,17
2025-08-17 21:40:00+00:00,3330.22,3330.23,3329.94,3330.21,0.8833,2025,8,17
2025-08-17 21:45:00+00:00,3330.21,3330.22,3330.1,3330.1,0.3654,2025,8,17
2025-08-17 21:50:00+00:00,3330.11,3330.11,3330.08,3330.09,1.4283,2025,8,17
2025-08-17 21:55:00+00:00,3330.09,3330.78,3330.09,3330.78,2.7788,2025,8,17
2025-08-17 22:00:00+00:00,3330.79,3330.79,3329.61,3329.76,5.8534,2025,8,17
2025-08-17 22:05:00+00:00,3329.76,3329.76,3328.28,3328.62,1.4205,2025,8,17
2025-08-17 22:10:00+00:00,3328.68,3329.34,3328.06,3329.08,7.2398,2025,8,17
2025-08-17 22:15:00+00:00,3329.08,3330.04,3329.08,3329.34,5.0578,2025,8,17
2025-08-17 22:20:00+00:00,3329.34,3329.34,3329.33,3329.33,1.359,2025,8,17
2025-08-17 22:25:00+00:00,3329.34,3329.38,3329.34,3329.37,0.3611,2025,8,17
2025-08-17 22:30:00+00:00,3329.4,3329.74,3329.4,3329.74,1.0347,2025,8,17
2025-08-17 22:35:00+00:00,3329.74,3329.74,3329.74,3329.74,0.0735,2025,8,17
2025-08-17 22:40:00+00:00,3329.74,3329.86,3329.74,3329.86,0.7141,2025,8,17
2025-08-17 22:45:00+00:00,3329.86,3329.86,3329.85,3329.85,0.8769,2025,8,17
2025-08-17 22:50:00+00:00,3329.85,3329.85,3328.89,3329.1,5.6207,2025,8,17
2025-08-17 22:55:00+00:00,3329.1,3329.11,3329.1,3329.1,0.2346,2025,8,17
2025-08-17 23:00:00+00:00,3329.1,3329.11,3328.1,3328.1,3.339,2025,8,17
2025-08-17 23:05:00+00:00,3328.1,3328.11,3328.1,3328.11,1.1009,2025,8,17
2025-08-17 23:10:00+00:00,3328.11,3328.11,3327.01,3327.02,6.5477,2025,8,17
2025-08-17 23:15:00+00:00,3327.01,3327.29,3322.0,3322.48,45.2435,2025,8,17
2025-08-17 23:20:00+00:00,3322.48,3322.91,3322.0,3322.91,4.74,2025,8,17
2025-08-17 23:25:00+00:00,3322.75,3325.21,3322.74,3325.21,3.3108,2025,8,17
2025-08-17 23:30:00+00:00,3325.2,3325.69,3325.01,3325.69,2.3807,2025,8,17
2025-08-17 23:35:00+00:00,3325.69,3325.69,3325.65,3325.65,0.6228,2025,8,17
2025-08-17 23:40:00+00:00,3325.68,3325.68,3325.37,3325.37,0.9959,2025,8,17
2025-08-17 23:45:00+00:00,3325.38,3325.38,3324.09,3324.09,3.583,2025,8,17
2025-08-17 23:50:00+00:00,3324.09,3324.09,3323.56,3324.08,5.4206,2025,8,17
2025-08-17 23:55:00+00:00,3324.08,3324.08,3322.7,3323.69,6.3228,2025,8,17
2025-08-18 00:00:00+00:00,3323.7,3324.83,3323.7,3324.75,4.7035,2025,8,18
2025-08-18 00:05:00+00:00,3324.83,3327.25,3324.83,3327.25,2.065,2025,8,18
2025-08-18 00:10:00+00:00,3327.25,3330.06,3327.25,3330.06,5.3294,2025,8,18
2025-08-18 00:15:00+00:00,3330.06,3332.01,3330.06,3332.01,7.9336,2025,8,18
2025-08-18 00:20:00+00:00,3332.01,3335.4,3332.01,3334.3,14.5845,2025,8,18
2025-08-18 00:25:00+00:00,3333.98,3334.48,3331.61,3333.76,10.7342,2025,8,18
2025-08-18 00:30:00+00:00,3333.76,3334.12,3333.14,3333.61,7.447,2025,8,18
2025-08-18 00:35:00+00:00,3333.61,3334.8,3333.6,3334.8,3.3421,2025,8,18
2025-08-18 00:40:00+00:00,3334.94,3334.94,3334.93,3334.93,2.1203,2025,8,18
2025-08-18 00:45:00+00:00,3334.93,3337.86,3334.93,3336.78,13.3571,2025,8,18
2025-08-18 00:50:00+00:00,3336.78,3337.12,3335.42,3335.82,3.8641,2025,8,18
2025-08-18 00:55:00+00:00,3335.55,3335.55,3333.94,3333.98,16.6464,2025,8,18
2025-08-18 01:00:00+00:00,3333.98,3336.7,3333.8,3334.39,10.7248,2025,8,18
2025-08-18 01:05:00+00:00,3334.39,3336.41,3334.38,3336.16,10.6913,2025,8,18
2025-08-18 01:10:00+00:00,3336.16,3337.31,3335.9,3335.9,4.2674,2025,8,18
2025-08-18 01:15:00+00:00,3335.91,3336.96,3335.26,3335.98,11.3289,2025,8,18
2025-08-18 01:20:00+00:00,3335.99,3336.63,3335.01,3335.02,4.7094,2025,8,18
2025-08-18 01:25:00+00:00,3334.83,3334.83,3334.32,3334.34,1.3918,2025,8,18
2025-08-18 01:30:00+00:00,3334.33,3334.33,3333.74,3334.0,5.1539,2025,8,18
2025-08-18 01:35:00+00:00,3334.01,3336.29,3334.0,3336.29,10.9992,2025,8,18
2025-08-18 01:40:00+00:00,3336.29,3337.39,3335.94,3336.55,14.2756,2025,8,18
2025-08-18 01:45:00+00:00,3336.55,3337.88,3336.45,3337.76,9.5062,2025,8,18
2025-08-18 01:50:00+00:00,3337.75,3338.58,3337.75,3338.57,9.6044,2025,8,18
2025-08-18 01:55:00+00:00,3338.57,3339.56,3338.57,3339.37,18.4873,2025,8,18
2025-08-18 02:00:00+00:00,3339.37,3339.6,3339.37,3339.38,4.1882,2025,8,18
2025-08-18 02:05:00+00:00,3339.38,3339.38,3337.37,3337.69,11.9008,2025,8,18
2025-08-18 02:10:00+00:00,3337.68,3337.69,3337.18,3337.19,21.3138,2025,8,18
2025-08-18 02:15:00+00:00,3337.18,3337.28,3336.13,3336.33,26.072,2025,8,18
2025-08-18 02:20:00+00:00,3336.33,3336.33,3335.74,3336.06,11.3993,2025,8,18
2025-08-18 02:25:00+00:00,3336.06,3336.06,3335.09,3335.42,9.204,2025,8,18
2025-08-18 02:30:00+00:00,3335.41,3336.64,3334.14,3335.35,28.6738,2025,8,18
2025-08-18 02:35:00+00:00,3335.36,3336.12,3335.36,3335.87,3.6956,2025,8,18
2025-08-18 02:40:00+00:00,3335.88,3336.8,3333.82,3335.47,18.6832,2025,8,18
2025-08-18 02:45:00+00:00,3335.48,3335.48,3334.29,3334.29,5.4715,2025,8,18
2025-08-18 02:50:00+00:00,3334.29,3334.76,3333.4,3334.03,13.8604,2025,8,18
2025-08-18 02:55:00+00:00,3334.03,3334.85,3333.99,3334.35,8.0387,2025,8,18
2025-08-18 03:00:00+00:00,3334.35,3336.59,3334.35,3336.58,6.1832,2025,8,18
2025-08-18 03:05:00+00:00,3336.59,3338.76,3336.37,3336.37,21.5421,2025,8,18
2025-08-18 03:10:00+00:00,3336.37,3336.98,3336.36,3336.64,2.3226,2025,8,18
2025-08-18 03:15:00+00:00,3336.64,3337.85,3336.64,3337.85,8.5051,2025,8,18
2025-08-18 03:20:00+00:00,3337.31,3337.79,3337.31,3337.75,2.7668,2025,8,18
2025-08-18 03:25:00+00:00,3337.75,3337.75,3337.71,3337.72,3.7898,2025,8,18
2025-08-18 03:30:00+00:00,3337.74,3339.77,3337.74,3338.75,13.3486,2025,8,18
2025-08-18 03:35:00+00:00,3338.75,3339.79,3338.75,3339.78,6.8246,2025,8,18
2025-08-18 03:40:00+00:00,3339.77,3340.0,3339.44,3339.99,9.586,2025,8,18
2025-08-18 03:45:00+00:00,3339.99,3341.09,3339.41,3341.09,27.0299,2025,8,18
2025-08-18 03:50:00+00:00,3341.19,3342.46,3341.19,3342.02,14.1041,2025,8,18
2025-08-18 03:55:00+00:00,3342.01,3342.03,3340.01,3340.01,15.2861,2025,8,18
2025-08-18 04:00:00+00:00,3340.01,3340.3,3340.01,3340.3,6.0358,2025,8,18
2025-08-18 04:05:00+00:00,3340.31,3350.0,3340.31,3345.93,357.44,2025,8,18
2025-08-18 04:10:00+00:00,3345.92,3353.64,3345.07,3346.46,73.0072,2025,8,18
2025-08-18 04:15:00+00:00,3346.47,3346.82,3345.87,3346.81,6.5398,2025,8,18
2025-08-18 04:20:00+00:00,3346.81,3347.44,3346.81,3347.43,1.2292,2025,8,18
2025-08-18 04:25:00+00:00,3347.21,3347.21,3346.4,3347.01,2.8335,2025,8,18
2025-08-18 04:30:00+00:00,3347.02,3350.02,3347.02,3348.1,30.9081,2025,8,18
2025-08-18 04:35:00+00:00,3348.11,3350.0,3348.1,3349.4,13.7401,2025,8,18
2025-08-18 04:40:00+00:00,3349.39,3350.19,3349.39,3350.07,6.6862,2025,8,18
2025-08-18 04:45:00+00:00,3350.08,3350.92,3350.08,3350.88,6.1972,2025,8,18
2025-08-18 04:50:00+00:00,3350.85,3350.88,3350.29,3350.3,4.2596,2025,8,18
2025-08-18 04:55:00+00:00,3350.3,3350.81,3350.29,3350.79,10.5613,2025,8,18
2025-08-18 05:00:00+00:00,3350.79,3350.81,3348.88,3348.88,25.4092,2025,8,18
2025-08-18 05:05:00+00:00,3348.88,3349.0,3348.49,3348.52,3.679,2025,8,18
2025-08-18 05:10:00+00:00,3348.52,3348.75,3347.12,3347.37,9.5124,2025,8,18
2025-08-18 05:15:00+00:00,3347.38,3380.0,3347.31,3347.38,193.5343,2025,8,18
2025-08-18 05:20:00+00:00,3347.38,3347.69,3346.66,3346.7,4.3007,2025,8,18
2025-08-18 05:25:00+00:00,3346.69,3346.69,3346.29,3346.3,16.4964,2025,8,18
2025-08-18 05:30:00+00:00,3346.3,3346.3,3342.42,3342.62,18.4193,2025,8,18
2025-08-18 05:35:00+00:00,3342.42,3343.5,3341.67,3341.86,9.8465,2025,8,18
2025-08-18 05:40:00+00:00,3341.86,3343.58,3341.85,3342.91,9.282,2025,8,18
2025-08-18 05:45:00+00:00,3342.92,3343.34,3342.28,3343.34,6.3442,2025,8,18
2025-08-18 05:50:00+00:00,3343.34,3344.19,3343.25,3343.83,5.1671,2025,8,18
2025-08-18 05:55:00+00:00,3343.79,3345.41,3343.78,3345.25,7.0612,2025,8,18
2025-08-18 06:00:00+00:00,3345.24,3345.94,3345.11,3345.94,1.7737,2025,8,18
2025-08-18 06:05:00+00:00,3345.91,3345.99,3344.5,3344.51,4.1841,2025,8,18
2025-08-18 06:10:00+00:00,3344.57,3344.58,3344.19,3344.19,1.4314,2025,8,18
2025-08-18 06:15:00+00:00,3344.19,3344.2,3342.0,3342.39,12.0027,2025,8,18
2025-08-18 06:20:00+00:00,3342.69,3343.3,3342.64,3342.97,4.0436,2025,8,18
2025-08-18 06:25:00+00:00,3342.96,3343.36,3342.58,3343.36,5.5711,2025,8,18
2025-08-18 06:30:00+00:00,3343.44,3343.44,3341.69,3342.6,11.135,2025,8,18
2025-08-18 06:35:00+00:00,3342.43,3345.01,3342.42,3343.76,22.1496,2025,8,18
2025-08-18 06:40:00+00:00,3343.25,3343.76,3342.99,3343.28,8.0412,2025,8,18
2025-08-18 06:45:00+00:00,3343.33,3349.89,3343.33,3346.7,103.9153,2025,8,18
2025-08-18 06:50:00+00:00,3346.57,3349.77,3344.27,3346.0,76.2824,2025,8,18
2025-08-18 06:55:00+00:00,3346.1,3346.1,3346.0,3346.01,7.3687,2025,8,18
2025-08-18 07:00:00+00:00,3346.44,3347.09,3346.16,3347.09,7.8135,2025,8,18
2025-08-18 07:05:00+00:00,3347.04,3348.37,3346.3,3346.55,59.353,2025,8,18
2025-08-18 07:10:00+00:00,3346.56,3348.44,3346.01,3348.39,25.1668,2025,8,18
2025-08-18 07:15:00+00:00,3348.39,3350.94,3348.01,3348.07,16.7808,2025,8,18
2025-08-18 07:20:00+00:00,3348.07,3349.13,3348.07,3349.13,10.1239,2025,8,18
2025-08-18 07:25:00+00:00,3349.36,3349.36,3346.94,3347.48,17.4824,2025,8,18
2025-08-18 07:30:00+00:00,3347.47,3347.47,3345.14,3345.4,3.751,2025,8,18
2025-08-18 07:35:00+00:00,3345.4,3345.4,3343.59,3343.59,4.3389,2025,8,18
2025-08-18 07:40:00+00:00,3343.59,3345.48,3343.59,3344.06,6.5926,2025,8,18
2025-08-18 07:45:00+00:00,3344.07,3345.52,3344.07,3344.31,11.4341,2025,8,18
2025-08-18 07:50:00+00:00,3344.31,3344.38,3343.27,3343.55,20.614,2025,8,18
2025-08-18 07:55:00+00:00,3343.54,3344.16,3343.05,3344.16,5.6402,2025,8,18
2025-08-18 08:00:00+00:00,3344.26,3344.27,3342.6,3342.6,3.0071,2025,8,18
2025-08-18 08:05:00+00:00,3342.6,3342.78,3342.24,3342.36,3.1247,2025,8,18
2025-08-18 08:10:00+00:00,3342.36,3342.36,3341.26,3341.27,2.6799,2025,8,18
2025-08-18 08:15:00+00:00,3341.26,3341.74,3340.99,3341.49,4.1375,2025,8,18
2025-08-18 08:20:00+00:00,3341.5,3341.5,3340.55,3340.58,3.7041,2025,8,18
2025-08-18 08:25:00+00:00,3340.58,3341.47,3340.39,3341.46,14.8682,2025,8,18
2025-08-18 08:30:00+00:00,3341.47,3342.49,3341.47,3342.29,16.103,2025,8,18
2025-08-18 08:35:00+00:00,3342.31,3344.78,3342.31,3344.78,10.418,2025,8,18
2025-08-18 08:40:00+00:00,3344.78,3345.61,3344.72,3345.26,11.8902,2025,8,18
2025-08-18 08:45:00+00:00,3345.53,3345.61,3345.53,3345.6,4.8732,2025,8,18
2025-08-18 08:50:00+00:00,3345.6,3345.6,3345.4,3345.45,9.8821,2025,8,18
2025-08-18 08:55:00+00:00,3345.48,3348.29,3345.48,3346.35,19.2722,2025,8,18
2025-08-18 09:00:00+00:00,3346.35,3346.35,3346.25,3346.27,0.2239,2025,8,18
2025-08-18 09:05:00+00:00,3346.27,3346.64,3345.45,3346.63,7.0587,2025,8,18
2025-08-18 09:10:00+00:00,3346.64,3346.84,3346.56,3346.57,4.1628,2025,8,18
2025-08-18 09:15:00+00:00,3346.58,3346.7,3345.03,3345.1,11.4725,2025,8,18
2025-08-18 09:20:00+00:00,3345.1,3345.93,3345.03,3345.49,10.7456,2025,8,18
2025-08-18 09:25:00+00:00,3345.45,3346.01,3345.45,3345.57,5.0822,2025,8,18
2025-08-18 09:30:00+00:00,3345.58,3346.76,3344.84,3346.43,10.0814,2025,8,18
2025-08-18 09:35:00+00:00,3346.42,3347.12,3346.28,3347.12,6.481,2025,8,18
2025-08-18 09:40:00+00:00,3347.07,3353.2,3345.87,3346.05,40.2847,2025,8,18
2025-08-18 09:45:00+00:00,3346.01,3346.36,3345.21,3345.21,4.8534,2025,8,18
2025-08-18 09:50:00+00:00,3345.07,3345.07,3342.09,3344.29,18.3786,2025,8,18
2025-08-18 09:55:00+00:00,3343.84,3346.69,3343.81,3344.87,3.6696,2025,8,18
2025-08-18 10:00:00+00:00,3344.88,3345.58,3344.47,3345.57,13.0976,2025,8,18
2025-08-18 10:05:00+00:00,3345.62,3345.62,3345.55,3345.62,1.0433,2025,8,18
2025-08-18 10:10:00+00:00,3345.63,3345.63,3344.96,3345.01,2.4241,2025,8,18
2025-08-18 10:15:00+00:00,3345.29,3345.47,3344.76,3345.01,15.5337,2025,8,18
2025-08-18 10:20:00+00:00,3345.01,3345.54,3344.73,3345.3,11.0393,2025,8,18
2025-08-18 10:25:00+00:00,3345.31,3345.6,3345.3,3345.42,3.4632,2025,8,18
2025-08-18 10:30:00+00:00,3345.41,3345.41,3344.95,3344.95,0.5074,2025,8,18
2025-08-18 10:35:00+00:00,3344.91,3345.54,3344.91,3345.32,6.3657,2025,8,18
2025-08-18 10:40:00+00:00,3345.32,3345.33,3345.32,3345.33,0.0976,2025,8,18
2025-08-18 10:45:00+00:00,3345.32,3345.33,3344.63,3345.0,17.9154,2025,8,18
2025-08-18 10:50:00+00:00,3345.0,3345.89,3343.26,3344.79,15.9826,2025,8,18
2025-08-18 10:55:00+00:00,3344.79,3344.8,3342.77,3343.71,15.5604,2025,8,18
2025-08-18 11:00:00+00:00,3343.7,3344.57,3343.7,3344.56,2.5166,2025,8,18
2025-08-18 11:05:00+00:00,3344.55,3344.55,3343.82,3343.82,3.7288,2025,8,18
2025-08-18 11:10:00+00:00,3343.82,3343.82,3343.82,3343.82,0.1332,2025,8,18
2025-08-18 11:15:00+00:00,3343.74,3343.75,3343.74,3343.75,0.2903,2025,8,18
2025-08-18 11:20:00+00:00,3343.75,3343.99,3343.75,3343.99,2.0321,2025,8,18
2025-08-18 11:25:00+00:00,3343.77,3344.51,3343.77,3343.81,2.6898,2025,8,18
2025-08-18 11:30:00+00:00,3343.81,3343.82,3343.26,3343.26,1.5335,2025,8,18
2025-08-18 11:35:00+00:00,3343.19,3343.19,3342.82,3342.83,1.0472,2025,8,18
2025-08-18 11:40:00+00:00,3342.83,3342.95,3342.64,3342.64,2.9486,2025,8,18
2025-08-18 11:45:00+00:00,3342.64,3342.64,3342.6,3342.61,0.3916,2025,8,18
2025-08-18 11:50:00+00:00,3342.61,3342.61,3342.0,3342.01,1.5466,2025,8,18
2025-08-18 11:55:00+00:00,3342.0,3342.01,3342.0,3342.0,1.1677,2025,8,18
2025-08-18 12:00:00+00:00,3342.0,3342.01,3341.8,3341.81,1.869,2025,8,18
2025-08-18 12:05:00+00:00,3341.8,3341.81,3341.8,3341.81,0.7242,2025,8,18
2025-08-18 12:10:00+00:00,3341.81,3341.81,3341.79,3341.8,6.6195,2025,8,18
2025-08-18 12:15:00+00:00,3341.79,3341.8,3341.79,3341.79,0.2005,2025,8,18
2025-08-18 12:20:00+00:00,3341.79,3342.0,3341.75,3341.99,5.4191,2025,8,18
2025-08-18 12:25:00+00:00,3341.99,3341.99,3341.98,3341.98,0.4073,2025,8,18
2025-08-18 12:30:00+00:00,3341.98,3341.99,3341.98,3341.99,0.9175,2025,8,18
2025-08-18 12:35:00+00:00,3341.99,3343.21,3341.98,3343.21,4.088,2025,8,18
2025-08-18 12:40:00+00:00,3343.2,3343.21,3343.2,3343.2,3.6324,2025,8,18
2025-08-18 12:45:00+00:00,3343.2,3343.2,3342.37,3342.43,3.6618,2025,8,18
2025-08-18 12:50:00+00:00,3342.42,3342.42,3340.63,3340.64,12.5956,2025,8,18
2025-08-18 12:55:00+00:00,3340.63,3340.64,3339.57,3339.64,10.0511,2025,8,18
2025-08-18 13:00:00+00:00,3339.64,3339.64,3337.84,3339.01,18.4379,2025,8,18
2025-08-18 13:05:00+00:00,3339.01,3339.39,3338.74,3338.74,8.6666,2025,8,18
2025-08-18 13:10:00+00:00,3338.74,3338.74,3338.17,3338.17,2.119,2025,8,18
2025-08-18 13:15:00+00:00,3338.16,3338.16,3337.24,3337.35,9.7304,2025,8,18
2025-08-18 13:20:00+00:00,3337.34,3339.48,3337.34,3339.48,6.2432,2025,8,18
2025-08-18 13:25:00+00:00,3339.48,3339.48,3338.68,3338.99,2.2286,2025,8,18
2025-08-18 13:30:00+00:00,3339.0,3339.47,3337.65,3337.65,4.4268,2025,8,18
2025-08-18 13:35:00+00:00,3337.66,3337.66,3336.17,3336.17,12.8596,2025,8,18
2025-08-18 13:40:00+00:00,3336.16,3336.88,3335.63,3336.8,12.6572,2025,8,18
2025-08-18 13:45:00+00:00,3336.8,3336.8,3335.0,3335.64,5.1537,2025,8,18
2025-08-18 13:50:00+00:00,3335.64,3335.65,3334.81,3334.81,9.3832,2025,8,18
2025-08-18 13:55:00+00:00,3334.81,3334.81,3333.47,3334.04,13.9583,2025,8,18
2025-08-18 14:00:00+00:00,3334.05,3334.05,3331.0,3333.21,60.8749,2025,8,18
2025-08-18 14:05:00+00:00,3333.21,3334.89,3333.21,3333.62,5.6617,2025,8,18
2025-08-18 14:10:00+00:00,3333.6,3333.61,3332.3,3332.81,5.2558,2025,8,18
2025-08-18 14:15:00+00:00,3332.81,3333.19,3332.5,3332.51,11.6405,2025,8,18
2025-08-18 14:20:00+00:00,3332.52,3333.07,3332.03,3332.76,11.6267,2025,8,18
2025-08-18 14:25:00+00:00,3332.89,3333.26,3332.75,3333.16,4.818,2025,8,18
2025-08-18 14:30:00+00:00,3332.87,3335.06,3332.87,3335.06,1.0151,2025,8,18
2025-08-18 14:35:00+00:00,3335.05,3335.05,3332.75,3333.01,6.0205,2025,8,18
2025-08-18 14:40:00+00:00,3333.02,3333.99,3333.02,3333.84,3.3183,2025,8,18
2025-08-18 14:45:00+00:00,3333.57,3333.57,3332.76,3333.01,11.6937,2025,8,18
2025-08-18 14:50:00+00:00,3333.02,3333.66,3331.43,3331.43,27.4695,2025,8,18
2025-08-18 14:55:00+00:00,3331.53,3332.97,3331.52,3331.66,7.1887,2025,8,18
2025-08-18 15:00:00+00:00,3332.16,3332.36,3331.43,3331.95,6.7026,2025,8,18
2025-08-18 15:05:00+00:00,3331.95,3331.95,3331.39,3331.4,1.022,2025,8,18
2025-08-18 15:10:00+00:00,3331.39,3331.96,3331.39,3331.95,1.1776,2025,8,18
2025-08-18 15:15:00+00:00,3331.95,3331.95,3331.39,3331.4,3.318,2025,8,18
2025-08-18 15:20:00+00:00,3331.39,3332.6,3331.39,3332.47,5.6999,2025,8,18
2025-08-18 15:25:00+00:00,3332.47,3332.48,3332.44,3332.48,0.5801,2025,8,18
2025-08-18 15:30:00+00:00,3332.47,3332.48,3332.47,3332.47,2.9158,2025,8,18
2025-08-18 15:35:00+00:00,3332.47,3333.91,3332.47,3333.57,4.4211,2025,8,18
2025-08-18 15:40:00+00:00,3333.57,3333.57,3333.04,3333.24,2.0868,2025,8,18
2025-08-18 15:45:00+00:00,3333.23,3333.61,3333.23,3333.35,4.4224,2025,8,18
2025-08-18 15:50:00+00:00,3333.35,3334.17,3333.33,3333.34,8.9096,2025,8,18
2025-08-18 15:55:00+00:00,3333.33,3333.34,3333.27,3333.28,1.3023,2025,8,18
2025-08-18 16:00:00+00:00,3333.27,3333.27,3331.4,3331.41,9.6104,2025,8,18
2025-08-18 16:05:00+00:00,3331.41,3331.42,3330.32,3330.33,5.7174,2025,8,18
2025-08-18 16:10:00+00:00,3330.32,3330.33,3330.32,3330.32,1.1477,2025,8,18
2025-08-18 16:15:00+00:00,3330.32,3330.33,3330.05,3330.05,2.7242,2025,8,18
2025-08-18 16:20:00+00:00,3330.06,3330.06,3330.05,3330.06,0.5274,2025,8,18
2025-08-18 16:25:00+00:00,3330.05,3330.06,3330.0,3330.0,4.5567,2025,8,18
2025-08-18 16:30:00+00:00,3330.01,3330.01,3330.0,3330.0,5.4518,2025,8,18
2025-08-18 16:35:00+00:00,3330.01,3331.34,3330.0,3331.34,2.86,2025,8,18
2025-08-18 16:40:00+00:00,3331.34,3331.64,3331.34,3331.64,0.4095,2025,8,18
2025-08-18 16:45:00+00:00,3331.63,3332.87,3331.04,3331.75,12.3992,2025,8,18
2025-08-18 16:50:00+00:00,3331.76,3331.76,3328.25,3331.58,22.6739,2025,8,18
2025-08-18 16:55:00+00:00,3331.57,3332.7,3331.57,3332.7,0.8393,2025,8,18
2025-08-18 17:00:00+00:00,3332.76,3333.14,3326.63,3330.1,99.8185,2025,8,18
2025-08-18 17:05:00+00:00,3330.11,3331.99,3330.11,3330.85,1.0996,2025,8,18
2025-08-18 17:10:00+00:00,3330.85,3330.85,3330.43,3330.84,1.2256,2025,8,18
2025-08-18 17:15:00+00:00,3330.85,3331.12,3330.84,3331.12,0.885,2025,8,18
2025-08-18 17:20:00+00:00,3331.34,3331.35,3330.14,3330.53,7.7928,2025,8,18
2025-08-18 17:25:00+00:00,3330.48,3330.52,3330.3,3330.33,1.8628,2025,8,18
2025-08-18 17:30:00+00:00,3330.33,3331.2,3330.07,3330.07,5.1605,2025,8,18
2025-08-18 17:35:00+00:00,3330.07,3330.07,3330.05,3330.07,1.3012,2025,8,18
2025-08-18 17:40:00+00:00,3330.07,3330.18,3330.06,3330.18,0.7972,2025,8,18
2025-08-18 17:45:00+00:00,3330.18,3331.52,3330.18,3331.45,2.8944,2025,8,18
2025-08-18 17:50:00+00:00,3331.44,3331.44,3330.71,3330.71,0.1308,2025,8,18
2025-08-18 17:55:00+00:00,3330.71,3330.77,3330.71,3330.76,0.5963,2025,8,18
2025-08-18 18:00:00+00:00,3330.71,3330.71,3329.69,3329.69,2.2656,2025,8,18
2025-08-18 18:05:00+00:00,3329.68,3330.04,3329.68,3330.03,0.5999,2025,8,18
2025-08-18 18:10:00+00:00,3330.03,3330.04,3330.03,3330.03,0.1592,2025,8,18
2025-08-18 18:15:00+00:00,3330.04,3330.04,3328.76,3329.94,12.892,2025,8,18
2025-08-18 18:20:00+00:00,3329.95,3330.19,3329.95,3330.14,0.2781,2025,8,18
2025-08-18 18:25:00+00:00,3330.18,3330.53,3330.14,3330.53,0.7981,2025,8,18
2025-08-18 18:30:00+00:00,3330.53,3330.54,3330.52,3330.54,0.4147,2025,8,18
2025-08-18 18:35:00+00:00,3330.54,3330.54,3330.52,3330.52,1.7436,2025,8,18
2025-08-18 18:40:00+00:00,3330.53,3330.57,3330.53,3330.57,2.8627,2025,8,18
2025-08-18 18:45:00+00:00,3330.57,3330.57,3330.56,3330.57,1.1384,2025,8,18
2025-08-18 18:50:00+00:00,3330.57,3330.57,3330.56,3330.57,0.5076,2025,8,18
2025-08-18 18:55:00+00:00,3330.75,3330.75,3330.74,3330.75,0.2474,2025,8,18
2025-08-18 19:00:00+00:00,3330.75,3330.78,3330.74,3330.78,4.1363,2025,8,18
2025-08-18 19:05:00+00:00,3331.04,3331.08,3331.04,3331.05,8.3713,2025,8,18
2025-08-18 19:10:00+00:00,3331.04,3331.05,3329.87,3330.17,14.1421,2025,8,18
2025-08-18 19:15:00+00:00,3330.01,3330.02,3329.87,3329.92,2.2911,2025,8,18
2025-08-18 19:20:00+00:00,3329.96,3330.23,3329.89,3329.94,1.524,2025,8,18
2025-08-18 19:25:00+00:00,3330.08,3331.23,3329.88,3330.46,11.0557,2025,8,18
2025-08-18 19:30:00+00:00,3330.46,3330.75,3330.46,3330.72,1.0703,2025,8,18
2025-08-18 19:35:00+00:00,3330.72,3330.99,3330.72,3330.99,0.1231,2025,8,18
2025-08-18 19:40:00+00:00,3330.99,3331.25,3330.99,3331.01,1.3009,2025,8,18
2025-08-18 19:45:00+00:00,3331.01,3331.25,3331.01,3331.24,3.212,2025,8,18
2025-08-18 19:50:00+00:00,3331.25,3331.3,3331.24,3331.3,0.3463,2025,8,18
2025-08-18 19:55:00+00:00,3331.33,3331.6,3331.33,3331.6,0.337,2025,8,18
2025-08-18 20:00:00+00:00,3331.55,3331.56,3331.38,3331.54,0.8269,2025,8,18
2025-08-18 20:05:00+00:00,3331.41,3331.52,3331.4,3331.43,2.1771,2025,8,18
2025-08-18 20:10:00+00:00,3331.42,3331.54,3331.42,3331.5,1.5567,2025,8,18
2025-08-18 20:15:00+00:00,3331.5,3331.5,3331.35,3331.38,1.403,2025,8,18
2025-08-18 20:20:00+00:00,3331.37,3331.54,3331.37,3331.54,2.1529,2025,8,18
2025-08-18 20:25:00+00:00,3331.53,3332.4,3331.53,3332.3,10.8988,2025,8,18
2025-08-18 20:30:00+00:00,3332.3,3332.3,3332.29,3332.3,1.2337,2025,8,18
2025-08-18 20:35:00+00:00,3332.3,3332.32,3331.71,3331.76,2.558,2025,8,18
2025-08-18 20:40:00+00:00,3331.76,3331.77,3331.65,3331.66,1.5316,2025,8,18
2025-08-18 20:45:00+00:00,3331.65,3331.66,3331.65,3331.66,0.2282,2025,8,18
2025-08-18 20:50:00+00:00,3331.66,3331.66,3331.65,3331.66,0.4994,2025,8,18
2025-08-18 20:55:00+00:00,3331.66,3331.75,3331.66,3331.75,0.6011,2025,8,18
2025-08-18 21:00:00+00:00,3331.76,3331.77,3331.76,3331.77,1.2757,2025,8,18
2025-08-18 21:05:00+00:00,3331.77,3332.29,3331.77,3332.28,0.9012,2025,8,18
2025-08-18 21:10:00+00:00,3332.29,3333.37,3332.29,3333.37,4.2511,2025,8,18
2025-08-18 21:15:00+00:00,3333.37,3333.37,3333.36,3333.37,1.9747,2025,8,18
2025-08-18 21:20:00+00:00,3333.37,3333.79,3333.36,3333.7,1.2544,2025,8,18
2025-08-18 21:25:00+00:00,3333.7,3334.55,3333.7,3334.55,0.8244,2025,8,18
2025-08-18 21:30:00+00:00,3334.55,3335.71,3334.55,3335.71,0.9429,2025,8,18
2025-08-18 21:35:00+00:00,3335.71,3335.91,3335.63,3335.69,5.7882,2025,8,18
2025-08-18 21:40:00+00:00,3335.65,3336.0,3335.33,3335.43,5.9348,2025,8,18
2025-08-18 21:45:00+00:00,3335.43,3335.46,3335.43,3335.44,0.5678,2025,8,18
2025-08-18 21:50:00+00:00,3335.4,3336.57,3335.4,3335.75,19.6696,2025,8,18
2025-08-18 21:55:00+00:00,3336.01,3336.01,3335.21,3335.55,1.5461,2025,8,18
2025-08-18 22:00:00+00:00,3335.4,3335.4,3333.59,3333.9,2.3404,2025,8,18
2025-08-18 22:05:00+00:00,3333.9,3333.9,3332.84,3332.96,9.4678,2025,8,18
2025-08-18 22:10:00+00:00,3332.96,3332.96,3332.27,3332.54,2.2426,2025,8,18
2025-08-18 22:15:00+00:00,3332.54,3332.54,3332.53,3332.54,0.9652,2025,8,18
2025-08-18 22:20:00+00:00,3332.53,3332.53,3332.44,3332.45,2.18,2025,8,18
2025-08-18 22:25:00+00:00,3332.99,3333.28,3332.99,3333.28,0.7486,2025,8,18
2025-08-18 22:30:00+00:00,3333.27,3333.27,3332.98,3332.98,2.1611,2025,8,18
2025-08-18 22:35:00+00:00,3332.98,3332.99,3331.89,3332.19,9.0156,2025,8,18
2025-08-18 22:40:00+00:00,3332.18,3332.18,3332.09,3332.09,1.791,2025,8,18
2025-08-18 22:45:00+00:00,3332.09,3332.17,3331.99,3332.05,3.5542,2025,8,18
2025-08-18 22:50:00+00:00,3332.04,3332.1,3332.04,3332.1,0.1164,2025,8,18
2025-08-18 22:55:00+00:00,3332.08,3332.1,3331.87,3331.92,1.4706,2025,8,18
2025-08-18 23:00:00+00:00,3331.82,3331.83,3331.82,3331.83,0.1164,2025,8,18
2025-08-18 23:05:00+00:00,3331.83,3332.0,3331.82,3331.97,0.8447,2025,8,18
2025-08-18 23:10:00+00:00,3331.97,3332.98,3331.97,3332.98,13.816,2025,8,18
2025-08-18 23:15:00+00:00,3333.06,3333.07,3332.01,3332.61,4.2544,2025,8,18
2025-08-18 23:20:00+00:00,3332.61,3332.87,3332.61,3332.62,1.8641,2025,8,18
2025-08-18 23:25:00+00:00,3332.63,3332.63,3331.51,3331.52,1.4661,2025,8,18
2025-08-18 23:30:00+00:00,3331.54,3331.61,3331.54,3331.56,1.1222,2025,8,18
2025-08-18 23:35:00+00:00,3331.56,3331.56,3330.93,3330.98,2.3108,2025,8,18
2025-08-18 23:40:00+00:00,3330.98,3331.56,3330.98,3331.56,3.4178,2025,8,18
2025-08-18 23:45:00+00:00,3331.55,3332.82,3330.96,3330.98,14.0923,2025,8,18
2025-08-18 23:50:00+00:00,3330.98,3331.38,3330.47,3330.83,3.289,2025,8,18
2025-08-18 23:55:00+00:00,3330.83,3330.97,3330.55,3330.97,3.5177,2025,8,18
2025-08-19 00:00:00+00:00,3330.96,3330.96,3326.51,3328.81,30.845,2025,8,19
2025-08-19 00:05:00+00:00,3328.8,3332.85,3328.8,3332.27,14.6743,2025,8,19
2025-08-19 00:10:00+00:00,3332.39,3337.29,3332.39,3334.96,7.518,2025,8,19
2025-08-19 00:15:00+00:00,3335.16,3337.46,3335.16,3336.66,4.9279,2025,8,19
2025-08-19 00:20:00+00:00,3336.66,3336.68,3334.55,3334.56,3.9586,2025,8,19
2025-08-19 00:25:00+00:00,3334.56,3335.66,3334.56,3335.59,5.2324,2025,8,19
2025-08-19 00:30:00+00:00,3335.59,3335.6,3335.14,3335.15,6.6358,2025,8,19
2025-08-19 00:35:00+00:00,3335.15,3335.66,3335.12,3335.12,1.5458,2025,8,19
2025-08-19 00:40:00+00:00,3335.12,3335.12,3334.16,3334.16,0.9652,2025,8,19
2025-08-19 00:45:00+00:00,3334.17,3334.17,3332.96,3332.97,7.1741,2025,8,19
2025-08-19 00:50:00+00:00,3332.97,3333.37,3332.84,3333.27,2.0599,2025,8,19
2025-08-19 00:55:00+00:00,3333.28,3333.28,3332.06,3332.7,8.301,2025,8,19
2025-08-19 01:00:00+00:00,3332.7,3333.87,3331.38,3332.24,12.5603,2025,8,19
2025-08-19 01:05:00+00:00,3332.2,3332.79,3330.83,3330.83,2.1335,2025,8,19
2025-08-19 01:10:00+00:00,3330.82,3331.74,3330.23,3331.74,1.5898,2025,8,19
2025-08-19 01:15:00+00:00,3331.75,3331.75,3331.12,3331.73,0.8562,2025,8,19
2025-08-19 01:20:00+00:00,3331.75,3334.14,3331.75,3332.82,8.8889,2025,8,19
2025-08-19 01:25:00+00:00,3332.82,3333.39,3332.21,3332.22,0.4046,2025,8,19
2025-08-19 01:30:00+00:00,3332.21,3332.22,3331.33,3331.42,1.5611,2025,8,19
2025-08-19 01:35:00+00:00,3331.91,3332.35,3331.74,3331.75,0.2044,2025,8,19
2025-08-19 01:40:00+00:00,3331.75,3332.31,3331.4,3331.66,1.6838,2025,8,19
2025-08-19 01:45:00+00:00,3332.31,3334.02,3331.98,3332.07,4.1992,2025,8,19
2025-08-19 01:50:00+00:00,3332.21,3333.02,3332.2,3332.99,1.3425,2025,8,19
2025-08-19 01:55:00+00:00,3332.92,3332.92,3331.72,3331.72,0.1979,2025,8,19
2025-08-19 02:00:00+00:00,3331.95,3331.95,3329.25,3329.59,2.5719,2025,8,19
2025-08-19 02:05:00+00:00,3329.58,3330.57,3329.58,3330.57,5.2753,2025,8,19
2025-08-19 02:10:00+00:00,3330.56,3331.11,3329.85,3331.0,0.9762,2025,8,19
2025-08-19 02:15:00+00:00,3330.96,3330.96,3330.36,3330.37,0.5493,2025,8,19
2025-08-19 02:20:00+00:00,3330.37,3332.35,3330.37,3332.35,1.0676,2025,8,19
2025-08-19 02:25:00+00:00,3332.45,3332.6,3332.04,3332.04,1.0888,2025,8,19
2025-08-19 02:30:00+00:00,3332.03,3332.03,3331.39,3332.03,1.0408,2025,8,19
2025-08-19 02:35:00+00:00,3332.04,3332.43,3332.04,3332.2,0.347,2025,8,19
2025-08-19 02:40:00+00:00,3332.18,3332.18,3332.17,3332.17,0.0169,2025,8,19
2025-08-19 02:45:00+00:00,3332.49,3332.77,3331.77,3332.76,0.1174,2025,8,19
2025-08-19 02:50:00+00:00,3332.77,3333.43,3332.77,3333.43,1.3091,2025,8,19
2025-08-19 02:55:00+00:00,3333.44,3336.04,3333.44,3336.04,11.0159,2025,8,19
2025-08-19 03:00:00+00:00,3336.04,3336.05,3335.69,3335.97,3.6461,2025,8,19
2025-08-19 03:05:00+00:00,3335.97,3336.95,3335.96,3336.95,5.1641,2025,8,19
2025-08-19 03:10:00+00:00,3336.94,3337.34,3336.74,3337.34,2.8929,2025,8,19
2025-08-19 03:15:00+00:00,3337.34,3337.76,3337.33,3337.76,1.1646,2025,8,19
2025-08-19 03:20:00+00:00,3337.76,3337.76,3337.2,3337.37,5.6444,2025,8,19
2025-08-19 03:25:00+00:00,3337.38,3337.8,3337.38,3337.73,2.5171,2025,8,19
2025-08-19 03:30:00+00:00,3337.73,3337.98,3337.63,3337.64,4.3307,2025,8,19
2025-08-19 03:35:00+00:00,3337.64,3337.64,3337.63,3337.63,10.321,2025,8,19
2025-08-19 03:40:00+00:00,3337.63,3337.64,3332.62,3334.1,43.4483,2025,8,19
2025-08-19 03:45:00+00:00,3334.1,3334.1,3333.69,3333.69,3.4839,2025,8,19
2025-08-19 03:50:00+00:00,3333.54,3336.25,3333.54,3335.35,16.0746,2025,8,19
2025-08-19 03:55:00+00:00,3335.35,3335.35,3335.34,3335.35,2.4366,2025,8,19
2025-08-19 04:00:00+00:00,3335.35,3335.35,3334.65,3334.65,1.963,2025,8,19
2025-08-19 04:05:00+00:00,3334.66,3334.66,3333.22,3333.46,15.842,2025,8,19
2025-08-19 04:10:00+00:00,3333.46,3333.6,3332.98,3333.32,7.762,2025,8,19
2025-08-19 04:15:00+00:00,3333.33,3333.33,3333.23,3333.23,2.2037,2025,8,19
2025-08-19 04:20:00+00:00,3333.24,3334.47,3333.23,3334.46,4.657,2025,8,19
2025-08-19 04:25:00+00:00,3334.46,3334.46,3331.66,3331.67,9.6514,2025,8,19
2025-08-19 04:30:00+00:00,3331.66,3333.91,3331.66,3333.91,4.6461,2025,8,19
2025-08-19 04:35:00+00:00,3333.91,3334.21,3331.81,3331.81,3.2313,2025,8,19
2025-08-19 04:40:00+00:00,3331.82,3332.7,3331.51,3331.87,4.9404,2025,8,19
2025-08-19 04:45:00+00:00,3331.88,3332.48,3331.88,3332.47,0.1697,2025,8,19
2025-08-19 04:50:00+00:00,3332.47,3333.39,3332.47,3333.39,0.8125,2025,8,19
2025-08-19 04:55:00+00:00,3333.39,3334.3,3333.39,3334.29,1.7186,2025,8,19
2025-08-19 05:00:00+00:00,3334.3,3334.94,3334.3,3334.94,5.4839,2025,8,19
2025-08-19 05:05:00+00:00,3334.93,3336.1,3334.93,3336.1,8.2247,2025,8,19
2025-08-19 05:10:00+00:00,3336.09,3336.13,3336.09,3336.09,4.3278,2025,8,19
2025-08-19 05:15:00+00:00,3336.09,3336.09,3335.37,3335.37,1.7312,2025,8,19
2025-08-19 05:20:00+00:00,3335.28,3335.69,3334.49,3335.69,4.0641,2025,8,19
2025-08-19 05:25:00+00:00,3335.77,3337.96,3335.77,3337.21,4.493,2025,8,19
2025-08-19 05:30:00+00:00,3336.87,3337.2,3336.48,3336.48,1.0285,2025,8,19
2025-08-19 05:35:00+00:00,3336.4,3336.42,3336.4,3336.42,0.2006,2025,8,19
2025-08-19 05:40:00+00:00,3336.43,3336.96,3336.43,3336.6,4.633,2025,8,19
2025-08-19 05:45:00+00:00,3336.6,3336.7,3336.44,3336.62,5.0359,2025,8,19
2025-08-19 05:50:00+00:00,3336.62,3336.63,3335.73,3335.73,4.1586,2025,8,19
2025-08-19 05:55:00+00:00,3335.73,3335.74,3335.19,3335.3,3.0119,2025,8,19
2025-08-19 06:00:00+00:00,3335.22,3335.65,3335.1,3335.33,5.8038,2025,8,19
2025-08-19 06:05:00+00:00,3335.32,3335.33,3335.32,3335.33,0.1064,2025,8,19
2025-08-19 06:10:00+00:00,3335.32,3335.33,3335.24,3335.24,0.9863,2025,8,19
2025-08-19 06:15:00+00:00,3335.24,3335.24,3335.1,3335.11,5.3058,2025,8,19
2025-08-19 06:20:00+00:00,3335.11,3336.02,3335.11,3336.0,5.1701,2025,8,19
2025-08-19 06:25:00+00:00,3336.0,3336.0,3335.1,3335.1,3.7046,2025,8,19
2025-08-19 06:30:00+00:00,3335.11,3335.48,3335.1,3335.48,0.8352,2025,8,19
2025-08-19 06:35:00+00:00,3335.48,3335.48,3335.47,3335.48,1.1414,2025,8,19
2025-08-19 06:40:00+00:00,3335.47,3335.47,3335.1,3335.1,4.8296,2025,8,19
2025-08-19 06:45:00+00:00,3335.11,3335.11,3335.1,3335.1,13.1983,2025,8,19
2025-08-19 06:50:00+00:00,3335.11,3335.11,3335.1,3335.1,0.2652,2025,8,19
2025-08-19 06:55:00+00:00,3335.1,3335.11,3335.1,3335.1,0.2854,2025,8,19
2025-08-19 07:00:00+00:00,3335.1,3335.11,3335.1,3335.1,2.0643,2025,8,19
2025-08-19 07:05:00+00:00,3335.1,3337.6,3335.1,3337.6,4.3483,2025,8,19
2025-08-19 07:10:00+00:00,3337.68,3337.74,3336.47,3336.66,9.6052,2025,8,19
2025-08-19 07:15:00+00:00,3336.66,3337.75,3336.62,3337.23,4.8648,2025,8,19
2025-08-19 07:20:00+00:00,3337.23,3337.24,3336.17,3336.77,5.0885,2025,8,19
2025-08-19 07:25:00+00:00,3336.54,3336.78,3336.12,3336.12,4.2468,2025,8,19
2025-08-19 07:30:00+00:00,3336.13,3336.43,3335.51,3336.3,5.0434,2025,8,19
2025-08-19 07:35:00+00:00,3336.29,3336.72,3335.94,3336.72,3.1076,2025,8,19
2025-08-19 07:40:00+00:00,3336.72,3336.72,3336.5,3336.72,1.1131,2025,8,19
2025-08-19 07:45:00+00:00,3336.71,3336.71,3336.1,3336.11,7.8891,2025,8,19
2025-08-19 07:50:00+00:00,3336.1,3336.12,3336.1,3336.1,1.9273,2025,8,19
2025-08-19 07:55:00+00:00,3336.1,3336.16,3336.1,3336.16,2.7911,2025,8,19
2025-08-19 08:00:00+00:00,3336.17,3336.52,3335.24,3335.24,1.887,2025,8,19
2025-08-19 08:05:00+00:00,3335.24,3335.25,3335.0,3335.0,1.6785,2025,8,19
2025-08-19 08:10:00+00:00,3335.01,3335.01,3333.57,3333.58,0.8141,2025,8,19
2025-08-19 08:15:00+00:00,3333.58,3336.2,3332.4,3335.96,65.9394,2025,8,19
2025-08-19 08:20:00+00:00,3335.95,3336.23,3335.32,3335.32,3.5249,2025,8,19
2025-08-19 08:25:00+00:00,3335.32,3335.97,3335.24,3335.97,2.4976,2025,8,19
2025-08-19 08:30:00+00:00,3335.96,3335.96,3335.38,3335.38,1.9908,2025,8,19
2025-08-19 08:35:00+00:00,3335.33,3335.33,3335.32,3335.32,0.0228,2025,8,19
2025-08-19 08:40:00+00:00,3335.32,3337.02,3335.31,3335.75,15.82,2025,8,19
2025-08-19 08:45:00+00:00,3335.92,3336.41,3335.92,3336.4,2.9387,2025,8,19
2025-08-19 08:50:00+00:00,3336.4,3337.03,3336.4,3337.02,3.267,2025,8,19
2025-08-19 08:55:00+00:00,3337.02,3337.03,3335.08,3335.08,3.1435,2025,8,19
2025-08-19 09:00:00+00:00,3335.08,3336.06,3335.08,3336.06,2.7335,2025,8,19
2025-08-19 09:05:00+00:00,3336.05,3337.58,3335.08,3336.33,14.4766,2025,8,19
2025-08-19 09:10:00+00:00,3336.33,3336.33,3334.03,3334.03,2.7747,2025,8,19
2025-08-19 09:15:00+00:00,3334.03,3334.05,3334.03,3334.03,2.6071,2025,8,19
2025-08-19 09:20:00+00:00,3334.04,3334.57,3333.58,3333.97,5.9358,2025,8,19
2025-08-19 09:25:00+00:00,3333.64,3333.64,3333.01,3333.47,3.2682,2025,8,19
2025-08-19 09:30:00+00:00,3333.47,3334.74,3333.47,3333.79,5.4516,2025,8,19
2025-08-19 09:35:00+00:00,3333.78,3333.78,3332.56,3332.62,3.452,2025,8,19
2025-08-19 09:40:00+00:00,3332.64,3334.29,3332.64,3334.28,1.5433,2025,8,19
2025-08-19 09:45:00+00:00,3333.95,3334.5,3333.81,3334.37,2.7969,2025,8,19
2025-08-19 09:50:00+00:00,3334.46,3334.54,3333.72,3333.8,4.471,2025,8,19
2025-08-19 09:55:00+00:00,3333.88,3333.93,3333.76,3333.77,0.714,2025,8,19
2025-08-19 10:00:00+00:00,3334.12,3335.56,3334.12,3335.56,1.0628,2025,8,19
2025-08-19 10:05:00+00:00,3335.71,3336.99,3335.71,3336.52,2.1543,2025,8,19
2025-08-19 10:10:00+00:00,3336.49,3336.81,3336.25,3336.81,3.4624,2025,8,19
2025-08-19 10:15:00+00:00,3337.0,3338.88,3337.0,3338.51,4.5083,2025,8,19
2025-08-19 10:20:00+00:00,3338.46,3339.95,3337.93,3338.5,10.1926,2025,8,19
2025-08-19 10:25:00+00:00,3338.5,3338.65,3337.22,3337.32,2.3299,2025,8,19
2025-08-19 10:30:00+00:00,3337.32,3337.36,3336.88,3337.05,1.2731,2025,8,19
2025-08-19 10:35:00+00:00,3337.02,3337.02,3336.78,3336.78,1.7716,2025,8,19
2025-08-19 10:40:00+00:00,3336.8,3336.93,3335.7,3336.15,4.8489,2025,8,19
2025-08-19 10:45:00+00:00,3336.15,3336.8,3335.88,3336.12,3.7302,2025,8,19
2025-08-19 10:50:00+00:00,3336.12,3336.88,3336.12,3336.72,2.7639,2025,8,19
2025-08-19 10:55:00+00:00,3336.72,3337.05,3336.66,3336.84,2.5179,2025,8,19
2025-08-19 11:00:00+00:00,3336.86,3337.52,3336.64,3337.33,6.6657,2025,8,19
2025-08-19 11:05:00+00:00,3337.33,3337.85,3337.18,3337.85,2.1916,2025,8,19
2025-08-19 11:10:00+00:00,3337.82,3337.83,3337.26,3337.26,1.6458,2025,8,19
2025-08-19 11:15:00+00:00,3337.26,3337.26,3335.97,3335.97,2.1002,2025,8,19
2025-08-19 11:20:00+00:00,3335.97,3336.22,3335.97,3336.16,1.9932,2025,8,19
2025-08-19 11:25:00+00:00,3335.96,3335.97,3335.5,3335.5,3.3196,2025,8,19
2025-08-19 11:30:00+00:00,3335.51,3335.51,3334.67,3334.67,1.9994,2025,8,19
2025-08-19 11:35:00+00:00,3334.62,3334.92,3334.62,3334.77,1.4963,2025,8,19
2025-08-19 11:40:00+00:00,3334.76,3334.92,3333.54,3334.34,3.3406,2025,8,19
2025-08-19 11:45:00+00:00,3334.43,3335.23,3334.43,3335.22,2.6282,2025,8,19
2025-08-19 11:50:00+00:00,3335.22,3335.22,3334.83,3334.9,1.3393,2025,8,19
2025-08-19 11:55:00+00:00,3335.03,3335.03,3334.81,3334.81,2.0998,2025,8,19
2025-08-19 12:00:00+00:00,3334.71,3334.71,3334.02,3334.4,3.9214,2025,8,19
2025-08-19 12:05:00+00:00,3334.4,3336.11,3333.43,3334.03,14.4349,2025,8,19
2025-08-19 12:10:00+00:00,3334.04,3335.66,3333.37,3333.46,20.5014,2025,8,19
2025-08-19 12:15:00+00:00,3333.37,3334.24,3333.0,3333.89,3.3509,2025,8,19
2025-08-19 12:20:00+00:00,3333.94,3335.22,3333.07,3335.22,7.4969,2025,8,19
2025-08-19 12:25:00+00:00,3333.92,3335.21,3333.58,3333.64,7.9822,2025,8,19
2025-08-19 12:30:00+00:00,3333.69,3333.69,3332.55,3332.56,6.6235,2025,8,19
2025-08-19 12:35:00+00:00,3332.72,3332.73,3332.55,3332.55,0.5081,2025,8,19
2025-08-19 12:40:00+00:00,3332.55,3332.65,3332.55,3332.63,2.1962,2025,8,19
2025-08-19 12:45:00+00:00,3332.64,3332.64,3332.63,3332.63,0.3998,2025,8,19
2025-08-19 12:50:00+00:00,3332.63,3332.64,3332.2,3332.21,2.2624,2025,8,19
2025-08-19 12:55:00+00:00,3332.2,3332.2,3331.73,3331.73,1.001,2025,8,19
2025-08-19 13:00:00+00:00,3331.7,3331.7,3331.07,3331.07,3.7423,2025,8,19
2025-08-19 13:05:00+00:00,3331.06,3331.06,3330.0,3330.0,17.9675,2025,8,19
2025-08-19 13:10:00+00:00,3330.0,3330.0,3324.59,3326.21,34.0701,2025,8,19
2025-08-19 13:15:00+00:00,3326.31,3329.94,3326.31,3328.42,11.4585,2025,8,19
2025-08-19 13:20:00+00:00,3328.04,3328.36,3327.01,3328.36,7.9573,2025,8,19
2025-08-19 13:25:00+00:00,3328.45,3329.37,3328.45,3329.36,0.8633,2025,8,19
2025-08-19 13:30:00+00:00,3329.06,3332.61,3329.06,3332.61,8.7521,2025,8,19
2025-08-19 13:35:00+00:00,3332.67,3333.97,3332.64,3333.0,3.3262,2025,8,19
2025-08-19 13:40:00+00:00,3333.0,3333.38,3332.99,3333.2,5.8274,2025,8,19
2025-08-19 13:45:00+00:00,3333.28,3334.6,3333.19,3333.19,8.4811,2025,8,19
2025-08-19 13:50:00+00:00,3333.04,3333.04,3331.38,3332.34,2.2344,2025,8,19
2025-08-19 13:55:00+00:00,3332.48,3342.06,3331.35,3331.35,50.4115,2025,8,19
2025-08-19 14:00:00+00:00,3331.37,3333.02,3330.09,3333.02,5.6957,2025,8,19
2025-08-19 14:05:00+00:00,3332.83,3332.94,3331.66,3332.55,4.1697,2025,8,19
2025-08-19 14:10:00+00:00,3332.55,3332.69,3331.42,3331.55,3.8577,2025,8,19
2025-08-19 14:15:00+00:00,3331.74,3332.21,3330.62,3332.21,4.259,2025,8,19
2025-08-19 14:20:00+00:00,3332.21,3332.21,3331.44,3331.44,1.1329,2025,8,19
2025-08-19 14:25:00+00:00,3331.44,3331.64,3330.48,3330.5,7.7582,2025,8,19
2025-08-19 14:30:00+00:00,3330.49,3330.55,3328.11,3328.11,35.5651,2025,8,19
2025-08-19 14:35:00+00:00,3328.01,3328.01,3325.01,3325.01,13.6902,2025,8,19
2025-08-19 14:40:00+00:00,3325.0,3325.0,3323.12,3323.12,7.7758,2025,8,19
2025-08-19 14:45:00+00:00,3323.12,3323.12,3321.77,3321.78,22.4404,2025,8,19
2025-08-19 14:50:00+00:00,3321.78,3322.1,3320.46,3320.8,23.4218,2025,8,19
2025-08-19 14:55:00+00:00,3320.8,3323.36,3320.34,3321.86,10.9438,2025,8,19
2025-08-19 15:00:00+00:00,3321.86,3322.86,3320.34,3321.34,4.1411,2025,8,19
2025-08-19 15:05:00+00:00,3321.33,3321.33,3320.34,3320.7,3.6615,2025,8,19
2025-08-19 15:10:00+00:00,3320.76,3320.76,3320.0,3320.34,14.5612,2025,8,19
2025-08-19 15:15:00+00:00,3320.6,3322.23,3320.01,3322.0,7.7655,2025,8,19
2025-08-19 15:20:00+00:00,3322.04,3322.5,3321.18,3321.85,2.2133,2025,8,19
2025-08-19 15:25:00+00:00,3321.84,3323.23,3321.84,3322.41,6.2694,2025,8,19
2025-08-19 15:30:00+00:00,3322.26,3322.65,3322.26,3322.65,1.3008,2025,8,19
2025-08-19 15:35:00+00:00,3322.64,3323.39,3322.64,3323.2,3.3801,2025,8,19
2025-08-19 15:40:00+00:00,3323.2,3323.39,3320.77,3321.13,4.6055,2025,8,19
2025-08-19 15:45:00+00:00,3321.13,3321.13,3317.0,3319.62,78.5584,2025,8,19
2025-08-19 15:50:00+00:00,3319.63,3320.0,3319.19,3319.19,3.2593,2025,8,19
2025-08-19 15:55:00+00:00,3319.19,3319.42,3319.19,3319.32,1.1639,2025,8,19
2025-08-19 16:00:00+00:00,3319.33,3321.27,3319.33,3321.27,5.2627,2025,8,19
2025-08-19 16:05:00+00:00,3321.37,3321.54,3319.65,3320.31,6.1556,2025,8,19
2025-08-19 16:10:00+00:00,3320.31,3320.31,3318.86,3318.87,2.8188,2025,8,19
2025-08-19 16:15:00+00:00,3318.86,3319.88,3318.78,3319.45,9.3674,2025,8,19
2025-08-19 16:20:00+00:00,3319.33,3319.53,3318.01,3318.02,2.0893,2025,8,19
2025-08-19 16:25:00+00:00,3318.17,3318.17,3317.09,3317.24,6.5889,2025,8,19
2025-08-19 16:30:00+00:00,3317.25,3318.59,3317.25,3317.59,6.2396,2025,8,19
2025-08-19 16:35:00+00:00,3317.59,3317.59,3317.44,3317.45,10.3196,2025,8,19
2025-08-19 16:40:00+00:00,3317.44,3317.46,3317.44,3317.45,13.4067,2025,8,19
2025-08-19 16:45:00+00:00,3317.46,3317.59,3317.46,3317.5,7.0626,2025,8,19
2025-08-19 16:50:00+00:00,3317.49,3317.49,3317.0,3317.0,8.3445,2025,8,19
2025-08-19 16:55:00+00:00,3317.01,3317.01,3317.0,3317.0,12.8962,2025,8,19
2025-08-19 17:00:00+00:00,3317.0,3317.01,3316.77,3316.78,14.9388,2025,8,19
2025-08-19 17:05:00+00:00,3316.77,3316.77,3316.15,3316.16,6.5974,2025,8,19
2025-08-19 17:10:00+00:00,3316.16,3316.23,3316.12,3316.12,4.427,2025,8,19
2025-08-19 17:15:00+00:00,3316.13,3316.13,3316.0,3316.0,6.1294,2025,8,19
2025-08-19 17:20:00+00:00,3316.01,3316.09,3316.0,3316.08,14.1428,2025,8,19
2025-08-19 17:25:00+00:00,3316.09,3316.09,3315.29,3315.29,19.5023,2025,8,19
2025-08-19 17:30:00+00:00,3315.29,3315.3,3315.29,3315.29,0.9776,2025,8,19
2025-08-19 17:35:00+00:00,3315.29,3316.07,3315.29,3315.3,14.5637,2025,8,19
2025-08-19 17:40:00+00:00,3315.29,3317.65,3315.29,3317.65,8.7379,2025,8,19
2025-08-19 17:45:00+00:00,3317.65,3317.65,3315.05,3316.76,13.7512,2025,8,19
2025-08-19 17:50:00+00:00,3316.32,3317.54,3316.32,3317.45,2.8336,2025,8,19
2025-08-19 17:55:00+00:00,3317.45,3317.47,3317.45,3317.47,3.4432,2025,8,19
2025-08-19 18:00:00+00:00,3317.46,3317.46,3316.23,3316.23,3.5507,2025,8,19
2025-08-19 18:05:00+00:00,3316.23,3316.24,3316.23,3316.23,0.1702,2025,8,19
2025-08-19 18:10:00+00:00,3316.24,3316.24,3316.23,3316.24,7.6404,2025,8,19
2025-08-19 18:15:00+00:00,3316.24,3317.98,3316.24,3317.98,4.7542,2025,8,19
2025-08-19 18:20:00+00:00,3317.98,3318.17,3317.97,3318.16,0.7855,2025,8,19
2025-08-19 18:25:00+00:00,3318.16,3318.17,3318.16,3318.17,0.0499,2025,8,19
2025-08-19 18:30:00+00:00,3318.17,3318.79,3318.17,3318.77,2.0424,2025,8,19
2025-08-19 18:35:00+00:00,3318.78,3318.78,3318.77,3318.78,0.7241,2025,8,19
2025-08-19 18:40:00+00:00,3318.78,3318.78,3318.09,3318.09,5.2014,2025,8,19
2025-08-19 18:45:00+00:00,3318.09,3318.09,3317.48,3317.55,4.1038,2025,8,19
2025-08-19 18:50:00+00:00,3317.55,3317.55,3316.87,3317.06,3.457,2025,8,19
2025-08-19 18:55:00+00:00,3317.05,3317.06,3317.05,3317.05,1.2101,2025,8,19
2025-08-19 19:00:00+00:00,3317.04,3317.24,3317.04,3317.04,6.0097,2025,8,19
2025-08-19 19:05:00+00:00,3317.04,3317.05,3317.04,3317.05,1.5056,2025,8,19
2025-08-19 19:10:00+00:00,3317.04,3317.06,3316.6,3316.6,10.194,2025,8,19
2025-08-19 19:15:00+00:00,3316.48,3316.48,3316.24,3316.25,3.2385,2025,8,19
2025-08-19 19:20:00+00:00,3316.25,3316.43,3316.24,3316.25,7.5801,2025,8,19
2025-08-19 19:25:00+00:00,3316.24,3316.43,3316.16,3316.42,5.4475,2025,8,19
2025-08-19 19:30:00+00:00,3316.43,3316.56,3316.22,3316.56,5.8645,2025,8,19
2025-08-19 19:35:00+00:00,3316.56,3316.56,3316.23,3316.23,1.4583,2025,8,19
2025-08-19 19:40:00+00:00,3316.23,3316.23,3316.22,3316.22,0.6926,2025,8,19
2025-08-19 19:45:00+00:00,3316.23,3316.23,3316.22,3316.23,0.8053,2025,8,19
2025-08-19 19:50:00+00:00,3316.23,3316.23,3316.22,3316.23,2.9437,2025,8,19
2025-08-19 19:55:00+00:00,3316.23,3316.34,3308.01,3314.35,88.6203,2025,8,19
2025-08-19 20:00:00+00:00,3314.35,3315.85,3313.95,3315.74,6.6575,2025,8,19
2025-08-19 20:05:00+00:00,3315.74,3315.74,3315.07,3315.08,1.6678,2025,8,19
2025-08-19 20:10:00+00:00,3315.02,3315.02,3313.95,3313.96,6.6088,2025,8,19
2025-08-19 20:15:00+00:00,3313.99,3314.26,3313.67,3314.25,3.1424,2025,8,19
2025-08-19 20:20:00+00:00,3314.26,3314.67,3313.84,3314.67,3.3212,2025,8,19
2025-08-19 20:25:00+00:00,3314.66,3315.33,3314.66,3315.33,1.6805,2025,8,19
2025-08-19 20:30:00+00:00,3315.31,3316.51,3315.3,3316.51,1.8385,2025,8,19
2025-08-19 20:35:00+00:00,3316.51,3317.24,3315.92,3315.92,10.2924,2025,8,19
2025-08-19 20:40:00+00:00,3315.86,3315.86,3315.56,3315.57,0.7519,2025,8,19
2025-08-19 20:45:00+00:00,3315.56,3315.56,3314.83,3314.83,1.6778,2025,8,19
2025-08-19 20:50:00+00:00,3314.83,3314.84,3314.65,3314.66,2.6248,2025,8,19
2025-08-19 20:55:00+00:00,3314.66,3314.82,3314.66,3314.82,0.238,2025,8,19
2025-08-19 21:00:00+00:00,3314.84,3314.84,3314.79,3314.8,1.3052,2025,8,19
2025-08-19 21:05:00+00:00,3314.8,3314.84,3314.79,3314.83,1.6606,2025,8,19
2025-08-19 21:10:00+00:00,3314.83,3315.52,3314.83,3315.36,5.426,2025,8,19
2025-08-19 21:15:00+00:00,3315.36,3315.37,3315.36,3315.37,0.728,2025,8,19
2025-08-19 21:20:00+00:00,3315.36,3315.36,3314.7,3314.7,1.8292,2025,8,19
2025-08-19 21:25:00+00:00,3314.71,3314.71,3314.7,3314.71,1.2966,2025,8,19
2025-08-19 21:30:00+00:00,3314.7,3314.71,3314.7,3314.7,0.5975,2025,8,19
2025-08-19 21:35:00+00:00,3314.71,3314.71,3314.7,3314.7,0.4717,2025,8,19
2025-08-19 21:40:00+00:00,3314.71,3315.11,3314.7,3315.11,0.7944,2025,8,19
2025-08-19 21:45:00+00:00,3314.74,3314.74,3314.74,3314.74,0.3299,2025,8,19
2025-08-19 21:50:00+00:00,3314.74,3315.31,3314.7,3315.31,1.5216,2025,8,19
2025-08-19 21:55:00+00:00,3315.25,3315.33,3315.24,3315.33,2.736,2025,8,19
2025-08-19 22:00:00+00:00,3315.33,3315.78,3315.33,3315.75,1.6185,2025,8,19
2025-08-19 22:05:00+00:00,3315.74,3315.78,3315.67,3315.73,1.799,2025,8,19
2025-08-19 22:10:00+00:00,3315.74,3315.74,3314.65,3314.66,1.7484,2025,8,19
2025-08-19 22:15:00+00:00,3314.65,3314.7,3314.65,3314.7,0.481,2025,8,19
2025-08-19 22:20:00+00:00,3314.7,3314.71,3314.7,3314.7,0.1951,2025,8,19
2025-08-19 22:25:00+00:00,3314.7,3315.77,3314.7,3315.76,3.5826,2025,8,19
2025-08-19 22:30:00+00:00,3315.76,3316.41,3315.76,3316.15,4.0805,2025,8,19
2025-08-19 22:35:00+00:00,3316.15,3316.15,3315.86,3316.11,0.4022,2025,8,19
2025-08-19 22:40:00+00:00,3316.11,3316.45,3316.11,3316.45,1.3875,2025,8,19
2025-08-19 22:45:00+00:00,3316.45,3316.46,3316.45,3316.45,0.152,2025,8,19
2025-08-19 22:50:00+00:00,3316.46,3316.46,3316.45,3316.45,2.5838,2025,8,19
2025-08-19 22:55:00+00:00,3316.45,3316.56,3316.16,3316.55,11.8561,2025,8,19
2025-08-19 23:00:00+00:00,3316.55,3316.56,3314.6,3314.6,8.5288,2025,8,19
2025-08-19 23:05:00+00:00,3314.61,3316.7,3314.61,3316.19,38.334,2025,8,19
2025-08-19 23:10:00+00:00,3316.19,3316.19,3316.0,3316.01,0.5739,2025,8,19
2025-08-19 23:15:00+00:00,3316.01,3316.01,3315.39,3315.39,1.8584,2025,8,19
2025-08-19 23:20:00+00:00,3315.31,3315.31,3314.25,3314.25,4.0302,2025,8,19
2025-08-19 23:25:00+00:00,3314.25,3314.8,3314.24,3314.6,1.5086,2025,8,19
2025-08-19 23:30:00+00:00,3314.6,3315.12,3314.6,3314.62,2.4509,2025,8,19
2025-08-19 23:35:00+00:00,3314.62,3315.12,3314.62,3314.63,4.174,2025,8,19
2025-08-19 23:40:00+00:00,3314.62,3314.63,3307.58,3313.75,48.5506,2025,8,19
2025-08-19 23:45:00+00:00,3313.75,3313.78,3312.69,3313.25,10.0101,2025,8,19
2025-08-19 23:50:00+00:00,3313.26,3313.26,3311.06,3311.19,14.1909,2025,8,19
2025-08-19 23:55:00+00:00,3311.2,3312.96,3311.2,3312.7,3.4386,2025,8,19
2025-08-20 00:00:00+00:00,3312.71,3313.78,3311.79,3311.82,8.2599,2025,8,20
2025-08-20 00:05:00+00:00,3311.79,3313.38,3311.79,3313.35,2.5155,2025,8,20
2025-08-20 00:10:00+00:00,3313.35,3313.38,3313.29,3313.3,1.2884,2025,8,20
2025-08-20 00:15:00+00:00,3313.3,3313.9,3313.3,3313.3,3.3899,2025,8,20
2025-08-20 00:20:00+00:00,3313.3,3313.31,3312.67,3312.85,5.3731,2025,8,20
2025-08-20 00:25:00+00:00,3312.85,3312.85,3312.43,3312.43,1.8092,2025,8,20
2025-08-20 00:30:00+00:00,3312.44,3312.44,3311.96,3311.96,2.1966,2025,8,20
2025-08-20 00:35:00+00:00,3311.96,3311.96,3311.8,3311.83,1.6104,2025,8,20
2025-08-20 00:40:00+00:00,3311.82,3312.08,3311.82,3312.07,2.6562,2025,8,20
2025-08-20 00:45:00+00:00,3312.07,3313.05,3311.78,3313.05,2.8979,2025,8,20
2025-08-20 00:50:00+00:00,3313.05,3314.29,3313.05,3313.06,4.1855,2025,8,20
2025-08-20 00:55:00+00:00,3313.0,3313.0,3312.4,3312.4,11.8807,2025,8,20
2025-08-20 01:00:00+00:00,3312.38,3312.83,3312.14,3312.15,6.5409,2025,8,20
2025-08-20 01:05:00+00:00,3312.14,3312.14,3307.23,3310.07,25.0369,2025,8,20
2025-08-20 01:10:00+00:00,3310.07,3311.75,3310.07,3311.27,2.427,2025,8,20
2025-08-20 01:15:00+00:00,3311.27,3312.24,3311.01,3312.24,2.5667,2025,8,20
2025-08-20 01:20:00+00:00,3312.25,3312.78,3312.25,3312.76,4.1195,2025,8,20
2025-08-20 01:25:00+00:00,3312.77,3312.77,3312.69,3312.69,21.2063,2025,8,20
2025-08-20 01:30:00+00:00,3312.69,3312.7,3312.69,3312.7,7.6948,2025,8,20
2025-08-20 01:35:00+00:00,3312.7,3312.81,3312.69,3312.69,2.8614,2025,8,20
2025-08-20 01:40:00+00:00,3312.7,3314.58,3312.7,3314.58,4.32,2025,8,20
2025-08-20 01:45:00+00:00,3314.59,3316.2,3314.59,3316.2,6.9784,2025,8,20
2025-08-20 01:50:00+00:00,3316.19,3316.19,3315.06,3315.06,2.6773,2025,8,20
2025-08-20 01:55:00+00:00,3315.05,3315.05,3312.75,3312.75,36.6413,2025,8,20
2025-08-20 02:00:00+00:00,3312.75,3312.75,3306.72,3306.95,245.6169,2025,8,20
2025-08-20 02:05:00+00:00,3306.86,3306.97,3303.26,3303.35,379.6546,2025,8,20
2025-08-20 02:10:00+00:00,3303.37,3315.41,3301.77,3304.59,373.3934,2025,8,20
2025-08-20 02:15:00+00:00,3304.49,3304.49,3303.32,3303.33,12.9042,2025,8,20
2025-08-20 02:20:00+00:00,3303.34,3307.93,3303.33,3306.59,29.8663,2025,8,20
2025-08-20 02:25:00+00:00,3306.55,3308.55,3306.54,3307.66,15.0214,2025,8,20
2025-08-20 02:30:00+00:00,3307.67,3308.03,3307.15,3307.8,4.1056,2025,8,20
2025-08-20 02:35:00+00:00,3307.79,3307.98,3306.19,3307.97,8.2327,2025,8,20
2025-08-20 02:40:00+00:00,3307.97,3307.97,3306.62,3306.62,4.8698,2025,8,20
2025-08-20 02:45:00+00:00,3306.66,3307.08,3306.21,3307.08,3.4462,2025,8,20
2025-08-20 02:50:00+00:00,3307.17,3308.37,3307.17,3308.37,1.1483,2025,8,20
2025-08-20 02:55:00+00:00,3308.37,3308.8,3307.75,3308.67,3.9716,2025,8,20
2025-08-20 03:00:00+00:00,3308.68,3308.68,3308.15,3308.27,2.6376,2025,8,20
2025-08-20 03:05:00+00:00,3308.27,3309.8,3308.27,3309.79,4.9607,2025,8,20
2025-08-20 03:10:00+00:00,3309.79,3309.8,3308.95,3308.96,2.5058,2025,8,20
2025-08-20 03:15:00+00:00,3308.95,3308.95,3307.9,3308.95,5.6094,2025,8,20
2025-08-20 03:20:00+00:00,3308.95,3310.19,3308.41,3308.48,4.4538,2025,8,20
2025-08-20 03:25:00+00:00,3308.4,3308.7,3308.4,3308.65,2.1113,2025,8,20
2025-08-20 03:30:00+00:00,3308.65,3308.65,3307.36,3308.54,14.0236,2025,8,20
2025-08-20 03:35:00+00:00,3308.54,3309.16,3308.34,3308.34,3.4163,2025,8,20
2025-08-20 03:40:00+00:00,3308.35,3308.89,3308.18,3308.89,1.2914,2025,8,20
2025-08-20 03:45:00+00:00,3308.88,3308.89,3308.81,3308.88,4.0427,2025,8,20
2025-08-20 03:50:00+00:00,3308.8,3309.28,3308.1,3308.16,9.7289,2025,8,20
2025-08-20 03:55:00+00:00,3308.15,3308.16,3307.44,3307.44,1.1608,2025,8,20
2025-08-20 04:00:00+00:00,3307.36,3308.22,3307.32,3308.2,1.2705,2025,8,20
2025-08-20 04:05:00+00:00,3308.46,3309.71,3308.46,3309.71,2.4207,2025,8,20
2025-08-20 04:10:00+00:00,3309.71,3310.15,3309.42,3309.42,5.2947,2025,8,20
2025-08-20 04:15:00+00:00,3309.43,3310.68,3309.42,3310.68,7.198,2025,8,20
2025-08-20 04:20:00+00:00,3310.69,3312.09,3310.69,3312.09,16.7743,2025,8,20
2025-08-20 04:25:00+00:00,3312.08,3312.08,3312.02,3312.02,3.443,2025,8,20
2025-08-20 04:30:00+00:00,3312.02,3312.36,3312.02,3312.36,4.2807,2025,8,20
2025-08-20 04:35:00+00:00,3312.36,3313.48,3312.36,3313.48,9.3117,2025,8,20
2025-08-20 04:40:00+00:00,3313.47,3313.48,3313.43,3313.43,1.1252,2025,8,20
2025-08-20 04:45:00+00:00,3313.43,3313.51,3313.0,3313.0,3.8813,2025,8,20
2025-08-20 04:50:00+00:00,3313.0,3313.0,3312.74,3312.8,4.9544,2025,8,20
2025-08-20 04:55:00+00:00,3312.8,3312.8,3312.0,3312.38,6.8023,2025,8,20
2025-08-20 05:00:00+00:00,3312.47,3313.17,3312.15,3312.93,2.9211,2025,8,20
2025-08-20 05:05:00+00:00,3313.01,3313.57,3313.01,3313.4,0.455,2025,8,20
2025-08-20 05:10:00+00:00,3313.41,3313.41,3312.64,3312.64,0.9297,2025,8,20
2025-08-20 05:15:00+00:00,3312.64,3312.66,3312.1,3312.11,0.5093,2025,8,20
2025-08-20 05:20:00+00:00,3312.11,3312.29,3312.11,3312.19,0.1477,2025,8,20
2025-08-20 05:25:00+00:00,3312.18,3312.3,3312.05,3312.3,3.3784,2025,8,20
2025-08-20 05:30:00+00:00,3312.29,3312.96,3312.0,3312.69,27.9152,2025,8,20
2025-08-20 05:35:00+00:00,3312.89,3314.24,3312.89,3313.41,8.1131,2025,8,20
2025-08-20 05:40:00+00:00,3313.4,3313.59,3312.32,3313.19,3.0383,2025,8,20
2025-08-20 05:45:00+00:00,3313.07,3314.0,3313.07,3313.59,2.0268,2025,8,20
2025-08-20 05:50:00+00:00,3313.59,3314.25,3313.59,3314.25,2.6292,2025,8,20
2025-08-20 05:55:00+00:00,3314.28,3315.38,3314.28,3315.38,5.6188,2025,8,20
2025-08-20 06:00:00+00:00,3315.38,3316.14,3315.15,3315.96,11.9683,2025,8,20
2025-08-20 06:05:00+00:00,3315.96,3316.09,3315.46,3315.69,0.6475,2025,8,20
2025-08-20 06:10:00+00:00,3315.69,3316.61,3315.69,3316.61,2.37,2025,8,20
2025-08-20 06:15:00+00:00,3316.62,3317.15,3316.56,3317.14,1.9203,2025,8,20
2025-08-20 06:20:00+00:00,3317.14,3318.32,3317.14,3317.32,15.8157,2025,8,20
2025-08-20 06:25:00+00:00,3317.32,3317.32,3315.32,3315.32,1.619,2025,8,20
2025-08-20 06:30:00+00:00,3315.33,3315.95,3315.09,3315.95,2.8338,2025,8,20
2025-08-20 06:35:00+00:00,3315.96,3316.84,3315.96,3316.84,0.7807,2025,8,20
2025-08-20 06:40:00+00:00,3316.84,3318.04,3316.84,3317.48,0.5811,2025,8,20
2025-08-20 06:45:00+00:00,3317.48,3317.48,3315.14,3315.16,4.5285,2025,8,20
2025-08-20 06:50:00+00:00,3315.16,3316.66,3315.16,3316.65,1.712,2025,8,20
2025-08-20 06:55:00+00:00,3316.8,3316.8,3316.44,3316.58,1.3125,2025,8,20
2025-08-20 07:00:00+00:00,3316.58,3316.58,3315.65,3315.65,1.235,2025,8,20
2025-08-20 07:05:00+00:00,3315.62,3315.92,3315.62,3315.92,0.4073,2025,8,20
2025-08-20 07:10:00+00:00,3316.08,3318.9,3316.08,3318.67,5.9669,2025,8,20
2025-08-20 07:15:00+00:00,3318.67,3319.11,3318.67,3319.09,14.3631,2025,8,20
2025-08-20 07:20:00+00:00,3319.1,3319.1,3318.67,3318.67,3.0077,2025,8,20
2025-08-20 07:25:00+00:00,3318.67,3318.67,3317.2,3317.94,12.4097,2025,8,20
2025-08-20 07:30:00+00:00,3317.94,3317.94,3316.71,3316.71,5.9522,2025,8,20
2025-08-20 07:35:00+00:00,3316.71,3317.87,3316.67,3317.87,3.4566,2025,8,20
2025-08-20 07:40:00+00:00,3317.94,3318.46,3317.63,3318.36,6.7557,2025,8,20
2025-08-20 07:45:00+00:00,3318.36,3318.96,3318.24,3318.27,9.4488,2025,8,20
2025-08-20 07:50:00+00:00,3318.27,3318.46,3317.99,3318.23,3.0032,2025,8,20
2025-08-20 07:55:00+00:00,3318.19,3318.46,3318.06,3318.06,0.5312,2025,8,20
2025-08-20 08:00:00+00:00,3318.05,3318.05,3316.0,3317.02,18.6485,2025,8,20
2025-08-20 08:05:00+00:00,3317.05,3317.44,3314.95,3316.72,39.6523,2025,8,20
2025-08-20 08:10:00+00:00,3316.66,3318.15,3316.65,3318.14,16.3552,2025,8,20
2025-08-20 08:15:00+00:00,3318.15,3318.15,3315.15,3315.15,8.2497,2025,8,20
2025-08-20 08:20:00+00:00,3315.07,3315.79,3314.41,3314.75,16.1573,2025,8,20
2025-08-20 08:25:00+00:00,3315.23,3315.47,3314.73,3315.1,0.9499,2025,8,20
2025-08-20 08:30:00+00:00,3315.19,3315.4,3315.09,3315.4,0.6723,2025,8,20
2025-08-20 08:35:00+00:00,3315.4,3315.48,3315.09,3315.48,1.5842,2025,8,20
2025-08-20 08:40:00+00:00,3315.48,3316.5,3315.48,3316.43,1.381,2025,8,20
2025-08-20 08:45:00+00:00,3316.43,3316.43,3316.43,3316.43,0.2077,2025,8,20
2025-08-20 08:50:00+00:00,3316.43,3320.69,3316.43,3319.07,20.7554,2025,8,20
2025-08-20 08:55:00+00:00,3319.24,3319.73,3318.69,3319.6,3.0715,2025,8,20
2025-08-20 09:00:00+00:00,3319.65,3319.88,3318.75,3318.75,2.4811,2025,8,20
2025-08-20 09:05:00+00:00,3318.67,3319.48,3318.66,3319.48,0.6116,2025,8,20
2025-08-20 09:10:00+00:00,3319.56,3320.68,3319.56,3320.68,1.9057,2025,8,20
2025-08-20 09:15:00+00:00,3320.69,3320.69,3320.68,3320.68,0.9867,2025,8,20
2025-08-20 09:20:00+00:00,3320.68,3320.69,3320.0,3320.18,1.6426,2025,8,20
2025-08-20 09:25:00+00:00,3320.18,3320.28,3320.18,3320.28,0.4412,2025,8,20
2025-08-20 09:30:00+00:00,3320.28,3320.28,3320.27,3320.27,0.9613,2025,8,20
2025-08-20 09:35:00+00:00,3320.27,3320.27,3320.26,3320.27,0.9839,2025,8,20
2025-08-20 09:40:00+00:00,3320.27,3320.27,3320.26,3320.26,0.8114,2025,8,20
2025-08-20 09:45:00+00:00,3320.26,3320.27,3320.24,3320.24,3.7779,2025,8,20
2025-08-20 09:50:00+00:00,3320.25,3320.33,3317.99,3318.0,47.163,2025,8,20
2025-08-20 09:55:00+00:00,3318.0,3318.0,3317.89,3317.89,7.1578,2025,8,20
2025-08-20 10:00:00+00:00,3317.9,3318.0,3317.9,3318.0,14.443,2025,8,20
2025-08-20 10:05:00+00:00,3317.93,3318.0,3317.93,3318.0,1.5982,2025,8,20
2025-08-20 10:10:00+00:00,3318.0,3318.0,3317.99,3318.0,6.2203,2025,8,20
2025-08-20 10:15:00+00:00,3317.99,3318.0,3317.99,3318.0,0.0495,2025,8,20
2025-08-20 10:20:00+00:00,3318.0,3318.0,3317.08,3317.08,1.6095,2025,8,20
2025-08-20 10:25:00+00:00,3317.36,3318.0,3317.36,3317.99,1.8069,2025,8,20
2025-08-20 10:30:00+00:00,3318.0,3318.0,3317.99,3318.0,16.9471,2025,8,20
2025-08-20 10:35:00+00:00,3318.0,3318.0,3317.99,3317.99,0.6482,2025,8,20
2025-08-20 10:40:00+00:00,3318.0,3318.0,3317.99,3318.0,0.5475,2025,8,20
2025-08-20 10:45:00+00:00,3318.0,3318.0,3317.99,3318.0,1.9234,2025,8,20
2025-08-20 10:50:00+00:00,3317.99,3317.99,3317.44,3317.98,2.7141,2025,8,20
2025-08-20 10:55:00+00:00,3317.91,3317.91,3317.87,3317.87,0.4975,2025,8,20
2025-08-20 11:00:00+00:00,3317.88,3317.99,3317.88,3317.99,0.694,2025,8,20
2025-08-20 11:05:00+00:00,3317.99,3318.0,3317.98,3318.0,26.0873,2025,8,20
2025-08-20 11:10:00+00:00,3318.0,3319.69,3317.99,3319.68,35.1599,2025,8,20
2025-08-20 11:15:00+00:00,3319.75,3320.65,3319.75,3320.52,1.4583,2025,8,20
2025-08-20 11:20:00+00:00,3320.48,3320.69,3320.47,3320.68,1.1613,2025,8,20
2025-08-20 11:25:00+00:00,3320.68,3320.69,3320.57,3320.69,2.7204,2025,8,20
2025-08-20 11:30:00+00:00,3320.69,3320.96,3320.69,3320.96,3.0419,2025,8,20
2025-08-20 11:35:00+00:00,3320.95,3321.93,3320.69,3321.68,9.3197,2025,8,20
2025-08-20 11:40:00+00:00,3321.69,3321.69,3320.78,3320.78,4.1694,2025,8,20
2025-08-20 11:45:00+00:00,3320.49,3320.9,3320.28,3320.9,0.7499,2025,8,20
2025-08-20 11:50:00+00:00,3321.06,3322.03,3320.62,3321.53,9.0601,2025,8,20
2025-08-20 11:55:00+00:00,3321.39,3324.23,3321.38,3324.18,9.5882,2025,8,20
2025-08-20 12:00:00+00:00,3324.18,3324.76,3324.02,3324.76,5.1796,2025,8,20
2025-08-20 12:05:00+00:00,3324.8,3326.96,3324.8,3325.89,9.775,2025,8,20
2025-08-20 12:10:00+00:00,3325.9,3326.3,3325.35,3326.3,2.1724,2025,8,20
2025-08-20 12:15:00+00:00,3326.29,3328.57,3326.29,3327.04,18.4967,2025,8,20
2025-08-20 12:20:00+00:00,3327.05,3328.22,3327.05,3328.09,7.8646,2025,8,20
2025-08-20 12:25:00+00:00,3328.08,3328.56,3328.08,3328.56,3.6008,2025,8,20
2025-08-20 12:30:00+00:00,3328.56,3330.0,3328.56,3329.39,118.8765,2025,8,20
2025-08-20 12:35:00+00:00,3329.39,3330.0,3329.35,3329.79,10.5608,2025,8,20
2025-08-20 12:40:00+00:00,3329.94,3330.53,3329.93,3329.93,2.9235,2025,8,20
2025-08-20 12:45:00+00:00,3329.84,3331.13,3329.82,3331.13,3.5239,2025,8,20
2025-08-20 12:50:00+00:00,3331.13,3331.72,3331.12,3331.69,3.5546,2025,8,20
2025-08-20 12:55:00+00:00,3331.69,3333.78,3331.68,3333.76,3.9067,2025,8,20
2025-08-20 13:00:00+00:00,3333.75,3333.76,3331.35,3332.68,12.6731,2025,8,20
2025-08-20 13:05:00+00:00,3332.67,3332.67,3331.12,3332.09,3.4228,2025,8,20
2025-08-20 13:10:00+00:00,3332.09,3332.09,3331.76,3331.77,3.0987,2025,8,20
2025-08-20 13:15:00+00:00,3331.77,3333.0,3331.77,3332.66,13.344,2025,8,20
2025-08-20 13:20:00+00:00,3332.66,3332.67,3331.2,3331.2,8.0301,2025,8,20
2025-08-20 13:25:00+00:00,3331.2,3331.2,3330.74,3330.75,2.2283,2025,8,20
2025-08-20 13:30:00+00:00,3330.75,3333.28,3330.74,3333.23,15.7291,2025,8,20
2025-08-20 13:35:00+00:00,3333.23,3333.75,3332.94,3333.09,7.811,2025,8,20
2025-08-20 13:40:00+00:00,3333.02,3336.17,3332.99,3336.03,24.1172,2025,8,20
2025-08-20 13:45:00+00:00,3336.04,3336.04,3331.07,3331.07,24.3418,2025,8,20
2025-08-20 13:50:00+00:00,3331.07,3332.31,3330.47,3332.1,22.2685,2025,8,20
2025-08-20 13:55:00+00:00,3332.31,3334.58,3332.3,3334.43,7.2166,2025,8,20
2025-08-20 14:00:00+00:00,3334.19,3335.32,3332.4,3333.59,13.4371,2025,8,20
2025-08-20 14:05:00+00:00,3333.44,3333.44,3330.84,3331.16,8.5183,2025,8,20
2025-08-20 14:10:00+00:00,3331.32,3331.72,3331.0,3331.41,6.7254,2025,8,20
2025-08-20 14:15:00+00:00,3331.35,3331.67,3331.0,3331.67,7.0649,2025,8,20
2025-08-20 14:20:00+00:00,3331.67,3332.92,3331.67,3332.92,8.3774,2025,8,20
2025-08-20 14:25:00+00:00,3331.76,3333.53,3331.75,3333.53,4.9588,2025,8,20
2025-08-20 14:30:00+00:00,3333.53,3336.42,3333.53,3336.02,22.5586,2025,8,20
2025-08-20 14:35:00+00:00,3336.02,3336.43,3336.0,3336.0,2.4016,2025,8,20
2025-08-20 14:40:00+00:00,3336.0,3336.01,3336.0,3336.0,6.0011,2025,8,20
2025-08-20 14:45:00+00:00,3336.01,3338.08,3336.0,3338.08,10.7694,2025,8,20
2025-08-20 14:50:00+00:00,3338.08,3338.11,3337.34,3337.61,4.1619,2025,8,20
2025-08-20 14:55:00+00:00,3337.61,3338.13,3337.61,3338.13,8.2554,2025,8,20
2025-08-20 15:00:00+00:00,3338.13,3338.19,3336.33,3336.34,31.4741,2025,8,20
2025-08-20 15:05:00+00:00,3336.0,3337.12,3335.22,3335.22,26.2678,2025,8,20
2025-08-20 15:10:00+00:00,3335.29,3335.29,3335.0,3335.0,10.9935,2025,8,20
2025-08-20 15:15:00+00:00,3335.01,3335.01,3333.0,3333.61,30.7197,2025,8,20
2025-08-20 15:20:00+00:00,3333.61,3333.61,3333.0,3333.0,7.4866,2025,8,20
2025-08-20 15:25:00+00:00,3333.0,3333.0,3331.1,3331.77,36.5485,2025,8,20
2025-08-20 15:30:00+00:00,3331.78,3331.78,3331.48,3331.49,4.6269,2025,8,20
2025-08-20 15:35:00+00:00,3331.5,3331.75,3331.22,3331.69,35.156,2025,8,20
2025-08-20 15:40:00+00:00,3331.69,3332.26,3331.36,3331.55,9.4323,2025,8,20
2025-08-20 15:45:00+00:00,3331.6,3331.6,3331.5,3331.59,3.0653,2025,8,20
2025-08-20 15:50:00+00:00,3331.59,3331.59,3331.0,3331.0,14.013,2025,8,20
2025-08-20 15:55:00+00:00,3331.0,3331.01,3331.0,3331.01,3.143,2025,8,20
2025-08-20 16:00:00+00:00,3331.01,3332.67,3331.01,3332.67,4.6175,2025,8,20
2025-08-20 16:05:00+00:00,3332.68,3332.68,3332.67,3332.68,2.9897,2025,8,20
2025-08-20 16:10:00+00:00,3332.67,3333.57,3332.67,3333.53,3.7478,2025,8,20
2025-08-20 16:15:00+00:00,3333.53,3334.79,3331.0,3333.6,52.8367,2025,8,20
2025-08-20 16:20:00+00:00,3333.61,3333.61,3332.22,3332.22,3.294,2025,8,20
2025-08-20 16:25:00+00:00,3332.22,3332.66,3332.21,3332.66,2.9822,2025,8,20
2025-08-20 16:30:00+00:00,3332.66,3333.12,3332.65,3333.12,6.9253,2025,8,20
2025-08-20 16:35:00+00:00,3333.12,3333.87,3333.12,3333.87,8.2269,2025,8,20
2025-08-20 16:40:00+00:00,3333.86,3334.89,3333.86,3334.89,1.7971,2025,8,20
2025-08-20 16:45:00+00:00,3334.89,3335.06,3334.34,3334.53,4.6718,2025,8,20
2025-08-20 16:50:00+00:00,3334.42,3334.43,3333.14,3334.43,7.0166,2025,8,20
2025-08-20 16:55:00+00:00,3334.09,3337.14,3334.09,3334.26,13.1196,2025,8,20
2025-08-20 17:00:00+00:00,3334.27,3335.15,3334.27,3335.14,11.1181,2025,8,20
2025-08-20 17:05:00+00:00,3334.95,3335.01,3334.95,3335.01,0.801,2025,8,20
2025-08-20 17:10:00+00:00,3335.0,3336.98,3335.0,3336.98,16.5365,2025,8,20
2025-08-20 17:15:00+00:00,3336.98,3336.98,3336.97,3336.97,6.0708,2025,8,20
2025-08-20 17:20:00+00:00,3336.97,3336.98,3336.97,3336.98,1.2072,2025,8,20
2025-08-20 17:25:00+00:00,3336.97,3336.98,3336.8,3336.8,1.4382,2025,8,20
2025-08-20 17:30:00+00:00,3336.8,3336.8,3336.01,3336.04,8.7501,2025,8,20
2025-08-20 17:35:00+00:00,3336.04,3336.04,3335.94,3335.94,0.6242,2025,8,20
2025-08-20 17:40:00+00:00,3335.94,3335.94,3335.94,3335.94,0.3578,2025,8,20
2025-08-20 17:45:00+00:00,3335.95,3335.95,3335.26,3335.27,2.2145,2025,8,20
2025-08-20 17:50:00+00:00,3335.27,3335.91,3335.26,3335.91,2.7194,2025,8,20
2025-08-20 17:55:00+00:00,3335.91,3335.98,3335.9,3335.97,0.3588,2025,8,20
2025-08-20 18:00:00+00:00,3335.97,3336.28,3334.0,3334.01,8.0521,2025,8,20
2025-08-20 18:05:00+00:00,3334.01,3334.3,3334.0,3334.29,5.6797,2025,8,20
2025-08-20 18:10:00+00:00,3334.29,3334.76,3334.29,3334.49,3.0062,2025,8,20
2025-08-20 18:15:00+00:00,3334.51,3334.51,3334.11,3334.11,4.103,2025,8,20
2025-08-20 18:20:00+00:00,3334.15,3334.15,3334.14,3334.14,3.1889,2025,8,20
2025-08-20 18:25:00+00:00,3334.14,3334.14,3334.03,3334.03,2.9219,2025,8,20
2025-08-20 18:30:00+00:00,3334.03,3334.75,3334.03,3334.75,2.9457,2025,8,20
2025-08-20 18:35:00+00:00,3334.76,3335.28,3334.75,3335.28,0.191,2025,8,20
2025-08-20 18:40:00+00:00,3335.28,3335.29,3334.88,3334.88,4.6043,2025,8,20
2025-08-20 18:45:00+00:00,3334.88,3334.89,3334.88,3334.89,2.8836,2025,8,20
2025-08-20 18:50:00+00:00,3334.95,3337.19,3334.76,3337.19,13.6849,2025,8,20
2025-08-20 18:55:00+00:00,3335.22,3335.74,3335.22,3335.74,0.1221,2025,8,20
2025-08-20 19:00:00+00:00,3335.74,3335.74,3335.03,3335.03,3.8695,2025,8,20
2025-08-20 19:05:00+00:00,3335.04,3335.43,3335.03,3335.43,4.0284,2025,8,20
2025-08-20 19:10:00+00:00,3335.44,3336.38,3335.44,3336.31,0.6739,2025,8,20
2025-08-20 19:15:00+00:00,3336.49,3336.91,3334.0,3334.77,40.0971,2025,8,20
2025-08-20 19:20:00+00:00,3334.96,3336.0,3334.96,3336.0,6.7006,2025,8,20
2025-08-20 19:25:00+00:00,3336.0,3336.0,3335.88,3335.94,2.7019,2025,8,20
2025-08-20 19:30:00+00:00,3335.95,3336.48,3335.94,3336.06,3.7411,2025,8,20
2025-08-20 19:35:00+00:00,3336.37,3336.37,3336.36,3336.37,0.1982,2025,8,20
2025-08-20 19:40:00+00:00,3336.37,3337.07,3336.37,3337.07,1.3785,2025,8,20
2025-08-20 19:45:00+00:00,3337.06,3337.73,3337.06,3337.73,1.3513,2025,8,20
2025-08-20 19:50:00+00:00,3337.73,3338.23,3337.73,3338.22,20.8913,2025,8,20
2025-08-20 19:55:00+00:00,3338.23,3338.62,3338.23,3338.62,1.596,2025,8,20
2025-08-20 20:00:00+00:00,3338.63,3338.63,3338.4,3338.41,2.5531,2025,8,20
2025-08-20 20:05:00+00:00,3338.41,3338.87,3338.37,3338.83,7.8741,2025,8,20
2025-08-20 20:10:00+00:00,3338.82,3338.82,3337.79,3338.31,11.5199,2025,8,20
2025-08-20 20:15:00+00:00,3338.32,3338.45,3337.97,3338.45,6.7088,2025,8,20
2025-08-20 20:20:00+00:00,3338.44,3338.57,3338.44,3338.57,0.1209,2025,8,20
2025-08-20 20:25:00+00:00,3338.7,3339.04,3338.22,3338.82,4.3791,2025,8,20
2025-08-20 20:30:00+00:00,3338.82,3338.99,3338.82,3338.98,1.6389,2025,8,20
2025-08-20 20:35:00+00:00,3338.99,3339.29,3338.98,3339.1,0.7084,2025,8,20
2025-08-20 20:40:00+00:00,3339.09,3339.8,3339.09,3339.78,13.4041,2025,8,20
2025-08-20 20:45:00+00:00,3339.75,3339.75,3339.75,3339.75,0.0024,2025,8,20
2025-08-20 20:50:00+00:00,3339.75,3339.91,3339.74,3339.8,7.6786,2025,8,20
2025-08-20 20:55:00+00:00,3339.8,3339.89,3339.57,3339.88,9.1751,2025,8,20
2025-08-20 21:00:00+00:00,3339.88,3340.0,3339.79,3340.0,3.9556,2025,8,20
2025-08-20 21:05:00+00:00,3340.0,3340.0,3339.84,3339.84,5.6005,2025,8,20
2025-08-20 21:10:00+00:00,3339.84,3339.99,3339.83,3339.99,3.1733,2025,8,20
2025-08-20 21:15:00+00:00,3339.99,3340.0,3339.98,3339.98,1.1526,2025,8,20
2025-08-20 21:20:00+00:00,3339.99,3339.99,3339.98,3339.99,1.2264,2025,8,20
2025-08-20 21:25:00+00:00,3339.99,3340.02,3339.98,3340.02,1.5631,2025,8,20
2025-08-20 21:30:00+00:00,3340.01,3340.02,3339.99,3340.0,0.4047,2025,8,20
2025-08-20 21:35:00+00:00,3340.01,3340.01,3339.88,3339.88,1.2267,2025,8,20
2025-08-20 21:40:00+00:00,3339.89,3341.06,3339.89,3341.06,3.0516,2025,8,20
2025-08-20 21:45:00+00:00,3341.06,3341.31,3341.06,3341.31,0.9146,2025,8,20
2025-08-20 21:50:00+00:00,3341.32,3341.66,3341.32,3341.66,2.6224,2025,8,20
2025-08-20 21:55:00+00:00,3341.66,3341.85,3341.65,3341.84,1.0118,2025,8,20
2025-08-20 22:00:00+00:00,3341.85,3341.85,3341.12,3341.2,3.1099,2025,8,20
2025-08-20 22:05:00+00:00,3341.2,3342.56,3341.19,3341.51,3.6521,2025,8,20
2025-08-20 22:10:00+00:00,3341.52,3341.57,3341.51,3341.57,1.1896,2025,8,20
2025-08-20 22:15:00+00:00,3341.57,3341.58,3341.57,3341.57,0.1296,2025,8,20
2025-08-20 22:20:00+00:00,3341.58,3341.65,3340.83,3340.98,5.5515,2025,8,20
2025-08-20 22:25:00+00:00,3340.97,3341.56,3340.97,3341.56,0.7025,2025,8,20
2025-08-20 22:30:00+00:00,3341.61,3341.62,3341.55,3341.56,0.3857,2025,8,20
2025-08-20 22:35:00+00:00,3341.57,3341.58,3341.57,3341.57,0.0997,2025,8,20
2025-08-20 22:40:00+00:00,3341.58,3341.63,3341.15,3341.15,3.3708,2025,8,20
2025-08-20 22:45:00+00:00,3341.15,3341.16,3341.15,3341.15,1.4429,2025,8,20
2025-08-20 22:50:00+00:00,3341.14,3341.15,3340.83,3340.83,3.8998,2025,8,20
2025-08-20 22:55:00+00:00,3340.83,3340.83,3340.8,3340.8,2.1096,2025,8,20
2025-08-20 23:00:00+00:00,3340.82,3340.82,3339.87,3340.01,2.6209,2025,8,20
2025-08-20 23:05:00+00:00,3340.03,3340.04,3339.96,3339.98,2.5858,2025,8,20
2025-08-20 23:10:00+00:00,3339.99,3340.5,3339.98,3340.49,0.4865,2025,8,20
2025-08-20 23:15:00+00:00,3340.49,3340.5,3340.17,3340.42,5.9489,2025,8,20
2025-08-20 23:20:00+00:00,3340.41,3340.42,3340.41,3340.41,0.3165,2025,8,20
2025-08-20 23:25:00+00:00,3340.42,3340.61,3339.9,3340.57,4.7543,2025,8,20
2025-08-20 23:30:00+00:00,3340.56,3340.57,3340.56,3340.56,0.0924,2025,8,20
2025-08-20 23:35:00+00:00,3340.56,3340.56,3340.03,3340.03,3.1153,2025,8,20
2025-08-20 23:40:00+00:00,3340.03,3340.04,3340.02,3340.02,1.4771,2025,8,20
2025-08-20 23:45:00+00:00,3339.92,3339.93,3339.92,3339.92,0.6317,2025,8,20
2025-08-20 23:50:00+00:00,3339.92,3339.93,3339.92,3339.93,1.7076,2025,8,20
2025-08-20 23:55:00+00:00,3339.92,3339.93,3339.92,3339.92,2.3807,2025,8,20
