timestamp,open,high,low,close,volume,year,month,day
2025-04-11 00:00:00+00:00,3215.0,3218.0,3215.0,3216.0,12.0947,2025,4,11
2025-04-11 00:05:00+00:00,3216.0,3219.0,3214.0,3219.0,11.2627,2025,4,11
2025-04-11 00:10:00+00:00,3218.0,3224.0,3218.0,3223.0,25.9396,2025,4,11
2025-04-11 00:15:00+00:00,3224.0,3225.0,3221.0,3223.0,36.9061,2025,4,11
2025-04-11 00:20:00+00:00,3222.0,3225.0,3222.0,3223.0,9.308,2025,4,11
2025-04-11 00:25:00+00:00,3223.0,3225.0,3220.0,3224.0,18.0446,2025,4,11
2025-04-11 00:30:00+00:00,3225.0,3236.0,3224.0,3236.0,151.8341,2025,4,11
2025-04-11 00:35:00+00:00,3236.0,3239.0,3234.0,3236.0,53.81,2025,4,11
2025-04-11 00:40:00+00:00,3236.0,3246.0,3234.0,3243.0,63.2161,2025,4,11
2025-04-11 00:45:00+00:00,3243.0,3245.0,3242.0,3245.0,17.2724,2025,4,11
2025-04-11 00:50:00+00:00,3245.0,3245.0,3238.0,3239.0,32.6695,2025,4,11
2025-04-11 00:55:00+00:00,3238.0,3240.0,3231.0,3232.0,40.3486,2025,4,11
2025-04-11 01:00:00+00:00,3231.0,3240.0,3231.0,3240.0,15.5174,2025,4,11
2025-04-11 01:05:00+00:00,3240.0,3246.0,3239.0,3240.0,47.2597,2025,4,11
2025-04-11 01:10:00+00:00,3240.0,3242.0,3240.0,3241.0,6.2955,2025,4,11
2025-04-11 01:15:00+00:00,3242.0,3244.0,3235.0,3239.0,38.9697,2025,4,11
2025-04-11 01:20:00+00:00,3238.0,3242.0,3236.0,3241.0,49.5691,2025,4,11
2025-04-11 01:25:00+00:00,3240.0,3243.0,3239.0,3239.0,16.5188,2025,4,11
2025-04-11 01:30:00+00:00,3239.0,3249.0,3239.0,3242.0,62.0629,2025,4,11
2025-04-11 01:35:00+00:00,3243.0,3248.0,3243.0,3246.0,18.508,2025,4,11
2025-04-11 01:40:00+00:00,3246.0,3249.0,3245.0,3249.0,26.088,2025,4,11
2025-04-11 01:45:00+00:00,3248.0,3250.0,3244.0,3250.0,102.1462,2025,4,11
2025-04-11 01:50:00+00:00,3250.0,3250.0,3242.0,3244.0,71.7886,2025,4,11
2025-04-11 01:55:00+00:00,3244.0,3245.0,3239.0,3240.0,33.1747,2025,4,11
2025-04-11 02:00:00+00:00,3240.0,3249.0,3239.0,3249.0,33.6737,2025,4,11
2025-04-11 02:05:00+00:00,3249.0,3250.0,3246.0,3249.0,19.7429,2025,4,11
2025-04-11 02:10:00+00:00,3248.0,3249.0,3246.0,3247.0,22.4331,2025,4,11
2025-04-11 02:15:00+00:00,3247.0,3249.0,3245.0,3248.0,24.3302,2025,4,11
2025-04-11 02:20:00+00:00,3249.0,3255.0,3248.0,3254.0,43.5859,2025,4,11
2025-04-11 02:25:00+00:00,3255.0,3258.0,3253.0,3254.0,116.6652,2025,4,11
2025-04-11 02:30:00+00:00,3255.0,3264.0,3254.0,3257.0,67.545,2025,4,11
2025-04-11 02:35:00+00:00,3257.0,3257.0,3251.0,3252.0,55.5423,2025,4,11
2025-04-11 02:40:00+00:00,3252.0,3252.0,3247.0,3249.0,54.1751,2025,4,11
2025-04-11 02:45:00+00:00,3249.0,3249.0,3244.0,3246.0,67.7164,2025,4,11
2025-04-11 02:50:00+00:00,3245.0,3247.0,3242.0,3242.0,24.0973,2025,4,11
2025-04-11 02:55:00+00:00,3243.0,3247.0,3241.0,3245.0,18.6128,2025,4,11
2025-04-11 03:00:00+00:00,3246.0,3247.0,3243.0,3245.0,48.4083,2025,4,11
2025-04-11 03:05:00+00:00,3245.0,3248.0,3242.0,3247.0,17.8532,2025,4,11
2025-04-11 03:10:00+00:00,3247.0,3247.0,3240.0,3242.0,15.7866,2025,4,11
2025-04-11 03:15:00+00:00,3242.0,3243.0,3239.0,3240.0,31.2988,2025,4,11
2025-04-11 03:20:00+00:00,3241.0,3242.0,3238.0,3240.0,11.3414,2025,4,11
2025-04-11 03:25:00+00:00,3239.0,3242.0,3239.0,3242.0,11.9501,2025,4,11
2025-04-11 03:30:00+00:00,3242.0,3247.0,3241.0,3247.0,41.4899,2025,4,11
2025-04-11 03:35:00+00:00,3247.0,3250.0,3246.0,3248.0,65.3511,2025,4,11
2025-04-11 03:40:00+00:00,3248.0,3249.0,3244.0,3247.0,14.9755,2025,4,11
2025-04-11 03:45:00+00:00,3247.0,3249.0,3245.0,3246.0,50.1434,2025,4,11
2025-04-11 03:50:00+00:00,3246.0,3247.0,3245.0,3246.0,13.5941,2025,4,11
2025-04-11 03:55:00+00:00,3246.0,3246.0,3244.0,3245.0,16.8743,2025,4,11
2025-04-11 04:00:00+00:00,3245.0,3246.0,3243.0,3243.0,42.1919,2025,4,11
2025-04-11 04:05:00+00:00,3244.0,3244.0,3235.0,3237.0,52.1824,2025,4,11
2025-04-11 04:10:00+00:00,3236.0,3238.0,3235.0,3237.0,28.3007,2025,4,11
2025-04-11 04:15:00+00:00,3237.0,3239.0,3233.0,3234.0,32.7796,2025,4,11
2025-04-11 04:20:00+00:00,3235.0,3237.0,3233.0,3236.0,19.6696,2025,4,11
2025-04-11 04:25:00+00:00,3237.0,3239.0,3235.0,3239.0,6.1813,2025,4,11
2025-04-11 04:30:00+00:00,3239.0,3239.0,3236.0,3238.0,4.7508,2025,4,11
2025-04-11 04:35:00+00:00,3238.0,3244.0,3238.0,3244.0,13.4722,2025,4,11
2025-04-11 04:40:00+00:00,3244.0,3244.0,3240.0,3242.0,5.9721,2025,4,11
2025-04-11 04:45:00+00:00,3242.0,3242.0,3237.0,3241.0,5.66,2025,4,11
2025-04-11 04:50:00+00:00,3241.0,3244.0,3240.0,3242.0,33.4647,2025,4,11
2025-04-11 04:55:00+00:00,3243.0,3243.0,3239.0,3239.0,10.6442,2025,4,11
2025-04-11 05:00:00+00:00,3240.0,3242.0,3237.0,3240.0,23.3573,2025,4,11
2025-04-11 05:05:00+00:00,3239.0,3239.0,3233.0,3235.0,42.6499,2025,4,11
2025-04-11 05:10:00+00:00,3234.0,3236.0,3232.0,3234.0,15.358,2025,4,11
2025-04-11 05:15:00+00:00,3234.0,3239.0,3234.0,3239.0,42.8126,2025,4,11
2025-04-11 05:20:00+00:00,3239.0,3243.0,3238.0,3239.0,56.4169,2025,4,11
2025-04-11 05:25:00+00:00,3239.0,3240.0,3238.0,3240.0,13.2343,2025,4,11
2025-04-11 05:30:00+00:00,3240.0,3243.0,3239.0,3240.0,35.6584,2025,4,11
2025-04-11 05:35:00+00:00,3240.0,3240.0,3233.0,3235.0,43.0615,2025,4,11
2025-04-11 05:40:00+00:00,3235.0,3235.0,3218.0,3219.0,258.8151,2025,4,11
2025-04-11 05:45:00+00:00,3219.0,3219.0,3213.0,3215.0,100.6783,2025,4,11
2025-04-11 05:50:00+00:00,3215.0,3223.0,3214.0,3219.0,61.1902,2025,4,11
2025-04-11 05:55:00+00:00,3219.0,3221.0,3218.0,3220.0,39.6952,2025,4,11
2025-04-11 06:00:00+00:00,3220.0,3227.0,3220.0,3221.0,35.4134,2025,4,11
2025-04-11 06:05:00+00:00,3222.0,3224.0,3218.0,3220.0,31.2799,2025,4,11
2025-04-11 06:10:00+00:00,3222.0,3226.0,3220.0,3223.0,37.6569,2025,4,11
2025-04-11 06:15:00+00:00,3224.0,3224.0,3219.0,3221.0,3.6985,2025,4,11
2025-04-11 06:20:00+00:00,3221.0,3227.0,3221.0,3226.0,30.9766,2025,4,11
2025-04-11 06:25:00+00:00,3225.0,3231.0,3224.0,3230.0,13.091,2025,4,11
2025-04-11 06:30:00+00:00,3230.0,3233.0,3227.0,3228.0,10.0022,2025,4,11
2025-04-11 06:35:00+00:00,3227.0,3233.0,3227.0,3233.0,4.1888,2025,4,11
2025-04-11 06:40:00+00:00,3233.0,3236.0,3231.0,3233.0,8.4469,2025,4,11
2025-04-11 06:45:00+00:00,3233.0,3233.0,3227.0,3227.0,9.4531,2025,4,11
2025-04-11 06:50:00+00:00,3228.0,3229.0,3223.0,3227.0,109.714,2025,4,11
2025-04-11 06:55:00+00:00,3227.0,3229.0,3227.0,3229.0,15.4126,2025,4,11
2025-04-11 07:00:00+00:00,3228.0,3231.0,3225.0,3231.0,39.1466,2025,4,11
2025-04-11 07:05:00+00:00,3230.0,3235.0,3230.0,3234.0,17.9112,2025,4,11
2025-04-11 07:10:00+00:00,3235.0,3238.0,3234.0,3238.0,14.5535,2025,4,11
2025-04-11 07:15:00+00:00,3238.0,3238.0,3230.0,3231.0,49.2875,2025,4,11
2025-04-11 07:20:00+00:00,3230.0,3236.0,3227.0,3231.0,75.8723,2025,4,11
2025-04-11 07:25:00+00:00,3232.0,3235.0,3232.0,3233.0,28.6516,2025,4,11
2025-04-11 07:30:00+00:00,3233.0,3239.0,3225.0,3231.0,309.3335,2025,4,11
2025-04-11 07:35:00+00:00,3231.0,3237.0,3229.0,3237.0,12.257,2025,4,11
2025-04-11 07:40:00+00:00,3237.0,3237.0,3234.0,3235.0,10.1629,2025,4,11
2025-04-11 07:45:00+00:00,3236.0,3236.0,3232.0,3233.0,5.9572,2025,4,11
2025-04-11 07:50:00+00:00,3233.0,3236.0,3233.0,3236.0,14.5971,2025,4,11
2025-04-11 07:55:00+00:00,3235.0,3239.0,3235.0,3238.0,18.3196,2025,4,11
2025-04-11 08:00:00+00:00,3239.0,3242.0,3237.0,3238.0,85.4115,2025,4,11
2025-04-11 08:05:00+00:00,3238.0,3246.0,3238.0,3240.0,92.4776,2025,4,11
2025-04-11 08:10:00+00:00,3241.0,3245.0,3239.0,3245.0,68.3029,2025,4,11
2025-04-11 08:15:00+00:00,3245.0,3245.0,3241.0,3242.0,18.9343,2025,4,11
2025-04-11 08:20:00+00:00,3242.0,3249.0,3241.0,3249.0,40.8298,2025,4,11
2025-04-11 08:25:00+00:00,3249.0,3251.0,3244.0,3246.0,116.8259,2025,4,11
2025-04-11 08:30:00+00:00,3248.0,3249.0,3243.0,3247.0,114.0514,2025,4,11
2025-04-11 08:35:00+00:00,3246.0,3250.0,3243.0,3247.0,85.4801,2025,4,11
2025-04-11 08:40:00+00:00,3248.0,3249.0,3243.0,3245.0,97.0637,2025,4,11
2025-04-11 08:45:00+00:00,3245.0,3251.0,3244.0,3248.0,67.2645,2025,4,11
2025-04-11 08:50:00+00:00,3249.0,3253.0,3248.0,3249.0,99.798,2025,4,11
2025-04-11 08:55:00+00:00,3249.0,3251.0,3246.0,3248.0,66.9119,2025,4,11
2025-04-11 09:00:00+00:00,3247.0,3249.0,3244.0,3248.0,67.925,2025,4,11
2025-04-11 09:05:00+00:00,3248.0,3248.0,3244.0,3246.0,55.692,2025,4,11
2025-04-11 09:10:00+00:00,3246.0,3246.0,3242.0,3245.0,58.3419,2025,4,11
2025-04-11 09:15:00+00:00,3245.0,3250.0,3245.0,3248.0,101.061,2025,4,11
2025-04-11 09:20:00+00:00,3247.0,3249.0,3246.0,3248.0,37.4474,2025,4,11
2025-04-11 09:25:00+00:00,3248.0,3249.0,3246.0,3249.0,50.0266,2025,4,11
2025-04-11 09:30:00+00:00,3249.0,3249.0,3244.0,3245.0,40.0415,2025,4,11
2025-04-11 09:35:00+00:00,3245.0,3249.0,3245.0,3249.0,16.3411,2025,4,11
2025-04-11 09:40:00+00:00,3248.0,3253.0,3247.0,3253.0,18.6683,2025,4,11
2025-04-11 09:45:00+00:00,3252.0,3254.0,3252.0,3254.0,17.8325,2025,4,11
2025-04-11 09:50:00+00:00,3254.0,3258.0,3254.0,3258.0,21.5105,2025,4,11
2025-04-11 09:55:00+00:00,3258.0,3258.0,3252.0,3255.0,38.1166,2025,4,11
2025-04-11 10:00:00+00:00,3254.0,3257.0,3253.0,3257.0,14.6517,2025,4,11
2025-04-11 10:05:00+00:00,3257.0,3260.0,3256.0,3259.0,11.6395,2025,4,11
2025-04-11 10:10:00+00:00,3260.0,3264.0,3258.0,3260.0,37.5846,2025,4,11
2025-04-11 10:15:00+00:00,3261.0,3263.0,3257.0,3258.0,8.7692,2025,4,11
2025-04-11 10:20:00+00:00,3258.0,3261.0,3258.0,3259.0,28.6532,2025,4,11
2025-04-11 10:25:00+00:00,3259.0,3259.0,3255.0,3256.0,20.1651,2025,4,11
2025-04-11 10:30:00+00:00,3256.0,3257.0,3252.0,3256.0,28.905,2025,4,11
2025-04-11 10:35:00+00:00,3256.0,3259.0,3254.0,3257.0,52.2743,2025,4,11
2025-04-11 10:40:00+00:00,3256.0,3257.0,3244.0,3245.0,104.7843,2025,4,11
2025-04-11 10:45:00+00:00,3244.0,3246.0,3239.0,3239.0,50.9171,2025,4,11
2025-04-11 10:50:00+00:00,3240.0,3244.0,3237.0,3238.0,129.8408,2025,4,11
2025-04-11 10:55:00+00:00,3239.0,3241.0,3234.0,3237.0,87.7966,2025,4,11
2025-04-11 11:00:00+00:00,3238.0,3246.0,3236.0,3244.0,32.203,2025,4,11
2025-04-11 11:05:00+00:00,3244.0,3248.0,3243.0,3248.0,11.0185,2025,4,11
2025-04-11 11:10:00+00:00,3247.0,3250.0,3246.0,3247.0,5.5234,2025,4,11
2025-04-11 11:15:00+00:00,3247.0,3248.0,3242.0,3245.0,12.1145,2025,4,11
2025-04-11 11:20:00+00:00,3244.0,3247.0,3240.0,3246.0,26.6081,2025,4,11
2025-04-11 11:25:00+00:00,3247.0,3247.0,3244.0,3245.0,3.1221,2025,4,11
2025-04-11 11:30:00+00:00,3245.0,3249.0,3245.0,3248.0,7.1576,2025,4,11
2025-04-11 11:35:00+00:00,3249.0,3250.0,3241.0,3243.0,44.2372,2025,4,11
2025-04-11 11:40:00+00:00,3242.0,3246.0,3242.0,3245.0,7.7461,2025,4,11
2025-04-11 11:45:00+00:00,3245.0,3246.0,3241.0,3242.0,40.0039,2025,4,11
2025-04-11 11:50:00+00:00,3242.0,3244.0,3241.0,3242.0,26.6705,2025,4,11
2025-04-11 11:55:00+00:00,3244.0,3246.0,3243.0,3244.0,35.5764,2025,4,11
2025-04-11 12:00:00+00:00,3244.0,3246.0,3240.0,3246.0,23.5592,2025,4,11
2025-04-11 12:05:00+00:00,3247.0,3251.0,3245.0,3250.0,31.5462,2025,4,11
2025-04-11 12:10:00+00:00,3251.0,3251.0,3247.0,3248.0,21.8758,2025,4,11
2025-04-11 12:15:00+00:00,3247.0,3248.0,3246.0,3246.0,2.3305,2025,4,11
2025-04-11 12:20:00+00:00,3247.0,3248.0,3246.0,3248.0,2.9804,2025,4,11
2025-04-11 12:25:00+00:00,3247.0,3252.0,3247.0,3251.0,10.6999,2025,4,11
2025-04-11 12:30:00+00:00,3252.0,3259.0,3252.0,3257.0,37.9412,2025,4,11
2025-04-11 12:35:00+00:00,3257.0,3259.0,3254.0,3256.0,27.9259,2025,4,11
2025-04-11 12:40:00+00:00,3256.0,3257.0,3254.0,3257.0,5.6277,2025,4,11
2025-04-11 12:45:00+00:00,3256.0,3258.0,3245.0,3251.0,140.2098,2025,4,11
2025-04-11 12:50:00+00:00,3250.0,3252.0,3249.0,3252.0,10.8535,2025,4,11
2025-04-11 12:55:00+00:00,3252.0,3255.0,3250.0,3252.0,15.429,2025,4,11
2025-04-11 13:00:00+00:00,3253.0,3254.0,3250.0,3254.0,9.0501,2025,4,11
2025-04-11 13:05:00+00:00,3253.0,3259.0,3253.0,3258.0,53.508,2025,4,11
2025-04-11 13:10:00+00:00,3259.0,3260.0,3258.0,3258.0,34.0069,2025,4,11
2025-04-11 13:15:00+00:00,3259.0,3260.0,3257.0,3258.0,9.5059,2025,4,11
2025-04-11 13:20:00+00:00,3259.0,3259.0,3255.0,3255.0,11.9018,2025,4,11
2025-04-11 13:25:00+00:00,3256.0,3258.0,3255.0,3257.0,12.0125,2025,4,11
2025-04-11 13:30:00+00:00,3258.0,3264.0,3257.0,3263.0,64.5288,2025,4,11
2025-04-11 13:35:00+00:00,3263.0,3268.0,3263.0,3263.0,97.707,2025,4,11
2025-04-11 13:40:00+00:00,3264.0,3264.0,3258.0,3259.0,50.4787,2025,4,11
2025-04-11 13:45:00+00:00,3260.0,3263.0,3249.0,3254.0,723.5362,2025,4,11
2025-04-11 13:50:00+00:00,3255.0,3255.0,3250.0,3253.0,77.9472,2025,4,11
2025-04-11 13:55:00+00:00,3252.0,3253.0,3246.0,3249.0,57.4954,2025,4,11
2025-04-11 14:00:00+00:00,3248.0,3252.0,3245.0,3248.0,94.1282,2025,4,11
2025-04-11 14:05:00+00:00,3248.0,3252.0,3245.0,3249.0,52.9959,2025,4,11
2025-04-11 14:10:00+00:00,3249.0,3257.0,3249.0,3257.0,71.7073,2025,4,11
2025-04-11 14:15:00+00:00,3257.0,3258.0,3255.0,3257.0,22.9445,2025,4,11
2025-04-11 14:20:00+00:00,3257.0,3259.0,3255.0,3256.0,31.153,2025,4,11
2025-04-11 14:25:00+00:00,3256.0,3258.0,3253.0,3258.0,56.0566,2025,4,11
2025-04-11 14:30:00+00:00,3258.0,3263.0,3257.0,3262.0,37.4991,2025,4,11
2025-04-11 14:35:00+00:00,3262.0,3269.0,3261.0,3264.0,340.8885,2025,4,11
2025-04-11 14:40:00+00:00,3264.0,3264.0,3259.0,3260.0,21.2609,2025,4,11
2025-04-11 14:45:00+00:00,3261.0,3263.0,3260.0,3262.0,8.0089,2025,4,11
2025-04-11 14:50:00+00:00,3262.0,3263.0,3258.0,3262.0,40.5367,2025,4,11
2025-04-11 14:55:00+00:00,3263.0,3263.0,3258.0,3263.0,64.5264,2025,4,11
2025-04-11 15:00:00+00:00,3262.0,3264.0,3258.0,3264.0,41.2632,2025,4,11
2025-04-11 15:05:00+00:00,3263.0,3264.0,3262.0,3262.0,21.834,2025,4,11
2025-04-11 15:10:00+00:00,3263.0,3270.0,3262.0,3270.0,26.4906,2025,4,11
2025-04-11 15:15:00+00:00,3269.0,3269.0,3262.0,3264.0,89.1757,2025,4,11
2025-04-11 15:20:00+00:00,3264.0,3268.0,3263.0,3268.0,53.6523,2025,4,11
2025-04-11 15:25:00+00:00,3268.0,3268.0,3263.0,3265.0,36.7561,2025,4,11
2025-04-11 15:30:00+00:00,3265.0,3268.0,3262.0,3264.0,48.918,2025,4,11
2025-04-11 15:35:00+00:00,3265.0,3266.0,3262.0,3265.0,66.2451,2025,4,11
2025-04-11 15:40:00+00:00,3265.0,3265.0,3260.0,3260.0,21.5677,2025,4,11
2025-04-11 15:45:00+00:00,3260.0,3264.0,3260.0,3264.0,50.4858,2025,4,11
2025-04-11 15:50:00+00:00,3264.0,3266.0,3262.0,3265.0,40.2953,2025,4,11
2025-04-11 15:55:00+00:00,3264.0,3265.0,3259.0,3260.0,40.9784,2025,4,11
2025-04-11 16:00:00+00:00,3260.0,3263.0,3259.0,3263.0,24.3428,2025,4,11
2025-04-11 16:05:00+00:00,3263.0,3267.0,3261.0,3267.0,55.5488,2025,4,11
2025-04-11 16:10:00+00:00,3267.0,3270.0,3266.0,3270.0,10.4456,2025,4,11
2025-04-11 16:15:00+00:00,3270.0,3271.0,3269.0,3270.0,10.2058,2025,4,11
2025-04-11 16:20:00+00:00,3270.0,3270.0,3267.0,3270.0,14.6448,2025,4,11
2025-04-11 16:25:00+00:00,3269.0,3269.0,3264.0,3264.0,8.3355,2025,4,11
2025-04-11 16:30:00+00:00,3264.0,3265.0,3257.0,3261.0,151.0067,2025,4,11
2025-04-11 16:35:00+00:00,3262.0,3262.0,3255.0,3257.0,29.1505,2025,4,11
2025-04-11 16:40:00+00:00,3257.0,3258.0,3253.0,3256.0,30.6953,2025,4,11
2025-04-11 16:45:00+00:00,3256.0,3256.0,3250.0,3254.0,41.9823,2025,4,11
2025-04-11 16:50:00+00:00,3254.0,3254.0,3247.0,3247.0,37.9797,2025,4,11
2025-04-11 16:55:00+00:00,3248.0,3250.0,3244.0,3248.0,63.4378,2025,4,11
2025-04-11 17:00:00+00:00,3249.0,3253.0,3249.0,3251.0,11.6469,2025,4,11
2025-04-11 17:05:00+00:00,3251.0,3254.0,3251.0,3253.0,23.1273,2025,4,11
2025-04-11 17:10:00+00:00,3253.0,3258.0,3250.0,3250.0,55.0023,2025,4,11
2025-04-11 17:15:00+00:00,3251.0,3257.0,3250.0,3256.0,30.7881,2025,4,11
2025-04-11 17:20:00+00:00,3256.0,3257.0,3254.0,3254.0,16.4366,2025,4,11
2025-04-11 17:25:00+00:00,3255.0,3256.0,3254.0,3254.0,29.3913,2025,4,11
2025-04-11 17:30:00+00:00,3254.0,3257.0,3252.0,3255.0,24.51,2025,4,11
2025-04-11 17:35:00+00:00,3255.0,3262.0,3254.0,3262.0,33.9671,2025,4,11
2025-04-11 17:40:00+00:00,3262.0,3262.0,3255.0,3256.0,24.3796,2025,4,11
2025-04-11 17:45:00+00:00,3255.0,3256.0,3253.0,3256.0,17.6574,2025,4,11
2025-04-11 17:50:00+00:00,3256.0,3256.0,3253.0,3255.0,4.9619,2025,4,11
2025-04-11 17:55:00+00:00,3254.0,3257.0,3253.0,3256.0,6.9055,2025,4,11
2025-04-11 18:00:00+00:00,3256.0,3258.0,3255.0,3258.0,8.8083,2025,4,11
2025-04-11 18:05:00+00:00,3258.0,3260.0,3255.0,3256.0,39.9915,2025,4,11
2025-04-11 18:10:00+00:00,3255.0,3258.0,3255.0,3258.0,2.266,2025,4,11
2025-04-11 18:15:00+00:00,3258.0,3258.0,3253.0,3255.0,6.5107,2025,4,11
2025-04-11 18:20:00+00:00,3255.0,3257.0,3253.0,3254.0,10.9974,2025,4,11
2025-04-11 18:25:00+00:00,3256.0,3258.0,3253.0,3256.0,14.606,2025,4,11
2025-04-11 18:30:00+00:00,3256.0,3262.0,3256.0,3262.0,18.0543,2025,4,11
2025-04-11 18:35:00+00:00,3262.0,3262.0,3261.0,3262.0,10.1401,2025,4,11
2025-04-11 18:40:00+00:00,3261.0,3262.0,3257.0,3258.0,53.0586,2025,4,11
2025-04-11 18:45:00+00:00,3259.0,3260.0,3258.0,3258.0,1.1372,2025,4,11
2025-04-11 18:50:00+00:00,3259.0,3259.0,3256.0,3259.0,5.5658,2025,4,11
2025-04-11 18:55:00+00:00,3258.0,3259.0,3258.0,3258.0,1.2712,2025,4,11
2025-04-11 19:00:00+00:00,3259.0,3259.0,3257.0,3257.0,0.6879,2025,4,11
2025-04-11 19:05:00+00:00,3258.0,3259.0,3257.0,3259.0,3.4659,2025,4,11
2025-04-11 19:10:00+00:00,3259.0,3259.0,3254.0,3254.0,9.9664,2025,4,11
2025-04-11 19:15:00+00:00,3255.0,3257.0,3253.0,3254.0,18.8767,2025,4,11
2025-04-11 19:20:00+00:00,3253.0,3254.0,3252.0,3253.0,4.4971,2025,4,11
2025-04-11 19:25:00+00:00,3253.0,3257.0,3252.0,3253.0,23.2296,2025,4,11
2025-04-11 19:30:00+00:00,3252.0,3256.0,3252.0,3255.0,9.8764,2025,4,11
2025-04-11 19:35:00+00:00,3255.0,3256.0,3255.0,3255.0,2.1486,2025,4,11
2025-04-11 19:40:00+00:00,3256.0,3256.0,3253.0,3254.0,1.8125,2025,4,11
2025-04-11 19:45:00+00:00,3254.0,3258.0,3251.0,3254.0,81.0556,2025,4,11
2025-04-11 19:50:00+00:00,3255.0,3262.0,3254.0,3257.0,38.2519,2025,4,11
2025-04-11 19:55:00+00:00,3257.0,3257.0,3255.0,3256.0,1.0181,2025,4,11
2025-04-11 20:00:00+00:00,3256.0,3262.0,3255.0,3259.0,26.625,2025,4,11
2025-04-11 20:05:00+00:00,3260.0,3262.0,3258.0,3260.0,20.8728,2025,4,11
2025-04-11 20:10:00+00:00,3260.0,3262.0,3260.0,3262.0,3.0093,2025,4,11
2025-04-11 20:15:00+00:00,3262.0,3262.0,3261.0,3262.0,2.3334,2025,4,11
2025-04-11 20:20:00+00:00,3261.0,3262.0,3258.0,3259.0,14.6905,2025,4,11
2025-04-11 20:25:00+00:00,3260.0,3262.0,3260.0,3262.0,2.0055,2025,4,11
2025-04-11 20:30:00+00:00,3262.0,3264.0,3255.0,3258.0,100.6088,2025,4,11
2025-04-11 20:35:00+00:00,3258.0,3262.0,3257.0,3262.0,148.658,2025,4,11
2025-04-11 20:40:00+00:00,3262.0,3262.0,3259.0,3261.0,2.5233,2025,4,11
2025-04-11 20:45:00+00:00,3261.0,3261.0,3256.0,3258.0,14.2652,2025,4,11
2025-04-11 20:50:00+00:00,3258.0,3260.0,3256.0,3260.0,121.4861,2025,4,11
2025-04-11 20:55:00+00:00,3260.0,3260.0,3258.0,3259.0,1.8091,2025,4,11
2025-04-11 21:00:00+00:00,3258.0,3259.0,3257.0,3258.0,0.6605,2025,4,11
2025-04-11 21:05:00+00:00,3258.0,3258.0,3256.0,3257.0,11.0083,2025,4,11
2025-04-11 21:10:00+00:00,3258.0,3259.0,3257.0,3259.0,6.519,2025,4,11
2025-04-11 21:15:00+00:00,3259.0,3259.0,3256.0,3258.0,1.628,2025,4,11
2025-04-11 21:20:00+00:00,3257.0,3259.0,3257.0,3257.0,2.0049,2025,4,11
2025-04-11 21:25:00+00:00,3257.0,3258.0,3257.0,3258.0,2.1856,2025,4,11
2025-04-11 21:30:00+00:00,3258.0,3258.0,3256.0,3257.0,3.1283,2025,4,11
2025-04-11 21:35:00+00:00,3257.0,3257.0,3256.0,3257.0,8.4994,2025,4,11
2025-04-11 21:40:00+00:00,3256.0,3257.0,3256.0,3257.0,4.8444,2025,4,11
2025-04-11 21:45:00+00:00,3257.0,3258.0,3255.0,3257.0,1.0443,2025,4,11
2025-04-11 21:50:00+00:00,3257.0,3258.0,3256.0,3258.0,2.2327,2025,4,11
2025-04-11 21:55:00+00:00,3258.0,3259.0,3257.0,3258.0,1.0374,2025,4,11
2025-04-11 22:00:00+00:00,3257.0,3260.0,3257.0,3259.0,10.5921,2025,4,11
2025-04-11 22:05:00+00:00,3259.0,3259.0,3257.0,3258.0,0.5243,2025,4,11
2025-04-11 22:10:00+00:00,3257.0,3259.0,3257.0,3259.0,1.8918,2025,4,11
2025-04-11 22:15:00+00:00,3259.0,3260.0,3258.0,3260.0,2.0138,2025,4,11
2025-04-11 22:20:00+00:00,3260.0,3260.0,3259.0,3260.0,1.1152,2025,4,11
2025-04-11 22:25:00+00:00,3260.0,3262.0,3259.0,3261.0,2.6874,2025,4,11
2025-04-11 22:30:00+00:00,3261.0,3261.0,3260.0,3261.0,1.5197,2025,4,11
2025-04-11 22:35:00+00:00,3261.0,3262.0,3260.0,3261.0,1.3597,2025,4,11
2025-04-11 22:40:00+00:00,3261.0,3262.0,3260.0,3262.0,1.8179,2025,4,11
2025-04-11 22:45:00+00:00,3262.0,3263.0,3261.0,3263.0,5.6153,2025,4,11
2025-04-11 22:50:00+00:00,3262.0,3263.0,3260.0,3260.0,4.0368,2025,4,11
2025-04-11 22:55:00+00:00,3260.0,3260.0,3259.0,3259.0,1.6488,2025,4,11
2025-04-11 23:00:00+00:00,3259.0,3261.0,3258.0,3260.0,7.7774,2025,4,11
2025-04-11 23:05:00+00:00,3261.0,3262.0,3259.0,3261.0,2.1289,2025,4,11
2025-04-11 23:10:00+00:00,3261.0,3264.0,3261.0,3264.0,13.741,2025,4,11
2025-04-11 23:15:00+00:00,3264.0,3264.0,3263.0,3264.0,3.5517,2025,4,11
2025-04-11 23:20:00+00:00,3264.0,3264.0,3261.0,3262.0,2.0596,2025,4,11
2025-04-11 23:25:00+00:00,3263.0,3264.0,3262.0,3264.0,5.713,2025,4,11
2025-04-11 23:30:00+00:00,3263.0,3265.0,3263.0,3264.0,1.1803,2025,4,11
2025-04-11 23:35:00+00:00,3265.0,3265.0,3264.0,3265.0,2.8543,2025,4,11
2025-04-11 23:40:00+00:00,3265.0,3265.0,3264.0,3264.0,2.1028,2025,4,11
2025-04-11 23:45:00+00:00,3265.0,3265.0,3264.0,3265.0,0.9646,2025,4,11
2025-04-11 23:50:00+00:00,3264.0,3265.0,3264.0,3265.0,1.4718,2025,4,11
2025-04-11 23:55:00+00:00,3265.0,3265.0,3264.0,3265.0,2.0528,2025,4,11
2025-04-12 00:00:00+00:00,3265.0,3265.0,3264.0,3265.0,2.0569,2025,4,12
2025-04-12 00:05:00+00:00,3265.0,3266.0,3265.0,3266.0,4.9447,2025,4,12
2025-04-12 00:10:00+00:00,3266.0,3270.0,3256.0,3263.0,56.4541,2025,4,12
2025-04-12 00:15:00+00:00,3263.0,3264.0,3262.0,3264.0,4.0935,2025,4,12
2025-04-12 00:20:00+00:00,3264.0,3267.0,3263.0,3267.0,3.3279,2025,4,12
2025-04-12 00:25:00+00:00,3266.0,3268.0,3266.0,3267.0,4.1609,2025,4,12
2025-04-12 00:30:00+00:00,3267.0,3267.0,3266.0,3267.0,3.1266,2025,4,12
2025-04-12 00:35:00+00:00,3267.0,3270.0,3267.0,3270.0,8.3143,2025,4,12
2025-04-12 00:40:00+00:00,3270.0,3270.0,3268.0,3269.0,2.2806,2025,4,12
2025-04-12 00:45:00+00:00,3269.0,3270.0,3268.0,3270.0,3.0126,2025,4,12
2025-04-12 00:50:00+00:00,3270.0,3275.0,3269.0,3274.0,63.4768,2025,4,12
2025-04-12 00:55:00+00:00,3274.0,3277.0,3273.0,3275.0,52.6504,2025,4,12
2025-04-12 01:00:00+00:00,3275.0,3277.0,3272.0,3274.0,20.9161,2025,4,12
2025-04-12 01:05:00+00:00,3274.0,3275.0,3273.0,3275.0,6.8742,2025,4,12
2025-04-12 01:10:00+00:00,3275.0,3276.0,3273.0,3273.0,3.4962,2025,4,12
2025-04-12 01:15:00+00:00,3273.0,3274.0,3269.0,3274.0,7.7734,2025,4,12
2025-04-12 01:20:00+00:00,3274.0,3275.0,3272.0,3275.0,4.4142,2025,4,12
2025-04-12 01:25:00+00:00,3275.0,3278.0,3275.0,3278.0,22.3279,2025,4,12
2025-04-12 01:30:00+00:00,3278.0,3282.0,3276.0,3280.0,18.298,2025,4,12
2025-04-12 01:35:00+00:00,3281.0,3287.0,3280.0,3286.0,31.8154,2025,4,12
2025-04-12 01:40:00+00:00,3286.0,3291.0,3285.0,3288.0,58.3947,2025,4,12
2025-04-12 01:45:00+00:00,3289.0,3289.0,3284.0,3289.0,5.6765,2025,4,12
2025-04-12 01:50:00+00:00,3289.0,3289.0,3288.0,3288.0,2.0698,2025,4,12
2025-04-12 01:55:00+00:00,3288.0,3288.0,3282.0,3286.0,20.5186,2025,4,12
2025-04-12 02:00:00+00:00,3285.0,3287.0,3282.0,3283.0,3.4564,2025,4,12
2025-04-12 02:05:00+00:00,3283.0,3284.0,3282.0,3283.0,4.4539,2025,4,12
2025-04-12 02:10:00+00:00,3283.0,3287.0,3282.0,3285.0,36.3418,2025,4,12
2025-04-12 02:15:00+00:00,3285.0,3289.0,3284.0,3289.0,6.5454,2025,4,12
2025-04-12 02:20:00+00:00,3289.0,3290.0,3288.0,3288.0,6.7934,2025,4,12
2025-04-12 02:25:00+00:00,3289.0,3290.0,3286.0,3287.0,8.134,2025,4,12
2025-04-12 02:30:00+00:00,3287.0,3291.0,3286.0,3290.0,11.294,2025,4,12
2025-04-12 02:35:00+00:00,3289.0,3290.0,3288.0,3289.0,1.9559,2025,4,12
2025-04-12 02:40:00+00:00,3289.0,3292.0,3288.0,3291.0,18.4534,2025,4,12
2025-04-12 02:45:00+00:00,3291.0,3294.0,3288.0,3290.0,74.5076,2025,4,12
2025-04-12 02:50:00+00:00,3290.0,3291.0,3288.0,3291.0,7.3457,2025,4,12
2025-04-12 02:55:00+00:00,3291.0,3291.0,3283.0,3284.0,19.5946,2025,4,12
2025-04-12 03:00:00+00:00,3283.0,3285.0,3279.0,3281.0,13.2612,2025,4,12
2025-04-12 03:05:00+00:00,3281.0,3284.0,3280.0,3283.0,7.2563,2025,4,12
2025-04-12 03:10:00+00:00,3283.0,3283.0,3280.0,3282.0,5.2106,2025,4,12
2025-04-12 03:15:00+00:00,3283.0,3285.0,3282.0,3283.0,2.6278,2025,4,12
2025-04-12 03:20:00+00:00,3283.0,3287.0,3282.0,3282.0,18.7293,2025,4,12
2025-04-12 03:25:00+00:00,3283.0,3283.0,3280.0,3282.0,3.0292,2025,4,12
2025-04-12 03:30:00+00:00,3282.0,3286.0,3281.0,3286.0,16.6234,2025,4,12
2025-04-12 03:35:00+00:00,3285.0,3286.0,3283.0,3284.0,10.4985,2025,4,12
2025-04-12 03:40:00+00:00,3283.0,3285.0,3282.0,3285.0,9.5474,2025,4,12
2025-04-12 03:45:00+00:00,3285.0,3285.0,3281.0,3283.0,10.8888,2025,4,12
2025-04-12 03:50:00+00:00,3282.0,3283.0,3279.0,3279.0,12.2918,2025,4,12
2025-04-12 03:55:00+00:00,3279.0,3286.0,3279.0,3284.0,41.1978,2025,4,12
2025-04-12 04:00:00+00:00,3285.0,3285.0,3282.0,3284.0,2.315,2025,4,12
2025-04-12 04:05:00+00:00,3284.0,3292.0,3284.0,3291.0,111.2919,2025,4,12
2025-04-12 04:10:00+00:00,3291.0,3292.0,3286.0,3287.0,4.9344,2025,4,12
2025-04-12 04:15:00+00:00,3287.0,3292.0,3287.0,3290.0,20.6012,2025,4,12
2025-04-12 04:20:00+00:00,3290.0,3292.0,3289.0,3291.0,7.9986,2025,4,12
2025-04-12 04:25:00+00:00,3291.0,3292.0,3289.0,3289.0,3.3306,2025,4,12
2025-04-12 04:30:00+00:00,3289.0,3289.0,3284.0,3284.0,16.4549,2025,4,12
2025-04-12 04:35:00+00:00,3285.0,3285.0,3279.0,3284.0,22.5557,2025,4,12
2025-04-12 04:40:00+00:00,3284.0,3284.0,3281.0,3282.0,3.58,2025,4,12
2025-04-12 04:45:00+00:00,3282.0,3282.0,3281.0,3282.0,2.7337,2025,4,12
2025-04-12 04:50:00+00:00,3281.0,3283.0,3281.0,3282.0,5.8388,2025,4,12
2025-04-12 04:55:00+00:00,3283.0,3284.0,3282.0,3284.0,2.4057,2025,4,12
2025-04-12 05:00:00+00:00,3283.0,3287.0,3283.0,3284.0,8.4415,2025,4,12
2025-04-12 05:05:00+00:00,3285.0,3286.0,3285.0,3285.0,2.5119,2025,4,12
2025-04-12 05:10:00+00:00,3285.0,3288.0,3285.0,3285.0,6.8524,2025,4,12
2025-04-12 05:15:00+00:00,3286.0,3288.0,3285.0,3287.0,8.0503,2025,4,12
2025-04-12 05:20:00+00:00,3287.0,3289.0,3287.0,3289.0,9.2926,2025,4,12
2025-04-12 05:25:00+00:00,3289.0,3289.0,3287.0,3288.0,12.1937,2025,4,12
2025-04-12 05:30:00+00:00,3288.0,3290.0,3285.0,3290.0,20.3102,2025,4,12
2025-04-12 05:35:00+00:00,3289.0,3291.0,3288.0,3290.0,23.2956,2025,4,12
2025-04-12 05:40:00+00:00,3290.0,3291.0,3290.0,3290.0,11.0436,2025,4,12
2025-04-12 05:45:00+00:00,3291.0,3293.0,3290.0,3291.0,35.3829,2025,4,12
2025-04-12 05:50:00+00:00,3291.0,3292.0,3290.0,3292.0,22.3562,2025,4,12
2025-04-12 05:55:00+00:00,3291.0,3294.0,3291.0,3293.0,13.3679,2025,4,12
2025-04-12 06:00:00+00:00,3294.0,3300.0,3292.0,3298.0,95.0779,2025,4,12
2025-04-12 06:05:00+00:00,3299.0,3300.0,3293.0,3297.0,100.8094,2025,4,12
2025-04-12 06:10:00+00:00,3297.0,3298.0,3295.0,3298.0,14.8908,2025,4,12
2025-04-12 06:15:00+00:00,3298.0,3299.0,3296.0,3298.0,17.3015,2025,4,12
2025-04-12 06:20:00+00:00,3298.0,3300.0,3297.0,3297.0,45.8381,2025,4,12
2025-04-12 06:25:00+00:00,3297.0,3299.0,3296.0,3297.0,13.1528,2025,4,12
2025-04-12 06:30:00+00:00,3298.0,3298.0,3296.0,3298.0,8.739,2025,4,12
2025-04-12 06:35:00+00:00,3297.0,3297.0,3295.0,3295.0,10.7095,2025,4,12
2025-04-12 06:40:00+00:00,3296.0,3297.0,3294.0,3295.0,10.5556,2025,4,12
2025-04-12 06:45:00+00:00,3296.0,3296.0,3293.0,3294.0,7.7383,2025,4,12
2025-04-12 06:50:00+00:00,3293.0,3294.0,3291.0,3292.0,4.489,2025,4,12
2025-04-12 06:55:00+00:00,3291.0,3293.0,3291.0,3293.0,17.0082,2025,4,12
2025-04-12 07:00:00+00:00,3292.0,3293.0,3287.0,3289.0,187.6798,2025,4,12
2025-04-12 07:05:00+00:00,3288.0,3289.0,3286.0,3286.0,11.4506,2025,4,12
2025-04-12 07:10:00+00:00,3287.0,3288.0,3286.0,3288.0,9.2531,2025,4,12
2025-04-12 07:15:00+00:00,3288.0,3290.0,3284.0,3288.0,11.6511,2025,4,12
2025-04-12 07:20:00+00:00,3288.0,3288.0,3284.0,3284.0,16.5914,2025,4,12
2025-04-12 07:25:00+00:00,3285.0,3285.0,3284.0,3284.0,3.9839,2025,4,12
2025-04-12 07:30:00+00:00,3285.0,3287.0,3284.0,3286.0,24.4761,2025,4,12
2025-04-12 07:35:00+00:00,3286.0,3286.0,3281.0,3281.0,21.7213,2025,4,12
2025-04-12 07:40:00+00:00,3281.0,3281.0,3275.0,3279.0,82.9185,2025,4,12
2025-04-12 07:45:00+00:00,3281.0,3290.0,3279.0,3289.0,66.1308,2025,4,12
2025-04-12 07:50:00+00:00,3289.0,3292.0,3286.0,3292.0,22.446,2025,4,12
2025-04-12 07:55:00+00:00,3291.0,3292.0,3287.0,3288.0,4.1581,2025,4,12
2025-04-12 08:00:00+00:00,3289.0,3291.0,3288.0,3289.0,7.4435,2025,4,12
2025-04-12 08:05:00+00:00,3289.0,3291.0,3282.0,3282.0,29.9795,2025,4,12
2025-04-12 08:10:00+00:00,3283.0,3283.0,3275.0,3279.0,53.4744,2025,4,12
2025-04-12 08:15:00+00:00,3278.0,3281.0,3276.0,3280.0,17.0013,2025,4,12
2025-04-12 08:20:00+00:00,3280.0,3283.0,3279.0,3283.0,8.5532,2025,4,12
2025-04-12 08:25:00+00:00,3283.0,3286.0,3282.0,3284.0,19.8201,2025,4,12
2025-04-12 08:30:00+00:00,3284.0,3285.0,3283.0,3284.0,1.5662,2025,4,12
2025-04-12 08:35:00+00:00,3284.0,3290.0,3284.0,3290.0,9.9798,2025,4,12
2025-04-12 08:40:00+00:00,3290.0,3290.0,3285.0,3287.0,30.6553,2025,4,12
2025-04-12 08:45:00+00:00,3286.0,3287.0,3280.0,3283.0,6.1354,2025,4,12
2025-04-12 08:50:00+00:00,3283.0,3285.0,3283.0,3284.0,0.7862,2025,4,12
2025-04-12 08:55:00+00:00,3284.0,3285.0,3282.0,3282.0,9.0364,2025,4,12
2025-04-12 09:00:00+00:00,3282.0,3285.0,3282.0,3282.0,1.7413,2025,4,12
2025-04-12 09:05:00+00:00,3282.0,3282.0,3279.0,3279.0,5.7598,2025,4,12
2025-04-12 09:10:00+00:00,3279.0,3280.0,3276.0,3276.0,2.111,2025,4,12
2025-04-12 09:15:00+00:00,3277.0,3283.0,3276.0,3282.0,34.1664,2025,4,12
2025-04-12 09:20:00+00:00,3282.0,3286.0,3282.0,3285.0,21.7271,2025,4,12
2025-04-12 09:25:00+00:00,3285.0,3286.0,3281.0,3284.0,8.2218,2025,4,12
2025-04-12 09:30:00+00:00,3284.0,3284.0,3279.0,3284.0,17.5913,2025,4,12
2025-04-12 09:35:00+00:00,3283.0,3284.0,3283.0,3283.0,0.7255,2025,4,12
2025-04-12 09:40:00+00:00,3283.0,3284.0,3283.0,3283.0,3.3901,2025,4,12
2025-04-12 09:45:00+00:00,3283.0,3284.0,3281.0,3284.0,6.5329,2025,4,12
2025-04-12 09:50:00+00:00,3284.0,3287.0,3284.0,3287.0,4.0619,2025,4,12
2025-04-12 09:55:00+00:00,3286.0,3288.0,3286.0,3287.0,2.6885,2025,4,12
2025-04-12 10:00:00+00:00,3288.0,3288.0,3283.0,3285.0,19.0401,2025,4,12
2025-04-12 10:05:00+00:00,3285.0,3287.0,3284.0,3287.0,2.4365,2025,4,12
2025-04-12 10:10:00+00:00,3287.0,3288.0,3283.0,3284.0,48.3497,2025,4,12
2025-04-12 10:15:00+00:00,3284.0,3284.0,3280.0,3281.0,11.4567,2025,4,12
2025-04-12 10:20:00+00:00,3280.0,3285.0,3280.0,3285.0,7.39,2025,4,12
2025-04-12 10:25:00+00:00,3284.0,3285.0,3283.0,3283.0,4.4125,2025,4,12
2025-04-12 10:30:00+00:00,3283.0,3286.0,3283.0,3284.0,5.5541,2025,4,12
2025-04-12 10:35:00+00:00,3283.0,3284.0,3275.0,3276.0,70.8759,2025,4,12
2025-04-12 10:40:00+00:00,3277.0,3277.0,3271.0,3273.0,53.247,2025,4,12
2025-04-12 10:45:00+00:00,3272.0,3273.0,3269.0,3270.0,45.4116,2025,4,12
2025-04-12 10:50:00+00:00,3270.0,3271.0,3268.0,3269.0,6.3308,2025,4,12
2025-04-12 10:55:00+00:00,3270.0,3273.0,3268.0,3269.0,9.1966,2025,4,12
2025-04-12 11:00:00+00:00,3269.0,3272.0,3269.0,3269.0,11.1936,2025,4,12
2025-04-12 11:05:00+00:00,3269.0,3270.0,3266.0,3266.0,17.9539,2025,4,12
2025-04-12 11:10:00+00:00,3267.0,3267.0,3261.0,3261.0,14.3987,2025,4,12
2025-04-12 11:15:00+00:00,3262.0,3264.0,3261.0,3264.0,12.924,2025,4,12
2025-04-12 11:20:00+00:00,3263.0,3266.0,3263.0,3264.0,23.847,2025,4,12
2025-04-12 11:25:00+00:00,3264.0,3264.0,3260.0,3260.0,21.6837,2025,4,12
2025-04-12 11:30:00+00:00,3260.0,3263.0,3256.0,3257.0,19.0851,2025,4,12
2025-04-12 11:35:00+00:00,3257.0,3260.0,3256.0,3260.0,2.0213,2025,4,12
2025-04-12 11:40:00+00:00,3259.0,3261.0,3259.0,3261.0,2.2808,2025,4,12
2025-04-12 11:45:00+00:00,3262.0,3264.0,3261.0,3262.0,13.4272,2025,4,12
2025-04-12 11:50:00+00:00,3262.0,3263.0,3261.0,3263.0,2.7627,2025,4,12
2025-04-12 11:55:00+00:00,3262.0,3266.0,3262.0,3266.0,12.8066,2025,4,12
2025-04-12 12:00:00+00:00,3266.0,3268.0,3262.0,3262.0,12.5224,2025,4,12
2025-04-12 12:05:00+00:00,3262.0,3264.0,3261.0,3263.0,7.7684,2025,4,12
2025-04-12 12:10:00+00:00,3263.0,3265.0,3261.0,3261.0,8.7587,2025,4,12
2025-04-12 12:15:00+00:00,3261.0,3261.0,3260.0,3261.0,1.0439,2025,4,12
2025-04-12 12:20:00+00:00,3260.0,3261.0,3259.0,3260.0,11.0702,2025,4,12
2025-04-12 12:25:00+00:00,3259.0,3260.0,3257.0,3257.0,7.4404,2025,4,12
2025-04-12 12:30:00+00:00,3257.0,3258.0,3257.0,3258.0,1.7639,2025,4,12
2025-04-12 12:35:00+00:00,3257.0,3259.0,3255.0,3258.0,29.8413,2025,4,12
2025-04-12 12:40:00+00:00,3259.0,3261.0,3257.0,3258.0,17.0022,2025,4,12
2025-04-12 12:45:00+00:00,3259.0,3259.0,3257.0,3258.0,3.2677,2025,4,12
2025-04-12 12:50:00+00:00,3259.0,3259.0,3256.0,3258.0,8.4521,2025,4,12
2025-04-12 12:55:00+00:00,3257.0,3260.0,3257.0,3260.0,4.1563,2025,4,12
2025-04-12 13:00:00+00:00,3260.0,3260.0,3258.0,3258.0,7.9596,2025,4,12
2025-04-12 13:05:00+00:00,3259.0,3261.0,3258.0,3258.0,12.1467,2025,4,12
2025-04-12 13:10:00+00:00,3258.0,3259.0,3256.0,3257.0,35.7147,2025,4,12
2025-04-12 13:15:00+00:00,3257.0,3257.0,3254.0,3255.0,39.8875,2025,4,12
2025-04-12 13:20:00+00:00,3255.0,3257.0,3250.0,3254.0,76.3765,2025,4,12
2025-04-12 13:25:00+00:00,3254.0,3256.0,3253.0,3253.0,10.0474,2025,4,12
2025-04-12 13:30:00+00:00,3253.0,3254.0,3251.0,3254.0,43.0674,2025,4,12
2025-04-12 13:35:00+00:00,3253.0,3253.0,3250.0,3251.0,15.1249,2025,4,12
2025-04-12 13:40:00+00:00,3250.0,3255.0,3249.0,3251.0,18.3957,2025,4,12
2025-04-12 13:45:00+00:00,3252.0,3257.0,3251.0,3252.0,15.603,2025,4,12
2025-04-12 13:50:00+00:00,3253.0,3254.0,3247.0,3248.0,32.7318,2025,4,12
2025-04-12 13:55:00+00:00,3248.0,3252.0,3247.0,3248.0,56.2271,2025,4,12
2025-04-12 14:00:00+00:00,3248.0,3249.0,3246.0,3246.0,28.7117,2025,4,12
2025-04-12 14:05:00+00:00,3246.0,3251.0,3246.0,3247.0,34.0331,2025,4,12
2025-04-12 14:10:00+00:00,3246.0,3249.0,3237.0,3239.0,212.5417,2025,4,12
2025-04-12 14:15:00+00:00,3239.0,3243.0,3234.0,3243.0,172.3534,2025,4,12
2025-04-12 14:20:00+00:00,3243.0,3252.0,3242.0,3249.0,29.7146,2025,4,12
2025-04-12 14:25:00+00:00,3249.0,3249.0,3241.0,3248.0,45.0889,2025,4,12
2025-04-12 14:30:00+00:00,3248.0,3249.0,3244.0,3246.0,16.8642,2025,4,12
2025-04-12 14:35:00+00:00,3246.0,3246.0,3242.0,3243.0,73.7454,2025,4,12
2025-04-12 14:40:00+00:00,3244.0,3247.0,3242.0,3246.0,39.339,2025,4,12
2025-04-12 14:45:00+00:00,3247.0,3247.0,3241.0,3243.0,41.0626,2025,4,12
2025-04-12 14:50:00+00:00,3243.0,3243.0,3240.0,3240.0,90.2836,2025,4,12
2025-04-12 14:55:00+00:00,3240.0,3245.0,3240.0,3243.0,11.7897,2025,4,12
2025-04-12 15:00:00+00:00,3243.0,3244.0,3242.0,3243.0,2.5181,2025,4,12
2025-04-12 15:05:00+00:00,3243.0,3244.0,3242.0,3244.0,20.8095,2025,4,12
2025-04-12 15:10:00+00:00,3244.0,3245.0,3242.0,3243.0,26.8945,2025,4,12
2025-04-12 15:15:00+00:00,3243.0,3244.0,3242.0,3243.0,3.1547,2025,4,12
2025-04-12 15:20:00+00:00,3243.0,3244.0,3242.0,3244.0,9.2212,2025,4,12
2025-04-12 15:25:00+00:00,3244.0,3246.0,3243.0,3245.0,21.9566,2025,4,12
2025-04-12 15:30:00+00:00,3245.0,3248.0,3244.0,3248.0,18.1459,2025,4,12
2025-04-12 15:35:00+00:00,3248.0,3249.0,3245.0,3247.0,18.9174,2025,4,12
2025-04-12 15:40:00+00:00,3247.0,3248.0,3246.0,3247.0,11.458,2025,4,12
2025-04-12 15:45:00+00:00,3247.0,3249.0,3246.0,3249.0,16.7698,2025,4,12
2025-04-12 15:50:00+00:00,3249.0,3249.0,3248.0,3249.0,16.4723,2025,4,12
2025-04-12 15:55:00+00:00,3249.0,3260.0,3248.0,3258.0,63.1805,2025,4,12
2025-04-12 16:00:00+00:00,3259.0,3262.0,3257.0,3260.0,40.6748,2025,4,12
2025-04-12 16:05:00+00:00,3259.0,3260.0,3255.0,3257.0,4.8583,2025,4,12
2025-04-12 16:10:00+00:00,3257.0,3258.0,3255.0,3257.0,12.6741,2025,4,12
2025-04-12 16:15:00+00:00,3257.0,3257.0,3252.0,3254.0,10.092,2025,4,12
2025-04-12 16:20:00+00:00,3254.0,3254.0,3252.0,3253.0,2.4133,2025,4,12
2025-04-12 16:25:00+00:00,3253.0,3253.0,3252.0,3253.0,2.4496,2025,4,12
2025-04-12 16:30:00+00:00,3253.0,3253.0,3251.0,3253.0,4.533,2025,4,12
2025-04-12 16:35:00+00:00,3253.0,3254.0,3252.0,3254.0,5.9652,2025,4,12
2025-04-12 16:40:00+00:00,3254.0,3254.0,3252.0,3253.0,1.9729,2025,4,12
2025-04-12 16:45:00+00:00,3252.0,3255.0,3252.0,3255.0,8.9043,2025,4,12
2025-04-12 16:50:00+00:00,3255.0,3257.0,3254.0,3256.0,9.4529,2025,4,12
2025-04-12 16:55:00+00:00,3256.0,3257.0,3254.0,3256.0,4.4303,2025,4,12
2025-04-12 17:00:00+00:00,3256.0,3260.0,3254.0,3257.0,12.0313,2025,4,12
2025-04-12 17:05:00+00:00,3257.0,3258.0,3255.0,3257.0,11.2991,2025,4,12
2025-04-12 17:10:00+00:00,3257.0,3257.0,3251.0,3252.0,19.2315,2025,4,12
2025-04-12 17:15:00+00:00,3252.0,3253.0,3251.0,3252.0,1.6574,2025,4,12
2025-04-12 17:20:00+00:00,3252.0,3252.0,3251.0,3252.0,1.9311,2025,4,12
2025-04-12 17:25:00+00:00,3252.0,3254.0,3250.0,3250.0,14.5102,2025,4,12
2025-04-12 17:30:00+00:00,3251.0,3251.0,3250.0,3250.0,4.5201,2025,4,12
2025-04-12 17:35:00+00:00,3250.0,3251.0,3250.0,3250.0,1.779,2025,4,12
2025-04-12 17:40:00+00:00,3250.0,3251.0,3248.0,3249.0,2.5356,2025,4,12
2025-04-12 17:45:00+00:00,3249.0,3249.0,3247.0,3248.0,1.0972,2025,4,12
2025-04-12 17:50:00+00:00,3247.0,3249.0,3247.0,3248.0,5.3514,2025,4,12
2025-04-12 17:55:00+00:00,3248.0,3249.0,3248.0,3249.0,1.2177,2025,4,12
2025-04-12 18:00:00+00:00,3249.0,3252.0,3248.0,3251.0,5.6807,2025,4,12
2025-04-12 18:05:00+00:00,3251.0,3252.0,3249.0,3251.0,5.6755,2025,4,12
2025-04-12 18:10:00+00:00,3251.0,3253.0,3251.0,3252.0,4.57,2025,4,12
2025-04-12 18:15:00+00:00,3252.0,3255.0,3252.0,3253.0,8.952,2025,4,12
2025-04-12 18:20:00+00:00,3252.0,3254.0,3252.0,3253.0,1.9599,2025,4,12
2025-04-12 18:25:00+00:00,3254.0,3254.0,3253.0,3254.0,1.8588,2025,4,12
2025-04-12 18:30:00+00:00,3253.0,3253.0,3250.0,3251.0,3.7943,2025,4,12
2025-04-12 18:35:00+00:00,3251.0,3251.0,3248.0,3248.0,2.5636,2025,4,12
2025-04-12 18:40:00+00:00,3249.0,3249.0,3247.0,3247.0,2.0507,2025,4,12
2025-04-12 18:45:00+00:00,3248.0,3251.0,3247.0,3249.0,4.3444,2025,4,12
2025-04-12 18:50:00+00:00,3249.0,3249.0,3247.0,3248.0,4.7286,2025,4,12
2025-04-12 18:55:00+00:00,3249.0,3250.0,3246.0,3248.0,11.9137,2025,4,12
2025-04-12 19:00:00+00:00,3247.0,3248.0,3246.0,3248.0,4.6787,2025,4,12
2025-04-12 19:05:00+00:00,3248.0,3248.0,3244.0,3245.0,25.973,2025,4,12
2025-04-12 19:10:00+00:00,3245.0,3246.0,3244.0,3245.0,4.1147,2025,4,12
2025-04-12 19:15:00+00:00,3246.0,3246.0,3244.0,3244.0,15.3022,2025,4,12
2025-04-12 19:20:00+00:00,3244.0,3246.0,3244.0,3246.0,8.8705,2025,4,12
2025-04-12 19:25:00+00:00,3245.0,3247.0,3245.0,3245.0,13.0859,2025,4,12
2025-04-12 19:30:00+00:00,3245.0,3250.0,3244.0,3249.0,11.8049,2025,4,12
2025-04-12 19:35:00+00:00,3250.0,3252.0,3249.0,3251.0,3.4497,2025,4,12
2025-04-12 19:40:00+00:00,3251.0,3252.0,3250.0,3250.0,5.7605,2025,4,12
2025-04-12 19:45:00+00:00,3251.0,3251.0,3247.0,3248.0,6.3568,2025,4,12
2025-04-12 19:50:00+00:00,3248.0,3249.0,3247.0,3248.0,5.2574,2025,4,12
2025-04-12 19:55:00+00:00,3248.0,3248.0,3247.0,3247.0,1.8561,2025,4,12
2025-04-12 20:00:00+00:00,3248.0,3251.0,3248.0,3250.0,6.4041,2025,4,12
2025-04-12 20:05:00+00:00,3250.0,3253.0,3250.0,3252.0,3.6292,2025,4,12
2025-04-12 20:10:00+00:00,3252.0,3252.0,3250.0,3250.0,2.8001,2025,4,12
2025-04-12 20:15:00+00:00,3250.0,3252.0,3250.0,3251.0,3.8989,2025,4,12
2025-04-12 20:20:00+00:00,3252.0,3254.0,3251.0,3254.0,3.4098,2025,4,12
2025-04-12 20:25:00+00:00,3254.0,3254.0,3249.0,3251.0,8.2688,2025,4,12
2025-04-12 20:30:00+00:00,3250.0,3251.0,3247.0,3248.0,5.506,2025,4,12
2025-04-12 20:35:00+00:00,3247.0,3249.0,3247.0,3249.0,5.7553,2025,4,12
2025-04-12 20:40:00+00:00,3248.0,3251.0,3245.0,3245.0,26.1195,2025,4,12
2025-04-12 20:45:00+00:00,3246.0,3247.0,3245.0,3245.0,11.1197,2025,4,12
2025-04-12 20:50:00+00:00,3245.0,3248.0,3243.0,3247.0,28.2313,2025,4,12
2025-04-12 20:55:00+00:00,3247.0,3248.0,3245.0,3245.0,5.759,2025,4,12
2025-04-12 21:00:00+00:00,3245.0,3246.0,3243.0,3244.0,14.2867,2025,4,12
2025-04-12 21:05:00+00:00,3244.0,3245.0,3243.0,3244.0,5.0346,2025,4,12
2025-04-12 21:10:00+00:00,3244.0,3246.0,3244.0,3246.0,7.348,2025,4,12
2025-04-12 21:15:00+00:00,3246.0,3246.0,3245.0,3245.0,0.1593,2025,4,12
2025-04-12 21:20:00+00:00,3245.0,3247.0,3245.0,3247.0,4.0798,2025,4,12
2025-04-12 21:25:00+00:00,3246.0,3248.0,3245.0,3246.0,10.4269,2025,4,12
2025-04-12 21:30:00+00:00,3246.0,3246.0,3241.0,3243.0,38.2755,2025,4,12
2025-04-12 21:35:00+00:00,3242.0,3243.0,3242.0,3242.0,1.5934,2025,4,12
2025-04-12 21:40:00+00:00,3242.0,3244.0,3242.0,3242.0,10.1536,2025,4,12
2025-04-12 21:45:00+00:00,3243.0,3245.0,3241.0,3244.0,15.2204,2025,4,12
2025-04-12 21:50:00+00:00,3243.0,3244.0,3243.0,3243.0,1.3032,2025,4,12
2025-04-12 21:55:00+00:00,3243.0,3245.0,3243.0,3244.0,6.7836,2025,4,12
2025-04-12 22:00:00+00:00,3244.0,3247.0,3244.0,3247.0,3.6612,2025,4,12
2025-04-12 22:05:00+00:00,3246.0,3247.0,3246.0,3247.0,2.5279,2025,4,12
2025-04-12 22:10:00+00:00,3246.0,3247.0,3241.0,3243.0,32.98,2025,4,12
2025-04-12 22:15:00+00:00,3244.0,3244.0,3242.0,3243.0,9.8978,2025,4,12
2025-04-12 22:20:00+00:00,3243.0,3244.0,3243.0,3244.0,0.3201,2025,4,12
2025-04-12 22:25:00+00:00,3244.0,3245.0,3243.0,3244.0,4.3586,2025,4,12
2025-04-12 22:30:00+00:00,3244.0,3246.0,3244.0,3244.0,7.6948,2025,4,12
2025-04-12 22:35:00+00:00,3245.0,3245.0,3241.0,3242.0,7.3179,2025,4,12
2025-04-12 22:40:00+00:00,3243.0,3245.0,3243.0,3245.0,1.9218,2025,4,12
2025-04-12 22:45:00+00:00,3244.0,3245.0,3243.0,3245.0,4.4741,2025,4,12
2025-04-12 22:50:00+00:00,3244.0,3245.0,3244.0,3244.0,0.9041,2025,4,12
2025-04-12 22:55:00+00:00,3244.0,3245.0,3242.0,3242.0,16.7365,2025,4,12
2025-04-12 23:00:00+00:00,3243.0,3245.0,3243.0,3243.0,14.1842,2025,4,12
2025-04-12 23:05:00+00:00,3244.0,3244.0,3243.0,3243.0,1.3085,2025,4,12
2025-04-12 23:10:00+00:00,3243.0,3245.0,3243.0,3244.0,2.3513,2025,4,12
2025-04-12 23:15:00+00:00,3244.0,3245.0,3244.0,3244.0,5.8331,2025,4,12
2025-04-12 23:20:00+00:00,3244.0,3245.0,3243.0,3244.0,20.1584,2025,4,12
2025-04-12 23:25:00+00:00,3244.0,3245.0,3244.0,3244.0,0.374,2025,4,12
2025-04-12 23:30:00+00:00,3244.0,3245.0,3244.0,3245.0,7.5661,2025,4,12
2025-04-12 23:35:00+00:00,3246.0,3246.0,3244.0,3244.0,10.3108,2025,4,12
2025-04-12 23:40:00+00:00,3245.0,3246.0,3244.0,3245.0,0.1273,2025,4,12
2025-04-12 23:45:00+00:00,3245.0,3246.0,3243.0,3243.0,31.2126,2025,4,12
2025-04-12 23:50:00+00:00,3243.0,3244.0,3243.0,3243.0,0.528,2025,4,12
2025-04-12 23:55:00+00:00,3243.0,3244.0,3242.0,3242.0,8.2563,2025,4,12
2025-04-13 00:00:00+00:00,3243.0,3245.0,3242.0,3244.0,3.7092,2025,4,13
2025-04-13 00:05:00+00:00,3245.0,3247.0,3244.0,3244.0,16.6716,2025,4,13
2025-04-13 00:10:00+00:00,3245.0,3245.0,3244.0,3245.0,0.6285,2025,4,13
2025-04-13 00:15:00+00:00,3244.0,3245.0,3243.0,3244.0,5.4068,2025,4,13
2025-04-13 00:20:00+00:00,3245.0,3245.0,3244.0,3245.0,0.833,2025,4,13
2025-04-13 00:25:00+00:00,3245.0,3246.0,3244.0,3245.0,2.2162,2025,4,13
2025-04-13 00:30:00+00:00,3246.0,3246.0,3244.0,3245.0,0.3873,2025,4,13
2025-04-13 00:35:00+00:00,3245.0,3246.0,3244.0,3245.0,1.6639,2025,4,13
2025-04-13 00:40:00+00:00,3246.0,3246.0,3245.0,3245.0,2.462,2025,4,13
2025-04-13 00:45:00+00:00,3245.0,3245.0,3244.0,3244.0,16.2332,2025,4,13
2025-04-13 00:50:00+00:00,3245.0,3245.0,3244.0,3245.0,4.4523,2025,4,13
2025-04-13 00:55:00+00:00,3245.0,3245.0,3244.0,3245.0,5.6859,2025,4,13
2025-04-13 01:00:00+00:00,3245.0,3247.0,3244.0,3246.0,7.5397,2025,4,13
2025-04-13 01:05:00+00:00,3246.0,3248.0,3245.0,3248.0,0.7508,2025,4,13
2025-04-13 01:10:00+00:00,3247.0,3248.0,3247.0,3247.0,0.3904,2025,4,13
2025-04-13 01:15:00+00:00,3247.0,3248.0,3246.0,3247.0,1.4933,2025,4,13
2025-04-13 01:20:00+00:00,3247.0,3248.0,3247.0,3247.0,2.0085,2025,4,13
2025-04-13 01:25:00+00:00,3248.0,3248.0,3247.0,3247.0,4.826,2025,4,13
2025-04-13 01:30:00+00:00,3246.0,3247.0,3246.0,3246.0,0.1175,2025,4,13
2025-04-13 01:35:00+00:00,3246.0,3247.0,3246.0,3247.0,0.5053,2025,4,13
2025-04-13 01:40:00+00:00,3247.0,3247.0,3246.0,3246.0,2.0333,2025,4,13
2025-04-13 01:45:00+00:00,3246.0,3246.0,3244.0,3245.0,8.8608,2025,4,13
2025-04-13 01:50:00+00:00,3245.0,3245.0,3242.0,3242.0,14.1996,2025,4,13
2025-04-13 01:55:00+00:00,3242.0,3243.0,3241.0,3243.0,25.6625,2025,4,13
2025-04-13 02:00:00+00:00,3243.0,3245.0,3243.0,3245.0,8.412,2025,4,13
2025-04-13 02:05:00+00:00,3244.0,3245.0,3244.0,3244.0,18.4386,2025,4,13
2025-04-13 02:10:00+00:00,3243.0,3244.0,3243.0,3244.0,1.1508,2025,4,13
2025-04-13 02:15:00+00:00,3243.0,3244.0,3243.0,3243.0,0.5375,2025,4,13
2025-04-13 02:20:00+00:00,3243.0,3244.0,3243.0,3244.0,5.0642,2025,4,13
2025-04-13 02:25:00+00:00,3244.0,3244.0,3243.0,3244.0,2.4666,2025,4,13
2025-04-13 02:30:00+00:00,3243.0,3244.0,3243.0,3243.0,8.8354,2025,4,13
2025-04-13 02:35:00+00:00,3243.0,3244.0,3242.0,3242.0,19.3834,2025,4,13
2025-04-13 02:40:00+00:00,3243.0,3244.0,3242.0,3244.0,6.085,2025,4,13
2025-04-13 02:45:00+00:00,3243.0,3245.0,3243.0,3244.0,3.548,2025,4,13
2025-04-13 02:50:00+00:00,3244.0,3245.0,3244.0,3245.0,1.2372,2025,4,13
2025-04-13 02:55:00+00:00,3244.0,3249.0,3244.0,3247.0,28.5341,2025,4,13
2025-04-13 03:00:00+00:00,3246.0,3247.0,3246.0,3247.0,0.3224,2025,4,13
2025-04-13 03:05:00+00:00,3247.0,3248.0,3247.0,3248.0,2.3347,2025,4,13
2025-04-13 03:10:00+00:00,3247.0,3248.0,3247.0,3248.0,2.8429,2025,4,13
2025-04-13 03:15:00+00:00,3248.0,3248.0,3246.0,3246.0,2.7644,2025,4,13
2025-04-13 03:20:00+00:00,3246.0,3247.0,3246.0,3247.0,2.9903,2025,4,13
2025-04-13 03:25:00+00:00,3247.0,3249.0,3246.0,3248.0,1.2016,2025,4,13
2025-04-13 03:30:00+00:00,3249.0,3251.0,3248.0,3249.0,10.2229,2025,4,13
2025-04-13 03:35:00+00:00,3249.0,3252.0,3249.0,3251.0,20.0845,2025,4,13
2025-04-13 03:40:00+00:00,3250.0,3252.0,3250.0,3251.0,5.8341,2025,4,13
2025-04-13 03:45:00+00:00,3251.0,3252.0,3250.0,3251.0,10.2153,2025,4,13
2025-04-13 03:50:00+00:00,3250.0,3251.0,3249.0,3249.0,6.6646,2025,4,13
2025-04-13 03:55:00+00:00,3249.0,3250.0,3246.0,3246.0,14.286,2025,4,13
2025-04-13 04:00:00+00:00,3247.0,3248.0,3246.0,3246.0,4.4029,2025,4,13
2025-04-13 04:05:00+00:00,3246.0,3247.0,3246.0,3246.0,0.8217,2025,4,13
2025-04-13 04:10:00+00:00,3246.0,3247.0,3245.0,3245.0,0.7512,2025,4,13
2025-04-13 04:15:00+00:00,3245.0,3246.0,3245.0,3245.0,1.7024,2025,4,13
2025-04-13 04:20:00+00:00,3245.0,3246.0,3245.0,3245.0,1.3491,2025,4,13
2025-04-13 04:25:00+00:00,3245.0,3246.0,3245.0,3245.0,6.4296,2025,4,13
2025-04-13 04:30:00+00:00,3246.0,3246.0,3244.0,3245.0,5.2835,2025,4,13
2025-04-13 04:35:00+00:00,3244.0,3245.0,3244.0,3244.0,0.3158,2025,4,13
2025-04-13 04:40:00+00:00,3245.0,3245.0,3244.0,3245.0,2.6052,2025,4,13
2025-04-13 04:45:00+00:00,3245.0,3245.0,3244.0,3244.0,0.8897,2025,4,13
2025-04-13 04:50:00+00:00,3244.0,3245.0,3244.0,3245.0,4.0233,2025,4,13
2025-04-13 04:55:00+00:00,3245.0,3245.0,3244.0,3245.0,0.327,2025,4,13
2025-04-13 05:00:00+00:00,3244.0,3247.0,3244.0,3246.0,6.7003,2025,4,13
2025-04-13 05:05:00+00:00,3247.0,3250.0,3246.0,3249.0,15.4787,2025,4,13
2025-04-13 05:10:00+00:00,3248.0,3250.0,3247.0,3248.0,10.2672,2025,4,13
2025-04-13 05:15:00+00:00,3248.0,3249.0,3247.0,3248.0,3.2697,2025,4,13
2025-04-13 05:20:00+00:00,3248.0,3248.0,3246.0,3246.0,6.1391,2025,4,13
2025-04-13 05:25:00+00:00,3246.0,3246.0,3245.0,3246.0,0.6464,2025,4,13
2025-04-13 05:30:00+00:00,3245.0,3246.0,3244.0,3245.0,6.2671,2025,4,13
2025-04-13 05:35:00+00:00,3245.0,3246.0,3244.0,3246.0,3.5769,2025,4,13
2025-04-13 05:40:00+00:00,3245.0,3246.0,3245.0,3246.0,0.2434,2025,4,13
2025-04-13 05:45:00+00:00,3246.0,3246.0,3245.0,3245.0,2.7587,2025,4,13
2025-04-13 05:50:00+00:00,3245.0,3246.0,3244.0,3245.0,4.31,2025,4,13
2025-04-13 05:55:00+00:00,3244.0,3247.0,3244.0,3246.0,3.5361,2025,4,13
2025-04-13 06:00:00+00:00,3246.0,3247.0,3246.0,3247.0,1.4804,2025,4,13
2025-04-13 06:05:00+00:00,3247.0,3247.0,3246.0,3247.0,0.3251,2025,4,13
2025-04-13 06:10:00+00:00,3247.0,3247.0,3246.0,3247.0,1.7808,2025,4,13
2025-04-13 06:15:00+00:00,3247.0,3249.0,3247.0,3249.0,2.5919,2025,4,13
2025-04-13 06:20:00+00:00,3249.0,3249.0,3248.0,3248.0,2.5594,2025,4,13
2025-04-13 06:25:00+00:00,3249.0,3251.0,3249.0,3251.0,3.652,2025,4,13
2025-04-13 06:30:00+00:00,3251.0,3253.0,3251.0,3253.0,2.7125,2025,4,13
2025-04-13 06:35:00+00:00,3253.0,3253.0,3252.0,3253.0,0.1018,2025,4,13
2025-04-13 06:40:00+00:00,3253.0,3253.0,3252.0,3252.0,0.1215,2025,4,13
2025-04-13 06:45:00+00:00,3253.0,3255.0,3253.0,3254.0,9.7317,2025,4,13
2025-04-13 06:50:00+00:00,3254.0,3258.0,3254.0,3258.0,47.3075,2025,4,13
2025-04-13 06:55:00+00:00,3257.0,3260.0,3257.0,3259.0,5.8142,2025,4,13
2025-04-13 07:00:00+00:00,3259.0,3260.0,3258.0,3258.0,6.0673,2025,4,13
2025-04-13 07:05:00+00:00,3258.0,3259.0,3255.0,3256.0,6.7421,2025,4,13
2025-04-13 07:10:00+00:00,3255.0,3255.0,3254.0,3255.0,0.6444,2025,4,13
2025-04-13 07:15:00+00:00,3255.0,3255.0,3252.0,3253.0,10.5312,2025,4,13
2025-04-13 07:20:00+00:00,3252.0,3253.0,3251.0,3251.0,2.0019,2025,4,13
2025-04-13 07:25:00+00:00,3252.0,3252.0,3251.0,3252.0,0.1764,2025,4,13
2025-04-13 07:30:00+00:00,3251.0,3252.0,3251.0,3252.0,0.1139,2025,4,13
2025-04-13 07:35:00+00:00,3251.0,3252.0,3251.0,3252.0,1.4496,2025,4,13
2025-04-13 07:40:00+00:00,3252.0,3252.0,3250.0,3250.0,7.3289,2025,4,13
2025-04-13 07:45:00+00:00,3251.0,3251.0,3250.0,3251.0,5.8863,2025,4,13
2025-04-13 07:50:00+00:00,3252.0,3252.0,3251.0,3252.0,0.8754,2025,4,13
2025-04-13 07:55:00+00:00,3251.0,3252.0,3251.0,3251.0,1.2245,2025,4,13
2025-04-13 08:00:00+00:00,3251.0,3252.0,3250.0,3250.0,16.6465,2025,4,13
2025-04-13 08:05:00+00:00,3250.0,3251.0,3250.0,3251.0,1.144,2025,4,13
2025-04-13 08:10:00+00:00,3250.0,3251.0,3250.0,3250.0,3.1584,2025,4,13
2025-04-13 08:15:00+00:00,3250.0,3250.0,3249.0,3249.0,2.6478,2025,4,13
2025-04-13 08:20:00+00:00,3249.0,3252.0,3249.0,3251.0,6.9563,2025,4,13
2025-04-13 08:25:00+00:00,3251.0,3252.0,3251.0,3252.0,0.8743,2025,4,13
2025-04-13 08:30:00+00:00,3252.0,3252.0,3250.0,3251.0,2.7814,2025,4,13
2025-04-13 08:35:00+00:00,3251.0,3251.0,3250.0,3251.0,0.9559,2025,4,13
2025-04-13 08:40:00+00:00,3251.0,3251.0,3250.0,3251.0,1.9798,2025,4,13
2025-04-13 08:45:00+00:00,3251.0,3251.0,3249.0,3250.0,10.438,2025,4,13
2025-04-13 08:50:00+00:00,3250.0,3250.0,3249.0,3250.0,9.8265,2025,4,13
2025-04-13 08:55:00+00:00,3250.0,3250.0,3249.0,3249.0,8.4857,2025,4,13
2025-04-13 09:00:00+00:00,3250.0,3252.0,3249.0,3252.0,79.846,2025,4,13
2025-04-13 09:05:00+00:00,3252.0,3252.0,3251.0,3252.0,0.7331,2025,4,13
2025-04-13 09:10:00+00:00,3251.0,3252.0,3251.0,3251.0,0.7856,2025,4,13
2025-04-13 09:15:00+00:00,3252.0,3256.0,3251.0,3255.0,47.0918,2025,4,13
2025-04-13 09:20:00+00:00,3254.0,3255.0,3250.0,3250.0,15.9367,2025,4,13
2025-04-13 09:25:00+00:00,3251.0,3252.0,3250.0,3250.0,37.0225,2025,4,13
2025-04-13 09:30:00+00:00,3250.0,3251.0,3247.0,3247.0,35.3333,2025,4,13
2025-04-13 09:35:00+00:00,3247.0,3249.0,3247.0,3248.0,21.1191,2025,4,13
2025-04-13 09:40:00+00:00,3249.0,3249.0,3248.0,3248.0,0.871,2025,4,13
2025-04-13 09:45:00+00:00,3248.0,3249.0,3247.0,3248.0,10.9176,2025,4,13
2025-04-13 09:50:00+00:00,3248.0,3248.0,3245.0,3246.0,42.2901,2025,4,13
2025-04-13 09:55:00+00:00,3245.0,3248.0,3245.0,3247.0,14.6195,2025,4,13
2025-04-13 10:00:00+00:00,3247.0,3247.0,3246.0,3247.0,0.7028,2025,4,13
2025-04-13 10:05:00+00:00,3247.0,3247.0,3244.0,3245.0,4.2287,2025,4,13
2025-04-13 10:10:00+00:00,3244.0,3245.0,3244.0,3244.0,2.6025,2025,4,13
2025-04-13 10:15:00+00:00,3244.0,3245.0,3244.0,3245.0,12.9583,2025,4,13
2025-04-13 10:20:00+00:00,3245.0,3246.0,3245.0,3246.0,1.839,2025,4,13
2025-04-13 10:25:00+00:00,3245.0,3246.0,3245.0,3246.0,4.686,2025,4,13
2025-04-13 10:30:00+00:00,3246.0,3246.0,3244.0,3245.0,10.9205,2025,4,13
2025-04-13 10:35:00+00:00,3244.0,3245.0,3244.0,3245.0,1.9126,2025,4,13
2025-04-13 10:40:00+00:00,3244.0,3245.0,3244.0,3244.0,1.6886,2025,4,13
2025-04-13 10:45:00+00:00,3244.0,3245.0,3243.0,3244.0,8.8323,2025,4,13
2025-04-13 10:50:00+00:00,3245.0,3247.0,3244.0,3247.0,37.4373,2025,4,13
2025-04-13 10:55:00+00:00,3247.0,3247.0,3246.0,3247.0,1.7304,2025,4,13
2025-04-13 11:00:00+00:00,3247.0,3248.0,3246.0,3248.0,4.4121,2025,4,13
2025-04-13 11:05:00+00:00,3248.0,3248.0,3247.0,3247.0,5.6194,2025,4,13
2025-04-13 11:10:00+00:00,3248.0,3249.0,3247.0,3248.0,6.3621,2025,4,13
2025-04-13 11:15:00+00:00,3249.0,3249.0,3246.0,3246.0,14.3559,2025,4,13
2025-04-13 11:20:00+00:00,3247.0,3249.0,3246.0,3249.0,8.4767,2025,4,13
2025-04-13 11:25:00+00:00,3249.0,3249.0,3247.0,3248.0,4.1015,2025,4,13
2025-04-13 11:30:00+00:00,3247.0,3247.0,3246.0,3246.0,3.6393,2025,4,13
2025-04-13 11:35:00+00:00,3247.0,3247.0,3246.0,3247.0,1.1995,2025,4,13
2025-04-13 11:40:00+00:00,3246.0,3247.0,3246.0,3247.0,2.1148,2025,4,13
2025-04-13 11:45:00+00:00,3247.0,3248.0,3246.0,3247.0,9.8535,2025,4,13
2025-04-13 11:50:00+00:00,3247.0,3247.0,3245.0,3245.0,22.1081,2025,4,13
2025-04-13 11:55:00+00:00,3246.0,3246.0,3244.0,3244.0,11.7245,2025,4,13
2025-04-13 12:00:00+00:00,3245.0,3245.0,3244.0,3245.0,2.6968,2025,4,13
2025-04-13 12:05:00+00:00,3245.0,3245.0,3244.0,3245.0,1.3015,2025,4,13
2025-04-13 12:10:00+00:00,3245.0,3245.0,3244.0,3245.0,0.8163,2025,4,13
2025-04-13 12:15:00+00:00,3244.0,3245.0,3244.0,3245.0,0.6073,2025,4,13
2025-04-13 12:20:00+00:00,3244.0,3245.0,3244.0,3245.0,1.9812,2025,4,13
2025-04-13 12:25:00+00:00,3244.0,3245.0,3244.0,3245.0,4.2234,2025,4,13
2025-04-13 12:30:00+00:00,3244.0,3245.0,3244.0,3245.0,6.5705,2025,4,13
2025-04-13 12:35:00+00:00,3244.0,3245.0,3244.0,3245.0,1.8844,2025,4,13
2025-04-13 12:40:00+00:00,3244.0,3245.0,3244.0,3245.0,6.1721,2025,4,13
2025-04-13 12:45:00+00:00,3244.0,3245.0,3244.0,3245.0,6.9174,2025,4,13
2025-04-13 12:50:00+00:00,3245.0,3245.0,3243.0,3243.0,21.4978,2025,4,13
2025-04-13 12:55:00+00:00,3243.0,3244.0,3243.0,3243.0,6.1107,2025,4,13
2025-04-13 13:00:00+00:00,3243.0,3244.0,3243.0,3243.0,6.5279,2025,4,13
2025-04-13 13:05:00+00:00,3244.0,3245.0,3243.0,3245.0,9.3023,2025,4,13
2025-04-13 13:10:00+00:00,3245.0,3246.0,3244.0,3246.0,31.7356,2025,4,13
2025-04-13 13:15:00+00:00,3245.0,3246.0,3244.0,3244.0,6.5443,2025,4,13
2025-04-13 13:20:00+00:00,3245.0,3245.0,3243.0,3243.0,3.6131,2025,4,13
2025-04-13 13:25:00+00:00,3244.0,3244.0,3243.0,3244.0,11.2566,2025,4,13
2025-04-13 13:30:00+00:00,3244.0,3244.0,3242.0,3242.0,19.0458,2025,4,13
2025-04-13 13:35:00+00:00,3242.0,3245.0,3242.0,3245.0,11.6222,2025,4,13
2025-04-13 13:40:00+00:00,3244.0,3245.0,3242.0,3243.0,27.652,2025,4,13
2025-04-13 13:45:00+00:00,3242.0,3245.0,3242.0,3245.0,13.9068,2025,4,13
2025-04-13 13:50:00+00:00,3244.0,3245.0,3241.0,3243.0,22.8858,2025,4,13
2025-04-13 13:55:00+00:00,3243.0,3243.0,3241.0,3242.0,13.7293,2025,4,13
2025-04-13 14:00:00+00:00,3241.0,3242.0,3239.0,3240.0,27.0022,2025,4,13
2025-04-13 14:05:00+00:00,3241.0,3241.0,3240.0,3241.0,3.4734,2025,4,13
2025-04-13 14:10:00+00:00,3241.0,3244.0,3240.0,3243.0,27.2987,2025,4,13
2025-04-13 14:15:00+00:00,3243.0,3245.0,3243.0,3244.0,13.6084,2025,4,13
2025-04-13 14:20:00+00:00,3245.0,3245.0,3244.0,3245.0,6.559,2025,4,13
2025-04-13 14:25:00+00:00,3245.0,3249.0,3244.0,3248.0,67.6722,2025,4,13
2025-04-13 14:30:00+00:00,3248.0,3248.0,3247.0,3247.0,2.0271,2025,4,13
2025-04-13 14:35:00+00:00,3247.0,3255.0,3247.0,3255.0,105.6445,2025,4,13
2025-04-13 14:40:00+00:00,3254.0,3255.0,3251.0,3251.0,7.2629,2025,4,13
2025-04-13 14:45:00+00:00,3252.0,3252.0,3247.0,3252.0,21.0622,2025,4,13
2025-04-13 14:50:00+00:00,3252.0,3254.0,3251.0,3253.0,8.3948,2025,4,13
2025-04-13 14:55:00+00:00,3254.0,3254.0,3251.0,3252.0,8.0478,2025,4,13
2025-04-13 15:00:00+00:00,3252.0,3252.0,3247.0,3248.0,14.7562,2025,4,13
2025-04-13 15:05:00+00:00,3248.0,3252.0,3248.0,3251.0,1.9738,2025,4,13
2025-04-13 15:10:00+00:00,3252.0,3254.0,3251.0,3254.0,6.979,2025,4,13
2025-04-13 15:15:00+00:00,3254.0,3255.0,3251.0,3253.0,20.9719,2025,4,13
2025-04-13 15:20:00+00:00,3253.0,3253.0,3252.0,3253.0,2.7621,2025,4,13
2025-04-13 15:25:00+00:00,3253.0,3254.0,3250.0,3252.0,21.5987,2025,4,13
2025-04-13 15:30:00+00:00,3252.0,3252.0,3249.0,3250.0,10.2007,2025,4,13
2025-04-13 15:35:00+00:00,3250.0,3258.0,3250.0,3257.0,187.5483,2025,4,13
2025-04-13 15:40:00+00:00,3257.0,3259.0,3255.0,3258.0,14.0084,2025,4,13
2025-04-13 15:45:00+00:00,3259.0,3264.0,3258.0,3261.0,143.4151,2025,4,13
2025-04-13 15:50:00+00:00,3262.0,3262.0,3258.0,3258.0,22.7542,2025,4,13
2025-04-13 15:55:00+00:00,3259.0,3267.0,3258.0,3266.0,107.3878,2025,4,13
2025-04-13 16:00:00+00:00,3266.0,3272.0,3265.0,3272.0,57.2634,2025,4,13
2025-04-13 16:05:00+00:00,3271.0,3271.0,3265.0,3270.0,55.4438,2025,4,13
2025-04-13 16:10:00+00:00,3269.0,3270.0,3266.0,3267.0,3.6869,2025,4,13
2025-04-13 16:15:00+00:00,3266.0,3269.0,3266.0,3268.0,13.1602,2025,4,13
2025-04-13 16:20:00+00:00,3269.0,3269.0,3265.0,3265.0,9.0798,2025,4,13
2025-04-13 16:25:00+00:00,3265.0,3269.0,3265.0,3268.0,35.9148,2025,4,13
2025-04-13 16:30:00+00:00,3268.0,3269.0,3266.0,3268.0,9.6355,2025,4,13
2025-04-13 16:35:00+00:00,3268.0,3268.0,3266.0,3266.0,5.9867,2025,4,13
2025-04-13 16:40:00+00:00,3266.0,3267.0,3266.0,3267.0,5.3861,2025,4,13
2025-04-13 16:45:00+00:00,3267.0,3267.0,3265.0,3267.0,21.3053,2025,4,13
2025-04-13 16:50:00+00:00,3266.0,3270.0,3265.0,3267.0,28.1902,2025,4,13
2025-04-13 16:55:00+00:00,3267.0,3267.0,3265.0,3266.0,18.1424,2025,4,13
2025-04-13 17:00:00+00:00,3266.0,3268.0,3266.0,3266.0,22.9405,2025,4,13
2025-04-13 17:05:00+00:00,3266.0,3268.0,3265.0,3267.0,22.4904,2025,4,13
2025-04-13 17:10:00+00:00,3267.0,3268.0,3265.0,3266.0,8.2041,2025,4,13
2025-04-13 17:15:00+00:00,3266.0,3269.0,3265.0,3269.0,33.407,2025,4,13
2025-04-13 17:20:00+00:00,3269.0,3271.0,3265.0,3266.0,25.555,2025,4,13
2025-04-13 17:25:00+00:00,3265.0,3267.0,3265.0,3265.0,32.3327,2025,4,13
2025-04-13 17:30:00+00:00,3266.0,3266.0,3265.0,3265.0,7.8035,2025,4,13
2025-04-13 17:35:00+00:00,3265.0,3266.0,3258.0,3259.0,25.8905,2025,4,13
2025-04-13 17:40:00+00:00,3259.0,3260.0,3258.0,3258.0,2.8787,2025,4,13
2025-04-13 17:45:00+00:00,3259.0,3263.0,3259.0,3263.0,17.5279,2025,4,13
2025-04-13 17:50:00+00:00,3262.0,3264.0,3262.0,3263.0,10.4884,2025,4,13
2025-04-13 17:55:00+00:00,3263.0,3263.0,3260.0,3261.0,4.1664,2025,4,13
2025-04-13 18:00:00+00:00,3260.0,3262.0,3259.0,3261.0,5.5675,2025,4,13
2025-04-13 18:05:00+00:00,3261.0,3263.0,3260.0,3263.0,4.4873,2025,4,13
2025-04-13 18:10:00+00:00,3262.0,3264.0,3262.0,3262.0,8.3715,2025,4,13
2025-04-13 18:15:00+00:00,3263.0,3263.0,3260.0,3260.0,4.9421,2025,4,13
2025-04-13 18:20:00+00:00,3260.0,3261.0,3259.0,3261.0,2.923,2025,4,13
2025-04-13 18:25:00+00:00,3261.0,3261.0,3260.0,3261.0,2.6174,2025,4,13
2025-04-13 18:30:00+00:00,3260.0,3262.0,3260.0,3261.0,6.1417,2025,4,13
2025-04-13 18:35:00+00:00,3260.0,3261.0,3260.0,3261.0,1.7726,2025,4,13
2025-04-13 18:40:00+00:00,3260.0,3261.0,3259.0,3260.0,1.0444,2025,4,13
2025-04-13 18:45:00+00:00,3260.0,3260.0,3258.0,3259.0,5.4049,2025,4,13
2025-04-13 18:50:00+00:00,3259.0,3260.0,3259.0,3259.0,1.7701,2025,4,13
2025-04-13 18:55:00+00:00,3259.0,3260.0,3254.0,3257.0,23.4973,2025,4,13
2025-04-13 19:00:00+00:00,3257.0,3257.0,3256.0,3256.0,1.8308,2025,4,13
2025-04-13 19:05:00+00:00,3257.0,3258.0,3256.0,3258.0,6.1311,2025,4,13
2025-04-13 19:10:00+00:00,3257.0,3258.0,3257.0,3258.0,2.1452,2025,4,13
2025-04-13 19:15:00+00:00,3258.0,3261.0,3257.0,3261.0,8.3339,2025,4,13
2025-04-13 19:20:00+00:00,3261.0,3265.0,3260.0,3262.0,11.4301,2025,4,13
2025-04-13 19:25:00+00:00,3261.0,3262.0,3261.0,3261.0,1.3091,2025,4,13
2025-04-13 19:30:00+00:00,3261.0,3265.0,3261.0,3261.0,11.227,2025,4,13
2025-04-13 19:35:00+00:00,3261.0,3261.0,3256.0,3257.0,24.1087,2025,4,13
2025-04-13 19:40:00+00:00,3257.0,3260.0,3255.0,3259.0,9.9126,2025,4,13
2025-04-13 19:45:00+00:00,3259.0,3263.0,3258.0,3263.0,8.685,2025,4,13
2025-04-13 19:50:00+00:00,3262.0,3263.0,3260.0,3261.0,11.0525,2025,4,13
2025-04-13 19:55:00+00:00,3261.0,3263.0,3260.0,3262.0,11.2753,2025,4,13
2025-04-13 20:00:00+00:00,3261.0,3265.0,3261.0,3264.0,17.483,2025,4,13
2025-04-13 20:05:00+00:00,3264.0,3265.0,3262.0,3263.0,10.8117,2025,4,13
2025-04-13 20:10:00+00:00,3264.0,3267.0,3261.0,3264.0,48.7782,2025,4,13
2025-04-13 20:15:00+00:00,3263.0,3266.0,3262.0,3265.0,24.8904,2025,4,13
2025-04-13 20:20:00+00:00,3265.0,3267.0,3264.0,3264.0,41.0195,2025,4,13
2025-04-13 20:25:00+00:00,3264.0,3264.0,3260.0,3262.0,24.1935,2025,4,13
2025-04-13 20:30:00+00:00,3261.0,3263.0,3261.0,3263.0,16.8688,2025,4,13
2025-04-13 20:35:00+00:00,3262.0,3264.0,3260.0,3264.0,18.4166,2025,4,13
2025-04-13 20:40:00+00:00,3263.0,3266.0,3263.0,3264.0,31.5147,2025,4,13
2025-04-13 20:45:00+00:00,3264.0,3264.0,3259.0,3260.0,15.0697,2025,4,13
2025-04-13 20:50:00+00:00,3261.0,3261.0,3257.0,3259.0,12.6452,2025,4,13
2025-04-13 20:55:00+00:00,3260.0,3262.0,3259.0,3259.0,28.2186,2025,4,13
2025-04-13 21:00:00+00:00,3260.0,3261.0,3259.0,3260.0,10.0703,2025,4,13
2025-04-13 21:05:00+00:00,3259.0,3261.0,3256.0,3260.0,24.8925,2025,4,13
2025-04-13 21:10:00+00:00,3260.0,3262.0,3258.0,3262.0,26.3065,2025,4,13
2025-04-13 21:15:00+00:00,3261.0,3262.0,3260.0,3261.0,10.8017,2025,4,13
2025-04-13 21:20:00+00:00,3260.0,3263.0,3260.0,3262.0,2.9109,2025,4,13
2025-04-13 21:25:00+00:00,3261.0,3264.0,3261.0,3264.0,17.4606,2025,4,13
2025-04-13 21:30:00+00:00,3263.0,3264.0,3260.0,3261.0,24.3415,2025,4,13
2025-04-13 21:35:00+00:00,3261.0,3263.0,3258.0,3260.0,23.8743,2025,4,13
2025-04-13 21:40:00+00:00,3260.0,3262.0,3259.0,3260.0,8.9691,2025,4,13
2025-04-13 21:45:00+00:00,3260.0,3266.0,3260.0,3263.0,12.8033,2025,4,13
2025-04-13 21:50:00+00:00,3263.0,3264.0,3261.0,3261.0,18.4145,2025,4,13
2025-04-13 21:55:00+00:00,3262.0,3264.0,3260.0,3260.0,13.3366,2025,4,13
2025-04-13 22:00:00+00:00,3261.0,3265.0,3245.0,3249.0,249.9248,2025,4,13
2025-04-13 22:05:00+00:00,3249.0,3250.0,3243.0,3250.0,61.0711,2025,4,13
2025-04-13 22:10:00+00:00,3249.0,3254.0,3249.0,3253.0,25.7633,2025,4,13
2025-04-13 22:15:00+00:00,3252.0,3252.0,3245.0,3247.0,26.9459,2025,4,13
2025-04-13 22:20:00+00:00,3248.0,3250.0,3247.0,3247.0,4.9662,2025,4,13
2025-04-13 22:25:00+00:00,3248.0,3248.0,3245.0,3247.0,18.0505,2025,4,13
2025-04-13 22:30:00+00:00,3247.0,3250.0,3245.0,3246.0,15.7212,2025,4,13
2025-04-13 22:35:00+00:00,3245.0,3248.0,3243.0,3245.0,16.0919,2025,4,13
2025-04-13 22:40:00+00:00,3246.0,3248.0,3245.0,3246.0,10.7623,2025,4,13
2025-04-13 22:45:00+00:00,3245.0,3248.0,3245.0,3247.0,4.3875,2025,4,13
2025-04-13 22:50:00+00:00,3248.0,3248.0,3247.0,3247.0,1.586,2025,4,13
2025-04-13 22:55:00+00:00,3247.0,3248.0,3244.0,3245.0,10.0492,2025,4,13
2025-04-13 23:00:00+00:00,3245.0,3247.0,3242.0,3242.0,4.6449,2025,4,13
2025-04-13 23:05:00+00:00,3243.0,3245.0,3243.0,3244.0,5.0392,2025,4,13
2025-04-13 23:10:00+00:00,3245.0,3246.0,3244.0,3246.0,14.098,2025,4,13
2025-04-13 23:15:00+00:00,3246.0,3248.0,3244.0,3244.0,11.9137,2025,4,13
2025-04-13 23:20:00+00:00,3244.0,3245.0,3243.0,3244.0,8.5844,2025,4,13
2025-04-13 23:25:00+00:00,3244.0,3244.0,3243.0,3243.0,1.6565,2025,4,13
2025-04-13 23:30:00+00:00,3243.0,3244.0,3243.0,3243.0,1.2021,2025,4,13
2025-04-13 23:35:00+00:00,3243.0,3246.0,3243.0,3246.0,18.0389,2025,4,13
2025-04-13 23:40:00+00:00,3246.0,3246.0,3244.0,3244.0,1.917,2025,4,13
2025-04-13 23:45:00+00:00,3245.0,3246.0,3243.0,3246.0,9.1886,2025,4,13
2025-04-13 23:50:00+00:00,3246.0,3248.0,3246.0,3246.0,13.8006,2025,4,13
2025-04-13 23:55:00+00:00,3247.0,3249.0,3246.0,3247.0,7.436,2025,4,13
2025-04-14 00:00:00+00:00,3248.0,3249.0,3247.0,3247.0,3.2443,2025,4,14
2025-04-14 00:05:00+00:00,3248.0,3250.0,3247.0,3248.0,11.4599,2025,4,14
2025-04-14 00:10:00+00:00,3249.0,3250.0,3248.0,3249.0,11.946,2025,4,14
2025-04-14 00:15:00+00:00,3248.0,3250.0,3248.0,3250.0,9.1519,2025,4,14
2025-04-14 00:20:00+00:00,3249.0,3255.0,3247.0,3249.0,50.5904,2025,4,14
2025-04-14 00:25:00+00:00,3249.0,3249.0,3247.0,3248.0,12.9347,2025,4,14
2025-04-14 00:30:00+00:00,3248.0,3252.0,3248.0,3249.0,24.7344,2025,4,14
2025-04-14 00:35:00+00:00,3249.0,3249.0,3248.0,3249.0,6.7002,2025,4,14
2025-04-14 00:40:00+00:00,3249.0,3249.0,3247.0,3247.0,4.7596,2025,4,14
2025-04-14 00:45:00+00:00,3248.0,3248.0,3244.0,3245.0,41.9816,2025,4,14
2025-04-14 00:50:00+00:00,3246.0,3247.0,3245.0,3246.0,15.5696,2025,4,14
2025-04-14 00:55:00+00:00,3246.0,3246.0,3245.0,3246.0,1.8828,2025,4,14
2025-04-14 01:00:00+00:00,3245.0,3246.0,3243.0,3243.0,14.6663,2025,4,14
2025-04-14 01:05:00+00:00,3243.0,3244.0,3242.0,3244.0,21.3834,2025,4,14
2025-04-14 01:10:00+00:00,3243.0,3245.0,3240.0,3240.0,62.5213,2025,4,14
2025-04-14 01:15:00+00:00,3242.0,3243.0,3241.0,3243.0,9.5973,2025,4,14
2025-04-14 01:20:00+00:00,3244.0,3251.0,3243.0,3251.0,38.8795,2025,4,14
2025-04-14 01:25:00+00:00,3251.0,3254.0,3250.0,3254.0,19.729,2025,4,14
2025-04-14 01:30:00+00:00,3253.0,3259.0,3250.0,3258.0,23.0604,2025,4,14
2025-04-14 01:35:00+00:00,3258.0,3261.0,3257.0,3261.0,13.6386,2025,4,14
2025-04-14 01:40:00+00:00,3261.0,3263.0,3260.0,3262.0,11.0002,2025,4,14
2025-04-14 01:45:00+00:00,3261.0,3264.0,3261.0,3264.0,7.0241,2025,4,14
2025-04-14 01:50:00+00:00,3264.0,3264.0,3261.0,3264.0,6.1429,2025,4,14
2025-04-14 01:55:00+00:00,3264.0,3266.0,3264.0,3266.0,12.9898,2025,4,14
2025-04-14 02:00:00+00:00,3265.0,3271.0,3265.0,3270.0,50.6156,2025,4,14
2025-04-14 02:05:00+00:00,3270.0,3270.0,3267.0,3270.0,62.4442,2025,4,14
2025-04-14 02:10:00+00:00,3270.0,3272.0,3269.0,3272.0,51.6985,2025,4,14
2025-04-14 02:15:00+00:00,3272.0,3272.0,3265.0,3267.0,44.2543,2025,4,14
2025-04-14 02:20:00+00:00,3268.0,3268.0,3266.0,3268.0,3.1298,2025,4,14
2025-04-14 02:25:00+00:00,3268.0,3268.0,3249.0,3265.0,164.6568,2025,4,14
2025-04-14 02:30:00+00:00,3265.0,3271.0,3265.0,3266.0,19.3092,2025,4,14
2025-04-14 02:35:00+00:00,3267.0,3269.0,3264.0,3266.0,25.7993,2025,4,14
2025-04-14 02:40:00+00:00,3265.0,3266.0,3261.0,3262.0,7.1028,2025,4,14
2025-04-14 02:45:00+00:00,3261.0,3262.0,3256.0,3261.0,122.6834,2025,4,14
2025-04-14 02:50:00+00:00,3260.0,3262.0,3255.0,3257.0,36.3714,2025,4,14
2025-04-14 02:55:00+00:00,3256.0,3257.0,3254.0,3255.0,14.5754,2025,4,14
2025-04-14 03:00:00+00:00,3255.0,3256.0,3253.0,3255.0,11.0711,2025,4,14
2025-04-14 03:05:00+00:00,3256.0,3257.0,3255.0,3257.0,20.4859,2025,4,14
2025-04-14 03:10:00+00:00,3257.0,3257.0,3255.0,3257.0,47.509,2025,4,14
2025-04-14 03:15:00+00:00,3256.0,3257.0,3254.0,3255.0,14.5389,2025,4,14
2025-04-14 03:20:00+00:00,3256.0,3257.0,3255.0,3256.0,27.2043,2025,4,14
2025-04-14 03:25:00+00:00,3257.0,3257.0,3255.0,3256.0,19.7625,2025,4,14
2025-04-14 03:30:00+00:00,3256.0,3257.0,3255.0,3256.0,10.6599,2025,4,14
2025-04-14 03:35:00+00:00,3256.0,3257.0,3254.0,3255.0,11.3298,2025,4,14
2025-04-14 03:40:00+00:00,3255.0,3257.0,3255.0,3256.0,4.9452,2025,4,14
2025-04-14 03:45:00+00:00,3256.0,3261.0,3256.0,3259.0,18.4261,2025,4,14
2025-04-14 03:50:00+00:00,3259.0,3261.0,3259.0,3259.0,6.7825,2025,4,14
2025-04-14 03:55:00+00:00,3259.0,3262.0,3259.0,3260.0,22.334,2025,4,14
2025-04-14 04:00:00+00:00,3259.0,3259.0,3256.0,3258.0,8.483,2025,4,14
2025-04-14 04:05:00+00:00,3258.0,3261.0,3258.0,3261.0,5.5596,2025,4,14
2025-04-14 04:10:00+00:00,3261.0,3262.0,3256.0,3258.0,18.4497,2025,4,14
2025-04-14 04:15:00+00:00,3259.0,3261.0,3258.0,3260.0,5.0885,2025,4,14
2025-04-14 04:20:00+00:00,3261.0,3261.0,3259.0,3260.0,6.7108,2025,4,14
2025-04-14 04:25:00+00:00,3259.0,3260.0,3255.0,3256.0,27.3482,2025,4,14
2025-04-14 04:30:00+00:00,3256.0,3258.0,3251.0,3258.0,49.0439,2025,4,14
2025-04-14 04:35:00+00:00,3258.0,3260.0,3256.0,3257.0,19.7863,2025,4,14
2025-04-14 04:40:00+00:00,3256.0,3257.0,3253.0,3257.0,26.8822,2025,4,14
2025-04-14 04:45:00+00:00,3256.0,3257.0,3250.0,3250.0,19.8774,2025,4,14
2025-04-14 04:50:00+00:00,3251.0,3251.0,3247.0,3249.0,18.6857,2025,4,14
2025-04-14 04:55:00+00:00,3249.0,3249.0,3247.0,3248.0,9.0588,2025,4,14
2025-04-14 05:00:00+00:00,3247.0,3248.0,3246.0,3247.0,21.6196,2025,4,14
2025-04-14 05:05:00+00:00,3248.0,3249.0,3246.0,3248.0,26.0846,2025,4,14
2025-04-14 05:10:00+00:00,3248.0,3249.0,3248.0,3248.0,7.9178,2025,4,14
2025-04-14 05:15:00+00:00,3249.0,3252.0,3248.0,3248.0,14.9331,2025,4,14
2025-04-14 05:20:00+00:00,3248.0,3249.0,3247.0,3247.0,12.0104,2025,4,14
2025-04-14 05:25:00+00:00,3248.0,3248.0,3246.0,3247.0,5.1411,2025,4,14
2025-04-14 05:30:00+00:00,3247.0,3247.0,3242.0,3243.0,86.702,2025,4,14
2025-04-14 05:35:00+00:00,3244.0,3247.0,3242.0,3246.0,46.2485,2025,4,14
2025-04-14 05:40:00+00:00,3244.0,3247.0,3243.0,3243.0,46.037,2025,4,14
2025-04-14 05:45:00+00:00,3244.0,3248.0,3242.0,3247.0,33.5426,2025,4,14
2025-04-14 05:50:00+00:00,3246.0,3249.0,3246.0,3248.0,5.3572,2025,4,14
2025-04-14 05:55:00+00:00,3249.0,3255.0,3248.0,3254.0,20.307,2025,4,14
2025-04-14 06:00:00+00:00,3253.0,3255.0,3251.0,3252.0,13.9976,2025,4,14
2025-04-14 06:05:00+00:00,3252.0,3254.0,3252.0,3253.0,10.1363,2025,4,14
2025-04-14 06:10:00+00:00,3254.0,3254.0,3249.0,3250.0,12.0879,2025,4,14
2025-04-14 06:15:00+00:00,3251.0,3251.0,3248.0,3249.0,4.8862,2025,4,14
2025-04-14 06:20:00+00:00,3248.0,3252.0,3246.0,3252.0,60.4462,2025,4,14
2025-04-14 06:25:00+00:00,3253.0,3256.0,3252.0,3254.0,38.1709,2025,4,14
2025-04-14 06:30:00+00:00,3255.0,3255.0,3250.0,3255.0,2.9766,2025,4,14
2025-04-14 06:35:00+00:00,3255.0,3255.0,3253.0,3254.0,2.3473,2025,4,14
2025-04-14 06:40:00+00:00,3254.0,3254.0,3253.0,3254.0,11.5101,2025,4,14
2025-04-14 06:45:00+00:00,3254.0,3255.0,3252.0,3253.0,13.8395,2025,4,14
2025-04-14 06:50:00+00:00,3253.0,3253.0,3252.0,3253.0,12.608,2025,4,14
2025-04-14 06:55:00+00:00,3253.0,3255.0,3252.0,3255.0,17.0533,2025,4,14
2025-04-14 07:00:00+00:00,3255.0,3255.0,3251.0,3253.0,52.8788,2025,4,14
2025-04-14 07:05:00+00:00,3253.0,3255.0,3251.0,3253.0,40.6053,2025,4,14
2025-04-14 07:10:00+00:00,3253.0,3258.0,3252.0,3255.0,45.9693,2025,4,14
2025-04-14 07:15:00+00:00,3256.0,3257.0,3251.0,3253.0,62.9484,2025,4,14
2025-04-14 07:20:00+00:00,3253.0,3255.0,3252.0,3254.0,7.971,2025,4,14
2025-04-14 07:25:00+00:00,3253.0,3255.0,3252.0,3255.0,9.3702,2025,4,14
2025-04-14 07:30:00+00:00,3254.0,3258.0,3254.0,3257.0,9.342,2025,4,14
2025-04-14 07:35:00+00:00,3256.0,3257.0,3254.0,3254.0,6.3356,2025,4,14
2025-04-14 07:40:00+00:00,3255.0,3255.0,3248.0,3253.0,159.9858,2025,4,14
2025-04-14 07:45:00+00:00,3254.0,3254.0,3251.0,3252.0,6.82,2025,4,14
2025-04-14 07:50:00+00:00,3252.0,3252.0,3250.0,3251.0,2.2408,2025,4,14
2025-04-14 07:55:00+00:00,3251.0,3254.0,3249.0,3252.0,37.9813,2025,4,14
2025-04-14 08:00:00+00:00,3252.0,3253.0,3247.0,3247.0,23.1829,2025,4,14
2025-04-14 08:05:00+00:00,3247.0,3248.0,3243.0,3244.0,22.7306,2025,4,14
2025-04-14 08:10:00+00:00,3244.0,3246.0,3243.0,3243.0,16.4454,2025,4,14
2025-04-14 08:15:00+00:00,3244.0,3245.0,3242.0,3242.0,4.909,2025,4,14
2025-04-14 08:20:00+00:00,3242.0,3245.0,3241.0,3244.0,10.3769,2025,4,14
2025-04-14 08:25:00+00:00,3245.0,3245.0,3243.0,3245.0,5.6577,2025,4,14
2025-04-14 08:30:00+00:00,3244.0,3248.0,3244.0,3247.0,13.3568,2025,4,14
2025-04-14 08:35:00+00:00,3246.0,3247.0,3245.0,3246.0,6.1488,2025,4,14
2025-04-14 08:40:00+00:00,3247.0,3247.0,3244.0,3245.0,9.3997,2025,4,14
2025-04-14 08:45:00+00:00,3244.0,3248.0,3243.0,3247.0,17.1589,2025,4,14
2025-04-14 08:50:00+00:00,3246.0,3250.0,3245.0,3246.0,18.8288,2025,4,14
2025-04-14 08:55:00+00:00,3246.0,3249.0,3244.0,3249.0,6.9829,2025,4,14
2025-04-14 09:00:00+00:00,3248.0,3250.0,3247.0,3248.0,14.5502,2025,4,14
2025-04-14 09:05:00+00:00,3248.0,3249.0,3245.0,3248.0,10.7349,2025,4,14
2025-04-14 09:10:00+00:00,3247.0,3250.0,3247.0,3248.0,14.1793,2025,4,14
2025-04-14 09:15:00+00:00,3248.0,3252.0,3248.0,3250.0,3.749,2025,4,14
2025-04-14 09:20:00+00:00,3251.0,3251.0,3246.0,3247.0,4.7929,2025,4,14
2025-04-14 09:25:00+00:00,3246.0,3247.0,3243.0,3244.0,11.8438,2025,4,14
2025-04-14 09:30:00+00:00,3244.0,3244.0,3241.0,3244.0,16.2306,2025,4,14
2025-04-14 09:35:00+00:00,3243.0,3244.0,3241.0,3244.0,7.0454,2025,4,14
2025-04-14 09:40:00+00:00,3243.0,3244.0,3242.0,3243.0,10.2964,2025,4,14
2025-04-14 09:45:00+00:00,3243.0,3244.0,3243.0,3244.0,10.6098,2025,4,14
2025-04-14 09:50:00+00:00,3244.0,3246.0,3243.0,3244.0,8.8837,2025,4,14
2025-04-14 09:55:00+00:00,3244.0,3244.0,3241.0,3242.0,13.3701,2025,4,14
2025-04-14 10:00:00+00:00,3242.0,3243.0,3241.0,3243.0,15.5276,2025,4,14
2025-04-14 10:05:00+00:00,3243.0,3243.0,3241.0,3242.0,16.0452,2025,4,14
2025-04-14 10:10:00+00:00,3242.0,3242.0,3240.0,3242.0,9.079,2025,4,14
2025-04-14 10:15:00+00:00,3241.0,3243.0,3240.0,3243.0,16.6168,2025,4,14
2025-04-14 10:20:00+00:00,3242.0,3243.0,3221.0,3228.0,162.9552,2025,4,14
2025-04-14 10:25:00+00:00,3228.0,3234.0,3227.0,3232.0,18.8715,2025,4,14
2025-04-14 10:30:00+00:00,3231.0,3233.0,3230.0,3230.0,29.4858,2025,4,14
2025-04-14 10:35:00+00:00,3230.0,3233.0,3229.0,3230.0,8.4076,2025,4,14
2025-04-14 10:40:00+00:00,3230.0,3233.0,3230.0,3230.0,25.2636,2025,4,14
2025-04-14 10:45:00+00:00,3230.0,3231.0,3228.0,3229.0,8.3115,2025,4,14
2025-04-14 10:50:00+00:00,3229.0,3233.0,3229.0,3231.0,19.3746,2025,4,14
2025-04-14 10:55:00+00:00,3233.0,3234.0,3231.0,3234.0,9.2412,2025,4,14
2025-04-14 11:00:00+00:00,3234.0,3235.0,3233.0,3233.0,11.6062,2025,4,14
2025-04-14 11:05:00+00:00,3234.0,3240.0,3234.0,3240.0,20.0845,2025,4,14
2025-04-14 11:10:00+00:00,3240.0,3243.0,3239.0,3242.0,26.5776,2025,4,14
2025-04-14 11:15:00+00:00,3241.0,3244.0,3241.0,3243.0,6.0252,2025,4,14
2025-04-14 11:20:00+00:00,3243.0,3245.0,3242.0,3243.0,9.9664,2025,4,14
2025-04-14 11:25:00+00:00,3244.0,3245.0,3241.0,3242.0,6.4058,2025,4,14
2025-04-14 11:30:00+00:00,3241.0,3244.0,3241.0,3244.0,3.2249,2025,4,14
2025-04-14 11:35:00+00:00,3243.0,3244.0,3241.0,3241.0,4.0743,2025,4,14
2025-04-14 11:40:00+00:00,3241.0,3248.0,3241.0,3245.0,29.0281,2025,4,14
2025-04-14 11:45:00+00:00,3245.0,3246.0,3245.0,3246.0,1.2565,2025,4,14
2025-04-14 11:50:00+00:00,3245.0,3246.0,3243.0,3243.0,1.9582,2025,4,14
2025-04-14 11:55:00+00:00,3243.0,3244.0,3241.0,3242.0,2.1977,2025,4,14
2025-04-14 12:00:00+00:00,3242.0,3244.0,3241.0,3244.0,2.2086,2025,4,14
2025-04-14 12:05:00+00:00,3243.0,3246.0,3242.0,3243.0,4.8544,2025,4,14
2025-04-14 12:10:00+00:00,3242.0,3244.0,3241.0,3244.0,10.1479,2025,4,14
2025-04-14 12:15:00+00:00,3244.0,3244.0,3241.0,3244.0,4.2586,2025,4,14
2025-04-14 12:20:00+00:00,3244.0,3245.0,3239.0,3240.0,14.8115,2025,4,14
2025-04-14 12:25:00+00:00,3239.0,3240.0,3233.0,3234.0,21.7801,2025,4,14
2025-04-14 12:30:00+00:00,3234.0,3234.0,3232.0,3233.0,2.4189,2025,4,14
2025-04-14 12:35:00+00:00,3233.0,3233.0,3230.0,3232.0,9.0993,2025,4,14
2025-04-14 12:40:00+00:00,3231.0,3232.0,3225.0,3226.0,27.1441,2025,4,14
2025-04-14 12:45:00+00:00,3227.0,3230.0,3227.0,3230.0,6.1139,2025,4,14
2025-04-14 12:50:00+00:00,3230.0,3231.0,3227.0,3228.0,10.297,2025,4,14
2025-04-14 12:55:00+00:00,3228.0,3228.0,3225.0,3226.0,21.0038,2025,4,14
2025-04-14 13:00:00+00:00,3225.0,3231.0,3225.0,3230.0,14.8153,2025,4,14
2025-04-14 13:05:00+00:00,3230.0,3230.0,3225.0,3225.0,2.6658,2025,4,14
2025-04-14 13:10:00+00:00,3225.0,3225.0,3218.0,3220.0,61.2338,2025,4,14
2025-04-14 13:15:00+00:00,3221.0,3225.0,3218.0,3221.0,27.8716,2025,4,14
2025-04-14 13:20:00+00:00,3220.0,3222.0,3219.0,3220.0,23.9212,2025,4,14
2025-04-14 13:25:00+00:00,3220.0,3223.0,3217.0,3222.0,45.817,2025,4,14
2025-04-14 13:30:00+00:00,3222.0,3222.0,3212.0,3215.0,59.7513,2025,4,14
2025-04-14 13:35:00+00:00,3215.0,3217.0,3211.0,3217.0,113.0704,2025,4,14
2025-04-14 13:40:00+00:00,3216.0,3226.0,3216.0,3224.0,21.6984,2025,4,14
2025-04-14 13:45:00+00:00,3225.0,3228.0,3224.0,3224.0,16.1276,2025,4,14
2025-04-14 13:50:00+00:00,3225.0,3227.0,3225.0,3225.0,10.6771,2025,4,14
2025-04-14 13:55:00+00:00,3226.0,3226.0,3222.0,3222.0,1.835,2025,4,14
2025-04-14 14:00:00+00:00,3222.0,3223.0,3220.0,3220.0,11.4545,2025,4,14
2025-04-14 14:05:00+00:00,3221.0,3221.0,3217.0,3219.0,25.3173,2025,4,14
2025-04-14 14:10:00+00:00,3220.0,3224.0,3219.0,3224.0,30.1231,2025,4,14
2025-04-14 14:15:00+00:00,3223.0,3224.0,3221.0,3221.0,5.2685,2025,4,14
2025-04-14 14:20:00+00:00,3221.0,3224.0,3221.0,3223.0,2.0002,2025,4,14
2025-04-14 14:25:00+00:00,3223.0,3223.0,3217.0,3219.0,32.367,2025,4,14
2025-04-14 14:30:00+00:00,3220.0,3224.0,3220.0,3223.0,13.7524,2025,4,14
2025-04-14 14:35:00+00:00,3224.0,3230.0,3223.0,3230.0,19.3216,2025,4,14
2025-04-14 14:40:00+00:00,3229.0,3230.0,3227.0,3228.0,7.7464,2025,4,14
2025-04-14 14:45:00+00:00,3227.0,3231.0,3226.0,3230.0,5.3576,2025,4,14
2025-04-14 14:50:00+00:00,3231.0,3233.0,3230.0,3233.0,8.7845,2025,4,14
2025-04-14 14:55:00+00:00,3233.0,3233.0,3228.0,3229.0,6.4326,2025,4,14
2025-04-14 15:00:00+00:00,3229.0,3229.0,3225.0,3226.0,6.1037,2025,4,14
2025-04-14 15:05:00+00:00,3226.0,3226.0,3224.0,3225.0,4.3563,2025,4,14
2025-04-14 15:10:00+00:00,3225.0,3226.0,3223.0,3224.0,9.9654,2025,4,14
2025-04-14 15:15:00+00:00,3223.0,3225.0,3223.0,3225.0,4.3872,2025,4,14
2025-04-14 15:20:00+00:00,3225.0,3227.0,3224.0,3225.0,4.7426,2025,4,14
2025-04-14 15:25:00+00:00,3225.0,3225.0,3223.0,3223.0,3.0951,2025,4,14
2025-04-14 15:30:00+00:00,3224.0,3225.0,3223.0,3223.0,5.0888,2025,4,14
2025-04-14 15:35:00+00:00,3224.0,3224.0,3218.0,3219.0,11.5523,2025,4,14
2025-04-14 15:40:00+00:00,3219.0,3220.0,3216.0,3216.0,21.7118,2025,4,14
2025-04-14 15:45:00+00:00,3217.0,3217.0,3215.0,3217.0,26.8738,2025,4,14
2025-04-14 15:50:00+00:00,3216.0,3217.0,3215.0,3217.0,5.3135,2025,4,14
2025-04-14 15:55:00+00:00,3217.0,3217.0,3215.0,3215.0,2.0994,2025,4,14
2025-04-14 16:00:00+00:00,3216.0,3219.0,3215.0,3218.0,5.1787,2025,4,14
2025-04-14 16:05:00+00:00,3218.0,3219.0,3218.0,3218.0,1.8134,2025,4,14
2025-04-14 16:10:00+00:00,3219.0,3220.0,3216.0,3218.0,11.9291,2025,4,14
2025-04-14 16:15:00+00:00,3218.0,3219.0,3217.0,3219.0,7.3652,2025,4,14
2025-04-14 16:20:00+00:00,3219.0,3223.0,3219.0,3223.0,18.3273,2025,4,14
2025-04-14 16:25:00+00:00,3223.0,3224.0,3221.0,3223.0,11.8957,2025,4,14
2025-04-14 16:30:00+00:00,3223.0,3224.0,3220.0,3223.0,14.5068,2025,4,14
2025-04-14 16:35:00+00:00,3223.0,3225.0,3223.0,3225.0,1.9565,2025,4,14
2025-04-14 16:40:00+00:00,3225.0,3227.0,3224.0,3225.0,10.6199,2025,4,14
2025-04-14 16:45:00+00:00,3225.0,3225.0,3223.0,3224.0,16.9194,2025,4,14
2025-04-14 16:50:00+00:00,3224.0,3224.0,3223.0,3224.0,0.1228,2025,4,14
2025-04-14 16:55:00+00:00,3224.0,3224.0,3221.0,3222.0,16.3404,2025,4,14
2025-04-14 17:00:00+00:00,3221.0,3225.0,3221.0,3224.0,6.7054,2025,4,14
2025-04-14 17:05:00+00:00,3225.0,3228.0,3223.0,3228.0,8.9837,2025,4,14
2025-04-14 17:10:00+00:00,3227.0,3228.0,3225.0,3226.0,5.249,2025,4,14
2025-04-14 17:15:00+00:00,3226.0,3226.0,3223.0,3226.0,12.9029,2025,4,14
2025-04-14 17:20:00+00:00,3226.0,3228.0,3226.0,3228.0,2.3449,2025,4,14
2025-04-14 17:25:00+00:00,3228.0,3229.0,3227.0,3228.0,2.1839,2025,4,14
2025-04-14 17:30:00+00:00,3227.0,3230.0,3227.0,3230.0,4.7452,2025,4,14
2025-04-14 17:35:00+00:00,3230.0,3231.0,3229.0,3231.0,8.4346,2025,4,14
2025-04-14 17:40:00+00:00,3231.0,3236.0,3231.0,3234.0,23.9835,2025,4,14
2025-04-14 17:45:00+00:00,3235.0,3235.0,3234.0,3235.0,1.7747,2025,4,14
2025-04-14 17:50:00+00:00,3234.0,3235.0,3232.0,3234.0,13.7058,2025,4,14
2025-04-14 17:55:00+00:00,3233.0,3234.0,3233.0,3234.0,2.3072,2025,4,14
2025-04-14 18:00:00+00:00,3234.0,3234.0,3232.0,3233.0,23.3858,2025,4,14
2025-04-14 18:05:00+00:00,3233.0,3233.0,3232.0,3233.0,2.4096,2025,4,14
2025-04-14 18:10:00+00:00,3232.0,3233.0,3230.0,3233.0,17.3504,2025,4,14
2025-04-14 18:15:00+00:00,3233.0,3233.0,3232.0,3232.0,0.5899,2025,4,14
2025-04-14 18:20:00+00:00,3233.0,3233.0,3228.0,3229.0,4.0557,2025,4,14
2025-04-14 18:25:00+00:00,3229.0,3231.0,3228.0,3229.0,11.504,2025,4,14
2025-04-14 18:30:00+00:00,3229.0,3231.0,3226.0,3226.0,10.9592,2025,4,14
2025-04-14 18:35:00+00:00,3227.0,3227.0,3224.0,3224.0,3.892,2025,4,14
2025-04-14 18:40:00+00:00,3225.0,3227.0,3224.0,3227.0,9.4498,2025,4,14
2025-04-14 18:45:00+00:00,3227.0,3228.0,3224.0,3226.0,5.444,2025,4,14
2025-04-14 18:50:00+00:00,3227.0,3227.0,3226.0,3227.0,0.9239,2025,4,14
2025-04-14 18:55:00+00:00,3227.0,3232.0,3227.0,3231.0,6.9719,2025,4,14
2025-04-14 19:00:00+00:00,3232.0,3233.0,3230.0,3231.0,7.5637,2025,4,14
2025-04-14 19:05:00+00:00,3231.0,3231.0,3230.0,3230.0,0.3758,2025,4,14
2025-04-14 19:10:00+00:00,3231.0,3233.0,3229.0,3233.0,9.2097,2025,4,14
2025-04-14 19:15:00+00:00,3233.0,3234.0,3232.0,3232.0,3.0728,2025,4,14
2025-04-14 19:20:00+00:00,3233.0,3236.0,3232.0,3235.0,38.6481,2025,4,14
2025-04-14 19:25:00+00:00,3236.0,3236.0,3234.0,3235.0,7.7779,2025,4,14
2025-04-14 19:30:00+00:00,3234.0,3234.0,3232.0,3233.0,5.8344,2025,4,14
2025-04-14 19:35:00+00:00,3233.0,3236.0,3232.0,3235.0,21.6784,2025,4,14
2025-04-14 19:40:00+00:00,3235.0,3235.0,3232.0,3233.0,3.2987,2025,4,14
2025-04-14 19:45:00+00:00,3233.0,3235.0,3232.0,3235.0,3.2503,2025,4,14
2025-04-14 19:50:00+00:00,3235.0,3236.0,3234.0,3235.0,0.8505,2025,4,14
2025-04-14 19:55:00+00:00,3236.0,3236.0,3234.0,3234.0,3.6089,2025,4,14
2025-04-14 20:00:00+00:00,3235.0,3236.0,3233.0,3236.0,3.3569,2025,4,14
2025-04-14 20:05:00+00:00,3236.0,3236.0,3233.0,3235.0,10.5954,2025,4,14
2025-04-14 20:10:00+00:00,3234.0,3235.0,3234.0,3234.0,1.8983,2025,4,14
2025-04-14 20:15:00+00:00,3235.0,3235.0,3230.0,3230.0,4.6338,2025,4,14
2025-04-14 20:20:00+00:00,3231.0,3233.0,3229.0,3232.0,10.1396,2025,4,14
2025-04-14 20:25:00+00:00,3231.0,3232.0,3230.0,3231.0,7.7361,2025,4,14
2025-04-14 20:30:00+00:00,3231.0,3235.0,3230.0,3231.0,6.1008,2025,4,14
2025-04-14 20:35:00+00:00,3231.0,3231.0,3230.0,3231.0,2.4553,2025,4,14
2025-04-14 20:40:00+00:00,3231.0,3231.0,3230.0,3231.0,1.1814,2025,4,14
2025-04-14 20:45:00+00:00,3230.0,3231.0,3230.0,3230.0,1.1997,2025,4,14
2025-04-14 20:50:00+00:00,3230.0,3231.0,3229.0,3230.0,7.1632,2025,4,14
2025-04-14 20:55:00+00:00,3230.0,3231.0,3230.0,3230.0,1.7254,2025,4,14
2025-04-14 21:00:00+00:00,3230.0,3231.0,3229.0,3229.0,1.3683,2025,4,14
2025-04-14 21:05:00+00:00,3229.0,3230.0,3229.0,3230.0,4.8209,2025,4,14
2025-04-14 21:10:00+00:00,3229.0,3230.0,3229.0,3230.0,4.4945,2025,4,14
2025-04-14 21:15:00+00:00,3230.0,3231.0,3229.0,3229.0,4.7526,2025,4,14
2025-04-14 21:20:00+00:00,3230.0,3231.0,3229.0,3231.0,3.761,2025,4,14
2025-04-14 21:25:00+00:00,3231.0,3232.0,3230.0,3231.0,2.2422,2025,4,14
2025-04-14 21:30:00+00:00,3231.0,3232.0,3230.0,3232.0,3.4527,2025,4,14
2025-04-14 21:35:00+00:00,3232.0,3232.0,3230.0,3230.0,3.6862,2025,4,14
2025-04-14 21:40:00+00:00,3230.0,3231.0,3228.0,3229.0,5.2113,2025,4,14
2025-04-14 21:45:00+00:00,3230.0,3230.0,3229.0,3230.0,1.7122,2025,4,14
2025-04-14 21:50:00+00:00,3230.0,3230.0,3229.0,3230.0,3.5069,2025,4,14
2025-04-14 21:55:00+00:00,3229.0,3231.0,3228.0,3229.0,8.7453,2025,4,14
2025-04-14 22:00:00+00:00,3228.0,3233.0,3227.0,3233.0,7.4223,2025,4,14
2025-04-14 22:05:00+00:00,3233.0,3233.0,3230.0,3231.0,3.2088,2025,4,14
2025-04-14 22:10:00+00:00,3232.0,3232.0,3230.0,3230.0,1.4235,2025,4,14
2025-04-14 22:15:00+00:00,3230.0,3234.0,3230.0,3233.0,10.5038,2025,4,14
2025-04-14 22:20:00+00:00,3234.0,3235.0,3233.0,3233.0,16.1806,2025,4,14
2025-04-14 22:25:00+00:00,3234.0,3234.0,3233.0,3234.0,1.8963,2025,4,14
2025-04-14 22:30:00+00:00,3233.0,3236.0,3233.0,3235.0,2.8911,2025,4,14
2025-04-14 22:35:00+00:00,3236.0,3236.0,3235.0,3236.0,1.6241,2025,4,14
2025-04-14 22:40:00+00:00,3236.0,3236.0,3235.0,3235.0,0.837,2025,4,14
2025-04-14 22:45:00+00:00,3235.0,3237.0,3235.0,3235.0,4.3825,2025,4,14
2025-04-14 22:50:00+00:00,3236.0,3236.0,3234.0,3235.0,2.5174,2025,4,14
2025-04-14 22:55:00+00:00,3235.0,3235.0,3233.0,3233.0,2.6519,2025,4,14
2025-04-14 23:00:00+00:00,3234.0,3234.0,3233.0,3233.0,1.9376,2025,4,14
2025-04-14 23:05:00+00:00,3234.0,3236.0,3233.0,3235.0,3.0727,2025,4,14
2025-04-14 23:10:00+00:00,3236.0,3236.0,3235.0,3235.0,1.0505,2025,4,14
2025-04-14 23:15:00+00:00,3236.0,3236.0,3234.0,3234.0,2.7224,2025,4,14
2025-04-14 23:20:00+00:00,3233.0,3234.0,3232.0,3234.0,1.986,2025,4,14
2025-04-14 23:25:00+00:00,3234.0,3235.0,3233.0,3234.0,3.0928,2025,4,14
2025-04-14 23:30:00+00:00,3235.0,3236.0,3234.0,3235.0,7.9666,2025,4,14
2025-04-14 23:35:00+00:00,3234.0,3237.0,3234.0,3236.0,6.1491,2025,4,14
2025-04-14 23:40:00+00:00,3236.0,3236.0,3235.0,3236.0,2.2679,2025,4,14
2025-04-14 23:45:00+00:00,3236.0,3236.0,3233.0,3234.0,6.88,2025,4,14
2025-04-14 23:50:00+00:00,3235.0,3237.0,3234.0,3235.0,6.9859,2025,4,14
2025-04-14 23:55:00+00:00,3236.0,3238.0,3235.0,3238.0,3.308,2025,4,14
2025-04-15 00:00:00+00:00,3237.0,3237.0,3232.0,3232.0,5.5372,2025,4,15
2025-04-15 00:05:00+00:00,3233.0,3235.0,3232.0,3235.0,5.213,2025,4,15
2025-04-15 00:10:00+00:00,3234.0,3235.0,3234.0,3235.0,1.084,2025,4,15
2025-04-15 00:15:00+00:00,3235.0,3235.0,3233.0,3233.0,5.265,2025,4,15
2025-04-15 00:20:00+00:00,3234.0,3234.0,3233.0,3234.0,3.0109,2025,4,15
2025-04-15 00:25:00+00:00,3235.0,3236.0,3234.0,3236.0,1.2322,2025,4,15
2025-04-15 00:30:00+00:00,3236.0,3236.0,3234.0,3235.0,6.8223,2025,4,15
2025-04-15 00:35:00+00:00,3234.0,3235.0,3233.0,3234.0,1.6542,2025,4,15
2025-04-15 00:40:00+00:00,3234.0,3234.0,3233.0,3233.0,0.921,2025,4,15
2025-04-15 00:45:00+00:00,3234.0,3234.0,3233.0,3234.0,1.0163,2025,4,15
2025-04-15 00:50:00+00:00,3233.0,3234.0,3232.0,3233.0,2.2156,2025,4,15
2025-04-15 00:55:00+00:00,3232.0,3236.0,3232.0,3235.0,9.7098,2025,4,15
2025-04-15 01:00:00+00:00,3236.0,3236.0,3234.0,3236.0,2.4362,2025,4,15
2025-04-15 01:05:00+00:00,3235.0,3236.0,3234.0,3235.0,9.3751,2025,4,15
2025-04-15 01:10:00+00:00,3236.0,3238.0,3235.0,3238.0,3.8364,2025,4,15
2025-04-15 01:15:00+00:00,3238.0,3238.0,3237.0,3238.0,2.7122,2025,4,15
2025-04-15 01:20:00+00:00,3238.0,3246.0,3238.0,3245.0,60.0924,2025,4,15
2025-04-15 01:25:00+00:00,3245.0,3246.0,3239.0,3243.0,12.3674,2025,4,15
2025-04-15 01:30:00+00:00,3243.0,3244.0,3240.0,3243.0,23.6661,2025,4,15
2025-04-15 01:35:00+00:00,3242.0,3243.0,3241.0,3243.0,3.9576,2025,4,15
2025-04-15 01:40:00+00:00,3242.0,3243.0,3239.0,3241.0,9.7504,2025,4,15
2025-04-15 01:45:00+00:00,3241.0,3242.0,3239.0,3240.0,3.4674,2025,4,15
2025-04-15 01:50:00+00:00,3239.0,3241.0,3239.0,3241.0,7.0006,2025,4,15
2025-04-15 01:55:00+00:00,3240.0,3241.0,3240.0,3241.0,1.7202,2025,4,15
2025-04-15 02:00:00+00:00,3241.0,3243.0,3240.0,3243.0,5.3789,2025,4,15
2025-04-15 02:05:00+00:00,3242.0,3243.0,3237.0,3237.0,22.8305,2025,4,15
2025-04-15 02:10:00+00:00,3238.0,3238.0,3234.0,3234.0,61.3133,2025,4,15
2025-04-15 02:15:00+00:00,3234.0,3237.0,3233.0,3237.0,15.6834,2025,4,15
2025-04-15 02:20:00+00:00,3236.0,3237.0,3235.0,3236.0,1.836,2025,4,15
2025-04-15 02:25:00+00:00,3235.0,3237.0,3234.0,3235.0,6.4956,2025,4,15
2025-04-15 02:30:00+00:00,3235.0,3237.0,3234.0,3237.0,5.529,2025,4,15
2025-04-15 02:35:00+00:00,3236.0,3237.0,3236.0,3236.0,1.6291,2025,4,15
2025-04-15 02:40:00+00:00,3236.0,3237.0,3233.0,3235.0,11.9466,2025,4,15
2025-04-15 02:45:00+00:00,3235.0,3240.0,3232.0,3238.0,131.0889,2025,4,15
2025-04-15 02:50:00+00:00,3237.0,3238.0,3234.0,3237.0,13.8129,2025,4,15
2025-04-15 02:55:00+00:00,3238.0,3240.0,3237.0,3239.0,2.7822,2025,4,15
2025-04-15 03:00:00+00:00,3240.0,3240.0,3236.0,3240.0,8.032,2025,4,15
2025-04-15 03:05:00+00:00,3239.0,3248.0,3239.0,3244.0,131.0007,2025,4,15
2025-04-15 03:10:00+00:00,3245.0,3245.0,3243.0,3244.0,3.2253,2025,4,15
2025-04-15 03:15:00+00:00,3243.0,3244.0,3243.0,3243.0,2.4622,2025,4,15
2025-04-15 03:20:00+00:00,3243.0,3247.0,3242.0,3244.0,52.473,2025,4,15
2025-04-15 03:25:00+00:00,3243.0,3244.0,3243.0,3243.0,2.4329,2025,4,15
2025-04-15 03:30:00+00:00,3244.0,3245.0,3243.0,3245.0,9.1688,2025,4,15
2025-04-15 03:35:00+00:00,3245.0,3245.0,3244.0,3244.0,2.3718,2025,4,15
2025-04-15 03:40:00+00:00,3245.0,3245.0,3244.0,3244.0,3.1753,2025,4,15
2025-04-15 03:45:00+00:00,3245.0,3245.0,3243.0,3243.0,1.0185,2025,4,15
2025-04-15 03:50:00+00:00,3244.0,3244.0,3241.0,3243.0,37.7722,2025,4,15
2025-04-15 03:55:00+00:00,3242.0,3243.0,3239.0,3242.0,25.286,2025,4,15
2025-04-15 04:00:00+00:00,3243.0,3245.0,3242.0,3244.0,2.5843,2025,4,15
2025-04-15 04:05:00+00:00,3245.0,3245.0,3244.0,3245.0,1.2478,2025,4,15
2025-04-15 04:10:00+00:00,3244.0,3245.0,3243.0,3244.0,1.338,2025,4,15
2025-04-15 04:15:00+00:00,3244.0,3245.0,3244.0,3244.0,3.2506,2025,4,15
2025-04-15 04:20:00+00:00,3245.0,3245.0,3243.0,3244.0,0.9752,2025,4,15
2025-04-15 04:25:00+00:00,3244.0,3245.0,3243.0,3245.0,3.6099,2025,4,15
2025-04-15 04:30:00+00:00,3245.0,3248.0,3244.0,3246.0,21.0431,2025,4,15
2025-04-15 04:35:00+00:00,3246.0,3247.0,3244.0,3245.0,6.64,2025,4,15
2025-04-15 04:40:00+00:00,3246.0,3248.0,3245.0,3247.0,7.9612,2025,4,15
2025-04-15 04:45:00+00:00,3247.0,3248.0,3246.0,3246.0,10.7665,2025,4,15
2025-04-15 04:50:00+00:00,3247.0,3249.0,3246.0,3249.0,15.8982,2025,4,15
2025-04-15 04:55:00+00:00,3248.0,3249.0,3247.0,3249.0,7.1382,2025,4,15
2025-04-15 05:00:00+00:00,3248.0,3249.0,3247.0,3249.0,10.3309,2025,4,15
2025-04-15 05:05:00+00:00,3249.0,3249.0,3244.0,3245.0,7.495,2025,4,15
2025-04-15 05:10:00+00:00,3245.0,3245.0,3237.0,3237.0,144.8642,2025,4,15
2025-04-15 05:15:00+00:00,3238.0,3240.0,3236.0,3237.0,63.8257,2025,4,15
2025-04-15 05:20:00+00:00,3237.0,3239.0,3235.0,3237.0,152.3513,2025,4,15
2025-04-15 05:25:00+00:00,3238.0,3239.0,3237.0,3238.0,1.1075,2025,4,15
2025-04-15 05:30:00+00:00,3238.0,3239.0,3237.0,3238.0,2.6999,2025,4,15
2025-04-15 05:35:00+00:00,3239.0,3240.0,3238.0,3240.0,1.4174,2025,4,15
2025-04-15 05:40:00+00:00,3239.0,3240.0,3237.0,3240.0,7.3328,2025,4,15
2025-04-15 05:45:00+00:00,3239.0,3240.0,3239.0,3239.0,1.4043,2025,4,15
2025-04-15 05:50:00+00:00,3239.0,3240.0,3237.0,3238.0,7.2727,2025,4,15
2025-04-15 05:55:00+00:00,3238.0,3239.0,3237.0,3237.0,4.8188,2025,4,15
2025-04-15 06:00:00+00:00,3237.0,3238.0,3237.0,3238.0,2.1974,2025,4,15
2025-04-15 06:05:00+00:00,3238.0,3242.0,3238.0,3241.0,11.8787,2025,4,15
2025-04-15 06:10:00+00:00,3240.0,3241.0,3239.0,3240.0,3.9554,2025,4,15
2025-04-15 06:15:00+00:00,3240.0,3241.0,3238.0,3239.0,6.4148,2025,4,15
2025-04-15 06:20:00+00:00,3240.0,3241.0,3237.0,3239.0,19.8499,2025,4,15
2025-04-15 06:25:00+00:00,3238.0,3240.0,3238.0,3239.0,6.6338,2025,4,15
2025-04-15 06:30:00+00:00,3239.0,3241.0,3238.0,3240.0,7.4152,2025,4,15
2025-04-15 06:35:00+00:00,3240.0,3241.0,3239.0,3240.0,5.7261,2025,4,15
2025-04-15 06:40:00+00:00,3241.0,3241.0,3239.0,3240.0,5.8802,2025,4,15
2025-04-15 06:45:00+00:00,3239.0,3240.0,3237.0,3239.0,13.5334,2025,4,15
2025-04-15 06:50:00+00:00,3238.0,3248.0,3238.0,3245.0,94.6442,2025,4,15
2025-04-15 06:55:00+00:00,3245.0,3246.0,3243.0,3245.0,4.7924,2025,4,15
2025-04-15 07:00:00+00:00,3244.0,3245.0,3243.0,3243.0,7.8464,2025,4,15
2025-04-15 07:05:00+00:00,3245.0,3245.0,3241.0,3241.0,8.0583,2025,4,15
2025-04-15 07:10:00+00:00,3242.0,3243.0,3240.0,3242.0,13.5581,2025,4,15
2025-04-15 07:15:00+00:00,3242.0,3244.0,3241.0,3241.0,14.7149,2025,4,15
2025-04-15 07:20:00+00:00,3242.0,3242.0,3240.0,3241.0,1.5668,2025,4,15
2025-04-15 07:25:00+00:00,3241.0,3244.0,3240.0,3241.0,16.9217,2025,4,15
2025-04-15 07:30:00+00:00,3242.0,3242.0,3240.0,3241.0,5.2785,2025,4,15
2025-04-15 07:35:00+00:00,3240.0,3242.0,3239.0,3242.0,7.4093,2025,4,15
2025-04-15 07:40:00+00:00,3242.0,3245.0,3240.0,3240.0,37.6098,2025,4,15
2025-04-15 07:45:00+00:00,3240.0,3241.0,3237.0,3237.0,5.9413,2025,4,15
2025-04-15 07:50:00+00:00,3238.0,3238.0,3236.0,3236.0,1.1333,2025,4,15
2025-04-15 07:55:00+00:00,3236.0,3239.0,3236.0,3239.0,6.878,2025,4,15
2025-04-15 08:00:00+00:00,3239.0,3245.0,3239.0,3244.0,6.7285,2025,4,15
2025-04-15 08:05:00+00:00,3245.0,3245.0,3243.0,3245.0,2.2307,2025,4,15
2025-04-15 08:10:00+00:00,3244.0,3245.0,3243.0,3245.0,1.6481,2025,4,15
2025-04-15 08:15:00+00:00,3244.0,3246.0,3244.0,3244.0,2.1132,2025,4,15
2025-04-15 08:20:00+00:00,3245.0,3245.0,3244.0,3245.0,1.0432,2025,4,15
2025-04-15 08:25:00+00:00,3245.0,3250.0,3244.0,3247.0,31.6512,2025,4,15
2025-04-15 08:30:00+00:00,3247.0,3251.0,3247.0,3250.0,8.1229,2025,4,15
2025-04-15 08:35:00+00:00,3249.0,3253.0,3248.0,3249.0,77.8585,2025,4,15
2025-04-15 08:40:00+00:00,3248.0,3249.0,3246.0,3247.0,4.4059,2025,4,15
2025-04-15 08:45:00+00:00,3247.0,3252.0,3246.0,3248.0,32.4126,2025,4,15
2025-04-15 08:50:00+00:00,3249.0,3250.0,3246.0,3249.0,13.5303,2025,4,15
2025-04-15 08:55:00+00:00,3248.0,3249.0,3247.0,3247.0,3.5361,2025,4,15
2025-04-15 09:00:00+00:00,3249.0,3249.0,3248.0,3249.0,2.3781,2025,4,15
2025-04-15 09:05:00+00:00,3248.0,3249.0,3247.0,3248.0,3.2559,2025,4,15
2025-04-15 09:10:00+00:00,3248.0,3248.0,3247.0,3248.0,4.4556,2025,4,15
2025-04-15 09:15:00+00:00,3247.0,3250.0,3247.0,3249.0,6.3836,2025,4,15
2025-04-15 09:20:00+00:00,3249.0,3250.0,3248.0,3248.0,2.1153,2025,4,15
2025-04-15 09:25:00+00:00,3249.0,3249.0,3248.0,3248.0,1.7591,2025,4,15
2025-04-15 09:30:00+00:00,3248.0,3249.0,3248.0,3248.0,2.268,2025,4,15
2025-04-15 09:35:00+00:00,3248.0,3249.0,3247.0,3247.0,11.424,2025,4,15
2025-04-15 09:40:00+00:00,3247.0,3248.0,3245.0,3246.0,43.925,2025,4,15
2025-04-15 09:45:00+00:00,3245.0,3245.0,3243.0,3243.0,1.4734,2025,4,15
2025-04-15 09:50:00+00:00,3243.0,3244.0,3240.0,3240.0,4.7456,2025,4,15
2025-04-15 09:55:00+00:00,3240.0,3242.0,3240.0,3240.0,3.0649,2025,4,15
2025-04-15 10:00:00+00:00,3242.0,3242.0,3239.0,3239.0,5.6837,2025,4,15
2025-04-15 10:05:00+00:00,3241.0,3241.0,3240.0,3240.0,1.8852,2025,4,15
2025-04-15 10:10:00+00:00,3241.0,3244.0,3240.0,3244.0,7.4766,2025,4,15
2025-04-15 10:15:00+00:00,3243.0,3244.0,3242.0,3243.0,2.0965,2025,4,15
2025-04-15 10:20:00+00:00,3243.0,3244.0,3240.0,3243.0,7.3166,2025,4,15
2025-04-15 10:25:00+00:00,3244.0,3246.0,3241.0,3245.0,11.4041,2025,4,15
2025-04-15 10:30:00+00:00,3245.0,3246.0,3243.0,3245.0,9.4424,2025,4,15
2025-04-15 10:35:00+00:00,3245.0,3247.0,3244.0,3247.0,8.6758,2025,4,15
2025-04-15 10:40:00+00:00,3246.0,3247.0,3243.0,3244.0,7.0511,2025,4,15
2025-04-15 10:45:00+00:00,3244.0,3244.0,3242.0,3243.0,7.6609,2025,4,15
2025-04-15 10:50:00+00:00,3242.0,3243.0,3241.0,3241.0,1.5681,2025,4,15
2025-04-15 10:55:00+00:00,3242.0,3242.0,3240.0,3240.0,1.4494,2025,4,15
2025-04-15 11:00:00+00:00,3241.0,3242.0,3239.0,3242.0,5.6438,2025,4,15
2025-04-15 11:05:00+00:00,3242.0,3243.0,3242.0,3243.0,0.8125,2025,4,15
2025-04-15 11:10:00+00:00,3243.0,3243.0,3242.0,3242.0,1.7281,2025,4,15
2025-04-15 11:15:00+00:00,3243.0,3243.0,3238.0,3240.0,5.7563,2025,4,15
2025-04-15 11:20:00+00:00,3239.0,3241.0,3239.0,3240.0,9.5489,2025,4,15
2025-04-15 11:25:00+00:00,3240.0,3241.0,3239.0,3240.0,5.3123,2025,4,15
2025-04-15 11:30:00+00:00,3240.0,3241.0,3240.0,3241.0,3.8762,2025,4,15
2025-04-15 11:35:00+00:00,3240.0,3241.0,3237.0,3239.0,14.3814,2025,4,15
2025-04-15 11:40:00+00:00,3238.0,3239.0,3238.0,3238.0,2.1478,2025,4,15
2025-04-15 11:45:00+00:00,3238.0,3238.0,3237.0,3237.0,1.6659,2025,4,15
2025-04-15 11:50:00+00:00,3237.0,3240.0,3236.0,3239.0,20.1947,2025,4,15
2025-04-15 11:55:00+00:00,3239.0,3240.0,3238.0,3239.0,12.8626,2025,4,15
2025-04-15 12:00:00+00:00,3239.0,3242.0,3239.0,3241.0,6.6692,2025,4,15
2025-04-15 12:05:00+00:00,3241.0,3242.0,3239.0,3240.0,1.9665,2025,4,15
2025-04-15 12:10:00+00:00,3240.0,3241.0,3239.0,3240.0,8.2436,2025,4,15
2025-04-15 12:15:00+00:00,3241.0,3244.0,3240.0,3243.0,11.166,2025,4,15
2025-04-15 12:20:00+00:00,3244.0,3244.0,3237.0,3238.0,16.5638,2025,4,15
2025-04-15 12:25:00+00:00,3237.0,3237.0,3234.0,3235.0,2.9353,2025,4,15
2025-04-15 12:30:00+00:00,3236.0,3239.0,3236.0,3239.0,2.8768,2025,4,15
2025-04-15 12:35:00+00:00,3239.0,3239.0,3236.0,3236.0,9.3241,2025,4,15
2025-04-15 12:40:00+00:00,3237.0,3238.0,3236.0,3238.0,10.3886,2025,4,15
2025-04-15 12:45:00+00:00,3238.0,3238.0,3236.0,3238.0,6.0469,2025,4,15
2025-04-15 12:50:00+00:00,3238.0,3240.0,3237.0,3240.0,21.8874,2025,4,15
2025-04-15 12:55:00+00:00,3240.0,3240.0,3237.0,3237.0,5.9107,2025,4,15
2025-04-15 13:00:00+00:00,3237.0,3240.0,3237.0,3239.0,6.2061,2025,4,15
2025-04-15 13:05:00+00:00,3239.0,3241.0,3239.0,3240.0,6.6423,2025,4,15
2025-04-15 13:10:00+00:00,3240.0,3241.0,3240.0,3241.0,7.7334,2025,4,15
2025-04-15 13:15:00+00:00,3241.0,3242.0,3240.0,3240.0,5.3028,2025,4,15
2025-04-15 13:20:00+00:00,3240.0,3241.0,3238.0,3240.0,23.5083,2025,4,15
2025-04-15 13:25:00+00:00,3240.0,3240.0,3239.0,3239.0,1.9477,2025,4,15
2025-04-15 13:30:00+00:00,3240.0,3241.0,3239.0,3240.0,4.0336,2025,4,15
2025-04-15 13:35:00+00:00,3239.0,3240.0,3237.0,3237.0,10.4287,2025,4,15
2025-04-15 13:40:00+00:00,3237.0,3238.0,3235.0,3236.0,13.7673,2025,4,15
2025-04-15 13:45:00+00:00,3236.0,3239.0,3235.0,3237.0,8.0614,2025,4,15
2025-04-15 13:50:00+00:00,3236.0,3237.0,3231.0,3231.0,30.6416,2025,4,15
2025-04-15 13:55:00+00:00,3231.0,3235.0,3230.0,3234.0,8.2064,2025,4,15
2025-04-15 14:00:00+00:00,3234.0,3235.0,3233.0,3235.0,4.8715,2025,4,15
2025-04-15 14:05:00+00:00,3236.0,3237.0,3236.0,3236.0,4.222,2025,4,15
2025-04-15 14:10:00+00:00,3236.0,3237.0,3236.0,3237.0,2.3141,2025,4,15
2025-04-15 14:15:00+00:00,3236.0,3238.0,3236.0,3237.0,2.768,2025,4,15
2025-04-15 14:20:00+00:00,3238.0,3241.0,3238.0,3241.0,16.4095,2025,4,15
2025-04-15 14:25:00+00:00,3240.0,3241.0,3239.0,3241.0,9.8175,2025,4,15
2025-04-15 14:30:00+00:00,3241.0,3242.0,3239.0,3239.0,9.9259,2025,4,15
2025-04-15 14:35:00+00:00,3240.0,3240.0,3238.0,3240.0,1.7772,2025,4,15
2025-04-15 14:40:00+00:00,3240.0,3240.0,3239.0,3240.0,3.4876,2025,4,15
2025-04-15 14:45:00+00:00,3240.0,3241.0,3239.0,3239.0,12.4711,2025,4,15
2025-04-15 14:50:00+00:00,3239.0,3240.0,3238.0,3238.0,5.9779,2025,4,15
2025-04-15 14:55:00+00:00,3239.0,3241.0,3239.0,3241.0,3.4729,2025,4,15
2025-04-15 15:00:00+00:00,3240.0,3241.0,3236.0,3237.0,5.6996,2025,4,15
2025-04-15 15:05:00+00:00,3237.0,3238.0,3236.0,3237.0,8.8304,2025,4,15
2025-04-15 15:10:00+00:00,3236.0,3239.0,3236.0,3239.0,1.6421,2025,4,15
2025-04-15 15:15:00+00:00,3239.0,3243.0,3239.0,3241.0,20.7938,2025,4,15
2025-04-15 15:20:00+00:00,3241.0,3241.0,3238.0,3239.0,10.464,2025,4,15
2025-04-15 15:25:00+00:00,3239.0,3240.0,3238.0,3239.0,2.2562,2025,4,15
2025-04-15 15:30:00+00:00,3239.0,3242.0,3238.0,3239.0,30.5343,2025,4,15
2025-04-15 15:35:00+00:00,3240.0,3241.0,3238.0,3241.0,38.4621,2025,4,15
2025-04-15 15:40:00+00:00,3240.0,3242.0,3239.0,3239.0,7.0229,2025,4,15
2025-04-15 15:45:00+00:00,3239.0,3240.0,3239.0,3240.0,2.4789,2025,4,15
2025-04-15 15:50:00+00:00,3239.0,3240.0,3238.0,3238.0,12.0843,2025,4,15
2025-04-15 15:55:00+00:00,3238.0,3240.0,3238.0,3239.0,3.5254,2025,4,15
2025-04-15 16:00:00+00:00,3239.0,3244.0,3239.0,3244.0,16.018,2025,4,15
2025-04-15 16:05:00+00:00,3244.0,3246.0,3243.0,3244.0,44.8868,2025,4,15
2025-04-15 16:10:00+00:00,3244.0,3245.0,3244.0,3245.0,2.9946,2025,4,15
2025-04-15 16:15:00+00:00,3245.0,3245.0,3243.0,3244.0,8.3614,2025,4,15
2025-04-15 16:20:00+00:00,3243.0,3243.0,3242.0,3242.0,1.2465,2025,4,15
2025-04-15 16:25:00+00:00,3243.0,3243.0,3242.0,3243.0,0.0858,2025,4,15
2025-04-15 16:30:00+00:00,3242.0,3243.0,3240.0,3241.0,4.9095,2025,4,15
2025-04-15 16:35:00+00:00,3241.0,3241.0,3239.0,3239.0,4.1639,2025,4,15
2025-04-15 16:40:00+00:00,3240.0,3241.0,3239.0,3241.0,2.625,2025,4,15
2025-04-15 16:45:00+00:00,3241.0,3241.0,3240.0,3241.0,0.273,2025,4,15
2025-04-15 16:50:00+00:00,3241.0,3242.0,3240.0,3241.0,0.8787,2025,4,15
2025-04-15 16:55:00+00:00,3242.0,3242.0,3241.0,3241.0,0.1564,2025,4,15
2025-04-15 17:00:00+00:00,3241.0,3246.0,3241.0,3243.0,14.9582,2025,4,15
2025-04-15 17:05:00+00:00,3242.0,3243.0,3242.0,3243.0,0.2108,2025,4,15
2025-04-15 17:10:00+00:00,3243.0,3243.0,3242.0,3243.0,1.1649,2025,4,15
2025-04-15 17:15:00+00:00,3242.0,3244.0,3242.0,3243.0,10.0392,2025,4,15
2025-04-15 17:20:00+00:00,3243.0,3245.0,3242.0,3244.0,12.0713,2025,4,15
2025-04-15 17:25:00+00:00,3244.0,3246.0,3243.0,3245.0,9.8007,2025,4,15
2025-04-15 17:30:00+00:00,3244.0,3247.0,3242.0,3242.0,16.598,2025,4,15
2025-04-15 17:35:00+00:00,3243.0,3246.0,3243.0,3245.0,6.203,2025,4,15
2025-04-15 17:40:00+00:00,3246.0,3249.0,3245.0,3248.0,34.539,2025,4,15
2025-04-15 17:45:00+00:00,3248.0,3248.0,3247.0,3248.0,2.5417,2025,4,15
2025-04-15 17:50:00+00:00,3247.0,3248.0,3247.0,3247.0,9.0347,2025,4,15
2025-04-15 17:55:00+00:00,3247.0,3248.0,3247.0,3248.0,1.6835,2025,4,15
2025-04-15 18:00:00+00:00,3248.0,3248.0,3247.0,3247.0,2.8174,2025,4,15
2025-04-15 18:05:00+00:00,3247.0,3248.0,3247.0,3247.0,2.3192,2025,4,15
2025-04-15 18:10:00+00:00,3247.0,3248.0,3245.0,3246.0,14.0652,2025,4,15
2025-04-15 18:15:00+00:00,3245.0,3246.0,3242.0,3243.0,11.6068,2025,4,15
2025-04-15 18:20:00+00:00,3243.0,3245.0,3243.0,3245.0,3.3448,2025,4,15
2025-04-15 18:25:00+00:00,3244.0,3245.0,3244.0,3244.0,0.8734,2025,4,15
2025-04-15 18:30:00+00:00,3245.0,3246.0,3245.0,3245.0,3.8537,2025,4,15
2025-04-15 18:35:00+00:00,3245.0,3248.0,3245.0,3248.0,4.0414,2025,4,15
2025-04-15 18:40:00+00:00,3247.0,3248.0,3247.0,3247.0,0.7811,2025,4,15
2025-04-15 18:45:00+00:00,3247.0,3248.0,3246.0,3248.0,3.1731,2025,4,15
2025-04-15 18:50:00+00:00,3247.0,3249.0,3247.0,3249.0,6.7788,2025,4,15
2025-04-15 18:55:00+00:00,3249.0,3250.0,3248.0,3248.0,3.4501,2025,4,15
2025-04-15 19:00:00+00:00,3248.0,3248.0,3246.0,3247.0,9.7002,2025,4,15
2025-04-15 19:05:00+00:00,3248.0,3248.0,3247.0,3247.0,5.7607,2025,4,15
2025-04-15 19:10:00+00:00,3247.0,3249.0,3247.0,3249.0,24.3328,2025,4,15
2025-04-15 19:15:00+00:00,3248.0,3249.0,3248.0,3248.0,6.237,2025,4,15
2025-04-15 19:20:00+00:00,3248.0,3249.0,3247.0,3247.0,7.68,2025,4,15
2025-04-15 19:25:00+00:00,3247.0,3247.0,3243.0,3244.0,23.7467,2025,4,15
2025-04-15 19:30:00+00:00,3245.0,3250.0,3243.0,3247.0,35.2203,2025,4,15
2025-04-15 19:35:00+00:00,3248.0,3249.0,3247.0,3248.0,7.1001,2025,4,15
2025-04-15 19:40:00+00:00,3248.0,3249.0,3248.0,3248.0,3.5857,2025,4,15
2025-04-15 19:45:00+00:00,3249.0,3249.0,3247.0,3247.0,3.6261,2025,4,15
2025-04-15 19:50:00+00:00,3247.0,3249.0,3247.0,3248.0,5.1052,2025,4,15
2025-04-15 19:55:00+00:00,3248.0,3249.0,3247.0,3247.0,5.7213,2025,4,15
2025-04-15 20:00:00+00:00,3247.0,3250.0,3247.0,3250.0,9.4676,2025,4,15
2025-04-15 20:05:00+00:00,3249.0,3250.0,3249.0,3250.0,0.7896,2025,4,15
2025-04-15 20:10:00+00:00,3249.0,3250.0,3249.0,3249.0,4.5855,2025,4,15
2025-04-15 20:15:00+00:00,3249.0,3250.0,3248.0,3249.0,6.369,2025,4,15
2025-04-15 20:20:00+00:00,3250.0,3250.0,3247.0,3248.0,7.657,2025,4,15
2025-04-15 20:25:00+00:00,3248.0,3248.0,3247.0,3247.0,5.5908,2025,4,15
2025-04-15 20:30:00+00:00,3248.0,3248.0,3247.0,3248.0,4.5264,2025,4,15
2025-04-15 20:35:00+00:00,3248.0,3249.0,3247.0,3247.0,1.8855,2025,4,15
2025-04-15 20:40:00+00:00,3247.0,3248.0,3247.0,3247.0,2.8283,2025,4,15
2025-04-15 20:45:00+00:00,3248.0,3248.0,3247.0,3248.0,4.4387,2025,4,15
2025-04-15 20:50:00+00:00,3248.0,3249.0,3247.0,3247.0,8.8421,2025,4,15
2025-04-15 20:55:00+00:00,3248.0,3250.0,3247.0,3249.0,7.7838,2025,4,15
2025-04-15 21:00:00+00:00,3249.0,3251.0,3249.0,3250.0,3.9742,2025,4,15
2025-04-15 21:05:00+00:00,3250.0,3250.0,3249.0,3249.0,3.5435,2025,4,15
2025-04-15 21:10:00+00:00,3249.0,3251.0,3248.0,3248.0,10.7882,2025,4,15
2025-04-15 21:15:00+00:00,3248.0,3249.0,3248.0,3248.0,3.2287,2025,4,15
2025-04-15 21:20:00+00:00,3248.0,3250.0,3248.0,3249.0,1.9717,2025,4,15
2025-04-15 21:25:00+00:00,3249.0,3250.0,3249.0,3249.0,1.3782,2025,4,15
2025-04-15 21:30:00+00:00,3249.0,3250.0,3247.0,3248.0,4.5572,2025,4,15
2025-04-15 21:35:00+00:00,3248.0,3248.0,3247.0,3247.0,2.0227,2025,4,15
2025-04-15 21:40:00+00:00,3247.0,3248.0,3247.0,3247.0,10.613,2025,4,15
2025-04-15 21:45:00+00:00,3248.0,3248.0,3247.0,3247.0,1.0538,2025,4,15
2025-04-15 21:50:00+00:00,3248.0,3250.0,3247.0,3249.0,5.3676,2025,4,15
2025-04-15 21:55:00+00:00,3249.0,3250.0,3249.0,3249.0,1.0361,2025,4,15
2025-04-15 22:00:00+00:00,3249.0,3252.0,3249.0,3251.0,9.216,2025,4,15
2025-04-15 22:05:00+00:00,3251.0,3256.0,3250.0,3255.0,96.2981,2025,4,15
2025-04-15 22:10:00+00:00,3255.0,3257.0,3255.0,3255.0,51.8318,2025,4,15
2025-04-15 22:15:00+00:00,3255.0,3256.0,3255.0,3255.0,13.7392,2025,4,15
2025-04-15 22:20:00+00:00,3255.0,3256.0,3255.0,3255.0,15.5945,2025,4,15
2025-04-15 22:25:00+00:00,3255.0,3258.0,3255.0,3257.0,77.7188,2025,4,15
2025-04-15 22:30:00+00:00,3257.0,3259.0,3257.0,3258.0,63.1246,2025,4,15
2025-04-15 22:35:00+00:00,3258.0,3260.0,3258.0,3259.0,45.0985,2025,4,15
2025-04-15 22:40:00+00:00,3259.0,3260.0,3257.0,3257.0,41.8342,2025,4,15
2025-04-15 22:45:00+00:00,3258.0,3260.0,3256.0,3257.0,94.5685,2025,4,15
2025-04-15 22:50:00+00:00,3257.0,3259.0,3256.0,3257.0,37.3885,2025,4,15
2025-04-15 22:55:00+00:00,3257.0,3258.0,3257.0,3257.0,13.2277,2025,4,15
2025-04-15 23:00:00+00:00,3257.0,3259.0,3257.0,3257.0,39.6612,2025,4,15
2025-04-15 23:05:00+00:00,3257.0,3258.0,3256.0,3257.0,13.4788,2025,4,15
2025-04-15 23:10:00+00:00,3257.0,3258.0,3256.0,3256.0,10.3515,2025,4,15
2025-04-15 23:15:00+00:00,3256.0,3258.0,3256.0,3257.0,10.5544,2025,4,15
2025-04-15 23:20:00+00:00,3257.0,3260.0,3256.0,3260.0,37.3091,2025,4,15
2025-04-15 23:25:00+00:00,3260.0,3262.0,3260.0,3261.0,13.7702,2025,4,15
2025-04-15 23:30:00+00:00,3261.0,3263.0,3261.0,3262.0,13.657,2025,4,15
2025-04-15 23:35:00+00:00,3263.0,3263.0,3260.0,3261.0,132.3358,2025,4,15
2025-04-15 23:40:00+00:00,3261.0,3262.0,3260.0,3260.0,66.4643,2025,4,15
2025-04-15 23:45:00+00:00,3260.0,3263.0,3260.0,3262.0,23.4411,2025,4,15
2025-04-15 23:50:00+00:00,3262.0,3264.0,3261.0,3262.0,48.5486,2025,4,15
2025-04-15 23:55:00+00:00,3262.0,3268.0,3262.0,3266.0,35.3765,2025,4,15
2025-04-16 00:00:00+00:00,3267.0,3295.0,3266.0,3274.0,263.6799,2025,4,16
2025-04-16 00:05:00+00:00,3274.0,3275.0,3271.0,3271.0,16.4031,2025,4,16
2025-04-16 00:10:00+00:00,3272.0,3275.0,3269.0,3273.0,49.7489,2025,4,16
2025-04-16 00:15:00+00:00,3273.0,3276.0,3272.0,3274.0,18.9268,2025,4,16
2025-04-16 00:20:00+00:00,3274.0,3278.0,3273.0,3277.0,19.3215,2025,4,16
2025-04-16 00:25:00+00:00,3276.0,3282.0,3276.0,3282.0,44.2902,2025,4,16
2025-04-16 00:30:00+00:00,3279.0,3285.0,3279.0,3284.0,33.1271,2025,4,16
2025-04-16 00:35:00+00:00,3284.0,3290.0,3284.0,3286.0,76.9923,2025,4,16
2025-04-16 00:40:00+00:00,3286.0,3289.0,3286.0,3286.0,25.4213,2025,4,16
2025-04-16 00:45:00+00:00,3287.0,3289.0,3285.0,3285.0,33.4707,2025,4,16
2025-04-16 00:50:00+00:00,3285.0,3287.0,3285.0,3285.0,9.9795,2025,4,16
2025-04-16 00:55:00+00:00,3286.0,3286.0,3283.0,3283.0,13.3964,2025,4,16
2025-04-16 01:00:00+00:00,3283.0,3291.0,3283.0,3291.0,22.2984,2025,4,16
2025-04-16 01:05:00+00:00,3291.0,3291.0,3288.0,3291.0,37.788,2025,4,16
2025-04-16 01:10:00+00:00,3290.0,3290.0,3286.0,3286.0,13.1517,2025,4,16
2025-04-16 01:15:00+00:00,3287.0,3290.0,3285.0,3285.0,6.3496,2025,4,16
2025-04-16 01:20:00+00:00,3285.0,3288.0,3285.0,3287.0,5.7827,2025,4,16
2025-04-16 01:25:00+00:00,3287.0,3290.0,3286.0,3286.0,14.561,2025,4,16
2025-04-16 01:30:00+00:00,3286.0,3286.0,3276.0,3280.0,32.4123,2025,4,16
2025-04-16 01:35:00+00:00,3279.0,3282.0,3278.0,3280.0,16.8644,2025,4,16
2025-04-16 01:40:00+00:00,3279.0,3283.0,3279.0,3281.0,16.858,2025,4,16
2025-04-16 01:45:00+00:00,3281.0,3284.0,3281.0,3282.0,16.5137,2025,4,16
2025-04-16 01:50:00+00:00,3283.0,3283.0,3282.0,3282.0,9.916,2025,4,16
2025-04-16 01:55:00+00:00,3283.0,3287.0,3283.0,3286.0,5.0952,2025,4,16
2025-04-16 02:00:00+00:00,3286.0,3289.0,3286.0,3289.0,7.7502,2025,4,16
2025-04-16 02:05:00+00:00,3289.0,3292.0,3289.0,3292.0,19.7975,2025,4,16
2025-04-16 02:10:00+00:00,3291.0,3292.0,3289.0,3290.0,9.8206,2025,4,16
2025-04-16 02:15:00+00:00,3290.0,3290.0,3288.0,3290.0,10.2264,2025,4,16
2025-04-16 02:20:00+00:00,3290.0,3290.0,3288.0,3289.0,2.7295,2025,4,16
2025-04-16 02:25:00+00:00,3288.0,3290.0,3288.0,3290.0,2.8372,2025,4,16
2025-04-16 02:30:00+00:00,3290.0,3291.0,3286.0,3288.0,74.1806,2025,4,16
2025-04-16 02:35:00+00:00,3287.0,3291.0,3287.0,3291.0,17.4823,2025,4,16
2025-04-16 02:40:00+00:00,3291.0,3291.0,3289.0,3289.0,5.2055,2025,4,16
2025-04-16 02:45:00+00:00,3289.0,3291.0,3288.0,3290.0,5.4698,2025,4,16
2025-04-16 02:50:00+00:00,3290.0,3290.0,3288.0,3289.0,15.0212,2025,4,16
2025-04-16 02:55:00+00:00,3289.0,3290.0,3286.0,3287.0,3.7909,2025,4,16
2025-04-16 03:00:00+00:00,3288.0,3290.0,3286.0,3287.0,13.0991,2025,4,16
2025-04-16 03:05:00+00:00,3288.0,3289.0,3287.0,3289.0,5.0403,2025,4,16
2025-04-16 03:10:00+00:00,3289.0,3290.0,3286.0,3289.0,7.7687,2025,4,16
2025-04-16 03:15:00+00:00,3288.0,3289.0,3285.0,3287.0,7.0138,2025,4,16
2025-04-16 03:20:00+00:00,3287.0,3288.0,3287.0,3288.0,1.0393,2025,4,16
2025-04-16 03:25:00+00:00,3288.0,3290.0,3288.0,3290.0,4.8311,2025,4,16
2025-04-16 03:30:00+00:00,3290.0,3293.0,3289.0,3293.0,25.304,2025,4,16
2025-04-16 03:35:00+00:00,3293.0,3295.0,3293.0,3294.0,2.7068,2025,4,16
2025-04-16 03:40:00+00:00,3295.0,3298.0,3294.0,3295.0,46.4708,2025,4,16
2025-04-16 03:45:00+00:00,3296.0,3297.0,3295.0,3297.0,5.1132,2025,4,16
2025-04-16 03:50:00+00:00,3297.0,3302.0,3296.0,3301.0,67.1353,2025,4,16
2025-04-16 03:55:00+00:00,3301.0,3306.0,3300.0,3304.0,91.2773,2025,4,16
2025-04-16 04:00:00+00:00,3304.0,3308.0,3302.0,3303.0,77.1288,2025,4,16
2025-04-16 04:05:00+00:00,3303.0,3304.0,3301.0,3301.0,16.0779,2025,4,16
2025-04-16 04:10:00+00:00,3302.0,3305.0,3301.0,3302.0,38.0076,2025,4,16
2025-04-16 04:15:00+00:00,3302.0,3303.0,3300.0,3301.0,14.3405,2025,4,16
2025-04-16 04:20:00+00:00,3301.0,3302.0,3299.0,3301.0,12.8171,2025,4,16
2025-04-16 04:25:00+00:00,3301.0,3301.0,3294.0,3295.0,194.949,2025,4,16
2025-04-16 04:30:00+00:00,3295.0,3295.0,3289.0,3291.0,75.637,2025,4,16
2025-04-16 04:35:00+00:00,3290.0,3292.0,3289.0,3292.0,29.4744,2025,4,16
2025-04-16 04:40:00+00:00,3292.0,3300.0,3292.0,3300.0,53.2766,2025,4,16
2025-04-16 04:45:00+00:00,3301.0,3301.0,3297.0,3297.0,16.7034,2025,4,16
2025-04-16 04:50:00+00:00,3297.0,3308.0,3297.0,3306.0,45.76,2025,4,16
2025-04-16 04:55:00+00:00,3305.0,3308.0,3303.0,3305.0,23.0135,2025,4,16
2025-04-16 05:00:00+00:00,3304.0,3307.0,3304.0,3307.0,11.0972,2025,4,16
2025-04-16 05:05:00+00:00,3306.0,3307.0,3304.0,3305.0,5.1563,2025,4,16
2025-04-16 05:10:00+00:00,3305.0,3306.0,3305.0,3305.0,2.905,2025,4,16
2025-04-16 05:15:00+00:00,3306.0,3308.0,3305.0,3308.0,20.1303,2025,4,16
2025-04-16 05:20:00+00:00,3308.0,3312.0,3308.0,3312.0,85.6747,2025,4,16
2025-04-16 05:25:00+00:00,3313.0,3313.0,3310.0,3310.0,38.3256,2025,4,16
2025-04-16 05:30:00+00:00,3310.0,3310.0,3307.0,3310.0,23.0311,2025,4,16
2025-04-16 05:35:00+00:00,3311.0,3311.0,3307.0,3308.0,30.827,2025,4,16
2025-04-16 05:40:00+00:00,3308.0,3310.0,3307.0,3310.0,33.4019,2025,4,16
2025-04-16 05:45:00+00:00,3309.0,3311.0,3307.0,3307.0,42.854,2025,4,16
2025-04-16 05:50:00+00:00,3307.0,3310.0,3307.0,3310.0,21.1281,2025,4,16
2025-04-16 05:55:00+00:00,3310.0,3311.0,3307.0,3311.0,23.6513,2025,4,16
2025-04-16 06:00:00+00:00,3311.0,3311.0,3310.0,3311.0,15.6429,2025,4,16
2025-04-16 06:05:00+00:00,3310.0,3311.0,3307.0,3307.0,13.4556,2025,4,16
2025-04-16 06:10:00+00:00,3308.0,3312.0,3308.0,3310.0,22.5452,2025,4,16
2025-04-16 06:15:00+00:00,3310.0,3312.0,3310.0,3312.0,27.0263,2025,4,16
2025-04-16 06:20:00+00:00,3311.0,3312.0,3309.0,3310.0,35.4157,2025,4,16
2025-04-16 06:25:00+00:00,3309.0,3312.0,3305.0,3312.0,76.6295,2025,4,16
2025-04-16 06:30:00+00:00,3312.0,3313.0,3311.0,3312.0,13.7428,2025,4,16
2025-04-16 06:35:00+00:00,3312.0,3314.0,3312.0,3312.0,22.7543,2025,4,16
2025-04-16 06:40:00+00:00,3311.0,3311.0,3309.0,3309.0,3.0352,2025,4,16
2025-04-16 06:45:00+00:00,3309.0,3310.0,3306.0,3308.0,14.6866,2025,4,16
2025-04-16 06:50:00+00:00,3308.0,3311.0,3308.0,3311.0,21.2906,2025,4,16
2025-04-16 06:55:00+00:00,3311.0,3311.0,3308.0,3308.0,4.611,2025,4,16
2025-04-16 07:00:00+00:00,3309.0,3315.0,3309.0,3312.0,8.3332,2025,4,16
2025-04-16 07:05:00+00:00,3313.0,3313.0,3310.0,3311.0,8.4426,2025,4,16
2025-04-16 07:10:00+00:00,3310.0,3314.0,3310.0,3313.0,11.1499,2025,4,16
2025-04-16 07:15:00+00:00,3314.0,3314.0,3300.0,3311.0,179.2977,2025,4,16
2025-04-16 07:20:00+00:00,3310.0,3311.0,3306.0,3309.0,40.7644,2025,4,16
2025-04-16 07:25:00+00:00,3308.0,3314.0,3308.0,3314.0,30.4105,2025,4,16
2025-04-16 07:30:00+00:00,3313.0,3314.0,3310.0,3313.0,14.8933,2025,4,16
2025-04-16 07:35:00+00:00,3313.0,3314.0,3312.0,3313.0,8.6173,2025,4,16
2025-04-16 07:40:00+00:00,3312.0,3317.0,3312.0,3314.0,36.3896,2025,4,16
2025-04-16 07:45:00+00:00,3313.0,3316.0,3313.0,3314.0,6.9717,2025,4,16
2025-04-16 07:50:00+00:00,3314.0,3317.0,3314.0,3316.0,9.2654,2025,4,16
2025-04-16 07:55:00+00:00,3316.0,3319.0,3315.0,3317.0,37.262,2025,4,16
2025-04-16 08:00:00+00:00,3316.0,3325.0,3316.0,3325.0,43.034,2025,4,16
2025-04-16 08:05:00+00:00,3324.0,3327.0,3323.0,3325.0,26.514,2025,4,16
2025-04-16 08:10:00+00:00,3325.0,3327.0,3323.0,3327.0,17.0714,2025,4,16
2025-04-16 08:15:00+00:00,3328.0,3336.0,3327.0,3331.0,137.0374,2025,4,16
2025-04-16 08:20:00+00:00,3330.0,3334.0,3329.0,3331.0,67.3659,2025,4,16
2025-04-16 08:25:00+00:00,3332.0,3335.0,3324.0,3326.0,145.111,2025,4,16
2025-04-16 08:30:00+00:00,3325.0,3326.0,3311.0,3315.0,68.4928,2025,4,16
2025-04-16 08:35:00+00:00,3316.0,3316.0,3307.0,3311.0,77.4069,2025,4,16
2025-04-16 08:40:00+00:00,3311.0,3314.0,3310.0,3311.0,11.9534,2025,4,16
2025-04-16 08:45:00+00:00,3311.0,3319.0,3311.0,3319.0,22.4423,2025,4,16
2025-04-16 08:50:00+00:00,3319.0,3325.0,3319.0,3324.0,21.9642,2025,4,16
2025-04-16 08:55:00+00:00,3325.0,3326.0,3323.0,3323.0,17.7614,2025,4,16
2025-04-16 09:00:00+00:00,3324.0,3325.0,3323.0,3325.0,5.7295,2025,4,16
2025-04-16 09:05:00+00:00,3324.0,3325.0,3318.0,3320.0,36.0896,2025,4,16
2025-04-16 09:10:00+00:00,3321.0,3325.0,3320.0,3324.0,18.3942,2025,4,16
2025-04-16 09:15:00+00:00,3325.0,3327.0,3323.0,3326.0,26.4694,2025,4,16
2025-04-16 09:20:00+00:00,3326.0,3327.0,3323.0,3324.0,1.805,2025,4,16
2025-04-16 09:25:00+00:00,3324.0,3327.0,3322.0,3322.0,15.0091,2025,4,16
2025-04-16 09:30:00+00:00,3322.0,3322.0,3317.0,3321.0,58.1976,2025,4,16
2025-04-16 09:35:00+00:00,3320.0,3322.0,3320.0,3322.0,11.7634,2025,4,16
2025-04-16 09:40:00+00:00,3321.0,3323.0,3318.0,3319.0,25.8428,2025,4,16
2025-04-16 09:45:00+00:00,3319.0,3323.0,3319.0,3322.0,15.0732,2025,4,16
2025-04-16 09:50:00+00:00,3322.0,3325.0,3322.0,3323.0,14.0157,2025,4,16
2025-04-16 09:55:00+00:00,3324.0,3326.0,3324.0,3324.0,30.5741,2025,4,16
2025-04-16 10:00:00+00:00,3325.0,3328.0,3325.0,3326.0,42.3454,2025,4,16
2025-04-16 10:05:00+00:00,3326.0,3329.0,3325.0,3326.0,50.7198,2025,4,16
2025-04-16 10:10:00+00:00,3326.0,3328.0,3325.0,3326.0,41.9935,2025,4,16
2025-04-16 10:15:00+00:00,3326.0,3328.0,3325.0,3327.0,16.3033,2025,4,16
2025-04-16 10:20:00+00:00,3327.0,3329.0,3326.0,3327.0,15.2369,2025,4,16
2025-04-16 10:25:00+00:00,3327.0,3329.0,3327.0,3327.0,12.1023,2025,4,16
2025-04-16 10:30:00+00:00,3327.0,3328.0,3325.0,3328.0,5.4738,2025,4,16
2025-04-16 10:35:00+00:00,3327.0,3330.0,3327.0,3329.0,20.0802,2025,4,16
2025-04-16 10:40:00+00:00,3329.0,3331.0,3327.0,3331.0,25.8025,2025,4,16
2025-04-16 10:45:00+00:00,3330.0,3331.0,3327.0,3328.0,14.3006,2025,4,16
2025-04-16 10:50:00+00:00,3328.0,3329.0,3328.0,3328.0,6.6376,2025,4,16
2025-04-16 10:55:00+00:00,3328.0,3330.0,3328.0,3330.0,7.3216,2025,4,16
2025-04-16 11:00:00+00:00,3330.0,3331.0,3326.0,3328.0,31.0962,2025,4,16
2025-04-16 11:05:00+00:00,3327.0,3327.0,3323.0,3324.0,26.5494,2025,4,16
2025-04-16 11:10:00+00:00,3324.0,3325.0,3321.0,3322.0,24.9137,2025,4,16
2025-04-16 11:15:00+00:00,3322.0,3323.0,3320.0,3322.0,8.677,2025,4,16
2025-04-16 11:20:00+00:00,3323.0,3323.0,3318.0,3320.0,30.5909,2025,4,16
2025-04-16 11:25:00+00:00,3320.0,3321.0,3318.0,3318.0,23.9593,2025,4,16
2025-04-16 11:30:00+00:00,3319.0,3322.0,3318.0,3322.0,4.639,2025,4,16
2025-04-16 11:35:00+00:00,3321.0,3322.0,3319.0,3320.0,14.6441,2025,4,16
2025-04-16 11:40:00+00:00,3320.0,3325.0,3320.0,3324.0,21.9833,2025,4,16
2025-04-16 11:45:00+00:00,3325.0,3330.0,3324.0,3329.0,39.3998,2025,4,16
2025-04-16 11:50:00+00:00,3329.0,3331.0,3328.0,3330.0,10.6215,2025,4,16
2025-04-16 11:55:00+00:00,3330.0,3333.0,3328.0,3330.0,31.8724,2025,4,16
2025-04-16 12:00:00+00:00,3329.0,3329.0,3324.0,3324.0,14.7134,2025,4,16
2025-04-16 12:05:00+00:00,3324.0,3330.0,3324.0,3329.0,27.7684,2025,4,16
2025-04-16 12:10:00+00:00,3330.0,3331.0,3328.0,3329.0,20.3541,2025,4,16
2025-04-16 12:15:00+00:00,3328.0,3329.0,3328.0,3328.0,3.3718,2025,4,16
2025-04-16 12:20:00+00:00,3328.0,3329.0,3324.0,3326.0,59.5382,2025,4,16
2025-04-16 12:25:00+00:00,3326.0,3330.0,3325.0,3330.0,9.3714,2025,4,16
2025-04-16 12:30:00+00:00,3329.0,3331.0,3328.0,3328.0,8.4114,2025,4,16
2025-04-16 12:35:00+00:00,3329.0,3331.0,3327.0,3330.0,27.646,2025,4,16
2025-04-16 12:40:00+00:00,3329.0,3345.0,3329.0,3340.0,120.4627,2025,4,16
2025-04-16 12:45:00+00:00,3339.0,3342.0,3335.0,3337.0,10.2694,2025,4,16
2025-04-16 12:50:00+00:00,3337.0,3339.0,3335.0,3336.0,31.0943,2025,4,16
2025-04-16 12:55:00+00:00,3336.0,3337.0,3332.0,3334.0,41.8724,2025,4,16
2025-04-16 13:00:00+00:00,3333.0,3336.0,3332.0,3332.0,25.7881,2025,4,16
2025-04-16 13:05:00+00:00,3333.0,3335.0,3332.0,3334.0,6.9382,2025,4,16
2025-04-16 13:10:00+00:00,3335.0,3338.0,3332.0,3333.0,25.8535,2025,4,16
2025-04-16 13:15:00+00:00,3333.0,3334.0,3330.0,3331.0,25.9987,2025,4,16
2025-04-16 13:20:00+00:00,3331.0,3335.0,3327.0,3328.0,44.228,2025,4,16
2025-04-16 13:25:00+00:00,3327.0,3332.0,3326.0,3332.0,18.1587,2025,4,16
2025-04-16 13:30:00+00:00,3332.0,3334.0,3329.0,3333.0,14.0598,2025,4,16
2025-04-16 13:35:00+00:00,3332.0,3333.0,3322.0,3324.0,60.494,2025,4,16
2025-04-16 13:40:00+00:00,3324.0,3326.0,3321.0,3322.0,58.4388,2025,4,16
2025-04-16 13:45:00+00:00,3322.0,3329.0,3322.0,3329.0,13.0974,2025,4,16
2025-04-16 13:50:00+00:00,3329.0,3334.0,3329.0,3334.0,19.5917,2025,4,16
2025-04-16 13:55:00+00:00,3334.0,3338.0,3332.0,3336.0,84.2554,2025,4,16
2025-04-16 14:00:00+00:00,3336.0,3342.0,3336.0,3342.0,35.3759,2025,4,16
2025-04-16 14:05:00+00:00,3342.0,3342.0,3336.0,3338.0,48.7113,2025,4,16
2025-04-16 14:10:00+00:00,3338.0,3338.0,3333.0,3335.0,51.9606,2025,4,16
2025-04-16 14:15:00+00:00,3335.0,3337.0,3333.0,3337.0,11.2452,2025,4,16
2025-04-16 14:20:00+00:00,3337.0,3339.0,3334.0,3337.0,48.4523,2025,4,16
2025-04-16 14:25:00+00:00,3337.0,3338.0,3336.0,3338.0,19.0895,2025,4,16
2025-04-16 14:30:00+00:00,3337.0,3338.0,3332.0,3334.0,72.8361,2025,4,16
2025-04-16 14:35:00+00:00,3332.0,3335.0,3326.0,3332.0,149.8589,2025,4,16
2025-04-16 14:40:00+00:00,3332.0,3336.0,3331.0,3334.0,45.2608,2025,4,16
2025-04-16 14:45:00+00:00,3334.0,3334.0,3328.0,3332.0,18.2919,2025,4,16
2025-04-16 14:50:00+00:00,3331.0,3333.0,3329.0,3331.0,23.5957,2025,4,16
2025-04-16 14:55:00+00:00,3330.0,3331.0,3327.0,3329.0,20.1777,2025,4,16
2025-04-16 15:00:00+00:00,3329.0,3333.0,3328.0,3333.0,29.7795,2025,4,16
2025-04-16 15:05:00+00:00,3333.0,3333.0,3328.0,3328.0,32.8308,2025,4,16
2025-04-16 15:10:00+00:00,3328.0,3329.0,3326.0,3329.0,23.7591,2025,4,16
2025-04-16 15:15:00+00:00,3329.0,3332.0,3329.0,3331.0,10.9948,2025,4,16
2025-04-16 15:20:00+00:00,3331.0,3332.0,3329.0,3329.0,9.2136,2025,4,16
2025-04-16 15:25:00+00:00,3330.0,3333.0,3329.0,3332.0,13.3963,2025,4,16
2025-04-16 15:30:00+00:00,3333.0,3339.0,3332.0,3336.0,15.8605,2025,4,16
2025-04-16 15:35:00+00:00,3336.0,3339.0,3336.0,3337.0,12.1179,2025,4,16
2025-04-16 15:40:00+00:00,3337.0,3344.0,3337.0,3343.0,22.7488,2025,4,16
2025-04-16 15:45:00+00:00,3343.0,3347.0,3341.0,3346.0,66.7973,2025,4,16
2025-04-16 15:50:00+00:00,3346.0,3350.0,3345.0,3349.0,80.3848,2025,4,16
2025-04-16 15:55:00+00:00,3349.0,3349.0,3347.0,3348.0,24.9524,2025,4,16
2025-04-16 16:00:00+00:00,3348.0,3353.0,3346.0,3349.0,33.9245,2025,4,16
2025-04-16 16:05:00+00:00,3349.0,3350.0,3348.0,3350.0,9.2783,2025,4,16
2025-04-16 16:10:00+00:00,3351.0,3353.0,3350.0,3353.0,28.1723,2025,4,16
2025-04-16 16:15:00+00:00,3352.0,3353.0,3350.0,3351.0,26.9788,2025,4,16
2025-04-16 16:20:00+00:00,3352.0,3359.0,3351.0,3357.0,81.8204,2025,4,16
2025-04-16 16:25:00+00:00,3358.0,3360.0,3354.0,3358.0,64.571,2025,4,16
2025-04-16 16:30:00+00:00,3357.0,3357.0,3354.0,3354.0,44.052,2025,4,16
2025-04-16 16:35:00+00:00,3354.0,3356.0,3351.0,3354.0,41.0414,2025,4,16
2025-04-16 16:40:00+00:00,3353.0,3353.0,3347.0,3347.0,31.7334,2025,4,16
2025-04-16 16:45:00+00:00,3346.0,3349.0,3345.0,3347.0,7.3829,2025,4,16
2025-04-16 16:50:00+00:00,3348.0,3351.0,3348.0,3350.0,11.6241,2025,4,16
2025-04-16 16:55:00+00:00,3350.0,3351.0,3348.0,3349.0,9.9998,2025,4,16
2025-04-16 17:00:00+00:00,3350.0,3352.0,3349.0,3350.0,14.9763,2025,4,16
2025-04-16 17:05:00+00:00,3350.0,3352.0,3344.0,3344.0,63.8496,2025,4,16
2025-04-16 17:10:00+00:00,3345.0,3348.0,3344.0,3346.0,17.7212,2025,4,16
2025-04-16 17:15:00+00:00,3347.0,3349.0,3345.0,3348.0,19.1289,2025,4,16
2025-04-16 17:20:00+00:00,3347.0,3348.0,3345.0,3348.0,25.3053,2025,4,16
2025-04-16 17:25:00+00:00,3348.0,3349.0,3346.0,3349.0,15.5822,2025,4,16
2025-04-16 17:30:00+00:00,3349.0,3351.0,3343.0,3349.0,80.7019,2025,4,16
2025-04-16 17:35:00+00:00,3349.0,3351.0,3348.0,3349.0,28.1062,2025,4,16
2025-04-16 17:40:00+00:00,3348.0,3349.0,3345.0,3345.0,10.7351,2025,4,16
2025-04-16 17:45:00+00:00,3346.0,3347.0,3344.0,3346.0,11.359,2025,4,16
2025-04-16 17:50:00+00:00,3347.0,3349.0,3347.0,3349.0,15.6742,2025,4,16
2025-04-16 17:55:00+00:00,3349.0,3349.0,3343.0,3344.0,66.9308,2025,4,16
2025-04-16 18:00:00+00:00,3344.0,3349.0,3342.0,3348.0,68.7135,2025,4,16
2025-04-16 18:05:00+00:00,3349.0,3354.0,3348.0,3350.0,74.7878,2025,4,16
2025-04-16 18:10:00+00:00,3350.0,3351.0,3349.0,3350.0,14.7463,2025,4,16
2025-04-16 18:15:00+00:00,3351.0,3355.0,3351.0,3353.0,29.6478,2025,4,16
2025-04-16 18:20:00+00:00,3354.0,3358.0,3353.0,3358.0,24.4567,2025,4,16
2025-04-16 18:25:00+00:00,3358.0,3360.0,3357.0,3359.0,21.3376,2025,4,16
2025-04-16 18:30:00+00:00,3359.0,3361.0,3359.0,3361.0,15.566,2025,4,16
2025-04-16 18:35:00+00:00,3361.0,3362.0,3357.0,3358.0,17.4968,2025,4,16
2025-04-16 18:40:00+00:00,3358.0,3359.0,3356.0,3357.0,14.0114,2025,4,16
2025-04-16 18:45:00+00:00,3357.0,3362.0,3357.0,3362.0,45.9063,2025,4,16
2025-04-16 18:50:00+00:00,3361.0,3364.0,3359.0,3359.0,15.2673,2025,4,16
2025-04-16 18:55:00+00:00,3360.0,3362.0,3359.0,3361.0,22.2871,2025,4,16
2025-04-16 19:00:00+00:00,3362.0,3364.0,3361.0,3361.0,18.1611,2025,4,16
2025-04-16 19:05:00+00:00,3362.0,3366.0,3362.0,3366.0,20.7387,2025,4,16
2025-04-16 19:10:00+00:00,3366.0,3366.0,3360.0,3360.0,17.2254,2025,4,16
2025-04-16 19:15:00+00:00,3361.0,3361.0,3359.0,3360.0,9.7866,2025,4,16
2025-04-16 19:20:00+00:00,3361.0,3364.0,3360.0,3363.0,11.9324,2025,4,16
2025-04-16 19:25:00+00:00,3364.0,3364.0,3362.0,3363.0,7.8881,2025,4,16
2025-04-16 19:30:00+00:00,3363.0,3363.0,3359.0,3362.0,10.8952,2025,4,16
2025-04-16 19:35:00+00:00,3361.0,3362.0,3361.0,3361.0,5.214,2025,4,16
2025-04-16 19:40:00+00:00,3361.0,3362.0,3359.0,3361.0,20.4131,2025,4,16
2025-04-16 19:45:00+00:00,3360.0,3364.0,3359.0,3364.0,16.8704,2025,4,16
2025-04-16 19:50:00+00:00,3364.0,3365.0,3361.0,3361.0,15.8546,2025,4,16
2025-04-16 19:55:00+00:00,3360.0,3362.0,3358.0,3359.0,18.5642,2025,4,16
2025-04-16 20:00:00+00:00,3359.0,3363.0,3358.0,3359.0,38.0433,2025,4,16
2025-04-16 20:05:00+00:00,3359.0,3360.0,3358.0,3359.0,14.5672,2025,4,16
2025-04-16 20:10:00+00:00,3359.0,3360.0,3356.0,3357.0,20.6557,2025,4,16
2025-04-16 20:15:00+00:00,3358.0,3359.0,3356.0,3358.0,17.4044,2025,4,16
2025-04-16 20:20:00+00:00,3358.0,3360.0,3356.0,3359.0,21.1867,2025,4,16
2025-04-16 20:25:00+00:00,3359.0,3360.0,3358.0,3359.0,20.7064,2025,4,16
2025-04-16 20:30:00+00:00,3360.0,3360.0,3358.0,3359.0,5.2227,2025,4,16
2025-04-16 20:35:00+00:00,3359.0,3360.0,3359.0,3359.0,4.1504,2025,4,16
2025-04-16 20:40:00+00:00,3359.0,3360.0,3358.0,3359.0,9.1827,2025,4,16
2025-04-16 20:45:00+00:00,3359.0,3360.0,3358.0,3358.0,43.477,2025,4,16
2025-04-16 20:50:00+00:00,3359.0,3360.0,3358.0,3358.0,17.8988,2025,4,16
2025-04-16 20:55:00+00:00,3358.0,3360.0,3358.0,3359.0,7.361,2025,4,16
2025-04-16 21:00:00+00:00,3360.0,3364.0,3359.0,3363.0,20.2914,2025,4,16
2025-04-16 21:05:00+00:00,3363.0,3365.0,3363.0,3364.0,7.1274,2025,4,16
2025-04-16 21:10:00+00:00,3364.0,3365.0,3362.0,3363.0,30.4027,2025,4,16
2025-04-16 21:15:00+00:00,3364.0,3366.0,3363.0,3365.0,9.1157,2025,4,16
2025-04-16 21:20:00+00:00,3365.0,3367.0,3364.0,3367.0,8.6148,2025,4,16
2025-04-16 21:25:00+00:00,3366.0,3367.0,3365.0,3365.0,10.1205,2025,4,16
2025-04-16 21:30:00+00:00,3366.0,3366.0,3365.0,3365.0,6.8561,2025,4,16
2025-04-16 21:35:00+00:00,3365.0,3367.0,3364.0,3365.0,10.8265,2025,4,16
2025-04-16 21:40:00+00:00,3366.0,3368.0,3366.0,3367.0,18.8449,2025,4,16
2025-04-16 21:45:00+00:00,3367.0,3368.0,3366.0,3367.0,8.8998,2025,4,16
2025-04-16 21:50:00+00:00,3367.0,3367.0,3366.0,3367.0,1.6463,2025,4,16
2025-04-16 21:55:00+00:00,3367.0,3367.0,3365.0,3365.0,23.2413,2025,4,16
2025-04-16 22:00:00+00:00,3366.0,3372.0,3365.0,3371.0,21.3237,2025,4,16
2025-04-16 22:05:00+00:00,3371.0,3375.0,3371.0,3375.0,3.3044,2025,4,16
2025-04-16 22:10:00+00:00,3374.0,3376.0,3374.0,3375.0,8.5348,2025,4,16
2025-04-16 22:15:00+00:00,3375.0,3380.0,3375.0,3380.0,34.9862,2025,4,16
2025-04-16 22:20:00+00:00,3379.0,3381.0,3378.0,3378.0,28.536,2025,4,16
2025-04-16 22:25:00+00:00,3379.0,3379.0,3378.0,3379.0,4.5864,2025,4,16
2025-04-16 22:30:00+00:00,3378.0,3379.0,3376.0,3378.0,13.5735,2025,4,16
2025-04-16 22:35:00+00:00,3378.0,3378.0,3375.0,3376.0,9.5542,2025,4,16
2025-04-16 22:40:00+00:00,3375.0,3380.0,3375.0,3380.0,10.9255,2025,4,16
2025-04-16 22:45:00+00:00,3379.0,3379.0,3377.0,3377.0,19.9894,2025,4,16
2025-04-16 22:50:00+00:00,3377.0,3378.0,3377.0,3378.0,6.4107,2025,4,16
2025-04-16 22:55:00+00:00,3378.0,3378.0,3376.0,3377.0,2.7538,2025,4,16
2025-04-16 23:00:00+00:00,3377.0,3379.0,3377.0,3378.0,4.3967,2025,4,16
2025-04-16 23:05:00+00:00,3378.0,3378.0,3375.0,3376.0,10.9232,2025,4,16
2025-04-16 23:10:00+00:00,3376.0,3377.0,3375.0,3375.0,8.4954,2025,4,16
2025-04-16 23:15:00+00:00,3376.0,3380.0,3375.0,3379.0,50.1431,2025,4,16
2025-04-16 23:20:00+00:00,3379.0,3379.0,3376.0,3379.0,9.5308,2025,4,16
2025-04-16 23:25:00+00:00,3379.0,3379.0,3377.0,3378.0,7.3692,2025,4,16
2025-04-16 23:30:00+00:00,3378.0,3379.0,3377.0,3378.0,5.2394,2025,4,16
2025-04-16 23:35:00+00:00,3378.0,3378.0,3376.0,3377.0,6.2295,2025,4,16
2025-04-16 23:40:00+00:00,3377.0,3378.0,3376.0,3378.0,8.1245,2025,4,16
2025-04-16 23:45:00+00:00,3377.0,3380.0,3377.0,3379.0,9.1334,2025,4,16
2025-04-16 23:50:00+00:00,3379.0,3379.0,3377.0,3377.0,7.6725,2025,4,16
2025-04-16 23:55:00+00:00,3378.0,3378.0,3377.0,3378.0,4.4799,2025,4,16
2025-04-17 00:00:00+00:00,3377.0,3378.0,3373.0,3373.0,66.4514,2025,4,17
2025-04-17 00:05:00+00:00,3374.0,3376.0,3373.0,3376.0,18.7274,2025,4,17
2025-04-17 00:10:00+00:00,3375.0,3378.0,3373.0,3374.0,53.4331,2025,4,17
2025-04-17 00:15:00+00:00,3374.0,3376.0,3373.0,3376.0,16.3437,2025,4,17
2025-04-17 00:20:00+00:00,3376.0,3376.0,3357.0,3368.0,434.777,2025,4,17
2025-04-17 00:25:00+00:00,3368.0,3373.0,3367.0,3372.0,44.7934,2025,4,17
2025-04-17 00:30:00+00:00,3372.0,3375.0,3372.0,3374.0,18.6504,2025,4,17
2025-04-17 00:35:00+00:00,3374.0,3377.0,3373.0,3376.0,23.3363,2025,4,17
2025-04-17 00:40:00+00:00,3376.0,3376.0,3372.0,3372.0,57.1135,2025,4,17
2025-04-17 00:45:00+00:00,3372.0,3375.0,3372.0,3375.0,4.683,2025,4,17
2025-04-17 00:50:00+00:00,3375.0,3376.0,3375.0,3376.0,1.3391,2025,4,17
2025-04-17 00:55:00+00:00,3375.0,3377.0,3372.0,3374.0,56.5065,2025,4,17
2025-04-17 01:00:00+00:00,3374.0,3375.0,3374.0,3375.0,7.4599,2025,4,17
2025-04-17 01:05:00+00:00,3375.0,3375.0,3374.0,3375.0,8.8221,2025,4,17
2025-04-17 01:10:00+00:00,3374.0,3380.0,3374.0,3379.0,20.8224,2025,4,17
2025-04-17 01:15:00+00:00,3380.0,3385.0,3379.0,3385.0,23.9544,2025,4,17
2025-04-17 01:20:00+00:00,3385.0,3385.0,3379.0,3381.0,18.266,2025,4,17
2025-04-17 01:25:00+00:00,3381.0,3384.0,3381.0,3381.0,31.2376,2025,4,17
2025-04-17 01:30:00+00:00,3380.0,3380.0,3368.0,3374.0,133.956,2025,4,17
2025-04-17 01:35:00+00:00,3374.0,3375.0,3368.0,3369.0,27.8552,2025,4,17
2025-04-17 01:40:00+00:00,3369.0,3371.0,3366.0,3368.0,30.2254,2025,4,17
2025-04-17 01:45:00+00:00,3369.0,3369.0,3355.0,3356.0,126.7277,2025,4,17
2025-04-17 01:50:00+00:00,3356.0,3356.0,3348.0,3350.0,151.2676,2025,4,17
2025-04-17 01:55:00+00:00,3349.0,3353.0,3345.0,3349.0,81.8337,2025,4,17
2025-04-17 02:00:00+00:00,3350.0,3352.0,3348.0,3350.0,94.6307,2025,4,17
2025-04-17 02:05:00+00:00,3351.0,3351.0,3349.0,3350.0,60.0517,2025,4,17
2025-04-17 02:10:00+00:00,3350.0,3351.0,3349.0,3351.0,99.9964,2025,4,17
2025-04-17 02:15:00+00:00,3351.0,3351.0,3350.0,3350.0,12.4399,2025,4,17
2025-04-17 02:20:00+00:00,3351.0,3357.0,3350.0,3357.0,115.0692,2025,4,17
2025-04-17 02:25:00+00:00,3357.0,3357.0,3355.0,3357.0,6.7626,2025,4,17
2025-04-17 02:30:00+00:00,3357.0,3357.0,3350.0,3353.0,30.5392,2025,4,17
2025-04-17 02:35:00+00:00,3352.0,3352.0,3346.0,3347.0,13.0652,2025,4,17
2025-04-17 02:40:00+00:00,3348.0,3349.0,3347.0,3348.0,9.3853,2025,4,17
2025-04-17 02:45:00+00:00,3348.0,3352.0,3348.0,3352.0,8.4579,2025,4,17
2025-04-17 02:50:00+00:00,3351.0,3353.0,3350.0,3352.0,12.162,2025,4,17
2025-04-17 02:55:00+00:00,3353.0,3359.0,3352.0,3358.0,34.1847,2025,4,17
2025-04-17 03:00:00+00:00,3357.0,3357.0,3355.0,3355.0,5.7784,2025,4,17
2025-04-17 03:05:00+00:00,3355.0,3356.0,3354.0,3355.0,6.5516,2025,4,17
2025-04-17 03:10:00+00:00,3355.0,3356.0,3353.0,3356.0,8.542,2025,4,17
2025-04-17 03:15:00+00:00,3356.0,3361.0,3356.0,3358.0,11.9503,2025,4,17
2025-04-17 03:20:00+00:00,3358.0,3359.0,3357.0,3357.0,4.4004,2025,4,17
2025-04-17 03:25:00+00:00,3358.0,3359.0,3356.0,3358.0,5.6903,2025,4,17
2025-04-17 03:30:00+00:00,3358.0,3361.0,3356.0,3360.0,14.1725,2025,4,17
2025-04-17 03:35:00+00:00,3361.0,3363.0,3359.0,3360.0,11.648,2025,4,17
2025-04-17 03:40:00+00:00,3361.0,3362.0,3359.0,3362.0,14.9286,2025,4,17
2025-04-17 03:45:00+00:00,3362.0,3363.0,3361.0,3362.0,20.1228,2025,4,17
2025-04-17 03:50:00+00:00,3362.0,3364.0,3361.0,3364.0,9.3376,2025,4,17
2025-04-17 03:55:00+00:00,3363.0,3365.0,3363.0,3365.0,17.4682,2025,4,17
2025-04-17 04:00:00+00:00,3366.0,3366.0,3358.0,3362.0,13.3781,2025,4,17
2025-04-17 04:05:00+00:00,3362.0,3363.0,3360.0,3361.0,5.7445,2025,4,17
2025-04-17 04:10:00+00:00,3362.0,3364.0,3361.0,3362.0,4.6674,2025,4,17
2025-04-17 04:15:00+00:00,3362.0,3363.0,3359.0,3359.0,0.9527,2025,4,17
2025-04-17 04:20:00+00:00,3359.0,3360.0,3358.0,3359.0,7.5538,2025,4,17
2025-04-17 04:25:00+00:00,3359.0,3362.0,3359.0,3361.0,4.8778,2025,4,17
2025-04-17 04:30:00+00:00,3362.0,3362.0,3359.0,3359.0,17.6622,2025,4,17
2025-04-17 04:35:00+00:00,3359.0,3360.0,3359.0,3359.0,11.0549,2025,4,17
2025-04-17 04:40:00+00:00,3359.0,3361.0,3359.0,3360.0,15.6127,2025,4,17
2025-04-17 04:45:00+00:00,3360.0,3361.0,3359.0,3360.0,12.6085,2025,4,17
2025-04-17 04:50:00+00:00,3360.0,3361.0,3360.0,3360.0,17.2089,2025,4,17
2025-04-17 04:55:00+00:00,3360.0,3362.0,3360.0,3361.0,28.11,2025,4,17
2025-04-17 05:00:00+00:00,3362.0,3364.0,3361.0,3363.0,13.588,2025,4,17
2025-04-17 05:05:00+00:00,3361.0,3362.0,3359.0,3360.0,18.2145,2025,4,17
2025-04-17 05:10:00+00:00,3359.0,3360.0,3353.0,3355.0,45.0053,2025,4,17
2025-04-17 05:15:00+00:00,3354.0,3359.0,3354.0,3356.0,22.6473,2025,4,17
2025-04-17 05:20:00+00:00,3357.0,3357.0,3355.0,3355.0,10.4565,2025,4,17
2025-04-17 05:25:00+00:00,3355.0,3356.0,3354.0,3355.0,9.7061,2025,4,17
2025-04-17 05:30:00+00:00,3354.0,3357.0,3354.0,3355.0,14.3079,2025,4,17
2025-04-17 05:35:00+00:00,3355.0,3356.0,3354.0,3354.0,24.8783,2025,4,17
2025-04-17 05:40:00+00:00,3354.0,3355.0,3348.0,3349.0,172.6139,2025,4,17
2025-04-17 05:45:00+00:00,3349.0,3352.0,3347.0,3350.0,21.3665,2025,4,17
2025-04-17 05:50:00+00:00,3349.0,3350.0,3347.0,3347.0,7.4356,2025,4,17
2025-04-17 05:55:00+00:00,3347.0,3348.0,3341.0,3345.0,69.826,2025,4,17
2025-04-17 06:00:00+00:00,3345.0,3346.0,3343.0,3343.0,16.7778,2025,4,17
2025-04-17 06:05:00+00:00,3344.0,3348.0,3344.0,3347.0,20.6352,2025,4,17
2025-04-17 06:10:00+00:00,3347.0,3350.0,3346.0,3350.0,9.2469,2025,4,17
2025-04-17 06:15:00+00:00,3350.0,3353.0,3349.0,3352.0,17.2087,2025,4,17
2025-04-17 06:20:00+00:00,3352.0,3353.0,3350.0,3350.0,26.333,2025,4,17
2025-04-17 06:25:00+00:00,3350.0,3350.0,3344.0,3345.0,10.7047,2025,4,17
2025-04-17 06:30:00+00:00,3345.0,3350.0,3345.0,3348.0,8.8841,2025,4,17
2025-04-17 06:35:00+00:00,3348.0,3350.0,3348.0,3349.0,5.1943,2025,4,17
2025-04-17 06:40:00+00:00,3349.0,3349.0,3345.0,3346.0,3.5091,2025,4,17
2025-04-17 06:45:00+00:00,3346.0,3348.0,3344.0,3348.0,10.5099,2025,4,17
2025-04-17 06:50:00+00:00,3347.0,3350.0,3346.0,3348.0,30.9147,2025,4,17
2025-04-17 06:55:00+00:00,3347.0,3348.0,3346.0,3346.0,3.5164,2025,4,17
2025-04-17 07:00:00+00:00,3346.0,3347.0,3340.0,3345.0,62.0875,2025,4,17
2025-04-17 07:05:00+00:00,3345.0,3345.0,3341.0,3342.0,10.886,2025,4,17
2025-04-17 07:10:00+00:00,3343.0,3343.0,3334.0,3337.0,46.8686,2025,4,17
2025-04-17 07:15:00+00:00,3337.0,3337.0,3331.0,3335.0,55.9273,2025,4,17
2025-04-17 07:20:00+00:00,3336.0,3338.0,3333.0,3336.0,22.545,2025,4,17
2025-04-17 07:25:00+00:00,3337.0,3338.0,3331.0,3336.0,66.7812,2025,4,17
2025-04-17 07:30:00+00:00,3335.0,3337.0,3333.0,3334.0,29.8403,2025,4,17
2025-04-17 07:35:00+00:00,3334.0,3341.0,3332.0,3341.0,73.8892,2025,4,17
2025-04-17 07:40:00+00:00,3341.0,3344.0,3339.0,3344.0,32.2858,2025,4,17
2025-04-17 07:45:00+00:00,3343.0,3344.0,3341.0,3341.0,12.1119,2025,4,17
2025-04-17 07:50:00+00:00,3341.0,3343.0,3341.0,3343.0,9.9098,2025,4,17
2025-04-17 07:55:00+00:00,3343.0,3344.0,3342.0,3342.0,13.1896,2025,4,17
2025-04-17 08:00:00+00:00,3343.0,3344.0,3340.0,3340.0,3.7369,2025,4,17
2025-04-17 08:05:00+00:00,3340.0,3344.0,3339.0,3344.0,10.8113,2025,4,17
2025-04-17 08:10:00+00:00,3343.0,3344.0,3342.0,3343.0,3.9517,2025,4,17
2025-04-17 08:15:00+00:00,3343.0,3344.0,3342.0,3342.0,10.688,2025,4,17
2025-04-17 08:20:00+00:00,3341.0,3343.0,3339.0,3340.0,40.3449,2025,4,17
2025-04-17 08:25:00+00:00,3341.0,3341.0,3339.0,3340.0,3.3403,2025,4,17
2025-04-17 08:30:00+00:00,3339.0,3339.0,3334.0,3335.0,32.3528,2025,4,17
2025-04-17 08:35:00+00:00,3335.0,3336.0,3333.0,3334.0,4.4744,2025,4,17
2025-04-17 08:40:00+00:00,3335.0,3340.0,3335.0,3338.0,5.5105,2025,4,17
2025-04-17 08:45:00+00:00,3337.0,3338.0,3336.0,3338.0,1.4015,2025,4,17
2025-04-17 08:50:00+00:00,3338.0,3341.0,3338.0,3341.0,5.2691,2025,4,17
2025-04-17 08:55:00+00:00,3342.0,3343.0,3341.0,3343.0,3.6331,2025,4,17
2025-04-17 09:00:00+00:00,3342.0,3345.0,3342.0,3343.0,10.8834,2025,4,17
2025-04-17 09:05:00+00:00,3343.0,3343.0,3340.0,3340.0,1.8133,2025,4,17
2025-04-17 09:10:00+00:00,3340.0,3342.0,3340.0,3342.0,2.3268,2025,4,17
2025-04-17 09:15:00+00:00,3344.0,3346.0,3342.0,3345.0,7.3505,2025,4,17
2025-04-17 09:20:00+00:00,3345.0,3348.0,3345.0,3348.0,5.9464,2025,4,17
2025-04-17 09:25:00+00:00,3347.0,3348.0,3345.0,3346.0,5.4809,2025,4,17
2025-04-17 09:30:00+00:00,3346.0,3346.0,3340.0,3345.0,19.0486,2025,4,17
2025-04-17 09:35:00+00:00,3344.0,3346.0,3344.0,3346.0,0.8991,2025,4,17
2025-04-17 09:40:00+00:00,3345.0,3345.0,3343.0,3343.0,4.7222,2025,4,17
2025-04-17 09:45:00+00:00,3343.0,3345.0,3342.0,3345.0,8.7222,2025,4,17
2025-04-17 09:50:00+00:00,3345.0,3345.0,3341.0,3343.0,9.0087,2025,4,17
2025-04-17 09:55:00+00:00,3343.0,3345.0,3343.0,3345.0,5.4074,2025,4,17
2025-04-17 10:00:00+00:00,3344.0,3346.0,3343.0,3344.0,8.9756,2025,4,17
2025-04-17 10:05:00+00:00,3345.0,3346.0,3344.0,3345.0,1.7599,2025,4,17
2025-04-17 10:10:00+00:00,3345.0,3347.0,3345.0,3346.0,2.1137,2025,4,17
2025-04-17 10:15:00+00:00,3346.0,3348.0,3345.0,3346.0,11.6754,2025,4,17
2025-04-17 10:20:00+00:00,3347.0,3349.0,3346.0,3348.0,25.2309,2025,4,17
2025-04-17 10:25:00+00:00,3348.0,3353.0,3347.0,3350.0,20.3999,2025,4,17
2025-04-17 10:30:00+00:00,3350.0,3351.0,3348.0,3350.0,37.3314,2025,4,17
2025-04-17 10:35:00+00:00,3350.0,3354.0,3350.0,3353.0,12.8232,2025,4,17
2025-04-17 10:40:00+00:00,3353.0,3354.0,3352.0,3353.0,20.9044,2025,4,17
2025-04-17 10:45:00+00:00,3352.0,3355.0,3352.0,3354.0,17.3565,2025,4,17
2025-04-17 10:50:00+00:00,3353.0,3354.0,3353.0,3354.0,4.768,2025,4,17
2025-04-17 10:55:00+00:00,3353.0,3354.0,3352.0,3353.0,16.7535,2025,4,17
2025-04-17 11:00:00+00:00,3353.0,3355.0,3352.0,3355.0,14.3038,2025,4,17
2025-04-17 11:05:00+00:00,3354.0,3355.0,3353.0,3355.0,3.9849,2025,4,17
2025-04-17 11:10:00+00:00,3354.0,3356.0,3354.0,3355.0,18.1624,2025,4,17
2025-04-17 11:15:00+00:00,3355.0,3357.0,3353.0,3356.0,20.6667,2025,4,17
2025-04-17 11:20:00+00:00,3356.0,3357.0,3355.0,3355.0,27.8134,2025,4,17
2025-04-17 11:25:00+00:00,3355.0,3355.0,3350.0,3351.0,50.8135,2025,4,17
2025-04-17 11:30:00+00:00,3351.0,3352.0,3350.0,3351.0,4.7736,2025,4,17
2025-04-17 11:35:00+00:00,3350.0,3352.0,3349.0,3349.0,33.7813,2025,4,17
2025-04-17 11:40:00+00:00,3350.0,3350.0,3348.0,3349.0,0.6086,2025,4,17
2025-04-17 11:45:00+00:00,3348.0,3349.0,3345.0,3346.0,17.4729,2025,4,17
2025-04-17 11:50:00+00:00,3346.0,3347.0,3345.0,3346.0,27.1103,2025,4,17
2025-04-17 11:55:00+00:00,3346.0,3350.0,3345.0,3350.0,18.6604,2025,4,17
2025-04-17 12:00:00+00:00,3350.0,3352.0,3350.0,3352.0,19.0673,2025,4,17
2025-04-17 12:05:00+00:00,3352.0,3354.0,3352.0,3354.0,11.8296,2025,4,17
2025-04-17 12:10:00+00:00,3354.0,3358.0,3353.0,3358.0,30.1464,2025,4,17
2025-04-17 12:15:00+00:00,3358.0,3360.0,3355.0,3357.0,20.0093,2025,4,17
2025-04-17 12:20:00+00:00,3356.0,3356.0,3350.0,3351.0,6.812,2025,4,17
2025-04-17 12:25:00+00:00,3351.0,3351.0,3346.0,3347.0,8.2405,2025,4,17
2025-04-17 12:30:00+00:00,3347.0,3350.0,3346.0,3349.0,11.3334,2025,4,17
2025-04-17 12:35:00+00:00,3348.0,3352.0,3348.0,3349.0,87.5353,2025,4,17
2025-04-17 12:40:00+00:00,3349.0,3349.0,3347.0,3347.0,6.8597,2025,4,17
2025-04-17 12:45:00+00:00,3346.0,3353.0,3346.0,3352.0,98.785,2025,4,17
2025-04-17 12:50:00+00:00,3351.0,3351.0,3349.0,3350.0,6.07,2025,4,17
2025-04-17 12:55:00+00:00,3350.0,3350.0,3347.0,3348.0,19.6472,2025,4,17
2025-04-17 13:00:00+00:00,3348.0,3350.0,3347.0,3347.0,36.908,2025,4,17
2025-04-17 13:05:00+00:00,3347.0,3351.0,3347.0,3351.0,3.2018,2025,4,17
2025-04-17 13:10:00+00:00,3351.0,3351.0,3349.0,3350.0,3.4552,2025,4,17
2025-04-17 13:15:00+00:00,3350.0,3350.0,3349.0,3350.0,0.7127,2025,4,17
2025-04-17 13:20:00+00:00,3350.0,3350.0,3344.0,3344.0,6.2663,2025,4,17
2025-04-17 13:25:00+00:00,3343.0,3345.0,3342.0,3343.0,3.3211,2025,4,17
2025-04-17 13:30:00+00:00,3344.0,3345.0,3341.0,3344.0,13.3564,2025,4,17
2025-04-17 13:35:00+00:00,3345.0,3350.0,3344.0,3349.0,12.91,2025,4,17
2025-04-17 13:40:00+00:00,3350.0,3353.0,3350.0,3351.0,5.1019,2025,4,17
2025-04-17 13:45:00+00:00,3350.0,3351.0,3345.0,3346.0,5.2244,2025,4,17
2025-04-17 13:50:00+00:00,3346.0,3346.0,3340.0,3341.0,46.506,2025,4,17
2025-04-17 13:55:00+00:00,3340.0,3341.0,3335.0,3336.0,13.8455,2025,4,17
2025-04-17 14:00:00+00:00,3336.0,3336.0,3330.0,3331.0,20.6635,2025,4,17
2025-04-17 14:05:00+00:00,3331.0,3334.0,3330.0,3330.0,37.0335,2025,4,17
2025-04-17 14:10:00+00:00,3330.0,3333.0,3329.0,3332.0,33.5511,2025,4,17
2025-04-17 14:15:00+00:00,3332.0,3335.0,3330.0,3332.0,34.7571,2025,4,17
2025-04-17 14:20:00+00:00,3331.0,3333.0,3326.0,3331.0,42.6133,2025,4,17
2025-04-17 14:25:00+00:00,3330.0,3331.0,3324.0,3326.0,30.1855,2025,4,17
2025-04-17 14:30:00+00:00,3325.0,3327.0,3314.0,3317.0,105.349,2025,4,17
2025-04-17 14:35:00+00:00,3317.0,3320.0,3309.0,3318.0,85.8247,2025,4,17
2025-04-17 14:40:00+00:00,3318.0,3321.0,3317.0,3320.0,28.6227,2025,4,17
2025-04-17 14:45:00+00:00,3320.0,3320.0,3313.0,3313.0,28.7255,2025,4,17
2025-04-17 14:50:00+00:00,3314.0,3315.0,3310.0,3312.0,20.9862,2025,4,17
2025-04-17 14:55:00+00:00,3312.0,3315.0,3311.0,3314.0,18.3258,2025,4,17
2025-04-17 15:00:00+00:00,3314.0,3319.0,3313.0,3318.0,8.7723,2025,4,17
2025-04-17 15:05:00+00:00,3318.0,3323.0,3316.0,3320.0,34.5759,2025,4,17
2025-04-17 15:10:00+00:00,3319.0,3326.0,3319.0,3324.0,23.331,2025,4,17
2025-04-17 15:15:00+00:00,3323.0,3327.0,3321.0,3327.0,16.6395,2025,4,17
2025-04-17 15:20:00+00:00,3326.0,3326.0,3321.0,3322.0,45.2573,2025,4,17
2025-04-17 15:25:00+00:00,3322.0,3324.0,3320.0,3321.0,20.3023,2025,4,17
2025-04-17 15:30:00+00:00,3321.0,3322.0,3319.0,3319.0,8.0802,2025,4,17
2025-04-17 15:35:00+00:00,3319.0,3322.0,3316.0,3321.0,19.7586,2025,4,17
2025-04-17 15:40:00+00:00,3321.0,3325.0,3318.0,3321.0,42.7004,2025,4,17
2025-04-17 15:45:00+00:00,3321.0,3322.0,3319.0,3320.0,6.6899,2025,4,17
2025-04-17 15:50:00+00:00,3320.0,3323.0,3319.0,3319.0,28.8446,2025,4,17
2025-04-17 15:55:00+00:00,3319.0,3320.0,3317.0,3317.0,20.6206,2025,4,17
2025-04-17 16:00:00+00:00,3317.0,3319.0,3316.0,3318.0,8.8953,2025,4,17
2025-04-17 16:05:00+00:00,3319.0,3323.0,3318.0,3322.0,10.975,2025,4,17
2025-04-17 16:10:00+00:00,3322.0,3323.0,3322.0,3322.0,2.8561,2025,4,17
2025-04-17 16:15:00+00:00,3322.0,3327.0,3322.0,3326.0,10.7518,2025,4,17
2025-04-17 16:20:00+00:00,3326.0,3331.0,3326.0,3331.0,4.2599,2025,4,17
2025-04-17 16:25:00+00:00,3331.0,3331.0,3328.0,3329.0,6.2638,2025,4,17
2025-04-17 16:30:00+00:00,3330.0,3330.0,3328.0,3329.0,53.2886,2025,4,17
2025-04-17 16:35:00+00:00,3330.0,3330.0,3329.0,3329.0,13.0827,2025,4,17
2025-04-17 16:40:00+00:00,3330.0,3332.0,3328.0,3328.0,9.5924,2025,4,17
2025-04-17 16:45:00+00:00,3328.0,3335.0,3327.0,3334.0,12.477,2025,4,17
2025-04-17 16:50:00+00:00,3334.0,3338.0,3333.0,3337.0,5.7003,2025,4,17
2025-04-17 16:55:00+00:00,3337.0,3337.0,3333.0,3333.0,8.2347,2025,4,17
2025-04-17 17:00:00+00:00,3334.0,3336.0,3333.0,3335.0,3.3193,2025,4,17
2025-04-17 17:05:00+00:00,3336.0,3340.0,3336.0,3338.0,11.1148,2025,4,17
2025-04-17 17:10:00+00:00,3339.0,3342.0,3338.0,3340.0,19.7116,2025,4,17
2025-04-17 17:15:00+00:00,3341.0,3342.0,3338.0,3339.0,10.8929,2025,4,17
2025-04-17 17:20:00+00:00,3340.0,3340.0,3336.0,3336.0,10.3961,2025,4,17
2025-04-17 17:25:00+00:00,3336.0,3337.0,3334.0,3334.0,6.1473,2025,4,17
2025-04-17 17:30:00+00:00,3334.0,3337.0,3334.0,3335.0,11.9236,2025,4,17
2025-04-17 17:35:00+00:00,3335.0,3341.0,3335.0,3337.0,33.7374,2025,4,17
2025-04-17 17:40:00+00:00,3337.0,3340.0,3337.0,3338.0,22.6713,2025,4,17
2025-04-17 17:45:00+00:00,3338.0,3340.0,3338.0,3339.0,16.8176,2025,4,17
2025-04-17 17:50:00+00:00,3339.0,3342.0,3339.0,3340.0,11.9805,2025,4,17
2025-04-17 17:55:00+00:00,3340.0,3341.0,3336.0,3337.0,10.4643,2025,4,17
2025-04-17 18:00:00+00:00,3338.0,3338.0,3332.0,3334.0,60.0737,2025,4,17
2025-04-17 18:05:00+00:00,3335.0,3337.0,3333.0,3335.0,20.242,2025,4,17
2025-04-17 18:10:00+00:00,3336.0,3338.0,3335.0,3335.0,16.9031,2025,4,17
2025-04-17 18:15:00+00:00,3335.0,3337.0,3334.0,3334.0,9.8541,2025,4,17
2025-04-17 18:20:00+00:00,3334.0,3336.0,3334.0,3335.0,5.2647,2025,4,17
2025-04-17 18:25:00+00:00,3336.0,3339.0,3336.0,3337.0,19.3688,2025,4,17
2025-04-17 18:30:00+00:00,3337.0,3337.0,3332.0,3333.0,29.5777,2025,4,17
2025-04-17 18:35:00+00:00,3333.0,3337.0,3333.0,3336.0,18.8013,2025,4,17
2025-04-17 18:40:00+00:00,3336.0,3337.0,3333.0,3333.0,9.1656,2025,4,17
2025-04-17 18:45:00+00:00,3333.0,3334.0,3330.0,3332.0,14.7945,2025,4,17
2025-04-17 18:50:00+00:00,3332.0,3338.0,3331.0,3337.0,12.2387,2025,4,17
2025-04-17 18:55:00+00:00,3338.0,3339.0,3337.0,3338.0,8.6183,2025,4,17
2025-04-17 19:00:00+00:00,3338.0,3338.0,3337.0,3337.0,10.5985,2025,4,17
2025-04-17 19:05:00+00:00,3337.0,3337.0,3334.0,3334.0,4.27,2025,4,17
2025-04-17 19:10:00+00:00,3334.0,3335.0,3332.0,3332.0,3.3006,2025,4,17
2025-04-17 19:15:00+00:00,3333.0,3333.0,3329.0,3332.0,6.3388,2025,4,17
2025-04-17 19:20:00+00:00,3331.0,3332.0,3329.0,3330.0,7.2474,2025,4,17
2025-04-17 19:25:00+00:00,3331.0,3333.0,3330.0,3330.0,4.608,2025,4,17
2025-04-17 19:30:00+00:00,3330.0,3335.0,3330.0,3334.0,11.4919,2025,4,17
2025-04-17 19:35:00+00:00,3334.0,3337.0,3333.0,3336.0,14.9325,2025,4,17
2025-04-17 19:40:00+00:00,3337.0,3338.0,3336.0,3336.0,7.6864,2025,4,17
2025-04-17 19:45:00+00:00,3336.0,3338.0,3336.0,3336.0,16.184,2025,4,17
2025-04-17 19:50:00+00:00,3337.0,3342.0,3335.0,3340.0,25.7969,2025,4,17
2025-04-17 19:55:00+00:00,3340.0,3341.0,3338.0,3338.0,9.5328,2025,4,17
2025-04-17 20:00:00+00:00,3339.0,3339.0,3336.0,3336.0,9.6038,2025,4,17
2025-04-17 20:05:00+00:00,3336.0,3338.0,3335.0,3337.0,9.0447,2025,4,17
2025-04-17 20:10:00+00:00,3338.0,3340.0,3337.0,3338.0,7.5802,2025,4,17
2025-04-17 20:15:00+00:00,3339.0,3340.0,3336.0,3336.0,12.8199,2025,4,17
2025-04-17 20:20:00+00:00,3336.0,3341.0,3335.0,3340.0,22.127,2025,4,17
2025-04-17 20:25:00+00:00,3341.0,3341.0,3339.0,3340.0,13.0089,2025,4,17
2025-04-17 20:30:00+00:00,3340.0,3341.0,3339.0,3339.0,15.234,2025,4,17
2025-04-17 20:35:00+00:00,3339.0,3342.0,3339.0,3342.0,14.0169,2025,4,17
2025-04-17 20:40:00+00:00,3342.0,3343.0,3341.0,3342.0,22.9776,2025,4,17
2025-04-17 20:45:00+00:00,3342.0,3343.0,3342.0,3342.0,11.1818,2025,4,17
2025-04-17 20:50:00+00:00,3343.0,3344.0,3341.0,3343.0,44.8133,2025,4,17
2025-04-17 20:55:00+00:00,3343.0,3343.0,3341.0,3342.0,6.6163,2025,4,17
2025-04-17 21:00:00+00:00,3341.0,3342.0,3341.0,3341.0,3.3881,2025,4,17
2025-04-17 21:05:00+00:00,3342.0,3342.0,3341.0,3341.0,3.3373,2025,4,17
2025-04-17 21:10:00+00:00,3341.0,3342.0,3340.0,3340.0,10.3831,2025,4,17
2025-04-17 21:15:00+00:00,3340.0,3342.0,3340.0,3341.0,4.8701,2025,4,17
2025-04-17 21:20:00+00:00,3341.0,3342.0,3338.0,3338.0,65.703,2025,4,17
2025-04-17 21:25:00+00:00,3339.0,3339.0,3338.0,3338.0,6.1765,2025,4,17
2025-04-17 21:30:00+00:00,3338.0,3341.0,3338.0,3341.0,6.1243,2025,4,17
2025-04-17 21:35:00+00:00,3341.0,3341.0,3339.0,3340.0,3.8368,2025,4,17
2025-04-17 21:40:00+00:00,3340.0,3340.0,3338.0,3338.0,7.1954,2025,4,17
2025-04-17 21:45:00+00:00,3338.0,3340.0,3338.0,3339.0,6.7269,2025,4,17
2025-04-17 21:50:00+00:00,3340.0,3340.0,3339.0,3339.0,3.1022,2025,4,17
2025-04-17 21:55:00+00:00,3339.0,3339.0,3337.0,3338.0,4.7058,2025,4,17
2025-04-17 22:00:00+00:00,3338.0,3340.0,3337.0,3340.0,7.8284,2025,4,17
2025-04-17 22:05:00+00:00,3340.0,3340.0,3338.0,3338.0,2.2195,2025,4,17
2025-04-17 22:10:00+00:00,3339.0,3339.0,3338.0,3338.0,1.4901,2025,4,17
2025-04-17 22:15:00+00:00,3338.0,3339.0,3338.0,3338.0,1.6713,2025,4,17
2025-04-17 22:20:00+00:00,3339.0,3341.0,3338.0,3340.0,10.2349,2025,4,17
2025-04-17 22:25:00+00:00,3340.0,3341.0,3340.0,3340.0,6.4044,2025,4,17
2025-04-17 22:30:00+00:00,3341.0,3341.0,3340.0,3340.0,5.2186,2025,4,17
2025-04-17 22:35:00+00:00,3341.0,3341.0,3339.0,3339.0,6.8284,2025,4,17
2025-04-17 22:40:00+00:00,3339.0,3340.0,3339.0,3340.0,2.8784,2025,4,17
2025-04-17 22:45:00+00:00,3340.0,3342.0,3340.0,3341.0,7.8553,2025,4,17
2025-04-17 22:50:00+00:00,3342.0,3342.0,3341.0,3341.0,2.3159,2025,4,17
2025-04-17 22:55:00+00:00,3342.0,3342.0,3340.0,3340.0,5.6838,2025,4,17
2025-04-17 23:00:00+00:00,3340.0,3342.0,3340.0,3341.0,5.7783,2025,4,17
2025-04-17 23:05:00+00:00,3341.0,3343.0,3341.0,3341.0,12.3074,2025,4,17
2025-04-17 23:10:00+00:00,3341.0,3342.0,3340.0,3341.0,8.4933,2025,4,17
2025-04-17 23:15:00+00:00,3342.0,3348.0,3342.0,3347.0,39.8184,2025,4,17
2025-04-17 23:20:00+00:00,3348.0,3349.0,3347.0,3347.0,27.2755,2025,4,17
2025-04-17 23:25:00+00:00,3347.0,3349.0,3347.0,3348.0,5.3048,2025,4,17
2025-04-17 23:30:00+00:00,3349.0,3349.0,3346.0,3346.0,7.6774,2025,4,17
2025-04-17 23:35:00+00:00,3346.0,3347.0,3344.0,3345.0,4.1375,2025,4,17
2025-04-17 23:40:00+00:00,3345.0,3346.0,3344.0,3345.0,5.2159,2025,4,17
2025-04-17 23:45:00+00:00,3346.0,3346.0,3345.0,3345.0,3.8556,2025,4,17
2025-04-17 23:50:00+00:00,3346.0,3346.0,3345.0,3345.0,1.8814,2025,4,17
2025-04-17 23:55:00+00:00,3345.0,3347.0,3345.0,3347.0,2.7378,2025,4,17
2025-04-18 00:00:00+00:00,3346.0,3346.0,3339.0,3341.0,45.5808,2025,4,18
2025-04-18 00:05:00+00:00,3341.0,3343.0,3340.0,3342.0,7.2454,2025,4,18
2025-04-18 00:10:00+00:00,3342.0,3343.0,3341.0,3341.0,10.2948,2025,4,18
2025-04-18 00:15:00+00:00,3341.0,3343.0,3341.0,3342.0,3.3072,2025,4,18
2025-04-18 00:20:00+00:00,3342.0,3343.0,3342.0,3342.0,2.5261,2025,4,18
2025-04-18 00:25:00+00:00,3342.0,3343.0,3342.0,3343.0,5.4976,2025,4,18
2025-04-18 00:30:00+00:00,3344.0,3344.0,3341.0,3342.0,7.4328,2025,4,18
2025-04-18 00:35:00+00:00,3342.0,3344.0,3342.0,3343.0,1.8965,2025,4,18
2025-04-18 00:40:00+00:00,3343.0,3344.0,3343.0,3343.0,1.3144,2025,4,18
2025-04-18 00:45:00+00:00,3343.0,3344.0,3340.0,3340.0,22.8933,2025,4,18
2025-04-18 00:50:00+00:00,3341.0,3342.0,3340.0,3341.0,2.2294,2025,4,18
2025-04-18 00:55:00+00:00,3342.0,3342.0,3341.0,3341.0,1.3793,2025,4,18
2025-04-18 01:00:00+00:00,3342.0,3343.0,3341.0,3342.0,1.915,2025,4,18
2025-04-18 01:05:00+00:00,3341.0,3342.0,3341.0,3341.0,1.4955,2025,4,18
2025-04-18 01:10:00+00:00,3341.0,3342.0,3341.0,3341.0,2.1432,2025,4,18
2025-04-18 01:15:00+00:00,3341.0,3342.0,3341.0,3341.0,3.1782,2025,4,18
2025-04-18 01:20:00+00:00,3342.0,3345.0,3341.0,3345.0,6.5645,2025,4,18
2025-04-18 01:25:00+00:00,3345.0,3345.0,3344.0,3344.0,4.5083,2025,4,18
2025-04-18 01:30:00+00:00,3345.0,3345.0,3343.0,3343.0,4.1439,2025,4,18
2025-04-18 01:35:00+00:00,3343.0,3344.0,3342.0,3344.0,4.0371,2025,4,18
2025-04-18 01:40:00+00:00,3344.0,3346.0,3343.0,3345.0,1.7432,2025,4,18
2025-04-18 01:45:00+00:00,3345.0,3346.0,3345.0,3345.0,1.354,2025,4,18
2025-04-18 01:50:00+00:00,3346.0,3349.0,3345.0,3348.0,6.9151,2025,4,18
2025-04-18 01:55:00+00:00,3348.0,3350.0,3348.0,3348.0,34.214,2025,4,18
2025-04-18 02:00:00+00:00,3348.0,3349.0,3347.0,3347.0,20.5455,2025,4,18
2025-04-18 02:05:00+00:00,3347.0,3348.0,3342.0,3342.0,69.6572,2025,4,18
2025-04-18 02:10:00+00:00,3342.0,3343.0,3341.0,3343.0,26.2375,2025,4,18
2025-04-18 02:15:00+00:00,3342.0,3348.0,3342.0,3347.0,23.4454,2025,4,18
2025-04-18 02:20:00+00:00,3347.0,3348.0,3343.0,3343.0,8.3741,2025,4,18
2025-04-18 02:25:00+00:00,3343.0,3344.0,3342.0,3342.0,6.7603,2025,4,18
2025-04-18 02:30:00+00:00,3342.0,3343.0,3340.0,3340.0,4.9926,2025,4,18
2025-04-18 02:35:00+00:00,3340.0,3344.0,3338.0,3344.0,28.2531,2025,4,18
2025-04-18 02:40:00+00:00,3344.0,3350.0,3342.0,3348.0,25.3799,2025,4,18
2025-04-18 02:45:00+00:00,3348.0,3348.0,3340.0,3341.0,58.1119,2025,4,18
2025-04-18 02:50:00+00:00,3341.0,3343.0,3341.0,3343.0,5.035,2025,4,18
2025-04-18 02:55:00+00:00,3343.0,3343.0,3342.0,3342.0,1.7517,2025,4,18
2025-04-18 03:00:00+00:00,3343.0,3343.0,3340.0,3341.0,5.1554,2025,4,18
2025-04-18 03:05:00+00:00,3340.0,3341.0,3340.0,3340.0,0.1392,2025,4,18
2025-04-18 03:10:00+00:00,3340.0,3341.0,3338.0,3338.0,1.9487,2025,4,18
2025-04-18 03:15:00+00:00,3339.0,3339.0,3338.0,3339.0,6.6807,2025,4,18
2025-04-18 03:20:00+00:00,3338.0,3339.0,3338.0,3338.0,0.7962,2025,4,18
2025-04-18 03:25:00+00:00,3339.0,3339.0,3337.0,3338.0,7.8264,2025,4,18
2025-04-18 03:30:00+00:00,3338.0,3339.0,3337.0,3338.0,5.2607,2025,4,18
2025-04-18 03:35:00+00:00,3338.0,3339.0,3338.0,3339.0,2.8104,2025,4,18
2025-04-18 03:40:00+00:00,3338.0,3340.0,3338.0,3340.0,10.5292,2025,4,18
2025-04-18 03:45:00+00:00,3340.0,3341.0,3339.0,3339.0,13.4465,2025,4,18
2025-04-18 03:50:00+00:00,3339.0,3341.0,3338.0,3341.0,12.9957,2025,4,18
2025-04-18 03:55:00+00:00,3341.0,3342.0,3340.0,3342.0,5.7759,2025,4,18
2025-04-18 04:00:00+00:00,3341.0,3344.0,3341.0,3343.0,8.022,2025,4,18
2025-04-18 04:05:00+00:00,3344.0,3346.0,3343.0,3344.0,20.2844,2025,4,18
2025-04-18 04:10:00+00:00,3345.0,3345.0,3344.0,3344.0,6.1045,2025,4,18
2025-04-18 04:15:00+00:00,3345.0,3345.0,3343.0,3344.0,18.3153,2025,4,18
2025-04-18 04:20:00+00:00,3343.0,3344.0,3343.0,3343.0,1.4863,2025,4,18
2025-04-18 04:25:00+00:00,3343.0,3344.0,3343.0,3343.0,9.0052,2025,4,18
2025-04-18 04:30:00+00:00,3343.0,3344.0,3343.0,3343.0,4.0864,2025,4,18
2025-04-18 04:35:00+00:00,3343.0,3345.0,3343.0,3345.0,13.9949,2025,4,18
2025-04-18 04:40:00+00:00,3344.0,3345.0,3342.0,3343.0,13.0266,2025,4,18
2025-04-18 04:45:00+00:00,3342.0,3343.0,3341.0,3342.0,31.4986,2025,4,18
2025-04-18 04:50:00+00:00,3342.0,3343.0,3342.0,3342.0,0.7833,2025,4,18
2025-04-18 04:55:00+00:00,3342.0,3345.0,3341.0,3344.0,35.7119,2025,4,18
2025-04-18 05:00:00+00:00,3344.0,3346.0,3343.0,3345.0,31.9017,2025,4,18
2025-04-18 05:05:00+00:00,3345.0,3346.0,3345.0,3345.0,3.7384,2025,4,18
2025-04-18 05:10:00+00:00,3345.0,3346.0,3344.0,3344.0,4.4192,2025,4,18
2025-04-18 05:15:00+00:00,3345.0,3347.0,3345.0,3347.0,5.2183,2025,4,18
2025-04-18 05:20:00+00:00,3346.0,3347.0,3346.0,3347.0,7.38,2025,4,18
2025-04-18 05:25:00+00:00,3347.0,3348.0,3347.0,3348.0,0.8905,2025,4,18
2025-04-18 05:30:00+00:00,3348.0,3350.0,3348.0,3349.0,6.9984,2025,4,18
2025-04-18 05:35:00+00:00,3349.0,3350.0,3348.0,3350.0,12.9555,2025,4,18
2025-04-18 05:40:00+00:00,3350.0,3354.0,3350.0,3351.0,98.1601,2025,4,18
2025-04-18 05:45:00+00:00,3350.0,3351.0,3349.0,3351.0,3.4086,2025,4,18
2025-04-18 05:50:00+00:00,3350.0,3352.0,3350.0,3351.0,5.1581,2025,4,18
2025-04-18 05:55:00+00:00,3352.0,3352.0,3350.0,3350.0,14.3222,2025,4,18
2025-04-18 06:00:00+00:00,3351.0,3352.0,3350.0,3351.0,4.7741,2025,4,18
2025-04-18 06:05:00+00:00,3350.0,3351.0,3349.0,3350.0,3.6564,2025,4,18
2025-04-18 06:10:00+00:00,3351.0,3352.0,3350.0,3352.0,33.7768,2025,4,18
2025-04-18 06:15:00+00:00,3353.0,3355.0,3353.0,3354.0,71.5586,2025,4,18
2025-04-18 06:20:00+00:00,3353.0,3354.0,3352.0,3352.0,8.5679,2025,4,18
2025-04-18 06:25:00+00:00,3352.0,3353.0,3352.0,3352.0,1.7212,2025,4,18
2025-04-18 06:30:00+00:00,3352.0,3352.0,3351.0,3352.0,1.3501,2025,4,18
2025-04-18 06:35:00+00:00,3352.0,3352.0,3351.0,3352.0,0.6532,2025,4,18
2025-04-18 06:40:00+00:00,3351.0,3352.0,3351.0,3351.0,3.8532,2025,4,18
2025-04-18 06:45:00+00:00,3351.0,3353.0,3351.0,3353.0,5.3971,2025,4,18
2025-04-18 06:50:00+00:00,3353.0,3353.0,3352.0,3352.0,0.4895,2025,4,18
2025-04-18 06:55:00+00:00,3352.0,3353.0,3352.0,3352.0,0.1803,2025,4,18
2025-04-18 07:00:00+00:00,3353.0,3353.0,3352.0,3352.0,4.1506,2025,4,18
2025-04-18 07:05:00+00:00,3352.0,3353.0,3352.0,3353.0,3.8844,2025,4,18
2025-04-18 07:10:00+00:00,3353.0,3354.0,3352.0,3352.0,21.415,2025,4,18
2025-04-18 07:15:00+00:00,3351.0,3352.0,3351.0,3352.0,1.0232,2025,4,18
2025-04-18 07:20:00+00:00,3352.0,3352.0,3348.0,3349.0,9.3918,2025,4,18
2025-04-18 07:25:00+00:00,3348.0,3350.0,3348.0,3349.0,8.5168,2025,4,18
2025-04-18 07:30:00+00:00,3350.0,3350.0,3348.0,3348.0,0.8447,2025,4,18
2025-04-18 07:35:00+00:00,3349.0,3353.0,3348.0,3351.0,16.4892,2025,4,18
2025-04-18 07:40:00+00:00,3350.0,3352.0,3350.0,3350.0,12.0302,2025,4,18
2025-04-18 07:45:00+00:00,3350.0,3350.0,3343.0,3343.0,19.7348,2025,4,18
2025-04-18 07:50:00+00:00,3343.0,3348.0,3343.0,3348.0,13.7614,2025,4,18
2025-04-18 07:55:00+00:00,3348.0,3350.0,3348.0,3349.0,5.2173,2025,4,18
2025-04-18 08:00:00+00:00,3350.0,3352.0,3348.0,3349.0,41.3256,2025,4,18
2025-04-18 08:05:00+00:00,3349.0,3350.0,3346.0,3348.0,6.8445,2025,4,18
2025-04-18 08:10:00+00:00,3348.0,3350.0,3348.0,3350.0,3.751,2025,4,18
2025-04-18 08:15:00+00:00,3349.0,3351.0,3349.0,3350.0,5.9781,2025,4,18
2025-04-18 08:20:00+00:00,3350.0,3351.0,3350.0,3350.0,0.8387,2025,4,18
2025-04-18 08:25:00+00:00,3351.0,3354.0,3351.0,3354.0,8.7293,2025,4,18
2025-04-18 08:30:00+00:00,3354.0,3354.0,3352.0,3353.0,2.6486,2025,4,18
2025-04-18 08:35:00+00:00,3352.0,3354.0,3351.0,3351.0,10.132,2025,4,18
2025-04-18 08:40:00+00:00,3352.0,3352.0,3350.0,3351.0,12.0804,2025,4,18
2025-04-18 08:45:00+00:00,3352.0,3352.0,3347.0,3348.0,13.4908,2025,4,18
2025-04-18 08:50:00+00:00,3348.0,3351.0,3348.0,3348.0,7.2989,2025,4,18
2025-04-18 08:55:00+00:00,3349.0,3350.0,3348.0,3349.0,0.8096,2025,4,18
2025-04-18 09:00:00+00:00,3349.0,3350.0,3349.0,3350.0,0.2238,2025,4,18
2025-04-18 09:05:00+00:00,3350.0,3352.0,3349.0,3352.0,10.4397,2025,4,18
2025-04-18 09:10:00+00:00,3351.0,3352.0,3351.0,3352.0,0.5478,2025,4,18
2025-04-18 09:15:00+00:00,3352.0,3352.0,3351.0,3351.0,1.3105,2025,4,18
2025-04-18 09:20:00+00:00,3351.0,3351.0,3350.0,3351.0,0.4374,2025,4,18
2025-04-18 09:25:00+00:00,3350.0,3351.0,3350.0,3351.0,0.3396,2025,4,18
2025-04-18 09:30:00+00:00,3350.0,3351.0,3350.0,3350.0,1.1219,2025,4,18
2025-04-18 09:35:00+00:00,3350.0,3351.0,3350.0,3350.0,2.3839,2025,4,18
2025-04-18 09:40:00+00:00,3351.0,3351.0,3350.0,3350.0,1.0493,2025,4,18
2025-04-18 09:45:00+00:00,3351.0,3351.0,3350.0,3351.0,1.6247,2025,4,18
2025-04-18 09:50:00+00:00,3351.0,3352.0,3351.0,3352.0,3.1999,2025,4,18
2025-04-18 09:55:00+00:00,3351.0,3352.0,3351.0,3352.0,0.9721,2025,4,18
2025-04-18 10:00:00+00:00,3351.0,3352.0,3350.0,3350.0,6.6771,2025,4,18
2025-04-18 10:05:00+00:00,3351.0,3352.0,3350.0,3351.0,5.4264,2025,4,18
2025-04-18 10:10:00+00:00,3352.0,3352.0,3351.0,3352.0,2.7849,2025,4,18
2025-04-18 10:15:00+00:00,3352.0,3353.0,3352.0,3353.0,5.744,2025,4,18
2025-04-18 10:20:00+00:00,3353.0,3354.0,3352.0,3354.0,10.4527,2025,4,18
2025-04-18 10:25:00+00:00,3353.0,3354.0,3353.0,3354.0,0.9998,2025,4,18
2025-04-18 10:30:00+00:00,3353.0,3354.0,3353.0,3354.0,1.2572,2025,4,18
2025-04-18 10:35:00+00:00,3354.0,3355.0,3353.0,3355.0,30.861,2025,4,18
2025-04-18 10:40:00+00:00,3355.0,3355.0,3354.0,3354.0,8.1359,2025,4,18
2025-04-18 10:45:00+00:00,3354.0,3355.0,3353.0,3354.0,13.8378,2025,4,18
2025-04-18 10:50:00+00:00,3353.0,3354.0,3353.0,3353.0,1.7937,2025,4,18
2025-04-18 10:55:00+00:00,3354.0,3355.0,3352.0,3354.0,30.8092,2025,4,18
2025-04-18 11:00:00+00:00,3354.0,3355.0,3354.0,3354.0,1.1847,2025,4,18
2025-04-18 11:05:00+00:00,3355.0,3355.0,3354.0,3354.0,0.5229,2025,4,18
2025-04-18 11:10:00+00:00,3353.0,3353.0,3352.0,3353.0,1.3393,2025,4,18
2025-04-18 11:15:00+00:00,3353.0,3355.0,3353.0,3354.0,15.7538,2025,4,18
2025-04-18 11:20:00+00:00,3354.0,3355.0,3353.0,3354.0,8.6976,2025,4,18
2025-04-18 11:25:00+00:00,3355.0,3355.0,3354.0,3355.0,0.2557,2025,4,18
2025-04-18 11:30:00+00:00,3355.0,3355.0,3354.0,3355.0,4.5673,2025,4,18
2025-04-18 11:35:00+00:00,3355.0,3355.0,3354.0,3355.0,0.5394,2025,4,18
2025-04-18 11:40:00+00:00,3355.0,3355.0,3354.0,3355.0,1.353,2025,4,18
2025-04-18 11:45:00+00:00,3354.0,3354.0,3353.0,3353.0,2.1912,2025,4,18
2025-04-18 11:50:00+00:00,3354.0,3354.0,3352.0,3352.0,5.6273,2025,4,18
2025-04-18 11:55:00+00:00,3351.0,3352.0,3350.0,3350.0,2.1775,2025,4,18
2025-04-18 12:00:00+00:00,3351.0,3351.0,3350.0,3351.0,1.644,2025,4,18
2025-04-18 12:05:00+00:00,3351.0,3355.0,3351.0,3353.0,24.0388,2025,4,18
2025-04-18 12:10:00+00:00,3353.0,3354.0,3352.0,3354.0,22.2039,2025,4,18
2025-04-18 12:15:00+00:00,3353.0,3353.0,3352.0,3352.0,2.5157,2025,4,18
2025-04-18 12:20:00+00:00,3353.0,3357.0,3353.0,3357.0,23.8957,2025,4,18
2025-04-18 12:25:00+00:00,3356.0,3360.0,3356.0,3360.0,13.7133,2025,4,18
2025-04-18 12:30:00+00:00,3360.0,3363.0,3359.0,3361.0,36.0734,2025,4,18
2025-04-18 12:35:00+00:00,3361.0,3361.0,3359.0,3359.0,5.3065,2025,4,18
2025-04-18 12:40:00+00:00,3360.0,3362.0,3359.0,3359.0,13.6798,2025,4,18
2025-04-18 12:45:00+00:00,3359.0,3360.0,3355.0,3355.0,37.2532,2025,4,18
2025-04-18 12:50:00+00:00,3354.0,3354.0,3351.0,3353.0,28.8177,2025,4,18
2025-04-18 12:55:00+00:00,3353.0,3355.0,3353.0,3354.0,3.7533,2025,4,18
2025-04-18 13:00:00+00:00,3354.0,3355.0,3353.0,3355.0,26.8101,2025,4,18
2025-04-18 13:05:00+00:00,3355.0,3357.0,3353.0,3355.0,29.3616,2025,4,18
2025-04-18 13:10:00+00:00,3355.0,3356.0,3353.0,3354.0,7.6952,2025,4,18
2025-04-18 13:15:00+00:00,3354.0,3356.0,3354.0,3354.0,22.8164,2025,4,18
2025-04-18 13:20:00+00:00,3353.0,3354.0,3352.0,3353.0,1.7009,2025,4,18
2025-04-18 13:25:00+00:00,3352.0,3357.0,3352.0,3355.0,30.9852,2025,4,18
2025-04-18 13:30:00+00:00,3356.0,3356.0,3355.0,3355.0,3.8151,2025,4,18
2025-04-18 13:35:00+00:00,3355.0,3355.0,3353.0,3353.0,9.3017,2025,4,18
2025-04-18 13:40:00+00:00,3354.0,3356.0,3353.0,3355.0,1.6176,2025,4,18
2025-04-18 13:45:00+00:00,3355.0,3356.0,3355.0,3356.0,0.7205,2025,4,18
2025-04-18 13:50:00+00:00,3356.0,3356.0,3356.0,3356.0,0.0788,2025,4,18
2025-04-18 13:55:00+00:00,3356.0,3360.0,3356.0,3357.0,35.2105,2025,4,18
2025-04-18 14:00:00+00:00,3356.0,3358.0,3356.0,3358.0,112.3575,2025,4,18
2025-04-18 14:05:00+00:00,3358.0,3359.0,3357.0,3359.0,0.8044,2025,4,18
2025-04-18 14:10:00+00:00,3358.0,3359.0,3357.0,3357.0,8.2043,2025,4,18
2025-04-18 14:15:00+00:00,3356.0,3357.0,3355.0,3355.0,6.5888,2025,4,18
2025-04-18 14:20:00+00:00,3355.0,3357.0,3355.0,3357.0,24.725,2025,4,18
2025-04-18 14:25:00+00:00,3357.0,3358.0,3355.0,3356.0,19.1092,2025,4,18
2025-04-18 14:30:00+00:00,3356.0,3357.0,3355.0,3357.0,15.2322,2025,4,18
2025-04-18 14:35:00+00:00,3357.0,3358.0,3357.0,3358.0,15.5472,2025,4,18
2025-04-18 14:40:00+00:00,3358.0,3358.0,3357.0,3358.0,0.4587,2025,4,18
2025-04-18 14:45:00+00:00,3358.0,3358.0,3356.0,3357.0,3.6758,2025,4,18
2025-04-18 14:50:00+00:00,3357.0,3357.0,3355.0,3355.0,11.5724,2025,4,18
2025-04-18 14:55:00+00:00,3356.0,3359.0,3355.0,3359.0,5.5332,2025,4,18
2025-04-18 15:00:00+00:00,3358.0,3359.0,3358.0,3359.0,4.7237,2025,4,18
2025-04-18 15:05:00+00:00,3359.0,3360.0,3358.0,3358.0,23.9064,2025,4,18
2025-04-18 15:10:00+00:00,3358.0,3364.0,3356.0,3357.0,115.3686,2025,4,18
2025-04-18 15:15:00+00:00,3357.0,3358.0,3356.0,3358.0,15.4622,2025,4,18
2025-04-18 15:20:00+00:00,3358.0,3359.0,3357.0,3359.0,8.48,2025,4,18
2025-04-18 15:25:00+00:00,3359.0,3359.0,3357.0,3357.0,31.34,2025,4,18
2025-04-18 15:30:00+00:00,3358.0,3359.0,3356.0,3358.0,63.2956,2025,4,18
2025-04-18 15:35:00+00:00,3358.0,3358.0,3357.0,3357.0,4.9803,2025,4,18
2025-04-18 15:40:00+00:00,3357.0,3358.0,3357.0,3358.0,1.1164,2025,4,18
2025-04-18 15:45:00+00:00,3358.0,3358.0,3356.0,3357.0,7.0375,2025,4,18
2025-04-18 15:50:00+00:00,3356.0,3357.0,3356.0,3356.0,3.0554,2025,4,18
2025-04-18 15:55:00+00:00,3357.0,3357.0,3357.0,3357.0,1.0714,2025,4,18
2025-04-18 16:00:00+00:00,3356.0,3357.0,3356.0,3357.0,5.5513,2025,4,18
2025-04-18 16:05:00+00:00,3356.0,3358.0,3356.0,3358.0,11.4126,2025,4,18
2025-04-18 16:10:00+00:00,3357.0,3357.0,3356.0,3357.0,1.5903,2025,4,18
2025-04-18 16:15:00+00:00,3357.0,3357.0,3356.0,3356.0,1.4754,2025,4,18
2025-04-18 16:20:00+00:00,3356.0,3358.0,3355.0,3358.0,10.2717,2025,4,18
2025-04-18 16:25:00+00:00,3358.0,3358.0,3357.0,3357.0,2.5771,2025,4,18
2025-04-18 16:30:00+00:00,3357.0,3358.0,3357.0,3357.0,1.3921,2025,4,18
2025-04-18 16:35:00+00:00,3358.0,3358.0,3357.0,3358.0,1.765,2025,4,18
2025-04-18 16:40:00+00:00,3358.0,3358.0,3357.0,3357.0,1.5821,2025,4,18
2025-04-18 16:45:00+00:00,3358.0,3358.0,3357.0,3358.0,5.7211,2025,4,18
2025-04-18 16:50:00+00:00,3357.0,3358.0,3357.0,3357.0,1.3308,2025,4,18
2025-04-18 16:55:00+00:00,3358.0,3358.0,3356.0,3357.0,4.1312,2025,4,18
2025-04-18 17:00:00+00:00,3357.0,3358.0,3356.0,3358.0,5.0403,2025,4,18
2025-04-18 17:05:00+00:00,3358.0,3358.0,3357.0,3358.0,14.9866,2025,4,18
2025-04-18 17:10:00+00:00,3358.0,3358.0,3356.0,3357.0,14.2215,2025,4,18
2025-04-18 17:15:00+00:00,3357.0,3357.0,3356.0,3356.0,0.1579,2025,4,18
2025-04-18 17:20:00+00:00,3356.0,3357.0,3355.0,3356.0,5.5262,2025,4,18
2025-04-18 17:25:00+00:00,3357.0,3357.0,3355.0,3355.0,0.6986,2025,4,18
2025-04-18 17:30:00+00:00,3356.0,3356.0,3355.0,3356.0,0.6694,2025,4,18
2025-04-18 17:35:00+00:00,3356.0,3356.0,3355.0,3355.0,0.5969,2025,4,18
2025-04-18 17:40:00+00:00,3356.0,3356.0,3355.0,3356.0,1.9512,2025,4,18
2025-04-18 17:45:00+00:00,3357.0,3357.0,3356.0,3356.0,0.9562,2025,4,18
2025-04-18 17:50:00+00:00,3357.0,3357.0,3356.0,3356.0,0.2939,2025,4,18
2025-04-18 17:55:00+00:00,3357.0,3357.0,3356.0,3356.0,1.0356,2025,4,18
2025-04-18 18:00:00+00:00,3356.0,3358.0,3356.0,3358.0,2.5405,2025,4,18
2025-04-18 18:05:00+00:00,3358.0,3358.0,3356.0,3357.0,4.9639,2025,4,18
2025-04-18 18:10:00+00:00,3357.0,3357.0,3356.0,3356.0,0.2535,2025,4,18
2025-04-18 18:15:00+00:00,3357.0,3358.0,3356.0,3358.0,2.7891,2025,4,18
2025-04-18 18:20:00+00:00,3358.0,3360.0,3357.0,3360.0,24.5063,2025,4,18
2025-04-18 18:25:00+00:00,3360.0,3360.0,3359.0,3359.0,2.3095,2025,4,18
2025-04-18 18:30:00+00:00,3360.0,3360.0,3356.0,3356.0,9.4751,2025,4,18
2025-04-18 18:35:00+00:00,3357.0,3357.0,3356.0,3356.0,3.4583,2025,4,18
2025-04-18 18:40:00+00:00,3357.0,3357.0,3356.0,3356.0,1.8811,2025,4,18
2025-04-18 18:45:00+00:00,3356.0,3357.0,3356.0,3357.0,0.1226,2025,4,18
2025-04-18 18:50:00+00:00,3357.0,3357.0,3356.0,3356.0,0.6202,2025,4,18
2025-04-18 18:55:00+00:00,3357.0,3357.0,3356.0,3356.0,0.336,2025,4,18
2025-04-18 19:00:00+00:00,3357.0,3358.0,3356.0,3358.0,17.0929,2025,4,18
2025-04-18 19:05:00+00:00,3358.0,3358.0,3357.0,3358.0,0.8413,2025,4,18
2025-04-18 19:10:00+00:00,3358.0,3358.0,3357.0,3358.0,0.8832,2025,4,18
2025-04-18 19:15:00+00:00,3358.0,3358.0,3356.0,3356.0,2.5278,2025,4,18
2025-04-18 19:20:00+00:00,3357.0,3357.0,3356.0,3357.0,1.5712,2025,4,18
2025-04-18 19:25:00+00:00,3356.0,3358.0,3356.0,3356.0,21.4285,2025,4,18
2025-04-18 19:30:00+00:00,3356.0,3357.0,3356.0,3357.0,5.1074,2025,4,18
2025-04-18 19:35:00+00:00,3356.0,3357.0,3356.0,3356.0,7.2783,2025,4,18
2025-04-18 19:40:00+00:00,3356.0,3358.0,3356.0,3356.0,6.1928,2025,4,18
2025-04-18 19:45:00+00:00,3357.0,3357.0,3356.0,3357.0,2.0068,2025,4,18
2025-04-18 19:50:00+00:00,3356.0,3357.0,3356.0,3357.0,1.8792,2025,4,18
2025-04-18 19:55:00+00:00,3357.0,3357.0,3356.0,3356.0,0.0381,2025,4,18
2025-04-18 20:00:00+00:00,3357.0,3357.0,3356.0,3357.0,5.1632,2025,4,18
2025-04-18 20:05:00+00:00,3357.0,3357.0,3356.0,3357.0,0.2888,2025,4,18
2025-04-18 20:10:00+00:00,3357.0,3358.0,3357.0,3358.0,6.0402,2025,4,18
2025-04-18 20:15:00+00:00,3359.0,3359.0,3358.0,3359.0,12.747,2025,4,18
2025-04-18 20:20:00+00:00,3359.0,3359.0,3358.0,3358.0,1.9182,2025,4,18
2025-04-18 20:25:00+00:00,3358.0,3358.0,3357.0,3358.0,3.5919,2025,4,18
2025-04-18 20:30:00+00:00,3357.0,3358.0,3357.0,3357.0,0.379,2025,4,18
2025-04-18 20:35:00+00:00,3357.0,3358.0,3355.0,3355.0,5.8307,2025,4,18
2025-04-18 20:40:00+00:00,3356.0,3357.0,3356.0,3356.0,2.4253,2025,4,18
2025-04-18 20:45:00+00:00,3356.0,3356.0,3355.0,3355.0,3.0647,2025,4,18
2025-04-18 20:50:00+00:00,3355.0,3356.0,3352.0,3355.0,68.846,2025,4,18
2025-04-18 20:55:00+00:00,3356.0,3356.0,3355.0,3355.0,1.9618,2025,4,18
2025-04-18 21:00:00+00:00,3355.0,3359.0,3355.0,3359.0,23.0701,2025,4,18
2025-04-18 21:05:00+00:00,3359.0,3359.0,3358.0,3359.0,8.3304,2025,4,18
2025-04-18 21:10:00+00:00,3359.0,3360.0,3355.0,3355.0,26.5958,2025,4,18
2025-04-18 21:15:00+00:00,3355.0,3355.0,3347.0,3349.0,52.5581,2025,4,18
2025-04-18 21:20:00+00:00,3349.0,3358.0,3348.0,3352.0,33.4816,2025,4,18
2025-04-18 21:25:00+00:00,3352.0,3354.0,3351.0,3354.0,8.0691,2025,4,18
2025-04-18 21:30:00+00:00,3354.0,3361.0,3353.0,3357.0,62.0584,2025,4,18
2025-04-18 21:35:00+00:00,3358.0,3359.0,3356.0,3358.0,15.6048,2025,4,18
2025-04-18 21:40:00+00:00,3358.0,3362.0,3357.0,3358.0,14.2222,2025,4,18
2025-04-18 21:45:00+00:00,3358.0,3359.0,3358.0,3358.0,1.5122,2025,4,18
2025-04-18 21:50:00+00:00,3358.0,3360.0,3358.0,3358.0,18.0704,2025,4,18
2025-04-18 21:55:00+00:00,3358.0,3359.0,3357.0,3358.0,10.3977,2025,4,18
2025-04-18 22:00:00+00:00,3358.0,3361.0,3357.0,3359.0,26.7834,2025,4,18
2025-04-18 22:05:00+00:00,3359.0,3359.0,3353.0,3357.0,20.2503,2025,4,18
2025-04-18 22:10:00+00:00,3357.0,3357.0,3353.0,3355.0,12.8476,2025,4,18
2025-04-18 22:15:00+00:00,3355.0,3357.0,3353.0,3354.0,30.7436,2025,4,18
2025-04-18 22:20:00+00:00,3355.0,3356.0,3353.0,3356.0,12.2819,2025,4,18
2025-04-18 22:25:00+00:00,3355.0,3357.0,3354.0,3356.0,13.7859,2025,4,18
2025-04-18 22:30:00+00:00,3356.0,3358.0,3354.0,3356.0,30.9698,2025,4,18
2025-04-18 22:35:00+00:00,3357.0,3357.0,3353.0,3354.0,28.1967,2025,4,18
2025-04-18 22:40:00+00:00,3355.0,3356.0,3354.0,3355.0,8.7527,2025,4,18
2025-04-18 22:45:00+00:00,3356.0,3357.0,3355.0,3356.0,6.6083,2025,4,18
2025-04-18 22:50:00+00:00,3356.0,3359.0,3355.0,3356.0,18.9259,2025,4,18
2025-04-18 22:55:00+00:00,3356.0,3357.0,3355.0,3355.0,4.6065,2025,4,18
2025-04-18 23:00:00+00:00,3355.0,3357.0,3354.0,3355.0,11.8159,2025,4,18
2025-04-18 23:05:00+00:00,3355.0,3357.0,3354.0,3356.0,14.5141,2025,4,18
2025-04-18 23:10:00+00:00,3357.0,3358.0,3356.0,3357.0,14.3335,2025,4,18
2025-04-18 23:15:00+00:00,3357.0,3358.0,3354.0,3356.0,29.2401,2025,4,18
2025-04-18 23:20:00+00:00,3356.0,3357.0,3355.0,3355.0,5.814,2025,4,18
2025-04-18 23:25:00+00:00,3355.0,3356.0,3353.0,3354.0,4.8392,2025,4,18
2025-04-18 23:30:00+00:00,3354.0,3356.0,3353.0,3354.0,10.5859,2025,4,18
2025-04-18 23:35:00+00:00,3355.0,3355.0,3353.0,3353.0,1.893,2025,4,18
2025-04-18 23:40:00+00:00,3353.0,3355.0,3352.0,3355.0,11.6864,2025,4,18
2025-04-18 23:45:00+00:00,3354.0,3355.0,3353.0,3354.0,29.5397,2025,4,18
2025-04-18 23:50:00+00:00,3354.0,3355.0,3352.0,3352.0,6.859,2025,4,18
2025-04-18 23:55:00+00:00,3353.0,3355.0,3352.0,3353.0,22.7502,2025,4,18
2025-04-19 00:00:00+00:00,3353.0,3355.0,3352.0,3353.0,7.1633,2025,4,19
2025-04-19 00:05:00+00:00,3353.0,3355.0,3352.0,3352.0,12.6223,2025,4,19
2025-04-19 00:10:00+00:00,3352.0,3355.0,3351.0,3354.0,13.562,2025,4,19
2025-04-19 00:15:00+00:00,3354.0,3356.0,3353.0,3355.0,25.1905,2025,4,19
2025-04-19 00:20:00+00:00,3354.0,3355.0,3353.0,3354.0,2.1878,2025,4,19
2025-04-19 00:25:00+00:00,3353.0,3354.0,3351.0,3352.0,7.5772,2025,4,19
2025-04-19 00:30:00+00:00,3352.0,3353.0,3352.0,3353.0,2.7436,2025,4,19
2025-04-19 00:35:00+00:00,3352.0,3356.0,3352.0,3356.0,23.4432,2025,4,19
2025-04-19 00:40:00+00:00,3356.0,3357.0,3354.0,3354.0,14.154,2025,4,19
2025-04-19 00:45:00+00:00,3354.0,3355.0,3352.0,3353.0,9.1432,2025,4,19
2025-04-19 00:50:00+00:00,3353.0,3354.0,3352.0,3353.0,13.457,2025,4,19
2025-04-19 00:55:00+00:00,3353.0,3354.0,3352.0,3354.0,3.9057,2025,4,19
2025-04-19 01:00:00+00:00,3354.0,3354.0,3353.0,3353.0,2.0585,2025,4,19
2025-04-19 01:05:00+00:00,3354.0,3357.0,3353.0,3355.0,38.9578,2025,4,19
2025-04-19 01:10:00+00:00,3354.0,3355.0,3354.0,3355.0,4.299,2025,4,19
2025-04-19 01:15:00+00:00,3354.0,3355.0,3353.0,3354.0,1.4089,2025,4,19
2025-04-19 01:20:00+00:00,3354.0,3354.0,3351.0,3352.0,9.2544,2025,4,19
2025-04-19 01:25:00+00:00,3352.0,3353.0,3351.0,3352.0,11.6325,2025,4,19
2025-04-19 01:30:00+00:00,3352.0,3352.0,3350.0,3350.0,10.5852,2025,4,19
2025-04-19 01:35:00+00:00,3350.0,3351.0,3349.0,3349.0,21.9687,2025,4,19
2025-04-19 01:40:00+00:00,3349.0,3351.0,3348.0,3349.0,16.2968,2025,4,19
2025-04-19 01:45:00+00:00,3349.0,3350.0,3348.0,3349.0,8.4649,2025,4,19
2025-04-19 01:50:00+00:00,3349.0,3349.0,3348.0,3349.0,1.6202,2025,4,19
2025-04-19 01:55:00+00:00,3349.0,3350.0,3347.0,3348.0,39.7003,2025,4,19
2025-04-19 02:00:00+00:00,3348.0,3349.0,3348.0,3349.0,9.557,2025,4,19
2025-04-19 02:05:00+00:00,3349.0,3349.0,3346.0,3346.0,23.6732,2025,4,19
2025-04-19 02:10:00+00:00,3346.0,3347.0,3346.0,3346.0,11.924,2025,4,19
2025-04-19 02:15:00+00:00,3346.0,3348.0,3346.0,3347.0,10.4343,2025,4,19
2025-04-19 02:20:00+00:00,3346.0,3347.0,3344.0,3346.0,31.2489,2025,4,19
2025-04-19 02:25:00+00:00,3346.0,3347.0,3345.0,3346.0,7.8842,2025,4,19
2025-04-19 02:30:00+00:00,3346.0,3347.0,3345.0,3346.0,9.3539,2025,4,19
2025-04-19 02:35:00+00:00,3346.0,3348.0,3346.0,3347.0,28.3939,2025,4,19
2025-04-19 02:40:00+00:00,3347.0,3347.0,3346.0,3347.0,14.0499,2025,4,19
2025-04-19 02:45:00+00:00,3347.0,3348.0,3347.0,3347.0,11.6352,2025,4,19
2025-04-19 02:50:00+00:00,3348.0,3348.0,3347.0,3348.0,4.0204,2025,4,19
2025-04-19 02:55:00+00:00,3348.0,3348.0,3347.0,3347.0,4.2738,2025,4,19
2025-04-19 03:00:00+00:00,3347.0,3348.0,3346.0,3346.0,6.7653,2025,4,19
2025-04-19 03:05:00+00:00,3347.0,3347.0,3346.0,3346.0,10.0201,2025,4,19
2025-04-19 03:10:00+00:00,3347.0,3348.0,3346.0,3347.0,10.7204,2025,4,19
2025-04-19 03:15:00+00:00,3347.0,3347.0,3346.0,3346.0,1.5679,2025,4,19
2025-04-19 03:20:00+00:00,3346.0,3349.0,3346.0,3348.0,5.3599,2025,4,19
2025-04-19 03:25:00+00:00,3347.0,3350.0,3347.0,3348.0,19.8877,2025,4,19
2025-04-19 03:30:00+00:00,3349.0,3349.0,3348.0,3349.0,3.1319,2025,4,19
2025-04-19 03:35:00+00:00,3349.0,3349.0,3347.0,3347.0,1.6344,2025,4,19
2025-04-19 03:40:00+00:00,3348.0,3348.0,3347.0,3348.0,1.0774,2025,4,19
2025-04-19 03:45:00+00:00,3348.0,3350.0,3347.0,3348.0,6.5198,2025,4,19
2025-04-19 03:50:00+00:00,3348.0,3349.0,3347.0,3349.0,3.3631,2025,4,19
2025-04-19 03:55:00+00:00,3349.0,3349.0,3348.0,3348.0,0.0712,2025,4,19
2025-04-19 04:00:00+00:00,3348.0,3349.0,3347.0,3347.0,7.5668,2025,4,19
2025-04-19 04:05:00+00:00,3347.0,3348.0,3347.0,3347.0,4.5372,2025,4,19
2025-04-19 04:10:00+00:00,3347.0,3348.0,3346.0,3347.0,14.1699,2025,4,19
2025-04-19 04:15:00+00:00,3348.0,3348.0,3347.0,3348.0,1.9355,2025,4,19
2025-04-19 04:20:00+00:00,3347.0,3349.0,3347.0,3349.0,0.091,2025,4,19
2025-04-19 04:25:00+00:00,3349.0,3351.0,3349.0,3350.0,17.3391,2025,4,19
2025-04-19 04:30:00+00:00,3350.0,3351.0,3350.0,3351.0,5.8993,2025,4,19
2025-04-19 04:35:00+00:00,3350.0,3353.0,3350.0,3352.0,6.9715,2025,4,19
2025-04-19 04:40:00+00:00,3351.0,3351.0,3349.0,3350.0,5.3401,2025,4,19
2025-04-19 04:45:00+00:00,3350.0,3351.0,3349.0,3349.0,3.3715,2025,4,19
2025-04-19 04:50:00+00:00,3350.0,3352.0,3349.0,3351.0,3.2059,2025,4,19
2025-04-19 04:55:00+00:00,3351.0,3352.0,3350.0,3351.0,7.9298,2025,4,19
2025-04-19 05:00:00+00:00,3351.0,3352.0,3350.0,3351.0,13.8838,2025,4,19
2025-04-19 05:05:00+00:00,3351.0,3352.0,3350.0,3350.0,24.667,2025,4,19
2025-04-19 05:10:00+00:00,3351.0,3352.0,3349.0,3349.0,15.7091,2025,4,19
2025-04-19 05:15:00+00:00,3349.0,3350.0,3348.0,3348.0,12.0208,2025,4,19
2025-04-19 05:20:00+00:00,3348.0,3348.0,3346.0,3347.0,14.9458,2025,4,19
2025-04-19 05:25:00+00:00,3347.0,3348.0,3347.0,3347.0,4.9825,2025,4,19
2025-04-19 05:30:00+00:00,3348.0,3349.0,3347.0,3349.0,1.4851,2025,4,19
2025-04-19 05:35:00+00:00,3348.0,3349.0,3347.0,3347.0,6.2102,2025,4,19
2025-04-19 05:40:00+00:00,3348.0,3348.0,3347.0,3347.0,1.8664,2025,4,19
2025-04-19 05:45:00+00:00,3348.0,3348.0,3347.0,3348.0,0.5871,2025,4,19
2025-04-19 05:50:00+00:00,3349.0,3350.0,3347.0,3349.0,6.8038,2025,4,19
2025-04-19 05:55:00+00:00,3349.0,3350.0,3347.0,3348.0,6.6261,2025,4,19
2025-04-19 06:00:00+00:00,3347.0,3349.0,3347.0,3348.0,3.0416,2025,4,19
2025-04-19 06:05:00+00:00,3349.0,3349.0,3348.0,3349.0,0.6083,2025,4,19
2025-04-19 06:10:00+00:00,3349.0,3349.0,3348.0,3349.0,0.4837,2025,4,19
2025-04-19 06:15:00+00:00,3349.0,3350.0,3349.0,3349.0,0.2196,2025,4,19
2025-04-19 06:20:00+00:00,3350.0,3353.0,3349.0,3352.0,16.0815,2025,4,19
2025-04-19 06:25:00+00:00,3352.0,3352.0,3351.0,3351.0,3.0315,2025,4,19
2025-04-19 06:30:00+00:00,3351.0,3353.0,3351.0,3352.0,17.3311,2025,4,19
2025-04-19 06:35:00+00:00,3352.0,3354.0,3352.0,3352.0,7.2579,2025,4,19
2025-04-19 06:40:00+00:00,3352.0,3353.0,3352.0,3352.0,5.0144,2025,4,19
2025-04-19 06:45:00+00:00,3352.0,3354.0,3352.0,3352.0,13.3477,2025,4,19
2025-04-19 06:50:00+00:00,3352.0,3353.0,3352.0,3352.0,1.4992,2025,4,19
2025-04-19 06:55:00+00:00,3352.0,3353.0,3351.0,3351.0,2.3071,2025,4,19
2025-04-19 07:00:00+00:00,3351.0,3355.0,3351.0,3353.0,15.6612,2025,4,19
2025-04-19 07:05:00+00:00,3353.0,3355.0,3352.0,3354.0,11.2241,2025,4,19
2025-04-19 07:10:00+00:00,3354.0,3354.0,3352.0,3353.0,11.6226,2025,4,19
2025-04-19 07:15:00+00:00,3353.0,3354.0,3352.0,3353.0,4.4656,2025,4,19
2025-04-19 07:20:00+00:00,3353.0,3354.0,3353.0,3354.0,0.4813,2025,4,19
2025-04-19 07:25:00+00:00,3353.0,3353.0,3352.0,3353.0,0.7035,2025,4,19
2025-04-19 07:30:00+00:00,3352.0,3352.0,3350.0,3351.0,38.5701,2025,4,19
2025-04-19 07:35:00+00:00,3350.0,3352.0,3350.0,3350.0,1.8189,2025,4,19
2025-04-19 07:40:00+00:00,3351.0,3351.0,3350.0,3350.0,14.0425,2025,4,19
2025-04-19 07:45:00+00:00,3351.0,3353.0,3351.0,3351.0,4.5547,2025,4,19
2025-04-19 07:50:00+00:00,3352.0,3355.0,3351.0,3354.0,14.1696,2025,4,19
2025-04-19 07:55:00+00:00,3354.0,3355.0,3352.0,3355.0,39.7777,2025,4,19
2025-04-19 08:00:00+00:00,3356.0,3356.0,3353.0,3353.0,22.8728,2025,4,19
2025-04-19 08:05:00+00:00,3353.0,3353.0,3352.0,3353.0,5.2929,2025,4,19
2025-04-19 08:10:00+00:00,3352.0,3353.0,3350.0,3352.0,32.4478,2025,4,19
2025-04-19 08:15:00+00:00,3352.0,3353.0,3351.0,3352.0,1.4575,2025,4,19
2025-04-19 08:20:00+00:00,3352.0,3353.0,3351.0,3351.0,2.1647,2025,4,19
2025-04-19 08:25:00+00:00,3351.0,3352.0,3351.0,3351.0,1.0918,2025,4,19
2025-04-19 08:30:00+00:00,3351.0,3352.0,3348.0,3349.0,38.4399,2025,4,19
2025-04-19 08:35:00+00:00,3350.0,3350.0,3345.0,3350.0,15.6358,2025,4,19
2025-04-19 08:40:00+00:00,3350.0,3350.0,3349.0,3349.0,0.9989,2025,4,19
2025-04-19 08:45:00+00:00,3349.0,3350.0,3345.0,3346.0,33.364,2025,4,19
2025-04-19 08:50:00+00:00,3347.0,3347.0,3346.0,3347.0,3.0123,2025,4,19
2025-04-19 08:55:00+00:00,3346.0,3347.0,3346.0,3347.0,9.9817,2025,4,19
2025-04-19 09:00:00+00:00,3346.0,3347.0,3346.0,3346.0,0.4088,2025,4,19
2025-04-19 09:05:00+00:00,3346.0,3347.0,3346.0,3346.0,3.4145,2025,4,19
2025-04-19 09:10:00+00:00,3346.0,3347.0,3345.0,3346.0,0.8194,2025,4,19
2025-04-19 09:15:00+00:00,3346.0,3346.0,3344.0,3344.0,12.9782,2025,4,19
2025-04-19 09:20:00+00:00,3345.0,3345.0,3343.0,3343.0,42.3747,2025,4,19
2025-04-19 09:25:00+00:00,3343.0,3344.0,3342.0,3343.0,2.6815,2025,4,19
2025-04-19 09:30:00+00:00,3343.0,3344.0,3342.0,3343.0,11.9325,2025,4,19
2025-04-19 09:35:00+00:00,3344.0,3345.0,3343.0,3344.0,3.3128,2025,4,19
2025-04-19 09:40:00+00:00,3343.0,3344.0,3342.0,3343.0,6.7131,2025,4,19
2025-04-19 09:45:00+00:00,3342.0,3343.0,3341.0,3342.0,6.2672,2025,4,19
2025-04-19 09:50:00+00:00,3343.0,3345.0,3342.0,3345.0,9.5345,2025,4,19
2025-04-19 09:55:00+00:00,3344.0,3345.0,3344.0,3344.0,1.5856,2025,4,19
2025-04-19 10:00:00+00:00,3345.0,3345.0,3344.0,3345.0,0.6731,2025,4,19
2025-04-19 10:05:00+00:00,3345.0,3345.0,3344.0,3345.0,0.4867,2025,4,19
2025-04-19 10:10:00+00:00,3345.0,3345.0,3344.0,3344.0,0.0252,2025,4,19
2025-04-19 10:15:00+00:00,3345.0,3346.0,3344.0,3346.0,2.4754,2025,4,19
2025-04-19 10:20:00+00:00,3347.0,3347.0,3346.0,3346.0,0.0395,2025,4,19
2025-04-19 10:25:00+00:00,3347.0,3348.0,3346.0,3347.0,8.0224,2025,4,19
2025-04-19 10:30:00+00:00,3348.0,3348.0,3347.0,3348.0,0.8288,2025,4,19
2025-04-19 10:35:00+00:00,3348.0,3349.0,3348.0,3349.0,0.4705,2025,4,19
2025-04-19 10:40:00+00:00,3348.0,3348.0,3346.0,3346.0,13.5731,2025,4,19
2025-04-19 10:45:00+00:00,3346.0,3347.0,3346.0,3346.0,2.1732,2025,4,19
2025-04-19 10:50:00+00:00,3347.0,3348.0,3347.0,3348.0,3.4358,2025,4,19
2025-04-19 10:55:00+00:00,3348.0,3348.0,3346.0,3346.0,1.374,2025,4,19
2025-04-19 11:00:00+00:00,3345.0,3346.0,3344.0,3346.0,2.125,2025,4,19
2025-04-19 11:05:00+00:00,3345.0,3346.0,3345.0,3345.0,0.5004,2025,4,19
2025-04-19 11:10:00+00:00,3345.0,3346.0,3345.0,3345.0,0.3885,2025,4,19
2025-04-19 11:15:00+00:00,3346.0,3346.0,3345.0,3345.0,2.7106,2025,4,19
2025-04-19 11:20:00+00:00,3346.0,3346.0,3345.0,3346.0,0.1841,2025,4,19
2025-04-19 11:25:00+00:00,3346.0,3346.0,3345.0,3346.0,1.2655,2025,4,19
2025-04-19 11:30:00+00:00,3346.0,3346.0,3345.0,3346.0,0.3981,2025,4,19
2025-04-19 11:35:00+00:00,3346.0,3346.0,3345.0,3346.0,9.2751,2025,4,19
2025-04-19 11:40:00+00:00,3345.0,3346.0,3345.0,3346.0,1.2164,2025,4,19
2025-04-19 11:45:00+00:00,3346.0,3346.0,3345.0,3346.0,2.7976,2025,4,19
2025-04-19 11:50:00+00:00,3346.0,3346.0,3345.0,3346.0,0.0443,2025,4,19
2025-04-19 11:55:00+00:00,3346.0,3346.0,3344.0,3345.0,2.3063,2025,4,19
2025-04-19 12:00:00+00:00,3346.0,3346.0,3345.0,3345.0,4.2011,2025,4,19
2025-04-19 12:05:00+00:00,3346.0,3346.0,3345.0,3346.0,1.8115,2025,4,19
2025-04-19 12:10:00+00:00,3346.0,3346.0,3345.0,3346.0,0.0881,2025,4,19
2025-04-19 12:15:00+00:00,3345.0,3346.0,3345.0,3346.0,0.5075,2025,4,19
2025-04-19 12:20:00+00:00,3346.0,3346.0,3345.0,3345.0,3.0075,2025,4,19
2025-04-19 12:25:00+00:00,3346.0,3346.0,3345.0,3345.0,0.3553,2025,4,19
2025-04-19 12:30:00+00:00,3345.0,3349.0,3345.0,3348.0,11.6307,2025,4,19
2025-04-19 12:35:00+00:00,3349.0,3349.0,3348.0,3349.0,0.4571,2025,4,19
2025-04-19 12:40:00+00:00,3348.0,3349.0,3347.0,3347.0,0.9751,2025,4,19
2025-04-19 12:45:00+00:00,3346.0,3347.0,3345.0,3346.0,13.7917,2025,4,19
2025-04-19 12:50:00+00:00,3346.0,3347.0,3345.0,3347.0,0.5875,2025,4,19
2025-04-19 12:55:00+00:00,3347.0,3347.0,3347.0,3347.0,1.4639,2025,4,19
2025-04-19 13:00:00+00:00,3347.0,3348.0,3347.0,3347.0,2.0975,2025,4,19
2025-04-19 13:05:00+00:00,3346.0,3348.0,3346.0,3347.0,3.8988,2025,4,19
2025-04-19 13:10:00+00:00,3347.0,3349.0,3347.0,3348.0,1.5436,2025,4,19
2025-04-19 13:15:00+00:00,3349.0,3349.0,3348.0,3349.0,0.3291,2025,4,19
2025-04-19 13:20:00+00:00,3349.0,3349.0,3348.0,3348.0,1.11,2025,4,19
2025-04-19 13:25:00+00:00,3348.0,3348.0,3347.0,3348.0,4.6731,2025,4,19
2025-04-19 13:30:00+00:00,3348.0,3350.0,3347.0,3349.0,8.8879,2025,4,19
2025-04-19 13:35:00+00:00,3349.0,3352.0,3346.0,3351.0,21.0964,2025,4,19
2025-04-19 13:40:00+00:00,3352.0,3352.0,3351.0,3352.0,6.8914,2025,4,19
2025-04-19 13:45:00+00:00,3351.0,3353.0,3351.0,3351.0,5.2937,2025,4,19
2025-04-19 13:50:00+00:00,3351.0,3352.0,3351.0,3352.0,2.6547,2025,4,19
2025-04-19 13:55:00+00:00,3351.0,3352.0,3351.0,3351.0,2.037,2025,4,19
2025-04-19 14:00:00+00:00,3351.0,3352.0,3351.0,3351.0,1.0705,2025,4,19
2025-04-19 14:05:00+00:00,3351.0,3352.0,3351.0,3351.0,2.4736,2025,4,19
2025-04-19 14:10:00+00:00,3351.0,3352.0,3351.0,3351.0,2.4907,2025,4,19
2025-04-19 14:15:00+00:00,3351.0,3352.0,3350.0,3350.0,9.3169,2025,4,19
2025-04-19 14:20:00+00:00,3350.0,3350.0,3345.0,3345.0,9.4732,2025,4,19
2025-04-19 14:25:00+00:00,3345.0,3346.0,3345.0,3345.0,3.4536,2025,4,19
2025-04-19 14:30:00+00:00,3345.0,3346.0,3343.0,3343.0,12.3749,2025,4,19
2025-04-19 14:35:00+00:00,3343.0,3345.0,3343.0,3345.0,8.4579,2025,4,19
2025-04-19 14:40:00+00:00,3344.0,3346.0,3344.0,3346.0,4.5192,2025,4,19
2025-04-19 14:45:00+00:00,3345.0,3346.0,3345.0,3346.0,0.638,2025,4,19
2025-04-19 14:50:00+00:00,3345.0,3347.0,3345.0,3346.0,1.6638,2025,4,19
2025-04-19 14:55:00+00:00,3346.0,3347.0,3346.0,3346.0,0.4679,2025,4,19
2025-04-19 15:00:00+00:00,3347.0,3347.0,3346.0,3346.0,0.7595,2025,4,19
2025-04-19 15:05:00+00:00,3346.0,3347.0,3346.0,3346.0,0.8723,2025,4,19
2025-04-19 15:10:00+00:00,3347.0,3347.0,3346.0,3346.0,1.6555,2025,4,19
2025-04-19 15:15:00+00:00,3346.0,3348.0,3346.0,3347.0,4.9325,2025,4,19
2025-04-19 15:20:00+00:00,3347.0,3348.0,3346.0,3347.0,4.8036,2025,4,19
2025-04-19 15:25:00+00:00,3347.0,3347.0,3346.0,3347.0,3.9621,2025,4,19
2025-04-19 15:30:00+00:00,3347.0,3347.0,3346.0,3347.0,3.2129,2025,4,19
2025-04-19 15:35:00+00:00,3346.0,3347.0,3345.0,3347.0,8.6757,2025,4,19
2025-04-19 15:40:00+00:00,3347.0,3347.0,3345.0,3346.0,6.3517,2025,4,19
2025-04-19 15:45:00+00:00,3346.0,3346.0,3345.0,3346.0,2.3899,2025,4,19
2025-04-19 15:50:00+00:00,3347.0,3349.0,3346.0,3348.0,5.4907,2025,4,19
2025-04-19 15:55:00+00:00,3348.0,3349.0,3348.0,3348.0,1.3002,2025,4,19
2025-04-19 16:00:00+00:00,3348.0,3349.0,3347.0,3347.0,1.3697,2025,4,19
2025-04-19 16:05:00+00:00,3347.0,3348.0,3347.0,3348.0,5.7704,2025,4,19
2025-04-19 16:10:00+00:00,3348.0,3351.0,3348.0,3350.0,1.3482,2025,4,19
2025-04-19 16:15:00+00:00,3350.0,3352.0,3348.0,3351.0,5.9351,2025,4,19
2025-04-19 16:20:00+00:00,3352.0,3353.0,3351.0,3351.0,6.0378,2025,4,19
2025-04-19 16:25:00+00:00,3351.0,3352.0,3351.0,3351.0,2.1027,2025,4,19
2025-04-19 16:30:00+00:00,3352.0,3352.0,3350.0,3351.0,8.4168,2025,4,19
2025-04-19 16:35:00+00:00,3350.0,3351.0,3350.0,3350.0,0.7616,2025,4,19
2025-04-19 16:40:00+00:00,3351.0,3351.0,3349.0,3349.0,2.0883,2025,4,19
2025-04-19 16:45:00+00:00,3349.0,3350.0,3349.0,3350.0,0.5943,2025,4,19
2025-04-19 16:50:00+00:00,3349.0,3350.0,3348.0,3348.0,4.6365,2025,4,19
2025-04-19 16:55:00+00:00,3349.0,3350.0,3348.0,3349.0,2.372,2025,4,19
2025-04-19 17:00:00+00:00,3349.0,3350.0,3348.0,3350.0,0.1292,2025,4,19
2025-04-19 17:05:00+00:00,3350.0,3350.0,3349.0,3350.0,0.6676,2025,4,19
2025-04-19 17:10:00+00:00,3349.0,3351.0,3349.0,3350.0,3.4559,2025,4,19
2025-04-19 17:15:00+00:00,3350.0,3352.0,3350.0,3351.0,4.0233,2025,4,19
2025-04-19 17:20:00+00:00,3352.0,3352.0,3350.0,3350.0,6.2929,2025,4,19
2025-04-19 17:25:00+00:00,3350.0,3351.0,3350.0,3351.0,1.083,2025,4,19
2025-04-19 17:30:00+00:00,3351.0,3353.0,3350.0,3352.0,5.7699,2025,4,19
2025-04-19 17:35:00+00:00,3352.0,3355.0,3352.0,3353.0,5.569,2025,4,19
2025-04-19 17:40:00+00:00,3353.0,3355.0,3353.0,3355.0,3.2062,2025,4,19
2025-04-19 17:45:00+00:00,3354.0,3355.0,3351.0,3352.0,9.0328,2025,4,19
2025-04-19 17:50:00+00:00,3352.0,3353.0,3351.0,3352.0,2.0993,2025,4,19
2025-04-19 17:55:00+00:00,3352.0,3352.0,3351.0,3352.0,1.1359,2025,4,19
2025-04-19 18:00:00+00:00,3352.0,3352.0,3351.0,3351.0,1.9079,2025,4,19
2025-04-19 18:05:00+00:00,3352.0,3353.0,3351.0,3353.0,5.9315,2025,4,19
2025-04-19 18:10:00+00:00,3353.0,3355.0,3352.0,3355.0,18.7661,2025,4,19
2025-04-19 18:15:00+00:00,3354.0,3355.0,3354.0,3355.0,2.3433,2025,4,19
2025-04-19 18:20:00+00:00,3355.0,3355.0,3353.0,3353.0,3.5761,2025,4,19
2025-04-19 18:25:00+00:00,3354.0,3354.0,3352.0,3352.0,5.9855,2025,4,19
2025-04-19 18:30:00+00:00,3352.0,3353.0,3352.0,3352.0,0.6368,2025,4,19
2025-04-19 18:35:00+00:00,3353.0,3354.0,3352.0,3352.0,3.7721,2025,4,19
2025-04-19 18:40:00+00:00,3353.0,3355.0,3353.0,3353.0,5.4137,2025,4,19
2025-04-19 18:45:00+00:00,3354.0,3354.0,3353.0,3354.0,0.9767,2025,4,19
2025-04-19 18:50:00+00:00,3354.0,3355.0,3353.0,3353.0,1.4581,2025,4,19
2025-04-19 18:55:00+00:00,3353.0,3355.0,3353.0,3355.0,1.1586,2025,4,19
2025-04-19 19:00:00+00:00,3354.0,3354.0,3353.0,3353.0,4.756,2025,4,19
2025-04-19 19:05:00+00:00,3353.0,3354.0,3353.0,3353.0,3.1732,2025,4,19
2025-04-19 19:10:00+00:00,3353.0,3354.0,3353.0,3353.0,0.6117,2025,4,19
2025-04-19 19:15:00+00:00,3353.0,3354.0,3353.0,3354.0,0.5814,2025,4,19
2025-04-19 19:20:00+00:00,3354.0,3355.0,3353.0,3354.0,4.3406,2025,4,19
2025-04-19 19:25:00+00:00,3353.0,3354.0,3353.0,3354.0,5.7728,2025,4,19
2025-04-19 19:30:00+00:00,3355.0,3355.0,3353.0,3354.0,1.5257,2025,4,19
2025-04-19 19:35:00+00:00,3354.0,3354.0,3353.0,3354.0,1.3096,2025,4,19
2025-04-19 19:40:00+00:00,3354.0,3354.0,3352.0,3353.0,17.7675,2025,4,19
2025-04-19 19:45:00+00:00,3353.0,3355.0,3353.0,3354.0,3.73,2025,4,19
2025-04-19 19:50:00+00:00,3354.0,3355.0,3354.0,3354.0,0.4506,2025,4,19
2025-04-19 19:55:00+00:00,3354.0,3355.0,3353.0,3354.0,5.3038,2025,4,19
2025-04-19 20:00:00+00:00,3354.0,3354.0,3353.0,3353.0,1.5355,2025,4,19
2025-04-19 20:05:00+00:00,3353.0,3355.0,3353.0,3353.0,2.495,2025,4,19
2025-04-19 20:10:00+00:00,3353.0,3353.0,3352.0,3352.0,5.6194,2025,4,19
2025-04-19 20:15:00+00:00,3352.0,3353.0,3352.0,3352.0,0.674,2025,4,19
2025-04-19 20:20:00+00:00,3352.0,3354.0,3352.0,3354.0,4.8471,2025,4,19
2025-04-19 20:25:00+00:00,3353.0,3354.0,3353.0,3353.0,0.669,2025,4,19
2025-04-19 20:30:00+00:00,3353.0,3354.0,3353.0,3353.0,0.5024,2025,4,19
2025-04-19 20:35:00+00:00,3353.0,3354.0,3352.0,3352.0,2.7704,2025,4,19
2025-04-19 20:40:00+00:00,3352.0,3353.0,3352.0,3352.0,0.548,2025,4,19
2025-04-19 20:45:00+00:00,3352.0,3353.0,3350.0,3351.0,17.5982,2025,4,19
2025-04-19 20:50:00+00:00,3352.0,3352.0,3350.0,3350.0,5.0442,2025,4,19
2025-04-19 20:55:00+00:00,3351.0,3351.0,3350.0,3350.0,3.9911,2025,4,19
2025-04-19 21:00:00+00:00,3350.0,3351.0,3350.0,3350.0,1.5359,2025,4,19
2025-04-19 21:05:00+00:00,3350.0,3352.0,3350.0,3350.0,6.4576,2025,4,19
2025-04-19 21:10:00+00:00,3350.0,3352.0,3350.0,3351.0,2.9167,2025,4,19
2025-04-19 21:15:00+00:00,3351.0,3351.0,3350.0,3350.0,1.1493,2025,4,19
2025-04-19 21:20:00+00:00,3350.0,3351.0,3350.0,3351.0,0.9953,2025,4,19
2025-04-19 21:25:00+00:00,3350.0,3351.0,3350.0,3351.0,0.7257,2025,4,19
2025-04-19 21:30:00+00:00,3350.0,3351.0,3350.0,3351.0,1.6213,2025,4,19
2025-04-19 21:35:00+00:00,3350.0,3351.0,3350.0,3350.0,0.6608,2025,4,19
2025-04-19 21:40:00+00:00,3350.0,3351.0,3350.0,3350.0,2.7983,2025,4,19
2025-04-19 21:45:00+00:00,3350.0,3352.0,3350.0,3350.0,7.4416,2025,4,19
2025-04-19 21:50:00+00:00,3350.0,3351.0,3350.0,3351.0,0.9567,2025,4,19
2025-04-19 21:55:00+00:00,3350.0,3351.0,3350.0,3350.0,0.6945,2025,4,19
2025-04-19 22:00:00+00:00,3350.0,3351.0,3350.0,3350.0,1.1651,2025,4,19
2025-04-19 22:05:00+00:00,3351.0,3352.0,3351.0,3352.0,15.6341,2025,4,19
2025-04-19 22:10:00+00:00,3351.0,3352.0,3351.0,3351.0,2.3132,2025,4,19
2025-04-19 22:15:00+00:00,3351.0,3351.0,3350.0,3350.0,3.1711,2025,4,19
2025-04-19 22:20:00+00:00,3351.0,3351.0,3350.0,3350.0,1.0394,2025,4,19
2025-04-19 22:25:00+00:00,3350.0,3351.0,3350.0,3350.0,1.7738,2025,4,19
2025-04-19 22:30:00+00:00,3350.0,3351.0,3350.0,3351.0,4.0877,2025,4,19
2025-04-19 22:35:00+00:00,3351.0,3352.0,3351.0,3351.0,0.5927,2025,4,19
2025-04-19 22:40:00+00:00,3352.0,3352.0,3351.0,3351.0,0.7113,2025,4,19
2025-04-19 22:45:00+00:00,3351.0,3352.0,3350.0,3350.0,7.9771,2025,4,19
2025-04-19 22:50:00+00:00,3350.0,3351.0,3350.0,3350.0,1.2804,2025,4,19
2025-04-19 22:55:00+00:00,3350.0,3351.0,3350.0,3350.0,0.4869,2025,4,19
2025-04-19 23:00:00+00:00,3350.0,3351.0,3350.0,3350.0,0.6563,2025,4,19
2025-04-19 23:05:00+00:00,3350.0,3352.0,3350.0,3350.0,6.9999,2025,4,19
2025-04-19 23:10:00+00:00,3350.0,3351.0,3350.0,3350.0,0.4779,2025,4,19
2025-04-19 23:15:00+00:00,3350.0,3351.0,3350.0,3350.0,0.5602,2025,4,19
2025-04-19 23:20:00+00:00,3350.0,3351.0,3350.0,3350.0,0.8795,2025,4,19
2025-04-19 23:25:00+00:00,3350.0,3351.0,3350.0,3350.0,1.2084,2025,4,19
2025-04-19 23:30:00+00:00,3350.0,3351.0,3350.0,3350.0,1.8995,2025,4,19
2025-04-19 23:35:00+00:00,3350.0,3351.0,3350.0,3350.0,0.7525,2025,4,19
2025-04-19 23:40:00+00:00,3350.0,3351.0,3350.0,3350.0,0.739,2025,4,19
2025-04-19 23:45:00+00:00,3350.0,3351.0,3348.0,3348.0,16.1773,2025,4,19
2025-04-19 23:50:00+00:00,3349.0,3349.0,3348.0,3349.0,0.9136,2025,4,19
2025-04-19 23:55:00+00:00,3348.0,3349.0,3348.0,3348.0,0.3414,2025,4,19
2025-04-20 00:00:00+00:00,3348.0,3348.0,3347.0,3348.0,2.9145,2025,4,20
2025-04-20 00:05:00+00:00,3348.0,3349.0,3348.0,3349.0,5.6976,2025,4,20
2025-04-20 00:10:00+00:00,3349.0,3349.0,3348.0,3349.0,3.8439,2025,4,20
2025-04-20 00:15:00+00:00,3348.0,3351.0,3348.0,3350.0,9.7475,2025,4,20
2025-04-20 00:20:00+00:00,3351.0,3351.0,3350.0,3350.0,3.6899,2025,4,20
2025-04-20 00:25:00+00:00,3350.0,3351.0,3350.0,3350.0,1.2165,2025,4,20
2025-04-20 00:30:00+00:00,3350.0,3351.0,3350.0,3350.0,0.4212,2025,4,20
2025-04-20 00:35:00+00:00,3350.0,3351.0,3350.0,3351.0,0.2284,2025,4,20
2025-04-20 00:40:00+00:00,3350.0,3351.0,3350.0,3350.0,0.2471,2025,4,20
2025-04-20 00:45:00+00:00,3350.0,3351.0,3350.0,3350.0,2.764,2025,4,20
2025-04-20 00:50:00+00:00,3350.0,3351.0,3350.0,3351.0,12.0232,2025,4,20
2025-04-20 00:55:00+00:00,3350.0,3351.0,3350.0,3350.0,1.1104,2025,4,20
2025-04-20 01:00:00+00:00,3351.0,3351.0,3349.0,3349.0,4.5346,2025,4,20
2025-04-20 01:05:00+00:00,3349.0,3350.0,3349.0,3349.0,2.6986,2025,4,20
2025-04-20 01:10:00+00:00,3350.0,3351.0,3349.0,3350.0,3.2122,2025,4,20
2025-04-20 01:15:00+00:00,3349.0,3350.0,3349.0,3349.0,2.7795,2025,4,20
2025-04-20 01:20:00+00:00,3348.0,3349.0,3348.0,3348.0,2.3399,2025,4,20
2025-04-20 01:25:00+00:00,3349.0,3349.0,3348.0,3349.0,2.0365,2025,4,20
2025-04-20 01:30:00+00:00,3348.0,3351.0,3348.0,3350.0,4.5612,2025,4,20
2025-04-20 01:35:00+00:00,3350.0,3351.0,3350.0,3350.0,4.1474,2025,4,20
2025-04-20 01:40:00+00:00,3350.0,3351.0,3350.0,3350.0,0.3051,2025,4,20
2025-04-20 01:45:00+00:00,3350.0,3351.0,3350.0,3350.0,1.1223,2025,4,20
2025-04-20 01:50:00+00:00,3350.0,3351.0,3350.0,3350.0,3.4561,2025,4,20
2025-04-20 01:55:00+00:00,3350.0,3351.0,3350.0,3351.0,1.344,2025,4,20
2025-04-20 02:00:00+00:00,3351.0,3351.0,3349.0,3349.0,3.3871,2025,4,20
2025-04-20 02:05:00+00:00,3349.0,3350.0,3349.0,3350.0,0.1506,2025,4,20
2025-04-20 02:10:00+00:00,3350.0,3350.0,3349.0,3349.0,0.2785,2025,4,20
2025-04-20 02:15:00+00:00,3349.0,3350.0,3349.0,3349.0,13.0291,2025,4,20
2025-04-20 02:20:00+00:00,3349.0,3349.0,3342.0,3343.0,170.7876,2025,4,20
2025-04-20 02:25:00+00:00,3343.0,3345.0,3342.0,3345.0,15.2238,2025,4,20
2025-04-20 02:30:00+00:00,3345.0,3346.0,3345.0,3345.0,2.5288,2025,4,20
2025-04-20 02:35:00+00:00,3345.0,3345.0,3344.0,3345.0,3.1716,2025,4,20
2025-04-20 02:40:00+00:00,3345.0,3345.0,3344.0,3344.0,0.4355,2025,4,20
2025-04-20 02:45:00+00:00,3344.0,3344.0,3343.0,3344.0,4.9196,2025,4,20
2025-04-20 02:50:00+00:00,3345.0,3347.0,3344.0,3347.0,4.1916,2025,4,20
2025-04-20 02:55:00+00:00,3347.0,3348.0,3347.0,3348.0,0.9715,2025,4,20
2025-04-20 03:00:00+00:00,3348.0,3348.0,3347.0,3348.0,1.3888,2025,4,20
2025-04-20 03:05:00+00:00,3347.0,3347.0,3344.0,3345.0,3.902,2025,4,20
2025-04-20 03:10:00+00:00,3344.0,3345.0,3344.0,3344.0,0.7361,2025,4,20
2025-04-20 03:15:00+00:00,3344.0,3347.0,3344.0,3345.0,3.1423,2025,4,20
2025-04-20 03:20:00+00:00,3345.0,3346.0,3345.0,3345.0,1.8757,2025,4,20
2025-04-20 03:25:00+00:00,3346.0,3347.0,3344.0,3347.0,12.594,2025,4,20
2025-04-20 03:30:00+00:00,3347.0,3347.0,3346.0,3347.0,0.6372,2025,4,20
2025-04-20 03:35:00+00:00,3346.0,3347.0,3346.0,3347.0,0.4923,2025,4,20
2025-04-20 03:40:00+00:00,3346.0,3348.0,3345.0,3346.0,4.8657,2025,4,20
2025-04-20 03:45:00+00:00,3345.0,3347.0,3344.0,3344.0,13.092,2025,4,20
2025-04-20 03:50:00+00:00,3343.0,3344.0,3343.0,3344.0,3.848,2025,4,20
2025-04-20 03:55:00+00:00,3344.0,3346.0,3343.0,3346.0,8.5949,2025,4,20
2025-04-20 04:00:00+00:00,3347.0,3347.0,3346.0,3346.0,3.4919,2025,4,20
2025-04-20 04:05:00+00:00,3346.0,3347.0,3346.0,3347.0,0.5408,2025,4,20
2025-04-20 04:10:00+00:00,3347.0,3347.0,3346.0,3346.0,1.2859,2025,4,20
2025-04-20 04:15:00+00:00,3346.0,3347.0,3346.0,3347.0,0.0124,2025,4,20
2025-04-20 04:20:00+00:00,3347.0,3348.0,3347.0,3348.0,3.9968,2025,4,20
2025-04-20 04:25:00+00:00,3347.0,3348.0,3347.0,3348.0,0.1963,2025,4,20
2025-04-20 04:30:00+00:00,3347.0,3348.0,3347.0,3347.0,1.0961,2025,4,20
2025-04-20 04:35:00+00:00,3348.0,3349.0,3347.0,3348.0,1.6579,2025,4,20
2025-04-20 04:40:00+00:00,3349.0,3349.0,3347.0,3348.0,1.8582,2025,4,20
2025-04-20 04:45:00+00:00,3347.0,3348.0,3347.0,3348.0,2.1313,2025,4,20
2025-04-20 04:50:00+00:00,3347.0,3348.0,3347.0,3348.0,0.2914,2025,4,20
2025-04-20 04:55:00+00:00,3347.0,3348.0,3347.0,3347.0,0.0318,2025,4,20
2025-04-20 05:00:00+00:00,3347.0,3349.0,3347.0,3349.0,0.908,2025,4,20
2025-04-20 05:05:00+00:00,3349.0,3349.0,3348.0,3349.0,0.0684,2025,4,20
2025-04-20 05:10:00+00:00,3349.0,3349.0,3348.0,3348.0,0.087,2025,4,20
2025-04-20 05:15:00+00:00,3349.0,3349.0,3348.0,3349.0,0.6933,2025,4,20
2025-04-20 05:20:00+00:00,3349.0,3350.0,3349.0,3350.0,0.8821,2025,4,20
2025-04-20 05:25:00+00:00,3350.0,3350.0,3350.0,3350.0,3.231,2025,4,20
2025-04-20 05:30:00+00:00,3350.0,3351.0,3346.0,3351.0,13.4356,2025,4,20
2025-04-20 05:35:00+00:00,3350.0,3351.0,3350.0,3351.0,0.8246,2025,4,20
2025-04-20 05:40:00+00:00,3351.0,3351.0,3350.0,3351.0,1.1623,2025,4,20
2025-04-20 05:45:00+00:00,3351.0,3351.0,3346.0,3348.0,8.8417,2025,4,20
2025-04-20 05:50:00+00:00,3349.0,3349.0,3345.0,3345.0,15.389,2025,4,20
2025-04-20 05:55:00+00:00,3346.0,3346.0,3345.0,3345.0,17.2009,2025,4,20
2025-04-20 06:00:00+00:00,3346.0,3346.0,3345.0,3346.0,19.2036,2025,4,20
2025-04-20 06:05:00+00:00,3346.0,3346.0,3344.0,3345.0,13.6897,2025,4,20
2025-04-20 06:10:00+00:00,3344.0,3345.0,3344.0,3345.0,0.1117,2025,4,20
2025-04-20 06:15:00+00:00,3344.0,3345.0,3344.0,3345.0,2.9527,2025,4,20
2025-04-20 06:20:00+00:00,3344.0,3345.0,3344.0,3344.0,3.9515,2025,4,20
2025-04-20 06:25:00+00:00,3345.0,3345.0,3344.0,3345.0,0.3044,2025,4,20
2025-04-20 06:30:00+00:00,3345.0,3346.0,3345.0,3346.0,2.1916,2025,4,20
2025-04-20 06:35:00+00:00,3346.0,3346.0,3345.0,3346.0,1.3783,2025,4,20
2025-04-20 06:40:00+00:00,3345.0,3346.0,3345.0,3345.0,7.2098,2025,4,20
2025-04-20 06:45:00+00:00,3346.0,3346.0,3345.0,3345.0,2.544,2025,4,20
2025-04-20 06:50:00+00:00,3344.0,3346.0,3344.0,3345.0,2.919,2025,4,20
2025-04-20 06:55:00+00:00,3346.0,3346.0,3345.0,3346.0,0.0324,2025,4,20
2025-04-20 07:00:00+00:00,3346.0,3347.0,3345.0,3346.0,1.343,2025,4,20
2025-04-20 07:05:00+00:00,3346.0,3348.0,3345.0,3348.0,10.9989,2025,4,20
2025-04-20 07:10:00+00:00,3347.0,3347.0,3346.0,3347.0,3.2658,2025,4,20
2025-04-20 07:15:00+00:00,3347.0,3347.0,3345.0,3346.0,3.5713,2025,4,20
2025-04-20 07:20:00+00:00,3346.0,3350.0,3346.0,3350.0,15.0321,2025,4,20
2025-04-20 07:25:00+00:00,3350.0,3350.0,3348.0,3349.0,2.5534,2025,4,20
2025-04-20 07:30:00+00:00,3349.0,3351.0,3349.0,3349.0,8.8277,2025,4,20
2025-04-20 07:35:00+00:00,3350.0,3351.0,3349.0,3350.0,11.4272,2025,4,20
2025-04-20 07:40:00+00:00,3350.0,3351.0,3349.0,3350.0,6.4926,2025,4,20
2025-04-20 07:45:00+00:00,3350.0,3350.0,3350.0,3350.0,0.3436,2025,4,20
2025-04-20 07:50:00+00:00,3350.0,3351.0,3349.0,3350.0,7.4403,2025,4,20
2025-04-20 07:55:00+00:00,3350.0,3350.0,3349.0,3349.0,0.0316,2025,4,20
2025-04-20 08:00:00+00:00,3350.0,3350.0,3348.0,3350.0,4.2731,2025,4,20
2025-04-20 08:05:00+00:00,3350.0,3351.0,3349.0,3350.0,5.5088,2025,4,20
2025-04-20 08:10:00+00:00,3349.0,3350.0,3349.0,3350.0,1.2743,2025,4,20
2025-04-20 08:15:00+00:00,3350.0,3350.0,3349.0,3350.0,0.3811,2025,4,20
2025-04-20 08:20:00+00:00,3350.0,3351.0,3349.0,3351.0,2.1622,2025,4,20
2025-04-20 08:25:00+00:00,3350.0,3350.0,3348.0,3349.0,4.9947,2025,4,20
2025-04-20 08:30:00+00:00,3349.0,3352.0,3349.0,3351.0,13.3201,2025,4,20
2025-04-20 08:35:00+00:00,3350.0,3351.0,3350.0,3351.0,1.1773,2025,4,20
2025-04-20 08:40:00+00:00,3350.0,3351.0,3350.0,3351.0,0.3084,2025,4,20
2025-04-20 08:45:00+00:00,3350.0,3350.0,3349.0,3350.0,3.134,2025,4,20
2025-04-20 08:50:00+00:00,3349.0,3350.0,3349.0,3349.0,0.7715,2025,4,20
2025-04-20 08:55:00+00:00,3350.0,3350.0,3349.0,3350.0,1.8114,2025,4,20
2025-04-20 09:00:00+00:00,3349.0,3350.0,3349.0,3350.0,0.4053,2025,4,20
2025-04-20 09:05:00+00:00,3349.0,3350.0,3349.0,3350.0,1.3971,2025,4,20
2025-04-20 09:10:00+00:00,3350.0,3353.0,3350.0,3352.0,12.1917,2025,4,20
2025-04-20 09:15:00+00:00,3351.0,3352.0,3350.0,3351.0,7.2081,2025,4,20
2025-04-20 09:20:00+00:00,3351.0,3352.0,3350.0,3351.0,4.4236,2025,4,20
2025-04-20 09:25:00+00:00,3350.0,3353.0,3349.0,3352.0,12.5082,2025,4,20
2025-04-20 09:30:00+00:00,3352.0,3352.0,3351.0,3351.0,1.8082,2025,4,20
2025-04-20 09:35:00+00:00,3352.0,3352.0,3351.0,3351.0,4.8045,2025,4,20
2025-04-20 09:40:00+00:00,3351.0,3352.0,3351.0,3352.0,2.4714,2025,4,20
2025-04-20 09:45:00+00:00,3351.0,3352.0,3351.0,3351.0,8.2296,2025,4,20
2025-04-20 09:50:00+00:00,3351.0,3352.0,3351.0,3352.0,0.7565,2025,4,20
2025-04-20 09:55:00+00:00,3352.0,3352.0,3350.0,3352.0,7.2069,2025,4,20
2025-04-20 10:00:00+00:00,3352.0,3352.0,3351.0,3352.0,3.3316,2025,4,20
2025-04-20 10:05:00+00:00,3352.0,3352.0,3351.0,3352.0,1.4379,2025,4,20
2025-04-20 10:10:00+00:00,3352.0,3352.0,3351.0,3352.0,4.7581,2025,4,20
2025-04-20 10:15:00+00:00,3352.0,3352.0,3352.0,3352.0,4.5914,2025,4,20
2025-04-20 10:20:00+00:00,3352.0,3353.0,3351.0,3352.0,7.5904,2025,4,20
2025-04-20 10:25:00+00:00,3352.0,3352.0,3351.0,3352.0,1.1499,2025,4,20
2025-04-20 10:30:00+00:00,3351.0,3353.0,3351.0,3352.0,3.9578,2025,4,20
2025-04-20 10:35:00+00:00,3353.0,3354.0,3352.0,3354.0,37.1132,2025,4,20
2025-04-20 10:40:00+00:00,3354.0,3354.0,3352.0,3354.0,11.7424,2025,4,20
2025-04-20 10:45:00+00:00,3353.0,3354.0,3352.0,3352.0,3.2965,2025,4,20
2025-04-20 10:50:00+00:00,3353.0,3353.0,3352.0,3353.0,3.1927,2025,4,20
2025-04-20 10:55:00+00:00,3352.0,3354.0,3352.0,3353.0,2.8243,2025,4,20
2025-04-20 11:00:00+00:00,3353.0,3354.0,3353.0,3354.0,2.3297,2025,4,20
2025-04-20 11:05:00+00:00,3354.0,3354.0,3353.0,3353.0,0.5339,2025,4,20
2025-04-20 11:10:00+00:00,3353.0,3354.0,3353.0,3353.0,2.8265,2025,4,20
2025-04-20 11:15:00+00:00,3353.0,3356.0,3353.0,3355.0,10.4945,2025,4,20
2025-04-20 11:20:00+00:00,3354.0,3356.0,3353.0,3355.0,14.6615,2025,4,20
2025-04-20 11:25:00+00:00,3355.0,3357.0,3355.0,3355.0,17.3316,2025,4,20
2025-04-20 11:30:00+00:00,3355.0,3356.0,3354.0,3355.0,1.8021,2025,4,20
2025-04-20 11:35:00+00:00,3354.0,3361.0,3354.0,3357.0,105.4604,2025,4,20
2025-04-20 11:40:00+00:00,3357.0,3358.0,3356.0,3358.0,7.6481,2025,4,20
2025-04-20 11:45:00+00:00,3357.0,3358.0,3357.0,3357.0,2.0663,2025,4,20
2025-04-20 11:50:00+00:00,3358.0,3359.0,3356.0,3357.0,5.9664,2025,4,20
2025-04-20 11:55:00+00:00,3356.0,3357.0,3356.0,3356.0,0.7001,2025,4,20
2025-04-20 12:00:00+00:00,3357.0,3358.0,3356.0,3357.0,4.5568,2025,4,20
2025-04-20 12:05:00+00:00,3356.0,3357.0,3356.0,3357.0,2.0441,2025,4,20
2025-04-20 12:10:00+00:00,3356.0,3357.0,3356.0,3357.0,1.4388,2025,4,20
2025-04-20 12:15:00+00:00,3356.0,3358.0,3356.0,3357.0,6.404,2025,4,20
2025-04-20 12:20:00+00:00,3357.0,3358.0,3357.0,3358.0,1.2119,2025,4,20
2025-04-20 12:25:00+00:00,3358.0,3358.0,3357.0,3358.0,21.8616,2025,4,20
2025-04-20 12:30:00+00:00,3358.0,3360.0,3357.0,3359.0,22.6627,2025,4,20
2025-04-20 12:35:00+00:00,3359.0,3360.0,3359.0,3360.0,7.5311,2025,4,20
2025-04-20 12:40:00+00:00,3359.0,3359.0,3358.0,3358.0,1.7714,2025,4,20
2025-04-20 12:45:00+00:00,3358.0,3361.0,3358.0,3359.0,44.1505,2025,4,20
2025-04-20 12:50:00+00:00,3359.0,3360.0,3359.0,3360.0,7.3866,2025,4,20
2025-04-20 12:55:00+00:00,3360.0,3360.0,3359.0,3359.0,5.1245,2025,4,20
2025-04-20 13:00:00+00:00,3358.0,3360.0,3358.0,3360.0,10.2661,2025,4,20
2025-04-20 13:05:00+00:00,3360.0,3360.0,3357.0,3357.0,8.6564,2025,4,20
2025-04-20 13:10:00+00:00,3357.0,3358.0,3355.0,3355.0,7.7512,2025,4,20
2025-04-20 13:15:00+00:00,3355.0,3356.0,3355.0,3355.0,5.7164,2025,4,20
2025-04-20 13:20:00+00:00,3355.0,3355.0,3354.0,3354.0,2.879,2025,4,20
2025-04-20 13:25:00+00:00,3354.0,3356.0,3354.0,3355.0,3.1302,2025,4,20
2025-04-20 13:30:00+00:00,3355.0,3357.0,3355.0,3356.0,2.4349,2025,4,20
2025-04-20 13:35:00+00:00,3356.0,3357.0,3356.0,3357.0,5.5308,2025,4,20
2025-04-20 13:40:00+00:00,3358.0,3358.0,3357.0,3357.0,1.879,2025,4,20
2025-04-20 13:45:00+00:00,3358.0,3358.0,3357.0,3357.0,1.2059,2025,4,20
2025-04-20 13:50:00+00:00,3358.0,3358.0,3357.0,3357.0,1.0727,2025,4,20
2025-04-20 13:55:00+00:00,3357.0,3358.0,3356.0,3356.0,3.3823,2025,4,20
2025-04-20 14:00:00+00:00,3357.0,3357.0,3356.0,3356.0,4.5617,2025,4,20
2025-04-20 14:05:00+00:00,3357.0,3357.0,3356.0,3357.0,1.8227,2025,4,20
2025-04-20 14:10:00+00:00,3356.0,3357.0,3356.0,3356.0,3.3368,2025,4,20
2025-04-20 14:15:00+00:00,3356.0,3356.0,3355.0,3355.0,2.7727,2025,4,20
2025-04-20 14:20:00+00:00,3355.0,3355.0,3354.0,3355.0,10.0385,2025,4,20
2025-04-20 14:25:00+00:00,3355.0,3355.0,3354.0,3354.0,5.3443,2025,4,20
2025-04-20 14:30:00+00:00,3354.0,3355.0,3354.0,3354.0,0.6061,2025,4,20
2025-04-20 14:35:00+00:00,3354.0,3355.0,3354.0,3354.0,1.3008,2025,4,20
2025-04-20 14:40:00+00:00,3354.0,3357.0,3354.0,3356.0,6.7529,2025,4,20
2025-04-20 14:45:00+00:00,3356.0,3358.0,3356.0,3357.0,22.0408,2025,4,20
2025-04-20 14:50:00+00:00,3357.0,3358.0,3356.0,3357.0,6.6594,2025,4,20
2025-04-20 14:55:00+00:00,3357.0,3357.0,3356.0,3356.0,1.4339,2025,4,20
2025-04-20 15:00:00+00:00,3357.0,3357.0,3354.0,3354.0,5.8749,2025,4,20
2025-04-20 15:05:00+00:00,3355.0,3355.0,3353.0,3354.0,4.2819,2025,4,20
2025-04-20 15:10:00+00:00,3354.0,3355.0,3354.0,3354.0,0.5974,2025,4,20
2025-04-20 15:15:00+00:00,3354.0,3355.0,3354.0,3354.0,0.8609,2025,4,20
2025-04-20 15:20:00+00:00,3354.0,3355.0,3354.0,3355.0,1.8043,2025,4,20
2025-04-20 15:25:00+00:00,3354.0,3355.0,3354.0,3354.0,1.5066,2025,4,20
2025-04-20 15:30:00+00:00,3355.0,3355.0,3354.0,3354.0,5.9028,2025,4,20
2025-04-20 15:35:00+00:00,3354.0,3355.0,3354.0,3355.0,0.698,2025,4,20
2025-04-20 15:40:00+00:00,3354.0,3355.0,3354.0,3355.0,0.7735,2025,4,20
2025-04-20 15:45:00+00:00,3355.0,3355.0,3353.0,3354.0,7.8579,2025,4,20
2025-04-20 15:50:00+00:00,3354.0,3355.0,3354.0,3355.0,2.8046,2025,4,20
2025-04-20 15:55:00+00:00,3355.0,3355.0,3354.0,3355.0,5.7436,2025,4,20
2025-04-20 16:00:00+00:00,3355.0,3355.0,3353.0,3353.0,60.8776,2025,4,20
2025-04-20 16:05:00+00:00,3353.0,3353.0,3351.0,3352.0,9.5545,2025,4,20
2025-04-20 16:10:00+00:00,3351.0,3351.0,3350.0,3351.0,2.9169,2025,4,20
2025-04-20 16:15:00+00:00,3350.0,3350.0,3349.0,3350.0,3.0244,2025,4,20
2025-04-20 16:20:00+00:00,3349.0,3350.0,3349.0,3349.0,6.1449,2025,4,20
2025-04-20 16:25:00+00:00,3349.0,3350.0,3349.0,3350.0,0.79,2025,4,20
2025-04-20 16:30:00+00:00,3350.0,3350.0,3349.0,3350.0,0.2343,2025,4,20
2025-04-20 16:35:00+00:00,3350.0,3350.0,3349.0,3350.0,0.2867,2025,4,20
2025-04-20 16:40:00+00:00,3349.0,3350.0,3349.0,3349.0,2.0116,2025,4,20
2025-04-20 16:45:00+00:00,3349.0,3350.0,3349.0,3349.0,5.3122,2025,4,20
2025-04-20 16:50:00+00:00,3349.0,3350.0,3349.0,3349.0,1.4769,2025,4,20
2025-04-20 16:55:00+00:00,3349.0,3350.0,3349.0,3349.0,1.8831,2025,4,20
2025-04-20 17:00:00+00:00,3350.0,3350.0,3349.0,3349.0,0.0455,2025,4,20
2025-04-20 17:05:00+00:00,3350.0,3350.0,3349.0,3349.0,0.2351,2025,4,20
2025-04-20 17:10:00+00:00,3350.0,3350.0,3349.0,3349.0,0.2283,2025,4,20
2025-04-20 17:15:00+00:00,3349.0,3350.0,3349.0,3349.0,0.3846,2025,4,20
2025-04-20 17:20:00+00:00,3350.0,3350.0,3349.0,3350.0,0.9474,2025,4,20
2025-04-20 17:25:00+00:00,3349.0,3350.0,3349.0,3349.0,3.3546,2025,4,20
2025-04-20 17:30:00+00:00,3349.0,3350.0,3349.0,3350.0,0.0896,2025,4,20
2025-04-20 17:35:00+00:00,3350.0,3350.0,3349.0,3349.0,0.868,2025,4,20
2025-04-20 17:40:00+00:00,3349.0,3350.0,3349.0,3350.0,0.4354,2025,4,20
2025-04-20 17:45:00+00:00,3350.0,3351.0,3349.0,3351.0,2.7003,2025,4,20
2025-04-20 17:50:00+00:00,3350.0,3351.0,3350.0,3351.0,0.4199,2025,4,20
2025-04-20 17:55:00+00:00,3351.0,3352.0,3350.0,3351.0,3.0356,2025,4,20
2025-04-20 18:00:00+00:00,3351.0,3351.0,3350.0,3350.0,9.3773,2025,4,20
2025-04-20 18:05:00+00:00,3350.0,3351.0,3350.0,3350.0,0.2124,2025,4,20
2025-04-20 18:10:00+00:00,3350.0,3350.0,3349.0,3350.0,4.1616,2025,4,20
2025-04-20 18:15:00+00:00,3349.0,3350.0,3349.0,3350.0,17.5096,2025,4,20
2025-04-20 18:20:00+00:00,3349.0,3350.0,3349.0,3349.0,0.3075,2025,4,20
2025-04-20 18:25:00+00:00,3349.0,3350.0,3349.0,3349.0,0.1929,2025,4,20
2025-04-20 18:30:00+00:00,3349.0,3350.0,3349.0,3350.0,0.5695,2025,4,20
2025-04-20 18:35:00+00:00,3349.0,3350.0,3349.0,3350.0,0.1721,2025,4,20
2025-04-20 18:40:00+00:00,3349.0,3350.0,3349.0,3350.0,1.0437,2025,4,20
2025-04-20 18:45:00+00:00,3350.0,3350.0,3349.0,3349.0,0.7618,2025,4,20
2025-04-20 18:50:00+00:00,3350.0,3350.0,3349.0,3350.0,1.9012,2025,4,20
2025-04-20 18:55:00+00:00,3350.0,3350.0,3349.0,3350.0,0.7491,2025,4,20
2025-04-20 19:00:00+00:00,3350.0,3350.0,3349.0,3349.0,36.3749,2025,4,20
2025-04-20 19:05:00+00:00,3348.0,3349.0,3348.0,3349.0,0.9091,2025,4,20
2025-04-20 19:10:00+00:00,3348.0,3349.0,3348.0,3349.0,2.0942,2025,4,20
2025-04-20 19:15:00+00:00,3348.0,3349.0,3348.0,3349.0,0.3079,2025,4,20
2025-04-20 19:20:00+00:00,3348.0,3350.0,3348.0,3349.0,3.0907,2025,4,20
2025-04-20 19:25:00+00:00,3350.0,3350.0,3349.0,3349.0,11.0826,2025,4,20
2025-04-20 19:30:00+00:00,3349.0,3349.0,3349.0,3349.0,0.2218,2025,4,20
2025-04-20 19:35:00+00:00,3349.0,3350.0,3349.0,3349.0,2.8595,2025,4,20
2025-04-20 19:40:00+00:00,3350.0,3350.0,3349.0,3349.0,0.8217,2025,4,20
2025-04-20 19:45:00+00:00,3349.0,3350.0,3348.0,3348.0,15.464,2025,4,20
2025-04-20 19:50:00+00:00,3349.0,3350.0,3348.0,3349.0,12.2624,2025,4,20
2025-04-20 19:55:00+00:00,3349.0,3350.0,3349.0,3349.0,0.3879,2025,4,20
2025-04-20 20:00:00+00:00,3349.0,3350.0,3349.0,3349.0,5.0303,2025,4,20
2025-04-20 20:05:00+00:00,3349.0,3350.0,3348.0,3349.0,8.0395,2025,4,20
2025-04-20 20:10:00+00:00,3350.0,3350.0,3349.0,3349.0,3.536,2025,4,20
2025-04-20 20:15:00+00:00,3349.0,3350.0,3349.0,3350.0,0.6532,2025,4,20
2025-04-20 20:20:00+00:00,3350.0,3350.0,3349.0,3350.0,4.5987,2025,4,20
2025-04-20 20:25:00+00:00,3349.0,3350.0,3349.0,3350.0,42.3109,2025,4,20
2025-04-20 20:30:00+00:00,3350.0,3350.0,3349.0,3349.0,2.5788,2025,4,20
2025-04-20 20:35:00+00:00,3349.0,3350.0,3349.0,3350.0,4.0307,2025,4,20
2025-04-20 20:40:00+00:00,3350.0,3350.0,3349.0,3350.0,20.0653,2025,4,20
2025-04-20 20:45:00+00:00,3350.0,3350.0,3348.0,3350.0,58.1963,2025,4,20
2025-04-20 20:50:00+00:00,3350.0,3350.0,3349.0,3350.0,3.6569,2025,4,20
2025-04-20 20:55:00+00:00,3350.0,3350.0,3348.0,3349.0,30.7,2025,4,20
2025-04-20 21:00:00+00:00,3348.0,3349.0,3348.0,3349.0,27.7213,2025,4,20
2025-04-20 21:05:00+00:00,3349.0,3349.0,3348.0,3348.0,1.2941,2025,4,20
2025-04-20 21:10:00+00:00,3348.0,3349.0,3348.0,3349.0,7.5268,2025,4,20
2025-04-20 21:15:00+00:00,3349.0,3350.0,3348.0,3349.0,9.4903,2025,4,20
2025-04-20 21:20:00+00:00,3349.0,3350.0,3349.0,3350.0,0.4595,2025,4,20
2025-04-20 21:25:00+00:00,3349.0,3351.0,3349.0,3350.0,2.0166,2025,4,20
2025-04-20 21:30:00+00:00,3351.0,3351.0,3350.0,3351.0,5.6052,2025,4,20
2025-04-20 21:35:00+00:00,3351.0,3353.0,3350.0,3353.0,7.8085,2025,4,20
2025-04-20 21:40:00+00:00,3352.0,3353.0,3349.0,3350.0,6.8025,2025,4,20
2025-04-20 21:45:00+00:00,3349.0,3350.0,3349.0,3350.0,2.4609,2025,4,20
2025-04-20 21:50:00+00:00,3350.0,3351.0,3349.0,3350.0,1.1833,2025,4,20
2025-04-20 21:55:00+00:00,3351.0,3353.0,3350.0,3353.0,4.035,2025,4,20
2025-04-20 22:00:00+00:00,3353.0,3355.0,3353.0,3354.0,22.2079,2025,4,20
2025-04-20 22:05:00+00:00,3354.0,3356.0,3353.0,3353.0,16.1618,2025,4,20
2025-04-20 22:10:00+00:00,3352.0,3356.0,3352.0,3355.0,30.045,2025,4,20
2025-04-20 22:15:00+00:00,3355.0,3363.0,3355.0,3362.0,41.1732,2025,4,20
2025-04-20 22:20:00+00:00,3363.0,3365.0,3360.0,3360.0,64.3234,2025,4,20
2025-04-20 22:25:00+00:00,3361.0,3363.0,3359.0,3362.0,17.5204,2025,4,20
2025-04-20 22:30:00+00:00,3361.0,3364.0,3360.0,3364.0,5.4793,2025,4,20
2025-04-20 22:35:00+00:00,3364.0,3364.0,3357.0,3363.0,19.1783,2025,4,20
2025-04-20 22:40:00+00:00,3362.0,3365.0,3362.0,3362.0,11.3904,2025,4,20
2025-04-20 22:45:00+00:00,3362.0,3366.0,3362.0,3365.0,17.1381,2025,4,20
2025-04-20 22:50:00+00:00,3365.0,3365.0,3360.0,3361.0,7.5537,2025,4,20
2025-04-20 22:55:00+00:00,3360.0,3363.0,3360.0,3363.0,10.7259,2025,4,20
2025-04-20 23:00:00+00:00,3363.0,3364.0,3360.0,3364.0,8.8566,2025,4,20
2025-04-20 23:05:00+00:00,3364.0,3366.0,3362.0,3366.0,1.0059,2025,4,20
2025-04-20 23:10:00+00:00,3366.0,3366.0,3363.0,3365.0,7.7765,2025,4,20
2025-04-20 23:15:00+00:00,3364.0,3366.0,3364.0,3365.0,3.1699,2025,4,20
2025-04-20 23:20:00+00:00,3365.0,3366.0,3364.0,3366.0,8.6345,2025,4,20
2025-04-20 23:25:00+00:00,3366.0,3367.0,3365.0,3366.0,9.4428,2025,4,20
2025-04-20 23:30:00+00:00,3366.0,3367.0,3366.0,3367.0,1.8389,2025,4,20
2025-04-20 23:35:00+00:00,3367.0,3368.0,3366.0,3368.0,4.8868,2025,4,20
2025-04-20 23:40:00+00:00,3368.0,3368.0,3366.0,3368.0,8.6562,2025,4,20
2025-04-20 23:45:00+00:00,3368.0,3372.0,3368.0,3370.0,18.3621,2025,4,20
2025-04-20 23:50:00+00:00,3370.0,3375.0,3369.0,3370.0,24.2935,2025,4,20
2025-04-20 23:55:00+00:00,3370.0,3370.0,3368.0,3370.0,6.5088,2025,4,20
