timestamp,open,high,low,close,volume,year,month,day
2024-03-01 00:00:00+00:00,1996.0,2000.0,1996.0,2000.0,47.0124,2024,3,1
2024-03-01 00:05:00+00:00,1999.0,2000.0,1998.0,1998.0,7.7594,2024,3,1
2024-03-01 00:10:00+00:00,1998.0,1999.0,1997.0,1997.0,1.8752,2024,3,1
2024-03-01 00:15:00+00:00,1998.0,2000.0,1997.0,2000.0,7.3332,2024,3,1
2024-03-01 00:20:00+00:00,2000.0,2000.0,1999.0,1999.0,0.4134,2024,3,1
2024-03-01 00:25:00+00:00,1999.0,2000.0,1997.0,1999.0,5.4278,2024,3,1
2024-03-01 00:30:00+00:00,1999.0,1999.0,1997.0,1997.0,1.5584,2024,3,1
2024-03-01 00:35:00+00:00,1997.0,1997.0,1995.0,1996.0,1.2911,2024,3,1
2024-03-01 00:40:00+00:00,1996.0,2000.0,1996.0,2000.0,102.332,2024,3,1
2024-03-01 00:45:00+00:00,1999.0,2000.0,1998.0,1999.0,1.9986,2024,3,1
2024-03-01 00:50:00+00:00,1999.0,2000.0,1998.0,2000.0,10.2173,2024,3,1
2024-03-01 00:55:00+00:00,2000.0,2000.0,1999.0,2000.0,0.765,2024,3,1
2024-03-01 01:00:00+00:00,1999.0,2000.0,1997.0,1997.0,3.6579,2024,3,1
2024-03-01 01:05:00+00:00,1998.0,2000.0,1998.0,1998.0,1.3401,2024,3,1
2024-03-01 01:10:00+00:00,1999.0,2000.0,1999.0,1999.0,0.617,2024,3,1
2024-03-01 01:15:00+00:00,1999.0,1999.0,1998.0,1999.0,0.9358,2024,3,1
2024-03-01 01:20:00+00:00,1999.0,1999.0,1998.0,1999.0,0.6653,2024,3,1
2024-03-01 01:25:00+00:00,1998.0,2000.0,1998.0,2000.0,13.7574,2024,3,1
2024-03-01 01:30:00+00:00,2000.0,2000.0,1998.0,1999.0,13.9012,2024,3,1
2024-03-01 01:35:00+00:00,1999.0,2000.0,1999.0,2000.0,1.0625,2024,3,1
2024-03-01 01:40:00+00:00,2000.0,2000.0,2000.0,2000.0,4.1707,2024,3,1
2024-03-01 01:45:00+00:00,2000.0,2000.0,1999.0,1999.0,3.2421,2024,3,1
2024-03-01 01:50:00+00:00,2000.0,2000.0,1999.0,2000.0,2.8091,2024,3,1
2024-03-01 01:55:00+00:00,2000.0,2000.0,1999.0,2000.0,1.1127,2024,3,1
2024-03-01 02:00:00+00:00,2000.0,2000.0,1998.0,1999.0,1.4726,2024,3,1
2024-03-01 02:05:00+00:00,1999.0,2000.0,1999.0,1999.0,0.7005,2024,3,1
2024-03-01 02:10:00+00:00,2000.0,2000.0,1999.0,2000.0,0.4085,2024,3,1
2024-03-01 02:15:00+00:00,1999.0,2000.0,1999.0,2000.0,2.8342,2024,3,1
2024-03-01 02:20:00+00:00,2000.0,2000.0,1999.0,2000.0,2.6699,2024,3,1
2024-03-01 02:25:00+00:00,1999.0,2000.0,1999.0,2000.0,1.0494,2024,3,1
2024-03-01 02:30:00+00:00,1999.0,2000.0,1999.0,2000.0,0.2917,2024,3,1
2024-03-01 02:35:00+00:00,1999.0,2000.0,1999.0,1999.0,7.1113,2024,3,1
2024-03-01 02:40:00+00:00,2000.0,2000.0,2000.0,2000.0,4.0639,2024,3,1
2024-03-01 02:45:00+00:00,1999.0,2000.0,1999.0,1999.0,0.0592,2024,3,1
2024-03-01 02:50:00+00:00,2000.0,2000.0,1999.0,1999.0,0.3656,2024,3,1
2024-03-01 02:55:00+00:00,2000.0,2000.0,1999.0,1999.0,148.9134,2024,3,1
2024-03-01 03:00:00+00:00,2000.0,2000.0,1999.0,2000.0,0.27,2024,3,1
2024-03-01 03:05:00+00:00,2000.0,2000.0,2000.0,2000.0,5.4714,2024,3,1
2024-03-01 03:10:00+00:00,1999.0,2000.0,1999.0,1999.0,0.1797,2024,3,1
2024-03-01 03:15:00+00:00,2000.0,2000.0,1999.0,2000.0,21.2634,2024,3,1
2024-03-01 03:20:00+00:00,2000.0,2000.0,1999.0,1999.0,4.8081,2024,3,1
2024-03-01 03:25:00+00:00,2000.0,2000.0,1999.0,2000.0,37.8028,2024,3,1
2024-03-01 03:30:00+00:00,2000.0,2000.0,1999.0,2000.0,5.9308,2024,3,1
2024-03-01 03:35:00+00:00,2000.0,2000.0,1999.0,2000.0,1.1563,2024,3,1
2024-03-01 03:40:00+00:00,1999.0,2000.0,1999.0,2000.0,9.1965,2024,3,1
2024-03-01 03:45:00+00:00,1999.0,2000.0,1998.0,2000.0,6.6026,2024,3,1
2024-03-01 03:50:00+00:00,1999.0,2000.0,1999.0,2000.0,1.3618,2024,3,1
2024-03-01 03:55:00+00:00,2000.0,2000.0,1999.0,2000.0,0.4088,2024,3,1
2024-03-01 04:00:00+00:00,2000.0,2000.0,1999.0,1999.0,1.4027,2024,3,1
2024-03-01 04:05:00+00:00,1999.0,2000.0,1999.0,2000.0,1.6139,2024,3,1
2024-03-01 04:10:00+00:00,1999.0,2000.0,1999.0,2000.0,0.1973,2024,3,1
2024-03-01 04:15:00+00:00,2000.0,2000.0,2000.0,2000.0,2.7225,2024,3,1
2024-03-01 04:20:00+00:00,2000.0,2000.0,1999.0,2000.0,1.2054,2024,3,1
2024-03-01 04:25:00+00:00,2000.0,2000.0,1999.0,2000.0,9.0402,2024,3,1
2024-03-01 04:30:00+00:00,2000.0,2000.0,1999.0,1999.0,72.2075,2024,3,1
2024-03-01 04:35:00+00:00,2000.0,2000.0,1999.0,1999.0,4.8181,2024,3,1
2024-03-01 04:40:00+00:00,1999.0,1999.0,1998.0,1999.0,2.0509,2024,3,1
2024-03-01 04:45:00+00:00,1999.0,2000.0,1998.0,2000.0,6.2541,2024,3,1
2024-03-01 04:50:00+00:00,2000.0,2000.0,1999.0,2000.0,1.1792,2024,3,1
2024-03-01 04:55:00+00:00,1999.0,2000.0,1999.0,2000.0,2.1265,2024,3,1
2024-03-01 05:00:00+00:00,1999.0,2000.0,1999.0,2000.0,7.7391,2024,3,1
2024-03-01 05:05:00+00:00,2000.0,2000.0,1999.0,1999.0,5.9784,2024,3,1
2024-03-01 05:10:00+00:00,2000.0,2000.0,1999.0,1999.0,2.0605,2024,3,1
2024-03-01 05:15:00+00:00,1999.0,2000.0,1999.0,2000.0,0.3704,2024,3,1
2024-03-01 05:20:00+00:00,2000.0,2000.0,1999.0,2000.0,3.4191,2024,3,1
2024-03-01 05:25:00+00:00,2000.0,2000.0,1999.0,2000.0,0.1536,2024,3,1
2024-03-01 05:30:00+00:00,2000.0,2000.0,1999.0,1999.0,74.4769,2024,3,1
2024-03-01 05:35:00+00:00,1999.0,2000.0,1999.0,2000.0,2.3641,2024,3,1
2024-03-01 05:40:00+00:00,2000.0,2000.0,1999.0,1999.0,24.5837,2024,3,1
2024-03-01 05:45:00+00:00,1999.0,1999.0,1998.0,1998.0,2.5972,2024,3,1
2024-03-01 05:50:00+00:00,1998.0,2000.0,1997.0,2000.0,5.7323,2024,3,1
2024-03-01 05:55:00+00:00,2000.0,2000.0,1999.0,2000.0,8.6666,2024,3,1
2024-03-01 06:00:00+00:00,2000.0,2000.0,1999.0,1999.0,0.4136,2024,3,1
2024-03-01 06:05:00+00:00,1999.0,2000.0,1999.0,1999.0,0.7896,2024,3,1
2024-03-01 06:10:00+00:00,1999.0,2000.0,1999.0,1999.0,96.2997,2024,3,1
2024-03-01 06:15:00+00:00,1999.0,2000.0,1999.0,2000.0,9.9039,2024,3,1
2024-03-01 06:20:00+00:00,1999.0,2000.0,1999.0,2000.0,2.0023,2024,3,1
2024-03-01 06:25:00+00:00,1999.0,2000.0,1999.0,1999.0,8.5989,2024,3,1
2024-03-01 06:30:00+00:00,2000.0,2000.0,1999.0,2000.0,25.7875,2024,3,1
2024-03-01 06:35:00+00:00,2000.0,2000.0,1999.0,2000.0,8.1623,2024,3,1
2024-03-01 06:40:00+00:00,2000.0,2000.0,2000.0,2000.0,1.7836,2024,3,1
2024-03-01 06:45:00+00:00,2000.0,2000.0,2000.0,2000.0,3.7014,2024,3,1
2024-03-01 06:50:00+00:00,2000.0,2000.0,1999.0,2000.0,1.3808,2024,3,1
2024-03-01 06:55:00+00:00,2000.0,2000.0,1999.0,2000.0,1.01,2024,3,1
2024-03-01 07:00:00+00:00,2000.0,2000.0,1999.0,2000.0,1.9139,2024,3,1
2024-03-01 07:05:00+00:00,2000.0,2000.0,1999.0,2000.0,3.516,2024,3,1
2024-03-01 07:10:00+00:00,2000.0,2000.0,1999.0,2000.0,0.9385,2024,3,1
2024-03-01 07:15:00+00:00,2000.0,2000.0,1999.0,2000.0,0.3561,2024,3,1
2024-03-01 07:20:00+00:00,1999.0,2000.0,1998.0,1999.0,4.8138,2024,3,1
2024-03-01 07:25:00+00:00,1999.0,2000.0,1996.0,2000.0,10.1983,2024,3,1
2024-03-01 07:30:00+00:00,2000.0,2000.0,1998.0,1999.0,2.9681,2024,3,1
2024-03-01 07:35:00+00:00,1998.0,1999.0,1998.0,1998.0,1.5972,2024,3,1
2024-03-01 07:40:00+00:00,1999.0,1999.0,1998.0,1998.0,1.7813,2024,3,1
2024-03-01 07:45:00+00:00,1998.0,1999.0,1998.0,1999.0,1.4237,2024,3,1
2024-03-01 07:50:00+00:00,1998.0,1999.0,1997.0,1997.0,0.5922,2024,3,1
2024-03-01 07:55:00+00:00,1998.0,1998.0,1997.0,1997.0,0.3352,2024,3,1
2024-03-01 08:00:00+00:00,1997.0,1998.0,1997.0,1998.0,1.2899,2024,3,1
2024-03-01 08:05:00+00:00,1998.0,1998.0,1997.0,1998.0,2.0459,2024,3,1
2024-03-01 08:10:00+00:00,1998.0,1998.0,1996.0,1998.0,8.4635,2024,3,1
2024-03-01 08:15:00+00:00,1998.0,2000.0,1997.0,2000.0,1.3306,2024,3,1
2024-03-01 08:20:00+00:00,2000.0,2000.0,1998.0,1999.0,10.1422,2024,3,1
2024-03-01 08:25:00+00:00,1999.0,1999.0,1998.0,1999.0,0.8026,2024,3,1
2024-03-01 08:30:00+00:00,1999.0,2000.0,1998.0,2000.0,1.9445,2024,3,1
2024-03-01 08:35:00+00:00,2000.0,2000.0,1999.0,2000.0,11.6854,2024,3,1
2024-03-01 08:40:00+00:00,2000.0,2000.0,1999.0,1999.0,8.1817,2024,3,1
2024-03-01 08:45:00+00:00,2000.0,2000.0,1999.0,1999.0,0.1538,2024,3,1
2024-03-01 08:50:00+00:00,1999.0,2000.0,1998.0,1999.0,3.6059,2024,3,1
2024-03-01 08:55:00+00:00,1999.0,1999.0,1998.0,1998.0,0.6373,2024,3,1
2024-03-01 09:00:00+00:00,1998.0,1999.0,1998.0,1999.0,4.2825,2024,3,1
2024-03-01 09:05:00+00:00,2000.0,2000.0,1999.0,2000.0,0.8266,2024,3,1
2024-03-01 09:10:00+00:00,2000.0,2000.0,1999.0,1999.0,1.7901,2024,3,1
2024-03-01 09:15:00+00:00,2000.0,2000.0,1999.0,2000.0,1.5924,2024,3,1
2024-03-01 09:20:00+00:00,2000.0,2000.0,1999.0,2000.0,3.3825,2024,3,1
2024-03-01 09:25:00+00:00,1999.0,2000.0,1997.0,1998.0,11.8654,2024,3,1
2024-03-01 09:30:00+00:00,1998.0,1999.0,1998.0,1999.0,0.5149,2024,3,1
2024-03-01 09:35:00+00:00,1998.0,1999.0,1998.0,1999.0,0.2033,2024,3,1
2024-03-01 09:40:00+00:00,1999.0,2000.0,1999.0,1999.0,3.4712,2024,3,1
2024-03-01 09:45:00+00:00,2000.0,2000.0,1999.0,1999.0,2.2875,2024,3,1
2024-03-01 09:50:00+00:00,2000.0,2000.0,2000.0,2000.0,2.1449,2024,3,1
2024-03-01 09:55:00+00:00,2000.0,2000.0,1999.0,2000.0,0.9042,2024,3,1
2024-03-01 10:00:00+00:00,2000.0,2000.0,1997.0,1998.0,9.8992,2024,3,1
2024-03-01 10:05:00+00:00,1998.0,1998.0,1997.0,1998.0,0.7444,2024,3,1
2024-03-01 10:10:00+00:00,1998.0,1998.0,1996.0,1997.0,25.364,2024,3,1
2024-03-01 10:15:00+00:00,1997.0,1997.0,1996.0,1997.0,16.5315,2024,3,1
2024-03-01 10:20:00+00:00,1997.0,1998.0,1996.0,1997.0,8.0375,2024,3,1
2024-03-01 10:25:00+00:00,1997.0,1998.0,1997.0,1998.0,10.2842,2024,3,1
2024-03-01 10:30:00+00:00,1998.0,1998.0,1996.0,1998.0,1.8399,2024,3,1
2024-03-01 10:35:00+00:00,1998.0,1998.0,1997.0,1997.0,2.3422,2024,3,1
2024-03-01 10:40:00+00:00,1998.0,1998.0,1997.0,1998.0,0.9899,2024,3,1
2024-03-01 10:45:00+00:00,1998.0,1998.0,1997.0,1998.0,11.2753,2024,3,1
2024-03-01 10:50:00+00:00,1997.0,1998.0,1997.0,1998.0,3.8582,2024,3,1
2024-03-01 10:55:00+00:00,1998.0,1998.0,1997.0,1997.0,0.3805,2024,3,1
2024-03-01 11:00:00+00:00,1998.0,2000.0,1997.0,1998.0,473.6217,2024,3,1
2024-03-01 11:05:00+00:00,1999.0,2000.0,1999.0,1999.0,13.2385,2024,3,1
2024-03-01 11:10:00+00:00,2000.0,2000.0,1999.0,2000.0,22.2024,2024,3,1
2024-03-01 11:15:00+00:00,2000.0,2000.0,1999.0,2000.0,36.9053,2024,3,1
2024-03-01 11:20:00+00:00,2000.0,2000.0,1999.0,2000.0,0.7428,2024,3,1
2024-03-01 11:25:00+00:00,2000.0,2000.0,1999.0,1999.0,0.6787,2024,3,1
2024-03-01 11:30:00+00:00,2000.0,2000.0,1999.0,2000.0,1.9022,2024,3,1
2024-03-01 11:35:00+00:00,1999.0,2000.0,1999.0,2000.0,0.2618,2024,3,1
2024-03-01 11:40:00+00:00,2000.0,2000.0,1999.0,2000.0,6.9683,2024,3,1
2024-03-01 11:45:00+00:00,2000.0,2003.0,1997.0,1998.0,39.9816,2024,3,1
2024-03-01 11:50:00+00:00,1998.0,2000.0,1997.0,2000.0,5.3963,2024,3,1
2024-03-01 11:55:00+00:00,2000.0,2000.0,1999.0,2000.0,37.3319,2024,3,1
2024-03-01 12:00:00+00:00,1999.0,2000.0,1999.0,2000.0,2.223,2024,3,1
2024-03-01 12:05:00+00:00,2000.0,2000.0,1999.0,1999.0,10.0892,2024,3,1
2024-03-01 12:10:00+00:00,1999.0,2000.0,1999.0,2000.0,10.2896,2024,3,1
2024-03-01 12:15:00+00:00,2000.0,2006.0,1999.0,2005.0,225.0146,2024,3,1
2024-03-01 12:20:00+00:00,2006.0,2006.0,1999.0,2000.0,49.511,2024,3,1
2024-03-01 12:25:00+00:00,2000.0,2000.0,1997.0,1998.0,38.3652,2024,3,1
2024-03-01 12:30:00+00:00,1998.0,1998.0,1997.0,1998.0,0.9782,2024,3,1
2024-03-01 12:35:00+00:00,1998.0,1999.0,1997.0,1998.0,1.7028,2024,3,1
2024-03-01 12:40:00+00:00,1999.0,1999.0,1998.0,1998.0,5.21,2024,3,1
2024-03-01 12:45:00+00:00,1999.0,1999.0,1998.0,1998.0,0.8847,2024,3,1
2024-03-01 12:50:00+00:00,1998.0,1999.0,1998.0,1998.0,0.6907,2024,3,1
2024-03-01 12:55:00+00:00,1998.0,1999.0,1998.0,1999.0,1.2682,2024,3,1
2024-03-01 13:00:00+00:00,1999.0,1999.0,1998.0,1999.0,1.2616,2024,3,1
2024-03-01 13:05:00+00:00,1998.0,1999.0,1998.0,1999.0,4.2807,2024,3,1
2024-03-01 13:10:00+00:00,1998.0,1999.0,1998.0,1998.0,0.3978,2024,3,1
2024-03-01 13:15:00+00:00,1999.0,1999.0,1998.0,1999.0,1.3651,2024,3,1
2024-03-01 13:20:00+00:00,1999.0,1999.0,1998.0,1998.0,2.054,2024,3,1
2024-03-01 13:25:00+00:00,1998.0,1999.0,1998.0,1998.0,3.9021,2024,3,1
2024-03-01 13:30:00+00:00,1998.0,1999.0,1998.0,1999.0,2.8676,2024,3,1
2024-03-01 13:35:00+00:00,1998.0,1999.0,1998.0,1998.0,2.1307,2024,3,1
2024-03-01 13:40:00+00:00,1998.0,1999.0,1997.0,1998.0,3.3855,2024,3,1
2024-03-01 13:45:00+00:00,1997.0,1999.0,1997.0,1997.0,5.1261,2024,3,1
2024-03-01 13:50:00+00:00,1997.0,1998.0,1997.0,1997.0,1.0557,2024,3,1
2024-03-01 13:55:00+00:00,1997.0,1998.0,1992.0,1993.0,59.3309,2024,3,1
2024-03-01 14:00:00+00:00,1994.0,1996.0,1993.0,1995.0,11.6927,2024,3,1
2024-03-01 14:05:00+00:00,1995.0,1996.0,1995.0,1995.0,1.254,2024,3,1
2024-03-01 14:10:00+00:00,1996.0,1998.0,1996.0,1997.0,3.3897,2024,3,1
2024-03-01 14:15:00+00:00,1998.0,1998.0,1996.0,1996.0,2.5936,2024,3,1
2024-03-01 14:20:00+00:00,1997.0,1997.0,1996.0,1997.0,1.1249,2024,3,1
2024-03-01 14:25:00+00:00,1997.0,1998.0,1996.0,1998.0,6.3622,2024,3,1
2024-03-01 14:30:00+00:00,1997.0,1998.0,1997.0,1998.0,1.9974,2024,3,1
2024-03-01 14:35:00+00:00,1997.0,1999.0,1997.0,1999.0,70.547,2024,3,1
2024-03-01 14:40:00+00:00,1998.0,1999.0,1995.0,1999.0,32.0172,2024,3,1
2024-03-01 14:45:00+00:00,1999.0,2000.0,1996.0,1999.0,15.3013,2024,3,1
2024-03-01 14:50:00+00:00,1999.0,2000.0,1999.0,2000.0,2.013,2024,3,1
2024-03-01 14:55:00+00:00,1999.0,2000.0,1999.0,2000.0,10.1996,2024,3,1
2024-03-01 15:00:00+00:00,2000.0,2000.0,1996.0,1999.0,11.8131,2024,3,1
2024-03-01 15:05:00+00:00,1999.0,1999.0,1995.0,1998.0,7.1383,2024,3,1
2024-03-01 15:10:00+00:00,1999.0,2000.0,1995.0,1997.0,26.9564,2024,3,1
2024-03-01 15:15:00+00:00,1996.0,1998.0,1996.0,1998.0,2.8288,2024,3,1
2024-03-01 15:20:00+00:00,1998.0,2000.0,1997.0,1999.0,12.2314,2024,3,1
2024-03-01 15:25:00+00:00,2000.0,2011.0,1999.0,2011.0,89.5107,2024,3,1
2024-03-01 15:30:00+00:00,2011.0,2011.0,2005.0,2007.0,17.7351,2024,3,1
2024-03-01 15:35:00+00:00,2007.0,2009.0,2006.0,2008.0,6.4742,2024,3,1
2024-03-01 15:40:00+00:00,2008.0,2015.0,2008.0,2015.0,127.2403,2024,3,1
2024-03-01 15:45:00+00:00,2015.0,2016.0,2009.0,2010.0,16.5552,2024,3,1
2024-03-01 15:50:00+00:00,2011.0,2015.0,2010.0,2014.0,5.967,2024,3,1
2024-03-01 15:55:00+00:00,2014.0,2016.0,2014.0,2014.0,18.9778,2024,3,1
2024-03-01 16:00:00+00:00,2014.0,2016.0,2014.0,2016.0,0.7952,2024,3,1
2024-03-01 16:05:00+00:00,2016.0,2016.0,2014.0,2016.0,12.7845,2024,3,1
2024-03-01 16:10:00+00:00,2015.0,2016.0,2015.0,2015.0,2.0903,2024,3,1
2024-03-01 16:15:00+00:00,2016.0,2017.0,2015.0,2015.0,15.8684,2024,3,1
2024-03-01 16:20:00+00:00,2016.0,2018.0,2015.0,2017.0,8.3119,2024,3,1
2024-03-01 16:25:00+00:00,2016.0,2018.0,2016.0,2018.0,5.0175,2024,3,1
2024-03-01 16:30:00+00:00,2018.0,2018.0,2017.0,2017.0,12.0922,2024,3,1
2024-03-01 16:35:00+00:00,2017.0,2019.0,2017.0,2019.0,31.2293,2024,3,1
2024-03-01 16:40:00+00:00,2020.0,2026.0,2018.0,2021.0,61.8105,2024,3,1
2024-03-01 16:45:00+00:00,2022.0,2022.0,2021.0,2021.0,2.4898,2024,3,1
2024-03-01 16:50:00+00:00,2022.0,2024.0,2021.0,2023.0,26.1262,2024,3,1
2024-03-01 16:55:00+00:00,2024.0,2025.0,2023.0,2024.0,4.3885,2024,3,1
2024-03-01 17:00:00+00:00,2025.0,2027.0,2025.0,2025.0,12.7843,2024,3,1
2024-03-01 17:05:00+00:00,2025.0,2027.0,2025.0,2025.0,3.2186,2024,3,1
2024-03-01 17:10:00+00:00,2025.0,2036.0,2025.0,2032.0,104.4478,2024,3,1
2024-03-01 17:15:00+00:00,2033.0,2039.0,2028.0,2028.0,62.5314,2024,3,1
2024-03-01 17:20:00+00:00,2028.0,2035.0,2026.0,2033.0,13.8177,2024,3,1
2024-03-01 17:25:00+00:00,2034.0,2035.0,2032.0,2033.0,19.0549,2024,3,1
2024-03-01 17:30:00+00:00,2033.0,2036.0,2032.0,2032.0,53.9816,2024,3,1
2024-03-01 17:35:00+00:00,2031.0,2036.0,2031.0,2034.0,24.5703,2024,3,1
2024-03-01 17:40:00+00:00,2034.0,2036.0,2033.0,2036.0,17.133,2024,3,1
2024-03-01 17:45:00+00:00,2034.0,2036.0,2031.0,2034.0,43.208,2024,3,1
2024-03-01 17:50:00+00:00,2034.0,2036.0,2030.0,2030.0,17.2915,2024,3,1
2024-03-01 17:55:00+00:00,2029.0,2034.0,2009.0,2016.0,394.7712,2024,3,1
2024-03-01 18:00:00+00:00,2016.0,2018.0,2015.0,2017.0,45.2171,2024,3,1
2024-03-01 18:05:00+00:00,2017.0,2019.0,2016.0,2018.0,34.4027,2024,3,1
2024-03-01 18:10:00+00:00,2018.0,2019.0,2018.0,2019.0,3.3558,2024,3,1
2024-03-01 18:15:00+00:00,2019.0,2019.0,2018.0,2018.0,5.4033,2024,3,1
2024-03-01 18:20:00+00:00,2019.0,2019.0,2018.0,2018.0,5.2004,2024,3,1
2024-03-01 18:25:00+00:00,2018.0,2019.0,2018.0,2018.0,11.3272,2024,3,1
2024-03-01 18:30:00+00:00,2019.0,2019.0,2018.0,2019.0,14.481,2024,3,1
2024-03-01 18:35:00+00:00,2019.0,2019.0,2017.0,2018.0,5.5372,2024,3,1
2024-03-01 18:40:00+00:00,2018.0,2018.0,2017.0,2018.0,21.7513,2024,3,1
2024-03-01 18:45:00+00:00,2019.0,2019.0,2017.0,2018.0,2.0617,2024,3,1
2024-03-01 18:50:00+00:00,2017.0,2018.0,2014.0,2015.0,12.3694,2024,3,1
2024-03-01 18:55:00+00:00,2015.0,2015.0,2014.0,2014.0,3.4614,2024,3,1
2024-03-01 19:00:00+00:00,2014.0,2015.0,2013.0,2015.0,6.9089,2024,3,1
2024-03-01 19:05:00+00:00,2015.0,2018.0,2015.0,2017.0,2.4008,2024,3,1
2024-03-01 19:10:00+00:00,2017.0,2018.0,2006.0,2011.0,29.4079,2024,3,1
2024-03-01 19:15:00+00:00,2010.0,2014.0,2002.0,2009.0,31.5633,2024,3,1
2024-03-01 19:20:00+00:00,2009.0,2009.0,2003.0,2008.0,4.3357,2024,3,1
2024-03-01 19:25:00+00:00,2008.0,2012.0,2002.0,2004.0,18.2397,2024,3,1
2024-03-01 19:30:00+00:00,2005.0,2010.0,2003.0,2008.0,5.3877,2024,3,1
2024-03-01 19:35:00+00:00,2010.0,2016.0,2006.0,2012.0,20.3254,2024,3,1
2024-03-01 19:40:00+00:00,2013.0,2013.0,2011.0,2011.0,0.8459,2024,3,1
2024-03-01 19:45:00+00:00,2011.0,2011.0,2007.0,2010.0,4.2615,2024,3,1
2024-03-01 19:50:00+00:00,2008.0,2012.0,2008.0,2011.0,5.8773,2024,3,1
2024-03-01 19:55:00+00:00,2011.0,2015.0,2009.0,2012.0,4.3365,2024,3,1
2024-03-01 20:00:00+00:00,2011.0,2012.0,2011.0,2012.0,2.1912,2024,3,1
2024-03-01 20:05:00+00:00,2012.0,2013.0,2011.0,2011.0,0.8872,2024,3,1
2024-03-01 20:10:00+00:00,2013.0,2013.0,2010.0,2012.0,3.6363,2024,3,1
2024-03-01 20:15:00+00:00,2012.0,2012.0,2012.0,2012.0,0.7073,2024,3,1
2024-03-01 20:20:00+00:00,2011.0,2013.0,2010.0,2010.0,7.3983,2024,3,1
2024-03-01 20:25:00+00:00,2011.0,2019.0,2011.0,2019.0,19.2245,2024,3,1
2024-03-01 20:30:00+00:00,2018.0,2024.0,2016.0,2024.0,25.4294,2024,3,1
2024-03-01 20:35:00+00:00,2024.0,2029.0,2008.0,2023.0,45.2576,2024,3,1
2024-03-01 20:40:00+00:00,2024.0,2030.0,2020.0,2028.0,57.4496,2024,3,1
2024-03-01 20:45:00+00:00,2029.0,2033.0,2027.0,2027.0,26.8188,2024,3,1
2024-03-01 20:50:00+00:00,2028.0,2030.0,2027.0,2030.0,2.5816,2024,3,1
2024-03-01 20:55:00+00:00,2030.0,2030.0,2027.0,2028.0,5.4148,2024,3,1
2024-03-01 21:00:00+00:00,2028.0,2028.0,2026.0,2028.0,22.5419,2024,3,1
2024-03-01 21:05:00+00:00,2028.0,2029.0,2022.0,2028.0,27.6028,2024,3,1
2024-03-01 21:10:00+00:00,2028.0,2029.0,2014.0,2027.0,46.8794,2024,3,1
2024-03-01 21:15:00+00:00,2027.0,2028.0,2025.0,2026.0,5.2256,2024,3,1
2024-03-01 21:20:00+00:00,2026.0,2029.0,2025.0,2029.0,2.304,2024,3,1
2024-03-01 21:25:00+00:00,2029.0,2029.0,2023.0,2026.0,22.3868,2024,3,1
2024-03-01 21:30:00+00:00,2026.0,2028.0,2026.0,2028.0,2.9114,2024,3,1
2024-03-01 21:35:00+00:00,2028.0,2029.0,2027.0,2029.0,12.58,2024,3,1
2024-03-01 21:40:00+00:00,2029.0,2029.0,2027.0,2027.0,3.9137,2024,3,1
2024-03-01 21:45:00+00:00,2028.0,2028.0,2025.0,2026.0,2.9602,2024,3,1
2024-03-01 21:50:00+00:00,2026.0,2029.0,2026.0,2028.0,2.4262,2024,3,1
2024-03-01 21:55:00+00:00,2028.0,2029.0,2028.0,2028.0,2.7856,2024,3,1
2024-03-01 22:00:00+00:00,2027.0,2027.0,2027.0,2027.0,0.1872,2024,3,1
2024-03-01 22:05:00+00:00,2028.0,2028.0,2025.0,2027.0,5.6028,2024,3,1
2024-03-01 22:10:00+00:00,2027.0,2028.0,2026.0,2028.0,0.6761,2024,3,1
2024-03-01 22:15:00+00:00,2028.0,2028.0,2025.0,2026.0,0.6323,2024,3,1
2024-03-01 22:20:00+00:00,2025.0,2025.0,2024.0,2025.0,1.4046,2024,3,1
2024-03-01 22:25:00+00:00,2025.0,2025.0,2023.0,2024.0,14.3824,2024,3,1
2024-03-01 22:30:00+00:00,2024.0,2025.0,2023.0,2024.0,0.5878,2024,3,1
2024-03-01 22:35:00+00:00,2024.0,2025.0,2024.0,2024.0,8.3526,2024,3,1
2024-03-01 22:40:00+00:00,2024.0,2025.0,2024.0,2024.0,2.0972,2024,3,1
2024-03-01 22:45:00+00:00,2025.0,2025.0,2010.0,2010.0,302.0558,2024,3,1
2024-03-01 22:50:00+00:00,2009.0,2016.0,2009.0,2016.0,2.6505,2024,3,1
2024-03-01 22:55:00+00:00,2016.0,2022.0,2014.0,2022.0,4.5052,2024,3,1
2024-03-01 23:00:00+00:00,2023.0,2023.0,2022.0,2022.0,0.9323,2024,3,1
2024-03-01 23:05:00+00:00,2022.0,2023.0,2018.0,2018.0,1.3294,2024,3,1
2024-03-01 23:10:00+00:00,2017.0,2022.0,2017.0,2022.0,2.0473,2024,3,1
2024-03-01 23:15:00+00:00,2021.0,2023.0,2021.0,2023.0,0.2938,2024,3,1
2024-03-01 23:20:00+00:00,2023.0,2025.0,2023.0,2025.0,1.0466,2024,3,1
2024-03-01 23:25:00+00:00,2025.0,2025.0,2021.0,2021.0,2.9155,2024,3,1
2024-03-01 23:30:00+00:00,2021.0,2022.0,2021.0,2022.0,0.1121,2024,3,1
2024-03-01 23:35:00+00:00,2022.0,2022.0,2021.0,2022.0,0.4115,2024,3,1
2024-03-01 23:40:00+00:00,2022.0,2022.0,2021.0,2021.0,1.233,2024,3,1
2024-03-01 23:45:00+00:00,2021.0,2024.0,2021.0,2024.0,1.4346,2024,3,1
2024-03-01 23:50:00+00:00,2023.0,2024.0,2022.0,2023.0,0.9424,2024,3,1
2024-03-01 23:55:00+00:00,2023.0,2023.0,2019.0,2019.0,77.6515,2024,3,1
2024-03-02 00:00:00+00:00,2019.0,2023.0,2019.0,2020.0,154.2083,2024,3,2
2024-03-02 00:05:00+00:00,2020.0,2020.0,2019.0,2019.0,42.8657,2024,3,2
2024-03-02 00:10:00+00:00,2020.0,2020.0,2018.0,2020.0,12.0882,2024,3,2
2024-03-02 00:15:00+00:00,2019.0,2020.0,2019.0,2019.0,2.3374,2024,3,2
2024-03-02 00:20:00+00:00,2020.0,2023.0,2018.0,2023.0,0.9762,2024,3,2
2024-03-02 00:25:00+00:00,2023.0,2028.0,2023.0,2026.0,3.4156,2024,3,2
2024-03-02 00:30:00+00:00,2026.0,2029.0,2026.0,2028.0,7.6004,2024,3,2
2024-03-02 00:35:00+00:00,2028.0,2029.0,2028.0,2029.0,1.6776,2024,3,2
2024-03-02 00:40:00+00:00,2029.0,2029.0,2027.0,2027.0,2.0957,2024,3,2
2024-03-02 00:45:00+00:00,2027.0,2028.0,2027.0,2027.0,3.727,2024,3,2
2024-03-02 00:50:00+00:00,2028.0,2028.0,2027.0,2027.0,0.7175,2024,3,2
2024-03-02 00:55:00+00:00,2027.0,2029.0,2027.0,2029.0,1.2934,2024,3,2
2024-03-02 01:00:00+00:00,2029.0,2029.0,2028.0,2029.0,7.618,2024,3,2
2024-03-02 01:05:00+00:00,2029.0,2029.0,2027.0,2027.0,1.3022,2024,3,2
2024-03-02 01:10:00+00:00,2027.0,2028.0,2027.0,2027.0,1.0409,2024,3,2
2024-03-02 01:15:00+00:00,2027.0,2028.0,2027.0,2027.0,2.1927,2024,3,2
2024-03-02 01:20:00+00:00,2027.0,2028.0,2027.0,2027.0,12.1072,2024,3,2
2024-03-02 01:25:00+00:00,2027.0,2028.0,2026.0,2027.0,4.9284,2024,3,2
2024-03-02 01:30:00+00:00,2027.0,2028.0,2027.0,2027.0,1.78,2024,3,2
2024-03-02 01:35:00+00:00,2027.0,2027.0,2026.0,2027.0,4.4168,2024,3,2
2024-03-02 01:40:00+00:00,2027.0,2028.0,2027.0,2027.0,6.2417,2024,3,2
2024-03-02 01:45:00+00:00,2028.0,2029.0,2027.0,2029.0,0.6812,2024,3,2
2024-03-02 01:50:00+00:00,2029.0,2030.0,2029.0,2030.0,0.5566,2024,3,2
2024-03-02 01:55:00+00:00,2029.0,2030.0,2028.0,2028.0,1.4786,2024,3,2
2024-03-02 02:00:00+00:00,2029.0,2030.0,2028.0,2028.0,0.6922,2024,3,2
2024-03-02 02:05:00+00:00,2028.0,2028.0,2027.0,2027.0,0.7706,2024,3,2
2024-03-02 02:10:00+00:00,2027.0,2028.0,2027.0,2028.0,0.1573,2024,3,2
2024-03-02 02:15:00+00:00,2028.0,2030.0,2028.0,2030.0,0.4366,2024,3,2
2024-03-02 02:20:00+00:00,2029.0,2030.0,2029.0,2030.0,0.2624,2024,3,2
2024-03-02 02:25:00+00:00,2029.0,2030.0,2029.0,2030.0,1.2467,2024,3,2
2024-03-02 02:30:00+00:00,2030.0,2030.0,2029.0,2030.0,4.0552,2024,3,2
2024-03-02 02:35:00+00:00,2030.0,2030.0,2027.0,2029.0,5.6804,2024,3,2
2024-03-02 02:40:00+00:00,2029.0,2030.0,2028.0,2029.0,1.7986,2024,3,2
2024-03-02 02:45:00+00:00,2029.0,2029.0,2029.0,2029.0,0.0061,2024,3,2
2024-03-02 02:50:00+00:00,2030.0,2030.0,2029.0,2030.0,0.0281,2024,3,2
2024-03-02 02:55:00+00:00,2030.0,2033.0,2029.0,2030.0,11.5519,2024,3,2
2024-03-02 03:00:00+00:00,2030.0,2032.0,2030.0,2031.0,1.9836,2024,3,2
2024-03-02 03:05:00+00:00,2032.0,2032.0,2031.0,2031.0,0.1463,2024,3,2
2024-03-02 03:10:00+00:00,2031.0,2031.0,2029.0,2030.0,5.0651,2024,3,2
2024-03-02 03:15:00+00:00,2031.0,2031.0,2030.0,2031.0,0.0908,2024,3,2
2024-03-02 03:20:00+00:00,2031.0,2031.0,2029.0,2030.0,0.3842,2024,3,2
2024-03-02 03:25:00+00:00,2030.0,2030.0,2029.0,2030.0,0.1483,2024,3,2
2024-03-02 03:30:00+00:00,2029.0,2030.0,2029.0,2030.0,0.1847,2024,3,2
2024-03-02 03:35:00+00:00,2031.0,2033.0,2031.0,2032.0,0.7576,2024,3,2
2024-03-02 03:40:00+00:00,2032.0,2032.0,2031.0,2032.0,0.8091,2024,3,2
2024-03-02 03:45:00+00:00,2031.0,2032.0,2031.0,2031.0,0.277,2024,3,2
2024-03-02 03:50:00+00:00,2032.0,2032.0,2031.0,2031.0,0.1806,2024,3,2
2024-03-02 03:55:00+00:00,2032.0,2032.0,2031.0,2032.0,1.275,2024,3,2
2024-03-02 04:00:00+00:00,2031.0,2032.0,2031.0,2031.0,0.6968,2024,3,2
2024-03-02 04:05:00+00:00,2032.0,2032.0,2031.0,2032.0,0.062,2024,3,2
2024-03-02 04:10:00+00:00,2032.0,2032.0,2031.0,2031.0,0.1973,2024,3,2
2024-03-02 04:15:00+00:00,2031.0,2031.0,2030.0,2030.0,0.5082,2024,3,2
2024-03-02 04:20:00+00:00,2031.0,2031.0,2030.0,2030.0,0.55,2024,3,2
2024-03-02 04:25:00+00:00,2031.0,2031.0,2031.0,2031.0,0.0827,2024,3,2
2024-03-02 04:30:00+00:00,2030.0,2030.0,2029.0,2029.0,0.4303,2024,3,2
2024-03-02 04:35:00+00:00,2030.0,2030.0,2029.0,2030.0,1.2442,2024,3,2
2024-03-02 04:40:00+00:00,2030.0,2030.0,2029.0,2029.0,1.7128,2024,3,2
2024-03-02 04:45:00+00:00,2029.0,2030.0,2029.0,2030.0,1.7467,2024,3,2
2024-03-02 04:50:00+00:00,2030.0,2031.0,2030.0,2030.0,0.5301,2024,3,2
2024-03-02 04:55:00+00:00,2031.0,2031.0,2030.0,2030.0,1.178,2024,3,2
2024-03-02 05:00:00+00:00,2030.0,2031.0,2030.0,2031.0,2.1266,2024,3,2
2024-03-02 05:05:00+00:00,2030.0,2031.0,2029.0,2031.0,2.8508,2024,3,2
2024-03-02 05:10:00+00:00,2030.0,2030.0,2029.0,2030.0,2.9064,2024,3,2
2024-03-02 05:15:00+00:00,2030.0,2030.0,2028.0,2029.0,12.7482,2024,3,2
2024-03-02 05:20:00+00:00,2029.0,2030.0,2029.0,2029.0,0.3276,2024,3,2
2024-03-02 05:25:00+00:00,2030.0,2031.0,2030.0,2030.0,1.1928,2024,3,2
2024-03-02 05:30:00+00:00,2030.0,2031.0,2030.0,2031.0,0.0939,2024,3,2
2024-03-02 05:35:00+00:00,2030.0,2031.0,2030.0,2031.0,2.0298,2024,3,2
2024-03-02 05:40:00+00:00,2031.0,2033.0,2030.0,2031.0,19.7936,2024,3,2
2024-03-02 05:45:00+00:00,2031.0,2031.0,2031.0,2031.0,0.0086,2024,3,2
2024-03-02 05:50:00+00:00,2031.0,2033.0,2031.0,2032.0,0.8164,2024,3,2
2024-03-02 05:55:00+00:00,2032.0,2032.0,2029.0,2029.0,7.4156,2024,3,2
2024-03-02 06:00:00+00:00,2030.0,2031.0,2029.0,2029.0,2.2244,2024,3,2
2024-03-02 06:05:00+00:00,2029.0,2030.0,2029.0,2030.0,0.3505,2024,3,2
2024-03-02 06:10:00+00:00,2030.0,2031.0,2030.0,2031.0,1.3555,2024,3,2
2024-03-02 06:15:00+00:00,2031.0,2033.0,2031.0,2032.0,3.4942,2024,3,2
2024-03-02 06:20:00+00:00,2033.0,2034.0,2032.0,2033.0,1.9481,2024,3,2
2024-03-02 06:25:00+00:00,2033.0,2033.0,2032.0,2032.0,0.4249,2024,3,2
2024-03-02 06:30:00+00:00,2032.0,2032.0,2027.0,2030.0,14.7292,2024,3,2
2024-03-02 06:35:00+00:00,2030.0,2031.0,2030.0,2030.0,1.5523,2024,3,2
2024-03-02 06:40:00+00:00,2029.0,2030.0,2029.0,2030.0,0.7404,2024,3,2
2024-03-02 06:45:00+00:00,2030.0,2030.0,2029.0,2029.0,0.8229,2024,3,2
2024-03-02 06:50:00+00:00,2029.0,2030.0,2029.0,2029.0,0.6313,2024,3,2
2024-03-02 06:55:00+00:00,2029.0,2030.0,2029.0,2029.0,2.2787,2024,3,2
2024-03-02 07:00:00+00:00,2029.0,2030.0,2029.0,2029.0,0.638,2024,3,2
2024-03-02 07:05:00+00:00,2030.0,2030.0,2029.0,2029.0,0.6148,2024,3,2
2024-03-02 07:10:00+00:00,2029.0,2030.0,2029.0,2029.0,1.3557,2024,3,2
2024-03-02 07:15:00+00:00,2029.0,2030.0,2029.0,2029.0,1.7612,2024,3,2
2024-03-02 07:20:00+00:00,2029.0,2032.0,2029.0,2030.0,1.1573,2024,3,2
2024-03-02 07:25:00+00:00,2030.0,2031.0,2030.0,2030.0,0.3574,2024,3,2
2024-03-02 07:30:00+00:00,2031.0,2032.0,2029.0,2031.0,2.9173,2024,3,2
2024-03-02 07:35:00+00:00,2030.0,2031.0,2029.0,2029.0,0.4842,2024,3,2
2024-03-02 07:40:00+00:00,2029.0,2031.0,2029.0,2029.0,4.8026,2024,3,2
2024-03-02 07:45:00+00:00,2029.0,2030.0,2029.0,2029.0,3.8256,2024,3,2
2024-03-02 07:50:00+00:00,2029.0,2030.0,2029.0,2029.0,1.3327,2024,3,2
2024-03-02 07:55:00+00:00,2029.0,2030.0,2029.0,2029.0,0.7223,2024,3,2
2024-03-02 08:00:00+00:00,2030.0,2031.0,2029.0,2029.0,3.3081,2024,3,2
2024-03-02 08:05:00+00:00,2029.0,2031.0,2029.0,2030.0,2.1407,2024,3,2
2024-03-02 08:10:00+00:00,2030.0,2031.0,2028.0,2029.0,1.7684,2024,3,2
2024-03-02 08:15:00+00:00,2029.0,2030.0,2028.0,2029.0,3.4648,2024,3,2
2024-03-02 08:20:00+00:00,2029.0,2030.0,2028.0,2028.0,6.6214,2024,3,2
2024-03-02 08:25:00+00:00,2028.0,2029.0,2028.0,2029.0,3.61,2024,3,2
2024-03-02 08:30:00+00:00,2029.0,2031.0,2029.0,2031.0,1.8994,2024,3,2
2024-03-02 08:35:00+00:00,2031.0,2033.0,2031.0,2032.0,4.1783,2024,3,2
2024-03-02 08:40:00+00:00,2032.0,2032.0,2031.0,2032.0,3.5938,2024,3,2
2024-03-02 08:45:00+00:00,2032.0,2032.0,2031.0,2031.0,0.3207,2024,3,2
2024-03-02 08:50:00+00:00,2031.0,2032.0,2031.0,2031.0,0.7375,2024,3,2
2024-03-02 08:55:00+00:00,2031.0,2031.0,2030.0,2031.0,1.2924,2024,3,2
2024-03-02 09:00:00+00:00,2031.0,2033.0,2030.0,2030.0,3.3537,2024,3,2
2024-03-02 09:05:00+00:00,2031.0,2031.0,2030.0,2030.0,0.0942,2024,3,2
2024-03-02 09:10:00+00:00,2031.0,2031.0,2030.0,2030.0,0.1065,2024,3,2
2024-03-02 09:15:00+00:00,2031.0,2031.0,2029.0,2029.0,0.4971,2024,3,2
2024-03-02 09:20:00+00:00,2030.0,2030.0,2027.0,2027.0,0.7433,2024,3,2
2024-03-02 09:25:00+00:00,2028.0,2028.0,2027.0,2028.0,0.3403,2024,3,2
2024-03-02 09:30:00+00:00,2027.0,2028.0,2027.0,2027.0,0.3522,2024,3,2
2024-03-02 09:35:00+00:00,2028.0,2028.0,2027.0,2027.0,5.27,2024,3,2
2024-03-02 09:40:00+00:00,2028.0,2028.0,2027.0,2028.0,0.7682,2024,3,2
2024-03-02 09:45:00+00:00,2028.0,2028.0,2027.0,2028.0,3.5858,2024,3,2
2024-03-02 09:50:00+00:00,2027.0,2028.0,2027.0,2027.0,2.2363,2024,3,2
2024-03-02 09:55:00+00:00,2027.0,2029.0,2027.0,2029.0,0.5464,2024,3,2
2024-03-02 10:00:00+00:00,2029.0,2031.0,2028.0,2031.0,4.799,2024,3,2
2024-03-02 10:05:00+00:00,2030.0,2031.0,2029.0,2029.0,0.7552,2024,3,2
2024-03-02 10:10:00+00:00,2030.0,2031.0,2029.0,2029.0,0.5016,2024,3,2
2024-03-02 10:15:00+00:00,2030.0,2030.0,2029.0,2029.0,0.2318,2024,3,2
2024-03-02 10:20:00+00:00,2030.0,2030.0,2029.0,2030.0,0.1186,2024,3,2
2024-03-02 10:25:00+00:00,2030.0,2030.0,2029.0,2030.0,1.04,2024,3,2
2024-03-02 10:30:00+00:00,2030.0,2030.0,2029.0,2029.0,1.1299,2024,3,2
2024-03-02 10:35:00+00:00,2029.0,2029.0,2029.0,2029.0,0.0392,2024,3,2
2024-03-02 10:40:00+00:00,2030.0,2030.0,2029.0,2029.0,0.5032,2024,3,2
2024-03-02 10:45:00+00:00,2030.0,2030.0,2029.0,2029.0,0.4725,2024,3,2
2024-03-02 10:50:00+00:00,2030.0,2030.0,2029.0,2029.0,0.0308,2024,3,2
2024-03-02 10:55:00+00:00,2029.0,2030.0,2029.0,2030.0,0.2373,2024,3,2
2024-03-02 11:00:00+00:00,2030.0,2030.0,2029.0,2029.0,1.9096,2024,3,2
2024-03-02 11:05:00+00:00,2029.0,2030.0,2029.0,2029.0,0.0764,2024,3,2
2024-03-02 11:10:00+00:00,2029.0,2030.0,2029.0,2029.0,0.0722,2024,3,2
2024-03-02 11:15:00+00:00,2029.0,2030.0,2029.0,2029.0,0.0851,2024,3,2
2024-03-02 11:20:00+00:00,2029.0,2030.0,2029.0,2029.0,1.3142,2024,3,2
2024-03-02 11:25:00+00:00,2029.0,2030.0,2029.0,2029.0,0.2901,2024,3,2
2024-03-02 11:30:00+00:00,2030.0,2031.0,2030.0,2030.0,0.1098,2024,3,2
2024-03-02 11:35:00+00:00,2030.0,2034.0,2030.0,2030.0,9.3432,2024,3,2
2024-03-02 11:40:00+00:00,2031.0,2032.0,2030.0,2031.0,0.8874,2024,3,2
2024-03-02 11:45:00+00:00,2032.0,2033.0,2031.0,2032.0,4.1533,2024,3,2
2024-03-02 11:50:00+00:00,2031.0,2032.0,2031.0,2032.0,0.692,2024,3,2
2024-03-02 11:55:00+00:00,2032.0,2032.0,2031.0,2032.0,0.3558,2024,3,2
2024-03-02 12:00:00+00:00,2032.0,2032.0,2030.0,2030.0,2.0397,2024,3,2
2024-03-02 12:05:00+00:00,2031.0,2031.0,2030.0,2031.0,0.3444,2024,3,2
2024-03-02 12:10:00+00:00,2030.0,2031.0,2030.0,2030.0,0.1704,2024,3,2
2024-03-02 12:15:00+00:00,2031.0,2031.0,2030.0,2030.0,1.0571,2024,3,2
2024-03-02 12:20:00+00:00,2031.0,2032.0,2030.0,2032.0,0.8596,2024,3,2
2024-03-02 12:25:00+00:00,2032.0,2034.0,2032.0,2034.0,2.8847,2024,3,2
2024-03-02 12:30:00+00:00,2034.0,2034.0,2032.0,2033.0,0.4322,2024,3,2
2024-03-02 12:35:00+00:00,2033.0,2033.0,2033.0,2033.0,0.8915,2024,3,2
2024-03-02 12:40:00+00:00,2033.0,2034.0,2032.0,2033.0,1.3141,2024,3,2
2024-03-02 12:45:00+00:00,2033.0,2033.0,2032.0,2033.0,1.3816,2024,3,2
2024-03-02 12:50:00+00:00,2032.0,2033.0,2032.0,2032.0,0.6264,2024,3,2
2024-03-02 12:55:00+00:00,2032.0,2032.0,2031.0,2031.0,9.1163,2024,3,2
2024-03-02 13:00:00+00:00,2031.0,2032.0,2031.0,2031.0,0.8323,2024,3,2
2024-03-02 13:05:00+00:00,2031.0,2031.0,2029.0,2029.0,8.4563,2024,3,2
2024-03-02 13:10:00+00:00,2029.0,2030.0,2016.0,2023.0,77.9289,2024,3,2
2024-03-02 13:15:00+00:00,2024.0,2029.0,2017.0,2018.0,206.2789,2024,3,2
2024-03-02 13:20:00+00:00,2018.0,2020.0,2016.0,2019.0,3.5299,2024,3,2
2024-03-02 13:25:00+00:00,2019.0,2020.0,2017.0,2019.0,2.4774,2024,3,2
2024-03-02 13:30:00+00:00,2020.0,2020.0,2019.0,2019.0,0.2859,2024,3,2
2024-03-02 13:35:00+00:00,2020.0,2021.0,2019.0,2021.0,1.2414,2024,3,2
2024-03-02 13:40:00+00:00,2020.0,2023.0,2020.0,2022.0,1.3465,2024,3,2
2024-03-02 13:45:00+00:00,2023.0,2023.0,2022.0,2022.0,2.9223,2024,3,2
2024-03-02 13:50:00+00:00,2023.0,2023.0,2022.0,2022.0,0.2368,2024,3,2
2024-03-02 13:55:00+00:00,2023.0,2023.0,2021.0,2021.0,3.2557,2024,3,2
2024-03-02 14:00:00+00:00,2021.0,2021.0,2020.0,2021.0,2.7673,2024,3,2
2024-03-02 14:05:00+00:00,2021.0,2021.0,2020.0,2020.0,3.7111,2024,3,2
2024-03-02 14:10:00+00:00,2022.0,2023.0,2021.0,2022.0,2.7491,2024,3,2
2024-03-02 14:15:00+00:00,2021.0,2022.0,2021.0,2021.0,0.7046,2024,3,2
2024-03-02 14:20:00+00:00,2022.0,2022.0,2022.0,2022.0,0.1386,2024,3,2
2024-03-02 14:25:00+00:00,2022.0,2023.0,2022.0,2022.0,4.0953,2024,3,2
2024-03-02 14:30:00+00:00,2022.0,2024.0,2022.0,2023.0,2.1523,2024,3,2
2024-03-02 14:35:00+00:00,2024.0,2024.0,2022.0,2022.0,0.4453,2024,3,2
2024-03-02 14:40:00+00:00,2023.0,2023.0,2022.0,2022.0,0.3279,2024,3,2
2024-03-02 14:45:00+00:00,2023.0,2023.0,2022.0,2022.0,1.2786,2024,3,2
2024-03-02 14:50:00+00:00,2022.0,2023.0,2022.0,2022.0,0.2135,2024,3,2
2024-03-02 14:55:00+00:00,2022.0,2024.0,2022.0,2024.0,0.1225,2024,3,2
2024-03-02 15:00:00+00:00,2023.0,2027.0,2023.0,2026.0,3.0868,2024,3,2
2024-03-02 15:05:00+00:00,2026.0,2027.0,2025.0,2025.0,5.4198,2024,3,2
2024-03-02 15:10:00+00:00,2025.0,2026.0,2025.0,2025.0,0.3507,2024,3,2
2024-03-02 15:15:00+00:00,2025.0,2026.0,2025.0,2026.0,0.0932,2024,3,2
2024-03-02 15:20:00+00:00,2026.0,2029.0,2025.0,2025.0,3.9737,2024,3,2
2024-03-02 15:25:00+00:00,2025.0,2026.0,2025.0,2025.0,0.6706,2024,3,2
2024-03-02 15:30:00+00:00,2025.0,2028.0,2025.0,2027.0,2.3636,2024,3,2
2024-03-02 15:35:00+00:00,2028.0,2028.0,2026.0,2026.0,0.4544,2024,3,2
2024-03-02 15:40:00+00:00,2026.0,2026.0,2025.0,2025.0,0.8939,2024,3,2
2024-03-02 15:45:00+00:00,2026.0,2026.0,2025.0,2026.0,1.3573,2024,3,2
2024-03-02 15:50:00+00:00,2026.0,2028.0,2025.0,2026.0,0.8963,2024,3,2
2024-03-02 15:55:00+00:00,2027.0,2028.0,2026.0,2026.0,0.6639,2024,3,2
2024-03-02 16:00:00+00:00,2027.0,2027.0,2023.0,2025.0,5.3501,2024,3,2
2024-03-02 16:05:00+00:00,2025.0,2026.0,2024.0,2024.0,3.2992,2024,3,2
2024-03-02 16:10:00+00:00,2024.0,2026.0,2024.0,2025.0,1.9929,2024,3,2
2024-03-02 16:15:00+00:00,2025.0,2025.0,2025.0,2025.0,0.1074,2024,3,2
2024-03-02 16:20:00+00:00,2025.0,2026.0,2025.0,2026.0,0.4654,2024,3,2
2024-03-02 16:25:00+00:00,2025.0,2026.0,2024.0,2025.0,0.6382,2024,3,2
2024-03-02 16:30:00+00:00,2025.0,2025.0,2024.0,2024.0,0.4026,2024,3,2
2024-03-02 16:35:00+00:00,2025.0,2025.0,2024.0,2024.0,0.1058,2024,3,2
2024-03-02 16:40:00+00:00,2024.0,2026.0,2024.0,2026.0,0.1264,2024,3,2
2024-03-02 16:45:00+00:00,2025.0,2026.0,2025.0,2025.0,1.4334,2024,3,2
2024-03-02 16:50:00+00:00,2026.0,2026.0,2025.0,2025.0,0.6264,2024,3,2
2024-03-02 16:55:00+00:00,2026.0,2026.0,2025.0,2026.0,0.0737,2024,3,2
2024-03-02 17:00:00+00:00,2025.0,2026.0,2024.0,2024.0,2.7588,2024,3,2
2024-03-02 17:05:00+00:00,2025.0,2025.0,2024.0,2024.0,0.0899,2024,3,2
2024-03-02 17:10:00+00:00,2025.0,2025.0,2024.0,2024.0,0.1441,2024,3,2
2024-03-02 17:15:00+00:00,2024.0,2025.0,2024.0,2024.0,0.0966,2024,3,2
2024-03-02 17:20:00+00:00,2025.0,2026.0,2024.0,2025.0,3.3138,2024,3,2
2024-03-02 17:25:00+00:00,2026.0,2026.0,2025.0,2025.0,0.0366,2024,3,2
2024-03-02 17:30:00+00:00,2025.0,2026.0,2025.0,2026.0,0.1085,2024,3,2
2024-03-02 17:35:00+00:00,2025.0,2026.0,2025.0,2025.0,0.9904,2024,3,2
2024-03-02 17:40:00+00:00,2025.0,2026.0,2025.0,2025.0,0.5625,2024,3,2
2024-03-02 17:45:00+00:00,2025.0,2025.0,2025.0,2025.0,0.1329,2024,3,2
2024-03-02 17:50:00+00:00,2025.0,2026.0,2025.0,2026.0,0.1484,2024,3,2
2024-03-02 17:55:00+00:00,2025.0,2025.0,2025.0,2025.0,0.1049,2024,3,2
2024-03-02 18:00:00+00:00,2026.0,2026.0,2024.0,2024.0,0.3659,2024,3,2
2024-03-02 18:05:00+00:00,2024.0,2025.0,2024.0,2025.0,0.1091,2024,3,2
2024-03-02 18:10:00+00:00,2024.0,2025.0,2024.0,2025.0,0.4565,2024,3,2
2024-03-02 18:15:00+00:00,2025.0,2025.0,2024.0,2024.0,1.3697,2024,3,2
2024-03-02 18:20:00+00:00,2024.0,2025.0,2024.0,2025.0,0.4183,2024,3,2
2024-03-02 18:25:00+00:00,2024.0,2028.0,2024.0,2027.0,6.0623,2024,3,2
2024-03-02 18:30:00+00:00,2027.0,2027.0,2025.0,2025.0,1.6405,2024,3,2
2024-03-02 18:35:00+00:00,2025.0,2026.0,2024.0,2024.0,1.3613,2024,3,2
2024-03-02 18:40:00+00:00,2024.0,2025.0,2024.0,2024.0,0.3581,2024,3,2
2024-03-02 18:45:00+00:00,2024.0,2026.0,2024.0,2025.0,1.3888,2024,3,2
2024-03-02 18:50:00+00:00,2025.0,2026.0,2025.0,2026.0,2.2138,2024,3,2
2024-03-02 18:55:00+00:00,2025.0,2027.0,2025.0,2026.0,1.2264,2024,3,2
2024-03-02 19:00:00+00:00,2026.0,2027.0,2026.0,2026.0,0.8356,2024,3,2
2024-03-02 19:05:00+00:00,2026.0,2026.0,2025.0,2026.0,0.5861,2024,3,2
2024-03-02 19:10:00+00:00,2025.0,2027.0,2025.0,2026.0,2.5254,2024,3,2
2024-03-02 19:15:00+00:00,2026.0,2026.0,2024.0,2025.0,1.7656,2024,3,2
2024-03-02 19:20:00+00:00,2025.0,2025.0,2024.0,2024.0,1.4376,2024,3,2
2024-03-02 19:25:00+00:00,2024.0,2024.0,2024.0,2024.0,0.0638,2024,3,2
2024-03-02 19:30:00+00:00,2025.0,2025.0,2024.0,2024.0,0.1463,2024,3,2
2024-03-02 19:35:00+00:00,2025.0,2025.0,2024.0,2025.0,0.9337,2024,3,2
2024-03-02 19:40:00+00:00,2024.0,2026.0,2024.0,2025.0,2.0372,2024,3,2
2024-03-02 19:45:00+00:00,2025.0,2026.0,2025.0,2026.0,3.5023,2024,3,2
2024-03-02 19:50:00+00:00,2026.0,2026.0,2025.0,2026.0,0.4531,2024,3,2
2024-03-02 19:55:00+00:00,2025.0,2026.0,2025.0,2026.0,0.0906,2024,3,2
2024-03-02 20:00:00+00:00,2026.0,2027.0,2026.0,2027.0,0.1662,2024,3,2
2024-03-02 20:05:00+00:00,2026.0,2027.0,2025.0,2026.0,1.9629,2024,3,2
2024-03-02 20:10:00+00:00,2026.0,2026.0,2025.0,2025.0,0.2251,2024,3,2
2024-03-02 20:15:00+00:00,2025.0,2026.0,2025.0,2025.0,3.0291,2024,3,2
2024-03-02 20:20:00+00:00,2026.0,2026.0,2024.0,2025.0,10.994,2024,3,2
2024-03-02 20:25:00+00:00,2025.0,2025.0,2025.0,2025.0,0.6626,2024,3,2
2024-03-02 20:30:00+00:00,2025.0,2025.0,2024.0,2025.0,0.7207,2024,3,2
2024-03-02 20:35:00+00:00,2024.0,2025.0,2024.0,2024.0,0.2203,2024,3,2
2024-03-02 20:40:00+00:00,2025.0,2026.0,2025.0,2025.0,0.5516,2024,3,2
2024-03-02 20:45:00+00:00,2026.0,2027.0,2026.0,2026.0,0.8399,2024,3,2
2024-03-02 20:50:00+00:00,2027.0,2027.0,2025.0,2025.0,0.2989,2024,3,2
2024-03-02 20:55:00+00:00,2025.0,2027.0,2025.0,2026.0,1.7852,2024,3,2
2024-03-02 21:00:00+00:00,2026.0,2027.0,2026.0,2026.0,0.4247,2024,3,2
2024-03-02 21:05:00+00:00,2026.0,2027.0,2026.0,2026.0,0.3304,2024,3,2
2024-03-02 21:10:00+00:00,2027.0,2028.0,2026.0,2026.0,2.5623,2024,3,2
2024-03-02 21:15:00+00:00,2026.0,2027.0,2026.0,2027.0,0.1819,2024,3,2
2024-03-02 21:20:00+00:00,2027.0,2027.0,2026.0,2026.0,0.0639,2024,3,2
2024-03-02 21:25:00+00:00,2026.0,2026.0,2025.0,2025.0,3.3799,2024,3,2
2024-03-02 21:30:00+00:00,2024.0,2025.0,2024.0,2024.0,1.5148,2024,3,2
2024-03-02 21:35:00+00:00,2024.0,2026.0,2024.0,2024.0,3.6173,2024,3,2
2024-03-02 21:40:00+00:00,2025.0,2026.0,2025.0,2026.0,0.5372,2024,3,2
2024-03-02 21:45:00+00:00,2025.0,2029.0,2025.0,2027.0,4.5022,2024,3,2
2024-03-02 21:50:00+00:00,2028.0,2028.0,2025.0,2025.0,0.8335,2024,3,2
2024-03-02 21:55:00+00:00,2026.0,2026.0,2025.0,2025.0,0.0598,2024,3,2
2024-03-02 22:00:00+00:00,2025.0,2026.0,2025.0,2026.0,0.1894,2024,3,2
2024-03-02 22:05:00+00:00,2026.0,2026.0,2026.0,2026.0,0.1978,2024,3,2
2024-03-02 22:10:00+00:00,2026.0,2026.0,2025.0,2026.0,0.8425,2024,3,2
2024-03-02 22:15:00+00:00,2026.0,2026.0,2025.0,2026.0,2.3216,2024,3,2
2024-03-02 22:20:00+00:00,2026.0,2027.0,2025.0,2026.0,3.5787,2024,3,2
2024-03-02 22:25:00+00:00,2027.0,2027.0,2026.0,2027.0,1.9278,2024,3,2
2024-03-02 22:30:00+00:00,2027.0,2027.0,2026.0,2027.0,2.7897,2024,3,2
2024-03-02 22:35:00+00:00,2027.0,2030.0,2027.0,2027.0,3.8835,2024,3,2
2024-03-02 22:40:00+00:00,2027.0,2027.0,2027.0,2027.0,0.0663,2024,3,2
2024-03-02 22:45:00+00:00,2027.0,2028.0,2027.0,2028.0,1.6398,2024,3,2
2024-03-02 22:50:00+00:00,2028.0,2029.0,2028.0,2028.0,1.5281,2024,3,2
2024-03-02 22:55:00+00:00,2028.0,2029.0,2028.0,2028.0,0.2701,2024,3,2
2024-03-02 23:00:00+00:00,2029.0,2030.0,2028.0,2029.0,6.5554,2024,3,2
2024-03-02 23:05:00+00:00,2029.0,2029.0,2028.0,2029.0,0.0896,2024,3,2
2024-03-02 23:10:00+00:00,2028.0,2028.0,2028.0,2028.0,0.2599,2024,3,2
2024-03-02 23:15:00+00:00,2028.0,2030.0,2028.0,2029.0,1.1319,2024,3,2
2024-03-02 23:20:00+00:00,2030.0,2030.0,2029.0,2030.0,0.5048,2024,3,2
2024-03-02 23:25:00+00:00,2030.0,2030.0,2029.0,2029.0,6.8217,2024,3,2
2024-03-02 23:30:00+00:00,2030.0,2030.0,2029.0,2030.0,0.0279,2024,3,2
2024-03-02 23:35:00+00:00,2029.0,2030.0,2029.0,2029.0,0.2729,2024,3,2
2024-03-02 23:40:00+00:00,2030.0,2030.0,2029.0,2030.0,2.7141,2024,3,2
2024-03-02 23:45:00+00:00,2030.0,2031.0,2029.0,2030.0,7.1661,2024,3,2
2024-03-02 23:50:00+00:00,2030.0,2030.0,2030.0,2030.0,0.0468,2024,3,2
2024-03-02 23:55:00+00:00,2030.0,2031.0,2030.0,2031.0,0.5132,2024,3,2
2024-03-03 00:00:00+00:00,2030.0,2031.0,2030.0,2030.0,0.3987,2024,3,3
2024-03-03 00:05:00+00:00,2030.0,2030.0,2027.0,2028.0,3.5243,2024,3,3
2024-03-03 00:10:00+00:00,2028.0,2029.0,2028.0,2029.0,0.2488,2024,3,3
2024-03-03 00:15:00+00:00,2028.0,2029.0,2028.0,2028.0,7.5701,2024,3,3
2024-03-03 00:20:00+00:00,2028.0,2029.0,2028.0,2028.0,0.0259,2024,3,3
2024-03-03 00:25:00+00:00,2029.0,2029.0,2028.0,2028.0,0.2231,2024,3,3
2024-03-03 00:30:00+00:00,2028.0,2030.0,2028.0,2030.0,0.2284,2024,3,3
2024-03-03 00:35:00+00:00,2030.0,2030.0,2030.0,2030.0,0.0995,2024,3,3
2024-03-03 00:40:00+00:00,2029.0,2030.0,2029.0,2030.0,0.0631,2024,3,3
2024-03-03 00:45:00+00:00,2030.0,2030.0,2029.0,2030.0,0.1314,2024,3,3
2024-03-03 00:50:00+00:00,2029.0,2030.0,2029.0,2029.0,0.11,2024,3,3
2024-03-03 00:55:00+00:00,2030.0,2030.0,2029.0,2030.0,0.0193,2024,3,3
2024-03-03 01:00:00+00:00,2030.0,2030.0,2029.0,2030.0,0.8964,2024,3,3
2024-03-03 01:05:00+00:00,2029.0,2029.0,2029.0,2029.0,0.6746,2024,3,3
2024-03-03 01:10:00+00:00,2030.0,2030.0,2029.0,2030.0,0.4974,2024,3,3
2024-03-03 01:15:00+00:00,2029.0,2030.0,2028.0,2028.0,1.9092,2024,3,3
2024-03-03 01:20:00+00:00,2029.0,2029.0,2029.0,2029.0,0.4115,2024,3,3
2024-03-03 01:25:00+00:00,2029.0,2029.0,2028.0,2028.0,0.2584,2024,3,3
2024-03-03 01:30:00+00:00,2028.0,2029.0,2027.0,2027.0,0.9715,2024,3,3
2024-03-03 01:35:00+00:00,2028.0,2035.0,2025.0,2030.0,56.3203,2024,3,3
2024-03-03 01:40:00+00:00,2029.0,2030.0,2027.0,2027.0,7.0532,2024,3,3
2024-03-03 01:45:00+00:00,2028.0,2030.0,2028.0,2030.0,0.3004,2024,3,3
2024-03-03 01:50:00+00:00,2030.0,2030.0,2029.0,2030.0,0.1905,2024,3,3
2024-03-03 01:55:00+00:00,2029.0,2030.0,2028.0,2028.0,1.208,2024,3,3
2024-03-03 02:00:00+00:00,2028.0,2029.0,2027.0,2029.0,0.6355,2024,3,3
2024-03-03 02:05:00+00:00,2029.0,2030.0,2027.0,2030.0,3.2602,2024,3,3
2024-03-03 02:10:00+00:00,2030.0,2030.0,2030.0,2030.0,0.0188,2024,3,3
2024-03-03 02:15:00+00:00,2030.0,2030.0,2029.0,2030.0,0.4171,2024,3,3
2024-03-03 02:20:00+00:00,2030.0,2031.0,2028.0,2030.0,13.1031,2024,3,3
2024-03-03 02:25:00+00:00,2029.0,2033.0,2028.0,2031.0,8.218,2024,3,3
2024-03-03 02:30:00+00:00,2030.0,2031.0,2029.0,2030.0,0.4947,2024,3,3
2024-03-03 02:35:00+00:00,2029.0,2031.0,2029.0,2030.0,0.8993,2024,3,3
2024-03-03 02:40:00+00:00,2030.0,2031.0,2030.0,2031.0,0.2195,2024,3,3
2024-03-03 02:45:00+00:00,2031.0,2033.0,2030.0,2032.0,1.1138,2024,3,3
2024-03-03 02:50:00+00:00,2033.0,2034.0,2032.0,2033.0,0.3889,2024,3,3
2024-03-03 02:55:00+00:00,2033.0,2033.0,2032.0,2032.0,0.181,2024,3,3
2024-03-03 03:00:00+00:00,2033.0,2033.0,2032.0,2032.0,0.5891,2024,3,3
2024-03-03 03:05:00+00:00,2032.0,2033.0,2032.0,2033.0,1.484,2024,3,3
2024-03-03 03:10:00+00:00,2034.0,2035.0,2034.0,2034.0,4.7242,2024,3,3
2024-03-03 03:15:00+00:00,2034.0,2035.0,2034.0,2035.0,0.7723,2024,3,3
2024-03-03 03:20:00+00:00,2034.0,2034.0,2034.0,2034.0,0.4698,2024,3,3
2024-03-03 03:25:00+00:00,2034.0,2035.0,2034.0,2035.0,0.0051,2024,3,3
2024-03-03 03:30:00+00:00,2035.0,2035.0,2034.0,2035.0,0.2753,2024,3,3
2024-03-03 03:35:00+00:00,2035.0,2035.0,2034.0,2035.0,0.0952,2024,3,3
2024-03-03 03:40:00+00:00,2034.0,2035.0,2034.0,2035.0,0.1732,2024,3,3
2024-03-03 03:45:00+00:00,2034.0,2035.0,2034.0,2035.0,0.0196,2024,3,3
2024-03-03 03:50:00+00:00,2034.0,2035.0,2034.0,2034.0,0.345,2024,3,3
2024-03-03 03:55:00+00:00,2034.0,2034.0,2032.0,2033.0,0.9843,2024,3,3
2024-03-03 04:00:00+00:00,2032.0,2033.0,2032.0,2032.0,0.0897,2024,3,3
2024-03-03 04:05:00+00:00,2032.0,2033.0,2032.0,2033.0,0.0468,2024,3,3
2024-03-03 04:10:00+00:00,2033.0,2033.0,2032.0,2033.0,0.2795,2024,3,3
2024-03-03 04:15:00+00:00,2033.0,2033.0,2033.0,2033.0,0.0576,2024,3,3
2024-03-03 04:20:00+00:00,2033.0,2033.0,2032.0,2033.0,0.333,2024,3,3
2024-03-03 04:25:00+00:00,2032.0,2033.0,2032.0,2033.0,0.6377,2024,3,3
2024-03-03 04:30:00+00:00,2033.0,2034.0,2033.0,2033.0,0.1665,2024,3,3
2024-03-03 04:35:00+00:00,2033.0,2034.0,2033.0,2034.0,0.2648,2024,3,3
2024-03-03 04:40:00+00:00,2033.0,2034.0,2033.0,2033.0,0.0452,2024,3,3
2024-03-03 04:45:00+00:00,2033.0,2034.0,2033.0,2034.0,0.5934,2024,3,3
2024-03-03 04:50:00+00:00,2034.0,2035.0,2034.0,2034.0,2.5484,2024,3,3
2024-03-03 04:55:00+00:00,2034.0,2035.0,2034.0,2035.0,2.2287,2024,3,3
2024-03-03 05:00:00+00:00,2034.0,2034.0,2034.0,2034.0,0.0071,2024,3,3
2024-03-03 05:05:00+00:00,2034.0,2036.0,2034.0,2035.0,9.3243,2024,3,3
2024-03-03 05:10:00+00:00,2036.0,2039.0,2035.0,2035.0,20.1918,2024,3,3
2024-03-03 05:15:00+00:00,2035.0,2039.0,2035.0,2035.0,20.0775,2024,3,3
2024-03-03 05:20:00+00:00,2035.0,2036.0,2033.0,2034.0,1.2773,2024,3,3
2024-03-03 05:25:00+00:00,2034.0,2034.0,2030.0,2031.0,1.7884,2024,3,3
2024-03-03 05:30:00+00:00,2030.0,2031.0,2030.0,2031.0,0.1139,2024,3,3
2024-03-03 05:35:00+00:00,2030.0,2031.0,2030.0,2031.0,0.2046,2024,3,3
2024-03-03 05:40:00+00:00,2031.0,2031.0,2028.0,2029.0,3.1105,2024,3,3
2024-03-03 05:45:00+00:00,2028.0,2030.0,2028.0,2030.0,0.1391,2024,3,3
2024-03-03 05:50:00+00:00,2028.0,2030.0,2028.0,2028.0,0.444,2024,3,3
2024-03-03 05:55:00+00:00,2029.0,2029.0,2028.0,2028.0,0.0817,2024,3,3
2024-03-03 06:00:00+00:00,2029.0,2029.0,2028.0,2028.0,0.3276,2024,3,3
2024-03-03 06:05:00+00:00,2029.0,2038.0,2027.0,2031.0,12.8211,2024,3,3
2024-03-03 06:10:00+00:00,2031.0,2031.0,2030.0,2030.0,1.1249,2024,3,3
2024-03-03 06:15:00+00:00,2031.0,2032.0,2029.0,2031.0,2.3235,2024,3,3
2024-03-03 06:20:00+00:00,2032.0,2032.0,2029.0,2029.0,1.283,2024,3,3
2024-03-03 06:25:00+00:00,2030.0,2031.0,2029.0,2030.0,0.9803,2024,3,3
2024-03-03 06:30:00+00:00,2031.0,2031.0,2028.0,2028.0,2.0912,2024,3,3
2024-03-03 06:35:00+00:00,2028.0,2029.0,2027.0,2027.0,0.1598,2024,3,3
2024-03-03 06:40:00+00:00,2028.0,2028.0,2027.0,2028.0,2.6771,2024,3,3
2024-03-03 06:45:00+00:00,2028.0,2029.0,2028.0,2029.0,1.2704,2024,3,3
2024-03-03 06:50:00+00:00,2029.0,2030.0,2029.0,2030.0,0.0743,2024,3,3
2024-03-03 06:55:00+00:00,2029.0,2029.0,2029.0,2029.0,0.221,2024,3,3
2024-03-03 07:00:00+00:00,2029.0,2030.0,2028.0,2030.0,1.5497,2024,3,3
2024-03-03 07:05:00+00:00,2030.0,2030.0,2026.0,2028.0,26.4688,2024,3,3
2024-03-03 07:10:00+00:00,2028.0,2029.0,2027.0,2029.0,8.4764,2024,3,3
2024-03-03 07:15:00+00:00,2028.0,2030.0,2028.0,2030.0,2.4586,2024,3,3
2024-03-03 07:20:00+00:00,2029.0,2030.0,2028.0,2028.0,0.647,2024,3,3
2024-03-03 07:25:00+00:00,2028.0,2028.0,2025.0,2027.0,19.159,2024,3,3
2024-03-03 07:30:00+00:00,2027.0,2029.0,2027.0,2028.0,2.4895,2024,3,3
2024-03-03 07:35:00+00:00,2028.0,2032.0,2028.0,2032.0,2.9246,2024,3,3
2024-03-03 07:40:00+00:00,2032.0,2036.0,2032.0,2036.0,7.4598,2024,3,3
2024-03-03 07:45:00+00:00,2035.0,2038.0,2033.0,2035.0,14.9533,2024,3,3
2024-03-03 07:50:00+00:00,2034.0,2034.0,2031.0,2032.0,6.4796,2024,3,3
2024-03-03 07:55:00+00:00,2032.0,2033.0,2031.0,2031.0,2.7151,2024,3,3
2024-03-03 08:00:00+00:00,2032.0,2033.0,2031.0,2032.0,1.2327,2024,3,3
2024-03-03 08:05:00+00:00,2032.0,2032.0,2029.0,2030.0,3.7744,2024,3,3
2024-03-03 08:10:00+00:00,2030.0,2031.0,2029.0,2030.0,2.5791,2024,3,3
2024-03-03 08:15:00+00:00,2030.0,2037.0,2030.0,2033.0,9.2224,2024,3,3
2024-03-03 08:20:00+00:00,2033.0,2033.0,2032.0,2033.0,0.5027,2024,3,3
2024-03-03 08:25:00+00:00,2032.0,2033.0,2032.0,2032.0,0.0444,2024,3,3
2024-03-03 08:30:00+00:00,2033.0,2033.0,2032.0,2033.0,0.4206,2024,3,3
2024-03-03 08:35:00+00:00,2032.0,2033.0,2032.0,2033.0,0.8249,2024,3,3
2024-03-03 08:40:00+00:00,2032.0,2033.0,2032.0,2033.0,0.3721,2024,3,3
2024-03-03 08:45:00+00:00,2032.0,2033.0,2032.0,2033.0,0.6584,2024,3,3
2024-03-03 08:50:00+00:00,2033.0,2033.0,2033.0,2033.0,0.1245,2024,3,3
2024-03-03 08:55:00+00:00,2032.0,2033.0,2032.0,2032.0,0.0715,2024,3,3
2024-03-03 09:00:00+00:00,2032.0,2039.0,2032.0,2033.0,17.2865,2024,3,3
2024-03-03 09:05:00+00:00,2034.0,2038.0,2031.0,2034.0,15.3975,2024,3,3
2024-03-03 09:10:00+00:00,2033.0,2034.0,2033.0,2034.0,1.2627,2024,3,3
2024-03-03 09:15:00+00:00,2034.0,2034.0,2033.0,2034.0,0.4196,2024,3,3
2024-03-03 09:20:00+00:00,2033.0,2034.0,2033.0,2034.0,0.7975,2024,3,3
2024-03-03 09:25:00+00:00,2034.0,2037.0,2034.0,2035.0,3.6272,2024,3,3
2024-03-03 09:30:00+00:00,2035.0,2035.0,2034.0,2035.0,0.4797,2024,3,3
2024-03-03 09:35:00+00:00,2035.0,2035.0,2034.0,2035.0,0.2866,2024,3,3
2024-03-03 09:40:00+00:00,2035.0,2035.0,2034.0,2035.0,0.4999,2024,3,3
2024-03-03 09:45:00+00:00,2035.0,2035.0,2034.0,2035.0,0.2443,2024,3,3
2024-03-03 09:50:00+00:00,2035.0,2035.0,2034.0,2035.0,2.6825,2024,3,3
2024-03-03 09:55:00+00:00,2035.0,2035.0,2034.0,2035.0,0.292,2024,3,3
2024-03-03 10:00:00+00:00,2035.0,2036.0,2035.0,2036.0,0.8835,2024,3,3
2024-03-03 10:05:00+00:00,2036.0,2036.0,2032.0,2032.0,30.78,2024,3,3
2024-03-03 10:10:00+00:00,2033.0,2033.0,2031.0,2033.0,14.2385,2024,3,3
2024-03-03 10:15:00+00:00,2033.0,2033.0,2032.0,2033.0,0.7201,2024,3,3
2024-03-03 10:20:00+00:00,2033.0,2036.0,2032.0,2036.0,13.7616,2024,3,3
2024-03-03 10:25:00+00:00,2036.0,2036.0,2035.0,2036.0,2.6794,2024,3,3
2024-03-03 10:30:00+00:00,2036.0,2036.0,2035.0,2036.0,1.1457,2024,3,3
2024-03-03 10:35:00+00:00,2036.0,2036.0,2035.0,2036.0,0.5147,2024,3,3
2024-03-03 10:40:00+00:00,2036.0,2036.0,2035.0,2035.0,0.356,2024,3,3
2024-03-03 10:45:00+00:00,2036.0,2036.0,2034.0,2035.0,3.1929,2024,3,3
2024-03-03 10:50:00+00:00,2035.0,2035.0,2034.0,2034.0,0.5132,2024,3,3
2024-03-03 10:55:00+00:00,2034.0,2035.0,2034.0,2035.0,0.2954,2024,3,3
2024-03-03 11:00:00+00:00,2034.0,2037.0,2034.0,2037.0,4.9618,2024,3,3
2024-03-03 11:05:00+00:00,2036.0,2037.0,2036.0,2037.0,0.3211,2024,3,3
2024-03-03 11:10:00+00:00,2037.0,2037.0,2036.0,2037.0,1.6399,2024,3,3
2024-03-03 11:15:00+00:00,2037.0,2038.0,2037.0,2038.0,1.4118,2024,3,3
2024-03-03 11:20:00+00:00,2038.0,2038.0,2036.0,2037.0,0.4684,2024,3,3
2024-03-03 11:25:00+00:00,2037.0,2037.0,2037.0,2037.0,0.227,2024,3,3
2024-03-03 11:30:00+00:00,2037.0,2037.0,2036.0,2037.0,0.4819,2024,3,3
2024-03-03 11:35:00+00:00,2037.0,2037.0,2034.0,2035.0,1.3963,2024,3,3
2024-03-03 11:40:00+00:00,2035.0,2035.0,2034.0,2035.0,2.0432,2024,3,3
2024-03-03 11:45:00+00:00,2035.0,2035.0,2034.0,2035.0,0.2998,2024,3,3
2024-03-03 11:50:00+00:00,2035.0,2035.0,2034.0,2035.0,0.4471,2024,3,3
2024-03-03 11:55:00+00:00,2034.0,2035.0,2031.0,2031.0,25.9834,2024,3,3
2024-03-03 12:00:00+00:00,2032.0,2032.0,2031.0,2032.0,3.1596,2024,3,3
2024-03-03 12:05:00+00:00,2032.0,2034.0,2031.0,2034.0,6.2173,2024,3,3
2024-03-03 12:10:00+00:00,2033.0,2035.0,2033.0,2035.0,0.8332,2024,3,3
2024-03-03 12:15:00+00:00,2035.0,2035.0,2034.0,2034.0,0.9432,2024,3,3
2024-03-03 12:20:00+00:00,2034.0,2034.0,2033.0,2033.0,0.5895,2024,3,3
2024-03-03 12:25:00+00:00,2033.0,2035.0,2032.0,2033.0,8.0779,2024,3,3
2024-03-03 12:30:00+00:00,2033.0,2033.0,2020.0,2029.0,214.1513,2024,3,3
2024-03-03 12:35:00+00:00,2030.0,2030.0,2019.0,2020.0,82.2042,2024,3,3
2024-03-03 12:40:00+00:00,2020.0,2030.0,2019.0,2020.0,91.1521,2024,3,3
2024-03-03 12:45:00+00:00,2020.0,2027.0,2018.0,2019.0,35.3898,2024,3,3
2024-03-03 12:50:00+00:00,2019.0,2021.0,2018.0,2020.0,0.8571,2024,3,3
2024-03-03 12:55:00+00:00,2020.0,2021.0,2019.0,2020.0,1.3361,2024,3,3
2024-03-03 13:00:00+00:00,2019.0,2020.0,2019.0,2020.0,0.3718,2024,3,3
2024-03-03 13:05:00+00:00,2019.0,2020.0,2019.0,2020.0,3.6156,2024,3,3
2024-03-03 13:10:00+00:00,2020.0,2023.0,2019.0,2020.0,5.7315,2024,3,3
2024-03-03 13:15:00+00:00,2020.0,2022.0,2020.0,2021.0,1.7428,2024,3,3
2024-03-03 13:20:00+00:00,2021.0,2022.0,2021.0,2021.0,2.0304,2024,3,3
2024-03-03 13:25:00+00:00,2022.0,2022.0,2021.0,2021.0,0.0415,2024,3,3
2024-03-03 13:30:00+00:00,2021.0,2022.0,2018.0,2020.0,9.8382,2024,3,3
2024-03-03 13:35:00+00:00,2020.0,2022.0,2020.0,2021.0,0.571,2024,3,3
2024-03-03 13:40:00+00:00,2022.0,2022.0,2021.0,2021.0,0.2153,2024,3,3
2024-03-03 13:45:00+00:00,2022.0,2022.0,2021.0,2022.0,0.4734,2024,3,3
2024-03-03 13:50:00+00:00,2021.0,2022.0,2021.0,2022.0,0.2705,2024,3,3
2024-03-03 13:55:00+00:00,2021.0,2022.0,2021.0,2022.0,0.1615,2024,3,3
2024-03-03 14:00:00+00:00,2022.0,2022.0,2021.0,2021.0,2.9024,2024,3,3
2024-03-03 14:05:00+00:00,2022.0,2022.0,2017.0,2018.0,20.6729,2024,3,3
2024-03-03 14:10:00+00:00,2018.0,2025.0,2016.0,2023.0,7.4128,2024,3,3
2024-03-03 14:15:00+00:00,2022.0,2023.0,2022.0,2022.0,0.2074,2024,3,3
2024-03-03 14:20:00+00:00,2022.0,2023.0,2022.0,2022.0,0.0396,2024,3,3
2024-03-03 14:25:00+00:00,2023.0,2023.0,2023.0,2023.0,0.0412,2024,3,3
2024-03-03 14:30:00+00:00,2023.0,2025.0,2022.0,2024.0,2.5672,2024,3,3
2024-03-03 14:35:00+00:00,2024.0,2024.0,2023.0,2023.0,0.5789,2024,3,3
2024-03-03 14:40:00+00:00,2024.0,2028.0,2024.0,2027.0,5.2026,2024,3,3
2024-03-03 14:45:00+00:00,2026.0,2027.0,2024.0,2024.0,0.8199,2024,3,3
2024-03-03 14:50:00+00:00,2024.0,2025.0,2024.0,2024.0,0.0395,2024,3,3
2024-03-03 14:55:00+00:00,2024.0,2030.0,2024.0,2026.0,9.8561,2024,3,3
2024-03-03 15:00:00+00:00,2025.0,2029.0,2025.0,2026.0,5.2215,2024,3,3
2024-03-03 15:05:00+00:00,2027.0,2028.0,2026.0,2027.0,0.744,2024,3,3
2024-03-03 15:10:00+00:00,2026.0,2027.0,2024.0,2026.0,2.6101,2024,3,3
2024-03-03 15:15:00+00:00,2026.0,2027.0,2025.0,2027.0,0.4513,2024,3,3
2024-03-03 15:20:00+00:00,2027.0,2027.0,2026.0,2027.0,0.1243,2024,3,3
2024-03-03 15:25:00+00:00,2027.0,2027.0,2027.0,2027.0,0.0911,2024,3,3
2024-03-03 15:30:00+00:00,2027.0,2027.0,2026.0,2027.0,0.1137,2024,3,3
2024-03-03 15:35:00+00:00,2026.0,2027.0,2026.0,2027.0,0.142,2024,3,3
2024-03-03 15:40:00+00:00,2027.0,2030.0,2026.0,2026.0,7.31,2024,3,3
2024-03-03 15:45:00+00:00,2025.0,2025.0,2024.0,2024.0,3.669,2024,3,3
2024-03-03 15:50:00+00:00,2025.0,2025.0,2023.0,2023.0,5.2276,2024,3,3
2024-03-03 15:55:00+00:00,2023.0,2024.0,2022.0,2022.0,4.134,2024,3,3
2024-03-03 16:00:00+00:00,2022.0,2023.0,2020.0,2020.0,1.8525,2024,3,3
2024-03-03 16:05:00+00:00,2020.0,2022.0,2020.0,2022.0,0.3882,2024,3,3
2024-03-03 16:10:00+00:00,2022.0,2022.0,2020.0,2020.0,3.3632,2024,3,3
2024-03-03 16:15:00+00:00,2021.0,2021.0,2020.0,2021.0,0.1322,2024,3,3
2024-03-03 16:20:00+00:00,2021.0,2022.0,2021.0,2022.0,2.6319,2024,3,3
2024-03-03 16:25:00+00:00,2022.0,2024.0,2022.0,2022.0,2.0875,2024,3,3
2024-03-03 16:30:00+00:00,2023.0,2023.0,2021.0,2022.0,0.938,2024,3,3
2024-03-03 16:35:00+00:00,2021.0,2022.0,2021.0,2022.0,0.0556,2024,3,3
2024-03-03 16:40:00+00:00,2021.0,2025.0,2021.0,2025.0,1.7256,2024,3,3
2024-03-03 16:45:00+00:00,2024.0,2028.0,2024.0,2026.0,3.2432,2024,3,3
2024-03-03 16:50:00+00:00,2027.0,2027.0,2026.0,2027.0,2.3348,2024,3,3
2024-03-03 16:55:00+00:00,2027.0,2028.0,2027.0,2027.0,4.4041,2024,3,3
2024-03-03 17:00:00+00:00,2026.0,2028.0,2026.0,2027.0,2.3221,2024,3,3
2024-03-03 17:05:00+00:00,2027.0,2028.0,2027.0,2027.0,1.3699,2024,3,3
2024-03-03 17:10:00+00:00,2026.0,2026.0,2025.0,2026.0,3.4769,2024,3,3
2024-03-03 17:15:00+00:00,2025.0,2025.0,2024.0,2025.0,0.8637,2024,3,3
2024-03-03 17:20:00+00:00,2025.0,2026.0,2025.0,2026.0,0.8574,2024,3,3
2024-03-03 17:25:00+00:00,2025.0,2026.0,2024.0,2024.0,0.8617,2024,3,3
2024-03-03 17:30:00+00:00,2024.0,2026.0,2024.0,2026.0,0.3241,2024,3,3
2024-03-03 17:35:00+00:00,2025.0,2026.0,2025.0,2025.0,0.1392,2024,3,3
2024-03-03 17:40:00+00:00,2026.0,2026.0,2025.0,2026.0,0.1736,2024,3,3
2024-03-03 17:45:00+00:00,2026.0,2027.0,2025.0,2025.0,1.0421,2024,3,3
2024-03-03 17:50:00+00:00,2025.0,2026.0,2025.0,2025.0,0.8385,2024,3,3
2024-03-03 17:55:00+00:00,2025.0,2026.0,2025.0,2025.0,0.0715,2024,3,3
2024-03-03 18:00:00+00:00,2026.0,2026.0,2024.0,2025.0,0.9705,2024,3,3
2024-03-03 18:05:00+00:00,2026.0,2026.0,2025.0,2026.0,0.3852,2024,3,3
2024-03-03 18:10:00+00:00,2026.0,2026.0,2023.0,2024.0,2.3321,2024,3,3
2024-03-03 18:15:00+00:00,2024.0,2024.0,2023.0,2024.0,0.1263,2024,3,3
2024-03-03 18:20:00+00:00,2023.0,2025.0,2020.0,2020.0,6.2976,2024,3,3
2024-03-03 18:25:00+00:00,2020.0,2020.0,2017.0,2020.0,12.2513,2024,3,3
2024-03-03 18:30:00+00:00,2020.0,2020.0,2019.0,2019.0,4.0276,2024,3,3
2024-03-03 18:35:00+00:00,2019.0,2020.0,2019.0,2020.0,0.1869,2024,3,3
2024-03-03 18:40:00+00:00,2020.0,2026.0,2020.0,2023.0,8.5066,2024,3,3
2024-03-03 18:45:00+00:00,2024.0,2024.0,2023.0,2023.0,0.6085,2024,3,3
2024-03-03 18:50:00+00:00,2023.0,2027.0,2023.0,2023.0,3.2266,2024,3,3
2024-03-03 18:55:00+00:00,2023.0,2023.0,2020.0,2021.0,10.34,2024,3,3
2024-03-03 19:00:00+00:00,2020.0,2021.0,2019.0,2019.0,2.4809,2024,3,3
2024-03-03 19:05:00+00:00,2019.0,2019.0,2018.0,2019.0,5.5895,2024,3,3
2024-03-03 19:10:00+00:00,2019.0,2020.0,2018.0,2019.0,3.2228,2024,3,3
2024-03-03 19:15:00+00:00,2019.0,2020.0,2018.0,2019.0,1.6436,2024,3,3
2024-03-03 19:20:00+00:00,2018.0,2020.0,2017.0,2017.0,7.2818,2024,3,3
2024-03-03 19:25:00+00:00,2017.0,2018.0,2016.0,2016.0,0.8315,2024,3,3
2024-03-03 19:30:00+00:00,2016.0,2022.0,2016.0,2022.0,32.7041,2024,3,3
2024-03-03 19:35:00+00:00,2022.0,2022.0,2018.0,2019.0,4.4903,2024,3,3
2024-03-03 19:40:00+00:00,2019.0,2020.0,2019.0,2020.0,1.4143,2024,3,3
2024-03-03 19:45:00+00:00,2019.0,2019.0,2017.0,2018.0,3.0696,2024,3,3
2024-03-03 19:50:00+00:00,2018.0,2024.0,2017.0,2023.0,11.2628,2024,3,3
2024-03-03 19:55:00+00:00,2022.0,2023.0,2018.0,2018.0,2.2637,2024,3,3
2024-03-03 20:00:00+00:00,2018.0,2029.0,2016.0,2023.0,35.8584,2024,3,3
2024-03-03 20:05:00+00:00,2023.0,2025.0,2020.0,2023.0,8.3651,2024,3,3
2024-03-03 20:10:00+00:00,2021.0,2023.0,2021.0,2022.0,0.9951,2024,3,3
2024-03-03 20:15:00+00:00,2021.0,2023.0,2021.0,2022.0,0.92,2024,3,3
2024-03-03 20:20:00+00:00,2022.0,2023.0,2021.0,2021.0,0.5586,2024,3,3
2024-03-03 20:25:00+00:00,2021.0,2022.0,2019.0,2021.0,8.7021,2024,3,3
2024-03-03 20:30:00+00:00,2019.0,2021.0,2019.0,2019.0,3.091,2024,3,3
2024-03-03 20:35:00+00:00,2021.0,2021.0,2020.0,2020.0,0.2315,2024,3,3
2024-03-03 20:40:00+00:00,2021.0,2021.0,2019.0,2019.0,1.0078,2024,3,3
2024-03-03 20:45:00+00:00,2019.0,2019.0,2018.0,2019.0,5.4641,2024,3,3
2024-03-03 20:50:00+00:00,2018.0,2019.0,2018.0,2019.0,0.1421,2024,3,3
2024-03-03 20:55:00+00:00,2018.0,2019.0,2018.0,2019.0,0.7009,2024,3,3
2024-03-03 21:00:00+00:00,2019.0,2019.0,2018.0,2019.0,0.8232,2024,3,3
2024-03-03 21:05:00+00:00,2019.0,2019.0,2018.0,2019.0,0.9156,2024,3,3
2024-03-03 21:10:00+00:00,2018.0,2018.0,2017.0,2018.0,7.8718,2024,3,3
2024-03-03 21:15:00+00:00,2018.0,2018.0,2017.0,2017.0,1.2303,2024,3,3
2024-03-03 21:20:00+00:00,2017.0,2018.0,2017.0,2017.0,0.5894,2024,3,3
2024-03-03 21:25:00+00:00,2018.0,2019.0,2017.0,2018.0,2.3617,2024,3,3
2024-03-03 21:30:00+00:00,2017.0,2018.0,2017.0,2018.0,0.2928,2024,3,3
2024-03-03 21:35:00+00:00,2018.0,2018.0,2017.0,2017.0,1.5136,2024,3,3
2024-03-03 21:40:00+00:00,2018.0,2019.0,2017.0,2019.0,0.1155,2024,3,3
2024-03-03 21:45:00+00:00,2019.0,2019.0,2018.0,2019.0,3.0304,2024,3,3
2024-03-03 21:50:00+00:00,2019.0,2019.0,2018.0,2018.0,2.6634,2024,3,3
2024-03-03 21:55:00+00:00,2018.0,2019.0,2018.0,2019.0,19.6259,2024,3,3
2024-03-03 22:00:00+00:00,2019.0,2025.0,2018.0,2023.0,9.8799,2024,3,3
2024-03-03 22:05:00+00:00,2023.0,2025.0,2021.0,2021.0,1.0961,2024,3,3
2024-03-03 22:10:00+00:00,2021.0,2023.0,2021.0,2023.0,1.9712,2024,3,3
2024-03-03 22:15:00+00:00,2025.0,2025.0,2022.0,2023.0,8.2772,2024,3,3
2024-03-03 22:20:00+00:00,2024.0,2027.0,2021.0,2023.0,5.625,2024,3,3
2024-03-03 22:25:00+00:00,2022.0,2024.0,2022.0,2024.0,0.6589,2024,3,3
2024-03-03 22:30:00+00:00,2024.0,2024.0,2023.0,2023.0,0.4346,2024,3,3
2024-03-03 22:35:00+00:00,2023.0,2024.0,2022.0,2024.0,1.1182,2024,3,3
2024-03-03 22:40:00+00:00,2024.0,2025.0,2024.0,2024.0,0.1528,2024,3,3
2024-03-03 22:45:00+00:00,2024.0,2025.0,2024.0,2025.0,3.7199,2024,3,3
2024-03-03 22:50:00+00:00,2024.0,2025.0,2024.0,2025.0,0.5759,2024,3,3
2024-03-03 22:55:00+00:00,2024.0,2025.0,2019.0,2020.0,108.9285,2024,3,3
2024-03-03 23:00:00+00:00,2020.0,2023.0,2017.0,2018.0,13.0361,2024,3,3
2024-03-03 23:05:00+00:00,2020.0,2026.0,2020.0,2022.0,4.9532,2024,3,3
2024-03-03 23:10:00+00:00,2023.0,2024.0,2022.0,2024.0,2.6556,2024,3,3
2024-03-03 23:15:00+00:00,2024.0,2025.0,2018.0,2019.0,22.6946,2024,3,3
2024-03-03 23:20:00+00:00,2018.0,2019.0,2018.0,2018.0,0.4348,2024,3,3
2024-03-03 23:25:00+00:00,2019.0,2020.0,2018.0,2019.0,27.9645,2024,3,3
2024-03-03 23:30:00+00:00,2018.0,2020.0,2018.0,2019.0,1.4912,2024,3,3
2024-03-03 23:35:00+00:00,2020.0,2020.0,2019.0,2019.0,10.1739,2024,3,3
2024-03-03 23:40:00+00:00,2020.0,2020.0,2019.0,2020.0,7.1878,2024,3,3
2024-03-03 23:45:00+00:00,2020.0,2021.0,2020.0,2021.0,65.1725,2024,3,3
2024-03-03 23:50:00+00:00,2021.0,2024.0,2021.0,2023.0,0.3133,2024,3,3
2024-03-03 23:55:00+00:00,2023.0,2024.0,2023.0,2023.0,0.2554,2024,3,3
2024-03-04 00:00:00+00:00,2024.0,2028.0,2024.0,2024.0,14.9755,2024,3,4
2024-03-04 00:05:00+00:00,2024.0,2025.0,2024.0,2025.0,0.0991,2024,3,4
2024-03-04 00:10:00+00:00,2025.0,2025.0,2024.0,2024.0,8.0243,2024,3,4
2024-03-04 00:15:00+00:00,2024.0,2026.0,2024.0,2025.0,5.8623,2024,3,4
2024-03-04 00:20:00+00:00,2025.0,2026.0,2022.0,2024.0,8.8174,2024,3,4
2024-03-04 00:25:00+00:00,2024.0,2029.0,2023.0,2028.0,15.3629,2024,3,4
2024-03-04 00:30:00+00:00,2028.0,2030.0,2027.0,2027.0,5.1511,2024,3,4
2024-03-04 00:35:00+00:00,2026.0,2026.0,2025.0,2025.0,1.8563,2024,3,4
2024-03-04 00:40:00+00:00,2026.0,2026.0,2025.0,2026.0,0.3166,2024,3,4
2024-03-04 00:45:00+00:00,2025.0,2025.0,2016.0,2016.0,23.6874,2024,3,4
2024-03-04 00:50:00+00:00,2017.0,2021.0,2016.0,2019.0,6.1567,2024,3,4
2024-03-04 00:55:00+00:00,2020.0,2023.0,2020.0,2022.0,0.9951,2024,3,4
2024-03-04 01:00:00+00:00,2022.0,2025.0,2021.0,2022.0,4.8442,2024,3,4
2024-03-04 01:05:00+00:00,2022.0,2022.0,2021.0,2022.0,1.9972,2024,3,4
2024-03-04 01:10:00+00:00,2023.0,2025.0,2022.0,2024.0,2.0575,2024,3,4
2024-03-04 01:15:00+00:00,2024.0,2026.0,2024.0,2026.0,2.5722,2024,3,4
2024-03-04 01:20:00+00:00,2025.0,2026.0,2025.0,2026.0,5.6832,2024,3,4
2024-03-04 01:25:00+00:00,2026.0,2026.0,2024.0,2025.0,5.4955,2024,3,4
2024-03-04 01:30:00+00:00,2025.0,2025.0,2018.0,2019.0,20.4724,2024,3,4
2024-03-04 01:35:00+00:00,2019.0,2020.0,2018.0,2019.0,3.4157,2024,3,4
2024-03-04 01:40:00+00:00,2019.0,2019.0,2019.0,2019.0,0.489,2024,3,4
2024-03-04 01:45:00+00:00,2020.0,2020.0,2019.0,2019.0,0.2919,2024,3,4
2024-03-04 01:50:00+00:00,2019.0,2020.0,2018.0,2019.0,14.073,2024,3,4
2024-03-04 01:55:00+00:00,2019.0,2020.0,2019.0,2020.0,0.3953,2024,3,4
2024-03-04 02:00:00+00:00,2019.0,2020.0,2018.0,2020.0,5.7721,2024,3,4
2024-03-04 02:05:00+00:00,2019.0,2020.0,2018.0,2019.0,8.4473,2024,3,4
2024-03-04 02:10:00+00:00,2019.0,2020.0,2018.0,2019.0,27.4095,2024,3,4
2024-03-04 02:15:00+00:00,2019.0,2020.0,2019.0,2019.0,0.0876,2024,3,4
2024-03-04 02:20:00+00:00,2020.0,2020.0,2019.0,2020.0,24.0199,2024,3,4
2024-03-04 02:25:00+00:00,2020.0,2020.0,2019.0,2020.0,1.2783,2024,3,4
2024-03-04 02:30:00+00:00,2020.0,2023.0,2020.0,2022.0,13.9533,2024,3,4
2024-03-04 02:35:00+00:00,2022.0,2023.0,2022.0,2023.0,0.9043,2024,3,4
2024-03-04 02:40:00+00:00,2024.0,2024.0,2022.0,2023.0,1.4046,2024,3,4
2024-03-04 02:45:00+00:00,2023.0,2023.0,2019.0,2020.0,89.6114,2024,3,4
2024-03-04 02:50:00+00:00,2020.0,2020.0,2018.0,2020.0,43.793,2024,3,4
2024-03-04 02:55:00+00:00,2019.0,2020.0,2019.0,2019.0,0.1644,2024,3,4
2024-03-04 03:00:00+00:00,2019.0,2020.0,2018.0,2018.0,13.6499,2024,3,4
2024-03-04 03:05:00+00:00,2018.0,2019.0,2018.0,2019.0,2.109,2024,3,4
2024-03-04 03:10:00+00:00,2019.0,2019.0,2018.0,2019.0,1.0582,2024,3,4
2024-03-04 03:15:00+00:00,2019.0,2020.0,2018.0,2018.0,11.1096,2024,3,4
2024-03-04 03:20:00+00:00,2018.0,2019.0,2018.0,2018.0,0.1425,2024,3,4
2024-03-04 03:25:00+00:00,2019.0,2019.0,2018.0,2019.0,0.5168,2024,3,4
2024-03-04 03:30:00+00:00,2019.0,2019.0,2018.0,2019.0,4.926,2024,3,4
2024-03-04 03:35:00+00:00,2019.0,2020.0,2019.0,2019.0,0.3748,2024,3,4
2024-03-04 03:40:00+00:00,2020.0,2020.0,2019.0,2019.0,0.1717,2024,3,4
2024-03-04 03:45:00+00:00,2020.0,2020.0,2019.0,2019.0,0.1032,2024,3,4
2024-03-04 03:50:00+00:00,2019.0,2019.0,2019.0,2019.0,0.4321,2024,3,4
2024-03-04 03:55:00+00:00,2019.0,2020.0,2019.0,2019.0,0.2549,2024,3,4
2024-03-04 04:00:00+00:00,2019.0,2020.0,2018.0,2018.0,4.623,2024,3,4
2024-03-04 04:05:00+00:00,2019.0,2019.0,2018.0,2018.0,0.0536,2024,3,4
2024-03-04 04:10:00+00:00,2019.0,2019.0,2018.0,2018.0,0.1915,2024,3,4
2024-03-04 04:15:00+00:00,2019.0,2019.0,2018.0,2019.0,0.1649,2024,3,4
2024-03-04 04:20:00+00:00,2019.0,2019.0,2018.0,2019.0,2.5413,2024,3,4
2024-03-04 04:25:00+00:00,2018.0,2019.0,2018.0,2019.0,0.632,2024,3,4
2024-03-04 04:30:00+00:00,2019.0,2020.0,2018.0,2019.0,3.7318,2024,3,4
2024-03-04 04:35:00+00:00,2020.0,2020.0,2019.0,2019.0,0.0633,2024,3,4
2024-03-04 04:40:00+00:00,2019.0,2020.0,2018.0,2019.0,11.5896,2024,3,4
2024-03-04 04:45:00+00:00,2019.0,2020.0,2019.0,2020.0,2.6225,2024,3,4
2024-03-04 04:50:00+00:00,2019.0,2020.0,2019.0,2020.0,0.091,2024,3,4
2024-03-04 04:55:00+00:00,2019.0,2020.0,2019.0,2019.0,1.399,2024,3,4
2024-03-04 05:00:00+00:00,2020.0,2020.0,2019.0,2020.0,0.0965,2024,3,4
2024-03-04 05:05:00+00:00,2019.0,2020.0,2019.0,2020.0,0.0613,2024,3,4
2024-03-04 05:10:00+00:00,2019.0,2020.0,2019.0,2020.0,0.0625,2024,3,4
2024-03-04 05:15:00+00:00,2019.0,2020.0,2019.0,2020.0,0.4671,2024,3,4
2024-03-04 05:20:00+00:00,2019.0,2020.0,2019.0,2019.0,0.2494,2024,3,4
2024-03-04 05:25:00+00:00,2019.0,2020.0,2019.0,2020.0,0.5601,2024,3,4
2024-03-04 05:30:00+00:00,2020.0,2020.0,2019.0,2020.0,0.3517,2024,3,4
2024-03-04 05:35:00+00:00,2019.0,2020.0,2019.0,2020.0,0.6387,2024,3,4
2024-03-04 05:40:00+00:00,2019.0,2020.0,2019.0,2019.0,0.058,2024,3,4
2024-03-04 05:45:00+00:00,2020.0,2020.0,2019.0,2020.0,0.0227,2024,3,4
2024-03-04 05:50:00+00:00,2020.0,2020.0,2018.0,2019.0,23.5623,2024,3,4
2024-03-04 05:55:00+00:00,2020.0,2020.0,2019.0,2020.0,0.1034,2024,3,4
2024-03-04 06:00:00+00:00,2020.0,2020.0,2019.0,2019.0,2.3601,2024,3,4
2024-03-04 06:05:00+00:00,2020.0,2020.0,2019.0,2019.0,2.7896,2024,3,4
2024-03-04 06:10:00+00:00,2019.0,2020.0,2019.0,2019.0,1.361,2024,3,4
2024-03-04 06:15:00+00:00,2019.0,2020.0,2019.0,2020.0,0.443,2024,3,4
2024-03-04 06:20:00+00:00,2019.0,2020.0,2019.0,2020.0,0.7075,2024,3,4
2024-03-04 06:25:00+00:00,2019.0,2019.0,2019.0,2019.0,0.4954,2024,3,4
2024-03-04 06:30:00+00:00,2020.0,2020.0,2019.0,2019.0,1.095,2024,3,4
2024-03-04 06:35:00+00:00,2020.0,2020.0,2019.0,2020.0,0.0995,2024,3,4
2024-03-04 06:40:00+00:00,2019.0,2020.0,2019.0,2020.0,1.0271,2024,3,4
2024-03-04 06:45:00+00:00,2020.0,2020.0,2018.0,2018.0,27.1632,2024,3,4
2024-03-04 06:50:00+00:00,2019.0,2019.0,2018.0,2019.0,27.3805,2024,3,4
2024-03-04 06:55:00+00:00,2019.0,2020.0,2018.0,2020.0,4.6806,2024,3,4
2024-03-04 07:00:00+00:00,2020.0,2020.0,2019.0,2019.0,3.6378,2024,3,4
2024-03-04 07:05:00+00:00,2020.0,2020.0,2018.0,2018.0,12.0184,2024,3,4
2024-03-04 07:10:00+00:00,2018.0,2019.0,2017.0,2019.0,1.5591,2024,3,4
2024-03-04 07:15:00+00:00,2019.0,2019.0,2019.0,2019.0,1.0646,2024,3,4
2024-03-04 07:20:00+00:00,2019.0,2019.0,2017.0,2018.0,3.0699,2024,3,4
2024-03-04 07:25:00+00:00,2018.0,2019.0,2017.0,2018.0,0.5895,2024,3,4
2024-03-04 07:30:00+00:00,2017.0,2019.0,2017.0,2019.0,3.8297,2024,3,4
2024-03-04 07:35:00+00:00,2019.0,2020.0,2018.0,2020.0,12.9326,2024,3,4
2024-03-04 07:40:00+00:00,2019.0,2020.0,2003.0,2016.0,160.7531,2024,3,4
2024-03-04 07:45:00+00:00,2015.0,2018.0,2012.0,2014.0,7.7335,2024,3,4
2024-03-04 07:50:00+00:00,2013.0,2016.0,2013.0,2013.0,5.7639,2024,3,4
2024-03-04 07:55:00+00:00,2014.0,2014.0,2012.0,2013.0,4.4635,2024,3,4
2024-03-04 08:00:00+00:00,2013.0,2014.0,2012.0,2014.0,1.05,2024,3,4
2024-03-04 08:05:00+00:00,2014.0,2018.0,2013.0,2017.0,3.304,2024,3,4
2024-03-04 08:10:00+00:00,2018.0,2018.0,2015.0,2018.0,6.3461,2024,3,4
2024-03-04 08:15:00+00:00,2017.0,2020.0,2016.0,2019.0,25.4089,2024,3,4
2024-03-04 08:20:00+00:00,2019.0,2020.0,2017.0,2019.0,10.8958,2024,3,4
2024-03-04 08:25:00+00:00,2020.0,2020.0,2018.0,2020.0,11.979,2024,3,4
2024-03-04 08:30:00+00:00,2020.0,2020.0,2019.0,2019.0,21.2198,2024,3,4
2024-03-04 08:35:00+00:00,2020.0,2020.0,2018.0,2018.0,24.1008,2024,3,4
2024-03-04 08:40:00+00:00,2018.0,2020.0,2009.0,2016.0,135.039,2024,3,4
2024-03-04 08:45:00+00:00,2016.0,2018.0,2007.0,2010.0,42.29,2024,3,4
2024-03-04 08:50:00+00:00,2010.0,2018.0,2010.0,2018.0,6.9285,2024,3,4
2024-03-04 08:55:00+00:00,2017.0,2018.0,2016.0,2017.0,6.9223,2024,3,4
2024-03-04 09:00:00+00:00,2017.0,2018.0,2014.0,2016.0,26.2818,2024,3,4
2024-03-04 09:05:00+00:00,2015.0,2019.0,2011.0,2019.0,11.1607,2024,3,4
2024-03-04 09:10:00+00:00,2018.0,2018.0,2017.0,2018.0,2.1268,2024,3,4
2024-03-04 09:15:00+00:00,2019.0,2020.0,2018.0,2019.0,8.1405,2024,3,4
2024-03-04 09:20:00+00:00,2019.0,2019.0,2016.0,2017.0,6.6428,2024,3,4
2024-03-04 09:25:00+00:00,2018.0,2019.0,2014.0,2018.0,21.5625,2024,3,4
2024-03-04 09:30:00+00:00,2018.0,2020.0,2017.0,2017.0,8.979,2024,3,4
2024-03-04 09:35:00+00:00,2016.0,2022.0,2016.0,2019.0,14.709,2024,3,4
2024-03-04 09:40:00+00:00,2019.0,2021.0,2018.0,2019.0,9.4238,2024,3,4
2024-03-04 09:45:00+00:00,2020.0,2022.0,2019.0,2021.0,2.6223,2024,3,4
2024-03-04 09:50:00+00:00,2022.0,2022.0,2016.0,2020.0,6.7997,2024,3,4
2024-03-04 09:55:00+00:00,2020.0,2021.0,2016.0,2019.0,5.2726,2024,3,4
2024-03-04 10:00:00+00:00,2018.0,2019.0,2010.0,2016.0,28.2956,2024,3,4
2024-03-04 10:05:00+00:00,2016.0,2016.0,2011.0,2014.0,12.4156,2024,3,4
2024-03-04 10:10:00+00:00,2014.0,2019.0,2013.0,2018.0,8.0959,2024,3,4
2024-03-04 10:15:00+00:00,2019.0,2020.0,2018.0,2019.0,2.4497,2024,3,4
2024-03-04 10:20:00+00:00,2019.0,2020.0,2018.0,2020.0,3.8701,2024,3,4
2024-03-04 10:25:00+00:00,2020.0,2022.0,2019.0,2021.0,8.4404,2024,3,4
2024-03-04 10:30:00+00:00,2021.0,2024.0,2021.0,2023.0,12.0308,2024,3,4
2024-03-04 10:35:00+00:00,2023.0,2023.0,2016.0,2019.0,19.3497,2024,3,4
2024-03-04 10:40:00+00:00,2020.0,2023.0,2020.0,2022.0,4.9673,2024,3,4
2024-03-04 10:45:00+00:00,2022.0,2023.0,2021.0,2023.0,6.3563,2024,3,4
2024-03-04 10:50:00+00:00,2023.0,2024.0,2019.0,2021.0,20.9857,2024,3,4
2024-03-04 10:55:00+00:00,2021.0,2023.0,2019.0,2020.0,6.2363,2024,3,4
2024-03-04 11:00:00+00:00,2020.0,2022.0,2020.0,2022.0,4.1397,2024,3,4
2024-03-04 11:05:00+00:00,2022.0,2023.0,2021.0,2023.0,1.4657,2024,3,4
2024-03-04 11:10:00+00:00,2023.0,2023.0,2022.0,2022.0,3.0918,2024,3,4
2024-03-04 11:15:00+00:00,2021.0,2022.0,2021.0,2022.0,0.1097,2024,3,4
2024-03-04 11:20:00+00:00,2021.0,2021.0,2019.0,2021.0,2.1526,2024,3,4
2024-03-04 11:25:00+00:00,2020.0,2026.0,2020.0,2023.0,33.8633,2024,3,4
2024-03-04 11:30:00+00:00,2023.0,2024.0,2022.0,2023.0,3.1331,2024,3,4
2024-03-04 11:35:00+00:00,2023.0,2024.0,2022.0,2022.0,1.94,2024,3,4
2024-03-04 11:40:00+00:00,2022.0,2023.0,2021.0,2021.0,1.9938,2024,3,4
2024-03-04 11:45:00+00:00,2021.0,2026.0,2019.0,2024.0,22.6895,2024,3,4
2024-03-04 11:50:00+00:00,2023.0,2024.0,2019.0,2022.0,21.3357,2024,3,4
2024-03-04 11:55:00+00:00,2022.0,2024.0,2020.0,2024.0,2.0275,2024,3,4
2024-03-04 12:00:00+00:00,2024.0,2024.0,2023.0,2023.0,2.4831,2024,3,4
2024-03-04 12:05:00+00:00,2023.0,2025.0,2023.0,2024.0,1.7936,2024,3,4
2024-03-04 12:10:00+00:00,2024.0,2024.0,2023.0,2024.0,0.5742,2024,3,4
2024-03-04 12:15:00+00:00,2024.0,2025.0,2023.0,2024.0,1.4622,2024,3,4
2024-03-04 12:20:00+00:00,2024.0,2025.0,2024.0,2024.0,0.134,2024,3,4
2024-03-04 12:25:00+00:00,2024.0,2024.0,2024.0,2024.0,0.0715,2024,3,4
2024-03-04 12:30:00+00:00,2024.0,2026.0,2024.0,2026.0,1.7447,2024,3,4
2024-03-04 12:35:00+00:00,2026.0,2026.0,2025.0,2025.0,0.3403,2024,3,4
2024-03-04 12:40:00+00:00,2026.0,2026.0,2024.0,2024.0,2.3847,2024,3,4
2024-03-04 12:45:00+00:00,2024.0,2024.0,2020.0,2022.0,10.1074,2024,3,4
2024-03-04 12:50:00+00:00,2022.0,2023.0,2022.0,2023.0,0.3293,2024,3,4
2024-03-04 12:55:00+00:00,2023.0,2023.0,2022.0,2022.0,2.11,2024,3,4
2024-03-04 13:00:00+00:00,2023.0,2025.0,2021.0,2023.0,4.4628,2024,3,4
2024-03-04 13:05:00+00:00,2023.0,2023.0,2022.0,2023.0,0.2359,2024,3,4
2024-03-04 13:10:00+00:00,2023.0,2025.0,2022.0,2025.0,2.7653,2024,3,4
2024-03-04 13:15:00+00:00,2025.0,2025.0,2024.0,2025.0,0.2489,2024,3,4
2024-03-04 13:20:00+00:00,2024.0,2025.0,2021.0,2021.0,3.0547,2024,3,4
2024-03-04 13:25:00+00:00,2021.0,2023.0,2020.0,2022.0,2.6213,2024,3,4
2024-03-04 13:30:00+00:00,2022.0,2025.0,2022.0,2024.0,17.1551,2024,3,4
2024-03-04 13:35:00+00:00,2024.0,2024.0,2023.0,2023.0,0.9977,2024,3,4
2024-03-04 13:40:00+00:00,2023.0,2025.0,2023.0,2025.0,2.6962,2024,3,4
2024-03-04 13:45:00+00:00,2024.0,2025.0,2023.0,2025.0,51.2349,2024,3,4
2024-03-04 13:50:00+00:00,2025.0,2026.0,2025.0,2025.0,5.3187,2024,3,4
2024-03-04 13:55:00+00:00,2025.0,2028.0,2020.0,2028.0,76.6943,2024,3,4
2024-03-04 14:00:00+00:00,2028.0,2029.0,2027.0,2027.0,32.4067,2024,3,4
2024-03-04 14:05:00+00:00,2028.0,2029.0,2027.0,2028.0,7.6142,2024,3,4
2024-03-04 14:10:00+00:00,2028.0,2030.0,2028.0,2030.0,6.5588,2024,3,4
2024-03-04 14:15:00+00:00,2030.0,2030.0,2028.0,2028.0,1.7336,2024,3,4
2024-03-04 14:20:00+00:00,2029.0,2037.0,2028.0,2035.0,73.9378,2024,3,4
2024-03-04 14:25:00+00:00,2035.0,2037.0,2035.0,2037.0,27.9999,2024,3,4
2024-03-04 14:30:00+00:00,2037.0,2039.0,2037.0,2038.0,34.5161,2024,3,4
2024-03-04 14:35:00+00:00,2038.0,2039.0,2035.0,2035.0,7.7053,2024,3,4
2024-03-04 14:40:00+00:00,2035.0,2041.0,2033.0,2040.0,138.8091,2024,3,4
2024-03-04 14:45:00+00:00,2040.0,2041.0,2039.0,2041.0,7.2297,2024,3,4
2024-03-04 14:50:00+00:00,2040.0,2045.0,2040.0,2045.0,20.0559,2024,3,4
2024-03-04 14:55:00+00:00,2044.0,2048.0,2044.0,2047.0,42.7369,2024,3,4
2024-03-04 15:00:00+00:00,2047.0,2051.0,2047.0,2050.0,96.5224,2024,3,4
2024-03-04 15:05:00+00:00,2051.0,2053.0,2051.0,2053.0,60.0978,2024,3,4
2024-03-04 15:10:00+00:00,2052.0,2054.0,2050.0,2053.0,21.9883,2024,3,4
2024-03-04 15:15:00+00:00,2053.0,2054.0,2048.0,2050.0,198.6089,2024,3,4
2024-03-04 15:20:00+00:00,2050.0,2053.0,2049.0,2052.0,43.9025,2024,3,4
2024-03-04 15:25:00+00:00,2052.0,2053.0,2050.0,2051.0,4.7256,2024,3,4
2024-03-04 15:30:00+00:00,2051.0,2053.0,2051.0,2051.0,3.5483,2024,3,4
2024-03-04 15:35:00+00:00,2052.0,2053.0,2051.0,2052.0,3.3209,2024,3,4
2024-03-04 15:40:00+00:00,2052.0,2053.0,2051.0,2052.0,9.2675,2024,3,4
2024-03-04 15:45:00+00:00,2052.0,2054.0,2052.0,2053.0,7.1748,2024,3,4
2024-03-04 15:50:00+00:00,2054.0,2057.0,2053.0,2055.0,37.1925,2024,3,4
2024-03-04 15:55:00+00:00,2055.0,2063.0,2055.0,2061.0,73.9173,2024,3,4
2024-03-04 16:00:00+00:00,2062.0,2062.0,2046.0,2059.0,54.3236,2024,3,4
2024-03-04 16:05:00+00:00,2059.0,2060.0,2055.0,2059.0,70.031,2024,3,4
2024-03-04 16:10:00+00:00,2058.0,2065.0,2057.0,2064.0,69.1417,2024,3,4
2024-03-04 16:15:00+00:00,2065.0,2066.0,2062.0,2062.0,46.6687,2024,3,4
2024-03-04 16:20:00+00:00,2062.0,2070.0,2053.0,2058.0,44.4303,2024,3,4
2024-03-04 16:25:00+00:00,2058.0,2061.0,2055.0,2060.0,34.4355,2024,3,4
2024-03-04 16:30:00+00:00,2059.0,2061.0,2058.0,2061.0,19.1551,2024,3,4
2024-03-04 16:35:00+00:00,2061.0,2062.0,2054.0,2061.0,22.3972,2024,3,4
2024-03-04 16:40:00+00:00,2060.0,2062.0,2060.0,2061.0,3.7136,2024,3,4
2024-03-04 16:45:00+00:00,2061.0,2063.0,2060.0,2061.0,18.2336,2024,3,4
2024-03-04 16:50:00+00:00,2061.0,2061.0,2058.0,2058.0,84.7614,2024,3,4
2024-03-04 16:55:00+00:00,2058.0,2060.0,2055.0,2058.0,101.7456,2024,3,4
2024-03-04 17:00:00+00:00,2059.0,2061.0,2058.0,2058.0,7.6791,2024,3,4
2024-03-04 17:05:00+00:00,2059.0,2059.0,2055.0,2055.0,4.6342,2024,3,4
2024-03-04 17:10:00+00:00,2056.0,2057.0,2055.0,2056.0,6.3451,2024,3,4
2024-03-04 17:15:00+00:00,2057.0,2059.0,2056.0,2058.0,2.6073,2024,3,4
2024-03-04 17:20:00+00:00,2058.0,2062.0,2058.0,2061.0,14.8329,2024,3,4
2024-03-04 17:25:00+00:00,2062.0,2064.0,2061.0,2063.0,8.1602,2024,3,4
2024-03-04 17:30:00+00:00,2063.0,2064.0,2061.0,2064.0,12.6824,2024,3,4
2024-03-04 17:35:00+00:00,2062.0,2064.0,2057.0,2058.0,6.2937,2024,3,4
2024-03-04 17:40:00+00:00,2058.0,2059.0,2056.0,2058.0,11.3594,2024,3,4
2024-03-04 17:45:00+00:00,2059.0,2060.0,2048.0,2058.0,111.818,2024,3,4
2024-03-04 17:50:00+00:00,2058.0,2061.0,2056.0,2060.0,6.0605,2024,3,4
2024-03-04 17:55:00+00:00,2060.0,2060.0,2057.0,2058.0,3.3827,2024,3,4
2024-03-04 18:00:00+00:00,2058.0,2059.0,2057.0,2057.0,3.0682,2024,3,4
2024-03-04 18:05:00+00:00,2057.0,2059.0,2056.0,2058.0,2.6527,2024,3,4
2024-03-04 18:10:00+00:00,2059.0,2059.0,2054.0,2059.0,8.9623,2024,3,4
2024-03-04 18:15:00+00:00,2058.0,2060.0,2056.0,2057.0,9.1437,2024,3,4
2024-03-04 18:20:00+00:00,2057.0,2060.0,2057.0,2059.0,5.2575,2024,3,4
2024-03-04 18:25:00+00:00,2059.0,2060.0,2057.0,2058.0,7.1193,2024,3,4
2024-03-04 18:30:00+00:00,2057.0,2060.0,2057.0,2059.0,3.1767,2024,3,4
2024-03-04 18:35:00+00:00,2059.0,2060.0,2056.0,2058.0,9.4521,2024,3,4
2024-03-04 18:40:00+00:00,2058.0,2059.0,2057.0,2057.0,2.7438,2024,3,4
2024-03-04 18:45:00+00:00,2058.0,2059.0,2056.0,2058.0,6.2165,2024,3,4
2024-03-04 18:50:00+00:00,2058.0,2060.0,2055.0,2057.0,5.4832,2024,3,4
2024-03-04 18:55:00+00:00,2058.0,2059.0,2056.0,2058.0,5.1808,2024,3,4
2024-03-04 19:00:00+00:00,2057.0,2058.0,2054.0,2054.0,2.9943,2024,3,4
2024-03-04 19:05:00+00:00,2054.0,2057.0,2054.0,2056.0,2.7165,2024,3,4
2024-03-04 19:10:00+00:00,2056.0,2056.0,2054.0,2055.0,2.698,2024,3,4
2024-03-04 19:15:00+00:00,2055.0,2060.0,2055.0,2059.0,7.4154,2024,3,4
2024-03-04 19:20:00+00:00,2059.0,2059.0,2057.0,2058.0,0.4718,2024,3,4
2024-03-04 19:25:00+00:00,2057.0,2058.0,2056.0,2057.0,4.6848,2024,3,4
2024-03-04 19:30:00+00:00,2056.0,2057.0,2056.0,2057.0,4.0107,2024,3,4
2024-03-04 19:35:00+00:00,2056.0,2058.0,2056.0,2057.0,2.4451,2024,3,4
2024-03-04 19:40:00+00:00,2057.0,2060.0,2057.0,2057.0,6.0585,2024,3,4
2024-03-04 19:45:00+00:00,2057.0,2058.0,2057.0,2058.0,1.2044,2024,3,4
2024-03-04 19:50:00+00:00,2057.0,2058.0,2057.0,2057.0,0.9801,2024,3,4
2024-03-04 19:55:00+00:00,2058.0,2059.0,2057.0,2059.0,1.4786,2024,3,4
2024-03-04 20:00:00+00:00,2059.0,2059.0,2057.0,2057.0,9.3777,2024,3,4
2024-03-04 20:05:00+00:00,2058.0,2059.0,2055.0,2056.0,7.7502,2024,3,4
2024-03-04 20:10:00+00:00,2056.0,2057.0,2052.0,2054.0,36.6655,2024,3,4
2024-03-04 20:15:00+00:00,2054.0,2056.0,2054.0,2055.0,21.2338,2024,3,4
2024-03-04 20:20:00+00:00,2056.0,2057.0,2055.0,2057.0,3.7783,2024,3,4
2024-03-04 20:25:00+00:00,2057.0,2059.0,2057.0,2058.0,2.454,2024,3,4
2024-03-04 20:30:00+00:00,2058.0,2059.0,2058.0,2059.0,8.4377,2024,3,4
2024-03-04 20:35:00+00:00,2058.0,2059.0,2058.0,2058.0,2.4116,2024,3,4
2024-03-04 20:40:00+00:00,2059.0,2059.0,2058.0,2058.0,9.4501,2024,3,4
2024-03-04 20:45:00+00:00,2058.0,2059.0,2057.0,2057.0,2.6762,2024,3,4
2024-03-04 20:50:00+00:00,2057.0,2057.0,2056.0,2057.0,4.6923,2024,3,4
2024-03-04 20:55:00+00:00,2058.0,2058.0,2056.0,2056.0,3.4661,2024,3,4
2024-03-04 21:00:00+00:00,2057.0,2057.0,2056.0,2056.0,3.3829,2024,3,4
2024-03-04 21:05:00+00:00,2056.0,2058.0,2055.0,2056.0,15.4745,2024,3,4
2024-03-04 21:10:00+00:00,2057.0,2058.0,2056.0,2057.0,5.2883,2024,3,4
2024-03-04 21:15:00+00:00,2056.0,2057.0,2056.0,2057.0,1.7595,2024,3,4
2024-03-04 21:20:00+00:00,2058.0,2058.0,2056.0,2057.0,2.653,2024,3,4
2024-03-04 21:25:00+00:00,2056.0,2058.0,2056.0,2057.0,3.6054,2024,3,4
2024-03-04 21:30:00+00:00,2057.0,2058.0,2057.0,2058.0,0.5161,2024,3,4
2024-03-04 21:35:00+00:00,2058.0,2058.0,2056.0,2057.0,32.2536,2024,3,4
2024-03-04 21:40:00+00:00,2057.0,2058.0,2055.0,2055.0,7.9494,2024,3,4
2024-03-04 21:45:00+00:00,2056.0,2063.0,2056.0,2063.0,42.4289,2024,3,4
2024-03-04 21:50:00+00:00,2063.0,2063.0,2062.0,2063.0,1.0161,2024,3,4
2024-03-04 21:55:00+00:00,2062.0,2064.0,2062.0,2063.0,2.8798,2024,3,4
2024-03-04 22:00:00+00:00,2063.0,2063.0,2060.0,2060.0,4.0017,2024,3,4
2024-03-04 22:05:00+00:00,2059.0,2064.0,2059.0,2064.0,17.995,2024,3,4
2024-03-04 22:10:00+00:00,2064.0,2065.0,2064.0,2064.0,3.7739,2024,3,4
2024-03-04 22:15:00+00:00,2064.0,2065.0,2064.0,2064.0,22.1849,2024,3,4
2024-03-04 22:20:00+00:00,2065.0,2065.0,2064.0,2064.0,1.5402,2024,3,4
2024-03-04 22:25:00+00:00,2064.0,2065.0,2064.0,2064.0,1.6115,2024,3,4
2024-03-04 22:30:00+00:00,2064.0,2065.0,2064.0,2064.0,1.0365,2024,3,4
2024-03-04 22:35:00+00:00,2064.0,2065.0,2064.0,2065.0,0.5009,2024,3,4
2024-03-04 22:40:00+00:00,2064.0,2065.0,2064.0,2064.0,1.2395,2024,3,4
2024-03-04 22:45:00+00:00,2064.0,2065.0,2064.0,2064.0,59.6101,2024,3,4
2024-03-04 22:50:00+00:00,2064.0,2068.0,2064.0,2067.0,18.7728,2024,3,4
2024-03-04 22:55:00+00:00,2068.0,2072.0,2064.0,2069.0,24.176,2024,3,4
2024-03-04 23:00:00+00:00,2069.0,2075.0,2068.0,2074.0,27.2414,2024,3,4
2024-03-04 23:05:00+00:00,2073.0,2076.0,2072.0,2072.0,3.1002,2024,3,4
2024-03-04 23:10:00+00:00,2073.0,2075.0,2072.0,2074.0,2.8233,2024,3,4
2024-03-04 23:15:00+00:00,2074.0,2074.0,2066.0,2069.0,7.037,2024,3,4
2024-03-04 23:20:00+00:00,2069.0,2071.0,2064.0,2066.0,15.3277,2024,3,4
2024-03-04 23:25:00+00:00,2066.0,2069.0,2065.0,2067.0,2.1027,2024,3,4
2024-03-04 23:30:00+00:00,2067.0,2071.0,2064.0,2070.0,3.1128,2024,3,4
2024-03-04 23:35:00+00:00,2071.0,2071.0,2067.0,2068.0,3.6657,2024,3,4
2024-03-04 23:40:00+00:00,2067.0,2067.0,2066.0,2066.0,1.0086,2024,3,4
2024-03-04 23:45:00+00:00,2066.0,2067.0,2066.0,2067.0,0.2058,2024,3,4
2024-03-04 23:50:00+00:00,2066.0,2067.0,2064.0,2065.0,0.9396,2024,3,4
2024-03-04 23:55:00+00:00,2065.0,2066.0,2065.0,2065.0,1.0177,2024,3,4
2024-03-05 00:00:00+00:00,2065.0,2068.0,2065.0,2068.0,2.8109,2024,3,5
2024-03-05 00:05:00+00:00,2068.0,2068.0,2065.0,2067.0,2.8992,2024,3,5
2024-03-05 00:10:00+00:00,2067.0,2068.0,2066.0,2067.0,2.1059,2024,3,5
2024-03-05 00:15:00+00:00,2066.0,2068.0,2064.0,2065.0,4.8114,2024,3,5
2024-03-05 00:20:00+00:00,2066.0,2066.0,2065.0,2065.0,0.656,2024,3,5
2024-03-05 00:25:00+00:00,2066.0,2066.0,2064.0,2065.0,3.9916,2024,3,5
2024-03-05 00:30:00+00:00,2064.0,2071.0,2064.0,2065.0,4.1814,2024,3,5
2024-03-05 00:35:00+00:00,2064.0,2065.0,2064.0,2065.0,4.4697,2024,3,5
2024-03-05 00:40:00+00:00,2065.0,2066.0,2065.0,2066.0,1.2831,2024,3,5
2024-03-05 00:45:00+00:00,2066.0,2067.0,2066.0,2066.0,0.7239,2024,3,5
2024-03-05 00:50:00+00:00,2066.0,2066.0,2063.0,2063.0,1.5985,2024,3,5
2024-03-05 00:55:00+00:00,2064.0,2064.0,2063.0,2064.0,0.2115,2024,3,5
2024-03-05 01:00:00+00:00,2063.0,2069.0,2063.0,2067.0,7.8807,2024,3,5
2024-03-05 01:05:00+00:00,2067.0,2069.0,2067.0,2068.0,4.764,2024,3,5
2024-03-05 01:10:00+00:00,2068.0,2069.0,2068.0,2069.0,0.3466,2024,3,5
2024-03-05 01:15:00+00:00,2069.0,2077.0,2068.0,2071.0,38.1268,2024,3,5
2024-03-05 01:20:00+00:00,2071.0,2072.0,2068.0,2070.0,0.7708,2024,3,5
2024-03-05 01:25:00+00:00,2069.0,2070.0,2061.0,2062.0,35.7272,2024,3,5
2024-03-05 01:30:00+00:00,2062.0,2063.0,2060.0,2063.0,1.5934,2024,3,5
2024-03-05 01:35:00+00:00,2063.0,2063.0,2058.0,2061.0,3.3143,2024,3,5
2024-03-05 01:40:00+00:00,2061.0,2063.0,2060.0,2061.0,1.6569,2024,3,5
2024-03-05 01:45:00+00:00,2061.0,2061.0,2060.0,2061.0,0.93,2024,3,5
2024-03-05 01:50:00+00:00,2060.0,2066.0,2060.0,2064.0,8.2467,2024,3,5
2024-03-05 01:55:00+00:00,2065.0,2066.0,2064.0,2065.0,0.4955,2024,3,5
2024-03-05 02:00:00+00:00,2065.0,2065.0,2057.0,2060.0,6.4162,2024,3,5
2024-03-05 02:05:00+00:00,2059.0,2061.0,2059.0,2059.0,1.5799,2024,3,5
2024-03-05 02:10:00+00:00,2060.0,2060.0,2059.0,2060.0,1.4241,2024,3,5
2024-03-05 02:15:00+00:00,2059.0,2060.0,2058.0,2059.0,2.9172,2024,3,5
2024-03-05 02:20:00+00:00,2060.0,2061.0,2060.0,2061.0,3.3432,2024,3,5
2024-03-05 02:25:00+00:00,2062.0,2062.0,2059.0,2060.0,3.2583,2024,3,5
2024-03-05 02:30:00+00:00,2061.0,2065.0,2061.0,2061.0,3.1233,2024,3,5
2024-03-05 02:35:00+00:00,2061.0,2062.0,2060.0,2062.0,1.9822,2024,3,5
2024-03-05 02:40:00+00:00,2060.0,2062.0,2060.0,2061.0,0.3604,2024,3,5
2024-03-05 02:45:00+00:00,2061.0,2064.0,2061.0,2063.0,1.2621,2024,3,5
2024-03-05 02:50:00+00:00,2063.0,2063.0,2063.0,2063.0,0.0316,2024,3,5
2024-03-05 02:55:00+00:00,2063.0,2063.0,2061.0,2061.0,1.0967,2024,3,5
2024-03-05 03:00:00+00:00,2061.0,2061.0,2059.0,2060.0,0.425,2024,3,5
2024-03-05 03:05:00+00:00,2060.0,2060.0,2058.0,2060.0,1.6751,2024,3,5
2024-03-05 03:10:00+00:00,2060.0,2060.0,2058.0,2058.0,0.8725,2024,3,5
2024-03-05 03:15:00+00:00,2059.0,2060.0,2058.0,2059.0,0.4325,2024,3,5
2024-03-05 03:20:00+00:00,2060.0,2063.0,2059.0,2062.0,2.2458,2024,3,5
2024-03-05 03:25:00+00:00,2063.0,2067.0,2063.0,2064.0,5.6735,2024,3,5
2024-03-05 03:30:00+00:00,2065.0,2068.0,2064.0,2066.0,1.9951,2024,3,5
2024-03-05 03:35:00+00:00,2067.0,2069.0,2066.0,2068.0,2.5467,2024,3,5
2024-03-05 03:40:00+00:00,2068.0,2073.0,2067.0,2072.0,10.2595,2024,3,5
2024-03-05 03:45:00+00:00,2071.0,2072.0,2071.0,2071.0,0.2326,2024,3,5
2024-03-05 03:50:00+00:00,2072.0,2073.0,2071.0,2072.0,0.4611,2024,3,5
2024-03-05 03:55:00+00:00,2072.0,2075.0,2070.0,2073.0,13.0589,2024,3,5
2024-03-05 04:00:00+00:00,2073.0,2077.0,2068.0,2075.0,19.0732,2024,3,5
2024-03-05 04:05:00+00:00,2075.0,2076.0,2073.0,2074.0,4.0202,2024,3,5
2024-03-05 04:10:00+00:00,2075.0,2075.0,2067.0,2071.0,11.7497,2024,3,5
2024-03-05 04:15:00+00:00,2071.0,2071.0,2064.0,2065.0,3.882,2024,3,5
2024-03-05 04:20:00+00:00,2066.0,2077.0,2066.0,2071.0,10.3055,2024,3,5
2024-03-05 04:25:00+00:00,2071.0,2074.0,2068.0,2070.0,3.8262,2024,3,5
2024-03-05 04:30:00+00:00,2070.0,2073.0,2070.0,2072.0,1.1563,2024,3,5
2024-03-05 04:35:00+00:00,2071.0,2074.0,2071.0,2074.0,1.3078,2024,3,5
2024-03-05 04:40:00+00:00,2074.0,2074.0,2071.0,2071.0,1.906,2024,3,5
2024-03-05 04:45:00+00:00,2070.0,2070.0,2065.0,2068.0,5.1227,2024,3,5
2024-03-05 04:50:00+00:00,2067.0,2072.0,2063.0,2071.0,17.8301,2024,3,5
2024-03-05 04:55:00+00:00,2071.0,2073.0,2071.0,2072.0,1.9872,2024,3,5
2024-03-05 05:00:00+00:00,2073.0,2073.0,2062.0,2067.0,19.3686,2024,3,5
2024-03-05 05:05:00+00:00,2067.0,2068.0,2061.0,2065.0,25.7075,2024,3,5
2024-03-05 05:10:00+00:00,2066.0,2072.0,2061.0,2066.0,28.2013,2024,3,5
2024-03-05 05:15:00+00:00,2066.0,2074.0,2065.0,2066.0,7.6516,2024,3,5
2024-03-05 05:20:00+00:00,2067.0,2068.0,2064.0,2068.0,6.1398,2024,3,5
2024-03-05 05:25:00+00:00,2067.0,2067.0,2063.0,2064.0,10.703,2024,3,5
2024-03-05 05:30:00+00:00,2065.0,2068.0,2064.0,2068.0,2.7711,2024,3,5
2024-03-05 05:35:00+00:00,2068.0,2068.0,2061.0,2064.0,109.2547,2024,3,5
2024-03-05 05:40:00+00:00,2063.0,2067.0,2061.0,2062.0,126.105,2024,3,5
2024-03-05 05:45:00+00:00,2062.0,2069.0,2061.0,2064.0,125.1918,2024,3,5
2024-03-05 05:50:00+00:00,2061.0,2065.0,2061.0,2062.0,105.5963,2024,3,5
2024-03-05 05:55:00+00:00,2062.0,2063.0,2061.0,2063.0,97.3874,2024,3,5
2024-03-05 06:00:00+00:00,2063.0,2063.0,2061.0,2062.0,6.0377,2024,3,5
2024-03-05 06:05:00+00:00,2061.0,2063.0,2061.0,2063.0,74.813,2024,3,5
2024-03-05 06:10:00+00:00,2062.0,2065.0,2062.0,2064.0,1.9656,2024,3,5
2024-03-05 06:15:00+00:00,2065.0,2065.0,2064.0,2065.0,0.8756,2024,3,5
2024-03-05 06:20:00+00:00,2065.0,2065.0,2064.0,2065.0,5.8303,2024,3,5
2024-03-05 06:25:00+00:00,2065.0,2067.0,2065.0,2065.0,2.1394,2024,3,5
2024-03-05 06:30:00+00:00,2066.0,2066.0,2064.0,2065.0,3.7649,2024,3,5
2024-03-05 06:35:00+00:00,2065.0,2067.0,2065.0,2066.0,4.8614,2024,3,5
2024-03-05 06:40:00+00:00,2065.0,2066.0,2064.0,2064.0,0.9683,2024,3,5
2024-03-05 06:45:00+00:00,2065.0,2069.0,2062.0,2064.0,18.3306,2024,3,5
2024-03-05 06:50:00+00:00,2063.0,2064.0,2062.0,2064.0,1.4982,2024,3,5
2024-03-05 06:55:00+00:00,2065.0,2065.0,2063.0,2064.0,2.0217,2024,3,5
2024-03-05 07:00:00+00:00,2065.0,2066.0,2064.0,2064.0,1.9094,2024,3,5
2024-03-05 07:05:00+00:00,2064.0,2065.0,2062.0,2064.0,3.6913,2024,3,5
2024-03-05 07:10:00+00:00,2064.0,2066.0,2063.0,2066.0,2.0013,2024,3,5
2024-03-05 07:15:00+00:00,2066.0,2068.0,2059.0,2062.0,33.4131,2024,3,5
2024-03-05 07:20:00+00:00,2062.0,2064.0,2061.0,2063.0,2.829,2024,3,5
2024-03-05 07:25:00+00:00,2063.0,2065.0,2063.0,2064.0,3.1962,2024,3,5
2024-03-05 07:30:00+00:00,2064.0,2064.0,2059.0,2062.0,8.6416,2024,3,5
2024-03-05 07:35:00+00:00,2063.0,2069.0,2060.0,2064.0,17.2383,2024,3,5
2024-03-05 07:40:00+00:00,2065.0,2071.0,2062.0,2064.0,25.3704,2024,3,5
2024-03-05 07:45:00+00:00,2064.0,2070.0,2063.0,2066.0,4.4275,2024,3,5
2024-03-05 07:50:00+00:00,2065.0,2069.0,2065.0,2069.0,4.2301,2024,3,5
2024-03-05 07:55:00+00:00,2068.0,2068.0,2065.0,2066.0,4.5168,2024,3,5
2024-03-05 08:00:00+00:00,2065.0,2066.0,2064.0,2064.0,1.865,2024,3,5
2024-03-05 08:05:00+00:00,2064.0,2064.0,2062.0,2063.0,11.719,2024,3,5
2024-03-05 08:10:00+00:00,2062.0,2071.0,2062.0,2069.0,40.6022,2024,3,5
2024-03-05 08:15:00+00:00,2069.0,2070.0,2068.0,2069.0,7.3198,2024,3,5
2024-03-05 08:20:00+00:00,2069.0,2070.0,2068.0,2069.0,6.6721,2024,3,5
2024-03-05 08:25:00+00:00,2070.0,2071.0,2069.0,2071.0,10.2287,2024,3,5
2024-03-05 08:30:00+00:00,2071.0,2071.0,2066.0,2070.0,18.7187,2024,3,5
2024-03-05 08:35:00+00:00,2069.0,2073.0,2066.0,2071.0,17.09,2024,3,5
2024-03-05 08:40:00+00:00,2071.0,2074.0,2071.0,2073.0,5.0432,2024,3,5
2024-03-05 08:45:00+00:00,2074.0,2078.0,2074.0,2078.0,62.3935,2024,3,5
2024-03-05 08:50:00+00:00,2078.0,2079.0,2078.0,2079.0,11.194,2024,3,5
2024-03-05 08:55:00+00:00,2079.0,2079.0,2078.0,2078.0,2.7816,2024,3,5
2024-03-05 09:00:00+00:00,2079.0,2083.0,2078.0,2080.0,129.9894,2024,3,5
2024-03-05 09:05:00+00:00,2080.0,2081.0,2077.0,2078.0,10.4009,2024,3,5
2024-03-05 09:10:00+00:00,2078.0,2082.0,2077.0,2082.0,8.7922,2024,3,5
2024-03-05 09:15:00+00:00,2081.0,2082.0,2079.0,2081.0,2.8385,2024,3,5
2024-03-05 09:20:00+00:00,2082.0,2083.0,2081.0,2081.0,2.9679,2024,3,5
2024-03-05 09:25:00+00:00,2081.0,2083.0,2081.0,2083.0,6.1235,2024,3,5
2024-03-05 09:30:00+00:00,2082.0,2083.0,2082.0,2082.0,4.0035,2024,3,5
2024-03-05 09:35:00+00:00,2082.0,2083.0,2080.0,2081.0,7.0784,2024,3,5
2024-03-05 09:40:00+00:00,2081.0,2083.0,2081.0,2082.0,0.404,2024,3,5
2024-03-05 09:45:00+00:00,2083.0,2083.0,2082.0,2082.0,0.6399,2024,3,5
2024-03-05 09:50:00+00:00,2082.0,2082.0,2078.0,2081.0,9.6348,2024,3,5
2024-03-05 09:55:00+00:00,2080.0,2083.0,2080.0,2083.0,1.5846,2024,3,5
2024-03-05 10:00:00+00:00,2082.0,2085.0,2082.0,2085.0,4.7765,2024,3,5
2024-03-05 10:05:00+00:00,2085.0,2089.0,2085.0,2086.0,35.0759,2024,3,5
2024-03-05 10:10:00+00:00,2086.0,2089.0,2085.0,2087.0,7.2924,2024,3,5
2024-03-05 10:15:00+00:00,2086.0,2087.0,2086.0,2086.0,2.189,2024,3,5
2024-03-05 10:20:00+00:00,2086.0,2086.0,2085.0,2086.0,1.479,2024,3,5
2024-03-05 10:25:00+00:00,2085.0,2087.0,2085.0,2086.0,5.7254,2024,3,5
2024-03-05 10:30:00+00:00,2086.0,2095.0,2086.0,2092.0,260.9112,2024,3,5
2024-03-05 10:35:00+00:00,2092.0,2092.0,2090.0,2091.0,10.6758,2024,3,5
2024-03-05 10:40:00+00:00,2092.0,2093.0,2091.0,2091.0,5.5459,2024,3,5
2024-03-05 10:45:00+00:00,2090.0,2091.0,2085.0,2087.0,4.3108,2024,3,5
2024-03-05 10:50:00+00:00,2087.0,2096.0,2086.0,2090.0,33.333,2024,3,5
2024-03-05 10:55:00+00:00,2090.0,2098.0,2090.0,2095.0,38.3393,2024,3,5
2024-03-05 11:00:00+00:00,2095.0,2098.0,2085.0,2085.0,20.1532,2024,3,5
2024-03-05 11:05:00+00:00,2085.0,2086.0,2083.0,2086.0,10.2907,2024,3,5
2024-03-05 11:10:00+00:00,2086.0,2086.0,2083.0,2083.0,5.3266,2024,3,5
2024-03-05 11:15:00+00:00,2084.0,2086.0,2083.0,2085.0,2.1714,2024,3,5
2024-03-05 11:20:00+00:00,2085.0,2086.0,2085.0,2085.0,1.4438,2024,3,5
2024-03-05 11:25:00+00:00,2086.0,2087.0,2085.0,2087.0,3.6496,2024,3,5
2024-03-05 11:30:00+00:00,2087.0,2089.0,2085.0,2087.0,4.2745,2024,3,5
2024-03-05 11:35:00+00:00,2087.0,2094.0,2085.0,2086.0,10.4012,2024,3,5
2024-03-05 11:40:00+00:00,2087.0,2091.0,2087.0,2089.0,4.7384,2024,3,5
2024-03-05 11:45:00+00:00,2090.0,2091.0,2085.0,2089.0,11.4503,2024,3,5
2024-03-05 11:50:00+00:00,2089.0,2093.0,2078.0,2088.0,42.3631,2024,3,5
2024-03-05 11:55:00+00:00,2089.0,2092.0,2089.0,2091.0,5.1159,2024,3,5
2024-03-05 12:00:00+00:00,2091.0,2093.0,2090.0,2092.0,3.6007,2024,3,5
2024-03-05 12:05:00+00:00,2092.0,2093.0,2090.0,2092.0,6.1583,2024,3,5
2024-03-05 12:10:00+00:00,2091.0,2092.0,2091.0,2092.0,2.6746,2024,3,5
2024-03-05 12:15:00+00:00,2091.0,2094.0,2088.0,2089.0,6.1907,2024,3,5
2024-03-05 12:20:00+00:00,2088.0,2088.0,2083.0,2084.0,4.0093,2024,3,5
2024-03-05 12:25:00+00:00,2084.0,2089.0,2081.0,2082.0,11.7604,2024,3,5
2024-03-05 12:30:00+00:00,2082.0,2082.0,2080.0,2080.0,2.1495,2024,3,5
2024-03-05 12:35:00+00:00,2080.0,2081.0,2080.0,2080.0,2.555,2024,3,5
2024-03-05 12:40:00+00:00,2081.0,2082.0,2071.0,2073.0,24.3833,2024,3,5
2024-03-05 12:45:00+00:00,2073.0,2075.0,2067.0,2070.0,28.6021,2024,3,5
2024-03-05 12:50:00+00:00,2070.0,2073.0,2068.0,2073.0,6.6731,2024,3,5
2024-03-05 12:55:00+00:00,2073.0,2074.0,2071.0,2074.0,4.7965,2024,3,5
2024-03-05 13:00:00+00:00,2074.0,2075.0,2072.0,2075.0,16.4305,2024,3,5
2024-03-05 13:05:00+00:00,2075.0,2075.0,2073.0,2075.0,11.6418,2024,3,5
2024-03-05 13:10:00+00:00,2076.0,2077.0,2074.0,2077.0,6.8144,2024,3,5
2024-03-05 13:15:00+00:00,2076.0,2080.0,2076.0,2077.0,13.0561,2024,3,5
2024-03-05 13:20:00+00:00,2078.0,2080.0,2077.0,2078.0,15.1542,2024,3,5
2024-03-05 13:25:00+00:00,2077.0,2077.0,2071.0,2071.0,56.7966,2024,3,5
2024-03-05 13:30:00+00:00,2071.0,2072.0,2064.0,2068.0,45.1718,2024,3,5
2024-03-05 13:35:00+00:00,2069.0,2079.0,2068.0,2075.0,13.9269,2024,3,5
2024-03-05 13:40:00+00:00,2075.0,2076.0,2073.0,2075.0,6.7906,2024,3,5
2024-03-05 13:45:00+00:00,2075.0,2077.0,2073.0,2074.0,9.7621,2024,3,5
2024-03-05 13:50:00+00:00,2074.0,2074.0,2068.0,2071.0,19.3032,2024,3,5
2024-03-05 13:55:00+00:00,2070.0,2075.0,2068.0,2075.0,9.8898,2024,3,5
2024-03-05 14:00:00+00:00,2074.0,2074.0,2061.0,2067.0,39.0892,2024,3,5
2024-03-05 14:05:00+00:00,2068.0,2070.0,2066.0,2069.0,3.862,2024,3,5
2024-03-05 14:10:00+00:00,2067.0,2071.0,2061.0,2065.0,53.2906,2024,3,5
2024-03-05 14:15:00+00:00,2065.0,2071.0,2064.0,2070.0,19.2565,2024,3,5
2024-03-05 14:20:00+00:00,2069.0,2069.0,2059.0,2061.0,75.9565,2024,3,5
2024-03-05 14:25:00+00:00,2059.0,2065.0,2057.0,2065.0,5.5576,2024,3,5
2024-03-05 14:30:00+00:00,2065.0,2067.0,2062.0,2064.0,46.1858,2024,3,5
2024-03-05 14:35:00+00:00,2063.0,2069.0,2059.0,2069.0,53.7159,2024,3,5
2024-03-05 14:40:00+00:00,2069.0,2076.0,2069.0,2072.0,17.6048,2024,3,5
2024-03-05 14:45:00+00:00,2071.0,2076.0,2071.0,2075.0,10.1629,2024,3,5
2024-03-05 14:50:00+00:00,2075.0,2077.0,2075.0,2077.0,4.2055,2024,3,5
2024-03-05 14:55:00+00:00,2077.0,2078.0,2075.0,2077.0,6.155,2024,3,5
2024-03-05 15:00:00+00:00,2077.0,2083.0,2077.0,2081.0,4.6408,2024,3,5
2024-03-05 15:05:00+00:00,2081.0,2081.0,2062.0,2077.0,26.9267,2024,3,5
2024-03-05 15:10:00+00:00,2077.0,2081.0,2071.0,2080.0,9.2754,2024,3,5
2024-03-05 15:15:00+00:00,2079.0,2084.0,2079.0,2081.0,10.8938,2024,3,5
2024-03-05 15:20:00+00:00,2081.0,2081.0,2067.0,2067.0,28.1148,2024,3,5
2024-03-05 15:25:00+00:00,2068.0,2072.0,2066.0,2069.0,81.2544,2024,3,5
2024-03-05 15:30:00+00:00,2069.0,2071.0,2066.0,2071.0,11.722,2024,3,5
2024-03-05 15:35:00+00:00,2071.0,2073.0,2071.0,2073.0,5.9824,2024,3,5
2024-03-05 15:40:00+00:00,2073.0,2080.0,2070.0,2075.0,21.6706,2024,3,5
2024-03-05 15:45:00+00:00,2075.0,2080.0,2075.0,2076.0,15.936,2024,3,5
2024-03-05 15:50:00+00:00,2076.0,2079.0,2074.0,2078.0,20.5073,2024,3,5
2024-03-05 15:55:00+00:00,2078.0,2079.0,2078.0,2078.0,0.9716,2024,3,5
2024-03-05 16:00:00+00:00,2079.0,2081.0,2076.0,2077.0,16.7574,2024,3,5
2024-03-05 16:05:00+00:00,2078.0,2081.0,2066.0,2078.0,85.0579,2024,3,5
2024-03-05 16:10:00+00:00,2078.0,2079.0,2070.0,2076.0,35.9124,2024,3,5
2024-03-05 16:15:00+00:00,2076.0,2079.0,2075.0,2075.0,28.963,2024,3,5
2024-03-05 16:20:00+00:00,2076.0,2081.0,2074.0,2079.0,34.2138,2024,3,5
2024-03-05 16:25:00+00:00,2079.0,2085.0,2079.0,2080.0,23.1144,2024,3,5
2024-03-05 16:30:00+00:00,2081.0,2081.0,2077.0,2078.0,14.0361,2024,3,5
2024-03-05 16:35:00+00:00,2078.0,2078.0,2074.0,2075.0,8.2077,2024,3,5
2024-03-05 16:40:00+00:00,2076.0,2077.0,2075.0,2075.0,3.102,2024,3,5
2024-03-05 16:45:00+00:00,2076.0,2083.0,2074.0,2075.0,32.8178,2024,3,5
2024-03-05 16:50:00+00:00,2076.0,2081.0,2075.0,2079.0,13.1497,2024,3,5
2024-03-05 16:55:00+00:00,2078.0,2083.0,2078.0,2079.0,6.5847,2024,3,5
2024-03-05 17:00:00+00:00,2079.0,2081.0,2074.0,2074.0,84.8235,2024,3,5
2024-03-05 17:05:00+00:00,2075.0,2079.0,2073.0,2077.0,32.1228,2024,3,5
2024-03-05 17:10:00+00:00,2077.0,2083.0,2074.0,2081.0,79.201,2024,3,5
2024-03-05 17:15:00+00:00,2080.0,2085.0,2080.0,2085.0,38.2376,2024,3,5
2024-03-05 17:20:00+00:00,2085.0,2091.0,2084.0,2090.0,64.5074,2024,3,5
2024-03-05 17:25:00+00:00,2089.0,2090.0,2083.0,2084.0,6.4724,2024,3,5
2024-03-05 17:30:00+00:00,2084.0,2091.0,2084.0,2090.0,10.8879,2024,3,5
2024-03-05 17:35:00+00:00,2090.0,2091.0,2086.0,2088.0,18.5229,2024,3,5
2024-03-05 17:40:00+00:00,2088.0,2088.0,2085.0,2087.0,9.7945,2024,3,5
2024-03-05 17:45:00+00:00,2087.0,2091.0,2086.0,2090.0,8.9611,2024,3,5
2024-03-05 17:50:00+00:00,2090.0,2093.0,2084.0,2091.0,50.8852,2024,3,5
2024-03-05 17:55:00+00:00,2091.0,2093.0,2090.0,2093.0,9.6671,2024,3,5
2024-03-05 18:00:00+00:00,2092.0,2093.0,2088.0,2090.0,8.9175,2024,3,5
2024-03-05 18:05:00+00:00,2090.0,2092.0,2086.0,2087.0,10.2983,2024,3,5
2024-03-05 18:10:00+00:00,2087.0,2088.0,2081.0,2085.0,37.8104,2024,3,5
2024-03-05 18:15:00+00:00,2086.0,2087.0,2082.0,2083.0,4.0403,2024,3,5
2024-03-05 18:20:00+00:00,2083.0,2084.0,2075.0,2080.0,60.7236,2024,3,5
2024-03-05 18:25:00+00:00,2080.0,2084.0,2079.0,2084.0,2.9054,2024,3,5
2024-03-05 18:30:00+00:00,2083.0,2084.0,2080.0,2081.0,3.3471,2024,3,5
2024-03-05 18:35:00+00:00,2082.0,2084.0,2081.0,2081.0,2.5248,2024,3,5
2024-03-05 18:40:00+00:00,2082.0,2086.0,2082.0,2085.0,7.6741,2024,3,5
2024-03-05 18:45:00+00:00,2086.0,2087.0,2077.0,2081.0,28.1185,2024,3,5
2024-03-05 18:50:00+00:00,2082.0,2088.0,2078.0,2084.0,14.4642,2024,3,5
2024-03-05 18:55:00+00:00,2085.0,2089.0,2085.0,2088.0,8.8398,2024,3,5
2024-03-05 19:00:00+00:00,2088.0,2089.0,2086.0,2087.0,4.8082,2024,3,5
2024-03-05 19:05:00+00:00,2087.0,2093.0,2085.0,2086.0,88.0311,2024,3,5
2024-03-05 19:10:00+00:00,2086.0,2090.0,2081.0,2090.0,30.3708,2024,3,5
2024-03-05 19:15:00+00:00,2090.0,2092.0,2078.0,2080.0,38.968,2024,3,5
2024-03-05 19:20:00+00:00,2079.0,2082.0,2078.0,2081.0,62.8778,2024,3,5
2024-03-05 19:25:00+00:00,2082.0,2095.0,2080.0,2090.0,23.0772,2024,3,5
2024-03-05 19:30:00+00:00,2091.0,2095.0,2086.0,2089.0,30.7387,2024,3,5
2024-03-05 19:35:00+00:00,2089.0,2091.0,2076.0,2078.0,78.5383,2024,3,5
2024-03-05 19:40:00+00:00,2077.0,2085.0,2077.0,2084.0,15.0145,2024,3,5
2024-03-05 19:45:00+00:00,2083.0,2084.0,2078.0,2080.0,18.8196,2024,3,5
2024-03-05 19:50:00+00:00,2079.0,2080.0,2076.0,2078.0,11.6092,2024,3,5
2024-03-05 19:55:00+00:00,2078.0,2083.0,2069.0,2078.0,99.8986,2024,3,5
2024-03-05 20:00:00+00:00,2078.0,2084.0,2077.0,2079.0,24.617,2024,3,5
2024-03-05 20:05:00+00:00,2079.0,2086.0,2077.0,2078.0,19.3565,2024,3,5
2024-03-05 20:10:00+00:00,2078.0,2088.0,2076.0,2077.0,32.7203,2024,3,5
2024-03-05 20:15:00+00:00,2078.0,2080.0,2074.0,2075.0,13.2865,2024,3,5
2024-03-05 20:20:00+00:00,2075.0,2077.0,2074.0,2075.0,18.8115,2024,3,5
2024-03-05 20:25:00+00:00,2075.0,2077.0,2074.0,2076.0,14.4498,2024,3,5
2024-03-05 20:30:00+00:00,2075.0,2077.0,2074.0,2074.0,20.0589,2024,3,5
2024-03-05 20:35:00+00:00,2075.0,2088.0,2073.0,2077.0,39.407,2024,3,5
2024-03-05 20:40:00+00:00,2076.0,2079.0,2070.0,2077.0,24.2279,2024,3,5
2024-03-05 20:45:00+00:00,2078.0,2083.0,2074.0,2079.0,16.5739,2024,3,5
2024-03-05 20:50:00+00:00,2079.0,2084.0,2074.0,2079.0,18.8613,2024,3,5
2024-03-05 20:55:00+00:00,2079.0,2080.0,2074.0,2080.0,17.5513,2024,3,5
2024-03-05 21:00:00+00:00,2079.0,2082.0,2077.0,2080.0,8.9909,2024,3,5
2024-03-05 21:05:00+00:00,2081.0,2087.0,2075.0,2081.0,33.2323,2024,3,5
2024-03-05 21:10:00+00:00,2081.0,2088.0,2075.0,2082.0,35.2181,2024,3,5
2024-03-05 21:15:00+00:00,2082.0,2088.0,2081.0,2084.0,24.4418,2024,3,5
2024-03-05 21:20:00+00:00,2084.0,2090.0,2084.0,2087.0,19.673,2024,3,5
2024-03-05 21:25:00+00:00,2087.0,2093.0,2087.0,2092.0,44.2641,2024,3,5
2024-03-05 21:30:00+00:00,2091.0,2091.0,2085.0,2085.0,13.9423,2024,3,5
2024-03-05 21:35:00+00:00,2085.0,2088.0,2085.0,2087.0,2.6518,2024,3,5
2024-03-05 21:40:00+00:00,2087.0,2090.0,2087.0,2089.0,6.8222,2024,3,5
2024-03-05 21:45:00+00:00,2089.0,2089.0,2085.0,2085.0,5.4415,2024,3,5
2024-03-05 21:50:00+00:00,2086.0,2087.0,2085.0,2086.0,3.7353,2024,3,5
2024-03-05 21:55:00+00:00,2087.0,2091.0,2086.0,2090.0,10.2124,2024,3,5
2024-03-05 22:00:00+00:00,2091.0,2091.0,2087.0,2088.0,4.0713,2024,3,5
2024-03-05 22:05:00+00:00,2088.0,2090.0,2086.0,2089.0,5.7256,2024,3,5
2024-03-05 22:10:00+00:00,2089.0,2090.0,2087.0,2087.0,2.5361,2024,3,5
2024-03-05 22:15:00+00:00,2087.0,2087.0,2084.0,2084.0,3.9928,2024,3,5
2024-03-05 22:20:00+00:00,2085.0,2085.0,2080.0,2080.0,1.1753,2024,3,5
2024-03-05 22:25:00+00:00,2080.0,2087.0,2080.0,2083.0,5.0894,2024,3,5
2024-03-05 22:30:00+00:00,2084.0,2088.0,2084.0,2086.0,12.9911,2024,3,5
2024-03-05 22:35:00+00:00,2086.0,2087.0,2085.0,2085.0,1.6334,2024,3,5
2024-03-05 22:40:00+00:00,2085.0,2086.0,2082.0,2082.0,8.8156,2024,3,5
2024-03-05 22:45:00+00:00,2082.0,2085.0,2082.0,2085.0,1.5078,2024,3,5
2024-03-05 22:50:00+00:00,2085.0,2090.0,2084.0,2089.0,3.6652,2024,3,5
2024-03-05 22:55:00+00:00,2089.0,2089.0,2087.0,2089.0,1.3979,2024,3,5
2024-03-05 23:00:00+00:00,2089.0,2091.0,2089.0,2090.0,1.7026,2024,3,5
2024-03-05 23:05:00+00:00,2090.0,2091.0,2089.0,2090.0,5.1021,2024,3,5
2024-03-05 23:10:00+00:00,2090.0,2091.0,2089.0,2089.0,0.8618,2024,3,5
2024-03-05 23:15:00+00:00,2089.0,2091.0,2089.0,2090.0,0.5711,2024,3,5
2024-03-05 23:20:00+00:00,2090.0,2091.0,2086.0,2087.0,3.6731,2024,3,5
2024-03-05 23:25:00+00:00,2088.0,2089.0,2087.0,2088.0,0.7647,2024,3,5
2024-03-05 23:30:00+00:00,2089.0,2089.0,2088.0,2089.0,0.42,2024,3,5
2024-03-05 23:35:00+00:00,2089.0,2092.0,2088.0,2090.0,11.7348,2024,3,5
2024-03-05 23:40:00+00:00,2091.0,2091.0,2087.0,2089.0,4.8243,2024,3,5
2024-03-05 23:45:00+00:00,2089.0,2092.0,2088.0,2092.0,12.7411,2024,3,5
2024-03-05 23:50:00+00:00,2092.0,2092.0,2090.0,2092.0,2.8345,2024,3,5
2024-03-05 23:55:00+00:00,2091.0,2091.0,2088.0,2089.0,2.2786,2024,3,5
2024-03-06 00:00:00+00:00,2089.0,2092.0,2088.0,2090.0,2.3629,2024,3,6
2024-03-06 00:05:00+00:00,2091.0,2092.0,2090.0,2090.0,1.9972,2024,3,6
2024-03-06 00:10:00+00:00,2091.0,2091.0,2090.0,2091.0,1.7472,2024,3,6
2024-03-06 00:15:00+00:00,2090.0,2092.0,2090.0,2092.0,1.9791,2024,3,6
2024-03-06 00:20:00+00:00,2092.0,2094.0,2091.0,2093.0,13.4289,2024,3,6
2024-03-06 00:25:00+00:00,2093.0,2094.0,2092.0,2093.0,2.0973,2024,3,6
2024-03-06 00:30:00+00:00,2094.0,2095.0,2092.0,2095.0,18.1789,2024,3,6
2024-03-06 00:35:00+00:00,2094.0,2095.0,2093.0,2095.0,17.3661,2024,3,6
2024-03-06 00:40:00+00:00,2095.0,2095.0,2093.0,2094.0,0.6434,2024,3,6
2024-03-06 00:45:00+00:00,2093.0,2093.0,2092.0,2093.0,1.4799,2024,3,6
2024-03-06 00:50:00+00:00,2093.0,2093.0,2092.0,2093.0,1.0368,2024,3,6
2024-03-06 00:55:00+00:00,2093.0,2093.0,2090.0,2090.0,9.7323,2024,3,6
2024-03-06 01:00:00+00:00,2090.0,2093.0,2090.0,2093.0,6.6588,2024,3,6
2024-03-06 01:05:00+00:00,2093.0,2093.0,2091.0,2093.0,3.2742,2024,3,6
2024-03-06 01:10:00+00:00,2092.0,2093.0,2091.0,2091.0,2.4075,2024,3,6
2024-03-06 01:15:00+00:00,2092.0,2093.0,2090.0,2092.0,1.8592,2024,3,6
2024-03-06 01:20:00+00:00,2091.0,2092.0,2090.0,2092.0,1.507,2024,3,6
2024-03-06 01:25:00+00:00,2092.0,2092.0,2089.0,2089.0,4.2963,2024,3,6
2024-03-06 01:30:00+00:00,2089.0,2091.0,2089.0,2089.0,5.5523,2024,3,6
2024-03-06 01:35:00+00:00,2089.0,2091.0,2089.0,2091.0,1.639,2024,3,6
2024-03-06 01:40:00+00:00,2091.0,2091.0,2089.0,2090.0,1.376,2024,3,6
2024-03-06 01:45:00+00:00,2090.0,2093.0,2089.0,2090.0,5.2215,2024,3,6
2024-03-06 01:50:00+00:00,2091.0,2092.0,2089.0,2092.0,2.0207,2024,3,6
2024-03-06 01:55:00+00:00,2092.0,2092.0,2088.0,2090.0,2.8387,2024,3,6
2024-03-06 02:00:00+00:00,2089.0,2090.0,2088.0,2089.0,2.1744,2024,3,6
2024-03-06 02:05:00+00:00,2090.0,2091.0,2089.0,2090.0,1.1551,2024,3,6
2024-03-06 02:10:00+00:00,2091.0,2091.0,2089.0,2091.0,4.5892,2024,3,6
2024-03-06 02:15:00+00:00,2091.0,2091.0,2089.0,2091.0,0.5772,2024,3,6
2024-03-06 02:20:00+00:00,2091.0,2091.0,2089.0,2090.0,0.4427,2024,3,6
2024-03-06 02:25:00+00:00,2089.0,2091.0,2089.0,2091.0,1.1871,2024,3,6
2024-03-06 02:30:00+00:00,2091.0,2091.0,2090.0,2091.0,1.8395,2024,3,6
2024-03-06 02:35:00+00:00,2091.0,2091.0,2088.0,2089.0,2.0774,2024,3,6
2024-03-06 02:40:00+00:00,2089.0,2093.0,2088.0,2092.0,2.3951,2024,3,6
2024-03-06 02:45:00+00:00,2091.0,2092.0,2090.0,2091.0,1.7286,2024,3,6
2024-03-06 02:50:00+00:00,2091.0,2093.0,2087.0,2089.0,13.4148,2024,3,6
2024-03-06 02:55:00+00:00,2089.0,2090.0,2088.0,2088.0,20.6492,2024,3,6
2024-03-06 03:00:00+00:00,2089.0,2094.0,2088.0,2094.0,1.8751,2024,3,6
2024-03-06 03:05:00+00:00,2094.0,2094.0,2092.0,2093.0,0.8328,2024,3,6
2024-03-06 03:10:00+00:00,2093.0,2094.0,2092.0,2093.0,2.1618,2024,3,6
2024-03-06 03:15:00+00:00,2092.0,2094.0,2092.0,2094.0,2.303,2024,3,6
2024-03-06 03:20:00+00:00,2094.0,2095.0,2092.0,2095.0,5.6693,2024,3,6
2024-03-06 03:25:00+00:00,2095.0,2095.0,2094.0,2095.0,1.7721,2024,3,6
2024-03-06 03:30:00+00:00,2095.0,2095.0,2094.0,2095.0,0.7125,2024,3,6
2024-03-06 03:35:00+00:00,2095.0,2095.0,2094.0,2095.0,1.2997,2024,3,6
2024-03-06 03:40:00+00:00,2095.0,2095.0,2092.0,2093.0,0.6786,2024,3,6
2024-03-06 03:45:00+00:00,2093.0,2093.0,2091.0,2092.0,0.4651,2024,3,6
2024-03-06 03:50:00+00:00,2092.0,2092.0,2091.0,2092.0,0.3376,2024,3,6
2024-03-06 03:55:00+00:00,2092.0,2092.0,2089.0,2091.0,4.9745,2024,3,6
2024-03-06 04:00:00+00:00,2091.0,2092.0,2090.0,2091.0,4.1057,2024,3,6
2024-03-06 04:05:00+00:00,2092.0,2092.0,2090.0,2091.0,1.4954,2024,3,6
2024-03-06 04:10:00+00:00,2090.0,2092.0,2089.0,2092.0,2.1784,2024,3,6
2024-03-06 04:15:00+00:00,2091.0,2092.0,2091.0,2092.0,0.4975,2024,3,6
2024-03-06 04:20:00+00:00,2092.0,2093.0,2091.0,2092.0,0.6704,2024,3,6
2024-03-06 04:25:00+00:00,2092.0,2093.0,2091.0,2091.0,2.6474,2024,3,6
2024-03-06 04:30:00+00:00,2090.0,2091.0,2090.0,2090.0,9.9743,2024,3,6
2024-03-06 04:35:00+00:00,2090.0,2095.0,2090.0,2093.0,11.3811,2024,3,6
2024-03-06 04:40:00+00:00,2094.0,2094.0,2090.0,2092.0,11.1758,2024,3,6
2024-03-06 04:45:00+00:00,2091.0,2094.0,2091.0,2093.0,9.5458,2024,3,6
2024-03-06 04:50:00+00:00,2093.0,2096.0,2091.0,2095.0,22.4511,2024,3,6
2024-03-06 04:55:00+00:00,2095.0,2098.0,2092.0,2094.0,29.4983,2024,3,6
2024-03-06 05:00:00+00:00,2094.0,2097.0,2094.0,2096.0,3.3233,2024,3,6
2024-03-06 05:05:00+00:00,2095.0,2098.0,2095.0,2098.0,3.9944,2024,3,6
2024-03-06 05:10:00+00:00,2098.0,2100.0,2097.0,2100.0,55.2951,2024,3,6
2024-03-06 05:15:00+00:00,2100.0,2100.0,2099.0,2100.0,2.4794,2024,3,6
2024-03-06 05:20:00+00:00,2099.0,2100.0,2099.0,2099.0,7.5449,2024,3,6
2024-03-06 05:25:00+00:00,2099.0,2100.0,2098.0,2100.0,25.9901,2024,3,6
2024-03-06 05:30:00+00:00,2099.0,2100.0,2098.0,2098.0,20.0481,2024,3,6
2024-03-06 05:35:00+00:00,2098.0,2099.0,2096.0,2096.0,10.7267,2024,3,6
2024-03-06 05:40:00+00:00,2097.0,2098.0,2096.0,2098.0,3.0899,2024,3,6
2024-03-06 05:45:00+00:00,2097.0,2098.0,2096.0,2096.0,3.3915,2024,3,6
2024-03-06 05:50:00+00:00,2097.0,2097.0,2094.0,2095.0,7.1742,2024,3,6
2024-03-06 05:55:00+00:00,2095.0,2096.0,2093.0,2096.0,3.7714,2024,3,6
2024-03-06 06:00:00+00:00,2096.0,2099.0,2096.0,2097.0,3.3767,2024,3,6
2024-03-06 06:05:00+00:00,2097.0,2098.0,2097.0,2098.0,2.0436,2024,3,6
2024-03-06 06:10:00+00:00,2097.0,2100.0,2096.0,2097.0,23.1639,2024,3,6
2024-03-06 06:15:00+00:00,2097.0,2098.0,2093.0,2094.0,10.7524,2024,3,6
2024-03-06 06:20:00+00:00,2094.0,2095.0,2092.0,2094.0,4.3193,2024,3,6
2024-03-06 06:25:00+00:00,2094.0,2096.0,2091.0,2091.0,4.0275,2024,3,6
2024-03-06 06:30:00+00:00,2091.0,2092.0,2090.0,2091.0,2.3304,2024,3,6
2024-03-06 06:35:00+00:00,2091.0,2094.0,2091.0,2092.0,8.678,2024,3,6
2024-03-06 06:40:00+00:00,2091.0,2093.0,2091.0,2092.0,2.9526,2024,3,6
2024-03-06 06:45:00+00:00,2092.0,2093.0,2090.0,2091.0,17.5949,2024,3,6
2024-03-06 06:50:00+00:00,2092.0,2092.0,2089.0,2089.0,6.3683,2024,3,6
2024-03-06 06:55:00+00:00,2089.0,2090.0,2088.0,2088.0,1.8269,2024,3,6
2024-03-06 07:00:00+00:00,2088.0,2090.0,2087.0,2088.0,6.1303,2024,3,6
2024-03-06 07:05:00+00:00,2088.0,2095.0,2087.0,2094.0,13.0476,2024,3,6
2024-03-06 07:10:00+00:00,2095.0,2095.0,2093.0,2094.0,1.164,2024,3,6
2024-03-06 07:15:00+00:00,2094.0,2095.0,2093.0,2095.0,1.9672,2024,3,6
2024-03-06 07:20:00+00:00,2094.0,2095.0,2094.0,2094.0,0.6119,2024,3,6
2024-03-06 07:25:00+00:00,2094.0,2095.0,2094.0,2094.0,1.2161,2024,3,6
2024-03-06 07:30:00+00:00,2094.0,2095.0,2094.0,2094.0,0.6727,2024,3,6
2024-03-06 07:35:00+00:00,2094.0,2095.0,2093.0,2095.0,5.0272,2024,3,6
2024-03-06 07:40:00+00:00,2094.0,2095.0,2094.0,2094.0,0.7833,2024,3,6
2024-03-06 07:45:00+00:00,2095.0,2095.0,2093.0,2093.0,1.6842,2024,3,6
2024-03-06 07:50:00+00:00,2093.0,2094.0,2092.0,2093.0,11.62,2024,3,6
2024-03-06 07:55:00+00:00,2094.0,2096.0,2090.0,2095.0,11.2641,2024,3,6
2024-03-06 08:00:00+00:00,2094.0,2096.0,2093.0,2093.0,2.2594,2024,3,6
2024-03-06 08:05:00+00:00,2093.0,2098.0,2091.0,2096.0,12.3057,2024,3,6
2024-03-06 08:10:00+00:00,2095.0,2102.0,2095.0,2099.0,16.384949,2024,3,6
2024-03-06 08:15:00+00:00,2100.0,2101.0,2096.0,2100.0,15.5982,2024,3,6
2024-03-06 08:20:00+00:00,2099.0,2100.0,2095.0,2096.0,6.1436,2024,3,6
2024-03-06 08:25:00+00:00,2096.0,2096.0,2090.0,2091.0,9.3706,2024,3,6
2024-03-06 08:30:00+00:00,2092.0,2094.0,2090.0,2094.0,3.5123,2024,3,6
2024-03-06 08:35:00+00:00,2094.0,2094.0,2090.0,2092.0,3.9005,2024,3,6
2024-03-06 08:40:00+00:00,2091.0,2092.0,2088.0,2092.0,9.1611,2024,3,6
2024-03-06 08:45:00+00:00,2092.0,2094.0,2090.0,2093.0,9.4046,2024,3,6
2024-03-06 08:50:00+00:00,2093.0,2099.0,2092.0,2099.0,10.2829,2024,3,6
2024-03-06 08:55:00+00:00,2099.0,2099.0,2095.0,2097.0,12.4911,2024,3,6
2024-03-06 09:00:00+00:00,2097.0,2098.0,2096.0,2097.0,9.3614,2024,3,6
2024-03-06 09:05:00+00:00,2098.0,2100.0,2097.0,2100.0,11.0825,2024,3,6
2024-03-06 09:10:00+00:00,2099.0,2102.0,2098.0,2099.0,9.755,2024,3,6
2024-03-06 09:15:00+00:00,2100.0,2102.0,2099.0,2099.0,8.0759,2024,3,6
2024-03-06 09:20:00+00:00,2100.0,2100.0,2097.0,2100.0,7.8403,2024,3,6
2024-03-06 09:25:00+00:00,2099.0,2103.0,2099.0,2102.0,10.5806,2024,3,6
2024-03-06 09:30:00+00:00,2102.0,2103.0,2097.0,2097.0,8.1487,2024,3,6
2024-03-06 09:35:00+00:00,2097.0,2103.0,2097.0,2103.0,7.2637,2024,3,6
2024-03-06 09:40:00+00:00,2102.0,2103.0,2099.0,2102.0,19.872,2024,3,6
2024-03-06 09:45:00+00:00,2102.0,2103.0,2098.0,2103.0,14.8396,2024,3,6
2024-03-06 09:50:00+00:00,2103.0,2103.0,2099.0,2102.0,7.893,2024,3,6
2024-03-06 09:55:00+00:00,2101.0,2102.0,2098.0,2100.0,22.8645,2024,3,6
2024-03-06 10:00:00+00:00,2099.0,2105.0,2099.0,2105.0,19.927903,2024,3,6
2024-03-06 10:05:00+00:00,2105.0,2107.0,2103.0,2105.0,12.8511,2024,3,6
2024-03-06 10:10:00+00:00,2105.0,2106.0,2103.0,2103.0,6.4313,2024,3,6
2024-03-06 10:15:00+00:00,2103.0,2104.0,2100.0,2101.0,3.388,2024,3,6
2024-03-06 10:20:00+00:00,2101.0,2101.0,2100.0,2101.0,0.5867,2024,3,6
2024-03-06 10:25:00+00:00,2101.0,2101.0,2097.0,2098.0,5.0219,2024,3,6
2024-03-06 10:30:00+00:00,2099.0,2101.0,2098.0,2101.0,2.4958,2024,3,6
2024-03-06 10:35:00+00:00,2101.0,2103.0,2096.0,2100.0,11.853,2024,3,6
2024-03-06 10:40:00+00:00,2100.0,2101.0,2098.0,2098.0,1.0336,2024,3,6
2024-03-06 10:45:00+00:00,2098.0,2098.0,2094.0,2096.0,6.8978,2024,3,6
2024-03-06 10:50:00+00:00,2096.0,2096.0,2095.0,2096.0,2.7182,2024,3,6
2024-03-06 10:55:00+00:00,2095.0,2097.0,2094.0,2096.0,5.1791,2024,3,6
2024-03-06 11:00:00+00:00,2096.0,2098.0,2096.0,2098.0,3.0097,2024,3,6
2024-03-06 11:05:00+00:00,2098.0,2101.0,2098.0,2101.0,1.8395,2024,3,6
2024-03-06 11:10:00+00:00,2100.0,2100.0,2097.0,2098.0,2.7497,2024,3,6
2024-03-06 11:15:00+00:00,2098.0,2103.0,2098.0,2101.0,5.7246,2024,3,6
2024-03-06 11:20:00+00:00,2102.0,2105.0,2102.0,2103.0,23.0008,2024,3,6
2024-03-06 11:25:00+00:00,2103.0,2104.0,2103.0,2104.0,0.1163,2024,3,6
2024-03-06 11:30:00+00:00,2103.0,2104.0,2103.0,2104.0,1.3101,2024,3,6
2024-03-06 11:35:00+00:00,2103.0,2104.0,2099.0,2101.0,4.5132,2024,3,6
2024-03-06 11:40:00+00:00,2101.0,2103.0,2101.0,2102.0,1.6918,2024,3,6
2024-03-06 11:45:00+00:00,2102.0,2104.0,2102.0,2104.0,1.9423,2024,3,6
2024-03-06 11:50:00+00:00,2104.0,2104.0,2101.0,2104.0,3.6491,2024,3,6
2024-03-06 11:55:00+00:00,2103.0,2104.0,2102.0,2103.0,15.4627,2024,3,6
2024-03-06 12:00:00+00:00,2104.0,2104.0,2103.0,2104.0,17.9711,2024,3,6
2024-03-06 12:05:00+00:00,2103.0,2105.0,2103.0,2103.0,1.5062,2024,3,6
2024-03-06 12:10:00+00:00,2103.0,2104.0,2101.0,2102.0,23.0423,2024,3,6
2024-03-06 12:15:00+00:00,2102.0,2103.0,2101.0,2103.0,3.4031,2024,3,6
2024-03-06 12:20:00+00:00,2103.0,2107.0,2101.0,2107.0,30.8123,2024,3,6
2024-03-06 12:25:00+00:00,2106.0,2107.0,2104.0,2105.0,7.4047,2024,3,6
2024-03-06 12:30:00+00:00,2106.0,2107.0,2103.0,2103.0,9.5409,2024,3,6
2024-03-06 12:35:00+00:00,2102.0,2103.0,2101.0,2102.0,3.6893,2024,3,6
2024-03-06 12:40:00+00:00,2101.0,2103.0,2101.0,2101.0,4.9466,2024,3,6
2024-03-06 12:45:00+00:00,2101.0,2102.0,2081.0,2092.0,54.6647,2024,3,6
2024-03-06 12:50:00+00:00,2092.0,2104.0,2092.0,2099.0,9.3345,2024,3,6
2024-03-06 12:55:00+00:00,2098.0,2104.0,2097.0,2097.0,6.1389,2024,3,6
2024-03-06 13:00:00+00:00,2098.0,2103.0,2098.0,2101.0,1.5554,2024,3,6
2024-03-06 13:05:00+00:00,2102.0,2103.0,2094.0,2096.0,16.5331,2024,3,6
2024-03-06 13:10:00+00:00,2096.0,2098.0,2091.0,2098.0,7.5051,2024,3,6
2024-03-06 13:15:00+00:00,2099.0,2100.0,2099.0,2100.0,0.7291,2024,3,6
2024-03-06 13:20:00+00:00,2100.0,2102.0,2096.0,2096.0,3.3767,2024,3,6
2024-03-06 13:25:00+00:00,2096.0,2098.0,2096.0,2096.0,1.756,2024,3,6
2024-03-06 13:30:00+00:00,2098.0,2098.0,2096.0,2096.0,0.3531,2024,3,6
2024-03-06 13:35:00+00:00,2098.0,2102.0,2098.0,2102.0,5.2332,2024,3,6
2024-03-06 13:40:00+00:00,2101.0,2102.0,2099.0,2099.0,3.5366,2024,3,6
2024-03-06 13:45:00+00:00,2098.0,2100.0,2097.0,2100.0,0.5903,2024,3,6
2024-03-06 13:50:00+00:00,2099.0,2103.0,2098.0,2103.0,3.2516,2024,3,6
2024-03-06 13:55:00+00:00,2103.0,2104.0,2096.0,2097.0,4.5418,2024,3,6
2024-03-06 14:00:00+00:00,2096.0,2104.0,2096.0,2100.0,9.4098,2024,3,6
2024-03-06 14:05:00+00:00,2100.0,2102.0,2099.0,2100.0,1.4164,2024,3,6
2024-03-06 14:10:00+00:00,2100.0,2104.0,2100.0,2102.0,1.7355,2024,3,6
2024-03-06 14:15:00+00:00,2103.0,2103.0,2100.0,2101.0,4.1573,2024,3,6
2024-03-06 14:20:00+00:00,2102.0,2105.0,2102.0,2103.0,6.2042,2024,3,6
2024-03-06 14:25:00+00:00,2102.0,2102.0,2100.0,2101.0,9.6581,2024,3,6
2024-03-06 14:30:00+00:00,2101.0,2104.0,2101.0,2103.0,2.8572,2024,3,6
2024-03-06 14:35:00+00:00,2103.0,2104.0,2101.0,2101.0,0.9293,2024,3,6
2024-03-06 14:40:00+00:00,2101.0,2101.0,2096.0,2097.0,5.1021,2024,3,6
2024-03-06 14:45:00+00:00,2097.0,2099.0,2096.0,2098.0,17.8028,2024,3,6
2024-03-06 14:50:00+00:00,2098.0,2101.0,2091.0,2099.0,14.7213,2024,3,6
2024-03-06 14:55:00+00:00,2099.0,2102.0,2094.0,2098.0,11.487,2024,3,6
2024-03-06 15:00:00+00:00,2098.0,2101.0,2092.0,2096.0,22.2767,2024,3,6
2024-03-06 15:05:00+00:00,2095.0,2097.0,2089.0,2089.0,29.2161,2024,3,6
2024-03-06 15:10:00+00:00,2089.0,2096.0,2089.0,2095.0,5.6152,2024,3,6
2024-03-06 15:15:00+00:00,2096.0,2097.0,2094.0,2095.0,4.0834,2024,3,6
2024-03-06 15:20:00+00:00,2094.0,2096.0,2090.0,2096.0,5.7484,2024,3,6
2024-03-06 15:25:00+00:00,2096.0,2098.0,2090.0,2095.0,21.3397,2024,3,6
2024-03-06 15:30:00+00:00,2095.0,2100.0,2094.0,2099.0,104.7321,2024,3,6
2024-03-06 15:35:00+00:00,2098.0,2098.0,2096.0,2097.0,2.1126,2024,3,6
2024-03-06 15:40:00+00:00,2097.0,2105.0,2097.0,2102.0,22.6285,2024,3,6
2024-03-06 15:45:00+00:00,2101.0,2104.0,2099.0,2099.0,3.8676,2024,3,6
2024-03-06 15:50:00+00:00,2100.0,2105.0,2098.0,2105.0,13.7893,2024,3,6
2024-03-06 15:55:00+00:00,2104.0,2105.0,2101.0,2101.0,1.4886,2024,3,6
2024-03-06 16:00:00+00:00,2101.0,2105.0,2101.0,2103.0,1.6885,2024,3,6
2024-03-06 16:05:00+00:00,2103.0,2105.0,2102.0,2105.0,5.597,2024,3,6
2024-03-06 16:10:00+00:00,2105.0,2105.0,2103.0,2105.0,1.3016,2024,3,6
2024-03-06 16:15:00+00:00,2104.0,2105.0,2103.0,2104.0,7.6622,2024,3,6
2024-03-06 16:20:00+00:00,2104.0,2105.0,2099.0,2101.0,7.1725,2024,3,6
2024-03-06 16:25:00+00:00,2102.0,2104.0,2102.0,2104.0,0.7878,2024,3,6
2024-03-06 16:30:00+00:00,2104.0,2107.0,2103.0,2105.0,22.1165,2024,3,6
2024-03-06 16:35:00+00:00,2105.0,2106.0,2105.0,2106.0,17.5163,2024,3,6
2024-03-06 16:40:00+00:00,2107.0,2107.0,2104.0,2105.0,9.1515,2024,3,6
2024-03-06 16:45:00+00:00,2105.0,2106.0,2105.0,2106.0,0.4258,2024,3,6
2024-03-06 16:50:00+00:00,2105.0,2107.0,2105.0,2107.0,1.1524,2024,3,6
2024-03-06 16:55:00+00:00,2107.0,2110.0,2106.0,2109.0,20.8573,2024,3,6
2024-03-06 17:00:00+00:00,2110.0,2111.0,2108.0,2109.0,10.9991,2024,3,6
2024-03-06 17:05:00+00:00,2109.0,2110.0,2103.0,2104.0,5.6087,2024,3,6
2024-03-06 17:10:00+00:00,2104.0,2111.0,2104.0,2111.0,7.9033,2024,3,6
2024-03-06 17:15:00+00:00,2109.0,2109.0,2103.0,2103.0,6.1956,2024,3,6
2024-03-06 17:20:00+00:00,2103.0,2110.0,2103.0,2109.0,15.9593,2024,3,6
2024-03-06 17:25:00+00:00,2110.0,2110.0,2098.0,2101.0,43.9085,2024,3,6
2024-03-06 17:30:00+00:00,2100.0,2104.0,2099.0,2102.0,11.0136,2024,3,6
2024-03-06 17:35:00+00:00,2102.0,2104.0,2101.0,2101.0,2.1692,2024,3,6
2024-03-06 17:40:00+00:00,2101.0,2101.0,2099.0,2100.0,2.3266,2024,3,6
2024-03-06 17:45:00+00:00,2099.0,2109.0,2099.0,2106.0,9.4376,2024,3,6
2024-03-06 17:50:00+00:00,2106.0,2109.0,2106.0,2107.0,3.9345,2024,3,6
2024-03-06 17:55:00+00:00,2107.0,2111.0,2104.0,2107.0,17.1093,2024,3,6
2024-03-06 18:00:00+00:00,2107.0,2109.0,2106.0,2108.0,11.3749,2024,3,6
2024-03-06 18:05:00+00:00,2108.0,2109.0,2107.0,2107.0,1.4412,2024,3,6
2024-03-06 18:10:00+00:00,2107.0,2109.0,2107.0,2108.0,4.2141,2024,3,6
2024-03-06 18:15:00+00:00,2108.0,2110.0,2107.0,2108.0,5.2104,2024,3,6
2024-03-06 18:20:00+00:00,2108.0,2109.0,2107.0,2107.0,2.4765,2024,3,6
2024-03-06 18:25:00+00:00,2107.0,2108.0,2104.0,2108.0,8.5975,2024,3,6
2024-03-06 18:30:00+00:00,2108.0,2113.0,2108.0,2112.0,33.9906,2024,3,6
2024-03-06 18:35:00+00:00,2112.0,2112.0,2111.0,2111.0,3.4553,2024,3,6
2024-03-06 18:40:00+00:00,2111.0,2113.0,2111.0,2113.0,5.0262,2024,3,6
2024-03-06 18:45:00+00:00,2112.0,2113.0,2112.0,2113.0,3.3352,2024,3,6
2024-03-06 18:50:00+00:00,2112.0,2114.0,2111.0,2113.0,10.8032,2024,3,6
2024-03-06 18:55:00+00:00,2114.0,2115.0,2113.0,2114.0,7.7571,2024,3,6
2024-03-06 19:00:00+00:00,2114.0,2115.0,2114.0,2114.0,0.8267,2024,3,6
2024-03-06 19:05:00+00:00,2115.0,2119.0,2113.0,2115.0,56.9962,2024,3,6
2024-03-06 19:10:00+00:00,2116.0,2116.0,2114.0,2115.0,2.3116,2024,3,6
2024-03-06 19:15:00+00:00,2114.0,2115.0,2112.0,2115.0,8.1522,2024,3,6
2024-03-06 19:20:00+00:00,2114.0,2115.0,2113.0,2113.0,0.901,2024,3,6
2024-03-06 19:25:00+00:00,2113.0,2118.0,2113.0,2116.0,13.726,2024,3,6
2024-03-06 19:30:00+00:00,2116.0,2117.0,2111.0,2111.0,2.7687,2024,3,6
2024-03-06 19:35:00+00:00,2111.0,2112.0,2107.0,2109.0,19.337,2024,3,6
2024-03-06 19:40:00+00:00,2109.0,2110.0,2108.0,2109.0,1.8081,2024,3,6
2024-03-06 19:45:00+00:00,2110.0,2110.0,2108.0,2108.0,1.1577,2024,3,6
2024-03-06 19:50:00+00:00,2109.0,2109.0,2108.0,2108.0,4.1221,2024,3,6
2024-03-06 19:55:00+00:00,2108.0,2111.0,2107.0,2110.0,6.8451,2024,3,6
2024-03-06 20:00:00+00:00,2109.0,2110.0,2108.0,2110.0,1.9604,2024,3,6
2024-03-06 20:05:00+00:00,2110.0,2110.0,2109.0,2110.0,0.9369,2024,3,6
2024-03-06 20:10:00+00:00,2110.0,2111.0,2109.0,2111.0,2.2527,2024,3,6
2024-03-06 20:15:00+00:00,2112.0,2113.0,2111.0,2112.0,3.3683,2024,3,6
2024-03-06 20:20:00+00:00,2112.0,2114.0,2112.0,2113.0,1.2153,2024,3,6
2024-03-06 20:25:00+00:00,2114.0,2114.0,2111.0,2111.0,3.9162,2024,3,6
2024-03-06 20:30:00+00:00,2112.0,2113.0,2111.0,2113.0,7.6826,2024,3,6
2024-03-06 20:35:00+00:00,2113.0,2114.0,2112.0,2113.0,1.1827,2024,3,6
2024-03-06 20:40:00+00:00,2112.0,2113.0,2112.0,2113.0,0.7714,2024,3,6
2024-03-06 20:45:00+00:00,2112.0,2113.0,2111.0,2112.0,2.0248,2024,3,6
2024-03-06 20:50:00+00:00,2113.0,2113.0,2112.0,2113.0,0.2962,2024,3,6
2024-03-06 20:55:00+00:00,2112.0,2112.0,2111.0,2111.0,2.4013,2024,3,6
2024-03-06 21:00:00+00:00,2112.0,2112.0,2111.0,2111.0,0.6134,2024,3,6
2024-03-06 21:05:00+00:00,2111.0,2112.0,2107.0,2109.0,11.2883,2024,3,6
2024-03-06 21:10:00+00:00,2109.0,2110.0,2109.0,2110.0,1.5839,2024,3,6
2024-03-06 21:15:00+00:00,2110.0,2111.0,2108.0,2110.0,2.6608,2024,3,6
2024-03-06 21:20:00+00:00,2110.0,2112.0,2110.0,2111.0,3.6311,2024,3,6
2024-03-06 21:25:00+00:00,2111.0,2117.0,2107.0,2112.0,14.3208,2024,3,6
2024-03-06 21:30:00+00:00,2112.0,2112.0,2110.0,2111.0,1.2003,2024,3,6
2024-03-06 21:35:00+00:00,2110.0,2116.0,2108.0,2114.0,8.1685,2024,3,6
2024-03-06 21:40:00+00:00,2114.0,2115.0,2114.0,2115.0,1.9515,2024,3,6
2024-03-06 21:45:00+00:00,2114.0,2114.0,2113.0,2113.0,0.8432,2024,3,6
2024-03-06 21:50:00+00:00,2114.0,2114.0,2112.0,2114.0,2.1461,2024,3,6
2024-03-06 21:55:00+00:00,2113.0,2117.0,2111.0,2116.0,10.5739,2024,3,6
2024-03-06 22:00:00+00:00,2116.0,2117.0,2115.0,2115.0,3.2943,2024,3,6
2024-03-06 22:05:00+00:00,2115.0,2116.0,2115.0,2116.0,0.3567,2024,3,6
2024-03-06 22:10:00+00:00,2116.0,2118.0,2114.0,2115.0,6.2477,2024,3,6
2024-03-06 22:15:00+00:00,2116.0,2116.0,2111.0,2113.0,2.1173,2024,3,6
2024-03-06 22:20:00+00:00,2112.0,2113.0,2108.0,2110.0,4.7555,2024,3,6
2024-03-06 22:25:00+00:00,2111.0,2113.0,2110.0,2113.0,0.761,2024,3,6
2024-03-06 22:30:00+00:00,2112.0,2112.0,2108.0,2109.0,0.8509,2024,3,6
2024-03-06 22:35:00+00:00,2109.0,2109.0,2108.0,2108.0,1.1367,2024,3,6
2024-03-06 22:40:00+00:00,2109.0,2109.0,2108.0,2108.0,0.7872,2024,3,6
2024-03-06 22:45:00+00:00,2108.0,2109.0,2108.0,2108.0,1.4307,2024,3,6
2024-03-06 22:50:00+00:00,2109.0,2109.0,2108.0,2109.0,2.676,2024,3,6
2024-03-06 22:55:00+00:00,2109.0,2109.0,2108.0,2108.0,0.9292,2024,3,6
2024-03-06 23:00:00+00:00,2108.0,2109.0,2108.0,2109.0,1.8381,2024,3,6
2024-03-06 23:05:00+00:00,2109.0,2110.0,2108.0,2109.0,6.1482,2024,3,6
2024-03-06 23:10:00+00:00,2109.0,2110.0,2107.0,2108.0,9.5575,2024,3,6
2024-03-06 23:15:00+00:00,2109.0,2110.0,2107.0,2109.0,5.0898,2024,3,6
2024-03-06 23:20:00+00:00,2109.0,2110.0,2109.0,2109.0,0.3915,2024,3,6
2024-03-06 23:25:00+00:00,2109.0,2111.0,2109.0,2110.0,15.6586,2024,3,6
2024-03-06 23:30:00+00:00,2110.0,2111.0,2110.0,2111.0,1.1815,2024,3,6
2024-03-06 23:35:00+00:00,2110.0,2111.0,2110.0,2110.0,5.7747,2024,3,6
2024-03-06 23:40:00+00:00,2110.0,2111.0,2110.0,2111.0,1.2827,2024,3,6
2024-03-06 23:45:00+00:00,2110.0,2111.0,2110.0,2111.0,0.2915,2024,3,6
2024-03-06 23:50:00+00:00,2110.0,2111.0,2110.0,2111.0,0.1159,2024,3,6
2024-03-06 23:55:00+00:00,2111.0,2111.0,2111.0,2111.0,0.1282,2024,3,6
2024-03-07 00:00:00+00:00,2110.0,2112.0,2110.0,2112.0,0.8103,2024,3,7
2024-03-07 00:05:00+00:00,2111.0,2112.0,2111.0,2112.0,0.6174,2024,3,7
2024-03-07 00:10:00+00:00,2112.0,2112.0,2111.0,2112.0,0.533,2024,3,7
2024-03-07 00:15:00+00:00,2112.0,2112.0,2111.0,2112.0,0.0614,2024,3,7
2024-03-07 00:20:00+00:00,2112.0,2112.0,2111.0,2111.0,2.903,2024,3,7
2024-03-07 00:25:00+00:00,2111.0,2111.0,2110.0,2111.0,27.7738,2024,3,7
2024-03-07 00:30:00+00:00,2110.0,2111.0,2110.0,2111.0,2.6546,2024,3,7
2024-03-07 00:35:00+00:00,2111.0,2115.0,2111.0,2115.0,34.3121,2024,3,7
2024-03-07 00:40:00+00:00,2114.0,2115.0,2114.0,2115.0,0.1927,2024,3,7
2024-03-07 00:45:00+00:00,2115.0,2115.0,2114.0,2115.0,1.1187,2024,3,7
2024-03-07 00:50:00+00:00,2115.0,2116.0,2114.0,2116.0,0.2296,2024,3,7
2024-03-07 00:55:00+00:00,2116.0,2116.0,2115.0,2115.0,1.8384,2024,3,7
2024-03-07 01:00:00+00:00,2116.0,2117.0,2112.0,2112.0,4.0863,2024,3,7
2024-03-07 01:05:00+00:00,2111.0,2112.0,2111.0,2111.0,3.5708,2024,3,7
2024-03-07 01:10:00+00:00,2111.0,2114.0,2110.0,2114.0,16.1681,2024,3,7
2024-03-07 01:15:00+00:00,2114.0,2114.0,2113.0,2114.0,0.6609,2024,3,7
2024-03-07 01:20:00+00:00,2114.0,2116.0,2113.0,2113.0,2.4156,2024,3,7
2024-03-07 01:25:00+00:00,2114.0,2116.0,2113.0,2116.0,2.0827,2024,3,7
2024-03-07 01:30:00+00:00,2116.0,2116.0,2114.0,2115.0,0.9485,2024,3,7
2024-03-07 01:35:00+00:00,2115.0,2115.0,2113.0,2114.0,0.8892,2024,3,7
2024-03-07 01:40:00+00:00,2114.0,2115.0,2113.0,2115.0,0.4358,2024,3,7
2024-03-07 01:45:00+00:00,2115.0,2115.0,2113.0,2114.0,5.1234,2024,3,7
2024-03-07 01:50:00+00:00,2114.0,2115.0,2114.0,2115.0,1.1417,2024,3,7
2024-03-07 01:55:00+00:00,2115.0,2118.0,2114.0,2118.0,7.5338,2024,3,7
2024-03-07 02:00:00+00:00,2118.0,2118.0,2117.0,2118.0,0.8593,2024,3,7
2024-03-07 02:05:00+00:00,2118.0,2118.0,2117.0,2118.0,3.3572,2024,3,7
2024-03-07 02:10:00+00:00,2118.0,2118.0,2117.0,2118.0,0.8547,2024,3,7
2024-03-07 02:15:00+00:00,2118.0,2119.0,2117.0,2118.0,4.1409,2024,3,7
2024-03-07 02:20:00+00:00,2119.0,2119.0,2117.0,2117.0,0.5597,2024,3,7
2024-03-07 02:25:00+00:00,2117.0,2117.0,2116.0,2116.0,1.6773,2024,3,7
2024-03-07 02:30:00+00:00,2116.0,2123.0,2116.0,2122.0,24.2314,2024,3,7
2024-03-07 02:35:00+00:00,2122.0,2122.0,2121.0,2122.0,0.25,2024,3,7
2024-03-07 02:40:00+00:00,2122.0,2122.0,2120.0,2120.0,0.9538,2024,3,7
2024-03-07 02:45:00+00:00,2121.0,2121.0,2120.0,2120.0,0.3347,2024,3,7
2024-03-07 02:50:00+00:00,2121.0,2121.0,2120.0,2121.0,0.1776,2024,3,7
2024-03-07 02:55:00+00:00,2121.0,2125.0,2120.0,2120.0,28.8158,2024,3,7
2024-03-07 03:00:00+00:00,2121.0,2121.0,2120.0,2121.0,1.2141,2024,3,7
2024-03-07 03:05:00+00:00,2121.0,2122.0,2121.0,2122.0,0.1109,2024,3,7
2024-03-07 03:10:00+00:00,2122.0,2122.0,2121.0,2122.0,0.4035,2024,3,7
2024-03-07 03:15:00+00:00,2121.0,2124.0,2121.0,2123.0,3.2767,2024,3,7
2024-03-07 03:20:00+00:00,2123.0,2123.0,2120.0,2122.0,3.8302,2024,3,7
2024-03-07 03:25:00+00:00,2122.0,2123.0,2122.0,2122.0,0.0642,2024,3,7
2024-03-07 03:30:00+00:00,2122.0,2123.0,2122.0,2122.0,1.8333,2024,3,7
2024-03-07 03:35:00+00:00,2122.0,2123.0,2118.0,2119.0,19.0471,2024,3,7
2024-03-07 03:40:00+00:00,2122.0,2123.0,2120.0,2121.0,4.0524,2024,3,7
2024-03-07 03:45:00+00:00,2122.0,2122.0,2121.0,2121.0,0.1181,2024,3,7
2024-03-07 03:50:00+00:00,2122.0,2123.0,2122.0,2122.0,1.1395,2024,3,7
2024-03-07 03:55:00+00:00,2121.0,2121.0,2121.0,2121.0,1.6082,2024,3,7
2024-03-07 04:00:00+00:00,2122.0,2127.0,2121.0,2126.0,27.4495,2024,3,7
2024-03-07 04:05:00+00:00,2127.0,2129.0,2121.0,2126.0,35.8174,2024,3,7
2024-03-07 04:10:00+00:00,2126.0,2128.0,2126.0,2127.0,1.6153,2024,3,7
2024-03-07 04:15:00+00:00,2127.0,2127.0,2126.0,2127.0,0.7564,2024,3,7
2024-03-07 04:20:00+00:00,2126.0,2127.0,2123.0,2123.0,11.9154,2024,3,7
2024-03-07 04:25:00+00:00,2123.0,2127.0,2123.0,2127.0,3.8696,2024,3,7
2024-03-07 04:30:00+00:00,2127.0,2129.0,2126.0,2128.0,1.5176,2024,3,7
2024-03-07 04:35:00+00:00,2128.0,2128.0,2127.0,2127.0,0.8929,2024,3,7
2024-03-07 04:40:00+00:00,2127.0,2129.0,2126.0,2127.0,1.7426,2024,3,7
2024-03-07 04:45:00+00:00,2126.0,2130.0,2126.0,2127.0,3.9193,2024,3,7
2024-03-07 04:50:00+00:00,2127.0,2130.0,2126.0,2127.0,3.7826,2024,3,7
2024-03-07 04:55:00+00:00,2127.0,2131.0,2127.0,2127.0,12.7308,2024,3,7
2024-03-07 05:00:00+00:00,2127.0,2128.0,2125.0,2125.0,1.3917,2024,3,7
2024-03-07 05:05:00+00:00,2125.0,2126.0,2124.0,2125.0,1.6035,2024,3,7
2024-03-07 05:10:00+00:00,2125.0,2125.0,2123.0,2123.0,1.4825,2024,3,7
2024-03-07 05:15:00+00:00,2123.0,2127.0,2123.0,2126.0,4.084,2024,3,7
2024-03-07 05:20:00+00:00,2126.0,2127.0,2125.0,2125.0,4.3344,2024,3,7
2024-03-07 05:25:00+00:00,2125.0,2126.0,2125.0,2125.0,2.6091,2024,3,7
2024-03-07 05:30:00+00:00,2125.0,2127.0,2123.0,2123.0,8.5919,2024,3,7
2024-03-07 05:35:00+00:00,2123.0,2124.0,2123.0,2123.0,1.9193,2024,3,7
2024-03-07 05:40:00+00:00,2123.0,2131.0,2123.0,2124.0,10.1629,2024,3,7
2024-03-07 05:45:00+00:00,2125.0,2126.0,2122.0,2123.0,30.3224,2024,3,7
2024-03-07 05:50:00+00:00,2122.0,2123.0,2118.0,2121.0,25.8181,2024,3,7
2024-03-07 05:55:00+00:00,2122.0,2123.0,2120.0,2121.0,6.1393,2024,3,7
2024-03-07 06:00:00+00:00,2122.0,2123.0,2118.0,2120.0,5.4786,2024,3,7
2024-03-07 06:05:00+00:00,2121.0,2122.0,2121.0,2121.0,1.1629,2024,3,7
2024-03-07 06:10:00+00:00,2122.0,2125.0,2121.0,2125.0,3.2374,2024,3,7
2024-03-07 06:15:00+00:00,2126.0,2128.0,2126.0,2127.0,3.3476,2024,3,7
2024-03-07 06:20:00+00:00,2126.0,2128.0,2126.0,2128.0,1.9699,2024,3,7
2024-03-07 06:25:00+00:00,2128.0,2129.0,2125.0,2126.0,5.144,2024,3,7
2024-03-07 06:30:00+00:00,2126.0,2131.0,2126.0,2128.0,13.3619,2024,3,7
2024-03-07 06:35:00+00:00,2127.0,2131.0,2127.0,2131.0,5.1854,2024,3,7
2024-03-07 06:40:00+00:00,2131.0,2131.0,2130.0,2131.0,3.5198,2024,3,7
2024-03-07 06:45:00+00:00,2131.0,2131.0,2125.0,2125.0,5.6718,2024,3,7
2024-03-07 06:50:00+00:00,2125.0,2125.0,2123.0,2125.0,0.6558,2024,3,7
2024-03-07 06:55:00+00:00,2125.0,2125.0,2123.0,2125.0,17.9544,2024,3,7
2024-03-07 07:00:00+00:00,2124.0,2126.0,2123.0,2125.0,5.7242,2024,3,7
2024-03-07 07:05:00+00:00,2125.0,2128.0,2122.0,2127.0,9.1097,2024,3,7
2024-03-07 07:10:00+00:00,2127.0,2128.0,2125.0,2128.0,42.4493,2024,3,7
2024-03-07 07:15:00+00:00,2128.0,2128.0,2128.0,2128.0,0.035,2024,3,7
2024-03-07 07:20:00+00:00,2128.0,2131.0,2125.0,2125.0,89.281,2024,3,7
2024-03-07 07:25:00+00:00,2126.0,2128.0,2126.0,2128.0,6.6371,2024,3,7
2024-03-07 07:30:00+00:00,2128.0,2131.0,2128.0,2131.0,4.1264,2024,3,7
2024-03-07 07:35:00+00:00,2131.0,2131.0,2130.0,2131.0,0.6769,2024,3,7
2024-03-07 07:40:00+00:00,2130.0,2131.0,2130.0,2130.0,0.5075,2024,3,7
2024-03-07 07:45:00+00:00,2131.0,2132.0,2130.0,2131.0,11.6759,2024,3,7
2024-03-07 07:50:00+00:00,2131.0,2134.0,2125.0,2126.0,23.9235,2024,3,7
2024-03-07 07:55:00+00:00,2127.0,2128.0,2125.0,2126.0,17.0749,2024,3,7
2024-03-07 08:00:00+00:00,2125.0,2134.0,2125.0,2129.0,18.848,2024,3,7
2024-03-07 08:05:00+00:00,2130.0,2132.0,2130.0,2132.0,12.2072,2024,3,7
2024-03-07 08:10:00+00:00,2132.0,2132.0,2131.0,2131.0,2.6275,2024,3,7
2024-03-07 08:15:00+00:00,2132.0,2136.0,2131.0,2131.0,4.2252,2024,3,7
2024-03-07 08:20:00+00:00,2131.0,2132.0,2128.0,2131.0,9.4096,2024,3,7
2024-03-07 08:25:00+00:00,2130.0,2130.0,2127.0,2130.0,3.7077,2024,3,7
2024-03-07 08:30:00+00:00,2130.0,2131.0,2129.0,2130.0,0.7641,2024,3,7
2024-03-07 08:35:00+00:00,2130.0,2132.0,2130.0,2131.0,4.9319,2024,3,7
2024-03-07 08:40:00+00:00,2131.0,2132.0,2131.0,2132.0,14.3581,2024,3,7
2024-03-07 08:45:00+00:00,2132.0,2132.0,2131.0,2131.0,12.6588,2024,3,7
2024-03-07 08:50:00+00:00,2131.0,2132.0,2131.0,2131.0,48.9086,2024,3,7
2024-03-07 08:55:00+00:00,2131.0,2132.0,2131.0,2131.0,21.9402,2024,3,7
2024-03-07 09:00:00+00:00,2131.0,2132.0,2131.0,2132.0,5.7943,2024,3,7
2024-03-07 09:05:00+00:00,2131.0,2131.0,2131.0,2131.0,1.0407,2024,3,7
2024-03-07 09:10:00+00:00,2131.0,2132.0,2131.0,2131.0,0.183,2024,3,7
2024-03-07 09:15:00+00:00,2132.0,2132.0,2131.0,2131.0,0.5455,2024,3,7
2024-03-07 09:20:00+00:00,2132.0,2132.0,2129.0,2130.0,9.1656,2024,3,7
2024-03-07 09:25:00+00:00,2130.0,2130.0,2128.0,2128.0,3.0885,2024,3,7
2024-03-07 09:30:00+00:00,2129.0,2131.0,2128.0,2129.0,2.9206,2024,3,7
2024-03-07 09:35:00+00:00,2130.0,2132.0,2129.0,2132.0,2.3393,2024,3,7
2024-03-07 09:40:00+00:00,2132.0,2136.0,2132.0,2135.0,17.5707,2024,3,7
2024-03-07 09:45:00+00:00,2134.0,2134.0,2132.0,2132.0,0.537,2024,3,7
2024-03-07 09:50:00+00:00,2133.0,2133.0,2130.0,2131.0,1.2772,2024,3,7
2024-03-07 09:55:00+00:00,2131.0,2131.0,2129.0,2131.0,4.854,2024,3,7
2024-03-07 10:00:00+00:00,2131.0,2134.0,2127.0,2133.0,15.887,2024,3,7
2024-03-07 10:05:00+00:00,2134.0,2136.0,2132.0,2135.0,1.9319,2024,3,7
2024-03-07 10:10:00+00:00,2135.0,2136.0,2131.0,2131.0,143.4719,2024,3,7
2024-03-07 10:15:00+00:00,2131.0,2132.0,2131.0,2131.0,30.6767,2024,3,7
2024-03-07 10:20:00+00:00,2132.0,2132.0,2130.0,2131.0,2.6504,2024,3,7
2024-03-07 10:25:00+00:00,2131.0,2133.0,2131.0,2131.0,35.4898,2024,3,7
2024-03-07 10:30:00+00:00,2131.0,2132.0,2130.0,2132.0,0.9867,2024,3,7
2024-03-07 10:35:00+00:00,2131.0,2131.0,2130.0,2130.0,0.9648,2024,3,7
2024-03-07 10:40:00+00:00,2130.0,2131.0,2128.0,2129.0,2.0292,2024,3,7
2024-03-07 10:45:00+00:00,2128.0,2133.0,2128.0,2132.0,1.5215,2024,3,7
2024-03-07 10:50:00+00:00,2132.0,2132.0,2130.0,2131.0,1.9076,2024,3,7
2024-03-07 10:55:00+00:00,2131.0,2132.0,2131.0,2132.0,0.3929,2024,3,7
2024-03-07 11:00:00+00:00,2132.0,2132.0,2130.0,2130.0,0.6332,2024,3,7
2024-03-07 11:05:00+00:00,2131.0,2132.0,2129.0,2129.0,3.5034,2024,3,7
2024-03-07 11:10:00+00:00,2130.0,2130.0,2128.0,2128.0,1.8513,2024,3,7
2024-03-07 11:15:00+00:00,2128.0,2129.0,2126.0,2126.0,5.1233,2024,3,7
2024-03-07 11:20:00+00:00,2126.0,2127.0,2126.0,2127.0,1.7285,2024,3,7
2024-03-07 11:25:00+00:00,2127.0,2132.0,2125.0,2128.0,26.4844,2024,3,7
2024-03-07 11:30:00+00:00,2128.0,2132.0,2127.0,2128.0,8.5544,2024,3,7
2024-03-07 11:35:00+00:00,2128.0,2129.0,2126.0,2128.0,6.0106,2024,3,7
2024-03-07 11:40:00+00:00,2129.0,2129.0,2125.0,2126.0,7.3351,2024,3,7
2024-03-07 11:45:00+00:00,2126.0,2132.0,2126.0,2130.0,5.6248,2024,3,7
2024-03-07 11:50:00+00:00,2130.0,2133.0,2130.0,2131.0,2.2934,2024,3,7
2024-03-07 11:55:00+00:00,2130.0,2130.0,2128.0,2128.0,1.9001,2024,3,7
2024-03-07 12:00:00+00:00,2128.0,2134.0,2127.0,2130.0,10.2277,2024,3,7
2024-03-07 12:05:00+00:00,2130.0,2132.0,2129.0,2131.0,1.6179,2024,3,7
2024-03-07 12:10:00+00:00,2131.0,2131.0,2130.0,2130.0,0.7613,2024,3,7
2024-03-07 12:15:00+00:00,2130.0,2133.0,2130.0,2132.0,1.3799,2024,3,7
2024-03-07 12:20:00+00:00,2131.0,2132.0,2130.0,2130.0,1.1166,2024,3,7
2024-03-07 12:25:00+00:00,2130.0,2131.0,2130.0,2131.0,0.8059,2024,3,7
2024-03-07 12:30:00+00:00,2130.0,2133.0,2130.0,2130.0,1.9647,2024,3,7
2024-03-07 12:35:00+00:00,2130.0,2134.0,2130.0,2133.0,27.6713,2024,3,7
2024-03-07 12:40:00+00:00,2133.0,2134.0,2130.0,2131.0,5.1957,2024,3,7
2024-03-07 12:45:00+00:00,2131.0,2136.0,2131.0,2135.0,39.2207,2024,3,7
2024-03-07 12:50:00+00:00,2135.0,2139.0,2131.0,2134.0,25.0282,2024,3,7
2024-03-07 12:55:00+00:00,2133.0,2138.0,2132.0,2135.0,9.9986,2024,3,7
2024-03-07 13:00:00+00:00,2136.0,2137.0,2135.0,2136.0,3.8843,2024,3,7
2024-03-07 13:05:00+00:00,2136.0,2137.0,2136.0,2136.0,0.8915,2024,3,7
2024-03-07 13:10:00+00:00,2136.0,2140.0,2135.0,2137.0,7.7822,2024,3,7
2024-03-07 13:15:00+00:00,2137.0,2138.0,2135.0,2138.0,2.057,2024,3,7
2024-03-07 13:20:00+00:00,2137.0,2138.0,2133.0,2136.0,9.9881,2024,3,7
2024-03-07 13:25:00+00:00,2137.0,2137.0,2136.0,2137.0,1.3951,2024,3,7
2024-03-07 13:30:00+00:00,2137.0,2139.0,2136.0,2138.0,1.8564,2024,3,7
2024-03-07 13:35:00+00:00,2137.0,2138.0,2137.0,2137.0,0.1632,2024,3,7
2024-03-07 13:40:00+00:00,2138.0,2138.0,2136.0,2138.0,3.9322,2024,3,7
2024-03-07 13:45:00+00:00,2138.0,2139.0,2137.0,2139.0,2.3374,2024,3,7
2024-03-07 13:50:00+00:00,2138.0,2138.0,2135.0,2137.0,3.2246,2024,3,7
2024-03-07 13:55:00+00:00,2137.0,2137.0,2135.0,2136.0,1.2973,2024,3,7
2024-03-07 14:00:00+00:00,2135.0,2136.0,2135.0,2136.0,11.3138,2024,3,7
2024-03-07 14:05:00+00:00,2136.0,2136.0,2134.0,2134.0,1.4402,2024,3,7
2024-03-07 14:10:00+00:00,2135.0,2135.0,2134.0,2134.0,1.5928,2024,3,7
2024-03-07 14:15:00+00:00,2134.0,2135.0,2133.0,2134.0,2.6568,2024,3,7
2024-03-07 14:20:00+00:00,2133.0,2137.0,2132.0,2133.0,12.9256,2024,3,7
2024-03-07 14:25:00+00:00,2133.0,2133.0,2131.0,2133.0,8.9265,2024,3,7
2024-03-07 14:30:00+00:00,2133.0,2133.0,2129.0,2132.0,12.7882,2024,3,7
2024-03-07 14:35:00+00:00,2131.0,2135.0,2131.0,2134.0,15.889,2024,3,7
2024-03-07 14:40:00+00:00,2134.0,2134.0,2126.0,2126.0,9.0754,2024,3,7
2024-03-07 14:45:00+00:00,2126.0,2128.0,2124.0,2126.0,19.5348,2024,3,7
2024-03-07 14:50:00+00:00,2126.0,2133.0,2126.0,2128.0,12.433,2024,3,7
2024-03-07 14:55:00+00:00,2127.0,2128.0,2125.0,2126.0,12.9285,2024,3,7
2024-03-07 15:00:00+00:00,2126.0,2128.0,2126.0,2127.0,13.6135,2024,3,7
2024-03-07 15:05:00+00:00,2127.0,2127.0,2126.0,2127.0,1.4548,2024,3,7
2024-03-07 15:10:00+00:00,2127.0,2127.0,2126.0,2127.0,0.2852,2024,3,7
2024-03-07 15:15:00+00:00,2126.0,2127.0,2126.0,2127.0,3.8214,2024,3,7
2024-03-07 15:20:00+00:00,2127.0,2127.0,2126.0,2127.0,0.498,2024,3,7
2024-03-07 15:25:00+00:00,2127.0,2128.0,2123.0,2125.0,2.9219,2024,3,7
2024-03-07 15:30:00+00:00,2125.0,2128.0,2125.0,2128.0,2.6334,2024,3,7
2024-03-07 15:35:00+00:00,2128.0,2128.0,2127.0,2128.0,1.1319,2024,3,7
2024-03-07 15:40:00+00:00,2128.0,2128.0,2127.0,2127.0,3.6669,2024,3,7
2024-03-07 15:45:00+00:00,2126.0,2128.0,2121.0,2128.0,31.4285,2024,3,7
2024-03-07 15:50:00+00:00,2128.0,2130.0,2126.0,2127.0,15.4176,2024,3,7
2024-03-07 15:55:00+00:00,2126.0,2127.0,2124.0,2124.0,9.9585,2024,3,7
2024-03-07 16:00:00+00:00,2124.0,2126.0,2124.0,2125.0,1.9457,2024,3,7
2024-03-07 16:05:00+00:00,2125.0,2127.0,2117.0,2120.0,18.1285,2024,3,7
2024-03-07 16:10:00+00:00,2120.0,2124.0,2106.0,2117.0,133.986,2024,3,7
2024-03-07 16:15:00+00:00,2117.0,2125.0,2117.0,2124.0,28.3687,2024,3,7
2024-03-07 16:20:00+00:00,2124.0,2128.0,2123.0,2126.0,4.3468,2024,3,7
2024-03-07 16:25:00+00:00,2126.0,2128.0,2125.0,2125.0,4.9778,2024,3,7
2024-03-07 16:30:00+00:00,2127.0,2127.0,2125.0,2125.0,1.533,2024,3,7
2024-03-07 16:35:00+00:00,2125.0,2125.0,2121.0,2122.0,5.3438,2024,3,7
2024-03-07 16:40:00+00:00,2122.0,2125.0,2122.0,2123.0,2.2499,2024,3,7
2024-03-07 16:45:00+00:00,2123.0,2123.0,2122.0,2122.0,1.2478,2024,3,7
2024-03-07 16:50:00+00:00,2122.0,2124.0,2122.0,2122.0,1.5695,2024,3,7
2024-03-07 16:55:00+00:00,2122.0,2125.0,2122.0,2124.0,2.5725,2024,3,7
2024-03-07 17:00:00+00:00,2123.0,2125.0,2123.0,2124.0,1.068,2024,3,7
2024-03-07 17:05:00+00:00,2125.0,2126.0,2124.0,2125.0,14.7149,2024,3,7
2024-03-07 17:10:00+00:00,2125.0,2127.0,2125.0,2127.0,9.4968,2024,3,7
2024-03-07 17:15:00+00:00,2126.0,2129.0,2126.0,2129.0,7.7316,2024,3,7
2024-03-07 17:20:00+00:00,2128.0,2128.0,2127.0,2128.0,1.596,2024,3,7
2024-03-07 17:25:00+00:00,2127.0,2129.0,2127.0,2128.0,2.5481,2024,3,7
2024-03-07 17:30:00+00:00,2128.0,2129.0,2127.0,2128.0,4.0128,2024,3,7
2024-03-07 17:35:00+00:00,2128.0,2128.0,2126.0,2126.0,2.4864,2024,3,7
2024-03-07 17:40:00+00:00,2126.0,2129.0,2126.0,2129.0,2.1469,2024,3,7
2024-03-07 17:45:00+00:00,2128.0,2129.0,2128.0,2128.0,0.4428,2024,3,7
2024-03-07 17:50:00+00:00,2128.0,2130.0,2128.0,2129.0,9.701,2024,3,7
2024-03-07 17:55:00+00:00,2129.0,2130.0,2127.0,2127.0,3.3243,2024,3,7
2024-03-07 18:00:00+00:00,2127.0,2130.0,2127.0,2129.0,1.1108,2024,3,7
2024-03-07 18:05:00+00:00,2130.0,2130.0,2128.0,2129.0,1.6693,2024,3,7
2024-03-07 18:10:00+00:00,2128.0,2130.0,2128.0,2128.0,0.847,2024,3,7
2024-03-07 18:15:00+00:00,2128.0,2129.0,2128.0,2128.0,1.6901,2024,3,7
2024-03-07 18:20:00+00:00,2129.0,2130.0,2128.0,2129.0,1.3596,2024,3,7
2024-03-07 18:25:00+00:00,2129.0,2130.0,2128.0,2128.0,0.4447,2024,3,7
2024-03-07 18:30:00+00:00,2128.0,2129.0,2128.0,2128.0,2.216,2024,3,7
2024-03-07 18:35:00+00:00,2128.0,2129.0,2121.0,2128.0,25.2702,2024,3,7
2024-03-07 18:40:00+00:00,2128.0,2132.0,2127.0,2128.0,12.6439,2024,3,7
2024-03-07 18:45:00+00:00,2128.0,2129.0,2128.0,2128.0,2.8962,2024,3,7
2024-03-07 18:50:00+00:00,2128.0,2129.0,2128.0,2129.0,0.5469,2024,3,7
2024-03-07 18:55:00+00:00,2129.0,2129.0,2128.0,2129.0,0.291,2024,3,7
2024-03-07 19:00:00+00:00,2129.0,2132.0,2128.0,2131.0,3.4816,2024,3,7
2024-03-07 19:05:00+00:00,2130.0,2131.0,2129.0,2129.0,2.6065,2024,3,7
2024-03-07 19:10:00+00:00,2130.0,2130.0,2128.0,2129.0,1.6832,2024,3,7
2024-03-07 19:15:00+00:00,2129.0,2131.0,2127.0,2127.0,2.9412,2024,3,7
2024-03-07 19:20:00+00:00,2127.0,2132.0,2127.0,2129.0,3.5629,2024,3,7
2024-03-07 19:25:00+00:00,2129.0,2132.0,2128.0,2130.0,6.3625,2024,3,7
2024-03-07 19:30:00+00:00,2130.0,2132.0,2129.0,2129.0,2.5206,2024,3,7
2024-03-07 19:35:00+00:00,2129.0,2132.0,2129.0,2131.0,3.2869,2024,3,7
2024-03-07 19:40:00+00:00,2131.0,2132.0,2130.0,2132.0,4.8021,2024,3,7
2024-03-07 19:45:00+00:00,2131.0,2132.0,2130.0,2132.0,0.8829,2024,3,7
2024-03-07 19:50:00+00:00,2132.0,2134.0,2131.0,2134.0,7.2,2024,3,7
2024-03-07 19:55:00+00:00,2134.0,2134.0,2133.0,2133.0,0.8032,2024,3,7
2024-03-07 20:00:00+00:00,2134.0,2134.0,2132.0,2133.0,2.2985,2024,3,7
2024-03-07 20:05:00+00:00,2134.0,2134.0,2132.0,2134.0,10.4212,2024,3,7
2024-03-07 20:10:00+00:00,2133.0,2133.0,2132.0,2132.0,1.1927,2024,3,7
2024-03-07 20:15:00+00:00,2132.0,2132.0,2131.0,2132.0,5.5784,2024,3,7
2024-03-07 20:20:00+00:00,2131.0,2132.0,2129.0,2131.0,1.7184,2024,3,7
2024-03-07 20:25:00+00:00,2131.0,2135.0,2131.0,2132.0,14.0228,2024,3,7
2024-03-07 20:30:00+00:00,2131.0,2136.0,2130.0,2135.0,12.9321,2024,3,7
2024-03-07 20:35:00+00:00,2134.0,2135.0,2134.0,2134.0,0.9523,2024,3,7
2024-03-07 20:40:00+00:00,2133.0,2134.0,2131.0,2131.0,1.62,2024,3,7
2024-03-07 20:45:00+00:00,2132.0,2134.0,2132.0,2134.0,1.2493,2024,3,7
2024-03-07 20:50:00+00:00,2133.0,2135.0,2133.0,2135.0,3.9755,2024,3,7
2024-03-07 20:55:00+00:00,2135.0,2136.0,2134.0,2134.0,2.8018,2024,3,7
2024-03-07 21:00:00+00:00,2135.0,2135.0,2133.0,2133.0,2.7576,2024,3,7
2024-03-07 21:05:00+00:00,2132.0,2132.0,2129.0,2130.0,3.7985,2024,3,7
2024-03-07 21:10:00+00:00,2129.0,2129.0,2127.0,2127.0,1.4277,2024,3,7
2024-03-07 21:15:00+00:00,2127.0,2129.0,2127.0,2129.0,2.2971,2024,3,7
2024-03-07 21:20:00+00:00,2129.0,2129.0,2128.0,2129.0,0.2406,2024,3,7
2024-03-07 21:25:00+00:00,2128.0,2129.0,2128.0,2128.0,1.1205,2024,3,7
2024-03-07 21:30:00+00:00,2128.0,2129.0,2128.0,2129.0,0.6934,2024,3,7
2024-03-07 21:35:00+00:00,2129.0,2130.0,2128.0,2130.0,6.5011,2024,3,7
2024-03-07 21:40:00+00:00,2130.0,2131.0,2128.0,2129.0,7.7835,2024,3,7
2024-03-07 21:45:00+00:00,2129.0,2131.0,2128.0,2129.0,2.241,2024,3,7
2024-03-07 21:50:00+00:00,2129.0,2129.0,2128.0,2129.0,1.5692,2024,3,7
2024-03-07 21:55:00+00:00,2129.0,2131.0,2129.0,2131.0,0.9505,2024,3,7
2024-03-07 22:00:00+00:00,2131.0,2131.0,2129.0,2131.0,5.4496,2024,3,7
2024-03-07 22:05:00+00:00,2131.0,2133.0,2131.0,2132.0,2.5503,2024,3,7
2024-03-07 22:10:00+00:00,2133.0,2134.0,2131.0,2131.0,3.1064,2024,3,7
2024-03-07 22:15:00+00:00,2132.0,2132.0,2131.0,2132.0,0.1109,2024,3,7
2024-03-07 22:20:00+00:00,2131.0,2133.0,2129.0,2130.0,3.1939,2024,3,7
2024-03-07 22:25:00+00:00,2129.0,2131.0,2129.0,2130.0,1.7809,2024,3,7
2024-03-07 22:30:00+00:00,2130.0,2130.0,2124.0,2127.0,7.4699,2024,3,7
2024-03-07 22:35:00+00:00,2127.0,2130.0,2126.0,2128.0,1.2574,2024,3,7
2024-03-07 22:40:00+00:00,2128.0,2128.0,2124.0,2125.0,8.6646,2024,3,7
2024-03-07 22:45:00+00:00,2125.0,2126.0,2125.0,2126.0,0.778,2024,3,7
2024-03-07 22:50:00+00:00,2126.0,2126.0,2124.0,2126.0,18.3938,2024,3,7
2024-03-07 22:55:00+00:00,2126.0,2126.0,2124.0,2126.0,2.8956,2024,3,7
2024-03-07 23:00:00+00:00,2126.0,2129.0,2125.0,2129.0,9.1054,2024,3,7
2024-03-07 23:05:00+00:00,2129.0,2130.0,2129.0,2129.0,0.3723,2024,3,7
2024-03-07 23:10:00+00:00,2129.0,2131.0,2129.0,2130.0,2.8887,2024,3,7
2024-03-07 23:15:00+00:00,2131.0,2131.0,2130.0,2130.0,0.5486,2024,3,7
2024-03-07 23:20:00+00:00,2131.0,2131.0,2130.0,2130.0,0.1183,2024,3,7
2024-03-07 23:25:00+00:00,2131.0,2131.0,2130.0,2130.0,0.7843,2024,3,7
2024-03-07 23:30:00+00:00,2131.0,2131.0,2130.0,2131.0,0.4793,2024,3,7
2024-03-07 23:35:00+00:00,2130.0,2131.0,2130.0,2131.0,0.6426,2024,3,7
2024-03-07 23:40:00+00:00,2131.0,2131.0,2130.0,2130.0,0.7561,2024,3,7
2024-03-07 23:45:00+00:00,2131.0,2132.0,2130.0,2132.0,2.2257,2024,3,7
2024-03-07 23:50:00+00:00,2131.0,2132.0,2131.0,2131.0,0.1495,2024,3,7
2024-03-07 23:55:00+00:00,2132.0,2132.0,2131.0,2131.0,2.0303,2024,3,7
2024-03-08 00:00:00+00:00,2131.0,2132.0,2130.0,2132.0,1.5021,2024,3,8
2024-03-08 00:05:00+00:00,2132.0,2133.0,2132.0,2133.0,0.1609,2024,3,8
2024-03-08 00:10:00+00:00,2133.0,2133.0,2131.0,2133.0,1.3663,2024,3,8
2024-03-08 00:15:00+00:00,2132.0,2132.0,2131.0,2131.0,0.4422,2024,3,8
2024-03-08 00:20:00+00:00,2132.0,2132.0,2131.0,2131.0,0.1749,2024,3,8
2024-03-08 00:25:00+00:00,2131.0,2132.0,2131.0,2132.0,0.4988,2024,3,8
2024-03-08 00:30:00+00:00,2132.0,2133.0,2131.0,2133.0,4.5152,2024,3,8
2024-03-08 00:35:00+00:00,2132.0,2133.0,2131.0,2132.0,8.4769,2024,3,8
2024-03-08 00:40:00+00:00,2131.0,2131.0,2131.0,2131.0,0.7434,2024,3,8
2024-03-08 00:45:00+00:00,2132.0,2132.0,2131.0,2131.0,0.1224,2024,3,8
2024-03-08 00:50:00+00:00,2131.0,2134.0,2131.0,2133.0,1.2362,2024,3,8
2024-03-08 00:55:00+00:00,2133.0,2134.0,2132.0,2133.0,0.7075,2024,3,8
2024-03-08 01:00:00+00:00,2132.0,2134.0,2132.0,2133.0,1.1145,2024,3,8
2024-03-08 01:05:00+00:00,2134.0,2135.0,2134.0,2134.0,0.7346,2024,3,8
2024-03-08 01:10:00+00:00,2134.0,2135.0,2133.0,2134.0,1.6542,2024,3,8
2024-03-08 01:15:00+00:00,2133.0,2134.0,2133.0,2133.0,0.0568,2024,3,8
2024-03-08 01:20:00+00:00,2134.0,2134.0,2133.0,2134.0,0.4736,2024,3,8
2024-03-08 01:25:00+00:00,2134.0,2134.0,2132.0,2132.0,2.2591,2024,3,8
2024-03-08 01:30:00+00:00,2132.0,2132.0,2131.0,2131.0,0.4105,2024,3,8
2024-03-08 01:35:00+00:00,2131.0,2132.0,2129.0,2129.0,0.4194,2024,3,8
2024-03-08 01:40:00+00:00,2130.0,2130.0,2128.0,2129.0,0.2968,2024,3,8
2024-03-08 01:45:00+00:00,2129.0,2131.0,2129.0,2131.0,5.1825,2024,3,8
2024-03-08 01:50:00+00:00,2131.0,2131.0,2129.0,2129.0,2.5711,2024,3,8
2024-03-08 01:55:00+00:00,2129.0,2129.0,2128.0,2128.0,0.2693,2024,3,8
2024-03-08 02:00:00+00:00,2128.0,2128.0,2127.0,2128.0,0.484,2024,3,8
2024-03-08 02:05:00+00:00,2128.0,2128.0,2127.0,2128.0,0.0798,2024,3,8
2024-03-08 02:10:00+00:00,2127.0,2127.0,2126.0,2127.0,0.0725,2024,3,8
2024-03-08 02:15:00+00:00,2126.0,2127.0,2126.0,2127.0,0.199,2024,3,8
2024-03-08 02:20:00+00:00,2127.0,2128.0,2127.0,2127.0,2.0997,2024,3,8
2024-03-08 02:25:00+00:00,2128.0,2128.0,2126.0,2126.0,0.2031,2024,3,8
2024-03-08 02:30:00+00:00,2126.0,2127.0,2126.0,2126.0,0.0421,2024,3,8
2024-03-08 02:35:00+00:00,2126.0,2127.0,2126.0,2127.0,0.2917,2024,3,8
2024-03-08 02:40:00+00:00,2126.0,2127.0,2126.0,2126.0,0.7793,2024,3,8
2024-03-08 02:45:00+00:00,2127.0,2127.0,2126.0,2126.0,0.1449,2024,3,8
2024-03-08 02:50:00+00:00,2127.0,2127.0,2126.0,2126.0,0.7519,2024,3,8
2024-03-08 02:55:00+00:00,2127.0,2127.0,2125.0,2127.0,1.7027,2024,3,8
2024-03-08 03:00:00+00:00,2126.0,2127.0,2125.0,2125.0,0.1884,2024,3,8
2024-03-08 03:05:00+00:00,2125.0,2126.0,2125.0,2126.0,0.2185,2024,3,8
2024-03-08 03:10:00+00:00,2126.0,2167.0,2125.0,2143.0,127.1865,2024,3,8
2024-03-08 03:15:00+00:00,2142.0,2143.0,2133.0,2134.0,14.8352,2024,3,8
2024-03-08 03:20:00+00:00,2133.0,2136.0,2133.0,2135.0,0.7207,2024,3,8
2024-03-08 03:25:00+00:00,2136.0,2136.0,2135.0,2136.0,0.673,2024,3,8
2024-03-08 03:30:00+00:00,2136.0,2136.0,2136.0,2136.0,0.3091,2024,3,8
2024-03-08 03:35:00+00:00,2136.0,2137.0,2135.0,2137.0,0.0453,2024,3,8
2024-03-08 03:40:00+00:00,2135.0,2137.0,2135.0,2136.0,1.6489,2024,3,8
2024-03-08 03:45:00+00:00,2136.0,2138.0,2136.0,2138.0,1.2855,2024,3,8
2024-03-08 03:50:00+00:00,2138.0,2139.0,2138.0,2138.0,0.1173,2024,3,8
2024-03-08 03:55:00+00:00,2138.0,2140.0,2138.0,2139.0,0.853,2024,3,8
2024-03-08 04:00:00+00:00,2138.0,2139.0,2138.0,2138.0,1.5062,2024,3,8
2024-03-08 04:05:00+00:00,2138.0,2139.0,2137.0,2139.0,0.461,2024,3,8
2024-03-08 04:10:00+00:00,2139.0,2139.0,2138.0,2139.0,0.4269,2024,3,8
2024-03-08 04:15:00+00:00,2139.0,2139.0,2138.0,2138.0,0.9262,2024,3,8
2024-03-08 04:20:00+00:00,2138.0,2139.0,2138.0,2139.0,3.5271,2024,3,8
2024-03-08 04:25:00+00:00,2138.0,2138.0,2135.0,2135.0,0.7241,2024,3,8
2024-03-08 04:30:00+00:00,2135.0,2136.0,2135.0,2135.0,0.375,2024,3,8
2024-03-08 04:35:00+00:00,2134.0,2135.0,2134.0,2135.0,0.1325,2024,3,8
2024-03-08 04:40:00+00:00,2134.0,2135.0,2130.0,2134.0,7.6658,2024,3,8
2024-03-08 04:45:00+00:00,2134.0,2134.0,2133.0,2133.0,0.0418,2024,3,8
2024-03-08 04:50:00+00:00,2134.0,2134.0,2133.0,2134.0,0.1406,2024,3,8
2024-03-08 04:55:00+00:00,2134.0,2135.0,2134.0,2135.0,0.4833,2024,3,8
2024-03-08 05:00:00+00:00,2135.0,2139.0,2134.0,2137.0,7.914,2024,3,8
2024-03-08 05:05:00+00:00,2138.0,2138.0,2136.0,2137.0,1.6643,2024,3,8
2024-03-08 05:10:00+00:00,2137.0,2137.0,2135.0,2137.0,1.0775,2024,3,8
2024-03-08 05:15:00+00:00,2138.0,2138.0,2137.0,2138.0,0.0585,2024,3,8
2024-03-08 05:20:00+00:00,2137.0,2139.0,2137.0,2139.0,0.4179,2024,3,8
2024-03-08 05:25:00+00:00,2139.0,2139.0,2137.0,2138.0,3.9713,2024,3,8
2024-03-08 05:30:00+00:00,2137.0,2138.0,2136.0,2136.0,2.1577,2024,3,8
2024-03-08 05:35:00+00:00,2136.0,2137.0,2135.0,2136.0,1.5372,2024,3,8
2024-03-08 05:40:00+00:00,2136.0,2137.0,2136.0,2137.0,0.1446,2024,3,8
2024-03-08 05:45:00+00:00,2137.0,2138.0,2137.0,2137.0,1.8934,2024,3,8
2024-03-08 05:50:00+00:00,2137.0,2139.0,2137.0,2139.0,0.7355,2024,3,8
2024-03-08 05:55:00+00:00,2139.0,2139.0,2139.0,2139.0,0.2843,2024,3,8
2024-03-08 06:00:00+00:00,2138.0,2138.0,2136.0,2136.0,1.2438,2024,3,8
2024-03-08 06:05:00+00:00,2137.0,2137.0,2136.0,2136.0,0.0496,2024,3,8
2024-03-08 06:10:00+00:00,2137.0,2138.0,2134.0,2136.0,1.2264,2024,3,8
2024-03-08 06:15:00+00:00,2136.0,2137.0,2136.0,2136.0,0.3801,2024,3,8
2024-03-08 06:20:00+00:00,2137.0,2137.0,2136.0,2137.0,0.2343,2024,3,8
2024-03-08 06:25:00+00:00,2136.0,2137.0,2133.0,2136.0,2.5553,2024,3,8
2024-03-08 06:30:00+00:00,2135.0,2138.0,2135.0,2138.0,1.0371,2024,3,8
2024-03-08 06:35:00+00:00,2138.0,2138.0,2135.0,2137.0,0.9328,2024,3,8
2024-03-08 06:40:00+00:00,2137.0,2137.0,2135.0,2137.0,1.2535,2024,3,8
2024-03-08 06:45:00+00:00,2137.0,2138.0,2136.0,2136.0,0.7617,2024,3,8
2024-03-08 06:50:00+00:00,2137.0,2138.0,2136.0,2138.0,1.3253,2024,3,8
2024-03-08 06:55:00+00:00,2137.0,2142.0,2137.0,2140.0,8.5055,2024,3,8
2024-03-08 07:00:00+00:00,2141.0,2141.0,2137.0,2138.0,2.3888,2024,3,8
2024-03-08 07:05:00+00:00,2138.0,2140.0,2138.0,2139.0,6.9891,2024,3,8
2024-03-08 07:10:00+00:00,2139.0,2140.0,2137.0,2138.0,6.9981,2024,3,8
2024-03-08 07:15:00+00:00,2138.0,2140.0,2137.0,2139.0,1.3047,2024,3,8
2024-03-08 07:20:00+00:00,2140.0,2140.0,2139.0,2139.0,0.2609,2024,3,8
2024-03-08 07:25:00+00:00,2139.0,2141.0,2139.0,2140.0,2.1237,2024,3,8
2024-03-08 07:30:00+00:00,2140.0,2140.0,2139.0,2140.0,0.5291,2024,3,8
2024-03-08 07:35:00+00:00,2139.0,2142.0,2139.0,2141.0,9.8306,2024,3,8
2024-03-08 07:40:00+00:00,2142.0,2144.0,2140.0,2141.0,4.0936,2024,3,8
2024-03-08 07:45:00+00:00,2142.0,2142.0,2140.0,2142.0,0.4804,2024,3,8
2024-03-08 07:50:00+00:00,2142.0,2142.0,2140.0,2141.0,0.3509,2024,3,8
2024-03-08 07:55:00+00:00,2141.0,2142.0,2139.0,2139.0,2.2141,2024,3,8
2024-03-08 08:00:00+00:00,2140.0,2141.0,2138.0,2141.0,2.7649,2024,3,8
2024-03-08 08:05:00+00:00,2140.0,2141.0,2136.0,2140.0,11.1899,2024,3,8
2024-03-08 08:10:00+00:00,2139.0,2141.0,2138.0,2141.0,2.2871,2024,3,8
2024-03-08 08:15:00+00:00,2142.0,2145.0,2142.0,2144.0,9.6047,2024,3,8
2024-03-08 08:20:00+00:00,2145.0,2145.0,2142.0,2145.0,1.6112,2024,3,8
2024-03-08 08:25:00+00:00,2144.0,2146.0,2143.0,2144.0,2.0384,2024,3,8
2024-03-08 08:30:00+00:00,2145.0,2148.0,2145.0,2147.0,3.8228,2024,3,8
2024-03-08 08:35:00+00:00,2146.0,2147.0,2146.0,2146.0,2.4594,2024,3,8
2024-03-08 08:40:00+00:00,2146.0,2147.0,2145.0,2146.0,1.1303,2024,3,8
2024-03-08 08:45:00+00:00,2145.0,2147.0,2144.0,2145.0,5.9989,2024,3,8
2024-03-08 08:50:00+00:00,2145.0,2146.0,2144.0,2146.0,0.5918,2024,3,8
2024-03-08 08:55:00+00:00,2145.0,2150.0,2145.0,2145.0,10.2954,2024,3,8
2024-03-08 09:00:00+00:00,2145.0,2146.0,2142.0,2142.0,10.7097,2024,3,8
2024-03-08 09:05:00+00:00,2142.0,2143.0,2141.0,2142.0,1.6388,2024,3,8
2024-03-08 09:10:00+00:00,2142.0,2148.0,2142.0,2143.0,16.1984,2024,3,8
2024-03-08 09:15:00+00:00,2142.0,2143.0,2138.0,2140.0,11.9511,2024,3,8
2024-03-08 09:20:00+00:00,2140.0,2143.0,2140.0,2142.0,1.9091,2024,3,8
2024-03-08 09:25:00+00:00,2143.0,2143.0,2142.0,2142.0,0.5433,2024,3,8
2024-03-08 09:30:00+00:00,2142.0,2144.0,2142.0,2143.0,1.4408,2024,3,8
2024-03-08 09:35:00+00:00,2144.0,2144.0,2142.0,2143.0,1.0398,2024,3,8
2024-03-08 09:40:00+00:00,2143.0,2145.0,2142.0,2145.0,1.7377,2024,3,8
2024-03-08 09:45:00+00:00,2144.0,2144.0,2142.0,2144.0,1.147,2024,3,8
2024-03-08 09:50:00+00:00,2144.0,2146.0,2144.0,2146.0,1.0384,2024,3,8
2024-03-08 09:55:00+00:00,2146.0,2147.0,2143.0,2144.0,12.6966,2024,3,8
2024-03-08 10:00:00+00:00,2144.0,2145.0,2144.0,2145.0,0.3966,2024,3,8
2024-03-08 10:05:00+00:00,2145.0,2147.0,2144.0,2146.0,0.6917,2024,3,8
2024-03-08 10:10:00+00:00,2146.0,2146.0,2144.0,2146.0,2.3257,2024,3,8
2024-03-08 10:15:00+00:00,2147.0,2148.0,2146.0,2147.0,3.8507,2024,3,8
2024-03-08 10:20:00+00:00,2148.0,2150.0,2146.0,2148.0,4.0686,2024,3,8
2024-03-08 10:25:00+00:00,2148.0,2149.0,2147.0,2147.0,3.0683,2024,3,8
2024-03-08 10:30:00+00:00,2148.0,2148.0,2146.0,2147.0,0.8478,2024,3,8
2024-03-08 10:35:00+00:00,2148.0,2148.0,2147.0,2148.0,1.2798,2024,3,8
2024-03-08 10:40:00+00:00,2147.0,2148.0,2147.0,2147.0,1.3304,2024,3,8
2024-03-08 10:45:00+00:00,2148.0,2148.0,2146.0,2147.0,0.4983,2024,3,8
2024-03-08 10:50:00+00:00,2148.0,2148.0,2146.0,2146.0,1.2163,2024,3,8
2024-03-08 10:55:00+00:00,2147.0,2149.0,2146.0,2148.0,2.5733,2024,3,8
2024-03-08 11:00:00+00:00,2148.0,2150.0,2147.0,2149.0,3.5489,2024,3,8
2024-03-08 11:05:00+00:00,2149.0,2152.0,2149.0,2151.0,12.1673,2024,3,8
2024-03-08 11:10:00+00:00,2151.0,2151.0,2150.0,2150.0,3.1055,2024,3,8
2024-03-08 11:15:00+00:00,2150.0,2151.0,2150.0,2150.0,0.4964,2024,3,8
2024-03-08 11:20:00+00:00,2151.0,2151.0,2150.0,2150.0,3.7817,2024,3,8
2024-03-08 11:25:00+00:00,2150.0,2151.0,2150.0,2150.0,0.2258,2024,3,8
2024-03-08 11:30:00+00:00,2150.0,2151.0,2150.0,2151.0,1.9829,2024,3,8
2024-03-08 11:35:00+00:00,2150.0,2151.0,2150.0,2150.0,2.0721,2024,3,8
2024-03-08 11:40:00+00:00,2150.0,2151.0,2148.0,2148.0,17.709,2024,3,8
2024-03-08 11:45:00+00:00,2148.0,2150.0,2147.0,2150.0,4.625,2024,3,8
2024-03-08 11:50:00+00:00,2149.0,2150.0,2149.0,2149.0,2.5062,2024,3,8
2024-03-08 11:55:00+00:00,2149.0,2151.0,2148.0,2151.0,3.0703,2024,3,8
2024-03-08 12:00:00+00:00,2151.0,2153.0,2150.0,2152.0,10.3748,2024,3,8
2024-03-08 12:05:00+00:00,2151.0,2152.0,2151.0,2152.0,0.0728,2024,3,8
2024-03-08 12:10:00+00:00,2152.0,2152.0,2144.0,2148.0,15.4223,2024,3,8
2024-03-08 12:15:00+00:00,2147.0,2149.0,2147.0,2149.0,1.4483,2024,3,8
2024-03-08 12:20:00+00:00,2148.0,2150.0,2147.0,2148.0,1.1798,2024,3,8
2024-03-08 12:25:00+00:00,2149.0,2150.0,2148.0,2148.0,1.5054,2024,3,8
2024-03-08 12:30:00+00:00,2148.0,2150.0,2147.0,2147.0,2.3638,2024,3,8
2024-03-08 12:35:00+00:00,2147.0,2147.0,2146.0,2146.0,0.4468,2024,3,8
2024-03-08 12:40:00+00:00,2147.0,2150.0,2147.0,2149.0,2.3118,2024,3,8
2024-03-08 12:45:00+00:00,2149.0,2153.0,2149.0,2151.0,38.4188,2024,3,8
2024-03-08 12:50:00+00:00,2152.0,2152.0,2150.0,2151.0,0.5457,2024,3,8
2024-03-08 12:55:00+00:00,2150.0,2151.0,2149.0,2149.0,3.4979,2024,3,8
2024-03-08 13:00:00+00:00,2149.0,2149.0,2145.0,2147.0,5.2522,2024,3,8
2024-03-08 13:05:00+00:00,2147.0,2149.0,2147.0,2148.0,1.2223,2024,3,8
2024-03-08 13:10:00+00:00,2148.0,2149.0,2145.0,2145.0,11.5199,2024,3,8
2024-03-08 13:15:00+00:00,2147.0,2147.0,2145.0,2145.0,0.5467,2024,3,8
2024-03-08 13:20:00+00:00,2145.0,2146.0,2144.0,2145.0,1.6985,2024,3,8
2024-03-08 13:25:00+00:00,2146.0,2146.0,2143.0,2146.0,1.7863,2024,3,8
2024-03-08 13:30:00+00:00,2145.0,2153.0,2140.0,2152.0,28.9607,2024,3,8
2024-03-08 13:35:00+00:00,2152.0,2153.0,2151.0,2153.0,1.4657,2024,3,8
2024-03-08 13:40:00+00:00,2153.0,2155.0,2152.0,2155.0,13.6302,2024,3,8
2024-03-08 13:45:00+00:00,2154.0,2157.0,2154.0,2155.0,3.8753,2024,3,8
2024-03-08 13:50:00+00:00,2156.0,2156.0,2153.0,2153.0,2.9672,2024,3,8
2024-03-08 13:55:00+00:00,2154.0,2154.0,2153.0,2153.0,2.5512,2024,3,8
2024-03-08 14:00:00+00:00,2153.0,2154.0,2152.0,2153.0,1.3984,2024,3,8
2024-03-08 14:05:00+00:00,2152.0,2154.0,2148.0,2150.0,8.9257,2024,3,8
2024-03-08 14:10:00+00:00,2150.0,2151.0,2148.0,2149.0,2.5752,2024,3,8
2024-03-08 14:15:00+00:00,2149.0,2150.0,2145.0,2149.0,6.7216,2024,3,8
2024-03-08 14:20:00+00:00,2148.0,2150.0,2148.0,2150.0,1.6247,2024,3,8
2024-03-08 14:25:00+00:00,2150.0,2151.0,2149.0,2149.0,2.6468,2024,3,8
2024-03-08 14:30:00+00:00,2150.0,2160.0,2150.0,2154.0,34.6598,2024,3,8
2024-03-08 14:35:00+00:00,2153.0,2155.0,2150.0,2150.0,6.5876,2024,3,8
2024-03-08 14:40:00+00:00,2151.0,2152.0,2135.0,2144.0,71.3291,2024,3,8
2024-03-08 14:45:00+00:00,2145.0,2148.0,2145.0,2146.0,8.2005,2024,3,8
2024-03-08 14:50:00+00:00,2145.0,2149.0,2145.0,2148.0,1.4531,2024,3,8
2024-03-08 14:55:00+00:00,2147.0,2147.0,2145.0,2147.0,2.1252,2024,3,8
2024-03-08 15:00:00+00:00,2146.0,2152.0,2146.0,2147.0,6.286,2024,3,8
2024-03-08 15:05:00+00:00,2147.0,2149.0,2147.0,2149.0,2.7573,2024,3,8
2024-03-08 15:10:00+00:00,2148.0,2150.0,2145.0,2148.0,3.1799,2024,3,8
2024-03-08 15:15:00+00:00,2148.0,2149.0,2146.0,2147.0,1.0859,2024,3,8
2024-03-08 15:20:00+00:00,2146.0,2148.0,2143.0,2143.0,6.0642,2024,3,8
2024-03-08 15:25:00+00:00,2144.0,2148.0,2144.0,2147.0,6.051,2024,3,8
2024-03-08 15:30:00+00:00,2147.0,2152.0,2135.0,2142.0,123.1139,2024,3,8
2024-03-08 15:35:00+00:00,2141.0,2144.0,2139.0,2142.0,78.219,2024,3,8
2024-03-08 15:40:00+00:00,2142.0,2142.0,2136.0,2141.0,14.9337,2024,3,8
2024-03-08 15:45:00+00:00,2141.0,2141.0,2139.0,2141.0,3.6364,2024,3,8
2024-03-08 15:50:00+00:00,2141.0,2145.0,2141.0,2143.0,5.3116,2024,3,8
2024-03-08 15:55:00+00:00,2143.0,2156.0,2141.0,2151.0,37.3417,2024,3,8
2024-03-08 16:00:00+00:00,2151.0,2160.0,2144.0,2147.0,83.5459,2024,3,8
2024-03-08 16:05:00+00:00,2147.0,2156.0,2147.0,2150.0,15.6961,2024,3,8
2024-03-08 16:10:00+00:00,2151.0,2155.0,2147.0,2150.0,22.2221,2024,3,8
2024-03-08 16:15:00+00:00,2151.0,2155.0,2150.0,2154.0,4.4265,2024,3,8
2024-03-08 16:20:00+00:00,2154.0,2155.0,2150.0,2152.0,13.5199,2024,3,8
2024-03-08 16:25:00+00:00,2152.0,2157.0,2148.0,2150.0,6.2321,2024,3,8
2024-03-08 16:30:00+00:00,2149.0,2152.0,2149.0,2152.0,6.8953,2024,3,8
2024-03-08 16:35:00+00:00,2151.0,2155.0,2151.0,2153.0,18.3325,2024,3,8
2024-03-08 16:40:00+00:00,2153.0,2160.0,2152.0,2153.0,12.0792,2024,3,8
2024-03-08 16:45:00+00:00,2154.0,2157.0,2147.0,2154.0,35.8517,2024,3,8
2024-03-08 16:50:00+00:00,2154.0,2155.0,2147.0,2149.0,7.7634,2024,3,8
2024-03-08 16:55:00+00:00,2150.0,2150.0,2146.0,2149.0,2.8972,2024,3,8
2024-03-08 17:00:00+00:00,2148.0,2154.0,2144.0,2153.0,12.366,2024,3,8
2024-03-08 17:05:00+00:00,2153.0,2158.0,2152.0,2157.0,3.3669,2024,3,8
2024-03-08 17:10:00+00:00,2156.0,2157.0,2155.0,2155.0,1.7777,2024,3,8
2024-03-08 17:15:00+00:00,2155.0,2159.0,2148.0,2157.0,8.3934,2024,3,8
2024-03-08 17:20:00+00:00,2156.0,2159.0,2148.0,2155.0,18.9859,2024,3,8
2024-03-08 17:25:00+00:00,2155.0,2156.0,2154.0,2155.0,0.8569,2024,3,8
2024-03-08 17:30:00+00:00,2156.0,2159.0,2155.0,2158.0,4.3186,2024,3,8
2024-03-08 17:35:00+00:00,2158.0,2162.0,2156.0,2160.0,12.5068,2024,3,8
2024-03-08 17:40:00+00:00,2160.0,2163.0,2157.0,2157.0,4.1318,2024,3,8
2024-03-08 17:45:00+00:00,2157.0,2158.0,2156.0,2156.0,17.3532,2024,3,8
2024-03-08 17:50:00+00:00,2156.0,2157.0,2152.0,2154.0,109.1184,2024,3,8
2024-03-08 17:55:00+00:00,2154.0,2156.0,2152.0,2152.0,2.1756,2024,3,8
2024-03-08 18:00:00+00:00,2152.0,2153.0,2150.0,2151.0,2.5779,2024,3,8
2024-03-08 18:05:00+00:00,2152.0,2153.0,2148.0,2148.0,14.723,2024,3,8
2024-03-08 18:10:00+00:00,2149.0,2149.0,2148.0,2149.0,4.9581,2024,3,8
2024-03-08 18:15:00+00:00,2149.0,2150.0,2148.0,2149.0,2.3022,2024,3,8
2024-03-08 18:20:00+00:00,2149.0,2149.0,2148.0,2149.0,2.0653,2024,3,8
2024-03-08 18:25:00+00:00,2149.0,2150.0,2148.0,2148.0,3.8479,2024,3,8
2024-03-08 18:30:00+00:00,2149.0,2150.0,2148.0,2149.0,3.3802,2024,3,8
2024-03-08 18:35:00+00:00,2149.0,2150.0,2148.0,2150.0,4.5727,2024,3,8
2024-03-08 18:40:00+00:00,2150.0,2150.0,2148.0,2149.0,7.5797,2024,3,8
2024-03-08 18:45:00+00:00,2148.0,2150.0,2148.0,2149.0,3.3343,2024,3,8
2024-03-08 18:50:00+00:00,2149.0,2150.0,2148.0,2150.0,1.3876,2024,3,8
2024-03-08 18:55:00+00:00,2149.0,2150.0,2149.0,2149.0,3.4319,2024,3,8
2024-03-08 19:00:00+00:00,2149.0,2150.0,2147.0,2148.0,1.4088,2024,3,8
2024-03-08 19:05:00+00:00,2147.0,2149.0,2147.0,2148.0,4.9615,2024,3,8
2024-03-08 19:10:00+00:00,2147.0,2148.0,2146.0,2146.0,4.2022,2024,3,8
2024-03-08 19:15:00+00:00,2147.0,2148.0,2147.0,2148.0,1.2315,2024,3,8
2024-03-08 19:20:00+00:00,2148.0,2150.0,2141.0,2147.0,16.272,2024,3,8
2024-03-08 19:25:00+00:00,2147.0,2149.0,2147.0,2148.0,4.0305,2024,3,8
2024-03-08 19:30:00+00:00,2148.0,2149.0,2148.0,2149.0,3.1241,2024,3,8
2024-03-08 19:35:00+00:00,2148.0,2148.0,2142.0,2147.0,4.7873,2024,3,8
2024-03-08 19:40:00+00:00,2147.0,2148.0,2146.0,2148.0,1.0179,2024,3,8
2024-03-08 19:45:00+00:00,2148.0,2149.0,2144.0,2146.0,2.7215,2024,3,8
2024-03-08 19:50:00+00:00,2145.0,2146.0,2144.0,2145.0,2.8941,2024,3,8
2024-03-08 19:55:00+00:00,2145.0,2146.0,2144.0,2144.0,2.3629,2024,3,8
2024-03-08 20:00:00+00:00,2145.0,2148.0,2138.0,2146.0,37.3683,2024,3,8
2024-03-08 20:05:00+00:00,2146.0,2148.0,2143.0,2144.0,8.0453,2024,3,8
2024-03-08 20:10:00+00:00,2143.0,2146.0,2142.0,2145.0,3.1986,2024,3,8
2024-03-08 20:15:00+00:00,2145.0,2147.0,2143.0,2146.0,2.3199,2024,3,8
2024-03-08 20:20:00+00:00,2146.0,2147.0,2140.0,2144.0,9.0993,2024,3,8
2024-03-08 20:25:00+00:00,2144.0,2145.0,2141.0,2141.0,1.9736,2024,3,8
2024-03-08 20:30:00+00:00,2142.0,2143.0,2139.0,2140.0,4.5054,2024,3,8
2024-03-08 20:35:00+00:00,2141.0,2141.0,2139.0,2140.0,0.7087,2024,3,8
2024-03-08 20:40:00+00:00,2141.0,2141.0,2140.0,2141.0,0.0915,2024,3,8
2024-03-08 20:45:00+00:00,2141.0,2141.0,2139.0,2140.0,0.7969,2024,3,8
2024-03-08 20:50:00+00:00,2141.0,2144.0,2140.0,2141.0,3.6035,2024,3,8
2024-03-08 20:55:00+00:00,2142.0,2142.0,2141.0,2141.0,0.4575,2024,3,8
2024-03-08 21:00:00+00:00,2141.0,2142.0,2140.0,2141.0,13.2038,2024,3,8
2024-03-08 21:05:00+00:00,2141.0,2141.0,2136.0,2136.0,13.3687,2024,3,8
2024-03-08 21:10:00+00:00,2137.0,2137.0,2136.0,2137.0,0.9495,2024,3,8
2024-03-08 21:15:00+00:00,2136.0,2138.0,2136.0,2137.0,7.736,2024,3,8
2024-03-08 21:20:00+00:00,2136.0,2136.0,2133.0,2134.0,3.3241,2024,3,8
2024-03-08 21:25:00+00:00,2134.0,2135.0,2134.0,2134.0,3.4637,2024,3,8
2024-03-08 21:30:00+00:00,2134.0,2135.0,2134.0,2134.0,10.8732,2024,3,8
2024-03-08 21:35:00+00:00,2134.0,2135.0,2134.0,2135.0,0.872,2024,3,8
2024-03-08 21:40:00+00:00,2135.0,2135.0,2135.0,2135.0,0.5627,2024,3,8
2024-03-08 21:45:00+00:00,2134.0,2135.0,2134.0,2135.0,4.5284,2024,3,8
2024-03-08 21:50:00+00:00,2135.0,2135.0,2133.0,2134.0,3.3394,2024,3,8
2024-03-08 21:55:00+00:00,2135.0,2135.0,2130.0,2131.0,51.8186,2024,3,8
2024-03-08 22:00:00+00:00,2131.0,2132.0,2131.0,2132.0,32.2678,2024,3,8
2024-03-08 22:05:00+00:00,2132.0,2134.0,2131.0,2131.0,42.3089,2024,3,8
2024-03-08 22:10:00+00:00,2131.0,2131.0,2130.0,2131.0,9.8815,2024,3,8
2024-03-08 22:15:00+00:00,2131.0,2131.0,2131.0,2131.0,0.9708,2024,3,8
2024-03-08 22:20:00+00:00,2131.0,2131.0,2128.0,2129.0,37.1562,2024,3,8
2024-03-08 22:25:00+00:00,2129.0,2130.0,2127.0,2128.0,54.5118,2024,3,8
2024-03-08 22:30:00+00:00,2128.0,2128.0,2125.0,2128.0,4.635,2024,3,8
2024-03-08 22:35:00+00:00,2128.0,2128.0,2127.0,2128.0,1.9269,2024,3,8
2024-03-08 22:40:00+00:00,2128.0,2128.0,2127.0,2128.0,29.3086,2024,3,8
2024-03-08 22:45:00+00:00,2128.0,2128.0,2125.0,2127.0,13.2914,2024,3,8
2024-03-08 22:50:00+00:00,2128.0,2128.0,2125.0,2126.0,2.2039,2024,3,8
2024-03-08 22:55:00+00:00,2126.0,2128.0,2124.0,2126.0,51.9418,2024,3,8
2024-03-08 23:00:00+00:00,2126.0,2127.0,2122.0,2125.0,9.2243,2024,3,8
2024-03-08 23:05:00+00:00,2125.0,2125.0,2123.0,2124.0,0.8411,2024,3,8
2024-03-08 23:10:00+00:00,2125.0,2125.0,2121.0,2122.0,6.6179,2024,3,8
2024-03-08 23:15:00+00:00,2122.0,2122.0,2121.0,2121.0,1.6931,2024,3,8
2024-03-08 23:20:00+00:00,2121.0,2122.0,2121.0,2122.0,7.9547,2024,3,8
2024-03-08 23:25:00+00:00,2121.0,2122.0,2121.0,2121.0,0.0777,2024,3,8
2024-03-08 23:30:00+00:00,2121.0,2122.0,2121.0,2122.0,0.6907,2024,3,8
2024-03-08 23:35:00+00:00,2122.0,2122.0,2121.0,2122.0,2.4934,2024,3,8
2024-03-08 23:40:00+00:00,2122.0,2122.0,2122.0,2122.0,1.7097,2024,3,8
2024-03-08 23:45:00+00:00,2122.0,2124.0,2120.0,2124.0,5.2042,2024,3,8
2024-03-08 23:50:00+00:00,2125.0,2135.0,2124.0,2130.0,13.9863,2024,3,8
2024-03-08 23:55:00+00:00,2130.0,2134.0,2130.0,2131.0,1.6824,2024,3,8
2024-03-09 00:00:00+00:00,2131.0,2133.0,2131.0,2132.0,0.8842,2024,3,9
2024-03-09 00:05:00+00:00,2131.0,2132.0,2131.0,2132.0,0.5237,2024,3,9
2024-03-09 00:10:00+00:00,2133.0,2133.0,2132.0,2133.0,0.3898,2024,3,9
2024-03-09 00:15:00+00:00,2132.0,2133.0,2132.0,2132.0,0.5023,2024,3,9
2024-03-09 00:20:00+00:00,2131.0,2132.0,2131.0,2132.0,0.2882,2024,3,9
2024-03-09 00:25:00+00:00,2132.0,2136.0,2132.0,2133.0,2.0863,2024,3,9
2024-03-09 00:30:00+00:00,2133.0,2133.0,2132.0,2132.0,0.3798,2024,3,9
2024-03-09 00:35:00+00:00,2132.0,2133.0,2131.0,2132.0,0.4829,2024,3,9
2024-03-09 00:40:00+00:00,2133.0,2133.0,2131.0,2131.0,1.0959,2024,3,9
2024-03-09 00:45:00+00:00,2130.0,2130.0,2128.0,2130.0,3.6289,2024,3,9
2024-03-09 00:50:00+00:00,2130.0,2131.0,2129.0,2130.0,1.2716,2024,3,9
2024-03-09 00:55:00+00:00,2129.0,2129.0,2127.0,2129.0,1.4262,2024,3,9
2024-03-09 01:00:00+00:00,2129.0,2134.0,2129.0,2132.0,13.0087,2024,3,9
2024-03-09 01:05:00+00:00,2133.0,2134.0,2132.0,2134.0,1.7537,2024,3,9
2024-03-09 01:10:00+00:00,2134.0,2134.0,2133.0,2134.0,5.0209,2024,3,9
2024-03-09 01:15:00+00:00,2133.0,2133.0,2130.0,2132.0,17.6466,2024,3,9
2024-03-09 01:20:00+00:00,2131.0,2132.0,2131.0,2132.0,0.1373,2024,3,9
2024-03-09 01:25:00+00:00,2132.0,2132.0,2131.0,2132.0,0.1552,2024,3,9
2024-03-09 01:30:00+00:00,2132.0,2134.0,2132.0,2134.0,0.2605,2024,3,9
2024-03-09 01:35:00+00:00,2134.0,2135.0,2133.0,2134.0,0.1377,2024,3,9
2024-03-09 01:40:00+00:00,2133.0,2134.0,2133.0,2134.0,0.1857,2024,3,9
2024-03-09 01:45:00+00:00,2133.0,2134.0,2131.0,2131.0,3.824,2024,3,9
2024-03-09 01:50:00+00:00,2131.0,2132.0,2130.0,2132.0,7.5043,2024,3,9
2024-03-09 01:55:00+00:00,2133.0,2133.0,2132.0,2133.0,0.046,2024,3,9
2024-03-09 02:00:00+00:00,2132.0,2133.0,2132.0,2133.0,1.7868,2024,3,9
2024-03-09 02:05:00+00:00,2133.0,2133.0,2132.0,2132.0,0.0524,2024,3,9
2024-03-09 02:10:00+00:00,2133.0,2133.0,2132.0,2133.0,0.4308,2024,3,9
2024-03-09 02:15:00+00:00,2133.0,2133.0,2132.0,2133.0,0.0775,2024,3,9
2024-03-09 02:20:00+00:00,2132.0,2133.0,2132.0,2133.0,0.1446,2024,3,9
2024-03-09 02:25:00+00:00,2134.0,2134.0,2133.0,2134.0,0.4194,2024,3,9
2024-03-09 02:30:00+00:00,2133.0,2135.0,2133.0,2135.0,0.1325,2024,3,9
2024-03-09 02:35:00+00:00,2134.0,2135.0,2134.0,2135.0,1.0802,2024,3,9
2024-03-09 02:40:00+00:00,2135.0,2137.0,2135.0,2136.0,1.1329,2024,3,9
2024-03-09 02:45:00+00:00,2135.0,2136.0,2135.0,2136.0,0.2252,2024,3,9
2024-03-09 02:50:00+00:00,2136.0,2137.0,2135.0,2137.0,4.8989,2024,3,9
2024-03-09 02:55:00+00:00,2137.0,2137.0,2136.0,2136.0,0.1757,2024,3,9
2024-03-09 03:00:00+00:00,2136.0,2137.0,2135.0,2137.0,0.2704,2024,3,9
2024-03-09 03:05:00+00:00,2137.0,2137.0,2135.0,2136.0,0.6865,2024,3,9
2024-03-09 03:10:00+00:00,2136.0,2137.0,2135.0,2135.0,0.6271,2024,3,9
2024-03-09 03:15:00+00:00,2136.0,2136.0,2135.0,2136.0,0.7624,2024,3,9
2024-03-09 03:20:00+00:00,2137.0,2137.0,2136.0,2137.0,0.1249,2024,3,9
2024-03-09 03:25:00+00:00,2137.0,2137.0,2136.0,2137.0,0.0488,2024,3,9
2024-03-09 03:30:00+00:00,2136.0,2137.0,2136.0,2137.0,0.9609,2024,3,9
2024-03-09 03:35:00+00:00,2137.0,2137.0,2136.0,2136.0,0.0341,2024,3,9
2024-03-09 03:40:00+00:00,2137.0,2138.0,2137.0,2137.0,1.1051,2024,3,9
2024-03-09 03:45:00+00:00,2137.0,2137.0,2136.0,2137.0,0.0675,2024,3,9
2024-03-09 03:50:00+00:00,2137.0,2138.0,2136.0,2138.0,0.2789,2024,3,9
2024-03-09 03:55:00+00:00,2138.0,2138.0,2135.0,2135.0,1.267,2024,3,9
2024-03-09 04:00:00+00:00,2135.0,2137.0,2135.0,2137.0,1.2845,2024,3,9
2024-03-09 04:05:00+00:00,2137.0,2137.0,2136.0,2137.0,0.2907,2024,3,9
2024-03-09 04:10:00+00:00,2137.0,2140.0,2136.0,2136.0,19.4509,2024,3,9
2024-03-09 04:15:00+00:00,2137.0,2139.0,2133.0,2135.0,4.8865,2024,3,9
2024-03-09 04:20:00+00:00,2135.0,2136.0,2135.0,2135.0,0.1434,2024,3,9
2024-03-09 04:25:00+00:00,2136.0,2136.0,2135.0,2135.0,0.1441,2024,3,9
2024-03-09 04:30:00+00:00,2136.0,2136.0,2135.0,2136.0,0.1297,2024,3,9
2024-03-09 04:35:00+00:00,2135.0,2137.0,2134.0,2136.0,1.2911,2024,3,9
2024-03-09 04:40:00+00:00,2135.0,2136.0,2132.0,2134.0,2.674,2024,3,9
2024-03-09 04:45:00+00:00,2133.0,2134.0,2132.0,2133.0,0.2725,2024,3,9
2024-03-09 04:50:00+00:00,2133.0,2135.0,2133.0,2135.0,0.9665,2024,3,9
2024-03-09 04:55:00+00:00,2135.0,2136.0,2135.0,2136.0,0.36,2024,3,9
2024-03-09 05:00:00+00:00,2136.0,2139.0,2136.0,2138.0,1.0543,2024,3,9
2024-03-09 05:05:00+00:00,2137.0,2137.0,2136.0,2137.0,0.0291,2024,3,9
2024-03-09 05:10:00+00:00,2137.0,2140.0,2134.0,2137.0,7.2195,2024,3,9
2024-03-09 05:15:00+00:00,2137.0,2137.0,2136.0,2137.0,0.7323,2024,3,9
2024-03-09 05:20:00+00:00,2136.0,2137.0,2134.0,2136.0,1.422,2024,3,9
2024-03-09 05:25:00+00:00,2135.0,2135.0,2131.0,2132.0,2.0251,2024,3,9
2024-03-09 05:30:00+00:00,2133.0,2136.0,2130.0,2133.0,4.5657,2024,3,9
2024-03-09 05:35:00+00:00,2133.0,2133.0,2131.0,2132.0,0.635,2024,3,9
2024-03-09 05:40:00+00:00,2132.0,2133.0,2130.0,2133.0,2.3604,2024,3,9
2024-03-09 05:45:00+00:00,2133.0,2133.0,2130.0,2132.0,2.5347,2024,3,9
2024-03-09 05:50:00+00:00,2132.0,2133.0,2132.0,2132.0,0.146,2024,3,9
2024-03-09 05:55:00+00:00,2132.0,2132.0,2132.0,2132.0,0.2432,2024,3,9
2024-03-09 06:00:00+00:00,2131.0,2135.0,2130.0,2135.0,1.726,2024,3,9
2024-03-09 06:05:00+00:00,2135.0,2135.0,2130.0,2133.0,1.0155,2024,3,9
2024-03-09 06:10:00+00:00,2133.0,2134.0,2132.0,2134.0,0.6504,2024,3,9
2024-03-09 06:15:00+00:00,2133.0,2135.0,2132.0,2134.0,1.5413,2024,3,9
2024-03-09 06:20:00+00:00,2135.0,2135.0,2134.0,2134.0,0.2337,2024,3,9
2024-03-09 06:25:00+00:00,2133.0,2133.0,2132.0,2132.0,0.1869,2024,3,9
2024-03-09 06:30:00+00:00,2133.0,2134.0,2132.0,2133.0,1.656,2024,3,9
2024-03-09 06:35:00+00:00,2133.0,2133.0,2133.0,2133.0,0.0893,2024,3,9
2024-03-09 06:40:00+00:00,2132.0,2133.0,2131.0,2133.0,0.788,2024,3,9
2024-03-09 06:45:00+00:00,2133.0,2133.0,2132.0,2132.0,1.5437,2024,3,9
2024-03-09 06:50:00+00:00,2133.0,2133.0,2132.0,2133.0,0.1676,2024,3,9
2024-03-09 06:55:00+00:00,2132.0,2133.0,2130.0,2132.0,10.1834,2024,3,9
2024-03-09 07:00:00+00:00,2132.0,2133.0,2130.0,2132.0,4.0515,2024,3,9
2024-03-09 07:05:00+00:00,2132.0,2133.0,2132.0,2133.0,0.2994,2024,3,9
2024-03-09 07:10:00+00:00,2132.0,2133.0,2132.0,2133.0,0.7046,2024,3,9
2024-03-09 07:15:00+00:00,2133.0,2133.0,2133.0,2133.0,0.2428,2024,3,9
2024-03-09 07:20:00+00:00,2133.0,2133.0,2131.0,2132.0,1.7113,2024,3,9
2024-03-09 07:25:00+00:00,2132.0,2132.0,2130.0,2132.0,1.0989,2024,3,9
2024-03-09 07:30:00+00:00,2132.0,2132.0,2130.0,2131.0,0.5657,2024,3,9
2024-03-09 07:35:00+00:00,2131.0,2133.0,2131.0,2132.0,1.0402,2024,3,9
2024-03-09 07:40:00+00:00,2132.0,2132.0,2131.0,2132.0,0.8753,2024,3,9
2024-03-09 07:45:00+00:00,2132.0,2136.0,2132.0,2132.0,19.6768,2024,3,9
2024-03-09 07:50:00+00:00,2134.0,2138.0,2134.0,2136.0,5.8721,2024,3,9
2024-03-09 07:55:00+00:00,2136.0,2137.0,2134.0,2137.0,7.7367,2024,3,9
2024-03-09 08:00:00+00:00,2137.0,2138.0,2136.0,2137.0,0.5598,2024,3,9
2024-03-09 08:05:00+00:00,2136.0,2138.0,2136.0,2136.0,1.7169,2024,3,9
2024-03-09 08:10:00+00:00,2136.0,2136.0,2133.0,2135.0,4.5143,2024,3,9
2024-03-09 08:15:00+00:00,2134.0,2135.0,2134.0,2134.0,0.8674,2024,3,9
2024-03-09 08:20:00+00:00,2133.0,2135.0,2133.0,2134.0,2.4819,2024,3,9
2024-03-09 08:25:00+00:00,2134.0,2134.0,2131.0,2134.0,2.7813,2024,3,9
2024-03-09 08:30:00+00:00,2134.0,2136.0,2134.0,2135.0,0.8067,2024,3,9
2024-03-09 08:35:00+00:00,2134.0,2135.0,2131.0,2135.0,9.5276,2024,3,9
2024-03-09 08:40:00+00:00,2134.0,2134.0,2134.0,2134.0,0.2462,2024,3,9
2024-03-09 08:45:00+00:00,2134.0,2134.0,2133.0,2133.0,0.2175,2024,3,9
2024-03-09 08:50:00+00:00,2134.0,2135.0,2132.0,2133.0,4.6236,2024,3,9
2024-03-09 08:55:00+00:00,2132.0,2134.0,2132.0,2133.0,0.2941,2024,3,9
2024-03-09 09:00:00+00:00,2134.0,2140.0,2133.0,2136.0,3.9223,2024,3,9
2024-03-09 09:05:00+00:00,2136.0,2138.0,2136.0,2138.0,1.0767,2024,3,9
2024-03-09 09:10:00+00:00,2138.0,2139.0,2136.0,2137.0,1.396,2024,3,9
2024-03-09 09:15:00+00:00,2137.0,2138.0,2137.0,2138.0,0.2448,2024,3,9
2024-03-09 09:20:00+00:00,2137.0,2140.0,2137.0,2139.0,3.5938,2024,3,9
2024-03-09 09:25:00+00:00,2140.0,2140.0,2137.0,2138.0,1.1432,2024,3,9
2024-03-09 09:30:00+00:00,2138.0,2138.0,2137.0,2138.0,0.2189,2024,3,9
2024-03-09 09:35:00+00:00,2138.0,2140.0,2137.0,2139.0,1.6731,2024,3,9
2024-03-09 09:40:00+00:00,2139.0,2139.0,2137.0,2138.0,1.5928,2024,3,9
2024-03-09 09:45:00+00:00,2138.0,2139.0,2133.0,2135.0,4.7979,2024,3,9
2024-03-09 09:50:00+00:00,2135.0,2136.0,2135.0,2135.0,0.7522,2024,3,9
2024-03-09 09:55:00+00:00,2135.0,2137.0,2133.0,2135.0,3.2875,2024,3,9
2024-03-09 10:00:00+00:00,2136.0,2136.0,2136.0,2136.0,0.216,2024,3,9
2024-03-09 10:05:00+00:00,2135.0,2136.0,2135.0,2136.0,0.629,2024,3,9
2024-03-09 10:10:00+00:00,2135.0,2135.0,2134.0,2134.0,1.1056,2024,3,9
2024-03-09 10:15:00+00:00,2135.0,2135.0,2134.0,2135.0,0.2576,2024,3,9
2024-03-09 10:20:00+00:00,2135.0,2139.0,2134.0,2138.0,14.4696,2024,3,9
2024-03-09 10:25:00+00:00,2137.0,2138.0,2135.0,2136.0,1.6294,2024,3,9
2024-03-09 10:30:00+00:00,2137.0,2138.0,2137.0,2138.0,1.3667,2024,3,9
2024-03-09 10:35:00+00:00,2137.0,2138.0,2132.0,2134.0,20.4076,2024,3,9
2024-03-09 10:40:00+00:00,2135.0,2135.0,2134.0,2134.0,0.1622,2024,3,9
2024-03-09 10:45:00+00:00,2135.0,2135.0,2134.0,2135.0,0.2334,2024,3,9
2024-03-09 10:50:00+00:00,2135.0,2137.0,2134.0,2137.0,2.2882,2024,3,9
2024-03-09 10:55:00+00:00,2135.0,2138.0,2135.0,2136.0,3.4411,2024,3,9
2024-03-09 11:00:00+00:00,2137.0,2137.0,2133.0,2133.0,3.7013,2024,3,9
2024-03-09 11:05:00+00:00,2133.0,2133.0,2132.0,2133.0,0.2895,2024,3,9
2024-03-09 11:10:00+00:00,2133.0,2134.0,2133.0,2133.0,0.2677,2024,3,9
2024-03-09 11:15:00+00:00,2134.0,2134.0,2133.0,2133.0,0.1542,2024,3,9
2024-03-09 11:20:00+00:00,2134.0,2134.0,2133.0,2133.0,0.9919,2024,3,9
2024-03-09 11:25:00+00:00,2133.0,2136.0,2133.0,2135.0,1.5083,2024,3,9
2024-03-09 11:30:00+00:00,2135.0,2136.0,2134.0,2134.0,1.3555,2024,3,9
2024-03-09 11:35:00+00:00,2134.0,2135.0,2133.0,2133.0,3.4866,2024,3,9
2024-03-09 11:40:00+00:00,2135.0,2135.0,2134.0,2135.0,1.455,2024,3,9
2024-03-09 11:45:00+00:00,2134.0,2135.0,2134.0,2135.0,0.9001,2024,3,9
2024-03-09 11:50:00+00:00,2134.0,2135.0,2133.0,2133.0,1.7667,2024,3,9
2024-03-09 11:55:00+00:00,2134.0,2134.0,2133.0,2134.0,1.5649,2024,3,9
2024-03-09 12:00:00+00:00,2134.0,2134.0,2133.0,2134.0,0.1104,2024,3,9
2024-03-09 12:05:00+00:00,2133.0,2134.0,2133.0,2134.0,0.5164,2024,3,9
2024-03-09 12:10:00+00:00,2134.0,2137.0,2133.0,2136.0,8.0454,2024,3,9
2024-03-09 12:15:00+00:00,2135.0,2139.0,2135.0,2135.0,11.0384,2024,3,9
2024-03-09 12:20:00+00:00,2135.0,2136.0,2134.0,2134.0,1.1041,2024,3,9
2024-03-09 12:25:00+00:00,2134.0,2136.0,2133.0,2135.0,1.8648,2024,3,9
2024-03-09 12:30:00+00:00,2134.0,2136.0,2134.0,2134.0,0.98,2024,3,9
2024-03-09 12:35:00+00:00,2136.0,2137.0,2134.0,2135.0,1.2318,2024,3,9
2024-03-09 12:40:00+00:00,2135.0,2136.0,2134.0,2136.0,0.4072,2024,3,9
2024-03-09 12:45:00+00:00,2136.0,2138.0,2133.0,2136.0,8.7162,2024,3,9
2024-03-09 12:50:00+00:00,2137.0,2137.0,2133.0,2136.0,3.1423,2024,3,9
2024-03-09 12:55:00+00:00,2135.0,2136.0,2135.0,2135.0,2.7437,2024,3,9
2024-03-09 13:00:00+00:00,2136.0,2136.0,2134.0,2135.0,0.8569,2024,3,9
2024-03-09 13:05:00+00:00,2134.0,2135.0,2133.0,2134.0,0.9791,2024,3,9
2024-03-09 13:10:00+00:00,2134.0,2136.0,2133.0,2136.0,10.9156,2024,3,9
2024-03-09 13:15:00+00:00,2136.0,2136.0,2132.0,2133.0,1.0349,2024,3,9
2024-03-09 13:20:00+00:00,2134.0,2135.0,2133.0,2133.0,0.7624,2024,3,9
2024-03-09 13:25:00+00:00,2134.0,2139.0,2134.0,2135.0,3.6728,2024,3,9
2024-03-09 13:30:00+00:00,2135.0,2140.0,2135.0,2135.0,9.3092,2024,3,9
2024-03-09 13:35:00+00:00,2135.0,2135.0,2133.0,2133.0,3.6632,2024,3,9
2024-03-09 13:40:00+00:00,2134.0,2140.0,2134.0,2136.0,3.3263,2024,3,9
2024-03-09 13:45:00+00:00,2136.0,2136.0,2135.0,2136.0,0.1815,2024,3,9
2024-03-09 13:50:00+00:00,2136.0,2136.0,2135.0,2136.0,0.4185,2024,3,9
2024-03-09 13:55:00+00:00,2136.0,2137.0,2136.0,2137.0,0.4157,2024,3,9
2024-03-09 14:00:00+00:00,2137.0,2137.0,2133.0,2137.0,3.0173,2024,3,9
2024-03-09 14:05:00+00:00,2137.0,2137.0,2137.0,2137.0,0.3381,2024,3,9
2024-03-09 14:10:00+00:00,2136.0,2138.0,2136.0,2137.0,1.6597,2024,3,9
2024-03-09 14:15:00+00:00,2138.0,2138.0,2133.0,2136.0,2.2322,2024,3,9
2024-03-09 14:20:00+00:00,2136.0,2136.0,2134.0,2135.0,0.3518,2024,3,9
2024-03-09 14:25:00+00:00,2135.0,2135.0,2134.0,2135.0,0.0912,2024,3,9
2024-03-09 14:30:00+00:00,2134.0,2135.0,2134.0,2135.0,1.3784,2024,3,9
2024-03-09 14:35:00+00:00,2135.0,2140.0,2134.0,2137.0,17.8517,2024,3,9
2024-03-09 14:40:00+00:00,2137.0,2138.0,2135.0,2136.0,1.308,2024,3,9
2024-03-09 14:45:00+00:00,2135.0,2135.0,2134.0,2134.0,0.8464,2024,3,9
2024-03-09 14:50:00+00:00,2134.0,2135.0,2133.0,2135.0,2.8042,2024,3,9
2024-03-09 14:55:00+00:00,2135.0,2135.0,2134.0,2135.0,0.2684,2024,3,9
2024-03-09 15:00:00+00:00,2135.0,2135.0,2133.0,2135.0,9.3606,2024,3,9
2024-03-09 15:05:00+00:00,2135.0,2135.0,2134.0,2135.0,1.039,2024,3,9
2024-03-09 15:10:00+00:00,2135.0,2136.0,2133.0,2134.0,2.2908,2024,3,9
2024-03-09 15:15:00+00:00,2134.0,2137.0,2134.0,2137.0,4.6741,2024,3,9
2024-03-09 15:20:00+00:00,2137.0,2137.0,2136.0,2137.0,0.3303,2024,3,9
2024-03-09 15:25:00+00:00,2136.0,2140.0,2136.0,2136.0,3.3892,2024,3,9
2024-03-09 15:30:00+00:00,2136.0,2138.0,2136.0,2137.0,0.8901,2024,3,9
2024-03-09 15:35:00+00:00,2138.0,2138.0,2137.0,2138.0,0.517,2024,3,9
2024-03-09 15:40:00+00:00,2138.0,2139.0,2138.0,2138.0,1.3418,2024,3,9
2024-03-09 15:45:00+00:00,2139.0,2140.0,2138.0,2139.0,0.7087,2024,3,9
2024-03-09 15:50:00+00:00,2139.0,2139.0,2136.0,2137.0,7.9162,2024,3,9
2024-03-09 15:55:00+00:00,2138.0,2138.0,2135.0,2136.0,3.5663,2024,3,9
2024-03-09 16:00:00+00:00,2135.0,2139.0,2135.0,2138.0,1.4116,2024,3,9
2024-03-09 16:05:00+00:00,2137.0,2139.0,2135.0,2135.0,5.3392,2024,3,9
2024-03-09 16:10:00+00:00,2135.0,2137.0,2135.0,2136.0,1.2748,2024,3,9
2024-03-09 16:15:00+00:00,2136.0,2139.0,2136.0,2139.0,1.4026,2024,3,9
2024-03-09 16:20:00+00:00,2138.0,2139.0,2137.0,2138.0,1.4431,2024,3,9
2024-03-09 16:25:00+00:00,2139.0,2139.0,2138.0,2139.0,2.8883,2024,3,9
2024-03-09 16:30:00+00:00,2138.0,2138.0,2135.0,2137.0,10.1991,2024,3,9
2024-03-09 16:35:00+00:00,2137.0,2138.0,2135.0,2135.0,0.6771,2024,3,9
2024-03-09 16:40:00+00:00,2136.0,2136.0,2135.0,2135.0,0.7503,2024,3,9
2024-03-09 16:45:00+00:00,2136.0,2136.0,2135.0,2136.0,0.1758,2024,3,9
2024-03-09 16:50:00+00:00,2136.0,2140.0,2135.0,2137.0,5.1079,2024,3,9
2024-03-09 16:55:00+00:00,2136.0,2136.0,2134.0,2135.0,1.6365,2024,3,9
2024-03-09 17:00:00+00:00,2135.0,2136.0,2133.0,2135.0,6.0898,2024,3,9
2024-03-09 17:05:00+00:00,2135.0,2138.0,2135.0,2136.0,2.204,2024,3,9
2024-03-09 17:10:00+00:00,2137.0,2137.0,2134.0,2134.0,1.9298,2024,3,9
2024-03-09 17:15:00+00:00,2135.0,2135.0,2134.0,2135.0,1.0001,2024,3,9
2024-03-09 17:20:00+00:00,2135.0,2135.0,2134.0,2135.0,0.254,2024,3,9
2024-03-09 17:25:00+00:00,2135.0,2135.0,2134.0,2134.0,0.1818,2024,3,9
2024-03-09 17:30:00+00:00,2134.0,2135.0,2134.0,2135.0,0.4232,2024,3,9
2024-03-09 17:35:00+00:00,2134.0,2140.0,2134.0,2139.0,8.7718,2024,3,9
2024-03-09 17:40:00+00:00,2138.0,2139.0,2138.0,2138.0,0.2553,2024,3,9
2024-03-09 17:45:00+00:00,2138.0,2141.0,2137.0,2138.0,6.012,2024,3,9
2024-03-09 17:50:00+00:00,2138.0,2138.0,2137.0,2138.0,0.7344,2024,3,9
2024-03-09 17:55:00+00:00,2137.0,2138.0,2137.0,2137.0,0.7315,2024,3,9
2024-03-09 18:00:00+00:00,2137.0,2138.0,2137.0,2137.0,0.9527,2024,3,9
2024-03-09 18:05:00+00:00,2137.0,2138.0,2137.0,2137.0,2.1636,2024,3,9
2024-03-09 18:10:00+00:00,2138.0,2139.0,2138.0,2138.0,0.9159,2024,3,9
2024-03-09 18:15:00+00:00,2139.0,2139.0,2138.0,2138.0,0.3211,2024,3,9
2024-03-09 18:20:00+00:00,2139.0,2139.0,2138.0,2139.0,0.1336,2024,3,9
2024-03-09 18:25:00+00:00,2139.0,2139.0,2138.0,2138.0,0.2187,2024,3,9
2024-03-09 18:30:00+00:00,2138.0,2139.0,2134.0,2136.0,8.6733,2024,3,9
2024-03-09 18:35:00+00:00,2135.0,2135.0,2133.0,2133.0,5.541,2024,3,9
2024-03-09 18:40:00+00:00,2134.0,2137.0,2134.0,2137.0,0.534,2024,3,9
2024-03-09 18:45:00+00:00,2136.0,2136.0,2133.0,2134.0,5.6132,2024,3,9
2024-03-09 18:50:00+00:00,2134.0,2136.0,2134.0,2136.0,0.3392,2024,3,9
2024-03-09 18:55:00+00:00,2136.0,2136.0,2135.0,2135.0,0.0258,2024,3,9
2024-03-09 19:00:00+00:00,2135.0,2136.0,2135.0,2136.0,0.7939,2024,3,9
2024-03-09 19:05:00+00:00,2136.0,2136.0,2136.0,2136.0,0.0308,2024,3,9
2024-03-09 19:10:00+00:00,2135.0,2135.0,2134.0,2135.0,0.5448,2024,3,9
2024-03-09 19:15:00+00:00,2135.0,2135.0,2134.0,2134.0,0.1682,2024,3,9
2024-03-09 19:20:00+00:00,2134.0,2135.0,2134.0,2135.0,0.2388,2024,3,9
2024-03-09 19:25:00+00:00,2135.0,2135.0,2134.0,2135.0,1.8913,2024,3,9
2024-03-09 19:30:00+00:00,2134.0,2135.0,2134.0,2135.0,1.2383,2024,3,9
2024-03-09 19:35:00+00:00,2134.0,2138.0,2134.0,2136.0,3.6919,2024,3,9
2024-03-09 19:40:00+00:00,2137.0,2137.0,2136.0,2136.0,0.1516,2024,3,9
2024-03-09 19:45:00+00:00,2137.0,2137.0,2134.0,2136.0,2.6146,2024,3,9
2024-03-09 19:50:00+00:00,2136.0,2136.0,2135.0,2136.0,0.1309,2024,3,9
2024-03-09 19:55:00+00:00,2135.0,2135.0,2133.0,2133.0,15.0242,2024,3,9
2024-03-09 20:00:00+00:00,2134.0,2134.0,2133.0,2134.0,2.666,2024,3,9
2024-03-09 20:05:00+00:00,2133.0,2135.0,2133.0,2135.0,1.4982,2024,3,9
2024-03-09 20:10:00+00:00,2135.0,2135.0,2134.0,2135.0,0.2613,2024,3,9
2024-03-09 20:15:00+00:00,2135.0,2135.0,2134.0,2134.0,0.8348,2024,3,9
2024-03-09 20:20:00+00:00,2135.0,2135.0,2135.0,2135.0,0.3504,2024,3,9
2024-03-09 20:25:00+00:00,2135.0,2135.0,2133.0,2134.0,4.0055,2024,3,9
2024-03-09 20:30:00+00:00,2134.0,2134.0,2133.0,2133.0,0.8741,2024,3,9
2024-03-09 20:35:00+00:00,2134.0,2134.0,2133.0,2134.0,0.1004,2024,3,9
2024-03-09 20:40:00+00:00,2134.0,2135.0,2134.0,2135.0,16.3203,2024,3,9
2024-03-09 20:45:00+00:00,2135.0,2136.0,2134.0,2136.0,0.3401,2024,3,9
2024-03-09 20:50:00+00:00,2135.0,2136.0,2135.0,2136.0,0.1385,2024,3,9
2024-03-09 20:55:00+00:00,2136.0,2136.0,2136.0,2136.0,0.1674,2024,3,9
2024-03-09 21:00:00+00:00,2137.0,2139.0,2134.0,2134.0,12.9729,2024,3,9
2024-03-09 21:05:00+00:00,2135.0,2136.0,2134.0,2135.0,0.3249,2024,3,9
2024-03-09 21:10:00+00:00,2135.0,2135.0,2134.0,2134.0,2.1411,2024,3,9
2024-03-09 21:15:00+00:00,2134.0,2135.0,2133.0,2135.0,0.2365,2024,3,9
2024-03-09 21:20:00+00:00,2134.0,2138.0,2133.0,2138.0,10.3002,2024,3,9
2024-03-09 21:25:00+00:00,2137.0,2137.0,2134.0,2136.0,0.6623,2024,3,9
2024-03-09 21:30:00+00:00,2135.0,2137.0,2135.0,2137.0,1.5327,2024,3,9
2024-03-09 21:35:00+00:00,2137.0,2137.0,2137.0,2137.0,0.4953,2024,3,9
2024-03-09 21:40:00+00:00,2137.0,2137.0,2128.0,2128.0,89.3165,2024,3,9
2024-03-09 21:45:00+00:00,2129.0,2129.0,2127.0,2128.0,59.1049,2024,3,9
2024-03-09 21:50:00+00:00,2129.0,2129.0,2128.0,2128.0,0.5517,2024,3,9
2024-03-09 21:55:00+00:00,2129.0,2129.0,2126.0,2127.0,24.0426,2024,3,9
2024-03-09 22:00:00+00:00,2127.0,2129.0,2127.0,2129.0,15.4818,2024,3,9
2024-03-09 22:05:00+00:00,2128.0,2129.0,2128.0,2129.0,0.1535,2024,3,9
2024-03-09 22:10:00+00:00,2128.0,2129.0,2128.0,2129.0,2.7457,2024,3,9
2024-03-09 22:15:00+00:00,2129.0,2129.0,2128.0,2128.0,0.6685,2024,3,9
2024-03-09 22:20:00+00:00,2129.0,2129.0,2128.0,2129.0,9.4163,2024,3,9
2024-03-09 22:25:00+00:00,2129.0,2129.0,2128.0,2129.0,0.8301,2024,3,9
2024-03-09 22:30:00+00:00,2128.0,2129.0,2128.0,2129.0,0.9419,2024,3,9
2024-03-09 22:35:00+00:00,2129.0,2129.0,2128.0,2129.0,0.5114,2024,3,9
2024-03-09 22:40:00+00:00,2129.0,2129.0,2128.0,2129.0,0.0964,2024,3,9
2024-03-09 22:45:00+00:00,2129.0,2129.0,2128.0,2129.0,0.5506,2024,3,9
2024-03-09 22:50:00+00:00,2129.0,2129.0,2128.0,2129.0,6.8652,2024,3,9
2024-03-09 22:55:00+00:00,2128.0,2129.0,2128.0,2129.0,0.2525,2024,3,9
2024-03-09 23:00:00+00:00,2128.0,2129.0,2128.0,2128.0,8.3208,2024,3,9
2024-03-09 23:05:00+00:00,2129.0,2129.0,2128.0,2128.0,0.1382,2024,3,9
2024-03-09 23:10:00+00:00,2128.0,2130.0,2128.0,2130.0,59.482,2024,3,9
2024-03-09 23:15:00+00:00,2129.0,2130.0,2129.0,2129.0,1.84,2024,3,9
2024-03-09 23:20:00+00:00,2130.0,2130.0,2129.0,2130.0,1.6601,2024,3,9
2024-03-09 23:25:00+00:00,2129.0,2130.0,2129.0,2130.0,1.0674,2024,3,9
2024-03-09 23:30:00+00:00,2129.0,2129.0,2128.0,2128.0,0.7072,2024,3,9
2024-03-09 23:35:00+00:00,2129.0,2130.0,2129.0,2130.0,3.2409,2024,3,9
2024-03-09 23:40:00+00:00,2129.0,2130.0,2129.0,2130.0,0.2342,2024,3,9
2024-03-09 23:45:00+00:00,2129.0,2130.0,2129.0,2129.0,2.0967,2024,3,9
2024-03-09 23:50:00+00:00,2130.0,2130.0,2130.0,2130.0,0.0652,2024,3,9
2024-03-09 23:55:00+00:00,2130.0,2130.0,2129.0,2130.0,0.0687,2024,3,9
2024-03-10 00:00:00+00:00,2130.0,2130.0,2129.0,2130.0,0.078,2024,3,10
2024-03-10 00:05:00+00:00,2129.0,2130.0,2129.0,2129.0,3.2928,2024,3,10
2024-03-10 00:10:00+00:00,2129.0,2130.0,2128.0,2128.0,13.4365,2024,3,10
2024-03-10 00:15:00+00:00,2128.0,2129.0,2128.0,2129.0,1.4872,2024,3,10
2024-03-10 00:20:00+00:00,2129.0,2130.0,2129.0,2129.0,0.4962,2024,3,10
2024-03-10 00:25:00+00:00,2130.0,2130.0,2129.0,2130.0,0.4012,2024,3,10
2024-03-10 00:30:00+00:00,2129.0,2130.0,2129.0,2130.0,0.3042,2024,3,10
2024-03-10 00:35:00+00:00,2130.0,2130.0,2129.0,2130.0,0.4702,2024,3,10
2024-03-10 00:40:00+00:00,2130.0,2130.0,2129.0,2130.0,1.8906,2024,3,10
2024-03-10 00:45:00+00:00,2130.0,2130.0,2129.0,2129.0,0.0756,2024,3,10
2024-03-10 00:50:00+00:00,2129.0,2130.0,2129.0,2129.0,2.2998,2024,3,10
2024-03-10 00:55:00+00:00,2130.0,2130.0,2130.0,2130.0,0.7128,2024,3,10
2024-03-10 01:00:00+00:00,2129.0,2130.0,2129.0,2130.0,0.3387,2024,3,10
2024-03-10 01:05:00+00:00,2130.0,2130.0,2130.0,2130.0,3.3009,2024,3,10
2024-03-10 01:10:00+00:00,2130.0,2130.0,2129.0,2130.0,0.1221,2024,3,10
2024-03-10 01:15:00+00:00,2129.0,2130.0,2129.0,2130.0,0.4607,2024,3,10
2024-03-10 01:20:00+00:00,2130.0,2130.0,2128.0,2129.0,0.442,2024,3,10
2024-03-10 01:25:00+00:00,2129.0,2129.0,2128.0,2128.0,1.224,2024,3,10
2024-03-10 01:30:00+00:00,2128.0,2129.0,2128.0,2129.0,0.4067,2024,3,10
2024-03-10 01:35:00+00:00,2129.0,2129.0,2128.0,2128.0,0.0947,2024,3,10
2024-03-10 01:40:00+00:00,2129.0,2129.0,2128.0,2129.0,2.2441,2024,3,10
2024-03-10 01:45:00+00:00,2128.0,2129.0,2128.0,2129.0,0.1815,2024,3,10
2024-03-10 01:50:00+00:00,2128.0,2129.0,2128.0,2128.0,1.8214,2024,3,10
2024-03-10 01:55:00+00:00,2129.0,2131.0,2129.0,2130.0,5.4322,2024,3,10
2024-03-10 02:00:00+00:00,2131.0,2131.0,2130.0,2131.0,1.5213,2024,3,10
2024-03-10 02:05:00+00:00,2130.0,2131.0,2128.0,2128.0,14.8408,2024,3,10
2024-03-10 02:10:00+00:00,2128.0,2129.0,2128.0,2129.0,6.2439,2024,3,10
2024-03-10 02:15:00+00:00,2128.0,2129.0,2128.0,2129.0,150.4791,2024,3,10
2024-03-10 02:20:00+00:00,2128.0,2129.0,2128.0,2128.0,0.2452,2024,3,10
2024-03-10 02:25:00+00:00,2128.0,2129.0,2128.0,2128.0,0.2691,2024,3,10
2024-03-10 02:30:00+00:00,2128.0,2129.0,2128.0,2129.0,0.0305,2024,3,10
2024-03-10 02:35:00+00:00,2129.0,2129.0,2128.0,2128.0,0.0713,2024,3,10
2024-03-10 02:40:00+00:00,2129.0,2129.0,2128.0,2129.0,0.217,2024,3,10
2024-03-10 02:45:00+00:00,2129.0,2129.0,2128.0,2128.0,0.2381,2024,3,10
2024-03-10 02:50:00+00:00,2129.0,2129.0,2128.0,2129.0,0.1634,2024,3,10
2024-03-10 02:55:00+00:00,2129.0,2129.0,2127.0,2127.0,5.8186,2024,3,10
2024-03-10 03:00:00+00:00,2127.0,2128.0,2127.0,2128.0,2.4621,2024,3,10
2024-03-10 03:05:00+00:00,2128.0,2129.0,2128.0,2129.0,1.2411,2024,3,10
2024-03-10 03:10:00+00:00,2129.0,2129.0,2128.0,2128.0,1.4242,2024,3,10
2024-03-10 03:15:00+00:00,2129.0,2129.0,2128.0,2129.0,0.1752,2024,3,10
2024-03-10 03:20:00+00:00,2129.0,2129.0,2128.0,2128.0,0.1253,2024,3,10
2024-03-10 03:25:00+00:00,2128.0,2129.0,2128.0,2129.0,37.1559,2024,3,10
2024-03-10 03:30:00+00:00,2128.0,2129.0,2128.0,2129.0,34.9377,2024,3,10
2024-03-10 03:35:00+00:00,2129.0,2129.0,2128.0,2129.0,0.8566,2024,3,10
2024-03-10 03:40:00+00:00,2128.0,2129.0,2128.0,2128.0,0.1141,2024,3,10
2024-03-10 03:45:00+00:00,2129.0,2129.0,2128.0,2128.0,0.1409,2024,3,10
2024-03-10 03:50:00+00:00,2129.0,2129.0,2129.0,2129.0,0.0286,2024,3,10
2024-03-10 03:55:00+00:00,2129.0,2129.0,2128.0,2129.0,87.6569,2024,3,10
2024-03-10 04:00:00+00:00,2128.0,2129.0,2128.0,2128.0,15.094,2024,3,10
2024-03-10 04:05:00+00:00,2129.0,2129.0,2128.0,2129.0,0.2253,2024,3,10
2024-03-10 04:10:00+00:00,2129.0,2129.0,2128.0,2129.0,4.9474,2024,3,10
2024-03-10 04:15:00+00:00,2129.0,2129.0,2128.0,2129.0,3.9251,2024,3,10
2024-03-10 04:20:00+00:00,2128.0,2129.0,2128.0,2129.0,2.2509,2024,3,10
2024-03-10 04:25:00+00:00,2129.0,2129.0,2128.0,2129.0,0.0834,2024,3,10
2024-03-10 04:30:00+00:00,2129.0,2129.0,2128.0,2128.0,3.0707,2024,3,10
2024-03-10 04:35:00+00:00,2129.0,2129.0,2128.0,2129.0,0.1746,2024,3,10
2024-03-10 04:40:00+00:00,2129.0,2129.0,2128.0,2128.0,1.9767,2024,3,10
2024-03-10 04:45:00+00:00,2129.0,2129.0,2128.0,2129.0,18.3176,2024,3,10
2024-03-10 04:50:00+00:00,2128.0,2129.0,2128.0,2129.0,16.6125,2024,3,10
2024-03-10 04:55:00+00:00,2129.0,2129.0,2128.0,2129.0,2.1411,2024,3,10
2024-03-10 05:00:00+00:00,2129.0,2129.0,2128.0,2129.0,0.4147,2024,3,10
2024-03-10 05:05:00+00:00,2128.0,2129.0,2128.0,2129.0,0.0263,2024,3,10
2024-03-10 05:10:00+00:00,2129.0,2129.0,2129.0,2129.0,0.0636,2024,3,10
2024-03-10 05:15:00+00:00,2129.0,2129.0,2129.0,2129.0,0.3528,2024,3,10
2024-03-10 05:20:00+00:00,2128.0,2129.0,2128.0,2128.0,6.9512,2024,3,10
2024-03-10 05:25:00+00:00,2128.0,2129.0,2128.0,2129.0,3.5987,2024,3,10
2024-03-10 05:30:00+00:00,2128.0,2129.0,2128.0,2128.0,0.1096,2024,3,10
2024-03-10 05:35:00+00:00,2129.0,2129.0,2128.0,2128.0,0.0926,2024,3,10
2024-03-10 05:40:00+00:00,2129.0,2129.0,2128.0,2129.0,0.0606,2024,3,10
2024-03-10 05:45:00+00:00,2129.0,2129.0,2128.0,2129.0,0.7473,2024,3,10
2024-03-10 05:50:00+00:00,2128.0,2129.0,2127.0,2127.0,9.8551,2024,3,10
2024-03-10 05:55:00+00:00,2128.0,2128.0,2128.0,2128.0,0.0521,2024,3,10
2024-03-10 06:00:00+00:00,2128.0,2129.0,2126.0,2129.0,19.9597,2024,3,10
2024-03-10 06:05:00+00:00,2129.0,2129.0,2129.0,2129.0,1.1415,2024,3,10
2024-03-10 06:10:00+00:00,2129.0,2129.0,2128.0,2128.0,0.3288,2024,3,10
2024-03-10 06:15:00+00:00,2128.0,2129.0,2128.0,2128.0,0.3068,2024,3,10
2024-03-10 06:20:00+00:00,2128.0,2129.0,2127.0,2128.0,1.6128,2024,3,10
2024-03-10 06:25:00+00:00,2129.0,2129.0,2128.0,2129.0,0.1531,2024,3,10
2024-03-10 06:30:00+00:00,2129.0,2129.0,2127.0,2128.0,2.758,2024,3,10
2024-03-10 06:35:00+00:00,2127.0,2128.0,2127.0,2128.0,0.0343,2024,3,10
2024-03-10 06:40:00+00:00,2128.0,2129.0,2127.0,2127.0,0.3319,2024,3,10
2024-03-10 06:45:00+00:00,2127.0,2129.0,2126.0,2126.0,1.5652,2024,3,10
2024-03-10 06:50:00+00:00,2127.0,2129.0,2127.0,2129.0,0.5434,2024,3,10
2024-03-10 06:55:00+00:00,2129.0,2129.0,2126.0,2128.0,0.6011,2024,3,10
2024-03-10 07:00:00+00:00,2126.0,2127.0,2126.0,2127.0,2.1266,2024,3,10
2024-03-10 07:05:00+00:00,2127.0,2127.0,2126.0,2127.0,0.8054,2024,3,10
2024-03-10 07:10:00+00:00,2126.0,2127.0,2126.0,2127.0,1.0609,2024,3,10
2024-03-10 07:15:00+00:00,2128.0,2129.0,2127.0,2129.0,0.783,2024,3,10
2024-03-10 07:20:00+00:00,2128.0,2129.0,2128.0,2129.0,14.7904,2024,3,10
2024-03-10 07:25:00+00:00,2129.0,2129.0,2128.0,2129.0,2.565,2024,3,10
2024-03-10 07:30:00+00:00,2129.0,2129.0,2128.0,2128.0,0.9326,2024,3,10
2024-03-10 07:35:00+00:00,2129.0,2133.0,2129.0,2133.0,25.3641,2024,3,10
2024-03-10 07:40:00+00:00,2132.0,2134.0,2132.0,2134.0,2.8029,2024,3,10
2024-03-10 07:45:00+00:00,2134.0,2136.0,2134.0,2135.0,2.6518,2024,3,10
2024-03-10 07:50:00+00:00,2135.0,2135.0,2129.0,2133.0,5.7861,2024,3,10
2024-03-10 07:55:00+00:00,2133.0,2134.0,2133.0,2134.0,0.424,2024,3,10
2024-03-10 08:00:00+00:00,2134.0,2134.0,2133.0,2134.0,0.2335,2024,3,10
2024-03-10 08:05:00+00:00,2133.0,2134.0,2131.0,2133.0,1.8471,2024,3,10
2024-03-10 08:10:00+00:00,2133.0,2133.0,2130.0,2133.0,1.496,2024,3,10
2024-03-10 08:15:00+00:00,2132.0,2133.0,2131.0,2131.0,1.384,2024,3,10
2024-03-10 08:20:00+00:00,2132.0,2134.0,2131.0,2134.0,1.2057,2024,3,10
2024-03-10 08:25:00+00:00,2133.0,2135.0,2133.0,2135.0,0.4009,2024,3,10
2024-03-10 08:30:00+00:00,2134.0,2134.0,2132.0,2133.0,1.6395,2024,3,10
2024-03-10 08:35:00+00:00,2134.0,2135.0,2133.0,2133.0,1.1187,2024,3,10
2024-03-10 08:40:00+00:00,2134.0,2134.0,2130.0,2133.0,2.2043,2024,3,10
2024-03-10 08:45:00+00:00,2132.0,2133.0,2131.0,2131.0,1.0612,2024,3,10
2024-03-10 08:50:00+00:00,2131.0,2133.0,2130.0,2132.0,1.7917,2024,3,10
2024-03-10 08:55:00+00:00,2132.0,2132.0,2130.0,2131.0,4.0065,2024,3,10
2024-03-10 09:00:00+00:00,2130.0,2131.0,2130.0,2130.0,1.9841,2024,3,10
2024-03-10 09:05:00+00:00,2129.0,2130.0,2129.0,2129.0,0.528,2024,3,10
2024-03-10 09:10:00+00:00,2129.0,2134.0,2129.0,2134.0,4.0067,2024,3,10
2024-03-10 09:15:00+00:00,2134.0,2135.0,2130.0,2131.0,2.2177,2024,3,10
2024-03-10 09:20:00+00:00,2130.0,2131.0,2130.0,2130.0,0.9452,2024,3,10
2024-03-10 09:25:00+00:00,2131.0,2131.0,2130.0,2130.0,4.0461,2024,3,10
2024-03-10 09:30:00+00:00,2131.0,2131.0,2130.0,2130.0,1.1359,2024,3,10
2024-03-10 09:35:00+00:00,2129.0,2130.0,2129.0,2129.0,1.4645,2024,3,10
2024-03-10 09:40:00+00:00,2129.0,2130.0,2129.0,2130.0,1.629,2024,3,10
2024-03-10 09:45:00+00:00,2129.0,2131.0,2129.0,2131.0,8.706,2024,3,10
2024-03-10 09:50:00+00:00,2131.0,2132.0,2129.0,2129.0,30.2867,2024,3,10
2024-03-10 09:55:00+00:00,2129.0,2130.0,2129.0,2129.0,5.7328,2024,3,10
2024-03-10 10:00:00+00:00,2129.0,2130.0,2129.0,2130.0,1.8664,2024,3,10
2024-03-10 10:05:00+00:00,2130.0,2130.0,2129.0,2129.0,1.0972,2024,3,10
2024-03-10 10:10:00+00:00,2130.0,2131.0,2129.0,2130.0,2.8747,2024,3,10
2024-03-10 10:15:00+00:00,2130.0,2130.0,2129.0,2130.0,0.0749,2024,3,10
2024-03-10 10:20:00+00:00,2130.0,2130.0,2129.0,2130.0,1.6507,2024,3,10
2024-03-10 10:25:00+00:00,2129.0,2129.0,2125.0,2126.0,5.3027,2024,3,10
2024-03-10 10:30:00+00:00,2127.0,2139.0,2127.0,2131.0,9.7625,2024,3,10
2024-03-10 10:35:00+00:00,2132.0,2133.0,2131.0,2133.0,0.5256,2024,3,10
2024-03-10 10:40:00+00:00,2132.0,2132.0,2131.0,2131.0,1.8552,2024,3,10
2024-03-10 10:45:00+00:00,2131.0,2133.0,2131.0,2132.0,0.4205,2024,3,10
2024-03-10 10:50:00+00:00,2132.0,2132.0,2131.0,2132.0,0.0509,2024,3,10
2024-03-10 10:55:00+00:00,2131.0,2132.0,2131.0,2132.0,0.0647,2024,3,10
2024-03-10 11:00:00+00:00,2132.0,2132.0,2131.0,2132.0,0.323,2024,3,10
2024-03-10 11:05:00+00:00,2132.0,2132.0,2131.0,2132.0,0.0858,2024,3,10
2024-03-10 11:10:00+00:00,2131.0,2132.0,2131.0,2131.0,2.2122,2024,3,10
2024-03-10 11:15:00+00:00,2131.0,2132.0,2130.0,2130.0,0.9895,2024,3,10
2024-03-10 11:20:00+00:00,2131.0,2132.0,2130.0,2131.0,0.2782,2024,3,10
2024-03-10 11:25:00+00:00,2132.0,2132.0,2129.0,2130.0,4.8816,2024,3,10
2024-03-10 11:30:00+00:00,2130.0,2131.0,2129.0,2129.0,1.034,2024,3,10
2024-03-10 11:35:00+00:00,2130.0,2133.0,2129.0,2132.0,2.4087,2024,3,10
2024-03-10 11:40:00+00:00,2131.0,2132.0,2131.0,2132.0,0.3093,2024,3,10
2024-03-10 11:45:00+00:00,2132.0,2133.0,2131.0,2133.0,1.9384,2024,3,10
2024-03-10 11:50:00+00:00,2133.0,2134.0,2132.0,2134.0,1.9895,2024,3,10
2024-03-10 11:55:00+00:00,2134.0,2135.0,2133.0,2134.0,0.6285,2024,3,10
2024-03-10 12:00:00+00:00,2133.0,2136.0,2133.0,2136.0,1.008,2024,3,10
2024-03-10 12:05:00+00:00,2136.0,2136.0,2134.0,2135.0,0.7004,2024,3,10
2024-03-10 12:10:00+00:00,2135.0,2135.0,2134.0,2135.0,1.3127,2024,3,10
2024-03-10 12:15:00+00:00,2135.0,2135.0,2134.0,2134.0,1.2327,2024,3,10
2024-03-10 12:20:00+00:00,2135.0,2135.0,2134.0,2135.0,0.2216,2024,3,10
2024-03-10 12:25:00+00:00,2135.0,2135.0,2132.0,2133.0,2.635,2024,3,10
2024-03-10 12:30:00+00:00,2133.0,2133.0,2130.0,2130.0,0.8507,2024,3,10
2024-03-10 12:35:00+00:00,2131.0,2134.0,2130.0,2132.0,5.0064,2024,3,10
2024-03-10 12:40:00+00:00,2132.0,2133.0,2128.0,2130.0,2.5433,2024,3,10
2024-03-10 12:45:00+00:00,2131.0,2132.0,2130.0,2131.0,2.6121,2024,3,10
2024-03-10 12:50:00+00:00,2132.0,2133.0,2129.0,2132.0,1.9682,2024,3,10
2024-03-10 12:55:00+00:00,2131.0,2131.0,2129.0,2131.0,0.9981,2024,3,10
2024-03-10 13:00:00+00:00,2131.0,2131.0,2130.0,2131.0,0.2322,2024,3,10
2024-03-10 13:05:00+00:00,2131.0,2135.0,2129.0,2130.0,3.0249,2024,3,10
2024-03-10 13:10:00+00:00,2131.0,2131.0,2130.0,2130.0,0.3063,2024,3,10
2024-03-10 13:15:00+00:00,2130.0,2130.0,2130.0,2130.0,0.007,2024,3,10
2024-03-10 13:20:00+00:00,2130.0,2131.0,2130.0,2130.0,0.0577,2024,3,10
2024-03-10 13:25:00+00:00,2130.0,2130.0,2127.0,2128.0,2.6883,2024,3,10
2024-03-10 13:30:00+00:00,2128.0,2129.0,2128.0,2128.0,0.5936,2024,3,10
2024-03-10 13:35:00+00:00,2127.0,2128.0,2127.0,2127.0,0.3373,2024,3,10
2024-03-10 13:40:00+00:00,2127.0,2129.0,2127.0,2129.0,1.6041,2024,3,10
2024-03-10 13:45:00+00:00,2128.0,2131.0,2127.0,2128.0,3.9817,2024,3,10
2024-03-10 13:50:00+00:00,2128.0,2129.0,2128.0,2128.0,0.8243,2024,3,10
2024-03-10 13:55:00+00:00,2128.0,2129.0,2116.0,2120.0,83.7955,2024,3,10
2024-03-10 14:00:00+00:00,2120.0,2126.0,2116.0,2126.0,18.4069,2024,3,10
2024-03-10 14:05:00+00:00,2126.0,2127.0,2125.0,2126.0,0.8964,2024,3,10
2024-03-10 14:10:00+00:00,2126.0,2129.0,2126.0,2127.0,2.4441,2024,3,10
2024-03-10 14:15:00+00:00,2127.0,2128.0,2127.0,2127.0,0.2905,2024,3,10
2024-03-10 14:20:00+00:00,2128.0,2128.0,2127.0,2127.0,0.5997,2024,3,10
2024-03-10 14:25:00+00:00,2128.0,2129.0,2127.0,2127.0,2.5937,2024,3,10
2024-03-10 14:30:00+00:00,2127.0,2129.0,2123.0,2127.0,2.84,2024,3,10
2024-03-10 14:35:00+00:00,2126.0,2128.0,2126.0,2127.0,1.8179,2024,3,10
2024-03-10 14:40:00+00:00,2127.0,2127.0,2121.0,2125.0,9.0679,2024,3,10
2024-03-10 14:45:00+00:00,2125.0,2127.0,2125.0,2125.0,1.4509,2024,3,10
2024-03-10 14:50:00+00:00,2125.0,2127.0,2125.0,2127.0,4.4598,2024,3,10
2024-03-10 14:55:00+00:00,2127.0,2130.0,2127.0,2128.0,1.5179,2024,3,10
2024-03-10 15:00:00+00:00,2129.0,2132.0,2129.0,2130.0,3.8165,2024,3,10
2024-03-10 15:05:00+00:00,2130.0,2136.0,2130.0,2132.0,27.4292,2024,3,10
2024-03-10 15:10:00+00:00,2132.0,2132.0,2130.0,2131.0,1.0494,2024,3,10
2024-03-10 15:15:00+00:00,2130.0,2130.0,2129.0,2130.0,4.0583,2024,3,10
2024-03-10 15:20:00+00:00,2130.0,2137.0,2130.0,2133.0,27.0818,2024,3,10
2024-03-10 15:25:00+00:00,2133.0,2137.0,2127.0,2133.0,14.2838,2024,3,10
2024-03-10 15:30:00+00:00,2133.0,2133.0,2128.0,2130.0,3.1239,2024,3,10
2024-03-10 15:35:00+00:00,2130.0,2130.0,2128.0,2130.0,1.4306,2024,3,10
2024-03-10 15:40:00+00:00,2130.0,2132.0,2129.0,2131.0,2.0597,2024,3,10
2024-03-10 15:45:00+00:00,2131.0,2132.0,2126.0,2126.0,30.8103,2024,3,10
2024-03-10 15:50:00+00:00,2127.0,2128.0,2127.0,2128.0,10.5053,2024,3,10
2024-03-10 15:55:00+00:00,2128.0,2129.0,2127.0,2127.0,7.0069,2024,3,10
2024-03-10 16:00:00+00:00,2127.0,2129.0,2126.0,2129.0,1.2072,2024,3,10
2024-03-10 16:05:00+00:00,2129.0,2129.0,2127.0,2129.0,0.6899,2024,3,10
2024-03-10 16:10:00+00:00,2129.0,2129.0,2128.0,2129.0,1.1055,2024,3,10
2024-03-10 16:15:00+00:00,2129.0,2137.0,2128.0,2132.0,11.9468,2024,3,10
2024-03-10 16:20:00+00:00,2131.0,2131.0,2128.0,2128.0,2.754,2024,3,10
2024-03-10 16:25:00+00:00,2128.0,2128.0,2128.0,2128.0,0.636,2024,3,10
2024-03-10 16:30:00+00:00,2128.0,2130.0,2128.0,2130.0,0.8525,2024,3,10
2024-03-10 16:35:00+00:00,2130.0,2133.0,2128.0,2133.0,3.6771,2024,3,10
2024-03-10 16:40:00+00:00,2132.0,2133.0,2132.0,2133.0,0.0521,2024,3,10
2024-03-10 16:45:00+00:00,2133.0,2137.0,2132.0,2134.0,4.043,2024,3,10
2024-03-10 16:50:00+00:00,2135.0,2135.0,2134.0,2135.0,0.0854,2024,3,10
2024-03-10 16:55:00+00:00,2135.0,2135.0,2129.0,2131.0,4.2642,2024,3,10
2024-03-10 17:00:00+00:00,2131.0,2131.0,2128.0,2128.0,4.5596,2024,3,10
2024-03-10 17:05:00+00:00,2129.0,2129.0,2126.0,2126.0,4.0418,2024,3,10
2024-03-10 17:10:00+00:00,2127.0,2127.0,2122.0,2125.0,14.8995,2024,3,10
2024-03-10 17:15:00+00:00,2125.0,2126.0,2123.0,2125.0,2.7245,2024,3,10
2024-03-10 17:20:00+00:00,2125.0,2126.0,2124.0,2126.0,1.9482,2024,3,10
2024-03-10 17:25:00+00:00,2125.0,2126.0,2125.0,2126.0,2.5387,2024,3,10
2024-03-10 17:30:00+00:00,2125.0,2127.0,2125.0,2126.0,0.8887,2024,3,10
2024-03-10 17:35:00+00:00,2126.0,2127.0,2126.0,2127.0,0.1279,2024,3,10
2024-03-10 17:40:00+00:00,2126.0,2128.0,2126.0,2127.0,0.7657,2024,3,10
2024-03-10 17:45:00+00:00,2126.0,2129.0,2126.0,2128.0,1.635,2024,3,10
2024-03-10 17:50:00+00:00,2127.0,2128.0,2127.0,2127.0,0.2986,2024,3,10
2024-03-10 17:55:00+00:00,2127.0,2129.0,2127.0,2127.0,1.948,2024,3,10
2024-03-10 18:00:00+00:00,2127.0,2127.0,2126.0,2126.0,2.0406,2024,3,10
2024-03-10 18:05:00+00:00,2127.0,2130.0,2127.0,2129.0,9.7134,2024,3,10
2024-03-10 18:10:00+00:00,2128.0,2129.0,2128.0,2129.0,0.2357,2024,3,10
2024-03-10 18:15:00+00:00,2130.0,2130.0,2128.0,2129.0,3.2727,2024,3,10
2024-03-10 18:20:00+00:00,2128.0,2131.0,2128.0,2129.0,10.6999,2024,3,10
2024-03-10 18:25:00+00:00,2129.0,2129.0,2128.0,2128.0,0.5264,2024,3,10
2024-03-10 18:30:00+00:00,2129.0,2129.0,2126.0,2126.0,11.4688,2024,3,10
2024-03-10 18:35:00+00:00,2126.0,2131.0,2126.0,2131.0,12.6542,2024,3,10
2024-03-10 18:40:00+00:00,2130.0,2132.0,2130.0,2130.0,2.1165,2024,3,10
2024-03-10 18:45:00+00:00,2130.0,2132.0,2130.0,2131.0,1.2608,2024,3,10
2024-03-10 18:50:00+00:00,2131.0,2132.0,2130.0,2131.0,0.5276,2024,3,10
2024-03-10 18:55:00+00:00,2130.0,2132.0,2130.0,2130.0,1.0819,2024,3,10
2024-03-10 19:00:00+00:00,2131.0,2133.0,2131.0,2132.0,0.7333,2024,3,10
2024-03-10 19:05:00+00:00,2133.0,2133.0,2132.0,2132.0,0.8747,2024,3,10
2024-03-10 19:10:00+00:00,2133.0,2137.0,2133.0,2136.0,5.2864,2024,3,10
2024-03-10 19:15:00+00:00,2135.0,2136.0,2135.0,2136.0,3.096,2024,3,10
2024-03-10 19:20:00+00:00,2136.0,2136.0,2136.0,2136.0,0.3207,2024,3,10
2024-03-10 19:25:00+00:00,2136.0,2136.0,2134.0,2135.0,1.0532,2024,3,10
2024-03-10 19:30:00+00:00,2135.0,2135.0,2132.0,2132.0,1.3943,2024,3,10
2024-03-10 19:35:00+00:00,2133.0,2133.0,2129.0,2129.0,7.0007,2024,3,10
2024-03-10 19:40:00+00:00,2129.0,2133.0,2128.0,2130.0,5.5306,2024,3,10
2024-03-10 19:45:00+00:00,2130.0,2130.0,2128.0,2128.0,3.478,2024,3,10
2024-03-10 19:50:00+00:00,2128.0,2130.0,2128.0,2130.0,0.5314,2024,3,10
2024-03-10 19:55:00+00:00,2130.0,2133.0,2130.0,2132.0,1.1219,2024,3,10
2024-03-10 20:00:00+00:00,2132.0,2132.0,2130.0,2130.0,0.625,2024,3,10
2024-03-10 20:05:00+00:00,2130.0,2133.0,2130.0,2133.0,3.6748,2024,3,10
2024-03-10 20:10:00+00:00,2133.0,2134.0,2132.0,2133.0,0.3085,2024,3,10
2024-03-10 20:15:00+00:00,2134.0,2136.0,2132.0,2136.0,11.3769,2024,3,10
2024-03-10 20:20:00+00:00,2135.0,2136.0,2134.0,2134.0,2.8288,2024,3,10
2024-03-10 20:25:00+00:00,2135.0,2135.0,2133.0,2133.0,0.742,2024,3,10
2024-03-10 20:30:00+00:00,2134.0,2135.0,2132.0,2132.0,0.8189,2024,3,10
2024-03-10 20:35:00+00:00,2133.0,2133.0,2130.0,2130.0,0.803,2024,3,10
2024-03-10 20:40:00+00:00,2130.0,2132.0,2129.0,2132.0,1.0039,2024,3,10
2024-03-10 20:45:00+00:00,2133.0,2133.0,2131.0,2131.0,0.3495,2024,3,10
2024-03-10 20:50:00+00:00,2132.0,2133.0,2130.0,2133.0,1.1407,2024,3,10
2024-03-10 20:55:00+00:00,2132.0,2133.0,2132.0,2133.0,0.0124,2024,3,10
2024-03-10 21:00:00+00:00,2133.0,2133.0,2131.0,2132.0,0.6734,2024,3,10
2024-03-10 21:05:00+00:00,2132.0,2133.0,2131.0,2131.0,0.9003,2024,3,10
2024-03-10 21:10:00+00:00,2132.0,2133.0,2131.0,2133.0,0.5187,2024,3,10
2024-03-10 21:15:00+00:00,2133.0,2135.0,2132.0,2134.0,1.1116,2024,3,10
2024-03-10 21:20:00+00:00,2133.0,2134.0,2132.0,2134.0,1.093,2024,3,10
2024-03-10 21:25:00+00:00,2134.0,2134.0,2133.0,2133.0,1.0096,2024,3,10
2024-03-10 21:30:00+00:00,2133.0,2133.0,2131.0,2131.0,0.8623,2024,3,10
2024-03-10 21:35:00+00:00,2131.0,2132.0,2131.0,2132.0,0.2278,2024,3,10
2024-03-10 21:40:00+00:00,2131.0,2132.0,2131.0,2131.0,0.0415,2024,3,10
2024-03-10 21:45:00+00:00,2131.0,2136.0,2131.0,2134.0,6.6065,2024,3,10
2024-03-10 21:50:00+00:00,2134.0,2135.0,2133.0,2133.0,0.2791,2024,3,10
2024-03-10 21:55:00+00:00,2133.0,2133.0,2132.0,2132.0,0.421,2024,3,10
2024-03-10 22:00:00+00:00,2133.0,2135.0,2132.0,2133.0,1.6435,2024,3,10
2024-03-10 22:05:00+00:00,2132.0,2133.0,2132.0,2132.0,0.3345,2024,3,10
2024-03-10 22:10:00+00:00,2133.0,2135.0,2130.0,2133.0,16.7952,2024,3,10
2024-03-10 22:15:00+00:00,2133.0,2134.0,2129.0,2132.0,19.7945,2024,3,10
2024-03-10 22:20:00+00:00,2133.0,2133.0,2130.0,2130.0,0.7869,2024,3,10
2024-03-10 22:25:00+00:00,2131.0,2133.0,2130.0,2133.0,0.6973,2024,3,10
2024-03-10 22:30:00+00:00,2132.0,2135.0,2132.0,2134.0,1.0976,2024,3,10
2024-03-10 22:35:00+00:00,2133.0,2136.0,2133.0,2136.0,1.3031,2024,3,10
2024-03-10 22:40:00+00:00,2135.0,2137.0,2133.0,2133.0,1.9058,2024,3,10
2024-03-10 22:45:00+00:00,2133.0,2136.0,2133.0,2135.0,1.0351,2024,3,10
2024-03-10 22:50:00+00:00,2136.0,2137.0,2133.0,2136.0,2.7966,2024,3,10
2024-03-10 22:55:00+00:00,2136.0,2136.0,2129.0,2129.0,14.8788,2024,3,10
2024-03-10 23:00:00+00:00,2130.0,2133.0,2129.0,2130.0,2.0218,2024,3,10
2024-03-10 23:05:00+00:00,2131.0,2136.0,2130.0,2136.0,2.0732,2024,3,10
2024-03-10 23:10:00+00:00,2136.0,2136.0,2135.0,2136.0,0.2457,2024,3,10
2024-03-10 23:15:00+00:00,2135.0,2137.0,2135.0,2136.0,0.485,2024,3,10
2024-03-10 23:20:00+00:00,2136.0,2137.0,2136.0,2136.0,2.3841,2024,3,10
2024-03-10 23:25:00+00:00,2137.0,2138.0,2136.0,2138.0,2.2176,2024,3,10
2024-03-10 23:30:00+00:00,2138.0,2139.0,2137.0,2138.0,1.3549,2024,3,10
2024-03-10 23:35:00+00:00,2139.0,2139.0,2138.0,2139.0,0.0815,2024,3,10
2024-03-10 23:40:00+00:00,2139.0,2139.0,2138.0,2139.0,4.4458,2024,3,10
2024-03-10 23:45:00+00:00,2138.0,2139.0,2136.0,2139.0,5.3474,2024,3,10
2024-03-10 23:50:00+00:00,2139.0,2141.0,2137.0,2140.0,8.8339,2024,3,10
2024-03-10 23:55:00+00:00,2140.0,2141.0,2140.0,2141.0,1.0025,2024,3,10
