timestamp,open,high,low,close,volume,year,month,day
2024-01-01 00:00:00+00:00,2027.0,2029.0,2027.0,2029.0,0.2137,2024,1,1
2024-01-01 00:05:00+00:00,2029.0,2029.0,2028.0,2029.0,0.1341,2024,1,1
2024-01-01 00:10:00+00:00,2029.0,2030.0,2029.0,2030.0,0.2543,2024,1,1
2024-01-01 00:15:00+00:00,2030.0,2031.0,2030.0,2031.0,0.5499,2024,1,1
2024-01-01 00:20:00+00:00,2030.0,2031.0,2030.0,2031.0,0.3414,2024,1,1
2024-01-01 00:25:00+00:00,2031.0,2031.0,2030.0,2031.0,0.105,2024,1,1
2024-01-01 00:30:00+00:00,2030.0,2034.0,2030.0,2034.0,0.526,2024,1,1
2024-01-01 00:35:00+00:00,2030.0,2030.0,2030.0,2030.0,0.0147,2024,1,1
2024-01-01 00:40:00+00:00,2030.0,2030.0,2029.0,2030.0,0.0422,2024,1,1
2024-01-01 00:45:00+00:00,2029.0,2030.0,2027.0,2029.0,0.5807,2024,1,1
2024-01-01 00:50:00+00:00,2031.0,2032.0,2030.0,2031.0,0.3909,2024,1,1
2024-01-01 00:55:00+00:00,2028.0,2031.0,2028.0,2031.0,0.0449,2024,1,1
2024-01-01 01:00:00+00:00,2028.0,2031.0,2028.0,2030.0,2.9603,2024,1,1
2024-01-01 01:05:00+00:00,2030.0,2030.0,2028.0,2030.0,0.0234,2024,1,1
2024-01-01 01:10:00+00:00,2030.0,2030.0,2030.0,2030.0,0.0623,2024,1,1
2024-01-01 01:15:00+00:00,2030.0,2030.0,2029.0,2030.0,0.0761,2024,1,1
2024-01-01 01:20:00+00:00,2029.0,2030.0,2029.0,2030.0,0.121,2024,1,1
2024-01-01 01:25:00+00:00,2029.0,2030.0,2028.0,2030.0,0.1472,2024,1,1
2024-01-01 01:30:00+00:00,2029.0,2030.0,2029.0,2030.0,0.1988,2024,1,1
2024-01-01 01:35:00+00:00,2029.0,2030.0,2029.0,2030.0,0.1162,2024,1,1
2024-01-01 01:40:00+00:00,2029.0,2030.0,2028.0,2030.0,1.0183,2024,1,1
2024-01-01 01:45:00+00:00,2030.0,2030.0,2029.0,2030.0,0.1162,2024,1,1
2024-01-01 01:50:00+00:00,2030.0,2030.0,2030.0,2030.0,0.0059,2024,1,1
2024-01-01 01:55:00+00:00,2030.0,2030.0,2030.0,2030.0,0.0178,2024,1,1
2024-01-01 02:00:00+00:00,2029.0,2030.0,2028.0,2030.0,0.2912,2024,1,1
2024-01-01 02:05:00+00:00,2029.0,2030.0,2029.0,2030.0,0.0822,2024,1,1
2024-01-01 02:10:00+00:00,2029.0,2030.0,2029.0,2030.0,0.1337,2024,1,1
2024-01-01 02:15:00+00:00,2029.0,2030.0,2029.0,2030.0,0.0164,2024,1,1
2024-01-01 02:20:00+00:00,2029.0,2029.0,2029.0,2029.0,0.18,2024,1,1
2024-01-01 02:25:00+00:00,2028.0,2029.0,2028.0,2029.0,0.0738,2024,1,1
2024-01-01 02:30:00+00:00,2028.0,2029.0,2028.0,2029.0,0.3168,2024,1,1
2024-01-01 02:35:00+00:00,2029.0,2029.0,2027.0,2029.0,6.1442,2024,1,1
2024-01-01 02:40:00+00:00,2028.0,2030.0,2028.0,2029.0,0.5748,2024,1,1
2024-01-01 02:45:00+00:00,2029.0,2030.0,2028.0,2029.0,0.6173,2024,1,1
2024-01-01 02:50:00+00:00,2028.0,2029.0,2028.0,2029.0,0.0395,2024,1,1
2024-01-01 02:55:00+00:00,2028.0,2029.0,2028.0,2029.0,0.0823,2024,1,1
2024-01-01 03:00:00+00:00,2029.0,2029.0,2028.0,2029.0,0.0673,2024,1,1
2024-01-01 03:05:00+00:00,2028.0,2029.0,2028.0,2029.0,0.0525,2024,1,1
2024-01-01 03:10:00+00:00,2028.0,2029.0,2028.0,2029.0,0.1676,2024,1,1
2024-01-01 03:15:00+00:00,2028.0,2029.0,2028.0,2029.0,0.2755,2024,1,1
2024-01-01 03:20:00+00:00,2028.0,2029.0,2028.0,2029.0,0.1937,2024,1,1
2024-01-01 03:25:00+00:00,2028.0,2029.0,2028.0,2029.0,0.1586,2024,1,1
2024-01-01 03:30:00+00:00,2028.0,2029.0,2028.0,2029.0,0.0632,2024,1,1
2024-01-01 03:35:00+00:00,2028.0,2030.0,2028.0,2030.0,1.0855,2024,1,1
2024-01-01 03:40:00+00:00,2029.0,2030.0,2027.0,2029.0,3.7607,2024,1,1
2024-01-01 03:45:00+00:00,2028.0,2029.0,2028.0,2029.0,0.1139,2024,1,1
2024-01-01 03:50:00+00:00,2029.0,2030.0,2027.0,2029.0,2.1803,2024,1,1
2024-01-01 03:55:00+00:00,2028.0,2029.0,2028.0,2028.0,0.1295,2024,1,1
2024-01-01 04:00:00+00:00,2028.0,2028.0,2028.0,2028.0,0.1111,2024,1,1
2024-01-01 04:05:00+00:00,2029.0,2030.0,2028.0,2028.0,0.2229,2024,1,1
2024-01-01 04:10:00+00:00,2028.0,2030.0,2027.0,2028.0,2.3551,2024,1,1
2024-01-01 04:15:00+00:00,2028.0,2029.0,2028.0,2029.0,0.1036,2024,1,1
2024-01-01 04:20:00+00:00,2028.0,2029.0,2027.0,2029.0,0.597,2024,1,1
2024-01-01 04:25:00+00:00,2029.0,2030.0,2027.0,2027.0,0.1632,2024,1,1
2024-01-01 04:30:00+00:00,2027.0,2029.0,2027.0,2029.0,0.1796,2024,1,1
2024-01-01 04:35:00+00:00,2029.0,2029.0,2028.0,2028.0,0.1901,2024,1,1
2024-01-01 04:40:00+00:00,2029.0,2029.0,2028.0,2028.0,0.2517,2024,1,1
2024-01-01 04:45:00+00:00,2028.0,2028.0,2028.0,2028.0,0.1677,2024,1,1
2024-01-01 04:50:00+00:00,2028.0,2029.0,2028.0,2029.0,0.0604,2024,1,1
2024-01-01 04:55:00+00:00,2028.0,2029.0,2028.0,2029.0,0.0245,2024,1,1
2024-01-01 05:00:00+00:00,2027.0,2029.0,2027.0,2027.0,0.3762,2024,1,1
2024-01-01 05:05:00+00:00,2029.0,2029.0,2029.0,2029.0,0.0033,2024,1,1
2024-01-01 05:10:00+00:00,2029.0,2030.0,2027.0,2030.0,0.091,2024,1,1
2024-01-01 05:15:00+00:00,2028.0,2030.0,2028.0,2030.0,0.0095,2024,1,1
2024-01-01 05:20:00+00:00,2028.0,2030.0,2027.0,2028.0,10.0194,2024,1,1
2024-01-01 05:25:00+00:00,2028.0,2030.0,2028.0,2028.0,0.047,2024,1,1
2024-01-01 05:30:00+00:00,2030.0,2030.0,2029.0,2029.0,0.0522,2024,1,1
2024-01-01 05:35:00+00:00,2029.0,2029.0,2027.0,2027.0,0.2077,2024,1,1
2024-01-01 05:40:00+00:00,2026.0,2029.0,2026.0,2029.0,0.0404,2024,1,1
2024-01-01 05:45:00+00:00,2026.0,2027.0,2026.0,2027.0,0.2745,2024,1,1
2024-01-01 05:50:00+00:00,2027.0,2027.0,2026.0,2026.0,5.1976,2024,1,1
2024-01-01 05:55:00+00:00,2026.0,2028.0,2026.0,2028.0,0.0549,2024,1,1
2024-01-01 06:00:00+00:00,2028.0,2028.0,2027.0,2027.0,0.543,2024,1,1
2024-01-01 06:05:00+00:00,2027.0,2030.0,2026.0,2030.0,2.5544,2024,1,1
2024-01-01 06:10:00+00:00,2030.0,2030.0,2028.0,2030.0,0.3654,2024,1,1
2024-01-01 06:15:00+00:00,2027.0,2030.0,2027.0,2029.0,0.0984,2024,1,1
2024-01-01 06:20:00+00:00,2029.0,2029.0,2027.0,2029.0,0.0226,2024,1,1
2024-01-01 06:25:00+00:00,2027.0,2029.0,2027.0,2029.0,0.0377,2024,1,1
2024-01-01 06:30:00+00:00,2027.0,2029.0,2026.0,2029.0,0.1762,2024,1,1
2024-01-01 06:35:00+00:00,2028.0,2029.0,2027.0,2028.0,0.1956,2024,1,1
2024-01-01 06:40:00+00:00,2028.0,2028.0,2027.0,2028.0,0.0422,2024,1,1
2024-01-01 06:45:00+00:00,2028.0,2028.0,2028.0,2028.0,0.0091,2024,1,1
2024-01-01 06:50:00+00:00,2028.0,2028.0,2028.0,2028.0,0.0147,2024,1,1
2024-01-01 06:55:00+00:00,2027.0,2028.0,2027.0,2028.0,0.0213,2024,1,1
2024-01-01 07:00:00+00:00,2026.0,2028.0,2026.0,2028.0,2.565,2024,1,1
2024-01-01 07:05:00+00:00,2027.0,2028.0,2027.0,2027.0,0.0306,2024,1,1
2024-01-01 07:10:00+00:00,2026.0,2028.0,2026.0,2028.0,0.886,2024,1,1
2024-01-01 07:15:00+00:00,2026.0,2028.0,2026.0,2028.0,0.7887,2024,1,1
2024-01-01 07:20:00+00:00,2028.0,2029.0,2027.0,2028.0,2.9664,2024,1,1
2024-01-01 07:25:00+00:00,2027.0,2028.0,2027.0,2028.0,0.2289,2024,1,1
2024-01-01 07:30:00+00:00,2028.0,2028.0,2027.0,2028.0,0.4117,2024,1,1
2024-01-01 07:35:00+00:00,2027.0,2029.0,2027.0,2029.0,0.7053,2024,1,1
2024-01-01 07:40:00+00:00,2029.0,2029.0,2029.0,2029.0,0.0,2024,1,1
2024-01-01 07:45:00+00:00,2028.0,2028.0,2028.0,2028.0,0.2327,2024,1,1
2024-01-01 07:50:00+00:00,2028.0,2029.0,2027.0,2029.0,0.0526,2024,1,1
2024-01-01 07:55:00+00:00,2028.0,2028.0,2027.0,2028.0,0.0152,2024,1,1
2024-01-01 08:00:00+00:00,2028.0,2029.0,2027.0,2029.0,0.17,2024,1,1
2024-01-01 08:05:00+00:00,2027.0,2028.0,2027.0,2028.0,0.0916,2024,1,1
2024-01-01 08:10:00+00:00,2028.0,2029.0,2028.0,2029.0,3.982,2024,1,1
2024-01-01 08:15:00+00:00,2028.0,2029.0,2027.0,2029.0,0.2147,2024,1,1
2024-01-01 08:20:00+00:00,2029.0,2029.0,2029.0,2029.0,0.0123,2024,1,1
2024-01-01 08:25:00+00:00,2027.0,2029.0,2027.0,2029.0,0.0672,2024,1,1
2024-01-01 08:30:00+00:00,2027.0,2029.0,2027.0,2029.0,1.7014,2024,1,1
2024-01-01 08:35:00+00:00,2028.0,2029.0,2028.0,2029.0,0.1796,2024,1,1
2024-01-01 08:40:00+00:00,2028.0,2029.0,2028.0,2029.0,0.12,2024,1,1
2024-01-01 08:45:00+00:00,2028.0,2029.0,2028.0,2028.0,0.271,2024,1,1
2024-01-01 08:50:00+00:00,2027.0,2028.0,2027.0,2028.0,0.0357,2024,1,1
2024-01-01 08:55:00+00:00,2028.0,2028.0,2027.0,2028.0,0.7512,2024,1,1
2024-01-01 09:00:00+00:00,2027.0,2029.0,2027.0,2028.0,0.8461,2024,1,1
2024-01-01 09:05:00+00:00,2028.0,2028.0,2026.0,2027.0,0.6788,2024,1,1
2024-01-01 09:10:00+00:00,2027.0,2029.0,2027.0,2029.0,3.552,2024,1,1
2024-01-01 09:15:00+00:00,2027.0,2029.0,2027.0,2029.0,0.3654,2024,1,1
2024-01-01 09:20:00+00:00,2028.0,2029.0,2028.0,2029.0,0.0525,2024,1,1
2024-01-01 09:25:00+00:00,2029.0,2029.0,2028.0,2029.0,0.0884,2024,1,1
2024-01-01 09:30:00+00:00,2028.0,2029.0,2028.0,2029.0,1.7588,2024,1,1
2024-01-01 09:35:00+00:00,2029.0,2029.0,2028.0,2028.0,0.026,2024,1,1
2024-01-01 09:40:00+00:00,2028.0,2028.0,2027.0,2028.0,0.0229,2024,1,1
2024-01-01 09:45:00+00:00,2028.0,2029.0,2027.0,2029.0,0.1331,2024,1,1
2024-01-01 09:50:00+00:00,2029.0,2029.0,2029.0,2029.0,0.0719,2024,1,1
2024-01-01 09:55:00+00:00,2027.0,2029.0,2027.0,2029.0,0.3579,2024,1,1
2024-01-01 10:00:00+00:00,2027.0,2028.0,2027.0,2028.0,0.2113,2024,1,1
2024-01-01 10:05:00+00:00,2027.0,2029.0,2027.0,2028.0,0.886,2024,1,1
2024-01-01 10:10:00+00:00,2028.0,2029.0,2027.0,2028.0,1.3666,2024,1,1
2024-01-01 10:15:00+00:00,2028.0,2029.0,2028.0,2029.0,21.0418,2024,1,1
2024-01-01 10:20:00+00:00,2028.0,2029.0,2028.0,2029.0,0.0497,2024,1,1
2024-01-01 10:25:00+00:00,2028.0,2029.0,2028.0,2029.0,1.2345,2024,1,1
2024-01-01 10:30:00+00:00,2028.0,2029.0,2028.0,2029.0,1.0291,2024,1,1
2024-01-01 10:35:00+00:00,2028.0,2029.0,2028.0,2029.0,0.0088,2024,1,1
2024-01-01 10:40:00+00:00,2028.0,2029.0,2028.0,2029.0,0.6433,2024,1,1
2024-01-01 10:45:00+00:00,2029.0,2029.0,2029.0,2029.0,0.1772,2024,1,1
2024-01-01 10:50:00+00:00,2029.0,2029.0,2028.0,2029.0,0.2569,2024,1,1
2024-01-01 10:55:00+00:00,2028.0,2029.0,2028.0,2029.0,0.1668,2024,1,1
2024-01-01 11:00:00+00:00,2028.0,2029.0,2028.0,2029.0,0.0318,2024,1,1
2024-01-01 11:05:00+00:00,2028.0,2029.0,2028.0,2029.0,3.5485,2024,1,1
2024-01-01 11:10:00+00:00,2029.0,2029.0,2028.0,2029.0,0.4218,2024,1,1
2024-01-01 11:15:00+00:00,2028.0,2029.0,2028.0,2029.0,0.0335,2024,1,1
2024-01-01 11:20:00+00:00,2028.0,2029.0,2028.0,2029.0,0.0762,2024,1,1
2024-01-01 11:25:00+00:00,2028.0,2029.0,2028.0,2029.0,43.3729,2024,1,1
2024-01-01 11:30:00+00:00,2029.0,2032.0,2029.0,2032.0,0.1443,2024,1,1
2024-01-01 11:35:00+00:00,2032.0,2032.0,2032.0,2032.0,0.0492,2024,1,1
2024-01-01 11:40:00+00:00,2031.0,2032.0,2031.0,2032.0,0.0336,2024,1,1
2024-01-01 11:45:00+00:00,2032.0,2032.0,2031.0,2032.0,0.0173,2024,1,1
2024-01-01 11:50:00+00:00,2031.0,2033.0,2031.0,2033.0,0.3249,2024,1,1
2024-01-01 11:55:00+00:00,2032.0,2034.0,2032.0,2034.0,0.3189,2024,1,1
2024-01-01 12:00:00+00:00,2034.0,2034.0,2033.0,2034.0,0.0644,2024,1,1
2024-01-01 12:05:00+00:00,2033.0,2034.0,2033.0,2034.0,0.5422,2024,1,1
2024-01-01 12:10:00+00:00,2033.0,2034.0,2033.0,2034.0,0.1774,2024,1,1
2024-01-01 12:15:00+00:00,2033.0,2034.0,2033.0,2034.0,0.335,2024,1,1
2024-01-01 12:20:00+00:00,2034.0,2034.0,2030.0,2031.0,1.9226,2024,1,1
2024-01-01 12:25:00+00:00,2031.0,2031.0,2030.0,2030.0,1.2016,2024,1,1
2024-01-01 12:30:00+00:00,2032.0,2033.0,2032.0,2033.0,0.1097,2024,1,1
2024-01-01 12:35:00+00:00,2032.0,2033.0,2024.0,2029.0,51.2134,2024,1,1
2024-01-01 12:40:00+00:00,2029.0,2030.0,2029.0,2030.0,0.3753,2024,1,1
2024-01-01 12:45:00+00:00,2030.0,2030.0,2029.0,2030.0,0.0941,2024,1,1
2024-01-01 12:50:00+00:00,2029.0,2031.0,2029.0,2031.0,0.4888,2024,1,1
2024-01-01 12:55:00+00:00,2030.0,2031.0,2029.0,2030.0,1.8206,2024,1,1
2024-01-01 13:00:00+00:00,2030.0,2031.0,2029.0,2031.0,0.8341,2024,1,1
2024-01-01 13:05:00+00:00,2031.0,2032.0,2030.0,2031.0,0.5606,2024,1,1
2024-01-01 13:10:00+00:00,2031.0,2031.0,2030.0,2030.0,0.0905,2024,1,1
2024-01-01 13:15:00+00:00,2031.0,2031.0,2028.0,2030.0,1.4299,2024,1,1
2024-01-01 13:20:00+00:00,2030.0,2031.0,2030.0,2031.0,0.0555,2024,1,1
2024-01-01 13:25:00+00:00,2032.0,2032.0,2031.0,2032.0,0.1759,2024,1,1
2024-01-01 13:30:00+00:00,2031.0,2032.0,2030.0,2032.0,0.2243,2024,1,1
2024-01-01 13:35:00+00:00,2032.0,2033.0,2031.0,2033.0,0.2267,2024,1,1
2024-01-01 13:40:00+00:00,2033.0,2033.0,2033.0,2033.0,0.6856,2024,1,1
2024-01-01 13:45:00+00:00,2033.0,2033.0,2029.0,2032.0,2.104,2024,1,1
2024-01-01 13:50:00+00:00,2032.0,2033.0,2031.0,2033.0,0.2505,2024,1,1
2024-01-01 13:55:00+00:00,2031.0,2033.0,2031.0,2033.0,0.1826,2024,1,1
2024-01-01 14:00:00+00:00,2031.0,2033.0,2031.0,2031.0,0.117,2024,1,1
2024-01-01 14:05:00+00:00,2031.0,2031.0,2029.0,2030.0,0.0509,2024,1,1
2024-01-01 14:10:00+00:00,2030.0,2032.0,2028.0,2032.0,0.454,2024,1,1
2024-01-01 14:15:00+00:00,2030.0,2032.0,2030.0,2031.0,1.1153,2024,1,1
2024-01-01 14:20:00+00:00,2030.0,2032.0,2030.0,2031.0,0.4562,2024,1,1
2024-01-01 14:25:00+00:00,2032.0,2032.0,2030.0,2030.0,0.799,2024,1,1
2024-01-01 14:30:00+00:00,2029.0,2029.0,2028.0,2029.0,0.1905,2024,1,1
2024-01-01 14:35:00+00:00,2029.0,2029.0,2027.0,2028.0,0.603,2024,1,1
2024-01-01 14:40:00+00:00,2028.0,2029.0,2027.0,2029.0,0.2596,2024,1,1
2024-01-01 14:45:00+00:00,2028.0,2029.0,2028.0,2029.0,0.1146,2024,1,1
2024-01-01 14:50:00+00:00,2028.0,2030.0,2027.0,2029.0,1.0651,2024,1,1
2024-01-01 14:55:00+00:00,2029.0,2030.0,2029.0,2030.0,0.3923,2024,1,1
2024-01-01 15:00:00+00:00,2030.0,2031.0,2029.0,2031.0,1.5086,2024,1,1
2024-01-01 15:05:00+00:00,2031.0,2033.0,2031.0,2032.0,0.9235,2024,1,1
2024-01-01 15:10:00+00:00,2031.0,2031.0,2029.0,2030.0,0.3389,2024,1,1
2024-01-01 15:15:00+00:00,2031.0,2031.0,2030.0,2031.0,0.0981,2024,1,1
2024-01-01 15:20:00+00:00,2031.0,2031.0,2030.0,2031.0,0.9564,2024,1,1
2024-01-01 15:25:00+00:00,2031.0,2031.0,2030.0,2031.0,0.1897,2024,1,1
2024-01-01 15:30:00+00:00,2030.0,2030.0,2028.0,2029.0,1.5822,2024,1,1
2024-01-01 15:35:00+00:00,2028.0,2029.0,2028.0,2028.0,0.2979,2024,1,1
2024-01-01 15:40:00+00:00,2028.0,2030.0,2027.0,2030.0,0.5159,2024,1,1
2024-01-01 15:45:00+00:00,2030.0,2030.0,2027.0,2030.0,1.6409,2024,1,1
2024-01-01 15:50:00+00:00,2030.0,2031.0,2026.0,2031.0,1.075,2024,1,1
2024-01-01 15:55:00+00:00,2031.0,2031.0,2031.0,2031.0,0.1737,2024,1,1
2024-01-01 16:00:00+00:00,2030.0,2031.0,2030.0,2031.0,0.6956,2024,1,1
2024-01-01 16:05:00+00:00,2031.0,2033.0,2030.0,2031.0,1.3475,2024,1,1
2024-01-01 16:10:00+00:00,2032.0,2033.0,2032.0,2033.0,0.3437,2024,1,1
2024-01-01 16:15:00+00:00,2031.0,2034.0,2031.0,2033.0,0.2901,2024,1,1
2024-01-01 16:20:00+00:00,2032.0,2032.0,2030.0,2032.0,2.6734,2024,1,1
2024-01-01 16:25:00+00:00,2031.0,2032.0,2029.0,2030.0,0.7758,2024,1,1
2024-01-01 16:30:00+00:00,2030.0,2030.0,2029.0,2029.0,0.0582,2024,1,1
2024-01-01 16:35:00+00:00,2030.0,2031.0,2029.0,2031.0,0.1744,2024,1,1
2024-01-01 16:40:00+00:00,2031.0,2031.0,2029.0,2029.0,0.8712,2024,1,1
2024-01-01 16:45:00+00:00,2031.0,2031.0,2030.0,2031.0,0.0541,2024,1,1
2024-01-01 16:50:00+00:00,2030.0,2030.0,2030.0,2030.0,0.0332,2024,1,1
2024-01-01 16:55:00+00:00,2030.0,2030.0,2029.0,2029.0,0.0579,2024,1,1
2024-01-01 17:00:00+00:00,2031.0,2031.0,2030.0,2030.0,0.6101,2024,1,1
2024-01-01 17:05:00+00:00,2029.0,2030.0,2028.0,2030.0,1.0313,2024,1,1
2024-01-01 17:10:00+00:00,2030.0,2031.0,2028.0,2031.0,1.0139,2024,1,1
2024-01-01 17:15:00+00:00,2031.0,2031.0,2029.0,2031.0,0.7415,2024,1,1
2024-01-01 17:20:00+00:00,2031.0,2034.0,2030.0,2031.0,5.2997,2024,1,1
2024-01-01 17:25:00+00:00,2031.0,2032.0,2031.0,2031.0,0.0664,2024,1,1
2024-01-01 17:30:00+00:00,2031.0,2032.0,2031.0,2032.0,0.025,2024,1,1
2024-01-01 17:35:00+00:00,2032.0,2032.0,2031.0,2031.0,0.0252,2024,1,1
2024-01-01 17:40:00+00:00,2031.0,2032.0,2031.0,2032.0,0.0469,2024,1,1
2024-01-01 17:45:00+00:00,2032.0,2032.0,2031.0,2032.0,0.2835,2024,1,1
2024-01-01 17:50:00+00:00,2032.0,2032.0,2031.0,2031.0,0.5019,2024,1,1
2024-01-01 17:55:00+00:00,2031.0,2031.0,2028.0,2029.0,1.2441,2024,1,1
2024-01-01 18:00:00+00:00,2030.0,2031.0,2030.0,2031.0,0.3786,2024,1,1
2024-01-01 18:05:00+00:00,2031.0,2032.0,2028.0,2032.0,12.6081,2024,1,1
2024-01-01 18:10:00+00:00,2032.0,2032.0,2030.0,2032.0,0.9143,2024,1,1
2024-01-01 18:15:00+00:00,2031.0,2032.0,2030.0,2030.0,2.4633,2024,1,1
2024-01-01 18:20:00+00:00,2032.0,2032.0,2030.0,2032.0,1.121,2024,1,1
2024-01-01 18:25:00+00:00,2032.0,2032.0,2029.0,2031.0,0.3487,2024,1,1
2024-01-01 18:30:00+00:00,2030.0,2032.0,2030.0,2032.0,0.366,2024,1,1
2024-01-01 18:35:00+00:00,2032.0,2032.0,2029.0,2031.0,1.3709,2024,1,1
2024-01-01 18:40:00+00:00,2030.0,2031.0,2030.0,2030.0,0.2541,2024,1,1
2024-01-01 18:45:00+00:00,2031.0,2032.0,2030.0,2032.0,0.7435,2024,1,1
2024-01-01 18:50:00+00:00,2032.0,2034.0,2029.0,2031.0,1.6218,2024,1,1
2024-01-01 18:55:00+00:00,2031.0,2031.0,2030.0,2031.0,0.1477,2024,1,1
2024-01-01 19:00:00+00:00,2031.0,2031.0,2028.0,2031.0,1.0626,2024,1,1
2024-01-01 19:05:00+00:00,2031.0,2032.0,2031.0,2032.0,0.2905,2024,1,1
2024-01-01 19:10:00+00:00,2031.0,2038.0,2029.0,2034.0,6.447,2024,1,1
2024-01-01 19:15:00+00:00,2034.0,2034.0,2030.0,2031.0,5.6376,2024,1,1
2024-01-01 19:20:00+00:00,2031.0,2034.0,2030.0,2034.0,0.7171,2024,1,1
2024-01-01 19:25:00+00:00,2033.0,2034.0,2031.0,2033.0,3.1961,2024,1,1
2024-01-01 19:30:00+00:00,2033.0,2035.0,2033.0,2033.0,1.269,2024,1,1
2024-01-01 19:35:00+00:00,2034.0,2034.0,2030.0,2032.0,1.1157,2024,1,1
2024-01-01 19:40:00+00:00,2032.0,2032.0,2028.0,2032.0,3.7853,2024,1,1
2024-01-01 19:45:00+00:00,2031.0,2034.0,2031.0,2034.0,1.8136,2024,1,1
2024-01-01 19:50:00+00:00,2034.0,2035.0,2033.0,2034.0,0.7368,2024,1,1
2024-01-01 19:55:00+00:00,2033.0,2034.0,2028.0,2031.0,5.2135,2024,1,1
2024-01-01 20:00:00+00:00,2030.0,2032.0,2030.0,2032.0,0.87,2024,1,1
2024-01-01 20:05:00+00:00,2032.0,2035.0,2032.0,2034.0,0.6743,2024,1,1
2024-01-01 20:10:00+00:00,2034.0,2035.0,2033.0,2033.0,1.0374,2024,1,1
2024-01-01 20:15:00+00:00,2034.0,2034.0,2032.0,2032.0,0.3323,2024,1,1
2024-01-01 20:20:00+00:00,2032.0,2032.0,2029.0,2031.0,0.5388,2024,1,1
2024-01-01 20:25:00+00:00,2031.0,2033.0,2030.0,2033.0,0.3324,2024,1,1
2024-01-01 20:30:00+00:00,2031.0,2033.0,2031.0,2032.0,0.531,2024,1,1
2024-01-01 20:35:00+00:00,2031.0,2032.0,2031.0,2032.0,0.588,2024,1,1
2024-01-01 20:40:00+00:00,2032.0,2032.0,2032.0,2032.0,1.8146,2024,1,1
2024-01-01 20:45:00+00:00,2032.0,2032.0,2031.0,2031.0,0.3026,2024,1,1
2024-01-01 20:50:00+00:00,2032.0,2032.0,2031.0,2031.0,0.063,2024,1,1
2024-01-01 20:55:00+00:00,2031.0,2033.0,2031.0,2033.0,0.2706,2024,1,1
2024-01-01 21:00:00+00:00,2032.0,2033.0,2031.0,2033.0,0.4697,2024,1,1
2024-01-01 21:05:00+00:00,2033.0,2033.0,2031.0,2032.0,3.7223,2024,1,1
2024-01-01 21:10:00+00:00,2033.0,2033.0,2032.0,2032.0,0.5015,2024,1,1
2024-01-01 21:15:00+00:00,2032.0,2032.0,2032.0,2032.0,0.2911,2024,1,1
2024-01-01 21:20:00+00:00,2032.0,2032.0,2031.0,2032.0,0.7104,2024,1,1
2024-01-01 21:25:00+00:00,2032.0,2032.0,2031.0,2032.0,1.0738,2024,1,1
2024-01-01 21:30:00+00:00,2031.0,2032.0,2031.0,2031.0,4.499,2024,1,1
2024-01-01 21:35:00+00:00,2032.0,2032.0,2031.0,2032.0,0.1692,2024,1,1
2024-01-01 21:40:00+00:00,2031.0,2032.0,2031.0,2032.0,0.0673,2024,1,1
2024-01-01 21:45:00+00:00,2032.0,2032.0,2031.0,2032.0,0.5095,2024,1,1
2024-01-01 21:50:00+00:00,2031.0,2032.0,2031.0,2032.0,2.167,2024,1,1
2024-01-01 21:55:00+00:00,2031.0,2032.0,2031.0,2032.0,0.1448,2024,1,1
2024-01-01 22:00:00+00:00,2031.0,2032.0,2031.0,2032.0,0.2837,2024,1,1
2024-01-01 22:05:00+00:00,2032.0,2032.0,2031.0,2032.0,0.1502,2024,1,1
2024-01-01 22:10:00+00:00,2032.0,2032.0,2031.0,2031.0,0.1385,2024,1,1
2024-01-01 22:15:00+00:00,2032.0,2032.0,2031.0,2031.0,0.0691,2024,1,1
2024-01-01 22:20:00+00:00,2031.0,2035.0,2031.0,2033.0,10.7014,2024,1,1
2024-01-01 22:25:00+00:00,2034.0,2035.0,2033.0,2034.0,0.331,2024,1,1
2024-01-01 22:30:00+00:00,2034.0,2036.0,2033.0,2034.0,1.0897,2024,1,1
2024-01-01 22:35:00+00:00,2034.0,2035.0,2031.0,2033.0,1.4871,2024,1,1
2024-01-01 22:40:00+00:00,2033.0,2035.0,2033.0,2034.0,1.4192,2024,1,1
2024-01-01 22:45:00+00:00,2033.0,2035.0,2033.0,2035.0,0.2192,2024,1,1
2024-01-01 22:50:00+00:00,2035.0,2035.0,2032.0,2032.0,0.1165,2024,1,1
2024-01-01 22:55:00+00:00,2034.0,2034.0,2032.0,2034.0,0.2574,2024,1,1
2024-01-01 23:00:00+00:00,2034.0,2034.0,2033.0,2034.0,0.745,2024,1,1
2024-01-01 23:05:00+00:00,2034.0,2035.0,2033.0,2034.0,0.1131,2024,1,1
2024-01-01 23:10:00+00:00,2035.0,2035.0,2032.0,2035.0,1.0489,2024,1,1
2024-01-01 23:15:00+00:00,2035.0,2035.0,2034.0,2034.0,0.3012,2024,1,1
2024-01-01 23:20:00+00:00,2034.0,2035.0,2032.0,2034.0,1.4275,2024,1,1
2024-01-01 23:25:00+00:00,2034.0,2034.0,2033.0,2034.0,0.6744,2024,1,1
2024-01-01 23:30:00+00:00,2034.0,2034.0,2032.0,2033.0,2.4243,2024,1,1
2024-01-01 23:35:00+00:00,2032.0,2033.0,2031.0,2031.0,11.7496,2024,1,1
2024-01-01 23:40:00+00:00,2031.0,2031.0,2030.0,2031.0,10.3871,2024,1,1
2024-01-01 23:45:00+00:00,2031.0,2032.0,2031.0,2032.0,0.4927,2024,1,1
2024-01-01 23:50:00+00:00,2032.0,2033.0,2031.0,2033.0,0.7311,2024,1,1
2024-01-01 23:55:00+00:00,2033.0,2033.0,2028.0,2029.0,7.196,2024,1,1
2024-01-02 00:00:00+00:00,2029.0,2037.0,2028.0,2034.0,6.5299,2024,1,2
2024-01-02 00:05:00+00:00,2034.0,2036.0,2031.0,2036.0,4.8632,2024,1,2
2024-01-02 00:10:00+00:00,2034.0,2038.0,2034.0,2036.0,7.5246,2024,1,2
2024-01-02 00:15:00+00:00,2036.0,2036.0,2034.0,2035.0,3.6287,2024,1,2
2024-01-02 00:20:00+00:00,2035.0,2037.0,2034.0,2035.0,10.1306,2024,1,2
2024-01-02 00:25:00+00:00,2034.0,2035.0,2031.0,2033.0,4.2971,2024,1,2
2024-01-02 00:30:00+00:00,2033.0,2034.0,2032.0,2034.0,1.1125,2024,1,2
2024-01-02 00:35:00+00:00,2035.0,2037.0,2033.0,2036.0,8.0388,2024,1,2
2024-01-02 00:40:00+00:00,2035.0,2035.0,2034.0,2034.0,1.3207,2024,1,2
2024-01-02 00:45:00+00:00,2035.0,2035.0,2033.0,2033.0,0.6933,2024,1,2
2024-01-02 00:50:00+00:00,2034.0,2037.0,2032.0,2034.0,4.5838,2024,1,2
2024-01-02 00:55:00+00:00,2034.0,2034.0,2033.0,2034.0,1.9269,2024,1,2
2024-01-02 01:00:00+00:00,2033.0,2038.0,2033.0,2035.0,2.9611,2024,1,2
2024-01-02 01:05:00+00:00,2036.0,2040.0,2036.0,2037.0,14.9287,2024,1,2
2024-01-02 01:10:00+00:00,2038.0,2038.0,2034.0,2036.0,7.6331,2024,1,2
2024-01-02 01:15:00+00:00,2035.0,2039.0,2034.0,2038.0,3.9119,2024,1,2
2024-01-02 01:20:00+00:00,2039.0,2039.0,2037.0,2038.0,0.1603,2024,1,2
2024-01-02 01:25:00+00:00,2036.0,2039.0,2035.0,2037.0,14.2543,2024,1,2
2024-01-02 01:30:00+00:00,2037.0,2039.0,2037.0,2037.0,0.5473,2024,1,2
2024-01-02 01:35:00+00:00,2038.0,2039.0,2037.0,2038.0,0.923,2024,1,2
2024-01-02 01:40:00+00:00,2038.0,2038.0,2036.0,2036.0,1.0622,2024,1,2
2024-01-02 01:45:00+00:00,2036.0,2036.0,2033.0,2035.0,4.0972,2024,1,2
2024-01-02 01:50:00+00:00,2035.0,2037.0,2034.0,2037.0,0.8537,2024,1,2
2024-01-02 01:55:00+00:00,2037.0,2039.0,2032.0,2037.0,4.6302,2024,1,2
2024-01-02 02:00:00+00:00,2036.0,2038.0,2035.0,2037.0,1.0572,2024,1,2
2024-01-02 02:05:00+00:00,2037.0,2037.0,2034.0,2035.0,0.6512,2024,1,2
2024-01-02 02:10:00+00:00,2035.0,2036.0,2035.0,2036.0,0.1866,2024,1,2
2024-01-02 02:15:00+00:00,2036.0,2038.0,2035.0,2036.0,1.8217,2024,1,2
2024-01-02 02:20:00+00:00,2037.0,2038.0,2034.0,2036.0,0.4026,2024,1,2
2024-01-02 02:25:00+00:00,2036.0,2036.0,2034.0,2036.0,0.1642,2024,1,2
2024-01-02 02:30:00+00:00,2036.0,2037.0,2036.0,2037.0,0.1485,2024,1,2
2024-01-02 02:35:00+00:00,2036.0,2039.0,2034.0,2039.0,0.7972,2024,1,2
2024-01-02 02:40:00+00:00,2038.0,2039.0,2033.0,2035.0,2.6674,2024,1,2
2024-01-02 02:45:00+00:00,2035.0,2039.0,2031.0,2035.0,30.3453,2024,1,2
2024-01-02 02:50:00+00:00,2036.0,2039.0,2029.0,2030.0,61.0875,2024,1,2
2024-01-02 02:55:00+00:00,2030.0,2037.0,2025.0,2034.0,18.4432,2024,1,2
2024-01-02 03:00:00+00:00,2035.0,2037.0,2033.0,2034.0,2.5685,2024,1,2
2024-01-02 03:05:00+00:00,2032.0,2036.0,2032.0,2035.0,13.4794,2024,1,2
2024-01-02 03:10:00+00:00,2034.0,2035.0,2034.0,2035.0,0.1116,2024,1,2
2024-01-02 03:15:00+00:00,2035.0,2035.0,2034.0,2035.0,0.2086,2024,1,2
2024-01-02 03:20:00+00:00,2036.0,2038.0,2035.0,2038.0,3.0513,2024,1,2
2024-01-02 03:25:00+00:00,2038.0,2039.0,2037.0,2038.0,0.6679,2024,1,2
2024-01-02 03:30:00+00:00,2038.0,2038.0,2037.0,2038.0,0.1606,2024,1,2
2024-01-02 03:35:00+00:00,2039.0,2039.0,2037.0,2038.0,1.0064,2024,1,2
2024-01-02 03:40:00+00:00,2039.0,2040.0,2037.0,2039.0,4.7707,2024,1,2
2024-01-02 03:45:00+00:00,2039.0,2039.0,2038.0,2038.0,0.2292,2024,1,2
2024-01-02 03:50:00+00:00,2039.0,2039.0,2036.0,2037.0,1.426,2024,1,2
2024-01-02 03:55:00+00:00,2038.0,2038.0,2037.0,2038.0,0.2992,2024,1,2
2024-01-02 04:00:00+00:00,2037.0,2039.0,2037.0,2037.0,0.2711,2024,1,2
2024-01-02 04:05:00+00:00,2038.0,2040.0,2037.0,2038.0,1.8475,2024,1,2
2024-01-02 04:10:00+00:00,2038.0,2038.0,2037.0,2038.0,1.1533,2024,1,2
2024-01-02 04:15:00+00:00,2037.0,2038.0,2037.0,2038.0,0.7036,2024,1,2
2024-01-02 04:20:00+00:00,2038.0,2041.0,2037.0,2039.0,12.1359,2024,1,2
2024-01-02 04:25:00+00:00,2040.0,2040.0,2038.0,2039.0,1.3613,2024,1,2
2024-01-02 04:30:00+00:00,2039.0,2039.0,2038.0,2038.0,0.6873,2024,1,2
2024-01-02 04:35:00+00:00,2038.0,2039.0,2037.0,2038.0,0.9839,2024,1,2
2024-01-02 04:40:00+00:00,2039.0,2039.0,2038.0,2038.0,0.485,2024,1,2
2024-01-02 04:45:00+00:00,2039.0,2039.0,2038.0,2039.0,0.1738,2024,1,2
2024-01-02 04:50:00+00:00,2038.0,2039.0,2038.0,2038.0,0.0632,2024,1,2
2024-01-02 04:55:00+00:00,2038.0,2039.0,2038.0,2039.0,5.3484,2024,1,2
2024-01-02 05:00:00+00:00,2038.0,2039.0,2038.0,2038.0,1.4041,2024,1,2
2024-01-02 05:05:00+00:00,2039.0,2039.0,2039.0,2039.0,0.0238,2024,1,2
2024-01-02 05:10:00+00:00,2039.0,2040.0,2038.0,2040.0,1.5181,2024,1,2
2024-01-02 05:15:00+00:00,2039.0,2040.0,2038.0,2039.0,0.4592,2024,1,2
2024-01-02 05:20:00+00:00,2039.0,2040.0,2038.0,2039.0,2.5826,2024,1,2
2024-01-02 05:25:00+00:00,2040.0,2041.0,2039.0,2040.0,2.6811,2024,1,2
2024-01-02 05:30:00+00:00,2040.0,2040.0,2038.0,2039.0,1.5776,2024,1,2
2024-01-02 05:35:00+00:00,2038.0,2041.0,2038.0,2040.0,1.2851,2024,1,2
2024-01-02 05:40:00+00:00,2039.0,2040.0,2039.0,2040.0,0.6846,2024,1,2
2024-01-02 05:45:00+00:00,2040.0,2041.0,2038.0,2038.0,8.5621,2024,1,2
2024-01-02 05:50:00+00:00,2039.0,2040.0,2038.0,2039.0,0.8677,2024,1,2
2024-01-02 05:55:00+00:00,2039.0,2041.0,2038.0,2038.0,0.356,2024,1,2
2024-01-02 06:00:00+00:00,2038.0,2041.0,2038.0,2038.0,0.2335,2024,1,2
2024-01-02 06:05:00+00:00,2038.0,2038.0,2038.0,2038.0,1.3329,2024,1,2
2024-01-02 06:10:00+00:00,2038.0,2043.0,2038.0,2041.0,5.1472,2024,1,2
2024-01-02 06:15:00+00:00,2041.0,2042.0,2041.0,2042.0,0.1907,2024,1,2
2024-01-02 06:20:00+00:00,2041.0,2042.0,2038.0,2041.0,4.5019,2024,1,2
2024-01-02 06:25:00+00:00,2041.0,2042.0,2038.0,2041.0,1.5744,2024,1,2
2024-01-02 06:30:00+00:00,2041.0,2048.0,2040.0,2043.0,13.3741,2024,1,2
2024-01-02 06:35:00+00:00,2043.0,2050.0,2043.0,2045.0,8.1819,2024,1,2
2024-01-02 06:40:00+00:00,2044.0,2046.0,2044.0,2045.0,9.0771,2024,1,2
2024-01-02 06:45:00+00:00,2045.0,2046.0,2045.0,2046.0,3.362,2024,1,2
2024-01-02 06:50:00+00:00,2045.0,2051.0,2045.0,2047.0,6.4828,2024,1,2
2024-01-02 06:55:00+00:00,2047.0,2048.0,2046.0,2046.0,0.8271,2024,1,2
2024-01-02 07:00:00+00:00,2046.0,2047.0,2045.0,2046.0,1.6214,2024,1,2
2024-01-02 07:05:00+00:00,2045.0,2046.0,2045.0,2046.0,0.267,2024,1,2
2024-01-02 07:10:00+00:00,2045.0,2046.0,2043.0,2043.0,2.7054,2024,1,2
2024-01-02 07:15:00+00:00,2043.0,2044.0,2042.0,2044.0,0.4616,2024,1,2
2024-01-02 07:20:00+00:00,2044.0,2044.0,2043.0,2043.0,0.9984,2024,1,2
2024-01-02 07:25:00+00:00,2043.0,2045.0,2043.0,2045.0,0.0894,2024,1,2
2024-01-02 07:30:00+00:00,2044.0,2046.0,2043.0,2045.0,1.4819,2024,1,2
2024-01-02 07:35:00+00:00,2044.0,2045.0,2043.0,2044.0,0.5235,2024,1,2
2024-01-02 07:40:00+00:00,2044.0,2044.0,2043.0,2044.0,0.2778,2024,1,2
2024-01-02 07:45:00+00:00,2043.0,2044.0,2042.0,2044.0,2.6765,2024,1,2
2024-01-02 07:50:00+00:00,2043.0,2044.0,2042.0,2042.0,1.7736,2024,1,2
2024-01-02 07:55:00+00:00,2042.0,2044.0,2040.0,2041.0,3.3027,2024,1,2
2024-01-02 08:00:00+00:00,2041.0,2042.0,2039.0,2039.0,1.6907,2024,1,2
2024-01-02 08:05:00+00:00,2040.0,2040.0,2038.0,2040.0,1.093,2024,1,2
2024-01-02 08:10:00+00:00,2039.0,2040.0,2038.0,2040.0,0.4101,2024,1,2
2024-01-02 08:15:00+00:00,2041.0,2041.0,2038.0,2041.0,0.9768,2024,1,2
2024-01-02 08:20:00+00:00,2041.0,2047.0,2041.0,2044.0,6.6978,2024,1,2
2024-01-02 08:25:00+00:00,2044.0,2047.0,2040.0,2043.0,7.4008,2024,1,2
2024-01-02 08:30:00+00:00,2042.0,2044.0,2040.0,2043.0,3.0115,2024,1,2
2024-01-02 08:35:00+00:00,2043.0,2048.0,2042.0,2044.0,4.657,2024,1,2
2024-01-02 08:40:00+00:00,2044.0,2045.0,2041.0,2044.0,1.0559,2024,1,2
2024-01-02 08:45:00+00:00,2044.0,2044.0,2041.0,2041.0,0.637,2024,1,2
2024-01-02 08:50:00+00:00,2042.0,2044.0,2041.0,2041.0,0.6217,2024,1,2
2024-01-02 08:55:00+00:00,2043.0,2043.0,2040.0,2043.0,0.3785,2024,1,2
2024-01-02 09:00:00+00:00,2042.0,2044.0,2042.0,2044.0,0.5654,2024,1,2
2024-01-02 09:05:00+00:00,2042.0,2045.0,2041.0,2043.0,2.1117,2024,1,2
2024-01-02 09:10:00+00:00,2043.0,2045.0,2027.0,2039.0,45.6998,2024,1,2
2024-01-02 09:15:00+00:00,2039.0,2041.0,2038.0,2040.0,3.5174,2024,1,2
2024-01-02 09:20:00+00:00,2040.0,2041.0,2040.0,2041.0,1.0195,2024,1,2
2024-01-02 09:25:00+00:00,2040.0,2041.0,2039.0,2040.0,1.9813,2024,1,2
2024-01-02 09:30:00+00:00,2038.0,2041.0,2037.0,2039.0,8.0711,2024,1,2
2024-01-02 09:35:00+00:00,2039.0,2042.0,2039.0,2041.0,3.5429,2024,1,2
2024-01-02 09:40:00+00:00,2041.0,2042.0,2040.0,2040.0,0.73,2024,1,2
2024-01-02 09:45:00+00:00,2040.0,2042.0,2040.0,2041.0,9.0955,2024,1,2
2024-01-02 09:50:00+00:00,2040.0,2042.0,2040.0,2041.0,0.9441,2024,1,2
2024-01-02 09:55:00+00:00,2041.0,2043.0,2041.0,2042.0,1.622,2024,1,2
2024-01-02 10:00:00+00:00,2042.0,2044.0,2042.0,2044.0,0.8844,2024,1,2
2024-01-02 10:05:00+00:00,2043.0,2043.0,2041.0,2042.0,4.4867,2024,1,2
2024-01-02 10:10:00+00:00,2042.0,2042.0,2041.0,2041.0,0.3222,2024,1,2
2024-01-02 10:15:00+00:00,2041.0,2042.0,2041.0,2042.0,0.0611,2024,1,2
2024-01-02 10:20:00+00:00,2041.0,2042.0,2041.0,2041.0,1.0473,2024,1,2
2024-01-02 10:25:00+00:00,2041.0,2043.0,2006.0,2038.0,74.591,2024,1,2
2024-01-02 10:30:00+00:00,2038.0,2039.0,2037.0,2039.0,15.974,2024,1,2
2024-01-02 10:35:00+00:00,2039.0,2041.0,2038.0,2040.0,4.1954,2024,1,2
2024-01-02 10:40:00+00:00,2040.0,2042.0,2040.0,2041.0,3.4162,2024,1,2
2024-01-02 10:45:00+00:00,2041.0,2043.0,2039.0,2039.0,6.3247,2024,1,2
2024-01-02 10:50:00+00:00,2039.0,2045.0,2039.0,2045.0,9.2453,2024,1,2
2024-01-02 10:55:00+00:00,2045.0,2046.0,2045.0,2045.0,4.634,2024,1,2
2024-01-02 11:00:00+00:00,2046.0,2046.0,2044.0,2045.0,11.053,2024,1,2
2024-01-02 11:05:00+00:00,2045.0,2048.0,2037.0,2039.0,29.2318,2024,1,2
2024-01-02 11:10:00+00:00,2039.0,2043.0,2039.0,2042.0,2.8814,2024,1,2
2024-01-02 11:15:00+00:00,2042.0,2043.0,2040.0,2042.0,4.7127,2024,1,2
2024-01-02 11:20:00+00:00,2042.0,2046.0,2042.0,2044.0,13.6123,2024,1,2
2024-01-02 11:25:00+00:00,2042.0,2045.0,2042.0,2045.0,0.9412,2024,1,2
2024-01-02 11:30:00+00:00,2044.0,2045.0,2042.0,2043.0,2.466,2024,1,2
2024-01-02 11:35:00+00:00,2043.0,2044.0,2041.0,2041.0,5.6213,2024,1,2
2024-01-02 11:40:00+00:00,2042.0,2042.0,2036.0,2038.0,6.9125,2024,1,2
2024-01-02 11:45:00+00:00,2038.0,2041.0,2034.0,2041.0,15.2792,2024,1,2
2024-01-02 11:50:00+00:00,2040.0,2041.0,2039.0,2041.0,2.7739,2024,1,2
2024-01-02 11:55:00+00:00,2040.0,2041.0,2039.0,2039.0,1.467,2024,1,2
2024-01-02 12:00:00+00:00,2039.0,2040.0,2038.0,2040.0,1.7693,2024,1,2
2024-01-02 12:05:00+00:00,2039.0,2040.0,2038.0,2040.0,1.8359,2024,1,2
2024-01-02 12:10:00+00:00,2040.0,2043.0,2040.0,2042.0,3.1964,2024,1,2
2024-01-02 12:15:00+00:00,2041.0,2041.0,2039.0,2040.0,0.5929,2024,1,2
2024-01-02 12:20:00+00:00,2040.0,2041.0,2040.0,2041.0,0.3708,2024,1,2
2024-01-02 12:25:00+00:00,2041.0,2041.0,2040.0,2041.0,0.3871,2024,1,2
2024-01-02 12:30:00+00:00,2041.0,2042.0,2039.0,2042.0,0.3121,2024,1,2
2024-01-02 12:35:00+00:00,2042.0,2042.0,2040.0,2042.0,0.3523,2024,1,2
2024-01-02 12:40:00+00:00,2040.0,2042.0,2040.0,2041.0,0.5668,2024,1,2
2024-01-02 12:45:00+00:00,2042.0,2042.0,2031.0,2033.0,12.0528,2024,1,2
2024-01-02 12:50:00+00:00,2033.0,2033.0,2029.0,2031.0,5.6729,2024,1,2
2024-01-02 12:55:00+00:00,2031.0,2033.0,2029.0,2032.0,5.9259,2024,1,2
2024-01-02 13:00:00+00:00,2031.0,2033.0,2031.0,2032.0,2.6688,2024,1,2
2024-01-02 13:05:00+00:00,2033.0,2035.0,2032.0,2034.0,1.2254,2024,1,2
2024-01-02 13:10:00+00:00,2033.0,2037.0,2033.0,2035.0,2.0144,2024,1,2
2024-01-02 13:15:00+00:00,2036.0,2041.0,2036.0,2038.0,9.8617,2024,1,2
2024-01-02 13:20:00+00:00,2038.0,2038.0,2035.0,2036.0,1.8591,2024,1,2
2024-01-02 13:25:00+00:00,2035.0,2040.0,2035.0,2036.0,3.7322,2024,1,2
2024-01-02 13:30:00+00:00,2035.0,2037.0,2031.0,2035.0,20.2586,2024,1,2
2024-01-02 13:35:00+00:00,2034.0,2036.0,2033.0,2036.0,0.437,2024,1,2
2024-01-02 13:40:00+00:00,2035.0,2038.0,2035.0,2037.0,1.047,2024,1,2
2024-01-02 13:45:00+00:00,2038.0,2039.0,2037.0,2039.0,1.171,2024,1,2
2024-01-02 13:50:00+00:00,2038.0,2040.0,2037.0,2037.0,1.1318,2024,1,2
2024-01-02 13:55:00+00:00,2038.0,2038.0,2037.0,2038.0,1.1903,2024,1,2
2024-01-02 14:00:00+00:00,2037.0,2038.0,2037.0,2038.0,0.709,2024,1,2
2024-01-02 14:05:00+00:00,2037.0,2040.0,2037.0,2038.0,10.8859,2024,1,2
2024-01-02 14:10:00+00:00,2039.0,2040.0,2038.0,2039.0,4.3443,2024,1,2
2024-01-02 14:15:00+00:00,2038.0,2044.0,2038.0,2039.0,8.5878,2024,1,2
2024-01-02 14:20:00+00:00,2039.0,2045.0,2038.0,2039.0,22.0548,2024,1,2
2024-01-02 14:25:00+00:00,2039.0,2039.0,2037.0,2038.0,0.426,2024,1,2
2024-01-02 14:30:00+00:00,2037.0,2038.0,2037.0,2038.0,2.1165,2024,1,2
2024-01-02 14:35:00+00:00,2037.0,2037.0,2035.0,2035.0,2.7807,2024,1,2
2024-01-02 14:40:00+00:00,2035.0,2036.0,2034.0,2036.0,1.786,2024,1,2
2024-01-02 14:45:00+00:00,2035.0,2040.0,2035.0,2036.0,3.9146,2024,1,2
2024-01-02 14:50:00+00:00,2035.0,2037.0,2034.0,2035.0,6.6438,2024,1,2
2024-01-02 14:55:00+00:00,2035.0,2045.0,2034.0,2039.0,12.7348,2024,1,2
2024-01-02 15:00:00+00:00,2039.0,2040.0,2039.0,2039.0,0.423,2024,1,2
2024-01-02 15:05:00+00:00,2039.0,2040.0,2039.0,2039.0,0.8884,2024,1,2
2024-01-02 15:10:00+00:00,2039.0,2042.0,2038.0,2038.0,2.2809,2024,1,2
2024-01-02 15:15:00+00:00,2038.0,2045.0,2034.0,2034.0,10.4931,2024,1,2
2024-01-02 15:20:00+00:00,2034.0,2043.0,2033.0,2041.0,7.4036,2024,1,2
2024-01-02 15:25:00+00:00,2041.0,2045.0,2040.0,2042.0,12.4643,2024,1,2
2024-01-02 15:30:00+00:00,2042.0,2045.0,2035.0,2039.0,16.4728,2024,1,2
2024-01-02 15:35:00+00:00,2038.0,2041.0,2030.0,2032.0,6.2424,2024,1,2
2024-01-02 15:40:00+00:00,2032.0,2033.0,2030.0,2032.0,4.2926,2024,1,2
2024-01-02 15:45:00+00:00,2033.0,2036.0,2033.0,2033.0,2.2925,2024,1,2
2024-01-02 15:50:00+00:00,2034.0,2035.0,2033.0,2033.0,0.0592,2024,1,2
2024-01-02 15:55:00+00:00,2034.0,2036.0,2034.0,2036.0,0.9803,2024,1,2
2024-01-02 16:00:00+00:00,2035.0,2035.0,2031.0,2032.0,0.5101,2024,1,2
2024-01-02 16:05:00+00:00,2033.0,2038.0,2033.0,2036.0,3.92,2024,1,2
2024-01-02 16:10:00+00:00,2037.0,2039.0,2035.0,2037.0,3.9919,2024,1,2
2024-01-02 16:15:00+00:00,2037.0,2038.0,2033.0,2033.0,2.1854,2024,1,2
2024-01-02 16:20:00+00:00,2037.0,2037.0,2036.0,2036.0,1.8007,2024,1,2
2024-01-02 16:25:00+00:00,2036.0,2038.0,2036.0,2037.0,0.1539,2024,1,2
2024-01-02 16:30:00+00:00,2037.0,2039.0,2037.0,2039.0,1.6134,2024,1,2
2024-01-02 16:35:00+00:00,2039.0,2047.0,2039.0,2042.0,36.4427,2024,1,2
2024-01-02 16:40:00+00:00,2042.0,2043.0,2040.0,2043.0,1.5343,2024,1,2
2024-01-02 16:45:00+00:00,2041.0,2043.0,2041.0,2042.0,0.1568,2024,1,2
2024-01-02 16:50:00+00:00,2041.0,2044.0,2041.0,2043.0,0.7848,2024,1,2
2024-01-02 16:55:00+00:00,2043.0,2043.0,2042.0,2042.0,0.1418,2024,1,2
2024-01-02 17:00:00+00:00,2043.0,2044.0,2042.0,2042.0,0.729,2024,1,2
2024-01-02 17:05:00+00:00,2041.0,2041.0,2040.0,2041.0,0.9286,2024,1,2
2024-01-02 17:10:00+00:00,2040.0,2046.0,2039.0,2042.0,4.9924,2024,1,2
2024-01-02 17:15:00+00:00,2042.0,2042.0,2040.0,2040.0,1.4277,2024,1,2
2024-01-02 17:20:00+00:00,2041.0,2041.0,2037.0,2037.0,1.5431,2024,1,2
2024-01-02 17:25:00+00:00,2038.0,2041.0,2037.0,2041.0,1.1595,2024,1,2
2024-01-02 17:30:00+00:00,2040.0,2041.0,2038.0,2040.0,2.612,2024,1,2
2024-01-02 17:35:00+00:00,2039.0,2041.0,2039.0,2040.0,0.695,2024,1,2
2024-01-02 17:40:00+00:00,2041.0,2041.0,2037.0,2039.0,5.54,2024,1,2
2024-01-02 17:45:00+00:00,2038.0,2038.0,2035.0,2037.0,2.8538,2024,1,2
2024-01-02 17:50:00+00:00,2036.0,2037.0,2035.0,2036.0,0.48,2024,1,2
2024-01-02 17:55:00+00:00,2035.0,2036.0,2035.0,2036.0,0.5157,2024,1,2
2024-01-02 18:00:00+00:00,2036.0,2039.0,2036.0,2039.0,0.5061,2024,1,2
2024-01-02 18:05:00+00:00,2039.0,2039.0,2038.0,2039.0,0.3415,2024,1,2
2024-01-02 18:10:00+00:00,2038.0,2039.0,2035.0,2038.0,1.0289,2024,1,2
2024-01-02 18:15:00+00:00,2038.0,2038.0,2035.0,2038.0,5.7869,2024,1,2
2024-01-02 18:20:00+00:00,2038.0,2040.0,2038.0,2039.0,1.1459,2024,1,2
2024-01-02 18:25:00+00:00,2039.0,2041.0,2039.0,2040.0,2.0991,2024,1,2
2024-01-02 18:30:00+00:00,2041.0,2041.0,2034.0,2036.0,12.5079,2024,1,2
2024-01-02 18:35:00+00:00,2038.0,2038.0,2035.0,2036.0,0.9569,2024,1,2
2024-01-02 18:40:00+00:00,2036.0,2036.0,2035.0,2035.0,0.4495,2024,1,2
2024-01-02 18:45:00+00:00,2035.0,2036.0,2034.0,2035.0,0.383,2024,1,2
2024-01-02 18:50:00+00:00,2035.0,2035.0,2033.0,2034.0,1.4433,2024,1,2
2024-01-02 18:55:00+00:00,2034.0,2036.0,2033.0,2036.0,0.6661,2024,1,2
2024-01-02 19:00:00+00:00,2036.0,2036.0,2036.0,2036.0,0.0084,2024,1,2
2024-01-02 19:05:00+00:00,2036.0,2045.0,2036.0,2040.0,18.0559,2024,1,2
2024-01-02 19:10:00+00:00,2041.0,2041.0,2040.0,2041.0,0.2809,2024,1,2
2024-01-02 19:15:00+00:00,2041.0,2041.0,2040.0,2040.0,0.0226,2024,1,2
2024-01-02 19:20:00+00:00,2040.0,2040.0,2039.0,2039.0,0.4352,2024,1,2
2024-01-02 19:25:00+00:00,2039.0,2039.0,2038.0,2038.0,0.2274,2024,1,2
2024-01-02 19:30:00+00:00,2038.0,2039.0,2038.0,2038.0,0.0823,2024,1,2
2024-01-02 19:35:00+00:00,2038.0,2039.0,2037.0,2037.0,0.5946,2024,1,2
2024-01-02 19:40:00+00:00,2036.0,2039.0,2036.0,2039.0,1.0403,2024,1,2
2024-01-02 19:45:00+00:00,2040.0,2040.0,2038.0,2039.0,0.0711,2024,1,2
2024-01-02 19:50:00+00:00,2038.0,2040.0,2038.0,2039.0,0.4187,2024,1,2
2024-01-02 19:55:00+00:00,2038.0,2038.0,2037.0,2037.0,0.2973,2024,1,2
2024-01-02 20:00:00+00:00,2037.0,2038.0,2037.0,2037.0,0.2448,2024,1,2
2024-01-02 20:05:00+00:00,2037.0,2038.0,2037.0,2038.0,0.3307,2024,1,2
2024-01-02 20:10:00+00:00,2037.0,2038.0,2037.0,2037.0,0.979,2024,1,2
2024-01-02 20:15:00+00:00,2037.0,2038.0,2036.0,2038.0,0.6453,2024,1,2
2024-01-02 20:20:00+00:00,2037.0,2037.0,2030.0,2035.0,29.2236,2024,1,2
2024-01-02 20:25:00+00:00,2037.0,2038.0,2036.0,2037.0,1.0657,2024,1,2
2024-01-02 20:30:00+00:00,2037.0,2039.0,2037.0,2038.0,0.5933,2024,1,2
2024-01-02 20:35:00+00:00,2037.0,2037.0,2034.0,2035.0,1.3057,2024,1,2
2024-01-02 20:40:00+00:00,2034.0,2035.0,2034.0,2034.0,0.1577,2024,1,2
2024-01-02 20:45:00+00:00,2035.0,2035.0,2034.0,2034.0,0.1127,2024,1,2
2024-01-02 20:50:00+00:00,2034.0,2035.0,2031.0,2031.0,6.7164,2024,1,2
2024-01-02 20:55:00+00:00,2031.0,2034.0,2030.0,2034.0,6.7846,2024,1,2
2024-01-02 21:00:00+00:00,2035.0,2035.0,2034.0,2035.0,0.2122,2024,1,2
2024-01-02 21:05:00+00:00,2035.0,2035.0,2030.0,2032.0,1.8763,2024,1,2
2024-01-02 21:10:00+00:00,2032.0,2036.0,2032.0,2036.0,9.0674,2024,1,2
2024-01-02 21:15:00+00:00,2036.0,2036.0,2031.0,2033.0,2.7526,2024,1,2
2024-01-02 21:20:00+00:00,2033.0,2033.0,2032.0,2032.0,0.3731,2024,1,2
2024-01-02 21:25:00+00:00,2032.0,2033.0,2032.0,2032.0,0.1637,2024,1,2
2024-01-02 21:30:00+00:00,2032.0,2034.0,2032.0,2032.0,0.3035,2024,1,2
2024-01-02 21:35:00+00:00,2034.0,2035.0,2031.0,2031.0,1.7968,2024,1,2
2024-01-02 21:40:00+00:00,2033.0,2033.0,2031.0,2033.0,0.2314,2024,1,2
2024-01-02 21:45:00+00:00,2031.0,2033.0,2031.0,2033.0,0.7363,2024,1,2
2024-01-02 21:50:00+00:00,2033.0,2033.0,2031.0,2033.0,0.3037,2024,1,2
2024-01-02 21:55:00+00:00,2032.0,2032.0,2032.0,2032.0,0.0439,2024,1,2
2024-01-02 22:00:00+00:00,2032.0,2033.0,2031.0,2033.0,0.0562,2024,1,2
2024-01-02 22:05:00+00:00,2033.0,2033.0,2033.0,2033.0,0.0602,2024,1,2
2024-01-02 22:10:00+00:00,2032.0,2033.0,2031.0,2033.0,0.5278,2024,1,2
2024-01-02 22:15:00+00:00,2033.0,2033.0,2032.0,2033.0,0.269,2024,1,2
2024-01-02 22:20:00+00:00,2033.0,2036.0,2030.0,2030.0,6.7394,2024,1,2
2024-01-02 22:25:00+00:00,2033.0,2033.0,2032.0,2033.0,0.4934,2024,1,2
2024-01-02 22:30:00+00:00,2033.0,2033.0,2032.0,2033.0,0.181,2024,1,2
2024-01-02 22:35:00+00:00,2033.0,2034.0,2031.0,2033.0,1.2594,2024,1,2
2024-01-02 22:40:00+00:00,2034.0,2034.0,2030.0,2031.0,1.4478,2024,1,2
2024-01-02 22:45:00+00:00,2033.0,2033.0,2031.0,2032.0,0.1945,2024,1,2
2024-01-02 22:50:00+00:00,2033.0,2033.0,2030.0,2033.0,0.909,2024,1,2
2024-01-02 22:55:00+00:00,2033.0,2033.0,2030.0,2033.0,0.6536,2024,1,2
2024-01-02 23:00:00+00:00,2033.0,2033.0,2031.0,2032.0,0.1158,2024,1,2
2024-01-02 23:05:00+00:00,2032.0,2033.0,2031.0,2033.0,0.0938,2024,1,2
2024-01-02 23:10:00+00:00,2031.0,2033.0,2029.0,2029.0,3.215,2024,1,2
2024-01-02 23:15:00+00:00,2033.0,2034.0,2029.0,2033.0,1.149,2024,1,2
2024-01-02 23:20:00+00:00,2033.0,2034.0,2031.0,2032.0,0.9866,2024,1,2
2024-01-02 23:25:00+00:00,2032.0,2032.0,2029.0,2032.0,0.1498,2024,1,2
2024-01-02 23:30:00+00:00,2032.0,2033.0,2031.0,2033.0,0.2526,2024,1,2
2024-01-02 23:35:00+00:00,2033.0,2033.0,2032.0,2033.0,0.1999,2024,1,2
2024-01-02 23:40:00+00:00,2033.0,2033.0,2031.0,2032.0,0.6231,2024,1,2
2024-01-02 23:45:00+00:00,2032.0,2035.0,2030.0,2034.0,0.8029,2024,1,2
2024-01-02 23:50:00+00:00,2032.0,2034.0,2031.0,2034.0,0.312,2024,1,2
2024-01-02 23:55:00+00:00,2034.0,2035.0,2033.0,2035.0,0.6099,2024,1,2
2024-01-03 00:00:00+00:00,2033.0,2034.0,2033.0,2034.0,0.1886,2024,1,3
2024-01-03 00:05:00+00:00,2034.0,2034.0,2033.0,2034.0,0.0929,2024,1,3
2024-01-03 00:10:00+00:00,2034.0,2035.0,2034.0,2035.0,0.4522,2024,1,3
2024-01-03 00:15:00+00:00,2035.0,2035.0,2034.0,2035.0,0.1832,2024,1,3
2024-01-03 00:20:00+00:00,2035.0,2035.0,2033.0,2033.0,0.42,2024,1,3
2024-01-03 00:25:00+00:00,2034.0,2034.0,2033.0,2034.0,0.4051,2024,1,3
2024-01-03 00:30:00+00:00,2034.0,2034.0,2033.0,2034.0,0.3939,2024,1,3
2024-01-03 00:35:00+00:00,2034.0,2034.0,2033.0,2034.0,1.8401,2024,1,3
2024-01-03 00:40:00+00:00,2034.0,2034.0,2033.0,2034.0,0.2145,2024,1,3
2024-01-03 00:45:00+00:00,2033.0,2034.0,2033.0,2034.0,4.6693,2024,1,3
2024-01-03 00:50:00+00:00,2034.0,2039.0,2034.0,2035.0,4.4853,2024,1,3
2024-01-03 00:55:00+00:00,2035.0,2039.0,2034.0,2035.0,5.9665,2024,1,3
2024-01-03 01:00:00+00:00,2035.0,2036.0,2034.0,2035.0,0.9185,2024,1,3
2024-01-03 01:05:00+00:00,2035.0,2035.0,2034.0,2035.0,0.213,2024,1,3
2024-01-03 01:10:00+00:00,2034.0,2035.0,2034.0,2034.0,0.4623,2024,1,3
2024-01-03 01:15:00+00:00,2034.0,2035.0,2030.0,2032.0,6.8315,2024,1,3
2024-01-03 01:20:00+00:00,2033.0,2033.0,2031.0,2031.0,0.3948,2024,1,3
2024-01-03 01:25:00+00:00,2032.0,2033.0,2031.0,2032.0,1.5585,2024,1,3
2024-01-03 01:30:00+00:00,2033.0,2034.0,2031.0,2033.0,1.1342,2024,1,3
2024-01-03 01:35:00+00:00,2033.0,2035.0,2032.0,2032.0,0.2515,2024,1,3
2024-01-03 01:40:00+00:00,2032.0,2034.0,2030.0,2031.0,1.7715,2024,1,3
2024-01-03 01:45:00+00:00,2033.0,2033.0,2031.0,2031.0,0.4329,2024,1,3
2024-01-03 01:50:00+00:00,2033.0,2034.0,2031.0,2033.0,0.3443,2024,1,3
2024-01-03 01:55:00+00:00,2034.0,2035.0,2033.0,2033.0,0.4987,2024,1,3
2024-01-03 02:00:00+00:00,2033.0,2035.0,2032.0,2035.0,0.5357,2024,1,3
2024-01-03 02:05:00+00:00,2034.0,2035.0,2034.0,2034.0,0.1395,2024,1,3
2024-01-03 02:10:00+00:00,2034.0,2036.0,2034.0,2036.0,0.7114,2024,1,3
2024-01-03 02:15:00+00:00,2036.0,2036.0,2035.0,2035.0,0.1087,2024,1,3
2024-01-03 02:20:00+00:00,2035.0,2036.0,2035.0,2035.0,0.149,2024,1,3
2024-01-03 02:25:00+00:00,2034.0,2038.0,2034.0,2036.0,1.8308,2024,1,3
2024-01-03 02:30:00+00:00,2036.0,2038.0,2034.0,2036.0,1.9957,2024,1,3
2024-01-03 02:35:00+00:00,2036.0,2038.0,2035.0,2035.0,2.1962,2024,1,3
2024-01-03 02:40:00+00:00,2035.0,2036.0,2035.0,2035.0,0.7163,2024,1,3
2024-01-03 02:45:00+00:00,2035.0,2036.0,2035.0,2036.0,0.1884,2024,1,3
2024-01-03 02:50:00+00:00,2037.0,2037.0,2035.0,2035.0,0.1345,2024,1,3
2024-01-03 02:55:00+00:00,2036.0,2037.0,2036.0,2037.0,0.0147,2024,1,3
2024-01-03 03:00:00+00:00,2035.0,2037.0,2034.0,2037.0,0.2324,2024,1,3
2024-01-03 03:05:00+00:00,2034.0,2036.0,2034.0,2035.0,0.641,2024,1,3
2024-01-03 03:10:00+00:00,2035.0,2036.0,2033.0,2034.0,1.8565,2024,1,3
2024-01-03 03:15:00+00:00,2036.0,2036.0,2036.0,2036.0,0.0506,2024,1,3
2024-01-03 03:20:00+00:00,2036.0,2036.0,2036.0,2036.0,0.0294,2024,1,3
2024-01-03 03:25:00+00:00,2036.0,2036.0,2030.0,2034.0,12.9291,2024,1,3
2024-01-03 03:30:00+00:00,2035.0,2036.0,2034.0,2035.0,0.9356,2024,1,3
2024-01-03 03:35:00+00:00,2035.0,2035.0,2031.0,2035.0,6.7754,2024,1,3
2024-01-03 03:40:00+00:00,2036.0,2036.0,2035.0,2036.0,1.2062,2024,1,3
2024-01-03 03:45:00+00:00,2036.0,2037.0,2035.0,2036.0,0.8811,2024,1,3
2024-01-03 03:50:00+00:00,2037.0,2038.0,2035.0,2035.0,0.1287,2024,1,3
2024-01-03 03:55:00+00:00,2036.0,2037.0,2035.0,2035.0,0.0856,2024,1,3
2024-01-03 04:00:00+00:00,2035.0,2037.0,2035.0,2037.0,0.0815,2024,1,3
2024-01-03 04:05:00+00:00,2036.0,2037.0,2036.0,2037.0,0.0589,2024,1,3
2024-01-03 04:10:00+00:00,2037.0,2037.0,2033.0,2035.0,3.9671,2024,1,3
2024-01-03 04:15:00+00:00,2037.0,2037.0,2036.0,2036.0,0.0344,2024,1,3
2024-01-03 04:20:00+00:00,2037.0,2040.0,2035.0,2037.0,1.9974,2024,1,3
2024-01-03 04:25:00+00:00,2036.0,2037.0,2036.0,2036.0,0.2216,2024,1,3
2024-01-03 04:30:00+00:00,2036.0,2037.0,2036.0,2036.0,0.1989,2024,1,3
2024-01-03 04:35:00+00:00,2035.0,2036.0,2035.0,2036.0,0.4963,2024,1,3
2024-01-03 04:40:00+00:00,2036.0,2036.0,2036.0,2036.0,0.0364,2024,1,3
2024-01-03 04:45:00+00:00,2035.0,2035.0,2035.0,2035.0,0.0529,2024,1,3
2024-01-03 04:50:00+00:00,2036.0,2037.0,2036.0,2036.0,0.0988,2024,1,3
2024-01-03 04:55:00+00:00,2037.0,2037.0,2036.0,2036.0,0.0818,2024,1,3
2024-01-03 05:00:00+00:00,2037.0,2037.0,2036.0,2037.0,0.0346,2024,1,3
2024-01-03 05:05:00+00:00,2036.0,2037.0,2036.0,2037.0,0.1589,2024,1,3
2024-01-03 05:10:00+00:00,2037.0,2037.0,2036.0,2037.0,0.1197,2024,1,3
2024-01-03 05:15:00+00:00,2037.0,2038.0,2037.0,2038.0,0.2474,2024,1,3
2024-01-03 05:20:00+00:00,2037.0,2038.0,2036.0,2038.0,1.838,2024,1,3
2024-01-03 05:25:00+00:00,2037.0,2037.0,2035.0,2035.0,1.0888,2024,1,3
2024-01-03 05:30:00+00:00,2038.0,2038.0,2035.0,2036.0,0.7577,2024,1,3
2024-01-03 05:35:00+00:00,2036.0,2036.0,2036.0,2036.0,1.4131,2024,1,3
2024-01-03 05:40:00+00:00,2037.0,2037.0,2036.0,2036.0,0.1416,2024,1,3
2024-01-03 05:45:00+00:00,2036.0,2036.0,2036.0,2036.0,0.0441,2024,1,3
2024-01-03 05:50:00+00:00,2036.0,2037.0,2033.0,2036.0,3.1493,2024,1,3
2024-01-03 05:55:00+00:00,2036.0,2036.0,2035.0,2036.0,0.0303,2024,1,3
2024-01-03 06:00:00+00:00,2035.0,2038.0,2035.0,2037.0,1.196,2024,1,3
2024-01-03 06:05:00+00:00,2038.0,2038.0,2038.0,2038.0,0.0368,2024,1,3
2024-01-03 06:10:00+00:00,2037.0,2037.0,2032.0,2035.0,4.571,2024,1,3
2024-01-03 06:15:00+00:00,2036.0,2037.0,2036.0,2037.0,0.1629,2024,1,3
2024-01-03 06:20:00+00:00,2037.0,2038.0,2036.0,2038.0,0.1544,2024,1,3
2024-01-03 06:25:00+00:00,2038.0,2038.0,2037.0,2037.0,0.182,2024,1,3
2024-01-03 06:30:00+00:00,2037.0,2038.0,2037.0,2038.0,0.35,2024,1,3
2024-01-03 06:35:00+00:00,2036.0,2039.0,2036.0,2039.0,0.7752,2024,1,3
2024-01-03 06:40:00+00:00,2038.0,2041.0,2038.0,2040.0,3.5218,2024,1,3
2024-01-03 06:45:00+00:00,2039.0,2040.0,2039.0,2040.0,0.0935,2024,1,3
2024-01-03 06:50:00+00:00,2039.0,2040.0,2039.0,2040.0,0.0925,2024,1,3
2024-01-03 06:55:00+00:00,2039.0,2040.0,2039.0,2040.0,0.0349,2024,1,3
2024-01-03 07:00:00+00:00,2039.0,2040.0,2039.0,2040.0,0.0368,2024,1,3
2024-01-03 07:05:00+00:00,2040.0,2040.0,2040.0,2040.0,0.0098,2024,1,3
2024-01-03 07:10:00+00:00,2039.0,2040.0,2039.0,2039.0,0.6491,2024,1,3
2024-01-03 07:15:00+00:00,2040.0,2041.0,2036.0,2040.0,4.1284,2024,1,3
2024-01-03 07:20:00+00:00,2040.0,2040.0,2039.0,2039.0,0.0877,2024,1,3
2024-01-03 07:25:00+00:00,2039.0,2040.0,2038.0,2039.0,1.0785,2024,1,3
2024-01-03 07:30:00+00:00,2038.0,2040.0,2038.0,2040.0,1.1315,2024,1,3
2024-01-03 07:35:00+00:00,2039.0,2040.0,2033.0,2039.0,5.0148,2024,1,3
2024-01-03 07:40:00+00:00,2038.0,2039.0,2034.0,2034.0,2.8814,2024,1,3
2024-01-03 07:45:00+00:00,2034.0,2034.0,2033.0,2033.0,3.4802,2024,1,3
2024-01-03 07:50:00+00:00,2033.0,2036.0,2033.0,2035.0,2.7707,2024,1,3
2024-01-03 07:55:00+00:00,2036.0,2040.0,2035.0,2038.0,5.1033,2024,1,3
2024-01-03 08:00:00+00:00,2038.0,2039.0,2037.0,2037.0,1.8042,2024,1,3
2024-01-03 08:05:00+00:00,2037.0,2038.0,2037.0,2037.0,0.7765,2024,1,3
2024-01-03 08:10:00+00:00,2037.0,2038.0,2037.0,2037.0,0.6423,2024,1,3
2024-01-03 08:15:00+00:00,2037.0,2039.0,2037.0,2039.0,0.7914,2024,1,3
2024-01-03 08:20:00+00:00,2039.0,2040.0,2038.0,2038.0,0.9851,2024,1,3
2024-01-03 08:25:00+00:00,2039.0,2040.0,2037.0,2037.0,7.7767,2024,1,3
2024-01-03 08:30:00+00:00,2037.0,2038.0,2037.0,2037.0,0.2627,2024,1,3
2024-01-03 08:35:00+00:00,2037.0,2038.0,2037.0,2037.0,0.1898,2024,1,3
2024-01-03 08:40:00+00:00,2037.0,2040.0,2037.0,2039.0,1.7505,2024,1,3
2024-01-03 08:45:00+00:00,2039.0,2039.0,2038.0,2038.0,0.6057,2024,1,3
2024-01-03 08:50:00+00:00,2038.0,2039.0,2038.0,2039.0,0.273,2024,1,3
2024-01-03 08:55:00+00:00,2038.0,2039.0,2036.0,2037.0,1.9924,2024,1,3
2024-01-03 09:00:00+00:00,2037.0,2038.0,2037.0,2037.0,0.5765,2024,1,3
2024-01-03 09:05:00+00:00,2037.0,2038.0,2037.0,2037.0,0.4894,2024,1,3
2024-01-03 09:10:00+00:00,2037.0,2039.0,2037.0,2039.0,1.0051,2024,1,3
2024-01-03 09:15:00+00:00,2039.0,2039.0,2038.0,2038.0,1.2248,2024,1,3
2024-01-03 09:20:00+00:00,2038.0,2039.0,2037.0,2037.0,1.2019,2024,1,3
2024-01-03 09:25:00+00:00,2037.0,2038.0,2037.0,2037.0,0.8455,2024,1,3
2024-01-03 09:30:00+00:00,2037.0,2039.0,2037.0,2038.0,0.7355,2024,1,3
2024-01-03 09:35:00+00:00,2037.0,2039.0,2037.0,2039.0,5.3657,2024,1,3
2024-01-03 09:40:00+00:00,2038.0,2039.0,2037.0,2037.0,7.3276,2024,1,3
2024-01-03 09:45:00+00:00,2037.0,2038.0,2035.0,2035.0,1.9238,2024,1,3
2024-01-03 09:50:00+00:00,2035.0,2043.0,2034.0,2037.0,29.0451,2024,1,3
2024-01-03 09:55:00+00:00,2037.0,2038.0,2035.0,2036.0,1.5175,2024,1,3
2024-01-03 10:00:00+00:00,2036.0,2037.0,2035.0,2037.0,3.6353,2024,1,3
2024-01-03 10:05:00+00:00,2036.0,2037.0,2032.0,2035.0,9.0053,2024,1,3
2024-01-03 10:10:00+00:00,2034.0,2035.0,2032.0,2034.0,1.4393,2024,1,3
2024-01-03 10:15:00+00:00,2034.0,2035.0,2032.0,2033.0,1.1398,2024,1,3
2024-01-03 10:20:00+00:00,2033.0,2034.0,2031.0,2032.0,1.2489,2024,1,3
2024-01-03 10:25:00+00:00,2032.0,2034.0,2031.0,2033.0,0.2595,2024,1,3
2024-01-03 10:30:00+00:00,2032.0,2033.0,2031.0,2033.0,2.2395,2024,1,3
2024-01-03 10:35:00+00:00,2033.0,2033.0,2032.0,2032.0,2.6984,2024,1,3
2024-01-03 10:40:00+00:00,2032.0,2032.0,2029.0,2031.0,6.823,2024,1,3
2024-01-03 10:45:00+00:00,2030.0,2033.0,2029.0,2030.0,14.0402,2024,1,3
2024-01-03 10:50:00+00:00,2030.0,2030.0,2029.0,2030.0,9.9749,2024,1,3
2024-01-03 10:55:00+00:00,2029.0,2031.0,2029.0,2031.0,2.3713,2024,1,3
2024-01-03 11:00:00+00:00,2030.0,2031.0,2029.0,2031.0,1.1804,2024,1,3
2024-01-03 11:05:00+00:00,2031.0,2033.0,2029.0,2030.0,9.0011,2024,1,3
2024-01-03 11:10:00+00:00,2030.0,2031.0,2029.0,2029.0,6.8955,2024,1,3
2024-01-03 11:15:00+00:00,2029.0,2031.0,2029.0,2029.0,7.0436,2024,1,3
2024-01-03 11:20:00+00:00,2030.0,2031.0,2029.0,2029.0,3.1736,2024,1,3
2024-01-03 11:25:00+00:00,2029.0,2030.0,2029.0,2029.0,1.5792,2024,1,3
2024-01-03 11:30:00+00:00,2029.0,2030.0,2029.0,2030.0,1.5662,2024,1,3
2024-01-03 11:35:00+00:00,2029.0,2031.0,2029.0,2031.0,0.0571,2024,1,3
2024-01-03 11:40:00+00:00,2030.0,2030.0,2029.0,2030.0,1.2466,2024,1,3
2024-01-03 11:45:00+00:00,2030.0,2030.0,2027.0,2028.0,5.4263,2024,1,3
2024-01-03 11:50:00+00:00,2028.0,2028.0,2027.0,2027.0,1.5282,2024,1,3
2024-01-03 11:55:00+00:00,2028.0,2028.0,2019.0,2022.0,29.6918,2024,1,3
2024-01-03 12:00:00+00:00,2022.0,2023.0,2014.0,2018.0,13.6968,2024,1,3
2024-01-03 12:05:00+00:00,2018.0,2020.0,2007.0,2012.0,55.0556,2024,1,3
2024-01-03 12:10:00+00:00,2011.0,2015.0,2002.0,2010.0,54.9753,2024,1,3
2024-01-03 12:15:00+00:00,2009.0,2023.0,2009.0,2013.0,44.5734,2024,1,3
2024-01-03 12:20:00+00:00,2012.0,2021.0,2010.0,2016.0,24.2559,2024,1,3
2024-01-03 12:25:00+00:00,2016.0,2026.0,2009.0,2009.0,30.4948,2024,1,3
2024-01-03 12:30:00+00:00,2010.0,2013.0,2006.0,2011.0,17.7518,2024,1,3
2024-01-03 12:35:00+00:00,2011.0,2015.0,2003.0,2009.0,17.5365,2024,1,3
2024-01-03 12:40:00+00:00,2009.0,2017.0,2009.0,2015.0,11.0027,2024,1,3
2024-01-03 12:45:00+00:00,2013.0,2023.0,2012.0,2020.0,19.149,2024,1,3
2024-01-03 12:50:00+00:00,2019.0,2025.0,2016.0,2022.0,16.3853,2024,1,3
2024-01-03 12:55:00+00:00,2021.0,2031.0,2020.0,2020.0,35.0776,2024,1,3
2024-01-03 13:00:00+00:00,2020.0,2021.0,2012.0,2016.0,12.4396,2024,1,3
2024-01-03 13:05:00+00:00,2016.0,2017.0,2014.0,2016.0,0.4995,2024,1,3
2024-01-03 13:10:00+00:00,2016.0,2017.0,2015.0,2015.0,1.1159,2024,1,3
2024-01-03 13:15:00+00:00,2017.0,2020.0,2013.0,2014.0,9.0321,2024,1,3
2024-01-03 13:20:00+00:00,2014.0,2015.0,2000.0,2009.0,49.3724,2024,1,3
2024-01-03 13:25:00+00:00,2009.0,2012.0,2007.0,2011.0,4.9496,2024,1,3
2024-01-03 13:30:00+00:00,2011.0,2013.0,2010.0,2010.0,5.2522,2024,1,3
2024-01-03 13:35:00+00:00,2010.0,2012.0,2010.0,2011.0,12.0507,2024,1,3
2024-01-03 13:40:00+00:00,2011.0,2014.0,2010.0,2011.0,10.157,2024,1,3
2024-01-03 13:45:00+00:00,2011.0,2012.0,2010.0,2010.0,4.048,2024,1,3
2024-01-03 13:50:00+00:00,2011.0,2013.0,2010.0,2011.0,11.3311,2024,1,3
2024-01-03 13:55:00+00:00,2010.0,2011.0,2007.0,2010.0,9.751,2024,1,3
2024-01-03 14:00:00+00:00,2011.0,2012.0,2008.0,2009.0,6.5431,2024,1,3
2024-01-03 14:05:00+00:00,2011.0,2013.0,2007.0,2007.0,2.4346,2024,1,3
2024-01-03 14:10:00+00:00,2008.0,2009.0,2005.0,2007.0,1.0818,2024,1,3
2024-01-03 14:15:00+00:00,2007.0,2009.0,2004.0,2009.0,8.0702,2024,1,3
2024-01-03 14:20:00+00:00,2010.0,2010.0,2003.0,2003.0,3.0973,2024,1,3
2024-01-03 14:25:00+00:00,2005.0,2008.0,2002.0,2005.0,5.9663,2024,1,3
2024-01-03 14:30:00+00:00,2008.0,2010.0,2004.0,2008.0,6.4421,2024,1,3
2024-01-03 14:35:00+00:00,2008.0,2009.0,2002.0,2005.0,10.3588,2024,1,3
2024-01-03 14:40:00+00:00,2005.0,2008.0,2002.0,2006.0,3.7441,2024,1,3
2024-01-03 14:45:00+00:00,2006.0,2008.0,2003.0,2004.0,3.0762,2024,1,3
2024-01-03 14:50:00+00:00,2007.0,2010.0,2005.0,2006.0,5.2771,2024,1,3
2024-01-03 14:55:00+00:00,2005.0,2008.0,2003.0,2006.0,1.5861,2024,1,3
2024-01-03 15:00:00+00:00,2006.0,2018.0,2000.0,2013.0,19.4099,2024,1,3
2024-01-03 15:05:00+00:00,2013.0,2016.0,2013.0,2015.0,4.1891,2024,1,3
2024-01-03 15:10:00+00:00,2016.0,2016.0,2013.0,2013.0,1.422,2024,1,3
2024-01-03 15:15:00+00:00,2013.0,2014.0,2012.0,2012.0,0.5388,2024,1,3
2024-01-03 15:20:00+00:00,2013.0,2013.0,2008.0,2009.0,3.0304,2024,1,3
2024-01-03 15:25:00+00:00,2009.0,2012.0,2008.0,2012.0,0.6606,2024,1,3
2024-01-03 15:30:00+00:00,2011.0,2011.0,2009.0,2009.0,0.5354,2024,1,3
2024-01-03 15:35:00+00:00,2009.0,2011.0,2008.0,2009.0,3.2428,2024,1,3
2024-01-03 15:40:00+00:00,2009.0,2009.0,2002.0,2004.0,6.5721,2024,1,3
2024-01-03 15:45:00+00:00,2003.0,2005.0,2001.0,2004.0,3.3564,2024,1,3
2024-01-03 15:50:00+00:00,2003.0,2008.0,2003.0,2008.0,1.6775,2024,1,3
2024-01-03 15:55:00+00:00,2007.0,2009.0,2006.0,2009.0,4.5741,2024,1,3
2024-01-03 16:00:00+00:00,2007.0,2009.0,2003.0,2003.0,4.2055,2024,1,3
2024-01-03 16:05:00+00:00,2006.0,2011.0,2003.0,2004.0,6.3377,2024,1,3
2024-01-03 16:10:00+00:00,2004.0,2007.0,2002.0,2003.0,2.4663,2024,1,3
2024-01-03 16:15:00+00:00,2003.0,2006.0,2002.0,2003.0,1.6706,2024,1,3
2024-01-03 16:20:00+00:00,2003.0,2007.0,2003.0,2003.0,2.3856,2024,1,3
2024-01-03 16:25:00+00:00,2003.0,2007.0,2003.0,2007.0,4.477,2024,1,3
2024-01-03 16:30:00+00:00,2005.0,2007.0,2003.0,2004.0,2.0816,2024,1,3
2024-01-03 16:35:00+00:00,2004.0,2012.0,2004.0,2004.0,8.6251,2024,1,3
2024-01-03 16:40:00+00:00,2004.0,2005.0,2002.0,2003.0,3.5362,2024,1,3
2024-01-03 16:45:00+00:00,2003.0,2003.0,2002.0,2002.0,2.5446,2024,1,3
2024-01-03 16:50:00+00:00,2002.0,2004.0,2002.0,2002.0,1.9609,2024,1,3
2024-01-03 16:55:00+00:00,2002.0,2003.0,2001.0,2001.0,2.4592,2024,1,3
2024-01-03 17:00:00+00:00,2002.0,2004.0,2001.0,2001.0,4.121,2024,1,3
2024-01-03 17:05:00+00:00,2001.0,2004.0,2001.0,2001.0,5.9245,2024,1,3
2024-01-03 17:10:00+00:00,2001.0,2002.0,2001.0,2001.0,3.506,2024,1,3
2024-01-03 17:15:00+00:00,2001.0,2003.0,2001.0,2001.0,8.6207,2024,1,3
2024-01-03 17:20:00+00:00,2001.0,2004.0,2001.0,2003.0,3.7969,2024,1,3
2024-01-03 17:25:00+00:00,2002.0,2030.0,2001.0,2006.0,82.0352,2024,1,3
2024-01-03 17:30:00+00:00,2005.0,2006.0,2003.0,2003.0,0.9682,2024,1,3
2024-01-03 17:35:00+00:00,2003.0,2005.0,2003.0,2004.0,0.1943,2024,1,3
2024-01-03 17:40:00+00:00,2003.0,2006.0,2003.0,2003.0,3.3148,2024,1,3
2024-01-03 17:45:00+00:00,2003.0,2004.0,2003.0,2003.0,0.2879,2024,1,3
2024-01-03 17:50:00+00:00,2003.0,2004.0,2002.0,2003.0,0.8461,2024,1,3
2024-01-03 17:55:00+00:00,2003.0,2004.0,2002.0,2004.0,0.6279,2024,1,3
2024-01-03 18:00:00+00:00,2003.0,2007.0,2003.0,2005.0,1.0122,2024,1,3
2024-01-03 18:05:00+00:00,2007.0,2008.0,2003.0,2005.0,0.6779,2024,1,3
2024-01-03 18:10:00+00:00,2004.0,2005.0,2003.0,2003.0,0.93,2024,1,3
2024-01-03 18:15:00+00:00,2003.0,2008.0,2003.0,2004.0,1.3425,2024,1,3
2024-01-03 18:20:00+00:00,2004.0,2007.0,2004.0,2006.0,0.2756,2024,1,3
2024-01-03 18:25:00+00:00,2006.0,2009.0,2006.0,2006.0,0.8856,2024,1,3
2024-01-03 18:30:00+00:00,2007.0,2010.0,2006.0,2007.0,0.9726,2024,1,3
2024-01-03 18:35:00+00:00,2007.0,2008.0,2004.0,2004.0,7.4766,2024,1,3
2024-01-03 18:40:00+00:00,2004.0,2009.0,2004.0,2007.0,3.7339,2024,1,3
2024-01-03 18:45:00+00:00,2007.0,2010.0,2006.0,2006.0,0.8585,2024,1,3
2024-01-03 18:50:00+00:00,2006.0,2010.0,2005.0,2006.0,0.5149,2024,1,3
2024-01-03 18:55:00+00:00,2006.0,2009.0,2004.0,2005.0,14.0653,2024,1,3
2024-01-03 19:00:00+00:00,2005.0,2010.0,2005.0,2010.0,9.0011,2024,1,3
2024-01-03 19:05:00+00:00,2010.0,2010.0,2004.0,2004.0,2.611,2024,1,3
2024-01-03 19:10:00+00:00,2004.0,2006.0,2003.0,2003.0,1.8643,2024,1,3
2024-01-03 19:15:00+00:00,2003.0,2007.0,2003.0,2004.0,1.0087,2024,1,3
2024-01-03 19:20:00+00:00,2004.0,2009.0,2003.0,2004.0,2.2251,2024,1,3
2024-01-03 19:25:00+00:00,2004.0,2011.0,2004.0,2011.0,2.8407,2024,1,3
2024-01-03 19:30:00+00:00,2011.0,2014.0,2011.0,2014.0,2.5399,2024,1,3
2024-01-03 19:35:00+00:00,2014.0,2015.0,2011.0,2015.0,1.0653,2024,1,3
2024-01-03 19:40:00+00:00,2015.0,2015.0,2012.0,2012.0,1.6194,2024,1,3
2024-01-03 19:45:00+00:00,2015.0,2015.0,2012.0,2014.0,0.1541,2024,1,3
2024-01-03 19:50:00+00:00,2014.0,2014.0,2011.0,2011.0,4.5159,2024,1,3
2024-01-03 19:55:00+00:00,2011.0,2013.0,2011.0,2011.0,0.5249,2024,1,3
2024-01-03 20:00:00+00:00,2011.0,2014.0,2011.0,2012.0,1.3777,2024,1,3
2024-01-03 20:05:00+00:00,2012.0,2013.0,2011.0,2012.0,1.9273,2024,1,3
2024-01-03 20:10:00+00:00,2011.0,2014.0,2009.0,2013.0,4.3454,2024,1,3
2024-01-03 20:15:00+00:00,2013.0,2013.0,2013.0,2013.0,0.6972,2024,1,3
2024-01-03 20:20:00+00:00,2013.0,2015.0,2010.0,2010.0,2.5998,2024,1,3
2024-01-03 20:25:00+00:00,2010.0,2013.0,2009.0,2009.0,0.5066,2024,1,3
2024-01-03 20:30:00+00:00,2009.0,2014.0,2009.0,2010.0,0.4972,2024,1,3
2024-01-03 20:35:00+00:00,2010.0,2014.0,2010.0,2013.0,1.4459,2024,1,3
2024-01-03 20:40:00+00:00,2013.0,2015.0,2011.0,2011.0,1.0396,2024,1,3
2024-01-03 20:45:00+00:00,2012.0,2014.0,2010.0,2012.0,0.758,2024,1,3
2024-01-03 20:50:00+00:00,2012.0,2013.0,2011.0,2011.0,0.1853,2024,1,3
2024-01-03 20:55:00+00:00,2011.0,2013.0,2011.0,2011.0,0.2995,2024,1,3
2024-01-03 21:00:00+00:00,2012.0,2014.0,2011.0,2012.0,0.5014,2024,1,3
2024-01-03 21:05:00+00:00,2012.0,2013.0,2010.0,2012.0,2.3968,2024,1,3
2024-01-03 21:10:00+00:00,2012.0,2014.0,2011.0,2014.0,0.8204,2024,1,3
2024-01-03 21:15:00+00:00,2011.0,2013.0,2010.0,2013.0,0.2901,2024,1,3
2024-01-03 21:20:00+00:00,2013.0,2013.0,2009.0,2010.0,1.8025,2024,1,3
2024-01-03 21:25:00+00:00,2010.0,2013.0,2010.0,2013.0,0.1896,2024,1,3
2024-01-03 21:30:00+00:00,2013.0,2013.0,2009.0,2011.0,0.2581,2024,1,3
2024-01-03 21:35:00+00:00,2011.0,2014.0,2009.0,2011.0,1.5656,2024,1,3
2024-01-03 21:40:00+00:00,2010.0,2015.0,2010.0,2013.0,1.0173,2024,1,3
2024-01-03 21:45:00+00:00,2012.0,2014.0,2012.0,2013.0,0.2707,2024,1,3
2024-01-03 21:50:00+00:00,2013.0,2014.0,2013.0,2013.0,1.1532,2024,1,3
2024-01-03 21:55:00+00:00,2013.0,2018.0,2013.0,2014.0,3.9238,2024,1,3
2024-01-03 22:00:00+00:00,2014.0,2016.0,2012.0,2014.0,5.1931,2024,1,3
2024-01-03 22:05:00+00:00,2013.0,2016.0,2012.0,2012.0,3.049,2024,1,3
2024-01-03 22:10:00+00:00,2013.0,2016.0,2010.0,2013.0,3.7559,2024,1,3
2024-01-03 22:15:00+00:00,2010.0,2014.0,2010.0,2011.0,2.2834,2024,1,3
2024-01-03 22:20:00+00:00,2010.0,2016.0,2010.0,2015.0,5.2486,2024,1,3
2024-01-03 22:25:00+00:00,2015.0,2018.0,2015.0,2015.0,2.1525,2024,1,3
2024-01-03 22:30:00+00:00,2015.0,2017.0,2014.0,2015.0,1.0254,2024,1,3
2024-01-03 22:35:00+00:00,2016.0,2016.0,2012.0,2014.0,7.0649,2024,1,3
2024-01-03 22:40:00+00:00,2015.0,2016.0,2014.0,2015.0,0.3105,2024,1,3
2024-01-03 22:45:00+00:00,2015.0,2016.0,2015.0,2016.0,2.391,2024,1,3
2024-01-03 22:50:00+00:00,2014.0,2015.0,2014.0,2015.0,0.1003,2024,1,3
2024-01-03 22:55:00+00:00,2015.0,2017.0,2015.0,2015.0,0.3036,2024,1,3
2024-01-03 23:00:00+00:00,2016.0,2017.0,2016.0,2017.0,0.2871,2024,1,3
2024-01-03 23:05:00+00:00,2017.0,2017.0,2015.0,2015.0,1.1779,2024,1,3
2024-01-03 23:10:00+00:00,2015.0,2020.0,2015.0,2019.0,7.7891,2024,1,3
2024-01-03 23:15:00+00:00,2019.0,2019.0,2018.0,2018.0,13.3106,2024,1,3
2024-01-03 23:20:00+00:00,2018.0,2019.0,2018.0,2018.0,0.3324,2024,1,3
2024-01-03 23:25:00+00:00,2018.0,2020.0,2018.0,2018.0,0.0599,2024,1,3
2024-01-03 23:30:00+00:00,2018.0,2020.0,2018.0,2020.0,0.1185,2024,1,3
2024-01-03 23:35:00+00:00,2019.0,2019.0,2018.0,2018.0,0.2818,2024,1,3
2024-01-03 23:40:00+00:00,2018.0,2018.0,2018.0,2018.0,0.088,2024,1,3
2024-01-03 23:45:00+00:00,2018.0,2019.0,2018.0,2019.0,0.6558,2024,1,3
2024-01-03 23:50:00+00:00,2018.0,2019.0,2018.0,2019.0,0.1264,2024,1,3
2024-01-03 23:55:00+00:00,2018.0,2018.0,2018.0,2018.0,0.013,2024,1,3
2024-01-04 00:00:00+00:00,2018.0,2019.0,2018.0,2018.0,0.45,2024,1,4
2024-01-04 00:05:00+00:00,2018.0,2020.0,2018.0,2019.0,0.9146,2024,1,4
2024-01-04 00:10:00+00:00,2019.0,2022.0,2019.0,2020.0,4.1195,2024,1,4
2024-01-04 00:15:00+00:00,2021.0,2021.0,2019.0,2019.0,0.3188,2024,1,4
2024-01-04 00:20:00+00:00,2019.0,2025.0,2019.0,2025.0,5.2522,2024,1,4
2024-01-04 00:25:00+00:00,2021.0,2021.0,2021.0,2021.0,0.047,2024,1,4
2024-01-04 00:30:00+00:00,2021.0,2022.0,2020.0,2021.0,1.1403,2024,1,4
2024-01-04 00:35:00+00:00,2020.0,2021.0,2020.0,2020.0,0.5778,2024,1,4
2024-01-04 00:40:00+00:00,2020.0,2021.0,2018.0,2021.0,10.7675,2024,1,4
2024-01-04 00:45:00+00:00,2021.0,2021.0,2020.0,2020.0,0.4289,2024,1,4
2024-01-04 00:50:00+00:00,2020.0,2021.0,2020.0,2021.0,0.3131,2024,1,4
2024-01-04 00:55:00+00:00,2020.0,2021.0,2020.0,2021.0,0.0791,2024,1,4
2024-01-04 01:00:00+00:00,2020.0,2021.0,2020.0,2021.0,0.3352,2024,1,4
2024-01-04 01:05:00+00:00,2020.0,2020.0,2020.0,2020.0,0.1794,2024,1,4
2024-01-04 01:10:00+00:00,2020.0,2021.0,2020.0,2020.0,0.0853,2024,1,4
2024-01-04 01:15:00+00:00,2020.0,2020.0,2019.0,2019.0,0.4022,2024,1,4
2024-01-04 01:20:00+00:00,2019.0,2019.0,2018.0,2018.0,0.2416,2024,1,4
2024-01-04 01:25:00+00:00,2018.0,2019.0,2018.0,2018.0,0.7521,2024,1,4
2024-01-04 01:30:00+00:00,2018.0,2019.0,2018.0,2018.0,0.1176,2024,1,4
2024-01-04 01:35:00+00:00,2018.0,2018.0,2017.0,2017.0,1.5827,2024,1,4
2024-01-04 01:40:00+00:00,2017.0,2017.0,2017.0,2017.0,0.917,2024,1,4
2024-01-04 01:45:00+00:00,2017.0,2018.0,2017.0,2017.0,0.1493,2024,1,4
2024-01-04 01:50:00+00:00,2017.0,2018.0,2017.0,2017.0,0.0456,2024,1,4
2024-01-04 01:55:00+00:00,2017.0,2018.0,2017.0,2017.0,0.3449,2024,1,4
2024-01-04 02:00:00+00:00,2017.0,2018.0,2017.0,2018.0,2.8412,2024,1,4
2024-01-04 02:05:00+00:00,2018.0,2018.0,2018.0,2018.0,0.0377,2024,1,4
2024-01-04 02:10:00+00:00,2019.0,2019.0,2018.0,2019.0,0.3554,2024,1,4
2024-01-04 02:15:00+00:00,2020.0,2020.0,2017.0,2018.0,1.1984,2024,1,4
2024-01-04 02:20:00+00:00,2019.0,2019.0,2018.0,2018.0,0.041,2024,1,4
2024-01-04 02:25:00+00:00,2019.0,2019.0,2018.0,2019.0,0.1632,2024,1,4
2024-01-04 02:30:00+00:00,2018.0,2019.0,2018.0,2019.0,0.2352,2024,1,4
2024-01-04 02:35:00+00:00,2019.0,2020.0,2019.0,2019.0,0.0633,2024,1,4
2024-01-04 02:40:00+00:00,2020.0,2020.0,2020.0,2020.0,0.0509,2024,1,4
2024-01-04 02:45:00+00:00,2021.0,2021.0,2020.0,2021.0,0.3079,2024,1,4
2024-01-04 02:50:00+00:00,2021.0,2021.0,2021.0,2021.0,0.0199,2024,1,4
2024-01-04 02:55:00+00:00,2022.0,2022.0,2021.0,2022.0,1.3984,2024,1,4
2024-01-04 03:00:00+00:00,2021.0,2021.0,2020.0,2021.0,1.1874,2024,1,4
2024-01-04 03:05:00+00:00,2021.0,2021.0,2021.0,2021.0,0.0831,2024,1,4
2024-01-04 03:10:00+00:00,2021.0,2022.0,2021.0,2022.0,0.055,2024,1,4
2024-01-04 03:15:00+00:00,2022.0,2022.0,2021.0,2021.0,0.0221,2024,1,4
2024-01-04 03:20:00+00:00,2021.0,2022.0,2021.0,2021.0,0.444,2024,1,4
2024-01-04 03:25:00+00:00,2021.0,2022.0,2021.0,2021.0,0.1329,2024,1,4
2024-01-04 03:30:00+00:00,2022.0,2022.0,2021.0,2021.0,0.0504,2024,1,4
2024-01-04 03:35:00+00:00,2021.0,2022.0,2021.0,2021.0,0.1536,2024,1,4
2024-01-04 03:40:00+00:00,2021.0,2022.0,2021.0,2021.0,0.0409,2024,1,4
2024-01-04 03:45:00+00:00,2021.0,2021.0,2021.0,2021.0,0.0511,2024,1,4
2024-01-04 03:50:00+00:00,2021.0,2022.0,2021.0,2021.0,0.4458,2024,1,4
2024-01-04 03:55:00+00:00,2022.0,2022.0,2022.0,2022.0,0.014,2024,1,4
2024-01-04 04:00:00+00:00,2021.0,2022.0,2021.0,2021.0,0.4208,2024,1,4
2024-01-04 04:05:00+00:00,2021.0,2022.0,2021.0,2022.0,0.0391,2024,1,4
2024-01-04 04:10:00+00:00,2021.0,2022.0,2021.0,2021.0,0.0901,2024,1,4
2024-01-04 04:15:00+00:00,2021.0,2021.0,2021.0,2021.0,0.0,2024,1,4
2024-01-04 04:20:00+00:00,2022.0,2022.0,2021.0,2021.0,0.3821,2024,1,4
2024-01-04 04:25:00+00:00,2021.0,2022.0,2021.0,2022.0,0.1192,2024,1,4
2024-01-04 04:30:00+00:00,2021.0,2021.0,2019.0,2021.0,5.2328,2024,1,4
2024-01-04 04:35:00+00:00,2021.0,2021.0,2020.0,2020.0,0.019,2024,1,4
2024-01-04 04:40:00+00:00,2020.0,2020.0,2020.0,2020.0,0.0441,2024,1,4
2024-01-04 04:45:00+00:00,2021.0,2021.0,2021.0,2021.0,0.2221,2024,1,4
2024-01-04 04:50:00+00:00,2021.0,2021.0,2020.0,2020.0,1.4489,2024,1,4
2024-01-04 04:55:00+00:00,2021.0,2021.0,2020.0,2020.0,0.6394,2024,1,4
2024-01-04 05:00:00+00:00,2020.0,2021.0,2020.0,2021.0,0.0325,2024,1,4
2024-01-04 05:05:00+00:00,2021.0,2021.0,2020.0,2021.0,0.0687,2024,1,4
2024-01-04 05:10:00+00:00,2021.0,2021.0,2021.0,2021.0,0.0944,2024,1,4
2024-01-04 05:15:00+00:00,2021.0,2021.0,2020.0,2020.0,0.2226,2024,1,4
2024-01-04 05:20:00+00:00,2020.0,2021.0,2020.0,2020.0,0.0995,2024,1,4
2024-01-04 05:25:00+00:00,2020.0,2020.0,2020.0,2020.0,0.9533,2024,1,4
2024-01-04 05:30:00+00:00,2020.0,2021.0,2020.0,2020.0,0.1474,2024,1,4
2024-01-04 05:35:00+00:00,2021.0,2021.0,2020.0,2020.0,0.293,2024,1,4
2024-01-04 05:40:00+00:00,2020.0,2021.0,2020.0,2020.0,0.8096,2024,1,4
2024-01-04 05:45:00+00:00,2020.0,2021.0,2020.0,2020.0,0.0772,2024,1,4
2024-01-04 05:50:00+00:00,2020.0,2023.0,2020.0,2022.0,6.4362,2024,1,4
2024-01-04 05:55:00+00:00,2023.0,2023.0,2021.0,2021.0,2.1848,2024,1,4
2024-01-04 06:00:00+00:00,2021.0,2022.0,2021.0,2022.0,1.5651,2024,1,4
2024-01-04 06:05:00+00:00,2023.0,2024.0,2023.0,2023.0,2.3413,2024,1,4
2024-01-04 06:10:00+00:00,2023.0,2024.0,2023.0,2023.0,0.1726,2024,1,4
2024-01-04 06:15:00+00:00,2024.0,2024.0,2023.0,2023.0,0.2838,2024,1,4
2024-01-04 06:20:00+00:00,2023.0,2024.0,2023.0,2023.0,0.11,2024,1,4
2024-01-04 06:25:00+00:00,2023.0,2024.0,2023.0,2023.0,0.2655,2024,1,4
2024-01-04 06:30:00+00:00,2024.0,2024.0,2023.0,2023.0,0.4735,2024,1,4
2024-01-04 06:35:00+00:00,2023.0,2028.0,2023.0,2027.0,5.0797,2024,1,4
2024-01-04 06:40:00+00:00,2027.0,2027.0,2026.0,2027.0,1.0094,2024,1,4
2024-01-04 06:45:00+00:00,2026.0,2027.0,2025.0,2025.0,0.4573,2024,1,4
2024-01-04 06:50:00+00:00,2025.0,2026.0,2025.0,2025.0,0.2469,2024,1,4
2024-01-04 06:55:00+00:00,2025.0,2026.0,2025.0,2025.0,0.1888,2024,1,4
2024-01-04 07:00:00+00:00,2025.0,2025.0,2024.0,2024.0,2.7291,2024,1,4
2024-01-04 07:05:00+00:00,2024.0,2025.0,2024.0,2024.0,0.1931,2024,1,4
2024-01-04 07:10:00+00:00,2024.0,2025.0,2024.0,2024.0,0.1518,2024,1,4
2024-01-04 07:15:00+00:00,2025.0,2025.0,2023.0,2023.0,4.1456,2024,1,4
2024-01-04 07:20:00+00:00,2023.0,2024.0,2023.0,2024.0,0.1983,2024,1,4
2024-01-04 07:25:00+00:00,2024.0,2024.0,2023.0,2023.0,1.2157,2024,1,4
2024-01-04 07:30:00+00:00,2024.0,2024.0,2023.0,2024.0,0.1362,2024,1,4
2024-01-04 07:35:00+00:00,2024.0,2024.0,2023.0,2023.0,0.3967,2024,1,4
2024-01-04 07:40:00+00:00,2024.0,2024.0,2022.0,2023.0,4.8255,2024,1,4
2024-01-04 07:45:00+00:00,2022.0,2023.0,2022.0,2022.0,0.4753,2024,1,4
2024-01-04 07:50:00+00:00,2023.0,2023.0,2022.0,2023.0,0.8669,2024,1,4
2024-01-04 07:55:00+00:00,2022.0,2023.0,2022.0,2022.0,0.5408,2024,1,4
2024-01-04 08:00:00+00:00,2022.0,2023.0,2022.0,2023.0,1.1054,2024,1,4
2024-01-04 08:05:00+00:00,2022.0,2023.0,2022.0,2023.0,3.0497,2024,1,4
2024-01-04 08:10:00+00:00,2023.0,2023.0,2022.0,2023.0,1.0664,2024,1,4
2024-01-04 08:15:00+00:00,2023.0,2023.0,2021.0,2023.0,2.4232,2024,1,4
2024-01-04 08:20:00+00:00,2023.0,2023.0,2022.0,2022.0,1.3384,2024,1,4
2024-01-04 08:25:00+00:00,2022.0,2022.0,2021.0,2022.0,1.394,2024,1,4
2024-01-04 08:30:00+00:00,2022.0,2022.0,2021.0,2021.0,1.1666,2024,1,4
2024-01-04 08:35:00+00:00,2022.0,2022.0,2021.0,2021.0,0.3394,2024,1,4
2024-01-04 08:40:00+00:00,2021.0,2022.0,2021.0,2022.0,0.6815,2024,1,4
2024-01-04 08:45:00+00:00,2022.0,2022.0,2021.0,2022.0,0.5852,2024,1,4
2024-01-04 08:50:00+00:00,2022.0,2022.0,2021.0,2022.0,0.2164,2024,1,4
2024-01-04 08:55:00+00:00,2022.0,2023.0,2021.0,2023.0,0.4528,2024,1,4
2024-01-04 09:00:00+00:00,2023.0,2027.0,2023.0,2026.0,4.9536,2024,1,4
2024-01-04 09:05:00+00:00,2026.0,2026.0,2025.0,2026.0,0.3877,2024,1,4
2024-01-04 09:10:00+00:00,2025.0,2026.0,2024.0,2024.0,0.3914,2024,1,4
2024-01-04 09:15:00+00:00,2025.0,2025.0,2023.0,2024.0,0.3945,2024,1,4
2024-01-04 09:20:00+00:00,2024.0,2025.0,2024.0,2024.0,0.752,2024,1,4
2024-01-04 09:25:00+00:00,2024.0,2024.0,2021.0,2023.0,4.0451,2024,1,4
2024-01-04 09:30:00+00:00,2023.0,2023.0,2022.0,2023.0,1.0261,2024,1,4
2024-01-04 09:35:00+00:00,2023.0,2025.0,2022.0,2023.0,1.1582,2024,1,4
2024-01-04 09:40:00+00:00,2024.0,2025.0,2023.0,2025.0,0.1567,2024,1,4
2024-01-04 09:45:00+00:00,2025.0,2025.0,2024.0,2024.0,0.2499,2024,1,4
2024-01-04 09:50:00+00:00,2025.0,2026.0,2024.0,2026.0,1.8021,2024,1,4
2024-01-04 09:55:00+00:00,2026.0,2026.0,2025.0,2026.0,0.9518,2024,1,4
2024-01-04 10:00:00+00:00,2025.0,2026.0,2025.0,2026.0,1.5531,2024,1,4
2024-01-04 10:05:00+00:00,2026.0,2026.0,2024.0,2024.0,2.0166,2024,1,4
2024-01-04 10:10:00+00:00,2025.0,2026.0,2024.0,2026.0,1.6342,2024,1,4
2024-01-04 10:15:00+00:00,2026.0,2026.0,2025.0,2026.0,1.3696,2024,1,4
2024-01-04 10:20:00+00:00,2025.0,2026.0,2023.0,2024.0,6.6345,2024,1,4
2024-01-04 10:25:00+00:00,2023.0,2026.0,2022.0,2024.0,10.1153,2024,1,4
2024-01-04 10:30:00+00:00,2024.0,2024.0,2023.0,2024.0,0.2826,2024,1,4
2024-01-04 10:35:00+00:00,2024.0,2024.0,2022.0,2024.0,3.1705,2024,1,4
2024-01-04 10:40:00+00:00,2023.0,2024.0,2023.0,2024.0,0.749,2024,1,4
2024-01-04 10:45:00+00:00,2024.0,2025.0,2024.0,2025.0,0.2055,2024,1,4
2024-01-04 10:50:00+00:00,2025.0,2027.0,2025.0,2027.0,0.9594,2024,1,4
2024-01-04 10:55:00+00:00,2026.0,2028.0,2026.0,2027.0,1.6004,2024,1,4
2024-01-04 11:00:00+00:00,2027.0,2027.0,2024.0,2025.0,1.9387,2024,1,4
2024-01-04 11:05:00+00:00,2025.0,2025.0,2024.0,2025.0,0.2481,2024,1,4
2024-01-04 11:10:00+00:00,2025.0,2025.0,2024.0,2024.0,0.6421,2024,1,4
2024-01-04 11:15:00+00:00,2024.0,2025.0,2023.0,2023.0,0.1691,2024,1,4
2024-01-04 11:20:00+00:00,2024.0,2024.0,2023.0,2024.0,0.3806,2024,1,4
2024-01-04 11:25:00+00:00,2023.0,2025.0,2023.0,2024.0,1.9358,2024,1,4
2024-01-04 11:30:00+00:00,2024.0,2025.0,2023.0,2025.0,1.3534,2024,1,4
2024-01-04 11:35:00+00:00,2024.0,2025.0,2024.0,2025.0,0.2327,2024,1,4
2024-01-04 11:40:00+00:00,2024.0,2025.0,2024.0,2025.0,0.2269,2024,1,4
2024-01-04 11:45:00+00:00,2024.0,2024.0,2023.0,2024.0,0.504,2024,1,4
2024-01-04 11:50:00+00:00,2023.0,2025.0,2023.0,2025.0,0.7772,2024,1,4
2024-01-04 11:55:00+00:00,2025.0,2025.0,2020.0,2022.0,23.2955,2024,1,4
2024-01-04 12:00:00+00:00,2021.0,2025.0,2021.0,2024.0,2.1487,2024,1,4
2024-01-04 12:05:00+00:00,2024.0,2024.0,2022.0,2023.0,3.9363,2024,1,4
2024-01-04 12:10:00+00:00,2023.0,2024.0,2022.0,2024.0,0.8661,2024,1,4
2024-01-04 12:15:00+00:00,2024.0,2025.0,2023.0,2024.0,3.8763,2024,1,4
2024-01-04 12:20:00+00:00,2024.0,2025.0,2020.0,2024.0,18.5499,2024,1,4
2024-01-04 12:25:00+00:00,2025.0,2026.0,2024.0,2025.0,3.2232,2024,1,4
2024-01-04 12:30:00+00:00,2025.0,2026.0,2024.0,2025.0,0.6459,2024,1,4
2024-01-04 12:35:00+00:00,2025.0,2026.0,2025.0,2026.0,0.28,2024,1,4
2024-01-04 12:40:00+00:00,2026.0,2026.0,2024.0,2024.0,0.2597,2024,1,4
2024-01-04 12:45:00+00:00,2026.0,2027.0,2024.0,2026.0,1.6139,2024,1,4
2024-01-04 12:50:00+00:00,2027.0,2027.0,2025.0,2025.0,1.2343,2024,1,4
2024-01-04 12:55:00+00:00,2025.0,2025.0,2022.0,2024.0,3.4649,2024,1,4
2024-01-04 13:00:00+00:00,2024.0,2024.0,2023.0,2023.0,0.2583,2024,1,4
2024-01-04 13:05:00+00:00,2024.0,2026.0,2024.0,2025.0,1.9783,2024,1,4
2024-01-04 13:10:00+00:00,2025.0,2025.0,2024.0,2025.0,0.2415,2024,1,4
2024-01-04 13:15:00+00:00,2024.0,2025.0,2024.0,2025.0,0.1509,2024,1,4
2024-01-04 13:20:00+00:00,2025.0,2027.0,2010.0,2019.0,45.5872,2024,1,4
2024-01-04 13:25:00+00:00,2020.0,2021.0,2020.0,2020.0,1.0188,2024,1,4
2024-01-04 13:30:00+00:00,2019.0,2020.0,2018.0,2019.0,2.8967,2024,1,4
2024-01-04 13:35:00+00:00,2019.0,2019.0,2010.0,2016.0,19.6835,2024,1,4
2024-01-04 13:40:00+00:00,2016.0,2017.0,2015.0,2017.0,1.109,2024,1,4
2024-01-04 13:45:00+00:00,2017.0,2018.0,2016.0,2018.0,2.5194,2024,1,4
2024-01-04 13:50:00+00:00,2017.0,2020.0,2017.0,2019.0,7.1458,2024,1,4
2024-01-04 13:55:00+00:00,2019.0,2021.0,2018.0,2021.0,1.3057,2024,1,4
2024-01-04 14:00:00+00:00,2020.0,2021.0,2019.0,2019.0,0.6984,2024,1,4
2024-01-04 14:05:00+00:00,2019.0,2019.0,2018.0,2018.0,1.5321,2024,1,4
2024-01-04 14:10:00+00:00,2019.0,2019.0,2012.0,2015.0,6.7267,2024,1,4
2024-01-04 14:15:00+00:00,2015.0,2017.0,2014.0,2017.0,2.6825,2024,1,4
2024-01-04 14:20:00+00:00,2018.0,2019.0,2017.0,2019.0,0.6333,2024,1,4
2024-01-04 14:25:00+00:00,2018.0,2019.0,2018.0,2018.0,0.2196,2024,1,4
2024-01-04 14:30:00+00:00,2018.0,2018.0,2017.0,2017.0,0.4977,2024,1,4
2024-01-04 14:35:00+00:00,2017.0,2019.0,2017.0,2019.0,2.9286,2024,1,4
2024-01-04 14:40:00+00:00,2019.0,2019.0,2019.0,2019.0,0.3707,2024,1,4
2024-01-04 14:45:00+00:00,2019.0,2019.0,2018.0,2019.0,0.5094,2024,1,4
2024-01-04 14:50:00+00:00,2018.0,2019.0,2018.0,2018.0,5.6476,2024,1,4
2024-01-04 14:55:00+00:00,2018.0,2019.0,2017.0,2018.0,6.6973,2024,1,4
2024-01-04 15:00:00+00:00,2018.0,2020.0,2018.0,2018.0,13.3651,2024,1,4
2024-01-04 15:05:00+00:00,2018.0,2019.0,2018.0,2019.0,1.7696,2024,1,4
2024-01-04 15:10:00+00:00,2019.0,2019.0,2018.0,2019.0,1.0219,2024,1,4
2024-01-04 15:15:00+00:00,2019.0,2019.0,2017.0,2017.0,2.7051,2024,1,4
2024-01-04 15:20:00+00:00,2017.0,2018.0,2017.0,2017.0,0.9753,2024,1,4
2024-01-04 15:25:00+00:00,2018.0,2024.0,2018.0,2024.0,1.6351,2024,1,4
2024-01-04 15:30:00+00:00,2023.0,2024.0,2021.0,2021.0,5.8117,2024,1,4
2024-01-04 15:35:00+00:00,2021.0,2023.0,2021.0,2021.0,1.5595,2024,1,4
2024-01-04 15:40:00+00:00,2021.0,2021.0,2020.0,2020.0,0.9729,2024,1,4
2024-01-04 15:45:00+00:00,2020.0,2021.0,2020.0,2020.0,3.1175,2024,1,4
2024-01-04 15:50:00+00:00,2020.0,2021.0,2019.0,2019.0,2.2704,2024,1,4
2024-01-04 15:55:00+00:00,2019.0,2022.0,2018.0,2019.0,7.9134,2024,1,4
2024-01-04 16:00:00+00:00,2019.0,2021.0,2013.0,2018.0,38.6265,2024,1,4
2024-01-04 16:05:00+00:00,2016.0,2018.0,2014.0,2016.0,5.7878,2024,1,4
2024-01-04 16:10:00+00:00,2015.0,2017.0,2014.0,2016.0,1.8577,2024,1,4
2024-01-04 16:15:00+00:00,2014.0,2017.0,2013.0,2015.0,1.0272,2024,1,4
2024-01-04 16:20:00+00:00,2014.0,2017.0,2014.0,2014.0,2.7809,2024,1,4
2024-01-04 16:25:00+00:00,2014.0,2016.0,2014.0,2014.0,3.1774,2024,1,4
2024-01-04 16:30:00+00:00,2014.0,2015.0,2014.0,2014.0,1.6913,2024,1,4
2024-01-04 16:35:00+00:00,2014.0,2017.0,2014.0,2016.0,2.759,2024,1,4
2024-01-04 16:40:00+00:00,2015.0,2017.0,2014.0,2017.0,3.5248,2024,1,4
2024-01-04 16:45:00+00:00,2016.0,2017.0,2013.0,2015.0,16.1112,2024,1,4
2024-01-04 16:50:00+00:00,2015.0,2017.0,2013.0,2014.0,1.7917,2024,1,4
2024-01-04 16:55:00+00:00,2014.0,2017.0,2014.0,2014.0,1.6172,2024,1,4
2024-01-04 17:00:00+00:00,2014.0,2017.0,2014.0,2016.0,1.0252,2024,1,4
2024-01-04 17:05:00+00:00,2014.0,2016.0,2014.0,2016.0,0.5847,2024,1,4
2024-01-04 17:10:00+00:00,2016.0,2016.0,2014.0,2016.0,3.0055,2024,1,4
2024-01-04 17:15:00+00:00,2017.0,2017.0,2013.0,2015.0,0.9128,2024,1,4
2024-01-04 17:20:00+00:00,2016.0,2018.0,2015.0,2017.0,2.5513,2024,1,4
2024-01-04 17:25:00+00:00,2017.0,2019.0,2015.0,2019.0,2.0646,2024,1,4
2024-01-04 17:30:00+00:00,2017.0,2017.0,2016.0,2017.0,0.2566,2024,1,4
2024-01-04 17:35:00+00:00,2016.0,2017.0,2015.0,2015.0,0.4462,2024,1,4
2024-01-04 17:40:00+00:00,2016.0,2016.0,2014.0,2015.0,0.1262,2024,1,4
2024-01-04 17:45:00+00:00,2015.0,2017.0,2015.0,2016.0,2.5865,2024,1,4
2024-01-04 17:50:00+00:00,2015.0,2019.0,2015.0,2018.0,0.1828,2024,1,4
2024-01-04 17:55:00+00:00,2019.0,2019.0,2017.0,2018.0,0.1825,2024,1,4
2024-01-04 18:00:00+00:00,2017.0,2019.0,2016.0,2018.0,1.3274,2024,1,4
2024-01-04 18:05:00+00:00,2016.0,2019.0,2016.0,2018.0,0.455,2024,1,4
2024-01-04 18:10:00+00:00,2017.0,2019.0,2017.0,2018.0,0.0753,2024,1,4
2024-01-04 18:15:00+00:00,2017.0,2020.0,2017.0,2020.0,0.2425,2024,1,4
2024-01-04 18:20:00+00:00,2020.0,2020.0,2017.0,2020.0,2.0906,2024,1,4
2024-01-04 18:25:00+00:00,2018.0,2022.0,2016.0,2020.0,5.3444,2024,1,4
2024-01-04 18:30:00+00:00,2020.0,2021.0,2019.0,2020.0,0.701,2024,1,4
2024-01-04 18:35:00+00:00,2020.0,2022.0,2020.0,2021.0,0.9246,2024,1,4
2024-01-04 18:40:00+00:00,2021.0,2021.0,2020.0,2020.0,0.4577,2024,1,4
2024-01-04 18:45:00+00:00,2020.0,2021.0,2019.0,2020.0,3.0797,2024,1,4
2024-01-04 18:50:00+00:00,2020.0,2020.0,2019.0,2019.0,0.1257,2024,1,4
2024-01-04 18:55:00+00:00,2020.0,2020.0,2019.0,2019.0,0.1964,2024,1,4
2024-01-04 19:00:00+00:00,2020.0,2022.0,2020.0,2021.0,1.4964,2024,1,4
2024-01-04 19:05:00+00:00,2022.0,2022.0,2020.0,2020.0,0.3319,2024,1,4
2024-01-04 19:10:00+00:00,2021.0,2023.0,2020.0,2021.0,5.3556,2024,1,4
2024-01-04 19:15:00+00:00,2021.0,2022.0,2021.0,2022.0,1.6389,2024,1,4
2024-01-04 19:20:00+00:00,2021.0,2023.0,2021.0,2022.0,5.4321,2024,1,4
2024-01-04 19:25:00+00:00,2023.0,2023.0,2022.0,2023.0,1.6751,2024,1,4
2024-01-04 19:30:00+00:00,2022.0,2023.0,2021.0,2021.0,0.3125,2024,1,4
2024-01-04 19:35:00+00:00,2020.0,2021.0,2019.0,2020.0,2.6345,2024,1,4
2024-01-04 19:40:00+00:00,2019.0,2021.0,2019.0,2020.0,3.5946,2024,1,4
2024-01-04 19:45:00+00:00,2020.0,2021.0,2020.0,2021.0,4.5226,2024,1,4
2024-01-04 19:50:00+00:00,2021.0,2022.0,2014.0,2021.0,14.0234,2024,1,4
2024-01-04 19:55:00+00:00,2020.0,2021.0,2020.0,2021.0,5.1356,2024,1,4
2024-01-04 20:00:00+00:00,2021.0,2022.0,2021.0,2021.0,1.9566,2024,1,4
2024-01-04 20:05:00+00:00,2021.0,2022.0,2020.0,2021.0,11.1661,2024,1,4
2024-01-04 20:10:00+00:00,2019.0,2022.0,2019.0,2021.0,0.4418,2024,1,4
2024-01-04 20:15:00+00:00,2021.0,2022.0,2021.0,2021.0,0.0786,2024,1,4
2024-01-04 20:20:00+00:00,2022.0,2022.0,2020.0,2020.0,5.8703,2024,1,4
2024-01-04 20:25:00+00:00,2021.0,2022.0,2020.0,2022.0,0.6242,2024,1,4
2024-01-04 20:30:00+00:00,2022.0,2022.0,2020.0,2020.0,0.3985,2024,1,4
2024-01-04 20:35:00+00:00,2022.0,2023.0,2021.0,2023.0,3.0177,2024,1,4
2024-01-04 20:40:00+00:00,2023.0,2023.0,2022.0,2022.0,4.0,2024,1,4
2024-01-04 20:45:00+00:00,2023.0,2023.0,2022.0,2022.0,0.2754,2024,1,4
2024-01-04 20:50:00+00:00,2022.0,2023.0,2021.0,2022.0,1.5448,2024,1,4
2024-01-04 20:55:00+00:00,2022.0,2022.0,2021.0,2021.0,0.9803,2024,1,4
2024-01-04 21:00:00+00:00,2021.0,2022.0,2021.0,2022.0,0.4051,2024,1,4
2024-01-04 21:05:00+00:00,2022.0,2023.0,2022.0,2023.0,1.1038,2024,1,4
2024-01-04 21:10:00+00:00,2023.0,2023.0,2022.0,2023.0,0.1654,2024,1,4
2024-01-04 21:15:00+00:00,2022.0,2022.0,2021.0,2022.0,1.2816,2024,1,4
2024-01-04 21:20:00+00:00,2021.0,2022.0,2020.0,2020.0,2.1657,2024,1,4
2024-01-04 21:25:00+00:00,2020.0,2022.0,2020.0,2021.0,0.3179,2024,1,4
2024-01-04 21:30:00+00:00,2022.0,2022.0,2020.0,2020.0,0.9098,2024,1,4
2024-01-04 21:35:00+00:00,2021.0,2021.0,2020.0,2020.0,5.5777,2024,1,4
2024-01-04 21:40:00+00:00,2021.0,2021.0,2020.0,2021.0,0.8502,2024,1,4
2024-01-04 21:45:00+00:00,2020.0,2021.0,2020.0,2020.0,4.5925,2024,1,4
2024-01-04 21:50:00+00:00,2021.0,2022.0,2021.0,2022.0,0.2497,2024,1,4
2024-01-04 21:55:00+00:00,2021.0,2022.0,2020.0,2021.0,0.219,2024,1,4
2024-01-04 22:00:00+00:00,2021.0,2023.0,2020.0,2022.0,2.4981,2024,1,4
2024-01-04 22:05:00+00:00,2022.0,2022.0,2020.0,2020.0,0.2298,2024,1,4
2024-01-04 22:10:00+00:00,2021.0,2023.0,2021.0,2023.0,0.2211,2024,1,4
2024-01-04 22:15:00+00:00,2023.0,2023.0,2020.0,2022.0,8.8837,2024,1,4
2024-01-04 22:20:00+00:00,2021.0,2022.0,2021.0,2022.0,0.0303,2024,1,4
2024-01-04 22:25:00+00:00,2022.0,2022.0,2020.0,2022.0,0.4985,2024,1,4
2024-01-04 22:30:00+00:00,2019.0,2020.0,2019.0,2019.0,1.7247,2024,1,4
2024-01-04 22:35:00+00:00,2019.0,2020.0,2019.0,2020.0,1.0404,2024,1,4
2024-01-04 22:40:00+00:00,2020.0,2020.0,2019.0,2020.0,0.1136,2024,1,4
2024-01-04 22:45:00+00:00,2019.0,2020.0,2019.0,2020.0,0.0781,2024,1,4
2024-01-04 22:50:00+00:00,2020.0,2020.0,2019.0,2019.0,0.0526,2024,1,4
2024-01-04 22:55:00+00:00,2020.0,2020.0,2019.0,2019.0,1.0703,2024,1,4
2024-01-04 23:00:00+00:00,2020.0,2022.0,2020.0,2022.0,2.3562,2024,1,4
2024-01-04 23:05:00+00:00,2021.0,2021.0,2021.0,2021.0,0.235,2024,1,4
2024-01-04 23:10:00+00:00,2021.0,2022.0,2021.0,2022.0,0.1675,2024,1,4
2024-01-04 23:15:00+00:00,2021.0,2022.0,2021.0,2021.0,0.2844,2024,1,4
2024-01-04 23:20:00+00:00,2022.0,2022.0,2021.0,2021.0,0.0974,2024,1,4
2024-01-04 23:25:00+00:00,2021.0,2021.0,2021.0,2021.0,0.1598,2024,1,4
2024-01-04 23:30:00+00:00,2021.0,2022.0,2020.0,2022.0,1.4356,2024,1,4
2024-01-04 23:35:00+00:00,2021.0,2022.0,2020.0,2020.0,1.3691,2024,1,4
2024-01-04 23:40:00+00:00,2022.0,2022.0,2020.0,2021.0,0.7541,2024,1,4
2024-01-04 23:45:00+00:00,2021.0,2021.0,2021.0,2021.0,0.0064,2024,1,4
2024-01-04 23:50:00+00:00,2020.0,2021.0,2020.0,2021.0,1.0017,2024,1,4
2024-01-04 23:55:00+00:00,2021.0,2022.0,2021.0,2021.0,0.1454,2024,1,4
2024-01-05 00:00:00+00:00,2021.0,2023.0,2021.0,2022.0,0.2708,2024,1,5
2024-01-05 00:05:00+00:00,2021.0,2022.0,2021.0,2022.0,0.2626,2024,1,5
2024-01-05 00:10:00+00:00,2022.0,2023.0,2021.0,2023.0,0.2277,2024,1,5
2024-01-05 00:15:00+00:00,2023.0,2023.0,2021.0,2022.0,0.723,2024,1,5
2024-01-05 00:20:00+00:00,2022.0,2023.0,2021.0,2023.0,3.1889,2024,1,5
2024-01-05 00:25:00+00:00,2023.0,2023.0,2023.0,2023.0,0.0751,2024,1,5
2024-01-05 00:30:00+00:00,2022.0,2022.0,2021.0,2022.0,0.2151,2024,1,5
2024-01-05 00:35:00+00:00,2021.0,2022.0,2021.0,2021.0,0.1293,2024,1,5
2024-01-05 00:40:00+00:00,2021.0,2022.0,2021.0,2021.0,0.1488,2024,1,5
2024-01-05 00:45:00+00:00,2022.0,2026.0,2021.0,2023.0,8.1875,2024,1,5
2024-01-05 00:50:00+00:00,2024.0,2024.0,2022.0,2023.0,0.1703,2024,1,5
2024-01-05 00:55:00+00:00,2024.0,2024.0,2023.0,2024.0,0.0857,2024,1,5
2024-01-05 01:00:00+00:00,2023.0,2024.0,2023.0,2023.0,0.1732,2024,1,5
2024-01-05 01:05:00+00:00,2024.0,2024.0,2023.0,2023.0,0.3232,2024,1,5
2024-01-05 01:10:00+00:00,2023.0,2025.0,2023.0,2023.0,1.2973,2024,1,5
2024-01-05 01:15:00+00:00,2024.0,2025.0,2023.0,2024.0,5.6413,2024,1,5
2024-01-05 01:20:00+00:00,2025.0,2025.0,2023.0,2024.0,4.5637,2024,1,5
2024-01-05 01:25:00+00:00,2024.0,2025.0,2024.0,2024.0,0.2438,2024,1,5
2024-01-05 01:30:00+00:00,2024.0,2024.0,2024.0,2024.0,0.0409,2024,1,5
2024-01-05 01:35:00+00:00,2025.0,2025.0,2024.0,2024.0,0.0823,2024,1,5
2024-01-05 01:40:00+00:00,2025.0,2025.0,2024.0,2024.0,0.0813,2024,1,5
2024-01-05 01:45:00+00:00,2024.0,2025.0,2021.0,2023.0,14.6391,2024,1,5
2024-01-05 01:50:00+00:00,2022.0,2025.0,2020.0,2024.0,17.39,2024,1,5
2024-01-05 01:55:00+00:00,2024.0,2025.0,2024.0,2024.0,0.8408,2024,1,5
2024-01-05 02:00:00+00:00,2025.0,2025.0,2022.0,2024.0,12.9134,2024,1,5
2024-01-05 02:05:00+00:00,2024.0,2025.0,2024.0,2025.0,0.4869,2024,1,5
2024-01-05 02:10:00+00:00,2024.0,2025.0,2023.0,2025.0,1.0947,2024,1,5
2024-01-05 02:15:00+00:00,2024.0,2024.0,2021.0,2023.0,48.8186,2024,1,5
2024-01-05 02:20:00+00:00,2024.0,2025.0,2024.0,2024.0,1.4894,2024,1,5
2024-01-05 02:25:00+00:00,2024.0,2024.0,2021.0,2024.0,6.149,2024,1,5
2024-01-05 02:30:00+00:00,2024.0,2026.0,2024.0,2026.0,0.3483,2024,1,5
2024-01-05 02:35:00+00:00,2024.0,2025.0,2024.0,2025.0,0.2066,2024,1,5
2024-01-05 02:40:00+00:00,2024.0,2025.0,2024.0,2025.0,0.1033,2024,1,5
2024-01-05 02:45:00+00:00,2024.0,2025.0,2024.0,2024.0,0.0583,2024,1,5
2024-01-05 02:50:00+00:00,2025.0,2025.0,2023.0,2023.0,0.8147,2024,1,5
2024-01-05 02:55:00+00:00,2023.0,2025.0,2023.0,2024.0,0.3911,2024,1,5
2024-01-05 03:00:00+00:00,2024.0,2024.0,2023.0,2024.0,1.2944,2024,1,5
2024-01-05 03:05:00+00:00,2024.0,2025.0,2024.0,2024.0,0.581,2024,1,5
2024-01-05 03:10:00+00:00,2024.0,2024.0,2024.0,2024.0,0.1489,2024,1,5
2024-01-05 03:15:00+00:00,2024.0,2024.0,2023.0,2023.0,0.0103,2024,1,5
2024-01-05 03:20:00+00:00,2023.0,2023.0,2023.0,2023.0,0.0314,2024,1,5
2024-01-05 03:25:00+00:00,2024.0,2024.0,2024.0,2024.0,0.0245,2024,1,5
2024-01-05 03:30:00+00:00,2023.0,2024.0,2023.0,2023.0,0.3832,2024,1,5
2024-01-05 03:35:00+00:00,2023.0,2023.0,2023.0,2023.0,0.0294,2024,1,5
2024-01-05 03:40:00+00:00,2023.0,2023.0,2023.0,2023.0,0.0514,2024,1,5
2024-01-05 03:45:00+00:00,2024.0,2024.0,2023.0,2023.0,0.2491,2024,1,5
2024-01-05 03:50:00+00:00,2023.0,2023.0,2022.0,2022.0,1.312,2024,1,5
2024-01-05 03:55:00+00:00,2023.0,2023.0,2022.0,2023.0,0.1665,2024,1,5
2024-01-05 04:00:00+00:00,2022.0,2023.0,2022.0,2022.0,0.4739,2024,1,5
2024-01-05 04:05:00+00:00,2023.0,2023.0,2023.0,2023.0,0.6548,2024,1,5
2024-01-05 04:10:00+00:00,2023.0,2023.0,2022.0,2023.0,2.6305,2024,1,5
2024-01-05 04:15:00+00:00,2022.0,2023.0,2022.0,2022.0,2.5593,2024,1,5
2024-01-05 04:20:00+00:00,2023.0,2024.0,2022.0,2023.0,0.1534,2024,1,5
2024-01-05 04:25:00+00:00,2024.0,2027.0,2024.0,2024.0,3.706,2024,1,5
2024-01-05 04:30:00+00:00,2025.0,2027.0,2024.0,2027.0,8.2365,2024,1,5
2024-01-05 04:35:00+00:00,2026.0,2026.0,2020.0,2023.0,10.7747,2024,1,5
2024-01-05 04:40:00+00:00,2022.0,2023.0,2022.0,2023.0,0.5456,2024,1,5
2024-01-05 04:45:00+00:00,2023.0,2027.0,2023.0,2026.0,5.4001,2024,1,5
2024-01-05 04:50:00+00:00,2025.0,2025.0,2024.0,2025.0,2.6051,2024,1,5
2024-01-05 04:55:00+00:00,2026.0,2026.0,2026.0,2026.0,0.0555,2024,1,5
2024-01-05 05:00:00+00:00,2025.0,2027.0,2025.0,2026.0,0.7539,2024,1,5
2024-01-05 05:05:00+00:00,2027.0,2028.0,2027.0,2027.0,9.1174,2024,1,5
2024-01-05 05:10:00+00:00,2028.0,2028.0,2025.0,2025.0,0.8529,2024,1,5
2024-01-05 05:15:00+00:00,2025.0,2025.0,2025.0,2025.0,0.0148,2024,1,5
2024-01-05 05:20:00+00:00,2024.0,2024.0,2024.0,2024.0,0.0298,2024,1,5
2024-01-05 05:25:00+00:00,2025.0,2025.0,2024.0,2024.0,0.0414,2024,1,5
2024-01-05 05:30:00+00:00,2024.0,2025.0,2024.0,2025.0,0.325,2024,1,5
2024-01-05 05:35:00+00:00,2025.0,2025.0,2023.0,2025.0,0.0816,2024,1,5
2024-01-05 05:40:00+00:00,2025.0,2025.0,2025.0,2025.0,0.0445,2024,1,5
2024-01-05 05:45:00+00:00,2024.0,2025.0,2023.0,2023.0,0.0902,2024,1,5
2024-01-05 05:50:00+00:00,2023.0,2023.0,2023.0,2023.0,0.3655,2024,1,5
2024-01-05 05:55:00+00:00,2023.0,2024.0,2023.0,2023.0,0.0511,2024,1,5
2024-01-05 06:00:00+00:00,2024.0,2024.0,2024.0,2024.0,0.0466,2024,1,5
2024-01-05 06:05:00+00:00,2024.0,2024.0,2024.0,2024.0,0.003,2024,1,5
2024-01-05 06:10:00+00:00,2024.0,2024.0,2024.0,2024.0,0.0213,2024,1,5
2024-01-05 06:15:00+00:00,2023.0,2024.0,2023.0,2023.0,0.3359,2024,1,5
2024-01-05 06:20:00+00:00,2024.0,2024.0,2022.0,2023.0,0.3677,2024,1,5
2024-01-05 06:25:00+00:00,2022.0,2022.0,2021.0,2022.0,0.7292,2024,1,5
2024-01-05 06:30:00+00:00,2021.0,2021.0,2020.0,2021.0,0.1866,2024,1,5
2024-01-05 06:35:00+00:00,2021.0,2022.0,2021.0,2021.0,0.1417,2024,1,5
2024-01-05 06:40:00+00:00,2021.0,2022.0,2021.0,2022.0,0.4593,2024,1,5
2024-01-05 06:45:00+00:00,2021.0,2022.0,2021.0,2021.0,0.506,2024,1,5
2024-01-05 06:50:00+00:00,2022.0,2024.0,2022.0,2024.0,0.6455,2024,1,5
2024-01-05 06:55:00+00:00,2024.0,2024.0,2023.0,2024.0,0.4911,2024,1,5
2024-01-05 07:00:00+00:00,2024.0,2024.0,2023.0,2023.0,0.8581,2024,1,5
2024-01-05 07:05:00+00:00,2022.0,2022.0,2021.0,2022.0,3.0741,2024,1,5
2024-01-05 07:10:00+00:00,2022.0,2022.0,2021.0,2022.0,10.335,2024,1,5
2024-01-05 07:15:00+00:00,2022.0,2023.0,2021.0,2022.0,39.7578,2024,1,5
2024-01-05 07:20:00+00:00,2022.0,2023.0,2022.0,2022.0,4.6303,2024,1,5
2024-01-05 07:25:00+00:00,2022.0,2022.0,2021.0,2022.0,1.2155,2024,1,5
2024-01-05 07:30:00+00:00,2022.0,2022.0,2021.0,2021.0,0.7526,2024,1,5
2024-01-05 07:35:00+00:00,2021.0,2021.0,2021.0,2021.0,0.0168,2024,1,5
2024-01-05 07:40:00+00:00,2021.0,2022.0,2021.0,2021.0,2.8273,2024,1,5
2024-01-05 07:45:00+00:00,2022.0,2022.0,2021.0,2021.0,0.113,2024,1,5
2024-01-05 07:50:00+00:00,2021.0,2022.0,2021.0,2022.0,0.3019,2024,1,5
2024-01-05 07:55:00+00:00,2021.0,2022.0,2021.0,2021.0,0.0541,2024,1,5
2024-01-05 08:00:00+00:00,2022.0,2022.0,2021.0,2021.0,0.2554,2024,1,5
2024-01-05 08:05:00+00:00,2022.0,2022.0,2021.0,2022.0,0.0731,2024,1,5
2024-01-05 08:10:00+00:00,2021.0,2022.0,2020.0,2021.0,0.5837,2024,1,5
2024-01-05 08:15:00+00:00,2020.0,2021.0,2019.0,2019.0,0.5039,2024,1,5
2024-01-05 08:20:00+00:00,2019.0,2021.0,2019.0,2019.0,9.3258,2024,1,5
2024-01-05 08:25:00+00:00,2019.0,2020.0,2018.0,2018.0,0.974,2024,1,5
2024-01-05 08:30:00+00:00,2018.0,2019.0,2018.0,2018.0,0.2574,2024,1,5
2024-01-05 08:35:00+00:00,2019.0,2019.0,2019.0,2019.0,0.6535,2024,1,5
2024-01-05 08:40:00+00:00,2020.0,2020.0,2019.0,2019.0,0.1483,2024,1,5
2024-01-05 08:45:00+00:00,2020.0,2020.0,2019.0,2019.0,0.3031,2024,1,5
2024-01-05 08:50:00+00:00,2020.0,2021.0,2020.0,2020.0,0.3366,2024,1,5
2024-01-05 08:55:00+00:00,2020.0,2022.0,2018.0,2020.0,3.0478,2024,1,5
2024-01-05 09:00:00+00:00,2020.0,2020.0,2019.0,2020.0,4.2801,2024,1,5
2024-01-05 09:05:00+00:00,2019.0,2020.0,2019.0,2020.0,1.4604,2024,1,5
2024-01-05 09:10:00+00:00,2020.0,2020.0,2019.0,2020.0,9.1322,2024,1,5
2024-01-05 09:15:00+00:00,2019.0,2019.0,2019.0,2019.0,0.0405,2024,1,5
2024-01-05 09:20:00+00:00,2020.0,2020.0,2019.0,2020.0,0.1229,2024,1,5
2024-01-05 09:25:00+00:00,2019.0,2020.0,2019.0,2020.0,0.7001,2024,1,5
2024-01-05 09:30:00+00:00,2019.0,2021.0,2019.0,2021.0,0.0893,2024,1,5
2024-01-05 09:35:00+00:00,2020.0,2026.0,2020.0,2024.0,3.9692,2024,1,5
2024-01-05 09:40:00+00:00,2025.0,2028.0,2024.0,2025.0,2.8798,2024,1,5
2024-01-05 09:45:00+00:00,2026.0,2026.0,2025.0,2025.0,0.6272,2024,1,5
2024-01-05 09:50:00+00:00,2024.0,2024.0,2022.0,2024.0,1.0896,2024,1,5
2024-01-05 09:55:00+00:00,2024.0,2025.0,2023.0,2023.0,0.7047,2024,1,5
2024-01-05 10:00:00+00:00,2023.0,2024.0,2023.0,2024.0,6.6012,2024,1,5
2024-01-05 10:05:00+00:00,2024.0,2024.0,2022.0,2022.0,3.4619,2024,1,5
2024-01-05 10:10:00+00:00,2023.0,2023.0,2022.0,2022.0,0.5578,2024,1,5
2024-01-05 10:15:00+00:00,2022.0,2022.0,2022.0,2022.0,0.2213,2024,1,5
2024-01-05 10:20:00+00:00,2022.0,2022.0,2021.0,2021.0,0.142,2024,1,5
2024-01-05 10:25:00+00:00,2022.0,2022.0,2021.0,2021.0,0.1957,2024,1,5
2024-01-05 10:30:00+00:00,2022.0,2022.0,2021.0,2021.0,0.1457,2024,1,5
2024-01-05 10:35:00+00:00,2022.0,2022.0,2021.0,2021.0,0.166,2024,1,5
2024-01-05 10:40:00+00:00,2021.0,2022.0,2021.0,2022.0,0.0662,2024,1,5
2024-01-05 10:45:00+00:00,2022.0,2022.0,2021.0,2021.0,0.1261,2024,1,5
2024-01-05 10:50:00+00:00,2021.0,2021.0,2021.0,2021.0,0.0842,2024,1,5
2024-01-05 10:55:00+00:00,2021.0,2022.0,2019.0,2019.0,4.9168,2024,1,5
2024-01-05 11:00:00+00:00,2019.0,2020.0,2018.0,2018.0,0.9245,2024,1,5
2024-01-05 11:05:00+00:00,2019.0,2019.0,2018.0,2019.0,0.382,2024,1,5
2024-01-05 11:10:00+00:00,2018.0,2019.0,2018.0,2019.0,0.0504,2024,1,5
2024-01-05 11:15:00+00:00,2019.0,2019.0,2018.0,2018.0,0.0729,2024,1,5
2024-01-05 11:20:00+00:00,2019.0,2019.0,2018.0,2019.0,0.3633,2024,1,5
2024-01-05 11:25:00+00:00,2019.0,2021.0,2018.0,2018.0,1.5813,2024,1,5
2024-01-05 11:30:00+00:00,2018.0,2019.0,2018.0,2019.0,5.06,2024,1,5
2024-01-05 11:35:00+00:00,2019.0,2019.0,2018.0,2019.0,2.8961,2024,1,5
2024-01-05 11:40:00+00:00,2019.0,2019.0,2018.0,2019.0,8.7693,2024,1,5
2024-01-05 11:45:00+00:00,2018.0,2020.0,2018.0,2019.0,1.2498,2024,1,5
2024-01-05 11:50:00+00:00,2020.0,2020.0,2019.0,2019.0,0.1712,2024,1,5
2024-01-05 11:55:00+00:00,2019.0,2019.0,2019.0,2019.0,0.6287,2024,1,5
2024-01-05 12:00:00+00:00,2019.0,2019.0,2018.0,2019.0,0.7163,2024,1,5
2024-01-05 12:05:00+00:00,2018.0,2019.0,2018.0,2018.0,0.8437,2024,1,5
2024-01-05 12:10:00+00:00,2019.0,2020.0,2018.0,2019.0,0.3223,2024,1,5
2024-01-05 12:15:00+00:00,2019.0,2019.0,2018.0,2019.0,0.7713,2024,1,5
2024-01-05 12:20:00+00:00,2020.0,2020.0,2019.0,2020.0,0.4458,2024,1,5
2024-01-05 12:25:00+00:00,2020.0,2020.0,2019.0,2019.0,2.0493,2024,1,5
2024-01-05 12:30:00+00:00,2019.0,2020.0,2019.0,2020.0,0.5284,2024,1,5
2024-01-05 12:35:00+00:00,2019.0,2020.0,2019.0,2020.0,0.1554,2024,1,5
2024-01-05 12:40:00+00:00,2019.0,2019.0,2018.0,2018.0,1.1066,2024,1,5
2024-01-05 12:45:00+00:00,2019.0,2020.0,2018.0,2019.0,2.2856,2024,1,5
2024-01-05 12:50:00+00:00,2018.0,2020.0,2018.0,2020.0,3.1015,2024,1,5
2024-01-05 12:55:00+00:00,2020.0,2020.0,2018.0,2019.0,0.326,2024,1,5
2024-01-05 13:00:00+00:00,2019.0,2020.0,2018.0,2020.0,1.7548,2024,1,5
2024-01-05 13:05:00+00:00,2020.0,2022.0,2020.0,2020.0,2.9834,2024,1,5
2024-01-05 13:10:00+00:00,2022.0,2023.0,2021.0,2021.0,0.3782,2024,1,5
2024-01-05 13:15:00+00:00,2022.0,2022.0,2021.0,2022.0,0.0195,2024,1,5
2024-01-05 13:20:00+00:00,2023.0,2024.0,2022.0,2024.0,0.6872,2024,1,5
2024-01-05 13:25:00+00:00,2022.0,2023.0,2020.0,2022.0,0.8573,2024,1,5
2024-01-05 13:30:00+00:00,2020.0,2020.0,2012.0,2013.0,24.5319,2024,1,5
2024-01-05 13:35:00+00:00,2014.0,2015.0,2011.0,2013.0,6.3669,2024,1,5
2024-01-05 13:40:00+00:00,2013.0,2014.0,2012.0,2014.0,0.2431,2024,1,5
2024-01-05 13:45:00+00:00,2014.0,2016.0,2014.0,2016.0,0.2013,2024,1,5
2024-01-05 13:50:00+00:00,2015.0,2017.0,2013.0,2017.0,2.2855,2024,1,5
2024-01-05 13:55:00+00:00,2017.0,2018.0,2017.0,2018.0,0.2078,2024,1,5
2024-01-05 14:00:00+00:00,2018.0,2019.0,2015.0,2015.0,5.9304,2024,1,5
2024-01-05 14:05:00+00:00,2018.0,2020.0,2018.0,2020.0,1.1391,2024,1,5
2024-01-05 14:10:00+00:00,2020.0,2022.0,2017.0,2018.0,2.39,2024,1,5
2024-01-05 14:15:00+00:00,2018.0,2021.0,2016.0,2021.0,1.2338,2024,1,5
2024-01-05 14:20:00+00:00,2019.0,2021.0,2019.0,2020.0,5.8045,2024,1,5
2024-01-05 14:25:00+00:00,2020.0,2023.0,2018.0,2021.0,18.1402,2024,1,5
2024-01-05 14:30:00+00:00,2020.0,2022.0,2019.0,2021.0,1.761,2024,1,5
2024-01-05 14:35:00+00:00,2021.0,2021.0,2020.0,2021.0,0.3455,2024,1,5
2024-01-05 14:40:00+00:00,2020.0,2021.0,2020.0,2021.0,5.8487,2024,1,5
2024-01-05 14:45:00+00:00,2022.0,2022.0,2021.0,2021.0,2.1086,2024,1,5
2024-01-05 14:50:00+00:00,2021.0,2024.0,2021.0,2024.0,10.4555,2024,1,5
2024-01-05 14:55:00+00:00,2024.0,2025.0,2022.0,2022.0,1.8831,2024,1,5
2024-01-05 15:00:00+00:00,2023.0,2029.0,2023.0,2026.0,43.217,2024,1,5
2024-01-05 15:05:00+00:00,2027.0,2030.0,2027.0,2030.0,8.2371,2024,1,5
2024-01-05 15:10:00+00:00,2030.0,2034.0,2030.0,2033.0,38.7147,2024,1,5
2024-01-05 15:15:00+00:00,2032.0,2035.0,2028.0,2031.0,18.7528,2024,1,5
2024-01-05 15:20:00+00:00,2030.0,2033.0,2028.0,2033.0,4.7569,2024,1,5
2024-01-05 15:25:00+00:00,2032.0,2033.0,2031.0,2031.0,1.7008,2024,1,5
2024-01-05 15:30:00+00:00,2031.0,2034.0,2031.0,2034.0,2.921,2024,1,5
2024-01-05 15:35:00+00:00,2033.0,2034.0,2032.0,2034.0,17.1016,2024,1,5
2024-01-05 15:40:00+00:00,2034.0,2035.0,2033.0,2033.0,5.0246,2024,1,5
2024-01-05 15:45:00+00:00,2033.0,2037.0,2031.0,2036.0,13.2079,2024,1,5
2024-01-05 15:50:00+00:00,2036.0,2036.0,2033.0,2033.0,4.0596,2024,1,5
2024-01-05 15:55:00+00:00,2033.0,2034.0,2031.0,2033.0,0.6693,2024,1,5
2024-01-05 16:00:00+00:00,2033.0,2035.0,2032.0,2034.0,7.2732,2024,1,5
2024-01-05 16:05:00+00:00,2034.0,2037.0,2033.0,2035.0,14.3031,2024,1,5
2024-01-05 16:10:00+00:00,2035.0,2036.0,2034.0,2034.0,3.1297,2024,1,5
2024-01-05 16:15:00+00:00,2034.0,2034.0,2033.0,2033.0,0.2123,2024,1,5
2024-01-05 16:20:00+00:00,2033.0,2034.0,2031.0,2032.0,4.8724,2024,1,5
2024-01-05 16:25:00+00:00,2032.0,2035.0,2032.0,2033.0,5.9256,2024,1,5
2024-01-05 16:30:00+00:00,2033.0,2035.0,2033.0,2035.0,1.5324,2024,1,5
2024-01-05 16:35:00+00:00,2035.0,2035.0,2034.0,2034.0,2.3696,2024,1,5
2024-01-05 16:40:00+00:00,2034.0,2040.0,2034.0,2037.0,15.1695,2024,1,5
2024-01-05 16:45:00+00:00,2037.0,2039.0,2031.0,2033.0,7.0521,2024,1,5
2024-01-05 16:50:00+00:00,2033.0,2035.0,2031.0,2032.0,2.0328,2024,1,5
2024-01-05 16:55:00+00:00,2032.0,2035.0,2028.0,2028.0,12.5113,2024,1,5
2024-01-05 17:00:00+00:00,2028.0,2029.0,2026.0,2029.0,2.8306,2024,1,5
2024-01-05 17:05:00+00:00,2029.0,2030.0,2027.0,2028.0,1.6925,2024,1,5
2024-01-05 17:10:00+00:00,2027.0,2028.0,2014.0,2025.0,27.6129,2024,1,5
2024-01-05 17:15:00+00:00,2025.0,2028.0,2025.0,2026.0,1.7407,2024,1,5
2024-01-05 17:20:00+00:00,2027.0,2030.0,2027.0,2028.0,2.2048,2024,1,5
2024-01-05 17:25:00+00:00,2028.0,2030.0,2027.0,2029.0,1.287,2024,1,5
2024-01-05 17:30:00+00:00,2028.0,2028.0,2025.0,2025.0,2.8067,2024,1,5
2024-01-05 17:35:00+00:00,2024.0,2025.0,2023.0,2025.0,1.8754,2024,1,5
2024-01-05 17:40:00+00:00,2025.0,2025.0,2024.0,2024.0,0.2056,2024,1,5
2024-01-05 17:45:00+00:00,2024.0,2024.0,2019.0,2020.0,1.4582,2024,1,5
2024-01-05 17:50:00+00:00,2022.0,2024.0,2019.0,2021.0,2.7733,2024,1,5
2024-01-05 17:55:00+00:00,2021.0,2023.0,2021.0,2023.0,0.1621,2024,1,5
2024-01-05 18:00:00+00:00,2021.0,2022.0,2021.0,2022.0,1.5439,2024,1,5
2024-01-05 18:05:00+00:00,2021.0,2021.0,2021.0,2021.0,0.8438,2024,1,5
2024-01-05 18:10:00+00:00,2021.0,2022.0,2021.0,2022.0,0.1911,2024,1,5
2024-01-05 18:15:00+00:00,2021.0,2022.0,2021.0,2021.0,1.1834,2024,1,5
2024-01-05 18:20:00+00:00,2022.0,2022.0,2020.0,2021.0,1.15,2024,1,5
2024-01-05 18:25:00+00:00,2021.0,2023.0,2020.0,2023.0,0.5759,2024,1,5
2024-01-05 18:30:00+00:00,2023.0,2023.0,2022.0,2022.0,0.0224,2024,1,5
2024-01-05 18:35:00+00:00,2022.0,2023.0,2021.0,2023.0,1.1641,2024,1,5
2024-01-05 18:40:00+00:00,2023.0,2027.0,2023.0,2024.0,2.6663,2024,1,5
2024-01-05 18:45:00+00:00,2025.0,2025.0,2024.0,2024.0,0.5407,2024,1,5
2024-01-05 18:50:00+00:00,2024.0,2024.0,2022.0,2023.0,2.5143,2024,1,5
2024-01-05 18:55:00+00:00,2022.0,2022.0,2022.0,2022.0,0.2641,2024,1,5
2024-01-05 19:00:00+00:00,2022.0,2023.0,2022.0,2022.0,3.9692,2024,1,5
2024-01-05 19:05:00+00:00,2022.0,2023.0,2022.0,2023.0,2.5328,2024,1,5
2024-01-05 19:10:00+00:00,2023.0,2024.0,2022.0,2024.0,1.8654,2024,1,5
2024-01-05 19:15:00+00:00,2023.0,2025.0,2023.0,2023.0,0.2128,2024,1,5
2024-01-05 19:20:00+00:00,2023.0,2024.0,2023.0,2023.0,0.0339,2024,1,5
2024-01-05 19:25:00+00:00,2024.0,2024.0,2023.0,2023.0,0.0948,2024,1,5
2024-01-05 19:30:00+00:00,2023.0,2024.0,2023.0,2024.0,0.2834,2024,1,5
2024-01-05 19:35:00+00:00,2024.0,2025.0,2023.0,2024.0,3.0005,2024,1,5
2024-01-05 19:40:00+00:00,2024.0,2024.0,2024.0,2024.0,0.2041,2024,1,5
2024-01-05 19:45:00+00:00,2024.0,2025.0,2023.0,2024.0,2.3257,2024,1,5
2024-01-05 19:50:00+00:00,2024.0,2024.0,2022.0,2022.0,1.3979,2024,1,5
2024-01-05 19:55:00+00:00,2023.0,2023.0,2023.0,2023.0,0.0374,2024,1,5
2024-01-05 20:00:00+00:00,2022.0,2023.0,2022.0,2023.0,0.0232,2024,1,5
2024-01-05 20:05:00+00:00,2022.0,2023.0,2022.0,2023.0,0.2756,2024,1,5
2024-01-05 20:10:00+00:00,2023.0,2023.0,2022.0,2022.0,0.6963,2024,1,5
2024-01-05 20:15:00+00:00,2022.0,2022.0,2022.0,2022.0,0.247,2024,1,5
2024-01-05 20:20:00+00:00,2023.0,2026.0,2021.0,2025.0,3.0632,2024,1,5
2024-01-05 20:25:00+00:00,2025.0,2025.0,2022.0,2024.0,2.9698,2024,1,5
2024-01-05 20:30:00+00:00,2024.0,2024.0,2022.0,2022.0,0.1213,2024,1,5
2024-01-05 20:35:00+00:00,2023.0,2023.0,2021.0,2023.0,3.715,2024,1,5
2024-01-05 20:40:00+00:00,2023.0,2023.0,2021.0,2022.0,0.6393,2024,1,5
2024-01-05 20:45:00+00:00,2021.0,2024.0,2021.0,2024.0,3.8695,2024,1,5
2024-01-05 20:50:00+00:00,2024.0,2024.0,2022.0,2024.0,1.012,2024,1,5
2024-01-05 20:55:00+00:00,2024.0,2024.0,2023.0,2023.0,0.5619,2024,1,5
2024-01-05 21:00:00+00:00,2024.0,2024.0,2023.0,2023.0,0.7831,2024,1,5
2024-01-05 21:05:00+00:00,2022.0,2024.0,2022.0,2024.0,0.5229,2024,1,5
2024-01-05 21:10:00+00:00,2023.0,2024.0,2022.0,2024.0,0.2835,2024,1,5
2024-01-05 21:15:00+00:00,2024.0,2024.0,2021.0,2022.0,0.6927,2024,1,5
2024-01-05 21:20:00+00:00,2021.0,2022.0,2020.0,2021.0,1.5635,2024,1,5
2024-01-05 21:25:00+00:00,2020.0,2021.0,2018.0,2019.0,2.9623,2024,1,5
2024-01-05 21:30:00+00:00,2018.0,2019.0,2018.0,2019.0,0.1891,2024,1,5
2024-01-05 21:35:00+00:00,2019.0,2019.0,2018.0,2019.0,0.3681,2024,1,5
2024-01-05 21:40:00+00:00,2019.0,2019.0,2018.0,2019.0,1.0117,2024,1,5
2024-01-05 21:45:00+00:00,2018.0,2020.0,2018.0,2020.0,1.6938,2024,1,5
2024-01-05 21:50:00+00:00,2019.0,2021.0,2019.0,2021.0,1.3184,2024,1,5
2024-01-05 21:55:00+00:00,2020.0,2021.0,2020.0,2021.0,0.4743,2024,1,5
2024-01-05 22:00:00+00:00,2021.0,2021.0,2020.0,2021.0,0.24,2024,1,5
2024-01-05 22:05:00+00:00,2020.0,2021.0,2020.0,2020.0,0.0851,2024,1,5
2024-01-05 22:10:00+00:00,2021.0,2021.0,2020.0,2020.0,0.0345,2024,1,5
2024-01-05 22:15:00+00:00,2021.0,2021.0,2020.0,2020.0,0.0254,2024,1,5
2024-01-05 22:20:00+00:00,2020.0,2021.0,2020.0,2021.0,0.0968,2024,1,5
2024-01-05 22:25:00+00:00,2021.0,2021.0,2020.0,2021.0,0.1824,2024,1,5
2024-01-05 22:30:00+00:00,2019.0,2024.0,2019.0,2021.0,1.9179,2024,1,5
2024-01-05 22:35:00+00:00,2021.0,2022.0,2021.0,2021.0,0.3072,2024,1,5
2024-01-05 22:40:00+00:00,2021.0,2021.0,2021.0,2021.0,0.2609,2024,1,5
2024-01-05 22:45:00+00:00,2021.0,2022.0,2021.0,2022.0,0.1746,2024,1,5
2024-01-05 22:50:00+00:00,2021.0,2021.0,2019.0,2020.0,1.0174,2024,1,5
2024-01-05 22:55:00+00:00,2020.0,2020.0,2019.0,2020.0,1.2594,2024,1,5
2024-01-05 23:00:00+00:00,2020.0,2024.0,2019.0,2024.0,0.7135,2024,1,5
2024-01-05 23:05:00+00:00,2024.0,2025.0,2023.0,2025.0,0.5673,2024,1,5
2024-01-05 23:10:00+00:00,2025.0,2026.0,2025.0,2025.0,1.1553,2024,1,5
2024-01-05 23:15:00+00:00,2025.0,2025.0,2022.0,2023.0,6.1252,2024,1,5
2024-01-05 23:20:00+00:00,2023.0,2023.0,2018.0,2020.0,4.9826,2024,1,5
2024-01-05 23:25:00+00:00,2020.0,2020.0,2020.0,2020.0,0.0366,2024,1,5
2024-01-05 23:30:00+00:00,2019.0,2020.0,2019.0,2020.0,0.0288,2024,1,5
2024-01-05 23:35:00+00:00,2020.0,2020.0,2019.0,2019.0,0.222,2024,1,5
2024-01-05 23:40:00+00:00,2020.0,2020.0,2019.0,2019.0,0.1184,2024,1,5
2024-01-05 23:45:00+00:00,2019.0,2020.0,2019.0,2020.0,0.1438,2024,1,5
2024-01-05 23:50:00+00:00,2019.0,2019.0,2017.0,2018.0,2.0577,2024,1,5
2024-01-05 23:55:00+00:00,2019.0,2021.0,2019.0,2020.0,1.3756,2024,1,5
2024-01-06 00:00:00+00:00,2021.0,2021.0,2020.0,2021.0,0.4299,2024,1,6
2024-01-06 00:05:00+00:00,2021.0,2022.0,2020.0,2021.0,1.3023,2024,1,6
2024-01-06 00:10:00+00:00,2021.0,2021.0,2020.0,2020.0,0.152,2024,1,6
2024-01-06 00:15:00+00:00,2020.0,2020.0,2018.0,2018.0,0.6856,2024,1,6
2024-01-06 00:20:00+00:00,2020.0,2021.0,2018.0,2020.0,1.2324,2024,1,6
2024-01-06 00:25:00+00:00,2019.0,2019.0,2018.0,2018.0,0.1647,2024,1,6
2024-01-06 00:30:00+00:00,2018.0,2019.0,2018.0,2019.0,0.2121,2024,1,6
2024-01-06 00:35:00+00:00,2019.0,2019.0,2018.0,2018.0,0.7382,2024,1,6
2024-01-06 00:40:00+00:00,2018.0,2019.0,2018.0,2019.0,0.0219,2024,1,6
2024-01-06 00:45:00+00:00,2019.0,2019.0,2018.0,2018.0,0.0779,2024,1,6
2024-01-06 00:50:00+00:00,2018.0,2019.0,2018.0,2018.0,0.0108,2024,1,6
2024-01-06 00:55:00+00:00,2019.0,2019.0,2018.0,2019.0,0.1446,2024,1,6
2024-01-06 01:00:00+00:00,2019.0,2019.0,2018.0,2019.0,0.1577,2024,1,6
2024-01-06 01:05:00+00:00,2019.0,2019.0,2018.0,2018.0,0.1211,2024,1,6
2024-01-06 01:10:00+00:00,2019.0,2019.0,2018.0,2018.0,0.0192,2024,1,6
2024-01-06 01:15:00+00:00,2018.0,2018.0,2018.0,2018.0,0.0,2024,1,6
2024-01-06 01:20:00+00:00,2019.0,2019.0,2018.0,2018.0,0.064,2024,1,6
2024-01-06 01:25:00+00:00,2019.0,2019.0,2018.0,2018.0,0.8695,2024,1,6
2024-01-06 01:30:00+00:00,2018.0,2019.0,2018.0,2018.0,0.2168,2024,1,6
2024-01-06 01:35:00+00:00,2018.0,2018.0,2018.0,2018.0,0.1809,2024,1,6
2024-01-06 01:40:00+00:00,2018.0,2019.0,2017.0,2018.0,15.5202,2024,1,6
2024-01-06 01:45:00+00:00,2018.0,2018.0,2016.0,2017.0,0.539,2024,1,6
2024-01-06 01:50:00+00:00,2017.0,2017.0,2016.0,2016.0,0.0493,2024,1,6
2024-01-06 01:55:00+00:00,2016.0,2017.0,2016.0,2017.0,0.281,2024,1,6
2024-01-06 02:00:00+00:00,2016.0,2017.0,2016.0,2016.0,0.0836,2024,1,6
2024-01-06 02:05:00+00:00,2017.0,2018.0,2016.0,2016.0,1.9042,2024,1,6
2024-01-06 02:10:00+00:00,2018.0,2018.0,2017.0,2017.0,0.5454,2024,1,6
2024-01-06 02:15:00+00:00,2017.0,2017.0,2017.0,2017.0,0.0198,2024,1,6
2024-01-06 02:20:00+00:00,2017.0,2017.0,2017.0,2017.0,0.0256,2024,1,6
2024-01-06 02:25:00+00:00,2018.0,2018.0,2018.0,2018.0,0.2262,2024,1,6
2024-01-06 02:30:00+00:00,2018.0,2018.0,2018.0,2018.0,0.0,2024,1,6
2024-01-06 02:35:00+00:00,2017.0,2018.0,2017.0,2017.0,0.144,2024,1,6
2024-01-06 02:40:00+00:00,2017.0,2017.0,2017.0,2017.0,0.0,2024,1,6
2024-01-06 02:45:00+00:00,2018.0,2018.0,2018.0,2018.0,0.0221,2024,1,6
2024-01-06 02:50:00+00:00,2018.0,2018.0,2017.0,2017.0,0.0238,2024,1,6
2024-01-06 02:55:00+00:00,2018.0,2018.0,2017.0,2017.0,0.0309,2024,1,6
2024-01-06 03:00:00+00:00,2017.0,2018.0,2017.0,2018.0,0.3966,2024,1,6
2024-01-06 03:05:00+00:00,2018.0,2020.0,2018.0,2019.0,1.0773,2024,1,6
2024-01-06 03:10:00+00:00,2019.0,2019.0,2018.0,2019.0,0.0245,2024,1,6
2024-01-06 03:15:00+00:00,2019.0,2019.0,2018.0,2019.0,0.0361,2024,1,6
2024-01-06 03:20:00+00:00,2019.0,2019.0,2019.0,2019.0,0.0149,2024,1,6
2024-01-06 03:25:00+00:00,2019.0,2019.0,2018.0,2018.0,0.0902,2024,1,6
2024-01-06 03:30:00+00:00,2018.0,2019.0,2018.0,2019.0,0.0242,2024,1,6
2024-01-06 03:35:00+00:00,2018.0,2018.0,2018.0,2018.0,0.0171,2024,1,6
2024-01-06 03:40:00+00:00,2019.0,2019.0,2018.0,2019.0,0.0843,2024,1,6
2024-01-06 03:45:00+00:00,2019.0,2019.0,2018.0,2018.0,2.9236,2024,1,6
2024-01-06 03:50:00+00:00,2018.0,2019.0,2018.0,2018.0,0.0656,2024,1,6
2024-01-06 03:55:00+00:00,2018.0,2019.0,2018.0,2019.0,0.0762,2024,1,6
2024-01-06 04:00:00+00:00,2018.0,2019.0,2018.0,2019.0,0.1822,2024,1,6
2024-01-06 04:05:00+00:00,2019.0,2019.0,2019.0,2019.0,0.0722,2024,1,6
2024-01-06 04:10:00+00:00,2019.0,2019.0,2019.0,2019.0,0.0452,2024,1,6
2024-01-06 04:15:00+00:00,2019.0,2019.0,2019.0,2019.0,0.1523,2024,1,6
2024-01-06 04:20:00+00:00,2019.0,2020.0,2018.0,2020.0,0.2584,2024,1,6
2024-01-06 04:25:00+00:00,2019.0,2020.0,2019.0,2019.0,0.0862,2024,1,6
2024-01-06 04:30:00+00:00,2020.0,2020.0,2019.0,2019.0,0.5497,2024,1,6
2024-01-06 04:35:00+00:00,2019.0,2019.0,2019.0,2019.0,0.0536,2024,1,6
2024-01-06 04:40:00+00:00,2020.0,2020.0,2019.0,2019.0,0.0264,2024,1,6
2024-01-06 04:45:00+00:00,2019.0,2019.0,2019.0,2019.0,0.1049,2024,1,6
2024-01-06 04:50:00+00:00,2019.0,2020.0,2018.0,2018.0,0.4842,2024,1,6
2024-01-06 04:55:00+00:00,2018.0,2018.0,2018.0,2018.0,0.0613,2024,1,6
2024-01-06 05:00:00+00:00,2018.0,2018.0,2018.0,2018.0,0.1204,2024,1,6
2024-01-06 05:05:00+00:00,2018.0,2019.0,2018.0,2018.0,0.1542,2024,1,6
2024-01-06 05:10:00+00:00,2019.0,2019.0,2018.0,2018.0,0.1674,2024,1,6
2024-01-06 05:15:00+00:00,2018.0,2019.0,2018.0,2018.0,0.1331,2024,1,6
2024-01-06 05:20:00+00:00,2018.0,2019.0,2018.0,2018.0,0.1878,2024,1,6
2024-01-06 05:25:00+00:00,2019.0,2019.0,2018.0,2018.0,0.67,2024,1,6
2024-01-06 05:30:00+00:00,2019.0,2019.0,2018.0,2018.0,0.0969,2024,1,6
2024-01-06 05:35:00+00:00,2018.0,2019.0,2018.0,2019.0,0.1884,2024,1,6
2024-01-06 05:40:00+00:00,2018.0,2018.0,2018.0,2018.0,0.0449,2024,1,6
2024-01-06 05:45:00+00:00,2018.0,2019.0,2018.0,2018.0,0.132,2024,1,6
2024-01-06 05:50:00+00:00,2019.0,2020.0,2017.0,2019.0,6.5861,2024,1,6
2024-01-06 05:55:00+00:00,2020.0,2020.0,2018.0,2019.0,1.4184,2024,1,6
2024-01-06 06:00:00+00:00,2019.0,2020.0,2019.0,2020.0,0.045,2024,1,6
2024-01-06 06:05:00+00:00,2019.0,2020.0,2019.0,2020.0,0.0664,2024,1,6
2024-01-06 06:10:00+00:00,2020.0,2020.0,2018.0,2018.0,0.4294,2024,1,6
2024-01-06 06:15:00+00:00,2019.0,2019.0,2017.0,2017.0,8.027,2024,1,6
2024-01-06 06:20:00+00:00,2018.0,2020.0,2017.0,2018.0,0.7616,2024,1,6
2024-01-06 06:25:00+00:00,2018.0,2018.0,2017.0,2018.0,2.4811,2024,1,6
2024-01-06 06:30:00+00:00,2018.0,2018.0,2017.0,2017.0,0.1944,2024,1,6
2024-01-06 06:35:00+00:00,2017.0,2018.0,2017.0,2018.0,0.7128,2024,1,6
2024-01-06 06:40:00+00:00,2017.0,2018.0,2017.0,2017.0,0.1514,2024,1,6
2024-01-06 06:45:00+00:00,2017.0,2019.0,2017.0,2018.0,1.0838,2024,1,6
2024-01-06 06:50:00+00:00,2018.0,2019.0,2018.0,2018.0,1.0882,2024,1,6
2024-01-06 06:55:00+00:00,2018.0,2019.0,2018.0,2019.0,0.0381,2024,1,6
2024-01-06 07:00:00+00:00,2018.0,2018.0,2018.0,2018.0,0.1987,2024,1,6
2024-01-06 07:05:00+00:00,2018.0,2019.0,2018.0,2018.0,0.371,2024,1,6
2024-01-06 07:10:00+00:00,2019.0,2019.0,2019.0,2019.0,0.0347,2024,1,6
2024-01-06 07:15:00+00:00,2018.0,2018.0,2018.0,2018.0,0.2317,2024,1,6
2024-01-06 07:20:00+00:00,2019.0,2019.0,2018.0,2019.0,0.0515,2024,1,6
2024-01-06 07:25:00+00:00,2019.0,2019.0,2018.0,2018.0,0.0135,2024,1,6
2024-01-06 07:30:00+00:00,2019.0,2019.0,2019.0,2019.0,0.0028,2024,1,6
2024-01-06 07:35:00+00:00,2019.0,2021.0,2018.0,2019.0,3.0027,2024,1,6
2024-01-06 07:40:00+00:00,2020.0,2020.0,2019.0,2019.0,1.4692,2024,1,6
2024-01-06 07:45:00+00:00,2019.0,2019.0,2018.0,2018.0,0.1742,2024,1,6
2024-01-06 07:50:00+00:00,2018.0,2021.0,2018.0,2019.0,0.8366,2024,1,6
2024-01-06 07:55:00+00:00,2020.0,2020.0,2018.0,2018.0,2.1387,2024,1,6
2024-01-06 08:00:00+00:00,2018.0,2019.0,2017.0,2017.0,4.9498,2024,1,6
2024-01-06 08:05:00+00:00,2017.0,2018.0,2017.0,2017.0,5.5855,2024,1,6
2024-01-06 08:10:00+00:00,2017.0,2019.0,2017.0,2019.0,6.6637,2024,1,6
2024-01-06 08:15:00+00:00,2017.0,2020.0,2017.0,2019.0,1.2122,2024,1,6
2024-01-06 08:20:00+00:00,2020.0,2020.0,2019.0,2019.0,0.2426,2024,1,6
2024-01-06 08:25:00+00:00,2020.0,2021.0,2019.0,2020.0,1.7298,2024,1,6
2024-01-06 08:30:00+00:00,2019.0,2020.0,2019.0,2020.0,0.3227,2024,1,6
2024-01-06 08:35:00+00:00,2019.0,2021.0,2019.0,2021.0,0.392,2024,1,6
2024-01-06 08:40:00+00:00,2021.0,2021.0,2020.0,2021.0,0.0299,2024,1,6
2024-01-06 08:45:00+00:00,2020.0,2021.0,2020.0,2021.0,0.0605,2024,1,6
2024-01-06 08:50:00+00:00,2021.0,2021.0,2019.0,2019.0,2.7601,2024,1,6
2024-01-06 08:55:00+00:00,2019.0,2020.0,2017.0,2017.0,4.4739,2024,1,6
2024-01-06 09:00:00+00:00,2017.0,2018.0,2017.0,2017.0,0.2664,2024,1,6
2024-01-06 09:05:00+00:00,2018.0,2020.0,2018.0,2020.0,1.9134,2024,1,6
2024-01-06 09:10:00+00:00,2020.0,2020.0,2018.0,2019.0,0.0598,2024,1,6
2024-01-06 09:15:00+00:00,2018.0,2020.0,2018.0,2020.0,2.001,2024,1,6
2024-01-06 09:20:00+00:00,2019.0,2020.0,2019.0,2020.0,0.1484,2024,1,6
2024-01-06 09:25:00+00:00,2019.0,2020.0,2019.0,2019.0,0.2816,2024,1,6
2024-01-06 09:30:00+00:00,2020.0,2020.0,2019.0,2019.0,0.0305,2024,1,6
2024-01-06 09:35:00+00:00,2019.0,2020.0,2019.0,2020.0,0.1122,2024,1,6
2024-01-06 09:40:00+00:00,2020.0,2020.0,2019.0,2020.0,0.0134,2024,1,6
2024-01-06 09:45:00+00:00,2019.0,2019.0,2018.0,2019.0,1.2524,2024,1,6
2024-01-06 09:50:00+00:00,2020.0,2020.0,2018.0,2020.0,0.0665,2024,1,6
2024-01-06 09:55:00+00:00,2019.0,2020.0,2019.0,2020.0,0.2336,2024,1,6
2024-01-06 10:00:00+00:00,2018.0,2018.0,2018.0,2018.0,0.0206,2024,1,6
2024-01-06 10:05:00+00:00,2020.0,2020.0,2018.0,2020.0,0.165,2024,1,6
2024-01-06 10:10:00+00:00,2020.0,2020.0,2018.0,2020.0,0.1847,2024,1,6
2024-01-06 10:15:00+00:00,2018.0,2020.0,2018.0,2020.0,0.0607,2024,1,6
2024-01-06 10:20:00+00:00,2020.0,2020.0,2020.0,2020.0,0.0,2024,1,6
2024-01-06 10:25:00+00:00,2020.0,2020.0,2020.0,2020.0,0.0179,2024,1,6
2024-01-06 10:30:00+00:00,2018.0,2019.0,2018.0,2019.0,0.0479,2024,1,6
2024-01-06 10:35:00+00:00,2018.0,2018.0,2018.0,2018.0,0.0352,2024,1,6
2024-01-06 10:40:00+00:00,2019.0,2020.0,2018.0,2020.0,0.1636,2024,1,6
2024-01-06 10:45:00+00:00,2019.0,2019.0,2019.0,2019.0,0.0289,2024,1,6
2024-01-06 10:50:00+00:00,2020.0,2020.0,2019.0,2020.0,0.2716,2024,1,6
2024-01-06 10:55:00+00:00,2019.0,2020.0,2019.0,2019.0,0.0425,2024,1,6
2024-01-06 11:00:00+00:00,2019.0,2019.0,2019.0,2019.0,0.0285,2024,1,6
2024-01-06 11:05:00+00:00,2019.0,2020.0,2019.0,2020.0,0.0375,2024,1,6
2024-01-06 11:10:00+00:00,2019.0,2021.0,2019.0,2020.0,1.3571,2024,1,6
2024-01-06 11:15:00+00:00,2019.0,2019.0,2018.0,2018.0,1.2144,2024,1,6
2024-01-06 11:20:00+00:00,2018.0,2020.0,2018.0,2019.0,0.2572,2024,1,6
2024-01-06 11:25:00+00:00,2019.0,2020.0,2019.0,2020.0,0.4176,2024,1,6
2024-01-06 11:30:00+00:00,2021.0,2021.0,2020.0,2020.0,0.0941,2024,1,6
2024-01-06 11:35:00+00:00,2020.0,2020.0,2019.0,2020.0,2.5742,2024,1,6
2024-01-06 11:40:00+00:00,2020.0,2020.0,2019.0,2019.0,0.3553,2024,1,6
2024-01-06 11:45:00+00:00,2020.0,2020.0,2018.0,2018.0,3.009,2024,1,6
2024-01-06 11:50:00+00:00,2019.0,2019.0,2019.0,2019.0,0.1708,2024,1,6
2024-01-06 11:55:00+00:00,2020.0,2020.0,2019.0,2020.0,0.36,2024,1,6
2024-01-06 12:00:00+00:00,2020.0,2021.0,2020.0,2020.0,0.2549,2024,1,6
2024-01-06 12:05:00+00:00,2020.0,2020.0,2019.0,2020.0,0.0725,2024,1,6
2024-01-06 12:10:00+00:00,2019.0,2019.0,2018.0,2018.0,1.5339,2024,1,6
2024-01-06 12:15:00+00:00,2018.0,2019.0,2018.0,2019.0,0.3841,2024,1,6
2024-01-06 12:20:00+00:00,2019.0,2019.0,2018.0,2018.0,0.7841,2024,1,6
2024-01-06 12:25:00+00:00,2018.0,2019.0,2017.0,2018.0,0.1749,2024,1,6
2024-01-06 12:30:00+00:00,2019.0,2019.0,2018.0,2019.0,0.0756,2024,1,6
2024-01-06 12:35:00+00:00,2018.0,2019.0,2018.0,2018.0,0.2303,2024,1,6
2024-01-06 12:40:00+00:00,2019.0,2019.0,2018.0,2018.0,0.1068,2024,1,6
2024-01-06 12:45:00+00:00,2019.0,2019.0,2017.0,2019.0,0.5361,2024,1,6
2024-01-06 12:50:00+00:00,2018.0,2018.0,2017.0,2018.0,0.0796,2024,1,6
2024-01-06 12:55:00+00:00,2019.0,2019.0,2018.0,2018.0,0.0551,2024,1,6
2024-01-06 13:00:00+00:00,2018.0,2019.0,2017.0,2019.0,7.8088,2024,1,6
2024-01-06 13:05:00+00:00,2018.0,2019.0,2017.0,2019.0,0.2137,2024,1,6
2024-01-06 13:10:00+00:00,2019.0,2019.0,2016.0,2018.0,2.6309,2024,1,6
2024-01-06 13:15:00+00:00,2016.0,2017.0,2016.0,2016.0,1.0905,2024,1,6
2024-01-06 13:20:00+00:00,2016.0,2017.0,2016.0,2016.0,1.2304,2024,1,6
2024-01-06 13:25:00+00:00,2017.0,2017.0,2017.0,2017.0,0.0062,2024,1,6
2024-01-06 13:30:00+00:00,2017.0,2017.0,2016.0,2017.0,0.4205,2024,1,6
2024-01-06 13:35:00+00:00,2016.0,2017.0,2016.0,2017.0,0.0882,2024,1,6
2024-01-06 13:40:00+00:00,2017.0,2017.0,2017.0,2017.0,0.2604,2024,1,6
2024-01-06 13:45:00+00:00,2018.0,2018.0,2018.0,2018.0,0.1835,2024,1,6
2024-01-06 13:50:00+00:00,2018.0,2018.0,2018.0,2018.0,0.0,2024,1,6
2024-01-06 13:55:00+00:00,2019.0,2019.0,2018.0,2019.0,0.2489,2024,1,6
2024-01-06 14:00:00+00:00,2018.0,2019.0,2018.0,2018.0,0.2259,2024,1,6
2024-01-06 14:05:00+00:00,2019.0,2020.0,2019.0,2020.0,0.4637,2024,1,6
2024-01-06 14:10:00+00:00,2020.0,2020.0,2019.0,2020.0,0.0174,2024,1,6
2024-01-06 14:15:00+00:00,2020.0,2021.0,2020.0,2021.0,0.1982,2024,1,6
2024-01-06 14:20:00+00:00,2021.0,2022.0,2020.0,2022.0,2.448,2024,1,6
2024-01-06 14:25:00+00:00,2022.0,2022.0,2021.0,2021.0,0.8336,2024,1,6
2024-01-06 14:30:00+00:00,2022.0,2022.0,2021.0,2022.0,0.3775,2024,1,6
2024-01-06 14:35:00+00:00,2021.0,2022.0,2021.0,2022.0,0.1908,2024,1,6
2024-01-06 14:40:00+00:00,2022.0,2022.0,2020.0,2021.0,1.8424,2024,1,6
2024-01-06 14:45:00+00:00,2021.0,2021.0,2021.0,2021.0,0.0781,2024,1,6
2024-01-06 14:50:00+00:00,2021.0,2022.0,2021.0,2022.0,0.1296,2024,1,6
2024-01-06 14:55:00+00:00,2021.0,2021.0,2021.0,2021.0,0.0273,2024,1,6
2024-01-06 15:00:00+00:00,2021.0,2022.0,2021.0,2021.0,0.1001,2024,1,6
2024-01-06 15:05:00+00:00,2022.0,2022.0,2021.0,2022.0,1.077,2024,1,6
2024-01-06 15:10:00+00:00,2022.0,2022.0,2021.0,2022.0,0.219,2024,1,6
2024-01-06 15:15:00+00:00,2021.0,2021.0,2004.0,2012.0,181.8632,2024,1,6
2024-01-06 15:20:00+00:00,2012.0,2014.0,2012.0,2014.0,0.7838,2024,1,6
2024-01-06 15:25:00+00:00,2014.0,2016.0,2014.0,2016.0,0.5802,2024,1,6
2024-01-06 15:30:00+00:00,2016.0,2016.0,2015.0,2016.0,0.1773,2024,1,6
2024-01-06 15:35:00+00:00,2016.0,2016.0,2015.0,2015.0,0.1404,2024,1,6
2024-01-06 15:40:00+00:00,2015.0,2015.0,2014.0,2015.0,3.2769,2024,1,6
2024-01-06 15:45:00+00:00,2015.0,2015.0,2014.0,2015.0,0.1572,2024,1,6
2024-01-06 15:50:00+00:00,2015.0,2015.0,2014.0,2015.0,0.0306,2024,1,6
2024-01-06 15:55:00+00:00,2015.0,2015.0,2015.0,2015.0,0.0,2024,1,6
2024-01-06 16:00:00+00:00,2015.0,2015.0,2014.0,2014.0,0.3446,2024,1,6
2024-01-06 16:05:00+00:00,2015.0,2016.0,2014.0,2016.0,0.6083,2024,1,6
2024-01-06 16:10:00+00:00,2016.0,2018.0,2015.0,2018.0,1.453,2024,1,6
2024-01-06 16:15:00+00:00,2016.0,2018.0,2016.0,2018.0,0.6771,2024,1,6
2024-01-06 16:20:00+00:00,2016.0,2016.0,2016.0,2016.0,0.0153,2024,1,6
2024-01-06 16:25:00+00:00,2017.0,2017.0,2016.0,2016.0,0.9167,2024,1,6
2024-01-06 16:30:00+00:00,2016.0,2017.0,2014.0,2015.0,2.8975,2024,1,6
2024-01-06 16:35:00+00:00,2015.0,2015.0,2014.0,2015.0,0.0171,2024,1,6
2024-01-06 16:40:00+00:00,2015.0,2015.0,2014.0,2014.0,0.0772,2024,1,6
2024-01-06 16:45:00+00:00,2015.0,2015.0,2014.0,2015.0,3.1618,2024,1,6
2024-01-06 16:50:00+00:00,2015.0,2016.0,2015.0,2016.0,0.0358,2024,1,6
2024-01-06 16:55:00+00:00,2015.0,2021.0,2015.0,2016.0,17.3435,2024,1,6
2024-01-06 17:00:00+00:00,2017.0,2017.0,2017.0,2017.0,0.0187,2024,1,6
2024-01-06 17:05:00+00:00,2016.0,2016.0,2016.0,2016.0,0.0605,2024,1,6
2024-01-06 17:10:00+00:00,2017.0,2017.0,2016.0,2017.0,0.0876,2024,1,6
2024-01-06 17:15:00+00:00,2016.0,2017.0,2016.0,2016.0,0.0763,2024,1,6
2024-01-06 17:20:00+00:00,2016.0,2016.0,2016.0,2016.0,0.3578,2024,1,6
2024-01-06 17:25:00+00:00,2017.0,2017.0,2016.0,2017.0,0.0853,2024,1,6
2024-01-06 17:30:00+00:00,2017.0,2017.0,2017.0,2017.0,0.0173,2024,1,6
2024-01-06 17:35:00+00:00,2016.0,2017.0,2016.0,2016.0,1.0464,2024,1,6
2024-01-06 17:40:00+00:00,2017.0,2017.0,2016.0,2016.0,0.0323,2024,1,6
2024-01-06 17:45:00+00:00,2017.0,2020.0,2016.0,2020.0,1.8218,2024,1,6
2024-01-06 17:50:00+00:00,2018.0,2018.0,2018.0,2018.0,0.0915,2024,1,6
2024-01-06 17:55:00+00:00,2018.0,2018.0,2017.0,2017.0,0.929,2024,1,6
2024-01-06 18:00:00+00:00,2017.0,2017.0,2015.0,2017.0,2.1382,2024,1,6
2024-01-06 18:05:00+00:00,2016.0,2016.0,2015.0,2016.0,0.5489,2024,1,6
2024-01-06 18:10:00+00:00,2016.0,2016.0,2016.0,2016.0,0.0154,2024,1,6
2024-01-06 18:15:00+00:00,2015.0,2016.0,2015.0,2015.0,0.315,2024,1,6
2024-01-06 18:20:00+00:00,2016.0,2016.0,2015.0,2016.0,0.1413,2024,1,6
2024-01-06 18:25:00+00:00,2015.0,2016.0,2015.0,2016.0,0.4344,2024,1,6
2024-01-06 18:30:00+00:00,2016.0,2016.0,2015.0,2016.0,0.1843,2024,1,6
2024-01-06 18:35:00+00:00,2016.0,2016.0,2016.0,2016.0,0.0,2024,1,6
2024-01-06 18:40:00+00:00,2016.0,2016.0,2015.0,2015.0,0.0756,2024,1,6
2024-01-06 18:45:00+00:00,2016.0,2016.0,2015.0,2015.0,0.1668,2024,1,6
2024-01-06 18:50:00+00:00,2016.0,2016.0,2016.0,2016.0,0.0866,2024,1,6
2024-01-06 18:55:00+00:00,2015.0,2016.0,2015.0,2016.0,0.3756,2024,1,6
2024-01-06 19:00:00+00:00,2015.0,2015.0,2015.0,2015.0,0.1554,2024,1,6
2024-01-06 19:05:00+00:00,2015.0,2019.0,2014.0,2016.0,18.0112,2024,1,6
2024-01-06 19:10:00+00:00,2016.0,2016.0,2015.0,2016.0,0.0348,2024,1,6
2024-01-06 19:15:00+00:00,2015.0,2015.0,2014.0,2014.0,0.4147,2024,1,6
2024-01-06 19:20:00+00:00,2014.0,2014.0,2013.0,2014.0,0.1827,2024,1,6
2024-01-06 19:25:00+00:00,2014.0,2014.0,2014.0,2014.0,0.0065,2024,1,6
2024-01-06 19:30:00+00:00,2013.0,2014.0,2013.0,2013.0,0.0582,2024,1,6
2024-01-06 19:35:00+00:00,2013.0,2014.0,2013.0,2013.0,1.2723,2024,1,6
2024-01-06 19:40:00+00:00,2013.0,2014.0,2013.0,2014.0,0.3217,2024,1,6
2024-01-06 19:45:00+00:00,2014.0,2014.0,2013.0,2013.0,0.0222,2024,1,6
2024-01-06 19:50:00+00:00,2014.0,2014.0,2012.0,2012.0,1.742,2024,1,6
2024-01-06 19:55:00+00:00,2013.0,2013.0,2013.0,2013.0,0.0042,2024,1,6
2024-01-06 20:00:00+00:00,2013.0,2013.0,2012.0,2013.0,0.1878,2024,1,6
2024-01-06 20:05:00+00:00,2014.0,2014.0,2013.0,2014.0,0.2173,2024,1,6
2024-01-06 20:10:00+00:00,2014.0,2014.0,2011.0,2011.0,0.4265,2024,1,6
2024-01-06 20:15:00+00:00,2011.0,2011.0,2011.0,2011.0,0.0,2024,1,6
2024-01-06 20:20:00+00:00,2012.0,2013.0,2012.0,2013.0,1.9878,2024,1,6
2024-01-06 20:25:00+00:00,2013.0,2013.0,2012.0,2013.0,0.1287,2024,1,6
2024-01-06 20:30:00+00:00,2013.0,2013.0,2012.0,2012.0,0.0561,2024,1,6
2024-01-06 20:35:00+00:00,2013.0,2013.0,2012.0,2012.0,0.2557,2024,1,6
2024-01-06 20:40:00+00:00,2013.0,2015.0,2013.0,2015.0,1.4173,2024,1,6
2024-01-06 20:45:00+00:00,2014.0,2015.0,2014.0,2015.0,2.2873,2024,1,6
2024-01-06 20:50:00+00:00,2015.0,2016.0,2015.0,2016.0,0.7936,2024,1,6
2024-01-06 20:55:00+00:00,2016.0,2018.0,2016.0,2018.0,0.0348,2024,1,6
2024-01-06 21:00:00+00:00,2016.0,2021.0,2016.0,2017.0,7.7495,2024,1,6
2024-01-06 21:05:00+00:00,2016.0,2017.0,2016.0,2017.0,0.7972,2024,1,6
2024-01-06 21:10:00+00:00,2017.0,2017.0,2017.0,2017.0,0.0375,2024,1,6
2024-01-06 21:15:00+00:00,2017.0,2017.0,2016.0,2016.0,0.0656,2024,1,6
2024-01-06 21:20:00+00:00,2017.0,2017.0,2017.0,2017.0,0.3236,2024,1,6
2024-01-06 21:25:00+00:00,2017.0,2018.0,2017.0,2017.0,0.1752,2024,1,6
2024-01-06 21:30:00+00:00,2018.0,2018.0,2018.0,2018.0,0.0953,2024,1,6
2024-01-06 21:35:00+00:00,2017.0,2017.0,2016.0,2017.0,0.3848,2024,1,6
2024-01-06 21:40:00+00:00,2017.0,2017.0,2016.0,2017.0,0.307,2024,1,6
2024-01-06 21:45:00+00:00,2016.0,2020.0,2015.0,2018.0,1.5793,2024,1,6
2024-01-06 21:50:00+00:00,2018.0,2018.0,2018.0,2018.0,0.113,2024,1,6
2024-01-06 21:55:00+00:00,2018.0,2019.0,2018.0,2018.0,0.2071,2024,1,6
2024-01-06 22:00:00+00:00,2018.0,2019.0,2018.0,2019.0,0.2797,2024,1,6
2024-01-06 22:05:00+00:00,2018.0,2019.0,2018.0,2019.0,0.1724,2024,1,6
2024-01-06 22:10:00+00:00,2018.0,2018.0,2017.0,2018.0,0.3156,2024,1,6
2024-01-06 22:15:00+00:00,2017.0,2017.0,2017.0,2017.0,0.1002,2024,1,6
2024-01-06 22:20:00+00:00,2018.0,2018.0,2017.0,2017.0,0.1161,2024,1,6
2024-01-06 22:25:00+00:00,2017.0,2018.0,2016.0,2017.0,0.0846,2024,1,6
2024-01-06 22:30:00+00:00,2018.0,2018.0,2013.0,2013.0,2.0567,2024,1,6
2024-01-06 22:35:00+00:00,2014.0,2016.0,2014.0,2016.0,0.515,2024,1,6
2024-01-06 22:40:00+00:00,2016.0,2016.0,2016.0,2016.0,0.0137,2024,1,6
2024-01-06 22:45:00+00:00,2016.0,2016.0,2016.0,2016.0,0.0,2024,1,6
2024-01-06 22:50:00+00:00,2016.0,2016.0,2015.0,2016.0,0.0244,2024,1,6
2024-01-06 22:55:00+00:00,2016.0,2017.0,2015.0,2016.0,1.0217,2024,1,6
2024-01-06 23:00:00+00:00,2016.0,2016.0,2015.0,2015.0,0.032,2024,1,6
2024-01-06 23:05:00+00:00,2015.0,2016.0,2015.0,2016.0,0.2503,2024,1,6
2024-01-06 23:10:00+00:00,2016.0,2016.0,2015.0,2015.0,0.1614,2024,1,6
2024-01-06 23:15:00+00:00,2015.0,2015.0,2015.0,2015.0,0.0181,2024,1,6
2024-01-06 23:20:00+00:00,2017.0,2017.0,2017.0,2017.0,0.0698,2024,1,6
2024-01-06 23:25:00+00:00,2017.0,2017.0,2017.0,2017.0,0.0,2024,1,6
2024-01-06 23:30:00+00:00,2017.0,2017.0,2017.0,2017.0,0.0,2024,1,6
2024-01-06 23:35:00+00:00,2016.0,2017.0,2016.0,2017.0,0.2408,2024,1,6
2024-01-06 23:40:00+00:00,2016.0,2017.0,2016.0,2016.0,0.0651,2024,1,6
2024-01-06 23:45:00+00:00,2017.0,2017.0,2017.0,2017.0,0.0057,2024,1,6
2024-01-06 23:50:00+00:00,2016.0,2016.0,2016.0,2016.0,0.0978,2024,1,6
2024-01-06 23:55:00+00:00,2017.0,2017.0,2015.0,2016.0,0.8848,2024,1,6
2024-01-07 00:00:00+00:00,2017.0,2018.0,2016.0,2018.0,1.0063,2024,1,7
2024-01-07 00:05:00+00:00,2017.0,2017.0,2017.0,2017.0,0.0051,2024,1,7
2024-01-07 00:10:00+00:00,2018.0,2018.0,2017.0,2018.0,0.039,2024,1,7
2024-01-07 00:15:00+00:00,2017.0,2019.0,2017.0,2019.0,0.256,2024,1,7
2024-01-07 00:20:00+00:00,2020.0,2020.0,2019.0,2019.0,0.0268,2024,1,7
2024-01-07 00:25:00+00:00,2019.0,2019.0,2019.0,2019.0,0.3189,2024,1,7
2024-01-07 00:30:00+00:00,2019.0,2019.0,2019.0,2019.0,0.4633,2024,1,7
2024-01-07 00:35:00+00:00,2020.0,2020.0,2020.0,2020.0,0.0083,2024,1,7
2024-01-07 00:40:00+00:00,2020.0,2020.0,2019.0,2019.0,0.4659,2024,1,7
2024-01-07 00:45:00+00:00,2019.0,2021.0,2019.0,2021.0,6.1061,2024,1,7
2024-01-07 00:50:00+00:00,2021.0,2021.0,2020.0,2021.0,1.5482,2024,1,7
2024-01-07 00:55:00+00:00,2020.0,2021.0,2020.0,2021.0,0.0185,2024,1,7
2024-01-07 01:00:00+00:00,2020.0,2020.0,2020.0,2020.0,0.0457,2024,1,7
2024-01-07 01:05:00+00:00,2021.0,2021.0,2021.0,2021.0,0.0047,2024,1,7
2024-01-07 01:10:00+00:00,2021.0,2021.0,2021.0,2021.0,0.026,2024,1,7
2024-01-07 01:15:00+00:00,2021.0,2021.0,2020.0,2020.0,0.023,2024,1,7
2024-01-07 01:20:00+00:00,2020.0,2020.0,2020.0,2020.0,0.0168,2024,1,7
2024-01-07 01:25:00+00:00,2020.0,2021.0,2015.0,2015.0,6.7278,2024,1,7
2024-01-07 01:30:00+00:00,2019.0,2019.0,2018.0,2018.0,0.1249,2024,1,7
2024-01-07 01:35:00+00:00,2018.0,2018.0,2018.0,2018.0,0.0184,2024,1,7
2024-01-07 01:40:00+00:00,2017.0,2018.0,2016.0,2016.0,0.2776,2024,1,7
2024-01-07 01:45:00+00:00,2016.0,2017.0,2016.0,2016.0,1.1322,2024,1,7
2024-01-07 01:50:00+00:00,2017.0,2017.0,2017.0,2017.0,0.0327,2024,1,7
2024-01-07 01:55:00+00:00,2016.0,2016.0,2016.0,2016.0,0.2609,2024,1,7
2024-01-07 02:00:00+00:00,2016.0,2017.0,2016.0,2016.0,0.1143,2024,1,7
2024-01-07 02:05:00+00:00,2015.0,2016.0,2014.0,2014.0,0.1584,2024,1,7
2024-01-07 02:10:00+00:00,2016.0,2016.0,2015.0,2015.0,0.1595,2024,1,7
2024-01-07 02:15:00+00:00,2015.0,2016.0,2015.0,2016.0,0.0505,2024,1,7
2024-01-07 02:20:00+00:00,2015.0,2016.0,2015.0,2016.0,0.0182,2024,1,7
2024-01-07 02:25:00+00:00,2016.0,2016.0,2015.0,2016.0,0.0405,2024,1,7
2024-01-07 02:30:00+00:00,2016.0,2016.0,2015.0,2015.0,0.0286,2024,1,7
2024-01-07 02:35:00+00:00,2016.0,2016.0,2014.0,2014.0,0.0745,2024,1,7
2024-01-07 02:40:00+00:00,2015.0,2015.0,2015.0,2015.0,0.0064,2024,1,7
2024-01-07 02:45:00+00:00,2015.0,2015.0,2014.0,2015.0,1.7403,2024,1,7
2024-01-07 02:50:00+00:00,2014.0,2015.0,2014.0,2015.0,0.0241,2024,1,7
2024-01-07 02:55:00+00:00,2014.0,2015.0,2014.0,2014.0,0.1094,2024,1,7
2024-01-07 03:00:00+00:00,2014.0,2015.0,2014.0,2015.0,0.1331,2024,1,7
2024-01-07 03:05:00+00:00,2015.0,2015.0,2015.0,2015.0,0.0046,2024,1,7
2024-01-07 03:10:00+00:00,2015.0,2016.0,2015.0,2016.0,0.3332,2024,1,7
2024-01-07 03:15:00+00:00,2016.0,2017.0,2016.0,2017.0,1.076,2024,1,7
2024-01-07 03:20:00+00:00,2017.0,2017.0,2017.0,2017.0,0.0099,2024,1,7
2024-01-07 03:25:00+00:00,2016.0,2017.0,2016.0,2016.0,0.0322,2024,1,7
2024-01-07 03:30:00+00:00,2017.0,2017.0,2016.0,2016.0,0.2513,2024,1,7
2024-01-07 03:35:00+00:00,2016.0,2017.0,2016.0,2016.0,0.0875,2024,1,7
2024-01-07 03:40:00+00:00,2017.0,2017.0,2016.0,2016.0,0.0223,2024,1,7
2024-01-07 03:45:00+00:00,2017.0,2017.0,2016.0,2017.0,0.2382,2024,1,7
2024-01-07 03:50:00+00:00,2016.0,2016.0,2016.0,2016.0,0.0148,2024,1,7
2024-01-07 03:55:00+00:00,2017.0,2017.0,2017.0,2017.0,0.0063,2024,1,7
2024-01-07 04:00:00+00:00,2016.0,2017.0,2016.0,2017.0,0.2129,2024,1,7
2024-01-07 04:05:00+00:00,2017.0,2017.0,2016.0,2016.0,0.045,2024,1,7
2024-01-07 04:10:00+00:00,2016.0,2017.0,2016.0,2016.0,0.0697,2024,1,7
2024-01-07 04:15:00+00:00,2016.0,2017.0,2016.0,2017.0,0.034,2024,1,7
2024-01-07 04:20:00+00:00,2017.0,2017.0,2017.0,2017.0,0.0557,2024,1,7
2024-01-07 04:25:00+00:00,2017.0,2017.0,2016.0,2016.0,0.0134,2024,1,7
2024-01-07 04:30:00+00:00,2017.0,2017.0,2017.0,2017.0,0.0332,2024,1,7
2024-01-07 04:35:00+00:00,2017.0,2017.0,2016.0,2017.0,0.0233,2024,1,7
2024-01-07 04:40:00+00:00,2017.0,2017.0,2016.0,2016.0,0.7574,2024,1,7
2024-01-07 04:45:00+00:00,2017.0,2017.0,2017.0,2017.0,0.0108,2024,1,7
2024-01-07 04:50:00+00:00,2016.0,2017.0,2016.0,2016.0,0.096,2024,1,7
2024-01-07 04:55:00+00:00,2016.0,2017.0,2016.0,2016.0,0.0523,2024,1,7
2024-01-07 05:00:00+00:00,2016.0,2017.0,2016.0,2016.0,0.1269,2024,1,7
2024-01-07 05:05:00+00:00,2017.0,2017.0,2016.0,2017.0,0.1426,2024,1,7
2024-01-07 05:10:00+00:00,2017.0,2017.0,2016.0,2017.0,0.0401,2024,1,7
2024-01-07 05:15:00+00:00,2017.0,2017.0,2017.0,2017.0,0.0143,2024,1,7
2024-01-07 05:20:00+00:00,2017.0,2017.0,2017.0,2017.0,0.0,2024,1,7
2024-01-07 05:25:00+00:00,2016.0,2016.0,2016.0,2016.0,0.0603,2024,1,7
2024-01-07 05:30:00+00:00,2016.0,2016.0,2016.0,2016.0,0.0072,2024,1,7
2024-01-07 05:35:00+00:00,2016.0,2017.0,2016.0,2016.0,0.0876,2024,1,7
2024-01-07 05:40:00+00:00,2017.0,2017.0,2016.0,2017.0,0.0752,2024,1,7
2024-01-07 05:45:00+00:00,2016.0,2017.0,2016.0,2016.0,0.084,2024,1,7
2024-01-07 05:50:00+00:00,2017.0,2017.0,2017.0,2017.0,0.0279,2024,1,7
2024-01-07 05:55:00+00:00,2016.0,2016.0,2016.0,2016.0,0.0673,2024,1,7
2024-01-07 06:00:00+00:00,2016.0,2017.0,2016.0,2017.0,0.0332,2024,1,7
2024-01-07 06:05:00+00:00,2017.0,2017.0,2017.0,2017.0,0.0077,2024,1,7
2024-01-07 06:10:00+00:00,2016.0,2016.0,2014.0,2015.0,2.497,2024,1,7
2024-01-07 06:15:00+00:00,2015.0,2016.0,2015.0,2015.0,0.0221,2024,1,7
2024-01-07 06:20:00+00:00,2016.0,2016.0,2016.0,2016.0,0.21,2024,1,7
2024-01-07 06:25:00+00:00,2016.0,2018.0,2016.0,2018.0,0.8693,2024,1,7
2024-01-07 06:30:00+00:00,2017.0,2018.0,2017.0,2018.0,0.0564,2024,1,7
2024-01-07 06:35:00+00:00,2017.0,2018.0,2017.0,2018.0,0.0674,2024,1,7
2024-01-07 06:40:00+00:00,2017.0,2018.0,2017.0,2017.0,0.0344,2024,1,7
2024-01-07 06:45:00+00:00,2018.0,2018.0,2017.0,2017.0,0.0348,2024,1,7
2024-01-07 06:50:00+00:00,2018.0,2018.0,2013.0,2013.0,1.3984,2024,1,7
2024-01-07 06:55:00+00:00,2017.0,2017.0,2016.0,2016.0,0.036,2024,1,7
2024-01-07 07:00:00+00:00,2016.0,2016.0,2016.0,2016.0,0.0206,2024,1,7
2024-01-07 07:05:00+00:00,2017.0,2017.0,2017.0,2017.0,0.0225,2024,1,7
2024-01-07 07:10:00+00:00,2017.0,2017.0,2016.0,2017.0,0.073,2024,1,7
2024-01-07 07:15:00+00:00,2017.0,2017.0,2016.0,2016.0,0.0141,2024,1,7
2024-01-07 07:20:00+00:00,2016.0,2017.0,2016.0,2016.0,0.036,2024,1,7
2024-01-07 07:25:00+00:00,2015.0,2015.0,2015.0,2015.0,0.0058,2024,1,7
2024-01-07 07:30:00+00:00,2016.0,2016.0,2016.0,2016.0,0.1457,2024,1,7
2024-01-07 07:35:00+00:00,2016.0,2018.0,2016.0,2017.0,1.4852,2024,1,7
2024-01-07 07:40:00+00:00,2018.0,2018.0,2016.0,2016.0,0.7886,2024,1,7
2024-01-07 07:45:00+00:00,2017.0,2017.0,2015.0,2015.0,0.4523,2024,1,7
2024-01-07 07:50:00+00:00,2015.0,2015.0,2013.0,2015.0,0.7914,2024,1,7
2024-01-07 07:55:00+00:00,2015.0,2015.0,2014.0,2014.0,0.0625,2024,1,7
2024-01-07 08:00:00+00:00,2014.0,2015.0,2013.0,2014.0,0.7512,2024,1,7
2024-01-07 08:05:00+00:00,2013.0,2014.0,2012.0,2013.0,0.4208,2024,1,7
2024-01-07 08:10:00+00:00,2012.0,2014.0,2012.0,2012.0,1.0316,2024,1,7
2024-01-07 08:15:00+00:00,2014.0,2014.0,2014.0,2014.0,0.1078,2024,1,7
2024-01-07 08:20:00+00:00,2014.0,2014.0,2013.0,2014.0,0.0917,2024,1,7
2024-01-07 08:25:00+00:00,2014.0,2014.0,2014.0,2014.0,0.1874,2024,1,7
2024-01-07 08:30:00+00:00,2014.0,2014.0,2014.0,2014.0,0.1145,2024,1,7
2024-01-07 08:35:00+00:00,2015.0,2015.0,2014.0,2014.0,0.212,2024,1,7
2024-01-07 08:40:00+00:00,2015.0,2015.0,2014.0,2014.0,0.7049,2024,1,7
2024-01-07 08:45:00+00:00,2014.0,2014.0,2013.0,2014.0,0.6304,2024,1,7
2024-01-07 08:50:00+00:00,2014.0,2015.0,2014.0,2015.0,2.5359,2024,1,7
2024-01-07 08:55:00+00:00,2014.0,2015.0,2012.0,2013.0,1.0506,2024,1,7
2024-01-07 09:00:00+00:00,2014.0,2014.0,2013.0,2013.0,0.0097,2024,1,7
2024-01-07 09:05:00+00:00,2014.0,2014.0,2012.0,2013.0,2.2136,2024,1,7
2024-01-07 09:10:00+00:00,2013.0,2013.0,2012.0,2012.0,0.0326,2024,1,7
2024-01-07 09:15:00+00:00,2012.0,2014.0,2012.0,2013.0,0.1186,2024,1,7
2024-01-07 09:20:00+00:00,2013.0,2014.0,2012.0,2012.0,0.0623,2024,1,7
2024-01-07 09:25:00+00:00,2012.0,2017.0,2012.0,2015.0,1.7951,2024,1,7
2024-01-07 09:30:00+00:00,2015.0,2016.0,2015.0,2016.0,0.321,2024,1,7
2024-01-07 09:35:00+00:00,2015.0,2015.0,2015.0,2015.0,0.2374,2024,1,7
2024-01-07 09:40:00+00:00,2016.0,2016.0,2015.0,2016.0,0.1747,2024,1,7
2024-01-07 09:45:00+00:00,2015.0,2016.0,2015.0,2016.0,0.0158,2024,1,7
2024-01-07 09:50:00+00:00,2016.0,2016.0,2015.0,2015.0,0.1139,2024,1,7
2024-01-07 09:55:00+00:00,2015.0,2016.0,2015.0,2015.0,0.1233,2024,1,7
2024-01-07 10:00:00+00:00,2015.0,2015.0,2012.0,2014.0,0.5014,2024,1,7
2024-01-07 10:05:00+00:00,2014.0,2014.0,2014.0,2014.0,0.0106,2024,1,7
2024-01-07 10:10:00+00:00,2013.0,2013.0,2012.0,2012.0,0.2273,2024,1,7
2024-01-07 10:15:00+00:00,2013.0,2014.0,2011.0,2014.0,1.2511,2024,1,7
2024-01-07 10:20:00+00:00,2014.0,2019.0,2014.0,2015.0,3.265,2024,1,7
2024-01-07 10:25:00+00:00,2016.0,2016.0,2015.0,2016.0,0.1248,2024,1,7
2024-01-07 10:30:00+00:00,2015.0,2015.0,2015.0,2015.0,0.0247,2024,1,7
2024-01-07 10:35:00+00:00,2016.0,2016.0,2015.0,2015.0,0.1733,2024,1,7
2024-01-07 10:40:00+00:00,2016.0,2016.0,2015.0,2015.0,0.0253,2024,1,7
2024-01-07 10:45:00+00:00,2015.0,2015.0,2015.0,2015.0,0.0493,2024,1,7
2024-01-07 10:50:00+00:00,2016.0,2016.0,2016.0,2016.0,0.0063,2024,1,7
2024-01-07 10:55:00+00:00,2015.0,2015.0,2015.0,2015.0,0.0099,2024,1,7
2024-01-07 11:00:00+00:00,2015.0,2015.0,2015.0,2015.0,0.17,2024,1,7
2024-01-07 11:05:00+00:00,2015.0,2017.0,2015.0,2017.0,0.7758,2024,1,7
2024-01-07 11:10:00+00:00,2018.0,2018.0,2012.0,2014.0,3.5057,2024,1,7
2024-01-07 11:15:00+00:00,2015.0,2015.0,2014.0,2014.0,0.0188,2024,1,7
2024-01-07 11:20:00+00:00,2014.0,2015.0,2012.0,2014.0,1.0001,2024,1,7
2024-01-07 11:25:00+00:00,2014.0,2018.0,2014.0,2015.0,3.1792,2024,1,7
2024-01-07 11:30:00+00:00,2015.0,2016.0,2015.0,2016.0,0.0193,2024,1,7
2024-01-07 11:35:00+00:00,2015.0,2015.0,2015.0,2015.0,0.0986,2024,1,7
2024-01-07 11:40:00+00:00,2015.0,2015.0,2015.0,2015.0,0.0,2024,1,7
2024-01-07 11:45:00+00:00,2016.0,2016.0,2016.0,2016.0,0.3898,2024,1,7
2024-01-07 11:50:00+00:00,2016.0,2016.0,2016.0,2016.0,0.0408,2024,1,7
2024-01-07 11:55:00+00:00,2016.0,2016.0,2015.0,2015.0,0.1242,2024,1,7
2024-01-07 12:00:00+00:00,2015.0,2016.0,2014.0,2014.0,0.4172,2024,1,7
2024-01-07 12:05:00+00:00,2015.0,2016.0,2015.0,2016.0,0.0793,2024,1,7
2024-01-07 12:10:00+00:00,2014.0,2015.0,2014.0,2015.0,2.7443,2024,1,7
2024-01-07 12:15:00+00:00,2015.0,2015.0,2014.0,2014.0,0.0327,2024,1,7
2024-01-07 12:20:00+00:00,2015.0,2015.0,2014.0,2014.0,0.023,2024,1,7
2024-01-07 12:25:00+00:00,2015.0,2015.0,2015.0,2015.0,0.0194,2024,1,7
2024-01-07 12:30:00+00:00,2015.0,2015.0,2014.0,2014.0,0.5743,2024,1,7
2024-01-07 12:35:00+00:00,2015.0,2015.0,2015.0,2015.0,0.3466,2024,1,7
2024-01-07 12:40:00+00:00,2015.0,2015.0,2015.0,2015.0,0.1,2024,1,7
2024-01-07 12:45:00+00:00,2014.0,2014.0,2014.0,2014.0,0.0306,2024,1,7
2024-01-07 12:50:00+00:00,2015.0,2015.0,2014.0,2014.0,0.0133,2024,1,7
2024-01-07 12:55:00+00:00,2015.0,2015.0,2015.0,2015.0,0.6439,2024,1,7
2024-01-07 13:00:00+00:00,2014.0,2015.0,2014.0,2014.0,0.3524,2024,1,7
2024-01-07 13:05:00+00:00,2014.0,2015.0,2013.0,2015.0,0.2383,2024,1,7
2024-01-07 13:10:00+00:00,2015.0,2015.0,2013.0,2013.0,1.5295,2024,1,7
2024-01-07 13:15:00+00:00,2014.0,2015.0,2014.0,2014.0,1.1388,2024,1,7
2024-01-07 13:20:00+00:00,2015.0,2015.0,2014.0,2014.0,2.1989,2024,1,7
2024-01-07 13:25:00+00:00,2015.0,2016.0,2014.0,2015.0,0.8978,2024,1,7
2024-01-07 13:30:00+00:00,2014.0,2016.0,2014.0,2015.0,0.1468,2024,1,7
2024-01-07 13:35:00+00:00,2016.0,2016.0,2015.0,2015.0,0.114,2024,1,7
2024-01-07 13:40:00+00:00,2016.0,2016.0,2014.0,2015.0,0.8302,2024,1,7
2024-01-07 13:45:00+00:00,2015.0,2017.0,2014.0,2014.0,0.991,2024,1,7
2024-01-07 13:50:00+00:00,2016.0,2016.0,2014.0,2014.0,0.2835,2024,1,7
2024-01-07 13:55:00+00:00,2014.0,2015.0,2014.0,2015.0,0.0157,2024,1,7
2024-01-07 14:00:00+00:00,2015.0,2015.0,2014.0,2014.0,0.0328,2024,1,7
2024-01-07 14:05:00+00:00,2016.0,2017.0,2014.0,2014.0,0.1724,2024,1,7
2024-01-07 14:10:00+00:00,2014.0,2015.0,2014.0,2015.0,0.2984,2024,1,7
2024-01-07 14:15:00+00:00,2015.0,2016.0,2014.0,2015.0,0.3874,2024,1,7
2024-01-07 14:20:00+00:00,2014.0,2015.0,2014.0,2014.0,0.2405,2024,1,7
2024-01-07 14:25:00+00:00,2014.0,2015.0,2014.0,2014.0,0.8319,2024,1,7
2024-01-07 14:30:00+00:00,2014.0,2015.0,2014.0,2014.0,0.1223,2024,1,7
2024-01-07 14:35:00+00:00,2014.0,2014.0,2014.0,2014.0,0.006,2024,1,7
2024-01-07 14:40:00+00:00,2014.0,2015.0,2014.0,2015.0,0.0313,2024,1,7
2024-01-07 14:45:00+00:00,2014.0,2015.0,2014.0,2014.0,0.6874,2024,1,7
2024-01-07 14:50:00+00:00,2014.0,2015.0,2014.0,2015.0,0.1003,2024,1,7
2024-01-07 14:55:00+00:00,2014.0,2015.0,2014.0,2015.0,0.1467,2024,1,7
2024-01-07 15:00:00+00:00,2014.0,2014.0,2014.0,2014.0,0.0276,2024,1,7
2024-01-07 15:05:00+00:00,2014.0,2015.0,2014.0,2014.0,0.887,2024,1,7
2024-01-07 15:10:00+00:00,2015.0,2015.0,2015.0,2015.0,0.0826,2024,1,7
2024-01-07 15:15:00+00:00,2014.0,2015.0,2013.0,2014.0,0.8402,2024,1,7
2024-01-07 15:20:00+00:00,2014.0,2014.0,2013.0,2013.0,0.285,2024,1,7
2024-01-07 15:25:00+00:00,2013.0,2013.0,2013.0,2013.0,0.0275,2024,1,7
2024-01-07 15:30:00+00:00,2013.0,2014.0,2013.0,2013.0,0.366,2024,1,7
2024-01-07 15:35:00+00:00,2013.0,2015.0,2012.0,2012.0,5.6191,2024,1,7
2024-01-07 15:40:00+00:00,2012.0,2015.0,2012.0,2012.0,2.027,2024,1,7
2024-01-07 15:45:00+00:00,2013.0,2014.0,2012.0,2014.0,1.1107,2024,1,7
2024-01-07 15:50:00+00:00,2013.0,2013.0,2012.0,2013.0,0.725,2024,1,7
2024-01-07 15:55:00+00:00,2013.0,2014.0,2013.0,2013.0,0.0989,2024,1,7
2024-01-07 16:00:00+00:00,2013.0,2015.0,2012.0,2013.0,2.1801,2024,1,7
2024-01-07 16:05:00+00:00,2014.0,2014.0,2011.0,2012.0,23.5809,2024,1,7
2024-01-07 16:10:00+00:00,2012.0,2013.0,2009.0,2013.0,24.3514,2024,1,7
2024-01-07 16:15:00+00:00,2012.0,2014.0,2009.0,2010.0,42.151,2024,1,7
2024-01-07 16:20:00+00:00,2010.0,2013.0,2010.0,2012.0,0.1445,2024,1,7
2024-01-07 16:25:00+00:00,2013.0,2016.0,2013.0,2015.0,4.3165,2024,1,7
2024-01-07 16:30:00+00:00,2014.0,2015.0,2014.0,2014.0,0.2142,2024,1,7
2024-01-07 16:35:00+00:00,2014.0,2018.0,2014.0,2017.0,1.3772,2024,1,7
2024-01-07 16:40:00+00:00,2016.0,2017.0,2016.0,2017.0,0.0744,2024,1,7
2024-01-07 16:45:00+00:00,2017.0,2017.0,2013.0,2014.0,4.3089,2024,1,7
2024-01-07 16:50:00+00:00,2013.0,2013.0,2011.0,2012.0,0.9892,2024,1,7
2024-01-07 16:55:00+00:00,2012.0,2016.0,2012.0,2013.0,1.743,2024,1,7
2024-01-07 17:00:00+00:00,2015.0,2015.0,2012.0,2015.0,0.7114,2024,1,7
2024-01-07 17:05:00+00:00,2015.0,2017.0,2012.0,2014.0,0.407,2024,1,7
2024-01-07 17:10:00+00:00,2013.0,2016.0,2012.0,2015.0,0.7706,2024,1,7
2024-01-07 17:15:00+00:00,2015.0,2018.0,2015.0,2016.0,1.4234,2024,1,7
2024-01-07 17:20:00+00:00,2016.0,2018.0,2016.0,2017.0,1.5341,2024,1,7
2024-01-07 17:25:00+00:00,2016.0,2016.0,2016.0,2016.0,0.1348,2024,1,7
2024-01-07 17:30:00+00:00,2016.0,2017.0,2016.0,2017.0,0.0099,2024,1,7
2024-01-07 17:35:00+00:00,2016.0,2017.0,2016.0,2017.0,0.0213,2024,1,7
2024-01-07 17:40:00+00:00,2017.0,2018.0,2017.0,2018.0,0.0593,2024,1,7
2024-01-07 17:45:00+00:00,2016.0,2017.0,2015.0,2015.0,0.1693,2024,1,7
2024-01-07 17:50:00+00:00,2016.0,2017.0,2016.0,2016.0,0.1389,2024,1,7
2024-01-07 17:55:00+00:00,2016.0,2016.0,2016.0,2016.0,0.0296,2024,1,7
2024-01-07 18:00:00+00:00,2017.0,2017.0,2016.0,2016.0,0.0866,2024,1,7
2024-01-07 18:05:00+00:00,2016.0,2017.0,2016.0,2017.0,0.0593,2024,1,7
2024-01-07 18:10:00+00:00,2017.0,2018.0,2017.0,2018.0,0.0265,2024,1,7
2024-01-07 18:15:00+00:00,2018.0,2018.0,2017.0,2017.0,0.2218,2024,1,7
2024-01-07 18:20:00+00:00,2017.0,2017.0,2017.0,2017.0,0.0205,2024,1,7
2024-01-07 18:25:00+00:00,2018.0,2019.0,2017.0,2018.0,1.3668,2024,1,7
2024-01-07 18:30:00+00:00,2017.0,2019.0,2016.0,2019.0,1.504,2024,1,7
2024-01-07 18:35:00+00:00,2019.0,2019.0,2019.0,2019.0,0.0294,2024,1,7
2024-01-07 18:40:00+00:00,2019.0,2019.0,2017.0,2018.0,0.611,2024,1,7
2024-01-07 18:45:00+00:00,2019.0,2019.0,2018.0,2019.0,0.0978,2024,1,7
2024-01-07 18:50:00+00:00,2018.0,2018.0,2017.0,2018.0,0.0815,2024,1,7
2024-01-07 18:55:00+00:00,2017.0,2018.0,2016.0,2016.0,1.1678,2024,1,7
2024-01-07 19:00:00+00:00,2017.0,2018.0,2017.0,2017.0,0.1088,2024,1,7
2024-01-07 19:05:00+00:00,2017.0,2019.0,2017.0,2019.0,0.3163,2024,1,7
2024-01-07 19:10:00+00:00,2019.0,2019.0,2017.0,2017.0,0.0259,2024,1,7
2024-01-07 19:15:00+00:00,2017.0,2017.0,2017.0,2017.0,0.013,2024,1,7
2024-01-07 19:20:00+00:00,2018.0,2018.0,2017.0,2018.0,0.0497,2024,1,7
2024-01-07 19:25:00+00:00,2018.0,2018.0,2018.0,2018.0,0.0,2024,1,7
2024-01-07 19:30:00+00:00,2018.0,2018.0,2016.0,2017.0,0.5548,2024,1,7
2024-01-07 19:35:00+00:00,2018.0,2018.0,2016.0,2016.0,0.5207,2024,1,7
2024-01-07 19:40:00+00:00,2016.0,2018.0,2016.0,2016.0,0.1091,2024,1,7
2024-01-07 19:45:00+00:00,2016.0,2018.0,2016.0,2017.0,0.0562,2024,1,7
2024-01-07 19:50:00+00:00,2017.0,2017.0,2015.0,2017.0,0.661,2024,1,7
2024-01-07 19:55:00+00:00,2015.0,2020.0,2015.0,2017.0,4.1404,2024,1,7
2024-01-07 20:00:00+00:00,2017.0,2019.0,2016.0,2017.0,0.5785,2024,1,7
2024-01-07 20:05:00+00:00,2017.0,2018.0,2017.0,2017.0,0.1758,2024,1,7
2024-01-07 20:10:00+00:00,2017.0,2018.0,2016.0,2016.0,0.2381,2024,1,7
2024-01-07 20:15:00+00:00,2017.0,2018.0,2016.0,2016.0,0.1632,2024,1,7
2024-01-07 20:20:00+00:00,2016.0,2017.0,2016.0,2017.0,0.0733,2024,1,7
2024-01-07 20:25:00+00:00,2017.0,2017.0,2017.0,2017.0,0.0078,2024,1,7
2024-01-07 20:30:00+00:00,2018.0,2018.0,2017.0,2017.0,0.2751,2024,1,7
2024-01-07 20:35:00+00:00,2018.0,2018.0,2017.0,2017.0,0.39,2024,1,7
2024-01-07 20:40:00+00:00,2017.0,2018.0,2017.0,2018.0,0.089,2024,1,7
2024-01-07 20:45:00+00:00,2017.0,2019.0,2017.0,2019.0,1.2134,2024,1,7
2024-01-07 20:50:00+00:00,2019.0,2019.0,2018.0,2018.0,1.2546,2024,1,7
2024-01-07 20:55:00+00:00,2018.0,2019.0,2017.0,2018.0,0.6879,2024,1,7
2024-01-07 21:00:00+00:00,2018.0,2019.0,2017.0,2019.0,0.6456,2024,1,7
2024-01-07 21:05:00+00:00,2019.0,2019.0,2017.0,2019.0,0.5031,2024,1,7
2024-01-07 21:10:00+00:00,2019.0,2019.0,2017.0,2019.0,0.1631,2024,1,7
2024-01-07 21:15:00+00:00,2019.0,2019.0,2017.0,2019.0,0.1384,2024,1,7
2024-01-07 21:20:00+00:00,2019.0,2019.0,2017.0,2019.0,0.7466,2024,1,7
2024-01-07 21:25:00+00:00,2019.0,2019.0,2017.0,2018.0,0.2807,2024,1,7
2024-01-07 21:30:00+00:00,2018.0,2020.0,2017.0,2020.0,1.7519,2024,1,7
2024-01-07 21:35:00+00:00,2019.0,2020.0,2014.0,2014.0,13.4359,2024,1,7
2024-01-07 21:40:00+00:00,2017.0,2018.0,2016.0,2016.0,0.5752,2024,1,7
2024-01-07 21:45:00+00:00,2018.0,2018.0,2015.0,2017.0,0.2273,2024,1,7
2024-01-07 21:50:00+00:00,2017.0,2018.0,2016.0,2017.0,0.2122,2024,1,7
2024-01-07 21:55:00+00:00,2017.0,2018.0,2015.0,2018.0,0.7964,2024,1,7
2024-01-07 22:00:00+00:00,2018.0,2018.0,2016.0,2017.0,0.2282,2024,1,7
2024-01-07 22:05:00+00:00,2017.0,2018.0,2016.0,2016.0,0.7724,2024,1,7
2024-01-07 22:10:00+00:00,2015.0,2016.0,2015.0,2016.0,0.1272,2024,1,7
2024-01-07 22:15:00+00:00,2016.0,2016.0,2013.0,2016.0,1.7419,2024,1,7
2024-01-07 22:20:00+00:00,2015.0,2018.0,2015.0,2018.0,1.7623,2024,1,7
2024-01-07 22:25:00+00:00,2018.0,2018.0,2016.0,2017.0,1.6943,2024,1,7
2024-01-07 22:30:00+00:00,2017.0,2018.0,2015.0,2016.0,2.3298,2024,1,7
2024-01-07 22:35:00+00:00,2016.0,2017.0,2015.0,2016.0,0.8842,2024,1,7
2024-01-07 22:40:00+00:00,2017.0,2018.0,2015.0,2016.0,0.6303,2024,1,7
2024-01-07 22:45:00+00:00,2016.0,2016.0,2013.0,2016.0,2.9137,2024,1,7
2024-01-07 22:50:00+00:00,2016.0,2016.0,2015.0,2016.0,0.3418,2024,1,7
2024-01-07 22:55:00+00:00,2015.0,2016.0,2014.0,2014.0,0.0753,2024,1,7
2024-01-07 23:00:00+00:00,2015.0,2016.0,2014.0,2015.0,1.4996,2024,1,7
2024-01-07 23:05:00+00:00,2014.0,2016.0,2014.0,2016.0,0.194,2024,1,7
2024-01-07 23:10:00+00:00,2016.0,2016.0,2014.0,2016.0,0.074,2024,1,7
2024-01-07 23:15:00+00:00,2014.0,2015.0,2014.0,2015.0,0.0477,2024,1,7
2024-01-07 23:20:00+00:00,2015.0,2015.0,2013.0,2015.0,0.4185,2024,1,7
2024-01-07 23:25:00+00:00,2015.0,2015.0,2013.0,2013.0,0.2432,2024,1,7
2024-01-07 23:30:00+00:00,2012.0,2016.0,2012.0,2015.0,9.1567,2024,1,7
2024-01-07 23:35:00+00:00,2015.0,2016.0,2013.0,2016.0,4.0229,2024,1,7
2024-01-07 23:40:00+00:00,2015.0,2016.0,2014.0,2015.0,2.1432,2024,1,7
2024-01-07 23:45:00+00:00,2014.0,2016.0,2014.0,2015.0,0.2008,2024,1,7
2024-01-07 23:50:00+00:00,2014.0,2015.0,2014.0,2015.0,0.0593,2024,1,7
2024-01-07 23:55:00+00:00,2014.0,2015.0,2012.0,2015.0,0.8152,2024,1,7
2024-01-08 00:00:00+00:00,2014.0,2015.0,2012.0,2013.0,1.4952,2024,1,8
2024-01-08 00:05:00+00:00,2015.0,2015.0,2013.0,2015.0,0.0795,2024,1,8
2024-01-08 00:10:00+00:00,2014.0,2015.0,2013.0,2014.0,0.2657,2024,1,8
2024-01-08 00:15:00+00:00,2013.0,2014.0,2013.0,2014.0,1.8109,2024,1,8
2024-01-08 00:20:00+00:00,2013.0,2014.0,2013.0,2014.0,0.032,2024,1,8
2024-01-08 00:25:00+00:00,2014.0,2015.0,2014.0,2015.0,0.1639,2024,1,8
2024-01-08 00:30:00+00:00,2015.0,2015.0,2014.0,2015.0,0.397,2024,1,8
2024-01-08 00:35:00+00:00,2015.0,2015.0,2014.0,2015.0,6.9496,2024,1,8
2024-01-08 00:40:00+00:00,2014.0,2015.0,2014.0,2015.0,0.0086,2024,1,8
2024-01-08 00:45:00+00:00,2014.0,2015.0,2014.0,2015.0,0.0965,2024,1,8
2024-01-08 00:50:00+00:00,2014.0,2015.0,2014.0,2015.0,0.1582,2024,1,8
2024-01-08 00:55:00+00:00,2014.0,2015.0,2014.0,2015.0,0.1094,2024,1,8
2024-01-08 01:00:00+00:00,2014.0,2017.0,2014.0,2016.0,6.3107,2024,1,8
2024-01-08 01:05:00+00:00,2015.0,2016.0,2015.0,2016.0,0.0144,2024,1,8
2024-01-08 01:10:00+00:00,2017.0,2017.0,2017.0,2017.0,0.0127,2024,1,8
2024-01-08 01:15:00+00:00,2015.0,2018.0,2015.0,2017.0,1.1866,2024,1,8
2024-01-08 01:20:00+00:00,2015.0,2017.0,2015.0,2016.0,0.2039,2024,1,8
2024-01-08 01:25:00+00:00,2016.0,2017.0,2015.0,2017.0,0.2085,2024,1,8
2024-01-08 01:30:00+00:00,2016.0,2020.0,2015.0,2018.0,20.6388,2024,1,8
2024-01-08 01:35:00+00:00,2017.0,2019.0,2017.0,2018.0,0.7226,2024,1,8
2024-01-08 01:40:00+00:00,2017.0,2018.0,2017.0,2018.0,0.0054,2024,1,8
2024-01-08 01:45:00+00:00,2018.0,2018.0,2017.0,2018.0,0.1094,2024,1,8
2024-01-08 01:50:00+00:00,2018.0,2019.0,2016.0,2018.0,0.2119,2024,1,8
2024-01-08 01:55:00+00:00,2016.0,2018.0,2016.0,2018.0,0.4496,2024,1,8
2024-01-08 02:00:00+00:00,2016.0,2018.0,2015.0,2017.0,0.3481,2024,1,8
2024-01-08 02:05:00+00:00,2016.0,2018.0,2016.0,2017.0,0.1528,2024,1,8
2024-01-08 02:10:00+00:00,2016.0,2017.0,2015.0,2016.0,0.1553,2024,1,8
2024-01-08 02:15:00+00:00,2015.0,2016.0,2015.0,2016.0,0.5494,2024,1,8
2024-01-08 02:20:00+00:00,2015.0,2016.0,2013.0,2014.0,3.0698,2024,1,8
2024-01-08 02:25:00+00:00,2013.0,2016.0,2012.0,2015.0,0.8968,2024,1,8
2024-01-08 02:30:00+00:00,2014.0,2016.0,2012.0,2015.0,1.1117,2024,1,8
2024-01-08 02:35:00+00:00,2015.0,2015.0,2012.0,2014.0,1.2487,2024,1,8
2024-01-08 02:40:00+00:00,2014.0,2017.0,2014.0,2016.0,0.858,2024,1,8
2024-01-08 02:45:00+00:00,2015.0,2017.0,2013.0,2014.0,1.0941,2024,1,8
2024-01-08 02:50:00+00:00,2013.0,2015.0,2011.0,2013.0,5.4712,2024,1,8
2024-01-08 02:55:00+00:00,2014.0,2014.0,2010.0,2013.0,7.2651,2024,1,8
2024-01-08 03:00:00+00:00,2013.0,2013.0,2010.0,2013.0,1.1238,2024,1,8
2024-01-08 03:05:00+00:00,2012.0,2013.0,2011.0,2013.0,0.4649,2024,1,8
2024-01-08 03:10:00+00:00,2012.0,2013.0,2012.0,2013.0,0.1722,2024,1,8
2024-01-08 03:15:00+00:00,2012.0,2013.0,2011.0,2012.0,0.2098,2024,1,8
2024-01-08 03:20:00+00:00,2011.0,2011.0,2010.0,2011.0,2.2209,2024,1,8
2024-01-08 03:25:00+00:00,2010.0,2015.0,2010.0,2015.0,11.5829,2024,1,8
2024-01-08 03:30:00+00:00,2013.0,2019.0,2012.0,2014.0,23.3675,2024,1,8
2024-01-08 03:35:00+00:00,2013.0,2021.0,2013.0,2016.0,14.3582,2024,1,8
2024-01-08 03:40:00+00:00,2015.0,2022.0,2014.0,2018.0,16.5013,2024,1,8
2024-01-08 03:45:00+00:00,2018.0,2025.0,2016.0,2020.0,27.4728,2024,1,8
2024-01-08 03:50:00+00:00,2019.0,2019.0,2016.0,2018.0,1.8534,2024,1,8
2024-01-08 03:55:00+00:00,2017.0,2018.0,2016.0,2018.0,0.9748,2024,1,8
2024-01-08 04:00:00+00:00,2017.0,2018.0,2013.0,2015.0,2.2687,2024,1,8
2024-01-08 04:05:00+00:00,2014.0,2015.0,2010.0,2010.0,4.0727,2024,1,8
2024-01-08 04:10:00+00:00,2011.0,2013.0,2010.0,2013.0,0.5964,2024,1,8
2024-01-08 04:15:00+00:00,2011.0,2013.0,2010.0,2012.0,0.6128,2024,1,8
2024-01-08 04:20:00+00:00,2011.0,2011.0,2010.0,2011.0,0.3539,2024,1,8
2024-01-08 04:25:00+00:00,2010.0,2012.0,2010.0,2012.0,2.2512,2024,1,8
2024-01-08 04:30:00+00:00,2010.0,2013.0,2010.0,2013.0,0.5457,2024,1,8
2024-01-08 04:35:00+00:00,2011.0,2013.0,2009.0,2011.0,5.6013,2024,1,8
2024-01-08 04:40:00+00:00,2010.0,2012.0,2009.0,2011.0,1.113,2024,1,8
2024-01-08 04:45:00+00:00,2010.0,2011.0,2009.0,2011.0,0.1332,2024,1,8
2024-01-08 04:50:00+00:00,2010.0,2013.0,2010.0,2013.0,0.1286,2024,1,8
2024-01-08 04:55:00+00:00,2011.0,2012.0,2011.0,2012.0,0.0085,2024,1,8
2024-01-08 05:00:00+00:00,2011.0,2013.0,2011.0,2012.0,0.224,2024,1,8
2024-01-08 05:05:00+00:00,2011.0,2012.0,2011.0,2012.0,0.036,2024,1,8
2024-01-08 05:10:00+00:00,2012.0,2012.0,2011.0,2012.0,0.1767,2024,1,8
2024-01-08 05:15:00+00:00,2011.0,2011.0,2011.0,2011.0,1.0815,2024,1,8
2024-01-08 05:20:00+00:00,2011.0,2011.0,2011.0,2011.0,0.011,2024,1,8
2024-01-08 05:25:00+00:00,2011.0,2011.0,2009.0,2011.0,0.5124,2024,1,8
2024-01-08 05:30:00+00:00,2010.0,2010.0,2005.0,2006.0,6.345,2024,1,8
2024-01-08 05:35:00+00:00,2008.0,2009.0,2004.0,2006.0,1.323,2024,1,8
2024-01-08 05:40:00+00:00,2007.0,2009.0,2007.0,2008.0,0.2069,2024,1,8
2024-01-08 05:45:00+00:00,2007.0,2009.0,2006.0,2009.0,1.2704,2024,1,8
2024-01-08 05:50:00+00:00,2009.0,2010.0,2009.0,2010.0,1.2892,2024,1,8
2024-01-08 05:55:00+00:00,2009.0,2011.0,2004.0,2006.0,12.4182,2024,1,8
2024-01-08 06:00:00+00:00,2009.0,2009.0,2007.0,2008.0,0.3181,2024,1,8
2024-01-08 06:05:00+00:00,2008.0,2012.0,2007.0,2009.0,2.4514,2024,1,8
2024-01-08 06:10:00+00:00,2010.0,2010.0,2005.0,2005.0,1.263,2024,1,8
2024-01-08 06:15:00+00:00,2007.0,2007.0,2005.0,2007.0,0.2181,2024,1,8
2024-01-08 06:20:00+00:00,2007.0,2011.0,2007.0,2009.0,1.1681,2024,1,8
2024-01-08 06:25:00+00:00,2010.0,2012.0,2010.0,2012.0,0.2073,2024,1,8
2024-01-08 06:30:00+00:00,2010.0,2012.0,2006.0,2006.0,3.9651,2024,1,8
2024-01-08 06:35:00+00:00,2006.0,2008.0,2004.0,2004.0,1.1161,2024,1,8
2024-01-08 06:40:00+00:00,2006.0,2009.0,2006.0,2009.0,0.1999,2024,1,8
2024-01-08 06:45:00+00:00,2007.0,2009.0,2007.0,2009.0,0.1725,2024,1,8
2024-01-08 06:50:00+00:00,2009.0,2010.0,2009.0,2009.0,0.1422,2024,1,8
2024-01-08 06:55:00+00:00,2010.0,2010.0,2009.0,2010.0,0.2634,2024,1,8
2024-01-08 07:00:00+00:00,2009.0,2010.0,2009.0,2010.0,0.009,2024,1,8
2024-01-08 07:05:00+00:00,2010.0,2010.0,2010.0,2010.0,0.0666,2024,1,8
2024-01-08 07:10:00+00:00,2010.0,2010.0,2009.0,2009.0,0.5911,2024,1,8
2024-01-08 07:15:00+00:00,2009.0,2009.0,2008.0,2008.0,0.3009,2024,1,8
2024-01-08 07:20:00+00:00,2008.0,2009.0,2007.0,2007.0,0.1033,2024,1,8
2024-01-08 07:25:00+00:00,2007.0,2009.0,2005.0,2005.0,0.7813,2024,1,8
2024-01-08 07:30:00+00:00,2006.0,2008.0,2006.0,2006.0,0.4356,2024,1,8
2024-01-08 07:35:00+00:00,2006.0,2008.0,2005.0,2005.0,0.6968,2024,1,8
2024-01-08 07:40:00+00:00,2005.0,2006.0,2005.0,2005.0,0.5541,2024,1,8
2024-01-08 07:45:00+00:00,2005.0,2006.0,2005.0,2006.0,0.4018,2024,1,8
2024-01-08 07:50:00+00:00,2006.0,2007.0,2005.0,2006.0,0.1,2024,1,8
2024-01-08 07:55:00+00:00,2006.0,2009.0,2006.0,2009.0,0.7548,2024,1,8
2024-01-08 08:00:00+00:00,2009.0,2011.0,2008.0,2008.0,0.8667,2024,1,8
2024-01-08 08:05:00+00:00,2008.0,2010.0,2007.0,2008.0,0.4948,2024,1,8
2024-01-08 08:10:00+00:00,2008.0,2008.0,2007.0,2007.0,0.9917,2024,1,8
2024-01-08 08:15:00+00:00,2007.0,2011.0,2007.0,2009.0,3.1631,2024,1,8
2024-01-08 08:20:00+00:00,2009.0,2012.0,2008.0,2012.0,3.6649,2024,1,8
2024-01-08 08:25:00+00:00,2009.0,2013.0,2008.0,2013.0,1.7429,2024,1,8
2024-01-08 08:30:00+00:00,2011.0,2013.0,2009.0,2009.0,0.1198,2024,1,8
2024-01-08 08:35:00+00:00,2010.0,2010.0,2006.0,2008.0,2.0475,2024,1,8
2024-01-08 08:40:00+00:00,2008.0,2009.0,2005.0,2008.0,3.0192,2024,1,8
2024-01-08 08:45:00+00:00,2009.0,2009.0,2009.0,2009.0,0.2355,2024,1,8
2024-01-08 08:50:00+00:00,2009.0,2010.0,2008.0,2008.0,0.2934,2024,1,8
2024-01-08 08:55:00+00:00,2008.0,2009.0,2008.0,2008.0,0.1278,2024,1,8
2024-01-08 09:00:00+00:00,2008.0,2022.0,2008.0,2018.0,33.033,2024,1,8
2024-01-08 09:05:00+00:00,2019.0,2021.0,2013.0,2014.0,10.4398,2024,1,8
2024-01-08 09:10:00+00:00,2013.0,2014.0,2011.0,2011.0,1.6973,2024,1,8
2024-01-08 09:15:00+00:00,2011.0,2012.0,2010.0,2010.0,1.5618,2024,1,8
2024-01-08 09:20:00+00:00,2010.0,2010.0,2008.0,2009.0,3.5914,2024,1,8
2024-01-08 09:25:00+00:00,2010.0,2011.0,2008.0,2009.0,1.7298,2024,1,8
2024-01-08 09:30:00+00:00,2009.0,2017.0,2008.0,2016.0,10.7576,2024,1,8
2024-01-08 09:35:00+00:00,2016.0,2018.0,2014.0,2017.0,3.9408,2024,1,8
2024-01-08 09:40:00+00:00,2016.0,2018.0,2014.0,2015.0,2.3427,2024,1,8
2024-01-08 09:45:00+00:00,2015.0,2017.0,2014.0,2017.0,0.6099,2024,1,8
2024-01-08 09:50:00+00:00,2018.0,2018.0,2012.0,2015.0,4.8393,2024,1,8
2024-01-08 09:55:00+00:00,2015.0,2017.0,2014.0,2016.0,0.4866,2024,1,8
2024-01-08 10:00:00+00:00,2015.0,2017.0,2014.0,2015.0,1.2042,2024,1,8
2024-01-08 10:05:00+00:00,2015.0,2018.0,2015.0,2015.0,5.4748,2024,1,8
2024-01-08 10:10:00+00:00,2016.0,2017.0,2014.0,2016.0,0.6558,2024,1,8
2024-01-08 10:15:00+00:00,2016.0,2020.0,2014.0,2017.0,5.5465,2024,1,8
2024-01-08 10:20:00+00:00,2017.0,2024.0,2017.0,2018.0,22.884,2024,1,8
2024-01-08 10:25:00+00:00,2018.0,2021.0,2017.0,2021.0,1.4418,2024,1,8
2024-01-08 10:30:00+00:00,2021.0,2021.0,2016.0,2019.0,2.1674,2024,1,8
2024-01-08 10:35:00+00:00,2016.0,2016.0,2013.0,2013.0,7.3611,2024,1,8
2024-01-08 10:40:00+00:00,2012.0,2012.0,2010.0,2011.0,12.5493,2024,1,8
2024-01-08 10:45:00+00:00,2011.0,2011.0,2010.0,2011.0,2.133,2024,1,8
2024-01-08 10:50:00+00:00,2011.0,2015.0,2010.0,2015.0,11.4362,2024,1,8
2024-01-08 10:55:00+00:00,2014.0,2015.0,2013.0,2013.0,0.731,2024,1,8
2024-01-08 11:00:00+00:00,2013.0,2014.0,2010.0,2012.0,1.5815,2024,1,8
2024-01-08 11:05:00+00:00,2012.0,2012.0,2009.0,2009.0,2.7415,2024,1,8
2024-01-08 11:10:00+00:00,2010.0,2010.0,2009.0,2009.0,2.5696,2024,1,8
2024-01-08 11:15:00+00:00,2010.0,2010.0,2008.0,2008.0,2.7199,2024,1,8
2024-01-08 11:20:00+00:00,2008.0,2009.0,2006.0,2008.0,2.6947,2024,1,8
2024-01-08 11:25:00+00:00,2008.0,2009.0,2007.0,2009.0,0.6948,2024,1,8
2024-01-08 11:30:00+00:00,2009.0,2010.0,2009.0,2010.0,0.1449,2024,1,8
2024-01-08 11:35:00+00:00,2010.0,2012.0,2008.0,2011.0,12.7058,2024,1,8
2024-01-08 11:40:00+00:00,2012.0,2016.0,2012.0,2013.0,18.0763,2024,1,8
2024-01-08 11:45:00+00:00,2014.0,2014.0,2012.0,2012.0,2.7117,2024,1,8
2024-01-08 11:50:00+00:00,2012.0,2012.0,2011.0,2011.0,2.6591,2024,1,8
2024-01-08 11:55:00+00:00,2011.0,2012.0,2010.0,2012.0,3.6612,2024,1,8
2024-01-08 12:00:00+00:00,2012.0,2015.0,2010.0,2013.0,13.9104,2024,1,8
2024-01-08 12:05:00+00:00,2013.0,2014.0,2010.0,2010.0,6.4787,2024,1,8
2024-01-08 12:10:00+00:00,2012.0,2012.0,2009.0,2010.0,8.284,2024,1,8
2024-01-08 12:15:00+00:00,2009.0,2010.0,2005.0,2008.0,12.7567,2024,1,8
2024-01-08 12:20:00+00:00,2006.0,2008.0,2006.0,2007.0,0.9122,2024,1,8
2024-01-08 12:25:00+00:00,2008.0,2009.0,2005.0,2005.0,2.7102,2024,1,8
2024-01-08 12:30:00+00:00,2005.0,2007.0,2005.0,2005.0,1.4972,2024,1,8
2024-01-08 12:35:00+00:00,2005.0,2007.0,2004.0,2004.0,1.6414,2024,1,8
2024-01-08 12:40:00+00:00,2007.0,2007.0,2005.0,2005.0,2.4395,2024,1,8
2024-01-08 12:45:00+00:00,2005.0,2011.0,2005.0,2007.0,15.2243,2024,1,8
2024-01-08 12:50:00+00:00,2010.0,2011.0,2008.0,2009.0,2.8899,2024,1,8
2024-01-08 12:55:00+00:00,2011.0,2011.0,2007.0,2007.0,3.9642,2024,1,8
2024-01-08 13:00:00+00:00,2009.0,2010.0,2006.0,2007.0,2.7142,2024,1,8
2024-01-08 13:05:00+00:00,2007.0,2011.0,2007.0,2011.0,2.931,2024,1,8
2024-01-08 13:10:00+00:00,2008.0,2010.0,2008.0,2008.0,0.3642,2024,1,8
2024-01-08 13:15:00+00:00,2008.0,2010.0,2008.0,2008.0,0.8329,2024,1,8
2024-01-08 13:20:00+00:00,2008.0,2010.0,2008.0,2009.0,0.4198,2024,1,8
2024-01-08 13:25:00+00:00,2009.0,2011.0,2009.0,2010.0,2.9651,2024,1,8
2024-01-08 13:30:00+00:00,2010.0,2010.0,2008.0,2008.0,0.8254,2024,1,8
2024-01-08 13:35:00+00:00,2009.0,2011.0,2008.0,2010.0,0.7491,2024,1,8
2024-01-08 13:40:00+00:00,2010.0,2011.0,2009.0,2011.0,1.4069,2024,1,8
2024-01-08 13:45:00+00:00,2010.0,2011.0,2009.0,2010.0,0.9126,2024,1,8
2024-01-08 13:50:00+00:00,2010.0,2011.0,2010.0,2011.0,4.0453,2024,1,8
2024-01-08 13:55:00+00:00,2011.0,2012.0,2010.0,2011.0,1.0129,2024,1,8
2024-01-08 14:00:00+00:00,2012.0,2012.0,2010.0,2010.0,0.1108,2024,1,8
2024-01-08 14:05:00+00:00,2011.0,2011.0,2006.0,2006.0,8.7797,2024,1,8
2024-01-08 14:10:00+00:00,2006.0,2007.0,2005.0,2006.0,10.3863,2024,1,8
2024-01-08 14:15:00+00:00,2007.0,2007.0,2006.0,2007.0,0.1285,2024,1,8
2024-01-08 14:20:00+00:00,2007.0,2007.0,2006.0,2007.0,4.0374,2024,1,8
2024-01-08 14:25:00+00:00,2007.0,2007.0,2006.0,2006.0,2.0491,2024,1,8
2024-01-08 14:30:00+00:00,2007.0,2007.0,2006.0,2007.0,1.1182,2024,1,8
2024-01-08 14:35:00+00:00,2006.0,2006.0,2005.0,2006.0,1.5082,2024,1,8
2024-01-08 14:40:00+00:00,2006.0,2006.0,2005.0,2006.0,0.2361,2024,1,8
2024-01-08 14:45:00+00:00,2005.0,2007.0,2005.0,2006.0,10.2866,2024,1,8
2024-01-08 14:50:00+00:00,2006.0,2007.0,2006.0,2007.0,1.1363,2024,1,8
2024-01-08 14:55:00+00:00,2007.0,2014.0,2007.0,2011.0,15.874,2024,1,8
2024-01-08 15:00:00+00:00,2013.0,2013.0,2008.0,2008.0,0.8697,2024,1,8
2024-01-08 15:05:00+00:00,2008.0,2011.0,2008.0,2008.0,0.1867,2024,1,8
2024-01-08 15:10:00+00:00,2009.0,2009.0,2008.0,2009.0,1.2485,2024,1,8
2024-01-08 15:15:00+00:00,2008.0,2009.0,2007.0,2007.0,2.2146,2024,1,8
2024-01-08 15:20:00+00:00,2007.0,2007.0,2006.0,2006.0,1.4649,2024,1,8
2024-01-08 15:25:00+00:00,2006.0,2007.0,2006.0,2007.0,0.32,2024,1,8
2024-01-08 15:30:00+00:00,2007.0,2010.0,2007.0,2010.0,2.4424,2024,1,8
2024-01-08 15:35:00+00:00,2011.0,2011.0,2009.0,2011.0,0.0739,2024,1,8
2024-01-08 15:40:00+00:00,2011.0,2014.0,2011.0,2013.0,2.1046,2024,1,8
2024-01-08 15:45:00+00:00,2012.0,2012.0,2009.0,2010.0,4.0644,2024,1,8
2024-01-08 15:50:00+00:00,2010.0,2010.0,2009.0,2010.0,0.2548,2024,1,8
2024-01-08 15:55:00+00:00,2010.0,2011.0,2009.0,2009.0,1.1857,2024,1,8
2024-01-08 16:00:00+00:00,2010.0,2012.0,2009.0,2012.0,0.2442,2024,1,8
2024-01-08 16:05:00+00:00,2011.0,2011.0,2011.0,2011.0,0.037,2024,1,8
2024-01-08 16:10:00+00:00,2011.0,2013.0,2009.0,2013.0,4.4802,2024,1,8
2024-01-08 16:15:00+00:00,2011.0,2011.0,2010.0,2010.0,0.2923,2024,1,8
2024-01-08 16:20:00+00:00,2010.0,2011.0,2010.0,2010.0,0.5812,2024,1,8
2024-01-08 16:25:00+00:00,2011.0,2011.0,2010.0,2011.0,0.3439,2024,1,8
2024-01-08 16:30:00+00:00,2010.0,2011.0,2010.0,2010.0,0.7317,2024,1,8
2024-01-08 16:35:00+00:00,2010.0,2010.0,2010.0,2010.0,0.5232,2024,1,8
2024-01-08 16:40:00+00:00,2010.0,2011.0,2010.0,2011.0,0.8432,2024,1,8
2024-01-08 16:45:00+00:00,2011.0,2011.0,2009.0,2009.0,0.7994,2024,1,8
2024-01-08 16:50:00+00:00,2011.0,2011.0,2011.0,2011.0,0.0511,2024,1,8
2024-01-08 16:55:00+00:00,2010.0,2011.0,2010.0,2011.0,1.0901,2024,1,8
2024-01-08 17:00:00+00:00,2010.0,2010.0,2009.0,2010.0,3.564,2024,1,8
2024-01-08 17:05:00+00:00,2010.0,2012.0,2010.0,2012.0,1.2544,2024,1,8
2024-01-08 17:10:00+00:00,2010.0,2013.0,2010.0,2013.0,0.0711,2024,1,8
2024-01-08 17:15:00+00:00,2012.0,2015.0,2012.0,2012.0,7.8527,2024,1,8
2024-01-08 17:20:00+00:00,2012.0,2013.0,2009.0,2010.0,5.3121,2024,1,8
2024-01-08 17:25:00+00:00,2012.0,2012.0,2010.0,2010.0,0.108,2024,1,8
2024-01-08 17:30:00+00:00,2012.0,2013.0,2010.0,2011.0,0.6687,2024,1,8
2024-01-08 17:35:00+00:00,2011.0,2012.0,2010.0,2011.0,2.1266,2024,1,8
2024-01-08 17:40:00+00:00,2011.0,2012.0,2010.0,2012.0,0.5691,2024,1,8
2024-01-08 17:45:00+00:00,2011.0,2013.0,2009.0,2013.0,2.9245,2024,1,8
2024-01-08 17:50:00+00:00,2012.0,2013.0,2011.0,2012.0,2.4479,2024,1,8
2024-01-08 17:55:00+00:00,2012.0,2012.0,2009.0,2012.0,2.7553,2024,1,8
2024-01-08 18:00:00+00:00,2012.0,2014.0,2011.0,2013.0,10.8043,2024,1,8
2024-01-08 18:05:00+00:00,2013.0,2015.0,2010.0,2011.0,4.8573,2024,1,8
2024-01-08 18:10:00+00:00,2012.0,2012.0,2009.0,2011.0,6.221,2024,1,8
2024-01-08 18:15:00+00:00,2010.0,2012.0,2009.0,2011.0,4.3756,2024,1,8
2024-01-08 18:20:00+00:00,2011.0,2014.0,2011.0,2014.0,0.9347,2024,1,8
2024-01-08 18:25:00+00:00,2013.0,2014.0,2012.0,2013.0,1.2696,2024,1,8
2024-01-08 18:30:00+00:00,2013.0,2016.0,2012.0,2016.0,3.3561,2024,1,8
2024-01-08 18:35:00+00:00,2015.0,2016.0,2011.0,2014.0,7.7273,2024,1,8
2024-01-08 18:40:00+00:00,2013.0,2014.0,2006.0,2012.0,12.6121,2024,1,8
2024-01-08 18:45:00+00:00,2012.0,2013.0,2003.0,2007.0,44.2291,2024,1,8
2024-01-08 18:50:00+00:00,2007.0,2009.0,2003.0,2008.0,31.5483,2024,1,8
2024-01-08 18:55:00+00:00,2007.0,2007.0,2005.0,2006.0,1.7699,2024,1,8
2024-01-08 19:00:00+00:00,2006.0,2006.0,2005.0,2006.0,0.9102,2024,1,8
2024-01-08 19:05:00+00:00,2006.0,2008.0,2003.0,2008.0,27.1503,2024,1,8
2024-01-08 19:10:00+00:00,2006.0,2010.0,2002.0,2009.0,15.7724,2024,1,8
2024-01-08 19:15:00+00:00,2010.0,2010.0,2007.0,2009.0,0.8841,2024,1,8
2024-01-08 19:20:00+00:00,2009.0,2009.0,2007.0,2008.0,0.1573,2024,1,8
2024-01-08 19:25:00+00:00,2007.0,2011.0,2006.0,2009.0,10.7992,2024,1,8
2024-01-08 19:30:00+00:00,2006.0,2010.0,2006.0,2009.0,1.39,2024,1,8
2024-01-08 19:35:00+00:00,2008.0,2011.0,2000.0,2009.0,39.8483,2024,1,8
2024-01-08 19:40:00+00:00,2009.0,2011.0,2007.0,2008.0,6.1152,2024,1,8
2024-01-08 19:45:00+00:00,2010.0,2011.0,2007.0,2011.0,2.9462,2024,1,8
2024-01-08 19:50:00+00:00,2009.0,2011.0,2008.0,2009.0,1.7374,2024,1,8
2024-01-08 19:55:00+00:00,2009.0,2010.0,2006.0,2006.0,5.5791,2024,1,8
2024-01-08 20:00:00+00:00,2008.0,2010.0,2007.0,2009.0,1.291,2024,1,8
2024-01-08 20:05:00+00:00,2009.0,2009.0,2007.0,2007.0,1.1016,2024,1,8
2024-01-08 20:10:00+00:00,2006.0,2008.0,2004.0,2006.0,2.7747,2024,1,8
2024-01-08 20:15:00+00:00,2006.0,2006.0,2005.0,2005.0,0.4977,2024,1,8
2024-01-08 20:20:00+00:00,2005.0,2007.0,2004.0,2007.0,3.5611,2024,1,8
2024-01-08 20:25:00+00:00,2006.0,2007.0,2006.0,2007.0,0.1273,2024,1,8
2024-01-08 20:30:00+00:00,2007.0,2008.0,2006.0,2008.0,0.7431,2024,1,8
2024-01-08 20:35:00+00:00,2007.0,2009.0,2006.0,2009.0,2.4782,2024,1,8
2024-01-08 20:40:00+00:00,2007.0,2009.0,2006.0,2007.0,0.4057,2024,1,8
2024-01-08 20:45:00+00:00,2006.0,2006.0,2003.0,2005.0,5.5945,2024,1,8
2024-01-08 20:50:00+00:00,2005.0,2008.0,2004.0,2008.0,2.1576,2024,1,8
2024-01-08 20:55:00+00:00,2008.0,2008.0,2005.0,2005.0,1.1531,2024,1,8
2024-01-08 21:00:00+00:00,2005.0,2008.0,2005.0,2006.0,1.9082,2024,1,8
2024-01-08 21:05:00+00:00,2007.0,2008.0,2007.0,2007.0,0.428,2024,1,8
2024-01-08 21:10:00+00:00,2009.0,2009.0,2007.0,2007.0,0.6263,2024,1,8
2024-01-08 21:15:00+00:00,2008.0,2009.0,2007.0,2007.0,2.986,2024,1,8
2024-01-08 21:20:00+00:00,2006.0,2007.0,2005.0,2005.0,2.6008,2024,1,8
2024-01-08 21:25:00+00:00,2006.0,2006.0,2005.0,2005.0,0.3548,2024,1,8
2024-01-08 21:30:00+00:00,2005.0,2006.0,2005.0,2006.0,1.0665,2024,1,8
2024-01-08 21:35:00+00:00,2005.0,2006.0,2005.0,2006.0,0.927,2024,1,8
2024-01-08 21:40:00+00:00,2006.0,2006.0,2005.0,2005.0,0.2551,2024,1,8
2024-01-08 21:45:00+00:00,2005.0,2008.0,2005.0,2005.0,7.957,2024,1,8
2024-01-08 21:50:00+00:00,2006.0,2008.0,2005.0,2008.0,0.7436,2024,1,8
2024-01-08 21:55:00+00:00,2008.0,2009.0,2007.0,2008.0,2.1034,2024,1,8
2024-01-08 22:00:00+00:00,2007.0,2008.0,2006.0,2006.0,2.3442,2024,1,8
2024-01-08 22:05:00+00:00,2006.0,2007.0,2006.0,2007.0,0.4539,2024,1,8
2024-01-08 22:10:00+00:00,2005.0,2007.0,2005.0,2005.0,0.7996,2024,1,8
2024-01-08 22:15:00+00:00,2006.0,2008.0,2006.0,2008.0,0.7596,2024,1,8
2024-01-08 22:20:00+00:00,2008.0,2008.0,2007.0,2008.0,0.0925,2024,1,8
2024-01-08 22:25:00+00:00,2007.0,2009.0,2007.0,2009.0,11.0682,2024,1,8
2024-01-08 22:30:00+00:00,2009.0,2010.0,2008.0,2010.0,1.3398,2024,1,8
2024-01-08 22:35:00+00:00,2008.0,2010.0,2008.0,2008.0,0.9336,2024,1,8
2024-01-08 22:40:00+00:00,2008.0,2009.0,2007.0,2007.0,1.0311,2024,1,8
2024-01-08 22:45:00+00:00,2008.0,2009.0,2006.0,2009.0,0.8588,2024,1,8
2024-01-08 22:50:00+00:00,2009.0,2009.0,2005.0,2007.0,1.9894,2024,1,8
2024-01-08 22:55:00+00:00,2007.0,2008.0,2007.0,2007.0,0.4427,2024,1,8
2024-01-08 23:00:00+00:00,2007.0,2008.0,2005.0,2007.0,5.9656,2024,1,8
2024-01-08 23:05:00+00:00,2007.0,2008.0,2006.0,2008.0,2.1789,2024,1,8
2024-01-08 23:10:00+00:00,2008.0,2009.0,2007.0,2009.0,0.6934,2024,1,8
2024-01-08 23:15:00+00:00,2008.0,2009.0,2005.0,2007.0,2.0405,2024,1,8
2024-01-08 23:20:00+00:00,2007.0,2007.0,2006.0,2007.0,0.3353,2024,1,8
2024-01-08 23:25:00+00:00,2006.0,2007.0,2005.0,2007.0,1.2282,2024,1,8
2024-01-08 23:30:00+00:00,2006.0,2008.0,2005.0,2007.0,1.8244,2024,1,8
2024-01-08 23:35:00+00:00,2007.0,2008.0,2005.0,2008.0,1.0456,2024,1,8
2024-01-08 23:40:00+00:00,2008.0,2008.0,2006.0,2008.0,0.5041,2024,1,8
2024-01-08 23:45:00+00:00,2007.0,2009.0,2007.0,2009.0,0.0524,2024,1,8
2024-01-08 23:50:00+00:00,2008.0,2009.0,2007.0,2008.0,0.4695,2024,1,8
2024-01-08 23:55:00+00:00,2008.0,2008.0,2007.0,2007.0,0.1888,2024,1,8
2024-01-09 00:00:00+00:00,2008.0,2010.0,2008.0,2010.0,1.6604,2024,1,9
2024-01-09 00:05:00+00:00,2009.0,2010.0,2009.0,2010.0,0.2253,2024,1,9
2024-01-09 00:10:00+00:00,2010.0,2011.0,2010.0,2011.0,2.9257,2024,1,9
2024-01-09 00:15:00+00:00,2011.0,2011.0,2010.0,2011.0,5.3336,2024,1,9
2024-01-09 00:20:00+00:00,2011.0,2012.0,2011.0,2012.0,0.6629,2024,1,9
2024-01-09 00:25:00+00:00,2011.0,2012.0,2011.0,2012.0,0.3972,2024,1,9
2024-01-09 00:30:00+00:00,2011.0,2012.0,2010.0,2012.0,13.053,2024,1,9
2024-01-09 00:35:00+00:00,2011.0,2012.0,2010.0,2012.0,19.3466,2024,1,9
2024-01-09 00:40:00+00:00,2011.0,2012.0,2011.0,2012.0,1.8671,2024,1,9
2024-01-09 00:45:00+00:00,2012.0,2012.0,2011.0,2012.0,0.7662,2024,1,9
2024-01-09 00:50:00+00:00,2011.0,2013.0,2011.0,2013.0,2.3629,2024,1,9
2024-01-09 00:55:00+00:00,2013.0,2013.0,2012.0,2013.0,0.7428,2024,1,9
2024-01-09 01:00:00+00:00,2012.0,2013.0,2012.0,2013.0,0.5895,2024,1,9
2024-01-09 01:05:00+00:00,2013.0,2013.0,2013.0,2013.0,0.1646,2024,1,9
2024-01-09 01:10:00+00:00,2013.0,2013.0,2012.0,2013.0,2.6424,2024,1,9
2024-01-09 01:15:00+00:00,2013.0,2013.0,2013.0,2013.0,0.0219,2024,1,9
2024-01-09 01:20:00+00:00,2012.0,2013.0,2012.0,2013.0,1.5873,2024,1,9
2024-01-09 01:25:00+00:00,2013.0,2013.0,2012.0,2013.0,0.0744,2024,1,9
2024-01-09 01:30:00+00:00,2013.0,2013.0,2012.0,2013.0,0.4882,2024,1,9
2024-01-09 01:35:00+00:00,2013.0,2013.0,2012.0,2013.0,0.197,2024,1,9
2024-01-09 01:40:00+00:00,2012.0,2013.0,2012.0,2013.0,2.0942,2024,1,9
2024-01-09 01:45:00+00:00,2012.0,2013.0,2012.0,2013.0,0.2092,2024,1,9
2024-01-09 01:50:00+00:00,2013.0,2013.0,2012.0,2013.0,1.8099,2024,1,9
2024-01-09 01:55:00+00:00,2013.0,2013.0,2013.0,2013.0,1.8053,2024,1,9
2024-01-09 02:00:00+00:00,2012.0,2013.0,2012.0,2013.0,0.4905,2024,1,9
2024-01-09 02:05:00+00:00,2013.0,2013.0,2012.0,2013.0,0.0619,2024,1,9
2024-01-09 02:10:00+00:00,2013.0,2013.0,2013.0,2013.0,0.0342,2024,1,9
2024-01-09 02:15:00+00:00,2013.0,2014.0,2012.0,2013.0,0.8182,2024,1,9
2024-01-09 02:20:00+00:00,2014.0,2014.0,2014.0,2014.0,0.0373,2024,1,9
2024-01-09 02:25:00+00:00,2014.0,2014.0,2013.0,2014.0,0.135,2024,1,9
2024-01-09 02:30:00+00:00,2014.0,2014.0,2013.0,2014.0,0.1353,2024,1,9
2024-01-09 02:35:00+00:00,2014.0,2014.0,2013.0,2014.0,0.3536,2024,1,9
2024-01-09 02:40:00+00:00,2014.0,2014.0,2013.0,2014.0,0.1007,2024,1,9
2024-01-09 02:45:00+00:00,2013.0,2014.0,2013.0,2014.0,0.0206,2024,1,9
2024-01-09 02:50:00+00:00,2014.0,2014.0,2013.0,2014.0,0.474,2024,1,9
2024-01-09 02:55:00+00:00,2013.0,2014.0,2013.0,2014.0,0.9524,2024,1,9
2024-01-09 03:00:00+00:00,2013.0,2014.0,2013.0,2014.0,1.3811,2024,1,9
2024-01-09 03:05:00+00:00,2014.0,2014.0,2013.0,2014.0,0.2463,2024,1,9
2024-01-09 03:10:00+00:00,2013.0,2014.0,2013.0,2014.0,0.0386,2024,1,9
2024-01-09 03:15:00+00:00,2014.0,2014.0,2012.0,2014.0,1.3221,2024,1,9
2024-01-09 03:20:00+00:00,2014.0,2014.0,2012.0,2013.0,0.6272,2024,1,9
2024-01-09 03:25:00+00:00,2013.0,2013.0,2011.0,2012.0,1.2077,2024,1,9
2024-01-09 03:30:00+00:00,2011.0,2012.0,2010.0,2012.0,0.675,2024,1,9
2024-01-09 03:35:00+00:00,2012.0,2012.0,2011.0,2012.0,0.0453,2024,1,9
2024-01-09 03:40:00+00:00,2012.0,2012.0,2012.0,2012.0,0.0118,2024,1,9
2024-01-09 03:45:00+00:00,2012.0,2012.0,2010.0,2012.0,1.8889,2024,1,9
2024-01-09 03:50:00+00:00,2012.0,2012.0,2011.0,2012.0,0.0419,2024,1,9
2024-01-09 03:55:00+00:00,2011.0,2012.0,2011.0,2012.0,0.0336,2024,1,9
2024-01-09 04:00:00+00:00,2011.0,2012.0,2011.0,2012.0,0.3833,2024,1,9
2024-01-09 04:05:00+00:00,2012.0,2013.0,2011.0,2013.0,0.0665,2024,1,9
2024-01-09 04:10:00+00:00,2013.0,2013.0,2012.0,2013.0,0.1364,2024,1,9
2024-01-09 04:15:00+00:00,2012.0,2013.0,2012.0,2013.0,0.4305,2024,1,9
2024-01-09 04:20:00+00:00,2013.0,2013.0,2012.0,2013.0,0.0516,2024,1,9
2024-01-09 04:25:00+00:00,2012.0,2013.0,2011.0,2012.0,1.2045,2024,1,9
2024-01-09 04:30:00+00:00,2012.0,2012.0,2012.0,2012.0,0.1102,2024,1,9
2024-01-09 04:35:00+00:00,2012.0,2012.0,2012.0,2012.0,0.0252,2024,1,9
2024-01-09 04:40:00+00:00,2011.0,2012.0,2011.0,2012.0,0.2231,2024,1,9
2024-01-09 04:45:00+00:00,2011.0,2012.0,2011.0,2012.0,1.0522,2024,1,9
2024-01-09 04:50:00+00:00,2012.0,2012.0,2011.0,2012.0,0.0848,2024,1,9
2024-01-09 04:55:00+00:00,2011.0,2012.0,2011.0,2012.0,0.1516,2024,1,9
2024-01-09 05:00:00+00:00,2011.0,2013.0,2011.0,2013.0,3.2912,2024,1,9
2024-01-09 05:05:00+00:00,2012.0,2013.0,2012.0,2013.0,1.2805,2024,1,9
2024-01-09 05:10:00+00:00,2013.0,2013.0,2011.0,2011.0,0.6578,2024,1,9
2024-01-09 05:15:00+00:00,2011.0,2011.0,2010.0,2011.0,0.317,2024,1,9
2024-01-09 05:20:00+00:00,2011.0,2011.0,2010.0,2011.0,0.0681,2024,1,9
2024-01-09 05:25:00+00:00,2011.0,2011.0,2009.0,2009.0,2.2033,2024,1,9
2024-01-09 05:30:00+00:00,2009.0,2010.0,2008.0,2010.0,0.4686,2024,1,9
2024-01-09 05:35:00+00:00,2009.0,2010.0,2009.0,2010.0,1.0983,2024,1,9
2024-01-09 05:40:00+00:00,2010.0,2010.0,2009.0,2010.0,0.0554,2024,1,9
2024-01-09 05:45:00+00:00,2010.0,2010.0,2009.0,2010.0,0.0257,2024,1,9
2024-01-09 05:50:00+00:00,2009.0,2011.0,2008.0,2011.0,5.5959,2024,1,9
2024-01-09 05:55:00+00:00,2010.0,2011.0,2009.0,2011.0,3.3186,2024,1,9
2024-01-09 06:00:00+00:00,2011.0,2011.0,2009.0,2010.0,0.1939,2024,1,9
2024-01-09 06:05:00+00:00,2010.0,2010.0,2009.0,2010.0,0.4878,2024,1,9
2024-01-09 06:10:00+00:00,2009.0,2010.0,2009.0,2010.0,0.5463,2024,1,9
2024-01-09 06:15:00+00:00,2009.0,2010.0,2009.0,2010.0,0.141,2024,1,9
2024-01-09 06:20:00+00:00,2010.0,2010.0,2009.0,2010.0,0.5557,2024,1,9
2024-01-09 06:25:00+00:00,2010.0,2010.0,2009.0,2010.0,0.1347,2024,1,9
2024-01-09 06:30:00+00:00,2009.0,2011.0,2009.0,2011.0,2.7028,2024,1,9
2024-01-09 06:35:00+00:00,2009.0,2012.0,2009.0,2012.0,6.903,2024,1,9
2024-01-09 06:40:00+00:00,2010.0,2013.0,2010.0,2012.0,6.9761,2024,1,9
2024-01-09 06:45:00+00:00,2012.0,2012.0,2011.0,2011.0,5.0537,2024,1,9
2024-01-09 06:50:00+00:00,2011.0,2012.0,2010.0,2012.0,0.0903,2024,1,9
2024-01-09 06:55:00+00:00,2011.0,2012.0,2010.0,2012.0,1.2674,2024,1,9
2024-01-09 07:00:00+00:00,2011.0,2011.0,2010.0,2010.0,0.4285,2024,1,9
2024-01-09 07:05:00+00:00,2012.0,2012.0,2011.0,2012.0,0.3905,2024,1,9
2024-01-09 07:10:00+00:00,2012.0,2014.0,2011.0,2013.0,1.786,2024,1,9
2024-01-09 07:15:00+00:00,2013.0,2014.0,2013.0,2014.0,0.0282,2024,1,9
2024-01-09 07:20:00+00:00,2014.0,2014.0,2014.0,2014.0,0.0692,2024,1,9
2024-01-09 07:25:00+00:00,2014.0,2015.0,2014.0,2015.0,8.9819,2024,1,9
2024-01-09 07:30:00+00:00,2013.0,2014.0,2013.0,2014.0,0.0424,2024,1,9
2024-01-09 07:35:00+00:00,2013.0,2013.0,2012.0,2013.0,3.4639,2024,1,9
2024-01-09 07:40:00+00:00,2013.0,2015.0,2012.0,2015.0,2.7607,2024,1,9
2024-01-09 07:45:00+00:00,2013.0,2016.0,2012.0,2013.0,4.7268,2024,1,9
2024-01-09 07:50:00+00:00,2013.0,2014.0,2013.0,2014.0,0.1328,2024,1,9
2024-01-09 07:55:00+00:00,2013.0,2015.0,2013.0,2013.0,0.0887,2024,1,9
2024-01-09 08:00:00+00:00,2014.0,2015.0,2014.0,2015.0,0.0414,2024,1,9
2024-01-09 08:05:00+00:00,2015.0,2015.0,2014.0,2014.0,0.0503,2024,1,9
2024-01-09 08:10:00+00:00,2014.0,2015.0,2014.0,2014.0,0.2422,2024,1,9
2024-01-09 08:15:00+00:00,2014.0,2014.0,2013.0,2013.0,0.3273,2024,1,9
2024-01-09 08:20:00+00:00,2013.0,2015.0,2013.0,2013.0,0.8442,2024,1,9
2024-01-09 08:25:00+00:00,2014.0,2014.0,2014.0,2014.0,0.0558,2024,1,9
2024-01-09 08:30:00+00:00,2014.0,2015.0,2009.0,2011.0,4.4306,2024,1,9
2024-01-09 08:35:00+00:00,2011.0,2011.0,2010.0,2011.0,0.2245,2024,1,9
2024-01-09 08:40:00+00:00,2011.0,2011.0,2010.0,2011.0,1.8238,2024,1,9
2024-01-09 08:45:00+00:00,2010.0,2011.0,2009.0,2011.0,5.0919,2024,1,9
2024-01-09 08:50:00+00:00,2011.0,2013.0,2011.0,2011.0,0.615,2024,1,9
2024-01-09 08:55:00+00:00,2011.0,2013.0,2011.0,2013.0,0.3163,2024,1,9
2024-01-09 09:00:00+00:00,2011.0,2012.0,2011.0,2011.0,5.2977,2024,1,9
2024-01-09 09:05:00+00:00,2012.0,2013.0,2011.0,2013.0,1.777,2024,1,9
2024-01-09 09:10:00+00:00,2012.0,2013.0,2011.0,2012.0,0.5947,2024,1,9
2024-01-09 09:15:00+00:00,2013.0,2013.0,2012.0,2012.0,0.0123,2024,1,9
2024-01-09 09:20:00+00:00,2012.0,2013.0,2011.0,2013.0,4.2917,2024,1,9
2024-01-09 09:25:00+00:00,2011.0,2014.0,2011.0,2012.0,0.8009,2024,1,9
2024-01-09 09:30:00+00:00,2012.0,2013.0,2012.0,2012.0,0.0536,2024,1,9
2024-01-09 09:35:00+00:00,2013.0,2014.0,2012.0,2013.0,0.1004,2024,1,9
2024-01-09 09:40:00+00:00,2013.0,2015.0,2013.0,2014.0,1.1325,2024,1,9
2024-01-09 09:45:00+00:00,2014.0,2019.0,2012.0,2014.0,15.3676,2024,1,9
2024-01-09 09:50:00+00:00,2014.0,2017.0,2013.0,2016.0,1.7255,2024,1,9
2024-01-09 09:55:00+00:00,2015.0,2016.0,2015.0,2016.0,0.2098,2024,1,9
2024-01-09 10:00:00+00:00,2015.0,2016.0,2015.0,2015.0,0.3677,2024,1,9
2024-01-09 10:05:00+00:00,2014.0,2015.0,2014.0,2015.0,0.2425,2024,1,9
2024-01-09 10:10:00+00:00,2015.0,2015.0,2014.0,2015.0,0.0483,2024,1,9
2024-01-09 10:15:00+00:00,2015.0,2015.0,2014.0,2014.0,0.2762,2024,1,9
2024-01-09 10:20:00+00:00,2015.0,2016.0,2014.0,2014.0,0.5356,2024,1,9
2024-01-09 10:25:00+00:00,2015.0,2015.0,2014.0,2014.0,0.4704,2024,1,9
2024-01-09 10:30:00+00:00,2015.0,2017.0,2014.0,2016.0,1.6298,2024,1,9
2024-01-09 10:35:00+00:00,2016.0,2019.0,2015.0,2017.0,6.2052,2024,1,9
2024-01-09 10:40:00+00:00,2017.0,2018.0,2017.0,2017.0,0.2226,2024,1,9
2024-01-09 10:45:00+00:00,2017.0,2017.0,2016.0,2016.0,0.7558,2024,1,9
2024-01-09 10:50:00+00:00,2016.0,2017.0,2015.0,2016.0,3.93,2024,1,9
2024-01-09 10:55:00+00:00,2016.0,2017.0,2015.0,2016.0,0.3545,2024,1,9
2024-01-09 11:00:00+00:00,2016.0,2017.0,2015.0,2017.0,0.6992,2024,1,9
2024-01-09 11:05:00+00:00,2017.0,2019.0,2017.0,2018.0,1.0902,2024,1,9
2024-01-09 11:10:00+00:00,2018.0,2018.0,2016.0,2016.0,1.5206,2024,1,9
2024-01-09 11:15:00+00:00,2016.0,2019.0,2015.0,2018.0,3.6258,2024,1,9
2024-01-09 11:20:00+00:00,2018.0,2019.0,2018.0,2018.0,0.7186,2024,1,9
2024-01-09 11:25:00+00:00,2018.0,2019.0,2018.0,2018.0,0.2034,2024,1,9
2024-01-09 11:30:00+00:00,2018.0,2019.0,2014.0,2015.0,1.4666,2024,1,9
2024-01-09 11:35:00+00:00,2015.0,2016.0,2013.0,2016.0,0.604,2024,1,9
2024-01-09 11:40:00+00:00,2014.0,2015.0,2013.0,2013.0,0.2789,2024,1,9
2024-01-09 11:45:00+00:00,2014.0,2016.0,2013.0,2014.0,0.3171,2024,1,9
2024-01-09 11:50:00+00:00,2014.0,2016.0,2013.0,2013.0,0.7218,2024,1,9
2024-01-09 11:55:00+00:00,2016.0,2016.0,2014.0,2014.0,0.3034,2024,1,9
2024-01-09 12:00:00+00:00,2015.0,2020.0,2014.0,2018.0,8.4579,2024,1,9
2024-01-09 12:05:00+00:00,2017.0,2018.0,2016.0,2016.0,0.7717,2024,1,9
2024-01-09 12:10:00+00:00,2017.0,2017.0,2015.0,2016.0,0.6886,2024,1,9
2024-01-09 12:15:00+00:00,2016.0,2020.0,2014.0,2014.0,11.2618,2024,1,9
2024-01-09 12:20:00+00:00,2014.0,2015.0,2014.0,2014.0,1.034,2024,1,9
2024-01-09 12:25:00+00:00,2013.0,2015.0,2013.0,2015.0,0.0879,2024,1,9
2024-01-09 12:30:00+00:00,2015.0,2016.0,2013.0,2013.0,1.0296,2024,1,9
2024-01-09 12:35:00+00:00,2014.0,2014.0,2014.0,2014.0,0.0463,2024,1,9
2024-01-09 12:40:00+00:00,2013.0,2014.0,2013.0,2013.0,0.0639,2024,1,9
2024-01-09 12:45:00+00:00,2014.0,2017.0,2014.0,2017.0,0.2896,2024,1,9
2024-01-09 12:50:00+00:00,2017.0,2021.0,2017.0,2020.0,17.9757,2024,1,9
2024-01-09 12:55:00+00:00,2019.0,2019.0,2012.0,2013.0,8.876,2024,1,9
2024-01-09 13:00:00+00:00,2013.0,2015.0,2013.0,2013.0,0.785,2024,1,9
2024-01-09 13:05:00+00:00,2013.0,2015.0,2011.0,2011.0,3.3867,2024,1,9
2024-01-09 13:10:00+00:00,2013.0,2013.0,2011.0,2011.0,0.182,2024,1,9
2024-01-09 13:15:00+00:00,2011.0,2013.0,2011.0,2012.0,1.6586,2024,1,9
2024-01-09 13:20:00+00:00,2013.0,2013.0,2011.0,2012.0,1.9126,2024,1,9
2024-01-09 13:25:00+00:00,2012.0,2012.0,2011.0,2011.0,0.564,2024,1,9
2024-01-09 13:30:00+00:00,2012.0,2013.0,2009.0,2013.0,6.7639,2024,1,9
2024-01-09 13:35:00+00:00,2012.0,2015.0,2011.0,2015.0,2.9413,2024,1,9
2024-01-09 13:40:00+00:00,2013.0,2017.0,2013.0,2016.0,3.3931,2024,1,9
2024-01-09 13:45:00+00:00,2016.0,2018.0,2016.0,2016.0,0.3573,2024,1,9
2024-01-09 13:50:00+00:00,2016.0,2018.0,2016.0,2016.0,0.4466,2024,1,9
2024-01-09 13:55:00+00:00,2016.0,2018.0,2016.0,2018.0,0.5132,2024,1,9
2024-01-09 14:00:00+00:00,2016.0,2018.0,2016.0,2016.0,1.4658,2024,1,9
2024-01-09 14:05:00+00:00,2016.0,2017.0,2016.0,2017.0,0.1349,2024,1,9
2024-01-09 14:10:00+00:00,2017.0,2017.0,2016.0,2016.0,0.1252,2024,1,9
2024-01-09 14:15:00+00:00,2016.0,2016.0,2015.0,2015.0,1.4564,2024,1,9
2024-01-09 14:20:00+00:00,2016.0,2017.0,2015.0,2016.0,2.0735,2024,1,9
2024-01-09 14:25:00+00:00,2015.0,2016.0,2015.0,2015.0,2.3942,2024,1,9
2024-01-09 14:30:00+00:00,2015.0,2015.0,2014.0,2014.0,0.6535,2024,1,9
2024-01-09 14:35:00+00:00,2014.0,2016.0,2014.0,2015.0,4.678,2024,1,9
2024-01-09 14:40:00+00:00,2015.0,2016.0,2014.0,2014.0,1.4768,2024,1,9
2024-01-09 14:45:00+00:00,2015.0,2015.0,2013.0,2015.0,3.8322,2024,1,9
2024-01-09 14:50:00+00:00,2013.0,2014.0,2013.0,2014.0,0.0621,2024,1,9
2024-01-09 14:55:00+00:00,2014.0,2014.0,2008.0,2010.0,5.2688,2024,1,9
2024-01-09 15:00:00+00:00,2011.0,2012.0,2009.0,2012.0,1.1548,2024,1,9
2024-01-09 15:05:00+00:00,2012.0,2012.0,2011.0,2012.0,0.7949,2024,1,9
2024-01-09 15:10:00+00:00,2012.0,2017.0,2011.0,2016.0,4.4434,2024,1,9
2024-01-09 15:15:00+00:00,2015.0,2018.0,2015.0,2016.0,2.349,2024,1,9
2024-01-09 15:20:00+00:00,2017.0,2017.0,2015.0,2015.0,0.5824,2024,1,9
2024-01-09 15:25:00+00:00,2016.0,2017.0,2015.0,2015.0,0.5717,2024,1,9
2024-01-09 15:30:00+00:00,2015.0,2016.0,2014.0,2016.0,0.2956,2024,1,9
2024-01-09 15:35:00+00:00,2015.0,2016.0,2015.0,2016.0,0.2636,2024,1,9
2024-01-09 15:40:00+00:00,2015.0,2018.0,2015.0,2016.0,1.7427,2024,1,9
2024-01-09 15:45:00+00:00,2016.0,2019.0,2013.0,2015.0,5.0408,2024,1,9
2024-01-09 15:50:00+00:00,2015.0,2015.0,2014.0,2014.0,0.1901,2024,1,9
2024-01-09 15:55:00+00:00,2014.0,2016.0,2013.0,2013.0,0.5679,2024,1,9
2024-01-09 16:00:00+00:00,2013.0,2014.0,2013.0,2014.0,1.2405,2024,1,9
2024-01-09 16:05:00+00:00,2012.0,2013.0,2007.0,2009.0,2.0219,2024,1,9
2024-01-09 16:10:00+00:00,2009.0,2009.0,2007.0,2008.0,0.4835,2024,1,9
2024-01-09 16:15:00+00:00,2007.0,2009.0,2007.0,2009.0,0.5656,2024,1,9
2024-01-09 16:20:00+00:00,2008.0,2008.0,2007.0,2007.0,0.1264,2024,1,9
2024-01-09 16:25:00+00:00,2009.0,2010.0,2008.0,2010.0,1.1926,2024,1,9
2024-01-09 16:30:00+00:00,2009.0,2010.0,2009.0,2009.0,0.1678,2024,1,9
2024-01-09 16:35:00+00:00,2009.0,2012.0,2009.0,2012.0,0.8946,2024,1,9
2024-01-09 16:40:00+00:00,2012.0,2012.0,2011.0,2011.0,0.0265,2024,1,9
2024-01-09 16:45:00+00:00,2011.0,2011.0,2011.0,2011.0,0.0,2024,1,9
2024-01-09 16:50:00+00:00,2010.0,2010.0,2009.0,2010.0,0.7317,2024,1,9
2024-01-09 16:55:00+00:00,2010.0,2011.0,2010.0,2011.0,0.0616,2024,1,9
2024-01-09 17:00:00+00:00,2010.0,2010.0,2009.0,2009.0,0.3036,2024,1,9
2024-01-09 17:05:00+00:00,2010.0,2010.0,2010.0,2010.0,0.1682,2024,1,9
2024-01-09 17:10:00+00:00,2010.0,2011.0,2009.0,2011.0,0.5912,2024,1,9
2024-01-09 17:15:00+00:00,2011.0,2017.0,2010.0,2016.0,8.9096,2024,1,9
2024-01-09 17:20:00+00:00,2015.0,2017.0,2014.0,2015.0,2.1705,2024,1,9
2024-01-09 17:25:00+00:00,2014.0,2018.0,2014.0,2017.0,5.6156,2024,1,9
2024-01-09 17:30:00+00:00,2017.0,2020.0,2017.0,2020.0,5.6732,2024,1,9
2024-01-09 17:35:00+00:00,2021.0,2022.0,2016.0,2018.0,18.5463,2024,1,9
2024-01-09 17:40:00+00:00,2016.0,2016.0,2014.0,2014.0,0.6942,2024,1,9
2024-01-09 17:45:00+00:00,2015.0,2015.0,2013.0,2013.0,0.472,2024,1,9
2024-01-09 17:50:00+00:00,2012.0,2013.0,2012.0,2013.0,0.1355,2024,1,9
2024-01-09 17:55:00+00:00,2013.0,2013.0,2012.0,2013.0,0.5843,2024,1,9
2024-01-09 18:00:00+00:00,2013.0,2013.0,2012.0,2012.0,0.9051,2024,1,9
2024-01-09 18:05:00+00:00,2012.0,2013.0,2012.0,2012.0,0.1251,2024,1,9
2024-01-09 18:10:00+00:00,2013.0,2013.0,2010.0,2011.0,3.0688,2024,1,9
2024-01-09 18:15:00+00:00,2011.0,2012.0,2009.0,2011.0,3.1529,2024,1,9
2024-01-09 18:20:00+00:00,2012.0,2013.0,2012.0,2012.0,1.9575,2024,1,9
2024-01-09 18:25:00+00:00,2012.0,2014.0,2012.0,2014.0,1.5455,2024,1,9
2024-01-09 18:30:00+00:00,2013.0,2014.0,2009.0,2012.0,9.0351,2024,1,9
2024-01-09 18:35:00+00:00,2012.0,2013.0,2012.0,2012.0,1.0015,2024,1,9
2024-01-09 18:40:00+00:00,2011.0,2012.0,2010.0,2012.0,1.641,2024,1,9
2024-01-09 18:45:00+00:00,2012.0,2019.0,2012.0,2016.0,10.9009,2024,1,9
2024-01-09 18:50:00+00:00,2016.0,2016.0,2014.0,2014.0,1.2753,2024,1,9
2024-01-09 18:55:00+00:00,2016.0,2016.0,2015.0,2016.0,0.071,2024,1,9
2024-01-09 19:00:00+00:00,2015.0,2015.0,2011.0,2011.0,1.0898,2024,1,9
2024-01-09 19:05:00+00:00,2013.0,2013.0,2013.0,2013.0,0.0051,2024,1,9
2024-01-09 19:10:00+00:00,2013.0,2013.0,2010.0,2011.0,1.9686,2024,1,9
2024-01-09 19:15:00+00:00,2012.0,2014.0,2010.0,2010.0,0.516,2024,1,9
2024-01-09 19:20:00+00:00,2012.0,2012.0,2010.0,2010.0,0.7093,2024,1,9
2024-01-09 19:25:00+00:00,2012.0,2012.0,2010.0,2012.0,1.7151,2024,1,9
2024-01-09 19:30:00+00:00,2013.0,2013.0,2011.0,2011.0,0.3971,2024,1,9
2024-01-09 19:35:00+00:00,2011.0,2011.0,2011.0,2011.0,0.0336,2024,1,9
2024-01-09 19:40:00+00:00,2012.0,2014.0,2010.0,2013.0,1.8216,2024,1,9
2024-01-09 19:45:00+00:00,2014.0,2014.0,2010.0,2013.0,1.0819,2024,1,9
2024-01-09 19:50:00+00:00,2013.0,2014.0,2013.0,2014.0,0.1558,2024,1,9
2024-01-09 19:55:00+00:00,2013.0,2014.0,2013.0,2013.0,0.4108,2024,1,9
2024-01-09 20:00:00+00:00,2014.0,2016.0,2014.0,2016.0,0.5746,2024,1,9
2024-01-09 20:05:00+00:00,2016.0,2017.0,2012.0,2016.0,3.5177,2024,1,9
2024-01-09 20:10:00+00:00,2016.0,2016.0,2013.0,2013.0,0.3885,2024,1,9
2024-01-09 20:15:00+00:00,2014.0,2015.0,2013.0,2014.0,0.1727,2024,1,9
2024-01-09 20:20:00+00:00,2015.0,2015.0,2014.0,2014.0,0.1373,2024,1,9
2024-01-09 20:25:00+00:00,2014.0,2014.0,2013.0,2014.0,0.1075,2024,1,9
2024-01-09 20:30:00+00:00,2013.0,2014.0,2013.0,2013.0,1.4315,2024,1,9
2024-01-09 20:35:00+00:00,2012.0,2013.0,2012.0,2012.0,0.1044,2024,1,9
2024-01-09 20:40:00+00:00,2012.0,2013.0,2012.0,2013.0,0.3939,2024,1,9
2024-01-09 20:45:00+00:00,2013.0,2013.0,2012.0,2013.0,0.2542,2024,1,9
2024-01-09 20:50:00+00:00,2013.0,2014.0,2012.0,2013.0,0.4671,2024,1,9
2024-01-09 20:55:00+00:00,2013.0,2014.0,2013.0,2013.0,0.3292,2024,1,9
2024-01-09 21:00:00+00:00,2013.0,2014.0,2013.0,2014.0,0.2084,2024,1,9
2024-01-09 21:05:00+00:00,2013.0,2014.0,2013.0,2014.0,0.7359,2024,1,9
2024-01-09 21:10:00+00:00,2014.0,2019.0,2012.0,2017.0,10.2276,2024,1,9
2024-01-09 21:15:00+00:00,2019.0,2020.0,2010.0,2012.0,16.3266,2024,1,9
2024-01-09 21:20:00+00:00,2012.0,2020.0,2011.0,2015.0,11.9977,2024,1,9
2024-01-09 21:25:00+00:00,2015.0,2015.0,2006.0,2011.0,21.5255,2024,1,9
2024-01-09 21:30:00+00:00,2011.0,2013.0,2006.0,2011.0,3.8521,2024,1,9
2024-01-09 21:35:00+00:00,2011.0,2016.0,2011.0,2016.0,3.8598,2024,1,9
2024-01-09 21:40:00+00:00,2016.0,2018.0,2015.0,2018.0,2.7542,2024,1,9
2024-01-09 21:45:00+00:00,2018.0,2019.0,2017.0,2017.0,1.6735,2024,1,9
2024-01-09 21:50:00+00:00,2017.0,2017.0,2016.0,2016.0,1.3685,2024,1,9
2024-01-09 21:55:00+00:00,2017.0,2017.0,2012.0,2012.0,4.9836,2024,1,9
2024-01-09 22:00:00+00:00,2014.0,2016.0,2012.0,2016.0,1.1562,2024,1,9
2024-01-09 22:05:00+00:00,2015.0,2018.0,2015.0,2017.0,0.3359,2024,1,9
2024-01-09 22:10:00+00:00,2018.0,2018.0,2017.0,2017.0,0.3275,2024,1,9
2024-01-09 22:15:00+00:00,2017.0,2018.0,2016.0,2017.0,0.7144,2024,1,9
2024-01-09 22:20:00+00:00,2016.0,2016.0,2012.0,2013.0,3.7137,2024,1,9
2024-01-09 22:25:00+00:00,2013.0,2017.0,2011.0,2017.0,0.7627,2024,1,9
2024-01-09 22:30:00+00:00,2016.0,2016.0,2009.0,2015.0,9.3874,2024,1,9
2024-01-09 22:35:00+00:00,2016.0,2016.0,2013.0,2014.0,1.301,2024,1,9
2024-01-09 22:40:00+00:00,2015.0,2016.0,2012.0,2012.0,0.3481,2024,1,9
2024-01-09 22:45:00+00:00,2012.0,2012.0,2010.0,2011.0,1.2227,2024,1,9
2024-01-09 22:50:00+00:00,2011.0,2012.0,2010.0,2010.0,2.9837,2024,1,9
2024-01-09 22:55:00+00:00,2011.0,2015.0,2010.0,2013.0,2.5619,2024,1,9
2024-01-09 23:00:00+00:00,2014.0,2014.0,2011.0,2012.0,0.0694,2024,1,9
2024-01-09 23:05:00+00:00,2011.0,2014.0,2009.0,2009.0,0.688,2024,1,9
2024-01-09 23:10:00+00:00,2010.0,2011.0,2010.0,2011.0,0.032,2024,1,9
2024-01-09 23:15:00+00:00,2011.0,2013.0,2010.0,2012.0,0.4558,2024,1,9
2024-01-09 23:20:00+00:00,2012.0,2014.0,2011.0,2014.0,0.3411,2024,1,9
2024-01-09 23:25:00+00:00,2014.0,2014.0,2014.0,2014.0,0.1072,2024,1,9
2024-01-09 23:30:00+00:00,2014.0,2016.0,2014.0,2015.0,0.4118,2024,1,9
2024-01-09 23:35:00+00:00,2016.0,2016.0,2014.0,2015.0,0.7078,2024,1,9
2024-01-09 23:40:00+00:00,2013.0,2016.0,2013.0,2016.0,0.2174,2024,1,9
2024-01-09 23:45:00+00:00,2015.0,2016.0,2009.0,2014.0,2.4708,2024,1,9
2024-01-09 23:50:00+00:00,2014.0,2015.0,2013.0,2015.0,0.1074,2024,1,9
2024-01-09 23:55:00+00:00,2015.0,2015.0,2015.0,2015.0,0.0793,2024,1,9
2024-01-10 00:00:00+00:00,2014.0,2018.0,2014.0,2014.0,3.9313,2024,1,10
2024-01-10 00:05:00+00:00,2015.0,2018.0,2015.0,2018.0,0.763,2024,1,10
2024-01-10 00:10:00+00:00,2018.0,2020.0,2017.0,2020.0,1.9403,2024,1,10
2024-01-10 00:15:00+00:00,2018.0,2019.0,2018.0,2018.0,2.525,2024,1,10
2024-01-10 00:20:00+00:00,2018.0,2018.0,2016.0,2016.0,1.1987,2024,1,10
2024-01-10 00:25:00+00:00,2016.0,2023.0,2016.0,2021.0,11.0465,2024,1,10
2024-01-10 00:30:00+00:00,2019.0,2020.0,2016.0,2020.0,1.8328,2024,1,10
2024-01-10 00:35:00+00:00,2020.0,2020.0,2019.0,2019.0,0.2253,2024,1,10
2024-01-10 00:40:00+00:00,2020.0,2021.0,2019.0,2020.0,0.2016,2024,1,10
2024-01-10 00:45:00+00:00,2021.0,2021.0,2020.0,2020.0,0.7134,2024,1,10
2024-01-10 00:50:00+00:00,2020.0,2020.0,2017.0,2018.0,0.1494,2024,1,10
2024-01-10 00:55:00+00:00,2018.0,2021.0,2018.0,2020.0,0.3337,2024,1,10
2024-01-10 01:00:00+00:00,2019.0,2021.0,2018.0,2019.0,0.4751,2024,1,10
2024-01-10 01:05:00+00:00,2020.0,2020.0,2019.0,2020.0,0.1161,2024,1,10
2024-01-10 01:10:00+00:00,2020.0,2023.0,2020.0,2021.0,2.9044,2024,1,10
2024-01-10 01:15:00+00:00,2021.0,2021.0,2017.0,2017.0,1.7397,2024,1,10
2024-01-10 01:20:00+00:00,2016.0,2021.0,2016.0,2020.0,0.1923,2024,1,10
2024-01-10 01:25:00+00:00,2020.0,2023.0,2019.0,2020.0,0.9882,2024,1,10
2024-01-10 01:30:00+00:00,2021.0,2021.0,2019.0,2020.0,0.212,2024,1,10
2024-01-10 01:35:00+00:00,2020.0,2023.0,2017.0,2018.0,1.5974,2024,1,10
2024-01-10 01:40:00+00:00,2017.0,2021.0,2017.0,2020.0,0.4129,2024,1,10
2024-01-10 01:45:00+00:00,2020.0,2021.0,2017.0,2019.0,0.0743,2024,1,10
2024-01-10 01:50:00+00:00,2018.0,2022.0,2017.0,2019.0,1.5725,2024,1,10
2024-01-10 01:55:00+00:00,2019.0,2020.0,2019.0,2020.0,0.0952,2024,1,10
2024-01-10 02:00:00+00:00,2019.0,2021.0,2019.0,2021.0,0.753,2024,1,10
2024-01-10 02:05:00+00:00,2021.0,2021.0,2019.0,2020.0,0.4925,2024,1,10
2024-01-10 02:10:00+00:00,2019.0,2020.0,2018.0,2018.0,0.554,2024,1,10
2024-01-10 02:15:00+00:00,2019.0,2021.0,2019.0,2021.0,0.2693,2024,1,10
2024-01-10 02:20:00+00:00,2021.0,2021.0,2019.0,2020.0,0.3342,2024,1,10
2024-01-10 02:25:00+00:00,2020.0,2021.0,2019.0,2021.0,0.2176,2024,1,10
2024-01-10 02:30:00+00:00,2021.0,2021.0,2020.0,2021.0,0.1613,2024,1,10
2024-01-10 02:35:00+00:00,2020.0,2020.0,2015.0,2017.0,5.338,2024,1,10
2024-01-10 02:40:00+00:00,2017.0,2018.0,2015.0,2016.0,5.2813,2024,1,10
2024-01-10 02:45:00+00:00,2016.0,2016.0,2015.0,2016.0,0.2736,2024,1,10
2024-01-10 02:50:00+00:00,2016.0,2016.0,2015.0,2016.0,0.2275,2024,1,10
2024-01-10 02:55:00+00:00,2016.0,2016.0,2015.0,2016.0,0.1104,2024,1,10
2024-01-10 03:00:00+00:00,2016.0,2016.0,2015.0,2016.0,0.2434,2024,1,10
2024-01-10 03:05:00+00:00,2016.0,2016.0,2016.0,2016.0,0.7403,2024,1,10
2024-01-10 03:10:00+00:00,2016.0,2016.0,2015.0,2015.0,0.261,2024,1,10
2024-01-10 03:15:00+00:00,2015.0,2017.0,2015.0,2017.0,0.0912,2024,1,10
2024-01-10 03:20:00+00:00,2017.0,2018.0,2016.0,2016.0,0.1936,2024,1,10
2024-01-10 03:25:00+00:00,2016.0,2018.0,2016.0,2017.0,0.3521,2024,1,10
2024-01-10 03:30:00+00:00,2017.0,2018.0,2015.0,2017.0,0.096,2024,1,10
2024-01-10 03:35:00+00:00,2017.0,2019.0,2015.0,2019.0,1.1347,2024,1,10
2024-01-10 03:40:00+00:00,2019.0,2019.0,2018.0,2019.0,0.0975,2024,1,10
2024-01-10 03:45:00+00:00,2019.0,2019.0,2016.0,2016.0,0.2311,2024,1,10
2024-01-10 03:50:00+00:00,2016.0,2016.0,2015.0,2016.0,0.1624,2024,1,10
2024-01-10 03:55:00+00:00,2016.0,2016.0,2014.0,2016.0,0.2656,2024,1,10
2024-01-10 04:00:00+00:00,2015.0,2017.0,2013.0,2014.0,0.973,2024,1,10
2024-01-10 04:05:00+00:00,2013.0,2015.0,2012.0,2012.0,1.1067,2024,1,10
2024-01-10 04:10:00+00:00,2013.0,2016.0,2012.0,2016.0,0.6389,2024,1,10
2024-01-10 04:15:00+00:00,2017.0,2020.0,2016.0,2016.0,3.0544,2024,1,10
2024-01-10 04:20:00+00:00,2016.0,2016.0,2016.0,2016.0,0.0,2024,1,10
2024-01-10 04:25:00+00:00,2018.0,2018.0,2017.0,2018.0,0.0152,2024,1,10
2024-01-10 04:30:00+00:00,2016.0,2018.0,2015.0,2018.0,0.3772,2024,1,10
2024-01-10 04:35:00+00:00,2016.0,2017.0,2015.0,2015.0,0.4249,2024,1,10
2024-01-10 04:40:00+00:00,2016.0,2016.0,2015.0,2016.0,0.2287,2024,1,10
2024-01-10 04:45:00+00:00,2017.0,2017.0,2017.0,2017.0,0.3257,2024,1,10
2024-01-10 04:50:00+00:00,2018.0,2028.0,2018.0,2025.0,32.3989,2024,1,10
2024-01-10 04:55:00+00:00,2024.0,2025.0,2021.0,2021.0,4.0485,2024,1,10
2024-01-10 05:00:00+00:00,2020.0,2021.0,2020.0,2021.0,0.5714,2024,1,10
2024-01-10 05:05:00+00:00,2021.0,2021.0,2020.0,2020.0,0.0879,2024,1,10
2024-01-10 05:10:00+00:00,2021.0,2021.0,2021.0,2021.0,0.0124,2024,1,10
2024-01-10 05:15:00+00:00,2020.0,2020.0,2020.0,2020.0,0.0055,2024,1,10
2024-01-10 05:20:00+00:00,2021.0,2021.0,2018.0,2019.0,0.6435,2024,1,10
2024-01-10 05:25:00+00:00,2019.0,2019.0,2019.0,2019.0,0.004,2024,1,10
2024-01-10 05:30:00+00:00,2019.0,2019.0,2017.0,2019.0,0.0237,2024,1,10
2024-01-10 05:35:00+00:00,2018.0,2018.0,2017.0,2017.0,0.1743,2024,1,10
2024-01-10 05:40:00+00:00,2018.0,2018.0,2017.0,2017.0,0.0361,2024,1,10
2024-01-10 05:45:00+00:00,2018.0,2018.0,2016.0,2018.0,2.7796,2024,1,10
2024-01-10 05:50:00+00:00,2018.0,2018.0,2018.0,2018.0,0.0621,2024,1,10
2024-01-10 05:55:00+00:00,2018.0,2018.0,2015.0,2018.0,2.1854,2024,1,10
2024-01-10 06:00:00+00:00,2017.0,2017.0,2015.0,2017.0,0.3515,2024,1,10
2024-01-10 06:05:00+00:00,2016.0,2016.0,2016.0,2016.0,0.0094,2024,1,10
2024-01-10 06:10:00+00:00,2016.0,2016.0,2014.0,2014.0,1.5834,2024,1,10
2024-01-10 06:15:00+00:00,2014.0,2014.0,2012.0,2012.0,7.3042,2024,1,10
2024-01-10 06:20:00+00:00,2012.0,2012.0,2011.0,2012.0,2.3063,2024,1,10
2024-01-10 06:25:00+00:00,2012.0,2014.0,2011.0,2014.0,1.5066,2024,1,10
2024-01-10 06:30:00+00:00,2014.0,2014.0,2013.0,2014.0,1.4049,2024,1,10
2024-01-10 06:35:00+00:00,2014.0,2014.0,2014.0,2014.0,0.1288,2024,1,10
2024-01-10 06:40:00+00:00,2014.0,2014.0,2010.0,2014.0,1.9613,2024,1,10
2024-01-10 06:45:00+00:00,2014.0,2014.0,2013.0,2013.0,0.0581,2024,1,10
2024-01-10 06:50:00+00:00,2013.0,2014.0,2013.0,2014.0,0.0921,2024,1,10
2024-01-10 06:55:00+00:00,2014.0,2014.0,2014.0,2014.0,0.0244,2024,1,10
2024-01-10 07:00:00+00:00,2013.0,2014.0,2013.0,2014.0,1.1021,2024,1,10
2024-01-10 07:05:00+00:00,2013.0,2014.0,2013.0,2014.0,0.498,2024,1,10
2024-01-10 07:10:00+00:00,2013.0,2014.0,2013.0,2014.0,0.0759,2024,1,10
2024-01-10 07:15:00+00:00,2013.0,2013.0,2013.0,2013.0,0.0662,2024,1,10
2024-01-10 07:20:00+00:00,2013.0,2014.0,2013.0,2014.0,0.4091,2024,1,10
2024-01-10 07:25:00+00:00,2014.0,2014.0,2013.0,2014.0,0.7638,2024,1,10
2024-01-10 07:30:00+00:00,2014.0,2014.0,2013.0,2014.0,1.2375,2024,1,10
2024-01-10 07:35:00+00:00,2014.0,2016.0,2014.0,2014.0,3.3431,2024,1,10
2024-01-10 07:40:00+00:00,2014.0,2016.0,2014.0,2015.0,1.0808,2024,1,10
2024-01-10 07:45:00+00:00,2016.0,2016.0,2016.0,2016.0,0.3502,2024,1,10
2024-01-10 07:50:00+00:00,2016.0,2016.0,2010.0,2014.0,5.1241,2024,1,10
2024-01-10 07:55:00+00:00,2014.0,2014.0,2014.0,2014.0,0.0,2024,1,10
2024-01-10 08:00:00+00:00,2016.0,2017.0,2016.0,2017.0,0.5625,2024,1,10
2024-01-10 08:05:00+00:00,2017.0,2019.0,2017.0,2019.0,0.3255,2024,1,10
2024-01-10 08:10:00+00:00,2018.0,2019.0,2018.0,2018.0,0.1704,2024,1,10
2024-01-10 08:15:00+00:00,2018.0,2020.0,2018.0,2020.0,2.0667,2024,1,10
2024-01-10 08:20:00+00:00,2019.0,2019.0,2017.0,2018.0,0.8596,2024,1,10
2024-01-10 08:25:00+00:00,2018.0,2020.0,2008.0,2013.0,48.0529,2024,1,10
2024-01-10 08:30:00+00:00,2014.0,2015.0,2012.0,2012.0,1.8606,2024,1,10
2024-01-10 08:35:00+00:00,2014.0,2015.0,2012.0,2014.0,0.8949,2024,1,10
2024-01-10 08:40:00+00:00,2014.0,2015.0,2013.0,2013.0,0.6344,2024,1,10
2024-01-10 08:45:00+00:00,2013.0,2014.0,2012.0,2013.0,0.9509,2024,1,10
2024-01-10 08:50:00+00:00,2013.0,2014.0,2012.0,2012.0,1.1497,2024,1,10
2024-01-10 08:55:00+00:00,2012.0,2015.0,2012.0,2014.0,0.8482,2024,1,10
2024-01-10 09:00:00+00:00,2013.0,2016.0,2013.0,2014.0,0.4723,2024,1,10
2024-01-10 09:05:00+00:00,2015.0,2016.0,2015.0,2015.0,0.2333,2024,1,10
2024-01-10 09:10:00+00:00,2015.0,2015.0,2013.0,2014.0,1.1281,2024,1,10
2024-01-10 09:15:00+00:00,2014.0,2021.0,2014.0,2019.0,11.2904,2024,1,10
2024-01-10 09:20:00+00:00,2018.0,2018.0,2016.0,2016.0,1.4544,2024,1,10
2024-01-10 09:25:00+00:00,2016.0,2018.0,2016.0,2018.0,3.9556,2024,1,10
2024-01-10 09:30:00+00:00,2017.0,2018.0,2016.0,2018.0,8.3821,2024,1,10
2024-01-10 09:35:00+00:00,2018.0,2018.0,2017.0,2018.0,2.4873,2024,1,10
2024-01-10 09:40:00+00:00,2018.0,2018.0,2016.0,2017.0,0.874,2024,1,10
2024-01-10 09:45:00+00:00,2017.0,2018.0,2016.0,2017.0,2.8417,2024,1,10
2024-01-10 09:50:00+00:00,2017.0,2018.0,2016.0,2017.0,0.5334,2024,1,10
2024-01-10 09:55:00+00:00,2017.0,2019.0,2017.0,2017.0,0.5643,2024,1,10
2024-01-10 10:00:00+00:00,2017.0,2020.0,2017.0,2019.0,1.5008,2024,1,10
2024-01-10 10:05:00+00:00,2019.0,2019.0,2017.0,2018.0,0.4928,2024,1,10
2024-01-10 10:10:00+00:00,2019.0,2020.0,2017.0,2018.0,0.3887,2024,1,10
2024-01-10 10:15:00+00:00,2017.0,2020.0,2011.0,2015.0,15.9306,2024,1,10
2024-01-10 10:20:00+00:00,2014.0,2017.0,2013.0,2014.0,0.8448,2024,1,10
2024-01-10 10:25:00+00:00,2015.0,2016.0,2013.0,2015.0,1.2108,2024,1,10
2024-01-10 10:30:00+00:00,2015.0,2017.0,2014.0,2015.0,0.4603,2024,1,10
2024-01-10 10:35:00+00:00,2014.0,2015.0,2013.0,2014.0,1.0048,2024,1,10
2024-01-10 10:40:00+00:00,2014.0,2015.0,2013.0,2013.0,0.5125,2024,1,10
2024-01-10 10:45:00+00:00,2013.0,2017.0,2013.0,2015.0,2.7722,2024,1,10
2024-01-10 10:50:00+00:00,2015.0,2016.0,2014.0,2016.0,0.1678,2024,1,10
2024-01-10 10:55:00+00:00,2016.0,2016.0,2014.0,2015.0,4.2453,2024,1,10
2024-01-10 11:00:00+00:00,2016.0,2016.0,2015.0,2015.0,0.0535,2024,1,10
2024-01-10 11:05:00+00:00,2015.0,2016.0,2011.0,2014.0,13.917,2024,1,10
2024-01-10 11:10:00+00:00,2014.0,2015.0,2012.0,2012.0,0.2394,2024,1,10
2024-01-10 11:15:00+00:00,2015.0,2015.0,2015.0,2015.0,0.1187,2024,1,10
2024-01-10 11:20:00+00:00,2015.0,2015.0,2015.0,2015.0,0.0062,2024,1,10
2024-01-10 11:25:00+00:00,2015.0,2015.0,2014.0,2014.0,0.0362,2024,1,10
2024-01-10 11:30:00+00:00,2015.0,2015.0,2014.0,2014.0,0.0267,2024,1,10
2024-01-10 11:35:00+00:00,2014.0,2014.0,2014.0,2014.0,0.0059,2024,1,10
2024-01-10 11:40:00+00:00,2015.0,2015.0,2013.0,2013.0,0.2243,2024,1,10
2024-01-10 11:45:00+00:00,2014.0,2014.0,2013.0,2014.0,0.0378,2024,1,10
2024-01-10 11:50:00+00:00,2013.0,2014.0,2010.0,2012.0,8.097,2024,1,10
2024-01-10 11:55:00+00:00,2012.0,2015.0,2012.0,2015.0,3.7998,2024,1,10
2024-01-10 12:00:00+00:00,2014.0,2015.0,2014.0,2015.0,0.1188,2024,1,10
2024-01-10 12:05:00+00:00,2012.0,2014.0,2007.0,2013.0,29.2754,2024,1,10
2024-01-10 12:10:00+00:00,2014.0,2014.0,2013.0,2014.0,1.3993,2024,1,10
2024-01-10 12:15:00+00:00,2014.0,2014.0,2012.0,2013.0,1.6268,2024,1,10
2024-01-10 12:20:00+00:00,2013.0,2014.0,2011.0,2013.0,12.4893,2024,1,10
2024-01-10 12:25:00+00:00,2014.0,2015.0,2011.0,2014.0,8.8785,2024,1,10
2024-01-10 12:30:00+00:00,2014.0,2020.0,2014.0,2017.0,30.5244,2024,1,10
2024-01-10 12:35:00+00:00,2018.0,2019.0,2016.0,2017.0,3.0723,2024,1,10
2024-01-10 12:40:00+00:00,2017.0,2019.0,2016.0,2019.0,3.0999,2024,1,10
2024-01-10 12:45:00+00:00,2019.0,2019.0,2010.0,2012.0,13.174,2024,1,10
2024-01-10 12:50:00+00:00,2012.0,2014.0,2009.0,2012.0,8.0974,2024,1,10
2024-01-10 12:55:00+00:00,2010.0,2015.0,2009.0,2012.0,6.9898,2024,1,10
2024-01-10 13:00:00+00:00,2013.0,2015.0,2009.0,2013.0,8.1764,2024,1,10
2024-01-10 13:05:00+00:00,2013.0,2016.0,2009.0,2016.0,3.9547,2024,1,10
2024-01-10 13:10:00+00:00,2016.0,2016.0,2014.0,2015.0,1.4131,2024,1,10
2024-01-10 13:15:00+00:00,2015.0,2017.0,2014.0,2016.0,3.9328,2024,1,10
2024-01-10 13:20:00+00:00,2015.0,2017.0,2014.0,2017.0,0.3758,2024,1,10
2024-01-10 13:25:00+00:00,2017.0,2017.0,2015.0,2017.0,0.4306,2024,1,10
2024-01-10 13:30:00+00:00,2016.0,2017.0,2014.0,2015.0,0.6446,2024,1,10
2024-01-10 13:35:00+00:00,2015.0,2015.0,2014.0,2015.0,0.4869,2024,1,10
2024-01-10 13:40:00+00:00,2015.0,2018.0,2012.0,2015.0,10.9358,2024,1,10
2024-01-10 13:45:00+00:00,2015.0,2017.0,2013.0,2017.0,0.6844,2024,1,10
2024-01-10 13:50:00+00:00,2017.0,2017.0,2015.0,2015.0,0.8202,2024,1,10
2024-01-10 13:55:00+00:00,2015.0,2015.0,2014.0,2015.0,0.5747,2024,1,10
2024-01-10 14:00:00+00:00,2015.0,2016.0,2014.0,2015.0,0.2585,2024,1,10
2024-01-10 14:05:00+00:00,2015.0,2016.0,2014.0,2016.0,0.3394,2024,1,10
2024-01-10 14:10:00+00:00,2016.0,2016.0,2014.0,2015.0,0.4012,2024,1,10
2024-01-10 14:15:00+00:00,2015.0,2016.0,2014.0,2015.0,0.4859,2024,1,10
2024-01-10 14:20:00+00:00,2014.0,2017.0,2013.0,2016.0,5.2997,2024,1,10
2024-01-10 14:25:00+00:00,2014.0,2017.0,2014.0,2016.0,2.613,2024,1,10
2024-01-10 14:30:00+00:00,2016.0,2016.0,2014.0,2016.0,0.9105,2024,1,10
2024-01-10 14:35:00+00:00,2016.0,2016.0,2014.0,2016.0,0.3245,2024,1,10
2024-01-10 14:40:00+00:00,2016.0,2017.0,2014.0,2014.0,2.3163,2024,1,10
2024-01-10 14:45:00+00:00,2014.0,2014.0,2012.0,2013.0,1.2765,2024,1,10
2024-01-10 14:50:00+00:00,2013.0,2014.0,2012.0,2013.0,0.6418,2024,1,10
2024-01-10 14:55:00+00:00,2013.0,2015.0,2012.0,2013.0,4.5259,2024,1,10
2024-01-10 15:00:00+00:00,2014.0,2015.0,2012.0,2013.0,8.4687,2024,1,10
2024-01-10 15:05:00+00:00,2014.0,2017.0,2012.0,2014.0,7.1393,2024,1,10
2024-01-10 15:10:00+00:00,2015.0,2018.0,2015.0,2016.0,10.7019,2024,1,10
2024-01-10 15:15:00+00:00,2017.0,2018.0,2016.0,2018.0,0.776,2024,1,10
2024-01-10 15:20:00+00:00,2018.0,2018.0,2017.0,2017.0,0.4574,2024,1,10
2024-01-10 15:25:00+00:00,2017.0,2018.0,2016.0,2018.0,1.1546,2024,1,10
2024-01-10 15:30:00+00:00,2017.0,2017.0,2014.0,2015.0,2.1416,2024,1,10
2024-01-10 15:35:00+00:00,2015.0,2017.0,2010.0,2016.0,13.4669,2024,1,10
2024-01-10 15:40:00+00:00,2016.0,2017.0,2013.0,2015.0,1.4821,2024,1,10
2024-01-10 15:45:00+00:00,2015.0,2016.0,2013.0,2015.0,2.4208,2024,1,10
2024-01-10 15:50:00+00:00,2015.0,2016.0,2014.0,2016.0,0.3801,2024,1,10
2024-01-10 15:55:00+00:00,2016.0,2016.0,2014.0,2016.0,1.3551,2024,1,10
2024-01-10 16:00:00+00:00,2016.0,2016.0,2012.0,2012.0,5.895,2024,1,10
2024-01-10 16:05:00+00:00,2012.0,2012.0,2011.0,2012.0,2.7112,2024,1,10
2024-01-10 16:10:00+00:00,2014.0,2014.0,2013.0,2014.0,0.1243,2024,1,10
2024-01-10 16:15:00+00:00,2013.0,2014.0,2012.0,2012.0,0.3202,2024,1,10
2024-01-10 16:20:00+00:00,2012.0,2012.0,2011.0,2011.0,0.0131,2024,1,10
2024-01-10 16:25:00+00:00,2012.0,2012.0,2010.0,2011.0,1.2478,2024,1,10
2024-01-10 16:30:00+00:00,2012.0,2012.0,2011.0,2012.0,0.2456,2024,1,10
2024-01-10 16:35:00+00:00,2011.0,2012.0,2011.0,2012.0,0.5077,2024,1,10
2024-01-10 16:40:00+00:00,2011.0,2011.0,2010.0,2010.0,0.2944,2024,1,10
2024-01-10 16:45:00+00:00,2010.0,2011.0,2010.0,2011.0,0.129,2024,1,10
2024-01-10 16:50:00+00:00,2011.0,2011.0,2010.0,2011.0,0.0657,2024,1,10
2024-01-10 16:55:00+00:00,2011.0,2011.0,2009.0,2010.0,3.517,2024,1,10
2024-01-10 17:00:00+00:00,2010.0,2010.0,2008.0,2009.0,6.4576,2024,1,10
2024-01-10 17:05:00+00:00,2009.0,2010.0,2008.0,2009.0,0.6453,2024,1,10
2024-01-10 17:10:00+00:00,2009.0,2011.0,2008.0,2011.0,0.5158,2024,1,10
2024-01-10 17:15:00+00:00,2010.0,2010.0,2008.0,2009.0,2.3994,2024,1,10
2024-01-10 17:20:00+00:00,2009.0,2009.0,2008.0,2009.0,0.1539,2024,1,10
2024-01-10 17:25:00+00:00,2009.0,2009.0,2009.0,2009.0,0.03,2024,1,10
2024-01-10 17:30:00+00:00,2009.0,2011.0,2009.0,2010.0,5.3697,2024,1,10
2024-01-10 17:35:00+00:00,2011.0,2012.0,2009.0,2012.0,1.4491,2024,1,10
2024-01-10 17:40:00+00:00,2011.0,2013.0,2011.0,2012.0,6.1116,2024,1,10
2024-01-10 17:45:00+00:00,2011.0,2012.0,2008.0,2009.0,2.2985,2024,1,10
2024-01-10 17:50:00+00:00,2009.0,2010.0,2008.0,2008.0,5.4974,2024,1,10
2024-01-10 17:55:00+00:00,2010.0,2010.0,2008.0,2008.0,2.0686,2024,1,10
2024-01-10 18:00:00+00:00,2008.0,2009.0,2007.0,2008.0,3.5406,2024,1,10
2024-01-10 18:05:00+00:00,2008.0,2009.0,2007.0,2008.0,3.5905,2024,1,10
2024-01-10 18:10:00+00:00,2007.0,2008.0,2003.0,2005.0,4.4638,2024,1,10
2024-01-10 18:15:00+00:00,2005.0,2006.0,2004.0,2005.0,1.4099,2024,1,10
2024-01-10 18:20:00+00:00,2005.0,2007.0,2005.0,2006.0,1.2012,2024,1,10
2024-01-10 18:25:00+00:00,2005.0,2007.0,2005.0,2005.0,0.5374,2024,1,10
2024-01-10 18:30:00+00:00,2005.0,2007.0,2005.0,2006.0,0.8588,2024,1,10
2024-01-10 18:35:00+00:00,2006.0,2007.0,2006.0,2006.0,1.0814,2024,1,10
2024-01-10 18:40:00+00:00,2006.0,2010.0,2006.0,2010.0,16.6657,2024,1,10
2024-01-10 18:45:00+00:00,2009.0,2012.0,2009.0,2010.0,0.7925,2024,1,10
2024-01-10 18:50:00+00:00,2010.0,2011.0,2010.0,2010.0,0.3955,2024,1,10
2024-01-10 18:55:00+00:00,2011.0,2014.0,2010.0,2011.0,1.9057,2024,1,10
2024-01-10 19:00:00+00:00,2011.0,2011.0,2008.0,2008.0,2.6908,2024,1,10
2024-01-10 19:05:00+00:00,2008.0,2010.0,2007.0,2007.0,2.03,2024,1,10
2024-01-10 19:10:00+00:00,2007.0,2011.0,2006.0,2008.0,9.0797,2024,1,10
2024-01-10 19:15:00+00:00,2008.0,2009.0,2008.0,2009.0,0.3059,2024,1,10
2024-01-10 19:20:00+00:00,2008.0,2009.0,2008.0,2009.0,0.993,2024,1,10
2024-01-10 19:25:00+00:00,2008.0,2009.0,2006.0,2006.0,4.2354,2024,1,10
2024-01-10 19:30:00+00:00,2006.0,2007.0,2006.0,2006.0,1.5358,2024,1,10
2024-01-10 19:35:00+00:00,2006.0,2007.0,2003.0,2004.0,27.2406,2024,1,10
2024-01-10 19:40:00+00:00,2004.0,2004.0,2001.0,2003.0,11.5773,2024,1,10
2024-01-10 19:45:00+00:00,2004.0,2007.0,2003.0,2005.0,2.7821,2024,1,10
2024-01-10 19:50:00+00:00,2004.0,2007.0,2004.0,2006.0,2.1897,2024,1,10
2024-01-10 19:55:00+00:00,2006.0,2007.0,2003.0,2005.0,7.7107,2024,1,10
2024-01-10 20:00:00+00:00,2004.0,2005.0,2001.0,2004.0,23.3761,2024,1,10
2024-01-10 20:05:00+00:00,2004.0,2004.0,2001.0,2003.0,13.6783,2024,1,10
2024-01-10 20:10:00+00:00,2003.0,2003.0,2000.0,2002.0,28.2951,2024,1,10
2024-01-10 20:15:00+00:00,2002.0,2003.0,2001.0,2002.0,1.876,2024,1,10
2024-01-10 20:20:00+00:00,2002.0,2002.0,2001.0,2002.0,0.7352,2024,1,10
2024-01-10 20:25:00+00:00,2001.0,2002.0,2001.0,2002.0,0.5034,2024,1,10
2024-01-10 20:30:00+00:00,2002.0,2002.0,2001.0,2001.0,0.6246,2024,1,10
2024-01-10 20:35:00+00:00,2002.0,2003.0,2002.0,2003.0,0.8513,2024,1,10
2024-01-10 20:40:00+00:00,2003.0,2005.0,2002.0,2002.0,6.7006,2024,1,10
2024-01-10 20:45:00+00:00,2003.0,2012.0,2001.0,2007.0,14.2535,2024,1,10
2024-01-10 20:50:00+00:00,2007.0,2007.0,2000.0,2004.0,25.7373,2024,1,10
2024-01-10 20:55:00+00:00,2002.0,2007.0,2000.0,2006.0,7.3613,2024,1,10
2024-01-10 21:00:00+00:00,2006.0,2007.0,2004.0,2005.0,1.7549,2024,1,10
2024-01-10 21:05:00+00:00,2005.0,2011.0,2004.0,2011.0,18.4202,2024,1,10
2024-01-10 21:10:00+00:00,2010.0,2011.0,2008.0,2008.0,10.0683,2024,1,10
2024-01-10 21:15:00+00:00,2008.0,2008.0,2001.0,2003.0,20.1116,2024,1,10
2024-01-10 21:20:00+00:00,2002.0,2003.0,2000.0,2002.0,8.5628,2024,1,10
2024-01-10 21:25:00+00:00,2002.0,2005.0,2000.0,2002.0,10.6891,2024,1,10
2024-01-10 21:30:00+00:00,2001.0,2007.0,1995.0,2001.0,56.5569,2024,1,10
2024-01-10 21:35:00+00:00,2002.0,2004.0,2000.0,2002.0,9.2207,2024,1,10
2024-01-10 21:40:00+00:00,2001.0,2001.0,1996.0,2000.0,52.3247,2024,1,10
2024-01-10 21:45:00+00:00,1999.0,2006.0,1995.0,1996.0,51.5661,2024,1,10
2024-01-10 21:50:00+00:00,2000.0,2003.0,1999.0,2002.0,22.6886,2024,1,10
2024-01-10 21:55:00+00:00,2001.0,2006.0,2001.0,2005.0,4.6575,2024,1,10
2024-01-10 22:00:00+00:00,2005.0,2005.0,2002.0,2004.0,1.2539,2024,1,10
2024-01-10 22:05:00+00:00,2004.0,2005.0,2002.0,2003.0,2.6672,2024,1,10
2024-01-10 22:10:00+00:00,2005.0,2005.0,1998.0,2002.0,10.3163,2024,1,10
2024-01-10 22:15:00+00:00,2002.0,2006.0,1996.0,1999.0,25.4086,2024,1,10
2024-01-10 22:20:00+00:00,1999.0,2002.0,1994.0,1996.0,62.7202,2024,1,10
2024-01-10 22:25:00+00:00,1996.0,2001.0,1996.0,1999.0,17.0105,2024,1,10
2024-01-10 22:30:00+00:00,1999.0,2003.0,1998.0,2002.0,7.7359,2024,1,10
2024-01-10 22:35:00+00:00,2003.0,2007.0,1999.0,2007.0,11.0106,2024,1,10
2024-01-10 22:40:00+00:00,2006.0,2007.0,1998.0,1999.0,16.2486,2024,1,10
2024-01-10 22:45:00+00:00,1999.0,2001.0,1996.0,1998.0,21.6534,2024,1,10
2024-01-10 22:50:00+00:00,1998.0,2000.0,1996.0,2000.0,12.6136,2024,1,10
2024-01-10 22:55:00+00:00,2000.0,2000.0,1997.0,2000.0,11.5044,2024,1,10
2024-01-10 23:00:00+00:00,1999.0,2004.0,1996.0,2002.0,32.8523,2024,1,10
2024-01-10 23:05:00+00:00,2003.0,2003.0,1998.0,2002.0,30.2231,2024,1,10
2024-01-10 23:10:00+00:00,2002.0,2008.0,2002.0,2003.0,29.6372,2024,1,10
2024-01-10 23:15:00+00:00,2004.0,2008.0,2002.0,2007.0,22.4571,2024,1,10
2024-01-10 23:20:00+00:00,2007.0,2007.0,2000.0,2003.0,17.6147,2024,1,10
2024-01-10 23:25:00+00:00,2003.0,2003.0,1998.0,2001.0,26.7234,2024,1,10
2024-01-10 23:30:00+00:00,2001.0,2006.0,1999.0,2006.0,24.6829,2024,1,10
2024-01-10 23:35:00+00:00,2006.0,2006.0,2004.0,2004.0,5.145,2024,1,10
2024-01-10 23:40:00+00:00,2005.0,2005.0,2004.0,2005.0,0.9088,2024,1,10
2024-01-10 23:45:00+00:00,2005.0,2005.0,2003.0,2004.0,5.1896,2024,1,10
2024-01-10 23:50:00+00:00,2005.0,2005.0,2003.0,2004.0,4.5567,2024,1,10
2024-01-10 23:55:00+00:00,2003.0,2003.0,1998.0,2000.0,42.8446,2024,1,10
