timestamp,open,high,low,close,volume,year,month,day
2025-01-11 00:00:00+00:00,2688.0,2688.0,2686.0,2687.0,0.5998,2025,1,11
2025-01-11 00:05:00+00:00,2688.0,2688.0,2685.0,2686.0,2.8716,2025,1,11
2025-01-11 00:10:00+00:00,2685.0,2687.0,2685.0,2686.0,0.2603,2025,1,11
2025-01-11 00:15:00+00:00,2685.0,2686.0,2682.0,2684.0,11.2729,2025,1,11
2025-01-11 00:20:00+00:00,2682.0,2685.0,2682.0,2684.0,8.967,2025,1,11
2025-01-11 00:25:00+00:00,2684.0,2685.0,2684.0,2685.0,2.4458,2025,1,11
2025-01-11 00:30:00+00:00,2684.0,2685.0,2684.0,2685.0,0.3496,2025,1,11
2025-01-11 00:35:00+00:00,2685.0,2685.0,2684.0,2684.0,0.1359,2025,1,11
2025-01-11 00:40:00+00:00,2685.0,2685.0,2685.0,2685.0,0.0213,2025,1,11
2025-01-11 00:45:00+00:00,2684.0,2685.0,2684.0,2685.0,0.1594,2025,1,11
2025-01-11 00:50:00+00:00,2684.0,2685.0,2684.0,2684.0,0.2109,2025,1,11
2025-01-11 00:55:00+00:00,2685.0,2685.0,2684.0,2684.0,0.0573,2025,1,11
2025-01-11 01:00:00+00:00,2685.0,2685.0,2684.0,2684.0,0.1592,2025,1,11
2025-01-11 01:05:00+00:00,2684.0,2685.0,2684.0,2684.0,0.112,2025,1,11
2025-01-11 01:10:00+00:00,2685.0,2685.0,2684.0,2684.0,0.0211,2025,1,11
2025-01-11 01:15:00+00:00,2685.0,2685.0,2684.0,2685.0,0.053,2025,1,11
2025-01-11 01:20:00+00:00,2684.0,2684.0,2683.0,2684.0,3.4333,2025,1,11
2025-01-11 01:25:00+00:00,2684.0,2684.0,2683.0,2684.0,0.8432,2025,1,11
2025-01-11 01:30:00+00:00,2683.0,2683.0,2683.0,2683.0,0.0159,2025,1,11
2025-01-11 01:35:00+00:00,2684.0,2684.0,2682.0,2682.0,4.9886,2025,1,11
2025-01-11 01:40:00+00:00,2682.0,2685.0,2682.0,2683.0,2.5861,2025,1,11
2025-01-11 01:45:00+00:00,2684.0,2685.0,2682.0,2684.0,4.9339,2025,1,11
2025-01-11 01:50:00+00:00,2684.0,2684.0,2683.0,2683.0,0.2421,2025,1,11
2025-01-11 01:55:00+00:00,2684.0,2685.0,2683.0,2685.0,1.7307,2025,1,11
2025-01-11 02:00:00+00:00,2684.0,2684.0,2684.0,2684.0,0.0436,2025,1,11
2025-01-11 02:05:00+00:00,2684.0,2685.0,2684.0,2684.0,0.1864,2025,1,11
2025-01-11 02:10:00+00:00,2684.0,2685.0,2684.0,2684.0,0.095,2025,1,11
2025-01-11 02:15:00+00:00,2684.0,2685.0,2684.0,2684.0,0.2616,2025,1,11
2025-01-11 02:20:00+00:00,2684.0,2685.0,2684.0,2684.0,0.0368,2025,1,11
2025-01-11 02:25:00+00:00,2684.0,2685.0,2684.0,2684.0,0.0166,2025,1,11
2025-01-11 02:30:00+00:00,2685.0,2685.0,2684.0,2684.0,0.3133,2025,1,11
2025-01-11 02:35:00+00:00,2684.0,2685.0,2684.0,2684.0,0.1201,2025,1,11
2025-01-11 02:40:00+00:00,2684.0,2685.0,2684.0,2684.0,0.0708,2025,1,11
2025-01-11 02:45:00+00:00,2684.0,2684.0,2683.0,2683.0,0.4729,2025,1,11
2025-01-11 02:50:00+00:00,2684.0,2684.0,2683.0,2683.0,0.0513,2025,1,11
2025-01-11 02:55:00+00:00,2683.0,2684.0,2683.0,2683.0,0.061,2025,1,11
2025-01-11 03:00:00+00:00,2684.0,2684.0,2683.0,2684.0,0.0648,2025,1,11
2025-01-11 03:05:00+00:00,2683.0,2684.0,2683.0,2683.0,0.0166,2025,1,11
2025-01-11 03:10:00+00:00,2683.0,2683.0,2682.0,2683.0,2.6309,2025,1,11
2025-01-11 03:15:00+00:00,2682.0,2682.0,2682.0,2682.0,0.1147,2025,1,11
2025-01-11 03:20:00+00:00,2682.0,2683.0,2682.0,2682.0,1.5302,2025,1,11
2025-01-11 03:25:00+00:00,2682.0,2683.0,2682.0,2683.0,0.3424,2025,1,11
2025-01-11 03:30:00+00:00,2683.0,2683.0,2682.0,2682.0,0.1799,2025,1,11
2025-01-11 03:35:00+00:00,2683.0,2683.0,2682.0,2682.0,0.0734,2025,1,11
2025-01-11 03:40:00+00:00,2682.0,2682.0,2681.0,2682.0,3.992,2025,1,11
2025-01-11 03:45:00+00:00,2682.0,2682.0,2682.0,2682.0,0.1216,2025,1,11
2025-01-11 03:50:00+00:00,2682.0,2684.0,2682.0,2684.0,2.2585,2025,1,11
2025-01-11 03:55:00+00:00,2684.0,2685.0,2684.0,2685.0,0.0184,2025,1,11
2025-01-11 04:00:00+00:00,2684.0,2684.0,2684.0,2684.0,0.077,2025,1,11
2025-01-11 04:05:00+00:00,2684.0,2685.0,2684.0,2684.0,0.0956,2025,1,11
2025-01-11 04:10:00+00:00,2684.0,2684.0,2684.0,2684.0,0.0393,2025,1,11
2025-01-11 04:15:00+00:00,2684.0,2684.0,2684.0,2684.0,0.0197,2025,1,11
2025-01-11 04:20:00+00:00,2684.0,2685.0,2684.0,2685.0,0.0771,2025,1,11
2025-01-11 04:25:00+00:00,2684.0,2684.0,2684.0,2684.0,0.2911,2025,1,11
2025-01-11 04:30:00+00:00,2684.0,2684.0,2682.0,2682.0,4.4112,2025,1,11
2025-01-11 04:35:00+00:00,2682.0,2683.0,2682.0,2683.0,0.3926,2025,1,11
2025-01-11 04:40:00+00:00,2683.0,2683.0,2682.0,2683.0,0.3432,2025,1,11
2025-01-11 04:45:00+00:00,2682.0,2684.0,2682.0,2684.0,0.6429,2025,1,11
2025-01-11 04:50:00+00:00,2684.0,2684.0,2683.0,2683.0,0.1518,2025,1,11
2025-01-11 04:55:00+00:00,2683.0,2684.0,2683.0,2683.0,0.0255,2025,1,11
2025-01-11 05:00:00+00:00,2684.0,2684.0,2683.0,2684.0,0.0283,2025,1,11
2025-01-11 05:05:00+00:00,2684.0,2684.0,2683.0,2683.0,0.0432,2025,1,11
2025-01-11 05:10:00+00:00,2684.0,2684.0,2683.0,2684.0,0.1603,2025,1,11
2025-01-11 05:15:00+00:00,2685.0,2685.0,2685.0,2685.0,2.2692,2025,1,11
2025-01-11 05:20:00+00:00,2685.0,2686.0,2685.0,2685.0,0.5587,2025,1,11
2025-01-11 05:25:00+00:00,2685.0,2686.0,2684.0,2684.0,0.9205,2025,1,11
2025-01-11 05:30:00+00:00,2684.0,2684.0,2684.0,2684.0,0.0604,2025,1,11
2025-01-11 05:35:00+00:00,2685.0,2686.0,2685.0,2686.0,0.4109,2025,1,11
2025-01-11 05:40:00+00:00,2685.0,2685.0,2685.0,2685.0,0.0885,2025,1,11
2025-01-11 05:45:00+00:00,2685.0,2685.0,2685.0,2685.0,0.014,2025,1,11
2025-01-11 05:50:00+00:00,2685.0,2686.0,2685.0,2685.0,0.0181,2025,1,11
2025-01-11 05:55:00+00:00,2685.0,2685.0,2683.0,2683.0,3.866,2025,1,11
2025-01-11 06:00:00+00:00,2684.0,2684.0,2683.0,2683.0,0.0478,2025,1,11
2025-01-11 06:05:00+00:00,2684.0,2684.0,2683.0,2684.0,0.0727,2025,1,11
2025-01-11 06:10:00+00:00,2683.0,2683.0,2683.0,2683.0,0.1975,2025,1,11
2025-01-11 06:15:00+00:00,2683.0,2683.0,2682.0,2683.0,0.037,2025,1,11
2025-01-11 06:20:00+00:00,2682.0,2683.0,2682.0,2683.0,0.264,2025,1,11
2025-01-11 06:25:00+00:00,2682.0,2683.0,2682.0,2683.0,0.2412,2025,1,11
2025-01-11 06:30:00+00:00,2683.0,2683.0,2683.0,2683.0,0.1106,2025,1,11
2025-01-11 06:35:00+00:00,2683.0,2683.0,2682.0,2682.0,0.176,2025,1,11
2025-01-11 06:40:00+00:00,2683.0,2683.0,2682.0,2682.0,0.0792,2025,1,11
2025-01-11 06:45:00+00:00,2683.0,2683.0,2682.0,2683.0,0.055,2025,1,11
2025-01-11 06:50:00+00:00,2683.0,2683.0,2682.0,2683.0,0.81,2025,1,11
2025-01-11 06:55:00+00:00,2682.0,2683.0,2682.0,2683.0,0.0242,2025,1,11
2025-01-11 07:00:00+00:00,2683.0,2683.0,2682.0,2683.0,0.0572,2025,1,11
2025-01-11 07:05:00+00:00,2682.0,2684.0,2682.0,2684.0,1.5053,2025,1,11
2025-01-11 07:10:00+00:00,2682.0,2685.0,2682.0,2684.0,4.5177,2025,1,11
2025-01-11 07:15:00+00:00,2684.0,2684.0,2683.0,2684.0,0.3129,2025,1,11
2025-01-11 07:20:00+00:00,2684.0,2684.0,2684.0,2684.0,0.0352,2025,1,11
2025-01-11 07:25:00+00:00,2683.0,2683.0,2682.0,2682.0,4.073,2025,1,11
2025-01-11 07:30:00+00:00,2683.0,2683.0,2682.0,2683.0,1.1476,2025,1,11
2025-01-11 07:35:00+00:00,2683.0,2683.0,2682.0,2683.0,0.0244,2025,1,11
2025-01-11 07:40:00+00:00,2683.0,2683.0,2682.0,2683.0,0.0352,2025,1,11
2025-01-11 07:45:00+00:00,2682.0,2683.0,2682.0,2683.0,3.035,2025,1,11
2025-01-11 07:50:00+00:00,2682.0,2682.0,2682.0,2682.0,0.0036,2025,1,11
2025-01-11 07:55:00+00:00,2682.0,2683.0,2682.0,2683.0,0.0669,2025,1,11
2025-01-11 08:00:00+00:00,2683.0,2683.0,2682.0,2682.0,0.1765,2025,1,11
2025-01-11 08:05:00+00:00,2682.0,2683.0,2682.0,2682.0,0.1751,2025,1,11
2025-01-11 08:10:00+00:00,2682.0,2683.0,2682.0,2683.0,0.1846,2025,1,11
2025-01-11 08:15:00+00:00,2682.0,2682.0,2682.0,2682.0,0.1373,2025,1,11
2025-01-11 08:20:00+00:00,2682.0,2683.0,2682.0,2682.0,0.5945,2025,1,11
2025-01-11 08:25:00+00:00,2682.0,2683.0,2681.0,2681.0,1.845,2025,1,11
2025-01-11 08:30:00+00:00,2681.0,2684.0,2681.0,2682.0,2.3781,2025,1,11
2025-01-11 08:35:00+00:00,2683.0,2683.0,2682.0,2683.0,0.8071,2025,1,11
2025-01-11 08:40:00+00:00,2683.0,2683.0,2683.0,2683.0,0.659,2025,1,11
2025-01-11 08:45:00+00:00,2683.0,2684.0,2682.0,2683.0,2.1634,2025,1,11
2025-01-11 08:50:00+00:00,2683.0,2685.0,2682.0,2684.0,4.0941,2025,1,11
2025-01-11 08:55:00+00:00,2684.0,2684.0,2683.0,2683.0,0.2548,2025,1,11
2025-01-11 09:00:00+00:00,2683.0,2684.0,2683.0,2684.0,0.0245,2025,1,11
2025-01-11 09:05:00+00:00,2683.0,2684.0,2683.0,2684.0,0.0988,2025,1,11
2025-01-11 09:10:00+00:00,2684.0,2684.0,2683.0,2684.0,0.0454,2025,1,11
2025-01-11 09:15:00+00:00,2683.0,2683.0,2683.0,2683.0,0.1228,2025,1,11
2025-01-11 09:20:00+00:00,2683.0,2684.0,2682.0,2684.0,5.8103,2025,1,11
2025-01-11 09:25:00+00:00,2682.0,2684.0,2681.0,2682.0,3.1585,2025,1,11
2025-01-11 09:30:00+00:00,2682.0,2685.0,2682.0,2684.0,4.1667,2025,1,11
2025-01-11 09:35:00+00:00,2684.0,2685.0,2683.0,2685.0,0.7995,2025,1,11
2025-01-11 09:40:00+00:00,2684.0,2685.0,2683.0,2683.0,0.0466,2025,1,11
2025-01-11 09:45:00+00:00,2683.0,2685.0,2683.0,2684.0,0.4284,2025,1,11
2025-01-11 09:50:00+00:00,2683.0,2684.0,2683.0,2684.0,0.2728,2025,1,11
2025-01-11 09:55:00+00:00,2684.0,2684.0,2683.0,2683.0,0.2834,2025,1,11
2025-01-11 10:00:00+00:00,2684.0,2684.0,2683.0,2683.0,0.0453,2025,1,11
2025-01-11 10:05:00+00:00,2684.0,2684.0,2684.0,2684.0,0.0469,2025,1,11
2025-01-11 10:10:00+00:00,2683.0,2686.0,2683.0,2685.0,7.7385,2025,1,11
2025-01-11 10:15:00+00:00,2687.0,2688.0,2685.0,2688.0,3.8045,2025,1,11
2025-01-11 10:20:00+00:00,2688.0,2689.0,2686.0,2688.0,6.4041,2025,1,11
2025-01-11 10:25:00+00:00,2688.0,2688.0,2687.0,2687.0,5.3227,2025,1,11
2025-01-11 10:30:00+00:00,2689.0,2689.0,2687.0,2687.0,0.5093,2025,1,11
2025-01-11 10:35:00+00:00,2687.0,2687.0,2687.0,2687.0,1.3709,2025,1,11
2025-01-11 10:40:00+00:00,2687.0,2687.0,2685.0,2685.0,0.3794,2025,1,11
2025-01-11 10:45:00+00:00,2687.0,2687.0,2686.0,2686.0,0.1661,2025,1,11
2025-01-11 10:50:00+00:00,2685.0,2686.0,2685.0,2685.0,3.2437,2025,1,11
2025-01-11 10:55:00+00:00,2685.0,2686.0,2685.0,2685.0,0.2425,2025,1,11
2025-01-11 11:00:00+00:00,2686.0,2686.0,2684.0,2685.0,2.0161,2025,1,11
2025-01-11 11:05:00+00:00,2685.0,2687.0,2685.0,2687.0,2.7012,2025,1,11
2025-01-11 11:10:00+00:00,2686.0,2687.0,2686.0,2687.0,0.0959,2025,1,11
2025-01-11 11:15:00+00:00,2687.0,2687.0,2686.0,2686.0,0.0217,2025,1,11
2025-01-11 11:20:00+00:00,2686.0,2688.0,2686.0,2687.0,1.4122,2025,1,11
2025-01-11 11:25:00+00:00,2687.0,2688.0,2687.0,2688.0,0.1228,2025,1,11
2025-01-11 11:30:00+00:00,2687.0,2688.0,2687.0,2687.0,0.7189,2025,1,11
2025-01-11 11:35:00+00:00,2687.0,2687.0,2687.0,2687.0,0.0186,2025,1,11
2025-01-11 11:40:00+00:00,2687.0,2688.0,2686.0,2686.0,1.5354,2025,1,11
2025-01-11 11:45:00+00:00,2687.0,2694.0,2687.0,2693.0,49.2064,2025,1,11
2025-01-11 11:50:00+00:00,2691.0,2692.0,2690.0,2690.0,2.3303,2025,1,11
2025-01-11 11:55:00+00:00,2690.0,2694.0,2689.0,2692.0,11.2319,2025,1,11
2025-01-11 12:00:00+00:00,2692.0,2692.0,2691.0,2692.0,1.9208,2025,1,11
2025-01-11 12:05:00+00:00,2691.0,2692.0,2690.0,2691.0,1.966,2025,1,11
2025-01-11 12:10:00+00:00,2691.0,2691.0,2690.0,2690.0,0.0301,2025,1,11
2025-01-11 12:15:00+00:00,2691.0,2691.0,2690.0,2691.0,0.1419,2025,1,11
2025-01-11 12:20:00+00:00,2691.0,2691.0,2690.0,2691.0,4.7374,2025,1,11
2025-01-11 12:25:00+00:00,2691.0,2691.0,2690.0,2690.0,0.2817,2025,1,11
2025-01-11 12:30:00+00:00,2691.0,2692.0,2690.0,2692.0,1.3565,2025,1,11
2025-01-11 12:35:00+00:00,2692.0,2693.0,2690.0,2691.0,2.7271,2025,1,11
2025-01-11 12:40:00+00:00,2690.0,2692.0,2690.0,2691.0,0.9941,2025,1,11
2025-01-11 12:45:00+00:00,2691.0,2693.0,2690.0,2691.0,7.1659,2025,1,11
2025-01-11 12:50:00+00:00,2692.0,2694.0,2692.0,2694.0,6.9395,2025,1,11
2025-01-11 12:55:00+00:00,2694.0,2694.0,2693.0,2694.0,1.0004,2025,1,11
2025-01-11 13:00:00+00:00,2694.0,2694.0,2692.0,2694.0,13.7657,2025,1,11
2025-01-11 13:05:00+00:00,2694.0,2694.0,2692.0,2694.0,3.1513,2025,1,11
2025-01-11 13:10:00+00:00,2694.0,2694.0,2694.0,2694.0,1.0152,2025,1,11
2025-01-11 13:15:00+00:00,2692.0,2694.0,2692.0,2693.0,0.2538,2025,1,11
2025-01-11 13:20:00+00:00,2693.0,2693.0,2692.0,2692.0,0.9851,2025,1,11
2025-01-11 13:25:00+00:00,2693.0,2693.0,2692.0,2693.0,0.7744,2025,1,11
2025-01-11 13:30:00+00:00,2692.0,2693.0,2692.0,2693.0,1.4576,2025,1,11
2025-01-11 13:35:00+00:00,2693.0,2693.0,2692.0,2693.0,0.6117,2025,1,11
2025-01-11 13:40:00+00:00,2692.0,2693.0,2692.0,2692.0,2.6579,2025,1,11
2025-01-11 13:45:00+00:00,2693.0,2694.0,2692.0,2694.0,1.488,2025,1,11
2025-01-11 13:50:00+00:00,2694.0,2694.0,2693.0,2694.0,0.6565,2025,1,11
2025-01-11 13:55:00+00:00,2694.0,2694.0,2693.0,2694.0,1.0874,2025,1,11
2025-01-11 14:00:00+00:00,2694.0,2694.0,2693.0,2694.0,2.933,2025,1,11
2025-01-11 14:05:00+00:00,2694.0,2694.0,2693.0,2694.0,0.5436,2025,1,11
2025-01-11 14:10:00+00:00,2694.0,2694.0,2693.0,2694.0,3.5737,2025,1,11
2025-01-11 14:15:00+00:00,2694.0,2694.0,2693.0,2693.0,0.8403,2025,1,11
2025-01-11 14:20:00+00:00,2693.0,2695.0,2693.0,2694.0,12.0227,2025,1,11
2025-01-11 14:25:00+00:00,2694.0,2695.0,2693.0,2694.0,2.0731,2025,1,11
2025-01-11 14:30:00+00:00,2694.0,2694.0,2693.0,2693.0,0.595,2025,1,11
2025-01-11 14:35:00+00:00,2694.0,2699.0,2693.0,2698.0,88.3082,2025,1,11
2025-01-11 14:40:00+00:00,2697.0,2699.0,2695.0,2696.0,5.9387,2025,1,11
2025-01-11 14:45:00+00:00,2695.0,2696.0,2695.0,2695.0,0.2271,2025,1,11
2025-01-11 14:50:00+00:00,2695.0,2695.0,2695.0,2695.0,3.7123,2025,1,11
2025-01-11 14:55:00+00:00,2694.0,2695.0,2694.0,2694.0,0.0231,2025,1,11
2025-01-11 15:00:00+00:00,2695.0,2695.0,2694.0,2694.0,0.4102,2025,1,11
2025-01-11 15:05:00+00:00,2694.0,2694.0,2694.0,2694.0,0.2501,2025,1,11
2025-01-11 15:10:00+00:00,2694.0,2694.0,2693.0,2693.0,0.4937,2025,1,11
2025-01-11 15:15:00+00:00,2693.0,2693.0,2693.0,2693.0,1.0312,2025,1,11
2025-01-11 15:20:00+00:00,2693.0,2693.0,2693.0,2693.0,0.7975,2025,1,11
2025-01-11 15:25:00+00:00,2693.0,2694.0,2693.0,2693.0,0.5125,2025,1,11
2025-01-11 15:30:00+00:00,2693.0,2694.0,2693.0,2693.0,0.7695,2025,1,11
2025-01-11 15:35:00+00:00,2694.0,2694.0,2693.0,2694.0,4.2693,2025,1,11
2025-01-11 15:40:00+00:00,2694.0,2694.0,2693.0,2693.0,0.3534,2025,1,11
2025-01-11 15:45:00+00:00,2694.0,2694.0,2693.0,2694.0,1.014,2025,1,11
2025-01-11 15:50:00+00:00,2694.0,2694.0,2692.0,2693.0,2.7779,2025,1,11
2025-01-11 15:55:00+00:00,2692.0,2695.0,2692.0,2694.0,2.5276,2025,1,11
2025-01-11 16:00:00+00:00,2694.0,2695.0,2693.0,2693.0,3.766,2025,1,11
2025-01-11 16:05:00+00:00,2693.0,2695.0,2693.0,2694.0,4.0377,2025,1,11
2025-01-11 16:10:00+00:00,2694.0,2695.0,2693.0,2694.0,3.1685,2025,1,11
2025-01-11 16:15:00+00:00,2694.0,2695.0,2693.0,2695.0,7.3007,2025,1,11
2025-01-11 16:20:00+00:00,2694.0,2695.0,2693.0,2694.0,6.2254,2025,1,11
2025-01-11 16:25:00+00:00,2694.0,2695.0,2693.0,2694.0,10.1829,2025,1,11
2025-01-11 16:30:00+00:00,2694.0,2695.0,2694.0,2695.0,1.6945,2025,1,11
2025-01-11 16:35:00+00:00,2694.0,2695.0,2694.0,2694.0,6.902,2025,1,11
2025-01-11 16:40:00+00:00,2694.0,2694.0,2693.0,2693.0,0.029,2025,1,11
2025-01-11 16:45:00+00:00,2693.0,2695.0,2692.0,2695.0,9.8618,2025,1,11
2025-01-11 16:50:00+00:00,2695.0,2695.0,2693.0,2693.0,2.0333,2025,1,11
2025-01-11 16:55:00+00:00,2695.0,2696.0,2693.0,2695.0,5.7679,2025,1,11
2025-01-11 17:00:00+00:00,2696.0,2698.0,2695.0,2695.0,4.5553,2025,1,11
2025-01-11 17:05:00+00:00,2695.0,2696.0,2695.0,2695.0,0.0138,2025,1,11
2025-01-11 17:10:00+00:00,2696.0,2696.0,2692.0,2695.0,16.5998,2025,1,11
2025-01-11 17:15:00+00:00,2694.0,2697.0,2694.0,2696.0,3.754,2025,1,11
2025-01-11 17:20:00+00:00,2695.0,2697.0,2695.0,2695.0,1.1308,2025,1,11
2025-01-11 17:25:00+00:00,2695.0,2696.0,2695.0,2695.0,0.6599,2025,1,11
2025-01-11 17:30:00+00:00,2695.0,2695.0,2694.0,2695.0,0.9598,2025,1,11
2025-01-11 17:35:00+00:00,2694.0,2695.0,2694.0,2694.0,0.301,2025,1,11
2025-01-11 17:40:00+00:00,2695.0,2696.0,2695.0,2695.0,1.0185,2025,1,11
2025-01-11 17:45:00+00:00,2695.0,2696.0,2695.0,2696.0,0.1628,2025,1,11
2025-01-11 17:50:00+00:00,2696.0,2697.0,2695.0,2697.0,2.0726,2025,1,11
2025-01-11 17:55:00+00:00,2697.0,2697.0,2696.0,2697.0,0.0946,2025,1,11
2025-01-11 18:00:00+00:00,2697.0,2697.0,2696.0,2696.0,0.118,2025,1,11
2025-01-11 18:05:00+00:00,2697.0,2699.0,2696.0,2697.0,4.0331,2025,1,11
2025-01-11 18:10:00+00:00,2697.0,2697.0,2696.0,2697.0,0.0793,2025,1,11
2025-01-11 18:15:00+00:00,2697.0,2697.0,2696.0,2696.0,0.4442,2025,1,11
2025-01-11 18:20:00+00:00,2697.0,2697.0,2695.0,2697.0,1.2572,2025,1,11
2025-01-11 18:25:00+00:00,2697.0,2697.0,2696.0,2697.0,0.0412,2025,1,11
2025-01-11 18:30:00+00:00,2697.0,2697.0,2696.0,2697.0,0.3634,2025,1,11
2025-01-11 18:35:00+00:00,2696.0,2698.0,2696.0,2698.0,0.4191,2025,1,11
2025-01-11 18:40:00+00:00,2698.0,2698.0,2696.0,2698.0,1.0976,2025,1,11
2025-01-11 18:45:00+00:00,2698.0,2698.0,2696.0,2697.0,0.4369,2025,1,11
2025-01-11 18:50:00+00:00,2697.0,2698.0,2696.0,2698.0,0.7427,2025,1,11
2025-01-11 18:55:00+00:00,2698.0,2698.0,2696.0,2698.0,1.3631,2025,1,11
2025-01-11 19:00:00+00:00,2698.0,2699.0,2697.0,2699.0,6.7199,2025,1,11
2025-01-11 19:05:00+00:00,2699.0,2699.0,2698.0,2699.0,0.1233,2025,1,11
2025-01-11 19:10:00+00:00,2699.0,2699.0,2698.0,2699.0,3.1324,2025,1,11
2025-01-11 19:15:00+00:00,2698.0,2699.0,2698.0,2698.0,2.7845,2025,1,11
2025-01-11 19:20:00+00:00,2698.0,2699.0,2698.0,2698.0,2.3608,2025,1,11
2025-01-11 19:25:00+00:00,2698.0,2699.0,2698.0,2698.0,2.6125,2025,1,11
2025-01-11 19:30:00+00:00,2698.0,2699.0,2698.0,2699.0,0.3758,2025,1,11
2025-01-11 19:35:00+00:00,2698.0,2699.0,2698.0,2698.0,1.2661,2025,1,11
2025-01-11 19:40:00+00:00,2697.0,2699.0,2696.0,2698.0,1.6045,2025,1,11
2025-01-11 19:45:00+00:00,2698.0,2698.0,2696.0,2698.0,0.0548,2025,1,11
2025-01-11 19:50:00+00:00,2697.0,2698.0,2696.0,2696.0,0.2069,2025,1,11
2025-01-11 19:55:00+00:00,2697.0,2699.0,2696.0,2698.0,5.1833,2025,1,11
2025-01-11 20:00:00+00:00,2699.0,2699.0,2698.0,2699.0,0.9607,2025,1,11
2025-01-11 20:05:00+00:00,2698.0,2698.0,2698.0,2698.0,1.1277,2025,1,11
2025-01-11 20:10:00+00:00,2697.0,2698.0,2696.0,2696.0,3.6969,2025,1,11
2025-01-11 20:15:00+00:00,2696.0,2697.0,2696.0,2697.0,1.0914,2025,1,11
2025-01-11 20:20:00+00:00,2697.0,2697.0,2696.0,2696.0,7.7315,2025,1,11
2025-01-11 20:25:00+00:00,2696.0,2698.0,2696.0,2698.0,4.4795,2025,1,11
2025-01-11 20:30:00+00:00,2697.0,2698.0,2692.0,2697.0,15.6669,2025,1,11
2025-01-11 20:35:00+00:00,2696.0,2699.0,2695.0,2697.0,1.3313,2025,1,11
2025-01-11 20:40:00+00:00,2697.0,2699.0,2697.0,2698.0,2.6674,2025,1,11
2025-01-11 20:45:00+00:00,2698.0,2699.0,2698.0,2698.0,2.9828,2025,1,11
2025-01-11 20:50:00+00:00,2698.0,2699.0,2697.0,2697.0,4.6372,2025,1,11
2025-01-11 20:55:00+00:00,2697.0,2698.0,2697.0,2698.0,2.1551,2025,1,11
2025-01-11 21:00:00+00:00,2697.0,2699.0,2696.0,2696.0,12.9382,2025,1,11
2025-01-11 21:05:00+00:00,2697.0,2699.0,2697.0,2698.0,5.6689,2025,1,11
2025-01-11 21:10:00+00:00,2697.0,2698.0,2697.0,2697.0,2.2698,2025,1,11
2025-01-11 21:15:00+00:00,2697.0,2698.0,2697.0,2697.0,0.5339,2025,1,11
2025-01-11 21:20:00+00:00,2698.0,2699.0,2697.0,2698.0,6.8731,2025,1,11
2025-01-11 21:25:00+00:00,2698.0,2699.0,2698.0,2699.0,0.584,2025,1,11
2025-01-11 21:30:00+00:00,2698.0,2698.0,2697.0,2697.0,0.2638,2025,1,11
2025-01-11 21:35:00+00:00,2698.0,2699.0,2698.0,2699.0,2.0943,2025,1,11
2025-01-11 21:40:00+00:00,2699.0,2699.0,2698.0,2698.0,0.0643,2025,1,11
2025-01-11 21:45:00+00:00,2699.0,2699.0,2698.0,2698.0,1.0627,2025,1,11
2025-01-11 21:50:00+00:00,2698.0,2699.0,2698.0,2699.0,0.2001,2025,1,11
2025-01-11 21:55:00+00:00,2698.0,2698.0,2698.0,2698.0,0.5419,2025,1,11
2025-01-11 22:00:00+00:00,2699.0,2699.0,2697.0,2697.0,0.1825,2025,1,11
2025-01-11 22:05:00+00:00,2697.0,2697.0,2697.0,2697.0,1.1834,2025,1,11
2025-01-11 22:10:00+00:00,2697.0,2698.0,2697.0,2698.0,1.4615,2025,1,11
2025-01-11 22:15:00+00:00,2698.0,2698.0,2697.0,2697.0,7.0908,2025,1,11
2025-01-11 22:20:00+00:00,2697.0,2698.0,2696.0,2697.0,1.5554,2025,1,11
2025-01-11 22:25:00+00:00,2697.0,2698.0,2697.0,2697.0,0.0439,2025,1,11
2025-01-11 22:30:00+00:00,2697.0,2698.0,2696.0,2697.0,0.1764,2025,1,11
2025-01-11 22:35:00+00:00,2696.0,2698.0,2696.0,2698.0,10.1676,2025,1,11
2025-01-11 22:40:00+00:00,2697.0,2698.0,2697.0,2697.0,0.4129,2025,1,11
2025-01-11 22:45:00+00:00,2698.0,2700.0,2697.0,2699.0,13.0684,2025,1,11
2025-01-11 22:50:00+00:00,2699.0,2699.0,2698.0,2698.0,3.6705,2025,1,11
2025-01-11 22:55:00+00:00,2699.0,2699.0,2698.0,2698.0,1.1848,2025,1,11
2025-01-11 23:00:00+00:00,2699.0,2699.0,2697.0,2698.0,1.2565,2025,1,11
2025-01-11 23:05:00+00:00,2698.0,2698.0,2697.0,2697.0,0.0533,2025,1,11
2025-01-11 23:10:00+00:00,2697.0,2698.0,2697.0,2697.0,0.8873,2025,1,11
2025-01-11 23:15:00+00:00,2697.0,2698.0,2697.0,2697.0,0.0639,2025,1,11
2025-01-11 23:20:00+00:00,2698.0,2698.0,2697.0,2698.0,0.3999,2025,1,11
2025-01-11 23:25:00+00:00,2697.0,2698.0,2697.0,2697.0,0.982,2025,1,11
2025-01-11 23:30:00+00:00,2698.0,2699.0,2698.0,2698.0,1.5402,2025,1,11
2025-01-11 23:35:00+00:00,2698.0,2699.0,2698.0,2699.0,0.0468,2025,1,11
2025-01-11 23:40:00+00:00,2698.0,2699.0,2698.0,2699.0,0.7525,2025,1,11
2025-01-11 23:45:00+00:00,2699.0,2699.0,2697.0,2698.0,1.4296,2025,1,11
2025-01-11 23:50:00+00:00,2698.0,2698.0,2697.0,2697.0,0.525,2025,1,11
2025-01-11 23:55:00+00:00,2697.0,2697.0,2697.0,2697.0,0.0738,2025,1,11
2025-01-12 00:00:00+00:00,2698.0,2698.0,2697.0,2698.0,0.1979,2025,1,12
2025-01-12 00:05:00+00:00,2698.0,2698.0,2697.0,2698.0,0.4532,2025,1,12
2025-01-12 00:10:00+00:00,2698.0,2699.0,2698.0,2699.0,0.0889,2025,1,12
2025-01-12 00:15:00+00:00,2699.0,2699.0,2698.0,2698.0,0.0377,2025,1,12
2025-01-12 00:20:00+00:00,2699.0,2700.0,2698.0,2699.0,2.3673,2025,1,12
2025-01-12 00:25:00+00:00,2698.0,2700.0,2698.0,2698.0,0.0901,2025,1,12
2025-01-12 00:30:00+00:00,2698.0,2701.0,2698.0,2701.0,10.1619,2025,1,12
2025-01-12 00:35:00+00:00,2701.0,2701.0,2700.0,2701.0,0.5445,2025,1,12
2025-01-12 00:40:00+00:00,2701.0,2701.0,2701.0,2701.0,1.2806,2025,1,12
2025-01-12 00:45:00+00:00,2701.0,2702.0,2701.0,2702.0,12.2684,2025,1,12
2025-01-12 00:50:00+00:00,2702.0,2702.0,2699.0,2700.0,4.5647,2025,1,12
2025-01-12 00:55:00+00:00,2700.0,2700.0,2700.0,2700.0,0.0814,2025,1,12
2025-01-12 01:00:00+00:00,2700.0,2700.0,2699.0,2699.0,0.2032,2025,1,12
2025-01-12 01:05:00+00:00,2700.0,2700.0,2699.0,2700.0,0.6186,2025,1,12
2025-01-12 01:10:00+00:00,2700.0,2700.0,2699.0,2699.0,0.3724,2025,1,12
2025-01-12 01:15:00+00:00,2699.0,2701.0,2699.0,2701.0,2.0689,2025,1,12
2025-01-12 01:20:00+00:00,2701.0,2701.0,2699.0,2701.0,2.1534,2025,1,12
2025-01-12 01:25:00+00:00,2701.0,2701.0,2700.0,2701.0,0.037,2025,1,12
2025-01-12 01:30:00+00:00,2700.0,2701.0,2700.0,2701.0,0.2254,2025,1,12
2025-01-12 01:35:00+00:00,2701.0,2701.0,2700.0,2701.0,1.2958,2025,1,12
2025-01-12 01:40:00+00:00,2701.0,2702.0,2700.0,2701.0,1.8811,2025,1,12
2025-01-12 01:45:00+00:00,2702.0,2702.0,2701.0,2702.0,0.1915,2025,1,12
2025-01-12 01:50:00+00:00,2702.0,2702.0,2700.0,2700.0,2.9083,2025,1,12
2025-01-12 01:55:00+00:00,2701.0,2701.0,2699.0,2699.0,2.6172,2025,1,12
2025-01-12 02:00:00+00:00,2700.0,2700.0,2698.0,2699.0,0.2924,2025,1,12
2025-01-12 02:05:00+00:00,2699.0,2699.0,2698.0,2698.0,0.0925,2025,1,12
2025-01-12 02:10:00+00:00,2698.0,2699.0,2698.0,2698.0,1.3803,2025,1,12
2025-01-12 02:15:00+00:00,2699.0,2699.0,2696.0,2698.0,2.4562,2025,1,12
2025-01-12 02:20:00+00:00,2697.0,2698.0,2697.0,2697.0,2.1414,2025,1,12
2025-01-12 02:25:00+00:00,2698.0,2698.0,2696.0,2696.0,3.2411,2025,1,12
2025-01-12 02:30:00+00:00,2698.0,2698.0,2696.0,2697.0,0.4358,2025,1,12
2025-01-12 02:35:00+00:00,2697.0,2697.0,2697.0,2697.0,0.0425,2025,1,12
2025-01-12 02:40:00+00:00,2697.0,2698.0,2696.0,2697.0,0.7545,2025,1,12
2025-01-12 02:45:00+00:00,2697.0,2698.0,2696.0,2698.0,1.3145,2025,1,12
2025-01-12 02:50:00+00:00,2697.0,2698.0,2696.0,2698.0,0.948,2025,1,12
2025-01-12 02:55:00+00:00,2696.0,2696.0,2696.0,2696.0,0.0111,2025,1,12
2025-01-12 03:00:00+00:00,2698.0,2698.0,2697.0,2698.0,0.0603,2025,1,12
2025-01-12 03:05:00+00:00,2697.0,2698.0,2697.0,2698.0,0.033,2025,1,12
2025-01-12 03:10:00+00:00,2698.0,2698.0,2697.0,2697.0,0.0512,2025,1,12
2025-01-12 03:15:00+00:00,2698.0,2698.0,2697.0,2698.0,0.0845,2025,1,12
2025-01-12 03:20:00+00:00,2697.0,2698.0,2697.0,2698.0,0.03,2025,1,12
2025-01-12 03:25:00+00:00,2697.0,2698.0,2697.0,2698.0,0.042,2025,1,12
2025-01-12 03:30:00+00:00,2698.0,2698.0,2697.0,2698.0,0.1017,2025,1,12
2025-01-12 03:35:00+00:00,2698.0,2698.0,2697.0,2697.0,0.8827,2025,1,12
2025-01-12 03:40:00+00:00,2698.0,2698.0,2697.0,2697.0,0.0314,2025,1,12
2025-01-12 03:45:00+00:00,2698.0,2698.0,2697.0,2698.0,0.0667,2025,1,12
2025-01-12 03:50:00+00:00,2697.0,2698.0,2697.0,2698.0,0.0196,2025,1,12
2025-01-12 03:55:00+00:00,2697.0,2698.0,2697.0,2698.0,0.2669,2025,1,12
2025-01-12 04:00:00+00:00,2698.0,2699.0,2698.0,2699.0,0.0344,2025,1,12
2025-01-12 04:05:00+00:00,2698.0,2699.0,2698.0,2699.0,0.0414,2025,1,12
2025-01-12 04:10:00+00:00,2698.0,2699.0,2698.0,2698.0,0.1264,2025,1,12
2025-01-12 04:15:00+00:00,2698.0,2699.0,2698.0,2699.0,1.8573,2025,1,12
2025-01-12 04:20:00+00:00,2699.0,2700.0,2698.0,2698.0,1.0741,2025,1,12
2025-01-12 04:25:00+00:00,2698.0,2700.0,2698.0,2698.0,0.2381,2025,1,12
2025-01-12 04:30:00+00:00,2698.0,2699.0,2698.0,2699.0,2.6326,2025,1,12
2025-01-12 04:35:00+00:00,2698.0,2699.0,2698.0,2698.0,0.311,2025,1,12
2025-01-12 04:40:00+00:00,2698.0,2699.0,2698.0,2698.0,0.0626,2025,1,12
2025-01-12 04:45:00+00:00,2698.0,2699.0,2698.0,2698.0,0.0792,2025,1,12
2025-01-12 04:50:00+00:00,2698.0,2698.0,2698.0,2698.0,0.0841,2025,1,12
2025-01-12 04:55:00+00:00,2698.0,2699.0,2698.0,2699.0,0.0582,2025,1,12
2025-01-12 05:00:00+00:00,2699.0,2699.0,2697.0,2697.0,0.2869,2025,1,12
2025-01-12 05:05:00+00:00,2697.0,2698.0,2697.0,2698.0,2.9067,2025,1,12
2025-01-12 05:10:00+00:00,2697.0,2698.0,2697.0,2698.0,0.4631,2025,1,12
2025-01-12 05:15:00+00:00,2698.0,2699.0,2698.0,2699.0,0.754,2025,1,12
2025-01-12 05:20:00+00:00,2698.0,2698.0,2698.0,2698.0,0.0088,2025,1,12
2025-01-12 05:25:00+00:00,2698.0,2699.0,2698.0,2698.0,0.0356,2025,1,12
2025-01-12 05:30:00+00:00,2698.0,2699.0,2698.0,2699.0,0.0207,2025,1,12
2025-01-12 05:35:00+00:00,2698.0,2699.0,2698.0,2699.0,0.0156,2025,1,12
2025-01-12 05:40:00+00:00,2699.0,2699.0,2698.0,2699.0,0.4071,2025,1,12
2025-01-12 05:45:00+00:00,2698.0,2699.0,2698.0,2699.0,0.0536,2025,1,12
2025-01-12 05:50:00+00:00,2698.0,2699.0,2698.0,2698.0,0.3055,2025,1,12
2025-01-12 05:55:00+00:00,2698.0,2699.0,2698.0,2698.0,1.6588,2025,1,12
2025-01-12 06:00:00+00:00,2698.0,2699.0,2698.0,2698.0,0.5959,2025,1,12
2025-01-12 06:05:00+00:00,2699.0,2699.0,2698.0,2698.0,0.1865,2025,1,12
2025-01-12 06:10:00+00:00,2698.0,2699.0,2698.0,2699.0,0.3265,2025,1,12
2025-01-12 06:15:00+00:00,2699.0,2699.0,2698.0,2698.0,0.1252,2025,1,12
2025-01-12 06:20:00+00:00,2699.0,2699.0,2698.0,2698.0,0.0141,2025,1,12
2025-01-12 06:25:00+00:00,2698.0,2698.0,2698.0,2698.0,0.0691,2025,1,12
2025-01-12 06:30:00+00:00,2699.0,2699.0,2698.0,2698.0,0.4943,2025,1,12
2025-01-12 06:35:00+00:00,2699.0,2699.0,2698.0,2698.0,0.1724,2025,1,12
2025-01-12 06:40:00+00:00,2698.0,2699.0,2698.0,2699.0,1.9594,2025,1,12
2025-01-12 06:45:00+00:00,2698.0,2699.0,2698.0,2699.0,0.193,2025,1,12
2025-01-12 06:50:00+00:00,2698.0,2699.0,2698.0,2698.0,0.1932,2025,1,12
2025-01-12 06:55:00+00:00,2698.0,2699.0,2698.0,2698.0,0.3058,2025,1,12
2025-01-12 07:00:00+00:00,2699.0,2699.0,2698.0,2699.0,0.0412,2025,1,12
2025-01-12 07:05:00+00:00,2699.0,2699.0,2697.0,2699.0,0.9556,2025,1,12
2025-01-12 07:10:00+00:00,2698.0,2699.0,2697.0,2697.0,3.5553,2025,1,12
2025-01-12 07:15:00+00:00,2698.0,2699.0,2697.0,2697.0,0.2299,2025,1,12
2025-01-12 07:20:00+00:00,2697.0,2698.0,2697.0,2698.0,1.3322,2025,1,12
2025-01-12 07:25:00+00:00,2697.0,2698.0,2697.0,2698.0,0.7249,2025,1,12
2025-01-12 07:30:00+00:00,2698.0,2699.0,2697.0,2698.0,0.7313,2025,1,12
2025-01-12 07:35:00+00:00,2698.0,2699.0,2698.0,2699.0,0.0369,2025,1,12
2025-01-12 07:40:00+00:00,2698.0,2699.0,2698.0,2699.0,0.4748,2025,1,12
2025-01-12 07:45:00+00:00,2698.0,2698.0,2698.0,2698.0,0.0642,2025,1,12
2025-01-12 07:50:00+00:00,2698.0,2699.0,2698.0,2698.0,0.47,2025,1,12
2025-01-12 07:55:00+00:00,2699.0,2699.0,2698.0,2698.0,0.4731,2025,1,12
2025-01-12 08:00:00+00:00,2699.0,2699.0,2697.0,2697.0,0.2731,2025,1,12
2025-01-12 08:05:00+00:00,2697.0,2698.0,2697.0,2698.0,0.0079,2025,1,12
2025-01-12 08:10:00+00:00,2698.0,2699.0,2697.0,2699.0,0.9615,2025,1,12
2025-01-12 08:15:00+00:00,2699.0,2699.0,2698.0,2698.0,0.3527,2025,1,12
2025-01-12 08:20:00+00:00,2699.0,2700.0,2698.0,2698.0,14.9512,2025,1,12
2025-01-12 08:25:00+00:00,2699.0,2701.0,2697.0,2701.0,8.9213,2025,1,12
2025-01-12 08:30:00+00:00,2701.0,2702.0,2699.0,2700.0,13.1775,2025,1,12
2025-01-12 08:35:00+00:00,2699.0,2700.0,2697.0,2698.0,3.3656,2025,1,12
2025-01-12 08:40:00+00:00,2698.0,2701.0,2697.0,2699.0,9.9138,2025,1,12
2025-01-12 08:45:00+00:00,2700.0,2700.0,2697.0,2699.0,4.9294,2025,1,12
2025-01-12 08:50:00+00:00,2699.0,2699.0,2697.0,2697.0,2.683,2025,1,12
2025-01-12 08:55:00+00:00,2698.0,2701.0,2698.0,2700.0,4.7512,2025,1,12
2025-01-12 09:00:00+00:00,2701.0,2701.0,2700.0,2700.0,0.2585,2025,1,12
2025-01-12 09:05:00+00:00,2700.0,2701.0,2699.0,2700.0,2.9107,2025,1,12
2025-01-12 09:10:00+00:00,2701.0,2701.0,2699.0,2699.0,1.2875,2025,1,12
2025-01-12 09:15:00+00:00,2699.0,2699.0,2699.0,2699.0,0.054,2025,1,12
2025-01-12 09:20:00+00:00,2699.0,2700.0,2698.0,2699.0,1.5622,2025,1,12
2025-01-12 09:25:00+00:00,2698.0,2700.0,2698.0,2700.0,0.3904,2025,1,12
2025-01-12 09:30:00+00:00,2698.0,2699.0,2698.0,2698.0,2.9391,2025,1,12
2025-01-12 09:35:00+00:00,2698.0,2699.0,2698.0,2698.0,0.4055,2025,1,12
2025-01-12 09:40:00+00:00,2698.0,2699.0,2697.0,2697.0,0.4853,2025,1,12
2025-01-12 09:45:00+00:00,2697.0,2698.0,2697.0,2697.0,0.2649,2025,1,12
2025-01-12 09:50:00+00:00,2697.0,2698.0,2697.0,2697.0,2.462,2025,1,12
2025-01-12 09:55:00+00:00,2698.0,2698.0,2697.0,2697.0,0.1009,2025,1,12
2025-01-12 10:00:00+00:00,2698.0,2698.0,2697.0,2697.0,0.4312,2025,1,12
2025-01-12 10:05:00+00:00,2697.0,2698.0,2697.0,2697.0,1.4168,2025,1,12
2025-01-12 10:10:00+00:00,2698.0,2699.0,2697.0,2697.0,0.3605,2025,1,12
2025-01-12 10:15:00+00:00,2697.0,2699.0,2697.0,2697.0,0.3619,2025,1,12
2025-01-12 10:20:00+00:00,2697.0,2699.0,2697.0,2698.0,0.2213,2025,1,12
2025-01-12 10:25:00+00:00,2697.0,2698.0,2697.0,2697.0,0.1036,2025,1,12
2025-01-12 10:30:00+00:00,2697.0,2698.0,2697.0,2698.0,0.3606,2025,1,12
2025-01-12 10:35:00+00:00,2698.0,2699.0,2697.0,2697.0,0.4045,2025,1,12
2025-01-12 10:40:00+00:00,2699.0,2699.0,2697.0,2699.0,0.1811,2025,1,12
2025-01-12 10:45:00+00:00,2699.0,2699.0,2698.0,2698.0,0.3353,2025,1,12
2025-01-12 10:50:00+00:00,2698.0,2699.0,2698.0,2699.0,0.3,2025,1,12
2025-01-12 10:55:00+00:00,2698.0,2699.0,2697.0,2697.0,1.7771,2025,1,12
2025-01-12 11:00:00+00:00,2698.0,2698.0,2697.0,2698.0,0.1692,2025,1,12
2025-01-12 11:05:00+00:00,2698.0,2698.0,2696.0,2697.0,0.4164,2025,1,12
2025-01-12 11:10:00+00:00,2697.0,2698.0,2696.0,2697.0,0.1516,2025,1,12
2025-01-12 11:15:00+00:00,2697.0,2698.0,2696.0,2697.0,0.0359,2025,1,12
2025-01-12 11:20:00+00:00,2698.0,2698.0,2696.0,2696.0,0.4896,2025,1,12
2025-01-12 11:25:00+00:00,2696.0,2698.0,2696.0,2698.0,0.0157,2025,1,12
2025-01-12 11:30:00+00:00,2696.0,2698.0,2696.0,2697.0,0.2588,2025,1,12
2025-01-12 11:35:00+00:00,2697.0,2698.0,2697.0,2697.0,0.0274,2025,1,12
2025-01-12 11:40:00+00:00,2698.0,2698.0,2697.0,2698.0,0.0202,2025,1,12
2025-01-12 11:45:00+00:00,2698.0,2698.0,2697.0,2698.0,0.1679,2025,1,12
2025-01-12 11:50:00+00:00,2698.0,2698.0,2697.0,2697.0,0.5403,2025,1,12
2025-01-12 11:55:00+00:00,2697.0,2698.0,2697.0,2698.0,0.0276,2025,1,12
2025-01-12 12:00:00+00:00,2697.0,2698.0,2696.0,2696.0,0.2187,2025,1,12
2025-01-12 12:05:00+00:00,2697.0,2697.0,2696.0,2697.0,0.4618,2025,1,12
2025-01-12 12:10:00+00:00,2697.0,2698.0,2697.0,2698.0,0.5234,2025,1,12
2025-01-12 12:15:00+00:00,2698.0,2698.0,2697.0,2698.0,0.0807,2025,1,12
2025-01-12 12:20:00+00:00,2697.0,2698.0,2697.0,2698.0,1.1871,2025,1,12
2025-01-12 12:25:00+00:00,2698.0,2699.0,2696.0,2699.0,7.7941,2025,1,12
2025-01-12 12:30:00+00:00,2698.0,2699.0,2698.0,2699.0,0.1009,2025,1,12
2025-01-12 12:35:00+00:00,2699.0,2699.0,2699.0,2699.0,0.0248,2025,1,12
2025-01-12 12:40:00+00:00,2699.0,2701.0,2698.0,2699.0,5.029,2025,1,12
2025-01-12 12:45:00+00:00,2699.0,2700.0,2698.0,2700.0,1.2176,2025,1,12
2025-01-12 12:50:00+00:00,2700.0,2700.0,2700.0,2700.0,1.1328,2025,1,12
2025-01-12 12:55:00+00:00,2700.0,2700.0,2698.0,2700.0,4.0251,2025,1,12
2025-01-12 13:00:00+00:00,2700.0,2700.0,2698.0,2699.0,1.7381,2025,1,12
2025-01-12 13:05:00+00:00,2699.0,2699.0,2698.0,2699.0,0.6132,2025,1,12
2025-01-12 13:10:00+00:00,2699.0,2702.0,2698.0,2701.0,3.3893,2025,1,12
2025-01-12 13:15:00+00:00,2701.0,2701.0,2700.0,2700.0,0.2867,2025,1,12
2025-01-12 13:20:00+00:00,2700.0,2701.0,2700.0,2701.0,0.1832,2025,1,12
2025-01-12 13:25:00+00:00,2700.0,2701.0,2699.0,2699.0,0.7894,2025,1,12
2025-01-12 13:30:00+00:00,2700.0,2702.0,2700.0,2700.0,2.4987,2025,1,12
2025-01-12 13:35:00+00:00,2701.0,2701.0,2699.0,2700.0,1.2005,2025,1,12
2025-01-12 13:40:00+00:00,2700.0,2700.0,2699.0,2699.0,3.2257,2025,1,12
2025-01-12 13:45:00+00:00,2700.0,2700.0,2699.0,2699.0,0.2564,2025,1,12
2025-01-12 13:50:00+00:00,2699.0,2700.0,2699.0,2699.0,1.0725,2025,1,12
2025-01-12 13:55:00+00:00,2699.0,2700.0,2698.0,2700.0,0.5554,2025,1,12
2025-01-12 14:00:00+00:00,2699.0,2700.0,2699.0,2699.0,0.0985,2025,1,12
2025-01-12 14:05:00+00:00,2699.0,2701.0,2699.0,2701.0,4.0135,2025,1,12
2025-01-12 14:10:00+00:00,2700.0,2701.0,2700.0,2700.0,0.9043,2025,1,12
2025-01-12 14:15:00+00:00,2701.0,2701.0,2700.0,2700.0,0.7647,2025,1,12
2025-01-12 14:20:00+00:00,2700.0,2701.0,2699.0,2699.0,0.7974,2025,1,12
2025-01-12 14:25:00+00:00,2699.0,2700.0,2696.0,2698.0,25.2505,2025,1,12
2025-01-12 14:30:00+00:00,2698.0,2698.0,2697.0,2697.0,0.4492,2025,1,12
2025-01-12 14:35:00+00:00,2698.0,2699.0,2697.0,2698.0,2.165,2025,1,12
2025-01-12 14:40:00+00:00,2697.0,2698.0,2697.0,2697.0,0.0688,2025,1,12
2025-01-12 14:45:00+00:00,2698.0,2698.0,2697.0,2698.0,0.1525,2025,1,12
2025-01-12 14:50:00+00:00,2697.0,2698.0,2697.0,2697.0,0.0941,2025,1,12
2025-01-12 14:55:00+00:00,2697.0,2698.0,2697.0,2698.0,0.0618,2025,1,12
2025-01-12 15:00:00+00:00,2698.0,2698.0,2697.0,2698.0,1.711,2025,1,12
2025-01-12 15:05:00+00:00,2698.0,2698.0,2697.0,2697.0,0.3742,2025,1,12
2025-01-12 15:10:00+00:00,2697.0,2698.0,2697.0,2697.0,0.298,2025,1,12
2025-01-12 15:15:00+00:00,2698.0,2698.0,2696.0,2697.0,3.7357,2025,1,12
2025-01-12 15:20:00+00:00,2697.0,2700.0,2696.0,2698.0,11.8768,2025,1,12
2025-01-12 15:25:00+00:00,2697.0,2699.0,2697.0,2698.0,2.5291,2025,1,12
2025-01-12 15:30:00+00:00,2698.0,2699.0,2698.0,2698.0,0.2301,2025,1,12
2025-01-12 15:35:00+00:00,2698.0,2699.0,2698.0,2699.0,0.2228,2025,1,12
2025-01-12 15:40:00+00:00,2699.0,2699.0,2698.0,2699.0,0.3447,2025,1,12
2025-01-12 15:45:00+00:00,2698.0,2699.0,2698.0,2699.0,0.1229,2025,1,12
2025-01-12 15:50:00+00:00,2698.0,2699.0,2698.0,2698.0,0.2794,2025,1,12
2025-01-12 15:55:00+00:00,2698.0,2699.0,2698.0,2698.0,0.4273,2025,1,12
2025-01-12 16:00:00+00:00,2698.0,2699.0,2698.0,2698.0,0.0787,2025,1,12
2025-01-12 16:05:00+00:00,2698.0,2699.0,2698.0,2698.0,0.3854,2025,1,12
2025-01-12 16:10:00+00:00,2698.0,2698.0,2697.0,2697.0,1.2709,2025,1,12
2025-01-12 16:15:00+00:00,2698.0,2698.0,2697.0,2698.0,0.5891,2025,1,12
2025-01-12 16:20:00+00:00,2698.0,2698.0,2697.0,2698.0,0.2527,2025,1,12
2025-01-12 16:25:00+00:00,2698.0,2698.0,2697.0,2698.0,0.6084,2025,1,12
2025-01-12 16:30:00+00:00,2697.0,2698.0,2697.0,2698.0,0.4253,2025,1,12
2025-01-12 16:35:00+00:00,2698.0,2698.0,2696.0,2697.0,2.6095,2025,1,12
2025-01-12 16:40:00+00:00,2696.0,2697.0,2696.0,2697.0,1.2215,2025,1,12
2025-01-12 16:45:00+00:00,2696.0,2697.0,2696.0,2696.0,0.1527,2025,1,12
2025-01-12 16:50:00+00:00,2696.0,2697.0,2696.0,2696.0,0.2293,2025,1,12
2025-01-12 16:55:00+00:00,2697.0,2697.0,2696.0,2696.0,0.9134,2025,1,12
2025-01-12 17:00:00+00:00,2697.0,2697.0,2696.0,2696.0,0.8094,2025,1,12
2025-01-12 17:05:00+00:00,2696.0,2697.0,2696.0,2697.0,0.1671,2025,1,12
2025-01-12 17:10:00+00:00,2696.0,2697.0,2696.0,2696.0,0.8391,2025,1,12
2025-01-12 17:15:00+00:00,2696.0,2698.0,2696.0,2698.0,0.673,2025,1,12
2025-01-12 17:20:00+00:00,2697.0,2698.0,2697.0,2697.0,0.3934,2025,1,12
2025-01-12 17:25:00+00:00,2697.0,2698.0,2696.0,2697.0,2.2942,2025,1,12
2025-01-12 17:30:00+00:00,2696.0,2702.0,2696.0,2700.0,15.2684,2025,1,12
2025-01-12 17:35:00+00:00,2699.0,2700.0,2699.0,2699.0,0.0528,2025,1,12
2025-01-12 17:40:00+00:00,2699.0,2701.0,2699.0,2700.0,1.7778,2025,1,12
2025-01-12 17:45:00+00:00,2701.0,2701.0,2700.0,2700.0,0.566,2025,1,12
2025-01-12 17:50:00+00:00,2700.0,2701.0,2699.0,2699.0,0.8304,2025,1,12
2025-01-12 17:55:00+00:00,2700.0,2701.0,2699.0,2701.0,0.7547,2025,1,12
2025-01-12 18:00:00+00:00,2701.0,2701.0,2699.0,2701.0,2.1249,2025,1,12
2025-01-12 18:05:00+00:00,2699.0,2700.0,2699.0,2699.0,0.0439,2025,1,12
2025-01-12 18:10:00+00:00,2700.0,2700.0,2699.0,2699.0,2.1694,2025,1,12
2025-01-12 18:15:00+00:00,2698.0,2699.0,2698.0,2698.0,0.1769,2025,1,12
2025-01-12 18:20:00+00:00,2698.0,2699.0,2697.0,2699.0,2.3705,2025,1,12
2025-01-12 18:25:00+00:00,2699.0,2699.0,2697.0,2698.0,0.7925,2025,1,12
2025-01-12 18:30:00+00:00,2697.0,2697.0,2697.0,2697.0,0.0969,2025,1,12
2025-01-12 18:35:00+00:00,2698.0,2698.0,2697.0,2698.0,0.3769,2025,1,12
2025-01-12 18:40:00+00:00,2697.0,2697.0,2697.0,2697.0,0.0671,2025,1,12
2025-01-12 18:45:00+00:00,2697.0,2698.0,2696.0,2698.0,3.5228,2025,1,12
2025-01-12 18:50:00+00:00,2698.0,2698.0,2697.0,2698.0,0.2066,2025,1,12
2025-01-12 18:55:00+00:00,2697.0,2698.0,2697.0,2697.0,0.0946,2025,1,12
2025-01-12 19:00:00+00:00,2698.0,2699.0,2697.0,2698.0,0.1704,2025,1,12
2025-01-12 19:05:00+00:00,2698.0,2698.0,2697.0,2697.0,0.3897,2025,1,12
2025-01-12 19:10:00+00:00,2697.0,2697.0,2696.0,2696.0,2.4093,2025,1,12
2025-01-12 19:15:00+00:00,2696.0,2698.0,2696.0,2698.0,0.8719,2025,1,12
2025-01-12 19:20:00+00:00,2698.0,2698.0,2697.0,2698.0,0.282,2025,1,12
2025-01-12 19:25:00+00:00,2698.0,2699.0,2697.0,2697.0,1.2351,2025,1,12
2025-01-12 19:30:00+00:00,2698.0,2698.0,2697.0,2697.0,0.0124,2025,1,12
2025-01-12 19:35:00+00:00,2697.0,2698.0,2697.0,2697.0,0.1408,2025,1,12
2025-01-12 19:40:00+00:00,2697.0,2698.0,2697.0,2697.0,0.1797,2025,1,12
2025-01-12 19:45:00+00:00,2698.0,2698.0,2697.0,2697.0,0.1671,2025,1,12
2025-01-12 19:50:00+00:00,2697.0,2699.0,2697.0,2698.0,1.2875,2025,1,12
2025-01-12 19:55:00+00:00,2698.0,2699.0,2698.0,2699.0,0.1561,2025,1,12
2025-01-12 20:00:00+00:00,2698.0,2700.0,2698.0,2700.0,4.7381,2025,1,12
2025-01-12 20:05:00+00:00,2701.0,2701.0,2700.0,2700.0,0.3255,2025,1,12
2025-01-12 20:10:00+00:00,2701.0,2701.0,2700.0,2700.0,0.8489,2025,1,12
2025-01-12 20:15:00+00:00,2700.0,2701.0,2700.0,2701.0,0.0499,2025,1,12
2025-01-12 20:20:00+00:00,2701.0,2701.0,2700.0,2701.0,0.5156,2025,1,12
2025-01-12 20:25:00+00:00,2700.0,2701.0,2700.0,2700.0,3.0414,2025,1,12
2025-01-12 20:30:00+00:00,2700.0,2701.0,2700.0,2700.0,0.4309,2025,1,12
2025-01-12 20:35:00+00:00,2700.0,2700.0,2699.0,2699.0,1.2138,2025,1,12
2025-01-12 20:40:00+00:00,2699.0,2700.0,2699.0,2699.0,0.4061,2025,1,12
2025-01-12 20:45:00+00:00,2699.0,2700.0,2699.0,2699.0,0.4149,2025,1,12
2025-01-12 20:50:00+00:00,2699.0,2700.0,2699.0,2699.0,0.4376,2025,1,12
2025-01-12 20:55:00+00:00,2699.0,2700.0,2699.0,2699.0,0.3965,2025,1,12
2025-01-12 21:00:00+00:00,2699.0,2700.0,2699.0,2699.0,0.6774,2025,1,12
2025-01-12 21:05:00+00:00,2699.0,2701.0,2699.0,2701.0,1.0575,2025,1,12
2025-01-12 21:10:00+00:00,2700.0,2701.0,2700.0,2700.0,0.672,2025,1,12
2025-01-12 21:15:00+00:00,2701.0,2712.0,2701.0,2706.0,58.1185,2025,1,12
2025-01-12 21:20:00+00:00,2706.0,2708.0,2703.0,2703.0,12.8394,2025,1,12
2025-01-12 21:25:00+00:00,2703.0,2704.0,2702.0,2704.0,1.4956,2025,1,12
2025-01-12 21:30:00+00:00,2703.0,2705.0,2702.0,2703.0,2.6974,2025,1,12
2025-01-12 21:35:00+00:00,2703.0,2705.0,2703.0,2704.0,0.7753,2025,1,12
2025-01-12 21:40:00+00:00,2704.0,2707.0,2704.0,2707.0,1.8002,2025,1,12
2025-01-12 21:45:00+00:00,2707.0,2707.0,2705.0,2705.0,0.8833,2025,1,12
2025-01-12 21:50:00+00:00,2706.0,2707.0,2703.0,2704.0,6.2947,2025,1,12
2025-01-12 21:55:00+00:00,2703.0,2705.0,2703.0,2703.0,1.673,2025,1,12
2025-01-12 22:00:00+00:00,2705.0,2705.0,2703.0,2703.0,0.4504,2025,1,12
2025-01-12 22:05:00+00:00,2703.0,2704.0,2701.0,2701.0,4.0975,2025,1,12
2025-01-12 22:10:00+00:00,2701.0,2702.0,2699.0,2699.0,5.378,2025,1,12
2025-01-12 22:15:00+00:00,2699.0,2700.0,2698.0,2698.0,3.0366,2025,1,12
2025-01-12 22:20:00+00:00,2698.0,2700.0,2698.0,2700.0,1.0033,2025,1,12
2025-01-12 22:25:00+00:00,2698.0,2702.0,2698.0,2700.0,7.8469,2025,1,12
2025-01-12 22:30:00+00:00,2700.0,2703.0,2700.0,2700.0,1.9953,2025,1,12
2025-01-12 22:35:00+00:00,2702.0,2707.0,2700.0,2704.0,3.4241,2025,1,12
2025-01-12 22:40:00+00:00,2704.0,2706.0,2703.0,2705.0,1.946,2025,1,12
2025-01-12 22:45:00+00:00,2704.0,2709.0,2703.0,2705.0,6.1134,2025,1,12
2025-01-12 22:50:00+00:00,2705.0,2709.0,2703.0,2708.0,14.6269,2025,1,12
2025-01-12 22:55:00+00:00,2705.0,2707.0,2704.0,2704.0,3.8631,2025,1,12
2025-01-12 23:00:00+00:00,2706.0,2709.0,2705.0,2708.0,10.3397,2025,1,12
2025-01-12 23:05:00+00:00,2706.0,2707.0,2702.0,2702.0,12.7837,2025,1,12
2025-01-12 23:10:00+00:00,2704.0,2704.0,2702.0,2702.0,2.2491,2025,1,12
2025-01-12 23:15:00+00:00,2702.0,2704.0,2701.0,2701.0,0.4245,2025,1,12
2025-01-12 23:20:00+00:00,2701.0,2703.0,2701.0,2703.0,0.487,2025,1,12
2025-01-12 23:25:00+00:00,2701.0,2703.0,2701.0,2701.0,0.3736,2025,1,12
2025-01-12 23:30:00+00:00,2702.0,2704.0,2701.0,2702.0,5.3459,2025,1,12
2025-01-12 23:35:00+00:00,2702.0,2703.0,2692.0,2697.0,62.2165,2025,1,12
2025-01-12 23:40:00+00:00,2697.0,2699.0,2697.0,2697.0,0.7425,2025,1,12
2025-01-12 23:45:00+00:00,2697.0,2699.0,2697.0,2697.0,0.5113,2025,1,12
2025-01-12 23:50:00+00:00,2697.0,2698.0,2696.0,2696.0,0.4276,2025,1,12
2025-01-12 23:55:00+00:00,2697.0,2698.0,2696.0,2697.0,1.0688,2025,1,12
2025-01-13 00:00:00+00:00,2698.0,2701.0,2696.0,2698.0,12.4246,2025,1,13
2025-01-13 00:05:00+00:00,2698.0,2700.0,2698.0,2698.0,0.8255,2025,1,13
2025-01-13 00:10:00+00:00,2698.0,2698.0,2698.0,2698.0,0.485,2025,1,13
2025-01-13 00:15:00+00:00,2698.0,2700.0,2696.0,2697.0,2.3258,2025,1,13
2025-01-13 00:20:00+00:00,2697.0,2699.0,2697.0,2699.0,4.2839,2025,1,13
2025-01-13 00:25:00+00:00,2699.0,2706.0,2697.0,2703.0,12.9312,2025,1,13
2025-01-13 00:30:00+00:00,2703.0,2710.0,2702.0,2706.0,16.5677,2025,1,13
2025-01-13 00:35:00+00:00,2706.0,2710.0,2705.0,2708.0,6.8182,2025,1,13
2025-01-13 00:40:00+00:00,2708.0,2709.0,2707.0,2707.0,16.9778,2025,1,13
2025-01-13 00:45:00+00:00,2707.0,2707.0,2706.0,2706.0,0.6957,2025,1,13
2025-01-13 00:50:00+00:00,2706.0,2707.0,2705.0,2706.0,1.8993,2025,1,13
2025-01-13 00:55:00+00:00,2707.0,2707.0,2706.0,2706.0,0.3906,2025,1,13
2025-01-13 01:00:00+00:00,2706.0,2707.0,2704.0,2704.0,1.0243,2025,1,13
2025-01-13 01:05:00+00:00,2704.0,2705.0,2703.0,2703.0,2.6728,2025,1,13
2025-01-13 01:10:00+00:00,2703.0,2703.0,2701.0,2702.0,1.2605,2025,1,13
2025-01-13 01:15:00+00:00,2700.0,2701.0,2694.0,2697.0,9.1646,2025,1,13
2025-01-13 01:20:00+00:00,2696.0,2697.0,2694.0,2696.0,0.6153,2025,1,13
2025-01-13 01:25:00+00:00,2696.0,2697.0,2694.0,2694.0,0.9513,2025,1,13
2025-01-13 01:30:00+00:00,2696.0,2697.0,2695.0,2695.0,0.5181,2025,1,13
2025-01-13 01:35:00+00:00,2696.0,2696.0,2694.0,2694.0,3.3511,2025,1,13
2025-01-13 01:40:00+00:00,2694.0,2696.0,2694.0,2694.0,3.0402,2025,1,13
2025-01-13 01:45:00+00:00,2694.0,2695.0,2694.0,2694.0,0.9239,2025,1,13
2025-01-13 01:50:00+00:00,2694.0,2695.0,2694.0,2694.0,1.6791,2025,1,13
2025-01-13 01:55:00+00:00,2694.0,2694.0,2691.0,2691.0,3.4365,2025,1,13
2025-01-13 02:00:00+00:00,2692.0,2693.0,2691.0,2692.0,9.6579,2025,1,13
2025-01-13 02:05:00+00:00,2692.0,2697.0,2692.0,2696.0,6.9544,2025,1,13
2025-01-13 02:10:00+00:00,2696.0,2697.0,2696.0,2696.0,0.5792,2025,1,13
2025-01-13 02:15:00+00:00,2696.0,2697.0,2696.0,2696.0,0.5735,2025,1,13
2025-01-13 02:20:00+00:00,2696.0,2697.0,2696.0,2696.0,0.632,2025,1,13
2025-01-13 02:25:00+00:00,2696.0,2697.0,2695.0,2695.0,0.533,2025,1,13
2025-01-13 02:30:00+00:00,2695.0,2696.0,2694.0,2695.0,5.3631,2025,1,13
2025-01-13 02:35:00+00:00,2695.0,2696.0,2695.0,2695.0,2.3537,2025,1,13
2025-01-13 02:40:00+00:00,2695.0,2696.0,2694.0,2695.0,4.8348,2025,1,13
2025-01-13 02:45:00+00:00,2695.0,2696.0,2694.0,2696.0,5.5239,2025,1,13
2025-01-13 02:50:00+00:00,2695.0,2696.0,2694.0,2695.0,6.1286,2025,1,13
2025-01-13 02:55:00+00:00,2695.0,2695.0,2695.0,2695.0,0.3866,2025,1,13
2025-01-13 03:00:00+00:00,2695.0,2697.0,2695.0,2697.0,2.9695,2025,1,13
2025-01-13 03:05:00+00:00,2697.0,2698.0,2696.0,2696.0,0.4736,2025,1,13
2025-01-13 03:10:00+00:00,2696.0,2697.0,2695.0,2695.0,1.6024,2025,1,13
2025-01-13 03:15:00+00:00,2694.0,2695.0,2693.0,2693.0,0.8253,2025,1,13
2025-01-13 03:20:00+00:00,2693.0,2694.0,2692.0,2692.0,1.6698,2025,1,13
2025-01-13 03:25:00+00:00,2693.0,2694.0,2692.0,2692.0,10.5962,2025,1,13
2025-01-13 03:30:00+00:00,2693.0,2694.0,2692.0,2692.0,3.6652,2025,1,13
2025-01-13 03:35:00+00:00,2693.0,2693.0,2691.0,2692.0,7.5949,2025,1,13
2025-01-13 03:40:00+00:00,2692.0,2693.0,2691.0,2691.0,0.22,2025,1,13
2025-01-13 03:45:00+00:00,2692.0,2692.0,2690.0,2690.0,1.8185,2025,1,13
2025-01-13 03:50:00+00:00,2691.0,2693.0,2690.0,2692.0,1.6964,2025,1,13
2025-01-13 03:55:00+00:00,2692.0,2693.0,2692.0,2692.0,0.2788,2025,1,13
2025-01-13 04:00:00+00:00,2692.0,2694.0,2692.0,2694.0,1.8416,2025,1,13
2025-01-13 04:05:00+00:00,2694.0,2694.0,2693.0,2693.0,3.3416,2025,1,13
2025-01-13 04:10:00+00:00,2692.0,2693.0,2691.0,2692.0,22.5896,2025,1,13
2025-01-13 04:15:00+00:00,2693.0,2693.0,2689.0,2691.0,18.1407,2025,1,13
2025-01-13 04:20:00+00:00,2691.0,2691.0,2689.0,2690.0,4.3729,2025,1,13
2025-01-13 04:25:00+00:00,2690.0,2690.0,2689.0,2689.0,1.1648,2025,1,13
2025-01-13 04:30:00+00:00,2689.0,2690.0,2688.0,2688.0,0.6137,2025,1,13
2025-01-13 04:35:00+00:00,2690.0,2691.0,2690.0,2690.0,5.5347,2025,1,13
2025-01-13 04:40:00+00:00,2690.0,2691.0,2690.0,2690.0,0.0947,2025,1,13
2025-01-13 04:45:00+00:00,2691.0,2691.0,2690.0,2691.0,0.1096,2025,1,13
2025-01-13 04:50:00+00:00,2690.0,2693.0,2690.0,2693.0,0.8697,2025,1,13
2025-01-13 04:55:00+00:00,2693.0,2696.0,2693.0,2693.0,7.7561,2025,1,13
2025-01-13 05:00:00+00:00,2694.0,2694.0,2685.0,2687.0,35.6391,2025,1,13
2025-01-13 05:05:00+00:00,2687.0,2688.0,2686.0,2688.0,4.1006,2025,1,13
2025-01-13 05:10:00+00:00,2689.0,2689.0,2688.0,2688.0,0.0663,2025,1,13
2025-01-13 05:15:00+00:00,2688.0,2689.0,2688.0,2689.0,0.0171,2025,1,13
2025-01-13 05:20:00+00:00,2688.0,2689.0,2688.0,2689.0,0.0569,2025,1,13
2025-01-13 05:25:00+00:00,2688.0,2688.0,2687.0,2687.0,3.6354,2025,1,13
2025-01-13 05:30:00+00:00,2688.0,2688.0,2687.0,2687.0,0.7298,2025,1,13
2025-01-13 05:35:00+00:00,2688.0,2688.0,2687.0,2687.0,0.1486,2025,1,13
2025-01-13 05:40:00+00:00,2687.0,2688.0,2687.0,2687.0,0.0723,2025,1,13
2025-01-13 05:45:00+00:00,2687.0,2688.0,2687.0,2687.0,0.1801,2025,1,13
2025-01-13 05:50:00+00:00,2688.0,2688.0,2687.0,2688.0,3.1571,2025,1,13
2025-01-13 05:55:00+00:00,2688.0,2688.0,2683.0,2687.0,8.1258,2025,1,13
2025-01-13 06:00:00+00:00,2686.0,2691.0,2686.0,2691.0,5.7735,2025,1,13
2025-01-13 06:05:00+00:00,2691.0,2691.0,2690.0,2691.0,0.1708,2025,1,13
2025-01-13 06:10:00+00:00,2691.0,2691.0,2690.0,2690.0,0.7195,2025,1,13
2025-01-13 06:15:00+00:00,2690.0,2693.0,2690.0,2691.0,2.5543,2025,1,13
2025-01-13 06:20:00+00:00,2692.0,2692.0,2691.0,2692.0,0.8646,2025,1,13
2025-01-13 06:25:00+00:00,2691.0,2692.0,2691.0,2691.0,0.6436,2025,1,13
2025-01-13 06:30:00+00:00,2692.0,2693.0,2691.0,2691.0,2.0805,2025,1,13
2025-01-13 06:35:00+00:00,2690.0,2690.0,2686.0,2688.0,11.8035,2025,1,13
2025-01-13 06:40:00+00:00,2688.0,2688.0,2686.0,2686.0,7.8828,2025,1,13
2025-01-13 06:45:00+00:00,2687.0,2688.0,2685.0,2686.0,6.5012,2025,1,13
2025-01-13 06:50:00+00:00,2687.0,2687.0,2685.0,2685.0,3.2645,2025,1,13
2025-01-13 06:55:00+00:00,2686.0,2688.0,2685.0,2686.0,2.8325,2025,1,13
2025-01-13 07:00:00+00:00,2688.0,2689.0,2687.0,2688.0,0.1492,2025,1,13
2025-01-13 07:05:00+00:00,2688.0,2690.0,2680.0,2684.0,57.1464,2025,1,13
2025-01-13 07:10:00+00:00,2683.0,2688.0,2683.0,2688.0,0.8641,2025,1,13
2025-01-13 07:15:00+00:00,2688.0,2688.0,2686.0,2687.0,2.2019,2025,1,13
2025-01-13 07:20:00+00:00,2687.0,2688.0,2687.0,2687.0,3.2229,2025,1,13
2025-01-13 07:25:00+00:00,2688.0,2688.0,2686.0,2686.0,6.5866,2025,1,13
2025-01-13 07:30:00+00:00,2685.0,2686.0,2685.0,2685.0,2.0672,2025,1,13
2025-01-13 07:35:00+00:00,2685.0,2685.0,2684.0,2684.0,5.1299,2025,1,13
2025-01-13 07:40:00+00:00,2684.0,2686.0,2684.0,2685.0,2.2832,2025,1,13
2025-01-13 07:45:00+00:00,2685.0,2686.0,2684.0,2685.0,1.987,2025,1,13
2025-01-13 07:50:00+00:00,2684.0,2685.0,2683.0,2683.0,2.1113,2025,1,13
2025-01-13 07:55:00+00:00,2684.0,2685.0,2683.0,2683.0,1.717,2025,1,13
2025-01-13 08:00:00+00:00,2683.0,2685.0,2681.0,2682.0,4.6707,2025,1,13
2025-01-13 08:05:00+00:00,2682.0,2684.0,2682.0,2684.0,3.1511,2025,1,13
2025-01-13 08:10:00+00:00,2683.0,2684.0,2683.0,2684.0,0.1417,2025,1,13
2025-01-13 08:15:00+00:00,2683.0,2686.0,2683.0,2685.0,4.1483,2025,1,13
2025-01-13 08:20:00+00:00,2685.0,2686.0,2680.0,2680.0,7.2947,2025,1,13
2025-01-13 08:25:00+00:00,2680.0,2682.0,2679.0,2681.0,10.1545,2025,1,13
2025-01-13 08:30:00+00:00,2681.0,2683.0,2681.0,2683.0,0.9691,2025,1,13
2025-01-13 08:35:00+00:00,2684.0,2686.0,2684.0,2686.0,2.1078,2025,1,13
2025-01-13 08:40:00+00:00,2685.0,2687.0,2684.0,2686.0,6.217,2025,1,13
2025-01-13 08:45:00+00:00,2686.0,2686.0,2684.0,2685.0,4.141,2025,1,13
2025-01-13 08:50:00+00:00,2685.0,2691.0,2684.0,2687.0,13.913,2025,1,13
2025-01-13 08:55:00+00:00,2687.0,2694.0,2687.0,2691.0,17.4585,2025,1,13
2025-01-13 09:00:00+00:00,2689.0,2692.0,2687.0,2688.0,17.9691,2025,1,13
2025-01-13 09:05:00+00:00,2688.0,2693.0,2688.0,2692.0,13.8672,2025,1,13
2025-01-13 09:10:00+00:00,2691.0,2694.0,2688.0,2691.0,18.4243,2025,1,13
2025-01-13 09:15:00+00:00,2690.0,2692.0,2689.0,2690.0,4.6258,2025,1,13
2025-01-13 09:20:00+00:00,2690.0,2693.0,2689.0,2691.0,17.4922,2025,1,13
2025-01-13 09:25:00+00:00,2691.0,2692.0,2690.0,2690.0,0.5793,2025,1,13
2025-01-13 09:30:00+00:00,2690.0,2690.0,2687.0,2688.0,2.4489,2025,1,13
2025-01-13 09:35:00+00:00,2687.0,2689.0,2683.0,2689.0,10.9943,2025,1,13
2025-01-13 09:40:00+00:00,2688.0,2689.0,2685.0,2685.0,3.2133,2025,1,13
2025-01-13 09:45:00+00:00,2684.0,2687.0,2684.0,2687.0,7.7616,2025,1,13
2025-01-13 09:50:00+00:00,2687.0,2690.0,2687.0,2689.0,3.2927,2025,1,13
2025-01-13 09:55:00+00:00,2690.0,2693.0,2689.0,2691.0,8.5729,2025,1,13
2025-01-13 10:00:00+00:00,2691.0,2692.0,2688.0,2688.0,11.2491,2025,1,13
2025-01-13 10:05:00+00:00,2687.0,2688.0,2686.0,2686.0,0.8933,2025,1,13
2025-01-13 10:10:00+00:00,2686.0,2688.0,2685.0,2685.0,6.4492,2025,1,13
2025-01-13 10:15:00+00:00,2685.0,2686.0,2683.0,2683.0,1.3593,2025,1,13
2025-01-13 10:20:00+00:00,2685.0,2685.0,2680.0,2681.0,6.597,2025,1,13
2025-01-13 10:25:00+00:00,2682.0,2687.0,2680.0,2685.0,49.0483,2025,1,13
2025-01-13 10:30:00+00:00,2685.0,2685.0,2679.0,2685.0,20.9371,2025,1,13
2025-01-13 10:35:00+00:00,2683.0,2685.0,2683.0,2684.0,0.6493,2025,1,13
2025-01-13 10:40:00+00:00,2684.0,2685.0,2683.0,2684.0,5.4474,2025,1,13
2025-01-13 10:45:00+00:00,2683.0,2684.0,2680.0,2680.0,3.1858,2025,1,13
2025-01-13 10:50:00+00:00,2682.0,2690.0,2680.0,2686.0,28.9329,2025,1,13
2025-01-13 10:55:00+00:00,2687.0,2688.0,2685.0,2688.0,67.462,2025,1,13
2025-01-13 11:00:00+00:00,2686.0,2688.0,2685.0,2687.0,20.8312,2025,1,13
2025-01-13 11:05:00+00:00,2687.0,2700.0,2680.0,2687.0,175.1677,2025,1,13
2025-01-13 11:10:00+00:00,2687.0,2689.0,2677.0,2684.0,114.2931,2025,1,13
2025-01-13 11:15:00+00:00,2684.0,2684.0,2677.0,2679.0,29.2818,2025,1,13
2025-01-13 11:20:00+00:00,2680.0,2680.0,2677.0,2678.0,1.9173,2025,1,13
2025-01-13 11:25:00+00:00,2677.0,2678.0,2676.0,2677.0,3.3339,2025,1,13
2025-01-13 11:30:00+00:00,2678.0,2679.0,2676.0,2677.0,6.8107,2025,1,13
2025-01-13 11:35:00+00:00,2676.0,2680.0,2674.0,2679.0,17.3262,2025,1,13
2025-01-13 11:40:00+00:00,2678.0,2681.0,2675.0,2679.0,10.469,2025,1,13
2025-01-13 11:45:00+00:00,2681.0,2686.0,2681.0,2683.0,9.6385,2025,1,13
2025-01-13 11:50:00+00:00,2685.0,2685.0,2681.0,2682.0,4.9306,2025,1,13
2025-01-13 11:55:00+00:00,2683.0,2683.0,2675.0,2677.0,16.5547,2025,1,13
2025-01-13 12:00:00+00:00,2675.0,2676.0,2671.0,2674.0,22.0188,2025,1,13
2025-01-13 12:05:00+00:00,2674.0,2675.0,2672.0,2675.0,6.8553,2025,1,13
2025-01-13 12:10:00+00:00,2674.0,2675.0,2674.0,2675.0,2.0667,2025,1,13
2025-01-13 12:15:00+00:00,2675.0,2675.0,2673.0,2673.0,2.4039,2025,1,13
2025-01-13 12:20:00+00:00,2674.0,2675.0,2674.0,2675.0,0.9277,2025,1,13
2025-01-13 12:25:00+00:00,2675.0,2675.0,2673.0,2675.0,2.0396,2025,1,13
2025-01-13 12:30:00+00:00,2675.0,2676.0,2671.0,2673.0,10.3251,2025,1,13
2025-01-13 12:35:00+00:00,2673.0,2673.0,2670.0,2670.0,5.2485,2025,1,13
2025-01-13 12:40:00+00:00,2671.0,2673.0,2670.0,2673.0,7.5102,2025,1,13
2025-01-13 12:45:00+00:00,2672.0,2673.0,2672.0,2672.0,6.6708,2025,1,13
2025-01-13 12:50:00+00:00,2673.0,2673.0,2672.0,2672.0,0.6657,2025,1,13
2025-01-13 12:55:00+00:00,2673.0,2678.0,2673.0,2676.0,5.561,2025,1,13
2025-01-13 13:00:00+00:00,2677.0,2678.0,2673.0,2675.0,11.3796,2025,1,13
2025-01-13 13:05:00+00:00,2676.0,2677.0,2674.0,2677.0,3.3295,2025,1,13
2025-01-13 13:10:00+00:00,2676.0,2677.0,2675.0,2677.0,3.4783,2025,1,13
2025-01-13 13:15:00+00:00,2677.0,2679.0,2675.0,2675.0,10.5277,2025,1,13
2025-01-13 13:20:00+00:00,2676.0,2678.0,2673.0,2676.0,10.6203,2025,1,13
2025-01-13 13:25:00+00:00,2675.0,2676.0,2674.0,2676.0,2.8875,2025,1,13
2025-01-13 13:30:00+00:00,2675.0,2676.0,2674.0,2674.0,1.5967,2025,1,13
2025-01-13 13:35:00+00:00,2675.0,2675.0,2673.0,2673.0,4.6706,2025,1,13
2025-01-13 13:40:00+00:00,2674.0,2674.0,2672.0,2672.0,24.6529,2025,1,13
2025-01-13 13:45:00+00:00,2673.0,2673.0,2672.0,2672.0,1.2549,2025,1,13
2025-01-13 13:50:00+00:00,2673.0,2673.0,2672.0,2672.0,1.6475,2025,1,13
2025-01-13 13:55:00+00:00,2672.0,2673.0,2672.0,2672.0,2.2825,2025,1,13
2025-01-13 14:00:00+00:00,2673.0,2673.0,2672.0,2672.0,1.3196,2025,1,13
2025-01-13 14:05:00+00:00,2672.0,2673.0,2670.0,2673.0,11.5658,2025,1,13
2025-01-13 14:10:00+00:00,2673.0,2673.0,2668.0,2670.0,31.8386,2025,1,13
2025-01-13 14:15:00+00:00,2669.0,2670.0,2667.0,2667.0,16.6159,2025,1,13
2025-01-13 14:20:00+00:00,2668.0,2668.0,2666.0,2666.0,4.5622,2025,1,13
2025-01-13 14:25:00+00:00,2666.0,2668.0,2665.0,2666.0,29.3462,2025,1,13
2025-01-13 14:30:00+00:00,2666.0,2669.0,2666.0,2666.0,13.723,2025,1,13
2025-01-13 14:35:00+00:00,2667.0,2667.0,2664.0,2664.0,29.1223,2025,1,13
2025-01-13 14:40:00+00:00,2666.0,2669.0,2664.0,2666.0,15.8304,2025,1,13
2025-01-13 14:45:00+00:00,2668.0,2669.0,2667.0,2668.0,1.9015,2025,1,13
2025-01-13 14:50:00+00:00,2669.0,2673.0,2668.0,2672.0,25.9071,2025,1,13
2025-01-13 14:55:00+00:00,2672.0,2672.0,2667.0,2669.0,16.615,2025,1,13
2025-01-13 15:00:00+00:00,2669.0,2672.0,2669.0,2672.0,5.0708,2025,1,13
2025-01-13 15:05:00+00:00,2672.0,2675.0,2671.0,2674.0,2.449,2025,1,13
2025-01-13 15:10:00+00:00,2674.0,2675.0,2672.0,2673.0,1.9708,2025,1,13
2025-01-13 15:15:00+00:00,2673.0,2673.0,2671.0,2671.0,4.4422,2025,1,13
2025-01-13 15:20:00+00:00,2672.0,2672.0,2669.0,2669.0,13.8741,2025,1,13
2025-01-13 15:25:00+00:00,2669.0,2670.0,2668.0,2669.0,3.2903,2025,1,13
2025-01-13 15:30:00+00:00,2668.0,2669.0,2668.0,2669.0,1.6471,2025,1,13
2025-01-13 15:35:00+00:00,2669.0,2671.0,2668.0,2670.0,3.0198,2025,1,13
2025-01-13 15:40:00+00:00,2671.0,2671.0,2670.0,2670.0,3.8041,2025,1,13
2025-01-13 15:45:00+00:00,2671.0,2671.0,2668.0,2669.0,2.7312,2025,1,13
2025-01-13 15:50:00+00:00,2669.0,2669.0,2667.0,2668.0,3.8951,2025,1,13
2025-01-13 15:55:00+00:00,2667.0,2669.0,2667.0,2668.0,3.9214,2025,1,13
2025-01-13 16:00:00+00:00,2668.0,2669.0,2667.0,2668.0,7.4259,2025,1,13
2025-01-13 16:05:00+00:00,2668.0,2668.0,2667.0,2668.0,2.0549,2025,1,13
2025-01-13 16:10:00+00:00,2668.0,2668.0,2665.0,2665.0,8.5205,2025,1,13
2025-01-13 16:15:00+00:00,2666.0,2667.0,2666.0,2667.0,1.2767,2025,1,13
2025-01-13 16:20:00+00:00,2667.0,2667.0,2665.0,2666.0,4.6507,2025,1,13
2025-01-13 16:25:00+00:00,2667.0,2667.0,2663.0,2664.0,7.9407,2025,1,13
2025-01-13 16:30:00+00:00,2664.0,2665.0,2663.0,2665.0,10.577,2025,1,13
2025-01-13 16:35:00+00:00,2665.0,2667.0,2664.0,2667.0,6.8255,2025,1,13
2025-01-13 16:40:00+00:00,2666.0,2668.0,2665.0,2665.0,4.9409,2025,1,13
2025-01-13 16:45:00+00:00,2667.0,2667.0,2665.0,2666.0,1.5341,2025,1,13
2025-01-13 16:50:00+00:00,2666.0,2667.0,2665.0,2665.0,6.4895,2025,1,13
2025-01-13 16:55:00+00:00,2665.0,2667.0,2663.0,2665.0,10.2575,2025,1,13
2025-01-13 17:00:00+00:00,2664.0,2664.0,2663.0,2663.0,2.003,2025,1,13
2025-01-13 17:05:00+00:00,2663.0,2670.0,2662.0,2665.0,63.2178,2025,1,13
2025-01-13 17:10:00+00:00,2666.0,2666.0,2665.0,2665.0,0.8377,2025,1,13
2025-01-13 17:15:00+00:00,2666.0,2667.0,2666.0,2667.0,0.9944,2025,1,13
2025-01-13 17:20:00+00:00,2666.0,2667.0,2666.0,2667.0,1.2454,2025,1,13
2025-01-13 17:25:00+00:00,2666.0,2667.0,2663.0,2663.0,2.5009,2025,1,13
2025-01-13 17:30:00+00:00,2663.0,2664.0,2663.0,2664.0,0.299,2025,1,13
2025-01-13 17:35:00+00:00,2664.0,2664.0,2662.0,2663.0,4.3067,2025,1,13
2025-01-13 17:40:00+00:00,2663.0,2664.0,2662.0,2663.0,0.4744,2025,1,13
2025-01-13 17:45:00+00:00,2662.0,2663.0,2662.0,2662.0,0.1932,2025,1,13
2025-01-13 17:50:00+00:00,2662.0,2663.0,2661.0,2662.0,3.1068,2025,1,13
2025-01-13 17:55:00+00:00,2661.0,2662.0,2661.0,2661.0,0.441,2025,1,13
2025-01-13 18:00:00+00:00,2661.0,2663.0,2661.0,2663.0,1.1916,2025,1,13
2025-01-13 18:05:00+00:00,2661.0,2663.0,2661.0,2663.0,1.0972,2025,1,13
2025-01-13 18:10:00+00:00,2663.0,2665.0,2662.0,2665.0,3.2646,2025,1,13
2025-01-13 18:15:00+00:00,2665.0,2665.0,2660.0,2662.0,6.3305,2025,1,13
2025-01-13 18:20:00+00:00,2660.0,2663.0,2660.0,2662.0,3.0634,2025,1,13
2025-01-13 18:25:00+00:00,2663.0,2664.0,2661.0,2663.0,3.8385,2025,1,13
2025-01-13 18:30:00+00:00,2663.0,2671.0,2663.0,2667.0,33.7869,2025,1,13
2025-01-13 18:35:00+00:00,2665.0,2665.0,2664.0,2665.0,3.6857,2025,1,13
2025-01-13 18:40:00+00:00,2665.0,2665.0,2663.0,2663.0,2.6674,2025,1,13
2025-01-13 18:45:00+00:00,2664.0,2665.0,2663.0,2664.0,1.6325,2025,1,13
2025-01-13 18:50:00+00:00,2665.0,2665.0,2664.0,2665.0,1.578,2025,1,13
2025-01-13 18:55:00+00:00,2665.0,2666.0,2664.0,2665.0,1.9365,2025,1,13
2025-01-13 19:00:00+00:00,2664.0,2665.0,2664.0,2665.0,1.4143,2025,1,13
2025-01-13 19:05:00+00:00,2665.0,2666.0,2664.0,2665.0,2.8604,2025,1,13
2025-01-13 19:10:00+00:00,2665.0,2666.0,2664.0,2664.0,1.0744,2025,1,13
2025-01-13 19:15:00+00:00,2664.0,2665.0,2664.0,2664.0,0.2732,2025,1,13
2025-01-13 19:20:00+00:00,2664.0,2665.0,2663.0,2664.0,0.6416,2025,1,13
2025-01-13 19:25:00+00:00,2663.0,2664.0,2663.0,2664.0,0.3669,2025,1,13
2025-01-13 19:30:00+00:00,2663.0,2664.0,2663.0,2663.0,0.7842,2025,1,13
2025-01-13 19:35:00+00:00,2663.0,2666.0,2662.0,2666.0,3.6394,2025,1,13
2025-01-13 19:40:00+00:00,2666.0,2667.0,2666.0,2667.0,0.673,2025,1,13
2025-01-13 19:45:00+00:00,2666.0,2667.0,2666.0,2666.0,1.0734,2025,1,13
2025-01-13 19:50:00+00:00,2666.0,2667.0,2666.0,2666.0,3.8352,2025,1,13
2025-01-13 19:55:00+00:00,2666.0,2667.0,2666.0,2666.0,0.4034,2025,1,13
2025-01-13 20:00:00+00:00,2667.0,2667.0,2666.0,2666.0,0.5221,2025,1,13
2025-01-13 20:05:00+00:00,2666.0,2667.0,2666.0,2666.0,0.7319,2025,1,13
2025-01-13 20:10:00+00:00,2666.0,2667.0,2666.0,2667.0,0.3636,2025,1,13
2025-01-13 20:15:00+00:00,2666.0,2668.0,2666.0,2666.0,0.2614,2025,1,13
2025-01-13 20:20:00+00:00,2667.0,2669.0,2667.0,2668.0,1.2159,2025,1,13
2025-01-13 20:25:00+00:00,2668.0,2669.0,2668.0,2668.0,0.4183,2025,1,13
2025-01-13 20:30:00+00:00,2669.0,2670.0,2668.0,2670.0,5.0417,2025,1,13
2025-01-13 20:35:00+00:00,2669.0,2671.0,2659.0,2663.0,66.3387,2025,1,13
2025-01-13 20:40:00+00:00,2665.0,2669.0,2663.0,2666.0,4.5874,2025,1,13
2025-01-13 20:45:00+00:00,2668.0,2671.0,2667.0,2668.0,12.608,2025,1,13
2025-01-13 20:50:00+00:00,2668.0,2674.0,2667.0,2668.0,24.0851,2025,1,13
2025-01-13 20:55:00+00:00,2668.0,2672.0,2667.0,2669.0,6.6397,2025,1,13
2025-01-13 21:00:00+00:00,2669.0,2672.0,2669.0,2671.0,4.3986,2025,1,13
2025-01-13 21:05:00+00:00,2671.0,2672.0,2668.0,2669.0,4.989,2025,1,13
2025-01-13 21:10:00+00:00,2669.0,2670.0,2665.0,2665.0,8.7385,2025,1,13
2025-01-13 21:15:00+00:00,2665.0,2666.0,2665.0,2665.0,2.719,2025,1,13
2025-01-13 21:20:00+00:00,2665.0,2667.0,2665.0,2665.0,1.1021,2025,1,13
2025-01-13 21:25:00+00:00,2666.0,2667.0,2666.0,2666.0,0.5109,2025,1,13
2025-01-13 21:30:00+00:00,2667.0,2667.0,2665.0,2665.0,0.8757,2025,1,13
2025-01-13 21:35:00+00:00,2665.0,2667.0,2665.0,2666.0,5.4405,2025,1,13
2025-01-13 21:40:00+00:00,2666.0,2666.0,2664.0,2664.0,13.2447,2025,1,13
2025-01-13 21:45:00+00:00,2664.0,2665.0,2663.0,2663.0,7.2382,2025,1,13
2025-01-13 21:50:00+00:00,2665.0,2666.0,2663.0,2666.0,10.2874,2025,1,13
2025-01-13 21:55:00+00:00,2666.0,2670.0,2665.0,2670.0,2.9675,2025,1,13
2025-01-13 22:00:00+00:00,2671.0,2674.0,2671.0,2674.0,5.6237,2025,1,13
2025-01-13 22:05:00+00:00,2673.0,2673.0,2669.0,2669.0,1.9649,2025,1,13
2025-01-13 22:10:00+00:00,2670.0,2670.0,2669.0,2670.0,0.16,2025,1,13
2025-01-13 22:15:00+00:00,2670.0,2670.0,2669.0,2669.0,1.4514,2025,1,13
2025-01-13 22:20:00+00:00,2670.0,2673.0,2669.0,2673.0,0.2233,2025,1,13
2025-01-13 22:25:00+00:00,2673.0,2673.0,2672.0,2672.0,0.7234,2025,1,13
2025-01-13 22:30:00+00:00,2673.0,2673.0,2672.0,2672.0,0.2135,2025,1,13
2025-01-13 22:35:00+00:00,2673.0,2673.0,2671.0,2672.0,2.3086,2025,1,13
2025-01-13 22:40:00+00:00,2673.0,2673.0,2671.0,2671.0,1.6732,2025,1,13
2025-01-13 22:45:00+00:00,2672.0,2672.0,2671.0,2672.0,0.6958,2025,1,13
2025-01-13 22:50:00+00:00,2672.0,2672.0,2671.0,2672.0,0.1101,2025,1,13
2025-01-13 22:55:00+00:00,2672.0,2672.0,2671.0,2671.0,0.069,2025,1,13
2025-01-13 23:00:00+00:00,2672.0,2672.0,2671.0,2671.0,0.236,2025,1,13
2025-01-13 23:05:00+00:00,2672.0,2672.0,2671.0,2671.0,0.3127,2025,1,13
2025-01-13 23:10:00+00:00,2672.0,2672.0,2671.0,2672.0,0.2609,2025,1,13
2025-01-13 23:15:00+00:00,2672.0,2672.0,2669.0,2670.0,2.8933,2025,1,13
2025-01-13 23:20:00+00:00,2669.0,2670.0,2668.0,2669.0,2.3357,2025,1,13
2025-01-13 23:25:00+00:00,2670.0,2670.0,2670.0,2670.0,0.0823,2025,1,13
2025-01-13 23:30:00+00:00,2670.0,2674.0,2670.0,2674.0,4.6219,2025,1,13
2025-01-13 23:35:00+00:00,2674.0,2676.0,2673.0,2675.0,5.3964,2025,1,13
2025-01-13 23:40:00+00:00,2674.0,2675.0,2672.0,2673.0,2.81,2025,1,13
2025-01-13 23:45:00+00:00,2673.0,2674.0,2672.0,2674.0,0.0998,2025,1,13
2025-01-13 23:50:00+00:00,2674.0,2674.0,2671.0,2672.0,2.6377,2025,1,13
2025-01-13 23:55:00+00:00,2672.0,2673.0,2670.0,2670.0,3.9788,2025,1,13
2025-01-14 00:00:00+00:00,2670.0,2671.0,2667.0,2671.0,6.5516,2025,1,14
2025-01-14 00:05:00+00:00,2671.0,2671.0,2668.0,2669.0,2.9044,2025,1,14
2025-01-14 00:10:00+00:00,2669.0,2669.0,2667.0,2667.0,1.2056,2025,1,14
2025-01-14 00:15:00+00:00,2667.0,2669.0,2667.0,2669.0,1.2055,2025,1,14
2025-01-14 00:20:00+00:00,2669.0,2671.0,2668.0,2671.0,9.3402,2025,1,14
2025-01-14 00:25:00+00:00,2670.0,2671.0,2666.0,2670.0,19.1759,2025,1,14
2025-01-14 00:30:00+00:00,2669.0,2669.0,2668.0,2669.0,0.2019,2025,1,14
2025-01-14 00:35:00+00:00,2668.0,2669.0,2661.0,2668.0,60.2566,2025,1,14
2025-01-14 00:40:00+00:00,2668.0,2669.0,2666.0,2669.0,3.9292,2025,1,14
2025-01-14 00:45:00+00:00,2670.0,2675.0,2670.0,2673.0,11.0229,2025,1,14
2025-01-14 00:50:00+00:00,2673.0,2673.0,2672.0,2673.0,0.4269,2025,1,14
2025-01-14 00:55:00+00:00,2673.0,2673.0,2671.0,2671.0,2.1668,2025,1,14
2025-01-14 01:00:00+00:00,2673.0,2673.0,2671.0,2673.0,2.0463,2025,1,14
2025-01-14 01:05:00+00:00,2673.0,2673.0,2672.0,2673.0,0.1603,2025,1,14
2025-01-14 01:10:00+00:00,2673.0,2675.0,2672.0,2675.0,8.7171,2025,1,14
2025-01-14 01:15:00+00:00,2674.0,2674.0,2672.0,2672.0,2.5632,2025,1,14
2025-01-14 01:20:00+00:00,2673.0,2673.0,2672.0,2673.0,0.2929,2025,1,14
2025-01-14 01:25:00+00:00,2673.0,2673.0,2672.0,2673.0,0.1257,2025,1,14
2025-01-14 01:30:00+00:00,2672.0,2673.0,2672.0,2673.0,0.0602,2025,1,14
2025-01-14 01:35:00+00:00,2672.0,2672.0,2672.0,2672.0,0.3074,2025,1,14
2025-01-14 01:40:00+00:00,2671.0,2672.0,2671.0,2672.0,0.0291,2025,1,14
2025-01-14 01:45:00+00:00,2672.0,2672.0,2671.0,2672.0,0.1713,2025,1,14
2025-01-14 01:50:00+00:00,2671.0,2672.0,2671.0,2672.0,0.2318,2025,1,14
2025-01-14 01:55:00+00:00,2671.0,2672.0,2671.0,2671.0,0.1585,2025,1,14
2025-01-14 02:00:00+00:00,2672.0,2672.0,2670.0,2670.0,0.0644,2025,1,14
2025-01-14 02:05:00+00:00,2671.0,2671.0,2670.0,2671.0,0.0305,2025,1,14
2025-01-14 02:10:00+00:00,2671.0,2671.0,2670.0,2671.0,0.1062,2025,1,14
2025-01-14 02:15:00+00:00,2670.0,2671.0,2669.0,2670.0,4.4499,2025,1,14
2025-01-14 02:20:00+00:00,2670.0,2675.0,2669.0,2675.0,5.9565,2025,1,14
2025-01-14 02:25:00+00:00,2675.0,2675.0,2673.0,2674.0,1.0192,2025,1,14
2025-01-14 02:30:00+00:00,2674.0,2674.0,2673.0,2673.0,0.6772,2025,1,14
2025-01-14 02:35:00+00:00,2673.0,2673.0,2672.0,2673.0,0.5525,2025,1,14
2025-01-14 02:40:00+00:00,2673.0,2673.0,2672.0,2672.0,1.2974,2025,1,14
2025-01-14 02:45:00+00:00,2672.0,2673.0,2672.0,2673.0,0.2225,2025,1,14
2025-01-14 02:50:00+00:00,2672.0,2673.0,2672.0,2672.0,0.385,2025,1,14
2025-01-14 02:55:00+00:00,2672.0,2673.0,2672.0,2673.0,0.0287,2025,1,14
2025-01-14 03:00:00+00:00,2673.0,2673.0,2672.0,2672.0,0.1575,2025,1,14
2025-01-14 03:05:00+00:00,2672.0,2673.0,2672.0,2673.0,0.2034,2025,1,14
2025-01-14 03:10:00+00:00,2673.0,2674.0,2673.0,2673.0,3.8109,2025,1,14
2025-01-14 03:15:00+00:00,2673.0,2673.0,2671.0,2671.0,1.4584,2025,1,14
2025-01-14 03:20:00+00:00,2672.0,2673.0,2670.0,2671.0,5.0298,2025,1,14
2025-01-14 03:25:00+00:00,2670.0,2672.0,2670.0,2671.0,1.979,2025,1,14
2025-01-14 03:30:00+00:00,2671.0,2672.0,2670.0,2671.0,0.3043,2025,1,14
2025-01-14 03:35:00+00:00,2671.0,2671.0,2670.0,2670.0,0.0379,2025,1,14
2025-01-14 03:40:00+00:00,2671.0,2671.0,2670.0,2670.0,0.154,2025,1,14
2025-01-14 03:45:00+00:00,2671.0,2671.0,2670.0,2671.0,0.5608,2025,1,14
2025-01-14 03:50:00+00:00,2671.0,2671.0,2669.0,2671.0,0.4053,2025,1,14
2025-01-14 03:55:00+00:00,2669.0,2671.0,2669.0,2670.0,0.8078,2025,1,14
2025-01-14 04:00:00+00:00,2671.0,2671.0,2669.0,2670.0,0.5054,2025,1,14
2025-01-14 04:05:00+00:00,2669.0,2670.0,2669.0,2669.0,0.0671,2025,1,14
2025-01-14 04:10:00+00:00,2669.0,2670.0,2669.0,2670.0,0.6737,2025,1,14
2025-01-14 04:15:00+00:00,2670.0,2671.0,2669.0,2671.0,0.4759,2025,1,14
2025-01-14 04:20:00+00:00,2671.0,2671.0,2670.0,2671.0,0.6794,2025,1,14
2025-01-14 04:25:00+00:00,2671.0,2671.0,2670.0,2671.0,1.3088,2025,1,14
2025-01-14 04:30:00+00:00,2671.0,2671.0,2670.0,2671.0,0.1806,2025,1,14
2025-01-14 04:35:00+00:00,2671.0,2671.0,2670.0,2671.0,0.2242,2025,1,14
2025-01-14 04:40:00+00:00,2671.0,2675.0,2671.0,2675.0,2.6172,2025,1,14
2025-01-14 04:45:00+00:00,2675.0,2676.0,2673.0,2674.0,2.9636,2025,1,14
2025-01-14 04:50:00+00:00,2674.0,2674.0,2673.0,2674.0,0.5807,2025,1,14
2025-01-14 04:55:00+00:00,2674.0,2674.0,2673.0,2674.0,2.0628,2025,1,14
2025-01-14 05:00:00+00:00,2674.0,2674.0,2673.0,2673.0,0.2384,2025,1,14
2025-01-14 05:05:00+00:00,2674.0,2675.0,2673.0,2675.0,0.9292,2025,1,14
2025-01-14 05:10:00+00:00,2674.0,2675.0,2674.0,2675.0,0.1881,2025,1,14
2025-01-14 05:15:00+00:00,2675.0,2675.0,2674.0,2674.0,0.1898,2025,1,14
2025-01-14 05:20:00+00:00,2674.0,2675.0,2674.0,2675.0,0.3024,2025,1,14
2025-01-14 05:25:00+00:00,2675.0,2676.0,2674.0,2676.0,1.9261,2025,1,14
2025-01-14 05:30:00+00:00,2676.0,2676.0,2674.0,2675.0,1.3482,2025,1,14
2025-01-14 05:35:00+00:00,2675.0,2675.0,2674.0,2674.0,0.0902,2025,1,14
2025-01-14 05:40:00+00:00,2675.0,2675.0,2674.0,2675.0,0.1095,2025,1,14
2025-01-14 05:45:00+00:00,2675.0,2675.0,2674.0,2675.0,0.0799,2025,1,14
2025-01-14 05:50:00+00:00,2675.0,2675.0,2674.0,2675.0,0.1127,2025,1,14
2025-01-14 05:55:00+00:00,2675.0,2675.0,2674.0,2675.0,0.1335,2025,1,14
2025-01-14 06:00:00+00:00,2675.0,2675.0,2674.0,2675.0,0.0574,2025,1,14
2025-01-14 06:05:00+00:00,2675.0,2675.0,2674.0,2674.0,0.0866,2025,1,14
2025-01-14 06:10:00+00:00,2675.0,2675.0,2674.0,2675.0,0.0461,2025,1,14
2025-01-14 06:15:00+00:00,2675.0,2675.0,2674.0,2675.0,0.1178,2025,1,14
2025-01-14 06:20:00+00:00,2675.0,2675.0,2674.0,2675.0,0.7305,2025,1,14
2025-01-14 06:25:00+00:00,2674.0,2675.0,2674.0,2675.0,1.592,2025,1,14
2025-01-14 06:30:00+00:00,2675.0,2675.0,2673.0,2674.0,0.9482,2025,1,14
2025-01-14 06:35:00+00:00,2674.0,2674.0,2671.0,2673.0,5.7795,2025,1,14
2025-01-14 06:40:00+00:00,2673.0,2673.0,2671.0,2673.0,0.2596,2025,1,14
2025-01-14 06:45:00+00:00,2672.0,2674.0,2672.0,2674.0,0.9484,2025,1,14
2025-01-14 06:50:00+00:00,2674.0,2675.0,2674.0,2675.0,0.8071,2025,1,14
2025-01-14 06:55:00+00:00,2675.0,2676.0,2674.0,2675.0,0.9968,2025,1,14
2025-01-14 07:00:00+00:00,2676.0,2677.0,2676.0,2677.0,1.6391,2025,1,14
2025-01-14 07:05:00+00:00,2677.0,2677.0,2676.0,2677.0,1.0251,2025,1,14
2025-01-14 07:10:00+00:00,2677.0,2677.0,2676.0,2676.0,0.7625,2025,1,14
2025-01-14 07:15:00+00:00,2676.0,2676.0,2675.0,2676.0,0.1042,2025,1,14
2025-01-14 07:20:00+00:00,2676.0,2676.0,2674.0,2674.0,1.0645,2025,1,14
2025-01-14 07:25:00+00:00,2674.0,2675.0,2674.0,2674.0,0.1987,2025,1,14
2025-01-14 07:30:00+00:00,2674.0,2674.0,2673.0,2674.0,1.4207,2025,1,14
2025-01-14 07:35:00+00:00,2674.0,2674.0,2673.0,2673.0,0.1199,2025,1,14
2025-01-14 07:40:00+00:00,2674.0,2675.0,2673.0,2675.0,2.6856,2025,1,14
2025-01-14 07:45:00+00:00,2675.0,2676.0,2674.0,2676.0,2.1946,2025,1,14
2025-01-14 07:50:00+00:00,2676.0,2676.0,2671.0,2672.0,7.254,2025,1,14
2025-01-14 07:55:00+00:00,2672.0,2672.0,2666.0,2670.0,9.7386,2025,1,14
2025-01-14 08:00:00+00:00,2670.0,2670.0,2666.0,2669.0,4.4982,2025,1,14
2025-01-14 08:05:00+00:00,2670.0,2671.0,2670.0,2671.0,0.6246,2025,1,14
2025-01-14 08:10:00+00:00,2671.0,2681.0,2670.0,2677.0,43.5133,2025,1,14
2025-01-14 08:15:00+00:00,2677.0,2678.0,2676.0,2677.0,3.5771,2025,1,14
2025-01-14 08:20:00+00:00,2677.0,2677.0,2675.0,2677.0,2.8133,2025,1,14
2025-01-14 08:25:00+00:00,2676.0,2676.0,2674.0,2674.0,2.0723,2025,1,14
2025-01-14 08:30:00+00:00,2674.0,2675.0,2673.0,2673.0,3.3908,2025,1,14
2025-01-14 08:35:00+00:00,2673.0,2674.0,2673.0,2674.0,0.9744,2025,1,14
2025-01-14 08:40:00+00:00,2673.0,2675.0,2673.0,2674.0,0.2029,2025,1,14
2025-01-14 08:45:00+00:00,2675.0,2675.0,2673.0,2673.0,0.7174,2025,1,14
2025-01-14 08:50:00+00:00,2674.0,2674.0,2670.0,2671.0,18.3871,2025,1,14
2025-01-14 08:55:00+00:00,2671.0,2671.0,2668.0,2668.0,23.7783,2025,1,14
2025-01-14 09:00:00+00:00,2669.0,2670.0,2668.0,2668.0,8.037,2025,1,14
2025-01-14 09:05:00+00:00,2669.0,2670.0,2668.0,2670.0,0.6601,2025,1,14
2025-01-14 09:10:00+00:00,2670.0,2671.0,2668.0,2671.0,3.9672,2025,1,14
2025-01-14 09:15:00+00:00,2671.0,2675.0,2671.0,2674.0,4.0589,2025,1,14
2025-01-14 09:20:00+00:00,2673.0,2678.0,2673.0,2677.0,8.9967,2025,1,14
2025-01-14 09:25:00+00:00,2678.0,2679.0,2674.0,2674.0,17.9408,2025,1,14
2025-01-14 09:30:00+00:00,2674.0,2679.0,2674.0,2676.0,13.6085,2025,1,14
2025-01-14 09:35:00+00:00,2678.0,2679.0,2675.0,2677.0,12.9976,2025,1,14
2025-01-14 09:40:00+00:00,2676.0,2677.0,2672.0,2672.0,13.3742,2025,1,14
2025-01-14 09:45:00+00:00,2671.0,2672.0,2670.0,2671.0,1.2692,2025,1,14
2025-01-14 09:50:00+00:00,2671.0,2674.0,2667.0,2674.0,14.8997,2025,1,14
2025-01-14 09:55:00+00:00,2673.0,2675.0,2673.0,2673.0,1.6699,2025,1,14
2025-01-14 10:00:00+00:00,2674.0,2674.0,2670.0,2672.0,13.4377,2025,1,14
2025-01-14 10:05:00+00:00,2671.0,2671.0,2665.0,2665.0,12.078,2025,1,14
2025-01-14 10:10:00+00:00,2667.0,2669.0,2665.0,2668.0,12.9091,2025,1,14
2025-01-14 10:15:00+00:00,2669.0,2669.0,2665.0,2668.0,3.1885,2025,1,14
2025-01-14 10:20:00+00:00,2668.0,2669.0,2666.0,2666.0,5.533,2025,1,14
2025-01-14 10:25:00+00:00,2667.0,2667.0,2665.0,2666.0,3.0352,2025,1,14
2025-01-14 10:30:00+00:00,2666.0,2667.0,2665.0,2666.0,12.3157,2025,1,14
2025-01-14 10:35:00+00:00,2667.0,2668.0,2667.0,2668.0,0.6369,2025,1,14
2025-01-14 10:40:00+00:00,2668.0,2668.0,2667.0,2668.0,0.5686,2025,1,14
2025-01-14 10:45:00+00:00,2668.0,2668.0,2667.0,2668.0,1.0719,2025,1,14
2025-01-14 10:50:00+00:00,2667.0,2668.0,2667.0,2667.0,1.442,2025,1,14
2025-01-14 10:55:00+00:00,2667.0,2669.0,2667.0,2669.0,2.0545,2025,1,14
2025-01-14 11:00:00+00:00,2669.0,2670.0,2668.0,2668.0,0.6612,2025,1,14
2025-01-14 11:05:00+00:00,2669.0,2669.0,2668.0,2669.0,0.8459,2025,1,14
2025-01-14 11:10:00+00:00,2668.0,2669.0,2668.0,2669.0,0.2735,2025,1,14
2025-01-14 11:15:00+00:00,2668.0,2668.0,2665.0,2665.0,5.206,2025,1,14
2025-01-14 11:20:00+00:00,2665.0,2666.0,2663.0,2665.0,5.2741,2025,1,14
2025-01-14 11:25:00+00:00,2663.0,2666.0,2663.0,2666.0,2.3772,2025,1,14
2025-01-14 11:30:00+00:00,2666.0,2667.0,2665.0,2666.0,0.5861,2025,1,14
2025-01-14 11:35:00+00:00,2666.0,2669.0,2666.0,2669.0,1.8927,2025,1,14
2025-01-14 11:40:00+00:00,2668.0,2668.0,2667.0,2667.0,0.2588,2025,1,14
2025-01-14 11:45:00+00:00,2668.0,2669.0,2667.0,2667.0,0.3174,2025,1,14
2025-01-14 11:50:00+00:00,2668.0,2671.0,2667.0,2668.0,3.0766,2025,1,14
2025-01-14 11:55:00+00:00,2668.0,2669.0,2668.0,2669.0,0.8691,2025,1,14
2025-01-14 12:00:00+00:00,2670.0,2671.0,2669.0,2670.0,1.3958,2025,1,14
2025-01-14 12:05:00+00:00,2670.0,2671.0,2669.0,2669.0,2.0201,2025,1,14
2025-01-14 12:10:00+00:00,2669.0,2670.0,2669.0,2670.0,0.1444,2025,1,14
2025-01-14 12:15:00+00:00,2669.0,2670.0,2668.0,2670.0,5.0374,2025,1,14
2025-01-14 12:20:00+00:00,2668.0,2669.0,2668.0,2668.0,8.1032,2025,1,14
2025-01-14 12:25:00+00:00,2669.0,2669.0,2668.0,2668.0,0.8004,2025,1,14
2025-01-14 12:30:00+00:00,2669.0,2669.0,2666.0,2668.0,5.9551,2025,1,14
2025-01-14 12:35:00+00:00,2666.0,2668.0,2666.0,2667.0,1.2991,2025,1,14
2025-01-14 12:40:00+00:00,2668.0,2668.0,2667.0,2668.0,0.3344,2025,1,14
2025-01-14 12:45:00+00:00,2667.0,2668.0,2667.0,2667.0,0.0861,2025,1,14
2025-01-14 12:50:00+00:00,2668.0,2668.0,2667.0,2668.0,0.0612,2025,1,14
2025-01-14 12:55:00+00:00,2667.0,2668.0,2665.0,2666.0,11.1584,2025,1,14
2025-01-14 13:00:00+00:00,2667.0,2668.0,2666.0,2668.0,1.1776,2025,1,14
2025-01-14 13:05:00+00:00,2667.0,2668.0,2667.0,2668.0,1.6325,2025,1,14
2025-01-14 13:10:00+00:00,2667.0,2668.0,2667.0,2668.0,0.4803,2025,1,14
2025-01-14 13:15:00+00:00,2667.0,2668.0,2666.0,2667.0,6.0404,2025,1,14
2025-01-14 13:20:00+00:00,2667.0,2668.0,2666.0,2668.0,2.7445,2025,1,14
2025-01-14 13:25:00+00:00,2668.0,2669.0,2667.0,2667.0,1.1772,2025,1,14
2025-01-14 13:30:00+00:00,2668.0,2672.0,2667.0,2672.0,17.2946,2025,1,14
2025-01-14 13:35:00+00:00,2671.0,2671.0,2666.0,2667.0,4.0098,2025,1,14
2025-01-14 13:40:00+00:00,2666.0,2668.0,2666.0,2667.0,1.4177,2025,1,14
2025-01-14 13:45:00+00:00,2667.0,2668.0,2667.0,2667.0,2.7642,2025,1,14
2025-01-14 13:50:00+00:00,2667.0,2668.0,2660.0,2664.0,37.0492,2025,1,14
2025-01-14 13:55:00+00:00,2664.0,2666.0,2661.0,2664.0,7.0541,2025,1,14
2025-01-14 14:00:00+00:00,2664.0,2665.0,2662.0,2664.0,7.224,2025,1,14
2025-01-14 14:05:00+00:00,2664.0,2665.0,2662.0,2663.0,1.5934,2025,1,14
2025-01-14 14:10:00+00:00,2663.0,2664.0,2662.0,2664.0,0.8008,2025,1,14
2025-01-14 14:15:00+00:00,2664.0,2668.0,2662.0,2666.0,5.0494,2025,1,14
2025-01-14 14:20:00+00:00,2666.0,2668.0,2664.0,2666.0,6.7634,2025,1,14
2025-01-14 14:25:00+00:00,2664.0,2666.0,2663.0,2664.0,3.1439,2025,1,14
2025-01-14 14:30:00+00:00,2664.0,2664.0,2663.0,2664.0,0.456,2025,1,14
2025-01-14 14:35:00+00:00,2664.0,2667.0,2663.0,2666.0,5.1212,2025,1,14
2025-01-14 14:40:00+00:00,2666.0,2672.0,2665.0,2666.0,21.4008,2025,1,14
2025-01-14 14:45:00+00:00,2667.0,2667.0,2665.0,2666.0,1.7117,2025,1,14
2025-01-14 14:50:00+00:00,2665.0,2666.0,2665.0,2665.0,1.4566,2025,1,14
2025-01-14 14:55:00+00:00,2666.0,2666.0,2663.0,2665.0,1.5023,2025,1,14
2025-01-14 15:00:00+00:00,2664.0,2665.0,2664.0,2664.0,0.0937,2025,1,14
2025-01-14 15:05:00+00:00,2665.0,2666.0,2665.0,2666.0,3.5743,2025,1,14
2025-01-14 15:10:00+00:00,2666.0,2668.0,2665.0,2668.0,2.1402,2025,1,14
2025-01-14 15:15:00+00:00,2668.0,2668.0,2667.0,2668.0,0.8636,2025,1,14
2025-01-14 15:20:00+00:00,2667.0,2669.0,2667.0,2669.0,2.4149,2025,1,14
2025-01-14 15:25:00+00:00,2669.0,2670.0,2669.0,2669.0,1.2712,2025,1,14
2025-01-14 15:30:00+00:00,2669.0,2672.0,2669.0,2672.0,1.3267,2025,1,14
2025-01-14 15:35:00+00:00,2670.0,2673.0,2670.0,2670.0,5.4327,2025,1,14
2025-01-14 15:40:00+00:00,2670.0,2671.0,2670.0,2671.0,0.6118,2025,1,14
2025-01-14 15:45:00+00:00,2670.0,2672.0,2670.0,2670.0,1.2659,2025,1,14
2025-01-14 15:50:00+00:00,2671.0,2672.0,2670.0,2671.0,1.3956,2025,1,14
2025-01-14 15:55:00+00:00,2672.0,2672.0,2671.0,2671.0,2.0328,2025,1,14
2025-01-14 16:00:00+00:00,2670.0,2671.0,2666.0,2669.0,13.2899,2025,1,14
2025-01-14 16:05:00+00:00,2668.0,2670.0,2668.0,2670.0,1.4136,2025,1,14
2025-01-14 16:10:00+00:00,2670.0,2670.0,2668.0,2670.0,0.5038,2025,1,14
2025-01-14 16:15:00+00:00,2669.0,2670.0,2668.0,2668.0,2.0634,2025,1,14
2025-01-14 16:20:00+00:00,2669.0,2671.0,2667.0,2671.0,3.3212,2025,1,14
2025-01-14 16:25:00+00:00,2671.0,2671.0,2670.0,2671.0,1.7511,2025,1,14
2025-01-14 16:30:00+00:00,2670.0,2673.0,2670.0,2672.0,1.3814,2025,1,14
2025-01-14 16:35:00+00:00,2671.0,2673.0,2671.0,2671.0,4.2954,2025,1,14
2025-01-14 16:40:00+00:00,2671.0,2673.0,2669.0,2670.0,4.8675,2025,1,14
2025-01-14 16:45:00+00:00,2670.0,2671.0,2670.0,2670.0,0.3613,2025,1,14
2025-01-14 16:50:00+00:00,2670.0,2671.0,2670.0,2671.0,0.1321,2025,1,14
2025-01-14 16:55:00+00:00,2670.0,2671.0,2670.0,2671.0,1.2704,2025,1,14
2025-01-14 17:00:00+00:00,2670.0,2671.0,2670.0,2671.0,0.1538,2025,1,14
2025-01-14 17:05:00+00:00,2670.0,2672.0,2670.0,2672.0,2.5329,2025,1,14
2025-01-14 17:10:00+00:00,2671.0,2672.0,2670.0,2671.0,0.763,2025,1,14
2025-01-14 17:15:00+00:00,2670.0,2671.0,2670.0,2670.0,0.3343,2025,1,14
2025-01-14 17:20:00+00:00,2671.0,2672.0,2671.0,2672.0,3.0604,2025,1,14
2025-01-14 17:25:00+00:00,2672.0,2672.0,2671.0,2672.0,1.7492,2025,1,14
2025-01-14 17:30:00+00:00,2671.0,2672.0,2671.0,2672.0,1.3488,2025,1,14
2025-01-14 17:35:00+00:00,2671.0,2671.0,2670.0,2671.0,1.5475,2025,1,14
2025-01-14 17:40:00+00:00,2671.0,2672.0,2671.0,2671.0,0.3819,2025,1,14
2025-01-14 17:45:00+00:00,2671.0,2672.0,2671.0,2671.0,1.1883,2025,1,14
2025-01-14 17:50:00+00:00,2671.0,2672.0,2671.0,2671.0,0.8291,2025,1,14
2025-01-14 17:55:00+00:00,2672.0,2673.0,2671.0,2672.0,0.5502,2025,1,14
2025-01-14 18:00:00+00:00,2672.0,2673.0,2671.0,2671.0,1.4894,2025,1,14
2025-01-14 18:05:00+00:00,2672.0,2673.0,2672.0,2672.0,0.8894,2025,1,14
2025-01-14 18:10:00+00:00,2672.0,2673.0,2672.0,2672.0,0.1066,2025,1,14
2025-01-14 18:15:00+00:00,2673.0,2673.0,2671.0,2671.0,0.7028,2025,1,14
2025-01-14 18:20:00+00:00,2671.0,2672.0,2671.0,2672.0,1.7337,2025,1,14
2025-01-14 18:25:00+00:00,2671.0,2672.0,2671.0,2671.0,0.6989,2025,1,14
2025-01-14 18:30:00+00:00,2671.0,2672.0,2660.0,2668.0,85.9706,2025,1,14
2025-01-14 18:35:00+00:00,2667.0,2669.0,2667.0,2669.0,1.5913,2025,1,14
2025-01-14 18:40:00+00:00,2670.0,2671.0,2669.0,2670.0,1.4658,2025,1,14
2025-01-14 18:45:00+00:00,2669.0,2671.0,2668.0,2670.0,6.5877,2025,1,14
2025-01-14 18:50:00+00:00,2668.0,2670.0,2668.0,2668.0,0.6342,2025,1,14
2025-01-14 18:55:00+00:00,2668.0,2669.0,2667.0,2667.0,0.87,2025,1,14
2025-01-14 19:00:00+00:00,2667.0,2669.0,2667.0,2668.0,0.4935,2025,1,14
2025-01-14 19:05:00+00:00,2667.0,2668.0,2667.0,2667.0,0.1684,2025,1,14
2025-01-14 19:10:00+00:00,2667.0,2670.0,2667.0,2669.0,3.6647,2025,1,14
2025-01-14 19:15:00+00:00,2670.0,2671.0,2670.0,2670.0,1.1598,2025,1,14
2025-01-14 19:20:00+00:00,2670.0,2672.0,2670.0,2672.0,1.1017,2025,1,14
2025-01-14 19:25:00+00:00,2671.0,2672.0,2671.0,2671.0,0.3032,2025,1,14
2025-01-14 19:30:00+00:00,2671.0,2672.0,2671.0,2671.0,1.3677,2025,1,14
2025-01-14 19:35:00+00:00,2671.0,2671.0,2670.0,2670.0,4.3555,2025,1,14
2025-01-14 19:40:00+00:00,2670.0,2671.0,2670.0,2670.0,3.2784,2025,1,14
2025-01-14 19:45:00+00:00,2671.0,2671.0,2670.0,2670.0,0.3794,2025,1,14
2025-01-14 19:50:00+00:00,2671.0,2671.0,2668.0,2669.0,2.3727,2025,1,14
2025-01-14 19:55:00+00:00,2669.0,2669.0,2668.0,2668.0,0.1527,2025,1,14
2025-01-14 20:00:00+00:00,2669.0,2669.0,2667.0,2669.0,8.428,2025,1,14
2025-01-14 20:05:00+00:00,2669.0,2673.0,2669.0,2673.0,5.337,2025,1,14
2025-01-14 20:10:00+00:00,2672.0,2674.0,2672.0,2673.0,2.4519,2025,1,14
2025-01-14 20:15:00+00:00,2674.0,2674.0,2672.0,2674.0,2.1191,2025,1,14
2025-01-14 20:20:00+00:00,2673.0,2674.0,2673.0,2674.0,0.3734,2025,1,14
2025-01-14 20:25:00+00:00,2673.0,2674.0,2672.0,2672.0,1.4056,2025,1,14
2025-01-14 20:30:00+00:00,2672.0,2674.0,2672.0,2672.0,0.1765,2025,1,14
2025-01-14 20:35:00+00:00,2672.0,2674.0,2672.0,2672.0,4.2646,2025,1,14
2025-01-14 20:40:00+00:00,2672.0,2672.0,2672.0,2672.0,0.071,2025,1,14
2025-01-14 20:45:00+00:00,2673.0,2674.0,2672.0,2673.0,0.4733,2025,1,14
2025-01-14 20:50:00+00:00,2673.0,2674.0,2672.0,2672.0,1.0395,2025,1,14
2025-01-14 20:55:00+00:00,2672.0,2674.0,2672.0,2672.0,2.6978,2025,1,14
2025-01-14 21:00:00+00:00,2673.0,2673.0,2672.0,2672.0,0.1737,2025,1,14
2025-01-14 21:05:00+00:00,2673.0,2674.0,2672.0,2673.0,0.6285,2025,1,14
2025-01-14 21:10:00+00:00,2673.0,2674.0,2673.0,2674.0,0.2567,2025,1,14
2025-01-14 21:15:00+00:00,2673.0,2674.0,2673.0,2673.0,0.3446,2025,1,14
2025-01-14 21:20:00+00:00,2673.0,2675.0,2673.0,2674.0,11.3099,2025,1,14
2025-01-14 21:25:00+00:00,2674.0,2675.0,2673.0,2673.0,1.3363,2025,1,14
2025-01-14 21:30:00+00:00,2673.0,2673.0,2672.0,2672.0,4.5217,2025,1,14
2025-01-14 21:35:00+00:00,2671.0,2675.0,2671.0,2673.0,5.8651,2025,1,14
2025-01-14 21:40:00+00:00,2674.0,2674.0,2673.0,2673.0,0.1858,2025,1,14
2025-01-14 21:45:00+00:00,2673.0,2673.0,2672.0,2672.0,0.5216,2025,1,14
2025-01-14 21:50:00+00:00,2672.0,2672.0,2672.0,2672.0,0.1556,2025,1,14
2025-01-14 21:55:00+00:00,2672.0,2674.0,2672.0,2673.0,1.0828,2025,1,14
2025-01-14 22:00:00+00:00,2674.0,2674.0,2672.0,2673.0,4.8394,2025,1,14
2025-01-14 22:05:00+00:00,2673.0,2673.0,2671.0,2671.0,1.7719,2025,1,14
2025-01-14 22:10:00+00:00,2671.0,2672.0,2671.0,2671.0,0.3638,2025,1,14
2025-01-14 22:15:00+00:00,2671.0,2673.0,2671.0,2672.0,0.2728,2025,1,14
2025-01-14 22:20:00+00:00,2671.0,2672.0,2671.0,2671.0,0.0591,2025,1,14
2025-01-14 22:25:00+00:00,2672.0,2672.0,2671.0,2671.0,1.143,2025,1,14
2025-01-14 22:30:00+00:00,2672.0,2673.0,2671.0,2672.0,1.5938,2025,1,14
2025-01-14 22:35:00+00:00,2672.0,2673.0,2672.0,2672.0,0.257,2025,1,14
2025-01-14 22:40:00+00:00,2672.0,2673.0,2672.0,2672.0,0.0796,2025,1,14
2025-01-14 22:45:00+00:00,2672.0,2673.0,2672.0,2672.0,0.0747,2025,1,14
2025-01-14 22:50:00+00:00,2672.0,2676.0,2672.0,2675.0,9.2471,2025,1,14
2025-01-14 22:55:00+00:00,2676.0,2676.0,2675.0,2675.0,0.081,2025,1,14
2025-01-14 23:00:00+00:00,2676.0,2676.0,2675.0,2675.0,1.6297,2025,1,14
2025-01-14 23:05:00+00:00,2675.0,2675.0,2675.0,2675.0,0.559,2025,1,14
2025-01-14 23:10:00+00:00,2674.0,2675.0,2674.0,2674.0,0.2291,2025,1,14
2025-01-14 23:15:00+00:00,2674.0,2675.0,2674.0,2674.0,0.5461,2025,1,14
2025-01-14 23:20:00+00:00,2674.0,2675.0,2674.0,2674.0,0.4659,2025,1,14
2025-01-14 23:25:00+00:00,2674.0,2674.0,2674.0,2674.0,0.0232,2025,1,14
2025-01-14 23:30:00+00:00,2675.0,2675.0,2674.0,2674.0,0.3294,2025,1,14
2025-01-14 23:35:00+00:00,2674.0,2674.0,2673.0,2673.0,0.3748,2025,1,14
2025-01-14 23:40:00+00:00,2673.0,2674.0,2673.0,2673.0,0.0309,2025,1,14
2025-01-14 23:45:00+00:00,2673.0,2674.0,2673.0,2673.0,0.3876,2025,1,14
2025-01-14 23:50:00+00:00,2673.0,2674.0,2673.0,2673.0,0.1984,2025,1,14
2025-01-14 23:55:00+00:00,2673.0,2676.0,2673.0,2674.0,5.2253,2025,1,14
2025-01-15 00:00:00+00:00,2676.0,2676.0,2674.0,2674.0,0.189,2025,1,15
2025-01-15 00:05:00+00:00,2674.0,2675.0,2673.0,2675.0,2.9068,2025,1,15
2025-01-15 00:10:00+00:00,2674.0,2676.0,2674.0,2675.0,0.5731,2025,1,15
2025-01-15 00:15:00+00:00,2675.0,2675.0,2675.0,2675.0,0.1254,2025,1,15
2025-01-15 00:20:00+00:00,2676.0,2677.0,2676.0,2676.0,1.8933,2025,1,15
2025-01-15 00:25:00+00:00,2677.0,2677.0,2676.0,2677.0,0.1705,2025,1,15
2025-01-15 00:30:00+00:00,2677.0,2677.0,2676.0,2677.0,0.7844,2025,1,15
2025-01-15 00:35:00+00:00,2676.0,2677.0,2676.0,2676.0,2.1508,2025,1,15
2025-01-15 00:40:00+00:00,2677.0,2678.0,2676.0,2677.0,17.95,2025,1,15
2025-01-15 00:45:00+00:00,2677.0,2679.0,2677.0,2678.0,0.5738,2025,1,15
2025-01-15 00:50:00+00:00,2679.0,2679.0,2678.0,2678.0,0.0592,2025,1,15
2025-01-15 00:55:00+00:00,2678.0,2680.0,2678.0,2678.0,15.881,2025,1,15
2025-01-15 01:00:00+00:00,2679.0,2679.0,2678.0,2678.0,5.4503,2025,1,15
2025-01-15 01:05:00+00:00,2678.0,2679.0,2678.0,2678.0,0.6498,2025,1,15
2025-01-15 01:10:00+00:00,2678.0,2679.0,2678.0,2678.0,1.2492,2025,1,15
2025-01-15 01:15:00+00:00,2678.0,2679.0,2678.0,2678.0,2.6741,2025,1,15
2025-01-15 01:20:00+00:00,2679.0,2679.0,2679.0,2679.0,0.1681,2025,1,15
2025-01-15 01:25:00+00:00,2678.0,2680.0,2678.0,2679.0,23.6736,2025,1,15
2025-01-15 01:30:00+00:00,2679.0,2680.0,2679.0,2679.0,13.6329,2025,1,15
2025-01-15 01:35:00+00:00,2680.0,2680.0,2679.0,2679.0,0.0555,2025,1,15
2025-01-15 01:40:00+00:00,2679.0,2680.0,2677.0,2677.0,19.1761,2025,1,15
2025-01-15 01:45:00+00:00,2677.0,2677.0,2673.0,2674.0,6.0743,2025,1,15
2025-01-15 01:50:00+00:00,2674.0,2674.0,2671.0,2672.0,1.8397,2025,1,15
2025-01-15 01:55:00+00:00,2671.0,2673.0,2671.0,2672.0,0.4899,2025,1,15
2025-01-15 02:00:00+00:00,2672.0,2672.0,2668.0,2670.0,10.1632,2025,1,15
2025-01-15 02:05:00+00:00,2669.0,2671.0,2669.0,2670.0,0.1825,2025,1,15
2025-01-15 02:10:00+00:00,2671.0,2671.0,2670.0,2671.0,0.0377,2025,1,15
2025-01-15 02:15:00+00:00,2671.0,2671.0,2670.0,2670.0,0.279,2025,1,15
2025-01-15 02:20:00+00:00,2671.0,2672.0,2671.0,2672.0,4.018,2025,1,15
2025-01-15 02:25:00+00:00,2671.0,2674.0,2671.0,2672.0,5.7034,2025,1,15
2025-01-15 02:30:00+00:00,2672.0,2673.0,2672.0,2673.0,0.1694,2025,1,15
2025-01-15 02:35:00+00:00,2673.0,2673.0,2672.0,2673.0,0.2236,2025,1,15
2025-01-15 02:40:00+00:00,2673.0,2673.0,2672.0,2673.0,0.622,2025,1,15
2025-01-15 02:45:00+00:00,2672.0,2673.0,2672.0,2672.0,0.0441,2025,1,15
2025-01-15 02:50:00+00:00,2673.0,2673.0,2672.0,2673.0,2.58,2025,1,15
2025-01-15 02:55:00+00:00,2673.0,2673.0,2672.0,2672.0,0.9924,2025,1,15
2025-01-15 03:00:00+00:00,2673.0,2673.0,2672.0,2673.0,0.0937,2025,1,15
2025-01-15 03:05:00+00:00,2672.0,2673.0,2672.0,2672.0,0.7885,2025,1,15
2025-01-15 03:10:00+00:00,2673.0,2674.0,2672.0,2673.0,0.893,2025,1,15
2025-01-15 03:15:00+00:00,2674.0,2674.0,2673.0,2674.0,0.7081,2025,1,15
2025-01-15 03:20:00+00:00,2674.0,2674.0,2673.0,2674.0,1.3528,2025,1,15
2025-01-15 03:25:00+00:00,2673.0,2676.0,2673.0,2675.0,2.9817,2025,1,15
2025-01-15 03:30:00+00:00,2676.0,2677.0,2676.0,2676.0,0.706,2025,1,15
2025-01-15 03:35:00+00:00,2677.0,2677.0,2676.0,2676.0,0.0267,2025,1,15
2025-01-15 03:40:00+00:00,2676.0,2677.0,2676.0,2676.0,0.0875,2025,1,15
2025-01-15 03:45:00+00:00,2676.0,2677.0,2676.0,2676.0,0.975,2025,1,15
2025-01-15 03:50:00+00:00,2676.0,2677.0,2676.0,2676.0,0.1606,2025,1,15
2025-01-15 03:55:00+00:00,2676.0,2680.0,2676.0,2680.0,5.2556,2025,1,15
2025-01-15 04:00:00+00:00,2680.0,2680.0,2679.0,2679.0,5.9871,2025,1,15
2025-01-15 04:05:00+00:00,2679.0,2680.0,2679.0,2679.0,1.4061,2025,1,15
2025-01-15 04:10:00+00:00,2679.0,2680.0,2679.0,2679.0,0.0997,2025,1,15
2025-01-15 04:15:00+00:00,2679.0,2680.0,2679.0,2679.0,0.928,2025,1,15
2025-01-15 04:20:00+00:00,2679.0,2680.0,2679.0,2679.0,0.3652,2025,1,15
2025-01-15 04:25:00+00:00,2680.0,2680.0,2679.0,2679.0,0.2065,2025,1,15
2025-01-15 04:30:00+00:00,2679.0,2680.0,2679.0,2679.0,0.5681,2025,1,15
2025-01-15 04:35:00+00:00,2680.0,2680.0,2679.0,2680.0,0.204,2025,1,15
2025-01-15 04:40:00+00:00,2680.0,2680.0,2679.0,2679.0,0.0582,2025,1,15
2025-01-15 04:45:00+00:00,2680.0,2680.0,2679.0,2679.0,0.386,2025,1,15
2025-01-15 04:50:00+00:00,2679.0,2680.0,2679.0,2679.0,0.1357,2025,1,15
2025-01-15 04:55:00+00:00,2680.0,2681.0,2679.0,2681.0,1.5729,2025,1,15
2025-01-15 05:00:00+00:00,2681.0,2681.0,2680.0,2680.0,0.0118,2025,1,15
2025-01-15 05:05:00+00:00,2680.0,2681.0,2680.0,2681.0,0.6178,2025,1,15
2025-01-15 05:10:00+00:00,2680.0,2681.0,2680.0,2680.0,0.0372,2025,1,15
2025-01-15 05:15:00+00:00,2680.0,2681.0,2680.0,2680.0,7.891,2025,1,15
2025-01-15 05:20:00+00:00,2681.0,2681.0,2680.0,2680.0,0.4838,2025,1,15
2025-01-15 05:25:00+00:00,2680.0,2681.0,2680.0,2681.0,0.2296,2025,1,15
2025-01-15 05:30:00+00:00,2680.0,2681.0,2680.0,2681.0,0.0962,2025,1,15
2025-01-15 05:35:00+00:00,2680.0,2681.0,2680.0,2680.0,15.2981,2025,1,15
2025-01-15 05:40:00+00:00,2680.0,2680.0,2680.0,2680.0,0.5153,2025,1,15
2025-01-15 05:45:00+00:00,2680.0,2680.0,2680.0,2680.0,0.0047,2025,1,15
2025-01-15 05:50:00+00:00,2681.0,2681.0,2680.0,2681.0,0.1425,2025,1,15
2025-01-15 05:55:00+00:00,2681.0,2681.0,2680.0,2680.0,0.1249,2025,1,15
2025-01-15 06:00:00+00:00,2680.0,2680.0,2680.0,2680.0,0.1699,2025,1,15
2025-01-15 06:05:00+00:00,2681.0,2681.0,2680.0,2681.0,0.7933,2025,1,15
2025-01-15 06:10:00+00:00,2681.0,2685.0,2681.0,2684.0,4.9881,2025,1,15
2025-01-15 06:15:00+00:00,2684.0,2685.0,2684.0,2684.0,3.1374,2025,1,15
2025-01-15 06:20:00+00:00,2684.0,2685.0,2684.0,2684.0,3.9054,2025,1,15
2025-01-15 06:25:00+00:00,2684.0,2685.0,2684.0,2685.0,0.2527,2025,1,15
2025-01-15 06:30:00+00:00,2685.0,2685.0,2684.0,2685.0,0.8293,2025,1,15
2025-01-15 06:35:00+00:00,2684.0,2685.0,2684.0,2685.0,0.4297,2025,1,15
2025-01-15 06:40:00+00:00,2685.0,2685.0,2684.0,2685.0,0.2068,2025,1,15
2025-01-15 06:45:00+00:00,2684.0,2685.0,2684.0,2684.0,0.917,2025,1,15
2025-01-15 06:50:00+00:00,2685.0,2685.0,2684.0,2684.0,1.1093,2025,1,15
2025-01-15 06:55:00+00:00,2684.0,2685.0,2684.0,2685.0,0.0449,2025,1,15
2025-01-15 07:00:00+00:00,2685.0,2685.0,2684.0,2684.0,0.0522,2025,1,15
2025-01-15 07:05:00+00:00,2685.0,2685.0,2684.0,2685.0,14.0533,2025,1,15
2025-01-15 07:10:00+00:00,2684.0,2685.0,2684.0,2685.0,0.9072,2025,1,15
2025-01-15 07:15:00+00:00,2684.0,2687.0,2684.0,2687.0,2.6068,2025,1,15
2025-01-15 07:20:00+00:00,2686.0,2690.0,2686.0,2688.0,24.2504,2025,1,15
2025-01-15 07:25:00+00:00,2689.0,2689.0,2688.0,2689.0,1.7468,2025,1,15
2025-01-15 07:30:00+00:00,2689.0,2689.0,2688.0,2689.0,8.5332,2025,1,15
2025-01-15 07:35:00+00:00,2689.0,2695.0,2688.0,2692.0,111.6473,2025,1,15
2025-01-15 07:40:00+00:00,2692.0,2692.0,2690.0,2691.0,16.5132,2025,1,15
2025-01-15 07:45:00+00:00,2692.0,2692.0,2689.0,2690.0,6.4379,2025,1,15
2025-01-15 07:50:00+00:00,2690.0,2690.0,2688.0,2689.0,0.605,2025,1,15
2025-01-15 07:55:00+00:00,2690.0,2691.0,2690.0,2691.0,2.69,2025,1,15
2025-01-15 08:00:00+00:00,2691.0,2692.0,2690.0,2691.0,2.8618,2025,1,15
2025-01-15 08:05:00+00:00,2692.0,2692.0,2691.0,2691.0,7.8093,2025,1,15
2025-01-15 08:10:00+00:00,2691.0,2692.0,2691.0,2692.0,0.6017,2025,1,15
2025-01-15 08:15:00+00:00,2692.0,2692.0,2690.0,2691.0,3.576,2025,1,15
2025-01-15 08:20:00+00:00,2691.0,2692.0,2689.0,2689.0,3.769,2025,1,15
2025-01-15 08:25:00+00:00,2690.0,2690.0,2689.0,2689.0,0.0813,2025,1,15
2025-01-15 08:30:00+00:00,2690.0,2690.0,2689.0,2690.0,0.3226,2025,1,15
2025-01-15 08:35:00+00:00,2689.0,2690.0,2689.0,2689.0,0.5071,2025,1,15
2025-01-15 08:40:00+00:00,2690.0,2691.0,2689.0,2690.0,1.3469,2025,1,15
2025-01-15 08:45:00+00:00,2690.0,2690.0,2689.0,2689.0,3.3095,2025,1,15
2025-01-15 08:50:00+00:00,2689.0,2689.0,2687.0,2688.0,4.7003,2025,1,15
2025-01-15 08:55:00+00:00,2688.0,2688.0,2687.0,2688.0,2.0874,2025,1,15
2025-01-15 09:00:00+00:00,2687.0,2688.0,2687.0,2687.0,0.2487,2025,1,15
2025-01-15 09:05:00+00:00,2688.0,2689.0,2687.0,2687.0,3.282,2025,1,15
2025-01-15 09:10:00+00:00,2687.0,2688.0,2687.0,2688.0,0.0241,2025,1,15
2025-01-15 09:15:00+00:00,2687.0,2692.0,2687.0,2692.0,15.8488,2025,1,15
2025-01-15 09:20:00+00:00,2693.0,2695.0,2692.0,2694.0,10.38,2025,1,15
2025-01-15 09:25:00+00:00,2693.0,2693.0,2692.0,2693.0,5.0032,2025,1,15
2025-01-15 09:30:00+00:00,2693.0,2694.0,2692.0,2693.0,4.5823,2025,1,15
2025-01-15 09:35:00+00:00,2693.0,2694.0,2691.0,2693.0,7.3684,2025,1,15
2025-01-15 09:40:00+00:00,2694.0,2694.0,2693.0,2694.0,1.4423,2025,1,15
2025-01-15 09:45:00+00:00,2693.0,2694.0,2693.0,2694.0,0.983,2025,1,15
2025-01-15 09:50:00+00:00,2693.0,2695.0,2691.0,2695.0,18.0831,2025,1,15
2025-01-15 09:55:00+00:00,2695.0,2697.0,2695.0,2697.0,9.508,2025,1,15
2025-01-15 10:00:00+00:00,2697.0,2697.0,2694.0,2696.0,5.5347,2025,1,15
2025-01-15 10:05:00+00:00,2696.0,2696.0,2691.0,2692.0,11.3189,2025,1,15
2025-01-15 10:10:00+00:00,2692.0,2694.0,2691.0,2694.0,6.7154,2025,1,15
2025-01-15 10:15:00+00:00,2693.0,2695.0,2693.0,2694.0,3.0987,2025,1,15
2025-01-15 10:20:00+00:00,2694.0,2695.0,2694.0,2694.0,0.883,2025,1,15
2025-01-15 10:25:00+00:00,2694.0,2695.0,2693.0,2693.0,2.5967,2025,1,15
2025-01-15 10:30:00+00:00,2693.0,2693.0,2691.0,2693.0,6.3075,2025,1,15
2025-01-15 10:35:00+00:00,2693.0,2693.0,2690.0,2690.0,3.4368,2025,1,15
2025-01-15 10:40:00+00:00,2691.0,2691.0,2690.0,2690.0,1.2799,2025,1,15
2025-01-15 10:45:00+00:00,2690.0,2690.0,2688.0,2690.0,7.8722,2025,1,15
2025-01-15 10:50:00+00:00,2690.0,2691.0,2690.0,2690.0,0.4141,2025,1,15
2025-01-15 10:55:00+00:00,2691.0,2691.0,2690.0,2690.0,0.248,2025,1,15
2025-01-15 11:00:00+00:00,2691.0,2692.0,2690.0,2691.0,2.0104,2025,1,15
2025-01-15 11:05:00+00:00,2692.0,2694.0,2692.0,2693.0,2.2554,2025,1,15
2025-01-15 11:10:00+00:00,2693.0,2696.0,2692.0,2692.0,8.1832,2025,1,15
2025-01-15 11:15:00+00:00,2692.0,2693.0,2691.0,2692.0,21.6167,2025,1,15
2025-01-15 11:20:00+00:00,2693.0,2693.0,2692.0,2692.0,3.8746,2025,1,15
2025-01-15 11:25:00+00:00,2693.0,2696.0,2692.0,2695.0,5.274,2025,1,15
2025-01-15 11:30:00+00:00,2696.0,2696.0,2695.0,2696.0,10.6944,2025,1,15
2025-01-15 11:35:00+00:00,2696.0,2696.0,2695.0,2695.0,1.3808,2025,1,15
2025-01-15 11:40:00+00:00,2696.0,2697.0,2695.0,2697.0,0.1412,2025,1,15
2025-01-15 11:45:00+00:00,2697.0,2697.0,2695.0,2696.0,2.7448,2025,1,15
2025-01-15 11:50:00+00:00,2695.0,2696.0,2695.0,2695.0,1.9528,2025,1,15
2025-01-15 11:55:00+00:00,2695.0,2696.0,2690.0,2693.0,14.9503,2025,1,15
2025-01-15 12:00:00+00:00,2693.0,2694.0,2692.0,2692.0,1.1962,2025,1,15
2025-01-15 12:05:00+00:00,2692.0,2693.0,2692.0,2693.0,1.1631,2025,1,15
2025-01-15 12:10:00+00:00,2692.0,2693.0,2691.0,2691.0,3.5881,2025,1,15
2025-01-15 12:15:00+00:00,2691.0,2692.0,2691.0,2692.0,0.1428,2025,1,15
2025-01-15 12:20:00+00:00,2692.0,2692.0,2691.0,2691.0,0.9227,2025,1,15
2025-01-15 12:25:00+00:00,2692.0,2693.0,2690.0,2692.0,3.9596,2025,1,15
2025-01-15 12:30:00+00:00,2693.0,2693.0,2692.0,2692.0,1.4972,2025,1,15
2025-01-15 12:35:00+00:00,2692.0,2693.0,2692.0,2692.0,0.0396,2025,1,15
2025-01-15 12:40:00+00:00,2692.0,2692.0,2691.0,2691.0,6.9189,2025,1,15
2025-01-15 12:45:00+00:00,2691.0,2691.0,2690.0,2690.0,1.3334,2025,1,15
2025-01-15 12:50:00+00:00,2690.0,2692.0,2690.0,2690.0,4.9522,2025,1,15
2025-01-15 12:55:00+00:00,2692.0,2692.0,2690.0,2690.0,0.637,2025,1,15
2025-01-15 13:00:00+00:00,2692.0,2692.0,2690.0,2691.0,1.6209,2025,1,15
2025-01-15 13:05:00+00:00,2691.0,2691.0,2688.0,2689.0,7.8957,2025,1,15
2025-01-15 13:10:00+00:00,2688.0,2689.0,2688.0,2689.0,0.6005,2025,1,15
2025-01-15 13:15:00+00:00,2689.0,2689.0,2688.0,2689.0,0.3572,2025,1,15
2025-01-15 13:20:00+00:00,2689.0,2689.0,2688.0,2689.0,0.38,2025,1,15
2025-01-15 13:25:00+00:00,2688.0,2690.0,2688.0,2690.0,5.341,2025,1,15
2025-01-15 13:30:00+00:00,2690.0,2698.0,2690.0,2695.0,37.7311,2025,1,15
2025-01-15 13:35:00+00:00,2695.0,2695.0,2689.0,2691.0,10.163,2025,1,15
2025-01-15 13:40:00+00:00,2691.0,2691.0,2689.0,2689.0,4.3201,2025,1,15
2025-01-15 13:45:00+00:00,2690.0,2702.0,2689.0,2697.0,62.2767,2025,1,15
2025-01-15 13:50:00+00:00,2699.0,2705.0,2696.0,2696.0,39.5313,2025,1,15
2025-01-15 13:55:00+00:00,2697.0,2704.0,2696.0,2702.0,8.5361,2025,1,15
2025-01-15 14:00:00+00:00,2702.0,2705.0,2694.0,2697.0,32.1688,2025,1,15
2025-01-15 14:05:00+00:00,2697.0,2699.0,2694.0,2694.0,21.0574,2025,1,15
2025-01-15 14:10:00+00:00,2696.0,2697.0,2694.0,2694.0,0.6784,2025,1,15
2025-01-15 14:15:00+00:00,2694.0,2696.0,2691.0,2694.0,6.232,2025,1,15
2025-01-15 14:20:00+00:00,2694.0,2695.0,2694.0,2695.0,1.6963,2025,1,15
2025-01-15 14:25:00+00:00,2694.0,2695.0,2694.0,2694.0,0.704,2025,1,15
2025-01-15 14:30:00+00:00,2695.0,2695.0,2693.0,2693.0,1.7206,2025,1,15
2025-01-15 14:35:00+00:00,2694.0,2694.0,2688.0,2690.0,8.3143,2025,1,15
2025-01-15 14:40:00+00:00,2690.0,2690.0,2687.0,2689.0,2.2974,2025,1,15
2025-01-15 14:45:00+00:00,2689.0,2691.0,2687.0,2691.0,4.6019,2025,1,15
2025-01-15 14:50:00+00:00,2691.0,2694.0,2690.0,2694.0,4.8383,2025,1,15
2025-01-15 14:55:00+00:00,2693.0,2698.0,2691.0,2694.0,16.2463,2025,1,15
2025-01-15 15:00:00+00:00,2694.0,2696.0,2689.0,2690.0,22.7178,2025,1,15
2025-01-15 15:05:00+00:00,2690.0,2690.0,2687.0,2688.0,3.8136,2025,1,15
2025-01-15 15:10:00+00:00,2690.0,2690.0,2688.0,2690.0,1.4299,2025,1,15
2025-01-15 15:15:00+00:00,2690.0,2694.0,2689.0,2692.0,22.4315,2025,1,15
2025-01-15 15:20:00+00:00,2690.0,2690.0,2686.0,2690.0,8.7104,2025,1,15
2025-01-15 15:25:00+00:00,2689.0,2693.0,2688.0,2693.0,4.5926,2025,1,15
2025-01-15 15:30:00+00:00,2693.0,2694.0,2692.0,2692.0,1.1162,2025,1,15
2025-01-15 15:35:00+00:00,2693.0,2695.0,2691.0,2695.0,1.0753,2025,1,15
2025-01-15 15:40:00+00:00,2695.0,2695.0,2691.0,2692.0,4.6862,2025,1,15
2025-01-15 15:45:00+00:00,2692.0,2693.0,2692.0,2693.0,1.1208,2025,1,15
2025-01-15 15:50:00+00:00,2693.0,2694.0,2692.0,2693.0,3.1067,2025,1,15
2025-01-15 15:55:00+00:00,2693.0,2693.0,2687.0,2688.0,5.5332,2025,1,15
2025-01-15 16:00:00+00:00,2687.0,2690.0,2687.0,2690.0,5.8292,2025,1,15
2025-01-15 16:05:00+00:00,2690.0,2693.0,2688.0,2693.0,6.8742,2025,1,15
2025-01-15 16:10:00+00:00,2693.0,2695.0,2691.0,2694.0,14.0134,2025,1,15
2025-01-15 16:15:00+00:00,2694.0,2695.0,2690.0,2690.0,7.0703,2025,1,15
2025-01-15 16:20:00+00:00,2690.0,2692.0,2690.0,2691.0,9.3008,2025,1,15
2025-01-15 16:25:00+00:00,2692.0,2692.0,2690.0,2690.0,4.3627,2025,1,15
2025-01-15 16:30:00+00:00,2692.0,2692.0,2687.0,2687.0,8.1663,2025,1,15
2025-01-15 16:35:00+00:00,2687.0,2690.0,2686.0,2690.0,5.0008,2025,1,15
2025-01-15 16:40:00+00:00,2689.0,2690.0,2689.0,2690.0,1.4799,2025,1,15
2025-01-15 16:45:00+00:00,2690.0,2695.0,2690.0,2694.0,19.6158,2025,1,15
2025-01-15 16:50:00+00:00,2695.0,2695.0,2692.0,2694.0,1.1225,2025,1,15
2025-01-15 16:55:00+00:00,2694.0,2694.0,2693.0,2693.0,1.3523,2025,1,15
2025-01-15 17:00:00+00:00,2692.0,2693.0,2692.0,2693.0,16.6313,2025,1,15
2025-01-15 17:05:00+00:00,2693.0,2696.0,2693.0,2694.0,17.6284,2025,1,15
2025-01-15 17:10:00+00:00,2696.0,2697.0,2695.0,2695.0,1.5927,2025,1,15
2025-01-15 17:15:00+00:00,2697.0,2697.0,2695.0,2697.0,0.4489,2025,1,15
2025-01-15 17:20:00+00:00,2697.0,2697.0,2696.0,2697.0,0.2304,2025,1,15
2025-01-15 17:25:00+00:00,2697.0,2698.0,2696.0,2697.0,4.4304,2025,1,15
2025-01-15 17:30:00+00:00,2698.0,2698.0,2697.0,2697.0,2.4444,2025,1,15
2025-01-15 17:35:00+00:00,2697.0,2698.0,2697.0,2698.0,0.1902,2025,1,15
2025-01-15 17:40:00+00:00,2698.0,2698.0,2697.0,2698.0,10.4278,2025,1,15
2025-01-15 17:45:00+00:00,2698.0,2698.0,2697.0,2697.0,0.8809,2025,1,15
2025-01-15 17:50:00+00:00,2698.0,2698.0,2697.0,2698.0,2.4131,2025,1,15
2025-01-15 17:55:00+00:00,2697.0,2698.0,2697.0,2697.0,1.4205,2025,1,15
2025-01-15 18:00:00+00:00,2697.0,2698.0,2697.0,2698.0,0.6117,2025,1,15
2025-01-15 18:05:00+00:00,2698.0,2698.0,2697.0,2698.0,1.74,2025,1,15
2025-01-15 18:10:00+00:00,2698.0,2698.0,2697.0,2698.0,0.165,2025,1,15
2025-01-15 18:15:00+00:00,2698.0,2698.0,2697.0,2697.0,0.8258,2025,1,15
2025-01-15 18:20:00+00:00,2697.0,2700.0,2694.0,2698.0,80.7367,2025,1,15
2025-01-15 18:25:00+00:00,2696.0,2698.0,2692.0,2693.0,97.6868,2025,1,15
2025-01-15 18:30:00+00:00,2692.0,2694.0,2690.0,2692.0,14.3746,2025,1,15
2025-01-15 18:35:00+00:00,2692.0,2692.0,2688.0,2689.0,14.2125,2025,1,15
2025-01-15 18:40:00+00:00,2690.0,2690.0,2689.0,2690.0,2.5566,2025,1,15
2025-01-15 18:45:00+00:00,2689.0,2690.0,2688.0,2689.0,0.3344,2025,1,15
2025-01-15 18:50:00+00:00,2690.0,2691.0,2690.0,2691.0,4.9393,2025,1,15
2025-01-15 18:55:00+00:00,2690.0,2693.0,2690.0,2692.0,3.8541,2025,1,15
2025-01-15 19:00:00+00:00,2691.0,2695.0,2691.0,2694.0,6.3655,2025,1,15
2025-01-15 19:05:00+00:00,2694.0,2694.0,2689.0,2689.0,43.7486,2025,1,15
2025-01-15 19:10:00+00:00,2690.0,2691.0,2689.0,2691.0,0.6607,2025,1,15
2025-01-15 19:15:00+00:00,2691.0,2691.0,2690.0,2691.0,2.1956,2025,1,15
2025-01-15 19:20:00+00:00,2691.0,2694.0,2691.0,2694.0,4.5239,2025,1,15
2025-01-15 19:25:00+00:00,2693.0,2695.0,2693.0,2695.0,5.0652,2025,1,15
2025-01-15 19:30:00+00:00,2696.0,2699.0,2694.0,2695.0,11.0219,2025,1,15
2025-01-15 19:35:00+00:00,2695.0,2705.0,2694.0,2701.0,75.5373,2025,1,15
2025-01-15 19:40:00+00:00,2701.0,2701.0,2697.0,2697.0,5.7265,2025,1,15
2025-01-15 19:45:00+00:00,2699.0,2703.0,2698.0,2699.0,9.1696,2025,1,15
2025-01-15 19:50:00+00:00,2700.0,2703.0,2699.0,2700.0,7.428,2025,1,15
2025-01-15 19:55:00+00:00,2700.0,2703.0,2699.0,2699.0,2.4793,2025,1,15
2025-01-15 20:00:00+00:00,2700.0,2701.0,2699.0,2700.0,4.2183,2025,1,15
2025-01-15 20:05:00+00:00,2700.0,2703.0,2697.0,2700.0,9.7097,2025,1,15
2025-01-15 20:10:00+00:00,2700.0,2703.0,2696.0,2701.0,17.123,2025,1,15
2025-01-15 20:15:00+00:00,2703.0,2704.0,2701.0,2704.0,9.0805,2025,1,15
2025-01-15 20:20:00+00:00,2702.0,2704.0,2702.0,2702.0,0.8386,2025,1,15
2025-01-15 20:25:00+00:00,2702.0,2703.0,2701.0,2702.0,3.5861,2025,1,15
2025-01-15 20:30:00+00:00,2701.0,2702.0,2700.0,2701.0,0.6729,2025,1,15
2025-01-15 20:35:00+00:00,2700.0,2701.0,2700.0,2701.0,0.3227,2025,1,15
2025-01-15 20:40:00+00:00,2700.0,2701.0,2700.0,2700.0,0.0635,2025,1,15
2025-01-15 20:45:00+00:00,2700.0,2701.0,2699.0,2699.0,2.6611,2025,1,15
2025-01-15 20:50:00+00:00,2698.0,2699.0,2695.0,2695.0,3.4633,2025,1,15
2025-01-15 20:55:00+00:00,2695.0,2696.0,2695.0,2696.0,6.5927,2025,1,15
2025-01-15 21:00:00+00:00,2695.0,2697.0,2695.0,2697.0,2.4687,2025,1,15
2025-01-15 21:05:00+00:00,2697.0,2697.0,2695.0,2696.0,0.5929,2025,1,15
2025-01-15 21:10:00+00:00,2696.0,2697.0,2695.0,2697.0,1.0192,2025,1,15
2025-01-15 21:15:00+00:00,2696.0,2699.0,2696.0,2699.0,1.8103,2025,1,15
2025-01-15 21:20:00+00:00,2698.0,2698.0,2697.0,2697.0,0.7314,2025,1,15
2025-01-15 21:25:00+00:00,2697.0,2697.0,2694.0,2694.0,7.4936,2025,1,15
2025-01-15 21:30:00+00:00,2696.0,2696.0,2694.0,2695.0,2.1286,2025,1,15
2025-01-15 21:35:00+00:00,2694.0,2695.0,2694.0,2695.0,0.2841,2025,1,15
2025-01-15 21:40:00+00:00,2694.0,2695.0,2693.0,2693.0,0.4852,2025,1,15
2025-01-15 21:45:00+00:00,2694.0,2695.0,2694.0,2694.0,0.9239,2025,1,15
2025-01-15 21:50:00+00:00,2695.0,2696.0,2694.0,2696.0,1.6911,2025,1,15
2025-01-15 21:55:00+00:00,2696.0,2697.0,2695.0,2696.0,5.2405,2025,1,15
2025-01-15 22:00:00+00:00,2696.0,2696.0,2694.0,2695.0,1.749,2025,1,15
2025-01-15 22:05:00+00:00,2694.0,2696.0,2694.0,2695.0,1.9556,2025,1,15
2025-01-15 22:10:00+00:00,2696.0,2696.0,2695.0,2695.0,0.7808,2025,1,15
2025-01-15 22:15:00+00:00,2696.0,2698.0,2695.0,2698.0,1.1507,2025,1,15
2025-01-15 22:20:00+00:00,2696.0,2698.0,2696.0,2697.0,0.7559,2025,1,15
2025-01-15 22:25:00+00:00,2697.0,2698.0,2694.0,2695.0,3.0584,2025,1,15
2025-01-15 22:30:00+00:00,2695.0,2699.0,2694.0,2699.0,2.2743,2025,1,15
2025-01-15 22:35:00+00:00,2699.0,2700.0,2697.0,2698.0,1.6816,2025,1,15
2025-01-15 22:40:00+00:00,2698.0,2700.0,2697.0,2700.0,0.6889,2025,1,15
2025-01-15 22:45:00+00:00,2700.0,2700.0,2699.0,2700.0,0.2098,2025,1,15
2025-01-15 22:50:00+00:00,2699.0,2700.0,2698.0,2700.0,2.3687,2025,1,15
2025-01-15 22:55:00+00:00,2700.0,2700.0,2699.0,2700.0,1.2216,2025,1,15
2025-01-15 23:00:00+00:00,2700.0,2702.0,2699.0,2702.0,2.8033,2025,1,15
2025-01-15 23:05:00+00:00,2702.0,2703.0,2700.0,2701.0,5.6295,2025,1,15
2025-01-15 23:10:00+00:00,2701.0,2701.0,2700.0,2701.0,1.3659,2025,1,15
2025-01-15 23:15:00+00:00,2701.0,2701.0,2700.0,2700.0,3.3032,2025,1,15
2025-01-15 23:20:00+00:00,2700.0,2700.0,2699.0,2700.0,0.8198,2025,1,15
2025-01-15 23:25:00+00:00,2700.0,2702.0,2699.0,2701.0,1.0675,2025,1,15
2025-01-15 23:30:00+00:00,2702.0,2702.0,2700.0,2701.0,0.6553,2025,1,15
2025-01-15 23:35:00+00:00,2701.0,2701.0,2699.0,2699.0,0.9454,2025,1,15
2025-01-15 23:40:00+00:00,2700.0,2700.0,2699.0,2700.0,0.3314,2025,1,15
2025-01-15 23:45:00+00:00,2699.0,2706.0,2691.0,2691.0,83.0467,2025,1,15
2025-01-15 23:50:00+00:00,2691.0,2693.0,2690.0,2691.0,11.4791,2025,1,15
2025-01-15 23:55:00+00:00,2692.0,2693.0,2690.0,2693.0,13.9789,2025,1,15
2025-01-16 00:00:00+00:00,2693.0,2693.0,2691.0,2691.0,9.1898,2025,1,16
2025-01-16 00:05:00+00:00,2691.0,2692.0,2690.0,2690.0,3.8531,2025,1,16
2025-01-16 00:10:00+00:00,2691.0,2692.0,2690.0,2690.0,2.0448,2025,1,16
2025-01-16 00:15:00+00:00,2690.0,2693.0,2690.0,2693.0,13.8189,2025,1,16
2025-01-16 00:20:00+00:00,2693.0,2693.0,2692.0,2692.0,5.0553,2025,1,16
2025-01-16 00:25:00+00:00,2693.0,2693.0,2687.0,2690.0,5.311,2025,1,16
2025-01-16 00:30:00+00:00,2689.0,2690.0,2689.0,2690.0,0.2394,2025,1,16
2025-01-16 00:35:00+00:00,2689.0,2690.0,2689.0,2689.0,0.7392,2025,1,16
2025-01-16 00:40:00+00:00,2689.0,2691.0,2689.0,2690.0,3.3422,2025,1,16
2025-01-16 00:45:00+00:00,2690.0,2691.0,2687.0,2689.0,12.915,2025,1,16
2025-01-16 00:50:00+00:00,2689.0,2689.0,2688.0,2688.0,0.2535,2025,1,16
2025-01-16 00:55:00+00:00,2688.0,2689.0,2688.0,2688.0,0.1715,2025,1,16
2025-01-16 01:00:00+00:00,2689.0,2689.0,2688.0,2689.0,1.3142,2025,1,16
2025-01-16 01:05:00+00:00,2690.0,2693.0,2689.0,2693.0,1.3185,2025,1,16
2025-01-16 01:10:00+00:00,2692.0,2693.0,2692.0,2693.0,8.5736,2025,1,16
2025-01-16 01:15:00+00:00,2693.0,2693.0,2692.0,2692.0,3.5556,2025,1,16
2025-01-16 01:20:00+00:00,2693.0,2693.0,2690.0,2692.0,0.3521,2025,1,16
2025-01-16 01:25:00+00:00,2693.0,2696.0,2693.0,2695.0,5.8198,2025,1,16
2025-01-16 01:30:00+00:00,2694.0,2695.0,2694.0,2695.0,0.2625,2025,1,16
2025-01-16 01:35:00+00:00,2695.0,2698.0,2694.0,2697.0,1.9403,2025,1,16
2025-01-16 01:40:00+00:00,2697.0,2698.0,2697.0,2698.0,0.1064,2025,1,16
2025-01-16 01:45:00+00:00,2698.0,2700.0,2697.0,2700.0,0.3609,2025,1,16
2025-01-16 01:50:00+00:00,2700.0,2700.0,2698.0,2699.0,1.6201,2025,1,16
2025-01-16 01:55:00+00:00,2699.0,2699.0,2698.0,2698.0,0.0718,2025,1,16
2025-01-16 02:00:00+00:00,2699.0,2700.0,2698.0,2698.0,0.9087,2025,1,16
2025-01-16 02:05:00+00:00,2699.0,2700.0,2698.0,2700.0,0.2546,2025,1,16
2025-01-16 02:10:00+00:00,2700.0,2700.0,2697.0,2698.0,0.6739,2025,1,16
2025-01-16 02:15:00+00:00,2698.0,2700.0,2697.0,2699.0,1.1695,2025,1,16
2025-01-16 02:20:00+00:00,2700.0,2700.0,2693.0,2693.0,5.9378,2025,1,16
2025-01-16 02:25:00+00:00,2693.0,2695.0,2692.0,2695.0,0.2832,2025,1,16
2025-01-16 02:30:00+00:00,2695.0,2696.0,2694.0,2696.0,0.2634,2025,1,16
2025-01-16 02:35:00+00:00,2696.0,2696.0,2695.0,2696.0,0.2169,2025,1,16
2025-01-16 02:40:00+00:00,2696.0,2696.0,2695.0,2696.0,0.2006,2025,1,16
2025-01-16 02:45:00+00:00,2696.0,2696.0,2695.0,2695.0,0.2476,2025,1,16
2025-01-16 02:50:00+00:00,2696.0,2697.0,2696.0,2696.0,2.4692,2025,1,16
2025-01-16 02:55:00+00:00,2696.0,2696.0,2695.0,2696.0,1.0762,2025,1,16
2025-01-16 03:00:00+00:00,2696.0,2697.0,2693.0,2695.0,3.8087,2025,1,16
2025-01-16 03:05:00+00:00,2695.0,2696.0,2694.0,2696.0,0.9907,2025,1,16
2025-01-16 03:10:00+00:00,2696.0,2697.0,2695.0,2695.0,0.6409,2025,1,16
2025-01-16 03:15:00+00:00,2696.0,2702.0,2696.0,2699.0,50.5883,2025,1,16
2025-01-16 03:20:00+00:00,2699.0,2699.0,2695.0,2697.0,3.6042,2025,1,16
2025-01-16 03:25:00+00:00,2697.0,2699.0,2697.0,2698.0,0.8496,2025,1,16
2025-01-16 03:30:00+00:00,2697.0,2698.0,2694.0,2696.0,12.4517,2025,1,16
2025-01-16 03:35:00+00:00,2696.0,2696.0,2695.0,2696.0,0.7687,2025,1,16
2025-01-16 03:40:00+00:00,2697.0,2697.0,2696.0,2696.0,0.1809,2025,1,16
2025-01-16 03:45:00+00:00,2697.0,2702.0,2696.0,2699.0,10.2704,2025,1,16
2025-01-16 03:50:00+00:00,2700.0,2708.0,2699.0,2701.0,43.0309,2025,1,16
2025-01-16 03:55:00+00:00,2701.0,2702.0,2700.0,2701.0,1.0746,2025,1,16
2025-01-16 04:00:00+00:00,2700.0,2701.0,2700.0,2700.0,0.4322,2025,1,16
2025-01-16 04:05:00+00:00,2701.0,2701.0,2700.0,2700.0,0.828,2025,1,16
2025-01-16 04:10:00+00:00,2701.0,2701.0,2700.0,2701.0,0.1093,2025,1,16
2025-01-16 04:15:00+00:00,2701.0,2702.0,2700.0,2701.0,0.8806,2025,1,16
2025-01-16 04:20:00+00:00,2701.0,2703.0,2701.0,2701.0,3.9686,2025,1,16
2025-01-16 04:25:00+00:00,2701.0,2703.0,2701.0,2701.0,0.3497,2025,1,16
2025-01-16 04:30:00+00:00,2701.0,2703.0,2701.0,2701.0,0.3443,2025,1,16
2025-01-16 04:35:00+00:00,2701.0,2703.0,2701.0,2702.0,2.1778,2025,1,16
2025-01-16 04:40:00+00:00,2701.0,2703.0,2701.0,2702.0,0.8365,2025,1,16
2025-01-16 04:45:00+00:00,2702.0,2703.0,2702.0,2702.0,0.669,2025,1,16
2025-01-16 04:50:00+00:00,2703.0,2704.0,2700.0,2700.0,2.4014,2025,1,16
2025-01-16 04:55:00+00:00,2701.0,2701.0,2700.0,2701.0,0.0235,2025,1,16
2025-01-16 05:00:00+00:00,2701.0,2701.0,2700.0,2701.0,0.3423,2025,1,16
2025-01-16 05:05:00+00:00,2701.0,2701.0,2700.0,2700.0,0.1114,2025,1,16
2025-01-16 05:10:00+00:00,2701.0,2701.0,2699.0,2699.0,0.1406,2025,1,16
2025-01-16 05:15:00+00:00,2699.0,2699.0,2698.0,2698.0,0.0823,2025,1,16
2025-01-16 05:20:00+00:00,2698.0,2699.0,2698.0,2698.0,1.1017,2025,1,16
2025-01-16 05:25:00+00:00,2698.0,2699.0,2697.0,2697.0,0.2999,2025,1,16
2025-01-16 05:30:00+00:00,2697.0,2699.0,2697.0,2699.0,0.0407,2025,1,16
2025-01-16 05:35:00+00:00,2699.0,2699.0,2698.0,2699.0,0.1061,2025,1,16
2025-01-16 05:40:00+00:00,2698.0,2699.0,2698.0,2698.0,0.3212,2025,1,16
2025-01-16 05:45:00+00:00,2699.0,2699.0,2697.0,2697.0,3.2777,2025,1,16
2025-01-16 05:50:00+00:00,2697.0,2698.0,2697.0,2697.0,0.0732,2025,1,16
2025-01-16 05:55:00+00:00,2698.0,2698.0,2696.0,2696.0,1.0534,2025,1,16
2025-01-16 06:00:00+00:00,2696.0,2697.0,2694.0,2696.0,0.8063,2025,1,16
2025-01-16 06:05:00+00:00,2694.0,2696.0,2694.0,2696.0,3.3487,2025,1,16
2025-01-16 06:10:00+00:00,2696.0,2696.0,2695.0,2695.0,0.0861,2025,1,16
2025-01-16 06:15:00+00:00,2695.0,2695.0,2694.0,2694.0,0.1283,2025,1,16
2025-01-16 06:20:00+00:00,2693.0,2695.0,2693.0,2695.0,2.8997,2025,1,16
2025-01-16 06:25:00+00:00,2695.0,2695.0,2695.0,2695.0,1.2201,2025,1,16
2025-01-16 06:30:00+00:00,2695.0,2696.0,2695.0,2696.0,0.3975,2025,1,16
2025-01-16 06:35:00+00:00,2695.0,2696.0,2695.0,2696.0,0.0859,2025,1,16
2025-01-16 06:40:00+00:00,2696.0,2696.0,2694.0,2696.0,1.1622,2025,1,16
2025-01-16 06:45:00+00:00,2696.0,2696.0,2696.0,2696.0,0.0672,2025,1,16
2025-01-16 06:50:00+00:00,2696.0,2696.0,2695.0,2696.0,0.1346,2025,1,16
2025-01-16 06:55:00+00:00,2696.0,2696.0,2696.0,2696.0,0.8855,2025,1,16
2025-01-16 07:00:00+00:00,2696.0,2697.0,2695.0,2697.0,4.3519,2025,1,16
2025-01-16 07:05:00+00:00,2697.0,2702.0,2695.0,2699.0,24.0948,2025,1,16
2025-01-16 07:10:00+00:00,2701.0,2702.0,2699.0,2701.0,3.4301,2025,1,16
2025-01-16 07:15:00+00:00,2701.0,2702.0,2700.0,2700.0,0.4911,2025,1,16
2025-01-16 07:20:00+00:00,2702.0,2702.0,2700.0,2700.0,0.4505,2025,1,16
2025-01-16 07:25:00+00:00,2702.0,2702.0,2699.0,2700.0,2.5022,2025,1,16
2025-01-16 07:30:00+00:00,2700.0,2700.0,2699.0,2700.0,1.0563,2025,1,16
2025-01-16 07:35:00+00:00,2700.0,2701.0,2698.0,2701.0,1.9578,2025,1,16
2025-01-16 07:40:00+00:00,2701.0,2701.0,2699.0,2699.0,1.6797,2025,1,16
2025-01-16 07:45:00+00:00,2700.0,2700.0,2696.0,2698.0,5.2072,2025,1,16
2025-01-16 07:50:00+00:00,2698.0,2699.0,2696.0,2697.0,0.6022,2025,1,16
2025-01-16 07:55:00+00:00,2697.0,2697.0,2695.0,2697.0,4.749,2025,1,16
2025-01-16 08:00:00+00:00,2697.0,2697.0,2691.0,2696.0,24.9912,2025,1,16
2025-01-16 08:05:00+00:00,2696.0,2696.0,2695.0,2696.0,0.4621,2025,1,16
2025-01-16 08:10:00+00:00,2696.0,2696.0,2695.0,2696.0,0.2572,2025,1,16
2025-01-16 08:15:00+00:00,2695.0,2699.0,2695.0,2697.0,3.7524,2025,1,16
2025-01-16 08:20:00+00:00,2697.0,2698.0,2697.0,2698.0,3.5858,2025,1,16
2025-01-16 08:25:00+00:00,2697.0,2698.0,2697.0,2697.0,0.7014,2025,1,16
2025-01-16 08:30:00+00:00,2697.0,2697.0,2696.0,2697.0,1.2766,2025,1,16
2025-01-16 08:35:00+00:00,2697.0,2697.0,2696.0,2697.0,0.2896,2025,1,16
2025-01-16 08:40:00+00:00,2697.0,2697.0,2694.0,2694.0,9.86,2025,1,16
2025-01-16 08:45:00+00:00,2695.0,2696.0,2693.0,2694.0,16.0525,2025,1,16
2025-01-16 08:50:00+00:00,2693.0,2696.0,2692.0,2695.0,6.147,2025,1,16
2025-01-16 08:55:00+00:00,2695.0,2697.0,2695.0,2695.0,5.6054,2025,1,16
2025-01-16 09:00:00+00:00,2696.0,2696.0,2695.0,2695.0,3.3809,2025,1,16
2025-01-16 09:05:00+00:00,2695.0,2696.0,2694.0,2694.0,1.1435,2025,1,16
2025-01-16 09:10:00+00:00,2695.0,2697.0,2695.0,2695.0,9.0625,2025,1,16
2025-01-16 09:15:00+00:00,2696.0,2696.0,2694.0,2694.0,6.1781,2025,1,16
2025-01-16 09:20:00+00:00,2694.0,2696.0,2694.0,2695.0,2.1701,2025,1,16
2025-01-16 09:25:00+00:00,2695.0,2698.0,2695.0,2698.0,7.6188,2025,1,16
2025-01-16 09:30:00+00:00,2697.0,2698.0,2696.0,2697.0,8.8859,2025,1,16
2025-01-16 09:35:00+00:00,2698.0,2698.0,2697.0,2698.0,1.0226,2025,1,16
2025-01-16 09:40:00+00:00,2699.0,2701.0,2698.0,2701.0,22.466,2025,1,16
2025-01-16 09:45:00+00:00,2700.0,2701.0,2698.0,2701.0,7.9281,2025,1,16
2025-01-16 09:50:00+00:00,2700.0,2702.0,2700.0,2701.0,0.9521,2025,1,16
2025-01-16 09:55:00+00:00,2701.0,2702.0,2700.0,2700.0,1.0003,2025,1,16
2025-01-16 10:00:00+00:00,2701.0,2701.0,2700.0,2700.0,0.6323,2025,1,16
2025-01-16 10:05:00+00:00,2700.0,2702.0,2700.0,2700.0,3.0531,2025,1,16
2025-01-16 10:10:00+00:00,2702.0,2703.0,2701.0,2702.0,1.363,2025,1,16
2025-01-16 10:15:00+00:00,2703.0,2703.0,2702.0,2703.0,1.2063,2025,1,16
2025-01-16 10:20:00+00:00,2702.0,2703.0,2701.0,2701.0,4.8036,2025,1,16
2025-01-16 10:25:00+00:00,2701.0,2702.0,2701.0,2701.0,0.7154,2025,1,16
2025-01-16 10:30:00+00:00,2701.0,2702.0,2701.0,2702.0,6.7509,2025,1,16
2025-01-16 10:35:00+00:00,2701.0,2704.0,2701.0,2703.0,3.0619,2025,1,16
2025-01-16 10:40:00+00:00,2703.0,2704.0,2703.0,2703.0,6.0222,2025,1,16
2025-01-16 10:45:00+00:00,2703.0,2705.0,2703.0,2703.0,0.9312,2025,1,16
2025-01-16 10:50:00+00:00,2705.0,2705.0,2703.0,2704.0,1.4926,2025,1,16
2025-01-16 10:55:00+00:00,2704.0,2705.0,2704.0,2704.0,0.878,2025,1,16
2025-01-16 11:00:00+00:00,2705.0,2705.0,2704.0,2704.0,1.7707,2025,1,16
2025-01-16 11:05:00+00:00,2704.0,2705.0,2704.0,2704.0,0.6561,2025,1,16
2025-01-16 11:10:00+00:00,2704.0,2705.0,2704.0,2704.0,2.0656,2025,1,16
2025-01-16 11:15:00+00:00,2704.0,2705.0,2704.0,2704.0,2.5921,2025,1,16
2025-01-16 11:20:00+00:00,2704.0,2705.0,2704.0,2705.0,0.353,2025,1,16
2025-01-16 11:25:00+00:00,2705.0,2705.0,2704.0,2704.0,0.4349,2025,1,16
2025-01-16 11:30:00+00:00,2705.0,2708.0,2704.0,2706.0,1.8752,2025,1,16
2025-01-16 11:35:00+00:00,2706.0,2707.0,2706.0,2706.0,1.6411,2025,1,16
2025-01-16 11:40:00+00:00,2706.0,2707.0,2704.0,2706.0,22.0279,2025,1,16
2025-01-16 11:45:00+00:00,2706.0,2710.0,2706.0,2706.0,21.6376,2025,1,16
2025-01-16 11:50:00+00:00,2706.0,2707.0,2706.0,2706.0,1.2953,2025,1,16
2025-01-16 11:55:00+00:00,2707.0,2707.0,2705.0,2706.0,1.7654,2025,1,16
2025-01-16 12:00:00+00:00,2706.0,2706.0,2704.0,2705.0,3.1109,2025,1,16
2025-01-16 12:05:00+00:00,2705.0,2706.0,2704.0,2705.0,1.3186,2025,1,16
2025-01-16 12:10:00+00:00,2705.0,2708.0,2705.0,2708.0,7.4701,2025,1,16
2025-01-16 12:15:00+00:00,2709.0,2711.0,2709.0,2710.0,15.8025,2025,1,16
2025-01-16 12:20:00+00:00,2709.0,2711.0,2706.0,2706.0,25.6546,2025,1,16
2025-01-16 12:25:00+00:00,2706.0,2707.0,2705.0,2705.0,0.9274,2025,1,16
2025-01-16 12:30:00+00:00,2705.0,2705.0,2702.0,2703.0,1.3957,2025,1,16
2025-01-16 12:35:00+00:00,2703.0,2704.0,2702.0,2702.0,0.8968,2025,1,16
2025-01-16 12:40:00+00:00,2702.0,2704.0,2698.0,2698.0,38.5596,2025,1,16
2025-01-16 12:45:00+00:00,2698.0,2701.0,2697.0,2701.0,22.2723,2025,1,16
2025-01-16 12:50:00+00:00,2700.0,2702.0,2698.0,2701.0,2.407,2025,1,16
2025-01-16 12:55:00+00:00,2700.0,2702.0,2699.0,2701.0,5.2695,2025,1,16
2025-01-16 13:00:00+00:00,2701.0,2703.0,2699.0,2700.0,3.8696,2025,1,16
2025-01-16 13:05:00+00:00,2700.0,2702.0,2698.0,2701.0,2.591,2025,1,16
2025-01-16 13:10:00+00:00,2701.0,2707.0,2701.0,2707.0,17.3997,2025,1,16
2025-01-16 13:15:00+00:00,2706.0,2709.0,2705.0,2709.0,1.6955,2025,1,16
2025-01-16 13:20:00+00:00,2708.0,2710.0,2706.0,2710.0,2.1503,2025,1,16
2025-01-16 13:25:00+00:00,2711.0,2712.0,2709.0,2710.0,0.8742,2025,1,16
2025-01-16 13:30:00+00:00,2709.0,2713.0,2705.0,2712.0,6.7212,2025,1,16
2025-01-16 13:35:00+00:00,2711.0,2713.0,2711.0,2711.0,3.0935,2025,1,16
2025-01-16 13:40:00+00:00,2712.0,2714.0,2711.0,2712.0,3.7421,2025,1,16
2025-01-16 13:45:00+00:00,2712.0,2712.0,2711.0,2711.0,1.3413,2025,1,16
2025-01-16 13:50:00+00:00,2711.0,2714.0,2711.0,2712.0,2.8348,2025,1,16
2025-01-16 13:55:00+00:00,2713.0,2714.0,2712.0,2713.0,0.9227,2025,1,16
2025-01-16 14:00:00+00:00,2712.0,2714.0,2710.0,2713.0,8.1671,2025,1,16
2025-01-16 14:05:00+00:00,2711.0,2713.0,2707.0,2712.0,6.9993,2025,1,16
2025-01-16 14:10:00+00:00,2709.0,2712.0,2709.0,2712.0,1.2545,2025,1,16
2025-01-16 14:15:00+00:00,2710.0,2713.0,2710.0,2712.0,1.619,2025,1,16
2025-01-16 14:20:00+00:00,2712.0,2714.0,2712.0,2714.0,1.0488,2025,1,16
2025-01-16 14:25:00+00:00,2712.0,2714.0,2711.0,2712.0,4.0037,2025,1,16
2025-01-16 14:30:00+00:00,2711.0,2712.0,2711.0,2712.0,0.9752,2025,1,16
2025-01-16 14:35:00+00:00,2711.0,2713.0,2711.0,2712.0,3.5812,2025,1,16
2025-01-16 14:40:00+00:00,2711.0,2712.0,2707.0,2708.0,13.1718,2025,1,16
2025-01-16 14:45:00+00:00,2708.0,2712.0,2705.0,2711.0,32.1242,2025,1,16
2025-01-16 14:50:00+00:00,2711.0,2712.0,2710.0,2711.0,1.4584,2025,1,16
2025-01-16 14:55:00+00:00,2711.0,2716.0,2710.0,2716.0,31.4755,2025,1,16
2025-01-16 15:00:00+00:00,2715.0,2716.0,2712.0,2714.0,3.5845,2025,1,16
2025-01-16 15:05:00+00:00,2713.0,2715.0,2713.0,2714.0,1.792,2025,1,16
2025-01-16 15:10:00+00:00,2716.0,2716.0,2714.0,2716.0,0.723,2025,1,16
2025-01-16 15:15:00+00:00,2716.0,2716.0,2715.0,2715.0,1.4564,2025,1,16
2025-01-16 15:20:00+00:00,2715.0,2716.0,2714.0,2715.0,4.922,2025,1,16
2025-01-16 15:25:00+00:00,2715.0,2716.0,2715.0,2715.0,2.4419,2025,1,16
2025-01-16 15:30:00+00:00,2715.0,2717.0,2715.0,2715.0,14.1503,2025,1,16
2025-01-16 15:35:00+00:00,2717.0,2717.0,2715.0,2716.0,0.6111,2025,1,16
2025-01-16 15:40:00+00:00,2717.0,2718.0,2715.0,2716.0,4.803,2025,1,16
2025-01-16 15:45:00+00:00,2716.0,2719.0,2716.0,2716.0,11.0386,2025,1,16
2025-01-16 15:50:00+00:00,2716.0,2717.0,2714.0,2714.0,3.3529,2025,1,16
2025-01-16 15:55:00+00:00,2714.0,2717.0,2714.0,2717.0,2.522,2025,1,16
2025-01-16 16:00:00+00:00,2717.0,2723.0,2717.0,2721.0,20.02,2025,1,16
2025-01-16 16:05:00+00:00,2721.0,2723.0,2720.0,2721.0,7.1738,2025,1,16
2025-01-16 16:10:00+00:00,2721.0,2723.0,2719.0,2721.0,3.6012,2025,1,16
2025-01-16 16:15:00+00:00,2722.0,2723.0,2719.0,2722.0,7.7707,2025,1,16
2025-01-16 16:20:00+00:00,2721.0,2722.0,2721.0,2721.0,2.8757,2025,1,16
2025-01-16 16:25:00+00:00,2721.0,2724.0,2721.0,2722.0,18.8517,2025,1,16
2025-01-16 16:30:00+00:00,2722.0,2724.0,2721.0,2722.0,4.9039,2025,1,16
2025-01-16 16:35:00+00:00,2724.0,2724.0,2722.0,2722.0,0.605,2025,1,16
2025-01-16 16:40:00+00:00,2722.0,2723.0,2718.0,2718.0,5.4782,2025,1,16
2025-01-16 16:45:00+00:00,2719.0,2719.0,2716.0,2718.0,3.7819,2025,1,16
2025-01-16 16:50:00+00:00,2716.0,2718.0,2715.0,2717.0,6.0463,2025,1,16
2025-01-16 16:55:00+00:00,2716.0,2718.0,2716.0,2718.0,1.6189,2025,1,16
2025-01-16 17:00:00+00:00,2718.0,2718.0,2715.0,2716.0,3.5667,2025,1,16
2025-01-16 17:05:00+00:00,2717.0,2719.0,2716.0,2719.0,4.9502,2025,1,16
2025-01-16 17:10:00+00:00,2717.0,2719.0,2716.0,2718.0,1.7496,2025,1,16
2025-01-16 17:15:00+00:00,2716.0,2718.0,2716.0,2718.0,5.0005,2025,1,16
2025-01-16 17:20:00+00:00,2717.0,2718.0,2717.0,2717.0,1.4066,2025,1,16
2025-01-16 17:25:00+00:00,2717.0,2718.0,2717.0,2717.0,1.6866,2025,1,16
2025-01-16 17:30:00+00:00,2718.0,2718.0,2717.0,2717.0,0.6671,2025,1,16
2025-01-16 17:35:00+00:00,2718.0,2720.0,2717.0,2720.0,3.6677,2025,1,16
2025-01-16 17:40:00+00:00,2720.0,2720.0,2719.0,2719.0,2.0963,2025,1,16
2025-01-16 17:45:00+00:00,2719.0,2721.0,2719.0,2719.0,0.7331,2025,1,16
2025-01-16 17:50:00+00:00,2719.0,2720.0,2718.0,2719.0,1.2067,2025,1,16
2025-01-16 17:55:00+00:00,2719.0,2723.0,2718.0,2723.0,8.1013,2025,1,16
2025-01-16 18:00:00+00:00,2722.0,2723.0,2722.0,2722.0,1.059,2025,1,16
2025-01-16 18:05:00+00:00,2722.0,2723.0,2721.0,2721.0,2.9162,2025,1,16
2025-01-16 18:10:00+00:00,2721.0,2722.0,2717.0,2718.0,2.5375,2025,1,16
2025-01-16 18:15:00+00:00,2718.0,2720.0,2718.0,2720.0,3.2262,2025,1,16
2025-01-16 18:20:00+00:00,2719.0,2720.0,2718.0,2718.0,1.0395,2025,1,16
2025-01-16 18:25:00+00:00,2718.0,2719.0,2717.0,2717.0,1.3082,2025,1,16
2025-01-16 18:30:00+00:00,2717.0,2718.0,2716.0,2716.0,0.4089,2025,1,16
2025-01-16 18:35:00+00:00,2716.0,2716.0,2710.0,2715.0,28.3285,2025,1,16
2025-01-16 18:40:00+00:00,2716.0,2716.0,2714.0,2715.0,2.3557,2025,1,16
2025-01-16 18:45:00+00:00,2715.0,2718.0,2713.0,2717.0,4.3504,2025,1,16
2025-01-16 18:50:00+00:00,2717.0,2718.0,2716.0,2716.0,3.4227,2025,1,16
2025-01-16 18:55:00+00:00,2717.0,2717.0,2715.0,2715.0,2.1451,2025,1,16
2025-01-16 19:00:00+00:00,2717.0,2717.0,2715.0,2715.0,3.0404,2025,1,16
2025-01-16 19:05:00+00:00,2715.0,2717.0,2714.0,2716.0,2.0424,2025,1,16
2025-01-16 19:10:00+00:00,2716.0,2716.0,2716.0,2716.0,0.5493,2025,1,16
2025-01-16 19:15:00+00:00,2716.0,2717.0,2715.0,2716.0,3.0845,2025,1,16
2025-01-16 19:20:00+00:00,2716.0,2716.0,2714.0,2714.0,1.2389,2025,1,16
2025-01-16 19:25:00+00:00,2714.0,2715.0,2714.0,2714.0,1.4077,2025,1,16
2025-01-16 19:30:00+00:00,2714.0,2714.0,2713.0,2713.0,0.5001,2025,1,16
2025-01-16 19:35:00+00:00,2713.0,2714.0,2713.0,2713.0,0.3763,2025,1,16
2025-01-16 19:40:00+00:00,2713.0,2714.0,2713.0,2713.0,0.528,2025,1,16
2025-01-16 19:45:00+00:00,2713.0,2715.0,2713.0,2715.0,2.5054,2025,1,16
2025-01-16 19:50:00+00:00,2715.0,2715.0,2714.0,2714.0,2.5229,2025,1,16
2025-01-16 19:55:00+00:00,2714.0,2716.0,2714.0,2715.0,1.0512,2025,1,16
2025-01-16 20:00:00+00:00,2715.0,2716.0,2714.0,2715.0,4.5129,2025,1,16
2025-01-16 20:05:00+00:00,2715.0,2716.0,2714.0,2714.0,0.4023,2025,1,16
2025-01-16 20:10:00+00:00,2714.0,2715.0,2713.0,2713.0,1.9078,2025,1,16
2025-01-16 20:15:00+00:00,2714.0,2715.0,2713.0,2714.0,3.7512,2025,1,16
2025-01-16 20:20:00+00:00,2715.0,2715.0,2713.0,2713.0,1.5096,2025,1,16
2025-01-16 20:25:00+00:00,2713.0,2714.0,2713.0,2713.0,0.3059,2025,1,16
2025-01-16 20:30:00+00:00,2713.0,2714.0,2713.0,2714.0,0.1493,2025,1,16
2025-01-16 20:35:00+00:00,2714.0,2714.0,2713.0,2713.0,0.051,2025,1,16
2025-01-16 20:40:00+00:00,2713.0,2714.0,2713.0,2713.0,0.7643,2025,1,16
2025-01-16 20:45:00+00:00,2713.0,2714.0,2713.0,2713.0,1.0546,2025,1,16
2025-01-16 20:50:00+00:00,2713.0,2714.0,2713.0,2714.0,0.1998,2025,1,16
2025-01-16 20:55:00+00:00,2713.0,2714.0,2713.0,2713.0,0.8011,2025,1,16
2025-01-16 21:00:00+00:00,2713.0,2713.0,2713.0,2713.0,0.3965,2025,1,16
2025-01-16 21:05:00+00:00,2713.0,2714.0,2713.0,2713.0,0.271,2025,1,16
2025-01-16 21:10:00+00:00,2713.0,2714.0,2713.0,2714.0,0.4678,2025,1,16
2025-01-16 21:15:00+00:00,2713.0,2714.0,2713.0,2714.0,0.2239,2025,1,16
2025-01-16 21:20:00+00:00,2713.0,2714.0,2713.0,2714.0,0.7663,2025,1,16
2025-01-16 21:25:00+00:00,2713.0,2714.0,2713.0,2713.0,0.3451,2025,1,16
2025-01-16 21:30:00+00:00,2713.0,2714.0,2713.0,2714.0,1.1705,2025,1,16
2025-01-16 21:35:00+00:00,2713.0,2714.0,2713.0,2713.0,1.1785,2025,1,16
2025-01-16 21:40:00+00:00,2713.0,2714.0,2713.0,2714.0,0.165,2025,1,16
2025-01-16 21:45:00+00:00,2713.0,2715.0,2713.0,2714.0,0.1423,2025,1,16
2025-01-16 21:50:00+00:00,2714.0,2715.0,2714.0,2715.0,0.4052,2025,1,16
2025-01-16 21:55:00+00:00,2715.0,2715.0,2714.0,2715.0,0.3006,2025,1,16
2025-01-16 22:00:00+00:00,2715.0,2715.0,2713.0,2714.0,0.2629,2025,1,16
2025-01-16 22:05:00+00:00,2714.0,2714.0,2713.0,2714.0,0.6826,2025,1,16
2025-01-16 22:10:00+00:00,2714.0,2714.0,2713.0,2714.0,5.9597,2025,1,16
2025-01-16 22:15:00+00:00,2714.0,2714.0,2713.0,2713.0,5.812,2025,1,16
2025-01-16 22:20:00+00:00,2714.0,2714.0,2713.0,2713.0,6.0752,2025,1,16
2025-01-16 22:25:00+00:00,2713.0,2714.0,2713.0,2714.0,0.5655,2025,1,16
2025-01-16 22:30:00+00:00,2713.0,2713.0,2709.0,2709.0,15.2815,2025,1,16
2025-01-16 22:35:00+00:00,2710.0,2711.0,2709.0,2711.0,3.5762,2025,1,16
2025-01-16 22:40:00+00:00,2711.0,2712.0,2711.0,2711.0,0.2976,2025,1,16
2025-01-16 22:45:00+00:00,2712.0,2712.0,2711.0,2711.0,1.8697,2025,1,16
2025-01-16 22:50:00+00:00,2711.0,2712.0,2711.0,2712.0,0.1185,2025,1,16
2025-01-16 22:55:00+00:00,2712.0,2712.0,2711.0,2711.0,0.0691,2025,1,16
2025-01-16 23:00:00+00:00,2712.0,2712.0,2711.0,2711.0,0.0633,2025,1,16
2025-01-16 23:05:00+00:00,2712.0,2712.0,2711.0,2711.0,1.2551,2025,1,16
2025-01-16 23:10:00+00:00,2713.0,2713.0,2712.0,2712.0,0.0622,2025,1,16
2025-01-16 23:15:00+00:00,2713.0,2713.0,2712.0,2712.0,0.6817,2025,1,16
2025-01-16 23:20:00+00:00,2713.0,2713.0,2712.0,2713.0,0.6243,2025,1,16
2025-01-16 23:25:00+00:00,2713.0,2713.0,2712.0,2713.0,0.1061,2025,1,16
2025-01-16 23:30:00+00:00,2713.0,2717.0,2712.0,2717.0,10.2757,2025,1,16
2025-01-16 23:35:00+00:00,2718.0,2718.0,2716.0,2718.0,4.9698,2025,1,16
2025-01-16 23:40:00+00:00,2717.0,2717.0,2716.0,2717.0,1.1226,2025,1,16
2025-01-16 23:45:00+00:00,2718.0,2718.0,2716.0,2716.0,0.1475,2025,1,16
2025-01-16 23:50:00+00:00,2716.0,2718.0,2716.0,2717.0,0.9758,2025,1,16
2025-01-16 23:55:00+00:00,2717.0,2717.0,2716.0,2716.0,0.6482,2025,1,16
2025-01-17 00:00:00+00:00,2717.0,2717.0,2716.0,2716.0,2.0667,2025,1,17
2025-01-17 00:05:00+00:00,2717.0,2718.0,2715.0,2716.0,6.29,2025,1,17
2025-01-17 00:10:00+00:00,2716.0,2716.0,2715.0,2716.0,0.4065,2025,1,17
2025-01-17 00:15:00+00:00,2716.0,2717.0,2715.0,2716.0,1.8339,2025,1,17
2025-01-17 00:20:00+00:00,2717.0,2717.0,2709.0,2711.0,28.1011,2025,1,17
2025-01-17 00:25:00+00:00,2711.0,2715.0,2711.0,2712.0,2.5506,2025,1,17
2025-01-17 00:30:00+00:00,2714.0,2714.0,2711.0,2713.0,0.6402,2025,1,17
2025-01-17 00:35:00+00:00,2713.0,2713.0,2711.0,2713.0,0.2329,2025,1,17
2025-01-17 00:40:00+00:00,2713.0,2713.0,2712.0,2713.0,0.5239,2025,1,17
2025-01-17 00:45:00+00:00,2712.0,2713.0,2711.0,2712.0,0.1744,2025,1,17
2025-01-17 00:50:00+00:00,2711.0,2715.0,2711.0,2715.0,5.8096,2025,1,17
2025-01-17 00:55:00+00:00,2715.0,2716.0,2715.0,2715.0,0.475,2025,1,17
2025-01-17 01:00:00+00:00,2716.0,2716.0,2713.0,2713.0,5.9871,2025,1,17
2025-01-17 01:05:00+00:00,2712.0,2715.0,2712.0,2714.0,1.1014,2025,1,17
2025-01-17 01:10:00+00:00,2714.0,2715.0,2714.0,2714.0,1.1822,2025,1,17
2025-01-17 01:15:00+00:00,2714.0,2714.0,2714.0,2714.0,0.0048,2025,1,17
2025-01-17 01:20:00+00:00,2714.0,2716.0,2714.0,2715.0,2.9749,2025,1,17
2025-01-17 01:25:00+00:00,2715.0,2716.0,2714.0,2714.0,1.1483,2025,1,17
2025-01-17 01:30:00+00:00,2714.0,2716.0,2714.0,2716.0,2.6661,2025,1,17
2025-01-17 01:35:00+00:00,2716.0,2717.0,2714.0,2716.0,16.2209,2025,1,17
2025-01-17 01:40:00+00:00,2716.0,2717.0,2711.0,2714.0,22.3535,2025,1,17
2025-01-17 01:45:00+00:00,2713.0,2715.0,2713.0,2714.0,2.0254,2025,1,17
2025-01-17 01:50:00+00:00,2714.0,2714.0,2713.0,2714.0,1.0316,2025,1,17
2025-01-17 01:55:00+00:00,2714.0,2716.0,2714.0,2716.0,6.0288,2025,1,17
2025-01-17 02:00:00+00:00,2716.0,2716.0,2715.0,2715.0,0.5984,2025,1,17
2025-01-17 02:05:00+00:00,2716.0,2716.0,2715.0,2715.0,0.1668,2025,1,17
2025-01-17 02:10:00+00:00,2715.0,2718.0,2715.0,2716.0,0.5318,2025,1,17
2025-01-17 02:15:00+00:00,2718.0,2718.0,2714.0,2717.0,6.2336,2025,1,17
2025-01-17 02:20:00+00:00,2716.0,2716.0,2712.0,2713.0,3.6549,2025,1,17
2025-01-17 02:25:00+00:00,2714.0,2714.0,2712.0,2712.0,0.3004,2025,1,17
2025-01-17 02:30:00+00:00,2714.0,2714.0,2712.0,2714.0,0.0911,2025,1,17
2025-01-17 02:35:00+00:00,2713.0,2713.0,2712.0,2713.0,0.7658,2025,1,17
2025-01-17 02:40:00+00:00,2713.0,2714.0,2712.0,2713.0,4.1012,2025,1,17
2025-01-17 02:45:00+00:00,2714.0,2714.0,2712.0,2713.0,1.9402,2025,1,17
2025-01-17 02:50:00+00:00,2714.0,2715.0,2713.0,2714.0,1.1256,2025,1,17
2025-01-17 02:55:00+00:00,2713.0,2715.0,2713.0,2715.0,0.7525,2025,1,17
2025-01-17 03:00:00+00:00,2715.0,2716.0,2714.0,2716.0,0.4431,2025,1,17
2025-01-17 03:05:00+00:00,2714.0,2715.0,2714.0,2715.0,1.5264,2025,1,17
2025-01-17 03:10:00+00:00,2715.0,2716.0,2715.0,2716.0,0.9988,2025,1,17
2025-01-17 03:15:00+00:00,2715.0,2717.0,2715.0,2717.0,1.5622,2025,1,17
2025-01-17 03:20:00+00:00,2717.0,2717.0,2717.0,2717.0,0.0442,2025,1,17
2025-01-17 03:25:00+00:00,2715.0,2716.0,2715.0,2716.0,0.0277,2025,1,17
2025-01-17 03:30:00+00:00,2715.0,2717.0,2715.0,2715.0,0.4603,2025,1,17
2025-01-17 03:35:00+00:00,2716.0,2716.0,2716.0,2716.0,0.2282,2025,1,17
2025-01-17 03:40:00+00:00,2717.0,2718.0,2717.0,2718.0,4.7715,2025,1,17
2025-01-17 03:45:00+00:00,2717.0,2718.0,2716.0,2717.0,1.178,2025,1,17
2025-01-17 03:50:00+00:00,2718.0,2720.0,2718.0,2718.0,5.7839,2025,1,17
2025-01-17 03:55:00+00:00,2719.0,2719.0,2719.0,2719.0,0.004,2025,1,17
2025-01-17 04:00:00+00:00,2718.0,2719.0,2718.0,2718.0,0.0302,2025,1,17
2025-01-17 04:05:00+00:00,2719.0,2719.0,2718.0,2718.0,0.0212,2025,1,17
2025-01-17 04:10:00+00:00,2718.0,2718.0,2715.0,2716.0,2.9619,2025,1,17
2025-01-17 04:15:00+00:00,2716.0,2717.0,2716.0,2716.0,0.4802,2025,1,17
2025-01-17 04:20:00+00:00,2716.0,2719.0,2716.0,2717.0,1.6,2025,1,17
2025-01-17 04:25:00+00:00,2719.0,2719.0,2717.0,2717.0,0.5119,2025,1,17
2025-01-17 04:30:00+00:00,2717.0,2720.0,2717.0,2718.0,2.6332,2025,1,17
2025-01-17 04:35:00+00:00,2718.0,2719.0,2717.0,2719.0,0.9749,2025,1,17
2025-01-17 04:40:00+00:00,2718.0,2719.0,2718.0,2719.0,0.0114,2025,1,17
2025-01-17 04:45:00+00:00,2718.0,2719.0,2718.0,2719.0,0.0539,2025,1,17
2025-01-17 04:50:00+00:00,2719.0,2719.0,2718.0,2718.0,0.6949,2025,1,17
2025-01-17 04:55:00+00:00,2718.0,2719.0,2718.0,2718.0,0.3238,2025,1,17
2025-01-17 05:00:00+00:00,2719.0,2719.0,2718.0,2719.0,0.6627,2025,1,17
2025-01-17 05:05:00+00:00,2719.0,2719.0,2718.0,2718.0,1.0382,2025,1,17
2025-01-17 05:10:00+00:00,2719.0,2719.0,2719.0,2719.0,0.0959,2025,1,17
2025-01-17 05:15:00+00:00,2719.0,2719.0,2715.0,2716.0,4.5469,2025,1,17
2025-01-17 05:20:00+00:00,2715.0,2716.0,2706.0,2712.0,24.8977,2025,1,17
2025-01-17 05:25:00+00:00,2712.0,2714.0,2706.0,2711.0,12.5267,2025,1,17
2025-01-17 05:30:00+00:00,2711.0,2711.0,2710.0,2711.0,0.0978,2025,1,17
2025-01-17 05:35:00+00:00,2711.0,2711.0,2711.0,2711.0,0.0515,2025,1,17
2025-01-17 05:40:00+00:00,2711.0,2711.0,2710.0,2711.0,0.0161,2025,1,17
2025-01-17 05:45:00+00:00,2711.0,2711.0,2710.0,2710.0,0.1549,2025,1,17
2025-01-17 05:50:00+00:00,2711.0,2711.0,2710.0,2711.0,1.3235,2025,1,17
2025-01-17 05:55:00+00:00,2711.0,2711.0,2711.0,2711.0,1.7856,2025,1,17
2025-01-17 06:00:00+00:00,2710.0,2711.0,2710.0,2711.0,0.0659,2025,1,17
2025-01-17 06:05:00+00:00,2711.0,2711.0,2710.0,2711.0,0.0766,2025,1,17
2025-01-17 06:10:00+00:00,2711.0,2711.0,2711.0,2711.0,1.4356,2025,1,17
2025-01-17 06:15:00+00:00,2711.0,2711.0,2710.0,2711.0,0.2987,2025,1,17
2025-01-17 06:20:00+00:00,2711.0,2711.0,2711.0,2711.0,0.0538,2025,1,17
2025-01-17 06:25:00+00:00,2711.0,2711.0,2711.0,2711.0,0.1016,2025,1,17
2025-01-17 06:30:00+00:00,2710.0,2713.0,2710.0,2713.0,4.3964,2025,1,17
2025-01-17 06:35:00+00:00,2713.0,2713.0,2712.0,2712.0,0.1531,2025,1,17
2025-01-17 06:40:00+00:00,2713.0,2713.0,2713.0,2713.0,0.1216,2025,1,17
2025-01-17 06:45:00+00:00,2713.0,2714.0,2713.0,2714.0,1.1179,2025,1,17
2025-01-17 06:50:00+00:00,2714.0,2714.0,2714.0,2714.0,0.0205,2025,1,17
2025-01-17 06:55:00+00:00,2713.0,2714.0,2713.0,2714.0,0.0216,2025,1,17
2025-01-17 07:00:00+00:00,2714.0,2715.0,2714.0,2715.0,1.4379,2025,1,17
2025-01-17 07:05:00+00:00,2714.0,2715.0,2714.0,2714.0,0.5463,2025,1,17
2025-01-17 07:10:00+00:00,2714.0,2715.0,2714.0,2714.0,2.0609,2025,1,17
2025-01-17 07:15:00+00:00,2714.0,2715.0,2711.0,2712.0,6.2539,2025,1,17
2025-01-17 07:20:00+00:00,2712.0,2712.0,2709.0,2710.0,9.4461,2025,1,17
2025-01-17 07:25:00+00:00,2711.0,2715.0,2711.0,2714.0,4.1588,2025,1,17
2025-01-17 07:30:00+00:00,2713.0,2714.0,2713.0,2714.0,0.0908,2025,1,17
2025-01-17 07:35:00+00:00,2714.0,2714.0,2712.0,2712.0,0.5219,2025,1,17
2025-01-17 07:40:00+00:00,2713.0,2713.0,2712.0,2713.0,1.0294,2025,1,17
2025-01-17 07:45:00+00:00,2712.0,2715.0,2712.0,2715.0,2.0389,2025,1,17
2025-01-17 07:50:00+00:00,2714.0,2714.0,2713.0,2714.0,0.9293,2025,1,17
2025-01-17 07:55:00+00:00,2713.0,2714.0,2713.0,2714.0,0.3327,2025,1,17
2025-01-17 08:00:00+00:00,2714.0,2715.0,2713.0,2714.0,1.1888,2025,1,17
2025-01-17 08:05:00+00:00,2714.0,2715.0,2712.0,2713.0,3.1548,2025,1,17
2025-01-17 08:10:00+00:00,2714.0,2715.0,2714.0,2714.0,0.8786,2025,1,17
2025-01-17 08:15:00+00:00,2715.0,2715.0,2714.0,2714.0,1.0886,2025,1,17
2025-01-17 08:20:00+00:00,2715.0,2715.0,2714.0,2714.0,0.1527,2025,1,17
2025-01-17 08:25:00+00:00,2715.0,2717.0,2713.0,2714.0,23.8094,2025,1,17
2025-01-17 08:30:00+00:00,2713.0,2715.0,2713.0,2715.0,1.5985,2025,1,17
2025-01-17 08:35:00+00:00,2715.0,2716.0,2714.0,2714.0,6.8327,2025,1,17
2025-01-17 08:40:00+00:00,2714.0,2715.0,2714.0,2715.0,1.0826,2025,1,17
2025-01-17 08:45:00+00:00,2715.0,2715.0,2714.0,2714.0,0.2626,2025,1,17
2025-01-17 08:50:00+00:00,2715.0,2715.0,2714.0,2715.0,0.4439,2025,1,17
2025-01-17 08:55:00+00:00,2714.0,2715.0,2714.0,2714.0,6.1777,2025,1,17
2025-01-17 09:00:00+00:00,2713.0,2714.0,2713.0,2713.0,3.0715,2025,1,17
2025-01-17 09:05:00+00:00,2714.0,2715.0,2707.0,2715.0,15.8888,2025,1,17
2025-01-17 09:10:00+00:00,2715.0,2715.0,2714.0,2715.0,0.602,2025,1,17
2025-01-17 09:15:00+00:00,2715.0,2716.0,2714.0,2716.0,4.0011,2025,1,17
2025-01-17 09:20:00+00:00,2716.0,2716.0,2712.0,2714.0,3.892,2025,1,17
2025-01-17 09:25:00+00:00,2713.0,2714.0,2711.0,2711.0,5.4177,2025,1,17
2025-01-17 09:30:00+00:00,2712.0,2712.0,2711.0,2711.0,1.7256,2025,1,17
2025-01-17 09:35:00+00:00,2710.0,2711.0,2710.0,2710.0,1.8459,2025,1,17
2025-01-17 09:40:00+00:00,2710.0,2710.0,2709.0,2709.0,1.8157,2025,1,17
2025-01-17 09:45:00+00:00,2709.0,2709.0,2708.0,2708.0,1.1057,2025,1,17
2025-01-17 09:50:00+00:00,2709.0,2709.0,2707.0,2708.0,5.6969,2025,1,17
2025-01-17 09:55:00+00:00,2708.0,2709.0,2707.0,2709.0,12.6299,2025,1,17
2025-01-17 10:00:00+00:00,2709.0,2709.0,2708.0,2709.0,0.309,2025,1,17
2025-01-17 10:05:00+00:00,2709.0,2709.0,2700.0,2707.0,42.6805,2025,1,17
2025-01-17 10:10:00+00:00,2708.0,2710.0,2707.0,2709.0,16.6729,2025,1,17
2025-01-17 10:15:00+00:00,2710.0,2713.0,2709.0,2710.0,20.8317,2025,1,17
2025-01-17 10:20:00+00:00,2710.0,2712.0,2709.0,2711.0,5.6742,2025,1,17
2025-01-17 10:25:00+00:00,2710.0,2711.0,2709.0,2711.0,1.6739,2025,1,17
2025-01-17 10:30:00+00:00,2711.0,2711.0,2709.0,2711.0,1.505,2025,1,17
2025-01-17 10:35:00+00:00,2711.0,2711.0,2709.0,2710.0,2.1442,2025,1,17
2025-01-17 10:40:00+00:00,2709.0,2710.0,2708.0,2709.0,4.617,2025,1,17
2025-01-17 10:45:00+00:00,2709.0,2710.0,2708.0,2710.0,4.1318,2025,1,17
2025-01-17 10:50:00+00:00,2710.0,2712.0,2709.0,2709.0,6.4859,2025,1,17
2025-01-17 10:55:00+00:00,2711.0,2711.0,2709.0,2711.0,1.9869,2025,1,17
2025-01-17 11:00:00+00:00,2711.0,2711.0,2708.0,2708.0,1.8193,2025,1,17
2025-01-17 11:05:00+00:00,2708.0,2711.0,2707.0,2710.0,3.7209,2025,1,17
2025-01-17 11:10:00+00:00,2709.0,2709.0,2706.0,2707.0,5.498,2025,1,17
2025-01-17 11:15:00+00:00,2708.0,2708.0,2707.0,2708.0,0.3698,2025,1,17
2025-01-17 11:20:00+00:00,2707.0,2707.0,2703.0,2705.0,9.8067,2025,1,17
2025-01-17 11:25:00+00:00,2705.0,2705.0,2702.0,2703.0,16.3687,2025,1,17
2025-01-17 11:30:00+00:00,2703.0,2704.0,2702.0,2704.0,9.3307,2025,1,17
2025-01-17 11:35:00+00:00,2704.0,2704.0,2702.0,2703.0,6.3589,2025,1,17
2025-01-17 11:40:00+00:00,2702.0,2703.0,2701.0,2703.0,8.154,2025,1,17
2025-01-17 11:45:00+00:00,2703.0,2703.0,2701.0,2703.0,2.2689,2025,1,17
2025-01-17 11:50:00+00:00,2701.0,2703.0,2701.0,2701.0,4.8634,2025,1,17
2025-01-17 11:55:00+00:00,2703.0,2704.0,2702.0,2704.0,3.0706,2025,1,17
2025-01-17 12:00:00+00:00,2704.0,2707.0,2703.0,2706.0,2.6726,2025,1,17
2025-01-17 12:05:00+00:00,2705.0,2709.0,2705.0,2709.0,2.6204,2025,1,17
2025-01-17 12:10:00+00:00,2709.0,2710.0,2707.0,2708.0,1.9377,2025,1,17
2025-01-17 12:15:00+00:00,2708.0,2710.0,2707.0,2709.0,0.839,2025,1,17
2025-01-17 12:20:00+00:00,2709.0,2709.0,2707.0,2709.0,0.2271,2025,1,17
2025-01-17 12:25:00+00:00,2709.0,2709.0,2706.0,2707.0,1.8139,2025,1,17
2025-01-17 12:30:00+00:00,2707.0,2707.0,2706.0,2707.0,0.9535,2025,1,17
2025-01-17 12:35:00+00:00,2706.0,2708.0,2706.0,2707.0,1.0933,2025,1,17
2025-01-17 12:40:00+00:00,2708.0,2710.0,2708.0,2708.0,2.9525,2025,1,17
2025-01-17 12:45:00+00:00,2709.0,2710.0,2708.0,2708.0,1.8874,2025,1,17
2025-01-17 12:50:00+00:00,2708.0,2709.0,2707.0,2707.0,0.9176,2025,1,17
2025-01-17 12:55:00+00:00,2707.0,2708.0,2707.0,2708.0,0.4661,2025,1,17
2025-01-17 13:00:00+00:00,2708.0,2708.0,2706.0,2708.0,0.7631,2025,1,17
2025-01-17 13:05:00+00:00,2708.0,2710.0,2706.0,2708.0,5.7423,2025,1,17
2025-01-17 13:10:00+00:00,2710.0,2710.0,2708.0,2708.0,0.283,2025,1,17
2025-01-17 13:15:00+00:00,2708.0,2709.0,2705.0,2705.0,2.822,2025,1,17
2025-01-17 13:20:00+00:00,2707.0,2707.0,2705.0,2707.0,1.2452,2025,1,17
2025-01-17 13:25:00+00:00,2708.0,2708.0,2706.0,2706.0,0.5194,2025,1,17
2025-01-17 13:30:00+00:00,2706.0,2707.0,2705.0,2705.0,1.0719,2025,1,17
2025-01-17 13:35:00+00:00,2705.0,2707.0,2704.0,2704.0,0.4123,2025,1,17
2025-01-17 13:40:00+00:00,2704.0,2705.0,2704.0,2704.0,0.7583,2025,1,17
2025-01-17 13:45:00+00:00,2704.0,2705.0,2704.0,2704.0,0.1416,2025,1,17
2025-01-17 13:50:00+00:00,2705.0,2705.0,2703.0,2703.0,0.2047,2025,1,17
2025-01-17 13:55:00+00:00,2704.0,2707.0,2703.0,2705.0,8.4776,2025,1,17
2025-01-17 14:00:00+00:00,2704.0,2706.0,2700.0,2703.0,13.5635,2025,1,17
2025-01-17 14:05:00+00:00,2703.0,2706.0,2702.0,2706.0,4.1643,2025,1,17
2025-01-17 14:10:00+00:00,2706.0,2706.0,2705.0,2705.0,0.7198,2025,1,17
2025-01-17 14:15:00+00:00,2706.0,2706.0,2703.0,2705.0,4.0079,2025,1,17
2025-01-17 14:20:00+00:00,2704.0,2705.0,2704.0,2704.0,0.1516,2025,1,17
2025-01-17 14:25:00+00:00,2704.0,2705.0,2700.0,2702.0,18.5092,2025,1,17
2025-01-17 14:30:00+00:00,2704.0,2704.0,2703.0,2703.0,0.5255,2025,1,17
2025-01-17 14:35:00+00:00,2704.0,2705.0,2703.0,2705.0,1.4087,2025,1,17
2025-01-17 14:40:00+00:00,2704.0,2705.0,2704.0,2704.0,4.8488,2025,1,17
2025-01-17 14:45:00+00:00,2704.0,2708.0,2704.0,2708.0,7.7668,2025,1,17
2025-01-17 14:50:00+00:00,2708.0,2708.0,2706.0,2707.0,2.0037,2025,1,17
2025-01-17 14:55:00+00:00,2706.0,2707.0,2706.0,2707.0,1.5247,2025,1,17
2025-01-17 15:00:00+00:00,2708.0,2709.0,2708.0,2709.0,4.5444,2025,1,17
2025-01-17 15:05:00+00:00,2709.0,2711.0,2708.0,2710.0,20.8351,2025,1,17
2025-01-17 15:10:00+00:00,2710.0,2713.0,2709.0,2712.0,12.1015,2025,1,17
2025-01-17 15:15:00+00:00,2711.0,2712.0,2709.0,2712.0,2.2802,2025,1,17
2025-01-17 15:20:00+00:00,2710.0,2712.0,2706.0,2708.0,4.0552,2025,1,17
2025-01-17 15:25:00+00:00,2707.0,2708.0,2705.0,2706.0,6.2044,2025,1,17
2025-01-17 15:30:00+00:00,2706.0,2706.0,2705.0,2706.0,1.5947,2025,1,17
2025-01-17 15:35:00+00:00,2705.0,2709.0,2705.0,2708.0,3.3872,2025,1,17
2025-01-17 15:40:00+00:00,2709.0,2710.0,2708.0,2709.0,2.6048,2025,1,17
2025-01-17 15:45:00+00:00,2711.0,2714.0,2711.0,2711.0,9.6993,2025,1,17
2025-01-17 15:50:00+00:00,2710.0,2714.0,2710.0,2714.0,2.9587,2025,1,17
2025-01-17 15:55:00+00:00,2714.0,2714.0,2713.0,2713.0,4.7181,2025,1,17
2025-01-17 16:00:00+00:00,2713.0,2714.0,2713.0,2713.0,0.1481,2025,1,17
2025-01-17 16:05:00+00:00,2714.0,2714.0,2711.0,2713.0,3.636,2025,1,17
2025-01-17 16:10:00+00:00,2713.0,2713.0,2712.0,2712.0,4.2126,2025,1,17
2025-01-17 16:15:00+00:00,2712.0,2713.0,2711.0,2712.0,20.0582,2025,1,17
2025-01-17 16:20:00+00:00,2712.0,2713.0,2711.0,2711.0,18.3569,2025,1,17
2025-01-17 16:25:00+00:00,2713.0,2713.0,2711.0,2712.0,2.0451,2025,1,17
2025-01-17 16:30:00+00:00,2713.0,2713.0,2711.0,2711.0,0.1211,2025,1,17
2025-01-17 16:35:00+00:00,2711.0,2716.0,2709.0,2713.0,8.2152,2025,1,17
2025-01-17 16:40:00+00:00,2712.0,2713.0,2711.0,2712.0,2.8846,2025,1,17
2025-01-17 16:45:00+00:00,2712.0,2712.0,2711.0,2711.0,0.3013,2025,1,17
2025-01-17 16:50:00+00:00,2711.0,2712.0,2711.0,2712.0,3.3893,2025,1,17
2025-01-17 16:55:00+00:00,2711.0,2712.0,2709.0,2711.0,1.9412,2025,1,17
2025-01-17 17:00:00+00:00,2712.0,2712.0,2709.0,2709.0,1.2128,2025,1,17
2025-01-17 17:05:00+00:00,2710.0,2710.0,2707.0,2707.0,3.7295,2025,1,17
2025-01-17 17:10:00+00:00,2707.0,2709.0,2707.0,2707.0,1.0601,2025,1,17
2025-01-17 17:15:00+00:00,2708.0,2710.0,2707.0,2708.0,4.8842,2025,1,17
2025-01-17 17:20:00+00:00,2707.0,2708.0,2706.0,2706.0,1.6677,2025,1,17
2025-01-17 17:25:00+00:00,2708.0,2709.0,2705.0,2707.0,16.2636,2025,1,17
2025-01-17 17:30:00+00:00,2706.0,2708.0,2706.0,2707.0,3.5044,2025,1,17
2025-01-17 17:35:00+00:00,2708.0,2709.0,2707.0,2707.0,5.4202,2025,1,17
2025-01-17 17:40:00+00:00,2707.0,2708.0,2707.0,2707.0,1.5894,2025,1,17
2025-01-17 17:45:00+00:00,2707.0,2708.0,2707.0,2708.0,1.115,2025,1,17
2025-01-17 17:50:00+00:00,2708.0,2708.0,2707.0,2707.0,0.9524,2025,1,17
2025-01-17 17:55:00+00:00,2707.0,2708.0,2707.0,2707.0,1.0931,2025,1,17
2025-01-17 18:00:00+00:00,2707.0,2708.0,2707.0,2707.0,1.6723,2025,1,17
2025-01-17 18:05:00+00:00,2707.0,2708.0,2707.0,2708.0,0.0966,2025,1,17
2025-01-17 18:10:00+00:00,2707.0,2707.0,2705.0,2706.0,6.4096,2025,1,17
2025-01-17 18:15:00+00:00,2706.0,2708.0,2706.0,2708.0,2.02,2025,1,17
2025-01-17 18:20:00+00:00,2707.0,2709.0,2707.0,2709.0,7.1447,2025,1,17
2025-01-17 18:25:00+00:00,2709.0,2709.0,2708.0,2708.0,4.2461,2025,1,17
2025-01-17 18:30:00+00:00,2709.0,2710.0,2709.0,2710.0,2.1879,2025,1,17
2025-01-17 18:35:00+00:00,2710.0,2710.0,2709.0,2709.0,0.1355,2025,1,17
2025-01-17 18:40:00+00:00,2710.0,2711.0,2709.0,2711.0,0.8057,2025,1,17
2025-01-17 18:45:00+00:00,2711.0,2711.0,2709.0,2709.0,0.2593,2025,1,17
2025-01-17 18:50:00+00:00,2710.0,2710.0,2709.0,2709.0,1.2053,2025,1,17
2025-01-17 18:55:00+00:00,2708.0,2708.0,2706.0,2708.0,1.4496,2025,1,17
2025-01-17 19:00:00+00:00,2708.0,2708.0,2706.0,2707.0,0.6483,2025,1,17
2025-01-17 19:05:00+00:00,2706.0,2709.0,2706.0,2707.0,0.7681,2025,1,17
2025-01-17 19:10:00+00:00,2709.0,2709.0,2707.0,2708.0,0.8996,2025,1,17
2025-01-17 19:15:00+00:00,2708.0,2708.0,2707.0,2707.0,1.1605,2025,1,17
2025-01-17 19:20:00+00:00,2708.0,2708.0,2707.0,2707.0,0.3119,2025,1,17
2025-01-17 19:25:00+00:00,2708.0,2708.0,2707.0,2707.0,1.2037,2025,1,17
2025-01-17 19:30:00+00:00,2708.0,2708.0,2707.0,2707.0,0.4903,2025,1,17
2025-01-17 19:35:00+00:00,2708.0,2708.0,2707.0,2707.0,4.0366,2025,1,17
2025-01-17 19:40:00+00:00,2707.0,2708.0,2707.0,2708.0,0.8409,2025,1,17
2025-01-17 19:45:00+00:00,2708.0,2708.0,2707.0,2707.0,1.0917,2025,1,17
2025-01-17 19:50:00+00:00,2707.0,2708.0,2707.0,2707.0,6.2173,2025,1,17
2025-01-17 19:55:00+00:00,2707.0,2707.0,2706.0,2707.0,0.6632,2025,1,17
2025-01-17 20:00:00+00:00,2707.0,2708.0,2704.0,2704.0,7.7438,2025,1,17
2025-01-17 20:05:00+00:00,2704.0,2705.0,2704.0,2705.0,2.2472,2025,1,17
2025-01-17 20:10:00+00:00,2705.0,2707.0,2704.0,2707.0,5.8222,2025,1,17
2025-01-17 20:15:00+00:00,2707.0,2708.0,2705.0,2707.0,7.1256,2025,1,17
2025-01-17 20:20:00+00:00,2707.0,2708.0,2707.0,2708.0,9.6676,2025,1,17
2025-01-17 20:25:00+00:00,2708.0,2709.0,2706.0,2708.0,7.7321,2025,1,17
2025-01-17 20:30:00+00:00,2707.0,2709.0,2707.0,2708.0,16.5414,2025,1,17
2025-01-17 20:35:00+00:00,2708.0,2709.0,2707.0,2708.0,7.3183,2025,1,17
2025-01-17 20:40:00+00:00,2708.0,2711.0,2708.0,2709.0,6.5441,2025,1,17
2025-01-17 20:45:00+00:00,2709.0,2711.0,2706.0,2706.0,9.2562,2025,1,17
2025-01-17 20:50:00+00:00,2708.0,2709.0,2708.0,2708.0,8.7486,2025,1,17
2025-01-17 20:55:00+00:00,2708.0,2708.0,2703.0,2703.0,7.948,2025,1,17
2025-01-17 21:00:00+00:00,2705.0,2705.0,2703.0,2705.0,0.9087,2025,1,17
2025-01-17 21:05:00+00:00,2704.0,2704.0,2703.0,2703.0,0.2607,2025,1,17
2025-01-17 21:10:00+00:00,2702.0,2703.0,2702.0,2702.0,2.5371,2025,1,17
2025-01-17 21:15:00+00:00,2702.0,2703.0,2701.0,2701.0,6.2294,2025,1,17
2025-01-17 21:20:00+00:00,2701.0,2703.0,2701.0,2702.0,0.2758,2025,1,17
2025-01-17 21:25:00+00:00,2703.0,2703.0,2702.0,2702.0,0.3144,2025,1,17
2025-01-17 21:30:00+00:00,2702.0,2706.0,2702.0,2705.0,6.9693,2025,1,17
2025-01-17 21:35:00+00:00,2705.0,2709.0,2705.0,2708.0,10.4999,2025,1,17
2025-01-17 21:40:00+00:00,2707.0,2708.0,2707.0,2707.0,3.5104,2025,1,17
2025-01-17 21:45:00+00:00,2707.0,2708.0,2707.0,2707.0,3.2717,2025,1,17
2025-01-17 21:50:00+00:00,2707.0,2708.0,2707.0,2708.0,0.1342,2025,1,17
2025-01-17 21:55:00+00:00,2708.0,2708.0,2707.0,2708.0,0.9533,2025,1,17
2025-01-17 22:00:00+00:00,2708.0,2709.0,2706.0,2709.0,2.6381,2025,1,17
2025-01-17 22:05:00+00:00,2708.0,2709.0,2708.0,2708.0,0.3604,2025,1,17
2025-01-17 22:10:00+00:00,2708.0,2709.0,2708.0,2708.0,2.6218,2025,1,17
2025-01-17 22:15:00+00:00,2708.0,2709.0,2708.0,2708.0,0.7031,2025,1,17
2025-01-17 22:20:00+00:00,2709.0,2710.0,2708.0,2708.0,6.9967,2025,1,17
2025-01-17 22:25:00+00:00,2709.0,2710.0,2709.0,2710.0,2.7472,2025,1,17
2025-01-17 22:30:00+00:00,2709.0,2710.0,2709.0,2709.0,0.2437,2025,1,17
2025-01-17 22:35:00+00:00,2710.0,2710.0,2709.0,2709.0,1.3121,2025,1,17
2025-01-17 22:40:00+00:00,2709.0,2710.0,2708.0,2709.0,1.6017,2025,1,17
2025-01-17 22:45:00+00:00,2708.0,2709.0,2704.0,2704.0,0.9559,2025,1,17
2025-01-17 22:50:00+00:00,2706.0,2706.0,2702.0,2703.0,1.9134,2025,1,17
2025-01-17 22:55:00+00:00,2702.0,2703.0,2700.0,2700.0,8.3032,2025,1,17
2025-01-17 23:00:00+00:00,2702.0,2703.0,2699.0,2700.0,17.8208,2025,1,17
2025-01-17 23:05:00+00:00,2699.0,2701.0,2699.0,2699.0,0.9643,2025,1,17
2025-01-17 23:10:00+00:00,2699.0,2701.0,2699.0,2700.0,0.182,2025,1,17
2025-01-17 23:15:00+00:00,2700.0,2701.0,2700.0,2700.0,0.1774,2025,1,17
2025-01-17 23:20:00+00:00,2701.0,2701.0,2699.0,2701.0,1.7194,2025,1,17
2025-01-17 23:25:00+00:00,2701.0,2701.0,2699.0,2699.0,2.4554,2025,1,17
2025-01-17 23:30:00+00:00,2699.0,2701.0,2699.0,2701.0,1.3184,2025,1,17
2025-01-17 23:35:00+00:00,2700.0,2701.0,2700.0,2701.0,0.4778,2025,1,17
2025-01-17 23:40:00+00:00,2700.0,2701.0,2700.0,2701.0,0.334,2025,1,17
2025-01-17 23:45:00+00:00,2700.0,2701.0,2700.0,2701.0,3.0353,2025,1,17
2025-01-17 23:50:00+00:00,2700.0,2702.0,2700.0,2700.0,2.4649,2025,1,17
2025-01-17 23:55:00+00:00,2701.0,2702.0,2700.0,2701.0,1.837,2025,1,17
2025-01-18 00:00:00+00:00,2702.0,2704.0,2700.0,2702.0,1.0623,2025,1,18
2025-01-18 00:05:00+00:00,2704.0,2707.0,2702.0,2707.0,1.0926,2025,1,18
2025-01-18 00:10:00+00:00,2707.0,2707.0,2705.0,2705.0,0.3472,2025,1,18
2025-01-18 00:15:00+00:00,2704.0,2705.0,2704.0,2705.0,0.0561,2025,1,18
2025-01-18 00:20:00+00:00,2704.0,2705.0,2704.0,2704.0,0.3459,2025,1,18
2025-01-18 00:25:00+00:00,2706.0,2707.0,2704.0,2707.0,1.5944,2025,1,18
2025-01-18 00:30:00+00:00,2705.0,2707.0,2705.0,2705.0,0.0695,2025,1,18
2025-01-18 00:35:00+00:00,2705.0,2707.0,2705.0,2706.0,0.463,2025,1,18
2025-01-18 00:40:00+00:00,2707.0,2708.0,2706.0,2708.0,1.1034,2025,1,18
2025-01-18 00:45:00+00:00,2706.0,2708.0,2706.0,2706.0,0.2119,2025,1,18
2025-01-18 00:50:00+00:00,2708.0,2708.0,2706.0,2708.0,0.4353,2025,1,18
2025-01-18 00:55:00+00:00,2706.0,2708.0,2706.0,2707.0,1.4123,2025,1,18
2025-01-18 01:00:00+00:00,2707.0,2707.0,2706.0,2706.0,0.0663,2025,1,18
2025-01-18 01:05:00+00:00,2707.0,2707.0,2706.0,2706.0,0.4655,2025,1,18
2025-01-18 01:10:00+00:00,2707.0,2707.0,2706.0,2706.0,0.5159,2025,1,18
2025-01-18 01:15:00+00:00,2706.0,2706.0,2706.0,2706.0,0.1101,2025,1,18
2025-01-18 01:20:00+00:00,2706.0,2706.0,2705.0,2706.0,0.5415,2025,1,18
2025-01-18 01:25:00+00:00,2705.0,2706.0,2705.0,2706.0,0.2739,2025,1,18
2025-01-18 01:30:00+00:00,2705.0,2705.0,2705.0,2705.0,1.157,2025,1,18
2025-01-18 01:35:00+00:00,2705.0,2705.0,2704.0,2705.0,0.3936,2025,1,18
2025-01-18 01:40:00+00:00,2705.0,2705.0,2704.0,2704.0,0.7694,2025,1,18
2025-01-18 01:45:00+00:00,2705.0,2705.0,2699.0,2702.0,9.5608,2025,1,18
2025-01-18 01:50:00+00:00,2702.0,2702.0,2700.0,2701.0,5.6372,2025,1,18
2025-01-18 01:55:00+00:00,2701.0,2702.0,2701.0,2701.0,0.0101,2025,1,18
2025-01-18 02:00:00+00:00,2702.0,2702.0,2701.0,2701.0,2.1515,2025,1,18
2025-01-18 02:05:00+00:00,2701.0,2702.0,2701.0,2702.0,0.1133,2025,1,18
2025-01-18 02:10:00+00:00,2701.0,2702.0,2701.0,2701.0,0.4432,2025,1,18
2025-01-18 02:15:00+00:00,2700.0,2701.0,2700.0,2701.0,0.1104,2025,1,18
2025-01-18 02:20:00+00:00,2701.0,2701.0,2700.0,2701.0,0.0988,2025,1,18
2025-01-18 02:25:00+00:00,2701.0,2701.0,2701.0,2701.0,0.7935,2025,1,18
2025-01-18 02:30:00+00:00,2701.0,2703.0,2701.0,2703.0,1.2753,2025,1,18
2025-01-18 02:35:00+00:00,2703.0,2704.0,2702.0,2704.0,1.0996,2025,1,18
2025-01-18 02:40:00+00:00,2704.0,2704.0,2703.0,2704.0,0.079,2025,1,18
2025-01-18 02:45:00+00:00,2704.0,2704.0,2703.0,2704.0,0.066,2025,1,18
2025-01-18 02:50:00+00:00,2704.0,2705.0,2704.0,2705.0,0.9938,2025,1,18
2025-01-18 02:55:00+00:00,2704.0,2705.0,2704.0,2705.0,0.1186,2025,1,18
2025-01-18 03:00:00+00:00,2705.0,2706.0,2704.0,2706.0,3.2656,2025,1,18
2025-01-18 03:05:00+00:00,2706.0,2707.0,2705.0,2706.0,0.0528,2025,1,18
2025-01-18 03:10:00+00:00,2707.0,2707.0,2706.0,2707.0,0.0487,2025,1,18
2025-01-18 03:15:00+00:00,2706.0,2707.0,2704.0,2705.0,1.8937,2025,1,18
2025-01-18 03:20:00+00:00,2705.0,2705.0,2702.0,2702.0,1.9827,2025,1,18
2025-01-18 03:25:00+00:00,2703.0,2703.0,2702.0,2702.0,3.2033,2025,1,18
2025-01-18 03:30:00+00:00,2701.0,2702.0,2701.0,2701.0,0.1279,2025,1,18
2025-01-18 03:35:00+00:00,2701.0,2702.0,2699.0,2700.0,2.4291,2025,1,18
2025-01-18 03:40:00+00:00,2701.0,2702.0,2696.0,2697.0,13.8938,2025,1,18
2025-01-18 03:45:00+00:00,2697.0,2699.0,2697.0,2698.0,1.0115,2025,1,18
2025-01-18 03:50:00+00:00,2698.0,2699.0,2695.0,2696.0,3.0282,2025,1,18
2025-01-18 03:55:00+00:00,2696.0,2699.0,2696.0,2698.0,2.2541,2025,1,18
2025-01-18 04:00:00+00:00,2698.0,2699.0,2698.0,2698.0,0.6639,2025,1,18
2025-01-18 04:05:00+00:00,2698.0,2698.0,2697.0,2697.0,0.8764,2025,1,18
2025-01-18 04:10:00+00:00,2697.0,2698.0,2697.0,2697.0,0.0213,2025,1,18
2025-01-18 04:15:00+00:00,2697.0,2698.0,2697.0,2698.0,0.2534,2025,1,18
2025-01-18 04:20:00+00:00,2697.0,2697.0,2695.0,2696.0,2.9577,2025,1,18
2025-01-18 04:25:00+00:00,2695.0,2703.0,2695.0,2700.0,23.1402,2025,1,18
2025-01-18 04:30:00+00:00,2701.0,2702.0,2699.0,2700.0,1.5459,2025,1,18
2025-01-18 04:35:00+00:00,2700.0,2701.0,2700.0,2701.0,0.1076,2025,1,18
2025-01-18 04:40:00+00:00,2700.0,2701.0,2700.0,2700.0,0.6118,2025,1,18
2025-01-18 04:45:00+00:00,2701.0,2706.0,2699.0,2702.0,15.4805,2025,1,18
2025-01-18 04:50:00+00:00,2701.0,2701.0,2701.0,2701.0,0.7023,2025,1,18
2025-01-18 04:55:00+00:00,2702.0,2704.0,2701.0,2703.0,3.7597,2025,1,18
2025-01-18 05:00:00+00:00,2703.0,2703.0,2701.0,2701.0,2.8875,2025,1,18
2025-01-18 05:05:00+00:00,2702.0,2702.0,2701.0,2701.0,0.1018,2025,1,18
2025-01-18 05:10:00+00:00,2701.0,2701.0,2694.0,2695.0,11.3338,2025,1,18
2025-01-18 05:15:00+00:00,2695.0,2697.0,2694.0,2695.0,15.8869,2025,1,18
2025-01-18 05:20:00+00:00,2697.0,2697.0,2694.0,2694.0,0.2902,2025,1,18
2025-01-18 05:25:00+00:00,2695.0,2697.0,2694.0,2694.0,0.9594,2025,1,18
2025-01-18 05:30:00+00:00,2696.0,2697.0,2693.0,2695.0,6.1103,2025,1,18
2025-01-18 05:35:00+00:00,2696.0,2696.0,2695.0,2695.0,0.3395,2025,1,18
2025-01-18 05:40:00+00:00,2695.0,2695.0,2693.0,2694.0,7.0571,2025,1,18
2025-01-18 05:45:00+00:00,2694.0,2696.0,2692.0,2695.0,0.9587,2025,1,18
2025-01-18 05:50:00+00:00,2694.0,2695.0,2692.0,2692.0,0.9636,2025,1,18
2025-01-18 05:55:00+00:00,2692.0,2694.0,2692.0,2694.0,4.431,2025,1,18
2025-01-18 06:00:00+00:00,2694.0,2695.0,2694.0,2694.0,1.1825,2025,1,18
2025-01-18 06:05:00+00:00,2695.0,2695.0,2690.0,2692.0,19.1198,2025,1,18
2025-01-18 06:10:00+00:00,2693.0,2694.0,2692.0,2693.0,0.2133,2025,1,18
2025-01-18 06:15:00+00:00,2694.0,2695.0,2693.0,2695.0,0.8859,2025,1,18
2025-01-18 06:20:00+00:00,2695.0,2696.0,2694.0,2696.0,0.5169,2025,1,18
2025-01-18 06:25:00+00:00,2696.0,2696.0,2693.0,2694.0,1.8265,2025,1,18
2025-01-18 06:30:00+00:00,2694.0,2695.0,2694.0,2695.0,0.399,2025,1,18
2025-01-18 06:35:00+00:00,2695.0,2698.0,2694.0,2698.0,0.9243,2025,1,18
2025-01-18 06:40:00+00:00,2698.0,2701.0,2698.0,2700.0,2.0384,2025,1,18
2025-01-18 06:45:00+00:00,2701.0,2701.0,2700.0,2701.0,2.7345,2025,1,18
2025-01-18 06:50:00+00:00,2701.0,2701.0,2701.0,2701.0,0.5114,2025,1,18
2025-01-18 06:55:00+00:00,2700.0,2700.0,2699.0,2700.0,1.1514,2025,1,18
2025-01-18 07:00:00+00:00,2700.0,2700.0,2699.0,2700.0,0.2833,2025,1,18
2025-01-18 07:05:00+00:00,2699.0,2700.0,2695.0,2695.0,1.6936,2025,1,18
2025-01-18 07:10:00+00:00,2696.0,2696.0,2694.0,2694.0,0.5436,2025,1,18
2025-01-18 07:15:00+00:00,2694.0,2694.0,2691.0,2692.0,6.8988,2025,1,18
2025-01-18 07:20:00+00:00,2692.0,2693.0,2692.0,2693.0,0.3842,2025,1,18
2025-01-18 07:25:00+00:00,2693.0,2693.0,2692.0,2692.0,0.6373,2025,1,18
2025-01-18 07:30:00+00:00,2692.0,2694.0,2690.0,2692.0,1.5776,2025,1,18
2025-01-18 07:35:00+00:00,2691.0,2695.0,2691.0,2695.0,4.7043,2025,1,18
2025-01-18 07:40:00+00:00,2695.0,2696.0,2694.0,2694.0,0.8036,2025,1,18
2025-01-18 07:45:00+00:00,2694.0,2695.0,2693.0,2693.0,1.1397,2025,1,18
2025-01-18 07:50:00+00:00,2693.0,2694.0,2692.0,2692.0,2.5134,2025,1,18
2025-01-18 07:55:00+00:00,2692.0,2693.0,2690.0,2692.0,2.2674,2025,1,18
2025-01-18 08:00:00+00:00,2690.0,2692.0,2690.0,2691.0,3.5425,2025,1,18
2025-01-18 08:05:00+00:00,2691.0,2692.0,2690.0,2690.0,8.663,2025,1,18
2025-01-18 08:10:00+00:00,2690.0,2691.0,2690.0,2690.0,4.3408,2025,1,18
2025-01-18 08:15:00+00:00,2690.0,2691.0,2685.0,2687.0,16.9179,2025,1,18
2025-01-18 08:20:00+00:00,2687.0,2689.0,2684.0,2687.0,8.3934,2025,1,18
2025-01-18 08:25:00+00:00,2686.0,2689.0,2686.0,2689.0,6.0017,2025,1,18
2025-01-18 08:30:00+00:00,2689.0,2692.0,2688.0,2691.0,2.5025,2025,1,18
2025-01-18 08:35:00+00:00,2692.0,2692.0,2690.0,2692.0,1.2773,2025,1,18
2025-01-18 08:40:00+00:00,2692.0,2694.0,2691.0,2692.0,2.0271,2025,1,18
2025-01-18 08:45:00+00:00,2691.0,2694.0,2690.0,2692.0,7.1157,2025,1,18
2025-01-18 08:50:00+00:00,2692.0,2697.0,2692.0,2693.0,15.7904,2025,1,18
2025-01-18 08:55:00+00:00,2693.0,2695.0,2689.0,2690.0,6.3589,2025,1,18
2025-01-18 09:00:00+00:00,2692.0,2695.0,2689.0,2692.0,7.7058,2025,1,18
2025-01-18 09:05:00+00:00,2692.0,2694.0,2692.0,2692.0,0.986,2025,1,18
2025-01-18 09:10:00+00:00,2692.0,2693.0,2691.0,2691.0,1.8624,2025,1,18
2025-01-18 09:15:00+00:00,2691.0,2693.0,2691.0,2691.0,0.8542,2025,1,18
2025-01-18 09:20:00+00:00,2691.0,2693.0,2690.0,2691.0,2.5041,2025,1,18
2025-01-18 09:25:00+00:00,2691.0,2693.0,2691.0,2692.0,0.3942,2025,1,18
2025-01-18 09:30:00+00:00,2693.0,2693.0,2692.0,2692.0,0.4001,2025,1,18
2025-01-18 09:35:00+00:00,2692.0,2693.0,2688.0,2689.0,6.2275,2025,1,18
2025-01-18 09:40:00+00:00,2691.0,2692.0,2689.0,2690.0,0.7686,2025,1,18
2025-01-18 09:45:00+00:00,2690.0,2693.0,2690.0,2691.0,4.4452,2025,1,18
2025-01-18 09:50:00+00:00,2691.0,2693.0,2691.0,2693.0,0.4989,2025,1,18
2025-01-18 09:55:00+00:00,2693.0,2694.0,2692.0,2694.0,0.2156,2025,1,18
2025-01-18 10:00:00+00:00,2694.0,2698.0,2693.0,2698.0,10.6643,2025,1,18
2025-01-18 10:05:00+00:00,2698.0,2698.0,2695.0,2698.0,1.3133,2025,1,18
2025-01-18 10:10:00+00:00,2698.0,2698.0,2692.0,2693.0,7.7858,2025,1,18
2025-01-18 10:15:00+00:00,2694.0,2695.0,2693.0,2695.0,0.8905,2025,1,18
2025-01-18 10:20:00+00:00,2694.0,2695.0,2689.0,2692.0,7.3457,2025,1,18
2025-01-18 10:25:00+00:00,2693.0,2699.0,2692.0,2699.0,27.5132,2025,1,18
2025-01-18 10:30:00+00:00,2698.0,2698.0,2696.0,2697.0,0.3057,2025,1,18
2025-01-18 10:35:00+00:00,2697.0,2698.0,2696.0,2697.0,0.5881,2025,1,18
2025-01-18 10:40:00+00:00,2696.0,2696.0,2692.0,2693.0,8.7621,2025,1,18
2025-01-18 10:45:00+00:00,2692.0,2700.0,2691.0,2700.0,10.7997,2025,1,18
2025-01-18 10:50:00+00:00,2699.0,2699.0,2696.0,2697.0,2.9971,2025,1,18
2025-01-18 10:55:00+00:00,2697.0,2698.0,2696.0,2698.0,1.0349,2025,1,18
2025-01-18 11:00:00+00:00,2698.0,2699.0,2696.0,2696.0,3.8981,2025,1,18
2025-01-18 11:05:00+00:00,2697.0,2698.0,2696.0,2697.0,1.5594,2025,1,18
2025-01-18 11:10:00+00:00,2697.0,2698.0,2695.0,2697.0,1.257,2025,1,18
2025-01-18 11:15:00+00:00,2697.0,2699.0,2696.0,2699.0,1.4879,2025,1,18
2025-01-18 11:20:00+00:00,2698.0,2700.0,2697.0,2698.0,2.8954,2025,1,18
2025-01-18 11:25:00+00:00,2697.0,2697.0,2696.0,2697.0,1.2049,2025,1,18
2025-01-18 11:30:00+00:00,2696.0,2697.0,2695.0,2697.0,0.7981,2025,1,18
2025-01-18 11:35:00+00:00,2697.0,2700.0,2695.0,2697.0,5.4639,2025,1,18
2025-01-18 11:40:00+00:00,2697.0,2698.0,2695.0,2698.0,2.2465,2025,1,18
2025-01-18 11:45:00+00:00,2698.0,2700.0,2698.0,2700.0,1.404,2025,1,18
2025-01-18 11:50:00+00:00,2699.0,2700.0,2699.0,2699.0,1.8656,2025,1,18
2025-01-18 11:55:00+00:00,2699.0,2700.0,2697.0,2699.0,2.1976,2025,1,18
2025-01-18 12:00:00+00:00,2698.0,2699.0,2698.0,2699.0,0.2234,2025,1,18
2025-01-18 12:05:00+00:00,2699.0,2700.0,2698.0,2700.0,0.7051,2025,1,18
2025-01-18 12:10:00+00:00,2700.0,2700.0,2698.0,2699.0,1.952,2025,1,18
2025-01-18 12:15:00+00:00,2698.0,2700.0,2698.0,2699.0,0.4331,2025,1,18
2025-01-18 12:20:00+00:00,2699.0,2700.0,2698.0,2700.0,1.9136,2025,1,18
2025-01-18 12:25:00+00:00,2698.0,2700.0,2698.0,2699.0,1.4233,2025,1,18
2025-01-18 12:30:00+00:00,2699.0,2700.0,2699.0,2699.0,0.8118,2025,1,18
2025-01-18 12:35:00+00:00,2699.0,2700.0,2698.0,2699.0,2.5297,2025,1,18
2025-01-18 12:40:00+00:00,2698.0,2700.0,2698.0,2699.0,0.5199,2025,1,18
2025-01-18 12:45:00+00:00,2699.0,2700.0,2699.0,2700.0,0.3212,2025,1,18
2025-01-18 12:50:00+00:00,2699.0,2700.0,2699.0,2699.0,2.2322,2025,1,18
2025-01-18 12:55:00+00:00,2699.0,2700.0,2699.0,2700.0,0.5224,2025,1,18
2025-01-18 13:00:00+00:00,2700.0,2700.0,2694.0,2694.0,14.6505,2025,1,18
2025-01-18 13:05:00+00:00,2696.0,2697.0,2694.0,2694.0,7.098,2025,1,18
2025-01-18 13:10:00+00:00,2694.0,2696.0,2694.0,2696.0,0.3698,2025,1,18
2025-01-18 13:15:00+00:00,2695.0,2697.0,2694.0,2696.0,2.3158,2025,1,18
2025-01-18 13:20:00+00:00,2696.0,2700.0,2696.0,2700.0,0.5335,2025,1,18
2025-01-18 13:25:00+00:00,2699.0,2701.0,2698.0,2698.0,2.2054,2025,1,18
2025-01-18 13:30:00+00:00,2700.0,2701.0,2699.0,2700.0,1.9478,2025,1,18
2025-01-18 13:35:00+00:00,2701.0,2701.0,2699.0,2699.0,0.7461,2025,1,18
2025-01-18 13:40:00+00:00,2699.0,2701.0,2699.0,2699.0,0.9265,2025,1,18
2025-01-18 13:45:00+00:00,2701.0,2701.0,2700.0,2701.0,0.2408,2025,1,18
2025-01-18 13:50:00+00:00,2700.0,2701.0,2699.0,2700.0,0.3023,2025,1,18
2025-01-18 13:55:00+00:00,2700.0,2700.0,2699.0,2700.0,0.4968,2025,1,18
2025-01-18 14:00:00+00:00,2700.0,2700.0,2699.0,2700.0,0.3126,2025,1,18
2025-01-18 14:05:00+00:00,2700.0,2700.0,2699.0,2699.0,0.4197,2025,1,18
2025-01-18 14:10:00+00:00,2699.0,2700.0,2698.0,2700.0,0.5391,2025,1,18
2025-01-18 14:15:00+00:00,2700.0,2700.0,2697.0,2697.0,0.8803,2025,1,18
2025-01-18 14:20:00+00:00,2698.0,2698.0,2696.0,2697.0,0.4063,2025,1,18
2025-01-18 14:25:00+00:00,2697.0,2697.0,2694.0,2696.0,3.8337,2025,1,18
2025-01-18 14:30:00+00:00,2696.0,2696.0,2695.0,2695.0,2.8726,2025,1,18
2025-01-18 14:35:00+00:00,2694.0,2697.0,2694.0,2695.0,2.0903,2025,1,18
2025-01-18 14:40:00+00:00,2695.0,2696.0,2691.0,2691.0,6.1986,2025,1,18
2025-01-18 14:45:00+00:00,2692.0,2693.0,2692.0,2692.0,0.5799,2025,1,18
2025-01-18 14:50:00+00:00,2692.0,2693.0,2692.0,2693.0,0.5646,2025,1,18
2025-01-18 14:55:00+00:00,2692.0,2693.0,2692.0,2693.0,0.7983,2025,1,18
2025-01-18 15:00:00+00:00,2693.0,2694.0,2692.0,2694.0,2.3517,2025,1,18
2025-01-18 15:05:00+00:00,2694.0,2694.0,2692.0,2693.0,0.5421,2025,1,18
2025-01-18 15:10:00+00:00,2692.0,2695.0,2692.0,2694.0,2.8569,2025,1,18
2025-01-18 15:15:00+00:00,2695.0,2696.0,2694.0,2696.0,0.7751,2025,1,18
2025-01-18 15:20:00+00:00,2696.0,2701.0,2696.0,2700.0,5.6147,2025,1,18
2025-01-18 15:25:00+00:00,2701.0,2701.0,2700.0,2701.0,1.9234,2025,1,18
2025-01-18 15:30:00+00:00,2701.0,2701.0,2700.0,2700.0,2.4319,2025,1,18
2025-01-18 15:35:00+00:00,2701.0,2701.0,2699.0,2699.0,1.4913,2025,1,18
2025-01-18 15:40:00+00:00,2701.0,2701.0,2696.0,2697.0,4.5089,2025,1,18
2025-01-18 15:45:00+00:00,2697.0,2699.0,2697.0,2698.0,2.0923,2025,1,18
2025-01-18 15:50:00+00:00,2699.0,2699.0,2697.0,2698.0,0.4681,2025,1,18
2025-01-18 15:55:00+00:00,2697.0,2700.0,2697.0,2700.0,1.7542,2025,1,18
2025-01-18 16:00:00+00:00,2699.0,2700.0,2696.0,2698.0,2.9663,2025,1,18
2025-01-18 16:05:00+00:00,2699.0,2700.0,2698.0,2699.0,1.2476,2025,1,18
2025-01-18 16:10:00+00:00,2698.0,2699.0,2697.0,2698.0,0.6794,2025,1,18
2025-01-18 16:15:00+00:00,2697.0,2698.0,2693.0,2695.0,21.6379,2025,1,18
2025-01-18 16:20:00+00:00,2695.0,2696.0,2694.0,2696.0,1.7328,2025,1,18
2025-01-18 16:25:00+00:00,2696.0,2696.0,2696.0,2696.0,0.542,2025,1,18
2025-01-18 16:30:00+00:00,2695.0,2697.0,2695.0,2696.0,1.0259,2025,1,18
2025-01-18 16:35:00+00:00,2697.0,2698.0,2696.0,2696.0,0.8839,2025,1,18
2025-01-18 16:40:00+00:00,2697.0,2697.0,2696.0,2697.0,0.6687,2025,1,18
2025-01-18 16:45:00+00:00,2696.0,2697.0,2696.0,2697.0,0.0788,2025,1,18
2025-01-18 16:50:00+00:00,2697.0,2697.0,2696.0,2696.0,1.6745,2025,1,18
2025-01-18 16:55:00+00:00,2697.0,2698.0,2696.0,2697.0,0.4188,2025,1,18
2025-01-18 17:00:00+00:00,2697.0,2697.0,2693.0,2694.0,4.4865,2025,1,18
2025-01-18 17:05:00+00:00,2695.0,2696.0,2694.0,2695.0,1.1726,2025,1,18
2025-01-18 17:10:00+00:00,2694.0,2696.0,2694.0,2695.0,0.2197,2025,1,18
2025-01-18 17:15:00+00:00,2695.0,2697.0,2693.0,2694.0,4.32,2025,1,18
2025-01-18 17:20:00+00:00,2694.0,2694.0,2693.0,2694.0,0.0602,2025,1,18
2025-01-18 17:25:00+00:00,2694.0,2694.0,2692.0,2694.0,0.6321,2025,1,18
2025-01-18 17:30:00+00:00,2692.0,2693.0,2692.0,2692.0,1.2252,2025,1,18
2025-01-18 17:35:00+00:00,2692.0,2696.0,2692.0,2693.0,1.4271,2025,1,18
2025-01-18 17:40:00+00:00,2693.0,2694.0,2689.0,2690.0,21.3709,2025,1,18
2025-01-18 17:45:00+00:00,2690.0,2692.0,2690.0,2692.0,1.4065,2025,1,18
2025-01-18 17:50:00+00:00,2692.0,2694.0,2692.0,2693.0,1.0302,2025,1,18
2025-01-18 17:55:00+00:00,2694.0,2694.0,2692.0,2692.0,1.2562,2025,1,18
2025-01-18 18:00:00+00:00,2692.0,2693.0,2692.0,2693.0,0.6423,2025,1,18
2025-01-18 18:05:00+00:00,2693.0,2693.0,2692.0,2693.0,0.3791,2025,1,18
2025-01-18 18:10:00+00:00,2693.0,2693.0,2691.0,2691.0,0.6098,2025,1,18
2025-01-18 18:15:00+00:00,2691.0,2692.0,2691.0,2691.0,0.1554,2025,1,18
2025-01-18 18:20:00+00:00,2691.0,2693.0,2691.0,2693.0,1.3236,2025,1,18
2025-01-18 18:25:00+00:00,2692.0,2693.0,2691.0,2693.0,2.3626,2025,1,18
2025-01-18 18:30:00+00:00,2692.0,2694.0,2692.0,2694.0,0.7067,2025,1,18
2025-01-18 18:35:00+00:00,2694.0,2694.0,2690.0,2692.0,5.8437,2025,1,18
2025-01-18 18:40:00+00:00,2692.0,2693.0,2691.0,2693.0,0.5815,2025,1,18
2025-01-18 18:45:00+00:00,2693.0,2693.0,2691.0,2691.0,0.1819,2025,1,18
2025-01-18 18:50:00+00:00,2693.0,2693.0,2690.0,2690.0,4.5813,2025,1,18
2025-01-18 18:55:00+00:00,2690.0,2695.0,2690.0,2694.0,4.6382,2025,1,18
2025-01-18 19:00:00+00:00,2693.0,2695.0,2693.0,2695.0,0.8205,2025,1,18
2025-01-18 19:05:00+00:00,2694.0,2696.0,2694.0,2696.0,2.3234,2025,1,18
2025-01-18 19:10:00+00:00,2696.0,2697.0,2696.0,2696.0,0.1872,2025,1,18
2025-01-18 19:15:00+00:00,2697.0,2697.0,2696.0,2696.0,0.2271,2025,1,18
2025-01-18 19:20:00+00:00,2697.0,2697.0,2696.0,2696.0,0.1297,2025,1,18
2025-01-18 19:25:00+00:00,2696.0,2697.0,2696.0,2696.0,1.1119,2025,1,18
2025-01-18 19:30:00+00:00,2696.0,2698.0,2696.0,2697.0,0.8743,2025,1,18
2025-01-18 19:35:00+00:00,2697.0,2697.0,2696.0,2697.0,0.8393,2025,1,18
2025-01-18 19:40:00+00:00,2696.0,2697.0,2696.0,2697.0,1.0497,2025,1,18
2025-01-18 19:45:00+00:00,2697.0,2697.0,2696.0,2697.0,0.6364,2025,1,18
2025-01-18 19:50:00+00:00,2696.0,2697.0,2696.0,2697.0,0.1138,2025,1,18
2025-01-18 19:55:00+00:00,2697.0,2697.0,2695.0,2696.0,1.5679,2025,1,18
2025-01-18 20:00:00+00:00,2696.0,2696.0,2695.0,2696.0,1.655,2025,1,18
2025-01-18 20:05:00+00:00,2696.0,2707.0,2696.0,2707.0,105.7935,2025,1,18
2025-01-18 20:10:00+00:00,2707.0,2708.0,2701.0,2701.0,60.6706,2025,1,18
2025-01-18 20:15:00+00:00,2701.0,2702.0,2700.0,2701.0,1.3638,2025,1,18
2025-01-18 20:20:00+00:00,2700.0,2701.0,2700.0,2700.0,1.462,2025,1,18
2025-01-18 20:25:00+00:00,2700.0,2701.0,2696.0,2699.0,8.1345,2025,1,18
2025-01-18 20:30:00+00:00,2699.0,2700.0,2699.0,2700.0,1.8065,2025,1,18
2025-01-18 20:35:00+00:00,2700.0,2703.0,2700.0,2703.0,7.2786,2025,1,18
2025-01-18 20:40:00+00:00,2704.0,2705.0,2703.0,2705.0,0.6153,2025,1,18
2025-01-18 20:45:00+00:00,2705.0,2705.0,2703.0,2703.0,1.1221,2025,1,18
2025-01-18 20:50:00+00:00,2704.0,2704.0,2701.0,2702.0,5.6186,2025,1,18
2025-01-18 20:55:00+00:00,2702.0,2704.0,2702.0,2704.0,0.4605,2025,1,18
2025-01-18 21:00:00+00:00,2704.0,2704.0,2702.0,2704.0,0.4869,2025,1,18
2025-01-18 21:05:00+00:00,2704.0,2704.0,2703.0,2703.0,1.1255,2025,1,18
2025-01-18 21:10:00+00:00,2703.0,2703.0,2702.0,2703.0,0.7239,2025,1,18
2025-01-18 21:15:00+00:00,2703.0,2703.0,2702.0,2702.0,0.0992,2025,1,18
2025-01-18 21:20:00+00:00,2702.0,2703.0,2702.0,2703.0,0.3147,2025,1,18
2025-01-18 21:25:00+00:00,2703.0,2704.0,2702.0,2704.0,2.2331,2025,1,18
2025-01-18 21:30:00+00:00,2704.0,2704.0,2703.0,2704.0,0.1062,2025,1,18
2025-01-18 21:35:00+00:00,2704.0,2704.0,2703.0,2704.0,1.0874,2025,1,18
2025-01-18 21:40:00+00:00,2704.0,2704.0,2702.0,2703.0,1.1026,2025,1,18
2025-01-18 21:45:00+00:00,2703.0,2703.0,2701.0,2703.0,1.7467,2025,1,18
2025-01-18 21:50:00+00:00,2703.0,2703.0,2701.0,2703.0,0.3376,2025,1,18
2025-01-18 21:55:00+00:00,2703.0,2703.0,2701.0,2702.0,0.4844,2025,1,18
2025-01-18 22:00:00+00:00,2702.0,2702.0,2701.0,2702.0,0.2258,2025,1,18
2025-01-18 22:05:00+00:00,2702.0,2702.0,2701.0,2701.0,0.107,2025,1,18
2025-01-18 22:10:00+00:00,2702.0,2703.0,2701.0,2702.0,1.7654,2025,1,18
2025-01-18 22:15:00+00:00,2702.0,2703.0,2702.0,2703.0,0.5125,2025,1,18
2025-01-18 22:20:00+00:00,2703.0,2703.0,2701.0,2701.0,0.8813,2025,1,18
2025-01-18 22:25:00+00:00,2702.0,2702.0,2700.0,2700.0,0.7039,2025,1,18
2025-01-18 22:30:00+00:00,2701.0,2702.0,2699.0,2701.0,4.0429,2025,1,18
2025-01-18 22:35:00+00:00,2701.0,2701.0,2699.0,2701.0,3.4792,2025,1,18
2025-01-18 22:40:00+00:00,2701.0,2701.0,2700.0,2700.0,0.9595,2025,1,18
2025-01-18 22:45:00+00:00,2701.0,2701.0,2700.0,2701.0,0.1366,2025,1,18
2025-01-18 22:50:00+00:00,2701.0,2701.0,2700.0,2701.0,0.4653,2025,1,18
2025-01-18 22:55:00+00:00,2700.0,2701.0,2700.0,2701.0,0.6164,2025,1,18
2025-01-18 23:00:00+00:00,2701.0,2701.0,2700.0,2701.0,0.4113,2025,1,18
2025-01-18 23:05:00+00:00,2700.0,2701.0,2700.0,2701.0,0.0448,2025,1,18
2025-01-18 23:10:00+00:00,2701.0,2701.0,2700.0,2701.0,0.1566,2025,1,18
2025-01-18 23:15:00+00:00,2701.0,2702.0,2700.0,2701.0,1.7302,2025,1,18
2025-01-18 23:20:00+00:00,2702.0,2704.0,2701.0,2704.0,0.5562,2025,1,18
2025-01-18 23:25:00+00:00,2704.0,2704.0,2698.0,2701.0,23.9962,2025,1,18
2025-01-18 23:30:00+00:00,2701.0,2701.0,2699.0,2699.0,2.8835,2025,1,18
2025-01-18 23:35:00+00:00,2700.0,2703.0,2693.0,2698.0,25.7364,2025,1,18
2025-01-18 23:40:00+00:00,2698.0,2699.0,2696.0,2697.0,1.6952,2025,1,18
2025-01-18 23:45:00+00:00,2697.0,2697.0,2695.0,2697.0,4.872,2025,1,18
2025-01-18 23:50:00+00:00,2697.0,2697.0,2695.0,2695.0,0.7901,2025,1,18
2025-01-18 23:55:00+00:00,2696.0,2697.0,2695.0,2696.0,2.9242,2025,1,18
2025-01-19 00:00:00+00:00,2696.0,2696.0,2695.0,2696.0,0.1755,2025,1,19
2025-01-19 00:05:00+00:00,2695.0,2696.0,2692.0,2694.0,22.5627,2025,1,19
2025-01-19 00:10:00+00:00,2695.0,2696.0,2694.0,2696.0,0.7466,2025,1,19
2025-01-19 00:15:00+00:00,2695.0,2696.0,2694.0,2696.0,0.4476,2025,1,19
2025-01-19 00:20:00+00:00,2695.0,2697.0,2695.0,2697.0,0.2348,2025,1,19
2025-01-19 00:25:00+00:00,2697.0,2698.0,2696.0,2696.0,1.132,2025,1,19
2025-01-19 00:30:00+00:00,2698.0,2700.0,2698.0,2699.0,0.3365,2025,1,19
2025-01-19 00:35:00+00:00,2700.0,2700.0,2699.0,2700.0,0.2447,2025,1,19
2025-01-19 00:40:00+00:00,2700.0,2700.0,2699.0,2700.0,0.447,2025,1,19
2025-01-19 00:45:00+00:00,2699.0,2700.0,2697.0,2697.0,2.3093,2025,1,19
2025-01-19 00:50:00+00:00,2698.0,2698.0,2696.0,2696.0,1.0296,2025,1,19
2025-01-19 00:55:00+00:00,2698.0,2698.0,2694.0,2698.0,6.0916,2025,1,19
2025-01-19 01:00:00+00:00,2698.0,2699.0,2697.0,2699.0,0.8118,2025,1,19
2025-01-19 01:05:00+00:00,2699.0,2700.0,2698.0,2700.0,3.7697,2025,1,19
2025-01-19 01:10:00+00:00,2700.0,2701.0,2699.0,2701.0,4.5962,2025,1,19
2025-01-19 01:15:00+00:00,2701.0,2705.0,2700.0,2704.0,6.2159,2025,1,19
2025-01-19 01:20:00+00:00,2703.0,2703.0,2701.0,2702.0,0.7119,2025,1,19
2025-01-19 01:25:00+00:00,2703.0,2703.0,2702.0,2703.0,0.0579,2025,1,19
2025-01-19 01:30:00+00:00,2702.0,2702.0,2701.0,2701.0,1.2533,2025,1,19
2025-01-19 01:35:00+00:00,2700.0,2701.0,2700.0,2701.0,0.0822,2025,1,19
2025-01-19 01:40:00+00:00,2700.0,2701.0,2698.0,2698.0,3.1237,2025,1,19
2025-01-19 01:45:00+00:00,2698.0,2702.0,2697.0,2702.0,4.3047,2025,1,19
2025-01-19 01:50:00+00:00,2702.0,2702.0,2701.0,2701.0,0.1518,2025,1,19
2025-01-19 01:55:00+00:00,2702.0,2702.0,2702.0,2702.0,0.0053,2025,1,19
2025-01-19 02:00:00+00:00,2702.0,2702.0,2700.0,2701.0,0.848,2025,1,19
2025-01-19 02:05:00+00:00,2700.0,2701.0,2700.0,2701.0,0.1061,2025,1,19
2025-01-19 02:10:00+00:00,2701.0,2701.0,2701.0,2701.0,0.0161,2025,1,19
2025-01-19 02:15:00+00:00,2701.0,2701.0,2700.0,2701.0,0.2417,2025,1,19
2025-01-19 02:20:00+00:00,2701.0,2702.0,2701.0,2701.0,0.7973,2025,1,19
2025-01-19 02:25:00+00:00,2701.0,2701.0,2700.0,2701.0,0.0866,2025,1,19
2025-01-19 02:30:00+00:00,2700.0,2701.0,2700.0,2701.0,0.1851,2025,1,19
2025-01-19 02:35:00+00:00,2701.0,2701.0,2700.0,2701.0,6.7668,2025,1,19
2025-01-19 02:40:00+00:00,2701.0,2701.0,2700.0,2701.0,0.3335,2025,1,19
2025-01-19 02:45:00+00:00,2701.0,2701.0,2700.0,2701.0,0.0176,2025,1,19
2025-01-19 02:50:00+00:00,2701.0,2701.0,2700.0,2701.0,0.3036,2025,1,19
2025-01-19 02:55:00+00:00,2701.0,2701.0,2700.0,2700.0,0.0669,2025,1,19
2025-01-19 03:00:00+00:00,2701.0,2701.0,2700.0,2700.0,0.183,2025,1,19
2025-01-19 03:05:00+00:00,2701.0,2701.0,2700.0,2700.0,0.0881,2025,1,19
2025-01-19 03:10:00+00:00,2700.0,2701.0,2700.0,2701.0,0.2688,2025,1,19
2025-01-19 03:15:00+00:00,2700.0,2701.0,2700.0,2700.0,0.3456,2025,1,19
2025-01-19 03:20:00+00:00,2700.0,2701.0,2699.0,2700.0,0.9123,2025,1,19
2025-01-19 03:25:00+00:00,2699.0,2700.0,2699.0,2699.0,0.7726,2025,1,19
2025-01-19 03:30:00+00:00,2699.0,2700.0,2699.0,2699.0,1.3939,2025,1,19
2025-01-19 03:35:00+00:00,2700.0,2700.0,2699.0,2700.0,0.1654,2025,1,19
2025-01-19 03:40:00+00:00,2699.0,2700.0,2699.0,2699.0,0.0633,2025,1,19
2025-01-19 03:45:00+00:00,2699.0,2701.0,2699.0,2700.0,0.1,2025,1,19
2025-01-19 03:50:00+00:00,2700.0,2700.0,2700.0,2700.0,1.945,2025,1,19
2025-01-19 03:55:00+00:00,2700.0,2701.0,2700.0,2700.0,0.2142,2025,1,19
2025-01-19 04:00:00+00:00,2700.0,2700.0,2699.0,2699.0,0.6868,2025,1,19
2025-01-19 04:05:00+00:00,2699.0,2700.0,2698.0,2698.0,1.1931,2025,1,19
2025-01-19 04:10:00+00:00,2699.0,2699.0,2698.0,2698.0,0.1608,2025,1,19
2025-01-19 04:15:00+00:00,2698.0,2699.0,2698.0,2699.0,0.1365,2025,1,19
2025-01-19 04:20:00+00:00,2698.0,2699.0,2698.0,2699.0,0.1048,2025,1,19
2025-01-19 04:25:00+00:00,2698.0,2699.0,2698.0,2699.0,0.0231,2025,1,19
2025-01-19 04:30:00+00:00,2698.0,2699.0,2696.0,2698.0,6.2425,2025,1,19
2025-01-19 04:35:00+00:00,2697.0,2698.0,2697.0,2697.0,0.0277,2025,1,19
2025-01-19 04:40:00+00:00,2698.0,2698.0,2696.0,2698.0,0.3587,2025,1,19
2025-01-19 04:45:00+00:00,2697.0,2698.0,2697.0,2697.0,0.4458,2025,1,19
2025-01-19 04:50:00+00:00,2698.0,2698.0,2697.0,2697.0,0.0829,2025,1,19
2025-01-19 04:55:00+00:00,2698.0,2698.0,2697.0,2698.0,1.0234,2025,1,19
2025-01-19 05:00:00+00:00,2698.0,2698.0,2697.0,2698.0,0.1394,2025,1,19
2025-01-19 05:05:00+00:00,2697.0,2697.0,2694.0,2695.0,5.4803,2025,1,19
2025-01-19 05:10:00+00:00,2694.0,2695.0,2694.0,2694.0,0.1314,2025,1,19
2025-01-19 05:15:00+00:00,2694.0,2695.0,2693.0,2694.0,12.2489,2025,1,19
2025-01-19 05:20:00+00:00,2695.0,2696.0,2694.0,2695.0,3.4632,2025,1,19
2025-01-19 05:25:00+00:00,2696.0,2696.0,2695.0,2695.0,0.3749,2025,1,19
2025-01-19 05:30:00+00:00,2696.0,2696.0,2694.0,2696.0,2.5421,2025,1,19
2025-01-19 05:35:00+00:00,2694.0,2696.0,2694.0,2696.0,0.1266,2025,1,19
2025-01-19 05:40:00+00:00,2694.0,2695.0,2693.0,2693.0,2.7228,2025,1,19
2025-01-19 05:45:00+00:00,2694.0,2694.0,2693.0,2694.0,0.6813,2025,1,19
2025-01-19 05:50:00+00:00,2694.0,2695.0,2693.0,2695.0,0.744,2025,1,19
2025-01-19 05:55:00+00:00,2695.0,2695.0,2694.0,2694.0,0.181,2025,1,19
2025-01-19 06:00:00+00:00,2694.0,2694.0,2694.0,2694.0,0.0,2025,1,19
2025-01-19 06:05:00+00:00,2694.0,2695.0,2694.0,2694.0,0.1111,2025,1,19
2025-01-19 06:10:00+00:00,2694.0,2695.0,2694.0,2695.0,0.4298,2025,1,19
2025-01-19 06:15:00+00:00,2695.0,2695.0,2694.0,2695.0,0.0546,2025,1,19
2025-01-19 06:20:00+00:00,2695.0,2695.0,2695.0,2695.0,0.2409,2025,1,19
2025-01-19 06:25:00+00:00,2695.0,2696.0,2694.0,2696.0,1.2165,2025,1,19
2025-01-19 06:30:00+00:00,2697.0,2697.0,2696.0,2697.0,0.0761,2025,1,19
2025-01-19 06:35:00+00:00,2697.0,2697.0,2696.0,2696.0,0.1605,2025,1,19
2025-01-19 06:40:00+00:00,2696.0,2696.0,2694.0,2694.0,3.652,2025,1,19
2025-01-19 06:45:00+00:00,2696.0,2696.0,2694.0,2694.0,0.532,2025,1,19
2025-01-19 06:50:00+00:00,2695.0,2695.0,2694.0,2695.0,0.0672,2025,1,19
2025-01-19 06:55:00+00:00,2694.0,2695.0,2693.0,2695.0,2.4749,2025,1,19
2025-01-19 07:00:00+00:00,2695.0,2695.0,2693.0,2693.0,1.3185,2025,1,19
2025-01-19 07:05:00+00:00,2693.0,2693.0,2692.0,2692.0,0.9334,2025,1,19
2025-01-19 07:10:00+00:00,2692.0,2693.0,2692.0,2693.0,0.4202,2025,1,19
2025-01-19 07:15:00+00:00,2692.0,2693.0,2692.0,2692.0,9.1526,2025,1,19
2025-01-19 07:20:00+00:00,2692.0,2694.0,2692.0,2692.0,3.1767,2025,1,19
2025-01-19 07:25:00+00:00,2692.0,2692.0,2692.0,2692.0,0.5654,2025,1,19
2025-01-19 07:30:00+00:00,2693.0,2698.0,2692.0,2694.0,13.5455,2025,1,19
2025-01-19 07:35:00+00:00,2694.0,2695.0,2694.0,2695.0,0.7711,2025,1,19
2025-01-19 07:40:00+00:00,2695.0,2695.0,2694.0,2694.0,0.3178,2025,1,19
2025-01-19 07:45:00+00:00,2694.0,2696.0,2694.0,2695.0,0.6888,2025,1,19
2025-01-19 07:50:00+00:00,2695.0,2696.0,2692.0,2693.0,7.749,2025,1,19
2025-01-19 07:55:00+00:00,2694.0,2695.0,2691.0,2691.0,11.6346,2025,1,19
2025-01-19 08:00:00+00:00,2692.0,2698.0,2692.0,2694.0,9.9758,2025,1,19
2025-01-19 08:05:00+00:00,2695.0,2697.0,2695.0,2695.0,5.3906,2025,1,19
2025-01-19 08:10:00+00:00,2695.0,2696.0,2694.0,2695.0,0.9871,2025,1,19
2025-01-19 08:15:00+00:00,2694.0,2695.0,2690.0,2690.0,22.5282,2025,1,19
2025-01-19 08:20:00+00:00,2690.0,2696.0,2690.0,2696.0,4.2999,2025,1,19
2025-01-19 08:25:00+00:00,2695.0,2697.0,2692.0,2692.0,5.5776,2025,1,19
2025-01-19 08:30:00+00:00,2693.0,2694.0,2690.0,2694.0,2.9986,2025,1,19
2025-01-19 08:35:00+00:00,2694.0,2695.0,2690.0,2691.0,8.3098,2025,1,19
2025-01-19 08:40:00+00:00,2691.0,2694.0,2691.0,2694.0,2.741,2025,1,19
2025-01-19 08:45:00+00:00,2692.0,2694.0,2689.0,2689.0,9.3609,2025,1,19
2025-01-19 08:50:00+00:00,2690.0,2691.0,2689.0,2689.0,1.9608,2025,1,19
2025-01-19 08:55:00+00:00,2689.0,2689.0,2688.0,2689.0,1.1743,2025,1,19
2025-01-19 09:00:00+00:00,2688.0,2689.0,2688.0,2688.0,0.5133,2025,1,19
2025-01-19 09:05:00+00:00,2688.0,2691.0,2686.0,2686.0,16.5467,2025,1,19
2025-01-19 09:10:00+00:00,2687.0,2688.0,2684.0,2687.0,24.5179,2025,1,19
2025-01-19 09:15:00+00:00,2685.0,2688.0,2685.0,2686.0,4.6607,2025,1,19
2025-01-19 09:20:00+00:00,2687.0,2687.0,2685.0,2686.0,4.0625,2025,1,19
2025-01-19 09:25:00+00:00,2686.0,2688.0,2686.0,2688.0,0.965,2025,1,19
2025-01-19 09:30:00+00:00,2688.0,2688.0,2686.0,2687.0,8.8301,2025,1,19
2025-01-19 09:35:00+00:00,2688.0,2688.0,2686.0,2687.0,4.3704,2025,1,19
2025-01-19 09:40:00+00:00,2688.0,2688.0,2686.0,2687.0,2.5731,2025,1,19
2025-01-19 09:45:00+00:00,2688.0,2691.0,2688.0,2691.0,5.2031,2025,1,19
2025-01-19 09:50:00+00:00,2691.0,2694.0,2691.0,2693.0,3.8242,2025,1,19
2025-01-19 09:55:00+00:00,2693.0,2695.0,2692.0,2693.0,4.3965,2025,1,19
2025-01-19 10:00:00+00:00,2694.0,2696.0,2693.0,2693.0,5.4006,2025,1,19
2025-01-19 10:05:00+00:00,2693.0,2694.0,2691.0,2691.0,5.69,2025,1,19
2025-01-19 10:10:00+00:00,2691.0,2692.0,2690.0,2690.0,1.9057,2025,1,19
2025-01-19 10:15:00+00:00,2690.0,2692.0,2690.0,2690.0,0.9843,2025,1,19
2025-01-19 10:20:00+00:00,2691.0,2692.0,2690.0,2690.0,1.6759,2025,1,19
2025-01-19 10:25:00+00:00,2691.0,2691.0,2688.0,2690.0,5.2961,2025,1,19
2025-01-19 10:30:00+00:00,2689.0,2693.0,2689.0,2691.0,4.2538,2025,1,19
2025-01-19 10:35:00+00:00,2691.0,2692.0,2687.0,2690.0,16.138,2025,1,19
2025-01-19 10:40:00+00:00,2690.0,2692.0,2688.0,2692.0,8.4941,2025,1,19
2025-01-19 10:45:00+00:00,2692.0,2693.0,2691.0,2693.0,2.5465,2025,1,19
2025-01-19 10:50:00+00:00,2694.0,2695.0,2692.0,2693.0,4.2031,2025,1,19
2025-01-19 10:55:00+00:00,2693.0,2694.0,2692.0,2693.0,1.0167,2025,1,19
2025-01-19 11:00:00+00:00,2694.0,2694.0,2691.0,2693.0,2.8465,2025,1,19
2025-01-19 11:05:00+00:00,2693.0,2693.0,2691.0,2691.0,0.8785,2025,1,19
2025-01-19 11:10:00+00:00,2692.0,2692.0,2690.0,2690.0,1.3544,2025,1,19
2025-01-19 11:15:00+00:00,2691.0,2691.0,2687.0,2687.0,4.4371,2025,1,19
2025-01-19 11:20:00+00:00,2687.0,2689.0,2687.0,2689.0,2.1837,2025,1,19
2025-01-19 11:25:00+00:00,2689.0,2689.0,2688.0,2688.0,0.6447,2025,1,19
2025-01-19 11:30:00+00:00,2689.0,2689.0,2688.0,2689.0,1.7822,2025,1,19
2025-01-19 11:35:00+00:00,2688.0,2689.0,2687.0,2687.0,10.4959,2025,1,19
2025-01-19 11:40:00+00:00,2688.0,2690.0,2687.0,2688.0,27.317,2025,1,19
2025-01-19 11:45:00+00:00,2688.0,2689.0,2688.0,2688.0,4.861,2025,1,19
2025-01-19 11:50:00+00:00,2688.0,2689.0,2687.0,2688.0,11.7406,2025,1,19
2025-01-19 11:55:00+00:00,2688.0,2689.0,2688.0,2688.0,1.8248,2025,1,19
2025-01-19 12:00:00+00:00,2689.0,2689.0,2688.0,2688.0,1.5965,2025,1,19
2025-01-19 12:05:00+00:00,2689.0,2689.0,2687.0,2688.0,4.6788,2025,1,19
2025-01-19 12:10:00+00:00,2688.0,2689.0,2687.0,2688.0,2.3337,2025,1,19
2025-01-19 12:15:00+00:00,2688.0,2689.0,2687.0,2689.0,1.565,2025,1,19
2025-01-19 12:20:00+00:00,2689.0,2690.0,2688.0,2689.0,3.4078,2025,1,19
2025-01-19 12:25:00+00:00,2690.0,2692.0,2690.0,2692.0,3.6192,2025,1,19
2025-01-19 12:30:00+00:00,2692.0,2694.0,2691.0,2694.0,2.2209,2025,1,19
2025-01-19 12:35:00+00:00,2693.0,2695.0,2693.0,2694.0,6.516,2025,1,19
2025-01-19 12:40:00+00:00,2693.0,2696.0,2693.0,2693.0,6.0181,2025,1,19
2025-01-19 12:45:00+00:00,2694.0,2695.0,2693.0,2694.0,2.2635,2025,1,19
2025-01-19 12:50:00+00:00,2694.0,2695.0,2691.0,2691.0,4.1653,2025,1,19
2025-01-19 12:55:00+00:00,2692.0,2695.0,2691.0,2693.0,1.8696,2025,1,19
2025-01-19 13:00:00+00:00,2695.0,2695.0,2693.0,2694.0,2.4649,2025,1,19
2025-01-19 13:05:00+00:00,2694.0,2695.0,2693.0,2693.0,2.7091,2025,1,19
2025-01-19 13:10:00+00:00,2694.0,2694.0,2690.0,2690.0,2.4128,2025,1,19
2025-01-19 13:15:00+00:00,2690.0,2691.0,2689.0,2689.0,2.6371,2025,1,19
2025-01-19 13:20:00+00:00,2690.0,2692.0,2689.0,2692.0,3.7415,2025,1,19
2025-01-19 13:25:00+00:00,2691.0,2692.0,2690.0,2690.0,1.471,2025,1,19
2025-01-19 13:30:00+00:00,2692.0,2692.0,2690.0,2692.0,0.4898,2025,1,19
2025-01-19 13:35:00+00:00,2691.0,2692.0,2691.0,2691.0,0.5042,2025,1,19
2025-01-19 13:40:00+00:00,2691.0,2692.0,2691.0,2691.0,0.4589,2025,1,19
2025-01-19 13:45:00+00:00,2692.0,2692.0,2689.0,2691.0,3.1664,2025,1,19
2025-01-19 13:50:00+00:00,2689.0,2689.0,2686.0,2687.0,10.5026,2025,1,19
2025-01-19 13:55:00+00:00,2688.0,2692.0,2688.0,2692.0,19.461,2025,1,19
2025-01-19 14:00:00+00:00,2693.0,2695.0,2693.0,2693.0,1.7883,2025,1,19
2025-01-19 14:05:00+00:00,2694.0,2698.0,2694.0,2698.0,15.6226,2025,1,19
2025-01-19 14:10:00+00:00,2697.0,2699.0,2696.0,2698.0,13.4338,2025,1,19
2025-01-19 14:15:00+00:00,2698.0,2700.0,2697.0,2697.0,27.0981,2025,1,19
2025-01-19 14:20:00+00:00,2697.0,2698.0,2676.0,2685.0,119.1905,2025,1,19
2025-01-19 14:25:00+00:00,2684.0,2688.0,2683.0,2686.0,39.9006,2025,1,19
2025-01-19 14:30:00+00:00,2686.0,2688.0,2684.0,2687.0,5.765,2025,1,19
2025-01-19 14:35:00+00:00,2688.0,2688.0,2687.0,2687.0,2.0075,2025,1,19
2025-01-19 14:40:00+00:00,2687.0,2688.0,2685.0,2685.0,4.2661,2025,1,19
2025-01-19 14:45:00+00:00,2685.0,2692.0,2684.0,2690.0,14.905,2025,1,19
2025-01-19 14:50:00+00:00,2689.0,2692.0,2686.0,2691.0,12.4139,2025,1,19
2025-01-19 14:55:00+00:00,2689.0,2693.0,2687.0,2688.0,11.5696,2025,1,19
2025-01-19 15:00:00+00:00,2690.0,2690.0,2687.0,2688.0,2.8266,2025,1,19
2025-01-19 15:05:00+00:00,2688.0,2694.0,2688.0,2691.0,18.2769,2025,1,19
2025-01-19 15:10:00+00:00,2689.0,2691.0,2688.0,2688.0,1.701,2025,1,19
2025-01-19 15:15:00+00:00,2688.0,2689.0,2687.0,2688.0,4.716,2025,1,19
2025-01-19 15:20:00+00:00,2688.0,2689.0,2688.0,2688.0,1.4155,2025,1,19
2025-01-19 15:25:00+00:00,2688.0,2689.0,2688.0,2688.0,0.6871,2025,1,19
2025-01-19 15:30:00+00:00,2688.0,2689.0,2688.0,2689.0,1.17,2025,1,19
2025-01-19 15:35:00+00:00,2689.0,2689.0,2688.0,2688.0,2.1013,2025,1,19
2025-01-19 15:40:00+00:00,2688.0,2688.0,2686.0,2686.0,6.6461,2025,1,19
2025-01-19 15:45:00+00:00,2686.0,2686.0,2683.0,2683.0,8.9637,2025,1,19
2025-01-19 15:50:00+00:00,2683.0,2684.0,2683.0,2683.0,2.3751,2025,1,19
2025-01-19 15:55:00+00:00,2683.0,2683.0,2677.0,2679.0,55.7061,2025,1,19
2025-01-19 16:00:00+00:00,2679.0,2682.0,2678.0,2682.0,3.6384,2025,1,19
2025-01-19 16:05:00+00:00,2682.0,2684.0,2682.0,2684.0,7.419,2025,1,19
2025-01-19 16:10:00+00:00,2683.0,2685.0,2683.0,2683.0,1.4378,2025,1,19
2025-01-19 16:15:00+00:00,2683.0,2687.0,2683.0,2685.0,5.0646,2025,1,19
2025-01-19 16:20:00+00:00,2686.0,2689.0,2680.0,2681.0,48.3698,2025,1,19
2025-01-19 16:25:00+00:00,2681.0,2686.0,2681.0,2684.0,5.8938,2025,1,19
2025-01-19 16:30:00+00:00,2684.0,2686.0,2683.0,2683.0,1.4711,2025,1,19
2025-01-19 16:35:00+00:00,2684.0,2684.0,2679.0,2681.0,5.5494,2025,1,19
2025-01-19 16:40:00+00:00,2681.0,2684.0,2680.0,2683.0,4.0067,2025,1,19
2025-01-19 16:45:00+00:00,2683.0,2684.0,2683.0,2684.0,0.6189,2025,1,19
2025-01-19 16:50:00+00:00,2683.0,2684.0,2683.0,2683.0,0.4192,2025,1,19
2025-01-19 16:55:00+00:00,2684.0,2684.0,2682.0,2683.0,3.5162,2025,1,19
2025-01-19 17:00:00+00:00,2684.0,2685.0,2683.0,2685.0,0.5594,2025,1,19
2025-01-19 17:05:00+00:00,2684.0,2684.0,2683.0,2684.0,1.6846,2025,1,19
2025-01-19 17:10:00+00:00,2684.0,2685.0,2683.0,2684.0,0.9147,2025,1,19
2025-01-19 17:15:00+00:00,2685.0,2685.0,2683.0,2684.0,2.1171,2025,1,19
2025-01-19 17:20:00+00:00,2684.0,2684.0,2683.0,2683.0,0.7462,2025,1,19
2025-01-19 17:25:00+00:00,2683.0,2691.0,2683.0,2688.0,20.2685,2025,1,19
2025-01-19 17:30:00+00:00,2688.0,2689.0,2686.0,2686.0,1.8338,2025,1,19
2025-01-19 17:35:00+00:00,2686.0,2687.0,2685.0,2685.0,1.7851,2025,1,19
2025-01-19 17:40:00+00:00,2685.0,2686.0,2685.0,2685.0,0.4827,2025,1,19
2025-01-19 17:45:00+00:00,2685.0,2687.0,2685.0,2687.0,0.6697,2025,1,19
2025-01-19 17:50:00+00:00,2686.0,2687.0,2686.0,2686.0,0.1292,2025,1,19
2025-01-19 17:55:00+00:00,2686.0,2688.0,2686.0,2688.0,1.3842,2025,1,19
2025-01-19 18:00:00+00:00,2688.0,2688.0,2686.0,2687.0,3.0581,2025,1,19
2025-01-19 18:05:00+00:00,2688.0,2690.0,2687.0,2690.0,2.5939,2025,1,19
2025-01-19 18:10:00+00:00,2690.0,2691.0,2684.0,2684.0,11.321,2025,1,19
2025-01-19 18:15:00+00:00,2685.0,2685.0,2683.0,2683.0,0.4878,2025,1,19
2025-01-19 18:20:00+00:00,2683.0,2684.0,2683.0,2683.0,0.833,2025,1,19
2025-01-19 18:25:00+00:00,2684.0,2688.0,2683.0,2686.0,8.6781,2025,1,19
2025-01-19 18:30:00+00:00,2686.0,2686.0,2684.0,2684.0,1.0314,2025,1,19
2025-01-19 18:35:00+00:00,2685.0,2685.0,2683.0,2683.0,0.4767,2025,1,19
2025-01-19 18:40:00+00:00,2683.0,2684.0,2683.0,2683.0,0.4593,2025,1,19
2025-01-19 18:45:00+00:00,2683.0,2686.0,2683.0,2684.0,1.81,2025,1,19
2025-01-19 18:50:00+00:00,2686.0,2686.0,2684.0,2684.0,0.8287,2025,1,19
2025-01-19 18:55:00+00:00,2684.0,2686.0,2684.0,2686.0,0.2917,2025,1,19
2025-01-19 19:00:00+00:00,2685.0,2687.0,2685.0,2685.0,0.5849,2025,1,19
2025-01-19 19:05:00+00:00,2685.0,2687.0,2684.0,2684.0,1.0139,2025,1,19
2025-01-19 19:10:00+00:00,2684.0,2687.0,2684.0,2685.0,7.5029,2025,1,19
2025-01-19 19:15:00+00:00,2685.0,2687.0,2685.0,2686.0,0.51,2025,1,19
2025-01-19 19:20:00+00:00,2686.0,2686.0,2683.0,2683.0,6.1572,2025,1,19
2025-01-19 19:25:00+00:00,2684.0,2685.0,2683.0,2684.0,1.212,2025,1,19
2025-01-19 19:30:00+00:00,2684.0,2685.0,2683.0,2684.0,0.8302,2025,1,19
2025-01-19 19:35:00+00:00,2684.0,2689.0,2683.0,2684.0,9.0439,2025,1,19
2025-01-19 19:40:00+00:00,2684.0,2686.0,2683.0,2684.0,0.9171,2025,1,19
2025-01-19 19:45:00+00:00,2684.0,2685.0,2684.0,2684.0,1.0067,2025,1,19
2025-01-19 19:50:00+00:00,2685.0,2686.0,2685.0,2685.0,0.5634,2025,1,19
2025-01-19 19:55:00+00:00,2686.0,2686.0,2684.0,2686.0,1.1482,2025,1,19
2025-01-19 20:00:00+00:00,2686.0,2687.0,2684.0,2687.0,3.6414,2025,1,19
2025-01-19 20:05:00+00:00,2688.0,2688.0,2686.0,2686.0,4.7594,2025,1,19
2025-01-19 20:10:00+00:00,2686.0,2688.0,2686.0,2686.0,0.2909,2025,1,19
2025-01-19 20:15:00+00:00,2686.0,2687.0,2681.0,2684.0,8.3135,2025,1,19
2025-01-19 20:20:00+00:00,2684.0,2686.0,2684.0,2684.0,1.1485,2025,1,19
2025-01-19 20:25:00+00:00,2684.0,2686.0,2684.0,2685.0,1.3369,2025,1,19
2025-01-19 20:30:00+00:00,2685.0,2686.0,2685.0,2685.0,0.8096,2025,1,19
2025-01-19 20:35:00+00:00,2685.0,2686.0,2685.0,2685.0,1.7047,2025,1,19
2025-01-19 20:40:00+00:00,2685.0,2687.0,2685.0,2685.0,2.7293,2025,1,19
2025-01-19 20:45:00+00:00,2685.0,2686.0,2684.0,2686.0,8.8069,2025,1,19
2025-01-19 20:50:00+00:00,2685.0,2686.0,2684.0,2685.0,10.3439,2025,1,19
2025-01-19 20:55:00+00:00,2685.0,2686.0,2684.0,2684.0,3.844,2025,1,19
2025-01-19 21:00:00+00:00,2684.0,2686.0,2681.0,2681.0,5.1623,2025,1,19
2025-01-19 21:05:00+00:00,2681.0,2682.0,2680.0,2680.0,3.3437,2025,1,19
2025-01-19 21:10:00+00:00,2680.0,2683.0,2680.0,2681.0,5.4158,2025,1,19
2025-01-19 21:15:00+00:00,2681.0,2682.0,2679.0,2681.0,2.3253,2025,1,19
2025-01-19 21:20:00+00:00,2681.0,2682.0,2680.0,2680.0,0.7925,2025,1,19
2025-01-19 21:25:00+00:00,2680.0,2681.0,2678.0,2679.0,4.128,2025,1,19
2025-01-19 21:30:00+00:00,2679.0,2679.0,2671.0,2671.0,20.1275,2025,1,19
2025-01-19 21:35:00+00:00,2671.0,2675.0,2671.0,2673.0,4.6779,2025,1,19
2025-01-19 21:40:00+00:00,2672.0,2674.0,2672.0,2674.0,1.5665,2025,1,19
2025-01-19 21:45:00+00:00,2672.0,2674.0,2664.0,2670.0,56.457,2025,1,19
2025-01-19 21:50:00+00:00,2670.0,2676.0,2668.0,2675.0,14.5692,2025,1,19
2025-01-19 21:55:00+00:00,2675.0,2677.0,2675.0,2676.0,1.2423,2025,1,19
2025-01-19 22:00:00+00:00,2677.0,2678.0,2676.0,2676.0,2.2023,2025,1,19
2025-01-19 22:05:00+00:00,2676.0,2679.0,2675.0,2678.0,5.247,2025,1,19
2025-01-19 22:10:00+00:00,2678.0,2678.0,2668.0,2673.0,30.4177,2025,1,19
2025-01-19 22:15:00+00:00,2672.0,2681.0,2672.0,2680.0,12.6922,2025,1,19
2025-01-19 22:20:00+00:00,2680.0,2682.0,2679.0,2681.0,5.1603,2025,1,19
2025-01-19 22:25:00+00:00,2681.0,2683.0,2681.0,2681.0,2.144,2025,1,19
2025-01-19 22:30:00+00:00,2683.0,2687.0,2682.0,2685.0,2.76,2025,1,19
2025-01-19 22:35:00+00:00,2685.0,2685.0,2678.0,2678.0,3.781,2025,1,19
2025-01-19 22:40:00+00:00,2678.0,2679.0,2673.0,2674.0,3.6862,2025,1,19
2025-01-19 22:45:00+00:00,2675.0,2675.0,2670.0,2671.0,9.6006,2025,1,19
2025-01-19 22:50:00+00:00,2670.0,2674.0,2669.0,2672.0,6.5533,2025,1,19
2025-01-19 22:55:00+00:00,2672.0,2676.0,2672.0,2675.0,2.7371,2025,1,19
2025-01-19 23:00:00+00:00,2676.0,2691.0,2675.0,2686.0,55.5257,2025,1,19
2025-01-19 23:05:00+00:00,2686.0,2686.0,2681.0,2683.0,19.166,2025,1,19
2025-01-19 23:10:00+00:00,2684.0,2685.0,2680.0,2680.0,4.8008,2025,1,19
2025-01-19 23:15:00+00:00,2681.0,2681.0,2670.0,2670.0,7.8275,2025,1,19
2025-01-19 23:20:00+00:00,2670.0,2680.0,2670.0,2679.0,21.7124,2025,1,19
2025-01-19 23:25:00+00:00,2680.0,2680.0,2669.0,2669.0,16.4813,2025,1,19
2025-01-19 23:30:00+00:00,2670.0,2676.0,2670.0,2676.0,5.0792,2025,1,19
2025-01-19 23:35:00+00:00,2675.0,2678.0,2673.0,2676.0,10.6648,2025,1,19
2025-01-19 23:40:00+00:00,2676.0,2687.0,2676.0,2682.0,24.7497,2025,1,19
2025-01-19 23:45:00+00:00,2682.0,2689.0,2682.0,2684.0,26.2153,2025,1,19
2025-01-19 23:50:00+00:00,2683.0,2683.0,2679.0,2681.0,4.8758,2025,1,19
2025-01-19 23:55:00+00:00,2681.0,2683.0,2680.0,2682.0,3.0152,2025,1,19
2025-01-20 00:00:00+00:00,2683.0,2684.0,2679.0,2679.0,5.7556,2025,1,20
2025-01-20 00:05:00+00:00,2680.0,2688.0,2680.0,2688.0,32.6423,2025,1,20
2025-01-20 00:10:00+00:00,2688.0,2694.0,2686.0,2693.0,75.3578,2025,1,20
2025-01-20 00:15:00+00:00,2691.0,2694.0,2689.0,2689.0,7.9258,2025,1,20
2025-01-20 00:20:00+00:00,2690.0,2691.0,2688.0,2689.0,1.6229,2025,1,20
2025-01-20 00:25:00+00:00,2689.0,2690.0,2688.0,2689.0,2.9469,2025,1,20
2025-01-20 00:30:00+00:00,2688.0,2689.0,2682.0,2682.0,13.6734,2025,1,20
2025-01-20 00:35:00+00:00,2683.0,2688.0,2683.0,2685.0,25.4941,2025,1,20
2025-01-20 00:40:00+00:00,2685.0,2691.0,2682.0,2689.0,21.2717,2025,1,20
2025-01-20 00:45:00+00:00,2690.0,2691.0,2687.0,2688.0,1.9387,2025,1,20
2025-01-20 00:50:00+00:00,2687.0,2688.0,2686.0,2687.0,1.9589,2025,1,20
2025-01-20 00:55:00+00:00,2688.0,2688.0,2685.0,2685.0,6.5739,2025,1,20
2025-01-20 01:00:00+00:00,2686.0,2686.0,2685.0,2686.0,7.4973,2025,1,20
2025-01-20 01:05:00+00:00,2687.0,2689.0,2685.0,2687.0,2.9051,2025,1,20
2025-01-20 01:10:00+00:00,2688.0,2690.0,2686.0,2687.0,5.1562,2025,1,20
2025-01-20 01:15:00+00:00,2687.0,2689.0,2687.0,2687.0,3.591,2025,1,20
2025-01-20 01:20:00+00:00,2689.0,2689.0,2687.0,2689.0,0.4254,2025,1,20
2025-01-20 01:25:00+00:00,2689.0,2691.0,2688.0,2689.0,3.5241,2025,1,20
2025-01-20 01:30:00+00:00,2689.0,2693.0,2685.0,2689.0,37.3108,2025,1,20
2025-01-20 01:35:00+00:00,2689.0,2693.0,2685.0,2689.0,11.0533,2025,1,20
2025-01-20 01:40:00+00:00,2688.0,2688.0,2686.0,2686.0,1.3695,2025,1,20
2025-01-20 01:45:00+00:00,2686.0,2693.0,2686.0,2689.0,21.3105,2025,1,20
2025-01-20 01:50:00+00:00,2689.0,2690.0,2688.0,2689.0,3.2027,2025,1,20
2025-01-20 01:55:00+00:00,2689.0,2692.0,2689.0,2692.0,1.0551,2025,1,20
2025-01-20 02:00:00+00:00,2693.0,2694.0,2692.0,2694.0,3.4795,2025,1,20
2025-01-20 02:05:00+00:00,2692.0,2697.0,2692.0,2697.0,11.5188,2025,1,20
2025-01-20 02:10:00+00:00,2696.0,2698.0,2693.0,2694.0,11.9472,2025,1,20
2025-01-20 02:15:00+00:00,2694.0,2696.0,2692.0,2693.0,9.9349,2025,1,20
2025-01-20 02:20:00+00:00,2693.0,2696.0,2690.0,2693.0,19.2152,2025,1,20
2025-01-20 02:25:00+00:00,2693.0,2696.0,2692.0,2694.0,6.2436,2025,1,20
2025-01-20 02:30:00+00:00,2694.0,2697.0,2692.0,2695.0,5.6694,2025,1,20
2025-01-20 02:35:00+00:00,2696.0,2699.0,2695.0,2699.0,13.0421,2025,1,20
2025-01-20 02:40:00+00:00,2697.0,2698.0,2695.0,2696.0,1.2492,2025,1,20
2025-01-20 02:45:00+00:00,2695.0,2697.0,2693.0,2694.0,2.6202,2025,1,20
2025-01-20 02:50:00+00:00,2694.0,2697.0,2692.0,2693.0,6.0015,2025,1,20
2025-01-20 02:55:00+00:00,2692.0,2694.0,2692.0,2693.0,2.9643,2025,1,20
2025-01-20 03:00:00+00:00,2694.0,2694.0,2691.0,2692.0,2.9253,2025,1,20
2025-01-20 03:05:00+00:00,2691.0,2695.0,2691.0,2693.0,3.2879,2025,1,20
2025-01-20 03:10:00+00:00,2693.0,2695.0,2693.0,2695.0,1.9864,2025,1,20
2025-01-20 03:15:00+00:00,2694.0,2699.0,2694.0,2698.0,4.0608,2025,1,20
2025-01-20 03:20:00+00:00,2697.0,2698.0,2695.0,2697.0,0.9911,2025,1,20
2025-01-20 03:25:00+00:00,2696.0,2697.0,2695.0,2695.0,2.3465,2025,1,20
2025-01-20 03:30:00+00:00,2697.0,2697.0,2696.0,2696.0,1.1437,2025,1,20
2025-01-20 03:35:00+00:00,2696.0,2699.0,2696.0,2696.0,1.8471,2025,1,20
2025-01-20 03:40:00+00:00,2696.0,2697.0,2695.0,2695.0,1.5391,2025,1,20
2025-01-20 03:45:00+00:00,2695.0,2697.0,2695.0,2695.0,1.2527,2025,1,20
2025-01-20 03:50:00+00:00,2696.0,2698.0,2696.0,2698.0,1.4314,2025,1,20
2025-01-20 03:55:00+00:00,2698.0,2698.0,2696.0,2698.0,0.6288,2025,1,20
2025-01-20 04:00:00+00:00,2698.0,2698.0,2697.0,2697.0,0.6823,2025,1,20
2025-01-20 04:05:00+00:00,2697.0,2699.0,2697.0,2698.0,1.362,2025,1,20
2025-01-20 04:10:00+00:00,2697.0,2699.0,2692.0,2697.0,22.7322,2025,1,20
2025-01-20 04:15:00+00:00,2696.0,2698.0,2695.0,2697.0,0.9152,2025,1,20
2025-01-20 04:20:00+00:00,2698.0,2698.0,2696.0,2698.0,1.1397,2025,1,20
2025-01-20 04:25:00+00:00,2697.0,2698.0,2697.0,2697.0,0.5999,2025,1,20
2025-01-20 04:30:00+00:00,2697.0,2699.0,2697.0,2699.0,1.3888,2025,1,20
2025-01-20 04:35:00+00:00,2699.0,2699.0,2698.0,2698.0,0.5489,2025,1,20
2025-01-20 04:40:00+00:00,2698.0,2699.0,2697.0,2697.0,2.0468,2025,1,20
2025-01-20 04:45:00+00:00,2697.0,2704.0,2697.0,2704.0,51.0322,2025,1,20
2025-01-20 04:50:00+00:00,2704.0,2704.0,2702.0,2702.0,0.9497,2025,1,20
2025-01-20 04:55:00+00:00,2703.0,2703.0,2701.0,2701.0,1.7088,2025,1,20
2025-01-20 05:00:00+00:00,2702.0,2702.0,2701.0,2701.0,0.5779,2025,1,20
2025-01-20 05:05:00+00:00,2701.0,2703.0,2701.0,2703.0,1.1016,2025,1,20
2025-01-20 05:10:00+00:00,2702.0,2703.0,2701.0,2701.0,2.126,2025,1,20
2025-01-20 05:15:00+00:00,2702.0,2704.0,2700.0,2703.0,3.4001,2025,1,20
2025-01-20 05:20:00+00:00,2703.0,2704.0,2701.0,2702.0,2.4421,2025,1,20
2025-01-20 05:25:00+00:00,2702.0,2703.0,2701.0,2703.0,1.1628,2025,1,20
2025-01-20 05:30:00+00:00,2703.0,2703.0,2700.0,2700.0,1.3262,2025,1,20
2025-01-20 05:35:00+00:00,2700.0,2702.0,2699.0,2701.0,3.5401,2025,1,20
2025-01-20 05:40:00+00:00,2700.0,2702.0,2698.0,2701.0,3.9585,2025,1,20
2025-01-20 05:45:00+00:00,2701.0,2702.0,2698.0,2700.0,1.9635,2025,1,20
2025-01-20 05:50:00+00:00,2699.0,2700.0,2698.0,2699.0,1.3941,2025,1,20
2025-01-20 05:55:00+00:00,2698.0,2701.0,2698.0,2701.0,1.9398,2025,1,20
2025-01-20 06:00:00+00:00,2701.0,2704.0,2699.0,2703.0,3.8513,2025,1,20
2025-01-20 06:05:00+00:00,2703.0,2704.0,2702.0,2702.0,1.834,2025,1,20
2025-01-20 06:10:00+00:00,2702.0,2704.0,2702.0,2703.0,1.2677,2025,1,20
2025-01-20 06:15:00+00:00,2702.0,2704.0,2702.0,2704.0,1.7935,2025,1,20
2025-01-20 06:20:00+00:00,2703.0,2704.0,2702.0,2704.0,4.7907,2025,1,20
2025-01-20 06:25:00+00:00,2704.0,2704.0,2701.0,2702.0,2.9909,2025,1,20
2025-01-20 06:30:00+00:00,2702.0,2704.0,2701.0,2704.0,7.5849,2025,1,20
2025-01-20 06:35:00+00:00,2704.0,2704.0,2702.0,2704.0,4.1313,2025,1,20
2025-01-20 06:40:00+00:00,2704.0,2708.0,2703.0,2708.0,21.0855,2025,1,20
2025-01-20 06:45:00+00:00,2708.0,2715.0,2707.0,2712.0,73.9063,2025,1,20
2025-01-20 06:50:00+00:00,2712.0,2713.0,2709.0,2712.0,31.1802,2025,1,20
2025-01-20 06:55:00+00:00,2711.0,2718.0,2707.0,2709.0,30.9333,2025,1,20
2025-01-20 07:00:00+00:00,2710.0,2712.0,2704.0,2710.0,20.4904,2025,1,20
2025-01-20 07:05:00+00:00,2710.0,2715.0,2709.0,2710.0,18.9576,2025,1,20
2025-01-20 07:10:00+00:00,2710.0,2713.0,2708.0,2710.0,10.1342,2025,1,20
2025-01-20 07:15:00+00:00,2711.0,2711.0,2695.0,2700.0,103.8929,2025,1,20
2025-01-20 07:20:00+00:00,2701.0,2701.0,2699.0,2700.0,2.762,2025,1,20
2025-01-20 07:25:00+00:00,2700.0,2703.0,2700.0,2702.0,5.308,2025,1,20
2025-01-20 07:30:00+00:00,2702.0,2704.0,2702.0,2702.0,8.8644,2025,1,20
2025-01-20 07:35:00+00:00,2699.0,2701.0,2698.0,2701.0,7.1707,2025,1,20
2025-01-20 07:40:00+00:00,2701.0,2702.0,2697.0,2698.0,10.1797,2025,1,20
2025-01-20 07:45:00+00:00,2699.0,2701.0,2698.0,2699.0,4.6011,2025,1,20
2025-01-20 07:50:00+00:00,2699.0,2701.0,2697.0,2699.0,5.0765,2025,1,20
2025-01-20 07:55:00+00:00,2699.0,2701.0,2699.0,2699.0,5.0696,2025,1,20
2025-01-20 08:00:00+00:00,2701.0,2704.0,2699.0,2704.0,6.9985,2025,1,20
2025-01-20 08:05:00+00:00,2704.0,2705.0,2702.0,2703.0,1.7309,2025,1,20
2025-01-20 08:10:00+00:00,2704.0,2705.0,2702.0,2705.0,1.2573,2025,1,20
2025-01-20 08:15:00+00:00,2704.0,2706.0,2704.0,2705.0,1.856,2025,1,20
2025-01-20 08:20:00+00:00,2706.0,2708.0,2705.0,2706.0,6.076,2025,1,20
2025-01-20 08:25:00+00:00,2704.0,2706.0,2704.0,2705.0,1.4136,2025,1,20
2025-01-20 08:30:00+00:00,2705.0,2705.0,2704.0,2705.0,1.0167,2025,1,20
2025-01-20 08:35:00+00:00,2705.0,2707.0,2704.0,2707.0,2.3869,2025,1,20
2025-01-20 08:40:00+00:00,2705.0,2707.0,2705.0,2706.0,2.5714,2025,1,20
2025-01-20 08:45:00+00:00,2707.0,2708.0,2703.0,2708.0,8.552,2025,1,20
2025-01-20 08:50:00+00:00,2705.0,2707.0,2705.0,2707.0,1.7412,2025,1,20
2025-01-20 08:55:00+00:00,2705.0,2707.0,2704.0,2705.0,3.1657,2025,1,20
2025-01-20 09:00:00+00:00,2704.0,2705.0,2703.0,2703.0,1.2664,2025,1,20
2025-01-20 09:05:00+00:00,2703.0,2706.0,2703.0,2705.0,0.7794,2025,1,20
2025-01-20 09:10:00+00:00,2705.0,2708.0,2705.0,2705.0,1.4018,2025,1,20
2025-01-20 09:15:00+00:00,2707.0,2708.0,2704.0,2704.0,0.9538,2025,1,20
2025-01-20 09:20:00+00:00,2704.0,2705.0,2697.0,2701.0,12.6367,2025,1,20
2025-01-20 09:25:00+00:00,2701.0,2702.0,2699.0,2699.0,5.2297,2025,1,20
2025-01-20 09:30:00+00:00,2699.0,2702.0,2699.0,2700.0,2.8986,2025,1,20
2025-01-20 09:35:00+00:00,2701.0,2702.0,2699.0,2701.0,11.9824,2025,1,20
2025-01-20 09:40:00+00:00,2699.0,2701.0,2698.0,2699.0,6.945,2025,1,20
2025-01-20 09:45:00+00:00,2700.0,2702.0,2699.0,2700.0,1.7097,2025,1,20
2025-01-20 09:50:00+00:00,2700.0,2703.0,2697.0,2700.0,14.3005,2025,1,20
2025-01-20 09:55:00+00:00,2700.0,2704.0,2700.0,2702.0,3.3088,2025,1,20
2025-01-20 10:00:00+00:00,2702.0,2706.0,2702.0,2702.0,5.4979,2025,1,20
2025-01-20 10:05:00+00:00,2704.0,2704.0,2702.0,2703.0,0.8431,2025,1,20
2025-01-20 10:10:00+00:00,2704.0,2705.0,2697.0,2697.0,7.7387,2025,1,20
2025-01-20 10:15:00+00:00,2702.0,2702.0,2695.0,2701.0,36.5725,2025,1,20
2025-01-20 10:20:00+00:00,2701.0,2704.0,2701.0,2703.0,53.1122,2025,1,20
2025-01-20 10:25:00+00:00,2702.0,2704.0,2700.0,2701.0,3.2423,2025,1,20
2025-01-20 10:30:00+00:00,2701.0,2702.0,2700.0,2702.0,1.3655,2025,1,20
2025-01-20 10:35:00+00:00,2701.0,2705.0,2692.0,2704.0,113.6995,2025,1,20
2025-01-20 10:40:00+00:00,2703.0,2705.0,2703.0,2703.0,1.117,2025,1,20
2025-01-20 10:45:00+00:00,2703.0,2705.0,2703.0,2703.0,1.819,2025,1,20
2025-01-20 10:50:00+00:00,2703.0,2704.0,2701.0,2701.0,4.0991,2025,1,20
2025-01-20 10:55:00+00:00,2701.0,2702.0,2700.0,2700.0,8.012,2025,1,20
2025-01-20 11:00:00+00:00,2701.0,2701.0,2700.0,2700.0,1.418,2025,1,20
2025-01-20 11:05:00+00:00,2701.0,2704.0,2700.0,2703.0,10.9495,2025,1,20
2025-01-20 11:10:00+00:00,2704.0,2704.0,2703.0,2703.0,0.9178,2025,1,20
2025-01-20 11:15:00+00:00,2703.0,2705.0,2703.0,2704.0,2.19,2025,1,20
2025-01-20 11:20:00+00:00,2704.0,2705.0,2703.0,2704.0,2.4695,2025,1,20
2025-01-20 11:25:00+00:00,2704.0,2705.0,2702.0,2702.0,7.3044,2025,1,20
2025-01-20 11:30:00+00:00,2704.0,2704.0,2701.0,2701.0,1.4418,2025,1,20
2025-01-20 11:35:00+00:00,2701.0,2703.0,2701.0,2701.0,0.7774,2025,1,20
2025-01-20 11:40:00+00:00,2701.0,2702.0,2701.0,2701.0,0.492,2025,1,20
2025-01-20 11:45:00+00:00,2701.0,2702.0,2701.0,2701.0,0.7861,2025,1,20
2025-01-20 11:50:00+00:00,2701.0,2702.0,2699.0,2701.0,2.7323,2025,1,20
2025-01-20 11:55:00+00:00,2701.0,2704.0,2701.0,2703.0,1.3051,2025,1,20
2025-01-20 12:00:00+00:00,2703.0,2705.0,2703.0,2704.0,4.3512,2025,1,20
2025-01-20 12:05:00+00:00,2705.0,2705.0,2700.0,2701.0,11.1251,2025,1,20
2025-01-20 12:10:00+00:00,2701.0,2702.0,2699.0,2701.0,16.1315,2025,1,20
2025-01-20 12:15:00+00:00,2700.0,2701.0,2697.0,2700.0,48.1768,2025,1,20
2025-01-20 12:20:00+00:00,2701.0,2701.0,2699.0,2700.0,9.5575,2025,1,20
2025-01-20 12:25:00+00:00,2700.0,2704.0,2700.0,2703.0,5.7321,2025,1,20
2025-01-20 12:30:00+00:00,2703.0,2704.0,2701.0,2702.0,1.5663,2025,1,20
2025-01-20 12:35:00+00:00,2703.0,2703.0,2699.0,2699.0,2.2952,2025,1,20
2025-01-20 12:40:00+00:00,2700.0,2701.0,2699.0,2699.0,5.2633,2025,1,20
2025-01-20 12:45:00+00:00,2699.0,2703.0,2699.0,2703.0,7.9901,2025,1,20
2025-01-20 12:50:00+00:00,2702.0,2703.0,2701.0,2703.0,3.6259,2025,1,20
2025-01-20 12:55:00+00:00,2704.0,2705.0,2703.0,2703.0,8.0507,2025,1,20
2025-01-20 13:00:00+00:00,2704.0,2704.0,2702.0,2704.0,1.0803,2025,1,20
2025-01-20 13:05:00+00:00,2704.0,2705.0,2702.0,2704.0,1.5996,2025,1,20
2025-01-20 13:10:00+00:00,2704.0,2704.0,2699.0,2702.0,3.7911,2025,1,20
2025-01-20 13:15:00+00:00,2702.0,2703.0,2701.0,2703.0,1.0527,2025,1,20
2025-01-20 13:20:00+00:00,2703.0,2705.0,2701.0,2705.0,9.4934,2025,1,20
2025-01-20 13:25:00+00:00,2705.0,2705.0,2704.0,2705.0,2.128,2025,1,20
2025-01-20 13:30:00+00:00,2705.0,2705.0,2701.0,2703.0,3.4893,2025,1,20
2025-01-20 13:35:00+00:00,2702.0,2703.0,2701.0,2701.0,3.5584,2025,1,20
2025-01-20 13:40:00+00:00,2700.0,2702.0,2700.0,2700.0,4.9881,2025,1,20
2025-01-20 13:45:00+00:00,2700.0,2702.0,2700.0,2700.0,0.65,2025,1,20
2025-01-20 13:50:00+00:00,2701.0,2702.0,2700.0,2702.0,0.36,2025,1,20
2025-01-20 13:55:00+00:00,2702.0,2702.0,2701.0,2702.0,1.1839,2025,1,20
2025-01-20 14:00:00+00:00,2702.0,2703.0,2701.0,2703.0,1.9231,2025,1,20
2025-01-20 14:05:00+00:00,2702.0,2703.0,2702.0,2702.0,1.9247,2025,1,20
2025-01-20 14:10:00+00:00,2702.0,2703.0,2701.0,2701.0,1.0538,2025,1,20
2025-01-20 14:15:00+00:00,2702.0,2703.0,2700.0,2703.0,3.0125,2025,1,20
2025-01-20 14:20:00+00:00,2703.0,2704.0,2701.0,2704.0,2.3364,2025,1,20
2025-01-20 14:25:00+00:00,2704.0,2706.0,2703.0,2705.0,2.3995,2025,1,20
2025-01-20 14:30:00+00:00,2704.0,2706.0,2704.0,2705.0,4.042,2025,1,20
2025-01-20 14:35:00+00:00,2706.0,2706.0,2705.0,2706.0,4.944,2025,1,20
2025-01-20 14:40:00+00:00,2705.0,2707.0,2704.0,2706.0,4.5541,2025,1,20
2025-01-20 14:45:00+00:00,2706.0,2706.0,2705.0,2706.0,0.1968,2025,1,20
2025-01-20 14:50:00+00:00,2705.0,2708.0,2705.0,2706.0,44.496,2025,1,20
2025-01-20 14:55:00+00:00,2706.0,2711.0,2706.0,2708.0,21.0323,2025,1,20
2025-01-20 15:00:00+00:00,2710.0,2710.0,2705.0,2705.0,3.5834,2025,1,20
2025-01-20 15:05:00+00:00,2705.0,2706.0,2705.0,2706.0,1.3964,2025,1,20
2025-01-20 15:10:00+00:00,2705.0,2709.0,2705.0,2705.0,6.0931,2025,1,20
2025-01-20 15:15:00+00:00,2705.0,2706.0,2703.0,2704.0,2.8235,2025,1,20
2025-01-20 15:20:00+00:00,2704.0,2706.0,2704.0,2705.0,1.0844,2025,1,20
2025-01-20 15:25:00+00:00,2706.0,2706.0,2704.0,2705.0,0.6003,2025,1,20
2025-01-20 15:30:00+00:00,2705.0,2706.0,2700.0,2701.0,17.681,2025,1,20
2025-01-20 15:35:00+00:00,2701.0,2703.0,2699.0,2702.0,11.6641,2025,1,20
2025-01-20 15:40:00+00:00,2701.0,2704.0,2701.0,2704.0,2.7948,2025,1,20
2025-01-20 15:45:00+00:00,2703.0,2704.0,2699.0,2699.0,5.9437,2025,1,20
2025-01-20 15:50:00+00:00,2699.0,2702.0,2699.0,2701.0,6.6563,2025,1,20
2025-01-20 15:55:00+00:00,2699.0,2702.0,2699.0,2702.0,4.3158,2025,1,20
2025-01-20 16:00:00+00:00,2702.0,2703.0,2700.0,2701.0,2.4125,2025,1,20
2025-01-20 16:05:00+00:00,2701.0,2703.0,2699.0,2699.0,1.9898,2025,1,20
2025-01-20 16:10:00+00:00,2699.0,2701.0,2699.0,2700.0,7.3585,2025,1,20
2025-01-20 16:15:00+00:00,2699.0,2702.0,2699.0,2701.0,6.0243,2025,1,20
2025-01-20 16:20:00+00:00,2701.0,2702.0,2699.0,2702.0,16.7842,2025,1,20
2025-01-20 16:25:00+00:00,2700.0,2702.0,2697.0,2700.0,9.6982,2025,1,20
2025-01-20 16:30:00+00:00,2700.0,2701.0,2697.0,2700.0,1.5468,2025,1,20
2025-01-20 16:35:00+00:00,2700.0,2706.0,2699.0,2703.0,7.7602,2025,1,20
2025-01-20 16:40:00+00:00,2705.0,2707.0,2704.0,2706.0,2.1144,2025,1,20
2025-01-20 16:45:00+00:00,2706.0,2708.0,2705.0,2707.0,1.3707,2025,1,20
2025-01-20 16:50:00+00:00,2707.0,2707.0,2705.0,2706.0,2.069,2025,1,20
2025-01-20 16:55:00+00:00,2705.0,2706.0,2704.0,2705.0,1.933,2025,1,20
2025-01-20 17:00:00+00:00,2705.0,2706.0,2702.0,2702.0,3.411,2025,1,20
2025-01-20 17:05:00+00:00,2702.0,2704.0,2697.0,2702.0,26.9175,2025,1,20
2025-01-20 17:10:00+00:00,2700.0,2702.0,2697.0,2697.0,8.2879,2025,1,20
2025-01-20 17:15:00+00:00,2697.0,2701.0,2697.0,2700.0,3.0928,2025,1,20
2025-01-20 17:20:00+00:00,2700.0,2702.0,2700.0,2700.0,4.7006,2025,1,20
2025-01-20 17:25:00+00:00,2701.0,2702.0,2698.0,2700.0,2.7845,2025,1,20
2025-01-20 17:30:00+00:00,2700.0,2703.0,2699.0,2703.0,19.4367,2025,1,20
2025-01-20 17:35:00+00:00,2702.0,2705.0,2698.0,2700.0,12.4687,2025,1,20
2025-01-20 17:40:00+00:00,2701.0,2703.0,2697.0,2698.0,51.0664,2025,1,20
2025-01-20 17:45:00+00:00,2699.0,2706.0,2698.0,2703.0,14.568,2025,1,20
2025-01-20 17:50:00+00:00,2705.0,2706.0,2702.0,2704.0,16.4429,2025,1,20
2025-01-20 17:55:00+00:00,2704.0,2708.0,2703.0,2708.0,9.7943,2025,1,20
2025-01-20 18:00:00+00:00,2708.0,2708.0,2705.0,2708.0,7.9057,2025,1,20
2025-01-20 18:05:00+00:00,2707.0,2708.0,2705.0,2707.0,9.7052,2025,1,20
2025-01-20 18:10:00+00:00,2707.0,2708.0,2705.0,2708.0,12.5426,2025,1,20
2025-01-20 18:15:00+00:00,2707.0,2708.0,2706.0,2708.0,10.0419,2025,1,20
2025-01-20 18:20:00+00:00,2708.0,2708.0,2706.0,2708.0,7.6806,2025,1,20
2025-01-20 18:25:00+00:00,2707.0,2709.0,2707.0,2709.0,2.206,2025,1,20
2025-01-20 18:30:00+00:00,2707.0,2709.0,2707.0,2709.0,2.1605,2025,1,20
2025-01-20 18:35:00+00:00,2708.0,2709.0,2707.0,2708.0,0.8769,2025,1,20
2025-01-20 18:40:00+00:00,2708.0,2709.0,2707.0,2709.0,1.196,2025,1,20
2025-01-20 18:45:00+00:00,2708.0,2709.0,2707.0,2709.0,3.0357,2025,1,20
2025-01-20 18:50:00+00:00,2708.0,2711.0,2707.0,2709.0,5.3155,2025,1,20
2025-01-20 18:55:00+00:00,2709.0,2713.0,2707.0,2707.0,7.1972,2025,1,20
2025-01-20 19:00:00+00:00,2709.0,2712.0,2707.0,2708.0,3.9699,2025,1,20
2025-01-20 19:05:00+00:00,2708.0,2711.0,2705.0,2705.0,5.8515,2025,1,20
2025-01-20 19:10:00+00:00,2705.0,2707.0,2705.0,2705.0,1.3044,2025,1,20
2025-01-20 19:15:00+00:00,2705.0,2708.0,2705.0,2707.0,2.5708,2025,1,20
2025-01-20 19:20:00+00:00,2707.0,2709.0,2705.0,2706.0,6.0617,2025,1,20
2025-01-20 19:25:00+00:00,2706.0,2710.0,2706.0,2706.0,5.8898,2025,1,20
2025-01-20 19:30:00+00:00,2706.0,2707.0,2701.0,2705.0,9.9905,2025,1,20
2025-01-20 19:35:00+00:00,2706.0,2710.0,2706.0,2709.0,6.4491,2025,1,20
2025-01-20 19:40:00+00:00,2708.0,2709.0,2708.0,2709.0,9.1376,2025,1,20
2025-01-20 19:45:00+00:00,2709.0,2709.0,2708.0,2709.0,3.3587,2025,1,20
2025-01-20 19:50:00+00:00,2709.0,2710.0,2708.0,2708.0,4.4149,2025,1,20
2025-01-20 19:55:00+00:00,2709.0,2709.0,2708.0,2709.0,1.7251,2025,1,20
2025-01-20 20:00:00+00:00,2709.0,2709.0,2708.0,2708.0,3.0822,2025,1,20
2025-01-20 20:05:00+00:00,2709.0,2709.0,2708.0,2709.0,1.8029,2025,1,20
2025-01-20 20:10:00+00:00,2708.0,2709.0,2708.0,2709.0,1.9912,2025,1,20
2025-01-20 20:15:00+00:00,2708.0,2711.0,2708.0,2708.0,7.2131,2025,1,20
2025-01-20 20:20:00+00:00,2710.0,2711.0,2708.0,2709.0,9.1648,2025,1,20
2025-01-20 20:25:00+00:00,2709.0,2710.0,2708.0,2710.0,8.6024,2025,1,20
2025-01-20 20:30:00+00:00,2709.0,2711.0,2709.0,2709.0,4.6173,2025,1,20
2025-01-20 20:35:00+00:00,2710.0,2710.0,2709.0,2710.0,1.4399,2025,1,20
2025-01-20 20:40:00+00:00,2710.0,2710.0,2709.0,2709.0,1.3596,2025,1,20
2025-01-20 20:45:00+00:00,2710.0,2710.0,2709.0,2709.0,0.3641,2025,1,20
2025-01-20 20:50:00+00:00,2710.0,2710.0,2709.0,2709.0,0.7995,2025,1,20
2025-01-20 20:55:00+00:00,2710.0,2710.0,2708.0,2709.0,1.4951,2025,1,20
2025-01-20 21:00:00+00:00,2708.0,2709.0,2708.0,2708.0,2.3688,2025,1,20
2025-01-20 21:05:00+00:00,2708.0,2709.0,2708.0,2708.0,31.3346,2025,1,20
2025-01-20 21:10:00+00:00,2709.0,2709.0,2708.0,2709.0,2.0162,2025,1,20
2025-01-20 21:15:00+00:00,2709.0,2710.0,2708.0,2708.0,3.8009,2025,1,20
2025-01-20 21:20:00+00:00,2708.0,2710.0,2708.0,2709.0,3.0672,2025,1,20
2025-01-20 21:25:00+00:00,2708.0,2709.0,2708.0,2708.0,1.2636,2025,1,20
2025-01-20 21:30:00+00:00,2709.0,2710.0,2707.0,2707.0,6.453,2025,1,20
2025-01-20 21:35:00+00:00,2708.0,2710.0,2707.0,2707.0,2.0745,2025,1,20
2025-01-20 21:40:00+00:00,2707.0,2707.0,2706.0,2706.0,0.569,2025,1,20
2025-01-20 21:45:00+00:00,2706.0,2708.0,2705.0,2706.0,2.8912,2025,1,20
2025-01-20 21:50:00+00:00,2705.0,2706.0,2704.0,2704.0,2.2825,2025,1,20
2025-01-20 21:55:00+00:00,2705.0,2705.0,2702.0,2703.0,3.2381,2025,1,20
2025-01-20 22:00:00+00:00,2704.0,2704.0,2699.0,2700.0,12.9352,2025,1,20
2025-01-20 22:05:00+00:00,2699.0,2701.0,2699.0,2701.0,4.1842,2025,1,20
2025-01-20 22:10:00+00:00,2700.0,2701.0,2699.0,2701.0,1.3223,2025,1,20
2025-01-20 22:15:00+00:00,2699.0,2705.0,2699.0,2704.0,3.1672,2025,1,20
2025-01-20 22:20:00+00:00,2704.0,2705.0,2703.0,2704.0,0.9306,2025,1,20
2025-01-20 22:25:00+00:00,2703.0,2705.0,2703.0,2705.0,0.47,2025,1,20
2025-01-20 22:30:00+00:00,2705.0,2705.0,2704.0,2705.0,1.2769,2025,1,20
2025-01-20 22:35:00+00:00,2705.0,2706.0,2704.0,2706.0,1.0689,2025,1,20
2025-01-20 22:40:00+00:00,2705.0,2705.0,2702.0,2703.0,0.4122,2025,1,20
2025-01-20 22:45:00+00:00,2704.0,2704.0,2703.0,2703.0,0.5284,2025,1,20
2025-01-20 22:50:00+00:00,2704.0,2704.0,2702.0,2704.0,1.0136,2025,1,20
2025-01-20 22:55:00+00:00,2704.0,2704.0,2701.0,2702.0,0.7862,2025,1,20
2025-01-20 23:00:00+00:00,2702.0,2702.0,2701.0,2702.0,1.0902,2025,1,20
2025-01-20 23:05:00+00:00,2702.0,2702.0,2700.0,2701.0,0.647,2025,1,20
2025-01-20 23:10:00+00:00,2700.0,2701.0,2700.0,2700.0,0.1517,2025,1,20
2025-01-20 23:15:00+00:00,2701.0,2701.0,2700.0,2700.0,1.6904,2025,1,20
2025-01-20 23:20:00+00:00,2701.0,2701.0,2700.0,2700.0,1.1014,2025,1,20
2025-01-20 23:25:00+00:00,2700.0,2701.0,2700.0,2700.0,0.3011,2025,1,20
2025-01-20 23:30:00+00:00,2701.0,2701.0,2700.0,2700.0,2.3247,2025,1,20
2025-01-20 23:35:00+00:00,2701.0,2701.0,2700.0,2700.0,0.5407,2025,1,20
2025-01-20 23:40:00+00:00,2700.0,2701.0,2700.0,2701.0,0.2369,2025,1,20
2025-01-20 23:45:00+00:00,2701.0,2701.0,2699.0,2699.0,1.5355,2025,1,20
2025-01-20 23:50:00+00:00,2699.0,2701.0,2699.0,2700.0,7.2709,2025,1,20
2025-01-20 23:55:00+00:00,2700.0,2701.0,2699.0,2701.0,2.7646,2025,1,20
