timestamp,open,high,low,close,volume,year,month,day
2024-07-01 00:00:00+00:00,2313.0,2313.0,2311.0,2312.0,0.8991,2024,7,1
2024-07-01 00:05:00+00:00,2311.0,2311.0,2309.0,2310.0,2.0868,2024,7,1
2024-07-01 00:10:00+00:00,2310.0,2311.0,2310.0,2310.0,0.4597,2024,7,1
2024-07-01 00:15:00+00:00,2310.0,2311.0,2310.0,2311.0,0.3356,2024,7,1
2024-07-01 00:20:00+00:00,2311.0,2312.0,2311.0,2312.0,0.1098,2024,7,1
2024-07-01 00:25:00+00:00,2312.0,2312.0,2309.0,2310.0,1.9625,2024,7,1
2024-07-01 00:30:00+00:00,2310.0,2310.0,2309.0,2310.0,0.0443,2024,7,1
2024-07-01 00:35:00+00:00,2309.0,2310.0,2308.0,2309.0,0.4878,2024,7,1
2024-07-01 00:40:00+00:00,2309.0,2309.0,2308.0,2308.0,0.198,2024,7,1
2024-07-01 00:45:00+00:00,2309.0,2309.0,2309.0,2309.0,0.4235,2024,7,1
2024-07-01 00:50:00+00:00,2309.0,2310.0,2309.0,2309.0,1.1467,2024,7,1
2024-07-01 00:55:00+00:00,2310.0,2310.0,2309.0,2310.0,0.1342,2024,7,1
2024-07-01 01:00:00+00:00,2310.0,2310.0,2308.0,2309.0,0.2038,2024,7,1
2024-07-01 01:05:00+00:00,2309.0,2312.0,2308.0,2312.0,7.1635,2024,7,1
2024-07-01 01:10:00+00:00,2312.0,2316.0,2312.0,2315.0,28.6832,2024,7,1
2024-07-01 01:15:00+00:00,2315.0,2318.0,2314.0,2315.0,40.3308,2024,7,1
2024-07-01 01:20:00+00:00,2315.0,2316.0,2314.0,2315.0,1.9316,2024,7,1
2024-07-01 01:25:00+00:00,2315.0,2319.0,2315.0,2316.0,10.6444,2024,7,1
2024-07-01 01:30:00+00:00,2315.0,2317.0,2314.0,2316.0,0.2833,2024,7,1
2024-07-01 01:35:00+00:00,2316.0,2319.0,2316.0,2317.0,8.9031,2024,7,1
2024-07-01 01:40:00+00:00,2319.0,2319.0,2315.0,2317.0,3.7603,2024,7,1
2024-07-01 01:45:00+00:00,2317.0,2318.0,2315.0,2317.0,0.1355,2024,7,1
2024-07-01 01:50:00+00:00,2316.0,2317.0,2315.0,2315.0,3.209,2024,7,1
2024-07-01 01:55:00+00:00,2317.0,2317.0,2315.0,2317.0,0.4926,2024,7,1
2024-07-01 02:00:00+00:00,2315.0,2317.0,2314.0,2315.0,1.0777,2024,7,1
2024-07-01 02:05:00+00:00,2317.0,2317.0,2314.0,2314.0,0.4833,2024,7,1
2024-07-01 02:10:00+00:00,2315.0,2315.0,2312.0,2312.0,1.4463,2024,7,1
2024-07-01 02:15:00+00:00,2314.0,2314.0,2311.0,2312.0,0.3405,2024,7,1
2024-07-01 02:20:00+00:00,2312.0,2315.0,2311.0,2314.0,2.0261,2024,7,1
2024-07-01 02:25:00+00:00,2314.0,2315.0,2311.0,2312.0,8.7039,2024,7,1
2024-07-01 02:30:00+00:00,2313.0,2314.0,2311.0,2311.0,22.4828,2024,7,1
2024-07-01 02:35:00+00:00,2311.0,2312.0,2311.0,2311.0,1.2206,2024,7,1
2024-07-01 02:40:00+00:00,2311.0,2312.0,2310.0,2310.0,0.5648,2024,7,1
2024-07-01 02:45:00+00:00,2311.0,2312.0,2310.0,2310.0,1.1199,2024,7,1
2024-07-01 02:50:00+00:00,2310.0,2312.0,2310.0,2310.0,0.6832,2024,7,1
2024-07-01 02:55:00+00:00,2310.0,2312.0,2310.0,2310.0,0.8638,2024,7,1
2024-07-01 03:00:00+00:00,2312.0,2313.0,2310.0,2312.0,2.0064,2024,7,1
2024-07-01 03:05:00+00:00,2311.0,2312.0,2310.0,2311.0,0.5899,2024,7,1
2024-07-01 03:10:00+00:00,2311.0,2313.0,2311.0,2312.0,0.5346,2024,7,1
2024-07-01 03:15:00+00:00,2312.0,2313.0,2312.0,2313.0,0.2296,2024,7,1
2024-07-01 03:20:00+00:00,2313.0,2313.0,2312.0,2312.0,0.1852,2024,7,1
2024-07-01 03:25:00+00:00,2312.0,2313.0,2312.0,2313.0,0.2128,2024,7,1
2024-07-01 03:30:00+00:00,2312.0,2313.0,2312.0,2312.0,0.4534,2024,7,1
2024-07-01 03:35:00+00:00,2312.0,2313.0,2312.0,2312.0,0.532,2024,7,1
2024-07-01 03:40:00+00:00,2313.0,2313.0,2311.0,2311.0,0.621,2024,7,1
2024-07-01 03:45:00+00:00,2312.0,2313.0,2311.0,2311.0,2.9327,2024,7,1
2024-07-01 03:50:00+00:00,2311.0,2313.0,2311.0,2311.0,1.6545,2024,7,1
2024-07-01 03:55:00+00:00,2311.0,2313.0,2311.0,2311.0,0.2806,2024,7,1
2024-07-01 04:00:00+00:00,2313.0,2313.0,2310.0,2311.0,1.6045,2024,7,1
2024-07-01 04:05:00+00:00,2312.0,2312.0,2310.0,2312.0,0.7748,2024,7,1
2024-07-01 04:10:00+00:00,2311.0,2312.0,2309.0,2309.0,0.1721,2024,7,1
2024-07-01 04:15:00+00:00,2311.0,2311.0,2309.0,2309.0,0.9585,2024,7,1
2024-07-01 04:20:00+00:00,2309.0,2312.0,2308.0,2310.0,3.6786,2024,7,1
2024-07-01 04:25:00+00:00,2310.0,2311.0,2310.0,2310.0,0.287,2024,7,1
2024-07-01 04:30:00+00:00,2311.0,2312.0,2310.0,2310.0,2.603,2024,7,1
2024-07-01 04:35:00+00:00,2310.0,2310.0,2309.0,2309.0,0.146,2024,7,1
2024-07-01 04:40:00+00:00,2309.0,2310.0,2308.0,2309.0,0.3286,2024,7,1
2024-07-01 04:45:00+00:00,2309.0,2310.0,2308.0,2308.0,0.5511,2024,7,1
2024-07-01 04:50:00+00:00,2309.0,2313.0,2308.0,2312.0,10.3255,2024,7,1
2024-07-01 04:55:00+00:00,2310.0,2312.0,2310.0,2312.0,0.429,2024,7,1
2024-07-01 05:00:00+00:00,2312.0,2312.0,2309.0,2310.0,0.2028,2024,7,1
2024-07-01 05:05:00+00:00,2311.0,2311.0,2308.0,2310.0,1.0996,2024,7,1
2024-07-01 05:10:00+00:00,2310.0,2312.0,2309.0,2311.0,1.0484,2024,7,1
2024-07-01 05:15:00+00:00,2311.0,2311.0,2310.0,2310.0,0.0689,2024,7,1
2024-07-01 05:20:00+00:00,2311.0,2311.0,2309.0,2309.0,0.0622,2024,7,1
2024-07-01 05:25:00+00:00,2311.0,2311.0,2311.0,2311.0,0.0923,2024,7,1
2024-07-01 05:30:00+00:00,2310.0,2310.0,2308.0,2310.0,2.3559,2024,7,1
2024-07-01 05:35:00+00:00,2309.0,2310.0,2309.0,2310.0,0.0074,2024,7,1
2024-07-01 05:40:00+00:00,2309.0,2310.0,2309.0,2309.0,0.2069,2024,7,1
2024-07-01 05:45:00+00:00,2309.0,2309.0,2308.0,2308.0,0.0181,2024,7,1
2024-07-01 05:50:00+00:00,2309.0,2311.0,2308.0,2310.0,13.1387,2024,7,1
2024-07-01 05:55:00+00:00,2310.0,2310.0,2308.0,2310.0,0.7227,2024,7,1
2024-07-01 06:00:00+00:00,2310.0,2311.0,2308.0,2311.0,0.1679,2024,7,1
2024-07-01 06:05:00+00:00,2311.0,2311.0,2311.0,2311.0,0.2803,2024,7,1
2024-07-01 06:10:00+00:00,2311.0,2312.0,2309.0,2311.0,1.4099,2024,7,1
2024-07-01 06:15:00+00:00,2311.0,2311.0,2310.0,2310.0,0.1657,2024,7,1
2024-07-01 06:20:00+00:00,2311.0,2312.0,2311.0,2312.0,1.822,2024,7,1
2024-07-01 06:25:00+00:00,2311.0,2312.0,2311.0,2311.0,0.2205,2024,7,1
2024-07-01 06:30:00+00:00,2312.0,2312.0,2311.0,2312.0,0.1703,2024,7,1
2024-07-01 06:35:00+00:00,2311.0,2312.0,2311.0,2312.0,0.0156,2024,7,1
2024-07-01 06:40:00+00:00,2312.0,2313.0,2311.0,2312.0,0.8446,2024,7,1
2024-07-01 06:45:00+00:00,2312.0,2314.0,2312.0,2314.0,0.2631,2024,7,1
2024-07-01 06:50:00+00:00,2314.0,2314.0,2312.0,2312.0,0.0626,2024,7,1
2024-07-01 06:55:00+00:00,2314.0,2314.0,2313.0,2313.0,0.7151,2024,7,1
2024-07-01 07:00:00+00:00,2314.0,2314.0,2312.0,2314.0,0.9358,2024,7,1
2024-07-01 07:05:00+00:00,2314.0,2314.0,2312.0,2314.0,0.5138,2024,7,1
2024-07-01 07:10:00+00:00,2314.0,2314.0,2312.0,2313.0,0.051,2024,7,1
2024-07-01 07:15:00+00:00,2312.0,2314.0,2312.0,2314.0,0.2333,2024,7,1
2024-07-01 07:20:00+00:00,2312.0,2314.0,2312.0,2313.0,0.286,2024,7,1
2024-07-01 07:25:00+00:00,2311.0,2313.0,2311.0,2313.0,0.3434,2024,7,1
2024-07-01 07:30:00+00:00,2312.0,2314.0,2312.0,2314.0,0.3629,2024,7,1
2024-07-01 07:35:00+00:00,2312.0,2313.0,2311.0,2312.0,1.0335,2024,7,1
2024-07-01 07:40:00+00:00,2312.0,2314.0,2311.0,2313.0,1.2581,2024,7,1
2024-07-01 07:45:00+00:00,2312.0,2313.0,2311.0,2312.0,1.0494,2024,7,1
2024-07-01 07:50:00+00:00,2312.0,2314.0,2310.0,2313.0,2.2246,2024,7,1
2024-07-01 07:55:00+00:00,2314.0,2314.0,2312.0,2313.0,13.69,2024,7,1
2024-07-01 08:00:00+00:00,2312.0,2314.0,2311.0,2314.0,14.6155,2024,7,1
2024-07-01 08:05:00+00:00,2312.0,2313.0,2311.0,2311.0,3.716,2024,7,1
2024-07-01 08:10:00+00:00,2312.0,2312.0,2311.0,2311.0,0.1237,2024,7,1
2024-07-01 08:15:00+00:00,2312.0,2312.0,2311.0,2312.0,0.0994,2024,7,1
2024-07-01 08:20:00+00:00,2311.0,2312.0,2311.0,2311.0,0.9355,2024,7,1
2024-07-01 08:25:00+00:00,2311.0,2311.0,2310.0,2310.0,0.3327,2024,7,1
2024-07-01 08:30:00+00:00,2311.0,2311.0,2310.0,2310.0,0.1092,2024,7,1
2024-07-01 08:35:00+00:00,2310.0,2311.0,2310.0,2310.0,0.7867,2024,7,1
2024-07-01 08:40:00+00:00,2310.0,2311.0,2310.0,2311.0,0.1111,2024,7,1
2024-07-01 08:45:00+00:00,2311.0,2311.0,2310.0,2310.0,0.3609,2024,7,1
2024-07-01 08:50:00+00:00,2311.0,2311.0,2309.0,2310.0,0.4029,2024,7,1
2024-07-01 08:55:00+00:00,2310.0,2311.0,2310.0,2310.0,0.173,2024,7,1
2024-07-01 09:00:00+00:00,2310.0,2311.0,2309.0,2309.0,0.1756,2024,7,1
2024-07-01 09:05:00+00:00,2309.0,2311.0,2309.0,2311.0,1.0855,2024,7,1
2024-07-01 09:10:00+00:00,2310.0,2311.0,2310.0,2311.0,0.2052,2024,7,1
2024-07-01 09:15:00+00:00,2311.0,2311.0,2310.0,2310.0,0.1559,2024,7,1
2024-07-01 09:20:00+00:00,2310.0,2311.0,2309.0,2310.0,1.0979,2024,7,1
2024-07-01 09:25:00+00:00,2310.0,2311.0,2310.0,2311.0,0.7968,2024,7,1
2024-07-01 09:30:00+00:00,2310.0,2310.0,2310.0,2310.0,0.1156,2024,7,1
2024-07-01 09:35:00+00:00,2310.0,2311.0,2310.0,2311.0,0.5705,2024,7,1
2024-07-01 09:40:00+00:00,2311.0,2315.0,2310.0,2312.0,2.3599,2024,7,1
2024-07-01 09:45:00+00:00,2312.0,2314.0,2312.0,2313.0,0.7649,2024,7,1
2024-07-01 09:50:00+00:00,2313.0,2313.0,2312.0,2312.0,0.0765,2024,7,1
2024-07-01 09:55:00+00:00,2312.0,2314.0,2312.0,2314.0,0.1221,2024,7,1
2024-07-01 10:00:00+00:00,2313.0,2313.0,2308.0,2311.0,4.5957,2024,7,1
2024-07-01 10:05:00+00:00,2311.0,2312.0,2311.0,2311.0,0.1889,2024,7,1
2024-07-01 10:10:00+00:00,2312.0,2312.0,2310.0,2311.0,1.4816,2024,7,1
2024-07-01 10:15:00+00:00,2312.0,2315.0,2312.0,2313.0,2.2335,2024,7,1
2024-07-01 10:20:00+00:00,2313.0,2314.0,2313.0,2313.0,0.6027,2024,7,1
2024-07-01 10:25:00+00:00,2313.0,2314.0,2313.0,2313.0,0.1514,2024,7,1
2024-07-01 10:30:00+00:00,2314.0,2314.0,2313.0,2313.0,0.3178,2024,7,1
2024-07-01 10:35:00+00:00,2314.0,2314.0,2313.0,2314.0,0.3902,2024,7,1
2024-07-01 10:40:00+00:00,2313.0,2313.0,2312.0,2312.0,1.4648,2024,7,1
2024-07-01 10:45:00+00:00,2312.0,2313.0,2312.0,2313.0,0.4513,2024,7,1
2024-07-01 10:50:00+00:00,2312.0,2314.0,2312.0,2313.0,0.8073,2024,7,1
2024-07-01 10:55:00+00:00,2312.0,2314.0,2312.0,2314.0,2.4234,2024,7,1
2024-07-01 11:00:00+00:00,2314.0,2315.0,2313.0,2313.0,2.8852,2024,7,1
2024-07-01 11:05:00+00:00,2312.0,2316.0,2312.0,2314.0,3.0355,2024,7,1
2024-07-01 11:10:00+00:00,2315.0,2316.0,2314.0,2315.0,3.3629,2024,7,1
2024-07-01 11:15:00+00:00,2315.0,2315.0,2314.0,2315.0,1.1751,2024,7,1
2024-07-01 11:20:00+00:00,2315.0,2316.0,2314.0,2315.0,0.3978,2024,7,1
2024-07-01 11:25:00+00:00,2315.0,2316.0,2314.0,2314.0,6.9189,2024,7,1
2024-07-01 11:30:00+00:00,2314.0,2316.0,2314.0,2315.0,1.6174,2024,7,1
2024-07-01 11:35:00+00:00,2316.0,2316.0,2314.0,2316.0,3.3856,2024,7,1
2024-07-01 11:40:00+00:00,2315.0,2316.0,2315.0,2315.0,0.0656,2024,7,1
2024-07-01 11:45:00+00:00,2316.0,2317.0,2315.0,2317.0,4.4581,2024,7,1
2024-07-01 11:50:00+00:00,2316.0,2319.0,2316.0,2318.0,40.8923,2024,7,1
2024-07-01 11:55:00+00:00,2318.0,2319.0,2318.0,2319.0,6.411,2024,7,1
2024-07-01 12:00:00+00:00,2319.0,2320.0,2319.0,2319.0,0.5271,2024,7,1
2024-07-01 12:05:00+00:00,2320.0,2320.0,2319.0,2320.0,0.599,2024,7,1
2024-07-01 12:10:00+00:00,2319.0,2320.0,2319.0,2320.0,0.343,2024,7,1
2024-07-01 12:15:00+00:00,2319.0,2319.0,2312.0,2317.0,13.1457,2024,7,1
2024-07-01 12:20:00+00:00,2317.0,2320.0,2317.0,2318.0,10.2976,2024,7,1
2024-07-01 12:25:00+00:00,2318.0,2320.0,2318.0,2318.0,2.2584,2024,7,1
2024-07-01 12:30:00+00:00,2318.0,2320.0,2317.0,2319.0,5.1502,2024,7,1
2024-07-01 12:35:00+00:00,2318.0,2319.0,2318.0,2319.0,0.3806,2024,7,1
2024-07-01 12:40:00+00:00,2318.0,2320.0,2316.0,2316.0,8.2414,2024,7,1
2024-07-01 12:45:00+00:00,2316.0,2316.0,2313.0,2316.0,3.4089,2024,7,1
2024-07-01 12:50:00+00:00,2316.0,2318.0,2315.0,2315.0,5.8961,2024,7,1
2024-07-01 12:55:00+00:00,2316.0,2316.0,2315.0,2316.0,0.2766,2024,7,1
2024-07-01 13:00:00+00:00,2315.0,2316.0,2315.0,2315.0,0.9694,2024,7,1
2024-07-01 13:05:00+00:00,2315.0,2316.0,2313.0,2315.0,6.3079,2024,7,1
2024-07-01 13:10:00+00:00,2315.0,2317.0,2314.0,2314.0,1.5532,2024,7,1
2024-07-01 13:15:00+00:00,2316.0,2316.0,2315.0,2315.0,0.4108,2024,7,1
2024-07-01 13:20:00+00:00,2315.0,2315.0,2314.0,2314.0,0.873,2024,7,1
2024-07-01 13:25:00+00:00,2314.0,2315.0,2314.0,2315.0,0.3896,2024,7,1
2024-07-01 13:30:00+00:00,2314.0,2318.0,2313.0,2314.0,4.6062,2024,7,1
2024-07-01 13:35:00+00:00,2313.0,2313.0,2313.0,2313.0,0.052,2024,7,1
2024-07-01 13:40:00+00:00,2314.0,2316.0,2314.0,2316.0,1.2845,2024,7,1
2024-07-01 13:45:00+00:00,2315.0,2315.0,2315.0,2315.0,0.4955,2024,7,1
2024-07-01 13:50:00+00:00,2315.0,2316.0,2314.0,2314.0,5.9031,2024,7,1
2024-07-01 13:55:00+00:00,2315.0,2315.0,2314.0,2315.0,0.1634,2024,7,1
2024-07-01 14:00:00+00:00,2315.0,2317.0,2315.0,2316.0,0.9626,2024,7,1
2024-07-01 14:05:00+00:00,2317.0,2317.0,2316.0,2317.0,0.5861,2024,7,1
2024-07-01 14:10:00+00:00,2316.0,2316.0,2314.0,2314.0,2.8651,2024,7,1
2024-07-01 14:15:00+00:00,2314.0,2315.0,2313.0,2314.0,0.2438,2024,7,1
2024-07-01 14:20:00+00:00,2313.0,2314.0,2310.0,2311.0,11.3479,2024,7,1
2024-07-01 14:25:00+00:00,2310.0,2312.0,2310.0,2311.0,1.2458,2024,7,1
2024-07-01 14:30:00+00:00,2311.0,2311.0,2310.0,2311.0,0.0511,2024,7,1
2024-07-01 14:35:00+00:00,2311.0,2311.0,2310.0,2310.0,0.1731,2024,7,1
2024-07-01 14:40:00+00:00,2310.0,2313.0,2308.0,2311.0,34.1801,2024,7,1
2024-07-01 14:45:00+00:00,2312.0,2312.0,2310.0,2311.0,0.635,2024,7,1
2024-07-01 14:50:00+00:00,2311.0,2313.0,2311.0,2313.0,1.3259,2024,7,1
2024-07-01 14:55:00+00:00,2313.0,2314.0,2310.0,2310.0,9.6324,2024,7,1
2024-07-01 15:00:00+00:00,2311.0,2313.0,2311.0,2311.0,0.8589,2024,7,1
2024-07-01 15:05:00+00:00,2312.0,2312.0,2312.0,2312.0,0.0958,2024,7,1
2024-07-01 15:10:00+00:00,2311.0,2317.0,2311.0,2316.0,2.5315,2024,7,1
2024-07-01 15:15:00+00:00,2316.0,2316.0,2314.0,2314.0,0.0423,2024,7,1
2024-07-01 15:20:00+00:00,2315.0,2316.0,2314.0,2314.0,0.7969,2024,7,1
2024-07-01 15:25:00+00:00,2314.0,2317.0,2314.0,2315.0,6.1569,2024,7,1
2024-07-01 15:30:00+00:00,2314.0,2315.0,2314.0,2315.0,0.1756,2024,7,1
2024-07-01 15:35:00+00:00,2315.0,2316.0,2313.0,2314.0,4.9939,2024,7,1
2024-07-01 15:40:00+00:00,2315.0,2316.0,2314.0,2314.0,0.242,2024,7,1
2024-07-01 15:45:00+00:00,2315.0,2315.0,2314.0,2314.0,0.7832,2024,7,1
2024-07-01 15:50:00+00:00,2315.0,2315.0,2314.0,2314.0,0.8237,2024,7,1
2024-07-01 15:55:00+00:00,2315.0,2315.0,2314.0,2315.0,0.9738,2024,7,1
2024-07-01 16:00:00+00:00,2314.0,2315.0,2314.0,2314.0,0.2661,2024,7,1
2024-07-01 16:05:00+00:00,2315.0,2315.0,2314.0,2315.0,0.2983,2024,7,1
2024-07-01 16:10:00+00:00,2315.0,2316.0,2314.0,2315.0,5.2212,2024,7,1
2024-07-01 16:15:00+00:00,2316.0,2318.0,2315.0,2318.0,1.498,2024,7,1
2024-07-01 16:20:00+00:00,2316.0,2317.0,2315.0,2316.0,0.4723,2024,7,1
2024-07-01 16:25:00+00:00,2316.0,2317.0,2315.0,2316.0,0.077,2024,7,1
2024-07-01 16:30:00+00:00,2316.0,2317.0,2316.0,2317.0,0.0487,2024,7,1
2024-07-01 16:35:00+00:00,2316.0,2319.0,2316.0,2316.0,15.1768,2024,7,1
2024-07-01 16:40:00+00:00,2315.0,2316.0,2314.0,2316.0,1.4714,2024,7,1
2024-07-01 16:45:00+00:00,2316.0,2316.0,2312.0,2312.0,4.8786,2024,7,1
2024-07-01 16:50:00+00:00,2313.0,2313.0,2313.0,2313.0,0.0373,2024,7,1
2024-07-01 16:55:00+00:00,2313.0,2313.0,2313.0,2313.0,0.2546,2024,7,1
2024-07-01 17:00:00+00:00,2314.0,2314.0,2313.0,2314.0,0.111,2024,7,1
2024-07-01 17:05:00+00:00,2313.0,2314.0,2313.0,2313.0,0.0774,2024,7,1
2024-07-01 17:10:00+00:00,2313.0,2313.0,2312.0,2313.0,0.7819,2024,7,1
2024-07-01 17:15:00+00:00,2313.0,2313.0,2311.0,2311.0,0.9378,2024,7,1
2024-07-01 17:20:00+00:00,2311.0,2313.0,2311.0,2313.0,1.1369,2024,7,1
2024-07-01 17:25:00+00:00,2314.0,2314.0,2313.0,2314.0,0.5083,2024,7,1
2024-07-01 17:30:00+00:00,2314.0,2315.0,2313.0,2315.0,1.144,2024,7,1
2024-07-01 17:35:00+00:00,2315.0,2316.0,2314.0,2316.0,0.1839,2024,7,1
2024-07-01 17:40:00+00:00,2314.0,2316.0,2314.0,2315.0,0.3765,2024,7,1
2024-07-01 17:45:00+00:00,2315.0,2315.0,2313.0,2313.0,0.2385,2024,7,1
2024-07-01 17:50:00+00:00,2314.0,2316.0,2313.0,2316.0,0.6461,2024,7,1
2024-07-01 17:55:00+00:00,2314.0,2316.0,2314.0,2316.0,0.2151,2024,7,1
2024-07-01 18:00:00+00:00,2315.0,2316.0,2315.0,2315.0,0.7322,2024,7,1
2024-07-01 18:05:00+00:00,2314.0,2317.0,2314.0,2316.0,2.5188,2024,7,1
2024-07-01 18:10:00+00:00,2316.0,2317.0,2316.0,2316.0,1.594,2024,7,1
2024-07-01 18:15:00+00:00,2315.0,2316.0,2315.0,2316.0,0.262,2024,7,1
2024-07-01 18:20:00+00:00,2316.0,2316.0,2314.0,2314.0,3.5951,2024,7,1
2024-07-01 18:25:00+00:00,2314.0,2316.0,2314.0,2314.0,2.5059,2024,7,1
2024-07-01 18:30:00+00:00,2314.0,2314.0,2313.0,2313.0,0.0828,2024,7,1
2024-07-01 18:35:00+00:00,2313.0,2313.0,2313.0,2313.0,0.9048,2024,7,1
2024-07-01 18:40:00+00:00,2313.0,2313.0,2312.0,2312.0,0.5626,2024,7,1
2024-07-01 18:45:00+00:00,2314.0,2314.0,2311.0,2314.0,2.3479,2024,7,1
2024-07-01 18:50:00+00:00,2314.0,2314.0,2314.0,2314.0,0.0871,2024,7,1
2024-07-01 18:55:00+00:00,2314.0,2317.0,2314.0,2314.0,47.0121,2024,7,1
2024-07-01 19:00:00+00:00,2314.0,2316.0,2314.0,2315.0,0.7062,2024,7,1
2024-07-01 19:05:00+00:00,2316.0,2316.0,2314.0,2315.0,1.1684,2024,7,1
2024-07-01 19:10:00+00:00,2315.0,2316.0,2314.0,2314.0,0.1075,2024,7,1
2024-07-01 19:15:00+00:00,2314.0,2315.0,2314.0,2314.0,0.0474,2024,7,1
2024-07-01 19:20:00+00:00,2314.0,2315.0,2314.0,2315.0,0.1348,2024,7,1
2024-07-01 19:25:00+00:00,2314.0,2316.0,2314.0,2315.0,0.3679,2024,7,1
2024-07-01 19:30:00+00:00,2315.0,2315.0,2314.0,2315.0,0.0633,2024,7,1
2024-07-01 19:35:00+00:00,2314.0,2314.0,2314.0,2314.0,0.5033,2024,7,1
2024-07-01 19:40:00+00:00,2314.0,2315.0,2312.0,2315.0,3.4615,2024,7,1
2024-07-01 19:45:00+00:00,2314.0,2314.0,2313.0,2313.0,0.5429,2024,7,1
2024-07-01 19:50:00+00:00,2314.0,2314.0,2314.0,2314.0,0.0366,2024,7,1
2024-07-01 19:55:00+00:00,2314.0,2314.0,2313.0,2314.0,0.2914,2024,7,1
2024-07-01 20:00:00+00:00,2314.0,2314.0,2314.0,2314.0,0.1505,2024,7,1
2024-07-01 20:05:00+00:00,2315.0,2316.0,2314.0,2316.0,0.8784,2024,7,1
2024-07-01 20:10:00+00:00,2316.0,2316.0,2315.0,2316.0,0.4056,2024,7,1
2024-07-01 20:15:00+00:00,2316.0,2316.0,2315.0,2316.0,0.1387,2024,7,1
2024-07-01 20:20:00+00:00,2316.0,2316.0,2315.0,2315.0,0.4184,2024,7,1
2024-07-01 20:25:00+00:00,2315.0,2316.0,2315.0,2315.0,0.0344,2024,7,1
2024-07-01 20:30:00+00:00,2315.0,2315.0,2315.0,2315.0,0.652,2024,7,1
2024-07-01 20:35:00+00:00,2316.0,2317.0,2315.0,2317.0,40.509,2024,7,1
2024-07-01 20:40:00+00:00,2317.0,2317.0,2317.0,2317.0,0.0087,2024,7,1
2024-07-01 20:45:00+00:00,2317.0,2317.0,2316.0,2317.0,0.0989,2024,7,1
2024-07-01 20:50:00+00:00,2316.0,2317.0,2316.0,2317.0,0.1482,2024,7,1
2024-07-01 20:55:00+00:00,2316.0,2317.0,2316.0,2317.0,0.3877,2024,7,1
2024-07-01 21:00:00+00:00,2317.0,2318.0,2316.0,2316.0,2.4253,2024,7,1
2024-07-01 21:05:00+00:00,2316.0,2316.0,2315.0,2316.0,2.1986,2024,7,1
2024-07-01 21:10:00+00:00,2315.0,2315.0,2315.0,2315.0,0.0328,2024,7,1
2024-07-01 21:15:00+00:00,2315.0,2317.0,2315.0,2317.0,0.4737,2024,7,1
2024-07-01 21:20:00+00:00,2317.0,2317.0,2316.0,2316.0,0.018,2024,7,1
2024-07-01 21:25:00+00:00,2316.0,2317.0,2312.0,2314.0,10.67,2024,7,1
2024-07-01 21:30:00+00:00,2313.0,2315.0,2313.0,2315.0,0.2318,2024,7,1
2024-07-01 21:35:00+00:00,2315.0,2315.0,2314.0,2315.0,0.0757,2024,7,1
2024-07-01 21:40:00+00:00,2315.0,2315.0,2314.0,2314.0,0.0342,2024,7,1
2024-07-01 21:45:00+00:00,2314.0,2315.0,2314.0,2314.0,0.092,2024,7,1
2024-07-01 21:50:00+00:00,2314.0,2315.0,2314.0,2315.0,0.2398,2024,7,1
2024-07-01 21:55:00+00:00,2314.0,2318.0,2314.0,2315.0,2.2934,2024,7,1
2024-07-01 22:00:00+00:00,2314.0,2316.0,2314.0,2315.0,0.0498,2024,7,1
2024-07-01 22:05:00+00:00,2316.0,2318.0,2316.0,2317.0,0.1863,2024,7,1
2024-07-01 22:10:00+00:00,2316.0,2316.0,2316.0,2316.0,0.0199,2024,7,1
2024-07-01 22:15:00+00:00,2316.0,2318.0,2316.0,2316.0,0.2631,2024,7,1
2024-07-01 22:20:00+00:00,2316.0,2317.0,2314.0,2315.0,4.0365,2024,7,1
2024-07-01 22:25:00+00:00,2315.0,2316.0,2314.0,2316.0,0.5326,2024,7,1
2024-07-01 22:30:00+00:00,2315.0,2315.0,2315.0,2315.0,0.2652,2024,7,1
2024-07-01 22:35:00+00:00,2315.0,2316.0,2314.0,2315.0,0.1716,2024,7,1
2024-07-01 22:40:00+00:00,2315.0,2315.0,2314.0,2314.0,0.6072,2024,7,1
2024-07-01 22:45:00+00:00,2314.0,2315.0,2314.0,2315.0,0.0675,2024,7,1
2024-07-01 22:50:00+00:00,2314.0,2315.0,2314.0,2315.0,0.3059,2024,7,1
2024-07-01 22:55:00+00:00,2314.0,2315.0,2314.0,2315.0,0.0557,2024,7,1
2024-07-01 23:00:00+00:00,2315.0,2316.0,2315.0,2316.0,0.6811,2024,7,1
2024-07-01 23:05:00+00:00,2316.0,2316.0,2315.0,2316.0,0.269,2024,7,1
2024-07-01 23:10:00+00:00,2315.0,2315.0,2315.0,2315.0,0.0033,2024,7,1
2024-07-01 23:15:00+00:00,2316.0,2316.0,2314.0,2315.0,0.5788,2024,7,1
2024-07-01 23:20:00+00:00,2314.0,2315.0,2314.0,2314.0,1.1787,2024,7,1
2024-07-01 23:25:00+00:00,2314.0,2315.0,2314.0,2315.0,0.0077,2024,7,1
2024-07-01 23:30:00+00:00,2314.0,2315.0,2314.0,2314.0,0.7811,2024,7,1
2024-07-01 23:35:00+00:00,2314.0,2315.0,2314.0,2314.0,0.1645,2024,7,1
2024-07-01 23:40:00+00:00,2314.0,2315.0,2314.0,2315.0,0.5302,2024,7,1
2024-07-01 23:45:00+00:00,2315.0,2315.0,2314.0,2314.0,0.1058,2024,7,1
2024-07-01 23:50:00+00:00,2314.0,2315.0,2314.0,2315.0,0.0588,2024,7,1
2024-07-01 23:55:00+00:00,2315.0,2315.0,2314.0,2314.0,0.0254,2024,7,1
2024-07-02 00:00:00+00:00,2315.0,2317.0,2314.0,2316.0,11.3838,2024,7,2
2024-07-02 00:05:00+00:00,2316.0,2317.0,2316.0,2317.0,0.426,2024,7,2
2024-07-02 00:10:00+00:00,2317.0,2317.0,2316.0,2316.0,0.6553,2024,7,2
2024-07-02 00:15:00+00:00,2316.0,2317.0,2316.0,2316.0,0.1519,2024,7,2
2024-07-02 00:20:00+00:00,2316.0,2316.0,2316.0,2316.0,0.0086,2024,7,2
2024-07-02 00:25:00+00:00,2316.0,2317.0,2316.0,2317.0,0.1801,2024,7,2
2024-07-02 00:30:00+00:00,2317.0,2317.0,2316.0,2317.0,0.2256,2024,7,2
2024-07-02 00:35:00+00:00,2316.0,2317.0,2316.0,2317.0,0.056,2024,7,2
2024-07-02 00:40:00+00:00,2317.0,2317.0,2316.0,2316.0,0.0393,2024,7,2
2024-07-02 00:45:00+00:00,2316.0,2317.0,2316.0,2317.0,0.2994,2024,7,2
2024-07-02 00:50:00+00:00,2317.0,2318.0,2316.0,2316.0,0.184,2024,7,2
2024-07-02 00:55:00+00:00,2316.0,2316.0,2316.0,2316.0,0.007,2024,7,2
2024-07-02 01:00:00+00:00,2316.0,2316.0,2316.0,2316.0,0.2042,2024,7,2
2024-07-02 01:05:00+00:00,2317.0,2317.0,2316.0,2317.0,0.2677,2024,7,2
2024-07-02 01:10:00+00:00,2318.0,2318.0,2315.0,2316.0,0.8303,2024,7,2
2024-07-02 01:15:00+00:00,2317.0,2317.0,2316.0,2316.0,0.1861,2024,7,2
2024-07-02 01:20:00+00:00,2316.0,2316.0,2316.0,2316.0,0.1701,2024,7,2
2024-07-02 01:25:00+00:00,2316.0,2317.0,2316.0,2316.0,0.0416,2024,7,2
2024-07-02 01:30:00+00:00,2316.0,2316.0,2316.0,2316.0,0.1904,2024,7,2
2024-07-02 01:35:00+00:00,2316.0,2317.0,2316.0,2317.0,0.0276,2024,7,2
2024-07-02 01:40:00+00:00,2316.0,2316.0,2316.0,2316.0,0.0832,2024,7,2
2024-07-02 01:45:00+00:00,2316.0,2316.0,2316.0,2316.0,0.0078,2024,7,2
2024-07-02 01:50:00+00:00,2316.0,2317.0,2316.0,2317.0,0.1656,2024,7,2
2024-07-02 01:55:00+00:00,2317.0,2318.0,2316.0,2317.0,0.231,2024,7,2
2024-07-02 02:00:00+00:00,2318.0,2318.0,2317.0,2317.0,0.6011,2024,7,2
2024-07-02 02:05:00+00:00,2317.0,2318.0,2317.0,2317.0,0.1214,2024,7,2
2024-07-02 02:10:00+00:00,2317.0,2317.0,2316.0,2317.0,1.039,2024,7,2
2024-07-02 02:15:00+00:00,2316.0,2317.0,2316.0,2317.0,0.0923,2024,7,2
2024-07-02 02:20:00+00:00,2316.0,2316.0,2315.0,2315.0,2.3621,2024,7,2
2024-07-02 02:25:00+00:00,2316.0,2316.0,2315.0,2315.0,0.0621,2024,7,2
2024-07-02 02:30:00+00:00,2315.0,2316.0,2315.0,2315.0,0.0344,2024,7,2
2024-07-02 02:35:00+00:00,2315.0,2316.0,2315.0,2316.0,0.0919,2024,7,2
2024-07-02 02:40:00+00:00,2315.0,2316.0,2315.0,2315.0,0.0824,2024,7,2
2024-07-02 02:45:00+00:00,2315.0,2315.0,2315.0,2315.0,0.0352,2024,7,2
2024-07-02 02:50:00+00:00,2316.0,2316.0,2316.0,2316.0,0.0031,2024,7,2
2024-07-02 02:55:00+00:00,2316.0,2316.0,2314.0,2315.0,0.3204,2024,7,2
2024-07-02 03:00:00+00:00,2315.0,2315.0,2315.0,2315.0,0.0506,2024,7,2
2024-07-02 03:05:00+00:00,2315.0,2316.0,2315.0,2316.0,0.0207,2024,7,2
2024-07-02 03:10:00+00:00,2316.0,2319.0,2315.0,2316.0,3.8927,2024,7,2
2024-07-02 03:15:00+00:00,2315.0,2316.0,2315.0,2316.0,0.0314,2024,7,2
2024-07-02 03:20:00+00:00,2315.0,2316.0,2315.0,2316.0,0.0512,2024,7,2
2024-07-02 03:25:00+00:00,2316.0,2316.0,2316.0,2316.0,0.0188,2024,7,2
2024-07-02 03:30:00+00:00,2315.0,2316.0,2315.0,2316.0,0.1696,2024,7,2
2024-07-02 03:35:00+00:00,2316.0,2316.0,2316.0,2316.0,0.0022,2024,7,2
2024-07-02 03:40:00+00:00,2316.0,2316.0,2315.0,2316.0,0.0436,2024,7,2
2024-07-02 03:45:00+00:00,2316.0,2316.0,2315.0,2316.0,0.0404,2024,7,2
2024-07-02 03:50:00+00:00,2316.0,2316.0,2316.0,2316.0,0.0228,2024,7,2
2024-07-02 03:55:00+00:00,2315.0,2316.0,2315.0,2316.0,0.1366,2024,7,2
2024-07-02 04:00:00+00:00,2316.0,2316.0,2314.0,2315.0,0.3258,2024,7,2
2024-07-02 04:05:00+00:00,2315.0,2315.0,2314.0,2315.0,0.2176,2024,7,2
2024-07-02 04:10:00+00:00,2315.0,2315.0,2314.0,2315.0,0.5131,2024,7,2
2024-07-02 04:15:00+00:00,2315.0,2315.0,2314.0,2315.0,0.1658,2024,7,2
2024-07-02 04:20:00+00:00,2315.0,2315.0,2314.0,2315.0,0.068,2024,7,2
2024-07-02 04:25:00+00:00,2315.0,2315.0,2314.0,2315.0,0.0255,2024,7,2
2024-07-02 04:30:00+00:00,2315.0,2315.0,2315.0,2315.0,0.0338,2024,7,2
2024-07-02 04:35:00+00:00,2314.0,2315.0,2314.0,2315.0,0.028,2024,7,2
2024-07-02 04:40:00+00:00,2315.0,2315.0,2315.0,2315.0,0.059,2024,7,2
2024-07-02 04:45:00+00:00,2315.0,2315.0,2314.0,2315.0,0.0242,2024,7,2
2024-07-02 04:50:00+00:00,2315.0,2316.0,2314.0,2316.0,0.4571,2024,7,2
2024-07-02 04:55:00+00:00,2316.0,2316.0,2316.0,2316.0,0.0757,2024,7,2
2024-07-02 05:00:00+00:00,2316.0,2316.0,2314.0,2315.0,0.6541,2024,7,2
2024-07-02 05:05:00+00:00,2316.0,2316.0,2313.0,2316.0,3.3235,2024,7,2
2024-07-02 05:10:00+00:00,2316.0,2316.0,2315.0,2316.0,0.2007,2024,7,2
2024-07-02 05:15:00+00:00,2316.0,2316.0,2315.0,2316.0,0.1701,2024,7,2
2024-07-02 05:20:00+00:00,2316.0,2316.0,2315.0,2316.0,0.623,2024,7,2
2024-07-02 05:25:00+00:00,2316.0,2316.0,2315.0,2316.0,0.9966,2024,7,2
2024-07-02 05:30:00+00:00,2317.0,2317.0,2315.0,2315.0,0.3656,2024,7,2
2024-07-02 05:35:00+00:00,2315.0,2315.0,2314.0,2315.0,0.0972,2024,7,2
2024-07-02 05:40:00+00:00,2315.0,2315.0,2315.0,2315.0,0.2707,2024,7,2
2024-07-02 05:45:00+00:00,2316.0,2317.0,2316.0,2317.0,0.5329,2024,7,2
2024-07-02 05:50:00+00:00,2317.0,2317.0,2316.0,2317.0,0.1673,2024,7,2
2024-07-02 05:55:00+00:00,2317.0,2317.0,2316.0,2317.0,0.0333,2024,7,2
2024-07-02 06:00:00+00:00,2317.0,2322.0,2317.0,2319.0,43.2194,2024,7,2
2024-07-02 06:05:00+00:00,2319.0,2324.0,2319.0,2322.0,38.2741,2024,7,2
2024-07-02 06:10:00+00:00,2321.0,2323.0,2321.0,2321.0,1.8032,2024,7,2
2024-07-02 06:15:00+00:00,2322.0,2322.0,2319.0,2321.0,1.6524,2024,7,2
2024-07-02 06:20:00+00:00,2322.0,2322.0,2322.0,2322.0,0.3478,2024,7,2
2024-07-02 06:25:00+00:00,2321.0,2321.0,2319.0,2319.0,0.6153,2024,7,2
2024-07-02 06:30:00+00:00,2319.0,2320.0,2319.0,2319.0,0.6299,2024,7,2
2024-07-02 06:35:00+00:00,2319.0,2320.0,2317.0,2320.0,1.2753,2024,7,2
2024-07-02 06:40:00+00:00,2321.0,2321.0,2321.0,2321.0,0.0456,2024,7,2
2024-07-02 06:45:00+00:00,2321.0,2328.0,2321.0,2322.0,28.393,2024,7,2
2024-07-02 06:50:00+00:00,2322.0,2326.0,2322.0,2322.0,3.5915,2024,7,2
2024-07-02 06:55:00+00:00,2321.0,2323.0,2320.0,2323.0,1.5913,2024,7,2
2024-07-02 07:00:00+00:00,2322.0,2323.0,2321.0,2321.0,0.5356,2024,7,2
2024-07-02 07:05:00+00:00,2321.0,2321.0,2317.0,2317.0,3.3248,2024,7,2
2024-07-02 07:10:00+00:00,2318.0,2321.0,2316.0,2317.0,4.537,2024,7,2
2024-07-02 07:15:00+00:00,2318.0,2318.0,2317.0,2318.0,0.1048,2024,7,2
2024-07-02 07:20:00+00:00,2317.0,2317.0,2316.0,2316.0,0.4445,2024,7,2
2024-07-02 07:25:00+00:00,2316.0,2318.0,2316.0,2318.0,1.0585,2024,7,2
2024-07-02 07:30:00+00:00,2318.0,2319.0,2318.0,2318.0,0.2738,2024,7,2
2024-07-02 07:35:00+00:00,2318.0,2318.0,2317.0,2317.0,0.5216,2024,7,2
2024-07-02 07:40:00+00:00,2317.0,2318.0,2317.0,2318.0,0.0545,2024,7,2
2024-07-02 07:45:00+00:00,2318.0,2318.0,2317.0,2317.0,0.3107,2024,7,2
2024-07-02 07:50:00+00:00,2317.0,2318.0,2317.0,2318.0,0.3799,2024,7,2
2024-07-02 07:55:00+00:00,2318.0,2318.0,2317.0,2317.0,0.2677,2024,7,2
2024-07-02 08:00:00+00:00,2318.0,2320.0,2318.0,2319.0,0.9425,2024,7,2
2024-07-02 08:05:00+00:00,2319.0,2320.0,2319.0,2320.0,0.1855,2024,7,2
2024-07-02 08:10:00+00:00,2319.0,2321.0,2317.0,2319.0,3.1167,2024,7,2
2024-07-02 08:15:00+00:00,2319.0,2322.0,2319.0,2319.0,1.6877,2024,7,2
2024-07-02 08:20:00+00:00,2319.0,2321.0,2319.0,2321.0,1.7287,2024,7,2
2024-07-02 08:25:00+00:00,2321.0,2322.0,2317.0,2319.0,3.7361,2024,7,2
2024-07-02 08:30:00+00:00,2319.0,2319.0,2319.0,2319.0,0.328,2024,7,2
2024-07-02 08:35:00+00:00,2317.0,2318.0,2316.0,2316.0,0.7958,2024,7,2
2024-07-02 08:40:00+00:00,2318.0,2320.0,2317.0,2320.0,0.6942,2024,7,2
2024-07-02 08:45:00+00:00,2319.0,2320.0,2318.0,2318.0,1.1406,2024,7,2
2024-07-02 08:50:00+00:00,2318.0,2319.0,2318.0,2318.0,0.2455,2024,7,2
2024-07-02 08:55:00+00:00,2319.0,2319.0,2318.0,2319.0,0.1248,2024,7,2
2024-07-02 09:00:00+00:00,2319.0,2319.0,2317.0,2317.0,1.449,2024,7,2
2024-07-02 09:05:00+00:00,2318.0,2319.0,2318.0,2318.0,0.7019,2024,7,2
2024-07-02 09:10:00+00:00,2319.0,2320.0,2318.0,2318.0,0.0852,2024,7,2
2024-07-02 09:15:00+00:00,2319.0,2320.0,2318.0,2319.0,1.335,2024,7,2
2024-07-02 09:20:00+00:00,2319.0,2319.0,2318.0,2318.0,0.0184,2024,7,2
2024-07-02 09:25:00+00:00,2319.0,2320.0,2318.0,2318.0,0.788,2024,7,2
2024-07-02 09:30:00+00:00,2319.0,2320.0,2319.0,2319.0,0.4505,2024,7,2
2024-07-02 09:35:00+00:00,2320.0,2320.0,2319.0,2319.0,0.1324,2024,7,2
2024-07-02 09:40:00+00:00,2320.0,2320.0,2318.0,2319.0,0.3175,2024,7,2
2024-07-02 09:45:00+00:00,2320.0,2320.0,2319.0,2319.0,0.1095,2024,7,2
2024-07-02 09:50:00+00:00,2318.0,2319.0,2317.0,2317.0,1.9255,2024,7,2
2024-07-02 09:55:00+00:00,2318.0,2318.0,2316.0,2317.0,3.1307,2024,7,2
2024-07-02 10:00:00+00:00,2317.0,2317.0,2316.0,2316.0,2.3263,2024,7,2
2024-07-02 10:05:00+00:00,2315.0,2317.0,2315.0,2315.0,4.84,2024,7,2
2024-07-02 10:10:00+00:00,2316.0,2319.0,2315.0,2317.0,1.2922,2024,7,2
2024-07-02 10:15:00+00:00,2315.0,2322.0,2315.0,2317.0,19.4293,2024,7,2
2024-07-02 10:20:00+00:00,2318.0,2318.0,2318.0,2318.0,0.5087,2024,7,2
2024-07-02 10:25:00+00:00,2317.0,2320.0,2316.0,2320.0,6.3903,2024,7,2
2024-07-02 10:30:00+00:00,2318.0,2320.0,2318.0,2319.0,0.745,2024,7,2
2024-07-02 10:35:00+00:00,2319.0,2321.0,2319.0,2319.0,0.1967,2024,7,2
2024-07-02 10:40:00+00:00,2320.0,2321.0,2319.0,2320.0,0.2746,2024,7,2
2024-07-02 10:45:00+00:00,2319.0,2320.0,2319.0,2320.0,0.0123,2024,7,2
2024-07-02 10:50:00+00:00,2320.0,2321.0,2319.0,2321.0,0.1716,2024,7,2
2024-07-02 10:55:00+00:00,2319.0,2319.0,2319.0,2319.0,0.1384,2024,7,2
2024-07-02 11:00:00+00:00,2319.0,2325.0,2319.0,2322.0,28.3874,2024,7,2
2024-07-02 11:05:00+00:00,2324.0,2324.0,2320.0,2320.0,1.7486,2024,7,2
2024-07-02 11:10:00+00:00,2321.0,2322.0,2318.0,2320.0,2.7598,2024,7,2
2024-07-02 11:15:00+00:00,2322.0,2322.0,2321.0,2321.0,0.9743,2024,7,2
2024-07-02 11:20:00+00:00,2320.0,2320.0,2317.0,2317.0,1.0694,2024,7,2
2024-07-02 11:25:00+00:00,2319.0,2319.0,2317.0,2317.0,0.8353,2024,7,2
2024-07-02 11:30:00+00:00,2318.0,2321.0,2316.0,2321.0,2.4798,2024,7,2
2024-07-02 11:35:00+00:00,2320.0,2322.0,2318.0,2319.0,3.6093,2024,7,2
2024-07-02 11:40:00+00:00,2319.0,2321.0,2317.0,2319.0,1.7719,2024,7,2
2024-07-02 11:45:00+00:00,2317.0,2319.0,2317.0,2319.0,0.2737,2024,7,2
2024-07-02 11:50:00+00:00,2319.0,2319.0,2317.0,2317.0,0.5198,2024,7,2
2024-07-02 11:55:00+00:00,2317.0,2318.0,2317.0,2318.0,0.5407,2024,7,2
2024-07-02 12:00:00+00:00,2318.0,2319.0,2317.0,2317.0,2.3699,2024,7,2
2024-07-02 12:05:00+00:00,2318.0,2320.0,2317.0,2318.0,2.3947,2024,7,2
2024-07-02 12:10:00+00:00,2317.0,2318.0,2316.0,2316.0,0.1259,2024,7,2
2024-07-02 12:15:00+00:00,2317.0,2318.0,2317.0,2318.0,0.1032,2024,7,2
2024-07-02 12:20:00+00:00,2317.0,2320.0,2317.0,2319.0,2.1513,2024,7,2
2024-07-02 12:25:00+00:00,2319.0,2321.0,2319.0,2319.0,0.7483,2024,7,2
2024-07-02 12:30:00+00:00,2318.0,2319.0,2317.0,2317.0,0.2343,2024,7,2
2024-07-02 12:35:00+00:00,2318.0,2322.0,2317.0,2321.0,2.2742,2024,7,2
2024-07-02 12:40:00+00:00,2319.0,2322.0,2319.0,2321.0,0.2126,2024,7,2
2024-07-02 12:45:00+00:00,2321.0,2323.0,2319.0,2320.0,0.8982,2024,7,2
2024-07-02 12:50:00+00:00,2319.0,2321.0,2319.0,2321.0,0.014,2024,7,2
2024-07-02 12:55:00+00:00,2321.0,2321.0,2321.0,2321.0,0.0076,2024,7,2
2024-07-02 13:00:00+00:00,2321.0,2321.0,2319.0,2321.0,0.4043,2024,7,2
2024-07-02 13:05:00+00:00,2319.0,2321.0,2319.0,2320.0,0.0132,2024,7,2
2024-07-02 13:10:00+00:00,2321.0,2321.0,2320.0,2321.0,0.0412,2024,7,2
2024-07-02 13:15:00+00:00,2321.0,2322.0,2317.0,2319.0,7.0403,2024,7,2
2024-07-02 13:20:00+00:00,2319.0,2320.0,2318.0,2318.0,0.292,2024,7,2
2024-07-02 13:25:00+00:00,2319.0,2319.0,2317.0,2319.0,0.337,2024,7,2
2024-07-02 13:30:00+00:00,2319.0,2321.0,2318.0,2321.0,0.3431,2024,7,2
2024-07-02 13:35:00+00:00,2321.0,2322.0,2319.0,2321.0,0.4519,2024,7,2
2024-07-02 13:40:00+00:00,2321.0,2322.0,2321.0,2321.0,0.3885,2024,7,2
2024-07-02 13:45:00+00:00,2321.0,2322.0,2321.0,2322.0,0.1231,2024,7,2
2024-07-02 13:50:00+00:00,2321.0,2322.0,2321.0,2321.0,0.0249,2024,7,2
2024-07-02 13:55:00+00:00,2321.0,2322.0,2319.0,2321.0,2.5108,2024,7,2
2024-07-02 14:00:00+00:00,2321.0,2323.0,2318.0,2318.0,2.9324,2024,7,2
2024-07-02 14:05:00+00:00,2319.0,2319.0,2319.0,2319.0,0.1701,2024,7,2
2024-07-02 14:10:00+00:00,2319.0,2319.0,2316.0,2316.0,3.8233,2024,7,2
2024-07-02 14:15:00+00:00,2315.0,2316.0,2315.0,2316.0,1.2574,2024,7,2
2024-07-02 14:20:00+00:00,2315.0,2317.0,2315.0,2316.0,1.0152,2024,7,2
2024-07-02 14:25:00+00:00,2315.0,2316.0,2315.0,2316.0,0.1463,2024,7,2
2024-07-02 14:30:00+00:00,2316.0,2316.0,2315.0,2316.0,1.9525,2024,7,2
2024-07-02 14:35:00+00:00,2316.0,2316.0,2313.0,2314.0,3.8863,2024,7,2
2024-07-02 14:40:00+00:00,2314.0,2315.0,2313.0,2314.0,2.2634,2024,7,2
2024-07-02 14:45:00+00:00,2315.0,2315.0,2314.0,2314.0,0.1568,2024,7,2
2024-07-02 14:50:00+00:00,2315.0,2316.0,2314.0,2315.0,0.344,2024,7,2
2024-07-02 14:55:00+00:00,2316.0,2316.0,2315.0,2316.0,0.9193,2024,7,2
2024-07-02 15:00:00+00:00,2315.0,2318.0,2315.0,2317.0,4.2329,2024,7,2
2024-07-02 15:05:00+00:00,2317.0,2318.0,2317.0,2317.0,1.0868,2024,7,2
2024-07-02 15:10:00+00:00,2317.0,2317.0,2316.0,2316.0,0.5,2024,7,2
2024-07-02 15:15:00+00:00,2317.0,2320.0,2316.0,2320.0,2.3759,2024,7,2
2024-07-02 15:20:00+00:00,2321.0,2323.0,2318.0,2318.0,7.3329,2024,7,2
2024-07-02 15:25:00+00:00,2319.0,2319.0,2317.0,2318.0,0.319,2024,7,2
2024-07-02 15:30:00+00:00,2319.0,2320.0,2317.0,2317.0,2.2882,2024,7,2
2024-07-02 15:35:00+00:00,2318.0,2318.0,2317.0,2317.0,0.089,2024,7,2
2024-07-02 15:40:00+00:00,2318.0,2318.0,2317.0,2318.0,0.3735,2024,7,2
2024-07-02 15:45:00+00:00,2318.0,2319.0,2318.0,2318.0,0.0676,2024,7,2
2024-07-02 15:50:00+00:00,2318.0,2319.0,2318.0,2318.0,0.1576,2024,7,2
2024-07-02 15:55:00+00:00,2318.0,2320.0,2318.0,2319.0,0.9314,2024,7,2
2024-07-02 16:00:00+00:00,2320.0,2320.0,2318.0,2319.0,0.7553,2024,7,2
2024-07-02 16:05:00+00:00,2319.0,2319.0,2318.0,2319.0,3.4274,2024,7,2
2024-07-02 16:10:00+00:00,2319.0,2319.0,2319.0,2319.0,0.748,2024,7,2
2024-07-02 16:15:00+00:00,2319.0,2320.0,2319.0,2319.0,1.6341,2024,7,2
2024-07-02 16:20:00+00:00,2319.0,2320.0,2319.0,2319.0,0.0707,2024,7,2
2024-07-02 16:25:00+00:00,2319.0,2320.0,2319.0,2320.0,0.0564,2024,7,2
2024-07-02 16:30:00+00:00,2319.0,2320.0,2318.0,2319.0,0.9633,2024,7,2
2024-07-02 16:35:00+00:00,2320.0,2320.0,2319.0,2320.0,0.563,2024,7,2
2024-07-02 16:40:00+00:00,2319.0,2320.0,2318.0,2318.0,0.5758,2024,7,2
2024-07-02 16:45:00+00:00,2320.0,2320.0,2319.0,2319.0,0.541,2024,7,2
2024-07-02 16:50:00+00:00,2319.0,2320.0,2318.0,2320.0,0.5105,2024,7,2
2024-07-02 16:55:00+00:00,2320.0,2320.0,2318.0,2319.0,1.3343,2024,7,2
2024-07-02 17:00:00+00:00,2319.0,2320.0,2319.0,2319.0,1.0095,2024,7,2
2024-07-02 17:05:00+00:00,2320.0,2320.0,2319.0,2319.0,0.1835,2024,7,2
2024-07-02 17:10:00+00:00,2319.0,2320.0,2319.0,2319.0,0.1438,2024,7,2
2024-07-02 17:15:00+00:00,2319.0,2320.0,2319.0,2319.0,0.1536,2024,7,2
2024-07-02 17:20:00+00:00,2320.0,2320.0,2318.0,2319.0,0.8929,2024,7,2
2024-07-02 17:25:00+00:00,2319.0,2320.0,2319.0,2319.0,1.175,2024,7,2
2024-07-02 17:30:00+00:00,2319.0,2319.0,2319.0,2319.0,0.0152,2024,7,2
2024-07-02 17:35:00+00:00,2319.0,2320.0,2319.0,2319.0,0.1322,2024,7,2
2024-07-02 17:40:00+00:00,2319.0,2319.0,2319.0,2319.0,0.0254,2024,7,2
2024-07-02 17:45:00+00:00,2320.0,2320.0,2319.0,2320.0,0.1581,2024,7,2
2024-07-02 17:50:00+00:00,2319.0,2319.0,2319.0,2319.0,0.0799,2024,7,2
2024-07-02 17:55:00+00:00,2320.0,2320.0,2320.0,2320.0,0.8628,2024,7,2
2024-07-02 18:00:00+00:00,2319.0,2319.0,2318.0,2318.0,2.033,2024,7,2
2024-07-02 18:05:00+00:00,2320.0,2320.0,2318.0,2318.0,0.0562,2024,7,2
2024-07-02 18:10:00+00:00,2319.0,2319.0,2319.0,2319.0,0.3344,2024,7,2
2024-07-02 18:15:00+00:00,2319.0,2320.0,2319.0,2319.0,0.0208,2024,7,2
2024-07-02 18:20:00+00:00,2319.0,2320.0,2318.0,2318.0,0.7056,2024,7,2
2024-07-02 18:25:00+00:00,2320.0,2323.0,2320.0,2322.0,2.3939,2024,7,2
2024-07-02 18:30:00+00:00,2321.0,2321.0,2321.0,2321.0,0.0282,2024,7,2
2024-07-02 18:35:00+00:00,2321.0,2322.0,2321.0,2321.0,0.6113,2024,7,2
2024-07-02 18:40:00+00:00,2322.0,2322.0,2321.0,2321.0,0.106,2024,7,2
2024-07-02 18:45:00+00:00,2321.0,2322.0,2321.0,2321.0,0.0939,2024,7,2
2024-07-02 18:50:00+00:00,2322.0,2322.0,2321.0,2321.0,0.2622,2024,7,2
2024-07-02 18:55:00+00:00,2322.0,2322.0,2321.0,2322.0,0.123,2024,7,2
2024-07-02 19:00:00+00:00,2322.0,2323.0,2321.0,2322.0,0.9131,2024,7,2
2024-07-02 19:05:00+00:00,2321.0,2321.0,2319.0,2321.0,5.7015,2024,7,2
2024-07-02 19:10:00+00:00,2321.0,2322.0,2320.0,2322.0,0.6033,2024,7,2
2024-07-02 19:15:00+00:00,2322.0,2323.0,2321.0,2321.0,0.455,2024,7,2
2024-07-02 19:20:00+00:00,2321.0,2324.0,2321.0,2321.0,2.7592,2024,7,2
2024-07-02 19:25:00+00:00,2321.0,2321.0,2321.0,2321.0,0.1377,2024,7,2
2024-07-02 19:30:00+00:00,2321.0,2322.0,2321.0,2322.0,0.142,2024,7,2
2024-07-02 19:35:00+00:00,2321.0,2322.0,2321.0,2322.0,0.0741,2024,7,2
2024-07-02 19:40:00+00:00,2321.0,2321.0,2321.0,2321.0,0.0715,2024,7,2
2024-07-02 19:45:00+00:00,2321.0,2322.0,2321.0,2321.0,0.0547,2024,7,2
2024-07-02 19:50:00+00:00,2321.0,2322.0,2321.0,2321.0,0.1168,2024,7,2
2024-07-02 19:55:00+00:00,2321.0,2322.0,2321.0,2321.0,0.0883,2024,7,2
2024-07-02 20:00:00+00:00,2321.0,2322.0,2321.0,2321.0,0.1118,2024,7,2
2024-07-02 20:05:00+00:00,2321.0,2322.0,2321.0,2321.0,0.1073,2024,7,2
2024-07-02 20:10:00+00:00,2321.0,2321.0,2321.0,2321.0,0.0363,2024,7,2
2024-07-02 20:15:00+00:00,2321.0,2322.0,2321.0,2321.0,0.0377,2024,7,2
2024-07-02 20:20:00+00:00,2321.0,2322.0,2321.0,2322.0,0.293,2024,7,2
2024-07-02 20:25:00+00:00,2322.0,2322.0,2321.0,2321.0,0.3392,2024,7,2
2024-07-02 20:30:00+00:00,2321.0,2322.0,2321.0,2322.0,0.687,2024,7,2
2024-07-02 20:35:00+00:00,2322.0,2324.0,2322.0,2322.0,3.2916,2024,7,2
2024-07-02 20:40:00+00:00,2322.0,2323.0,2321.0,2321.0,1.8796,2024,7,2
2024-07-02 20:45:00+00:00,2321.0,2322.0,2321.0,2321.0,0.5197,2024,7,2
2024-07-02 20:50:00+00:00,2321.0,2322.0,2321.0,2321.0,0.1706,2024,7,2
2024-07-02 20:55:00+00:00,2321.0,2321.0,2321.0,2321.0,1.247,2024,7,2
2024-07-02 21:00:00+00:00,2322.0,2322.0,2320.0,2320.0,0.2578,2024,7,2
2024-07-02 21:05:00+00:00,2320.0,2321.0,2320.0,2320.0,0.5629,2024,7,2
2024-07-02 21:10:00+00:00,2320.0,2321.0,2320.0,2320.0,0.1888,2024,7,2
2024-07-02 21:15:00+00:00,2320.0,2321.0,2318.0,2319.0,7.2134,2024,7,2
2024-07-02 21:20:00+00:00,2319.0,2320.0,2319.0,2320.0,0.3632,2024,7,2
2024-07-02 21:25:00+00:00,2319.0,2320.0,2319.0,2320.0,0.8313,2024,7,2
2024-07-02 21:30:00+00:00,2320.0,2321.0,2320.0,2320.0,0.0879,2024,7,2
2024-07-02 21:35:00+00:00,2320.0,2323.0,2320.0,2322.0,2.3132,2024,7,2
2024-07-02 21:40:00+00:00,2322.0,2323.0,2322.0,2322.0,0.2936,2024,7,2
2024-07-02 21:45:00+00:00,2322.0,2323.0,2322.0,2322.0,0.0754,2024,7,2
2024-07-02 21:50:00+00:00,2322.0,2323.0,2322.0,2322.0,2.1555,2024,7,2
2024-07-02 21:55:00+00:00,2322.0,2325.0,2322.0,2325.0,12.9946,2024,7,2
2024-07-02 22:00:00+00:00,2325.0,2325.0,2325.0,2325.0,0.3287,2024,7,2
2024-07-02 22:05:00+00:00,2325.0,2326.0,2325.0,2325.0,0.1936,2024,7,2
2024-07-02 22:10:00+00:00,2325.0,2326.0,2325.0,2326.0,0.3608,2024,7,2
2024-07-02 22:15:00+00:00,2325.0,2326.0,2325.0,2326.0,2.9104,2024,7,2
2024-07-02 22:20:00+00:00,2326.0,2327.0,2325.0,2325.0,1.4821,2024,7,2
2024-07-02 22:25:00+00:00,2326.0,2326.0,2325.0,2325.0,0.0393,2024,7,2
2024-07-02 22:30:00+00:00,2325.0,2325.0,2325.0,2325.0,0.0237,2024,7,2
2024-07-02 22:35:00+00:00,2325.0,2325.0,2325.0,2325.0,0.0502,2024,7,2
2024-07-02 22:40:00+00:00,2325.0,2325.0,2325.0,2325.0,0.4492,2024,7,2
2024-07-02 22:45:00+00:00,2325.0,2325.0,2325.0,2325.0,0.0084,2024,7,2
2024-07-02 22:50:00+00:00,2325.0,2326.0,2325.0,2325.0,2.513,2024,7,2
2024-07-02 22:55:00+00:00,2325.0,2326.0,2324.0,2325.0,3.9648,2024,7,2
2024-07-02 23:00:00+00:00,2325.0,2325.0,2324.0,2325.0,0.4758,2024,7,2
2024-07-02 23:05:00+00:00,2325.0,2325.0,2324.0,2324.0,0.2155,2024,7,2
2024-07-02 23:10:00+00:00,2324.0,2326.0,2324.0,2326.0,2.3127,2024,7,2
2024-07-02 23:15:00+00:00,2325.0,2325.0,2321.0,2323.0,9.2595,2024,7,2
2024-07-02 23:20:00+00:00,2322.0,2323.0,2322.0,2322.0,0.0819,2024,7,2
2024-07-02 23:25:00+00:00,2322.0,2322.0,2322.0,2322.0,0.0026,2024,7,2
2024-07-02 23:30:00+00:00,2322.0,2322.0,2322.0,2322.0,0.0,2024,7,2
2024-07-02 23:35:00+00:00,2322.0,2322.0,2319.0,2321.0,2.4096,2024,7,2
2024-07-02 23:40:00+00:00,2321.0,2321.0,2319.0,2321.0,1.1908,2024,7,2
2024-07-02 23:45:00+00:00,2321.0,2321.0,2321.0,2321.0,0.2514,2024,7,2
2024-07-02 23:50:00+00:00,2321.0,2323.0,2321.0,2323.0,0.5705,2024,7,2
2024-07-02 23:55:00+00:00,2322.0,2323.0,2322.0,2323.0,0.475,2024,7,2
2024-07-03 00:00:00+00:00,2322.0,2323.0,2322.0,2323.0,0.3027,2024,7,3
2024-07-03 00:05:00+00:00,2322.0,2323.0,2322.0,2323.0,0.0644,2024,7,3
2024-07-03 00:10:00+00:00,2322.0,2323.0,2322.0,2323.0,0.0168,2024,7,3
2024-07-03 00:15:00+00:00,2322.0,2324.0,2322.0,2324.0,0.2122,2024,7,3
2024-07-03 00:20:00+00:00,2324.0,2324.0,2323.0,2323.0,0.3805,2024,7,3
2024-07-03 00:25:00+00:00,2324.0,2324.0,2322.0,2322.0,0.2926,2024,7,3
2024-07-03 00:30:00+00:00,2323.0,2323.0,2322.0,2323.0,0.1486,2024,7,3
2024-07-03 00:35:00+00:00,2323.0,2325.0,2323.0,2325.0,0.2522,2024,7,3
2024-07-03 00:40:00+00:00,2325.0,2325.0,2325.0,2325.0,0.0137,2024,7,3
2024-07-03 00:45:00+00:00,2324.0,2325.0,2324.0,2325.0,0.1038,2024,7,3
2024-07-03 00:50:00+00:00,2325.0,2325.0,2325.0,2325.0,0.1027,2024,7,3
2024-07-03 00:55:00+00:00,2325.0,2325.0,2324.0,2325.0,0.1606,2024,7,3
2024-07-03 01:00:00+00:00,2324.0,2324.0,2324.0,2324.0,0.4183,2024,7,3
2024-07-03 01:05:00+00:00,2323.0,2323.0,2320.0,2321.0,2.8316,2024,7,3
2024-07-03 01:10:00+00:00,2321.0,2322.0,2321.0,2321.0,0.1518,2024,7,3
2024-07-03 01:15:00+00:00,2321.0,2322.0,2321.0,2321.0,0.0541,2024,7,3
2024-07-03 01:20:00+00:00,2321.0,2321.0,2321.0,2321.0,0.0086,2024,7,3
2024-07-03 01:25:00+00:00,2322.0,2322.0,2321.0,2321.0,0.0691,2024,7,3
2024-07-03 01:30:00+00:00,2321.0,2322.0,2321.0,2322.0,0.0223,2024,7,3
2024-07-03 01:35:00+00:00,2321.0,2322.0,2321.0,2322.0,0.0982,2024,7,3
2024-07-03 01:40:00+00:00,2322.0,2322.0,2322.0,2322.0,0.0047,2024,7,3
2024-07-03 01:45:00+00:00,2321.0,2321.0,2321.0,2321.0,0.3883,2024,7,3
2024-07-03 01:50:00+00:00,2322.0,2322.0,2321.0,2321.0,0.159,2024,7,3
2024-07-03 01:55:00+00:00,2321.0,2321.0,2318.0,2319.0,17.2154,2024,7,3
2024-07-03 02:00:00+00:00,2319.0,2321.0,2319.0,2320.0,0.7112,2024,7,3
2024-07-03 02:05:00+00:00,2320.0,2321.0,2319.0,2319.0,0.5371,2024,7,3
2024-07-03 02:10:00+00:00,2320.0,2321.0,2319.0,2320.0,0.1502,2024,7,3
2024-07-03 02:15:00+00:00,2320.0,2320.0,2319.0,2319.0,0.5799,2024,7,3
2024-07-03 02:20:00+00:00,2320.0,2321.0,2319.0,2321.0,0.0204,2024,7,3
2024-07-03 02:25:00+00:00,2320.0,2320.0,2320.0,2320.0,0.0035,2024,7,3
2024-07-03 02:30:00+00:00,2320.0,2320.0,2319.0,2319.0,0.0527,2024,7,3
2024-07-03 02:35:00+00:00,2320.0,2320.0,2319.0,2319.0,0.0143,2024,7,3
2024-07-03 02:40:00+00:00,2320.0,2320.0,2317.0,2318.0,3.5366,2024,7,3
2024-07-03 02:45:00+00:00,2317.0,2319.0,2317.0,2317.0,0.9846,2024,7,3
2024-07-03 02:50:00+00:00,2319.0,2319.0,2317.0,2317.0,0.0859,2024,7,3
2024-07-03 02:55:00+00:00,2317.0,2319.0,2317.0,2319.0,0.8894,2024,7,3
2024-07-03 03:00:00+00:00,2319.0,2319.0,2317.0,2317.0,0.6201,2024,7,3
2024-07-03 03:05:00+00:00,2319.0,2328.0,2318.0,2325.0,12.4307,2024,7,3
2024-07-03 03:10:00+00:00,2325.0,2329.0,2318.0,2318.0,12.8399,2024,7,3
2024-07-03 03:15:00+00:00,2317.0,2319.0,2316.0,2317.0,6.2587,2024,7,3
2024-07-03 03:20:00+00:00,2317.0,2319.0,2317.0,2318.0,0.4328,2024,7,3
2024-07-03 03:25:00+00:00,2319.0,2319.0,2318.0,2318.0,0.0579,2024,7,3
2024-07-03 03:30:00+00:00,2319.0,2319.0,2317.0,2317.0,0.0824,2024,7,3
2024-07-03 03:35:00+00:00,2319.0,2319.0,2318.0,2319.0,0.1554,2024,7,3
2024-07-03 03:40:00+00:00,2317.0,2319.0,2317.0,2318.0,0.8663,2024,7,3
2024-07-03 03:45:00+00:00,2318.0,2318.0,2317.0,2317.0,0.1959,2024,7,3
2024-07-03 03:50:00+00:00,2317.0,2318.0,2317.0,2318.0,0.1396,2024,7,3
2024-07-03 03:55:00+00:00,2317.0,2317.0,2317.0,2317.0,0.0873,2024,7,3
2024-07-03 04:00:00+00:00,2319.0,2319.0,2318.0,2318.0,0.1647,2024,7,3
2024-07-03 04:05:00+00:00,2318.0,2319.0,2318.0,2318.0,0.2302,2024,7,3
2024-07-03 04:10:00+00:00,2319.0,2324.0,2319.0,2322.0,2.2051,2024,7,3
2024-07-03 04:15:00+00:00,2323.0,2323.0,2322.0,2322.0,0.1034,2024,7,3
2024-07-03 04:20:00+00:00,2323.0,2323.0,2322.0,2322.0,0.1833,2024,7,3
2024-07-03 04:25:00+00:00,2322.0,2323.0,2322.0,2322.0,0.1126,2024,7,3
2024-07-03 04:30:00+00:00,2323.0,2323.0,2322.0,2322.0,0.3559,2024,7,3
2024-07-03 04:35:00+00:00,2322.0,2323.0,2321.0,2321.0,0.2816,2024,7,3
2024-07-03 04:40:00+00:00,2321.0,2322.0,2321.0,2322.0,0.0444,2024,7,3
2024-07-03 04:45:00+00:00,2321.0,2322.0,2320.0,2320.0,0.4536,2024,7,3
2024-07-03 04:50:00+00:00,2320.0,2320.0,2320.0,2320.0,0.0139,2024,7,3
2024-07-03 04:55:00+00:00,2320.0,2321.0,2320.0,2321.0,0.0975,2024,7,3
2024-07-03 05:00:00+00:00,2321.0,2321.0,2320.0,2321.0,0.1457,2024,7,3
2024-07-03 05:05:00+00:00,2321.0,2321.0,2320.0,2320.0,0.0886,2024,7,3
2024-07-03 05:10:00+00:00,2320.0,2321.0,2320.0,2321.0,0.03,2024,7,3
2024-07-03 05:15:00+00:00,2320.0,2321.0,2320.0,2321.0,0.2139,2024,7,3
2024-07-03 05:20:00+00:00,2320.0,2321.0,2320.0,2321.0,0.0176,2024,7,3
2024-07-03 05:25:00+00:00,2321.0,2321.0,2320.0,2321.0,0.0341,2024,7,3
2024-07-03 05:30:00+00:00,2321.0,2321.0,2320.0,2320.0,0.1917,2024,7,3
2024-07-03 05:35:00+00:00,2320.0,2320.0,2320.0,2320.0,0.2979,2024,7,3
2024-07-03 05:40:00+00:00,2321.0,2321.0,2321.0,2321.0,0.0038,2024,7,3
2024-07-03 05:45:00+00:00,2321.0,2321.0,2320.0,2320.0,0.0478,2024,7,3
2024-07-03 05:50:00+00:00,2321.0,2322.0,2321.0,2321.0,0.5375,2024,7,3
2024-07-03 05:55:00+00:00,2321.0,2322.0,2315.0,2320.0,13.145,2024,7,3
2024-07-03 06:00:00+00:00,2318.0,2320.0,2318.0,2318.0,0.075,2024,7,3
2024-07-03 06:05:00+00:00,2319.0,2324.0,2319.0,2321.0,2.9073,2024,7,3
2024-07-03 06:10:00+00:00,2322.0,2322.0,2321.0,2322.0,0.0597,2024,7,3
2024-07-03 06:15:00+00:00,2321.0,2323.0,2320.0,2323.0,0.4454,2024,7,3
2024-07-03 06:20:00+00:00,2322.0,2322.0,2321.0,2321.0,0.2221,2024,7,3
2024-07-03 06:25:00+00:00,2322.0,2322.0,2321.0,2322.0,0.0937,2024,7,3
2024-07-03 06:30:00+00:00,2322.0,2322.0,2321.0,2321.0,0.0476,2024,7,3
2024-07-03 06:35:00+00:00,2321.0,2322.0,2321.0,2321.0,0.0574,2024,7,3
2024-07-03 06:40:00+00:00,2321.0,2322.0,2321.0,2321.0,0.3201,2024,7,3
2024-07-03 06:45:00+00:00,2321.0,2322.0,2321.0,2321.0,0.2223,2024,7,3
2024-07-03 06:50:00+00:00,2322.0,2323.0,2322.0,2323.0,1.6675,2024,7,3
2024-07-03 06:55:00+00:00,2323.0,2325.0,2323.0,2324.0,1.9134,2024,7,3
2024-07-03 07:00:00+00:00,2325.0,2325.0,2324.0,2324.0,0.0835,2024,7,3
2024-07-03 07:05:00+00:00,2324.0,2326.0,2322.0,2323.0,5.9506,2024,7,3
2024-07-03 07:10:00+00:00,2323.0,2326.0,2322.0,2326.0,2.3855,2024,7,3
2024-07-03 07:15:00+00:00,2324.0,2326.0,2323.0,2326.0,0.6959,2024,7,3
2024-07-03 07:20:00+00:00,2327.0,2328.0,2326.0,2328.0,0.6801,2024,7,3
2024-07-03 07:25:00+00:00,2327.0,2327.0,2324.0,2326.0,1.4302,2024,7,3
2024-07-03 07:30:00+00:00,2326.0,2326.0,2324.0,2324.0,0.2008,2024,7,3
2024-07-03 07:35:00+00:00,2324.0,2324.0,2322.0,2324.0,1.1379,2024,7,3
2024-07-03 07:40:00+00:00,2322.0,2323.0,2321.0,2321.0,0.7833,2024,7,3
2024-07-03 07:45:00+00:00,2323.0,2323.0,2323.0,2323.0,0.1189,2024,7,3
2024-07-03 07:50:00+00:00,2323.0,2325.0,2323.0,2323.0,1.5782,2024,7,3
2024-07-03 07:55:00+00:00,2326.0,2328.0,2324.0,2326.0,10.251,2024,7,3
2024-07-03 08:00:00+00:00,2326.0,2327.0,2326.0,2327.0,0.947,2024,7,3
2024-07-03 08:05:00+00:00,2327.0,2328.0,2327.0,2327.0,2.4309,2024,7,3
2024-07-03 08:10:00+00:00,2328.0,2329.0,2327.0,2329.0,6.3429,2024,7,3
2024-07-03 08:15:00+00:00,2328.0,2329.0,2327.0,2327.0,0.1952,2024,7,3
2024-07-03 08:20:00+00:00,2328.0,2328.0,2327.0,2328.0,1.0651,2024,7,3
2024-07-03 08:25:00+00:00,2328.0,2330.0,2327.0,2329.0,10.8451,2024,7,3
2024-07-03 08:30:00+00:00,2328.0,2329.0,2328.0,2328.0,0.8504,2024,7,3
2024-07-03 08:35:00+00:00,2329.0,2331.0,2329.0,2331.0,2.0833,2024,7,3
2024-07-03 08:40:00+00:00,2331.0,2331.0,2329.0,2329.0,0.6873,2024,7,3
2024-07-03 08:45:00+00:00,2329.0,2334.0,2329.0,2331.0,8.5738,2024,7,3
2024-07-03 08:50:00+00:00,2330.0,2331.0,2328.0,2328.0,0.9385,2024,7,3
2024-07-03 08:55:00+00:00,2328.0,2330.0,2328.0,2328.0,2.5538,2024,7,3
2024-07-03 09:00:00+00:00,2329.0,2330.0,2327.0,2328.0,1.3061,2024,7,3
2024-07-03 09:05:00+00:00,2328.0,2328.0,2326.0,2328.0,1.346,2024,7,3
2024-07-03 09:10:00+00:00,2328.0,2331.0,2328.0,2329.0,1.498,2024,7,3
2024-07-03 09:15:00+00:00,2331.0,2331.0,2328.0,2328.0,3.1981,2024,7,3
2024-07-03 09:20:00+00:00,2328.0,2329.0,2326.0,2327.0,1.4646,2024,7,3
2024-07-03 09:25:00+00:00,2330.0,2330.0,2325.0,2328.0,5.3238,2024,7,3
2024-07-03 09:30:00+00:00,2327.0,2329.0,2325.0,2327.0,2.9071,2024,7,3
2024-07-03 09:35:00+00:00,2326.0,2328.0,2326.0,2327.0,3.1303,2024,7,3
2024-07-03 09:40:00+00:00,2327.0,2328.0,2326.0,2326.0,0.7337,2024,7,3
2024-07-03 09:45:00+00:00,2328.0,2328.0,2326.0,2328.0,0.2763,2024,7,3
2024-07-03 09:50:00+00:00,2327.0,2330.0,2326.0,2330.0,4.9182,2024,7,3
2024-07-03 09:55:00+00:00,2329.0,2331.0,2328.0,2330.0,1.6848,2024,7,3
2024-07-03 10:00:00+00:00,2330.0,2332.0,2329.0,2330.0,2.1938,2024,7,3
2024-07-03 10:05:00+00:00,2330.0,2332.0,2328.0,2328.0,5.7823,2024,7,3
2024-07-03 10:10:00+00:00,2328.0,2328.0,2325.0,2328.0,3.2952,2024,7,3
2024-07-03 10:15:00+00:00,2328.0,2328.0,2325.0,2326.0,1.1079,2024,7,3
2024-07-03 10:20:00+00:00,2326.0,2328.0,2326.0,2326.0,1.5984,2024,7,3
2024-07-03 10:25:00+00:00,2326.0,2329.0,2326.0,2326.0,1.4137,2024,7,3
2024-07-03 10:30:00+00:00,2328.0,2329.0,2325.0,2329.0,7.1238,2024,7,3
2024-07-03 10:35:00+00:00,2329.0,2330.0,2326.0,2330.0,6.2167,2024,7,3
2024-07-03 10:40:00+00:00,2329.0,2330.0,2328.0,2330.0,2.015,2024,7,3
2024-07-03 10:45:00+00:00,2330.0,2332.0,2328.0,2331.0,1.8442,2024,7,3
2024-07-03 10:50:00+00:00,2333.0,2333.0,2329.0,2331.0,3.1871,2024,7,3
2024-07-03 10:55:00+00:00,2332.0,2332.0,2331.0,2331.0,1.3994,2024,7,3
2024-07-03 11:00:00+00:00,2332.0,2332.0,2331.0,2331.0,0.2166,2024,7,3
2024-07-03 11:05:00+00:00,2331.0,2332.0,2331.0,2331.0,0.7528,2024,7,3
2024-07-03 11:10:00+00:00,2331.0,2332.0,2331.0,2332.0,0.1099,2024,7,3
2024-07-03 11:15:00+00:00,2332.0,2332.0,2331.0,2331.0,1.9861,2024,7,3
2024-07-03 11:20:00+00:00,2331.0,2331.0,2325.0,2328.0,4.657,2024,7,3
2024-07-03 11:25:00+00:00,2328.0,2328.0,2327.0,2327.0,0.2145,2024,7,3
2024-07-03 11:30:00+00:00,2327.0,2329.0,2327.0,2329.0,0.5381,2024,7,3
2024-07-03 11:35:00+00:00,2328.0,2329.0,2328.0,2328.0,0.1813,2024,7,3
2024-07-03 11:40:00+00:00,2329.0,2329.0,2328.0,2328.0,0.2063,2024,7,3
2024-07-03 11:45:00+00:00,2328.0,2330.0,2328.0,2329.0,1.0768,2024,7,3
2024-07-03 11:50:00+00:00,2330.0,2330.0,2328.0,2328.0,1.5942,2024,7,3
2024-07-03 11:55:00+00:00,2328.0,2328.0,2327.0,2327.0,0.8593,2024,7,3
2024-07-03 12:00:00+00:00,2327.0,2328.0,2325.0,2326.0,22.9865,2024,7,3
2024-07-03 12:05:00+00:00,2327.0,2329.0,2327.0,2329.0,0.9701,2024,7,3
2024-07-03 12:10:00+00:00,2328.0,2329.0,2328.0,2329.0,0.1017,2024,7,3
2024-07-03 12:15:00+00:00,2329.0,2329.0,2325.0,2325.0,3.6006,2024,7,3
2024-07-03 12:20:00+00:00,2328.0,2329.0,2327.0,2328.0,0.9668,2024,7,3
2024-07-03 12:25:00+00:00,2327.0,2330.0,2327.0,2330.0,1.2503,2024,7,3
2024-07-03 12:30:00+00:00,2331.0,2333.0,2331.0,2332.0,3.2627,2024,7,3
2024-07-03 12:35:00+00:00,2333.0,2337.0,2329.0,2336.0,27.5146,2024,7,3
2024-07-03 12:40:00+00:00,2336.0,2337.0,2333.0,2334.0,6.8907,2024,7,3
2024-07-03 12:45:00+00:00,2334.0,2335.0,2332.0,2334.0,0.9618,2024,7,3
2024-07-03 12:50:00+00:00,2334.0,2335.0,2332.0,2335.0,3.2507,2024,7,3
2024-07-03 12:55:00+00:00,2335.0,2335.0,2330.0,2330.0,1.9423,2024,7,3
2024-07-03 13:00:00+00:00,2332.0,2334.0,2328.0,2332.0,4.7829,2024,7,3
2024-07-03 13:05:00+00:00,2333.0,2334.0,2331.0,2332.0,1.7883,2024,7,3
2024-07-03 13:10:00+00:00,2332.0,2336.0,2332.0,2333.0,2.6674,2024,7,3
2024-07-03 13:15:00+00:00,2334.0,2334.0,2332.0,2333.0,0.2086,2024,7,3
2024-07-03 13:20:00+00:00,2333.0,2334.0,2329.0,2333.0,5.1618,2024,7,3
2024-07-03 13:25:00+00:00,2333.0,2334.0,2329.0,2330.0,4.2481,2024,7,3
2024-07-03 13:30:00+00:00,2331.0,2332.0,2328.0,2332.0,3.5348,2024,7,3
2024-07-03 13:35:00+00:00,2332.0,2334.0,2331.0,2334.0,24.4723,2024,7,3
2024-07-03 13:40:00+00:00,2335.0,2336.0,2334.0,2336.0,3.1622,2024,7,3
2024-07-03 13:45:00+00:00,2336.0,2337.0,2336.0,2337.0,1.7312,2024,7,3
2024-07-03 13:50:00+00:00,2337.0,2340.0,2335.0,2337.0,8.9976,2024,7,3
2024-07-03 13:55:00+00:00,2337.0,2340.0,2335.0,2337.0,25.2786,2024,7,3
2024-07-03 14:00:00+00:00,2338.0,2345.0,2332.0,2343.0,18.824,2024,7,3
2024-07-03 14:05:00+00:00,2341.0,2343.0,2340.0,2342.0,11.6318,2024,7,3
2024-07-03 14:10:00+00:00,2342.0,2343.0,2342.0,2342.0,6.4759,2024,7,3
2024-07-03 14:15:00+00:00,2342.0,2343.0,2341.0,2341.0,7.1986,2024,7,3
2024-07-03 14:20:00+00:00,2342.0,2342.0,2340.0,2341.0,7.315,2024,7,3
2024-07-03 14:25:00+00:00,2341.0,2341.0,2338.0,2339.0,4.7084,2024,7,3
2024-07-03 14:30:00+00:00,2340.0,2342.0,2338.0,2341.0,4.7887,2024,7,3
2024-07-03 14:35:00+00:00,2338.0,2343.0,2338.0,2341.0,17.9004,2024,7,3
2024-07-03 14:40:00+00:00,2342.0,2343.0,2340.0,2341.0,18.3714,2024,7,3
2024-07-03 14:45:00+00:00,2341.0,2344.0,2340.0,2343.0,4.9953,2024,7,3
2024-07-03 14:50:00+00:00,2342.0,2343.0,2342.0,2343.0,0.8382,2024,7,3
2024-07-03 14:55:00+00:00,2342.0,2344.0,2341.0,2341.0,12.0057,2024,7,3
2024-07-03 15:00:00+00:00,2341.0,2343.0,2340.0,2343.0,2.1405,2024,7,3
2024-07-03 15:05:00+00:00,2341.0,2343.0,2340.0,2342.0,9.4135,2024,7,3
2024-07-03 15:10:00+00:00,2343.0,2344.0,2342.0,2344.0,1.5323,2024,7,3
2024-07-03 15:15:00+00:00,2343.0,2343.0,2339.0,2343.0,6.4302,2024,7,3
2024-07-03 15:20:00+00:00,2341.0,2343.0,2341.0,2343.0,0.2128,2024,7,3
2024-07-03 15:25:00+00:00,2343.0,2343.0,2341.0,2341.0,0.9884,2024,7,3
2024-07-03 15:30:00+00:00,2340.0,2341.0,2340.0,2341.0,1.0265,2024,7,3
2024-07-03 15:35:00+00:00,2341.0,2341.0,2340.0,2340.0,0.147,2024,7,3
2024-07-03 15:40:00+00:00,2340.0,2343.0,2340.0,2340.0,1.1458,2024,7,3
2024-07-03 15:45:00+00:00,2340.0,2343.0,2340.0,2340.0,0.9896,2024,7,3
2024-07-03 15:50:00+00:00,2342.0,2343.0,2340.0,2340.0,0.8379,2024,7,3
2024-07-03 15:55:00+00:00,2342.0,2344.0,2340.0,2344.0,5.0613,2024,7,3
2024-07-03 16:00:00+00:00,2343.0,2344.0,2341.0,2344.0,5.2531,2024,7,3
2024-07-03 16:05:00+00:00,2344.0,2344.0,2340.0,2340.0,4.2351,2024,7,3
2024-07-03 16:10:00+00:00,2340.0,2344.0,2340.0,2344.0,3.1194,2024,7,3
2024-07-03 16:15:00+00:00,2342.0,2346.0,2342.0,2342.0,3.5382,2024,7,3
2024-07-03 16:20:00+00:00,2344.0,2345.0,2342.0,2345.0,0.4774,2024,7,3
2024-07-03 16:25:00+00:00,2345.0,2347.0,2343.0,2343.0,2.2277,2024,7,3
2024-07-03 16:30:00+00:00,2343.0,2343.0,2341.0,2341.0,6.2306,2024,7,3
2024-07-03 16:35:00+00:00,2342.0,2342.0,2341.0,2342.0,0.0948,2024,7,3
2024-07-03 16:40:00+00:00,2341.0,2343.0,2339.0,2340.0,3.8029,2024,7,3
2024-07-03 16:45:00+00:00,2339.0,2341.0,2339.0,2339.0,1.4526,2024,7,3
2024-07-03 16:50:00+00:00,2341.0,2342.0,2339.0,2341.0,1.1065,2024,7,3
2024-07-03 16:55:00+00:00,2340.0,2342.0,2340.0,2340.0,1.0518,2024,7,3
2024-07-03 17:00:00+00:00,2340.0,2342.0,2339.0,2339.0,0.3491,2024,7,3
2024-07-03 17:05:00+00:00,2340.0,2342.0,2339.0,2339.0,0.132,2024,7,3
2024-07-03 17:10:00+00:00,2339.0,2341.0,2339.0,2341.0,1.0683,2024,7,3
2024-07-03 17:15:00+00:00,2341.0,2341.0,2339.0,2339.0,0.0481,2024,7,3
2024-07-03 17:20:00+00:00,2339.0,2341.0,2339.0,2339.0,0.4809,2024,7,3
2024-07-03 17:25:00+00:00,2339.0,2341.0,2339.0,2339.0,1.2587,2024,7,3
2024-07-03 17:30:00+00:00,2339.0,2340.0,2339.0,2340.0,13.948,2024,7,3
2024-07-03 17:35:00+00:00,2340.0,2341.0,2339.0,2339.0,0.0459,2024,7,3
2024-07-03 17:40:00+00:00,2339.0,2341.0,2339.0,2340.0,0.2133,2024,7,3
2024-07-03 17:45:00+00:00,2340.0,2341.0,2339.0,2341.0,0.1089,2024,7,3
2024-07-03 17:50:00+00:00,2340.0,2341.0,2338.0,2341.0,0.5023,2024,7,3
2024-07-03 17:55:00+00:00,2338.0,2338.0,2338.0,2338.0,0.0226,2024,7,3
2024-07-03 18:00:00+00:00,2340.0,2341.0,2340.0,2340.0,1.363,2024,7,3
2024-07-03 18:05:00+00:00,2338.0,2340.0,2338.0,2338.0,0.1604,2024,7,3
2024-07-03 18:10:00+00:00,2338.0,2340.0,2338.0,2338.0,0.7165,2024,7,3
2024-07-03 18:15:00+00:00,2340.0,2340.0,2338.0,2339.0,0.8437,2024,7,3
2024-07-03 18:20:00+00:00,2338.0,2340.0,2338.0,2340.0,0.0465,2024,7,3
2024-07-03 18:25:00+00:00,2338.0,2340.0,2337.0,2337.0,1.4124,2024,7,3
2024-07-03 18:30:00+00:00,2337.0,2340.0,2337.0,2340.0,1.1267,2024,7,3
2024-07-03 18:35:00+00:00,2338.0,2340.0,2338.0,2340.0,0.8303,2024,7,3
2024-07-03 18:40:00+00:00,2340.0,2341.0,2339.0,2339.0,16.6756,2024,7,3
2024-07-03 18:45:00+00:00,2341.0,2341.0,2338.0,2338.0,1.4583,2024,7,3
2024-07-03 18:50:00+00:00,2338.0,2340.0,2338.0,2338.0,0.6461,2024,7,3
2024-07-03 18:55:00+00:00,2338.0,2340.0,2338.0,2340.0,0.926,2024,7,3
2024-07-03 19:00:00+00:00,2340.0,2341.0,2331.0,2338.0,55.3309,2024,7,3
2024-07-03 19:05:00+00:00,2337.0,2338.0,2336.0,2336.0,0.6186,2024,7,3
2024-07-03 19:10:00+00:00,2338.0,2338.0,2336.0,2337.0,0.2746,2024,7,3
2024-07-03 19:15:00+00:00,2336.0,2342.0,2336.0,2340.0,16.795,2024,7,3
2024-07-03 19:20:00+00:00,2342.0,2342.0,2334.0,2337.0,7.6177,2024,7,3
2024-07-03 19:25:00+00:00,2337.0,2339.0,2335.0,2336.0,4.3218,2024,7,3
2024-07-03 19:30:00+00:00,2337.0,2338.0,2335.0,2337.0,1.1278,2024,7,3
2024-07-03 19:35:00+00:00,2335.0,2337.0,2334.0,2336.0,0.3054,2024,7,3
2024-07-03 19:40:00+00:00,2336.0,2337.0,2334.0,2337.0,0.4993,2024,7,3
2024-07-03 19:45:00+00:00,2335.0,2338.0,2334.0,2335.0,0.9936,2024,7,3
2024-07-03 19:50:00+00:00,2337.0,2337.0,2334.0,2336.0,0.6307,2024,7,3
2024-07-03 19:55:00+00:00,2335.0,2335.0,2334.0,2334.0,4.5282,2024,7,3
2024-07-03 20:00:00+00:00,2335.0,2335.0,2326.0,2333.0,28.647,2024,7,3
2024-07-03 20:05:00+00:00,2333.0,2335.0,2332.0,2334.0,7.51,2024,7,3
2024-07-03 20:10:00+00:00,2335.0,2335.0,2334.0,2335.0,1.822,2024,7,3
2024-07-03 20:15:00+00:00,2335.0,2335.0,2334.0,2335.0,0.5496,2024,7,3
2024-07-03 20:20:00+00:00,2335.0,2335.0,2334.0,2335.0,0.5846,2024,7,3
2024-07-03 20:25:00+00:00,2335.0,2335.0,2334.0,2334.0,0.9759,2024,7,3
2024-07-03 20:30:00+00:00,2335.0,2335.0,2334.0,2335.0,2.8212,2024,7,3
2024-07-03 20:35:00+00:00,2335.0,2335.0,2334.0,2335.0,0.6331,2024,7,3
2024-07-03 20:40:00+00:00,2335.0,2340.0,2334.0,2340.0,8.7865,2024,7,3
2024-07-03 20:45:00+00:00,2340.0,2340.0,2336.0,2336.0,1.846,2024,7,3
2024-07-03 20:50:00+00:00,2338.0,2338.0,2336.0,2336.0,0.517,2024,7,3
2024-07-03 20:55:00+00:00,2337.0,2337.0,2334.0,2335.0,3.3877,2024,7,3
2024-07-03 21:00:00+00:00,2335.0,2340.0,2335.0,2338.0,6.0001,2024,7,3
2024-07-03 21:05:00+00:00,2337.0,2339.0,2336.0,2338.0,0.1784,2024,7,3
2024-07-03 21:10:00+00:00,2338.0,2339.0,2336.0,2339.0,0.3862,2024,7,3
2024-07-03 21:15:00+00:00,2339.0,2339.0,2337.0,2339.0,0.0723,2024,7,3
2024-07-03 21:20:00+00:00,2339.0,2339.0,2336.0,2338.0,0.1109,2024,7,3
2024-07-03 21:25:00+00:00,2338.0,2339.0,2336.0,2337.0,0.8436,2024,7,3
2024-07-03 21:30:00+00:00,2337.0,2338.0,2335.0,2336.0,2.3854,2024,7,3
2024-07-03 21:35:00+00:00,2338.0,2338.0,2336.0,2338.0,0.2327,2024,7,3
2024-07-03 21:40:00+00:00,2336.0,2339.0,2336.0,2339.0,0.1576,2024,7,3
2024-07-03 21:45:00+00:00,2338.0,2339.0,2336.0,2336.0,0.3352,2024,7,3
2024-07-03 21:50:00+00:00,2337.0,2338.0,2334.0,2334.0,1.8758,2024,7,3
2024-07-03 21:55:00+00:00,2336.0,2341.0,2334.0,2338.0,5.73,2024,7,3
2024-07-03 22:00:00+00:00,2338.0,2341.0,2338.0,2339.0,0.0718,2024,7,3
2024-07-03 22:05:00+00:00,2339.0,2341.0,2339.0,2340.0,0.1473,2024,7,3
2024-07-03 22:10:00+00:00,2340.0,2341.0,2338.0,2338.0,1.0247,2024,7,3
2024-07-03 22:15:00+00:00,2340.0,2340.0,2338.0,2338.0,1.2784,2024,7,3
2024-07-03 22:20:00+00:00,2338.0,2338.0,2336.0,2338.0,4.2828,2024,7,3
2024-07-03 22:25:00+00:00,2338.0,2342.0,2337.0,2342.0,10.2591,2024,7,3
2024-07-03 22:30:00+00:00,2341.0,2342.0,2339.0,2340.0,2.0908,2024,7,3
2024-07-03 22:35:00+00:00,2340.0,2345.0,2340.0,2344.0,11.8996,2024,7,3
2024-07-03 22:40:00+00:00,2345.0,2345.0,2345.0,2345.0,0.0127,2024,7,3
2024-07-03 22:45:00+00:00,2345.0,2345.0,2343.0,2345.0,0.4294,2024,7,3
2024-07-03 22:50:00+00:00,2343.0,2343.0,2341.0,2342.0,1.999,2024,7,3
2024-07-03 22:55:00+00:00,2342.0,2344.0,2338.0,2344.0,3.6783,2024,7,3
2024-07-03 23:00:00+00:00,2343.0,2344.0,2342.0,2344.0,0.2131,2024,7,3
2024-07-03 23:05:00+00:00,2343.0,2344.0,2341.0,2341.0,1.4328,2024,7,3
2024-07-03 23:10:00+00:00,2340.0,2340.0,2338.0,2340.0,0.4543,2024,7,3
2024-07-03 23:15:00+00:00,2340.0,2342.0,2340.0,2341.0,0.2123,2024,7,3
2024-07-03 23:20:00+00:00,2340.0,2343.0,2339.0,2339.0,11.7774,2024,7,3
2024-07-03 23:25:00+00:00,2341.0,2343.0,2340.0,2340.0,1.2364,2024,7,3
2024-07-03 23:30:00+00:00,2341.0,2343.0,2341.0,2342.0,0.2629,2024,7,3
2024-07-03 23:35:00+00:00,2342.0,2342.0,2341.0,2341.0,0.0408,2024,7,3
2024-07-03 23:40:00+00:00,2341.0,2343.0,2341.0,2343.0,0.7813,2024,7,3
2024-07-03 23:45:00+00:00,2341.0,2343.0,2341.0,2342.0,0.3945,2024,7,3
2024-07-03 23:50:00+00:00,2342.0,2342.0,2341.0,2342.0,0.0623,2024,7,3
2024-07-03 23:55:00+00:00,2342.0,2342.0,2341.0,2341.0,0.2346,2024,7,3
2024-07-04 00:00:00+00:00,2342.0,2344.0,2342.0,2343.0,4.1578,2024,7,4
2024-07-04 00:05:00+00:00,2344.0,2344.0,2343.0,2343.0,0.3435,2024,7,4
2024-07-04 00:10:00+00:00,2344.0,2344.0,2343.0,2344.0,0.9124,2024,7,4
2024-07-04 00:15:00+00:00,2344.0,2344.0,2343.0,2344.0,2.1977,2024,7,4
2024-07-04 00:20:00+00:00,2343.0,2344.0,2342.0,2344.0,0.3633,2024,7,4
2024-07-04 00:25:00+00:00,2344.0,2346.0,2341.0,2346.0,4.6098,2024,7,4
2024-07-04 00:30:00+00:00,2345.0,2346.0,2344.0,2344.0,0.9178,2024,7,4
2024-07-04 00:35:00+00:00,2345.0,2345.0,2343.0,2345.0,0.1484,2024,7,4
2024-07-04 00:40:00+00:00,2345.0,2345.0,2343.0,2345.0,0.022,2024,7,4
2024-07-04 00:45:00+00:00,2345.0,2345.0,2342.0,2344.0,0.3544,2024,7,4
2024-07-04 00:50:00+00:00,2343.0,2344.0,2343.0,2344.0,0.4103,2024,7,4
2024-07-04 00:55:00+00:00,2344.0,2344.0,2344.0,2344.0,0.1058,2024,7,4
2024-07-04 01:00:00+00:00,2344.0,2345.0,2343.0,2343.0,0.4805,2024,7,4
2024-07-04 01:05:00+00:00,2345.0,2345.0,2343.0,2343.0,0.4879,2024,7,4
2024-07-04 01:10:00+00:00,2343.0,2343.0,2341.0,2341.0,1.134,2024,7,4
2024-07-04 01:15:00+00:00,2341.0,2342.0,2340.0,2342.0,0.1244,2024,7,4
2024-07-04 01:20:00+00:00,2342.0,2342.0,2340.0,2340.0,0.2419,2024,7,4
2024-07-04 01:25:00+00:00,2342.0,2344.0,2341.0,2342.0,2.9436,2024,7,4
2024-07-04 01:30:00+00:00,2342.0,2345.0,2341.0,2342.0,3.3664,2024,7,4
2024-07-04 01:35:00+00:00,2341.0,2344.0,2340.0,2341.0,7.5512,2024,7,4
2024-07-04 01:40:00+00:00,2342.0,2342.0,2337.0,2337.0,3.5264,2024,7,4
2024-07-04 01:45:00+00:00,2339.0,2345.0,2334.0,2344.0,31.2033,2024,7,4
2024-07-04 01:50:00+00:00,2344.0,2344.0,2340.0,2340.0,0.9375,2024,7,4
2024-07-04 01:55:00+00:00,2340.0,2341.0,2335.0,2339.0,17.3361,2024,7,4
2024-07-04 02:00:00+00:00,2337.0,2344.0,2333.0,2336.0,34.769,2024,7,4
2024-07-04 02:05:00+00:00,2336.0,2343.0,2336.0,2342.0,3.1234,2024,7,4
2024-07-04 02:10:00+00:00,2341.0,2347.0,2336.0,2342.0,12.8701,2024,7,4
2024-07-04 02:15:00+00:00,2342.0,2342.0,2338.0,2340.0,2.6189,2024,7,4
2024-07-04 02:20:00+00:00,2340.0,2345.0,2340.0,2340.0,10.6665,2024,7,4
2024-07-04 02:25:00+00:00,2340.0,2342.0,2334.0,2339.0,10.1443,2024,7,4
2024-07-04 02:30:00+00:00,2338.0,2338.0,2335.0,2336.0,5.1973,2024,7,4
2024-07-04 02:35:00+00:00,2336.0,2337.0,2336.0,2337.0,0.2677,2024,7,4
2024-07-04 02:40:00+00:00,2338.0,2340.0,2336.0,2339.0,1.4803,2024,7,4
2024-07-04 02:45:00+00:00,2338.0,2339.0,2333.0,2338.0,6.1098,2024,7,4
2024-07-04 02:50:00+00:00,2336.0,2341.0,2336.0,2341.0,0.7693,2024,7,4
2024-07-04 02:55:00+00:00,2339.0,2341.0,2339.0,2341.0,0.1383,2024,7,4
2024-07-04 03:00:00+00:00,2340.0,2341.0,2339.0,2340.0,0.2495,2024,7,4
2024-07-04 03:05:00+00:00,2340.0,2341.0,2338.0,2340.0,1.2489,2024,7,4
2024-07-04 03:10:00+00:00,2339.0,2341.0,2338.0,2338.0,12.6421,2024,7,4
2024-07-04 03:15:00+00:00,2341.0,2341.0,2338.0,2339.0,0.3232,2024,7,4
2024-07-04 03:20:00+00:00,2338.0,2340.0,2338.0,2340.0,0.637,2024,7,4
2024-07-04 03:25:00+00:00,2340.0,2341.0,2338.0,2340.0,2.0834,2024,7,4
2024-07-04 03:30:00+00:00,2340.0,2341.0,2338.0,2341.0,0.7609,2024,7,4
2024-07-04 03:35:00+00:00,2341.0,2341.0,2339.0,2341.0,0.6961,2024,7,4
2024-07-04 03:40:00+00:00,2341.0,2341.0,2339.0,2340.0,0.6713,2024,7,4
2024-07-04 03:45:00+00:00,2340.0,2341.0,2338.0,2341.0,1.0563,2024,7,4
2024-07-04 03:50:00+00:00,2341.0,2342.0,2338.0,2338.0,17.8929,2024,7,4
2024-07-04 03:55:00+00:00,2338.0,2341.0,2331.0,2333.0,27.995,2024,7,4
2024-07-04 04:00:00+00:00,2332.0,2339.0,2331.0,2336.0,15.4307,2024,7,4
2024-07-04 04:05:00+00:00,2338.0,2339.0,2332.0,2336.0,6.9519,2024,7,4
2024-07-04 04:10:00+00:00,2335.0,2338.0,2334.0,2338.0,2.5303,2024,7,4
2024-07-04 04:15:00+00:00,2336.0,2338.0,2336.0,2336.0,0.1443,2024,7,4
2024-07-04 04:20:00+00:00,2337.0,2338.0,2334.0,2337.0,1.5688,2024,7,4
2024-07-04 04:25:00+00:00,2335.0,2337.0,2333.0,2335.0,3.1928,2024,7,4
2024-07-04 04:30:00+00:00,2334.0,2338.0,2333.0,2335.0,5.841,2024,7,4
2024-07-04 04:35:00+00:00,2335.0,2339.0,2335.0,2339.0,4.0133,2024,7,4
2024-07-04 04:40:00+00:00,2336.0,2339.0,2336.0,2337.0,0.8044,2024,7,4
2024-07-04 04:45:00+00:00,2338.0,2339.0,2337.0,2337.0,0.0693,2024,7,4
2024-07-04 04:50:00+00:00,2337.0,2339.0,2336.0,2336.0,0.5988,2024,7,4
2024-07-04 04:55:00+00:00,2336.0,2339.0,2336.0,2336.0,0.4269,2024,7,4
2024-07-04 05:00:00+00:00,2339.0,2339.0,2336.0,2339.0,0.168,2024,7,4
2024-07-04 05:05:00+00:00,2339.0,2339.0,2336.0,2336.0,2.4733,2024,7,4
2024-07-04 05:10:00+00:00,2336.0,2337.0,2336.0,2337.0,0.3529,2024,7,4
2024-07-04 05:15:00+00:00,2336.0,2337.0,2336.0,2336.0,0.0614,2024,7,4
2024-07-04 05:20:00+00:00,2337.0,2337.0,2336.0,2337.0,0.1265,2024,7,4
2024-07-04 05:25:00+00:00,2336.0,2337.0,2336.0,2336.0,0.0396,2024,7,4
2024-07-04 05:30:00+00:00,2336.0,2336.0,2335.0,2335.0,0.1781,2024,7,4
2024-07-04 05:35:00+00:00,2335.0,2337.0,2333.0,2336.0,1.5398,2024,7,4
2024-07-04 05:40:00+00:00,2336.0,2338.0,2333.0,2338.0,1.6443,2024,7,4
2024-07-04 05:45:00+00:00,2336.0,2338.0,2333.0,2334.0,2.0956,2024,7,4
2024-07-04 05:50:00+00:00,2334.0,2337.0,2333.0,2336.0,3.0939,2024,7,4
2024-07-04 05:55:00+00:00,2335.0,2337.0,2333.0,2334.0,3.2415,2024,7,4
2024-07-04 06:00:00+00:00,2333.0,2337.0,2332.0,2337.0,5.2168,2024,7,4
2024-07-04 06:05:00+00:00,2337.0,2337.0,2334.0,2334.0,0.4712,2024,7,4
2024-07-04 06:10:00+00:00,2334.0,2336.0,2334.0,2336.0,2.2931,2024,7,4
2024-07-04 06:15:00+00:00,2336.0,2337.0,2336.0,2336.0,1.8806,2024,7,4
2024-07-04 06:20:00+00:00,2336.0,2339.0,2336.0,2339.0,4.6838,2024,7,4
2024-07-04 06:25:00+00:00,2338.0,2339.0,2336.0,2337.0,2.3429,2024,7,4
2024-07-04 06:30:00+00:00,2336.0,2336.0,2327.0,2328.0,16.9851,2024,7,4
2024-07-04 06:35:00+00:00,2328.0,2331.0,2323.0,2330.0,19.7806,2024,7,4
2024-07-04 06:40:00+00:00,2329.0,2331.0,2329.0,2331.0,8.0952,2024,7,4
2024-07-04 06:45:00+00:00,2330.0,2335.0,2329.0,2334.0,4.0521,2024,7,4
2024-07-04 06:50:00+00:00,2333.0,2338.0,2333.0,2333.0,4.3157,2024,7,4
2024-07-04 06:55:00+00:00,2332.0,2335.0,2326.0,2335.0,10.4452,2024,7,4
2024-07-04 07:00:00+00:00,2333.0,2333.0,2332.0,2332.0,0.3366,2024,7,4
2024-07-04 07:05:00+00:00,2332.0,2333.0,2329.0,2331.0,3.5939,2024,7,4
2024-07-04 07:10:00+00:00,2331.0,2332.0,2329.0,2330.0,1.8166,2024,7,4
2024-07-04 07:15:00+00:00,2330.0,2331.0,2329.0,2330.0,2.2112,2024,7,4
2024-07-04 07:20:00+00:00,2331.0,2339.0,2330.0,2338.0,14.8582,2024,7,4
2024-07-04 07:25:00+00:00,2338.0,2338.0,2337.0,2338.0,3.0041,2024,7,4
2024-07-04 07:30:00+00:00,2339.0,2339.0,2336.0,2337.0,2.0458,2024,7,4
2024-07-04 07:35:00+00:00,2336.0,2338.0,2334.0,2336.0,8.1897,2024,7,4
2024-07-04 07:40:00+00:00,2337.0,2338.0,2337.0,2338.0,0.0458,2024,7,4
2024-07-04 07:45:00+00:00,2337.0,2340.0,2337.0,2338.0,1.8795,2024,7,4
2024-07-04 07:50:00+00:00,2339.0,2339.0,2334.0,2334.0,7.4503,2024,7,4
2024-07-04 07:55:00+00:00,2336.0,2336.0,2334.0,2334.0,0.1897,2024,7,4
2024-07-04 08:00:00+00:00,2335.0,2344.0,2334.0,2342.0,23.0072,2024,7,4
2024-07-04 08:05:00+00:00,2344.0,2344.0,2341.0,2341.0,1.0053,2024,7,4
2024-07-04 08:10:00+00:00,2341.0,2346.0,2339.0,2339.0,20.3293,2024,7,4
2024-07-04 08:15:00+00:00,2340.0,2340.0,2339.0,2340.0,0.2195,2024,7,4
2024-07-04 08:20:00+00:00,2340.0,2340.0,2337.0,2337.0,3.3282,2024,7,4
2024-07-04 08:25:00+00:00,2339.0,2340.0,2337.0,2339.0,1.3422,2024,7,4
2024-07-04 08:30:00+00:00,2339.0,2340.0,2335.0,2336.0,7.3122,2024,7,4
2024-07-04 08:35:00+00:00,2336.0,2336.0,2334.0,2336.0,0.2854,2024,7,4
2024-07-04 08:40:00+00:00,2336.0,2337.0,2329.0,2337.0,18.8595,2024,7,4
2024-07-04 08:45:00+00:00,2336.0,2337.0,2336.0,2336.0,1.8532,2024,7,4
2024-07-04 08:50:00+00:00,2336.0,2337.0,2336.0,2336.0,0.1677,2024,7,4
2024-07-04 08:55:00+00:00,2336.0,2337.0,2336.0,2337.0,1.1614,2024,7,4
2024-07-04 09:00:00+00:00,2337.0,2340.0,2335.0,2338.0,11.6007,2024,7,4
2024-07-04 09:05:00+00:00,2337.0,2339.0,2334.0,2334.0,5.5881,2024,7,4
2024-07-04 09:10:00+00:00,2336.0,2339.0,2332.0,2335.0,25.0676,2024,7,4
2024-07-04 09:15:00+00:00,2335.0,2336.0,2333.0,2334.0,0.6501,2024,7,4
2024-07-04 09:20:00+00:00,2334.0,2335.0,2332.0,2334.0,1.9656,2024,7,4
2024-07-04 09:25:00+00:00,2334.0,2335.0,2332.0,2333.0,2.4224,2024,7,4
2024-07-04 09:30:00+00:00,2333.0,2336.0,2333.0,2336.0,1.9042,2024,7,4
2024-07-04 09:35:00+00:00,2336.0,2337.0,2335.0,2336.0,0.652,2024,7,4
2024-07-04 09:40:00+00:00,2335.0,2337.0,2335.0,2337.0,1.854,2024,7,4
2024-07-04 09:45:00+00:00,2335.0,2337.0,2335.0,2336.0,2.8611,2024,7,4
2024-07-04 09:50:00+00:00,2335.0,2337.0,2333.0,2334.0,2.4659,2024,7,4
2024-07-04 09:55:00+00:00,2334.0,2336.0,2333.0,2335.0,3.6642,2024,7,4
2024-07-04 10:00:00+00:00,2336.0,2336.0,2332.0,2335.0,3.755,2024,7,4
2024-07-04 10:05:00+00:00,2336.0,2337.0,2335.0,2337.0,2.7845,2024,7,4
2024-07-04 10:10:00+00:00,2335.0,2337.0,2335.0,2335.0,0.4277,2024,7,4
2024-07-04 10:15:00+00:00,2335.0,2336.0,2334.0,2334.0,0.6923,2024,7,4
2024-07-04 10:20:00+00:00,2336.0,2336.0,2334.0,2336.0,0.1234,2024,7,4
2024-07-04 10:25:00+00:00,2336.0,2337.0,2335.0,2335.0,2.6614,2024,7,4
2024-07-04 10:30:00+00:00,2336.0,2336.0,2335.0,2336.0,1.4399,2024,7,4
2024-07-04 10:35:00+00:00,2336.0,2337.0,2335.0,2337.0,1.0334,2024,7,4
2024-07-04 10:40:00+00:00,2337.0,2337.0,2334.0,2335.0,1.4892,2024,7,4
2024-07-04 10:45:00+00:00,2334.0,2338.0,2334.0,2338.0,3.2356,2024,7,4
2024-07-04 10:50:00+00:00,2337.0,2338.0,2333.0,2337.0,11.8494,2024,7,4
2024-07-04 10:55:00+00:00,2335.0,2337.0,2335.0,2337.0,0.5543,2024,7,4
2024-07-04 11:00:00+00:00,2337.0,2339.0,2334.0,2336.0,4.6252,2024,7,4
2024-07-04 11:05:00+00:00,2335.0,2339.0,2335.0,2336.0,5.0536,2024,7,4
2024-07-04 11:10:00+00:00,2338.0,2338.0,2335.0,2336.0,0.8581,2024,7,4
2024-07-04 11:15:00+00:00,2336.0,2337.0,2335.0,2336.0,2.3567,2024,7,4
2024-07-04 11:20:00+00:00,2336.0,2337.0,2335.0,2336.0,0.6092,2024,7,4
2024-07-04 11:25:00+00:00,2336.0,2337.0,2334.0,2337.0,2.5303,2024,7,4
2024-07-04 11:30:00+00:00,2337.0,2338.0,2334.0,2338.0,0.6774,2024,7,4
2024-07-04 11:35:00+00:00,2338.0,2338.0,2336.0,2336.0,0.4632,2024,7,4
2024-07-04 11:40:00+00:00,2336.0,2338.0,2336.0,2336.0,0.1062,2024,7,4
2024-07-04 11:45:00+00:00,2336.0,2338.0,2335.0,2335.0,0.8042,2024,7,4
2024-07-04 11:50:00+00:00,2336.0,2338.0,2336.0,2338.0,1.0649,2024,7,4
2024-07-04 11:55:00+00:00,2338.0,2338.0,2334.0,2336.0,3.2457,2024,7,4
2024-07-04 12:00:00+00:00,2336.0,2339.0,2335.0,2338.0,6.5539,2024,7,4
2024-07-04 12:05:00+00:00,2336.0,2339.0,2331.0,2336.0,12.269,2024,7,4
2024-07-04 12:10:00+00:00,2334.0,2337.0,2334.0,2337.0,0.9449,2024,7,4
2024-07-04 12:15:00+00:00,2335.0,2335.0,2331.0,2335.0,14.4901,2024,7,4
2024-07-04 12:20:00+00:00,2333.0,2335.0,2333.0,2335.0,0.2303,2024,7,4
2024-07-04 12:25:00+00:00,2334.0,2335.0,2333.0,2335.0,1.0624,2024,7,4
2024-07-04 12:30:00+00:00,2335.0,2335.0,2334.0,2335.0,0.3128,2024,7,4
2024-07-04 12:35:00+00:00,2333.0,2335.0,2332.0,2333.0,1.7443,2024,7,4
2024-07-04 12:40:00+00:00,2334.0,2334.0,2332.0,2334.0,0.143,2024,7,4
2024-07-04 12:45:00+00:00,2332.0,2333.0,2331.0,2332.0,8.6682,2024,7,4
2024-07-04 12:50:00+00:00,2333.0,2334.0,2332.0,2332.0,1.0733,2024,7,4
2024-07-04 12:55:00+00:00,2333.0,2335.0,2332.0,2332.0,3.1802,2024,7,4
2024-07-04 13:00:00+00:00,2334.0,2335.0,2332.0,2334.0,2.0345,2024,7,4
2024-07-04 13:05:00+00:00,2333.0,2335.0,2333.0,2334.0,2.9918,2024,7,4
2024-07-04 13:10:00+00:00,2334.0,2334.0,2331.0,2334.0,2.1898,2024,7,4
2024-07-04 13:15:00+00:00,2333.0,2334.0,2332.0,2332.0,3.6586,2024,7,4
2024-07-04 13:20:00+00:00,2332.0,2333.0,2331.0,2332.0,4.7214,2024,7,4
2024-07-04 13:25:00+00:00,2332.0,2332.0,2328.0,2331.0,23.7745,2024,7,4
2024-07-04 13:30:00+00:00,2331.0,2334.0,2331.0,2334.0,1.5454,2024,7,4
2024-07-04 13:35:00+00:00,2333.0,2335.0,2332.0,2333.0,1.1142,2024,7,4
2024-07-04 13:40:00+00:00,2334.0,2334.0,2332.0,2332.0,9.1628,2024,7,4
2024-07-04 13:45:00+00:00,2333.0,2335.0,2332.0,2335.0,6.9433,2024,7,4
2024-07-04 13:50:00+00:00,2335.0,2338.0,2333.0,2335.0,27.5563,2024,7,4
2024-07-04 13:55:00+00:00,2336.0,2337.0,2335.0,2336.0,2.2586,2024,7,4
2024-07-04 14:00:00+00:00,2336.0,2336.0,2335.0,2336.0,1.5353,2024,7,4
2024-07-04 14:05:00+00:00,2335.0,2336.0,2335.0,2335.0,0.1279,2024,7,4
2024-07-04 14:10:00+00:00,2335.0,2337.0,2335.0,2337.0,6.7199,2024,7,4
2024-07-04 14:15:00+00:00,2337.0,2337.0,2336.0,2336.0,0.2511,2024,7,4
2024-07-04 14:20:00+00:00,2336.0,2340.0,2336.0,2337.0,9.6405,2024,7,4
2024-07-04 14:25:00+00:00,2337.0,2338.0,2334.0,2334.0,27.7124,2024,7,4
2024-07-04 14:30:00+00:00,2333.0,2334.0,2332.0,2332.0,39.7105,2024,7,4
2024-07-04 14:35:00+00:00,2332.0,2333.0,2331.0,2332.0,8.1115,2024,7,4
2024-07-04 14:40:00+00:00,2332.0,2336.0,2330.0,2335.0,42.172,2024,7,4
2024-07-04 14:45:00+00:00,2335.0,2338.0,2335.0,2336.0,0.8423,2024,7,4
2024-07-04 14:50:00+00:00,2338.0,2338.0,2335.0,2337.0,8.7923,2024,7,4
2024-07-04 14:55:00+00:00,2337.0,2337.0,2335.0,2335.0,0.3157,2024,7,4
2024-07-04 15:00:00+00:00,2336.0,2336.0,2333.0,2335.0,2.0304,2024,7,4
2024-07-04 15:05:00+00:00,2334.0,2336.0,2333.0,2336.0,3.4122,2024,7,4
2024-07-04 15:10:00+00:00,2335.0,2337.0,2335.0,2337.0,2.2141,2024,7,4
2024-07-04 15:15:00+00:00,2337.0,2337.0,2335.0,2335.0,1.4688,2024,7,4
2024-07-04 15:20:00+00:00,2337.0,2337.0,2335.0,2337.0,0.5578,2024,7,4
2024-07-04 15:25:00+00:00,2335.0,2335.0,2333.0,2335.0,2.2688,2024,7,4
2024-07-04 15:30:00+00:00,2335.0,2337.0,2334.0,2335.0,4.8466,2024,7,4
2024-07-04 15:35:00+00:00,2335.0,2337.0,2335.0,2335.0,2.575,2024,7,4
2024-07-04 15:40:00+00:00,2336.0,2336.0,2334.0,2336.0,0.9168,2024,7,4
2024-07-04 15:45:00+00:00,2336.0,2337.0,2333.0,2336.0,3.8279,2024,7,4
2024-07-04 15:50:00+00:00,2336.0,2337.0,2335.0,2337.0,3.7323,2024,7,4
2024-07-04 15:55:00+00:00,2337.0,2337.0,2336.0,2337.0,0.5187,2024,7,4
2024-07-04 16:00:00+00:00,2337.0,2337.0,2335.0,2337.0,4.8396,2024,7,4
2024-07-04 16:05:00+00:00,2335.0,2336.0,2335.0,2335.0,0.7355,2024,7,4
2024-07-04 16:10:00+00:00,2335.0,2337.0,2335.0,2336.0,2.7108,2024,7,4
2024-07-04 16:15:00+00:00,2335.0,2337.0,2334.0,2336.0,13.5517,2024,7,4
2024-07-04 16:20:00+00:00,2336.0,2337.0,2334.0,2336.0,2.7204,2024,7,4
2024-07-04 16:25:00+00:00,2334.0,2336.0,2333.0,2335.0,4.471,2024,7,4
2024-07-04 16:30:00+00:00,2335.0,2336.0,2332.0,2336.0,4.5343,2024,7,4
2024-07-04 16:35:00+00:00,2336.0,2337.0,2334.0,2337.0,2.5801,2024,7,4
2024-07-04 16:40:00+00:00,2337.0,2338.0,2334.0,2336.0,4.0821,2024,7,4
2024-07-04 16:45:00+00:00,2336.0,2336.0,2334.0,2334.0,1.0752,2024,7,4
2024-07-04 16:50:00+00:00,2335.0,2335.0,2333.0,2334.0,1.3245,2024,7,4
2024-07-04 16:55:00+00:00,2334.0,2336.0,2332.0,2335.0,6.1178,2024,7,4
2024-07-04 17:00:00+00:00,2335.0,2336.0,2334.0,2335.0,0.6462,2024,7,4
2024-07-04 17:05:00+00:00,2335.0,2339.0,2335.0,2336.0,2.6537,2024,7,4
2024-07-04 17:10:00+00:00,2336.0,2338.0,2335.0,2335.0,1.423,2024,7,4
2024-07-04 17:15:00+00:00,2335.0,2336.0,2335.0,2336.0,0.995,2024,7,4
2024-07-04 17:20:00+00:00,2335.0,2336.0,2334.0,2335.0,1.0927,2024,7,4
2024-07-04 17:25:00+00:00,2336.0,2336.0,2335.0,2335.0,0.2553,2024,7,4
2024-07-04 17:30:00+00:00,2334.0,2334.0,2331.0,2332.0,5.2051,2024,7,4
2024-07-04 17:35:00+00:00,2332.0,2333.0,2332.0,2333.0,0.2092,2024,7,4
2024-07-04 17:40:00+00:00,2334.0,2335.0,2332.0,2333.0,0.6743,2024,7,4
2024-07-04 17:45:00+00:00,2332.0,2334.0,2332.0,2334.0,1.1837,2024,7,4
2024-07-04 17:50:00+00:00,2334.0,2335.0,2331.0,2333.0,8.2665,2024,7,4
2024-07-04 17:55:00+00:00,2334.0,2334.0,2333.0,2334.0,0.6405,2024,7,4
2024-07-04 18:00:00+00:00,2333.0,2333.0,2330.0,2333.0,5.5753,2024,7,4
2024-07-04 18:05:00+00:00,2333.0,2334.0,2331.0,2332.0,4.5878,2024,7,4
2024-07-04 18:10:00+00:00,2332.0,2332.0,2330.0,2332.0,0.4331,2024,7,4
2024-07-04 18:15:00+00:00,2332.0,2332.0,2330.0,2331.0,0.0738,2024,7,4
2024-07-04 18:20:00+00:00,2331.0,2332.0,2330.0,2332.0,0.2448,2024,7,4
2024-07-04 18:25:00+00:00,2332.0,2332.0,2330.0,2330.0,0.5398,2024,7,4
2024-07-04 18:30:00+00:00,2330.0,2334.0,2330.0,2333.0,2.0178,2024,7,4
2024-07-04 18:35:00+00:00,2332.0,2332.0,2329.0,2331.0,2.8059,2024,7,4
2024-07-04 18:40:00+00:00,2331.0,2335.0,2331.0,2335.0,5.4579,2024,7,4
2024-07-04 18:45:00+00:00,2333.0,2342.0,2332.0,2334.0,20.1383,2024,7,4
2024-07-04 18:50:00+00:00,2334.0,2335.0,2333.0,2333.0,1.5289,2024,7,4
2024-07-04 18:55:00+00:00,2335.0,2335.0,2330.0,2333.0,3.7194,2024,7,4
2024-07-04 19:00:00+00:00,2333.0,2334.0,2333.0,2333.0,0.1231,2024,7,4
2024-07-04 19:05:00+00:00,2334.0,2339.0,2330.0,2336.0,7.874,2024,7,4
2024-07-04 19:10:00+00:00,2337.0,2338.0,2334.0,2336.0,6.7132,2024,7,4
2024-07-04 19:15:00+00:00,2337.0,2338.0,2335.0,2336.0,5.1775,2024,7,4
2024-07-04 19:20:00+00:00,2337.0,2339.0,2336.0,2339.0,1.2205,2024,7,4
2024-07-04 19:25:00+00:00,2337.0,2338.0,2336.0,2336.0,3.7883,2024,7,4
2024-07-04 19:30:00+00:00,2338.0,2339.0,2337.0,2337.0,0.603,2024,7,4
2024-07-04 19:35:00+00:00,2338.0,2338.0,2333.0,2335.0,4.397,2024,7,4
2024-07-04 19:40:00+00:00,2335.0,2335.0,2332.0,2332.0,0.2886,2024,7,4
2024-07-04 19:45:00+00:00,2334.0,2334.0,2332.0,2334.0,0.2599,2024,7,4
2024-07-04 19:50:00+00:00,2332.0,2334.0,2332.0,2333.0,0.2254,2024,7,4
2024-07-04 19:55:00+00:00,2333.0,2334.0,2332.0,2333.0,0.6338,2024,7,4
2024-07-04 20:00:00+00:00,2333.0,2334.0,2330.0,2334.0,6.5874,2024,7,4
2024-07-04 20:05:00+00:00,2333.0,2334.0,2332.0,2334.0,0.6432,2024,7,4
2024-07-04 20:10:00+00:00,2334.0,2334.0,2332.0,2334.0,0.0695,2024,7,4
2024-07-04 20:15:00+00:00,2333.0,2333.0,2332.0,2333.0,0.5197,2024,7,4
2024-07-04 20:20:00+00:00,2333.0,2334.0,2332.0,2333.0,0.1371,2024,7,4
2024-07-04 20:25:00+00:00,2334.0,2334.0,2333.0,2334.0,0.2196,2024,7,4
2024-07-04 20:30:00+00:00,2333.0,2334.0,2333.0,2334.0,0.5901,2024,7,4
2024-07-04 20:35:00+00:00,2334.0,2334.0,2333.0,2333.0,0.0937,2024,7,4
2024-07-04 20:40:00+00:00,2334.0,2334.0,2333.0,2333.0,0.4771,2024,7,4
2024-07-04 20:45:00+00:00,2333.0,2334.0,2332.0,2334.0,0.0504,2024,7,4
2024-07-04 20:50:00+00:00,2332.0,2334.0,2331.0,2331.0,1.463,2024,7,4
2024-07-04 20:55:00+00:00,2332.0,2333.0,2332.0,2333.0,2.4232,2024,7,4
2024-07-04 21:00:00+00:00,2332.0,2333.0,2332.0,2332.0,0.097,2024,7,4
2024-07-04 21:05:00+00:00,2333.0,2333.0,2332.0,2333.0,0.6825,2024,7,4
2024-07-04 21:10:00+00:00,2333.0,2333.0,2331.0,2332.0,0.493,2024,7,4
2024-07-04 21:15:00+00:00,2333.0,2333.0,2332.0,2333.0,0.2938,2024,7,4
2024-07-04 21:20:00+00:00,2332.0,2336.0,2332.0,2336.0,7.2786,2024,7,4
2024-07-04 21:25:00+00:00,2336.0,2337.0,2334.0,2334.0,1.7456,2024,7,4
2024-07-04 21:30:00+00:00,2335.0,2336.0,2334.0,2336.0,1.269,2024,7,4
2024-07-04 21:35:00+00:00,2335.0,2338.0,2335.0,2336.0,0.4496,2024,7,4
2024-07-04 21:40:00+00:00,2336.0,2337.0,2336.0,2336.0,0.6187,2024,7,4
2024-07-04 21:45:00+00:00,2336.0,2336.0,2334.0,2335.0,0.8774,2024,7,4
2024-07-04 21:50:00+00:00,2334.0,2337.0,2333.0,2336.0,5.161,2024,7,4
2024-07-04 21:55:00+00:00,2336.0,2337.0,2332.0,2332.0,4.2003,2024,7,4
2024-07-04 22:00:00+00:00,2332.0,2333.0,2330.0,2332.0,3.412,2024,7,4
2024-07-04 22:05:00+00:00,2332.0,2334.0,2326.0,2333.0,15.0214,2024,7,4
2024-07-04 22:10:00+00:00,2333.0,2334.0,2330.0,2330.0,1.776,2024,7,4
2024-07-04 22:15:00+00:00,2330.0,2332.0,2326.0,2331.0,6.591,2024,7,4
2024-07-04 22:20:00+00:00,2332.0,2332.0,2330.0,2331.0,1.1609,2024,7,4
2024-07-04 22:25:00+00:00,2331.0,2332.0,2331.0,2332.0,0.5708,2024,7,4
2024-07-04 22:30:00+00:00,2331.0,2332.0,2330.0,2330.0,0.8804,2024,7,4
2024-07-04 22:35:00+00:00,2330.0,2332.0,2327.0,2330.0,3.1519,2024,7,4
2024-07-04 22:40:00+00:00,2330.0,2332.0,2329.0,2330.0,0.6714,2024,7,4
2024-07-04 22:45:00+00:00,2331.0,2332.0,2329.0,2330.0,2.151,2024,7,4
2024-07-04 22:50:00+00:00,2330.0,2332.0,2329.0,2329.0,0.7116,2024,7,4
2024-07-04 22:55:00+00:00,2329.0,2331.0,2329.0,2330.0,1.2488,2024,7,4
2024-07-04 23:00:00+00:00,2330.0,2332.0,2329.0,2330.0,1.4132,2024,7,4
2024-07-04 23:05:00+00:00,2330.0,2333.0,2330.0,2332.0,1.0946,2024,7,4
2024-07-04 23:10:00+00:00,2331.0,2333.0,2330.0,2332.0,2.2908,2024,7,4
2024-07-04 23:15:00+00:00,2331.0,2332.0,2330.0,2332.0,1.3884,2024,7,4
2024-07-04 23:20:00+00:00,2330.0,2332.0,2330.0,2330.0,0.5703,2024,7,4
2024-07-04 23:25:00+00:00,2330.0,2333.0,2329.0,2329.0,3.0681,2024,7,4
2024-07-04 23:30:00+00:00,2330.0,2332.0,2329.0,2329.0,2.5975,2024,7,4
2024-07-04 23:35:00+00:00,2329.0,2330.0,2329.0,2329.0,0.3343,2024,7,4
2024-07-04 23:40:00+00:00,2329.0,2330.0,2324.0,2326.0,34.9347,2024,7,4
2024-07-04 23:45:00+00:00,2327.0,2328.0,2326.0,2326.0,5.8099,2024,7,4
2024-07-04 23:50:00+00:00,2327.0,2328.0,2326.0,2328.0,5.2274,2024,7,4
2024-07-04 23:55:00+00:00,2327.0,2328.0,2325.0,2326.0,3.2624,2024,7,4
2024-07-05 00:00:00+00:00,2327.0,2329.0,2324.0,2325.0,4.1912,2024,7,5
2024-07-05 00:05:00+00:00,2326.0,2327.0,2320.0,2325.0,10.4413,2024,7,5
2024-07-05 00:10:00+00:00,2325.0,2327.0,2325.0,2327.0,1.2718,2024,7,5
2024-07-05 00:15:00+00:00,2326.0,2327.0,2325.0,2325.0,1.7527,2024,7,5
2024-07-05 00:20:00+00:00,2325.0,2327.0,2325.0,2327.0,1.3008,2024,7,5
2024-07-05 00:25:00+00:00,2326.0,2327.0,2324.0,2325.0,2.9075,2024,7,5
2024-07-05 00:30:00+00:00,2325.0,2329.0,2325.0,2327.0,3.034,2024,7,5
2024-07-05 00:35:00+00:00,2327.0,2329.0,2320.0,2329.0,10.4182,2024,7,5
2024-07-05 00:40:00+00:00,2329.0,2329.0,2323.0,2324.0,2.8786,2024,7,5
2024-07-05 00:45:00+00:00,2324.0,2328.0,2324.0,2327.0,3.3713,2024,7,5
2024-07-05 00:50:00+00:00,2327.0,2331.0,2327.0,2328.0,5.6036,2024,7,5
2024-07-05 00:55:00+00:00,2328.0,2329.0,2327.0,2328.0,1.5734,2024,7,5
2024-07-05 01:00:00+00:00,2329.0,2329.0,2326.0,2326.0,1.0233,2024,7,5
2024-07-05 01:05:00+00:00,2326.0,2328.0,2325.0,2328.0,1.762,2024,7,5
2024-07-05 01:10:00+00:00,2328.0,2328.0,2326.0,2326.0,0.7924,2024,7,5
2024-07-05 01:15:00+00:00,2326.0,2327.0,2325.0,2325.0,0.368,2024,7,5
2024-07-05 01:20:00+00:00,2325.0,2325.0,2322.0,2324.0,3.3486,2024,7,5
2024-07-05 01:25:00+00:00,2324.0,2325.0,2323.0,2324.0,3.5988,2024,7,5
2024-07-05 01:30:00+00:00,2324.0,2329.0,2323.0,2324.0,4.6987,2024,7,5
2024-07-05 01:35:00+00:00,2324.0,2330.0,2322.0,2327.0,2.6946,2024,7,5
2024-07-05 01:40:00+00:00,2328.0,2329.0,2326.0,2326.0,1.7655,2024,7,5
2024-07-05 01:45:00+00:00,2326.0,2328.0,2326.0,2328.0,4.9623,2024,7,5
2024-07-05 01:50:00+00:00,2328.0,2329.0,2328.0,2328.0,0.3547,2024,7,5
2024-07-05 01:55:00+00:00,2329.0,2329.0,2327.0,2327.0,3.1884,2024,7,5
2024-07-05 02:00:00+00:00,2328.0,2328.0,2327.0,2327.0,0.1723,2024,7,5
2024-07-05 02:05:00+00:00,2327.0,2327.0,2327.0,2327.0,0.6981,2024,7,5
2024-07-05 02:10:00+00:00,2327.0,2328.0,2327.0,2327.0,0.1826,2024,7,5
2024-07-05 02:15:00+00:00,2328.0,2331.0,2327.0,2331.0,2.6059,2024,7,5
2024-07-05 02:20:00+00:00,2330.0,2330.0,2328.0,2328.0,1.3337,2024,7,5
2024-07-05 02:25:00+00:00,2328.0,2329.0,2326.0,2326.0,14.7366,2024,7,5
2024-07-05 02:30:00+00:00,2326.0,2330.0,2326.0,2327.0,3.7442,2024,7,5
2024-07-05 02:35:00+00:00,2327.0,2329.0,2326.0,2328.0,1.1869,2024,7,5
2024-07-05 02:40:00+00:00,2328.0,2329.0,2328.0,2329.0,0.0389,2024,7,5
2024-07-05 02:45:00+00:00,2329.0,2329.0,2326.0,2327.0,1.8006,2024,7,5
2024-07-05 02:50:00+00:00,2326.0,2326.0,2320.0,2321.0,14.9666,2024,7,5
2024-07-05 02:55:00+00:00,2322.0,2344.0,2313.0,2339.0,132.5383,2024,7,5
2024-07-05 03:00:00+00:00,2337.0,2341.0,2317.0,2322.0,70.3547,2024,7,5
2024-07-05 03:05:00+00:00,2322.0,2326.0,2319.0,2321.0,10.8544,2024,7,5
2024-07-05 03:10:00+00:00,2321.0,2327.0,2318.0,2322.0,12.5771,2024,7,5
2024-07-05 03:15:00+00:00,2321.0,2322.0,2318.0,2318.0,5.4192,2024,7,5
2024-07-05 03:20:00+00:00,2319.0,2324.0,2313.0,2317.0,10.896,2024,7,5
2024-07-05 03:25:00+00:00,2316.0,2317.0,2314.0,2314.0,0.7856,2024,7,5
2024-07-05 03:30:00+00:00,2314.0,2315.0,2313.0,2315.0,13.3367,2024,7,5
2024-07-05 03:35:00+00:00,2315.0,2317.0,2313.0,2315.0,19.3166,2024,7,5
2024-07-05 03:40:00+00:00,2316.0,2319.0,2315.0,2319.0,2.0613,2024,7,5
2024-07-05 03:45:00+00:00,2317.0,2322.0,2317.0,2317.0,2.7787,2024,7,5
2024-07-05 03:50:00+00:00,2318.0,2322.0,2317.0,2319.0,4.6415,2024,7,5
2024-07-05 03:55:00+00:00,2319.0,2328.0,2319.0,2324.0,8.2604,2024,7,5
2024-07-05 04:00:00+00:00,2321.0,2324.0,2319.0,2323.0,3.6048,2024,7,5
2024-07-05 04:05:00+00:00,2323.0,2325.0,2323.0,2325.0,0.4795,2024,7,5
2024-07-05 04:10:00+00:00,2323.0,2329.0,2323.0,2326.0,15.8309,2024,7,5
2024-07-05 04:15:00+00:00,2325.0,2328.0,2318.0,2318.0,83.48,2024,7,5
2024-07-05 04:20:00+00:00,2319.0,2324.0,2318.0,2324.0,6.7074,2024,7,5
2024-07-05 04:25:00+00:00,2325.0,2328.0,2322.0,2328.0,10.5457,2024,7,5
2024-07-05 04:30:00+00:00,2329.0,2330.0,2326.0,2328.0,1.9269,2024,7,5
2024-07-05 04:35:00+00:00,2329.0,2337.0,2328.0,2329.0,5.5377,2024,7,5
2024-07-05 04:40:00+00:00,2329.0,2332.0,2327.0,2331.0,1.4076,2024,7,5
2024-07-05 04:45:00+00:00,2331.0,2332.0,2324.0,2329.0,7.0754,2024,7,5
2024-07-05 04:50:00+00:00,2330.0,2332.0,2326.0,2330.0,8.5071,2024,7,5
2024-07-05 04:55:00+00:00,2330.0,2334.0,2327.0,2331.0,7.7569,2024,7,5
2024-07-05 05:00:00+00:00,2329.0,2332.0,2328.0,2330.0,4.0731,2024,7,5
2024-07-05 05:05:00+00:00,2330.0,2335.0,2327.0,2329.0,11.5594,2024,7,5
2024-07-05 05:10:00+00:00,2328.0,2331.0,2327.0,2330.0,10.1252,2024,7,5
2024-07-05 05:15:00+00:00,2330.0,2332.0,2328.0,2329.0,3.4289,2024,7,5
2024-07-05 05:20:00+00:00,2328.0,2330.0,2326.0,2328.0,3.8707,2024,7,5
2024-07-05 05:25:00+00:00,2328.0,2330.0,2325.0,2328.0,6.6765,2024,7,5
2024-07-05 05:30:00+00:00,2328.0,2331.0,2328.0,2328.0,2.5962,2024,7,5
2024-07-05 05:35:00+00:00,2330.0,2331.0,2329.0,2330.0,2.4885,2024,7,5
2024-07-05 05:40:00+00:00,2330.0,2331.0,2330.0,2330.0,0.7016,2024,7,5
2024-07-05 05:45:00+00:00,2330.0,2331.0,2330.0,2330.0,1.1922,2024,7,5
2024-07-05 05:50:00+00:00,2330.0,2331.0,2328.0,2330.0,7.6428,2024,7,5
2024-07-05 05:55:00+00:00,2331.0,2332.0,2330.0,2331.0,1.8792,2024,7,5
2024-07-05 06:00:00+00:00,2331.0,2333.0,2329.0,2329.0,11.2037,2024,7,5
2024-07-05 06:05:00+00:00,2329.0,2332.0,2327.0,2331.0,4.2171,2024,7,5
2024-07-05 06:10:00+00:00,2331.0,2334.0,2330.0,2332.0,9.5665,2024,7,5
2024-07-05 06:15:00+00:00,2330.0,2333.0,2329.0,2330.0,15.5508,2024,7,5
2024-07-05 06:20:00+00:00,2330.0,2332.0,2330.0,2330.0,2.7738,2024,7,5
2024-07-05 06:25:00+00:00,2330.0,2331.0,2328.0,2329.0,2.8629,2024,7,5
2024-07-05 06:30:00+00:00,2329.0,2330.0,2325.0,2329.0,10.8801,2024,7,5
2024-07-05 06:35:00+00:00,2329.0,2332.0,2329.0,2331.0,15.5659,2024,7,5
2024-07-05 06:40:00+00:00,2331.0,2331.0,2325.0,2327.0,16.6522,2024,7,5
2024-07-05 06:45:00+00:00,2328.0,2334.0,2327.0,2330.0,17.7863,2024,7,5
2024-07-05 06:50:00+00:00,2331.0,2333.0,2329.0,2333.0,1.8666,2024,7,5
2024-07-05 06:55:00+00:00,2332.0,2333.0,2328.0,2329.0,3.8115,2024,7,5
2024-07-05 07:00:00+00:00,2328.0,2329.0,2326.0,2327.0,3.3153,2024,7,5
2024-07-05 07:05:00+00:00,2327.0,2329.0,2327.0,2328.0,3.2791,2024,7,5
2024-07-05 07:10:00+00:00,2327.0,2329.0,2327.0,2329.0,1.7112,2024,7,5
2024-07-05 07:15:00+00:00,2329.0,2329.0,2326.0,2328.0,4.3594,2024,7,5
2024-07-05 07:20:00+00:00,2327.0,2329.0,2327.0,2327.0,0.3105,2024,7,5
2024-07-05 07:25:00+00:00,2327.0,2329.0,2327.0,2327.0,1.2801,2024,7,5
2024-07-05 07:30:00+00:00,2327.0,2328.0,2327.0,2327.0,1.7472,2024,7,5
2024-07-05 07:35:00+00:00,2327.0,2329.0,2327.0,2328.0,8.5614,2024,7,5
2024-07-05 07:40:00+00:00,2328.0,2331.0,2328.0,2329.0,34.9108,2024,7,5
2024-07-05 07:45:00+00:00,2329.0,2332.0,2327.0,2330.0,3.9003,2024,7,5
2024-07-05 07:50:00+00:00,2329.0,2329.0,2326.0,2329.0,3.797,2024,7,5
2024-07-05 07:55:00+00:00,2327.0,2327.0,2325.0,2327.0,1.8779,2024,7,5
2024-07-05 08:00:00+00:00,2327.0,2327.0,2325.0,2327.0,1.4553,2024,7,5
2024-07-05 08:05:00+00:00,2325.0,2327.0,2325.0,2326.0,1.5187,2024,7,5
2024-07-05 08:10:00+00:00,2326.0,2329.0,2322.0,2325.0,14.6237,2024,7,5
2024-07-05 08:15:00+00:00,2325.0,2326.0,2323.0,2326.0,3.7408,2024,7,5
2024-07-05 08:20:00+00:00,2327.0,2331.0,2327.0,2329.0,11.7891,2024,7,5
2024-07-05 08:25:00+00:00,2329.0,2331.0,2329.0,2330.0,1.3258,2024,7,5
2024-07-05 08:30:00+00:00,2330.0,2331.0,2330.0,2330.0,1.7179,2024,7,5
2024-07-05 08:35:00+00:00,2331.0,2331.0,2329.0,2329.0,1.6222,2024,7,5
2024-07-05 08:40:00+00:00,2329.0,2331.0,2329.0,2330.0,2.3976,2024,7,5
2024-07-05 08:45:00+00:00,2330.0,2331.0,2329.0,2329.0,3.2897,2024,7,5
2024-07-05 08:50:00+00:00,2329.0,2331.0,2329.0,2330.0,2.2849,2024,7,5
2024-07-05 08:55:00+00:00,2330.0,2330.0,2327.0,2328.0,4.0266,2024,7,5
2024-07-05 09:00:00+00:00,2328.0,2329.0,2327.0,2328.0,7.7095,2024,7,5
2024-07-05 09:05:00+00:00,2328.0,2335.0,2328.0,2329.0,48.7156,2024,7,5
2024-07-05 09:10:00+00:00,2330.0,2344.0,2329.0,2336.0,56.5413,2024,7,5
2024-07-05 09:15:00+00:00,2336.0,2344.0,2332.0,2333.0,33.2388,2024,7,5
2024-07-05 09:20:00+00:00,2333.0,2335.0,2331.0,2335.0,1.3721,2024,7,5
2024-07-05 09:25:00+00:00,2335.0,2337.0,2331.0,2332.0,3.7467,2024,7,5
2024-07-05 09:30:00+00:00,2333.0,2345.0,2332.0,2335.0,69.7883,2024,7,5
2024-07-05 09:35:00+00:00,2335.0,2336.0,2333.0,2335.0,2.5356,2024,7,5
2024-07-05 09:40:00+00:00,2333.0,2336.0,2333.0,2335.0,0.3163,2024,7,5
2024-07-05 09:45:00+00:00,2336.0,2339.0,2333.0,2334.0,4.59,2024,7,5
2024-07-05 09:50:00+00:00,2334.0,2336.0,2333.0,2333.0,0.7268,2024,7,5
2024-07-05 09:55:00+00:00,2333.0,2336.0,2330.0,2333.0,3.2092,2024,7,5
2024-07-05 10:00:00+00:00,2331.0,2338.0,2330.0,2337.0,3.4941,2024,7,5
2024-07-05 10:05:00+00:00,2337.0,2338.0,2334.0,2337.0,1.7177,2024,7,5
2024-07-05 10:10:00+00:00,2337.0,2340.0,2334.0,2339.0,17.6931,2024,7,5
2024-07-05 10:15:00+00:00,2337.0,2339.0,2337.0,2338.0,2.7035,2024,7,5
2024-07-05 10:20:00+00:00,2338.0,2339.0,2334.0,2334.0,4.361,2024,7,5
2024-07-05 10:25:00+00:00,2334.0,2335.0,2331.0,2333.0,17.1015,2024,7,5
2024-07-05 10:30:00+00:00,2334.0,2335.0,2327.0,2331.0,22.3684,2024,7,5
2024-07-05 10:35:00+00:00,2331.0,2332.0,2326.0,2330.0,18.3992,2024,7,5
2024-07-05 10:40:00+00:00,2330.0,2332.0,2328.0,2331.0,1.3457,2024,7,5
2024-07-05 10:45:00+00:00,2329.0,2331.0,2325.0,2329.0,36.3278,2024,7,5
2024-07-05 10:50:00+00:00,2327.0,2330.0,2327.0,2330.0,1.8121,2024,7,5
2024-07-05 10:55:00+00:00,2330.0,2330.0,2329.0,2330.0,5.492,2024,7,5
2024-07-05 11:00:00+00:00,2330.0,2330.0,2329.0,2330.0,1.8894,2024,7,5
2024-07-05 11:05:00+00:00,2330.0,2331.0,2329.0,2329.0,0.6006,2024,7,5
2024-07-05 11:10:00+00:00,2329.0,2330.0,2329.0,2330.0,5.0191,2024,7,5
2024-07-05 11:15:00+00:00,2330.0,2330.0,2329.0,2330.0,4.0731,2024,7,5
2024-07-05 11:20:00+00:00,2330.0,2330.0,2329.0,2330.0,0.7124,2024,7,5
2024-07-05 11:25:00+00:00,2330.0,2330.0,2329.0,2330.0,2.4025,2024,7,5
2024-07-05 11:30:00+00:00,2330.0,2334.0,2329.0,2333.0,42.9003,2024,7,5
2024-07-05 11:35:00+00:00,2333.0,2335.0,2330.0,2335.0,6.0446,2024,7,5
2024-07-05 11:40:00+00:00,2333.0,2335.0,2331.0,2334.0,4.1948,2024,7,5
2024-07-05 11:45:00+00:00,2334.0,2334.0,2332.0,2332.0,1.5407,2024,7,5
2024-07-05 11:50:00+00:00,2333.0,2333.0,2331.0,2332.0,0.548,2024,7,5
2024-07-05 11:55:00+00:00,2331.0,2335.0,2322.0,2334.0,80.6744,2024,7,5
2024-07-05 12:00:00+00:00,2334.0,2335.0,2330.0,2331.0,3.432,2024,7,5
2024-07-05 12:05:00+00:00,2330.0,2333.0,2327.0,2332.0,5.633,2024,7,5
2024-07-05 12:10:00+00:00,2331.0,2335.0,2330.0,2332.0,4.1606,2024,7,5
2024-07-05 12:15:00+00:00,2332.0,2335.0,2332.0,2334.0,14.0772,2024,7,5
2024-07-05 12:20:00+00:00,2333.0,2334.0,2330.0,2333.0,5.2128,2024,7,5
2024-07-05 12:25:00+00:00,2333.0,2333.0,2329.0,2332.0,3.1728,2024,7,5
2024-07-05 12:30:00+00:00,2332.0,2334.0,2326.0,2331.0,42.4247,2024,7,5
2024-07-05 12:35:00+00:00,2330.0,2333.0,2329.0,2331.0,4.8239,2024,7,5
2024-07-05 12:40:00+00:00,2329.0,2333.0,2329.0,2333.0,0.5993,2024,7,5
2024-07-05 12:45:00+00:00,2333.0,2335.0,2332.0,2334.0,6.8015,2024,7,5
2024-07-05 12:50:00+00:00,2334.0,2335.0,2332.0,2334.0,1.0661,2024,7,5
2024-07-05 12:55:00+00:00,2332.0,2334.0,2331.0,2333.0,1.5065,2024,7,5
2024-07-05 13:00:00+00:00,2334.0,2335.0,2332.0,2334.0,8.7832,2024,7,5
2024-07-05 13:05:00+00:00,2333.0,2336.0,2333.0,2335.0,10.8515,2024,7,5
2024-07-05 13:10:00+00:00,2335.0,2336.0,2334.0,2335.0,1.4139,2024,7,5
2024-07-05 13:15:00+00:00,2336.0,2337.0,2335.0,2337.0,5.0561,2024,7,5
2024-07-05 13:20:00+00:00,2337.0,2339.0,2334.0,2334.0,16.7882,2024,7,5
2024-07-05 13:25:00+00:00,2335.0,2339.0,2335.0,2339.0,14.1838,2024,7,5
2024-07-05 13:30:00+00:00,2339.0,2340.0,2338.0,2339.0,9.1506,2024,7,5
2024-07-05 13:35:00+00:00,2339.0,2341.0,2338.0,2341.0,7.3053,2024,7,5
2024-07-05 13:40:00+00:00,2341.0,2342.0,2339.0,2340.0,5.2559,2024,7,5
2024-07-05 13:45:00+00:00,2341.0,2342.0,2341.0,2341.0,1.8734,2024,7,5
2024-07-05 13:50:00+00:00,2341.0,2341.0,2338.0,2340.0,2.5214,2024,7,5
2024-07-05 13:55:00+00:00,2339.0,2340.0,2339.0,2340.0,4.4637,2024,7,5
2024-07-05 14:00:00+00:00,2340.0,2340.0,2338.0,2339.0,0.7348,2024,7,5
2024-07-05 14:05:00+00:00,2339.0,2340.0,2336.0,2339.0,8.6152,2024,7,5
2024-07-05 14:10:00+00:00,2339.0,2339.0,2334.0,2337.0,7.4088,2024,7,5
2024-07-05 14:15:00+00:00,2337.0,2338.0,2334.0,2338.0,3.0176,2024,7,5
2024-07-05 14:20:00+00:00,2337.0,2338.0,2333.0,2334.0,1.4425,2024,7,5
2024-07-05 14:25:00+00:00,2334.0,2339.0,2334.0,2338.0,9.6997,2024,7,5
2024-07-05 14:30:00+00:00,2338.0,2340.0,2337.0,2339.0,4.9666,2024,7,5
2024-07-05 14:35:00+00:00,2339.0,2345.0,2339.0,2343.0,39.1215,2024,7,5
2024-07-05 14:40:00+00:00,2343.0,2345.0,2343.0,2344.0,5.5546,2024,7,5
2024-07-05 14:45:00+00:00,2343.0,2345.0,2341.0,2344.0,3.3418,2024,7,5
2024-07-05 14:50:00+00:00,2344.0,2346.0,2342.0,2343.0,3.4278,2024,7,5
2024-07-05 14:55:00+00:00,2342.0,2345.0,2339.0,2339.0,3.0524,2024,7,5
2024-07-05 15:00:00+00:00,2339.0,2341.0,2338.0,2339.0,9.7844,2024,7,5
2024-07-05 15:05:00+00:00,2339.0,2345.0,2339.0,2345.0,18.0205,2024,7,5
2024-07-05 15:10:00+00:00,2344.0,2345.0,2343.0,2344.0,3.109,2024,7,5
2024-07-05 15:15:00+00:00,2344.0,2345.0,2344.0,2344.0,4.9129,2024,7,5
2024-07-05 15:20:00+00:00,2344.0,2345.0,2342.0,2342.0,3.9385,2024,7,5
2024-07-05 15:25:00+00:00,2342.0,2343.0,2342.0,2343.0,9.0197,2024,7,5
2024-07-05 15:30:00+00:00,2342.0,2343.0,2337.0,2343.0,18.9332,2024,7,5
2024-07-05 15:35:00+00:00,2341.0,2350.0,2339.0,2346.0,55.6427,2024,7,5
2024-07-05 15:40:00+00:00,2344.0,2350.0,2342.0,2344.0,9.9482,2024,7,5
2024-07-05 15:45:00+00:00,2344.0,2348.0,2344.0,2347.0,2.5683,2024,7,5
2024-07-05 15:50:00+00:00,2346.0,2348.0,2343.0,2345.0,1.0646,2024,7,5
2024-07-05 15:55:00+00:00,2344.0,2346.0,2343.0,2344.0,2.0669,2024,7,5
2024-07-05 16:00:00+00:00,2344.0,2354.0,2343.0,2345.0,17.2374,2024,7,5
2024-07-05 16:05:00+00:00,2346.0,2346.0,2344.0,2345.0,0.5524,2024,7,5
2024-07-05 16:10:00+00:00,2345.0,2358.0,2344.0,2352.0,59.3402,2024,7,5
2024-07-05 16:15:00+00:00,2352.0,2354.0,2348.0,2348.0,14.2135,2024,7,5
2024-07-05 16:20:00+00:00,2348.0,2357.0,2346.0,2350.0,12.487,2024,7,5
2024-07-05 16:25:00+00:00,2351.0,2355.0,2349.0,2352.0,10.0468,2024,7,5
2024-07-05 16:30:00+00:00,2352.0,2353.0,2347.0,2352.0,11.2928,2024,7,5
2024-07-05 16:35:00+00:00,2352.0,2354.0,2350.0,2351.0,5.6606,2024,7,5
2024-07-05 16:40:00+00:00,2350.0,2351.0,2347.0,2348.0,1.6722,2024,7,5
2024-07-05 16:45:00+00:00,2347.0,2351.0,2347.0,2351.0,1.6843,2024,7,5
2024-07-05 16:50:00+00:00,2351.0,2352.0,2348.0,2351.0,5.5045,2024,7,5
2024-07-05 16:55:00+00:00,2351.0,2352.0,2349.0,2349.0,9.7904,2024,7,5
2024-07-05 17:00:00+00:00,2349.0,2350.0,2349.0,2350.0,0.4898,2024,7,5
2024-07-05 17:05:00+00:00,2348.0,2350.0,2348.0,2350.0,4.4709,2024,7,5
2024-07-05 17:10:00+00:00,2349.0,2350.0,2348.0,2349.0,1.9163,2024,7,5
2024-07-05 17:15:00+00:00,2350.0,2352.0,2350.0,2352.0,3.3407,2024,7,5
2024-07-05 17:20:00+00:00,2351.0,2352.0,2347.0,2347.0,0.9393,2024,7,5
2024-07-05 17:25:00+00:00,2347.0,2350.0,2347.0,2349.0,0.7945,2024,7,5
2024-07-05 17:30:00+00:00,2348.0,2352.0,2348.0,2350.0,3.8965,2024,7,5
2024-07-05 17:35:00+00:00,2350.0,2351.0,2350.0,2351.0,0.5562,2024,7,5
2024-07-05 17:40:00+00:00,2351.0,2351.0,2348.0,2348.0,0.7508,2024,7,5
2024-07-05 17:45:00+00:00,2348.0,2351.0,2347.0,2351.0,5.067,2024,7,5
2024-07-05 17:50:00+00:00,2351.0,2352.0,2350.0,2350.0,3.4475,2024,7,5
2024-07-05 17:55:00+00:00,2350.0,2351.0,2349.0,2349.0,1.0848,2024,7,5
2024-07-05 18:00:00+00:00,2350.0,2350.0,2348.0,2350.0,1.5557,2024,7,5
2024-07-05 18:05:00+00:00,2350.0,2350.0,2347.0,2347.0,0.4976,2024,7,5
2024-07-05 18:10:00+00:00,2348.0,2348.0,2346.0,2347.0,0.8602,2024,7,5
2024-07-05 18:15:00+00:00,2348.0,2351.0,2347.0,2349.0,9.8321,2024,7,5
2024-07-05 18:20:00+00:00,2349.0,2352.0,2349.0,2349.0,1.9285,2024,7,5
2024-07-05 18:25:00+00:00,2350.0,2352.0,2350.0,2351.0,1.2387,2024,7,5
2024-07-05 18:30:00+00:00,2351.0,2352.0,2350.0,2350.0,13.0859,2024,7,5
2024-07-05 18:35:00+00:00,2351.0,2352.0,2350.0,2351.0,0.7043,2024,7,5
2024-07-05 18:40:00+00:00,2351.0,2352.0,2350.0,2352.0,9.4483,2024,7,5
2024-07-05 18:45:00+00:00,2352.0,2352.0,2351.0,2351.0,1.0638,2024,7,5
2024-07-05 18:50:00+00:00,2351.0,2352.0,2351.0,2352.0,0.7059,2024,7,5
2024-07-05 18:55:00+00:00,2351.0,2352.0,2351.0,2352.0,1.9837,2024,7,5
2024-07-05 19:00:00+00:00,2351.0,2355.0,2351.0,2352.0,10.4979,2024,7,5
2024-07-05 19:05:00+00:00,2352.0,2353.0,2351.0,2352.0,1.5439,2024,7,5
2024-07-05 19:10:00+00:00,2352.0,2353.0,2351.0,2352.0,4.6046,2024,7,5
2024-07-05 19:15:00+00:00,2351.0,2352.0,2351.0,2352.0,1.2216,2024,7,5
2024-07-05 19:20:00+00:00,2351.0,2352.0,2351.0,2351.0,0.2198,2024,7,5
2024-07-05 19:25:00+00:00,2351.0,2353.0,2351.0,2353.0,1.0668,2024,7,5
2024-07-05 19:30:00+00:00,2352.0,2356.0,2351.0,2354.0,17.0432,2024,7,5
2024-07-05 19:35:00+00:00,2354.0,2354.0,2351.0,2353.0,7.1185,2024,7,5
2024-07-05 19:40:00+00:00,2354.0,2355.0,2354.0,2355.0,4.8848,2024,7,5
2024-07-05 19:45:00+00:00,2355.0,2355.0,2352.0,2352.0,1.631,2024,7,5
2024-07-05 19:50:00+00:00,2352.0,2354.0,2352.0,2354.0,2.213,2024,7,5
2024-07-05 19:55:00+00:00,2354.0,2355.0,2353.0,2353.0,2.9348,2024,7,5
2024-07-05 20:00:00+00:00,2354.0,2354.0,2352.0,2352.0,0.5109,2024,7,5
2024-07-05 20:05:00+00:00,2353.0,2357.0,2353.0,2356.0,4.7762,2024,7,5
2024-07-05 20:10:00+00:00,2356.0,2357.0,2355.0,2355.0,7.7874,2024,7,5
2024-07-05 20:15:00+00:00,2355.0,2356.0,2355.0,2355.0,0.5641,2024,7,5
2024-07-05 20:20:00+00:00,2355.0,2356.0,2355.0,2356.0,5.1886,2024,7,5
2024-07-05 20:25:00+00:00,2356.0,2357.0,2355.0,2356.0,4.189,2024,7,5
2024-07-05 20:30:00+00:00,2356.0,2357.0,2356.0,2356.0,5.833,2024,7,5
2024-07-05 20:35:00+00:00,2356.0,2357.0,2356.0,2356.0,0.6228,2024,7,5
2024-07-05 20:40:00+00:00,2357.0,2357.0,2356.0,2357.0,1.2301,2024,7,5
2024-07-05 20:45:00+00:00,2356.0,2357.0,2356.0,2356.0,9.3304,2024,7,5
2024-07-05 20:50:00+00:00,2356.0,2357.0,2356.0,2357.0,14.7411,2024,7,5
2024-07-05 20:55:00+00:00,2356.0,2357.0,2356.0,2357.0,3.3857,2024,7,5
2024-07-05 21:00:00+00:00,2356.0,2357.0,2354.0,2354.0,1.0651,2024,7,5
2024-07-05 21:05:00+00:00,2354.0,2354.0,2354.0,2354.0,0.046,2024,7,5
2024-07-05 21:10:00+00:00,2355.0,2360.0,2351.0,2353.0,17.1992,2024,7,5
2024-07-05 21:15:00+00:00,2353.0,2354.0,2352.0,2352.0,0.2357,2024,7,5
2024-07-05 21:20:00+00:00,2352.0,2357.0,2351.0,2356.0,4.9369,2024,7,5
2024-07-05 21:25:00+00:00,2355.0,2358.0,2353.0,2356.0,6.3783,2024,7,5
2024-07-05 21:30:00+00:00,2356.0,2360.0,2354.0,2355.0,5.8769,2024,7,5
2024-07-05 21:35:00+00:00,2356.0,2356.0,2355.0,2356.0,0.6599,2024,7,5
2024-07-05 21:40:00+00:00,2356.0,2357.0,2356.0,2356.0,0.0464,2024,7,5
2024-07-05 21:45:00+00:00,2356.0,2356.0,2354.0,2355.0,2.5811,2024,7,5
2024-07-05 21:50:00+00:00,2355.0,2358.0,2354.0,2354.0,1.1514,2024,7,5
2024-07-05 21:55:00+00:00,2354.0,2356.0,2354.0,2355.0,3.243,2024,7,5
2024-07-05 22:00:00+00:00,2354.0,2355.0,2352.0,2352.0,19.3636,2024,7,5
2024-07-05 22:05:00+00:00,2353.0,2355.0,2352.0,2355.0,1.0898,2024,7,5
2024-07-05 22:10:00+00:00,2355.0,2355.0,2354.0,2354.0,0.3677,2024,7,5
2024-07-05 22:15:00+00:00,2355.0,2358.0,2355.0,2357.0,0.4203,2024,7,5
2024-07-05 22:20:00+00:00,2357.0,2359.0,2356.0,2357.0,5.2509,2024,7,5
2024-07-05 22:25:00+00:00,2357.0,2358.0,2357.0,2358.0,0.1773,2024,7,5
2024-07-05 22:30:00+00:00,2357.0,2358.0,2357.0,2358.0,0.2406,2024,7,5
2024-07-05 22:35:00+00:00,2357.0,2361.0,2357.0,2359.0,4.8134,2024,7,5
2024-07-05 22:40:00+00:00,2359.0,2360.0,2358.0,2359.0,0.9345,2024,7,5
2024-07-05 22:45:00+00:00,2359.0,2359.0,2358.0,2358.0,0.6544,2024,7,5
2024-07-05 22:50:00+00:00,2358.0,2359.0,2353.0,2355.0,7.055,2024,7,5
2024-07-05 22:55:00+00:00,2355.0,2356.0,2355.0,2356.0,0.0913,2024,7,5
2024-07-05 23:00:00+00:00,2355.0,2356.0,2355.0,2355.0,0.5164,2024,7,5
2024-07-05 23:05:00+00:00,2355.0,2361.0,2355.0,2358.0,4.642,2024,7,5
2024-07-05 23:10:00+00:00,2358.0,2359.0,2356.0,2357.0,0.6855,2024,7,5
2024-07-05 23:15:00+00:00,2357.0,2357.0,2354.0,2355.0,3.1427,2024,7,5
2024-07-05 23:20:00+00:00,2356.0,2356.0,2355.0,2355.0,0.5302,2024,7,5
2024-07-05 23:25:00+00:00,2355.0,2356.0,2354.0,2355.0,0.7699,2024,7,5
2024-07-05 23:30:00+00:00,2355.0,2355.0,2355.0,2355.0,0.204,2024,7,5
2024-07-05 23:35:00+00:00,2355.0,2355.0,2353.0,2354.0,1.865,2024,7,5
2024-07-05 23:40:00+00:00,2355.0,2356.0,2353.0,2354.0,0.5041,2024,7,5
2024-07-05 23:45:00+00:00,2354.0,2355.0,2353.0,2354.0,1.1146,2024,7,5
2024-07-05 23:50:00+00:00,2354.0,2355.0,2354.0,2354.0,0.2279,2024,7,5
2024-07-05 23:55:00+00:00,2354.0,2355.0,2354.0,2354.0,0.2895,2024,7,5
2024-07-06 00:00:00+00:00,2355.0,2355.0,2354.0,2354.0,0.5001,2024,7,6
2024-07-06 00:05:00+00:00,2354.0,2355.0,2353.0,2353.0,0.3651,2024,7,6
2024-07-06 00:10:00+00:00,2353.0,2354.0,2353.0,2354.0,1.0467,2024,7,6
2024-07-06 00:15:00+00:00,2355.0,2359.0,2353.0,2358.0,2.9631,2024,7,6
2024-07-06 00:20:00+00:00,2358.0,2358.0,2358.0,2358.0,0.8376,2024,7,6
2024-07-06 00:25:00+00:00,2358.0,2359.0,2358.0,2358.0,1.2368,2024,7,6
2024-07-06 00:30:00+00:00,2358.0,2363.0,2358.0,2360.0,11.635,2024,7,6
2024-07-06 00:35:00+00:00,2360.0,2363.0,2360.0,2360.0,11.9695,2024,7,6
2024-07-06 00:40:00+00:00,2360.0,2361.0,2358.0,2359.0,2.9562,2024,7,6
2024-07-06 00:45:00+00:00,2360.0,2360.0,2356.0,2356.0,0.6511,2024,7,6
2024-07-06 00:50:00+00:00,2356.0,2356.0,2353.0,2354.0,3.3581,2024,7,6
2024-07-06 00:55:00+00:00,2355.0,2355.0,2353.0,2354.0,1.5289,2024,7,6
2024-07-06 01:00:00+00:00,2355.0,2355.0,2353.0,2354.0,0.9484,2024,7,6
2024-07-06 01:05:00+00:00,2353.0,2355.0,2352.0,2355.0,8.6558,2024,7,6
2024-07-06 01:10:00+00:00,2354.0,2355.0,2352.0,2354.0,2.8687,2024,7,6
2024-07-06 01:15:00+00:00,2354.0,2354.0,2354.0,2354.0,0.0673,2024,7,6
2024-07-06 01:20:00+00:00,2354.0,2354.0,2354.0,2354.0,0.0771,2024,7,6
2024-07-06 01:25:00+00:00,2354.0,2359.0,2354.0,2357.0,4.5963,2024,7,6
2024-07-06 01:30:00+00:00,2358.0,2358.0,2354.0,2355.0,1.5211,2024,7,6
2024-07-06 01:35:00+00:00,2355.0,2358.0,2353.0,2353.0,5.3862,2024,7,6
2024-07-06 01:40:00+00:00,2354.0,2357.0,2354.0,2355.0,4.5448,2024,7,6
2024-07-06 01:45:00+00:00,2355.0,2355.0,2353.0,2354.0,1.3132,2024,7,6
2024-07-06 01:50:00+00:00,2355.0,2355.0,2354.0,2354.0,0.5833,2024,7,6
2024-07-06 01:55:00+00:00,2354.0,2354.0,2353.0,2354.0,0.2436,2024,7,6
2024-07-06 02:00:00+00:00,2354.0,2354.0,2352.0,2353.0,1.5116,2024,7,6
2024-07-06 02:05:00+00:00,2353.0,2354.0,2352.0,2353.0,2.9007,2024,7,6
2024-07-06 02:10:00+00:00,2353.0,2353.0,2352.0,2352.0,0.2522,2024,7,6
2024-07-06 02:15:00+00:00,2353.0,2356.0,2353.0,2354.0,1.5887,2024,7,6
2024-07-06 02:20:00+00:00,2354.0,2355.0,2354.0,2355.0,0.0771,2024,7,6
2024-07-06 02:25:00+00:00,2355.0,2355.0,2354.0,2354.0,0.0476,2024,7,6
2024-07-06 02:30:00+00:00,2354.0,2355.0,2354.0,2354.0,0.3779,2024,7,6
2024-07-06 02:35:00+00:00,2354.0,2355.0,2354.0,2354.0,0.1827,2024,7,6
2024-07-06 02:40:00+00:00,2354.0,2354.0,2352.0,2354.0,4.029,2024,7,6
2024-07-06 02:45:00+00:00,2353.0,2354.0,2352.0,2352.0,0.3522,2024,7,6
2024-07-06 02:50:00+00:00,2352.0,2354.0,2352.0,2352.0,0.1951,2024,7,6
2024-07-06 02:55:00+00:00,2352.0,2354.0,2352.0,2352.0,0.0498,2024,7,6
2024-07-06 03:00:00+00:00,2352.0,2354.0,2352.0,2352.0,0.1313,2024,7,6
2024-07-06 03:05:00+00:00,2352.0,2353.0,2352.0,2353.0,1.0677,2024,7,6
2024-07-06 03:10:00+00:00,2352.0,2352.0,2352.0,2352.0,0.3535,2024,7,6
2024-07-06 03:15:00+00:00,2353.0,2353.0,2352.0,2352.0,0.1334,2024,7,6
2024-07-06 03:20:00+00:00,2352.0,2352.0,2352.0,2352.0,0.0548,2024,7,6
2024-07-06 03:25:00+00:00,2352.0,2352.0,2352.0,2352.0,0.2283,2024,7,6
2024-07-06 03:30:00+00:00,2352.0,2353.0,2352.0,2353.0,0.4818,2024,7,6
2024-07-06 03:35:00+00:00,2353.0,2354.0,2352.0,2352.0,0.7813,2024,7,6
2024-07-06 03:40:00+00:00,2353.0,2357.0,2352.0,2355.0,7.0201,2024,7,6
2024-07-06 03:45:00+00:00,2356.0,2357.0,2356.0,2357.0,0.0544,2024,7,6
2024-07-06 03:50:00+00:00,2356.0,2357.0,2356.0,2357.0,0.1969,2024,7,6
2024-07-06 03:55:00+00:00,2357.0,2357.0,2355.0,2355.0,0.6859,2024,7,6
2024-07-06 04:00:00+00:00,2356.0,2357.0,2354.0,2355.0,1.0719,2024,7,6
2024-07-06 04:05:00+00:00,2354.0,2355.0,2352.0,2353.0,0.4958,2024,7,6
2024-07-06 04:10:00+00:00,2353.0,2354.0,2352.0,2352.0,0.4064,2024,7,6
2024-07-06 04:15:00+00:00,2352.0,2355.0,2352.0,2355.0,1.2114,2024,7,6
2024-07-06 04:20:00+00:00,2355.0,2355.0,2354.0,2354.0,0.3386,2024,7,6
2024-07-06 04:25:00+00:00,2354.0,2355.0,2354.0,2354.0,0.3403,2024,7,6
2024-07-06 04:30:00+00:00,2354.0,2355.0,2353.0,2353.0,0.1534,2024,7,6
2024-07-06 04:35:00+00:00,2353.0,2354.0,2353.0,2353.0,0.1013,2024,7,6
2024-07-06 04:40:00+00:00,2353.0,2353.0,2352.0,2352.0,0.5584,2024,7,6
2024-07-06 04:45:00+00:00,2352.0,2352.0,2352.0,2352.0,0.0271,2024,7,6
2024-07-06 04:50:00+00:00,2352.0,2353.0,2352.0,2352.0,0.1634,2024,7,6
2024-07-06 04:55:00+00:00,2352.0,2352.0,2352.0,2352.0,0.1969,2024,7,6
2024-07-06 05:00:00+00:00,2352.0,2353.0,2352.0,2352.0,0.2163,2024,7,6
2024-07-06 05:05:00+00:00,2353.0,2353.0,2352.0,2352.0,0.2465,2024,7,6
2024-07-06 05:10:00+00:00,2352.0,2353.0,2352.0,2352.0,0.4417,2024,7,6
2024-07-06 05:15:00+00:00,2352.0,2352.0,2352.0,2352.0,1.0816,2024,7,6
2024-07-06 05:20:00+00:00,2352.0,2353.0,2352.0,2352.0,0.0586,2024,7,6
2024-07-06 05:25:00+00:00,2352.0,2354.0,2352.0,2352.0,4.3221,2024,7,6
2024-07-06 05:30:00+00:00,2352.0,2352.0,2352.0,2352.0,3.861,2024,7,6
2024-07-06 05:35:00+00:00,2352.0,2353.0,2352.0,2353.0,0.3268,2024,7,6
2024-07-06 05:40:00+00:00,2352.0,2352.0,2351.0,2351.0,2.1903,2024,7,6
2024-07-06 05:45:00+00:00,2351.0,2351.0,2351.0,2351.0,0.2098,2024,7,6
2024-07-06 05:50:00+00:00,2351.0,2352.0,2351.0,2351.0,5.9727,2024,7,6
2024-07-06 05:55:00+00:00,2352.0,2353.0,2352.0,2352.0,1.3356,2024,7,6
2024-07-06 06:00:00+00:00,2352.0,2353.0,2352.0,2352.0,0.3943,2024,7,6
2024-07-06 06:05:00+00:00,2353.0,2354.0,2353.0,2354.0,0.6985,2024,7,6
2024-07-06 06:10:00+00:00,2353.0,2354.0,2353.0,2353.0,0.4192,2024,7,6
2024-07-06 06:15:00+00:00,2353.0,2353.0,2352.0,2352.0,3.5564,2024,7,6
2024-07-06 06:20:00+00:00,2352.0,2352.0,2351.0,2352.0,3.6799,2024,7,6
2024-07-06 06:25:00+00:00,2351.0,2352.0,2349.0,2350.0,2.065,2024,7,6
2024-07-06 06:30:00+00:00,2350.0,2351.0,2349.0,2351.0,0.943,2024,7,6
2024-07-06 06:35:00+00:00,2350.0,2353.0,2350.0,2352.0,1.9391,2024,7,6
2024-07-06 06:40:00+00:00,2352.0,2353.0,2352.0,2352.0,0.282,2024,7,6
2024-07-06 06:45:00+00:00,2352.0,2353.0,2352.0,2353.0,0.2579,2024,7,6
2024-07-06 06:50:00+00:00,2352.0,2352.0,2350.0,2350.0,1.3517,2024,7,6
2024-07-06 06:55:00+00:00,2350.0,2350.0,2349.0,2350.0,1.2911,2024,7,6
2024-07-06 07:00:00+00:00,2350.0,2353.0,2350.0,2353.0,0.9361,2024,7,6
2024-07-06 07:05:00+00:00,2351.0,2352.0,2351.0,2351.0,1.5391,2024,7,6
2024-07-06 07:10:00+00:00,2351.0,2354.0,2351.0,2354.0,1.4124,2024,7,6
2024-07-06 07:15:00+00:00,2353.0,2355.0,2353.0,2354.0,1.0576,2024,7,6
2024-07-06 07:20:00+00:00,2354.0,2354.0,2351.0,2351.0,2.4284,2024,7,6
2024-07-06 07:25:00+00:00,2351.0,2352.0,2349.0,2351.0,2.3608,2024,7,6
2024-07-06 07:30:00+00:00,2351.0,2352.0,2351.0,2351.0,0.6557,2024,7,6
2024-07-06 07:35:00+00:00,2351.0,2353.0,2348.0,2352.0,4.1967,2024,7,6
2024-07-06 07:40:00+00:00,2351.0,2352.0,2351.0,2352.0,0.2907,2024,7,6
2024-07-06 07:45:00+00:00,2351.0,2352.0,2351.0,2351.0,0.3399,2024,7,6
2024-07-06 07:50:00+00:00,2351.0,2353.0,2351.0,2351.0,0.5914,2024,7,6
2024-07-06 07:55:00+00:00,2351.0,2352.0,2351.0,2351.0,0.3676,2024,7,6
2024-07-06 08:00:00+00:00,2351.0,2352.0,2350.0,2352.0,0.8525,2024,7,6
2024-07-06 08:05:00+00:00,2350.0,2352.0,2350.0,2352.0,0.2392,2024,7,6
2024-07-06 08:10:00+00:00,2350.0,2352.0,2350.0,2351.0,0.7085,2024,7,6
2024-07-06 08:15:00+00:00,2350.0,2351.0,2350.0,2351.0,0.2542,2024,7,6
2024-07-06 08:20:00+00:00,2350.0,2351.0,2350.0,2350.0,0.1889,2024,7,6
2024-07-06 08:25:00+00:00,2350.0,2352.0,2350.0,2352.0,1.1436,2024,7,6
2024-07-06 08:30:00+00:00,2351.0,2352.0,2351.0,2352.0,0.3647,2024,7,6
2024-07-06 08:35:00+00:00,2351.0,2352.0,2346.0,2350.0,3.5083,2024,7,6
2024-07-06 08:40:00+00:00,2349.0,2350.0,2344.0,2348.0,4.5986,2024,7,6
2024-07-06 08:45:00+00:00,2347.0,2350.0,2344.0,2350.0,8.275,2024,7,6
2024-07-06 08:50:00+00:00,2349.0,2350.0,2348.0,2349.0,6.1435,2024,7,6
2024-07-06 08:55:00+00:00,2348.0,2352.0,2346.0,2350.0,4.1869,2024,7,6
2024-07-06 09:00:00+00:00,2349.0,2351.0,2349.0,2351.0,2.1513,2024,7,6
2024-07-06 09:05:00+00:00,2350.0,2350.0,2345.0,2347.0,1.6935,2024,7,6
2024-07-06 09:10:00+00:00,2346.0,2348.0,2345.0,2348.0,1.0771,2024,7,6
2024-07-06 09:15:00+00:00,2347.0,2350.0,2345.0,2349.0,1.9267,2024,7,6
2024-07-06 09:20:00+00:00,2348.0,2349.0,2346.0,2348.0,1.0149,2024,7,6
2024-07-06 09:25:00+00:00,2347.0,2349.0,2346.0,2348.0,1.2671,2024,7,6
2024-07-06 09:30:00+00:00,2348.0,2348.0,2346.0,2348.0,1.2202,2024,7,6
2024-07-06 09:35:00+00:00,2347.0,2348.0,2344.0,2345.0,4.3661,2024,7,6
2024-07-06 09:40:00+00:00,2345.0,2347.0,2345.0,2346.0,6.6094,2024,7,6
2024-07-06 09:45:00+00:00,2346.0,2346.0,2343.0,2345.0,6.7173,2024,7,6
2024-07-06 09:50:00+00:00,2345.0,2347.0,2344.0,2347.0,3.3116,2024,7,6
2024-07-06 09:55:00+00:00,2346.0,2347.0,2344.0,2345.0,1.8469,2024,7,6
2024-07-06 10:00:00+00:00,2345.0,2346.0,2343.0,2346.0,1.2447,2024,7,6
2024-07-06 10:05:00+00:00,2345.0,2347.0,2344.0,2346.0,1.776,2024,7,6
2024-07-06 10:10:00+00:00,2346.0,2347.0,2344.0,2345.0,0.9296,2024,7,6
2024-07-06 10:15:00+00:00,2345.0,2346.0,2337.0,2343.0,10.5315,2024,7,6
2024-07-06 10:20:00+00:00,2343.0,2344.0,2341.0,2343.0,3.8531,2024,7,6
2024-07-06 10:25:00+00:00,2344.0,2345.0,2343.0,2344.0,2.198,2024,7,6
2024-07-06 10:30:00+00:00,2344.0,2348.0,2342.0,2344.0,5.6874,2024,7,6
2024-07-06 10:35:00+00:00,2343.0,2348.0,2343.0,2346.0,5.1094,2024,7,6
2024-07-06 10:40:00+00:00,2346.0,2347.0,2346.0,2346.0,0.8359,2024,7,6
2024-07-06 10:45:00+00:00,2346.0,2349.0,2345.0,2348.0,8.5041,2024,7,6
2024-07-06 10:50:00+00:00,2348.0,2348.0,2346.0,2346.0,1.4517,2024,7,6
2024-07-06 10:55:00+00:00,2346.0,2349.0,2346.0,2349.0,1.4911,2024,7,6
2024-07-06 11:00:00+00:00,2349.0,2349.0,2347.0,2348.0,1.7996,2024,7,6
2024-07-06 11:05:00+00:00,2347.0,2347.0,2345.0,2345.0,0.7832,2024,7,6
2024-07-06 11:10:00+00:00,2345.0,2346.0,2345.0,2345.0,0.5572,2024,7,6
2024-07-06 11:15:00+00:00,2345.0,2347.0,2345.0,2346.0,1.1162,2024,7,6
2024-07-06 11:20:00+00:00,2346.0,2347.0,2345.0,2345.0,0.3983,2024,7,6
2024-07-06 11:25:00+00:00,2345.0,2346.0,2345.0,2345.0,0.2576,2024,7,6
2024-07-06 11:30:00+00:00,2345.0,2348.0,2345.0,2348.0,0.9731,2024,7,6
2024-07-06 11:35:00+00:00,2348.0,2348.0,2347.0,2347.0,0.237,2024,7,6
2024-07-06 11:40:00+00:00,2347.0,2348.0,2344.0,2345.0,1.2762,2024,7,6
2024-07-06 11:45:00+00:00,2345.0,2347.0,2345.0,2346.0,1.212,2024,7,6
2024-07-06 11:50:00+00:00,2346.0,2348.0,2345.0,2346.0,0.844,2024,7,6
2024-07-06 11:55:00+00:00,2346.0,2349.0,2346.0,2348.0,0.5308,2024,7,6
2024-07-06 12:00:00+00:00,2348.0,2349.0,2345.0,2346.0,1.7209,2024,7,6
2024-07-06 12:05:00+00:00,2346.0,2347.0,2346.0,2346.0,0.3985,2024,7,6
2024-07-06 12:10:00+00:00,2346.0,2347.0,2346.0,2346.0,2.4229,2024,7,6
2024-07-06 12:15:00+00:00,2346.0,2347.0,2346.0,2346.0,0.153,2024,7,6
2024-07-06 12:20:00+00:00,2346.0,2347.0,2346.0,2346.0,0.4614,2024,7,6
2024-07-06 12:25:00+00:00,2346.0,2349.0,2346.0,2347.0,2.0352,2024,7,6
2024-07-06 12:30:00+00:00,2347.0,2348.0,2347.0,2347.0,0.0864,2024,7,6
2024-07-06 12:35:00+00:00,2347.0,2349.0,2347.0,2348.0,2.28,2024,7,6
2024-07-06 12:40:00+00:00,2348.0,2348.0,2347.0,2347.0,0.6609,2024,7,6
2024-07-06 12:45:00+00:00,2347.0,2350.0,2347.0,2348.0,1.9678,2024,7,6
2024-07-06 12:50:00+00:00,2348.0,2350.0,2348.0,2349.0,1.3274,2024,7,6
2024-07-06 12:55:00+00:00,2349.0,2350.0,2349.0,2350.0,0.162,2024,7,6
2024-07-06 13:00:00+00:00,2349.0,2350.0,2349.0,2349.0,0.1332,2024,7,6
2024-07-06 13:05:00+00:00,2349.0,2350.0,2347.0,2348.0,1.8132,2024,7,6
2024-07-06 13:10:00+00:00,2348.0,2349.0,2347.0,2347.0,4.5614,2024,7,6
2024-07-06 13:15:00+00:00,2347.0,2349.0,2346.0,2347.0,3.3978,2024,7,6
2024-07-06 13:20:00+00:00,2347.0,2350.0,2346.0,2349.0,0.6361,2024,7,6
2024-07-06 13:25:00+00:00,2349.0,2351.0,2349.0,2351.0,0.7618,2024,7,6
2024-07-06 13:30:00+00:00,2351.0,2353.0,2351.0,2352.0,3.0193,2024,7,6
2024-07-06 13:35:00+00:00,2352.0,2352.0,2351.0,2352.0,0.0724,2024,7,6
2024-07-06 13:40:00+00:00,2352.0,2352.0,2352.0,2352.0,0.0682,2024,7,6
2024-07-06 13:45:00+00:00,2351.0,2353.0,2351.0,2353.0,2.4092,2024,7,6
2024-07-06 13:50:00+00:00,2353.0,2354.0,2351.0,2354.0,4.7038,2024,7,6
2024-07-06 13:55:00+00:00,2352.0,2354.0,2348.0,2349.0,7.2085,2024,7,6
2024-07-06 14:00:00+00:00,2350.0,2350.0,2349.0,2350.0,0.0463,2024,7,6
2024-07-06 14:05:00+00:00,2350.0,2354.0,2349.0,2352.0,3.0139,2024,7,6
2024-07-06 14:10:00+00:00,2352.0,2352.0,2351.0,2352.0,0.0803,2024,7,6
2024-07-06 14:15:00+00:00,2351.0,2352.0,2348.0,2349.0,7.3562,2024,7,6
2024-07-06 14:20:00+00:00,2349.0,2350.0,2347.0,2348.0,7.562,2024,7,6
2024-07-06 14:25:00+00:00,2348.0,2348.0,2348.0,2348.0,0.0989,2024,7,6
2024-07-06 14:30:00+00:00,2347.0,2347.0,2347.0,2347.0,0.5384,2024,7,6
2024-07-06 14:35:00+00:00,2347.0,2349.0,2347.0,2349.0,1.0718,2024,7,6
2024-07-06 14:40:00+00:00,2348.0,2349.0,2347.0,2348.0,3.43,2024,7,6
2024-07-06 14:45:00+00:00,2349.0,2349.0,2349.0,2349.0,0.0124,2024,7,6
2024-07-06 14:50:00+00:00,2349.0,2350.0,2349.0,2350.0,0.2855,2024,7,6
2024-07-06 14:55:00+00:00,2350.0,2350.0,2349.0,2349.0,0.3937,2024,7,6
2024-07-06 15:00:00+00:00,2350.0,2350.0,2349.0,2350.0,0.2038,2024,7,6
2024-07-06 15:05:00+00:00,2349.0,2351.0,2349.0,2350.0,0.2663,2024,7,6
2024-07-06 15:10:00+00:00,2350.0,2351.0,2350.0,2350.0,0.3466,2024,7,6
2024-07-06 15:15:00+00:00,2351.0,2351.0,2350.0,2350.0,0.1455,2024,7,6
2024-07-06 15:20:00+00:00,2351.0,2351.0,2347.0,2348.0,38.9626,2024,7,6
2024-07-06 15:25:00+00:00,2349.0,2351.0,2348.0,2348.0,4.9793,2024,7,6
2024-07-06 15:30:00+00:00,2350.0,2353.0,2347.0,2350.0,32.4631,2024,7,6
2024-07-06 15:35:00+00:00,2350.0,2350.0,2348.0,2350.0,0.8126,2024,7,6
2024-07-06 15:40:00+00:00,2350.0,2350.0,2349.0,2350.0,0.2442,2024,7,6
2024-07-06 15:45:00+00:00,2349.0,2354.0,2349.0,2353.0,1.7062,2024,7,6
2024-07-06 15:50:00+00:00,2353.0,2354.0,2351.0,2354.0,3.4592,2024,7,6
2024-07-06 15:55:00+00:00,2353.0,2353.0,2349.0,2351.0,3.7515,2024,7,6
2024-07-06 16:00:00+00:00,2351.0,2351.0,2349.0,2350.0,2.309,2024,7,6
2024-07-06 16:05:00+00:00,2350.0,2354.0,2349.0,2352.0,7.168,2024,7,6
2024-07-06 16:10:00+00:00,2353.0,2354.0,2351.0,2354.0,3.6411,2024,7,6
2024-07-06 16:15:00+00:00,2354.0,2355.0,2353.0,2354.0,2.3444,2024,7,6
2024-07-06 16:20:00+00:00,2354.0,2355.0,2352.0,2353.0,5.6671,2024,7,6
2024-07-06 16:25:00+00:00,2353.0,2356.0,2352.0,2353.0,9.8515,2024,7,6
2024-07-06 16:30:00+00:00,2352.0,2353.0,2349.0,2351.0,5.1847,2024,7,6
2024-07-06 16:35:00+00:00,2351.0,2353.0,2351.0,2352.0,0.9343,2024,7,6
2024-07-06 16:40:00+00:00,2352.0,2355.0,2352.0,2354.0,4.4163,2024,7,6
2024-07-06 16:45:00+00:00,2354.0,2354.0,2352.0,2354.0,3.3162,2024,7,6
2024-07-06 16:50:00+00:00,2353.0,2354.0,2351.0,2353.0,1.3466,2024,7,6
2024-07-06 16:55:00+00:00,2353.0,2353.0,2352.0,2353.0,0.3675,2024,7,6
2024-07-06 17:00:00+00:00,2352.0,2353.0,2352.0,2353.0,0.3211,2024,7,6
2024-07-06 17:05:00+00:00,2352.0,2357.0,2352.0,2354.0,2.8909,2024,7,6
2024-07-06 17:10:00+00:00,2354.0,2354.0,2348.0,2351.0,7.1409,2024,7,6
2024-07-06 17:15:00+00:00,2350.0,2350.0,2348.0,2349.0,1.0136,2024,7,6
2024-07-06 17:20:00+00:00,2349.0,2350.0,2348.0,2350.0,0.4194,2024,7,6
2024-07-06 17:25:00+00:00,2350.0,2350.0,2337.0,2348.0,58.1099,2024,7,6
2024-07-06 17:30:00+00:00,2348.0,2354.0,2346.0,2354.0,15.7922,2024,7,6
2024-07-06 17:35:00+00:00,2352.0,2353.0,2351.0,2351.0,0.8832,2024,7,6
2024-07-06 17:40:00+00:00,2351.0,2351.0,2350.0,2351.0,0.1715,2024,7,6
2024-07-06 17:45:00+00:00,2351.0,2354.0,2350.0,2352.0,4.1257,2024,7,6
2024-07-06 17:50:00+00:00,2351.0,2352.0,2351.0,2352.0,2.1203,2024,7,6
2024-07-06 17:55:00+00:00,2352.0,2352.0,2348.0,2351.0,10.1601,2024,7,6
2024-07-06 18:00:00+00:00,2351.0,2352.0,2349.0,2351.0,0.7177,2024,7,6
2024-07-06 18:05:00+00:00,2351.0,2351.0,2349.0,2351.0,2.6331,2024,7,6
2024-07-06 18:10:00+00:00,2350.0,2351.0,2349.0,2351.0,0.9317,2024,7,6
2024-07-06 18:15:00+00:00,2351.0,2351.0,2349.0,2351.0,0.2384,2024,7,6
2024-07-06 18:20:00+00:00,2349.0,2351.0,2349.0,2351.0,1.7402,2024,7,6
2024-07-06 18:25:00+00:00,2349.0,2351.0,2349.0,2351.0,0.1598,2024,7,6
2024-07-06 18:30:00+00:00,2349.0,2351.0,2349.0,2351.0,0.0631,2024,7,6
2024-07-06 18:35:00+00:00,2351.0,2353.0,2349.0,2352.0,1.6383,2024,7,6
2024-07-06 18:40:00+00:00,2352.0,2353.0,2350.0,2352.0,1.0164,2024,7,6
2024-07-06 18:45:00+00:00,2350.0,2351.0,2350.0,2351.0,0.0241,2024,7,6
2024-07-06 18:50:00+00:00,2351.0,2352.0,2351.0,2352.0,0.7608,2024,7,6
2024-07-06 18:55:00+00:00,2352.0,2353.0,2351.0,2352.0,0.4179,2024,7,6
2024-07-06 19:00:00+00:00,2351.0,2352.0,2351.0,2352.0,0.08,2024,7,6
2024-07-06 19:05:00+00:00,2351.0,2352.0,2351.0,2352.0,0.0686,2024,7,6
2024-07-06 19:10:00+00:00,2351.0,2353.0,2351.0,2353.0,0.7528,2024,7,6
2024-07-06 19:15:00+00:00,2354.0,2354.0,2351.0,2353.0,1.541,2024,7,6
2024-07-06 19:20:00+00:00,2353.0,2354.0,2353.0,2354.0,0.2223,2024,7,6
2024-07-06 19:25:00+00:00,2352.0,2354.0,2351.0,2354.0,0.2864,2024,7,6
2024-07-06 19:30:00+00:00,2353.0,2354.0,2353.0,2354.0,0.1331,2024,7,6
2024-07-06 19:35:00+00:00,2353.0,2354.0,2353.0,2354.0,0.1039,2024,7,6
2024-07-06 19:40:00+00:00,2354.0,2354.0,2354.0,2354.0,0.0,2024,7,6
2024-07-06 19:45:00+00:00,2353.0,2354.0,2353.0,2354.0,0.0598,2024,7,6
2024-07-06 19:50:00+00:00,2354.0,2354.0,2353.0,2354.0,0.013,2024,7,6
2024-07-06 19:55:00+00:00,2353.0,2354.0,2352.0,2353.0,0.5329,2024,7,6
2024-07-06 20:00:00+00:00,2353.0,2354.0,2353.0,2354.0,0.3065,2024,7,6
2024-07-06 20:05:00+00:00,2353.0,2354.0,2353.0,2354.0,0.3181,2024,7,6
2024-07-06 20:10:00+00:00,2353.0,2354.0,2352.0,2354.0,1.6145,2024,7,6
2024-07-06 20:15:00+00:00,2353.0,2354.0,2351.0,2352.0,0.8692,2024,7,6
2024-07-06 20:20:00+00:00,2351.0,2355.0,2351.0,2355.0,6.8392,2024,7,6
2024-07-06 20:25:00+00:00,2354.0,2355.0,2352.0,2353.0,4.1776,2024,7,6
2024-07-06 20:30:00+00:00,2352.0,2355.0,2352.0,2355.0,1.5794,2024,7,6
2024-07-06 20:35:00+00:00,2354.0,2355.0,2354.0,2355.0,0.1893,2024,7,6
2024-07-06 20:40:00+00:00,2354.0,2355.0,2353.0,2354.0,4.6254,2024,7,6
2024-07-06 20:45:00+00:00,2353.0,2355.0,2353.0,2355.0,1.2153,2024,7,6
2024-07-06 20:50:00+00:00,2354.0,2355.0,2350.0,2353.0,1.8902,2024,7,6
2024-07-06 20:55:00+00:00,2352.0,2353.0,2351.0,2352.0,0.6817,2024,7,6
2024-07-06 21:00:00+00:00,2352.0,2354.0,2351.0,2352.0,3.5341,2024,7,6
2024-07-06 21:05:00+00:00,2353.0,2354.0,2350.0,2352.0,1.6482,2024,7,6
2024-07-06 21:10:00+00:00,2352.0,2353.0,2350.0,2350.0,0.7642,2024,7,6
2024-07-06 21:15:00+00:00,2350.0,2353.0,2350.0,2352.0,1.4704,2024,7,6
2024-07-06 21:20:00+00:00,2353.0,2353.0,2351.0,2353.0,0.7072,2024,7,6
2024-07-06 21:25:00+00:00,2352.0,2353.0,2352.0,2352.0,0.1057,2024,7,6
2024-07-06 21:30:00+00:00,2352.0,2353.0,2351.0,2353.0,0.8631,2024,7,6
2024-07-06 21:35:00+00:00,2353.0,2354.0,2352.0,2352.0,0.2747,2024,7,6
2024-07-06 21:40:00+00:00,2352.0,2353.0,2351.0,2352.0,2.865,2024,7,6
2024-07-06 21:45:00+00:00,2353.0,2353.0,2352.0,2352.0,0.3266,2024,7,6
2024-07-06 21:50:00+00:00,2352.0,2353.0,2352.0,2352.0,0.9729,2024,7,6
2024-07-06 21:55:00+00:00,2352.0,2352.0,2351.0,2352.0,3.321,2024,7,6
2024-07-06 22:00:00+00:00,2353.0,2354.0,2351.0,2353.0,0.6709,2024,7,6
2024-07-06 22:05:00+00:00,2352.0,2354.0,2352.0,2353.0,0.2136,2024,7,6
2024-07-06 22:10:00+00:00,2353.0,2354.0,2353.0,2353.0,0.1198,2024,7,6
2024-07-06 22:15:00+00:00,2354.0,2358.0,2353.0,2355.0,4.908,2024,7,6
2024-07-06 22:20:00+00:00,2356.0,2356.0,2355.0,2355.0,0.0482,2024,7,6
2024-07-06 22:25:00+00:00,2355.0,2355.0,2353.0,2353.0,2.6939,2024,7,6
2024-07-06 22:30:00+00:00,2353.0,2354.0,2351.0,2354.0,3.5438,2024,7,6
2024-07-06 22:35:00+00:00,2354.0,2354.0,2351.0,2352.0,6.8945,2024,7,6
2024-07-06 22:40:00+00:00,2352.0,2353.0,2351.0,2351.0,0.5081,2024,7,6
2024-07-06 22:45:00+00:00,2352.0,2355.0,2352.0,2354.0,0.7994,2024,7,6
2024-07-06 22:50:00+00:00,2355.0,2355.0,2354.0,2354.0,1.2313,2024,7,6
2024-07-06 22:55:00+00:00,2354.0,2354.0,2353.0,2353.0,0.953,2024,7,6
2024-07-06 23:00:00+00:00,2354.0,2354.0,2352.0,2353.0,1.4797,2024,7,6
2024-07-06 23:05:00+00:00,2353.0,2353.0,2352.0,2353.0,0.0459,2024,7,6
2024-07-06 23:10:00+00:00,2352.0,2353.0,2352.0,2353.0,0.4373,2024,7,6
2024-07-06 23:15:00+00:00,2354.0,2356.0,2353.0,2355.0,0.9825,2024,7,6
2024-07-06 23:20:00+00:00,2355.0,2355.0,2354.0,2354.0,1.7321,2024,7,6
2024-07-06 23:25:00+00:00,2353.0,2353.0,2353.0,2353.0,0.0266,2024,7,6
2024-07-06 23:30:00+00:00,2354.0,2354.0,2353.0,2354.0,0.0629,2024,7,6
2024-07-06 23:35:00+00:00,2354.0,2354.0,2353.0,2354.0,0.5924,2024,7,6
2024-07-06 23:40:00+00:00,2354.0,2354.0,2353.0,2353.0,0.107,2024,7,6
2024-07-06 23:45:00+00:00,2353.0,2354.0,2353.0,2354.0,0.0284,2024,7,6
2024-07-06 23:50:00+00:00,2353.0,2354.0,2353.0,2353.0,0.0094,2024,7,6
2024-07-06 23:55:00+00:00,2354.0,2354.0,2353.0,2354.0,0.1361,2024,7,6
2024-07-07 00:00:00+00:00,2353.0,2354.0,2353.0,2353.0,0.2775,2024,7,7
2024-07-07 00:05:00+00:00,2353.0,2354.0,2353.0,2354.0,0.3117,2024,7,7
2024-07-07 00:10:00+00:00,2354.0,2354.0,2353.0,2354.0,0.0774,2024,7,7
2024-07-07 00:15:00+00:00,2353.0,2354.0,2353.0,2354.0,0.1249,2024,7,7
2024-07-07 00:20:00+00:00,2354.0,2358.0,2354.0,2355.0,4.2925,2024,7,7
2024-07-07 00:25:00+00:00,2354.0,2355.0,2354.0,2355.0,0.0179,2024,7,7
2024-07-07 00:30:00+00:00,2354.0,2354.0,2353.0,2353.0,1.3662,2024,7,7
2024-07-07 00:35:00+00:00,2354.0,2354.0,2353.0,2354.0,1.1383,2024,7,7
2024-07-07 00:40:00+00:00,2354.0,2354.0,2354.0,2354.0,2.3404,2024,7,7
2024-07-07 00:45:00+00:00,2354.0,2354.0,2354.0,2354.0,0.0526,2024,7,7
2024-07-07 00:50:00+00:00,2354.0,2354.0,2353.0,2353.0,0.4294,2024,7,7
2024-07-07 00:55:00+00:00,2354.0,2354.0,2352.0,2353.0,4.6705,2024,7,7
2024-07-07 01:00:00+00:00,2353.0,2354.0,2353.0,2353.0,0.125,2024,7,7
2024-07-07 01:05:00+00:00,2353.0,2353.0,2351.0,2352.0,6.3896,2024,7,7
2024-07-07 01:10:00+00:00,2352.0,2354.0,2351.0,2353.0,3.3431,2024,7,7
2024-07-07 01:15:00+00:00,2352.0,2353.0,2352.0,2353.0,1.412,2024,7,7
2024-07-07 01:20:00+00:00,2352.0,2352.0,2352.0,2352.0,0.2141,2024,7,7
2024-07-07 01:25:00+00:00,2352.0,2352.0,2352.0,2352.0,0.2211,2024,7,7
2024-07-07 01:30:00+00:00,2352.0,2354.0,2352.0,2354.0,1.7467,2024,7,7
2024-07-07 01:35:00+00:00,2355.0,2356.0,2354.0,2355.0,12.5147,2024,7,7
2024-07-07 01:40:00+00:00,2355.0,2355.0,2353.0,2355.0,0.5974,2024,7,7
2024-07-07 01:45:00+00:00,2354.0,2355.0,2354.0,2355.0,0.8624,2024,7,7
2024-07-07 01:50:00+00:00,2356.0,2358.0,2355.0,2356.0,7.5313,2024,7,7
2024-07-07 01:55:00+00:00,2356.0,2357.0,2356.0,2357.0,2.5228,2024,7,7
2024-07-07 02:00:00+00:00,2357.0,2358.0,2356.0,2358.0,1.053,2024,7,7
2024-07-07 02:05:00+00:00,2357.0,2358.0,2356.0,2357.0,0.8961,2024,7,7
2024-07-07 02:10:00+00:00,2357.0,2357.0,2356.0,2356.0,0.7513,2024,7,7
2024-07-07 02:15:00+00:00,2356.0,2357.0,2356.0,2356.0,0.2134,2024,7,7
2024-07-07 02:20:00+00:00,2356.0,2357.0,2356.0,2357.0,0.2802,2024,7,7
2024-07-07 02:25:00+00:00,2357.0,2357.0,2355.0,2356.0,0.3323,2024,7,7
2024-07-07 02:30:00+00:00,2356.0,2356.0,2356.0,2356.0,0.3543,2024,7,7
2024-07-07 02:35:00+00:00,2355.0,2356.0,2355.0,2356.0,0.021,2024,7,7
2024-07-07 02:40:00+00:00,2356.0,2359.0,2356.0,2357.0,2.5142,2024,7,7
2024-07-07 02:45:00+00:00,2357.0,2357.0,2356.0,2356.0,0.0396,2024,7,7
2024-07-07 02:50:00+00:00,2356.0,2357.0,2356.0,2357.0,0.024,2024,7,7
2024-07-07 02:55:00+00:00,2357.0,2357.0,2356.0,2356.0,0.7107,2024,7,7
2024-07-07 03:00:00+00:00,2355.0,2358.0,2355.0,2357.0,1.1234,2024,7,7
2024-07-07 03:05:00+00:00,2356.0,2357.0,2354.0,2355.0,0.8161,2024,7,7
2024-07-07 03:10:00+00:00,2354.0,2355.0,2354.0,2355.0,0.2095,2024,7,7
2024-07-07 03:15:00+00:00,2355.0,2355.0,2354.0,2355.0,0.1577,2024,7,7
2024-07-07 03:20:00+00:00,2355.0,2355.0,2354.0,2355.0,0.113,2024,7,7
2024-07-07 03:25:00+00:00,2355.0,2355.0,2355.0,2355.0,0.0648,2024,7,7
2024-07-07 03:30:00+00:00,2355.0,2355.0,2354.0,2355.0,0.0922,2024,7,7
2024-07-07 03:35:00+00:00,2355.0,2355.0,2354.0,2355.0,0.1059,2024,7,7
2024-07-07 03:40:00+00:00,2355.0,2356.0,2355.0,2356.0,0.295,2024,7,7
2024-07-07 03:45:00+00:00,2356.0,2356.0,2356.0,2356.0,0.0451,2024,7,7
2024-07-07 03:50:00+00:00,2356.0,2357.0,2354.0,2357.0,2.4434,2024,7,7
2024-07-07 03:55:00+00:00,2358.0,2358.0,2357.0,2358.0,5.7387,2024,7,7
2024-07-07 04:00:00+00:00,2358.0,2358.0,2357.0,2357.0,0.1757,2024,7,7
2024-07-07 04:05:00+00:00,2358.0,2358.0,2357.0,2358.0,0.3182,2024,7,7
2024-07-07 04:10:00+00:00,2358.0,2358.0,2353.0,2355.0,3.0425,2024,7,7
2024-07-07 04:15:00+00:00,2355.0,2355.0,2353.0,2354.0,1.3624,2024,7,7
2024-07-07 04:20:00+00:00,2354.0,2355.0,2352.0,2355.0,1.9463,2024,7,7
2024-07-07 04:25:00+00:00,2355.0,2355.0,2354.0,2355.0,0.1093,2024,7,7
2024-07-07 04:30:00+00:00,2355.0,2355.0,2354.0,2354.0,0.822,2024,7,7
2024-07-07 04:35:00+00:00,2354.0,2354.0,2352.0,2353.0,1.5627,2024,7,7
2024-07-07 04:40:00+00:00,2353.0,2353.0,2351.0,2353.0,1.8009,2024,7,7
2024-07-07 04:45:00+00:00,2353.0,2353.0,2352.0,2353.0,0.485,2024,7,7
2024-07-07 04:50:00+00:00,2353.0,2353.0,2351.0,2352.0,1.6603,2024,7,7
2024-07-07 04:55:00+00:00,2352.0,2352.0,2351.0,2351.0,1.2328,2024,7,7
2024-07-07 05:00:00+00:00,2352.0,2352.0,2351.0,2352.0,1.2431,2024,7,7
2024-07-07 05:05:00+00:00,2352.0,2353.0,2350.0,2353.0,6.5556,2024,7,7
2024-07-07 05:10:00+00:00,2353.0,2353.0,2352.0,2353.0,0.1995,2024,7,7
2024-07-07 05:15:00+00:00,2353.0,2353.0,2352.0,2353.0,0.0999,2024,7,7
2024-07-07 05:20:00+00:00,2353.0,2353.0,2352.0,2353.0,0.1014,2024,7,7
2024-07-07 05:25:00+00:00,2353.0,2353.0,2352.0,2353.0,0.1226,2024,7,7
2024-07-07 05:30:00+00:00,2353.0,2354.0,2353.0,2354.0,0.1202,2024,7,7
2024-07-07 05:35:00+00:00,2354.0,2355.0,2354.0,2355.0,0.1433,2024,7,7
2024-07-07 05:40:00+00:00,2355.0,2355.0,2354.0,2355.0,1.3007,2024,7,7
2024-07-07 05:45:00+00:00,2355.0,2355.0,2354.0,2355.0,0.0966,2024,7,7
2024-07-07 05:50:00+00:00,2355.0,2355.0,2353.0,2353.0,2.2871,2024,7,7
2024-07-07 05:55:00+00:00,2353.0,2353.0,2352.0,2353.0,0.1277,2024,7,7
2024-07-07 06:00:00+00:00,2353.0,2353.0,2352.0,2353.0,0.0866,2024,7,7
2024-07-07 06:05:00+00:00,2353.0,2353.0,2350.0,2352.0,2.2349,2024,7,7
2024-07-07 06:10:00+00:00,2352.0,2352.0,2351.0,2352.0,0.1646,2024,7,7
2024-07-07 06:15:00+00:00,2352.0,2352.0,2351.0,2352.0,0.2128,2024,7,7
2024-07-07 06:20:00+00:00,2352.0,2352.0,2351.0,2352.0,0.0534,2024,7,7
2024-07-07 06:25:00+00:00,2352.0,2353.0,2352.0,2353.0,0.8123,2024,7,7
2024-07-07 06:30:00+00:00,2353.0,2355.0,2352.0,2355.0,1.7274,2024,7,7
2024-07-07 06:35:00+00:00,2355.0,2355.0,2355.0,2355.0,0.961,2024,7,7
2024-07-07 06:40:00+00:00,2355.0,2355.0,2353.0,2354.0,1.5315,2024,7,7
2024-07-07 06:45:00+00:00,2354.0,2354.0,2353.0,2354.0,0.385,2024,7,7
2024-07-07 06:50:00+00:00,2354.0,2354.0,2353.0,2354.0,0.1005,2024,7,7
2024-07-07 06:55:00+00:00,2354.0,2355.0,2353.0,2355.0,0.6391,2024,7,7
2024-07-07 07:00:00+00:00,2354.0,2354.0,2354.0,2354.0,0.0663,2024,7,7
2024-07-07 07:05:00+00:00,2354.0,2354.0,2352.0,2353.0,0.3081,2024,7,7
2024-07-07 07:10:00+00:00,2353.0,2353.0,2352.0,2353.0,0.2047,2024,7,7
2024-07-07 07:15:00+00:00,2353.0,2357.0,2352.0,2355.0,11.3677,2024,7,7
2024-07-07 07:20:00+00:00,2354.0,2356.0,2352.0,2353.0,3.585,2024,7,7
2024-07-07 07:25:00+00:00,2354.0,2354.0,2351.0,2352.0,2.3431,2024,7,7
2024-07-07 07:30:00+00:00,2352.0,2353.0,2349.0,2349.0,5.8893,2024,7,7
2024-07-07 07:35:00+00:00,2349.0,2350.0,2349.0,2349.0,5.7495,2024,7,7
2024-07-07 07:40:00+00:00,2350.0,2354.0,2349.0,2353.0,2.1549,2024,7,7
2024-07-07 07:45:00+00:00,2354.0,2360.0,2354.0,2355.0,12.0886,2024,7,7
2024-07-07 07:50:00+00:00,2355.0,2355.0,2354.0,2355.0,0.3978,2024,7,7
2024-07-07 07:55:00+00:00,2355.0,2356.0,2355.0,2355.0,0.4217,2024,7,7
2024-07-07 08:00:00+00:00,2356.0,2356.0,2354.0,2355.0,2.2436,2024,7,7
2024-07-07 08:05:00+00:00,2356.0,2356.0,2353.0,2356.0,1.686,2024,7,7
2024-07-07 08:10:00+00:00,2356.0,2356.0,2351.0,2354.0,6.0102,2024,7,7
2024-07-07 08:15:00+00:00,2354.0,2354.0,2353.0,2354.0,0.2524,2024,7,7
2024-07-07 08:20:00+00:00,2353.0,2354.0,2353.0,2354.0,0.5607,2024,7,7
2024-07-07 08:25:00+00:00,2354.0,2355.0,2353.0,2354.0,0.2419,2024,7,7
2024-07-07 08:30:00+00:00,2355.0,2355.0,2355.0,2355.0,0.1801,2024,7,7
2024-07-07 08:35:00+00:00,2355.0,2357.0,2355.0,2356.0,1.2448,2024,7,7
2024-07-07 08:40:00+00:00,2356.0,2356.0,2355.0,2356.0,0.1342,2024,7,7
2024-07-07 08:45:00+00:00,2356.0,2356.0,2355.0,2356.0,0.1881,2024,7,7
2024-07-07 08:50:00+00:00,2356.0,2361.0,2355.0,2358.0,13.5169,2024,7,7
2024-07-07 08:55:00+00:00,2357.0,2358.0,2357.0,2358.0,1.1184,2024,7,7
2024-07-07 09:00:00+00:00,2358.0,2358.0,2357.0,2358.0,0.2113,2024,7,7
2024-07-07 09:05:00+00:00,2358.0,2358.0,2358.0,2358.0,0.0291,2024,7,7
2024-07-07 09:10:00+00:00,2357.0,2363.0,2354.0,2355.0,41.2485,2024,7,7
2024-07-07 09:15:00+00:00,2355.0,2355.0,2355.0,2355.0,0.3025,2024,7,7
2024-07-07 09:20:00+00:00,2354.0,2359.0,2354.0,2356.0,2.5344,2024,7,7
2024-07-07 09:25:00+00:00,2356.0,2357.0,2356.0,2357.0,0.3613,2024,7,7
2024-07-07 09:30:00+00:00,2357.0,2357.0,2356.0,2357.0,0.0794,2024,7,7
2024-07-07 09:35:00+00:00,2357.0,2357.0,2356.0,2356.0,1.6629,2024,7,7
2024-07-07 09:40:00+00:00,2357.0,2357.0,2355.0,2355.0,0.4908,2024,7,7
2024-07-07 09:45:00+00:00,2355.0,2355.0,2355.0,2355.0,0.061,2024,7,7
2024-07-07 09:50:00+00:00,2356.0,2356.0,2355.0,2355.0,0.0134,2024,7,7
2024-07-07 09:55:00+00:00,2356.0,2356.0,2355.0,2355.0,0.2308,2024,7,7
2024-07-07 10:00:00+00:00,2356.0,2357.0,2354.0,2355.0,2.0361,2024,7,7
2024-07-07 10:05:00+00:00,2357.0,2357.0,2357.0,2357.0,0.0236,2024,7,7
2024-07-07 10:10:00+00:00,2357.0,2358.0,2356.0,2356.0,0.9619,2024,7,7
2024-07-07 10:15:00+00:00,2357.0,2357.0,2356.0,2357.0,0.1866,2024,7,7
2024-07-07 10:20:00+00:00,2356.0,2357.0,2356.0,2356.0,1.2533,2024,7,7
2024-07-07 10:25:00+00:00,2357.0,2358.0,2356.0,2356.0,1.1492,2024,7,7
2024-07-07 10:30:00+00:00,2357.0,2358.0,2356.0,2358.0,2.0424,2024,7,7
2024-07-07 10:35:00+00:00,2357.0,2358.0,2355.0,2356.0,0.6664,2024,7,7
2024-07-07 10:40:00+00:00,2356.0,2356.0,2355.0,2355.0,0.4144,2024,7,7
2024-07-07 10:45:00+00:00,2355.0,2356.0,2354.0,2354.0,1.2781,2024,7,7
2024-07-07 10:50:00+00:00,2355.0,2356.0,2354.0,2354.0,0.0801,2024,7,7
2024-07-07 10:55:00+00:00,2355.0,2355.0,2354.0,2355.0,0.0922,2024,7,7
2024-07-07 11:00:00+00:00,2354.0,2355.0,2354.0,2355.0,0.0421,2024,7,7
2024-07-07 11:05:00+00:00,2355.0,2355.0,2354.0,2355.0,1.1186,2024,7,7
2024-07-07 11:10:00+00:00,2355.0,2358.0,2355.0,2358.0,0.4239,2024,7,7
2024-07-07 11:15:00+00:00,2358.0,2358.0,2356.0,2356.0,0.3448,2024,7,7
2024-07-07 11:20:00+00:00,2356.0,2358.0,2354.0,2355.0,8.0246,2024,7,7
2024-07-07 11:25:00+00:00,2355.0,2356.0,2354.0,2356.0,0.3192,2024,7,7
2024-07-07 11:30:00+00:00,2355.0,2357.0,2355.0,2356.0,0.3921,2024,7,7
2024-07-07 11:35:00+00:00,2355.0,2356.0,2354.0,2355.0,0.308,2024,7,7
2024-07-07 11:40:00+00:00,2357.0,2357.0,2355.0,2356.0,0.0626,2024,7,7
2024-07-07 11:45:00+00:00,2356.0,2357.0,2354.0,2354.0,1.6975,2024,7,7
2024-07-07 11:50:00+00:00,2358.0,2359.0,2357.0,2359.0,3.4503,2024,7,7
2024-07-07 11:55:00+00:00,2357.0,2368.0,2356.0,2356.0,102.6145,2024,7,7
2024-07-07 12:00:00+00:00,2358.0,2358.0,2355.0,2358.0,5.0278,2024,7,7
2024-07-07 12:05:00+00:00,2358.0,2358.0,2358.0,2358.0,0.026,2024,7,7
2024-07-07 12:10:00+00:00,2358.0,2361.0,2355.0,2355.0,4.8042,2024,7,7
2024-07-07 12:15:00+00:00,2358.0,2358.0,2354.0,2357.0,0.6621,2024,7,7
2024-07-07 12:20:00+00:00,2356.0,2357.0,2356.0,2357.0,0.0899,2024,7,7
2024-07-07 12:25:00+00:00,2356.0,2358.0,2356.0,2357.0,0.7697,2024,7,7
2024-07-07 12:30:00+00:00,2356.0,2358.0,2355.0,2356.0,1.1483,2024,7,7
2024-07-07 12:35:00+00:00,2358.0,2358.0,2356.0,2357.0,0.0329,2024,7,7
2024-07-07 12:40:00+00:00,2357.0,2358.0,2356.0,2356.0,0.1502,2024,7,7
2024-07-07 12:45:00+00:00,2356.0,2356.0,2354.0,2356.0,6.4702,2024,7,7
2024-07-07 12:50:00+00:00,2355.0,2358.0,2353.0,2354.0,9.8756,2024,7,7
2024-07-07 12:55:00+00:00,2355.0,2357.0,2355.0,2356.0,0.7923,2024,7,7
2024-07-07 13:00:00+00:00,2355.0,2356.0,2355.0,2356.0,0.0713,2024,7,7
2024-07-07 13:05:00+00:00,2356.0,2356.0,2353.0,2355.0,1.1424,2024,7,7
2024-07-07 13:10:00+00:00,2355.0,2355.0,2354.0,2354.0,0.131,2024,7,7
2024-07-07 13:15:00+00:00,2354.0,2355.0,2353.0,2355.0,0.6311,2024,7,7
2024-07-07 13:20:00+00:00,2355.0,2356.0,2354.0,2354.0,1.2343,2024,7,7
2024-07-07 13:25:00+00:00,2355.0,2355.0,2353.0,2353.0,13.5408,2024,7,7
2024-07-07 13:30:00+00:00,2353.0,2355.0,2353.0,2354.0,13.2637,2024,7,7
2024-07-07 13:35:00+00:00,2355.0,2355.0,2347.0,2350.0,92.9701,2024,7,7
2024-07-07 13:40:00+00:00,2351.0,2351.0,2347.0,2350.0,1.9526,2024,7,7
2024-07-07 13:45:00+00:00,2350.0,2352.0,2348.0,2349.0,1.1645,2024,7,7
2024-07-07 13:50:00+00:00,2350.0,2351.0,2348.0,2350.0,1.299,2024,7,7
2024-07-07 13:55:00+00:00,2349.0,2351.0,2349.0,2350.0,0.1134,2024,7,7
2024-07-07 14:00:00+00:00,2351.0,2351.0,2348.0,2349.0,0.3896,2024,7,7
2024-07-07 14:05:00+00:00,2350.0,2352.0,2349.0,2352.0,0.7051,2024,7,7
2024-07-07 14:10:00+00:00,2352.0,2354.0,2347.0,2351.0,10.1512,2024,7,7
2024-07-07 14:15:00+00:00,2352.0,2352.0,2349.0,2351.0,1.3197,2024,7,7
2024-07-07 14:20:00+00:00,2351.0,2351.0,2349.0,2350.0,1.0311,2024,7,7
2024-07-07 14:25:00+00:00,2350.0,2351.0,2350.0,2351.0,0.2518,2024,7,7
2024-07-07 14:30:00+00:00,2351.0,2352.0,2351.0,2352.0,0.6918,2024,7,7
2024-07-07 14:35:00+00:00,2352.0,2352.0,2351.0,2351.0,0.7172,2024,7,7
2024-07-07 14:40:00+00:00,2351.0,2352.0,2351.0,2351.0,0.6855,2024,7,7
2024-07-07 14:45:00+00:00,2351.0,2353.0,2350.0,2351.0,0.8523,2024,7,7
2024-07-07 14:50:00+00:00,2351.0,2353.0,2350.0,2351.0,2.0778,2024,7,7
2024-07-07 14:55:00+00:00,2351.0,2352.0,2350.0,2350.0,0.7106,2024,7,7
2024-07-07 15:00:00+00:00,2350.0,2352.0,2349.0,2352.0,1.8212,2024,7,7
2024-07-07 15:05:00+00:00,2351.0,2355.0,2351.0,2352.0,3.1164,2024,7,7
2024-07-07 15:10:00+00:00,2352.0,2354.0,2350.0,2351.0,0.4926,2024,7,7
2024-07-07 15:15:00+00:00,2351.0,2352.0,2350.0,2351.0,0.4072,2024,7,7
2024-07-07 15:20:00+00:00,2351.0,2352.0,2350.0,2351.0,0.739,2024,7,7
2024-07-07 15:25:00+00:00,2351.0,2352.0,2351.0,2351.0,0.4219,2024,7,7
2024-07-07 15:30:00+00:00,2351.0,2352.0,2349.0,2349.0,0.6789,2024,7,7
2024-07-07 15:35:00+00:00,2349.0,2351.0,2348.0,2351.0,0.8346,2024,7,7
2024-07-07 15:40:00+00:00,2350.0,2357.0,2349.0,2356.0,36.2019,2024,7,7
2024-07-07 15:45:00+00:00,2354.0,2355.0,2350.0,2351.0,1.4777,2024,7,7
2024-07-07 15:50:00+00:00,2352.0,2352.0,2350.0,2351.0,0.3292,2024,7,7
2024-07-07 15:55:00+00:00,2350.0,2354.0,2350.0,2352.0,1.2283,2024,7,7
2024-07-07 16:00:00+00:00,2353.0,2353.0,2349.0,2349.0,1.8974,2024,7,7
2024-07-07 16:05:00+00:00,2349.0,2350.0,2348.0,2349.0,2.2504,2024,7,7
2024-07-07 16:10:00+00:00,2351.0,2351.0,2349.0,2350.0,0.4593,2024,7,7
2024-07-07 16:15:00+00:00,2351.0,2357.0,2351.0,2354.0,36.1592,2024,7,7
2024-07-07 16:20:00+00:00,2354.0,2355.0,2354.0,2354.0,0.5517,2024,7,7
2024-07-07 16:25:00+00:00,2354.0,2355.0,2354.0,2354.0,0.0766,2024,7,7
2024-07-07 16:30:00+00:00,2354.0,2355.0,2354.0,2354.0,0.3047,2024,7,7
2024-07-07 16:35:00+00:00,2354.0,2356.0,2354.0,2355.0,0.5048,2024,7,7
2024-07-07 16:40:00+00:00,2356.0,2356.0,2355.0,2355.0,0.0614,2024,7,7
2024-07-07 16:45:00+00:00,2355.0,2357.0,2355.0,2356.0,0.5087,2024,7,7
2024-07-07 16:50:00+00:00,2356.0,2357.0,2356.0,2356.0,0.0517,2024,7,7
2024-07-07 16:55:00+00:00,2357.0,2357.0,2356.0,2356.0,0.4326,2024,7,7
2024-07-07 17:00:00+00:00,2356.0,2358.0,2356.0,2357.0,0.2577,2024,7,7
2024-07-07 17:05:00+00:00,2357.0,2358.0,2357.0,2357.0,0.3569,2024,7,7
2024-07-07 17:10:00+00:00,2357.0,2358.0,2357.0,2358.0,0.0388,2024,7,7
2024-07-07 17:15:00+00:00,2357.0,2357.0,2356.0,2356.0,0.5851,2024,7,7
2024-07-07 17:20:00+00:00,2356.0,2357.0,2354.0,2354.0,0.1534,2024,7,7
2024-07-07 17:25:00+00:00,2354.0,2354.0,2353.0,2354.0,0.4572,2024,7,7
2024-07-07 17:30:00+00:00,2353.0,2353.0,2352.0,2352.0,0.109,2024,7,7
2024-07-07 17:35:00+00:00,2353.0,2358.0,2353.0,2356.0,2.8553,2024,7,7
2024-07-07 17:40:00+00:00,2357.0,2357.0,2356.0,2356.0,0.1948,2024,7,7
2024-07-07 17:45:00+00:00,2356.0,2357.0,2356.0,2356.0,0.1128,2024,7,7
2024-07-07 17:50:00+00:00,2356.0,2358.0,2356.0,2357.0,1.8262,2024,7,7
2024-07-07 17:55:00+00:00,2357.0,2358.0,2357.0,2358.0,5.2743,2024,7,7
2024-07-07 18:00:00+00:00,2358.0,2358.0,2357.0,2357.0,1.2819,2024,7,7
2024-07-07 18:05:00+00:00,2357.0,2358.0,2357.0,2357.0,0.9286,2024,7,7
2024-07-07 18:10:00+00:00,2358.0,2358.0,2357.0,2357.0,0.4129,2024,7,7
2024-07-07 18:15:00+00:00,2357.0,2358.0,2357.0,2357.0,1.1237,2024,7,7
2024-07-07 18:20:00+00:00,2357.0,2358.0,2357.0,2358.0,0.122,2024,7,7
2024-07-07 18:25:00+00:00,2357.0,2358.0,2357.0,2357.0,0.7682,2024,7,7
2024-07-07 18:30:00+00:00,2357.0,2357.0,2357.0,2357.0,0.8176,2024,7,7
2024-07-07 18:35:00+00:00,2357.0,2358.0,2357.0,2358.0,0.2903,2024,7,7
2024-07-07 18:40:00+00:00,2357.0,2358.0,2357.0,2357.0,0.3888,2024,7,7
2024-07-07 18:45:00+00:00,2357.0,2358.0,2357.0,2357.0,0.0688,2024,7,7
2024-07-07 18:50:00+00:00,2357.0,2358.0,2357.0,2358.0,0.2098,2024,7,7
2024-07-07 18:55:00+00:00,2358.0,2358.0,2357.0,2357.0,0.2108,2024,7,7
2024-07-07 19:00:00+00:00,2357.0,2358.0,2357.0,2358.0,0.2871,2024,7,7
2024-07-07 19:05:00+00:00,2357.0,2358.0,2357.0,2357.0,0.1152,2024,7,7
2024-07-07 19:10:00+00:00,2358.0,2358.0,2357.0,2357.0,0.012,2024,7,7
2024-07-07 19:15:00+00:00,2357.0,2358.0,2357.0,2358.0,0.1232,2024,7,7
2024-07-07 19:20:00+00:00,2357.0,2358.0,2357.0,2358.0,0.0906,2024,7,7
2024-07-07 19:25:00+00:00,2358.0,2358.0,2357.0,2357.0,0.1159,2024,7,7
2024-07-07 19:30:00+00:00,2357.0,2358.0,2357.0,2358.0,0.3289,2024,7,7
2024-07-07 19:35:00+00:00,2358.0,2358.0,2357.0,2357.0,0.2924,2024,7,7
2024-07-07 19:40:00+00:00,2357.0,2358.0,2357.0,2357.0,0.6343,2024,7,7
2024-07-07 19:45:00+00:00,2358.0,2358.0,2357.0,2358.0,0.754,2024,7,7
2024-07-07 19:50:00+00:00,2358.0,2358.0,2357.0,2358.0,0.8751,2024,7,7
2024-07-07 19:55:00+00:00,2358.0,2358.0,2357.0,2357.0,0.1082,2024,7,7
2024-07-07 20:00:00+00:00,2358.0,2358.0,2357.0,2357.0,1.7993,2024,7,7
2024-07-07 20:05:00+00:00,2357.0,2358.0,2355.0,2357.0,13.92,2024,7,7
2024-07-07 20:10:00+00:00,2356.0,2358.0,2356.0,2357.0,2.6064,2024,7,7
2024-07-07 20:15:00+00:00,2357.0,2360.0,2356.0,2357.0,8.9213,2024,7,7
2024-07-07 20:20:00+00:00,2358.0,2358.0,2356.0,2358.0,0.2764,2024,7,7
2024-07-07 20:25:00+00:00,2356.0,2356.0,2353.0,2354.0,2.7961,2024,7,7
2024-07-07 20:30:00+00:00,2354.0,2354.0,2353.0,2354.0,0.0424,2024,7,7
2024-07-07 20:35:00+00:00,2354.0,2354.0,2352.0,2353.0,0.6481,2024,7,7
2024-07-07 20:40:00+00:00,2353.0,2355.0,2353.0,2355.0,0.9687,2024,7,7
2024-07-07 20:45:00+00:00,2355.0,2360.0,2355.0,2357.0,4.5877,2024,7,7
2024-07-07 20:50:00+00:00,2358.0,2358.0,2357.0,2358.0,0.0823,2024,7,7
2024-07-07 20:55:00+00:00,2358.0,2359.0,2357.0,2358.0,2.3551,2024,7,7
2024-07-07 21:00:00+00:00,2358.0,2361.0,2358.0,2361.0,6.3446,2024,7,7
2024-07-07 21:05:00+00:00,2360.0,2361.0,2360.0,2360.0,7.8253,2024,7,7
2024-07-07 21:10:00+00:00,2361.0,2361.0,2356.0,2357.0,5.1939,2024,7,7
2024-07-07 21:15:00+00:00,2357.0,2357.0,2355.0,2355.0,1.4897,2024,7,7
2024-07-07 21:20:00+00:00,2355.0,2356.0,2351.0,2353.0,10.2664,2024,7,7
2024-07-07 21:25:00+00:00,2353.0,2355.0,2353.0,2355.0,3.4545,2024,7,7
2024-07-07 21:30:00+00:00,2355.0,2356.0,2355.0,2355.0,1.1857,2024,7,7
2024-07-07 21:35:00+00:00,2355.0,2356.0,2355.0,2355.0,2.298,2024,7,7
2024-07-07 21:40:00+00:00,2355.0,2356.0,2355.0,2355.0,1.0711,2024,7,7
2024-07-07 21:45:00+00:00,2355.0,2356.0,2355.0,2355.0,0.3974,2024,7,7
2024-07-07 21:50:00+00:00,2355.0,2361.0,2355.0,2360.0,7.2801,2024,7,7
2024-07-07 21:55:00+00:00,2360.0,2361.0,2359.0,2359.0,1.1515,2024,7,7
2024-07-07 22:00:00+00:00,2360.0,2361.0,2359.0,2360.0,1.1072,2024,7,7
2024-07-07 22:05:00+00:00,2361.0,2361.0,2360.0,2360.0,16.3506,2024,7,7
2024-07-07 22:10:00+00:00,2360.0,2361.0,2360.0,2360.0,2.6044,2024,7,7
2024-07-07 22:15:00+00:00,2361.0,2361.0,2360.0,2360.0,0.7036,2024,7,7
2024-07-07 22:20:00+00:00,2360.0,2360.0,2360.0,2360.0,1.5851,2024,7,7
2024-07-07 22:25:00+00:00,2360.0,2361.0,2360.0,2360.0,0.3932,2024,7,7
2024-07-07 22:30:00+00:00,2360.0,2361.0,2360.0,2361.0,0.277,2024,7,7
2024-07-07 22:35:00+00:00,2360.0,2361.0,2360.0,2361.0,2.7468,2024,7,7
2024-07-07 22:40:00+00:00,2360.0,2362.0,2360.0,2362.0,2.414,2024,7,7
2024-07-07 22:45:00+00:00,2361.0,2362.0,2361.0,2361.0,5.5595,2024,7,7
2024-07-07 22:50:00+00:00,2361.0,2362.0,2361.0,2362.0,2.6221,2024,7,7
2024-07-07 22:55:00+00:00,2362.0,2362.0,2361.0,2362.0,0.6272,2024,7,7
2024-07-07 23:00:00+00:00,2362.0,2362.0,2361.0,2362.0,0.0496,2024,7,7
2024-07-07 23:05:00+00:00,2361.0,2361.0,2354.0,2360.0,10.368,2024,7,7
2024-07-07 23:10:00+00:00,2359.0,2360.0,2357.0,2357.0,1.981,2024,7,7
2024-07-07 23:15:00+00:00,2358.0,2358.0,2357.0,2357.0,0.0234,2024,7,7
2024-07-07 23:20:00+00:00,2358.0,2359.0,2358.0,2358.0,0.9574,2024,7,7
2024-07-07 23:25:00+00:00,2359.0,2359.0,2358.0,2359.0,0.1885,2024,7,7
2024-07-07 23:30:00+00:00,2359.0,2359.0,2358.0,2359.0,0.1494,2024,7,7
2024-07-07 23:35:00+00:00,2359.0,2359.0,2358.0,2359.0,0.1273,2024,7,7
2024-07-07 23:40:00+00:00,2359.0,2359.0,2354.0,2357.0,5.2016,2024,7,7
2024-07-07 23:45:00+00:00,2357.0,2358.0,2353.0,2353.0,1.2405,2024,7,7
2024-07-07 23:50:00+00:00,2353.0,2355.0,2353.0,2355.0,1.9109,2024,7,7
2024-07-07 23:55:00+00:00,2356.0,2356.0,2355.0,2355.0,0.6254,2024,7,7
2024-07-08 00:00:00+00:00,2355.0,2360.0,2351.0,2354.0,9.0593,2024,7,8
2024-07-08 00:05:00+00:00,2353.0,2353.0,2348.0,2351.0,1.3173,2024,7,8
2024-07-08 00:10:00+00:00,2351.0,2354.0,2351.0,2353.0,1.1877,2024,7,8
2024-07-08 00:15:00+00:00,2354.0,2354.0,2353.0,2354.0,0.1206,2024,7,8
2024-07-08 00:20:00+00:00,2354.0,2357.0,2354.0,2357.0,2.338,2024,7,8
2024-07-08 00:25:00+00:00,2357.0,2357.0,2356.0,2356.0,0.0088,2024,7,8
2024-07-08 00:30:00+00:00,2356.0,2356.0,2354.0,2354.0,0.9953,2024,7,8
2024-07-08 00:35:00+00:00,2354.0,2354.0,2347.0,2347.0,51.5892,2024,7,8
2024-07-08 00:40:00+00:00,2347.0,2349.0,2346.0,2348.0,2.0494,2024,7,8
2024-07-08 00:45:00+00:00,2348.0,2350.0,2347.0,2349.0,1.5833,2024,7,8
2024-07-08 00:50:00+00:00,2349.0,2349.0,2348.0,2349.0,0.3285,2024,7,8
2024-07-08 00:55:00+00:00,2349.0,2353.0,2348.0,2353.0,1.0946,2024,7,8
2024-07-08 01:00:00+00:00,2352.0,2362.0,2348.0,2355.0,42.6901,2024,7,8
2024-07-08 01:05:00+00:00,2353.0,2359.0,2351.0,2354.0,23.3199,2024,7,8
2024-07-08 01:10:00+00:00,2354.0,2355.0,2347.0,2353.0,8.1738,2024,7,8
2024-07-08 01:15:00+00:00,2353.0,2354.0,2351.0,2351.0,2.8003,2024,7,8
2024-07-08 01:20:00+00:00,2353.0,2358.0,2351.0,2356.0,4.4244,2024,7,8
2024-07-08 01:25:00+00:00,2357.0,2358.0,2354.0,2358.0,4.1329,2024,7,8
2024-07-08 01:30:00+00:00,2357.0,2358.0,2355.0,2358.0,1.8576,2024,7,8
2024-07-08 01:35:00+00:00,2358.0,2358.0,2349.0,2350.0,17.5852,2024,7,8
2024-07-08 01:40:00+00:00,2350.0,2352.0,2349.0,2352.0,2.1223,2024,7,8
2024-07-08 01:45:00+00:00,2352.0,2359.0,2352.0,2354.0,17.9816,2024,7,8
2024-07-08 01:50:00+00:00,2355.0,2355.0,2352.0,2354.0,2.8137,2024,7,8
2024-07-08 01:55:00+00:00,2354.0,2356.0,2354.0,2355.0,2.1042,2024,7,8
2024-07-08 02:00:00+00:00,2354.0,2359.0,2353.0,2355.0,8.479,2024,7,8
2024-07-08 02:05:00+00:00,2355.0,2355.0,2352.0,2353.0,1.2487,2024,7,8
2024-07-08 02:10:00+00:00,2353.0,2355.0,2352.0,2354.0,1.4919,2024,7,8
2024-07-08 02:15:00+00:00,2354.0,2355.0,2352.0,2355.0,3.6802,2024,7,8
2024-07-08 02:20:00+00:00,2355.0,2356.0,2354.0,2355.0,5.3395,2024,7,8
2024-07-08 02:25:00+00:00,2354.0,2356.0,2354.0,2354.0,1.0464,2024,7,8
2024-07-08 02:30:00+00:00,2355.0,2356.0,2355.0,2355.0,3.2195,2024,7,8
2024-07-08 02:35:00+00:00,2356.0,2357.0,2354.0,2356.0,5.9032,2024,7,8
2024-07-08 02:40:00+00:00,2357.0,2358.0,2355.0,2358.0,6.7864,2024,7,8
2024-07-08 02:45:00+00:00,2357.0,2357.0,2356.0,2356.0,0.1686,2024,7,8
2024-07-08 02:50:00+00:00,2356.0,2357.0,2355.0,2356.0,0.0843,2024,7,8
2024-07-08 02:55:00+00:00,2356.0,2357.0,2356.0,2357.0,0.4596,2024,7,8
2024-07-08 03:00:00+00:00,2355.0,2357.0,2353.0,2355.0,5.1969,2024,7,8
2024-07-08 03:05:00+00:00,2355.0,2355.0,2352.0,2354.0,0.4335,2024,7,8
2024-07-08 03:10:00+00:00,2354.0,2354.0,2354.0,2354.0,0.3838,2024,7,8
2024-07-08 03:15:00+00:00,2354.0,2354.0,2353.0,2354.0,0.0747,2024,7,8
2024-07-08 03:20:00+00:00,2354.0,2354.0,2353.0,2353.0,0.3882,2024,7,8
2024-07-08 03:25:00+00:00,2354.0,2354.0,2353.0,2353.0,0.1641,2024,7,8
2024-07-08 03:30:00+00:00,2354.0,2355.0,2353.0,2355.0,0.436,2024,7,8
2024-07-08 03:35:00+00:00,2354.0,2356.0,2354.0,2356.0,0.3356,2024,7,8
2024-07-08 03:40:00+00:00,2355.0,2356.0,2354.0,2355.0,0.4787,2024,7,8
2024-07-08 03:45:00+00:00,2355.0,2355.0,2354.0,2354.0,0.2605,2024,7,8
2024-07-08 03:50:00+00:00,2355.0,2356.0,2354.0,2356.0,0.1957,2024,7,8
2024-07-08 03:55:00+00:00,2354.0,2356.0,2354.0,2354.0,1.0143,2024,7,8
2024-07-08 04:00:00+00:00,2356.0,2356.0,2353.0,2354.0,0.6566,2024,7,8
2024-07-08 04:05:00+00:00,2354.0,2356.0,2354.0,2356.0,0.5594,2024,7,8
2024-07-08 04:10:00+00:00,2355.0,2357.0,2355.0,2355.0,0.7052,2024,7,8
2024-07-08 04:15:00+00:00,2356.0,2358.0,2355.0,2356.0,2.5294,2024,7,8
2024-07-08 04:20:00+00:00,2356.0,2357.0,2356.0,2356.0,0.201,2024,7,8
2024-07-08 04:25:00+00:00,2357.0,2358.0,2356.0,2356.0,0.1844,2024,7,8
2024-07-08 04:30:00+00:00,2357.0,2358.0,2356.0,2358.0,1.6436,2024,7,8
2024-07-08 04:35:00+00:00,2357.0,2358.0,2356.0,2356.0,2.922,2024,7,8
2024-07-08 04:40:00+00:00,2356.0,2358.0,2356.0,2357.0,1.3158,2024,7,8
2024-07-08 04:45:00+00:00,2357.0,2358.0,2355.0,2356.0,4.5514,2024,7,8
2024-07-08 04:50:00+00:00,2356.0,2357.0,2354.0,2356.0,3.8303,2024,7,8
2024-07-08 04:55:00+00:00,2355.0,2356.0,2355.0,2355.0,0.4217,2024,7,8
2024-07-08 05:00:00+00:00,2355.0,2359.0,2355.0,2359.0,6.4855,2024,7,8
2024-07-08 05:05:00+00:00,2358.0,2358.0,2357.0,2357.0,0.955,2024,7,8
2024-07-08 05:10:00+00:00,2357.0,2359.0,2357.0,2358.0,1.2467,2024,7,8
2024-07-08 05:15:00+00:00,2358.0,2359.0,2357.0,2357.0,0.5053,2024,7,8
2024-07-08 05:20:00+00:00,2357.0,2358.0,2356.0,2357.0,1.2558,2024,7,8
2024-07-08 05:25:00+00:00,2357.0,2358.0,2357.0,2358.0,0.6885,2024,7,8
2024-07-08 05:30:00+00:00,2358.0,2360.0,2357.0,2357.0,1.9375,2024,7,8
2024-07-08 05:35:00+00:00,2358.0,2359.0,2358.0,2358.0,0.8362,2024,7,8
2024-07-08 05:40:00+00:00,2358.0,2359.0,2357.0,2358.0,1.5573,2024,7,8
2024-07-08 05:45:00+00:00,2359.0,2359.0,2357.0,2357.0,1.7985,2024,7,8
2024-07-08 05:50:00+00:00,2357.0,2358.0,2357.0,2357.0,0.825,2024,7,8
2024-07-08 05:55:00+00:00,2357.0,2360.0,2357.0,2359.0,4.8615,2024,7,8
2024-07-08 06:00:00+00:00,2359.0,2359.0,2357.0,2358.0,3.3888,2024,7,8
2024-07-08 06:05:00+00:00,2358.0,2358.0,2357.0,2357.0,0.3582,2024,7,8
2024-07-08 06:10:00+00:00,2357.0,2358.0,2357.0,2357.0,0.1455,2024,7,8
2024-07-08 06:15:00+00:00,2357.0,2358.0,2357.0,2358.0,2.2107,2024,7,8
2024-07-08 06:20:00+00:00,2357.0,2360.0,2357.0,2358.0,11.9601,2024,7,8
2024-07-08 06:25:00+00:00,2358.0,2360.0,2357.0,2358.0,7.0942,2024,7,8
2024-07-08 06:30:00+00:00,2358.0,2360.0,2357.0,2357.0,1.9324,2024,7,8
2024-07-08 06:35:00+00:00,2357.0,2358.0,2357.0,2357.0,0.4367,2024,7,8
2024-07-08 06:40:00+00:00,2357.0,2359.0,2357.0,2357.0,1.9011,2024,7,8
2024-07-08 06:45:00+00:00,2357.0,2358.0,2357.0,2358.0,3.2179,2024,7,8
2024-07-08 06:50:00+00:00,2357.0,2358.0,2357.0,2357.0,1.975,2024,7,8
2024-07-08 06:55:00+00:00,2357.0,2358.0,2357.0,2357.0,0.3441,2024,7,8
2024-07-08 07:00:00+00:00,2357.0,2358.0,2357.0,2357.0,7.1433,2024,7,8
2024-07-08 07:05:00+00:00,2357.0,2358.0,2357.0,2357.0,6.7425,2024,7,8
2024-07-08 07:10:00+00:00,2358.0,2358.0,2357.0,2357.0,0.2871,2024,7,8
2024-07-08 07:15:00+00:00,2357.0,2358.0,2356.0,2357.0,1.4535,2024,7,8
2024-07-08 07:20:00+00:00,2357.0,2358.0,2357.0,2357.0,0.2417,2024,7,8
2024-07-08 07:25:00+00:00,2357.0,2358.0,2348.0,2352.0,33.1874,2024,7,8
2024-07-08 07:30:00+00:00,2353.0,2354.0,2350.0,2353.0,2.2501,2024,7,8
2024-07-08 07:35:00+00:00,2353.0,2354.0,2353.0,2354.0,0.8983,2024,7,8
2024-07-08 07:40:00+00:00,2353.0,2354.0,2353.0,2353.0,0.5368,2024,7,8
2024-07-08 07:45:00+00:00,2353.0,2356.0,2351.0,2355.0,3.1783,2024,7,8
2024-07-08 07:50:00+00:00,2355.0,2357.0,2353.0,2353.0,5.5324,2024,7,8
2024-07-08 07:55:00+00:00,2353.0,2355.0,2352.0,2355.0,6.8718,2024,7,8
2024-07-08 08:00:00+00:00,2355.0,2355.0,2353.0,2354.0,15.5861,2024,7,8
2024-07-08 08:05:00+00:00,2354.0,2360.0,2354.0,2359.0,23.384,2024,7,8
2024-07-08 08:10:00+00:00,2358.0,2359.0,2358.0,2359.0,1.9598,2024,7,8
2024-07-08 08:15:00+00:00,2358.0,2362.0,2357.0,2359.0,40.8365,2024,7,8
2024-07-08 08:20:00+00:00,2358.0,2360.0,2355.0,2359.0,8.8922,2024,7,8
2024-07-08 08:25:00+00:00,2359.0,2360.0,2359.0,2360.0,2.8132,2024,7,8
2024-07-08 08:30:00+00:00,2360.0,2362.0,2357.0,2357.0,17.9622,2024,7,8
2024-07-08 08:35:00+00:00,2357.0,2358.0,2355.0,2358.0,3.2701,2024,7,8
2024-07-08 08:40:00+00:00,2358.0,2361.0,2356.0,2359.0,12.9891,2024,7,8
2024-07-08 08:45:00+00:00,2358.0,2363.0,2356.0,2359.0,15.1656,2024,7,8
2024-07-08 08:50:00+00:00,2360.0,2363.0,2355.0,2358.0,23.8277,2024,7,8
2024-07-08 08:55:00+00:00,2358.0,2361.0,2356.0,2358.0,4.8598,2024,7,8
2024-07-08 09:00:00+00:00,2358.0,2364.0,2357.0,2358.0,28.0038,2024,7,8
2024-07-08 09:05:00+00:00,2358.0,2359.0,2357.0,2359.0,1.4059,2024,7,8
2024-07-08 09:10:00+00:00,2359.0,2359.0,2355.0,2356.0,4.7358,2024,7,8
2024-07-08 09:15:00+00:00,2356.0,2356.0,2354.0,2355.0,2.6378,2024,7,8
2024-07-08 09:20:00+00:00,2355.0,2356.0,2353.0,2355.0,4.5679,2024,7,8
2024-07-08 09:25:00+00:00,2355.0,2355.0,2354.0,2355.0,0.9341,2024,7,8
2024-07-08 09:30:00+00:00,2354.0,2355.0,2354.0,2355.0,0.3766,2024,7,8
2024-07-08 09:35:00+00:00,2355.0,2355.0,2351.0,2354.0,9.5298,2024,7,8
2024-07-08 09:40:00+00:00,2354.0,2354.0,2352.0,2354.0,0.4031,2024,7,8
2024-07-08 09:45:00+00:00,2354.0,2354.0,2352.0,2353.0,0.9715,2024,7,8
2024-07-08 09:50:00+00:00,2353.0,2355.0,2352.0,2352.0,1.7216,2024,7,8
2024-07-08 09:55:00+00:00,2353.0,2354.0,2351.0,2353.0,0.5585,2024,7,8
2024-07-08 10:00:00+00:00,2353.0,2355.0,2352.0,2355.0,1.6691,2024,7,8
2024-07-08 10:05:00+00:00,2356.0,2357.0,2354.0,2355.0,3.4236,2024,7,8
2024-07-08 10:10:00+00:00,2355.0,2355.0,2355.0,2355.0,0.1974,2024,7,8
2024-07-08 10:15:00+00:00,2354.0,2355.0,2354.0,2355.0,3.4083,2024,7,8
2024-07-08 10:20:00+00:00,2354.0,2355.0,2354.0,2355.0,1.2461,2024,7,8
2024-07-08 10:25:00+00:00,2354.0,2357.0,2354.0,2357.0,0.5839,2024,7,8
2024-07-08 10:30:00+00:00,2357.0,2357.0,2355.0,2356.0,1.6201,2024,7,8
2024-07-08 10:35:00+00:00,2355.0,2356.0,2355.0,2356.0,0.2643,2024,7,8
2024-07-08 10:40:00+00:00,2356.0,2356.0,2355.0,2356.0,0.139,2024,7,8
2024-07-08 10:45:00+00:00,2355.0,2355.0,2354.0,2354.0,0.9306,2024,7,8
2024-07-08 10:50:00+00:00,2355.0,2355.0,2354.0,2354.0,0.6402,2024,7,8
2024-07-08 10:55:00+00:00,2354.0,2354.0,2352.0,2352.0,19.7548,2024,7,8
2024-07-08 11:00:00+00:00,2352.0,2353.0,2350.0,2350.0,15.3784,2024,7,8
2024-07-08 11:05:00+00:00,2350.0,2351.0,2349.0,2350.0,2.8197,2024,7,8
2024-07-08 11:10:00+00:00,2350.0,2350.0,2349.0,2350.0,2.1754,2024,7,8
2024-07-08 11:15:00+00:00,2350.0,2351.0,2349.0,2351.0,5.0738,2024,7,8
2024-07-08 11:20:00+00:00,2351.0,2351.0,2350.0,2350.0,1.8825,2024,7,8
2024-07-08 11:25:00+00:00,2351.0,2351.0,2351.0,2351.0,0.6123,2024,7,8
2024-07-08 11:30:00+00:00,2351.0,2353.0,2350.0,2352.0,2.4444,2024,7,8
2024-07-08 11:35:00+00:00,2352.0,2352.0,2351.0,2352.0,0.6282,2024,7,8
2024-07-08 11:40:00+00:00,2352.0,2352.0,2349.0,2351.0,2.4508,2024,7,8
2024-07-08 11:45:00+00:00,2351.0,2353.0,2351.0,2352.0,1.9203,2024,7,8
2024-07-08 11:50:00+00:00,2352.0,2352.0,2351.0,2352.0,0.3984,2024,7,8
2024-07-08 11:55:00+00:00,2352.0,2353.0,2352.0,2353.0,0.3704,2024,7,8
2024-07-08 12:00:00+00:00,2353.0,2353.0,2352.0,2353.0,0.842,2024,7,8
2024-07-08 12:05:00+00:00,2352.0,2353.0,2352.0,2353.0,0.377,2024,7,8
2024-07-08 12:10:00+00:00,2353.0,2353.0,2352.0,2353.0,0.983,2024,7,8
2024-07-08 12:15:00+00:00,2353.0,2353.0,2352.0,2353.0,0.3543,2024,7,8
2024-07-08 12:20:00+00:00,2353.0,2353.0,2350.0,2352.0,4.2069,2024,7,8
2024-07-08 12:25:00+00:00,2352.0,2352.0,2351.0,2352.0,3.0817,2024,7,8
2024-07-08 12:30:00+00:00,2352.0,2352.0,2351.0,2351.0,0.4067,2024,7,8
2024-07-08 12:35:00+00:00,2352.0,2352.0,2351.0,2352.0,1.3584,2024,7,8
2024-07-08 12:40:00+00:00,2351.0,2352.0,2350.0,2351.0,1.2705,2024,7,8
2024-07-08 12:45:00+00:00,2350.0,2351.0,2350.0,2351.0,1.4106,2024,7,8
2024-07-08 12:50:00+00:00,2350.0,2352.0,2350.0,2351.0,0.9425,2024,7,8
2024-07-08 12:55:00+00:00,2351.0,2351.0,2350.0,2351.0,1.9031,2024,7,8
2024-07-08 13:00:00+00:00,2350.0,2351.0,2347.0,2349.0,8.0831,2024,7,8
2024-07-08 13:05:00+00:00,2349.0,2352.0,2349.0,2352.0,6.1432,2024,7,8
2024-07-08 13:10:00+00:00,2351.0,2352.0,2350.0,2351.0,1.121,2024,7,8
2024-07-08 13:15:00+00:00,2350.0,2352.0,2350.0,2351.0,1.6399,2024,7,8
2024-07-08 13:20:00+00:00,2351.0,2352.0,2351.0,2351.0,0.5187,2024,7,8
2024-07-08 13:25:00+00:00,2351.0,2352.0,2351.0,2352.0,0.566,2024,7,8
2024-07-08 13:30:00+00:00,2351.0,2352.0,2351.0,2351.0,0.5859,2024,7,8
2024-07-08 13:35:00+00:00,2351.0,2353.0,2351.0,2352.0,5.8243,2024,7,8
2024-07-08 13:40:00+00:00,2352.0,2353.0,2351.0,2351.0,9.2009,2024,7,8
2024-07-08 13:45:00+00:00,2351.0,2352.0,2351.0,2351.0,2.4381,2024,7,8
2024-07-08 13:50:00+00:00,2351.0,2352.0,2351.0,2351.0,2.1329,2024,7,8
2024-07-08 13:55:00+00:00,2351.0,2352.0,2351.0,2352.0,1.1592,2024,7,8
2024-07-08 14:00:00+00:00,2352.0,2353.0,2351.0,2353.0,3.1553,2024,7,8
2024-07-08 14:05:00+00:00,2352.0,2355.0,2352.0,2355.0,16.7474,2024,7,8
2024-07-08 14:10:00+00:00,2354.0,2355.0,2354.0,2355.0,3.3336,2024,7,8
2024-07-08 14:15:00+00:00,2354.0,2355.0,2354.0,2354.0,0.3071,2024,7,8
2024-07-08 14:20:00+00:00,2354.0,2354.0,2353.0,2353.0,6.1177,2024,7,8
2024-07-08 14:25:00+00:00,2353.0,2353.0,2346.0,2348.0,36.9244,2024,7,8
2024-07-08 14:30:00+00:00,2348.0,2349.0,2339.0,2341.0,46.666,2024,7,8
2024-07-08 14:35:00+00:00,2341.0,2350.0,2335.0,2341.0,27.9993,2024,7,8
2024-07-08 14:40:00+00:00,2341.0,2352.0,2341.0,2346.0,9.9885,2024,7,8
2024-07-08 14:45:00+00:00,2345.0,2350.0,2344.0,2349.0,3.7613,2024,7,8
2024-07-08 14:50:00+00:00,2348.0,2349.0,2347.0,2347.0,0.6495,2024,7,8
2024-07-08 14:55:00+00:00,2348.0,2348.0,2346.0,2347.0,0.8523,2024,7,8
2024-07-08 15:00:00+00:00,2346.0,2347.0,2346.0,2347.0,0.6288,2024,7,8
2024-07-08 15:05:00+00:00,2346.0,2347.0,2343.0,2344.0,1.9582,2024,7,8
2024-07-08 15:10:00+00:00,2344.0,2351.0,2344.0,2349.0,22.4812,2024,7,8
2024-07-08 15:15:00+00:00,2350.0,2354.0,2349.0,2350.0,4.2695,2024,7,8
2024-07-08 15:20:00+00:00,2350.0,2351.0,2349.0,2350.0,0.4003,2024,7,8
2024-07-08 15:25:00+00:00,2351.0,2351.0,2346.0,2348.0,1.3985,2024,7,8
2024-07-08 15:30:00+00:00,2348.0,2349.0,2347.0,2349.0,0.7733,2024,7,8
2024-07-08 15:35:00+00:00,2348.0,2348.0,2346.0,2347.0,1.9467,2024,7,8
2024-07-08 15:40:00+00:00,2347.0,2348.0,2343.0,2345.0,6.6974,2024,7,8
2024-07-08 15:45:00+00:00,2345.0,2345.0,2338.0,2339.0,18.8795,2024,7,8
2024-07-08 15:50:00+00:00,2338.0,2340.0,2335.0,2336.0,4.8818,2024,7,8
2024-07-08 15:55:00+00:00,2336.0,2337.0,2335.0,2335.0,1.2546,2024,7,8
2024-07-08 16:00:00+00:00,2336.0,2338.0,2334.0,2336.0,5.7349,2024,7,8
2024-07-08 16:05:00+00:00,2336.0,2337.0,2334.0,2337.0,1.1144,2024,7,8
2024-07-08 16:10:00+00:00,2336.0,2341.0,2336.0,2336.0,4.8613,2024,7,8
2024-07-08 16:15:00+00:00,2338.0,2338.0,2335.0,2335.0,2.8117,2024,7,8
2024-07-08 16:20:00+00:00,2336.0,2338.0,2335.0,2335.0,5.9346,2024,7,8
2024-07-08 16:25:00+00:00,2335.0,2335.0,2330.0,2330.0,29.0151,2024,7,8
2024-07-08 16:30:00+00:00,2330.0,2331.0,2327.0,2329.0,8.9458,2024,7,8
2024-07-08 16:35:00+00:00,2330.0,2330.0,2327.0,2327.0,7.7767,2024,7,8
2024-07-08 16:40:00+00:00,2327.0,2332.0,2327.0,2328.0,9.4132,2024,7,8
2024-07-08 16:45:00+00:00,2329.0,2332.0,2329.0,2331.0,1.1818,2024,7,8
2024-07-08 16:50:00+00:00,2332.0,2334.0,2332.0,2332.0,1.4695,2024,7,8
2024-07-08 16:55:00+00:00,2333.0,2333.0,2331.0,2333.0,0.6636,2024,7,8
2024-07-08 17:00:00+00:00,2333.0,2338.0,2333.0,2336.0,9.754,2024,7,8
2024-07-08 17:05:00+00:00,2335.0,2338.0,2334.0,2336.0,1.8315,2024,7,8
2024-07-08 17:10:00+00:00,2338.0,2338.0,2336.0,2337.0,0.1718,2024,7,8
2024-07-08 17:15:00+00:00,2336.0,2338.0,2335.0,2336.0,1.1745,2024,7,8
2024-07-08 17:20:00+00:00,2336.0,2339.0,2335.0,2336.0,5.5588,2024,7,8
2024-07-08 17:25:00+00:00,2337.0,2340.0,2337.0,2339.0,2.3488,2024,7,8
2024-07-08 17:30:00+00:00,2339.0,2339.0,2339.0,2339.0,0.0927,2024,7,8
2024-07-08 17:35:00+00:00,2339.0,2339.0,2337.0,2338.0,1.234,2024,7,8
2024-07-08 17:40:00+00:00,2338.0,2339.0,2337.0,2339.0,1.0873,2024,7,8
2024-07-08 17:45:00+00:00,2337.0,2339.0,2337.0,2339.0,0.6202,2024,7,8
2024-07-08 17:50:00+00:00,2337.0,2339.0,2337.0,2337.0,0.6971,2024,7,8
2024-07-08 17:55:00+00:00,2339.0,2339.0,2337.0,2339.0,0.0776,2024,7,8
2024-07-08 18:00:00+00:00,2339.0,2341.0,2339.0,2339.0,1.6944,2024,7,8
2024-07-08 18:05:00+00:00,2339.0,2339.0,2339.0,2339.0,0.0051,2024,7,8
2024-07-08 18:10:00+00:00,2339.0,2340.0,2338.0,2339.0,0.2733,2024,7,8
2024-07-08 18:15:00+00:00,2340.0,2340.0,2339.0,2340.0,0.2905,2024,7,8
2024-07-08 18:20:00+00:00,2339.0,2340.0,2339.0,2339.0,4.3312,2024,7,8
2024-07-08 18:25:00+00:00,2339.0,2339.0,2338.0,2338.0,0.3597,2024,7,8
2024-07-08 18:30:00+00:00,2338.0,2339.0,2337.0,2338.0,22.961,2024,7,8
2024-07-08 18:35:00+00:00,2338.0,2338.0,2337.0,2338.0,0.3858,2024,7,8
2024-07-08 18:40:00+00:00,2338.0,2338.0,2337.0,2337.0,0.2987,2024,7,8
2024-07-08 18:45:00+00:00,2337.0,2338.0,2337.0,2338.0,1.5706,2024,7,8
2024-07-08 18:50:00+00:00,2338.0,2339.0,2335.0,2339.0,2.9245,2024,7,8
2024-07-08 18:55:00+00:00,2338.0,2341.0,2338.0,2338.0,1.3162,2024,7,8
2024-07-08 19:00:00+00:00,2338.0,2341.0,2338.0,2341.0,0.8642,2024,7,8
2024-07-08 19:05:00+00:00,2338.0,2338.0,2338.0,2338.0,0.0038,2024,7,8
2024-07-08 19:10:00+00:00,2341.0,2341.0,2341.0,2341.0,1.3028,2024,7,8
2024-07-08 19:15:00+00:00,2339.0,2340.0,2338.0,2338.0,0.3128,2024,7,8
2024-07-08 19:20:00+00:00,2340.0,2341.0,2338.0,2341.0,0.5561,2024,7,8
2024-07-08 19:25:00+00:00,2340.0,2341.0,2338.0,2341.0,0.6884,2024,7,8
2024-07-08 19:30:00+00:00,2340.0,2340.0,2339.0,2339.0,0.1805,2024,7,8
2024-07-08 19:35:00+00:00,2339.0,2341.0,2338.0,2341.0,0.2669,2024,7,8
2024-07-08 19:40:00+00:00,2340.0,2341.0,2340.0,2341.0,2.4968,2024,7,8
2024-07-08 19:45:00+00:00,2340.0,2341.0,2340.0,2341.0,0.3756,2024,7,8
2024-07-08 19:50:00+00:00,2341.0,2341.0,2340.0,2341.0,0.535,2024,7,8
2024-07-08 19:55:00+00:00,2341.0,2342.0,2341.0,2342.0,3.4012,2024,7,8
2024-07-08 20:00:00+00:00,2342.0,2343.0,2341.0,2341.0,0.4613,2024,7,8
2024-07-08 20:05:00+00:00,2341.0,2342.0,2338.0,2339.0,71.981,2024,7,8
2024-07-08 20:10:00+00:00,2339.0,2340.0,2338.0,2338.0,1.4428,2024,7,8
2024-07-08 20:15:00+00:00,2338.0,2338.0,2338.0,2338.0,0.1903,2024,7,8
2024-07-08 20:20:00+00:00,2339.0,2339.0,2339.0,2339.0,0.0449,2024,7,8
2024-07-08 20:25:00+00:00,2339.0,2339.0,2339.0,2339.0,0.2748,2024,7,8
2024-07-08 20:30:00+00:00,2339.0,2340.0,2339.0,2340.0,0.0399,2024,7,8
2024-07-08 20:35:00+00:00,2340.0,2340.0,2339.0,2340.0,0.6848,2024,7,8
2024-07-08 20:40:00+00:00,2340.0,2340.0,2339.0,2339.0,3.7078,2024,7,8
2024-07-08 20:45:00+00:00,2339.0,2340.0,2339.0,2340.0,0.1847,2024,7,8
2024-07-08 20:50:00+00:00,2340.0,2340.0,2339.0,2339.0,0.4007,2024,7,8
2024-07-08 20:55:00+00:00,2339.0,2340.0,2339.0,2339.0,8.2069,2024,7,8
2024-07-08 21:00:00+00:00,2339.0,2341.0,2339.0,2340.0,6.3732,2024,7,8
2024-07-08 21:05:00+00:00,2341.0,2341.0,2340.0,2341.0,0.0484,2024,7,8
2024-07-08 21:10:00+00:00,2340.0,2341.0,2339.0,2340.0,2.391,2024,7,8
2024-07-08 21:15:00+00:00,2341.0,2342.0,2340.0,2342.0,1.0284,2024,7,8
2024-07-08 21:20:00+00:00,2340.0,2341.0,2340.0,2341.0,0.0542,2024,7,8
2024-07-08 21:25:00+00:00,2341.0,2343.0,2339.0,2341.0,4.5419,2024,7,8
2024-07-08 21:30:00+00:00,2341.0,2342.0,2340.0,2342.0,0.5701,2024,7,8
2024-07-08 21:35:00+00:00,2342.0,2342.0,2341.0,2341.0,0.1474,2024,7,8
2024-07-08 21:40:00+00:00,2342.0,2343.0,2341.0,2341.0,0.8798,2024,7,8
2024-07-08 21:45:00+00:00,2341.0,2342.0,2340.0,2342.0,0.0583,2024,7,8
2024-07-08 21:50:00+00:00,2342.0,2342.0,2340.0,2341.0,0.8304,2024,7,8
2024-07-08 21:55:00+00:00,2341.0,2342.0,2339.0,2341.0,3.5931,2024,7,8
2024-07-08 22:00:00+00:00,2341.0,2341.0,2340.0,2340.0,0.0254,2024,7,8
2024-07-08 22:05:00+00:00,2341.0,2341.0,2340.0,2341.0,0.0503,2024,7,8
2024-07-08 22:10:00+00:00,2341.0,2343.0,2341.0,2342.0,10.4904,2024,7,8
2024-07-08 22:15:00+00:00,2341.0,2342.0,2341.0,2342.0,0.0415,2024,7,8
2024-07-08 22:20:00+00:00,2342.0,2342.0,2341.0,2342.0,0.1737,2024,7,8
2024-07-08 22:25:00+00:00,2342.0,2343.0,2342.0,2342.0,1.1345,2024,7,8
2024-07-08 22:30:00+00:00,2342.0,2343.0,2341.0,2341.0,0.1579,2024,7,8
2024-07-08 22:35:00+00:00,2342.0,2342.0,2341.0,2342.0,0.0386,2024,7,8
2024-07-08 22:40:00+00:00,2342.0,2342.0,2342.0,2342.0,0.5609,2024,7,8
2024-07-08 22:45:00+00:00,2341.0,2344.0,2341.0,2344.0,17.497,2024,7,8
2024-07-08 22:50:00+00:00,2342.0,2345.0,2342.0,2344.0,23.7253,2024,7,8
2024-07-08 22:55:00+00:00,2344.0,2346.0,2343.0,2345.0,21.5197,2024,7,8
2024-07-08 23:00:00+00:00,2345.0,2346.0,2344.0,2346.0,0.4938,2024,7,8
2024-07-08 23:05:00+00:00,2346.0,2346.0,2345.0,2345.0,26.2916,2024,7,8
2024-07-08 23:10:00+00:00,2346.0,2346.0,2346.0,2346.0,13.6965,2024,7,8
2024-07-08 23:15:00+00:00,2346.0,2346.0,2346.0,2346.0,31.8824,2024,7,8
2024-07-08 23:20:00+00:00,2346.0,2347.0,2345.0,2347.0,0.157,2024,7,8
2024-07-08 23:25:00+00:00,2346.0,2347.0,2346.0,2347.0,0.2565,2024,7,8
2024-07-08 23:30:00+00:00,2346.0,2346.0,2345.0,2345.0,2.1149,2024,7,8
2024-07-08 23:35:00+00:00,2345.0,2346.0,2344.0,2345.0,1.5362,2024,7,8
2024-07-08 23:40:00+00:00,2345.0,2346.0,2344.0,2346.0,3.1766,2024,7,8
2024-07-08 23:45:00+00:00,2346.0,2346.0,2345.0,2345.0,1.7654,2024,7,8
2024-07-08 23:50:00+00:00,2345.0,2346.0,2345.0,2345.0,0.9004,2024,7,8
2024-07-08 23:55:00+00:00,2345.0,2345.0,2344.0,2345.0,0.5473,2024,7,8
2024-07-09 00:00:00+00:00,2345.0,2346.0,2344.0,2345.0,2.0173,2024,7,9
2024-07-09 00:05:00+00:00,2345.0,2345.0,2343.0,2345.0,4.1205,2024,7,9
2024-07-09 00:10:00+00:00,2345.0,2345.0,2344.0,2345.0,0.0326,2024,7,9
2024-07-09 00:15:00+00:00,2345.0,2346.0,2344.0,2344.0,2.3138,2024,7,9
2024-07-09 00:20:00+00:00,2344.0,2344.0,2343.0,2344.0,1.0626,2024,7,9
2024-07-09 00:25:00+00:00,2345.0,2345.0,2344.0,2344.0,0.3851,2024,7,9
2024-07-09 00:30:00+00:00,2345.0,2345.0,2344.0,2345.0,0.5526,2024,7,9
2024-07-09 00:35:00+00:00,2345.0,2346.0,2345.0,2346.0,0.0171,2024,7,9
2024-07-09 00:40:00+00:00,2345.0,2345.0,2344.0,2344.0,0.0458,2024,7,9
2024-07-09 00:45:00+00:00,2345.0,2346.0,2342.0,2344.0,3.7637,2024,7,9
2024-07-09 00:50:00+00:00,2344.0,2345.0,2344.0,2344.0,0.7986,2024,7,9
2024-07-09 00:55:00+00:00,2345.0,2345.0,2344.0,2344.0,0.0618,2024,7,9
2024-07-09 01:00:00+00:00,2345.0,2346.0,2344.0,2344.0,0.8658,2024,7,9
2024-07-09 01:05:00+00:00,2343.0,2346.0,2343.0,2346.0,0.3955,2024,7,9
2024-07-09 01:10:00+00:00,2346.0,2349.0,2345.0,2346.0,38.547,2024,7,9
2024-07-09 01:15:00+00:00,2346.0,2349.0,2346.0,2346.0,5.2428,2024,7,9
2024-07-09 01:20:00+00:00,2347.0,2347.0,2345.0,2345.0,5.0912,2024,7,9
2024-07-09 01:25:00+00:00,2345.0,2346.0,2345.0,2345.0,0.065,2024,7,9
2024-07-09 01:30:00+00:00,2345.0,2347.0,2345.0,2346.0,3.7811,2024,7,9
2024-07-09 01:35:00+00:00,2346.0,2346.0,2342.0,2342.0,4.839,2024,7,9
2024-07-09 01:40:00+00:00,2342.0,2342.0,2341.0,2342.0,0.2629,2024,7,9
2024-07-09 01:45:00+00:00,2342.0,2343.0,2342.0,2343.0,0.1628,2024,7,9
2024-07-09 01:50:00+00:00,2342.0,2343.0,2342.0,2343.0,0.0934,2024,7,9
2024-07-09 01:55:00+00:00,2342.0,2343.0,2342.0,2343.0,0.1037,2024,7,9
2024-07-09 02:00:00+00:00,2343.0,2343.0,2342.0,2343.0,0.3445,2024,7,9
2024-07-09 02:05:00+00:00,2342.0,2342.0,2341.0,2341.0,0.0453,2024,7,9
2024-07-09 02:10:00+00:00,2341.0,2342.0,2341.0,2341.0,0.0248,2024,7,9
2024-07-09 02:15:00+00:00,2342.0,2344.0,2342.0,2343.0,1.5541,2024,7,9
2024-07-09 02:20:00+00:00,2343.0,2345.0,2343.0,2345.0,0.145,2024,7,9
2024-07-09 02:25:00+00:00,2344.0,2344.0,2344.0,2344.0,0.0371,2024,7,9
2024-07-09 02:30:00+00:00,2345.0,2345.0,2344.0,2345.0,0.0324,2024,7,9
2024-07-09 02:35:00+00:00,2345.0,2346.0,2344.0,2345.0,1.9665,2024,7,9
2024-07-09 02:40:00+00:00,2345.0,2345.0,2344.0,2345.0,0.0783,2024,7,9
2024-07-09 02:45:00+00:00,2345.0,2346.0,2344.0,2346.0,2.0217,2024,7,9
2024-07-09 02:50:00+00:00,2346.0,2347.0,2345.0,2347.0,0.166,2024,7,9
2024-07-09 02:55:00+00:00,2347.0,2350.0,2346.0,2348.0,6.4715,2024,7,9
2024-07-09 03:00:00+00:00,2348.0,2348.0,2344.0,2346.0,2.3179,2024,7,9
2024-07-09 03:05:00+00:00,2346.0,2348.0,2343.0,2348.0,2.6511,2024,7,9
2024-07-09 03:10:00+00:00,2348.0,2348.0,2346.0,2348.0,0.4428,2024,7,9
2024-07-09 03:15:00+00:00,2346.0,2347.0,2345.0,2346.0,1.4122,2024,7,9
2024-07-09 03:20:00+00:00,2346.0,2346.0,2346.0,2346.0,0.0148,2024,7,9
2024-07-09 03:25:00+00:00,2347.0,2347.0,2346.0,2346.0,0.0495,2024,7,9
2024-07-09 03:30:00+00:00,2346.0,2347.0,2345.0,2347.0,3.0929,2024,7,9
2024-07-09 03:35:00+00:00,2346.0,2347.0,2346.0,2347.0,0.0164,2024,7,9
2024-07-09 03:40:00+00:00,2347.0,2347.0,2347.0,2347.0,0.0254,2024,7,9
2024-07-09 03:45:00+00:00,2347.0,2347.0,2346.0,2346.0,0.0791,2024,7,9
2024-07-09 03:50:00+00:00,2347.0,2347.0,2345.0,2347.0,1.5364,2024,7,9
2024-07-09 03:55:00+00:00,2347.0,2348.0,2347.0,2348.0,0.0191,2024,7,9
2024-07-09 04:00:00+00:00,2348.0,2348.0,2348.0,2348.0,0.1326,2024,7,9
2024-07-09 04:05:00+00:00,2347.0,2348.0,2347.0,2348.0,0.083,2024,7,9
2024-07-09 04:10:00+00:00,2348.0,2348.0,2347.0,2348.0,1.2032,2024,7,9
2024-07-09 04:15:00+00:00,2348.0,2348.0,2348.0,2348.0,0.0777,2024,7,9
2024-07-09 04:20:00+00:00,2348.0,2348.0,2347.0,2347.0,0.9216,2024,7,9
2024-07-09 04:25:00+00:00,2347.0,2347.0,2347.0,2347.0,0.1139,2024,7,9
2024-07-09 04:30:00+00:00,2347.0,2347.0,2345.0,2347.0,1.351,2024,7,9
2024-07-09 04:35:00+00:00,2347.0,2347.0,2345.0,2346.0,1.0315,2024,7,9
2024-07-09 04:40:00+00:00,2347.0,2347.0,2346.0,2347.0,0.7713,2024,7,9
2024-07-09 04:45:00+00:00,2347.0,2347.0,2347.0,2347.0,0.1038,2024,7,9
2024-07-09 04:50:00+00:00,2347.0,2347.0,2346.0,2347.0,0.1142,2024,7,9
2024-07-09 04:55:00+00:00,2347.0,2348.0,2346.0,2348.0,0.8428,2024,7,9
2024-07-09 05:00:00+00:00,2348.0,2348.0,2344.0,2347.0,1.9624,2024,7,9
2024-07-09 05:05:00+00:00,2347.0,2347.0,2346.0,2347.0,0.3911,2024,7,9
2024-07-09 05:10:00+00:00,2347.0,2347.0,2346.0,2347.0,2.8485,2024,7,9
2024-07-09 05:15:00+00:00,2347.0,2347.0,2347.0,2347.0,0.1315,2024,7,9
2024-07-09 05:20:00+00:00,2347.0,2347.0,2346.0,2347.0,0.1266,2024,7,9
2024-07-09 05:25:00+00:00,2347.0,2348.0,2347.0,2348.0,0.4748,2024,7,9
2024-07-09 05:30:00+00:00,2348.0,2348.0,2347.0,2348.0,0.1297,2024,7,9
2024-07-09 05:35:00+00:00,2347.0,2348.0,2346.0,2346.0,0.6034,2024,7,9
2024-07-09 05:40:00+00:00,2347.0,2348.0,2346.0,2348.0,2.0465,2024,7,9
2024-07-09 05:45:00+00:00,2348.0,2348.0,2347.0,2348.0,0.1899,2024,7,9
2024-07-09 05:50:00+00:00,2347.0,2347.0,2346.0,2347.0,0.5925,2024,7,9
2024-07-09 05:55:00+00:00,2347.0,2347.0,2346.0,2347.0,0.692,2024,7,9
2024-07-09 06:00:00+00:00,2347.0,2347.0,2346.0,2347.0,0.1879,2024,7,9
2024-07-09 06:05:00+00:00,2346.0,2347.0,2346.0,2347.0,1.2318,2024,7,9
2024-07-09 06:10:00+00:00,2347.0,2347.0,2346.0,2347.0,0.169,2024,7,9
2024-07-09 06:15:00+00:00,2347.0,2347.0,2342.0,2342.0,4.4198,2024,7,9
2024-07-09 06:20:00+00:00,2343.0,2346.0,2342.0,2345.0,2.3405,2024,7,9
2024-07-09 06:25:00+00:00,2346.0,2349.0,2345.0,2347.0,11.0984,2024,7,9
2024-07-09 06:30:00+00:00,2349.0,2349.0,2345.0,2347.0,2.6566,2024,7,9
2024-07-09 06:35:00+00:00,2347.0,2349.0,2346.0,2347.0,2.5594,2024,7,9
2024-07-09 06:40:00+00:00,2347.0,2347.0,2344.0,2346.0,1.2215,2024,7,9
2024-07-09 06:45:00+00:00,2346.0,2347.0,2345.0,2347.0,0.3849,2024,7,9
2024-07-09 06:50:00+00:00,2347.0,2347.0,2344.0,2345.0,0.4743,2024,7,9
2024-07-09 06:55:00+00:00,2345.0,2345.0,2344.0,2345.0,2.0775,2024,7,9
2024-07-09 07:00:00+00:00,2345.0,2345.0,2344.0,2345.0,0.2376,2024,7,9
2024-07-09 07:05:00+00:00,2345.0,2345.0,2344.0,2345.0,0.1377,2024,7,9
2024-07-09 07:10:00+00:00,2344.0,2345.0,2344.0,2345.0,0.1274,2024,7,9
2024-07-09 07:15:00+00:00,2345.0,2345.0,2344.0,2345.0,1.7076,2024,7,9
2024-07-09 07:20:00+00:00,2345.0,2345.0,2344.0,2345.0,0.141,2024,7,9
2024-07-09 07:25:00+00:00,2344.0,2344.0,2342.0,2343.0,1.5544,2024,7,9
2024-07-09 07:30:00+00:00,2343.0,2344.0,2342.0,2344.0,0.2964,2024,7,9
2024-07-09 07:35:00+00:00,2343.0,2343.0,2342.0,2343.0,0.4479,2024,7,9
2024-07-09 07:40:00+00:00,2342.0,2343.0,2342.0,2343.0,0.1338,2024,7,9
2024-07-09 07:45:00+00:00,2343.0,2343.0,2342.0,2343.0,0.1878,2024,7,9
2024-07-09 07:50:00+00:00,2342.0,2343.0,2342.0,2343.0,0.166,2024,7,9
2024-07-09 07:55:00+00:00,2343.0,2348.0,2343.0,2344.0,13.7812,2024,7,9
2024-07-09 08:00:00+00:00,2345.0,2345.0,2344.0,2345.0,0.1942,2024,7,9
2024-07-09 08:05:00+00:00,2344.0,2345.0,2343.0,2343.0,0.4816,2024,7,9
2024-07-09 08:10:00+00:00,2344.0,2348.0,2343.0,2347.0,3.7304,2024,7,9
2024-07-09 08:15:00+00:00,2345.0,2348.0,2345.0,2348.0,0.2294,2024,7,9
2024-07-09 08:20:00+00:00,2348.0,2348.0,2346.0,2348.0,3.4957,2024,7,9
2024-07-09 08:25:00+00:00,2348.0,2348.0,2346.0,2348.0,0.514,2024,7,9
2024-07-09 08:30:00+00:00,2348.0,2348.0,2345.0,2346.0,0.3607,2024,7,9
2024-07-09 08:35:00+00:00,2346.0,2348.0,2345.0,2346.0,10.6441,2024,7,9
2024-07-09 08:40:00+00:00,2346.0,2349.0,2344.0,2347.0,13.0381,2024,7,9
2024-07-09 08:45:00+00:00,2347.0,2348.0,2346.0,2348.0,0.4572,2024,7,9
2024-07-09 08:50:00+00:00,2348.0,2348.0,2346.0,2346.0,0.6991,2024,7,9
2024-07-09 08:55:00+00:00,2346.0,2346.0,2344.0,2345.0,0.3781,2024,7,9
2024-07-09 09:00:00+00:00,2343.0,2345.0,2343.0,2345.0,0.1269,2024,7,9
2024-07-09 09:05:00+00:00,2346.0,2347.0,2339.0,2342.0,9.0481,2024,7,9
2024-07-09 09:10:00+00:00,2341.0,2344.0,2338.0,2338.0,20.946,2024,7,9
2024-07-09 09:15:00+00:00,2339.0,2344.0,2339.0,2344.0,0.4846,2024,7,9
2024-07-09 09:20:00+00:00,2344.0,2344.0,2342.0,2342.0,0.3752,2024,7,9
2024-07-09 09:25:00+00:00,2343.0,2349.0,2343.0,2343.0,7.5646,2024,7,9
2024-07-09 09:30:00+00:00,2345.0,2345.0,2343.0,2345.0,0.1683,2024,7,9
2024-07-09 09:35:00+00:00,2345.0,2346.0,2343.0,2343.0,0.5648,2024,7,9
2024-07-09 09:40:00+00:00,2346.0,2346.0,2345.0,2346.0,0.6494,2024,7,9
2024-07-09 09:45:00+00:00,2344.0,2346.0,2344.0,2346.0,0.0722,2024,7,9
2024-07-09 09:50:00+00:00,2344.0,2346.0,2344.0,2345.0,0.8449,2024,7,9
2024-07-09 09:55:00+00:00,2346.0,2346.0,2344.0,2344.0,0.1025,2024,7,9
2024-07-09 10:00:00+00:00,2344.0,2346.0,2344.0,2345.0,0.1757,2024,7,9
2024-07-09 10:05:00+00:00,2346.0,2346.0,2344.0,2344.0,0.7913,2024,7,9
2024-07-09 10:10:00+00:00,2342.0,2343.0,2341.0,2343.0,0.6853,2024,7,9
2024-07-09 10:15:00+00:00,2343.0,2343.0,2341.0,2343.0,0.2254,2024,7,9
2024-07-09 10:20:00+00:00,2342.0,2343.0,2342.0,2342.0,0.4768,2024,7,9
2024-07-09 10:25:00+00:00,2342.0,2342.0,2342.0,2342.0,0.0148,2024,7,9
2024-07-09 10:30:00+00:00,2343.0,2343.0,2342.0,2342.0,0.2584,2024,7,9
2024-07-09 10:35:00+00:00,2342.0,2342.0,2342.0,2342.0,0.1245,2024,7,9
2024-07-09 10:40:00+00:00,2341.0,2342.0,2341.0,2342.0,0.4256,2024,7,9
2024-07-09 10:45:00+00:00,2343.0,2343.0,2342.0,2342.0,0.1091,2024,7,9
2024-07-09 10:50:00+00:00,2342.0,2343.0,2342.0,2343.0,0.243,2024,7,9
2024-07-09 10:55:00+00:00,2343.0,2343.0,2343.0,2343.0,0.0084,2024,7,9
2024-07-09 11:00:00+00:00,2342.0,2343.0,2341.0,2342.0,0.1457,2024,7,9
2024-07-09 11:05:00+00:00,2341.0,2342.0,2341.0,2341.0,0.4047,2024,7,9
2024-07-09 11:10:00+00:00,2341.0,2342.0,2341.0,2341.0,0.5138,2024,7,9
2024-07-09 11:15:00+00:00,2342.0,2342.0,2341.0,2342.0,0.2768,2024,7,9
2024-07-09 11:20:00+00:00,2341.0,2341.0,2341.0,2341.0,0.0147,2024,7,9
2024-07-09 11:25:00+00:00,2342.0,2342.0,2341.0,2342.0,0.1151,2024,7,9
2024-07-09 11:30:00+00:00,2341.0,2342.0,2340.0,2342.0,1.0156,2024,7,9
2024-07-09 11:35:00+00:00,2342.0,2342.0,2340.0,2340.0,1.7017,2024,7,9
2024-07-09 11:40:00+00:00,2340.0,2341.0,2340.0,2341.0,0.1761,2024,7,9
2024-07-09 11:45:00+00:00,2341.0,2342.0,2340.0,2341.0,0.1088,2024,7,9
2024-07-09 11:50:00+00:00,2341.0,2342.0,2341.0,2342.0,0.2915,2024,7,9
2024-07-09 11:55:00+00:00,2341.0,2342.0,2340.0,2341.0,0.1234,2024,7,9
2024-07-09 12:00:00+00:00,2340.0,2342.0,2340.0,2340.0,1.5224,2024,7,9
2024-07-09 12:05:00+00:00,2341.0,2342.0,2340.0,2341.0,0.813,2024,7,9
2024-07-09 12:10:00+00:00,2341.0,2342.0,2340.0,2341.0,0.3208,2024,7,9
2024-07-09 12:15:00+00:00,2341.0,2341.0,2340.0,2340.0,0.092,2024,7,9
2024-07-09 12:20:00+00:00,2341.0,2342.0,2341.0,2342.0,0.0608,2024,7,9
2024-07-09 12:25:00+00:00,2341.0,2342.0,2341.0,2341.0,0.0201,2024,7,9
2024-07-09 12:30:00+00:00,2342.0,2342.0,2340.0,2340.0,0.132,2024,7,9
2024-07-09 12:35:00+00:00,2340.0,2341.0,2340.0,2340.0,0.0608,2024,7,9
2024-07-09 12:40:00+00:00,2341.0,2341.0,2341.0,2341.0,0.0379,2024,7,9
2024-07-09 12:45:00+00:00,2340.0,2342.0,2340.0,2341.0,0.3214,2024,7,9
2024-07-09 12:50:00+00:00,2342.0,2342.0,2340.0,2340.0,7.3388,2024,7,9
2024-07-09 12:55:00+00:00,2341.0,2341.0,2340.0,2340.0,0.2614,2024,7,9
2024-07-09 13:00:00+00:00,2341.0,2341.0,2340.0,2340.0,0.0326,2024,7,9
2024-07-09 13:05:00+00:00,2340.0,2341.0,2340.0,2341.0,0.4246,2024,7,9
2024-07-09 13:10:00+00:00,2341.0,2342.0,2341.0,2342.0,0.0192,2024,7,9
2024-07-09 13:15:00+00:00,2341.0,2342.0,2341.0,2341.0,0.4256,2024,7,9
2024-07-09 13:20:00+00:00,2342.0,2342.0,2341.0,2342.0,0.0375,2024,7,9
2024-07-09 13:25:00+00:00,2341.0,2343.0,2341.0,2342.0,13.0715,2024,7,9
2024-07-09 13:30:00+00:00,2342.0,2342.0,2342.0,2342.0,0.1195,2024,7,9
2024-07-09 13:35:00+00:00,2342.0,2344.0,2342.0,2344.0,1.63,2024,7,9
2024-07-09 13:40:00+00:00,2344.0,2344.0,2343.0,2343.0,0.376,2024,7,9
2024-07-09 13:45:00+00:00,2343.0,2345.0,2342.0,2343.0,18.9323,2024,7,9
2024-07-09 13:50:00+00:00,2344.0,2345.0,2343.0,2345.0,3.0286,2024,7,9
2024-07-09 13:55:00+00:00,2345.0,2346.0,2345.0,2346.0,5.6754,2024,7,9
2024-07-09 14:00:00+00:00,2346.0,2347.0,2344.0,2344.0,8.2083,2024,7,9
2024-07-09 14:05:00+00:00,2344.0,2344.0,2341.0,2342.0,0.4232,2024,7,9
2024-07-09 14:10:00+00:00,2341.0,2348.0,2341.0,2347.0,12.2252,2024,7,9
2024-07-09 14:15:00+00:00,2348.0,2349.0,2343.0,2344.0,13.5831,2024,7,9
2024-07-09 14:20:00+00:00,2343.0,2344.0,2340.0,2341.0,9.6399,2024,7,9
2024-07-09 14:25:00+00:00,2341.0,2343.0,2341.0,2343.0,0.3358,2024,7,9
2024-07-09 14:30:00+00:00,2343.0,2347.0,2342.0,2345.0,1.4712,2024,7,9
2024-07-09 14:35:00+00:00,2345.0,2345.0,2341.0,2343.0,3.3539,2024,7,9
2024-07-09 14:40:00+00:00,2343.0,2344.0,2343.0,2344.0,0.4582,2024,7,9
2024-07-09 14:45:00+00:00,2343.0,2344.0,2341.0,2341.0,1.2006,2024,7,9
2024-07-09 14:50:00+00:00,2341.0,2342.0,2341.0,2342.0,0.6516,2024,7,9
2024-07-09 14:55:00+00:00,2343.0,2343.0,2340.0,2340.0,8.8225,2024,7,9
2024-07-09 15:00:00+00:00,2340.0,2341.0,2339.0,2341.0,2.1265,2024,7,9
2024-07-09 15:05:00+00:00,2341.0,2342.0,2339.0,2339.0,0.8662,2024,7,9
2024-07-09 15:10:00+00:00,2340.0,2340.0,2339.0,2340.0,0.2015,2024,7,9
2024-07-09 15:15:00+00:00,2340.0,2340.0,2339.0,2340.0,0.1347,2024,7,9
2024-07-09 15:20:00+00:00,2339.0,2339.0,2336.0,2337.0,12.9795,2024,7,9
2024-07-09 15:25:00+00:00,2337.0,2338.0,2337.0,2337.0,0.2356,2024,7,9
2024-07-09 15:30:00+00:00,2337.0,2339.0,2336.0,2338.0,0.2882,2024,7,9
2024-07-09 15:35:00+00:00,2338.0,2340.0,2337.0,2340.0,2.2749,2024,7,9
2024-07-09 15:40:00+00:00,2340.0,2342.0,2340.0,2341.0,0.3569,2024,7,9
2024-07-09 15:45:00+00:00,2341.0,2345.0,2339.0,2344.0,3.5419,2024,7,9
2024-07-09 15:50:00+00:00,2344.0,2344.0,2341.0,2344.0,0.4898,2024,7,9
2024-07-09 15:55:00+00:00,2343.0,2343.0,2341.0,2342.0,0.5569,2024,7,9
2024-07-09 16:00:00+00:00,2341.0,2344.0,2341.0,2343.0,1.3747,2024,7,9
2024-07-09 16:05:00+00:00,2343.0,2343.0,2342.0,2343.0,0.1105,2024,7,9
2024-07-09 16:10:00+00:00,2343.0,2343.0,2341.0,2343.0,0.8587,2024,7,9
2024-07-09 16:15:00+00:00,2342.0,2344.0,2342.0,2344.0,0.8898,2024,7,9
2024-07-09 16:20:00+00:00,2344.0,2344.0,2343.0,2344.0,0.609,2024,7,9
2024-07-09 16:25:00+00:00,2344.0,2344.0,2342.0,2343.0,0.4797,2024,7,9
2024-07-09 16:30:00+00:00,2343.0,2344.0,2343.0,2344.0,1.8535,2024,7,9
2024-07-09 16:35:00+00:00,2343.0,2343.0,2342.0,2343.0,0.1044,2024,7,9
2024-07-09 16:40:00+00:00,2342.0,2342.0,2341.0,2341.0,0.1333,2024,7,9
2024-07-09 16:45:00+00:00,2341.0,2341.0,2339.0,2340.0,0.8445,2024,7,9
2024-07-09 16:50:00+00:00,2340.0,2341.0,2340.0,2341.0,0.0887,2024,7,9
2024-07-09 16:55:00+00:00,2340.0,2341.0,2338.0,2340.0,2.3717,2024,7,9
2024-07-09 17:00:00+00:00,2340.0,2342.0,2339.0,2341.0,0.6534,2024,7,9
2024-07-09 17:05:00+00:00,2341.0,2341.0,2340.0,2340.0,0.1139,2024,7,9
2024-07-09 17:10:00+00:00,2340.0,2340.0,2337.0,2337.0,1.326,2024,7,9
2024-07-09 17:15:00+00:00,2338.0,2339.0,2338.0,2339.0,0.0938,2024,7,9
2024-07-09 17:20:00+00:00,2338.0,2340.0,2338.0,2338.0,0.5147,2024,7,9
2024-07-09 17:25:00+00:00,2338.0,2339.0,2338.0,2339.0,0.5806,2024,7,9
2024-07-09 17:30:00+00:00,2340.0,2340.0,2339.0,2340.0,0.0368,2024,7,9
2024-07-09 17:35:00+00:00,2340.0,2340.0,2337.0,2340.0,4.9953,2024,7,9
2024-07-09 17:40:00+00:00,2341.0,2343.0,2340.0,2340.0,3.4749,2024,7,9
2024-07-09 17:45:00+00:00,2341.0,2342.0,2341.0,2342.0,1.3241,2024,7,9
2024-07-09 17:50:00+00:00,2342.0,2342.0,2340.0,2340.0,0.3017,2024,7,9
2024-07-09 17:55:00+00:00,2341.0,2341.0,2341.0,2341.0,0.0341,2024,7,9
2024-07-09 18:00:00+00:00,2341.0,2341.0,2341.0,2341.0,0.0247,2024,7,9
2024-07-09 18:05:00+00:00,2340.0,2340.0,2340.0,2340.0,0.0548,2024,7,9
2024-07-09 18:10:00+00:00,2340.0,2341.0,2340.0,2341.0,0.154,2024,7,9
2024-07-09 18:15:00+00:00,2341.0,2342.0,2340.0,2342.0,3.4139,2024,7,9
2024-07-09 18:20:00+00:00,2341.0,2343.0,2341.0,2342.0,0.718,2024,7,9
2024-07-09 18:25:00+00:00,2342.0,2343.0,2342.0,2343.0,3.1092,2024,7,9
2024-07-09 18:30:00+00:00,2342.0,2343.0,2342.0,2343.0,0.0881,2024,7,9
2024-07-09 18:35:00+00:00,2342.0,2344.0,2342.0,2344.0,2.176,2024,7,9
2024-07-09 18:40:00+00:00,2344.0,2344.0,2343.0,2344.0,0.1587,2024,7,9
2024-07-09 18:45:00+00:00,2344.0,2345.0,2342.0,2343.0,4.2632,2024,7,9
2024-07-09 18:50:00+00:00,2343.0,2344.0,2342.0,2343.0,3.5469,2024,7,9
2024-07-09 18:55:00+00:00,2342.0,2344.0,2342.0,2344.0,0.1889,2024,7,9
2024-07-09 19:00:00+00:00,2344.0,2344.0,2342.0,2343.0,0.3431,2024,7,9
2024-07-09 19:05:00+00:00,2344.0,2345.0,2343.0,2343.0,0.3255,2024,7,9
2024-07-09 19:10:00+00:00,2343.0,2344.0,2342.0,2343.0,0.8351,2024,7,9
2024-07-09 19:15:00+00:00,2344.0,2345.0,2344.0,2345.0,1.1126,2024,7,9
2024-07-09 19:20:00+00:00,2345.0,2345.0,2343.0,2344.0,0.227,2024,7,9
2024-07-09 19:25:00+00:00,2344.0,2344.0,2343.0,2343.0,0.093,2024,7,9
2024-07-09 19:30:00+00:00,2343.0,2343.0,2342.0,2343.0,0.3068,2024,7,9
2024-07-09 19:35:00+00:00,2343.0,2343.0,2342.0,2343.0,0.0788,2024,7,9
2024-07-09 19:40:00+00:00,2342.0,2343.0,2342.0,2342.0,0.2699,2024,7,9
2024-07-09 19:45:00+00:00,2343.0,2343.0,2341.0,2343.0,0.0765,2024,7,9
2024-07-09 19:50:00+00:00,2343.0,2343.0,2343.0,2343.0,0.0507,2024,7,9
2024-07-09 19:55:00+00:00,2343.0,2343.0,2341.0,2343.0,1.6673,2024,7,9
2024-07-09 20:00:00+00:00,2343.0,2343.0,2342.0,2343.0,0.0762,2024,7,9
2024-07-09 20:05:00+00:00,2342.0,2343.0,2342.0,2343.0,0.1243,2024,7,9
2024-07-09 20:10:00+00:00,2343.0,2343.0,2341.0,2343.0,0.746,2024,7,9
2024-07-09 20:15:00+00:00,2342.0,2342.0,2341.0,2342.0,0.2397,2024,7,9
2024-07-09 20:20:00+00:00,2342.0,2343.0,2341.0,2343.0,1.515,2024,7,9
2024-07-09 20:25:00+00:00,2343.0,2343.0,2343.0,2343.0,0.0414,2024,7,9
2024-07-09 20:30:00+00:00,2342.0,2343.0,2342.0,2343.0,0.3385,2024,7,9
2024-07-09 20:35:00+00:00,2343.0,2343.0,2343.0,2343.0,0.2228,2024,7,9
2024-07-09 20:40:00+00:00,2343.0,2343.0,2342.0,2343.0,0.3555,2024,7,9
2024-07-09 20:45:00+00:00,2343.0,2344.0,2343.0,2344.0,0.6584,2024,7,9
2024-07-09 20:50:00+00:00,2343.0,2344.0,2343.0,2344.0,0.0541,2024,7,9
2024-07-09 20:55:00+00:00,2343.0,2343.0,2341.0,2342.0,0.2914,2024,7,9
2024-07-09 21:00:00+00:00,2343.0,2343.0,2342.0,2342.0,0.2391,2024,7,9
2024-07-09 21:05:00+00:00,2342.0,2343.0,2342.0,2342.0,0.0506,2024,7,9
2024-07-09 21:10:00+00:00,2342.0,2344.0,2341.0,2343.0,0.5139,2024,7,9
2024-07-09 21:15:00+00:00,2343.0,2344.0,2343.0,2344.0,0.1015,2024,7,9
2024-07-09 21:20:00+00:00,2343.0,2344.0,2343.0,2343.0,0.2559,2024,7,9
2024-07-09 21:25:00+00:00,2343.0,2344.0,2343.0,2343.0,0.05,2024,7,9
2024-07-09 21:30:00+00:00,2344.0,2344.0,2343.0,2343.0,0.0755,2024,7,9
2024-07-09 21:35:00+00:00,2343.0,2344.0,2343.0,2344.0,0.0952,2024,7,9
2024-07-09 21:40:00+00:00,2343.0,2344.0,2343.0,2343.0,0.3093,2024,7,9
2024-07-09 21:45:00+00:00,2343.0,2344.0,2343.0,2343.0,0.1009,2024,7,9
2024-07-09 21:50:00+00:00,2343.0,2344.0,2343.0,2343.0,0.2137,2024,7,9
2024-07-09 21:55:00+00:00,2343.0,2344.0,2341.0,2342.0,3.8329,2024,7,9
2024-07-09 22:00:00+00:00,2341.0,2342.0,2341.0,2342.0,0.2135,2024,7,9
2024-07-09 22:05:00+00:00,2341.0,2342.0,2341.0,2341.0,0.3037,2024,7,9
2024-07-09 22:10:00+00:00,2341.0,2342.0,2341.0,2341.0,0.1048,2024,7,9
2024-07-09 22:15:00+00:00,2341.0,2342.0,2341.0,2341.0,0.0805,2024,7,9
2024-07-09 22:20:00+00:00,2341.0,2342.0,2341.0,2341.0,0.083,2024,7,9
2024-07-09 22:25:00+00:00,2341.0,2342.0,2341.0,2341.0,0.1018,2024,7,9
2024-07-09 22:30:00+00:00,2341.0,2342.0,2341.0,2341.0,0.1636,2024,7,9
2024-07-09 22:35:00+00:00,2341.0,2342.0,2341.0,2341.0,0.2146,2024,7,9
2024-07-09 22:40:00+00:00,2341.0,2342.0,2341.0,2342.0,0.0873,2024,7,9
2024-07-09 22:45:00+00:00,2341.0,2342.0,2341.0,2342.0,0.1756,2024,7,9
2024-07-09 22:50:00+00:00,2341.0,2345.0,2341.0,2343.0,2.9678,2024,7,9
2024-07-09 22:55:00+00:00,2343.0,2343.0,2342.0,2342.0,0.0671,2024,7,9
2024-07-09 23:00:00+00:00,2343.0,2343.0,2341.0,2342.0,0.2418,2024,7,9
2024-07-09 23:05:00+00:00,2342.0,2343.0,2341.0,2342.0,0.1199,2024,7,9
2024-07-09 23:10:00+00:00,2342.0,2343.0,2342.0,2342.0,0.1698,2024,7,9
2024-07-09 23:15:00+00:00,2342.0,2343.0,2342.0,2342.0,0.0624,2024,7,9
2024-07-09 23:20:00+00:00,2342.0,2343.0,2342.0,2342.0,0.0548,2024,7,9
2024-07-09 23:25:00+00:00,2342.0,2343.0,2341.0,2342.0,2.7855,2024,7,9
2024-07-09 23:30:00+00:00,2342.0,2343.0,2342.0,2343.0,0.145,2024,7,9
2024-07-09 23:35:00+00:00,2342.0,2344.0,2342.0,2343.0,1.4715,2024,7,9
2024-07-09 23:40:00+00:00,2344.0,2344.0,2343.0,2343.0,0.1233,2024,7,9
2024-07-09 23:45:00+00:00,2343.0,2345.0,2343.0,2343.0,5.482,2024,7,9
2024-07-09 23:50:00+00:00,2343.0,2344.0,2343.0,2343.0,0.1353,2024,7,9
2024-07-09 23:55:00+00:00,2343.0,2344.0,2343.0,2343.0,0.4158,2024,7,9
2024-07-10 00:00:00+00:00,2344.0,2345.0,2343.0,2344.0,0.6193,2024,7,10
2024-07-10 00:05:00+00:00,2343.0,2344.0,2343.0,2343.0,0.1111,2024,7,10
2024-07-10 00:10:00+00:00,2343.0,2344.0,2342.0,2343.0,0.6783,2024,7,10
2024-07-10 00:15:00+00:00,2343.0,2344.0,2342.0,2343.0,0.6374,2024,7,10
2024-07-10 00:20:00+00:00,2343.0,2345.0,2339.0,2343.0,24.2428,2024,7,10
2024-07-10 00:25:00+00:00,2343.0,2344.0,2342.0,2343.0,2.6219,2024,7,10
2024-07-10 00:30:00+00:00,2343.0,2344.0,2343.0,2343.0,0.2675,2024,7,10
2024-07-10 00:35:00+00:00,2343.0,2343.0,2343.0,2343.0,0.1933,2024,7,10
2024-07-10 00:40:00+00:00,2343.0,2344.0,2343.0,2343.0,0.4349,2024,7,10
2024-07-10 00:45:00+00:00,2343.0,2344.0,2343.0,2343.0,0.2635,2024,7,10
2024-07-10 00:50:00+00:00,2343.0,2347.0,2343.0,2345.0,25.2124,2024,7,10
2024-07-10 00:55:00+00:00,2346.0,2346.0,2343.0,2343.0,0.9979,2024,7,10
2024-07-10 01:00:00+00:00,2343.0,2343.0,2343.0,2343.0,0.7497,2024,7,10
2024-07-10 01:05:00+00:00,2342.0,2343.0,2342.0,2343.0,3.4343,2024,7,10
2024-07-10 01:10:00+00:00,2342.0,2343.0,2342.0,2342.0,0.024,2024,7,10
2024-07-10 01:15:00+00:00,2343.0,2345.0,2343.0,2345.0,5.1809,2024,7,10
2024-07-10 01:20:00+00:00,2346.0,2346.0,2346.0,2346.0,0.2758,2024,7,10
2024-07-10 01:25:00+00:00,2345.0,2346.0,2345.0,2346.0,0.0783,2024,7,10
2024-07-10 01:30:00+00:00,2346.0,2347.0,2346.0,2347.0,1.461,2024,7,10
2024-07-10 01:35:00+00:00,2347.0,2347.0,2347.0,2347.0,1.7411,2024,7,10
2024-07-10 01:40:00+00:00,2346.0,2347.0,2346.0,2347.0,0.0067,2024,7,10
2024-07-10 01:45:00+00:00,2346.0,2348.0,2346.0,2347.0,0.0626,2024,7,10
2024-07-10 01:50:00+00:00,2348.0,2348.0,2347.0,2347.0,0.0927,2024,7,10
2024-07-10 01:55:00+00:00,2348.0,2348.0,2345.0,2345.0,2.107,2024,7,10
2024-07-10 02:00:00+00:00,2346.0,2346.0,2345.0,2346.0,0.5757,2024,7,10
2024-07-10 02:05:00+00:00,2346.0,2347.0,2346.0,2346.0,0.3487,2024,7,10
2024-07-10 02:10:00+00:00,2347.0,2347.0,2347.0,2347.0,0.2013,2024,7,10
2024-07-10 02:15:00+00:00,2347.0,2347.0,2346.0,2346.0,0.1816,2024,7,10
2024-07-10 02:20:00+00:00,2346.0,2347.0,2346.0,2347.0,0.9903,2024,7,10
2024-07-10 02:25:00+00:00,2347.0,2347.0,2346.0,2347.0,0.4657,2024,7,10
2024-07-10 02:30:00+00:00,2347.0,2347.0,2347.0,2347.0,0.285,2024,7,10
2024-07-10 02:35:00+00:00,2347.0,2347.0,2346.0,2346.0,0.1969,2024,7,10
2024-07-10 02:40:00+00:00,2347.0,2347.0,2347.0,2347.0,0.0191,2024,7,10
2024-07-10 02:45:00+00:00,2347.0,2347.0,2345.0,2346.0,5.7406,2024,7,10
2024-07-10 02:50:00+00:00,2347.0,2347.0,2347.0,2347.0,0.0633,2024,7,10
2024-07-10 02:55:00+00:00,2347.0,2348.0,2347.0,2347.0,0.5176,2024,7,10
2024-07-10 03:00:00+00:00,2347.0,2348.0,2347.0,2348.0,0.0731,2024,7,10
2024-07-10 03:05:00+00:00,2348.0,2348.0,2348.0,2348.0,0.0213,2024,7,10
2024-07-10 03:10:00+00:00,2348.0,2348.0,2346.0,2347.0,0.0428,2024,7,10
2024-07-10 03:15:00+00:00,2347.0,2347.0,2339.0,2346.0,15.7406,2024,7,10
2024-07-10 03:20:00+00:00,2346.0,2346.0,2345.0,2346.0,0.0537,2024,7,10
2024-07-10 03:25:00+00:00,2346.0,2347.0,2346.0,2347.0,0.2358,2024,7,10
2024-07-10 03:30:00+00:00,2347.0,2347.0,2346.0,2347.0,0.1045,2024,7,10
2024-07-10 03:35:00+00:00,2347.0,2347.0,2346.0,2346.0,1.2674,2024,7,10
2024-07-10 03:40:00+00:00,2346.0,2348.0,2346.0,2346.0,1.7684,2024,7,10
2024-07-10 03:45:00+00:00,2347.0,2348.0,2346.0,2347.0,1.6122,2024,7,10
2024-07-10 03:50:00+00:00,2347.0,2348.0,2346.0,2346.0,1.3986,2024,7,10
2024-07-10 03:55:00+00:00,2346.0,2347.0,2346.0,2347.0,0.0823,2024,7,10
2024-07-10 04:00:00+00:00,2347.0,2348.0,2347.0,2348.0,0.494,2024,7,10
2024-07-10 04:05:00+00:00,2348.0,2350.0,2348.0,2350.0,18.65,2024,7,10
2024-07-10 04:10:00+00:00,2349.0,2349.0,2348.0,2348.0,1.0129,2024,7,10
2024-07-10 04:15:00+00:00,2349.0,2349.0,2347.0,2348.0,1.341,2024,7,10
2024-07-10 04:20:00+00:00,2348.0,2348.0,2347.0,2348.0,0.2299,2024,7,10
2024-07-10 04:25:00+00:00,2348.0,2351.0,2348.0,2351.0,29.3541,2024,7,10
2024-07-10 04:30:00+00:00,2351.0,2351.0,2349.0,2350.0,0.9205,2024,7,10
2024-07-10 04:35:00+00:00,2350.0,2350.0,2349.0,2350.0,0.3787,2024,7,10
2024-07-10 04:40:00+00:00,2349.0,2350.0,2349.0,2349.0,0.4051,2024,7,10
2024-07-10 04:45:00+00:00,2350.0,2350.0,2348.0,2349.0,0.7955,2024,7,10
2024-07-10 04:50:00+00:00,2349.0,2349.0,2348.0,2349.0,0.1788,2024,7,10
2024-07-10 04:55:00+00:00,2349.0,2349.0,2346.0,2346.0,1.862,2024,7,10
2024-07-10 05:00:00+00:00,2347.0,2348.0,2346.0,2348.0,1.2108,2024,7,10
2024-07-10 05:05:00+00:00,2348.0,2350.0,2347.0,2349.0,0.5879,2024,7,10
2024-07-10 05:10:00+00:00,2349.0,2350.0,2348.0,2350.0,0.198,2024,7,10
2024-07-10 05:15:00+00:00,2350.0,2350.0,2348.0,2349.0,0.8577,2024,7,10
2024-07-10 05:20:00+00:00,2349.0,2349.0,2348.0,2349.0,0.459,2024,7,10
2024-07-10 05:25:00+00:00,2349.0,2349.0,2347.0,2348.0,0.903,2024,7,10
2024-07-10 05:30:00+00:00,2348.0,2348.0,2346.0,2348.0,1.6525,2024,7,10
2024-07-10 05:35:00+00:00,2348.0,2348.0,2347.0,2348.0,0.4437,2024,7,10
2024-07-10 05:40:00+00:00,2347.0,2348.0,2347.0,2347.0,0.3685,2024,7,10
2024-07-10 05:45:00+00:00,2348.0,2349.0,2348.0,2349.0,0.2712,2024,7,10
2024-07-10 05:50:00+00:00,2349.0,2349.0,2348.0,2349.0,0.0852,2024,7,10
2024-07-10 05:55:00+00:00,2349.0,2349.0,2348.0,2349.0,0.5981,2024,7,10
2024-07-10 06:00:00+00:00,2349.0,2349.0,2349.0,2349.0,0.6151,2024,7,10
2024-07-10 06:05:00+00:00,2349.0,2350.0,2347.0,2348.0,1.1418,2024,7,10
2024-07-10 06:10:00+00:00,2349.0,2349.0,2349.0,2349.0,0.1622,2024,7,10
2024-07-10 06:15:00+00:00,2349.0,2349.0,2348.0,2348.0,0.6241,2024,7,10
2024-07-10 06:20:00+00:00,2347.0,2347.0,2347.0,2347.0,0.1284,2024,7,10
2024-07-10 06:25:00+00:00,2347.0,2348.0,2347.0,2348.0,2.1602,2024,7,10
2024-07-10 06:30:00+00:00,2347.0,2350.0,2347.0,2348.0,1.0784,2024,7,10
2024-07-10 06:35:00+00:00,2348.0,2350.0,2347.0,2349.0,1.0832,2024,7,10
2024-07-10 06:40:00+00:00,2349.0,2349.0,2347.0,2348.0,1.2332,2024,7,10
2024-07-10 06:45:00+00:00,2348.0,2349.0,2347.0,2349.0,0.6822,2024,7,10
2024-07-10 06:50:00+00:00,2349.0,2352.0,2349.0,2351.0,2.5985,2024,7,10
2024-07-10 06:55:00+00:00,2352.0,2352.0,2351.0,2352.0,0.1664,2024,7,10
2024-07-10 07:00:00+00:00,2351.0,2352.0,2351.0,2351.0,1.2664,2024,7,10
2024-07-10 07:05:00+00:00,2352.0,2352.0,2351.0,2352.0,2.822,2024,7,10
2024-07-10 07:10:00+00:00,2352.0,2352.0,2352.0,2352.0,0.7644,2024,7,10
2024-07-10 07:15:00+00:00,2352.0,2352.0,2351.0,2352.0,0.6906,2024,7,10
2024-07-10 07:20:00+00:00,2352.0,2352.0,2351.0,2352.0,3.5378,2024,7,10
2024-07-10 07:25:00+00:00,2351.0,2352.0,2351.0,2351.0,1.0066,2024,7,10
2024-07-10 07:30:00+00:00,2352.0,2352.0,2351.0,2352.0,0.1307,2024,7,10
2024-07-10 07:35:00+00:00,2351.0,2352.0,2351.0,2351.0,0.7345,2024,7,10
2024-07-10 07:40:00+00:00,2352.0,2352.0,2351.0,2351.0,0.5583,2024,7,10
2024-07-10 07:45:00+00:00,2351.0,2352.0,2351.0,2352.0,1.0371,2024,7,10
2024-07-10 07:50:00+00:00,2352.0,2352.0,2351.0,2351.0,3.7816,2024,7,10
2024-07-10 07:55:00+00:00,2352.0,2352.0,2351.0,2351.0,0.3721,2024,7,10
2024-07-10 08:00:00+00:00,2352.0,2352.0,2351.0,2352.0,0.1279,2024,7,10
2024-07-10 08:05:00+00:00,2351.0,2352.0,2351.0,2352.0,0.6568,2024,7,10
2024-07-10 08:10:00+00:00,2352.0,2352.0,2350.0,2352.0,5.7246,2024,7,10
2024-07-10 08:15:00+00:00,2351.0,2352.0,2351.0,2351.0,0.1337,2024,7,10
2024-07-10 08:20:00+00:00,2351.0,2352.0,2351.0,2352.0,0.0466,2024,7,10
2024-07-10 08:25:00+00:00,2352.0,2352.0,2351.0,2351.0,0.4676,2024,7,10
2024-07-10 08:30:00+00:00,2351.0,2352.0,2351.0,2351.0,5.1498,2024,7,10
2024-07-10 08:35:00+00:00,2351.0,2352.0,2350.0,2350.0,4.543,2024,7,10
2024-07-10 08:40:00+00:00,2350.0,2351.0,2350.0,2350.0,0.617,2024,7,10
2024-07-10 08:45:00+00:00,2350.0,2352.0,2350.0,2351.0,9.6108,2024,7,10
2024-07-10 08:50:00+00:00,2351.0,2352.0,2351.0,2352.0,0.233,2024,7,10
2024-07-10 08:55:00+00:00,2351.0,2352.0,2351.0,2351.0,0.3823,2024,7,10
2024-07-10 09:00:00+00:00,2352.0,2352.0,2352.0,2352.0,0.1045,2024,7,10
2024-07-10 09:05:00+00:00,2352.0,2352.0,2352.0,2352.0,0.061,2024,7,10
2024-07-10 09:10:00+00:00,2352.0,2352.0,2351.0,2352.0,1.823,2024,7,10
2024-07-10 09:15:00+00:00,2352.0,2352.0,2351.0,2352.0,0.077,2024,7,10
2024-07-10 09:20:00+00:00,2351.0,2352.0,2351.0,2352.0,1.9369,2024,7,10
2024-07-10 09:25:00+00:00,2351.0,2352.0,2351.0,2351.0,0.1307,2024,7,10
2024-07-10 09:30:00+00:00,2351.0,2352.0,2351.0,2351.0,0.5675,2024,7,10
2024-07-10 09:35:00+00:00,2351.0,2351.0,2351.0,2351.0,0.7153,2024,7,10
2024-07-10 09:40:00+00:00,2351.0,2352.0,2351.0,2352.0,0.0166,2024,7,10
2024-07-10 09:45:00+00:00,2352.0,2352.0,2351.0,2351.0,0.3719,2024,7,10
2024-07-10 09:50:00+00:00,2352.0,2352.0,2351.0,2352.0,0.0161,2024,7,10
2024-07-10 09:55:00+00:00,2351.0,2353.0,2351.0,2352.0,7.9198,2024,7,10
2024-07-10 10:00:00+00:00,2353.0,2353.0,2352.0,2353.0,0.1433,2024,7,10
2024-07-10 10:05:00+00:00,2352.0,2353.0,2352.0,2352.0,0.5512,2024,7,10
2024-07-10 10:10:00+00:00,2353.0,2353.0,2351.0,2351.0,5.0433,2024,7,10
2024-07-10 10:15:00+00:00,2353.0,2353.0,2353.0,2353.0,0.2461,2024,7,10
2024-07-10 10:20:00+00:00,2352.0,2353.0,2352.0,2353.0,0.3461,2024,7,10
2024-07-10 10:25:00+00:00,2353.0,2353.0,2352.0,2352.0,0.2779,2024,7,10
2024-07-10 10:30:00+00:00,2353.0,2353.0,2352.0,2352.0,0.9961,2024,7,10
2024-07-10 10:35:00+00:00,2352.0,2353.0,2352.0,2353.0,6.35,2024,7,10
2024-07-10 10:40:00+00:00,2353.0,2353.0,2353.0,2353.0,0.042,2024,7,10
2024-07-10 10:45:00+00:00,2352.0,2353.0,2352.0,2353.0,0.125,2024,7,10
2024-07-10 10:50:00+00:00,2353.0,2353.0,2352.0,2352.0,0.0302,2024,7,10
2024-07-10 10:55:00+00:00,2353.0,2353.0,2352.0,2353.0,0.162,2024,7,10
2024-07-10 11:00:00+00:00,2353.0,2353.0,2352.0,2353.0,0.3953,2024,7,10
2024-07-10 11:05:00+00:00,2353.0,2353.0,2353.0,2353.0,0.0337,2024,7,10
2024-07-10 11:10:00+00:00,2352.0,2353.0,2352.0,2353.0,0.0128,2024,7,10
2024-07-10 11:15:00+00:00,2353.0,2353.0,2352.0,2352.0,0.2834,2024,7,10
2024-07-10 11:20:00+00:00,2352.0,2353.0,2352.0,2352.0,2.4473,2024,7,10
2024-07-10 11:25:00+00:00,2352.0,2353.0,2352.0,2353.0,0.6105,2024,7,10
2024-07-10 11:30:00+00:00,2352.0,2353.0,2351.0,2353.0,8.4809,2024,7,10
2024-07-10 11:35:00+00:00,2352.0,2353.0,2351.0,2352.0,1.8237,2024,7,10
2024-07-10 11:40:00+00:00,2352.0,2353.0,2352.0,2353.0,0.1824,2024,7,10
2024-07-10 11:45:00+00:00,2353.0,2354.0,2353.0,2354.0,5.1274,2024,7,10
2024-07-10 11:50:00+00:00,2353.0,2354.0,2353.0,2354.0,0.1369,2024,7,10
2024-07-10 11:55:00+00:00,2354.0,2354.0,2353.0,2354.0,0.015,2024,7,10
2024-07-10 12:00:00+00:00,2353.0,2354.0,2353.0,2354.0,0.3198,2024,7,10
2024-07-10 12:05:00+00:00,2354.0,2354.0,2354.0,2354.0,0.0721,2024,7,10
2024-07-10 12:10:00+00:00,2354.0,2354.0,2353.0,2354.0,0.7049,2024,7,10
2024-07-10 12:15:00+00:00,2354.0,2354.0,2353.0,2354.0,0.9928,2024,7,10
2024-07-10 12:20:00+00:00,2353.0,2355.0,2353.0,2355.0,3.8691,2024,7,10
2024-07-10 12:25:00+00:00,2354.0,2355.0,2354.0,2355.0,2.2254,2024,7,10
2024-07-10 12:30:00+00:00,2354.0,2355.0,2353.0,2354.0,15.7943,2024,7,10
2024-07-10 12:35:00+00:00,2353.0,2354.0,2353.0,2354.0,0.8029,2024,7,10
2024-07-10 12:40:00+00:00,2354.0,2354.0,2353.0,2354.0,0.2673,2024,7,10
2024-07-10 12:45:00+00:00,2353.0,2356.0,2353.0,2356.0,13.8345,2024,7,10
2024-07-10 12:50:00+00:00,2355.0,2357.0,2355.0,2357.0,1.8792,2024,7,10
2024-07-10 12:55:00+00:00,2357.0,2358.0,2357.0,2357.0,1.1677,2024,7,10
2024-07-10 13:00:00+00:00,2358.0,2359.0,2357.0,2358.0,1.006,2024,7,10
2024-07-10 13:05:00+00:00,2357.0,2358.0,2355.0,2356.0,8.8124,2024,7,10
2024-07-10 13:10:00+00:00,2355.0,2356.0,2355.0,2356.0,8.4409,2024,7,10
2024-07-10 13:15:00+00:00,2356.0,2356.0,2349.0,2355.0,9.4791,2024,7,10
2024-07-10 13:20:00+00:00,2354.0,2355.0,2352.0,2355.0,3.1491,2024,7,10
2024-07-10 13:25:00+00:00,2355.0,2355.0,2354.0,2355.0,4.661,2024,7,10
2024-07-10 13:30:00+00:00,2354.0,2355.0,2354.0,2355.0,0.3664,2024,7,10
2024-07-10 13:35:00+00:00,2354.0,2355.0,2350.0,2355.0,3.4572,2024,7,10
2024-07-10 13:40:00+00:00,2355.0,2355.0,2354.0,2355.0,5.4084,2024,7,10
2024-07-10 13:45:00+00:00,2354.0,2355.0,2354.0,2355.0,0.2069,2024,7,10
2024-07-10 13:50:00+00:00,2355.0,2361.0,2355.0,2361.0,41.4045,2024,7,10
2024-07-10 13:55:00+00:00,2361.0,2362.0,2361.0,2362.0,0.7855,2024,7,10
2024-07-10 14:00:00+00:00,2362.0,2362.0,2360.0,2361.0,0.5804,2024,7,10
2024-07-10 14:05:00+00:00,2361.0,2362.0,2361.0,2361.0,2.2069,2024,7,10
2024-07-10 14:10:00+00:00,2361.0,2362.0,2360.0,2361.0,7.6561,2024,7,10
2024-07-10 14:15:00+00:00,2361.0,2361.0,2359.0,2359.0,0.7032,2024,7,10
2024-07-10 14:20:00+00:00,2359.0,2359.0,2358.0,2359.0,0.2743,2024,7,10
2024-07-10 14:25:00+00:00,2358.0,2358.0,2357.0,2357.0,0.8323,2024,7,10
2024-07-10 14:30:00+00:00,2357.0,2358.0,2355.0,2356.0,1.7271,2024,7,10
2024-07-10 14:35:00+00:00,2356.0,2357.0,2354.0,2354.0,1.5924,2024,7,10
2024-07-10 14:40:00+00:00,2354.0,2358.0,2353.0,2354.0,13.2729,2024,7,10
2024-07-10 14:45:00+00:00,2354.0,2357.0,2354.0,2355.0,5.2657,2024,7,10
2024-07-10 14:50:00+00:00,2355.0,2356.0,2355.0,2356.0,4.3653,2024,7,10
2024-07-10 14:55:00+00:00,2356.0,2356.0,2355.0,2355.0,0.2064,2024,7,10
2024-07-10 15:00:00+00:00,2356.0,2356.0,2354.0,2355.0,1.2729,2024,7,10
2024-07-10 15:05:00+00:00,2355.0,2356.0,2354.0,2354.0,4.1414,2024,7,10
2024-07-10 15:10:00+00:00,2355.0,2356.0,2354.0,2355.0,0.1383,2024,7,10
2024-07-10 15:15:00+00:00,2356.0,2357.0,2356.0,2357.0,0.6316,2024,7,10
2024-07-10 15:20:00+00:00,2357.0,2357.0,2356.0,2357.0,0.9471,2024,7,10
2024-07-10 15:25:00+00:00,2357.0,2358.0,2356.0,2358.0,0.4553,2024,7,10
2024-07-10 15:30:00+00:00,2357.0,2359.0,2357.0,2359.0,0.3691,2024,7,10
2024-07-10 15:35:00+00:00,2359.0,2360.0,2357.0,2357.0,0.3753,2024,7,10
2024-07-10 15:40:00+00:00,2359.0,2359.0,2357.0,2359.0,0.4183,2024,7,10
2024-07-10 15:45:00+00:00,2359.0,2360.0,2359.0,2360.0,3.6298,2024,7,10
2024-07-10 15:50:00+00:00,2359.0,2360.0,2359.0,2360.0,1.2825,2024,7,10
2024-07-10 15:55:00+00:00,2360.0,2360.0,2358.0,2359.0,3.1508,2024,7,10
2024-07-10 16:00:00+00:00,2358.0,2359.0,2356.0,2359.0,6.0037,2024,7,10
2024-07-10 16:05:00+00:00,2359.0,2360.0,2357.0,2360.0,2.6081,2024,7,10
2024-07-10 16:10:00+00:00,2359.0,2360.0,2358.0,2360.0,0.6725,2024,7,10
2024-07-10 16:15:00+00:00,2360.0,2362.0,2359.0,2360.0,13.4686,2024,7,10
2024-07-10 16:20:00+00:00,2360.0,2361.0,2359.0,2359.0,0.9986,2024,7,10
2024-07-10 16:25:00+00:00,2360.0,2360.0,2359.0,2359.0,0.6377,2024,7,10
2024-07-10 16:30:00+00:00,2359.0,2360.0,2357.0,2358.0,2.9318,2024,7,10
2024-07-10 16:35:00+00:00,2358.0,2359.0,2358.0,2359.0,0.1448,2024,7,10
2024-07-10 16:40:00+00:00,2358.0,2359.0,2358.0,2358.0,0.4846,2024,7,10
2024-07-10 16:45:00+00:00,2358.0,2358.0,2357.0,2358.0,0.1783,2024,7,10
2024-07-10 16:50:00+00:00,2357.0,2358.0,2356.0,2357.0,4.001,2024,7,10
2024-07-10 16:55:00+00:00,2356.0,2358.0,2356.0,2357.0,2.3325,2024,7,10
2024-07-10 17:00:00+00:00,2358.0,2358.0,2356.0,2356.0,0.1144,2024,7,10
2024-07-10 17:05:00+00:00,2357.0,2357.0,2356.0,2357.0,0.0302,2024,7,10
2024-07-10 17:10:00+00:00,2357.0,2357.0,2356.0,2357.0,0.1631,2024,7,10
2024-07-10 17:15:00+00:00,2357.0,2357.0,2356.0,2357.0,0.0621,2024,7,10
2024-07-10 17:20:00+00:00,2356.0,2357.0,2356.0,2357.0,0.0366,2024,7,10
2024-07-10 17:25:00+00:00,2357.0,2357.0,2354.0,2355.0,6.0723,2024,7,10
2024-07-10 17:30:00+00:00,2354.0,2354.0,2354.0,2354.0,0.0133,2024,7,10
2024-07-10 17:35:00+00:00,2354.0,2354.0,2353.0,2353.0,6.3822,2024,7,10
2024-07-10 17:40:00+00:00,2353.0,2354.0,2353.0,2353.0,0.8511,2024,7,10
2024-07-10 17:45:00+00:00,2353.0,2354.0,2353.0,2354.0,0.6007,2024,7,10
2024-07-10 17:50:00+00:00,2354.0,2354.0,2354.0,2354.0,0.0515,2024,7,10
2024-07-10 17:55:00+00:00,2354.0,2354.0,2353.0,2353.0,1.5604,2024,7,10
2024-07-10 18:00:00+00:00,2354.0,2355.0,2354.0,2355.0,4.5791,2024,7,10
2024-07-10 18:05:00+00:00,2354.0,2355.0,2354.0,2355.0,0.3983,2024,7,10
2024-07-10 18:10:00+00:00,2355.0,2355.0,2355.0,2355.0,0.0469,2024,7,10
2024-07-10 18:15:00+00:00,2354.0,2355.0,2354.0,2355.0,0.0259,2024,7,10
2024-07-10 18:20:00+00:00,2355.0,2355.0,2354.0,2355.0,0.2557,2024,7,10
2024-07-10 18:25:00+00:00,2355.0,2355.0,2353.0,2354.0,0.3619,2024,7,10
2024-07-10 18:30:00+00:00,2353.0,2354.0,2353.0,2354.0,0.3657,2024,7,10
2024-07-10 18:35:00+00:00,2353.0,2354.0,2353.0,2353.0,0.3692,2024,7,10
2024-07-10 18:40:00+00:00,2353.0,2354.0,2353.0,2353.0,0.8617,2024,7,10
2024-07-10 18:45:00+00:00,2354.0,2354.0,2353.0,2354.0,2.692,2024,7,10
2024-07-10 18:50:00+00:00,2354.0,2354.0,2353.0,2354.0,0.2579,2024,7,10
2024-07-10 18:55:00+00:00,2354.0,2354.0,2354.0,2354.0,0.0084,2024,7,10
2024-07-10 19:00:00+00:00,2353.0,2354.0,2353.0,2353.0,0.0896,2024,7,10
2024-07-10 19:05:00+00:00,2354.0,2354.0,2353.0,2354.0,0.0624,2024,7,10
2024-07-10 19:10:00+00:00,2353.0,2354.0,2353.0,2354.0,0.0693,2024,7,10
2024-07-10 19:15:00+00:00,2353.0,2354.0,2353.0,2354.0,4.3877,2024,7,10
2024-07-10 19:20:00+00:00,2354.0,2355.0,2354.0,2354.0,0.249,2024,7,10
2024-07-10 19:25:00+00:00,2354.0,2354.0,2354.0,2354.0,0.0383,2024,7,10
2024-07-10 19:30:00+00:00,2354.0,2355.0,2354.0,2355.0,0.0831,2024,7,10
2024-07-10 19:35:00+00:00,2354.0,2355.0,2354.0,2354.0,0.2431,2024,7,10
2024-07-10 19:40:00+00:00,2354.0,2355.0,2354.0,2354.0,0.1474,2024,7,10
2024-07-10 19:45:00+00:00,2354.0,2355.0,2354.0,2354.0,0.5171,2024,7,10
2024-07-10 19:50:00+00:00,2354.0,2355.0,2354.0,2355.0,0.4464,2024,7,10
2024-07-10 19:55:00+00:00,2355.0,2355.0,2354.0,2354.0,0.1746,2024,7,10
2024-07-10 20:00:00+00:00,2354.0,2355.0,2354.0,2354.0,3.1876,2024,7,10
2024-07-10 20:05:00+00:00,2354.0,2354.0,2353.0,2353.0,1.8386,2024,7,10
2024-07-10 20:10:00+00:00,2354.0,2354.0,2353.0,2353.0,1.3568,2024,7,10
2024-07-10 20:15:00+00:00,2353.0,2354.0,2353.0,2353.0,0.0944,2024,7,10
2024-07-10 20:20:00+00:00,2354.0,2354.0,2353.0,2353.0,0.6194,2024,7,10
2024-07-10 20:25:00+00:00,2354.0,2354.0,2352.0,2352.0,4.2954,2024,7,10
2024-07-10 20:30:00+00:00,2353.0,2353.0,2352.0,2352.0,0.2344,2024,7,10
2024-07-10 20:35:00+00:00,2352.0,2353.0,2352.0,2352.0,0.2757,2024,7,10
2024-07-10 20:40:00+00:00,2352.0,2353.0,2352.0,2353.0,0.0685,2024,7,10
2024-07-10 20:45:00+00:00,2353.0,2353.0,2353.0,2353.0,0.0,2024,7,10
2024-07-10 20:50:00+00:00,2353.0,2353.0,2352.0,2352.0,0.1678,2024,7,10
2024-07-10 20:55:00+00:00,2352.0,2353.0,2352.0,2353.0,0.0186,2024,7,10
2024-07-10 21:00:00+00:00,2353.0,2353.0,2352.0,2352.0,0.3302,2024,7,10
2024-07-10 21:05:00+00:00,2352.0,2353.0,2352.0,2352.0,0.5384,2024,7,10
2024-07-10 21:10:00+00:00,2352.0,2352.0,2351.0,2351.0,0.578,2024,7,10
2024-07-10 21:15:00+00:00,2351.0,2353.0,2351.0,2353.0,0.6906,2024,7,10
2024-07-10 21:20:00+00:00,2353.0,2353.0,2352.0,2352.0,0.0237,2024,7,10
2024-07-10 21:25:00+00:00,2353.0,2353.0,2352.0,2352.0,0.0252,2024,7,10
2024-07-10 21:30:00+00:00,2352.0,2353.0,2352.0,2353.0,0.0728,2024,7,10
2024-07-10 21:35:00+00:00,2352.0,2352.0,2352.0,2352.0,0.0639,2024,7,10
2024-07-10 21:40:00+00:00,2353.0,2357.0,2353.0,2356.0,9.1609,2024,7,10
2024-07-10 21:45:00+00:00,2357.0,2357.0,2355.0,2356.0,0.504,2024,7,10
2024-07-10 21:50:00+00:00,2356.0,2356.0,2355.0,2355.0,0.0966,2024,7,10
2024-07-10 21:55:00+00:00,2355.0,2355.0,2353.0,2354.0,0.5276,2024,7,10
2024-07-10 22:00:00+00:00,2352.0,2353.0,2352.0,2352.0,3.1848,2024,7,10
2024-07-10 22:05:00+00:00,2352.0,2353.0,2352.0,2352.0,0.247,2024,7,10
2024-07-10 22:10:00+00:00,2352.0,2353.0,2352.0,2353.0,0.0136,2024,7,10
2024-07-10 22:15:00+00:00,2352.0,2353.0,2352.0,2353.0,0.0344,2024,7,10
2024-07-10 22:20:00+00:00,2353.0,2353.0,2352.0,2352.0,0.117,2024,7,10
2024-07-10 22:25:00+00:00,2353.0,2353.0,2351.0,2353.0,2.4192,2024,7,10
2024-07-10 22:30:00+00:00,2353.0,2354.0,2351.0,2353.0,5.3093,2024,7,10
2024-07-10 22:35:00+00:00,2353.0,2354.0,2352.0,2354.0,2.0638,2024,7,10
2024-07-10 22:40:00+00:00,2354.0,2354.0,2354.0,2354.0,0.0,2024,7,10
2024-07-10 22:45:00+00:00,2354.0,2354.0,2353.0,2353.0,0.625,2024,7,10
2024-07-10 22:50:00+00:00,2353.0,2354.0,2353.0,2354.0,0.0299,2024,7,10
2024-07-10 22:55:00+00:00,2353.0,2353.0,2353.0,2353.0,0.0062,2024,7,10
2024-07-10 23:00:00+00:00,2354.0,2355.0,2353.0,2354.0,3.6692,2024,7,10
2024-07-10 23:05:00+00:00,2354.0,2354.0,2353.0,2354.0,0.0657,2024,7,10
2024-07-10 23:10:00+00:00,2354.0,2354.0,2353.0,2353.0,0.0235,2024,7,10
2024-07-10 23:15:00+00:00,2354.0,2354.0,2354.0,2354.0,0.033,2024,7,10
2024-07-10 23:20:00+00:00,2354.0,2355.0,2354.0,2355.0,0.0833,2024,7,10
2024-07-10 23:25:00+00:00,2355.0,2355.0,2355.0,2355.0,0.034,2024,7,10
2024-07-10 23:30:00+00:00,2355.0,2355.0,2354.0,2354.0,1.66,2024,7,10
2024-07-10 23:35:00+00:00,2354.0,2354.0,2353.0,2354.0,0.0856,2024,7,10
2024-07-10 23:40:00+00:00,2354.0,2354.0,2354.0,2354.0,0.0708,2024,7,10
2024-07-10 23:45:00+00:00,2354.0,2354.0,2353.0,2353.0,0.0711,2024,7,10
2024-07-10 23:50:00+00:00,2353.0,2354.0,2353.0,2354.0,0.1403,2024,7,10
2024-07-10 23:55:00+00:00,2353.0,2354.0,2353.0,2354.0,0.0597,2024,7,10
