timestamp,open,high,low,close,volume,year,month,day
2026-05-01 00:00:00+00:00,83.09,83.33,83.08,83.3,4067.308,2026,5,1
2026-05-01 00:05:00+00:00,83.29,83.31,83.22,83.28,1260.256,2026,5,1
2026-05-01 00:10:00+00:00,83.28,83.3,83.24,83.25,2255.484,2026,5,1
2026-05-01 00:15:00+00:00,83.26,83.36,83.26,83.27,4686.619,2026,5,1
2026-05-01 00:20:00+00:00,83.27,83.29,83.23,83.24,2610.148,2026,5,1
2026-05-01 00:25:00+00:00,83.24,83.29,83.23,83.27,2585.604,2026,5,1
2026-05-01 00:30:00+00:00,83.28,83.33,83.16,83.2,9645.087,2026,5,1
2026-05-01 00:35:00+00:00,83.2,83.25,83.19,83.23,3891.839,2026,5,1
2026-05-01 00:40:00+00:00,83.23,83.32,83.23,83.31,3471.672,2026,5,1
2026-05-01 00:45:00+00:00,83.32,83.41,83.2,83.21,11510.9,2026,5,1
2026-05-01 00:50:00+00:00,83.21,83.22,83.18,83.2,2524.361,2026,5,1
2026-05-01 00:55:00+00:00,83.2,83.23,83.14,83.2,3037.571,2026,5,1
2026-05-01 01:00:00+00:00,83.2,83.24,83.19,83.24,1868.674,2026,5,1
2026-05-01 01:05:00+00:00,83.24,83.46,83.23,83.37,5080.68,2026,5,1
2026-05-01 01:10:00+00:00,83.37,83.43,83.3,83.38,5332.846,2026,5,1
2026-05-01 01:15:00+00:00,83.38,83.47,83.38,83.44,9709.536,2026,5,1
2026-05-01 01:20:00+00:00,83.45,83.46,83.4,83.41,4668.311,2026,5,1
2026-05-01 01:25:00+00:00,83.4,83.42,83.35,83.36,1756.175,2026,5,1
2026-05-01 01:30:00+00:00,83.37,83.4,83.35,83.39,2874.101,2026,5,1
2026-05-01 01:35:00+00:00,83.4,83.44,83.39,83.44,2396.375,2026,5,1
2026-05-01 01:40:00+00:00,83.44,83.56,83.43,83.54,6846.534,2026,5,1
2026-05-01 01:45:00+00:00,83.55,83.65,83.52,83.64,8586.348,2026,5,1
2026-05-01 01:50:00+00:00,83.63,83.69,83.61,83.65,6683.713,2026,5,1
2026-05-01 01:55:00+00:00,83.65,83.68,83.59,83.61,3831.087,2026,5,1
2026-05-01 02:00:00+00:00,83.62,83.64,83.56,83.61,4169.628,2026,5,1
2026-05-01 02:05:00+00:00,83.6,83.72,83.58,83.7,4689.584,2026,5,1
2026-05-01 02:10:00+00:00,83.7,83.7,83.63,83.63,2253.897,2026,5,1
2026-05-01 02:15:00+00:00,83.64,83.7,83.6,83.6,2052.552,2026,5,1
2026-05-01 02:20:00+00:00,83.59,83.6,83.52,83.54,3324.199,2026,5,1
2026-05-01 02:25:00+00:00,83.53,83.56,83.53,83.54,1527.351,2026,5,1
2026-05-01 02:30:00+00:00,83.55,83.57,83.45,83.48,4873.941,2026,5,1
2026-05-01 02:35:00+00:00,83.48,83.55,83.48,83.55,1928.494,2026,5,1
2026-05-01 02:40:00+00:00,83.54,83.55,83.52,83.53,2258.72,2026,5,1
2026-05-01 02:45:00+00:00,83.53,83.77,83.52,83.74,18923.19,2026,5,1
2026-05-01 02:50:00+00:00,83.74,83.84,83.62,83.64,16745.87,2026,5,1
2026-05-01 02:55:00+00:00,83.64,83.64,83.55,83.63,1903.505,2026,5,1
2026-05-01 03:00:00+00:00,83.62,83.62,83.56,83.59,2277.113,2026,5,1
2026-05-01 03:05:00+00:00,83.58,83.71,83.58,83.7,1420.829,2026,5,1
2026-05-01 03:10:00+00:00,83.7,83.74,83.63,83.64,2990.777,2026,5,1
2026-05-01 03:15:00+00:00,83.64,84.1,83.63,84.1,16426.51,2026,5,1
2026-05-01 03:20:00+00:00,84.11,84.38,84.01,84.17,21427.141,2026,5,1
2026-05-01 03:25:00+00:00,84.16,84.25,84.08,84.13,7449.719,2026,5,1
2026-05-01 03:30:00+00:00,84.13,84.22,84.09,84.16,8881.2,2026,5,1
2026-05-01 03:35:00+00:00,84.16,84.21,83.96,83.98,8215.083,2026,5,1
2026-05-01 03:40:00+00:00,83.98,84.0,83.84,83.97,10664.599,2026,5,1
2026-05-01 03:45:00+00:00,83.98,84.03,83.95,83.98,3917.672,2026,5,1
2026-05-01 03:50:00+00:00,83.98,84.02,83.94,83.94,1826.329,2026,5,1
2026-05-01 03:55:00+00:00,83.95,83.95,83.86,83.89,2232.825,2026,5,1
2026-05-01 04:00:00+00:00,83.9,84.0,83.88,83.94,5723.224,2026,5,1
2026-05-01 04:05:00+00:00,83.95,84.06,83.94,83.97,6693.684,2026,5,1
2026-05-01 04:10:00+00:00,83.97,84.0,83.9,83.91,3565.663,2026,5,1
2026-05-01 04:15:00+00:00,83.91,84.01,83.91,84.0,4149.551,2026,5,1
2026-05-01 04:20:00+00:00,84.01,84.01,83.93,83.95,3412.515,2026,5,1
2026-05-01 04:25:00+00:00,83.96,84.0,83.69,83.73,8864.908,2026,5,1
2026-05-01 04:30:00+00:00,83.73,83.79,83.71,83.78,3019.478,2026,5,1
2026-05-01 04:35:00+00:00,83.79,83.84,83.78,83.84,1777.334,2026,5,1
2026-05-01 04:40:00+00:00,83.84,83.87,83.77,83.85,4879.945,2026,5,1
2026-05-01 04:45:00+00:00,83.86,83.88,83.82,83.87,1416.527,2026,5,1
2026-05-01 04:50:00+00:00,83.87,83.91,83.84,83.84,3378.982,2026,5,1
2026-05-01 04:55:00+00:00,83.85,83.86,83.81,83.82,1002.92,2026,5,1
2026-05-01 05:00:00+00:00,83.81,83.91,83.74,83.91,4599.159,2026,5,1
2026-05-01 05:05:00+00:00,83.91,84.19,83.9,84.14,21835.501,2026,5,1
2026-05-01 05:10:00+00:00,84.13,84.23,84.11,84.11,13426.663,2026,5,1
2026-05-01 05:15:00+00:00,84.11,84.11,83.96,83.99,2791.469,2026,5,1
2026-05-01 05:20:00+00:00,83.99,84.05,83.98,84.03,4483.491,2026,5,1
2026-05-01 05:25:00+00:00,84.02,84.04,83.96,83.96,993.799,2026,5,1
2026-05-01 05:30:00+00:00,83.96,84.01,83.96,84.0,2467.702,2026,5,1
2026-05-01 05:35:00+00:00,84.01,84.13,83.94,84.11,12952.786,2026,5,1
2026-05-01 05:40:00+00:00,84.1,84.13,84.07,84.13,4733.626,2026,5,1
2026-05-01 05:45:00+00:00,84.13,84.18,84.09,84.14,3837.664,2026,5,1
2026-05-01 05:50:00+00:00,84.14,84.15,84.09,84.1,2517.304,2026,5,1
2026-05-01 05:55:00+00:00,84.1,84.1,84.03,84.05,3609.776,2026,5,1
2026-05-01 06:00:00+00:00,84.06,84.08,84.03,84.05,2032.065,2026,5,1
2026-05-01 06:05:00+00:00,84.05,84.13,84.05,84.07,5487.894,2026,5,1
2026-05-01 06:10:00+00:00,84.08,84.12,84.01,84.11,4185.699,2026,5,1
2026-05-01 06:15:00+00:00,84.12,84.18,84.12,84.15,2875.227,2026,5,1
2026-05-01 06:20:00+00:00,84.14,84.16,84.08,84.1,3643.324,2026,5,1
2026-05-01 06:25:00+00:00,84.11,84.12,84.07,84.07,1249.241,2026,5,1
2026-05-01 06:30:00+00:00,84.08,84.08,84.0,84.02,2296.511,2026,5,1
2026-05-01 06:35:00+00:00,84.02,84.05,83.91,83.94,4032.625,2026,5,1
2026-05-01 06:40:00+00:00,83.95,83.95,83.84,83.93,4499.151,2026,5,1
2026-05-01 06:45:00+00:00,83.93,83.93,83.78,83.8,2785.347,2026,5,1
2026-05-01 06:50:00+00:00,83.81,83.82,83.69,83.81,4308.453,2026,5,1
2026-05-01 06:55:00+00:00,83.82,83.95,83.81,83.85,3376.274,2026,5,1
2026-05-01 07:00:00+00:00,83.86,83.89,83.75,83.8,5991.362,2026,5,1
2026-05-01 07:05:00+00:00,83.8,83.92,83.79,83.92,4566.478,2026,5,1
2026-05-01 07:10:00+00:00,83.92,83.96,83.9,83.92,2278.499,2026,5,1
2026-05-01 07:15:00+00:00,83.91,83.97,83.87,83.93,5184.032,2026,5,1
2026-05-01 07:20:00+00:00,83.92,83.97,83.78,83.8,8609.463,2026,5,1
2026-05-01 07:25:00+00:00,83.8,83.8,83.69,83.69,5901.479,2026,5,1
2026-05-01 07:30:00+00:00,83.69,83.9,83.67,83.84,30945.454,2026,5,1
2026-05-01 07:35:00+00:00,83.84,83.86,83.8,83.84,12334.407,2026,5,1
2026-05-01 07:40:00+00:00,83.84,83.87,83.7,83.76,22799.122,2026,5,1
2026-05-01 07:45:00+00:00,83.76,83.91,83.75,83.89,15999.095,2026,5,1
2026-05-01 07:50:00+00:00,83.89,83.96,83.88,83.96,5435.409,2026,5,1
2026-05-01 07:55:00+00:00,83.96,83.97,83.92,83.96,2802.65,2026,5,1
2026-05-01 08:00:00+00:00,83.96,83.96,83.9,83.93,4488.931,2026,5,1
2026-05-01 08:05:00+00:00,83.93,83.97,83.92,83.96,1774.591,2026,5,1
2026-05-01 08:10:00+00:00,83.96,84.16,83.96,84.16,6684.595,2026,5,1
2026-05-01 08:15:00+00:00,84.15,84.3,84.14,84.14,10116.952,2026,5,1
2026-05-01 08:20:00+00:00,84.14,84.24,84.14,84.22,3042.923,2026,5,1
2026-05-01 08:25:00+00:00,84.22,84.22,84.15,84.16,6181.78,2026,5,1
2026-05-01 08:30:00+00:00,84.16,84.18,84.13,84.13,2344.667,2026,5,1
2026-05-01 08:35:00+00:00,84.13,84.16,84.07,84.14,10216.542,2026,5,1
2026-05-01 08:40:00+00:00,84.15,84.2,84.13,84.16,4360.992,2026,5,1
2026-05-01 08:45:00+00:00,84.16,84.17,84.12,84.15,2804.707,2026,5,1
2026-05-01 08:50:00+00:00,84.16,84.2,84.15,84.17,1143.106,2026,5,1
2026-05-01 08:55:00+00:00,84.17,84.2,84.17,84.18,900.011,2026,5,1
2026-05-01 09:00:00+00:00,84.18,84.19,84.07,84.1,11795.679,2026,5,1
2026-05-01 09:05:00+00:00,84.09,84.12,84.09,84.1,7442.617,2026,5,1
2026-05-01 09:10:00+00:00,84.11,84.14,84.11,84.13,1835.231,2026,5,1
2026-05-01 09:15:00+00:00,84.13,84.14,83.99,84.05,5524.203,2026,5,1
2026-05-01 09:20:00+00:00,84.05,84.07,83.97,84.03,2108.147,2026,5,1
2026-05-01 09:25:00+00:00,84.03,84.05,84.01,84.04,2118.483,2026,5,1
2026-05-01 09:30:00+00:00,84.03,84.03,83.96,83.99,4403.752,2026,5,1
2026-05-01 09:35:00+00:00,84.0,84.0,83.96,83.96,1817.221,2026,5,1
2026-05-01 09:40:00+00:00,83.96,84.07,83.89,84.07,15262.934,2026,5,1
2026-05-01 09:45:00+00:00,84.06,84.07,83.93,83.94,4353.52,2026,5,1
2026-05-01 09:50:00+00:00,83.94,83.99,83.92,83.92,2526.717,2026,5,1
2026-05-01 09:55:00+00:00,83.93,83.97,83.92,83.97,4710.778,2026,5,1
2026-05-01 10:00:00+00:00,83.96,83.96,83.9,83.9,1713.594,2026,5,1
2026-05-01 10:05:00+00:00,83.91,83.93,83.87,83.87,3191.592,2026,5,1
2026-05-01 10:10:00+00:00,83.88,83.88,83.69,83.82,19274.495,2026,5,1
2026-05-01 10:15:00+00:00,83.83,83.93,83.8,83.93,4491.546,2026,5,1
2026-05-01 10:20:00+00:00,83.93,84.08,83.92,84.01,4209.06,2026,5,1
2026-05-01 10:25:00+00:00,84.01,84.01,83.95,83.98,3447.513,2026,5,1
2026-05-01 10:30:00+00:00,83.97,84.01,83.9,83.92,2840.017,2026,5,1
2026-05-01 10:35:00+00:00,83.92,83.93,83.83,83.84,14233.577,2026,5,1
2026-05-01 10:40:00+00:00,83.83,83.87,83.83,83.87,1722.732,2026,5,1
2026-05-01 10:45:00+00:00,83.87,83.91,83.86,83.91,1624.881,2026,5,1
2026-05-01 10:50:00+00:00,83.91,83.93,83.9,83.93,1370.7,2026,5,1
2026-05-01 10:55:00+00:00,83.93,83.97,83.91,83.95,2192.977,2026,5,1
2026-05-01 11:00:00+00:00,83.96,84.0,83.92,83.93,2080.091,2026,5,1
2026-05-01 11:05:00+00:00,83.93,83.94,83.9,83.93,5009.168,2026,5,1
2026-05-01 11:10:00+00:00,83.93,83.97,83.92,83.97,1094.721,2026,5,1
2026-05-01 11:15:00+00:00,83.97,84.05,83.93,84.05,4987.247,2026,5,1
2026-05-01 11:20:00+00:00,84.05,84.22,83.96,83.98,7597.381,2026,5,1
2026-05-01 11:25:00+00:00,83.98,84.0,83.91,83.92,2051.849,2026,5,1
2026-05-01 11:30:00+00:00,83.93,83.97,83.91,83.92,1876.909,2026,5,1
2026-05-01 11:35:00+00:00,83.92,83.92,83.87,83.91,2102.718,2026,5,1
2026-05-01 11:40:00+00:00,83.92,83.96,83.9,83.95,1712.668,2026,5,1
2026-05-01 11:45:00+00:00,83.95,83.96,83.88,83.91,2845.142,2026,5,1
2026-05-01 11:50:00+00:00,83.9,83.96,83.9,83.94,2674.459,2026,5,1
2026-05-01 11:55:00+00:00,83.94,84.02,83.93,84.01,2179.907,2026,5,1
2026-05-01 12:00:00+00:00,84.01,84.06,83.92,84.03,4049.962,2026,5,1
2026-05-01 12:05:00+00:00,84.03,84.03,83.94,83.96,4669.029,2026,5,1
2026-05-01 12:10:00+00:00,83.97,84.23,83.93,84.1,13320.909,2026,5,1
2026-05-01 12:15:00+00:00,84.09,84.26,84.08,84.23,11460.833,2026,5,1
2026-05-01 12:20:00+00:00,84.22,84.38,84.22,84.37,15914.116,2026,5,1
2026-05-01 12:25:00+00:00,84.36,84.44,84.34,84.37,10999.037,2026,5,1
2026-05-01 12:30:00+00:00,84.37,84.59,84.36,84.41,11879.809,2026,5,1
2026-05-01 12:35:00+00:00,84.41,84.57,84.39,84.45,15464.23,2026,5,1
2026-05-01 12:40:00+00:00,84.45,84.5,84.33,84.34,7357.923,2026,5,1
2026-05-01 12:45:00+00:00,84.34,84.41,84.31,84.38,12235.702,2026,5,1
2026-05-01 12:50:00+00:00,84.38,84.41,84.31,84.31,5555.577,2026,5,1
2026-05-01 12:55:00+00:00,84.31,84.36,84.27,84.27,4068.246,2026,5,1
2026-05-01 13:00:00+00:00,84.27,84.5,84.27,84.49,8770.934,2026,5,1
2026-05-01 13:05:00+00:00,84.49,84.55,84.47,84.49,8711.676,2026,5,1
2026-05-01 13:10:00+00:00,84.49,84.61,84.49,84.53,13134.416,2026,5,1
2026-05-01 13:15:00+00:00,84.53,84.6,84.45,84.46,7305.436,2026,5,1
2026-05-01 13:20:00+00:00,84.46,84.51,84.43,84.44,5166.631,2026,5,1
2026-05-01 13:25:00+00:00,84.43,84.44,84.37,84.39,6059.333,2026,5,1
2026-05-01 13:30:00+00:00,84.39,84.61,84.35,84.52,12150.859,2026,5,1
2026-05-01 13:35:00+00:00,84.51,84.58,84.35,84.37,12611.74,2026,5,1
2026-05-01 13:40:00+00:00,84.37,84.41,84.24,84.33,11980.3,2026,5,1
2026-05-01 13:45:00+00:00,84.33,84.4,84.27,84.36,16863.277,2026,5,1
2026-05-01 13:50:00+00:00,84.36,84.82,84.36,84.7,24868.555,2026,5,1
2026-05-01 13:55:00+00:00,84.71,84.86,84.59,84.6,18225.8,2026,5,1
2026-05-01 14:00:00+00:00,84.61,84.73,84.5,84.55,21474.814,2026,5,1
2026-05-01 14:05:00+00:00,84.55,84.6,84.43,84.52,11104.756,2026,5,1
2026-05-01 14:10:00+00:00,84.52,84.69,84.46,84.47,11864.883,2026,5,1
2026-05-01 14:15:00+00:00,84.46,84.5,84.32,84.33,7373.703,2026,5,1
2026-05-01 14:20:00+00:00,84.34,84.43,84.31,84.32,9243.984,2026,5,1
2026-05-01 14:25:00+00:00,84.31,84.32,84.1,84.17,16921.112,2026,5,1
2026-05-01 14:30:00+00:00,84.17,84.18,84.06,84.08,16266.946,2026,5,1
2026-05-01 14:35:00+00:00,84.08,84.14,83.89,84.1,18764.698,2026,5,1
2026-05-01 14:40:00+00:00,84.11,84.26,84.08,84.2,7512.742,2026,5,1
2026-05-01 14:45:00+00:00,84.2,84.35,84.16,84.3,5905.734,2026,5,1
2026-05-01 14:50:00+00:00,84.3,84.32,84.18,84.18,9084.522,2026,5,1
2026-05-01 14:55:00+00:00,84.18,84.24,84.18,84.22,2762.602,2026,5,1
2026-05-01 15:00:00+00:00,84.21,84.22,84.01,84.13,5358.427,2026,5,1
2026-05-01 15:05:00+00:00,84.12,84.16,84.09,84.15,12335.143,2026,5,1
2026-05-01 15:10:00+00:00,84.15,84.3,84.13,84.3,5948.817,2026,5,1
2026-05-01 15:15:00+00:00,84.29,84.4,84.29,84.39,6464.083,2026,5,1
2026-05-01 15:20:00+00:00,84.38,84.47,84.32,84.33,8487.87,2026,5,1
2026-05-01 15:25:00+00:00,84.32,84.39,84.32,84.37,2859.996,2026,5,1
2026-05-01 15:30:00+00:00,84.37,84.44,84.37,84.44,2692.727,2026,5,1
2026-05-01 15:35:00+00:00,84.44,84.62,84.4,84.52,13145.373,2026,5,1
2026-05-01 15:40:00+00:00,84.53,84.57,84.5,84.51,5927.694,2026,5,1
2026-05-01 15:45:00+00:00,84.52,84.52,84.48,84.51,2790.569,2026,5,1
2026-05-01 15:50:00+00:00,84.5,84.51,84.03,84.37,40401.281,2026,5,1
2026-05-01 15:55:00+00:00,84.38,84.47,84.31,84.47,10179.936,2026,5,1
2026-05-01 16:00:00+00:00,84.46,84.63,84.46,84.52,10729.425,2026,5,1
2026-05-01 16:05:00+00:00,84.53,84.55,84.35,84.35,4954.94,2026,5,1
2026-05-01 16:10:00+00:00,84.35,84.38,84.27,84.27,8338.383,2026,5,1
2026-05-01 16:15:00+00:00,84.27,84.28,84.18,84.21,9182.51,2026,5,1
2026-05-01 16:20:00+00:00,84.2,84.47,84.12,84.27,28432.027,2026,5,1
2026-05-01 16:25:00+00:00,84.26,84.38,84.16,84.29,8698.057,2026,5,1
2026-05-01 16:30:00+00:00,84.29,84.31,84.13,84.23,5075.957,2026,5,1
2026-05-01 16:35:00+00:00,84.23,84.28,84.15,84.27,9629.272,2026,5,1
2026-05-01 16:40:00+00:00,84.26,84.31,84.21,84.23,3037.289,2026,5,1
2026-05-01 16:45:00+00:00,84.23,84.23,84.15,84.17,4549.385,2026,5,1
2026-05-01 16:50:00+00:00,84.16,84.26,84.15,84.26,5177.327,2026,5,1
2026-05-01 16:55:00+00:00,84.26,84.3,83.98,83.99,17661.646,2026,5,1
2026-05-01 17:00:00+00:00,83.99,84.07,83.93,83.94,5994.18,2026,5,1
2026-05-01 17:05:00+00:00,83.93,84.08,83.92,84.07,5888.356,2026,5,1
2026-05-01 17:10:00+00:00,84.08,84.23,84.06,84.23,5167.654,2026,5,1
2026-05-01 17:15:00+00:00,84.23,84.24,84.14,84.17,3869.217,2026,5,1
2026-05-01 17:20:00+00:00,84.18,84.18,84.09,84.11,4946.496,2026,5,1
2026-05-01 17:25:00+00:00,84.12,84.12,83.95,83.99,7285.149,2026,5,1
2026-05-01 17:30:00+00:00,84.0,84.0,83.92,83.96,1857.65,2026,5,1
2026-05-01 17:35:00+00:00,83.97,84.2,83.95,84.18,4206.417,2026,5,1
2026-05-01 17:40:00+00:00,84.18,84.21,84.08,84.11,1581.91,2026,5,1
2026-05-01 17:45:00+00:00,84.11,84.14,84.08,84.14,2082.855,2026,5,1
2026-05-01 17:50:00+00:00,84.13,84.2,84.09,84.17,3823.318,2026,5,1
2026-05-01 17:55:00+00:00,84.16,84.28,84.14,84.23,2643.713,2026,5,1
2026-05-01 18:00:00+00:00,84.23,84.24,84.14,84.2,3432.043,2026,5,1
2026-05-01 18:05:00+00:00,84.2,84.28,84.15,84.2,3632.228,2026,5,1
2026-05-01 18:10:00+00:00,84.21,84.26,84.19,84.23,3262.463,2026,5,1
2026-05-01 18:15:00+00:00,84.23,84.26,84.14,84.23,2255.514,2026,5,1
2026-05-01 18:20:00+00:00,84.24,84.31,84.17,84.18,2722.012,2026,5,1
2026-05-01 18:25:00+00:00,84.17,84.18,84.07,84.18,6189.001,2026,5,1
2026-05-01 18:30:00+00:00,84.18,84.2,84.1,84.12,3054.51,2026,5,1
2026-05-01 18:35:00+00:00,84.11,84.16,84.06,84.14,3487.005,2026,5,1
2026-05-01 18:40:00+00:00,84.14,84.15,84.03,84.05,1826.656,2026,5,1
2026-05-01 18:45:00+00:00,84.04,84.05,84.0,84.02,3523.88,2026,5,1
2026-05-01 18:50:00+00:00,84.02,84.04,84.0,84.0,2577.646,2026,5,1
2026-05-01 18:55:00+00:00,84.01,84.02,83.98,83.99,4396.496,2026,5,1
2026-05-01 19:00:00+00:00,83.99,84.0,83.95,83.99,5759.723,2026,5,1
2026-05-01 19:05:00+00:00,84.0,84.07,83.99,84.05,2742.599,2026,5,1
2026-05-01 19:10:00+00:00,84.05,84.06,84.0,84.04,4754.301,2026,5,1
2026-05-01 19:15:00+00:00,84.04,84.04,83.83,83.88,6772.05,2026,5,1
2026-05-01 19:20:00+00:00,83.89,83.95,83.88,83.94,5493.912,2026,5,1
2026-05-01 19:25:00+00:00,83.94,84.0,83.93,83.94,4371.32,2026,5,1
2026-05-01 19:30:00+00:00,83.94,83.94,83.85,83.88,4267.799,2026,5,1
2026-05-01 19:35:00+00:00,83.87,83.88,83.84,83.87,5250.061,2026,5,1
2026-05-01 19:40:00+00:00,83.87,83.88,83.83,83.84,2707.508,2026,5,1
2026-05-01 19:45:00+00:00,83.84,83.87,83.8,83.82,8286.289,2026,5,1
2026-05-01 19:50:00+00:00,83.82,83.86,83.8,83.83,5790.905,2026,5,1
2026-05-01 19:55:00+00:00,83.82,83.92,83.79,83.9,4428.015,2026,5,1
2026-05-01 20:00:00+00:00,83.9,83.93,83.82,83.85,4035.827,2026,5,1
2026-05-01 20:05:00+00:00,83.86,83.88,83.74,83.87,12189.345,2026,5,1
2026-05-01 20:10:00+00:00,83.86,83.87,83.84,83.85,2342.166,2026,5,1
2026-05-01 20:15:00+00:00,83.84,83.88,83.81,83.81,3923.597,2026,5,1
2026-05-01 20:20:00+00:00,83.81,83.82,83.7,83.73,9251.14,2026,5,1
2026-05-01 20:25:00+00:00,83.73,83.81,83.72,83.8,8328.718,2026,5,1
2026-05-01 20:30:00+00:00,83.8,83.84,83.75,83.75,3463.146,2026,5,1
2026-05-01 20:35:00+00:00,83.74,83.79,83.72,83.73,2377.261,2026,5,1
2026-05-01 20:40:00+00:00,83.72,83.73,83.52,83.62,11809.232,2026,5,1
2026-05-01 20:45:00+00:00,83.63,83.71,83.61,83.63,4237.408,2026,5,1
2026-05-01 20:50:00+00:00,83.64,83.65,83.34,83.46,20602.885,2026,5,1
2026-05-01 20:55:00+00:00,83.46,83.49,83.33,83.49,9610.361,2026,5,1
2026-05-01 21:00:00+00:00,83.48,83.58,83.45,83.47,5958.409,2026,5,1
2026-05-01 21:05:00+00:00,83.47,83.5,83.41,83.49,4183.138,2026,5,1
2026-05-01 21:10:00+00:00,83.49,83.56,83.48,83.53,4156.63,2026,5,1
2026-05-01 21:15:00+00:00,83.53,83.58,83.5,83.56,2623.019,2026,5,1
2026-05-01 21:20:00+00:00,83.56,83.62,83.55,83.59,3924.359,2026,5,1
2026-05-01 21:25:00+00:00,83.6,83.66,83.58,83.6,2348.627,2026,5,1
2026-05-01 21:30:00+00:00,83.6,83.76,83.59,83.71,5087.26,2026,5,1
2026-05-01 21:35:00+00:00,83.71,83.76,83.7,83.75,3866.119,2026,5,1
2026-05-01 21:40:00+00:00,83.76,83.8,83.65,83.66,5916.838,2026,5,1
2026-05-01 21:45:00+00:00,83.67,83.75,83.67,83.73,3156.431,2026,5,1
2026-05-01 21:50:00+00:00,83.74,83.75,83.67,83.73,2944.77,2026,5,1
2026-05-01 21:55:00+00:00,83.74,83.77,83.71,83.72,2796.407,2026,5,1
2026-05-01 22:00:00+00:00,83.72,83.81,83.69,83.73,5414.547,2026,5,1
2026-05-01 22:05:00+00:00,83.73,83.77,83.68,83.76,2842.453,2026,5,1
2026-05-01 22:10:00+00:00,83.76,83.76,83.7,83.71,2525.911,2026,5,1
2026-05-01 22:15:00+00:00,83.71,83.83,83.7,83.82,2520.055,2026,5,1
2026-05-01 22:20:00+00:00,83.83,83.89,83.82,83.89,3233.088,2026,5,1
2026-05-01 22:25:00+00:00,83.89,83.89,83.8,83.81,2603.666,2026,5,1
2026-05-01 22:30:00+00:00,83.8,83.82,83.76,83.76,2380.562,2026,5,1
2026-05-01 22:35:00+00:00,83.75,83.75,83.7,83.72,2121.114,2026,5,1
2026-05-01 22:40:00+00:00,83.72,83.75,83.7,83.74,1653.724,2026,5,1
2026-05-01 22:45:00+00:00,83.74,83.74,83.57,83.6,3460.775,2026,5,1
2026-05-01 22:50:00+00:00,83.6,83.7,83.59,83.69,1894.139,2026,5,1
2026-05-01 22:55:00+00:00,83.7,83.77,83.69,83.75,2310.343,2026,5,1
2026-05-01 23:00:00+00:00,83.74,83.74,83.67,83.74,8923.969,2026,5,1
2026-05-01 23:05:00+00:00,83.73,83.75,83.66,83.7,3628.277,2026,5,1
2026-05-01 23:10:00+00:00,83.69,83.81,83.69,83.79,2544.647,2026,5,1
2026-05-01 23:15:00+00:00,83.8,83.9,83.56,83.56,38314.957,2026,5,1
2026-05-01 23:20:00+00:00,83.57,83.68,83.56,83.66,3782.387,2026,5,1
2026-05-01 23:25:00+00:00,83.66,83.67,83.56,83.58,2122.711,2026,5,1
2026-05-01 23:30:00+00:00,83.58,83.63,83.58,83.63,3001.011,2026,5,1
2026-05-01 23:35:00+00:00,83.63,83.7,83.62,83.7,1555.941,2026,5,1
2026-05-01 23:40:00+00:00,83.7,83.72,83.69,83.69,3637.504,2026,5,1
2026-05-01 23:45:00+00:00,83.69,83.73,83.69,83.72,2030.388,2026,5,1
2026-05-01 23:50:00+00:00,83.72,83.74,83.68,83.7,3046.22,2026,5,1
2026-05-01 23:55:00+00:00,83.69,83.77,83.69,83.76,2093.754,2026,5,1
2026-05-02 00:00:00+00:00,83.76,83.78,83.71,83.71,3547.825,2026,5,2
2026-05-02 00:05:00+00:00,83.71,83.71,83.66,83.68,1199.037,2026,5,2
2026-05-02 00:10:00+00:00,83.67,83.69,83.65,83.67,1225.943,2026,5,2
2026-05-02 00:15:00+00:00,83.66,83.67,83.6,83.61,1808.378,2026,5,2
2026-05-02 00:20:00+00:00,83.6,83.68,83.58,83.68,4243.781,2026,5,2
2026-05-02 00:25:00+00:00,83.68,83.7,83.53,83.54,2883.105,2026,5,2
2026-05-02 00:30:00+00:00,83.53,83.59,83.53,83.55,3418.488,2026,5,2
2026-05-02 00:35:00+00:00,83.56,83.7,83.44,83.68,33118.305,2026,5,2
2026-05-02 00:40:00+00:00,83.69,83.76,83.68,83.75,2733.589,2026,5,2
2026-05-02 00:45:00+00:00,83.75,83.78,83.7,83.76,2939.977,2026,5,2
2026-05-02 00:50:00+00:00,83.76,83.87,83.75,83.82,3096.776,2026,5,2
2026-05-02 00:55:00+00:00,83.81,83.84,83.8,83.82,997.411,2026,5,2
2026-05-02 01:00:00+00:00,83.83,83.83,83.77,83.8,2607.431,2026,5,2
2026-05-02 01:05:00+00:00,83.79,83.92,83.79,83.91,2226.915,2026,5,2
2026-05-02 01:10:00+00:00,83.92,83.92,83.85,83.91,1793.36,2026,5,2
2026-05-02 01:15:00+00:00,83.9,83.91,83.81,83.82,1684.134,2026,5,2
2026-05-02 01:20:00+00:00,83.82,83.84,83.8,83.84,1106.245,2026,5,2
2026-05-02 01:25:00+00:00,83.84,83.84,83.8,83.83,952.144,2026,5,2
2026-05-02 01:30:00+00:00,83.84,83.97,83.83,83.95,3569.994,2026,5,2
2026-05-02 01:35:00+00:00,83.96,83.96,83.85,83.93,2884.118,2026,5,2
2026-05-02 01:40:00+00:00,83.93,83.97,83.9,83.97,1148.328,2026,5,2
2026-05-02 01:45:00+00:00,83.96,84.0,83.95,83.99,2805.438,2026,5,2
2026-05-02 01:50:00+00:00,83.99,84.05,83.98,84.04,2832.426,2026,5,2
2026-05-02 01:55:00+00:00,84.03,84.04,83.99,84.03,2381.261,2026,5,2
2026-05-02 02:00:00+00:00,84.04,84.18,83.94,83.97,18179.696,2026,5,2
2026-05-02 02:05:00+00:00,83.97,83.97,83.9,83.9,2429.669,2026,5,2
2026-05-02 02:10:00+00:00,83.91,84.05,83.86,83.97,8635.379,2026,5,2
2026-05-02 02:15:00+00:00,83.97,84.02,83.96,84.02,4025.199,2026,5,2
2026-05-02 02:20:00+00:00,84.02,84.02,83.97,83.98,1554.758,2026,5,2
2026-05-02 02:25:00+00:00,83.97,83.99,83.9,83.91,2227.256,2026,5,2
2026-05-02 02:30:00+00:00,83.92,83.95,83.9,83.94,1210.848,2026,5,2
2026-05-02 02:35:00+00:00,83.94,84.0,83.93,84.0,826.113,2026,5,2
2026-05-02 02:40:00+00:00,84.0,84.02,83.93,83.93,1191.921,2026,5,2
2026-05-02 02:45:00+00:00,83.94,83.97,83.91,83.92,2094.502,2026,5,2
2026-05-02 02:50:00+00:00,83.92,84.11,83.92,83.99,3883.768,2026,5,2
2026-05-02 02:55:00+00:00,83.99,84.02,83.94,83.95,3267.971,2026,5,2
2026-05-02 03:00:00+00:00,83.94,83.95,83.89,83.93,1972.137,2026,5,2
2026-05-02 03:05:00+00:00,83.93,83.93,83.8,83.81,1908.426,2026,5,2
2026-05-02 03:10:00+00:00,83.8,83.81,83.7,83.76,9660.13,2026,5,2
2026-05-02 03:15:00+00:00,83.77,83.83,83.74,83.81,1443.99,2026,5,2
2026-05-02 03:20:00+00:00,83.8,83.9,83.8,83.87,2889.313,2026,5,2
2026-05-02 03:25:00+00:00,83.87,83.91,83.86,83.88,2490.615,2026,5,2
2026-05-02 03:30:00+00:00,83.88,83.92,83.83,83.91,1726.014,2026,5,2
2026-05-02 03:35:00+00:00,83.91,83.98,83.85,83.86,2572.377,2026,5,2
2026-05-02 03:40:00+00:00,83.86,83.86,83.79,83.81,884.066,2026,5,2
2026-05-02 03:45:00+00:00,83.81,83.81,83.78,83.78,1177.185,2026,5,2
2026-05-02 03:50:00+00:00,83.78,83.83,83.78,83.83,1024.674,2026,5,2
2026-05-02 03:55:00+00:00,83.82,83.87,83.82,83.82,2128.155,2026,5,2
2026-05-02 04:00:00+00:00,83.82,83.83,83.77,83.77,1083.145,2026,5,2
2026-05-02 04:05:00+00:00,83.77,83.78,83.64,83.67,5541.51,2026,5,2
2026-05-02 04:10:00+00:00,83.67,83.7,83.66,83.68,2108.234,2026,5,2
2026-05-02 04:15:00+00:00,83.67,83.7,83.65,83.69,1023.732,2026,5,2
2026-05-02 04:20:00+00:00,83.68,83.7,83.65,83.68,1164.997,2026,5,2
2026-05-02 04:25:00+00:00,83.68,83.69,83.66,83.69,4759.568,2026,5,2
2026-05-02 04:30:00+00:00,83.69,83.72,83.66,83.71,1185.392,2026,5,2
2026-05-02 04:35:00+00:00,83.71,83.75,83.7,83.7,995.136,2026,5,2
2026-05-02 04:40:00+00:00,83.69,83.7,83.65,83.67,2556.623,2026,5,2
2026-05-02 04:45:00+00:00,83.67,83.74,83.56,83.65,10991.126,2026,5,2
2026-05-02 04:50:00+00:00,83.66,83.66,83.59,83.64,4739.237,2026,5,2
2026-05-02 04:55:00+00:00,83.63,83.65,83.6,83.64,1374.092,2026,5,2
2026-05-02 05:00:00+00:00,83.64,83.65,83.6,83.63,1841.667,2026,5,2
2026-05-02 05:05:00+00:00,83.63,83.68,83.62,83.65,1685.104,2026,5,2
2026-05-02 05:10:00+00:00,83.65,83.67,83.56,83.58,5524.409,2026,5,2
2026-05-02 05:15:00+00:00,83.58,83.6,83.54,83.55,1968.379,2026,5,2
2026-05-02 05:20:00+00:00,83.56,83.6,83.55,83.6,1817.839,2026,5,2
2026-05-02 05:25:00+00:00,83.6,83.65,83.6,83.65,1389.699,2026,5,2
2026-05-02 05:30:00+00:00,83.65,83.71,83.64,83.69,1155.739,2026,5,2
2026-05-02 05:35:00+00:00,83.68,83.72,83.67,83.71,1702.757,2026,5,2
2026-05-02 05:40:00+00:00,83.71,83.72,83.69,83.7,1649.386,2026,5,2
2026-05-02 05:45:00+00:00,83.69,83.75,83.67,83.7,2786.214,2026,5,2
2026-05-02 05:50:00+00:00,83.69,83.74,83.66,83.72,3594.217,2026,5,2
2026-05-02 05:55:00+00:00,83.72,83.73,83.7,83.7,655.721,2026,5,2
2026-05-02 06:00:00+00:00,83.71,83.75,83.7,83.75,1885.608,2026,5,2
2026-05-02 06:05:00+00:00,83.75,83.8,83.74,83.75,1489.238,2026,5,2
2026-05-02 06:10:00+00:00,83.75,83.75,83.67,83.67,1784.276,2026,5,2
2026-05-02 06:15:00+00:00,83.67,83.7,83.67,83.69,1571.864,2026,5,2
2026-05-02 06:20:00+00:00,83.69,83.69,83.61,83.63,2160.096,2026,5,2
2026-05-02 06:25:00+00:00,83.64,83.65,83.58,83.59,2018.464,2026,5,2
2026-05-02 06:30:00+00:00,83.58,83.61,83.58,83.6,1241.071,2026,5,2
2026-05-02 06:35:00+00:00,83.6,83.65,83.6,83.64,1155.205,2026,5,2
2026-05-02 06:40:00+00:00,83.64,83.67,83.64,83.67,1456.358,2026,5,2
2026-05-02 06:45:00+00:00,83.66,83.73,83.66,83.72,1266.076,2026,5,2
2026-05-02 06:50:00+00:00,83.73,83.8,83.72,83.79,2354.228,2026,5,2
2026-05-02 06:55:00+00:00,83.79,83.85,83.78,83.82,2622.069,2026,5,2
2026-05-02 07:00:00+00:00,83.83,83.86,83.8,83.81,2824.019,2026,5,2
2026-05-02 07:05:00+00:00,83.8,83.81,83.79,83.79,933.459,2026,5,2
2026-05-02 07:10:00+00:00,83.8,83.8,83.78,83.79,2478.416,2026,5,2
2026-05-02 07:15:00+00:00,83.8,83.8,83.75,83.77,4467.992,2026,5,2
2026-05-02 07:20:00+00:00,83.77,83.82,83.77,83.81,1711.793,2026,5,2
2026-05-02 07:25:00+00:00,83.81,83.82,83.78,83.79,1892.383,2026,5,2
2026-05-02 07:30:00+00:00,83.79,83.79,83.74,83.74,2440.409,2026,5,2
2026-05-02 07:35:00+00:00,83.75,83.77,83.74,83.75,2244.031,2026,5,2
2026-05-02 07:40:00+00:00,83.75,83.76,83.72,83.75,3332.694,2026,5,2
2026-05-02 07:45:00+00:00,83.75,83.77,83.73,83.73,1679.653,2026,5,2
2026-05-02 07:50:00+00:00,83.74,83.74,83.72,83.74,1425.46,2026,5,2
2026-05-02 07:55:00+00:00,83.74,83.75,83.73,83.74,1285.71,2026,5,2
2026-05-02 08:00:00+00:00,83.73,83.74,83.64,83.69,2140.319,2026,5,2
2026-05-02 08:05:00+00:00,83.7,83.7,83.66,83.69,1814.798,2026,5,2
2026-05-02 08:10:00+00:00,83.69,83.72,83.68,83.72,806.189,2026,5,2
2026-05-02 08:15:00+00:00,83.72,83.72,83.67,83.69,1638.913,2026,5,2
2026-05-02 08:20:00+00:00,83.7,83.73,83.69,83.73,1042.024,2026,5,2
2026-05-02 08:25:00+00:00,83.73,83.75,83.72,83.73,1310.173,2026,5,2
2026-05-02 08:30:00+00:00,83.74,83.79,83.73,83.78,3091.844,2026,5,2
2026-05-02 08:35:00+00:00,83.79,83.8,83.77,83.8,1803.537,2026,5,2
2026-05-02 08:40:00+00:00,83.8,83.86,83.79,83.83,4260.629,2026,5,2
2026-05-02 08:45:00+00:00,83.83,83.86,83.83,83.85,1466.028,2026,5,2
2026-05-02 08:50:00+00:00,83.85,83.89,83.85,83.88,5262.821,2026,5,2
2026-05-02 08:55:00+00:00,83.88,83.88,83.82,83.85,4730.091,2026,5,2
2026-05-02 09:00:00+00:00,83.85,83.86,83.83,83.85,2016.92,2026,5,2
2026-05-02 09:05:00+00:00,83.85,83.89,83.85,83.89,809.676,2026,5,2
2026-05-02 09:10:00+00:00,83.89,83.9,83.88,83.88,1744.697,2026,5,2
2026-05-02 09:15:00+00:00,83.89,83.93,83.88,83.92,4256.758,2026,5,2
2026-05-02 09:20:00+00:00,83.93,83.98,83.92,83.96,3016.082,2026,5,2
2026-05-02 09:25:00+00:00,83.95,83.96,83.94,83.94,6143.902,2026,5,2
2026-05-02 09:30:00+00:00,83.95,83.98,83.86,83.97,6702.038,2026,5,2
2026-05-02 09:35:00+00:00,83.98,84.07,83.97,83.98,9516.488,2026,5,2
2026-05-02 09:40:00+00:00,83.98,84.01,83.95,84.0,4931.561,2026,5,2
2026-05-02 09:45:00+00:00,83.99,84.05,83.99,84.02,5063.131,2026,5,2
2026-05-02 09:50:00+00:00,84.02,84.07,84.01,84.07,2363.671,2026,5,2
2026-05-02 09:55:00+00:00,84.06,84.17,83.97,84.0,23722.628,2026,5,2
2026-05-02 10:00:00+00:00,84.01,84.01,83.97,84.01,4581.621,2026,5,2
2026-05-02 10:05:00+00:00,84.01,84.01,83.95,83.97,2620.426,2026,5,2
2026-05-02 10:10:00+00:00,83.98,83.98,83.97,83.97,1170.06,2026,5,2
2026-05-02 10:15:00+00:00,83.97,83.99,83.95,83.96,3816.466,2026,5,2
2026-05-02 10:20:00+00:00,83.95,83.96,83.89,83.89,1714.453,2026,5,2
2026-05-02 10:25:00+00:00,83.89,83.92,83.89,83.91,933.594,2026,5,2
2026-05-02 10:30:00+00:00,83.92,83.92,83.87,83.9,716.229,2026,5,2
2026-05-02 10:35:00+00:00,83.9,83.92,83.9,83.92,363.432,2026,5,2
2026-05-02 10:40:00+00:00,83.92,83.93,83.9,83.93,819.682,2026,5,2
2026-05-02 10:45:00+00:00,83.94,83.96,83.91,83.94,2516.155,2026,5,2
2026-05-02 10:50:00+00:00,83.94,83.96,83.94,83.94,1418.659,2026,5,2
2026-05-02 10:55:00+00:00,83.95,83.97,83.94,83.95,1026.409,2026,5,2
2026-05-02 11:00:00+00:00,83.94,83.94,83.86,83.87,1952.408,2026,5,2
2026-05-02 11:05:00+00:00,83.88,83.88,83.83,83.84,1221.609,2026,5,2
2026-05-02 11:10:00+00:00,83.83,83.83,83.78,83.79,3125.659,2026,5,2
2026-05-02 11:15:00+00:00,83.78,83.81,83.78,83.79,1031.166,2026,5,2
2026-05-02 11:20:00+00:00,83.8,83.81,83.77,83.79,1670.0,2026,5,2
2026-05-02 11:25:00+00:00,83.8,83.8,83.76,83.77,2481.07,2026,5,2
2026-05-02 11:30:00+00:00,83.77,83.77,83.66,83.66,5085.215,2026,5,2
2026-05-02 11:35:00+00:00,83.67,83.72,83.52,83.71,14281.492,2026,5,2
2026-05-02 11:40:00+00:00,83.71,83.72,83.64,83.69,4382.24,2026,5,2
2026-05-02 11:45:00+00:00,83.69,83.69,83.61,83.61,1351.718,2026,5,2
2026-05-02 11:50:00+00:00,83.61,83.67,83.61,83.67,5164.622,2026,5,2
2026-05-02 11:55:00+00:00,83.67,83.7,83.66,83.7,2622.602,2026,5,2
2026-05-02 12:00:00+00:00,83.7,83.73,83.67,83.73,4187.161,2026,5,2
2026-05-02 12:05:00+00:00,83.74,83.82,83.73,83.75,4739.599,2026,5,2
2026-05-02 12:10:00+00:00,83.75,83.8,83.75,83.79,1932.375,2026,5,2
2026-05-02 12:15:00+00:00,83.79,83.84,83.79,83.84,1546.442,2026,5,2
2026-05-02 12:20:00+00:00,83.83,83.92,83.82,83.9,7131.322,2026,5,2
2026-05-02 12:25:00+00:00,83.91,84.06,83.9,84.06,8751.13,2026,5,2
2026-05-02 12:30:00+00:00,84.06,84.11,83.86,83.93,18354.563,2026,5,2
2026-05-02 12:35:00+00:00,83.93,83.95,83.82,83.82,12492.194,2026,5,2
2026-05-02 12:40:00+00:00,83.82,83.96,83.77,83.92,8555.287,2026,5,2
2026-05-02 12:45:00+00:00,83.93,83.94,83.92,83.94,866.014,2026,5,2
2026-05-02 12:50:00+00:00,83.94,83.99,83.81,83.83,11344.175,2026,5,2
2026-05-02 12:55:00+00:00,83.83,83.92,83.82,83.86,7664.682,2026,5,2
2026-05-02 13:00:00+00:00,83.87,83.98,83.86,83.97,2881.885,2026,5,2
2026-05-02 13:05:00+00:00,83.97,84.01,83.93,83.96,8607.504,2026,5,2
2026-05-02 13:10:00+00:00,83.97,84.08,83.97,84.01,9401.18,2026,5,2
2026-05-02 13:15:00+00:00,84.0,84.0,83.96,83.97,4366.025,2026,5,2
2026-05-02 13:20:00+00:00,83.98,84.02,83.96,83.96,3546.582,2026,5,2
2026-05-02 13:25:00+00:00,83.97,83.97,83.95,83.96,1163.059,2026,5,2
2026-05-02 13:30:00+00:00,83.96,83.96,83.92,83.94,1975.244,2026,5,2
2026-05-02 13:35:00+00:00,83.93,83.94,83.89,83.91,1036.829,2026,5,2
2026-05-02 13:40:00+00:00,83.91,83.98,83.9,83.97,1378.809,2026,5,2
2026-05-02 13:45:00+00:00,83.97,83.98,83.92,83.92,1843.04,2026,5,2
2026-05-02 13:50:00+00:00,83.93,83.94,83.89,83.91,2248.65,2026,5,2
2026-05-02 13:55:00+00:00,83.92,83.99,83.92,83.94,2468.332,2026,5,2
2026-05-02 14:00:00+00:00,83.95,84.02,83.91,84.0,7852.403,2026,5,2
2026-05-02 14:05:00+00:00,83.99,84.01,83.95,83.96,2313.64,2026,5,2
2026-05-02 14:10:00+00:00,83.95,83.96,83.93,83.95,887.409,2026,5,2
2026-05-02 14:15:00+00:00,83.95,84.01,83.94,84.0,2597.942,2026,5,2
2026-05-02 14:20:00+00:00,83.99,84.01,83.98,83.99,1760.793,2026,5,2
2026-05-02 14:25:00+00:00,83.98,84.1,83.98,84.01,6491.375,2026,5,2
2026-05-02 14:30:00+00:00,84.0,84.05,83.98,84.04,1753.38,2026,5,2
2026-05-02 14:35:00+00:00,84.05,84.05,83.96,83.96,2323.493,2026,5,2
2026-05-02 14:40:00+00:00,83.97,83.97,83.95,83.95,900.867,2026,5,2
2026-05-02 14:45:00+00:00,83.96,84.02,83.95,84.02,2338.624,2026,5,2
2026-05-02 14:50:00+00:00,84.01,84.08,83.99,84.0,2906.749,2026,5,2
2026-05-02 14:55:00+00:00,84.0,84.0,83.97,83.98,1084.118,2026,5,2
2026-05-02 15:00:00+00:00,83.98,83.99,83.97,83.99,1234.637,2026,5,2
2026-05-02 15:05:00+00:00,83.99,84.07,83.98,84.01,1847.221,2026,5,2
2026-05-02 15:10:00+00:00,84.0,84.01,83.97,83.99,1173.127,2026,5,2
2026-05-02 15:15:00+00:00,83.99,83.99,83.93,83.94,2011.078,2026,5,2
2026-05-02 15:20:00+00:00,83.94,84.0,83.93,83.99,2084.931,2026,5,2
2026-05-02 15:25:00+00:00,83.98,84.0,83.98,84.0,1057.836,2026,5,2
2026-05-02 15:30:00+00:00,84.0,84.0,83.95,84.0,2257.83,2026,5,2
2026-05-02 15:35:00+00:00,84.0,84.01,83.98,83.98,1220.455,2026,5,2
2026-05-02 15:40:00+00:00,83.99,83.99,83.97,83.97,1440.192,2026,5,2
2026-05-02 15:45:00+00:00,83.98,84.0,83.96,83.98,3591.658,2026,5,2
2026-05-02 15:50:00+00:00,83.99,84.05,83.98,84.04,1689.436,2026,5,2
2026-05-02 15:55:00+00:00,84.04,84.07,84.03,84.04,2145.757,2026,5,2
2026-05-02 16:00:00+00:00,84.04,84.06,84.02,84.04,1892.79,2026,5,2
2026-05-02 16:05:00+00:00,84.04,84.08,84.02,84.05,3683.804,2026,5,2
2026-05-02 16:10:00+00:00,84.05,84.11,84.05,84.11,3496.772,2026,5,2
2026-05-02 16:15:00+00:00,84.1,84.18,84.08,84.16,5562.802,2026,5,2
2026-05-02 16:20:00+00:00,84.17,84.21,84.13,84.13,13074.882,2026,5,2
2026-05-02 16:25:00+00:00,84.13,84.14,84.08,84.08,3429.1,2026,5,2
2026-05-02 16:30:00+00:00,84.08,84.09,84.05,84.05,3617.746,2026,5,2
2026-05-02 16:35:00+00:00,84.06,84.13,84.05,84.1,3782.887,2026,5,2
2026-05-02 16:40:00+00:00,84.1,84.2,84.09,84.11,5049.638,2026,5,2
2026-05-02 16:45:00+00:00,84.11,84.16,84.1,84.16,1487.694,2026,5,2
2026-05-02 16:50:00+00:00,84.15,84.24,84.15,84.22,2828.019,2026,5,2
2026-05-02 16:55:00+00:00,84.22,84.28,84.16,84.2,2974.92,2026,5,2
2026-05-02 17:00:00+00:00,84.2,84.21,84.12,84.15,3719.409,2026,5,2
2026-05-02 17:05:00+00:00,84.14,84.15,84.08,84.13,1708.659,2026,5,2
2026-05-02 17:10:00+00:00,84.13,84.15,84.1,84.1,1041.83,2026,5,2
2026-05-02 17:15:00+00:00,84.11,84.12,84.08,84.08,1002.322,2026,5,2
2026-05-02 17:20:00+00:00,84.08,84.09,84.04,84.04,2597.42,2026,5,2
2026-05-02 17:25:00+00:00,84.05,84.08,84.03,84.05,2997.856,2026,5,2
2026-05-02 17:30:00+00:00,84.05,84.11,84.05,84.11,2507.526,2026,5,2
2026-05-02 17:35:00+00:00,84.1,84.15,84.1,84.12,1284.116,2026,5,2
2026-05-02 17:40:00+00:00,84.12,84.12,84.02,84.04,940.951,2026,5,2
2026-05-02 17:45:00+00:00,84.04,84.05,84.02,84.02,552.883,2026,5,2
2026-05-02 17:50:00+00:00,84.01,84.04,84.0,84.03,2729.436,2026,5,2
2026-05-02 17:55:00+00:00,84.03,84.05,84.03,84.05,1992.852,2026,5,2
2026-05-02 18:00:00+00:00,84.04,84.06,83.97,83.98,7583.519,2026,5,2
2026-05-02 18:05:00+00:00,83.99,84.04,83.96,83.98,9514.666,2026,5,2
2026-05-02 18:10:00+00:00,83.98,83.99,83.95,83.97,2796.101,2026,5,2
2026-05-02 18:15:00+00:00,83.97,84.08,83.97,84.06,3223.413,2026,5,2
2026-05-02 18:20:00+00:00,84.07,84.13,84.06,84.11,3487.599,2026,5,2
2026-05-02 18:25:00+00:00,84.11,84.14,84.1,84.13,1093.562,2026,5,2
2026-05-02 18:30:00+00:00,84.13,84.19,84.12,84.17,1601.284,2026,5,2
2026-05-02 18:35:00+00:00,84.18,84.19,84.14,84.14,2111.827,2026,5,2
2026-05-02 18:40:00+00:00,84.14,84.18,84.14,84.15,1557.692,2026,5,2
2026-05-02 18:45:00+00:00,84.16,84.21,84.15,84.21,1929.187,2026,5,2
2026-05-02 18:50:00+00:00,84.2,84.22,84.18,84.2,1602.961,2026,5,2
2026-05-02 18:55:00+00:00,84.2,84.21,84.19,84.19,1079.643,2026,5,2
2026-05-02 19:00:00+00:00,84.2,84.22,84.17,84.21,957.438,2026,5,2
2026-05-02 19:05:00+00:00,84.22,84.24,84.21,84.23,1105.395,2026,5,2
2026-05-02 19:10:00+00:00,84.24,84.31,84.23,84.29,2959.139,2026,5,2
2026-05-02 19:15:00+00:00,84.3,84.3,84.23,84.23,1809.673,2026,5,2
2026-05-02 19:20:00+00:00,84.23,84.24,84.19,84.21,3701.566,2026,5,2
2026-05-02 19:25:00+00:00,84.22,84.23,84.21,84.21,594.811,2026,5,2
2026-05-02 19:30:00+00:00,84.22,84.24,84.19,84.23,997.667,2026,5,2
2026-05-02 19:35:00+00:00,84.22,84.24,84.22,84.23,1175.5,2026,5,2
2026-05-02 19:40:00+00:00,84.22,84.28,84.22,84.25,2143.832,2026,5,2
2026-05-02 19:45:00+00:00,84.25,84.26,84.23,84.24,732.251,2026,5,2
2026-05-02 19:50:00+00:00,84.25,84.25,84.21,84.22,1213.921,2026,5,2
2026-05-02 19:55:00+00:00,84.21,84.23,84.21,84.22,1302.25,2026,5,2
2026-05-02 20:00:00+00:00,84.23,84.23,84.16,84.17,1516.815,2026,5,2
2026-05-02 20:05:00+00:00,84.16,84.18,84.16,84.17,736.22,2026,5,2
2026-05-02 20:10:00+00:00,84.18,84.18,84.17,84.17,574.218,2026,5,2
2026-05-02 20:15:00+00:00,84.17,84.18,84.17,84.18,1858.193,2026,5,2
2026-05-02 20:20:00+00:00,84.18,84.2,84.18,84.18,716.596,2026,5,2
2026-05-02 20:25:00+00:00,84.18,84.18,84.17,84.17,677.426,2026,5,2
2026-05-02 20:30:00+00:00,84.18,84.21,84.17,84.2,2117.592,2026,5,2
2026-05-02 20:35:00+00:00,84.2,84.22,84.19,84.21,1583.635,2026,5,2
2026-05-02 20:40:00+00:00,84.22,84.22,84.15,84.16,1372.617,2026,5,2
2026-05-02 20:45:00+00:00,84.17,84.17,84.09,84.13,4521.246,2026,5,2
2026-05-02 20:50:00+00:00,84.13,84.21,84.13,84.2,1438.31,2026,5,2
2026-05-02 20:55:00+00:00,84.2,84.2,84.15,84.18,3639.532,2026,5,2
2026-05-02 21:00:00+00:00,84.19,84.21,84.18,84.18,2190.152,2026,5,2
2026-05-02 21:05:00+00:00,84.18,84.2,84.18,84.19,930.446,2026,5,2
2026-05-02 21:10:00+00:00,84.18,84.19,84.15,84.16,1974.375,2026,5,2
2026-05-02 21:15:00+00:00,84.16,84.24,84.16,84.24,2147.548,2026,5,2
2026-05-02 21:20:00+00:00,84.24,84.26,84.23,84.25,2411.381,2026,5,2
2026-05-02 21:25:00+00:00,84.24,84.35,84.24,84.34,3746.182,2026,5,2
2026-05-02 21:30:00+00:00,84.34,84.44,84.34,84.44,4992.081,2026,5,2
2026-05-02 21:35:00+00:00,84.44,84.97,84.39,84.69,40969.308,2026,5,2
2026-05-02 21:40:00+00:00,84.68,84.7,84.55,84.64,12013.21,2026,5,2
2026-05-02 21:45:00+00:00,84.64,84.8,84.64,84.75,13756.456,2026,5,2
2026-05-02 21:50:00+00:00,84.75,84.89,84.53,84.54,12735.787,2026,5,2
2026-05-02 21:55:00+00:00,84.55,84.62,84.54,84.55,5822.15,2026,5,2
2026-05-02 22:00:00+00:00,84.55,84.64,84.43,84.48,6377.186,2026,5,2
2026-05-02 22:05:00+00:00,84.48,84.51,84.42,84.44,3324.141,2026,5,2
2026-05-02 22:10:00+00:00,84.45,84.46,84.41,84.43,2357.209,2026,5,2
2026-05-02 22:15:00+00:00,84.43,84.44,84.24,84.27,6928.438,2026,5,2
2026-05-02 22:20:00+00:00,84.27,84.27,84.09,84.1,9800.323,2026,5,2
2026-05-02 22:25:00+00:00,84.11,84.33,84.07,84.23,12868.835,2026,5,2
2026-05-02 22:30:00+00:00,84.24,84.36,84.23,84.36,3218.956,2026,5,2
2026-05-02 22:35:00+00:00,84.37,84.38,84.26,84.26,1894.206,2026,5,2
2026-05-02 22:40:00+00:00,84.27,84.3,84.19,84.24,3406.724,2026,5,2
2026-05-02 22:45:00+00:00,84.23,84.33,84.23,84.32,5093.784,2026,5,2
2026-05-02 22:50:00+00:00,84.33,84.48,84.28,84.45,6876.863,2026,5,2
2026-05-02 22:55:00+00:00,84.45,84.55,84.44,84.46,5433.222,2026,5,2
2026-05-02 23:00:00+00:00,84.45,84.45,84.32,84.34,2207.173,2026,5,2
2026-05-02 23:05:00+00:00,84.35,84.36,84.3,84.33,9613.822,2026,5,2
2026-05-02 23:10:00+00:00,84.33,84.39,84.31,84.37,12868.394,2026,5,2
2026-05-02 23:15:00+00:00,84.37,84.42,84.37,84.39,1839.874,2026,5,2
2026-05-02 23:20:00+00:00,84.38,84.45,84.38,84.42,1835.618,2026,5,2
2026-05-02 23:25:00+00:00,84.42,84.49,84.4,84.48,2029.843,2026,5,2
2026-05-02 23:30:00+00:00,84.48,84.51,84.46,84.46,1301.256,2026,5,2
2026-05-02 23:35:00+00:00,84.47,84.48,84.39,84.4,3304.86,2026,5,2
2026-05-02 23:40:00+00:00,84.39,84.41,84.37,84.37,1267.367,2026,5,2
2026-05-02 23:45:00+00:00,84.37,84.38,84.31,84.33,8233.12,2026,5,2
2026-05-02 23:50:00+00:00,84.34,84.41,84.3,84.41,3804.08,2026,5,2
2026-05-02 23:55:00+00:00,84.41,84.48,84.22,84.26,30409.513,2026,5,2
2026-05-03 00:00:00+00:00,84.26,84.31,84.18,84.19,5733.775,2026,5,3
2026-05-03 00:05:00+00:00,84.19,84.19,84.06,84.1,7682.908,2026,5,3
2026-05-03 00:10:00+00:00,84.09,84.09,83.96,83.98,7235.078,2026,5,3
2026-05-03 00:15:00+00:00,83.97,84.1,83.83,84.08,37609.111,2026,5,3
2026-05-03 00:20:00+00:00,84.07,84.13,84.04,84.05,10122.494,2026,5,3
2026-05-03 00:25:00+00:00,84.05,84.13,84.04,84.13,3968.853,2026,5,3
2026-05-03 00:30:00+00:00,84.13,84.19,84.11,84.16,2465.078,2026,5,3
2026-05-03 00:35:00+00:00,84.17,84.17,84.15,84.16,3134.521,2026,5,3
2026-05-03 00:40:00+00:00,84.17,84.17,84.05,84.09,5189.831,2026,5,3
2026-05-03 00:45:00+00:00,84.08,84.1,83.94,83.98,6124.159,2026,5,3
2026-05-03 00:50:00+00:00,83.98,84.03,83.97,84.02,7487.627,2026,5,3
2026-05-03 00:55:00+00:00,84.02,84.08,84.01,84.08,4584.91,2026,5,3
2026-05-03 01:00:00+00:00,84.08,84.08,83.82,83.97,10596.152,2026,5,3
2026-05-03 01:05:00+00:00,83.97,84.01,83.94,83.98,2990.785,2026,5,3
2026-05-03 01:10:00+00:00,83.98,83.98,83.94,83.97,3138.785,2026,5,3
2026-05-03 01:15:00+00:00,83.98,84.0,83.82,83.83,3615.23,2026,5,3
2026-05-03 01:20:00+00:00,83.84,83.87,83.78,83.87,4195.16,2026,5,3
2026-05-03 01:25:00+00:00,83.86,83.89,83.84,83.87,2801.459,2026,5,3
2026-05-03 01:30:00+00:00,83.86,83.87,83.8,83.81,5258.605,2026,5,3
2026-05-03 01:35:00+00:00,83.8,83.81,83.73,83.75,3278.359,2026,5,3
2026-05-03 01:40:00+00:00,83.76,83.77,83.74,83.77,7326.431,2026,5,3
2026-05-03 01:45:00+00:00,83.77,83.82,83.72,83.82,10573.55,2026,5,3
2026-05-03 01:50:00+00:00,83.81,83.82,83.74,83.75,2648.892,2026,5,3
2026-05-03 01:55:00+00:00,83.75,83.75,83.74,83.75,2086.669,2026,5,3
2026-05-03 02:00:00+00:00,83.74,83.81,83.68,83.8,10458.777,2026,5,3
2026-05-03 02:05:00+00:00,83.79,83.81,83.76,83.77,6735.453,2026,5,3
2026-05-03 02:10:00+00:00,83.77,83.78,83.61,83.69,9558.535,2026,5,3
2026-05-03 02:15:00+00:00,83.7,83.7,83.63,83.64,2756.301,2026,5,3
2026-05-03 02:20:00+00:00,83.64,83.64,83.61,83.62,4546.911,2026,5,3
2026-05-03 02:25:00+00:00,83.62,83.63,83.61,83.61,1939.272,2026,5,3
2026-05-03 02:30:00+00:00,83.62,83.71,83.61,83.69,5925.288,2026,5,3
2026-05-03 02:35:00+00:00,83.69,83.69,83.6,83.63,3369.902,2026,5,3
2026-05-03 02:40:00+00:00,83.62,83.65,83.62,83.63,1336.785,2026,5,3
2026-05-03 02:45:00+00:00,83.64,83.69,83.63,83.68,1780.341,2026,5,3
2026-05-03 02:50:00+00:00,83.67,83.72,83.66,83.68,2820.86,2026,5,3
2026-05-03 02:55:00+00:00,83.68,83.68,83.65,83.66,1209.964,2026,5,3
2026-05-03 03:00:00+00:00,83.66,83.67,83.6,83.61,3883.013,2026,5,3
2026-05-03 03:05:00+00:00,83.61,83.63,83.6,83.63,1648.184,2026,5,3
2026-05-03 03:10:00+00:00,83.63,83.63,83.59,83.59,1254.362,2026,5,3
2026-05-03 03:15:00+00:00,83.6,83.62,83.59,83.61,3872.08,2026,5,3
2026-05-03 03:20:00+00:00,83.61,83.64,83.58,83.58,5876.104,2026,5,3
2026-05-03 03:25:00+00:00,83.59,83.65,83.58,83.63,1638.446,2026,5,3
2026-05-03 03:30:00+00:00,83.63,83.72,83.63,83.71,2905.789,2026,5,3
2026-05-03 03:35:00+00:00,83.71,83.74,83.7,83.72,2252.741,2026,5,3
2026-05-03 03:40:00+00:00,83.72,83.72,83.61,83.62,4521.577,2026,5,3
2026-05-03 03:45:00+00:00,83.62,83.68,83.58,83.67,3414.642,2026,5,3
2026-05-03 03:50:00+00:00,83.68,83.69,83.65,83.68,1780.119,2026,5,3
2026-05-03 03:55:00+00:00,83.68,83.69,83.66,83.67,1568.168,2026,5,3
2026-05-03 04:00:00+00:00,83.66,83.69,83.63,83.64,6200.436,2026,5,3
2026-05-03 04:05:00+00:00,83.63,83.66,83.58,83.59,3520.488,2026,5,3
2026-05-03 04:10:00+00:00,83.58,83.65,83.58,83.63,1844.86,2026,5,3
2026-05-03 04:15:00+00:00,83.62,83.66,83.62,83.64,2026.673,2026,5,3
2026-05-03 04:20:00+00:00,83.64,83.66,83.62,83.66,2670.257,2026,5,3
2026-05-03 04:25:00+00:00,83.66,83.68,83.64,83.68,1990.953,2026,5,3
2026-05-03 04:30:00+00:00,83.68,83.72,83.67,83.71,4938.474,2026,5,3
2026-05-03 04:35:00+00:00,83.71,83.73,83.69,83.71,1009.081,2026,5,3
2026-05-03 04:40:00+00:00,83.71,83.76,83.69,83.69,2941.172,2026,5,3
2026-05-03 04:45:00+00:00,83.7,83.72,83.68,83.68,2606.133,2026,5,3
2026-05-03 04:50:00+00:00,83.68,83.73,83.67,83.73,1841.152,2026,5,3
2026-05-03 04:55:00+00:00,83.73,83.73,83.69,83.7,1028.03,2026,5,3
2026-05-03 05:00:00+00:00,83.7,83.8,83.69,83.8,3514.502,2026,5,3
2026-05-03 05:05:00+00:00,83.8,83.86,83.78,83.81,2409.787,2026,5,3
2026-05-03 05:10:00+00:00,83.81,83.82,83.79,83.8,1316.935,2026,5,3
2026-05-03 05:15:00+00:00,83.81,83.85,83.76,83.76,2753.738,2026,5,3
2026-05-03 05:20:00+00:00,83.77,83.78,83.76,83.77,659.318,2026,5,3
2026-05-03 05:25:00+00:00,83.76,83.78,83.75,83.76,959.648,2026,5,3
2026-05-03 05:30:00+00:00,83.77,83.8,83.75,83.8,1290.225,2026,5,3
2026-05-03 05:35:00+00:00,83.79,83.79,83.74,83.75,1550.699,2026,5,3
2026-05-03 05:40:00+00:00,83.75,83.75,83.69,83.69,3374.205,2026,5,3
2026-05-03 05:45:00+00:00,83.69,83.75,83.67,83.74,2636.001,2026,5,3
2026-05-03 05:50:00+00:00,83.74,83.76,83.74,83.76,620.296,2026,5,3
2026-05-03 05:55:00+00:00,83.75,83.76,83.75,83.76,676.351,2026,5,3
2026-05-03 06:00:00+00:00,83.75,83.76,83.7,83.72,1493.994,2026,5,3
2026-05-03 06:05:00+00:00,83.71,83.72,83.67,83.69,1393.906,2026,5,3
2026-05-03 06:10:00+00:00,83.69,83.73,83.65,83.65,1744.584,2026,5,3
2026-05-03 06:15:00+00:00,83.66,83.68,83.66,83.67,1164.731,2026,5,3
2026-05-03 06:20:00+00:00,83.67,83.67,83.66,83.66,294.251,2026,5,3
2026-05-03 06:25:00+00:00,83.67,83.67,83.6,83.63,1872.563,2026,5,3
2026-05-03 06:30:00+00:00,83.62,83.68,83.62,83.67,1016.041,2026,5,3
2026-05-03 06:35:00+00:00,83.66,83.68,83.66,83.67,1184.714,2026,5,3
2026-05-03 06:40:00+00:00,83.67,83.69,83.64,83.69,1610.131,2026,5,3
2026-05-03 06:45:00+00:00,83.69,83.7,83.68,83.7,1294.392,2026,5,3
2026-05-03 06:50:00+00:00,83.69,83.88,83.69,83.84,4472.182,2026,5,3
2026-05-03 06:55:00+00:00,83.83,83.84,83.75,83.76,1236.508,2026,5,3
2026-05-03 07:00:00+00:00,83.76,83.9,83.75,83.87,2579.254,2026,5,3
2026-05-03 07:05:00+00:00,83.87,83.97,83.86,83.9,6725.42,2026,5,3
2026-05-03 07:10:00+00:00,83.9,83.92,83.82,83.84,2717.02,2026,5,3
2026-05-03 07:15:00+00:00,83.85,83.87,83.84,83.85,699.184,2026,5,3
2026-05-03 07:20:00+00:00,83.85,83.93,83.85,83.92,1072.072,2026,5,3
2026-05-03 07:25:00+00:00,83.93,83.98,83.92,83.93,5869.106,2026,5,3
2026-05-03 07:30:00+00:00,83.92,84.01,83.92,83.95,14911.402,2026,5,3
2026-05-03 07:35:00+00:00,83.94,83.98,83.94,83.98,2734.428,2026,5,3
2026-05-03 07:40:00+00:00,83.97,84.02,83.88,83.94,13145.7,2026,5,3
2026-05-03 07:45:00+00:00,83.94,83.98,83.91,83.94,4251.685,2026,5,3
2026-05-03 07:50:00+00:00,83.94,83.95,83.88,83.89,8325.854,2026,5,3
2026-05-03 07:55:00+00:00,83.89,83.9,83.86,83.88,1827.064,2026,5,3
2026-05-03 08:00:00+00:00,83.88,83.97,83.87,83.96,2011.11,2026,5,3
2026-05-03 08:05:00+00:00,83.96,84.0,83.95,83.96,2426.36,2026,5,3
2026-05-03 08:10:00+00:00,83.95,83.98,83.94,83.97,1272.629,2026,5,3
2026-05-03 08:15:00+00:00,83.98,84.03,83.97,83.98,4515.698,2026,5,3
2026-05-03 08:20:00+00:00,83.98,84.0,83.9,83.9,2317.089,2026,5,3
2026-05-03 08:25:00+00:00,83.9,83.92,83.84,83.86,2041.6,2026,5,3
2026-05-03 08:30:00+00:00,83.87,83.89,83.83,83.84,2270.264,2026,5,3
2026-05-03 08:35:00+00:00,83.84,83.93,83.84,83.91,1663.926,2026,5,3
2026-05-03 08:40:00+00:00,83.91,83.93,83.89,83.92,636.659,2026,5,3
2026-05-03 08:45:00+00:00,83.93,83.96,83.92,83.92,1264.922,2026,5,3
2026-05-03 08:50:00+00:00,83.93,83.94,83.91,83.92,1040.979,2026,5,3
2026-05-03 08:55:00+00:00,83.92,83.93,83.89,83.9,1168.238,2026,5,3
2026-05-03 09:00:00+00:00,83.89,83.9,83.88,83.89,1129.719,2026,5,3
2026-05-03 09:05:00+00:00,83.9,83.97,83.89,83.96,3199.719,2026,5,3
2026-05-03 09:10:00+00:00,83.97,83.97,83.94,83.95,1143.619,2026,5,3
2026-05-03 09:15:00+00:00,83.96,83.96,83.89,83.92,2969.229,2026,5,3
2026-05-03 09:20:00+00:00,83.92,83.99,83.91,83.99,2379.708,2026,5,3
2026-05-03 09:25:00+00:00,83.99,84.05,83.99,84.02,3493.092,2026,5,3
2026-05-03 09:30:00+00:00,84.03,84.03,83.91,83.95,5143.432,2026,5,3
2026-05-03 09:35:00+00:00,83.94,84.11,83.94,84.08,11672.124,2026,5,3
2026-05-03 09:40:00+00:00,84.09,84.09,84.01,84.01,4114.03,2026,5,3
2026-05-03 09:45:00+00:00,84.02,84.02,83.97,84.02,1889.616,2026,5,3
2026-05-03 09:50:00+00:00,84.02,84.07,84.01,84.05,1335.649,2026,5,3
2026-05-03 09:55:00+00:00,84.06,84.06,84.04,84.06,3343.952,2026,5,3
2026-05-03 10:00:00+00:00,84.06,84.06,84.01,84.01,3799.205,2026,5,3
2026-05-03 10:05:00+00:00,84.02,84.02,83.92,83.98,3464.926,2026,5,3
2026-05-03 10:10:00+00:00,83.98,84.02,83.98,84.02,964.522,2026,5,3
2026-05-03 10:15:00+00:00,84.02,84.02,84.0,84.02,1882.276,2026,5,3
2026-05-03 10:20:00+00:00,84.02,84.03,83.97,83.98,3422.568,2026,5,3
2026-05-03 10:25:00+00:00,83.98,83.98,83.94,83.96,2090.652,2026,5,3
2026-05-03 10:30:00+00:00,83.96,84.04,83.95,84.03,2698.54,2026,5,3
2026-05-03 10:35:00+00:00,84.02,84.03,83.98,83.98,1992.178,2026,5,3
2026-05-03 10:40:00+00:00,83.99,84.01,83.94,83.96,3457.825,2026,5,3
2026-05-03 10:45:00+00:00,83.96,83.96,83.85,83.86,2179.507,2026,5,3
2026-05-03 10:50:00+00:00,83.85,83.88,83.85,83.88,1375.59,2026,5,3
2026-05-03 10:55:00+00:00,83.88,83.88,83.82,83.83,2231.536,2026,5,3
2026-05-03 11:00:00+00:00,83.82,83.84,83.75,83.79,10073.866,2026,5,3
2026-05-03 11:05:00+00:00,83.78,83.85,83.78,83.84,2000.78,2026,5,3
2026-05-03 11:10:00+00:00,83.85,83.97,83.84,83.91,7512.643,2026,5,3
2026-05-03 11:15:00+00:00,83.91,83.92,83.87,83.87,5147.193,2026,5,3
2026-05-03 11:20:00+00:00,83.87,83.88,83.86,83.88,572.883,2026,5,3
2026-05-03 11:25:00+00:00,83.87,83.88,83.87,83.88,1490.17,2026,5,3
2026-05-03 11:30:00+00:00,83.87,84.0,83.87,83.99,4443.087,2026,5,3
2026-05-03 11:35:00+00:00,83.98,84.04,83.96,83.97,4291.207,2026,5,3
2026-05-03 11:40:00+00:00,83.98,84.15,83.98,84.06,7070.646,2026,5,3
2026-05-03 11:45:00+00:00,84.07,84.2,84.02,84.14,15630.333,2026,5,3
2026-05-03 11:50:00+00:00,84.14,84.15,83.96,84.0,9345.097,2026,5,3
2026-05-03 11:55:00+00:00,84.01,84.01,83.95,83.96,1757.478,2026,5,3
2026-05-03 12:00:00+00:00,83.96,84.08,83.95,84.04,4131.278,2026,5,3
2026-05-03 12:05:00+00:00,84.04,84.15,84.01,84.09,3297.695,2026,5,3
2026-05-03 12:10:00+00:00,84.1,84.24,84.1,84.18,6311.225,2026,5,3
2026-05-03 12:15:00+00:00,84.19,84.2,84.1,84.1,5287.674,2026,5,3
2026-05-03 12:20:00+00:00,84.11,84.13,84.09,84.13,3103.099,2026,5,3
2026-05-03 12:25:00+00:00,84.12,84.16,84.09,84.15,5867.006,2026,5,3
2026-05-03 12:30:00+00:00,84.14,84.15,84.09,84.12,5900.552,2026,5,3
2026-05-03 12:35:00+00:00,84.12,84.13,84.09,84.09,2865.91,2026,5,3
2026-05-03 12:40:00+00:00,84.09,84.14,84.09,84.14,3421.993,2026,5,3
2026-05-03 12:45:00+00:00,84.14,84.18,84.13,84.15,4846.693,2026,5,3
2026-05-03 12:50:00+00:00,84.15,84.15,84.12,84.13,1561.488,2026,5,3
2026-05-03 12:55:00+00:00,84.13,84.13,84.08,84.11,1750.599,2026,5,3
2026-05-03 13:00:00+00:00,84.11,84.12,84.07,84.12,3912.39,2026,5,3
2026-05-03 13:05:00+00:00,84.12,84.17,84.11,84.16,2611.811,2026,5,3
2026-05-03 13:10:00+00:00,84.17,84.22,84.17,84.21,2505.443,2026,5,3
2026-05-03 13:15:00+00:00,84.21,84.22,84.1,84.1,3245.754,2026,5,3
2026-05-03 13:20:00+00:00,84.1,84.14,84.09,84.14,1574.129,2026,5,3
2026-05-03 13:25:00+00:00,84.13,84.14,84.04,84.09,3209.897,2026,5,3
2026-05-03 13:30:00+00:00,84.08,84.14,84.08,84.13,2261.083,2026,5,3
2026-05-03 13:35:00+00:00,84.13,84.15,84.12,84.13,1043.869,2026,5,3
2026-05-03 13:40:00+00:00,84.13,84.14,84.01,84.03,2817.279,2026,5,3
2026-05-03 13:45:00+00:00,84.03,84.1,83.99,84.04,3969.92,2026,5,3
2026-05-03 13:50:00+00:00,84.04,84.09,84.03,84.07,2204.699,2026,5,3
2026-05-03 13:55:00+00:00,84.08,84.12,84.08,84.1,2204.421,2026,5,3
2026-05-03 14:00:00+00:00,84.1,84.23,84.1,84.2,4963.732,2026,5,3
2026-05-03 14:05:00+00:00,84.19,84.23,84.16,84.21,5457.555,2026,5,3
2026-05-03 14:10:00+00:00,84.21,84.26,84.21,84.26,1174.58,2026,5,3
2026-05-03 14:15:00+00:00,84.26,84.33,84.22,84.27,5703.39,2026,5,3
2026-05-03 14:20:00+00:00,84.26,84.27,84.15,84.22,10264.074,2026,5,3
2026-05-03 14:25:00+00:00,84.22,84.28,84.22,84.27,7337.743,2026,5,3
2026-05-03 14:30:00+00:00,84.28,84.33,84.26,84.32,4786.052,2026,5,3
2026-05-03 14:35:00+00:00,84.32,84.35,84.32,84.33,4267.927,2026,5,3
2026-05-03 14:40:00+00:00,84.32,84.34,84.3,84.33,2537.131,2026,5,3
2026-05-03 14:45:00+00:00,84.34,84.37,84.26,84.3,6564.256,2026,5,3
2026-05-03 14:50:00+00:00,84.3,84.43,84.29,84.4,5577.667,2026,5,3
2026-05-03 14:55:00+00:00,84.4,84.45,84.35,84.37,6364.578,2026,5,3
2026-05-03 15:00:00+00:00,84.37,84.44,84.36,84.37,11018.396,2026,5,3
2026-05-03 15:05:00+00:00,84.36,84.39,84.31,84.32,3864.507,2026,5,3
2026-05-03 15:10:00+00:00,84.32,84.32,84.22,84.29,7217.46,2026,5,3
2026-05-03 15:15:00+00:00,84.29,84.33,84.28,84.33,3146.638,2026,5,3
2026-05-03 15:20:00+00:00,84.32,84.33,84.25,84.29,3367.882,2026,5,3
2026-05-03 15:25:00+00:00,84.28,84.35,84.28,84.34,3471.601,2026,5,3
2026-05-03 15:30:00+00:00,84.34,84.4,84.26,84.26,3090.894,2026,5,3
2026-05-03 15:35:00+00:00,84.27,84.28,84.2,84.22,2232.778,2026,5,3
2026-05-03 15:40:00+00:00,84.21,84.23,84.18,84.22,2390.426,2026,5,3
2026-05-03 15:45:00+00:00,84.22,84.22,84.12,84.13,2192.001,2026,5,3
2026-05-03 15:50:00+00:00,84.13,84.16,84.11,84.12,5424.454,2026,5,3
2026-05-03 15:55:00+00:00,84.13,84.16,84.13,84.16,7147.049,2026,5,3
2026-05-03 16:00:00+00:00,84.16,84.22,84.15,84.17,2947.67,2026,5,3
2026-05-03 16:05:00+00:00,84.17,84.17,84.04,84.06,7647.208,2026,5,3
2026-05-03 16:10:00+00:00,84.06,84.06,84.02,84.05,1827.555,2026,5,3
2026-05-03 16:15:00+00:00,84.05,84.09,84.04,84.04,2308.694,2026,5,3
2026-05-03 16:20:00+00:00,84.05,84.15,84.01,84.13,5982.868,2026,5,3
2026-05-03 16:25:00+00:00,84.13,84.16,84.12,84.16,1547.54,2026,5,3
2026-05-03 16:30:00+00:00,84.15,84.23,84.14,84.23,1927.595,2026,5,3
2026-05-03 16:35:00+00:00,84.24,84.29,84.17,84.2,1538.173,2026,5,3
2026-05-03 16:40:00+00:00,84.2,84.21,84.18,84.19,945.008,2026,5,3
2026-05-03 16:45:00+00:00,84.2,84.22,84.16,84.17,1363.589,2026,5,3
2026-05-03 16:50:00+00:00,84.17,84.21,84.16,84.18,1695.956,2026,5,3
2026-05-03 16:55:00+00:00,84.18,84.18,84.13,84.14,1273.214,2026,5,3
2026-05-03 17:00:00+00:00,84.15,84.15,84.0,84.05,4910.903,2026,5,3
2026-05-03 17:05:00+00:00,84.06,84.11,84.03,84.09,1991.593,2026,5,3
2026-05-03 17:10:00+00:00,84.09,84.2,84.08,84.18,1525.171,2026,5,3
2026-05-03 17:15:00+00:00,84.19,84.26,84.19,84.26,1225.662,2026,5,3
2026-05-03 17:20:00+00:00,84.26,84.31,84.19,84.29,4934.399,2026,5,3
2026-05-03 17:25:00+00:00,84.29,84.3,84.24,84.24,2622.213,2026,5,3
2026-05-03 17:30:00+00:00,84.24,84.28,84.21,84.26,2563.121,2026,5,3
2026-05-03 17:35:00+00:00,84.26,84.33,84.26,84.26,3533.004,2026,5,3
2026-05-03 17:40:00+00:00,84.26,84.29,84.24,84.25,1666.771,2026,5,3
2026-05-03 17:45:00+00:00,84.26,84.26,84.21,84.25,1349.372,2026,5,3
2026-05-03 17:50:00+00:00,84.25,84.25,84.19,84.21,2216.775,2026,5,3
2026-05-03 17:55:00+00:00,84.22,84.22,84.18,84.2,1886.73,2026,5,3
2026-05-03 18:00:00+00:00,84.2,84.21,84.16,84.16,2628.727,2026,5,3
2026-05-03 18:05:00+00:00,84.17,84.18,84.14,84.17,1291.107,2026,5,3
2026-05-03 18:10:00+00:00,84.17,84.17,84.15,84.16,1351.464,2026,5,3
2026-05-03 18:15:00+00:00,84.16,84.19,84.11,84.19,2597.985,2026,5,3
2026-05-03 18:20:00+00:00,84.19,84.19,84.15,84.18,1276.722,2026,5,3
2026-05-03 18:25:00+00:00,84.18,84.26,84.17,84.21,1746.929,2026,5,3
2026-05-03 18:30:00+00:00,84.22,84.24,84.15,84.16,2390.799,2026,5,3
2026-05-03 18:35:00+00:00,84.16,84.23,84.15,84.19,2695.243,2026,5,3
2026-05-03 18:40:00+00:00,84.2,84.24,84.19,84.23,1491.688,2026,5,3
2026-05-03 18:45:00+00:00,84.24,84.28,84.23,84.28,1436.356,2026,5,3
2026-05-03 18:50:00+00:00,84.28,84.32,84.27,84.28,7135.298,2026,5,3
2026-05-03 18:55:00+00:00,84.28,84.29,84.23,84.26,2163.181,2026,5,3
2026-05-03 19:00:00+00:00,84.26,84.29,84.26,84.27,1464.956,2026,5,3
2026-05-03 19:05:00+00:00,84.27,84.34,84.26,84.3,3105.934,2026,5,3
2026-05-03 19:10:00+00:00,84.29,84.3,84.25,84.27,1509.721,2026,5,3
2026-05-03 19:15:00+00:00,84.28,84.29,84.24,84.27,5806.683,2026,5,3
2026-05-03 19:20:00+00:00,84.26,84.29,84.25,84.28,1817.127,2026,5,3
2026-05-03 19:25:00+00:00,84.28,84.3,84.27,84.3,642.49,2026,5,3
2026-05-03 19:30:00+00:00,84.3,84.5,84.29,84.45,5598.262,2026,5,3
2026-05-03 19:35:00+00:00,84.46,84.47,84.39,84.42,3830.589,2026,5,3
2026-05-03 19:40:00+00:00,84.41,84.45,84.41,84.45,1739.482,2026,5,3
2026-05-03 19:45:00+00:00,84.45,84.46,84.34,84.4,3240.49,2026,5,3
2026-05-03 19:50:00+00:00,84.4,84.41,84.38,84.39,848.725,2026,5,3
2026-05-03 19:55:00+00:00,84.39,84.39,84.37,84.38,1183.433,2026,5,3
2026-05-03 20:00:00+00:00,84.37,84.45,84.36,84.37,3423.809,2026,5,3
2026-05-03 20:05:00+00:00,84.36,84.39,84.36,84.38,3558.305,2026,5,3
2026-05-03 20:10:00+00:00,84.38,84.42,84.37,84.38,1939.395,2026,5,3
2026-05-03 20:15:00+00:00,84.37,84.41,84.33,84.39,3666.312,2026,5,3
2026-05-03 20:20:00+00:00,84.39,84.58,84.38,84.51,6293.241,2026,5,3
2026-05-03 20:25:00+00:00,84.52,84.56,84.46,84.5,4281.744,2026,5,3
2026-05-03 20:30:00+00:00,84.5,84.56,84.48,84.52,5026.603,2026,5,3
2026-05-03 20:35:00+00:00,84.52,84.73,84.52,84.54,25630.737,2026,5,3
2026-05-03 20:40:00+00:00,84.55,84.56,84.44,84.45,3586.989,2026,5,3
2026-05-03 20:45:00+00:00,84.46,84.48,84.25,84.27,3628.252,2026,5,3
2026-05-03 20:50:00+00:00,84.26,84.35,84.26,84.32,6370.677,2026,5,3
2026-05-03 20:55:00+00:00,84.32,84.35,84.31,84.34,883.948,2026,5,3
2026-05-03 21:00:00+00:00,84.34,84.35,84.26,84.3,3933.181,2026,5,3
2026-05-03 21:05:00+00:00,84.31,84.37,84.31,84.34,3247.458,2026,5,3
2026-05-03 21:10:00+00:00,84.34,84.46,84.34,84.46,3194.435,2026,5,3
2026-05-03 21:15:00+00:00,84.46,84.46,84.4,84.4,1986.043,2026,5,3
2026-05-03 21:20:00+00:00,84.4,84.42,84.36,84.36,8501.842,2026,5,3
2026-05-03 21:25:00+00:00,84.37,84.37,84.3,84.32,5203.751,2026,5,3
2026-05-03 21:30:00+00:00,84.32,84.4,84.3,84.37,8413.405,2026,5,3
2026-05-03 21:35:00+00:00,84.37,84.39,84.32,84.33,5083.9,2026,5,3
2026-05-03 21:40:00+00:00,84.32,84.32,83.9,83.98,14666.227,2026,5,3
2026-05-03 21:45:00+00:00,83.97,84.01,83.88,83.97,9040.051,2026,5,3
2026-05-03 21:50:00+00:00,83.98,84.08,83.96,84.08,2953.005,2026,5,3
2026-05-03 21:55:00+00:00,84.08,84.14,84.07,84.14,3006.205,2026,5,3
2026-05-03 22:00:00+00:00,84.14,84.65,84.14,84.54,31959.201,2026,5,3
2026-05-03 22:05:00+00:00,84.54,84.57,84.36,84.43,7066.498,2026,5,3
2026-05-03 22:10:00+00:00,84.43,84.85,84.43,84.76,22668.63,2026,5,3
2026-05-03 22:15:00+00:00,84.75,84.97,84.56,84.78,32001.708,2026,5,3
2026-05-03 22:20:00+00:00,84.78,84.79,84.48,84.53,9134.697,2026,5,3
2026-05-03 22:25:00+00:00,84.53,84.61,84.51,84.58,4592.043,2026,5,3
2026-05-03 22:30:00+00:00,84.58,84.63,84.46,84.62,10238.683,2026,5,3
2026-05-03 22:35:00+00:00,84.63,84.64,84.51,84.59,2669.755,2026,5,3
2026-05-03 22:40:00+00:00,84.59,84.79,84.59,84.74,11850.646,2026,5,3
2026-05-03 22:45:00+00:00,84.74,84.86,84.73,84.8,9377.338,2026,5,3
2026-05-03 22:50:00+00:00,84.8,84.8,84.62,84.63,6364.263,2026,5,3
2026-05-03 22:55:00+00:00,84.63,84.69,84.62,84.68,10872.486,2026,5,3
2026-05-03 23:00:00+00:00,84.67,84.77,84.62,84.76,4412.474,2026,5,3
2026-05-03 23:05:00+00:00,84.77,84.79,84.61,84.62,6856.988,2026,5,3
2026-05-03 23:10:00+00:00,84.61,84.63,84.49,84.54,5734.539,2026,5,3
2026-05-03 23:15:00+00:00,84.55,84.58,84.44,84.47,6504.066,2026,5,3
2026-05-03 23:20:00+00:00,84.47,84.47,83.99,84.17,16089.764,2026,5,3
2026-05-03 23:25:00+00:00,84.17,84.18,84.05,84.07,3387.838,2026,5,3
2026-05-03 23:30:00+00:00,84.07,84.16,84.01,84.02,8413.972,2026,5,3
2026-05-03 23:35:00+00:00,84.02,84.09,83.99,84.08,11035.73,2026,5,3
2026-05-03 23:40:00+00:00,84.08,84.09,83.97,84.02,10933.12,2026,5,3
2026-05-03 23:45:00+00:00,84.01,84.01,83.88,83.93,14702.783,2026,5,3
2026-05-03 23:50:00+00:00,83.94,83.95,83.89,83.95,6636.602,2026,5,3
2026-05-03 23:55:00+00:00,83.94,83.95,83.87,83.91,9475.623,2026,5,3
2026-05-04 00:00:00+00:00,83.91,83.91,83.71,83.78,16231.169,2026,5,4
2026-05-04 00:05:00+00:00,83.77,83.82,83.67,83.69,26916.089,2026,5,4
2026-05-04 00:10:00+00:00,83.69,83.78,83.63,83.78,13046.596,2026,5,4
2026-05-04 00:15:00+00:00,83.78,83.79,83.62,83.65,9300.952,2026,5,4
2026-05-04 00:20:00+00:00,83.64,83.66,83.42,83.45,28454.828,2026,5,4
2026-05-04 00:25:00+00:00,83.44,83.48,83.35,83.44,12760.24,2026,5,4
2026-05-04 00:30:00+00:00,83.44,83.55,83.39,83.51,15695.581,2026,5,4
2026-05-04 00:35:00+00:00,83.5,83.5,83.38,83.4,8126.908,2026,5,4
2026-05-04 00:40:00+00:00,83.4,83.47,83.4,83.46,14396.026,2026,5,4
2026-05-04 00:45:00+00:00,83.46,83.61,83.46,83.6,7965.901,2026,5,4
2026-05-04 00:50:00+00:00,83.6,83.62,83.52,83.6,6337.237,2026,5,4
2026-05-04 00:55:00+00:00,83.59,83.83,83.59,83.78,6367.998,2026,5,4
2026-05-04 01:00:00+00:00,83.78,83.9,83.63,83.64,6493.619,2026,5,4
2026-05-04 01:05:00+00:00,83.65,83.74,83.63,83.73,2342.922,2026,5,4
2026-05-04 01:10:00+00:00,83.73,83.73,83.62,83.7,4426.674,2026,5,4
2026-05-04 01:15:00+00:00,83.7,83.76,83.57,83.57,15475.918,2026,5,4
2026-05-04 01:20:00+00:00,83.58,83.59,83.43,83.46,15332.075,2026,5,4
2026-05-04 01:25:00+00:00,83.47,83.6,83.44,83.58,11473.837,2026,5,4
2026-05-04 01:30:00+00:00,83.58,84.43,83.57,84.21,22402.946,2026,5,4
2026-05-04 01:35:00+00:00,84.21,84.24,83.98,84.1,5825.693,2026,5,4
2026-05-04 01:40:00+00:00,84.11,84.16,84.0,84.03,9180.608,2026,5,4
2026-05-04 01:45:00+00:00,84.02,84.27,84.01,84.26,5895.938,2026,5,4
2026-05-04 01:50:00+00:00,84.25,84.61,84.23,84.43,27922.296,2026,5,4
2026-05-04 01:55:00+00:00,84.44,84.93,84.44,84.77,64417.403,2026,5,4
2026-05-04 02:00:00+00:00,84.77,85.25,84.77,84.97,109872.0,2026,5,4
2026-05-04 02:05:00+00:00,84.97,85.17,84.94,85.15,27992.554,2026,5,4
2026-05-04 02:10:00+00:00,85.16,85.16,85.0,85.01,23181.687,2026,5,4
2026-05-04 02:15:00+00:00,85.02,85.16,84.92,85.08,26718.818,2026,5,4
2026-05-04 02:20:00+00:00,85.07,85.2,84.81,84.9,69511.867,2026,5,4
2026-05-04 02:25:00+00:00,84.9,85.07,84.74,85.05,16886.897,2026,5,4
2026-05-04 02:30:00+00:00,85.05,85.26,85.05,85.17,23689.296,2026,5,4
2026-05-04 02:35:00+00:00,85.17,85.55,85.13,85.4,64108.459,2026,5,4
2026-05-04 02:40:00+00:00,85.39,85.67,85.34,85.51,67593.384,2026,5,4
2026-05-04 02:45:00+00:00,85.51,85.55,85.35,85.43,18183.202,2026,5,4
2026-05-04 02:50:00+00:00,85.44,85.57,85.43,85.49,13978.302,2026,5,4
2026-05-04 02:55:00+00:00,85.49,85.57,85.25,85.26,14901.002,2026,5,4
2026-05-04 03:00:00+00:00,85.26,85.35,85.21,85.32,16939.262,2026,5,4
2026-05-04 03:05:00+00:00,85.31,85.5,85.31,85.43,9451.615,2026,5,4
2026-05-04 03:10:00+00:00,85.43,85.58,85.42,85.58,14432.617,2026,5,4
2026-05-04 03:15:00+00:00,85.57,85.57,85.43,85.45,10359.541,2026,5,4
2026-05-04 03:20:00+00:00,85.46,85.56,85.34,85.34,11990.296,2026,5,4
2026-05-04 03:25:00+00:00,85.34,85.36,85.24,85.3,7167.328,2026,5,4
2026-05-04 03:30:00+00:00,85.31,85.37,85.29,85.31,8510.81,2026,5,4
2026-05-04 03:35:00+00:00,85.31,85.34,85.21,85.22,9272.278,2026,5,4
2026-05-04 03:40:00+00:00,85.23,85.24,85.11,85.22,9768.502,2026,5,4
2026-05-04 03:45:00+00:00,85.22,85.4,85.18,85.35,8324.877,2026,5,4
2026-05-04 03:50:00+00:00,85.35,85.4,85.32,85.36,6537.42,2026,5,4
2026-05-04 03:55:00+00:00,85.36,85.42,85.35,85.41,2536.079,2026,5,4
2026-05-04 04:00:00+00:00,85.4,85.49,85.38,85.46,10899.374,2026,5,4
2026-05-04 04:05:00+00:00,85.47,85.49,85.38,85.43,14828.392,2026,5,4
2026-05-04 04:10:00+00:00,85.43,85.56,85.38,85.53,11730.419,2026,5,4
2026-05-04 04:15:00+00:00,85.53,85.79,85.5,85.72,16994.607,2026,5,4
2026-05-04 04:20:00+00:00,85.72,85.8,85.5,85.57,29945.861,2026,5,4
2026-05-04 04:25:00+00:00,85.56,85.71,85.56,85.7,8012.079,2026,5,4
2026-05-04 04:30:00+00:00,85.69,85.84,85.69,85.81,13601.885,2026,5,4
2026-05-04 04:35:00+00:00,85.82,85.9,85.76,85.77,16580.763,2026,5,4
2026-05-04 04:40:00+00:00,85.77,85.84,85.76,85.83,7736.55,2026,5,4
2026-05-04 04:45:00+00:00,85.83,85.86,85.79,85.8,12350.183,2026,5,4
2026-05-04 04:50:00+00:00,85.79,85.84,85.71,85.8,10513.724,2026,5,4
2026-05-04 04:55:00+00:00,85.8,85.8,85.7,85.76,7710.046,2026,5,4
2026-05-04 05:00:00+00:00,85.77,85.8,85.63,85.68,6479.908,2026,5,4
2026-05-04 05:05:00+00:00,85.68,85.78,85.62,85.68,15304.689,2026,5,4
2026-05-04 05:10:00+00:00,85.68,85.69,85.54,85.66,16688.84,2026,5,4
2026-05-04 05:15:00+00:00,85.66,85.66,85.28,85.45,43856.098,2026,5,4
2026-05-04 05:20:00+00:00,85.44,85.5,85.39,85.45,7701.988,2026,5,4
2026-05-04 05:25:00+00:00,85.44,85.47,85.38,85.41,28811.957,2026,5,4
2026-05-04 05:30:00+00:00,85.42,85.42,85.35,85.37,23863.233,2026,5,4
2026-05-04 05:35:00+00:00,85.38,85.5,85.37,85.5,5879.206,2026,5,4
2026-05-04 05:40:00+00:00,85.49,85.51,85.45,85.5,9345.851,2026,5,4
2026-05-04 05:45:00+00:00,85.49,85.5,85.4,85.4,3744.751,2026,5,4
2026-05-04 05:50:00+00:00,85.41,85.43,85.36,85.36,7570.274,2026,5,4
2026-05-04 05:55:00+00:00,85.37,85.4,85.36,85.38,4513.561,2026,5,4
2026-05-04 06:00:00+00:00,85.39,85.41,85.3,85.3,4842.675,2026,5,4
2026-05-04 06:05:00+00:00,85.3,85.31,85.19,85.28,18256.79,2026,5,4
2026-05-04 06:10:00+00:00,85.27,85.37,85.26,85.3,11708.442,2026,5,4
2026-05-04 06:15:00+00:00,85.3,85.31,85.09,85.12,44411.784,2026,5,4
2026-05-04 06:20:00+00:00,85.11,85.12,84.86,84.9,12884.251,2026,5,4
2026-05-04 06:25:00+00:00,84.89,84.89,84.51,84.8,26940.934,2026,5,4
2026-05-04 06:30:00+00:00,84.81,84.84,84.72,84.74,6745.103,2026,5,4
2026-05-04 06:35:00+00:00,84.74,84.78,84.67,84.69,9888.697,2026,5,4
2026-05-04 06:40:00+00:00,84.68,84.83,84.59,84.75,26739.21,2026,5,4
2026-05-04 06:45:00+00:00,84.76,84.97,84.76,84.92,5815.797,2026,5,4
2026-05-04 06:50:00+00:00,84.91,85.02,84.84,84.9,15564.04,2026,5,4
2026-05-04 06:55:00+00:00,84.9,84.94,84.85,84.88,6584.808,2026,5,4
2026-05-04 07:00:00+00:00,84.88,84.97,84.8,84.91,5362.283,2026,5,4
2026-05-04 07:05:00+00:00,84.91,84.97,84.88,84.91,2401.305,2026,5,4
2026-05-04 07:10:00+00:00,84.91,84.97,84.89,84.96,2164.426,2026,5,4
2026-05-04 07:15:00+00:00,84.97,85.01,84.9,84.92,7038.267,2026,5,4
2026-05-04 07:20:00+00:00,84.91,84.96,84.89,84.9,4791.676,2026,5,4
2026-05-04 07:25:00+00:00,84.9,84.94,84.82,84.86,2919.862,2026,5,4
2026-05-04 07:30:00+00:00,84.86,84.86,84.74,84.75,5224.645,2026,5,4
2026-05-04 07:35:00+00:00,84.75,84.79,84.68,84.73,5279.866,2026,5,4
2026-05-04 07:40:00+00:00,84.73,84.88,84.72,84.88,2749.85,2026,5,4
2026-05-04 07:45:00+00:00,84.88,85.0,84.85,84.96,5237.657,2026,5,4
2026-05-04 07:50:00+00:00,84.97,84.97,84.86,84.91,1922.595,2026,5,4
2026-05-04 07:55:00+00:00,84.9,84.92,84.87,84.87,1601.046,2026,5,4
2026-05-04 08:00:00+00:00,84.87,84.87,84.7,84.7,8147.619,2026,5,4
2026-05-04 08:05:00+00:00,84.7,84.78,84.62,84.78,9368.68,2026,5,4
2026-05-04 08:10:00+00:00,84.79,84.85,84.77,84.85,2475.881,2026,5,4
2026-05-04 08:15:00+00:00,84.84,84.87,84.75,84.78,2805.827,2026,5,4
2026-05-04 08:20:00+00:00,84.78,84.78,84.66,84.74,3724.309,2026,5,4
2026-05-04 08:25:00+00:00,84.73,84.83,84.69,84.82,5496.298,2026,5,4
2026-05-04 08:30:00+00:00,84.82,84.89,84.79,84.81,2021.651,2026,5,4
2026-05-04 08:35:00+00:00,84.8,84.85,84.78,84.81,1400.041,2026,5,4
2026-05-04 08:40:00+00:00,84.81,84.84,84.77,84.77,3262.805,2026,5,4
2026-05-04 08:45:00+00:00,84.78,84.82,84.76,84.82,2233.277,2026,5,4
2026-05-04 08:50:00+00:00,84.81,84.82,84.71,84.82,3195.216,2026,5,4
2026-05-04 08:55:00+00:00,84.82,84.91,84.75,84.77,5746.178,2026,5,4
2026-05-04 09:00:00+00:00,84.77,84.82,84.68,84.79,12012.502,2026,5,4
2026-05-04 09:05:00+00:00,84.8,84.8,84.74,84.79,3679.89,2026,5,4
2026-05-04 09:10:00+00:00,84.79,84.86,84.77,84.78,5498.447,2026,5,4
2026-05-04 09:15:00+00:00,84.78,84.8,84.76,84.78,1845.944,2026,5,4
2026-05-04 09:20:00+00:00,84.77,84.79,84.76,84.79,4428.938,2026,5,4
2026-05-04 09:25:00+00:00,84.79,84.93,84.78,84.83,3205.941,2026,5,4
2026-05-04 09:30:00+00:00,84.83,84.99,84.79,84.99,3427.408,2026,5,4
2026-05-04 09:35:00+00:00,84.99,85.02,84.95,85.01,10484.709,2026,5,4
2026-05-04 09:40:00+00:00,85.01,85.18,85.0,85.14,14534.96,2026,5,4
2026-05-04 09:45:00+00:00,85.14,85.16,85.04,85.15,3481.25,2026,5,4
2026-05-04 09:50:00+00:00,85.15,85.2,85.13,85.17,6829.971,2026,5,4
2026-05-04 09:55:00+00:00,85.17,85.18,85.03,85.03,4056.294,2026,5,4
2026-05-04 10:00:00+00:00,85.04,85.07,84.29,84.33,45780.869,2026,5,4
2026-05-04 10:05:00+00:00,84.32,84.35,83.65,83.88,72194.795,2026,5,4
2026-05-04 10:10:00+00:00,83.88,83.88,83.61,83.85,38377.428,2026,5,4
2026-05-04 10:15:00+00:00,83.84,83.84,83.41,83.45,59197.116,2026,5,4
2026-05-04 10:20:00+00:00,83.45,83.55,83.31,83.36,65934.948,2026,5,4
2026-05-04 10:25:00+00:00,83.36,83.57,83.23,83.55,25369.434,2026,5,4
2026-05-04 10:30:00+00:00,83.54,84.07,83.4,84.07,58329.349,2026,5,4
2026-05-04 10:35:00+00:00,84.07,84.15,83.98,84.05,31089.851,2026,5,4
2026-05-04 10:40:00+00:00,84.05,84.16,84.04,84.05,15484.362,2026,5,4
2026-05-04 10:45:00+00:00,84.05,84.2,84.02,84.16,11437.849,2026,5,4
2026-05-04 10:50:00+00:00,84.17,84.18,84.05,84.06,12150.038,2026,5,4
2026-05-04 10:55:00+00:00,84.06,84.11,83.95,84.04,9763.067,2026,5,4
2026-05-04 11:00:00+00:00,84.04,84.15,83.96,83.99,9776.431,2026,5,4
2026-05-04 11:05:00+00:00,84.0,84.09,83.99,84.09,4163.747,2026,5,4
2026-05-04 11:10:00+00:00,84.1,84.14,84.01,84.08,7796.143,2026,5,4
2026-05-04 11:15:00+00:00,84.07,84.14,84.01,84.11,3907.05,2026,5,4
2026-05-04 11:20:00+00:00,84.12,84.15,83.92,83.92,9543.135,2026,5,4
2026-05-04 11:25:00+00:00,83.93,83.96,83.9,83.91,5520.7,2026,5,4
2026-05-04 11:30:00+00:00,83.91,83.93,83.83,83.92,6889.113,2026,5,4
2026-05-04 11:35:00+00:00,83.93,84.08,83.84,83.92,10225.148,2026,5,4
2026-05-04 11:40:00+00:00,83.91,83.99,83.86,83.95,5932.156,2026,5,4
2026-05-04 11:45:00+00:00,83.95,83.97,83.87,83.88,11479.291,2026,5,4
2026-05-04 11:50:00+00:00,83.88,84.01,83.87,83.97,2393.03,2026,5,4
2026-05-04 11:55:00+00:00,83.98,84.02,83.95,83.95,5211.595,2026,5,4
2026-05-04 12:00:00+00:00,83.96,83.96,83.86,83.92,10596.969,2026,5,4
2026-05-04 12:05:00+00:00,83.93,83.98,83.85,83.88,3259.429,2026,5,4
2026-05-04 12:10:00+00:00,83.88,83.97,83.87,83.96,4643.556,2026,5,4
2026-05-04 12:15:00+00:00,83.95,84.13,83.86,84.11,10595.461,2026,5,4
2026-05-04 12:20:00+00:00,84.11,84.16,84.05,84.1,3850.996,2026,5,4
2026-05-04 12:25:00+00:00,84.1,84.13,84.07,84.08,1868.609,2026,5,4
2026-05-04 12:30:00+00:00,84.08,84.1,83.96,83.98,3589.502,2026,5,4
2026-05-04 12:35:00+00:00,83.98,84.09,83.97,83.98,3850.944,2026,5,4
2026-05-04 12:40:00+00:00,83.99,84.08,83.98,84.07,6171.741,2026,5,4
2026-05-04 12:45:00+00:00,84.08,84.09,84.01,84.06,1767.819,2026,5,4
2026-05-04 12:50:00+00:00,84.07,84.07,84.02,84.04,2017.307,2026,5,4
2026-05-04 12:55:00+00:00,84.03,84.06,83.88,83.9,10323.813,2026,5,4
2026-05-04 13:00:00+00:00,83.89,83.89,83.59,83.8,28200.046,2026,5,4
2026-05-04 13:05:00+00:00,83.8,84.0,83.75,84.0,5307.949,2026,5,4
2026-05-04 13:10:00+00:00,84.0,84.2,83.99,84.02,11731.512,2026,5,4
2026-05-04 13:15:00+00:00,84.02,84.15,84.0,84.11,6120.281,2026,5,4
2026-05-04 13:20:00+00:00,84.11,84.18,84.07,84.08,6815.672,2026,5,4
2026-05-04 13:25:00+00:00,84.07,84.13,84.06,84.13,3751.062,2026,5,4
2026-05-04 13:30:00+00:00,84.13,84.28,84.11,84.25,12474.492,2026,5,4
2026-05-04 13:35:00+00:00,84.25,84.34,84.06,84.17,12032.541,2026,5,4
2026-05-04 13:40:00+00:00,84.17,84.2,84.1,84.1,9016.701,2026,5,4
2026-05-04 13:45:00+00:00,84.09,84.21,84.01,84.09,5811.289,2026,5,4
2026-05-04 13:50:00+00:00,84.08,84.1,83.94,83.97,4408.665,2026,5,4
2026-05-04 13:55:00+00:00,83.97,84.04,83.9,84.0,4079.917,2026,5,4
2026-05-04 14:00:00+00:00,84.0,84.08,83.85,83.87,6995.967,2026,5,4
2026-05-04 14:05:00+00:00,83.87,83.97,83.78,83.84,16993.995,2026,5,4
2026-05-04 14:10:00+00:00,83.84,84.3,83.83,84.25,6897.835,2026,5,4
2026-05-04 14:15:00+00:00,84.24,84.31,84.21,84.27,6371.126,2026,5,4
2026-05-04 14:20:00+00:00,84.27,84.52,84.27,84.52,10045.483,2026,5,4
2026-05-04 14:25:00+00:00,84.51,84.71,84.46,84.46,22652.572,2026,5,4
2026-05-04 14:30:00+00:00,84.46,84.73,84.44,84.62,10250.724,2026,5,4
2026-05-04 14:35:00+00:00,84.61,84.83,84.6,84.75,27054.832,2026,5,4
2026-05-04 14:40:00+00:00,84.75,84.83,84.65,84.66,9283.721,2026,5,4
2026-05-04 14:45:00+00:00,84.66,85.11,84.66,84.96,59378.949,2026,5,4
2026-05-04 14:50:00+00:00,84.97,85.28,84.96,85.24,31453.205,2026,5,4
2026-05-04 14:55:00+00:00,85.24,85.32,84.94,84.99,26235.222,2026,5,4
2026-05-04 15:00:00+00:00,84.99,85.18,84.93,84.94,26948.108,2026,5,4
2026-05-04 15:05:00+00:00,84.93,85.02,84.83,84.87,50409.821,2026,5,4
2026-05-04 15:10:00+00:00,84.87,84.93,84.75,84.86,14020.733,2026,5,4
2026-05-04 15:15:00+00:00,84.86,85.01,84.29,84.32,34697.879,2026,5,4
2026-05-04 15:20:00+00:00,84.31,84.41,83.99,84.31,54326.143,2026,5,4
2026-05-04 15:25:00+00:00,84.3,84.64,84.28,84.48,28917.882,2026,5,4
2026-05-04 15:30:00+00:00,84.48,84.55,84.24,84.44,16354.334,2026,5,4
2026-05-04 15:35:00+00:00,84.43,84.5,84.29,84.43,12916.177,2026,5,4
2026-05-04 15:40:00+00:00,84.43,84.55,84.35,84.55,6595.973,2026,5,4
2026-05-04 15:45:00+00:00,84.54,84.59,84.31,84.37,9291.09,2026,5,4
2026-05-04 15:50:00+00:00,84.37,84.5,84.07,84.5,29171.382,2026,5,4
2026-05-04 15:55:00+00:00,84.49,84.63,84.41,84.47,16171.234,2026,5,4
2026-05-04 16:00:00+00:00,84.47,84.54,84.44,84.5,10670.919,2026,5,4
2026-05-04 16:05:00+00:00,84.51,84.52,84.0,84.19,28166.852,2026,5,4
2026-05-04 16:10:00+00:00,84.18,84.19,84.04,84.09,9011.13,2026,5,4
2026-05-04 16:15:00+00:00,84.09,84.57,83.98,84.49,27168.51,2026,5,4
2026-05-04 16:20:00+00:00,84.49,84.8,84.48,84.6,15014.052,2026,5,4
2026-05-04 16:25:00+00:00,84.61,84.69,84.48,84.55,4978.234,2026,5,4
2026-05-04 16:30:00+00:00,84.56,84.59,84.46,84.59,5634.881,2026,5,4
2026-05-04 16:35:00+00:00,84.59,84.66,84.5,84.55,10075.039,2026,5,4
2026-05-04 16:40:00+00:00,84.55,84.72,84.55,84.64,10330.467,2026,5,4
2026-05-04 16:45:00+00:00,84.64,84.65,84.57,84.61,6401.963,2026,5,4
2026-05-04 16:50:00+00:00,84.6,84.62,84.5,84.51,4323.98,2026,5,4
2026-05-04 16:55:00+00:00,84.51,84.52,84.41,84.49,7250.572,2026,5,4
2026-05-04 17:00:00+00:00,84.48,84.77,84.48,84.73,9051.474,2026,5,4
2026-05-04 17:05:00+00:00,84.74,84.84,84.69,84.82,8496.41,2026,5,4
2026-05-04 17:10:00+00:00,84.82,84.94,84.76,84.8,10007.114,2026,5,4
2026-05-04 17:15:00+00:00,84.81,85.0,84.71,84.96,13638.739,2026,5,4
2026-05-04 17:20:00+00:00,84.95,84.99,84.86,84.94,8502.092,2026,5,4
2026-05-04 17:25:00+00:00,84.93,84.97,84.81,84.9,7514.395,2026,5,4
2026-05-04 17:30:00+00:00,84.9,84.91,84.73,84.74,9644.389,2026,5,4
2026-05-04 17:35:00+00:00,84.73,84.83,84.67,84.82,9440.578,2026,5,4
2026-05-04 17:40:00+00:00,84.82,84.87,84.77,84.79,6053.547,2026,5,4
2026-05-04 17:45:00+00:00,84.79,84.93,84.76,84.89,9642.914,2026,5,4
2026-05-04 17:50:00+00:00,84.88,85.19,84.88,84.98,48444.471,2026,5,4
2026-05-04 17:55:00+00:00,84.98,85.08,84.92,84.93,9347.952,2026,5,4
2026-05-04 18:00:00+00:00,84.94,85.04,84.87,85.02,7291.933,2026,5,4
2026-05-04 18:05:00+00:00,85.02,85.02,84.92,84.98,3585.89,2026,5,4
2026-05-04 18:10:00+00:00,84.98,85.02,84.94,84.94,3891.738,2026,5,4
2026-05-04 18:15:00+00:00,84.95,84.95,84.87,84.88,4275.354,2026,5,4
2026-05-04 18:20:00+00:00,84.88,84.92,84.79,84.81,16120.119,2026,5,4
2026-05-04 18:25:00+00:00,84.82,84.82,84.72,84.82,7127.372,2026,5,4
2026-05-04 18:30:00+00:00,84.82,84.86,84.78,84.84,1874.48,2026,5,4
2026-05-04 18:35:00+00:00,84.84,84.85,84.79,84.83,1846.865,2026,5,4
2026-05-04 18:40:00+00:00,84.82,84.84,84.71,84.72,1441.248,2026,5,4
2026-05-04 18:45:00+00:00,84.72,84.74,84.65,84.74,4258.487,2026,5,4
2026-05-04 18:50:00+00:00,84.74,84.75,84.58,84.67,7584.605,2026,5,4
2026-05-04 18:55:00+00:00,84.67,84.75,84.65,84.74,3310.654,2026,5,4
2026-05-04 19:00:00+00:00,84.74,84.76,84.6,84.6,2566.21,2026,5,4
2026-05-04 19:05:00+00:00,84.59,84.7,84.52,84.63,5975.698,2026,5,4
2026-05-04 19:10:00+00:00,84.64,84.64,84.58,84.61,1579.586,2026,5,4
2026-05-04 19:15:00+00:00,84.62,84.63,84.5,84.53,3305.403,2026,5,4
2026-05-04 19:20:00+00:00,84.54,84.57,84.49,84.5,2978.372,2026,5,4
2026-05-04 19:25:00+00:00,84.5,84.53,84.41,84.49,3560.566,2026,5,4
2026-05-04 19:30:00+00:00,84.49,84.52,84.43,84.43,1918.048,2026,5,4
2026-05-04 19:35:00+00:00,84.43,84.52,84.37,84.38,6504.252,2026,5,4
2026-05-04 19:40:00+00:00,84.38,84.43,84.37,84.41,4215.836,2026,5,4
2026-05-04 19:45:00+00:00,84.41,84.48,84.37,84.47,4187.53,2026,5,4
2026-05-04 19:50:00+00:00,84.47,84.47,84.37,84.39,3441.849,2026,5,4
2026-05-04 19:55:00+00:00,84.39,84.48,84.36,84.44,3029.644,2026,5,4
2026-05-04 20:00:00+00:00,84.45,84.47,84.28,84.31,5525.353,2026,5,4
2026-05-04 20:05:00+00:00,84.32,84.37,84.29,84.3,1966.959,2026,5,4
2026-05-04 20:10:00+00:00,84.3,84.35,84.29,84.34,1694.797,2026,5,4
2026-05-04 20:15:00+00:00,84.34,84.39,84.16,84.18,4699.148,2026,5,4
2026-05-04 20:20:00+00:00,84.18,84.26,84.14,84.21,2613.191,2026,5,4
2026-05-04 20:25:00+00:00,84.21,84.28,84.21,84.25,1700.932,2026,5,4
2026-05-04 20:30:00+00:00,84.24,84.25,84.16,84.18,6155.219,2026,5,4
2026-05-04 20:35:00+00:00,84.18,84.18,84.07,84.08,6626.18,2026,5,4
2026-05-04 20:40:00+00:00,84.09,84.13,84.06,84.09,3347.442,2026,5,4
2026-05-04 20:45:00+00:00,84.08,84.13,84.07,84.12,5149.989,2026,5,4
2026-05-04 20:50:00+00:00,84.12,84.13,84.06,84.07,1617.691,2026,5,4
2026-05-04 20:55:00+00:00,84.06,84.11,84.06,84.09,3590.371,2026,5,4
2026-05-04 21:00:00+00:00,84.09,84.22,84.08,84.19,6269.562,2026,5,4
2026-05-04 21:05:00+00:00,84.2,84.22,84.17,84.18,3094.757,2026,5,4
2026-05-04 21:10:00+00:00,84.19,84.26,84.17,84.26,5190.78,2026,5,4
2026-05-04 21:15:00+00:00,84.25,84.28,84.23,84.26,2100.266,2026,5,4
2026-05-04 21:20:00+00:00,84.25,84.37,84.25,84.36,2619.224,2026,5,4
2026-05-04 21:25:00+00:00,84.35,84.37,84.32,84.34,1661.798,2026,5,4
2026-05-04 21:30:00+00:00,84.34,84.43,84.33,84.41,2736.131,2026,5,4
2026-05-04 21:35:00+00:00,84.41,84.45,84.39,84.41,1783.875,2026,5,4
2026-05-04 21:40:00+00:00,84.41,84.46,84.39,84.41,6135.837,2026,5,4
2026-05-04 21:45:00+00:00,84.41,84.47,84.4,84.47,1742.951,2026,5,4
2026-05-04 21:50:00+00:00,84.46,84.51,84.43,84.44,2734.42,2026,5,4
2026-05-04 21:55:00+00:00,84.45,84.45,84.4,84.43,1584.161,2026,5,4
2026-05-04 22:00:00+00:00,84.42,84.56,84.39,84.45,5295.503,2026,5,4
2026-05-04 22:05:00+00:00,84.45,84.49,84.42,84.44,9730.69,2026,5,4
2026-05-04 22:10:00+00:00,84.45,84.52,84.43,84.49,8028.389,2026,5,4
2026-05-04 22:15:00+00:00,84.49,84.55,84.34,84.34,10809.476,2026,5,4
2026-05-04 22:20:00+00:00,84.34,84.37,84.29,84.34,4498.173,2026,5,4
2026-05-04 22:25:00+00:00,84.35,84.4,84.33,84.33,1238.791,2026,5,4
2026-05-04 22:30:00+00:00,84.33,84.34,84.2,84.21,4309.152,2026,5,4
2026-05-04 22:35:00+00:00,84.21,84.28,84.2,84.27,3627.657,2026,5,4
2026-05-04 22:40:00+00:00,84.26,84.29,84.21,84.21,1387.777,2026,5,4
2026-05-04 22:45:00+00:00,84.21,84.31,84.2,84.3,3670.898,2026,5,4
2026-05-04 22:50:00+00:00,84.3,84.3,84.2,84.21,15177.322,2026,5,4
2026-05-04 22:55:00+00:00,84.2,84.23,84.18,84.22,2161.943,2026,5,4
2026-05-04 23:00:00+00:00,84.22,84.22,84.11,84.18,2855.454,2026,5,4
2026-05-04 23:05:00+00:00,84.17,84.18,84.12,84.13,4316.056,2026,5,4
2026-05-04 23:10:00+00:00,84.12,84.15,84.1,84.14,8664.491,2026,5,4
2026-05-04 23:15:00+00:00,84.14,84.16,84.07,84.12,2434.981,2026,5,4
2026-05-04 23:20:00+00:00,84.12,84.13,84.09,84.11,7145.763,2026,5,4
2026-05-04 23:25:00+00:00,84.11,84.23,84.1,84.22,2563.856,2026,5,4
2026-05-04 23:30:00+00:00,84.22,84.22,84.08,84.1,2784.577,2026,5,4
2026-05-04 23:35:00+00:00,84.11,84.12,84.02,84.12,4439.733,2026,5,4
2026-05-04 23:40:00+00:00,84.11,84.11,84.07,84.08,2380.862,2026,5,4
2026-05-04 23:45:00+00:00,84.08,84.12,84.07,84.11,1830.291,2026,5,4
2026-05-04 23:50:00+00:00,84.1,84.14,84.07,84.12,3721.849,2026,5,4
2026-05-04 23:55:00+00:00,84.11,84.12,84.09,84.1,1740.951,2026,5,4
2026-05-05 00:00:00+00:00,84.11,84.21,84.05,84.17,8691.696,2026,5,5
2026-05-05 00:05:00+00:00,84.17,84.2,84.14,84.15,2498.032,2026,5,5
2026-05-05 00:10:00+00:00,84.14,84.19,84.14,84.17,1878.627,2026,5,5
2026-05-05 00:15:00+00:00,84.16,84.17,84.11,84.14,2503.355,2026,5,5
2026-05-05 00:20:00+00:00,84.14,84.14,84.04,84.06,3838.265,2026,5,5
2026-05-05 00:25:00+00:00,84.05,84.09,84.04,84.05,1558.177,2026,5,5
2026-05-05 00:30:00+00:00,84.06,84.26,84.06,84.23,6715.87,2026,5,5
2026-05-05 00:35:00+00:00,84.23,84.26,84.2,84.24,4947.338,2026,5,5
2026-05-05 00:40:00+00:00,84.23,84.25,84.16,84.25,4483.026,2026,5,5
2026-05-05 00:45:00+00:00,84.25,84.27,84.2,84.22,3912.727,2026,5,5
2026-05-05 00:50:00+00:00,84.21,84.38,84.21,84.34,6233.474,2026,5,5
2026-05-05 00:55:00+00:00,84.34,84.35,84.28,84.33,4529.811,2026,5,5
2026-05-05 01:00:00+00:00,84.33,84.34,84.14,84.23,7564.18,2026,5,5
2026-05-05 01:05:00+00:00,84.24,84.37,84.23,84.37,3958.718,2026,5,5
2026-05-05 01:10:00+00:00,84.36,84.41,84.34,84.35,5035.077,2026,5,5
2026-05-05 01:15:00+00:00,84.35,84.38,84.29,84.3,3603.07,2026,5,5
2026-05-05 01:20:00+00:00,84.31,84.4,84.3,84.38,5168.604,2026,5,5
2026-05-05 01:25:00+00:00,84.39,84.39,84.32,84.34,2112.314,2026,5,5
2026-05-05 01:30:00+00:00,84.35,84.35,84.2,84.25,2862.111,2026,5,5
2026-05-05 01:35:00+00:00,84.25,84.41,84.23,84.32,6427.196,2026,5,5
2026-05-05 01:40:00+00:00,84.32,84.41,84.31,84.36,4701.934,2026,5,5
2026-05-05 01:45:00+00:00,84.37,84.42,84.36,84.39,2293.635,2026,5,5
2026-05-05 01:50:00+00:00,84.38,84.47,84.38,84.43,4244.136,2026,5,5
2026-05-05 01:55:00+00:00,84.44,84.44,84.4,84.41,1664.675,2026,5,5
2026-05-05 02:00:00+00:00,84.41,84.62,84.34,84.61,11954.175,2026,5,5
2026-05-05 02:05:00+00:00,84.61,84.61,84.49,84.53,6023.767,2026,5,5
2026-05-05 02:10:00+00:00,84.53,84.58,84.49,84.58,3958.538,2026,5,5
2026-05-05 02:15:00+00:00,84.59,84.61,84.56,84.57,1569.592,2026,5,5
2026-05-05 02:20:00+00:00,84.57,84.6,84.52,84.6,1963.697,2026,5,5
2026-05-05 02:25:00+00:00,84.6,84.68,84.52,84.54,4584.761,2026,5,5
2026-05-05 02:30:00+00:00,84.54,84.62,84.53,84.62,3370.48,2026,5,5
2026-05-05 02:35:00+00:00,84.62,84.77,84.62,84.71,5464.648,2026,5,5
2026-05-05 02:40:00+00:00,84.71,84.73,84.61,84.73,12507.081,2026,5,5
2026-05-05 02:45:00+00:00,84.74,84.8,84.42,84.45,12215.822,2026,5,5
2026-05-05 02:50:00+00:00,84.45,84.51,84.45,84.47,5062.067,2026,5,5
2026-05-05 02:55:00+00:00,84.47,84.51,84.44,84.51,1844.186,2026,5,5
2026-05-05 03:00:00+00:00,84.51,84.54,84.41,84.41,5080.671,2026,5,5
2026-05-05 03:05:00+00:00,84.42,84.46,84.41,84.46,1661.676,2026,5,5
2026-05-05 03:10:00+00:00,84.46,84.64,84.45,84.6,3851.048,2026,5,5
2026-05-05 03:15:00+00:00,84.6,84.67,84.56,84.66,4072.321,2026,5,5
2026-05-05 03:20:00+00:00,84.67,84.75,84.66,84.71,5424.013,2026,5,5
2026-05-05 03:25:00+00:00,84.7,84.72,84.66,84.71,10170.409,2026,5,5
2026-05-05 03:30:00+00:00,84.7,84.74,84.66,84.69,4248.801,2026,5,5
2026-05-05 03:35:00+00:00,84.7,84.97,84.7,84.81,25303.563,2026,5,5
2026-05-05 03:40:00+00:00,84.8,84.9,84.8,84.82,6657.831,2026,5,5
2026-05-05 03:45:00+00:00,84.82,84.87,84.75,84.81,5596.13,2026,5,5
2026-05-05 03:50:00+00:00,84.81,84.81,84.76,84.77,4116.627,2026,5,5
2026-05-05 03:55:00+00:00,84.77,84.81,84.72,84.78,9842.516,2026,5,5
2026-05-05 04:00:00+00:00,84.77,84.88,84.74,84.81,13775.232,2026,5,5
2026-05-05 04:05:00+00:00,84.81,84.9,84.78,84.78,5738.583,2026,5,5
2026-05-05 04:10:00+00:00,84.78,84.79,84.68,84.71,4295.674,2026,5,5
2026-05-05 04:15:00+00:00,84.71,84.76,84.7,84.71,5627.658,2026,5,5
2026-05-05 04:20:00+00:00,84.72,84.72,84.64,84.65,14719.267,2026,5,5
2026-05-05 04:25:00+00:00,84.64,84.9,84.6,84.69,34416.001,2026,5,5
2026-05-05 04:30:00+00:00,84.69,84.69,84.59,84.64,4010.051,2026,5,5
2026-05-05 04:35:00+00:00,84.64,84.71,84.63,84.7,2653.265,2026,5,5
2026-05-05 04:40:00+00:00,84.7,84.7,84.65,84.65,2572.157,2026,5,5
2026-05-05 04:45:00+00:00,84.66,84.85,84.6,84.82,5897.068,2026,5,5
2026-05-05 04:50:00+00:00,84.82,84.88,84.77,84.8,3935.647,2026,5,5
2026-05-05 04:55:00+00:00,84.79,84.81,84.77,84.78,4404.986,2026,5,5
2026-05-05 05:00:00+00:00,84.78,84.8,84.73,84.75,7103.966,2026,5,5
2026-05-05 05:05:00+00:00,84.76,84.84,84.72,84.83,6216.054,2026,5,5
2026-05-05 05:10:00+00:00,84.84,84.93,84.82,84.84,10317.896,2026,5,5
2026-05-05 05:15:00+00:00,84.84,84.92,84.84,84.86,4530.325,2026,5,5
2026-05-05 05:20:00+00:00,84.86,85.01,84.84,84.98,13257.722,2026,5,5
2026-05-05 05:25:00+00:00,84.98,85.0,84.9,84.94,5852.587,2026,5,5
2026-05-05 05:30:00+00:00,84.94,84.98,84.89,84.98,12985.448,2026,5,5
2026-05-05 05:35:00+00:00,84.98,85.12,84.95,85.02,48435.186,2026,5,5
2026-05-05 05:40:00+00:00,85.02,85.07,84.93,84.94,11042.535,2026,5,5
2026-05-05 05:45:00+00:00,84.94,84.94,84.85,84.88,5974.526,2026,5,5
2026-05-05 05:50:00+00:00,84.89,85.05,84.89,85.05,14047.773,2026,5,5
2026-05-05 05:55:00+00:00,85.05,85.09,84.92,84.92,28452.605,2026,5,5
2026-05-05 06:00:00+00:00,84.93,84.98,84.79,84.82,6706.998,2026,5,5
2026-05-05 06:05:00+00:00,84.82,84.86,84.78,84.84,2730.181,2026,5,5
2026-05-05 06:10:00+00:00,84.83,84.87,84.81,84.82,5263.894,2026,5,5
2026-05-05 06:15:00+00:00,84.83,84.84,84.73,84.74,3460.429,2026,5,5
2026-05-05 06:20:00+00:00,84.74,84.74,84.58,84.64,8979.443,2026,5,5
2026-05-05 06:25:00+00:00,84.63,84.66,84.62,84.63,2822.168,2026,5,5
2026-05-05 06:30:00+00:00,84.62,84.72,84.62,84.69,3936.943,2026,5,5
2026-05-05 06:35:00+00:00,84.69,84.75,84.6,84.6,11362.459,2026,5,5
2026-05-05 06:40:00+00:00,84.61,84.64,84.54,84.6,14024.636,2026,5,5
2026-05-05 06:45:00+00:00,84.6,84.76,84.56,84.73,12008.852,2026,5,5
2026-05-05 06:50:00+00:00,84.73,84.82,84.72,84.82,8366.248,2026,5,5
2026-05-05 06:55:00+00:00,84.81,85.0,84.79,84.98,19183.74,2026,5,5
2026-05-05 07:00:00+00:00,84.99,85.03,84.8,84.9,17853.576,2026,5,5
2026-05-05 07:05:00+00:00,84.89,84.89,84.78,84.78,8793.727,2026,5,5
2026-05-05 07:10:00+00:00,84.79,84.97,84.78,84.9,13856.066,2026,5,5
2026-05-05 07:15:00+00:00,84.91,84.92,84.87,84.9,4401.292,2026,5,5
2026-05-05 07:20:00+00:00,84.91,85.03,84.91,84.98,6394.718,2026,5,5
2026-05-05 07:25:00+00:00,84.98,85.0,84.93,84.93,2672.005,2026,5,5
2026-05-05 07:30:00+00:00,84.94,85.02,84.93,85.02,3010.986,2026,5,5
2026-05-05 07:35:00+00:00,85.02,85.06,85.0,85.05,6476.832,2026,5,5
2026-05-05 07:40:00+00:00,85.05,85.06,85.0,85.0,18788.464,2026,5,5
2026-05-05 07:45:00+00:00,85.0,85.01,84.86,84.94,7281.799,2026,5,5
2026-05-05 07:50:00+00:00,84.94,84.95,84.92,84.92,2969.266,2026,5,5
2026-05-05 07:55:00+00:00,84.93,84.93,84.87,84.87,4102.961,2026,5,5
2026-05-05 08:00:00+00:00,84.88,84.91,84.85,84.86,5813.211,2026,5,5
2026-05-05 08:05:00+00:00,84.87,84.89,84.85,84.87,1037.879,2026,5,5
2026-05-05 08:10:00+00:00,84.88,84.89,84.84,84.86,5906.469,2026,5,5
2026-05-05 08:15:00+00:00,84.86,84.89,84.73,84.77,2334.114,2026,5,5
2026-05-05 08:20:00+00:00,84.77,84.84,84.76,84.84,2716.415,2026,5,5
2026-05-05 08:25:00+00:00,84.84,84.86,84.74,84.79,4722.889,2026,5,5
2026-05-05 08:30:00+00:00,84.8,84.84,84.8,84.83,3350.205,2026,5,5
2026-05-05 08:35:00+00:00,84.83,84.85,84.76,84.76,2284.713,2026,5,5
2026-05-05 08:40:00+00:00,84.76,84.78,84.69,84.72,6853.823,2026,5,5
2026-05-05 08:45:00+00:00,84.72,84.78,84.71,84.76,4407.127,2026,5,5
2026-05-05 08:50:00+00:00,84.76,84.8,84.76,84.79,2980.082,2026,5,5
2026-05-05 08:55:00+00:00,84.79,84.8,84.74,84.78,2710.177,2026,5,5
2026-05-05 09:00:00+00:00,84.79,84.8,84.68,84.69,3574.334,2026,5,5
2026-05-05 09:05:00+00:00,84.69,84.7,84.64,84.68,4884.601,2026,5,5
2026-05-05 09:10:00+00:00,84.68,84.69,84.59,84.61,4192.029,2026,5,5
2026-05-05 09:15:00+00:00,84.6,84.65,84.59,84.6,4899.35,2026,5,5
2026-05-05 09:20:00+00:00,84.59,84.61,84.51,84.53,13954.144,2026,5,5
2026-05-05 09:25:00+00:00,84.53,84.6,84.52,84.58,5746.067,2026,5,5
2026-05-05 09:30:00+00:00,84.57,84.66,84.54,84.55,6085.97,2026,5,5
2026-05-05 09:35:00+00:00,84.54,84.55,84.45,84.48,8421.766,2026,5,5
2026-05-05 09:40:00+00:00,84.49,84.53,84.48,84.51,2594.374,2026,5,5
2026-05-05 09:45:00+00:00,84.51,84.56,84.51,84.52,6899.427,2026,5,5
2026-05-05 09:50:00+00:00,84.53,84.53,84.47,84.51,4475.282,2026,5,5
2026-05-05 09:55:00+00:00,84.51,84.54,84.49,84.53,4272.552,2026,5,5
2026-05-05 10:00:00+00:00,84.54,84.54,84.43,84.52,7101.522,2026,5,5
2026-05-05 10:05:00+00:00,84.51,84.62,84.51,84.61,9869.371,2026,5,5
2026-05-05 10:10:00+00:00,84.61,84.66,84.6,84.6,5512.319,2026,5,5
2026-05-05 10:15:00+00:00,84.6,84.71,84.6,84.71,2156.445,2026,5,5
2026-05-05 10:20:00+00:00,84.7,84.76,84.7,84.74,3344.12,2026,5,5
2026-05-05 10:25:00+00:00,84.74,84.82,84.74,84.79,4795.217,2026,5,5
2026-05-05 10:30:00+00:00,84.79,84.9,84.76,84.9,5418.249,2026,5,5
2026-05-05 10:35:00+00:00,84.9,84.93,84.82,84.88,5277.094,2026,5,5
2026-05-05 10:40:00+00:00,84.88,84.91,84.83,84.83,2836.301,2026,5,5
2026-05-05 10:45:00+00:00,84.84,84.86,84.83,84.85,2853.313,2026,5,5
2026-05-05 10:50:00+00:00,84.84,84.85,84.76,84.76,5578.672,2026,5,5
2026-05-05 10:55:00+00:00,84.77,84.91,84.76,84.9,3607.811,2026,5,5
2026-05-05 11:00:00+00:00,84.9,84.93,84.83,84.91,8436.596,2026,5,5
2026-05-05 11:05:00+00:00,84.9,84.91,84.86,84.89,5082.143,2026,5,5
2026-05-05 11:10:00+00:00,84.9,84.92,84.84,84.9,7435.779,2026,5,5
2026-05-05 11:15:00+00:00,84.9,84.9,84.7,84.74,6365.675,2026,5,5
2026-05-05 11:20:00+00:00,84.74,84.84,84.73,84.82,2858.859,2026,5,5
2026-05-05 11:25:00+00:00,84.82,84.9,84.82,84.85,1984.734,2026,5,5
2026-05-05 11:30:00+00:00,84.86,84.9,84.81,84.9,2934.026,2026,5,5
2026-05-05 11:35:00+00:00,84.9,84.97,84.86,84.9,8466.649,2026,5,5
2026-05-05 11:40:00+00:00,84.89,84.96,84.89,84.96,4147.965,2026,5,5
2026-05-05 11:45:00+00:00,84.96,85.01,84.91,84.95,9454.335,2026,5,5
2026-05-05 11:50:00+00:00,84.95,84.95,84.84,84.89,2676.636,2026,5,5
2026-05-05 11:55:00+00:00,84.89,84.97,84.89,84.97,2260.199,2026,5,5
2026-05-05 12:00:00+00:00,84.97,84.98,84.9,84.97,3196.09,2026,5,5
2026-05-05 12:05:00+00:00,84.96,85.01,84.94,84.97,4740.849,2026,5,5
2026-05-05 12:10:00+00:00,84.96,85.09,84.96,85.08,5684.395,2026,5,5
2026-05-05 12:15:00+00:00,85.08,85.14,85.03,85.07,9900.343,2026,5,5
2026-05-05 12:20:00+00:00,85.06,85.1,85.06,85.06,4651.657,2026,5,5
2026-05-05 12:25:00+00:00,85.06,85.26,85.06,85.22,10954.826,2026,5,5
2026-05-05 12:30:00+00:00,85.22,85.29,85.21,85.21,13291.931,2026,5,5
2026-05-05 12:35:00+00:00,85.22,85.23,85.14,85.22,12458.913,2026,5,5
2026-05-05 12:40:00+00:00,85.23,85.25,85.21,85.22,5605.091,2026,5,5
2026-05-05 12:45:00+00:00,85.23,85.29,85.21,85.27,6788.82,2026,5,5
2026-05-05 12:50:00+00:00,85.27,85.34,85.25,85.33,10009.332,2026,5,5
2026-05-05 12:55:00+00:00,85.34,85.35,85.31,85.31,5092.316,2026,5,5
2026-05-05 13:00:00+00:00,85.31,85.75,85.31,85.72,48662.566,2026,5,5
2026-05-05 13:05:00+00:00,85.73,86.1,85.72,85.95,80292.969,2026,5,5
2026-05-05 13:10:00+00:00,85.95,86.0,85.89,85.9,21975.031,2026,5,5
2026-05-05 13:15:00+00:00,85.9,85.94,85.81,85.83,25077.135,2026,5,5
2026-05-05 13:20:00+00:00,85.83,85.98,85.78,85.86,50570.232,2026,5,5
2026-05-05 13:25:00+00:00,85.85,85.87,85.66,85.7,19877.747,2026,5,5
2026-05-05 13:30:00+00:00,85.69,85.79,85.63,85.7,22401.202,2026,5,5
2026-05-05 13:35:00+00:00,85.7,85.71,85.53,85.53,16800.001,2026,5,5
2026-05-05 13:40:00+00:00,85.53,85.54,85.4,85.54,23187.138,2026,5,5
2026-05-05 13:45:00+00:00,85.55,85.87,85.53,85.85,9962.348,2026,5,5
2026-05-05 13:50:00+00:00,85.86,85.97,85.65,85.65,13276.012,2026,5,5
2026-05-05 13:55:00+00:00,85.65,85.68,85.44,85.63,20439.526,2026,5,5
2026-05-05 14:00:00+00:00,85.63,85.74,85.52,85.72,10891.563,2026,5,5
2026-05-05 14:05:00+00:00,85.71,85.75,85.61,85.64,11415.379,2026,5,5
2026-05-05 14:10:00+00:00,85.63,85.72,85.38,85.39,16655.532,2026,5,5
2026-05-05 14:15:00+00:00,85.4,85.55,85.19,85.34,22872.952,2026,5,5
2026-05-05 14:20:00+00:00,85.34,85.51,85.21,85.51,20074.476,2026,5,5
2026-05-05 14:25:00+00:00,85.5,85.63,85.5,85.58,5356.423,2026,5,5
2026-05-05 14:30:00+00:00,85.58,85.7,85.52,85.56,5097.755,2026,5,5
2026-05-05 14:35:00+00:00,85.56,85.61,85.24,85.34,9274.476,2026,5,5
2026-05-05 14:40:00+00:00,85.34,85.42,85.27,85.34,6102.902,2026,5,5
2026-05-05 14:45:00+00:00,85.35,85.35,85.19,85.29,6189.818,2026,5,5
2026-05-05 14:50:00+00:00,85.29,85.44,85.24,85.44,4249.237,2026,5,5
2026-05-05 14:55:00+00:00,85.44,85.48,85.41,85.48,3504.253,2026,5,5
2026-05-05 15:00:00+00:00,85.47,85.57,85.35,85.57,7291.612,2026,5,5
2026-05-05 15:05:00+00:00,85.56,85.7,85.49,85.66,7694.478,2026,5,5
2026-05-05 15:10:00+00:00,85.66,85.88,85.6,85.72,8449.458,2026,5,5
2026-05-05 15:15:00+00:00,85.73,85.73,85.6,85.63,16374.025,2026,5,5
2026-05-05 15:20:00+00:00,85.62,85.86,85.6,85.69,9513.748,2026,5,5
2026-05-05 15:25:00+00:00,85.69,85.74,85.61,85.69,10107.169,2026,5,5
2026-05-05 15:30:00+00:00,85.7,85.78,85.54,85.55,11616.784,2026,5,5
2026-05-05 15:35:00+00:00,85.54,85.72,85.54,85.67,4098.773,2026,5,5
2026-05-05 15:40:00+00:00,85.66,85.68,85.56,85.6,5780.304,2026,5,5
2026-05-05 15:45:00+00:00,85.6,85.65,85.57,85.6,5558.378,2026,5,5
2026-05-05 15:50:00+00:00,85.6,85.61,85.47,85.52,6550.931,2026,5,5
2026-05-05 15:55:00+00:00,85.53,85.58,85.49,85.5,4061.69,2026,5,5
2026-05-05 16:00:00+00:00,85.5,85.58,85.5,85.56,5855.911,2026,5,5
2026-05-05 16:05:00+00:00,85.57,85.7,85.54,85.63,11551.933,2026,5,5
2026-05-05 16:10:00+00:00,85.63,85.67,85.56,85.59,14332.724,2026,5,5
2026-05-05 16:15:00+00:00,85.59,85.61,85.51,85.6,4225.128,2026,5,5
2026-05-05 16:20:00+00:00,85.61,85.69,85.5,85.55,4974.66,2026,5,5
2026-05-05 16:25:00+00:00,85.54,85.57,85.36,85.47,7859.354,2026,5,5
2026-05-05 16:30:00+00:00,85.46,85.46,85.27,85.32,13112.828,2026,5,5
2026-05-05 16:35:00+00:00,85.32,85.35,85.13,85.22,18033.646,2026,5,5
2026-05-05 16:40:00+00:00,85.21,85.21,85.0,85.13,24189.718,2026,5,5
2026-05-05 16:45:00+00:00,85.13,85.25,85.11,85.21,7488.732,2026,5,5
2026-05-05 16:50:00+00:00,85.21,85.36,85.2,85.28,7320.321,2026,5,5
2026-05-05 16:55:00+00:00,85.28,85.32,85.27,85.31,3104.392,2026,5,5
2026-05-05 17:00:00+00:00,85.32,85.4,85.24,85.34,2376.884,2026,5,5
2026-05-05 17:05:00+00:00,85.34,85.34,85.12,85.17,3100.223,2026,5,5
2026-05-05 17:10:00+00:00,85.16,85.3,85.15,85.3,1180.396,2026,5,5
2026-05-05 17:15:00+00:00,85.3,85.42,85.27,85.42,3439.917,2026,5,5
2026-05-05 17:20:00+00:00,85.43,85.53,85.38,85.39,4443.598,2026,5,5
2026-05-05 17:25:00+00:00,85.4,85.48,85.39,85.41,1841.112,2026,5,5
2026-05-05 17:30:00+00:00,85.4,85.41,85.31,85.35,2281.216,2026,5,5
2026-05-05 17:35:00+00:00,85.36,85.42,85.34,85.35,2195.968,2026,5,5
2026-05-05 17:40:00+00:00,85.35,85.42,85.33,85.42,1873.677,2026,5,5
2026-05-05 17:45:00+00:00,85.42,85.46,85.36,85.43,2058.941,2026,5,5
2026-05-05 17:50:00+00:00,85.42,85.48,85.41,85.45,1193.472,2026,5,5
2026-05-05 17:55:00+00:00,85.45,85.49,85.44,85.45,1767.903,2026,5,5
2026-05-05 18:00:00+00:00,85.46,85.52,85.43,85.47,3038.56,2026,5,5
2026-05-05 18:05:00+00:00,85.47,85.65,85.46,85.6,3109.067,2026,5,5
2026-05-05 18:10:00+00:00,85.6,85.82,85.59,85.81,10768.447,2026,5,5
2026-05-05 18:15:00+00:00,85.81,85.81,85.63,85.67,10590.457,2026,5,5
2026-05-05 18:20:00+00:00,85.66,85.69,85.62,85.62,2179.356,2026,5,5
2026-05-05 18:25:00+00:00,85.63,85.72,85.63,85.71,1605.35,2026,5,5
2026-05-05 18:30:00+00:00,85.7,85.71,85.58,85.64,7610.01,2026,5,5
2026-05-05 18:35:00+00:00,85.65,85.7,85.63,85.64,1201.118,2026,5,5
2026-05-05 18:40:00+00:00,85.64,85.71,85.63,85.71,2198.943,2026,5,5
2026-05-05 18:45:00+00:00,85.71,85.82,85.7,85.79,8322.423,2026,5,5
2026-05-05 18:50:00+00:00,85.79,85.86,85.78,85.85,21050.844,2026,5,5
2026-05-05 18:55:00+00:00,85.86,85.88,85.83,85.87,7722.097,2026,5,5
2026-05-05 19:00:00+00:00,85.87,85.94,85.8,85.87,14837.09,2026,5,5
2026-05-05 19:05:00+00:00,85.87,85.94,85.86,85.94,5421.3,2026,5,5
2026-05-05 19:10:00+00:00,85.94,85.96,85.9,85.9,3724.193,2026,5,5
2026-05-05 19:15:00+00:00,85.91,86.18,85.9,86.14,23681.239,2026,5,5
2026-05-05 19:20:00+00:00,86.13,86.14,86.05,86.1,5290.576,2026,5,5
2026-05-05 19:25:00+00:00,86.1,86.37,86.1,86.25,21297.638,2026,5,5
2026-05-05 19:30:00+00:00,86.24,86.41,86.2,86.31,13711.726,2026,5,5
2026-05-05 19:35:00+00:00,86.32,86.34,86.18,86.26,17948.324,2026,5,5
2026-05-05 19:40:00+00:00,86.26,86.5,86.26,86.48,31327.113,2026,5,5
2026-05-05 19:45:00+00:00,86.48,86.49,86.41,86.41,7111.51,2026,5,5
2026-05-05 19:50:00+00:00,86.41,86.41,86.31,86.4,26441.524,2026,5,5
2026-05-05 19:55:00+00:00,86.4,86.56,86.37,86.49,16851.08,2026,5,5
2026-05-05 20:00:00+00:00,86.49,86.75,86.49,86.75,12546.847,2026,5,5
2026-05-05 20:05:00+00:00,86.75,86.75,86.42,86.52,17375.47,2026,5,5
2026-05-05 20:10:00+00:00,86.53,86.76,86.52,86.74,15170.744,2026,5,5
2026-05-05 20:15:00+00:00,86.73,86.73,86.56,86.65,15115.009,2026,5,5
2026-05-05 20:20:00+00:00,86.65,86.68,86.58,86.61,8616.337,2026,5,5
2026-05-05 20:25:00+00:00,86.6,86.75,86.56,86.6,10253.205,2026,5,5
2026-05-05 20:30:00+00:00,86.61,86.87,86.6,86.85,10024.166,2026,5,5
2026-05-05 20:35:00+00:00,86.84,86.9,86.78,86.78,7811.625,2026,5,5
2026-05-05 20:40:00+00:00,86.78,86.84,86.71,86.75,9072.142,2026,5,5
2026-05-05 20:45:00+00:00,86.76,86.78,86.57,86.6,8879.48,2026,5,5
2026-05-05 20:50:00+00:00,86.6,86.67,86.59,86.61,5523.309,2026,5,5
2026-05-05 20:55:00+00:00,86.6,86.66,86.57,86.64,5107.058,2026,5,5
2026-05-05 21:00:00+00:00,86.65,86.93,86.56,86.82,16072.247,2026,5,5
2026-05-05 21:05:00+00:00,86.83,86.86,86.72,86.77,12011.291,2026,5,5
2026-05-05 21:10:00+00:00,86.77,86.79,86.58,86.6,10955.098,2026,5,5
2026-05-05 21:15:00+00:00,86.6,86.69,86.49,86.51,9388.5,2026,5,5
2026-05-05 21:20:00+00:00,86.5,86.54,86.44,86.53,12169.678,2026,5,5
2026-05-05 21:25:00+00:00,86.53,86.72,86.53,86.58,15233.444,2026,5,5
2026-05-05 21:30:00+00:00,86.58,86.61,86.31,86.31,10056.367,2026,5,5
2026-05-05 21:35:00+00:00,86.31,86.5,86.26,86.46,10617.321,2026,5,5
2026-05-05 21:40:00+00:00,86.46,86.46,86.35,86.4,6900.976,2026,5,5
2026-05-05 21:45:00+00:00,86.39,86.54,86.36,86.54,4894.766,2026,5,5
2026-05-05 21:50:00+00:00,86.54,86.69,86.54,86.65,2800.348,2026,5,5
2026-05-05 21:55:00+00:00,86.65,86.72,86.64,86.72,8479.76,2026,5,5
2026-05-05 22:00:00+00:00,86.71,86.98,86.71,86.89,12176.468,2026,5,5
2026-05-05 22:05:00+00:00,86.89,86.93,86.65,86.68,9121.409,2026,5,5
2026-05-05 22:10:00+00:00,86.67,86.68,86.59,86.64,9183.1,2026,5,5
2026-05-05 22:15:00+00:00,86.64,86.67,86.56,86.66,3641.021,2026,5,5
2026-05-05 22:20:00+00:00,86.67,86.74,86.62,86.7,5788.443,2026,5,5
2026-05-05 22:25:00+00:00,86.71,86.94,86.71,86.81,10476.197,2026,5,5
2026-05-05 22:30:00+00:00,86.8,86.81,86.47,86.48,16424.396,2026,5,5
2026-05-05 22:35:00+00:00,86.49,86.55,86.36,86.41,11460.099,2026,5,5
2026-05-05 22:40:00+00:00,86.42,86.5,86.2,86.38,13872.916,2026,5,5
2026-05-05 22:45:00+00:00,86.39,86.4,86.25,86.36,5573.702,2026,5,5
2026-05-05 22:50:00+00:00,86.37,86.82,86.32,86.66,28393.078,2026,5,5
2026-05-05 22:55:00+00:00,86.66,86.73,86.57,86.58,6231.69,2026,5,5
2026-05-05 23:00:00+00:00,86.57,86.61,86.43,86.51,4627.66,2026,5,5
2026-05-05 23:05:00+00:00,86.5,86.54,86.43,86.51,2849.76,2026,5,5
2026-05-05 23:10:00+00:00,86.5,86.67,86.5,86.66,2276.949,2026,5,5
2026-05-05 23:15:00+00:00,86.66,86.67,86.5,86.54,3217.879,2026,5,5
2026-05-05 23:20:00+00:00,86.54,86.56,86.43,86.43,4120.224,2026,5,5
2026-05-05 23:25:00+00:00,86.44,86.45,86.3,86.32,6363.037,2026,5,5
2026-05-05 23:30:00+00:00,86.31,86.41,86.23,86.27,12631.59,2026,5,5
2026-05-05 23:35:00+00:00,86.27,86.28,86.17,86.21,3967.219,2026,5,5
2026-05-05 23:40:00+00:00,86.21,86.39,86.2,86.36,8137.711,2026,5,5
2026-05-05 23:45:00+00:00,86.35,86.43,86.35,86.42,5348.13,2026,5,5
2026-05-05 23:50:00+00:00,86.42,86.44,86.3,86.34,4451.282,2026,5,5
2026-05-05 23:55:00+00:00,86.34,86.35,86.29,86.29,3706.36,2026,5,5
2026-05-06 00:00:00+00:00,86.29,86.46,86.26,86.37,12988.315,2026,5,6
2026-05-06 00:05:00+00:00,86.37,86.38,86.26,86.33,5319.02,2026,5,6
2026-05-06 00:10:00+00:00,86.32,86.41,86.31,86.32,8759.369,2026,5,6
2026-05-06 00:15:00+00:00,86.32,86.5,86.29,86.36,18508.583,2026,5,6
2026-05-06 00:20:00+00:00,86.36,86.37,86.12,86.19,6878.646,2026,5,6
2026-05-06 00:25:00+00:00,86.2,86.28,86.1,86.15,3729.557,2026,5,6
2026-05-06 00:30:00+00:00,86.15,86.33,86.12,86.33,13025.138,2026,5,6
2026-05-06 00:35:00+00:00,86.32,86.41,86.31,86.38,5933.299,2026,5,6
2026-05-06 00:40:00+00:00,86.38,86.43,86.33,86.39,4863.897,2026,5,6
2026-05-06 00:45:00+00:00,86.38,86.41,86.14,86.22,10464.596,2026,5,6
2026-05-06 00:50:00+00:00,86.21,86.54,86.21,86.5,7531.186,2026,5,6
2026-05-06 00:55:00+00:00,86.5,86.55,86.37,86.38,6609.801,2026,5,6
2026-05-06 01:00:00+00:00,86.38,86.51,86.31,86.51,5929.897,2026,5,6
2026-05-06 01:05:00+00:00,86.51,86.56,86.46,86.52,8917.489,2026,5,6
2026-05-06 01:10:00+00:00,86.52,86.56,86.5,86.56,1600.728,2026,5,6
2026-05-06 01:15:00+00:00,86.56,86.86,86.55,86.8,13214.344,2026,5,6
2026-05-06 01:20:00+00:00,86.8,86.85,86.73,86.85,7971.86,2026,5,6
2026-05-06 01:25:00+00:00,86.85,86.88,86.75,86.76,5936.599,2026,5,6
2026-05-06 01:30:00+00:00,86.77,86.92,86.76,86.91,5617.118,2026,5,6
2026-05-06 01:35:00+00:00,86.91,86.93,86.77,86.85,3624.023,2026,5,6
2026-05-06 01:40:00+00:00,86.85,86.87,86.81,86.83,2298.738,2026,5,6
2026-05-06 01:45:00+00:00,86.84,86.98,86.82,86.87,8649.016,2026,5,6
2026-05-06 01:50:00+00:00,86.88,87.0,86.86,86.91,7063.202,2026,5,6
2026-05-06 01:55:00+00:00,86.9,86.9,86.75,86.86,4600.264,2026,5,6
2026-05-06 02:00:00+00:00,86.86,86.87,86.73,86.74,5748.356,2026,5,6
2026-05-06 02:05:00+00:00,86.73,86.83,86.65,86.81,4984.345,2026,5,6
2026-05-06 02:10:00+00:00,86.82,86.87,86.79,86.82,2542.87,2026,5,6
2026-05-06 02:15:00+00:00,86.82,86.82,86.72,86.77,2772.904,2026,5,6
2026-05-06 02:20:00+00:00,86.76,86.86,86.73,86.85,6704.109,2026,5,6
2026-05-06 02:25:00+00:00,86.84,86.89,86.57,86.57,17322.828,2026,5,6
2026-05-06 02:30:00+00:00,86.58,86.58,86.41,86.41,3806.298,2026,5,6
2026-05-06 02:35:00+00:00,86.41,86.53,86.39,86.48,4506.273,2026,5,6
2026-05-06 02:40:00+00:00,86.48,86.63,86.47,86.54,3377.87,2026,5,6
2026-05-06 02:45:00+00:00,86.54,86.74,86.53,86.74,4246.913,2026,5,6
2026-05-06 02:50:00+00:00,86.73,86.8,86.67,86.76,5763.495,2026,5,6
2026-05-06 02:55:00+00:00,86.76,86.93,86.76,86.88,8824.569,2026,5,6
2026-05-06 03:00:00+00:00,86.89,87.21,86.88,87.2,41078.785,2026,5,6
2026-05-06 03:05:00+00:00,87.21,87.35,87.03,87.08,17163.733,2026,5,6
2026-05-06 03:10:00+00:00,87.07,87.09,87.01,87.03,8216.673,2026,5,6
2026-05-06 03:15:00+00:00,87.02,87.07,86.98,87.06,7375.596,2026,5,6
2026-05-06 03:20:00+00:00,87.06,87.31,87.06,87.27,10400.92,2026,5,6
2026-05-06 03:25:00+00:00,87.27,87.45,87.1,87.21,25026.085,2026,5,6
2026-05-06 03:30:00+00:00,87.22,87.38,87.2,87.33,13135.711,2026,5,6
2026-05-06 03:35:00+00:00,87.33,87.46,87.31,87.33,11822.909,2026,5,6
2026-05-06 03:40:00+00:00,87.33,87.34,87.24,87.3,4947.981,2026,5,6
2026-05-06 03:45:00+00:00,87.3,87.32,87.23,87.25,3680.982,2026,5,6
2026-05-06 03:50:00+00:00,87.26,87.34,87.24,87.24,13105.33,2026,5,6
2026-05-06 03:55:00+00:00,87.24,87.51,87.24,87.33,51459.772,2026,5,6
2026-05-06 04:00:00+00:00,87.34,87.43,87.27,87.31,8672.719,2026,5,6
2026-05-06 04:05:00+00:00,87.32,87.43,87.3,87.33,5130.969,2026,5,6
2026-05-06 04:10:00+00:00,87.34,87.37,87.28,87.31,7445.72,2026,5,6
2026-05-06 04:15:00+00:00,87.31,87.35,87.2,87.26,7443.955,2026,5,6
2026-05-06 04:20:00+00:00,87.25,87.26,87.14,87.14,10469.225,2026,5,6
2026-05-06 04:25:00+00:00,87.15,87.17,87.04,87.04,5218.617,2026,5,6
2026-05-06 04:30:00+00:00,87.05,87.06,86.92,86.95,11450.864,2026,5,6
2026-05-06 04:35:00+00:00,86.96,87.01,86.95,86.96,6100.033,2026,5,6
2026-05-06 04:40:00+00:00,86.96,86.97,86.91,86.95,5858.417,2026,5,6
2026-05-06 04:45:00+00:00,86.95,87.01,86.87,86.97,4740.824,2026,5,6
2026-05-06 04:50:00+00:00,86.97,86.97,86.67,86.92,17899.997,2026,5,6
2026-05-06 04:55:00+00:00,86.92,86.92,86.8,86.81,6645.871,2026,5,6
2026-05-06 05:00:00+00:00,86.8,86.9,86.75,86.9,8942.449,2026,5,6
2026-05-06 05:05:00+00:00,86.89,86.94,86.84,86.9,3863.458,2026,5,6
2026-05-06 05:10:00+00:00,86.89,86.92,86.82,86.87,3857.988,2026,5,6
2026-05-06 05:15:00+00:00,86.87,86.95,86.82,86.94,2296.825,2026,5,6
2026-05-06 05:20:00+00:00,86.95,86.99,86.91,86.99,4671.228,2026,5,6
2026-05-06 05:25:00+00:00,87.0,87.06,86.97,87.03,7636.805,2026,5,6
2026-05-06 05:30:00+00:00,87.03,87.13,87.02,87.1,6974.529,2026,5,6
2026-05-06 05:35:00+00:00,87.1,87.11,86.91,86.99,22957.404,2026,5,6
2026-05-06 05:40:00+00:00,86.99,87.35,86.96,87.14,36061.185,2026,5,6
2026-05-06 05:45:00+00:00,87.13,87.23,87.07,87.21,6197.045,2026,5,6
2026-05-06 05:50:00+00:00,87.22,87.4,87.22,87.35,23245.618,2026,5,6
2026-05-06 05:55:00+00:00,87.35,87.46,87.33,87.41,13060.961,2026,5,6
2026-05-06 06:00:00+00:00,87.4,87.47,87.39,87.44,9187.017,2026,5,6
2026-05-06 06:05:00+00:00,87.45,87.54,87.33,87.34,19529.981,2026,5,6
2026-05-06 06:10:00+00:00,87.33,87.35,87.24,87.29,10652.344,2026,5,6
2026-05-06 06:15:00+00:00,87.3,87.3,87.17,87.2,5939.332,2026,5,6
2026-05-06 06:20:00+00:00,87.21,87.29,87.17,87.28,5339.747,2026,5,6
2026-05-06 06:25:00+00:00,87.27,87.29,87.21,87.25,2361.385,2026,5,6
2026-05-06 06:30:00+00:00,87.26,87.33,87.17,87.28,5832.984,2026,5,6
2026-05-06 06:35:00+00:00,87.28,87.4,87.27,87.35,3517.426,2026,5,6
2026-05-06 06:40:00+00:00,87.36,87.41,87.29,87.41,9452.832,2026,5,6
2026-05-06 06:45:00+00:00,87.42,87.47,87.36,87.47,5256.24,2026,5,6
2026-05-06 06:50:00+00:00,87.46,87.5,87.42,87.49,8345.336,2026,5,6
2026-05-06 06:55:00+00:00,87.48,87.54,87.45,87.49,11787.469,2026,5,6
2026-05-06 07:00:00+00:00,87.49,87.59,87.49,87.51,10610.949,2026,5,6
2026-05-06 07:05:00+00:00,87.5,87.68,87.46,87.68,9753.474,2026,5,6
2026-05-06 07:10:00+00:00,87.68,87.74,87.53,87.53,9215.607,2026,5,6
2026-05-06 07:15:00+00:00,87.53,87.61,87.48,87.59,5633.383,2026,5,6
2026-05-06 07:20:00+00:00,87.6,87.8,87.57,87.78,12155.448,2026,5,6
2026-05-06 07:25:00+00:00,87.77,87.89,87.75,87.76,9037.249,2026,5,6
2026-05-06 07:30:00+00:00,87.75,87.79,87.69,87.73,9590.51,2026,5,6
2026-05-06 07:35:00+00:00,87.73,87.82,87.73,87.8,3514.975,2026,5,6
2026-05-06 07:40:00+00:00,87.81,87.84,87.75,87.76,3526.348,2026,5,6
2026-05-06 07:45:00+00:00,87.77,87.84,87.76,87.78,6807.417,2026,5,6
2026-05-06 07:50:00+00:00,87.78,87.8,87.66,87.67,5110.384,2026,5,6
2026-05-06 07:55:00+00:00,87.67,87.74,87.59,87.7,10208.871,2026,5,6
2026-05-06 08:00:00+00:00,87.71,87.85,87.64,87.83,12536.457,2026,5,6
2026-05-06 08:05:00+00:00,87.83,87.97,87.83,87.89,11603.539,2026,5,6
2026-05-06 08:10:00+00:00,87.89,87.98,87.82,87.89,7035.435,2026,5,6
2026-05-06 08:15:00+00:00,87.88,87.89,87.82,87.82,5918.248,2026,5,6
2026-05-06 08:20:00+00:00,87.82,87.95,87.78,87.93,6973.809,2026,5,6
2026-05-06 08:25:00+00:00,87.94,87.99,87.84,87.87,31386.143,2026,5,6
2026-05-06 08:30:00+00:00,87.88,88.28,87.87,88.15,37123.93,2026,5,6
2026-05-06 08:35:00+00:00,88.15,88.33,88.15,88.17,28441.063,2026,5,6
2026-05-06 08:40:00+00:00,88.18,88.32,88.16,88.3,8010.798,2026,5,6
2026-05-06 08:45:00+00:00,88.31,88.42,88.24,88.27,19011.243,2026,5,6
2026-05-06 08:50:00+00:00,88.26,88.88,88.21,88.82,69317.108,2026,5,6
2026-05-06 08:55:00+00:00,88.83,89.22,88.77,89.02,90315.457,2026,5,6
2026-05-06 09:00:00+00:00,89.02,89.07,88.66,88.71,33338.772,2026,5,6
2026-05-06 09:05:00+00:00,88.72,88.96,88.65,88.78,28634.149,2026,5,6
2026-05-06 09:10:00+00:00,88.78,88.95,88.78,88.8,14615.828,2026,5,6
2026-05-06 09:15:00+00:00,88.79,88.9,88.77,88.8,22252.862,2026,5,6
2026-05-06 09:20:00+00:00,88.8,88.85,88.59,88.64,13852.804,2026,5,6
2026-05-06 09:25:00+00:00,88.64,88.82,88.6,88.81,19018.211,2026,5,6
2026-05-06 09:30:00+00:00,88.82,89.3,88.78,89.04,40494.613,2026,5,6
2026-05-06 09:35:00+00:00,89.05,89.24,89.01,89.21,39650.394,2026,5,6
2026-05-06 09:40:00+00:00,89.21,89.27,89.14,89.24,38543.587,2026,5,6
2026-05-06 09:45:00+00:00,89.25,89.25,89.05,89.17,21774.892,2026,5,6
2026-05-06 09:50:00+00:00,89.17,89.26,89.06,89.24,10717.309,2026,5,6
2026-05-06 09:55:00+00:00,89.24,89.54,89.24,89.48,32548.054,2026,5,6
2026-05-06 10:00:00+00:00,89.48,89.5,89.31,89.35,20276.84,2026,5,6
2026-05-06 10:05:00+00:00,89.36,89.36,89.21,89.3,14648.414,2026,5,6
2026-05-06 10:10:00+00:00,89.3,89.58,89.3,89.51,18664.443,2026,5,6
2026-05-06 10:15:00+00:00,89.52,89.62,89.4,89.6,36660.972,2026,5,6
2026-05-06 10:20:00+00:00,89.59,89.69,89.51,89.56,24409.017,2026,5,6
2026-05-06 10:25:00+00:00,89.55,89.6,89.45,89.52,14323.305,2026,5,6
2026-05-06 10:30:00+00:00,89.52,89.67,89.49,89.59,20185.714,2026,5,6
2026-05-06 10:35:00+00:00,89.6,89.69,89.52,89.58,9568.794,2026,5,6
2026-05-06 10:40:00+00:00,89.58,89.66,89.5,89.58,10094.749,2026,5,6
2026-05-06 10:45:00+00:00,89.59,89.65,89.43,89.44,7357.293,2026,5,6
2026-05-06 10:50:00+00:00,89.44,89.52,89.4,89.49,15758.14,2026,5,6
2026-05-06 10:55:00+00:00,89.48,89.49,89.36,89.38,8214.365,2026,5,6
2026-05-06 11:00:00+00:00,89.38,89.48,89.31,89.43,17705.845,2026,5,6
2026-05-06 11:05:00+00:00,89.42,89.57,89.4,89.47,9181.177,2026,5,6
2026-05-06 11:10:00+00:00,89.47,89.55,89.47,89.51,5238.714,2026,5,6
2026-05-06 11:15:00+00:00,89.52,89.75,89.5,89.69,17605.273,2026,5,6
2026-05-06 11:20:00+00:00,89.7,89.98,89.69,89.97,20329.874,2026,5,6
2026-05-06 11:25:00+00:00,89.97,90.03,89.6,89.6,37722.771,2026,5,6
2026-05-06 11:30:00+00:00,89.59,89.69,89.59,89.67,14676.706,2026,5,6
2026-05-06 11:35:00+00:00,89.66,89.8,89.64,89.8,11228.899,2026,5,6
2026-05-06 11:40:00+00:00,89.8,89.86,89.49,89.52,15876.152,2026,5,6
2026-05-06 11:45:00+00:00,89.51,89.61,89.47,89.59,7906.907,2026,5,6
2026-05-06 11:50:00+00:00,89.59,89.85,89.59,89.8,16994.606,2026,5,6
2026-05-06 11:55:00+00:00,89.79,89.87,89.74,89.87,8421.423,2026,5,6
2026-05-06 12:00:00+00:00,89.87,89.97,89.65,89.67,22059.363,2026,5,6
2026-05-06 12:05:00+00:00,89.68,89.8,89.63,89.69,11637.204,2026,5,6
2026-05-06 12:10:00+00:00,89.7,89.78,89.5,89.51,19350.105,2026,5,6
2026-05-06 12:15:00+00:00,89.51,89.65,89.5,89.53,25039.577,2026,5,6
2026-05-06 12:20:00+00:00,89.54,89.8,89.53,89.7,16874.409,2026,5,6
2026-05-06 12:25:00+00:00,89.7,89.71,89.61,89.63,4850.895,2026,5,6
2026-05-06 12:30:00+00:00,89.64,89.81,89.63,89.8,18163.587,2026,5,6
2026-05-06 12:35:00+00:00,89.8,89.85,89.71,89.71,6454.861,2026,5,6
2026-05-06 12:40:00+00:00,89.72,89.75,89.67,89.74,6943.023,2026,5,6
2026-05-06 12:45:00+00:00,89.73,89.88,89.71,89.83,21501.27,2026,5,6
2026-05-06 12:50:00+00:00,89.83,89.9,89.68,89.73,7415.167,2026,5,6
2026-05-06 12:55:00+00:00,89.72,89.75,89.55,89.66,10142.408,2026,5,6
2026-05-06 13:00:00+00:00,89.66,89.66,89.18,89.21,45338.356,2026,5,6
2026-05-06 13:05:00+00:00,89.21,89.32,88.43,88.76,57307.16,2026,5,6
2026-05-06 13:10:00+00:00,88.76,89.12,88.74,88.92,46600.532,2026,5,6
2026-05-06 13:15:00+00:00,88.92,89.05,88.69,88.69,18640.457,2026,5,6
2026-05-06 13:20:00+00:00,88.69,88.83,88.59,88.65,22394.542,2026,5,6
2026-05-06 13:25:00+00:00,88.66,88.68,88.37,88.51,33248.381,2026,5,6
2026-05-06 13:30:00+00:00,88.51,88.81,88.38,88.77,32548.696,2026,5,6
2026-05-06 13:35:00+00:00,88.78,88.81,88.39,88.48,16615.123,2026,5,6
2026-05-06 13:40:00+00:00,88.48,88.72,88.45,88.69,17905.75,2026,5,6
2026-05-06 13:45:00+00:00,88.69,88.71,88.07,88.31,38730.737,2026,5,6
2026-05-06 13:50:00+00:00,88.3,88.35,88.11,88.31,25991.77,2026,5,6
2026-05-06 13:55:00+00:00,88.32,88.44,88.2,88.33,13123.749,2026,5,6
2026-05-06 14:00:00+00:00,88.33,88.36,87.78,87.78,31669.011,2026,5,6
2026-05-06 14:05:00+00:00,87.79,88.02,87.47,88.02,96610.1,2026,5,6
2026-05-06 14:10:00+00:00,88.02,88.11,87.84,88.11,27636.229,2026,5,6
2026-05-06 14:15:00+00:00,88.1,88.15,87.9,88.0,16184.818,2026,5,6
2026-05-06 14:20:00+00:00,88.01,88.29,88.0,88.28,19315.143,2026,5,6
2026-05-06 14:25:00+00:00,88.27,88.47,88.18,88.18,24626.656,2026,5,6
2026-05-06 14:30:00+00:00,88.18,88.54,88.18,88.48,11015.685,2026,5,6
2026-05-06 14:35:00+00:00,88.49,88.54,88.39,88.5,9359.284,2026,5,6
2026-05-06 14:40:00+00:00,88.5,88.66,88.42,88.66,12274.864,2026,5,6
2026-05-06 14:45:00+00:00,88.66,88.85,88.52,88.62,13115.577,2026,5,6
2026-05-06 14:50:00+00:00,88.63,88.67,88.39,88.43,5618.957,2026,5,6
2026-05-06 14:55:00+00:00,88.43,88.51,88.32,88.4,9644.159,2026,5,6
2026-05-06 15:00:00+00:00,88.4,88.58,88.37,88.58,10270.337,2026,5,6
2026-05-06 15:05:00+00:00,88.59,88.65,88.52,88.54,9766.605,2026,5,6
2026-05-06 15:10:00+00:00,88.53,88.57,88.3,88.41,9892.641,2026,5,6
2026-05-06 15:15:00+00:00,88.4,88.9,88.4,88.88,16680.31,2026,5,6
2026-05-06 15:20:00+00:00,88.88,88.97,88.83,88.9,12446.281,2026,5,6
2026-05-06 15:25:00+00:00,88.9,88.92,88.73,88.76,8784.76,2026,5,6
2026-05-06 15:30:00+00:00,88.76,88.87,88.75,88.8,6146.424,2026,5,6
2026-05-06 15:35:00+00:00,88.8,88.81,88.55,88.57,10572.893,2026,5,6
2026-05-06 15:40:00+00:00,88.56,88.92,88.55,88.8,13918.07,2026,5,6
2026-05-06 15:45:00+00:00,88.81,89.04,88.8,88.95,11803.74,2026,5,6
2026-05-06 15:50:00+00:00,88.95,89.02,88.87,89.02,7205.173,2026,5,6
2026-05-06 15:55:00+00:00,89.01,89.06,88.92,88.97,6461.004,2026,5,6
2026-05-06 16:00:00+00:00,88.97,88.99,88.82,88.97,11333.712,2026,5,6
2026-05-06 16:05:00+00:00,88.98,89.1,88.93,89.09,6521.339,2026,5,6
2026-05-06 16:10:00+00:00,89.1,89.2,89.06,89.08,8988.53,2026,5,6
2026-05-06 16:15:00+00:00,89.08,89.15,88.96,88.96,5476.87,2026,5,6
2026-05-06 16:20:00+00:00,88.97,88.98,88.64,88.83,20491.305,2026,5,6
2026-05-06 16:25:00+00:00,88.83,88.9,88.67,88.71,11141.704,2026,5,6
2026-05-06 16:30:00+00:00,88.72,88.88,88.59,88.87,15661.369,2026,5,6
2026-05-06 16:35:00+00:00,88.86,89.08,88.75,89.06,9450.148,2026,5,6
2026-05-06 16:40:00+00:00,89.06,89.28,89.01,89.24,12580.022,2026,5,6
2026-05-06 16:45:00+00:00,89.24,89.38,89.22,89.37,6946.049,2026,5,6
2026-05-06 16:50:00+00:00,89.37,89.51,89.27,89.28,12700.224,2026,5,6
2026-05-06 16:55:00+00:00,89.28,89.3,89.14,89.18,10791.938,2026,5,6
2026-05-06 17:00:00+00:00,89.18,89.41,89.15,89.38,8690.022,2026,5,6
2026-05-06 17:05:00+00:00,89.37,89.44,89.2,89.21,5103.037,2026,5,6
2026-05-06 17:10:00+00:00,89.2,89.3,89.19,89.22,3195.188,2026,5,6
2026-05-06 17:15:00+00:00,89.23,89.23,88.9,89.01,18325.022,2026,5,6
2026-05-06 17:20:00+00:00,89.02,89.22,89.01,89.16,9271.707,2026,5,6
2026-05-06 17:25:00+00:00,89.16,89.16,89.02,89.03,7392.824,2026,5,6
2026-05-06 17:30:00+00:00,89.02,89.08,88.95,88.96,8494.974,2026,5,6
2026-05-06 17:35:00+00:00,88.96,89.01,88.93,89.01,2543.428,2026,5,6
2026-05-06 17:40:00+00:00,89.01,89.07,88.94,88.95,11950.862,2026,5,6
2026-05-06 17:45:00+00:00,88.95,88.96,88.53,88.73,21745.686,2026,5,6
2026-05-06 17:50:00+00:00,88.73,88.79,88.69,88.76,4616.109,2026,5,6
2026-05-06 17:55:00+00:00,88.77,88.85,88.69,88.83,5811.089,2026,5,6
2026-05-06 18:00:00+00:00,88.83,88.91,88.76,88.77,4437.926,2026,5,6
2026-05-06 18:05:00+00:00,88.76,88.83,88.66,88.76,3863.982,2026,5,6
2026-05-06 18:10:00+00:00,88.77,88.78,88.5,88.76,11769.054,2026,5,6
2026-05-06 18:15:00+00:00,88.75,88.96,88.74,88.83,5498.024,2026,5,6
2026-05-06 18:20:00+00:00,88.83,88.86,88.75,88.75,3209.118,2026,5,6
2026-05-06 18:25:00+00:00,88.76,88.93,88.74,88.86,4407.865,2026,5,6
2026-05-06 18:30:00+00:00,88.85,88.91,88.6,88.76,6838.036,2026,5,6
2026-05-06 18:35:00+00:00,88.77,88.8,88.7,88.75,5006.392,2026,5,6
2026-05-06 18:40:00+00:00,88.75,89.01,88.75,88.96,7948.365,2026,5,6
2026-05-06 18:45:00+00:00,88.96,89.09,88.88,88.89,4676.133,2026,5,6
2026-05-06 18:50:00+00:00,88.88,89.02,88.84,89.0,7363.592,2026,5,6
2026-05-06 18:55:00+00:00,89.0,89.15,88.98,88.99,4099.84,2026,5,6
2026-05-06 19:00:00+00:00,88.98,89.2,88.96,89.12,3788.734,2026,5,6
2026-05-06 19:05:00+00:00,89.12,89.19,89.05,89.15,4469.446,2026,5,6
2026-05-06 19:10:00+00:00,89.15,89.16,88.97,88.97,9009.93,2026,5,6
2026-05-06 19:15:00+00:00,88.98,89.07,88.92,89.07,2581.193,2026,5,6
2026-05-06 19:20:00+00:00,89.06,89.27,89.06,89.07,4930.653,2026,5,6
2026-05-06 19:25:00+00:00,89.07,89.11,89.0,89.08,2866.064,2026,5,6
2026-05-06 19:30:00+00:00,89.09,89.09,88.92,88.92,3268.849,2026,5,6
2026-05-06 19:35:00+00:00,88.92,89.18,88.9,89.17,5132.027,2026,5,6
2026-05-06 19:40:00+00:00,89.17,89.2,89.05,89.13,4137.966,2026,5,6
2026-05-06 19:45:00+00:00,89.13,89.18,89.05,89.06,2524.194,2026,5,6
2026-05-06 19:50:00+00:00,89.06,89.22,89.05,89.22,5899.292,2026,5,6
2026-05-06 19:55:00+00:00,89.22,89.32,89.15,89.27,9035.68,2026,5,6
2026-05-06 20:00:00+00:00,89.27,89.45,89.22,89.45,4501.179,2026,5,6
2026-05-06 20:05:00+00:00,89.45,89.5,89.38,89.45,7394.711,2026,5,6
2026-05-06 20:10:00+00:00,89.45,89.54,89.43,89.48,3274.2,2026,5,6
2026-05-06 20:15:00+00:00,89.49,89.56,89.48,89.53,3533.647,2026,5,6
2026-05-06 20:20:00+00:00,89.52,89.54,89.41,89.46,4963.773,2026,5,6
2026-05-06 20:25:00+00:00,89.46,89.62,89.41,89.41,4702.467,2026,5,6
2026-05-06 20:30:00+00:00,89.42,89.47,89.19,89.28,12766.19,2026,5,6
2026-05-06 20:35:00+00:00,89.27,89.32,89.12,89.17,7235.741,2026,5,6
2026-05-06 20:40:00+00:00,89.16,89.21,89.0,89.0,5834.662,2026,5,6
2026-05-06 20:45:00+00:00,89.0,89.07,88.92,88.94,5265.93,2026,5,6
2026-05-06 20:50:00+00:00,88.95,89.02,88.92,89.01,3996.581,2026,5,6
2026-05-06 20:55:00+00:00,89.0,89.19,88.99,89.19,6850.005,2026,5,6
2026-05-06 21:00:00+00:00,89.19,89.25,89.14,89.23,4176.777,2026,5,6
2026-05-06 21:05:00+00:00,89.24,89.4,89.19,89.4,4612.607,2026,5,6
2026-05-06 21:10:00+00:00,89.4,89.4,89.07,89.23,5818.85,2026,5,6
2026-05-06 21:15:00+00:00,89.24,89.36,89.23,89.28,3113.852,2026,5,6
2026-05-06 21:20:00+00:00,89.28,89.4,89.27,89.38,5859.296,2026,5,6
2026-05-06 21:25:00+00:00,89.38,89.43,89.28,89.41,26303.221,2026,5,6
2026-05-06 21:30:00+00:00,89.42,89.52,89.3,89.44,6493.701,2026,5,6
2026-05-06 21:35:00+00:00,89.44,89.59,89.44,89.57,8205.308,2026,5,6
2026-05-06 21:40:00+00:00,89.57,89.6,89.47,89.5,7652.355,2026,5,6
2026-05-06 21:45:00+00:00,89.5,89.52,89.39,89.46,2977.048,2026,5,6
2026-05-06 21:50:00+00:00,89.45,89.58,89.45,89.54,3546.748,2026,5,6
2026-05-06 21:55:00+00:00,89.54,89.58,89.44,89.47,7557.541,2026,5,6
2026-05-06 22:00:00+00:00,89.48,89.57,89.36,89.49,8544.234,2026,5,6
2026-05-06 22:05:00+00:00,89.49,89.55,89.31,89.32,5900.339,2026,5,6
2026-05-06 22:10:00+00:00,89.31,89.37,89.24,89.34,5923.636,2026,5,6
2026-05-06 22:15:00+00:00,89.35,89.37,89.24,89.24,3139.594,2026,5,6
2026-05-06 22:20:00+00:00,89.24,89.24,89.11,89.15,3080.899,2026,5,6
2026-05-06 22:25:00+00:00,89.16,89.17,89.06,89.07,3825.553,2026,5,6
2026-05-06 22:30:00+00:00,89.07,89.22,89.07,89.16,3037.519,2026,5,6
2026-05-06 22:35:00+00:00,89.15,89.17,89.08,89.1,1630.824,2026,5,6
2026-05-06 22:40:00+00:00,89.09,89.14,89.09,89.13,3026.553,2026,5,6
2026-05-06 22:45:00+00:00,89.14,89.2,89.01,89.07,6361.994,2026,5,6
2026-05-06 22:50:00+00:00,89.08,89.25,89.07,89.21,2169.493,2026,5,6
2026-05-06 22:55:00+00:00,89.22,89.22,89.07,89.07,2827.366,2026,5,6
2026-05-06 23:00:00+00:00,89.07,89.08,88.65,88.76,15976.959,2026,5,6
2026-05-06 23:05:00+00:00,88.77,89.05,88.77,89.03,8885.751,2026,5,6
2026-05-06 23:10:00+00:00,89.02,89.1,88.95,88.95,4345.355,2026,5,6
2026-05-06 23:15:00+00:00,88.96,89.06,88.96,89.03,2548.706,2026,5,6
2026-05-06 23:20:00+00:00,89.03,89.15,89.02,89.15,2808.192,2026,5,6
2026-05-06 23:25:00+00:00,89.16,89.17,89.11,89.15,2394.323,2026,5,6
2026-05-06 23:30:00+00:00,89.15,89.17,89.07,89.14,2368.402,2026,5,6
2026-05-06 23:35:00+00:00,89.13,89.13,89.02,89.03,3481.087,2026,5,6
2026-05-06 23:40:00+00:00,89.03,89.13,89.0,89.1,2013.223,2026,5,6
2026-05-06 23:45:00+00:00,89.11,89.15,89.01,89.05,5116.485,2026,5,6
2026-05-06 23:50:00+00:00,89.05,89.16,89.01,89.15,3376.516,2026,5,6
2026-05-06 23:55:00+00:00,89.15,89.18,89.12,89.16,4530.777,2026,5,6
2026-05-07 00:00:00+00:00,89.16,89.27,89.15,89.2,4469.523,2026,5,7
2026-05-07 00:05:00+00:00,89.2,89.22,89.02,89.03,4082.275,2026,5,7
2026-05-07 00:10:00+00:00,89.02,89.15,89.01,89.02,3918.691,2026,5,7
2026-05-07 00:15:00+00:00,89.01,89.02,88.88,88.99,5093.109,2026,5,7
2026-05-07 00:20:00+00:00,89.0,89.0,88.77,88.82,10886.875,2026,5,7
2026-05-07 00:25:00+00:00,88.82,88.82,88.65,88.66,4752.668,2026,5,7
2026-05-07 00:30:00+00:00,88.66,88.7,88.53,88.6,16379.601,2026,5,7
2026-05-07 00:35:00+00:00,88.61,88.69,88.53,88.54,8245.661,2026,5,7
2026-05-07 00:40:00+00:00,88.55,88.56,88.24,88.3,16525.202,2026,5,7
2026-05-07 00:45:00+00:00,88.31,88.54,88.26,88.48,11255.853,2026,5,7
2026-05-07 00:50:00+00:00,88.48,88.52,88.21,88.27,13309.377,2026,5,7
2026-05-07 00:55:00+00:00,88.27,88.46,88.21,88.32,5709.082,2026,5,7
2026-05-07 01:00:00+00:00,88.32,88.41,88.13,88.15,7212.64,2026,5,7
2026-05-07 01:05:00+00:00,88.15,88.28,87.9,88.25,16298.424,2026,5,7
2026-05-07 01:10:00+00:00,88.24,88.4,88.21,88.38,7070.294,2026,5,7
2026-05-07 01:15:00+00:00,88.39,88.41,88.13,88.18,5519.457,2026,5,7
2026-05-07 01:20:00+00:00,88.18,88.37,87.91,88.33,13750.981,2026,5,7
2026-05-07 01:25:00+00:00,88.32,88.42,88.29,88.39,6383.266,2026,5,7
2026-05-07 01:30:00+00:00,88.4,88.53,88.24,88.24,5386.515,2026,5,7
2026-05-07 01:35:00+00:00,88.25,88.39,88.25,88.35,5337.753,2026,5,7
2026-05-07 01:40:00+00:00,88.36,88.44,88.29,88.35,3906.468,2026,5,7
2026-05-07 01:45:00+00:00,88.35,88.35,88.23,88.35,2956.587,2026,5,7
2026-05-07 01:50:00+00:00,88.35,88.36,88.08,88.15,4265.18,2026,5,7
2026-05-07 01:55:00+00:00,88.16,88.36,88.15,88.31,10826.287,2026,5,7
2026-05-07 02:00:00+00:00,88.31,88.37,88.17,88.2,3715.064,2026,5,7
2026-05-07 02:05:00+00:00,88.2,88.21,88.05,88.06,7864.543,2026,5,7
2026-05-07 02:10:00+00:00,88.05,88.13,87.94,87.98,5906.288,2026,5,7
2026-05-07 02:15:00+00:00,87.98,88.07,87.94,87.95,5526.338,2026,5,7
2026-05-07 02:20:00+00:00,87.94,88.08,87.88,87.93,6815.982,2026,5,7
2026-05-07 02:25:00+00:00,87.93,87.97,87.86,87.93,4195.534,2026,5,7
2026-05-07 02:30:00+00:00,87.93,88.08,87.8,88.06,10907.273,2026,5,7
2026-05-07 02:35:00+00:00,88.05,88.06,87.95,87.96,2797.249,2026,5,7
2026-05-07 02:40:00+00:00,87.95,88.0,87.92,87.93,2268.895,2026,5,7
2026-05-07 02:45:00+00:00,87.94,88.04,87.92,88.03,8075.177,2026,5,7
2026-05-07 02:50:00+00:00,88.02,88.16,88.0,88.12,6447.991,2026,5,7
2026-05-07 02:55:00+00:00,88.13,88.2,88.1,88.15,3605.299,2026,5,7
2026-05-07 03:00:00+00:00,88.14,88.15,88.05,88.06,4981.334,2026,5,7
2026-05-07 03:05:00+00:00,88.06,88.12,88.0,88.03,3948.397,2026,5,7
2026-05-07 03:10:00+00:00,88.03,88.06,87.95,87.97,2170.064,2026,5,7
2026-05-07 03:15:00+00:00,87.97,88.06,87.96,88.01,2834.169,2026,5,7
2026-05-07 03:20:00+00:00,88.01,88.01,87.63,87.73,22565.201,2026,5,7
2026-05-07 03:25:00+00:00,87.73,87.9,87.71,87.89,8292.101,2026,5,7
2026-05-07 03:30:00+00:00,87.89,87.89,87.67,87.72,4466.658,2026,5,7
2026-05-07 03:35:00+00:00,87.72,87.88,87.72,87.87,6525.993,2026,5,7
2026-05-07 03:40:00+00:00,87.88,87.98,87.87,87.98,3414.512,2026,5,7
2026-05-07 03:45:00+00:00,87.97,88.01,87.94,87.98,5083.766,2026,5,7
2026-05-07 03:50:00+00:00,87.99,88.04,87.92,87.93,3635.881,2026,5,7
2026-05-07 03:55:00+00:00,87.92,87.93,87.74,87.75,5620.895,2026,5,7
2026-05-07 04:00:00+00:00,87.75,87.83,87.72,87.76,4893.926,2026,5,7
2026-05-07 04:05:00+00:00,87.75,87.79,87.69,87.73,4717.85,2026,5,7
2026-05-07 04:10:00+00:00,87.73,88.03,87.73,88.01,4937.158,2026,5,7
2026-05-07 04:15:00+00:00,88.01,88.1,87.97,88.08,3048.475,2026,5,7
2026-05-07 04:20:00+00:00,88.08,88.16,88.07,88.14,3191.308,2026,5,7
2026-05-07 04:25:00+00:00,88.14,88.21,88.07,88.11,7621.68,2026,5,7
2026-05-07 04:30:00+00:00,88.11,88.23,88.08,88.13,6976.342,2026,5,7
2026-05-07 04:35:00+00:00,88.13,88.19,88.06,88.06,4433.642,2026,5,7
2026-05-07 04:40:00+00:00,88.07,88.07,87.96,87.98,12455.111,2026,5,7
2026-05-07 04:45:00+00:00,87.99,88.15,87.98,88.13,4021.143,2026,5,7
2026-05-07 04:50:00+00:00,88.14,88.31,88.08,88.3,8154.441,2026,5,7
2026-05-07 04:55:00+00:00,88.31,88.38,88.27,88.36,4194.368,2026,5,7
2026-05-07 05:00:00+00:00,88.37,88.63,88.34,88.63,7125.974,2026,5,7
2026-05-07 05:05:00+00:00,88.63,88.63,88.5,88.53,6143.898,2026,5,7
2026-05-07 05:10:00+00:00,88.54,88.91,88.52,88.57,19638.748,2026,5,7
2026-05-07 05:15:00+00:00,88.57,88.66,88.54,88.56,8655.943,2026,5,7
2026-05-07 05:20:00+00:00,88.55,88.55,88.45,88.5,4202.677,2026,5,7
2026-05-07 05:25:00+00:00,88.5,88.65,88.44,88.6,12823.504,2026,5,7
2026-05-07 05:30:00+00:00,88.6,88.66,88.55,88.55,7024.21,2026,5,7
2026-05-07 05:35:00+00:00,88.56,88.68,88.54,88.54,4487.54,2026,5,7
2026-05-07 05:40:00+00:00,88.54,88.57,88.47,88.47,14610.388,2026,5,7
2026-05-07 05:45:00+00:00,88.48,88.63,88.32,88.57,26416.447,2026,5,7
2026-05-07 05:50:00+00:00,88.57,88.62,88.53,88.59,4644.337,2026,5,7
2026-05-07 05:55:00+00:00,88.6,88.66,88.55,88.65,6130.795,2026,5,7
2026-05-07 06:00:00+00:00,88.66,88.69,88.59,88.69,6227.889,2026,5,7
2026-05-07 06:05:00+00:00,88.69,88.69,88.36,88.51,17602.368,2026,5,7
2026-05-07 06:10:00+00:00,88.51,88.58,88.22,88.24,21779.302,2026,5,7
2026-05-07 06:15:00+00:00,88.23,88.34,88.23,88.29,8147.814,2026,5,7
2026-05-07 06:20:00+00:00,88.28,88.41,88.26,88.33,4025.388,2026,5,7
2026-05-07 06:25:00+00:00,88.32,88.49,88.3,88.49,4248.583,2026,5,7
2026-05-07 06:30:00+00:00,88.5,88.91,88.49,88.9,9258.709,2026,5,7
2026-05-07 06:35:00+00:00,88.91,89.09,88.91,89.0,17511.832,2026,5,7
2026-05-07 06:40:00+00:00,89.0,89.17,88.99,89.16,17954.658,2026,5,7
2026-05-07 06:45:00+00:00,89.15,89.18,88.98,89.09,11747.342,2026,5,7
2026-05-07 06:50:00+00:00,89.09,89.19,89.09,89.17,5155.091,2026,5,7
2026-05-07 06:55:00+00:00,89.16,89.28,89.13,89.27,7041.716,2026,5,7
2026-05-07 07:00:00+00:00,89.28,89.28,89.15,89.26,9795.902,2026,5,7
2026-05-07 07:05:00+00:00,89.27,89.41,89.14,89.18,25921.43,2026,5,7
2026-05-07 07:10:00+00:00,89.19,89.53,89.18,89.52,10906.445,2026,5,7
2026-05-07 07:15:00+00:00,89.52,89.59,89.39,89.47,14226.821,2026,5,7
2026-05-07 07:20:00+00:00,89.48,89.58,89.47,89.53,11994.818,2026,5,7
2026-05-07 07:25:00+00:00,89.53,89.64,89.49,89.62,11833.384,2026,5,7
2026-05-07 07:30:00+00:00,89.62,90.05,89.61,90.03,35110.132,2026,5,7
2026-05-07 07:35:00+00:00,90.02,90.38,90.0,90.25,43095.236,2026,5,7
2026-05-07 07:40:00+00:00,90.26,90.38,90.13,90.19,14870.195,2026,5,7
2026-05-07 07:45:00+00:00,90.19,90.44,90.17,90.3,51545.851,2026,5,7
2026-05-07 07:50:00+00:00,90.3,90.35,90.05,90.05,9867.896,2026,5,7
2026-05-07 07:55:00+00:00,90.06,90.19,89.96,90.16,18225.713,2026,5,7
2026-05-07 08:00:00+00:00,90.17,90.26,90.1,90.11,11804.767,2026,5,7
2026-05-07 08:05:00+00:00,90.11,90.27,90.07,90.26,18408.008,2026,5,7
2026-05-07 08:10:00+00:00,90.25,90.25,90.05,90.14,6544.285,2026,5,7
2026-05-07 08:15:00+00:00,90.15,90.16,89.72,89.77,12992.391,2026,5,7
2026-05-07 08:20:00+00:00,89.77,89.84,89.69,89.8,11247.99,2026,5,7
2026-05-07 08:25:00+00:00,89.8,89.85,89.65,89.85,16455.358,2026,5,7
2026-05-07 08:30:00+00:00,89.84,89.98,89.69,89.74,10370.328,2026,5,7
2026-05-07 08:35:00+00:00,89.73,89.77,89.54,89.74,12787.371,2026,5,7
2026-05-07 08:40:00+00:00,89.74,89.82,89.59,89.62,13560.512,2026,5,7
2026-05-07 08:45:00+00:00,89.61,89.67,89.48,89.65,13500.733,2026,5,7
2026-05-07 08:50:00+00:00,89.65,89.81,89.61,89.67,6893.837,2026,5,7
2026-05-07 08:55:00+00:00,89.67,89.67,89.49,89.58,7059.346,2026,5,7
2026-05-07 09:00:00+00:00,89.59,89.59,89.33,89.38,11225.389,2026,5,7
2026-05-07 09:05:00+00:00,89.38,89.55,89.33,89.55,4804.642,2026,5,7
2026-05-07 09:10:00+00:00,89.55,89.55,89.45,89.54,5213.132,2026,5,7
2026-05-07 09:15:00+00:00,89.54,89.56,89.45,89.54,4200.513,2026,5,7
2026-05-07 09:20:00+00:00,89.54,89.58,89.38,89.45,4408.745,2026,5,7
2026-05-07 09:25:00+00:00,89.45,89.46,89.2,89.28,9610.145,2026,5,7
2026-05-07 09:30:00+00:00,89.28,89.6,89.24,89.5,33284.799,2026,5,7
2026-05-07 09:35:00+00:00,89.49,89.57,89.31,89.33,8559.392,2026,5,7
2026-05-07 09:40:00+00:00,89.33,89.42,89.26,89.3,7075.32,2026,5,7
2026-05-07 09:45:00+00:00,89.3,89.44,89.3,89.44,8085.272,2026,5,7
2026-05-07 09:50:00+00:00,89.44,89.46,89.33,89.42,3753.815,2026,5,7
2026-05-07 09:55:00+00:00,89.43,89.48,89.41,89.46,2257.158,2026,5,7
2026-05-07 10:00:00+00:00,89.46,89.53,89.37,89.48,11110.414,2026,5,7
2026-05-07 10:05:00+00:00,89.48,89.5,89.34,89.35,6476.979,2026,5,7
2026-05-07 10:10:00+00:00,89.34,89.35,89.03,89.16,15277.433,2026,5,7
2026-05-07 10:15:00+00:00,89.16,89.25,89.1,89.12,6209.513,2026,5,7
2026-05-07 10:20:00+00:00,89.12,89.14,89.03,89.05,6954.993,2026,5,7
2026-05-07 10:25:00+00:00,89.05,89.06,88.76,88.78,17190.067,2026,5,7
2026-05-07 10:30:00+00:00,88.78,88.95,88.77,88.91,24424.21,2026,5,7
2026-05-07 10:35:00+00:00,88.91,89.04,88.84,89.02,5856.016,2026,5,7
2026-05-07 10:40:00+00:00,89.03,89.2,89.01,89.18,6402.445,2026,5,7
2026-05-07 10:45:00+00:00,89.17,89.21,89.09,89.11,4580.073,2026,5,7
2026-05-07 10:50:00+00:00,89.11,89.21,89.09,89.19,5362.102,2026,5,7
2026-05-07 10:55:00+00:00,89.19,89.23,89.16,89.17,3762.491,2026,5,7
2026-05-07 11:00:00+00:00,89.17,89.42,89.17,89.4,6847.678,2026,5,7
2026-05-07 11:05:00+00:00,89.41,89.69,89.4,89.52,28421.043,2026,5,7
2026-05-07 11:10:00+00:00,89.52,89.52,89.39,89.46,4585.303,2026,5,7
2026-05-07 11:15:00+00:00,89.47,89.5,89.36,89.45,3342.791,2026,5,7
2026-05-07 11:20:00+00:00,89.44,89.65,89.4,89.61,5402.917,2026,5,7
2026-05-07 11:25:00+00:00,89.61,89.62,89.42,89.43,4018.589,2026,5,7
2026-05-07 11:30:00+00:00,89.44,89.57,89.41,89.51,8848.984,2026,5,7
2026-05-07 11:35:00+00:00,89.51,89.53,89.42,89.52,5039.843,2026,5,7
2026-05-07 11:40:00+00:00,89.53,89.63,89.52,89.6,7033.398,2026,5,7
2026-05-07 11:45:00+00:00,89.6,89.64,89.43,89.43,10013.489,2026,5,7
2026-05-07 11:50:00+00:00,89.44,89.49,89.28,89.48,10406.992,2026,5,7
2026-05-07 11:55:00+00:00,89.48,89.62,89.46,89.57,11872.627,2026,5,7
2026-05-07 12:00:00+00:00,89.56,89.81,89.52,89.77,16914.383,2026,5,7
2026-05-07 12:05:00+00:00,89.77,89.79,89.67,89.75,3815.385,2026,5,7
2026-05-07 12:10:00+00:00,89.75,90.0,89.75,89.98,20549.056,2026,5,7
2026-05-07 12:15:00+00:00,89.99,90.1,89.87,89.91,20012.971,2026,5,7
2026-05-07 12:20:00+00:00,89.91,89.92,89.75,89.82,16357.401,2026,5,7
2026-05-07 12:25:00+00:00,89.81,89.96,89.79,89.93,10547.057,2026,5,7
2026-05-07 12:30:00+00:00,89.93,90.0,89.84,89.89,11664.963,2026,5,7
2026-05-07 12:35:00+00:00,89.89,89.94,89.85,89.9,7847.986,2026,5,7
2026-05-07 12:40:00+00:00,89.89,89.91,89.82,89.91,7338.223,2026,5,7
2026-05-07 12:45:00+00:00,89.9,89.94,89.65,89.74,13622.14,2026,5,7
2026-05-07 12:50:00+00:00,89.75,89.82,89.69,89.77,11423.698,2026,5,7
2026-05-07 12:55:00+00:00,89.77,89.81,89.69,89.77,15395.793,2026,5,7
2026-05-07 13:00:00+00:00,89.76,89.76,89.54,89.56,19047.781,2026,5,7
2026-05-07 13:05:00+00:00,89.57,89.57,89.29,89.3,9577.662,2026,5,7
2026-05-07 13:10:00+00:00,89.3,89.36,89.04,89.12,28017.53,2026,5,7
2026-05-07 13:15:00+00:00,89.13,89.45,89.12,89.39,12698.331,2026,5,7
2026-05-07 13:20:00+00:00,89.39,89.54,89.33,89.43,6918.46,2026,5,7
2026-05-07 13:25:00+00:00,89.42,89.42,89.18,89.25,7763.87,2026,5,7
2026-05-07 13:30:00+00:00,89.25,89.25,89.02,89.17,13193.347,2026,5,7
2026-05-07 13:35:00+00:00,89.18,89.24,88.97,89.0,36104.465,2026,5,7
2026-05-07 13:40:00+00:00,89.0,89.11,88.92,88.93,29078.456,2026,5,7
2026-05-07 13:45:00+00:00,88.93,89.03,88.38,88.58,74183.333,2026,5,7
2026-05-07 13:50:00+00:00,88.57,88.76,88.44,88.68,24415.537,2026,5,7
2026-05-07 13:55:00+00:00,88.69,88.79,88.61,88.68,15172.396,2026,5,7
2026-05-07 14:00:00+00:00,88.67,88.73,88.51,88.57,10784.964,2026,5,7
2026-05-07 14:05:00+00:00,88.58,88.65,88.47,88.57,7600.944,2026,5,7
2026-05-07 14:10:00+00:00,88.58,88.91,88.55,88.88,12110.642,2026,5,7
2026-05-07 14:15:00+00:00,88.88,88.89,88.49,88.54,15001.453,2026,5,7
2026-05-07 14:20:00+00:00,88.53,88.6,88.44,88.52,12956.133,2026,5,7
2026-05-07 14:25:00+00:00,88.51,88.62,88.47,88.5,10683.191,2026,5,7
2026-05-07 14:30:00+00:00,88.5,88.55,88.18,88.2,22485.804,2026,5,7
2026-05-07 14:35:00+00:00,88.2,88.23,87.83,88.0,45031.189,2026,5,7
2026-05-07 14:40:00+00:00,88.0,88.08,87.84,88.01,36899.764,2026,5,7
2026-05-07 14:45:00+00:00,88.01,88.19,87.96,88.1,28268.27,2026,5,7
2026-05-07 14:50:00+00:00,88.11,88.3,88.11,88.24,10597.86,2026,5,7
2026-05-07 14:55:00+00:00,88.24,88.3,88.06,88.15,14099.075,2026,5,7
2026-05-07 15:00:00+00:00,88.15,88.33,88.07,88.27,8272.762,2026,5,7
2026-05-07 15:05:00+00:00,88.28,88.49,88.08,88.48,11129.87,2026,5,7
2026-05-07 15:10:00+00:00,88.47,88.5,88.3,88.36,5602.173,2026,5,7
2026-05-07 15:15:00+00:00,88.36,88.51,88.1,88.11,11185.974,2026,5,7
2026-05-07 15:20:00+00:00,88.1,88.17,87.91,88.02,21473.883,2026,5,7
2026-05-07 15:25:00+00:00,88.02,88.16,87.79,88.06,22707.432,2026,5,7
2026-05-07 15:30:00+00:00,88.07,88.37,88.02,88.33,8983.687,2026,5,7
2026-05-07 15:35:00+00:00,88.32,88.47,88.3,88.37,6642.585,2026,5,7
2026-05-07 15:40:00+00:00,88.38,88.5,88.33,88.42,4242.567,2026,5,7
2026-05-07 15:45:00+00:00,88.42,88.53,88.4,88.52,4101.0,2026,5,7
2026-05-07 15:50:00+00:00,88.52,88.58,88.38,88.45,17314.134,2026,5,7
2026-05-07 15:55:00+00:00,88.46,88.48,88.22,88.32,8043.91,2026,5,7
2026-05-07 16:00:00+00:00,88.32,88.49,88.25,88.33,5475.503,2026,5,7
2026-05-07 16:05:00+00:00,88.33,88.35,88.12,88.32,22232.888,2026,5,7
2026-05-07 16:10:00+00:00,88.32,88.37,88.17,88.35,6631.341,2026,5,7
2026-05-07 16:15:00+00:00,88.35,88.36,88.08,88.15,19999.845,2026,5,7
2026-05-07 16:20:00+00:00,88.15,88.53,88.15,88.5,23986.523,2026,5,7
2026-05-07 16:25:00+00:00,88.49,88.75,88.49,88.7,12762.299,2026,5,7
2026-05-07 16:30:00+00:00,88.69,88.79,88.55,88.55,15449.385,2026,5,7
2026-05-07 16:35:00+00:00,88.55,88.55,88.35,88.46,7234.55,2026,5,7
2026-05-07 16:40:00+00:00,88.45,88.56,88.42,88.52,7119.8,2026,5,7
2026-05-07 16:45:00+00:00,88.53,88.74,88.49,88.67,8087.257,2026,5,7
2026-05-07 16:50:00+00:00,88.67,88.69,88.49,88.58,13392.642,2026,5,7
2026-05-07 16:55:00+00:00,88.57,88.64,88.3,88.43,6394.901,2026,5,7
2026-05-07 17:00:00+00:00,88.44,88.56,88.33,88.47,4491.689,2026,5,7
2026-05-07 17:05:00+00:00,88.48,88.62,88.42,88.47,4811.344,2026,5,7
2026-05-07 17:10:00+00:00,88.47,88.6,88.41,88.58,2996.889,2026,5,7
2026-05-07 17:15:00+00:00,88.58,88.59,88.24,88.27,7571.357,2026,5,7
2026-05-07 17:20:00+00:00,88.27,88.47,88.22,88.45,6561.377,2026,5,7
2026-05-07 17:25:00+00:00,88.45,88.61,87.96,88.17,21279.505,2026,5,7
2026-05-07 17:30:00+00:00,88.17,88.42,88.13,88.4,8963.358,2026,5,7
2026-05-07 17:35:00+00:00,88.4,88.54,88.38,88.48,2961.849,2026,5,7
2026-05-07 17:40:00+00:00,88.49,88.56,88.47,88.49,4146.558,2026,5,7
2026-05-07 17:45:00+00:00,88.49,88.55,88.37,88.43,2683.384,2026,5,7
2026-05-07 17:50:00+00:00,88.43,88.52,88.39,88.52,3330.461,2026,5,7
2026-05-07 17:55:00+00:00,88.52,88.86,88.46,88.8,13998.87,2026,5,7
2026-05-07 18:00:00+00:00,88.8,88.97,88.77,88.92,8329.208,2026,5,7
2026-05-07 18:05:00+00:00,88.93,88.95,88.82,88.84,6333.326,2026,5,7
2026-05-07 18:10:00+00:00,88.84,88.84,88.69,88.82,4178.267,2026,5,7
2026-05-07 18:15:00+00:00,88.81,88.89,88.77,88.8,2556.373,2026,5,7
2026-05-07 18:20:00+00:00,88.8,88.92,88.78,88.88,3248.657,2026,5,7
2026-05-07 18:25:00+00:00,88.89,88.95,88.85,88.86,5442.389,2026,5,7
2026-05-07 18:30:00+00:00,88.86,89.05,88.85,88.96,3623.882,2026,5,7
2026-05-07 18:35:00+00:00,88.96,89.01,88.85,88.96,4451.719,2026,5,7
2026-05-07 18:40:00+00:00,88.96,88.97,88.57,88.62,25076.965,2026,5,7
2026-05-07 18:45:00+00:00,88.62,88.7,88.42,88.44,6160.127,2026,5,7
2026-05-07 18:50:00+00:00,88.43,88.44,88.24,88.37,16027.207,2026,5,7
2026-05-07 18:55:00+00:00,88.37,88.72,88.37,88.58,11225.966,2026,5,7
2026-05-07 19:00:00+00:00,88.58,88.61,88.36,88.37,4111.22,2026,5,7
2026-05-07 19:05:00+00:00,88.38,88.46,88.32,88.38,3303.691,2026,5,7
2026-05-07 19:10:00+00:00,88.37,88.61,88.35,88.55,3676.697,2026,5,7
2026-05-07 19:15:00+00:00,88.56,88.6,88.27,88.3,4807.335,2026,5,7
2026-05-07 19:20:00+00:00,88.3,88.42,88.27,88.28,2887.571,2026,5,7
2026-05-07 19:25:00+00:00,88.28,88.35,88.22,88.29,5401.217,2026,5,7
2026-05-07 19:30:00+00:00,88.3,88.46,88.29,88.44,5282.166,2026,5,7
2026-05-07 19:35:00+00:00,88.45,88.64,88.4,88.62,4552.548,2026,5,7
2026-05-07 19:40:00+00:00,88.62,88.73,88.54,88.55,4260.132,2026,5,7
2026-05-07 19:45:00+00:00,88.55,88.61,88.5,88.59,3072.55,2026,5,7
2026-05-07 19:50:00+00:00,88.6,88.74,88.31,88.39,11864.772,2026,5,7
2026-05-07 19:55:00+00:00,88.39,88.52,88.37,88.45,6325.075,2026,5,7
2026-05-07 20:00:00+00:00,88.45,88.88,88.37,88.68,15768.201,2026,5,7
2026-05-07 20:05:00+00:00,88.68,88.7,88.57,88.65,4619.958,2026,5,7
2026-05-07 20:10:00+00:00,88.65,88.68,88.54,88.55,1633.694,2026,5,7
2026-05-07 20:15:00+00:00,88.55,88.58,88.46,88.49,1916.008,2026,5,7
2026-05-07 20:20:00+00:00,88.49,88.59,88.43,88.55,3262.106,2026,5,7
2026-05-07 20:25:00+00:00,88.56,88.58,88.47,88.56,4154.148,2026,5,7
2026-05-07 20:30:00+00:00,88.56,88.57,88.41,88.41,5397.61,2026,5,7
2026-05-07 20:35:00+00:00,88.42,88.47,88.18,88.21,8729.843,2026,5,7
2026-05-07 20:40:00+00:00,88.21,88.28,88.16,88.22,8671.952,2026,5,7
2026-05-07 20:45:00+00:00,88.22,88.27,88.13,88.26,4717.72,2026,5,7
2026-05-07 20:50:00+00:00,88.26,88.28,88.14,88.14,3452.878,2026,5,7
2026-05-07 20:55:00+00:00,88.14,88.14,88.04,88.07,4922.625,2026,5,7
2026-05-07 21:00:00+00:00,88.07,88.13,88.02,88.13,3582.91,2026,5,7
2026-05-07 21:05:00+00:00,88.13,88.14,87.67,87.68,25623.364,2026,5,7
2026-05-07 21:10:00+00:00,87.68,87.97,87.67,87.89,12957.98,2026,5,7
2026-05-07 21:15:00+00:00,87.88,88.09,87.79,88.08,6593.718,2026,5,7
2026-05-07 21:20:00+00:00,88.08,88.1,87.9,88.05,6643.571,2026,5,7
2026-05-07 21:25:00+00:00,88.05,88.17,88.05,88.14,8022.891,2026,5,7
2026-05-07 21:30:00+00:00,88.14,88.23,88.08,88.18,7720.278,2026,5,7
2026-05-07 21:35:00+00:00,88.18,88.23,88.11,88.15,5762.279,2026,5,7
2026-05-07 21:40:00+00:00,88.15,88.16,87.98,88.0,5137.91,2026,5,7
2026-05-07 21:45:00+00:00,88.0,88.1,87.98,88.07,6644.961,2026,5,7
2026-05-07 21:50:00+00:00,88.08,88.08,88.0,88.06,3747.425,2026,5,7
2026-05-07 21:55:00+00:00,88.05,88.1,87.95,87.97,4199.887,2026,5,7
2026-05-07 22:00:00+00:00,87.97,87.98,87.78,87.78,25508.373,2026,5,7
2026-05-07 22:05:00+00:00,87.77,87.86,87.68,87.83,28230.673,2026,5,7
2026-05-07 22:10:00+00:00,87.83,88.0,87.72,87.95,34525.697,2026,5,7
2026-05-07 22:15:00+00:00,87.96,88.08,87.93,88.08,4395.02,2026,5,7
2026-05-07 22:20:00+00:00,88.07,88.22,88.07,88.14,10955.724,2026,5,7
2026-05-07 22:25:00+00:00,88.14,88.18,88.02,88.02,4320.167,2026,5,7
2026-05-07 22:30:00+00:00,88.03,88.13,87.8,87.8,11177.906,2026,5,7
2026-05-07 22:35:00+00:00,87.81,87.94,87.81,87.92,7623.539,2026,5,7
2026-05-07 22:40:00+00:00,87.92,87.98,87.87,87.88,3720.664,2026,5,7
2026-05-07 22:45:00+00:00,87.88,88.0,87.88,87.99,2330.56,2026,5,7
2026-05-07 22:50:00+00:00,87.98,88.09,87.98,88.09,2542.357,2026,5,7
2026-05-07 22:55:00+00:00,88.09,88.17,88.06,88.1,6892.672,2026,5,7
2026-05-07 23:00:00+00:00,88.09,88.25,88.06,88.23,3266.526,2026,5,7
2026-05-07 23:05:00+00:00,88.23,88.28,88.18,88.28,4394.376,2026,5,7
2026-05-07 23:10:00+00:00,88.28,88.29,88.18,88.22,2101.854,2026,5,7
2026-05-07 23:15:00+00:00,88.22,88.28,88.09,88.1,1959.512,2026,5,7
2026-05-07 23:20:00+00:00,88.09,88.26,88.09,88.23,3543.002,2026,5,7
2026-05-07 23:25:00+00:00,88.22,88.36,88.22,88.24,3046.974,2026,5,7
2026-05-07 23:30:00+00:00,88.25,88.28,88.19,88.19,2203.057,2026,5,7
2026-05-07 23:35:00+00:00,88.2,88.35,88.18,88.32,1400.245,2026,5,7
2026-05-07 23:40:00+00:00,88.31,88.39,88.29,88.39,1877.907,2026,5,7
2026-05-07 23:45:00+00:00,88.39,88.47,88.37,88.47,3241.914,2026,5,7
2026-05-07 23:50:00+00:00,88.46,88.48,88.4,88.43,2584.779,2026,5,7
2026-05-07 23:55:00+00:00,88.42,88.44,88.41,88.42,2416.53,2026,5,7
2026-05-08 00:00:00+00:00,88.43,88.55,88.39,88.52,7126.32,2026,5,8
2026-05-08 00:05:00+00:00,88.53,88.63,88.52,88.58,4283.068,2026,5,8
2026-05-08 00:10:00+00:00,88.58,88.65,88.55,88.56,1845.98,2026,5,8
2026-05-08 00:15:00+00:00,88.57,88.58,88.43,88.56,3469.973,2026,5,8
2026-05-08 00:20:00+00:00,88.55,88.6,88.48,88.59,2334.133,2026,5,8
2026-05-08 00:25:00+00:00,88.6,88.62,88.38,88.41,6002.338,2026,5,8
2026-05-08 00:30:00+00:00,88.42,88.45,88.39,88.4,2486.523,2026,5,8
2026-05-08 00:35:00+00:00,88.41,88.43,88.28,88.3,1955.658,2026,5,8
2026-05-08 00:40:00+00:00,88.29,88.35,88.29,88.3,3398.814,2026,5,8
2026-05-08 00:45:00+00:00,88.3,88.3,88.17,88.25,9042.656,2026,5,8
2026-05-08 00:50:00+00:00,88.25,88.25,88.13,88.18,12914.686,2026,5,8
2026-05-08 00:55:00+00:00,88.17,88.27,88.1,88.27,4034.043,2026,5,8
2026-05-08 01:00:00+00:00,88.27,88.37,88.27,88.3,2030.622,2026,5,8
2026-05-08 01:05:00+00:00,88.29,88.3,88.15,88.21,2055.162,2026,5,8
2026-05-08 01:10:00+00:00,88.21,88.21,87.98,88.02,4310.265,2026,5,8
2026-05-08 01:15:00+00:00,88.01,88.14,87.92,88.14,8528.402,2026,5,8
2026-05-08 01:20:00+00:00,88.14,88.17,88.06,88.09,4977.807,2026,5,8
2026-05-08 01:25:00+00:00,88.1,88.21,88.09,88.2,2103.817,2026,5,8
2026-05-08 01:30:00+00:00,88.21,88.3,88.19,88.26,6164.051,2026,5,8
2026-05-08 01:35:00+00:00,88.25,88.25,88.14,88.21,2559.542,2026,5,8
2026-05-08 01:40:00+00:00,88.21,88.28,88.19,88.2,1615.596,2026,5,8
2026-05-08 01:45:00+00:00,88.2,88.25,88.15,88.16,2157.853,2026,5,8
2026-05-08 01:50:00+00:00,88.16,88.17,88.12,88.15,2557.094,2026,5,8
2026-05-08 01:55:00+00:00,88.14,88.21,88.13,88.13,2521.828,2026,5,8
2026-05-08 02:00:00+00:00,88.14,88.16,87.83,87.91,11463.905,2026,5,8
2026-05-08 02:05:00+00:00,87.92,87.95,87.79,87.89,5868.642,2026,5,8
2026-05-08 02:10:00+00:00,87.88,87.97,87.87,87.94,5632.672,2026,5,8
2026-05-08 02:15:00+00:00,87.94,87.94,87.6,87.66,19923.567,2026,5,8
2026-05-08 02:20:00+00:00,87.65,87.88,87.63,87.83,8768.142,2026,5,8
2026-05-08 02:25:00+00:00,87.83,87.91,87.81,87.9,2707.165,2026,5,8
2026-05-08 02:30:00+00:00,87.91,88.35,87.87,88.23,10636.23,2026,5,8
2026-05-08 02:35:00+00:00,88.23,88.3,88.0,88.06,10559.363,2026,5,8
2026-05-08 02:40:00+00:00,88.05,88.14,88.05,88.13,4994.884,2026,5,8
2026-05-08 02:45:00+00:00,88.13,88.24,88.13,88.24,4370.659,2026,5,8
2026-05-08 02:50:00+00:00,88.24,88.28,88.13,88.14,3785.021,2026,5,8
2026-05-08 02:55:00+00:00,88.14,88.15,88.0,88.06,5869.129,2026,5,8
2026-05-08 03:00:00+00:00,88.06,88.06,87.7,87.75,11167.444,2026,5,8
2026-05-08 03:05:00+00:00,87.75,87.9,87.63,87.9,13322.11,2026,5,8
2026-05-08 03:10:00+00:00,87.9,88.02,87.89,87.99,3932.213,2026,5,8
2026-05-08 03:15:00+00:00,88.0,88.28,88.0,88.17,7785.497,2026,5,8
2026-05-08 03:20:00+00:00,88.16,88.22,88.16,88.19,6395.756,2026,5,8
2026-05-08 03:25:00+00:00,88.19,88.22,88.11,88.21,8266.533,2026,5,8
2026-05-08 03:30:00+00:00,88.21,88.37,88.2,88.34,6329.249,2026,5,8
2026-05-08 03:35:00+00:00,88.34,88.34,88.28,88.33,3233.717,2026,5,8
2026-05-08 03:40:00+00:00,88.33,88.35,88.25,88.3,6168.954,2026,5,8
2026-05-08 03:45:00+00:00,88.3,88.32,88.19,88.2,4684.824,2026,5,8
2026-05-08 03:50:00+00:00,88.2,88.3,88.2,88.29,5075.912,2026,5,8
2026-05-08 03:55:00+00:00,88.29,88.29,88.2,88.22,2691.196,2026,5,8
2026-05-08 04:00:00+00:00,88.23,88.33,88.21,88.27,4989.462,2026,5,8
2026-05-08 04:05:00+00:00,88.28,88.29,88.25,88.28,3181.013,2026,5,8
2026-05-08 04:10:00+00:00,88.27,88.33,88.26,88.33,5248.176,2026,5,8
2026-05-08 04:15:00+00:00,88.33,88.36,88.24,88.36,2882.657,2026,5,8
2026-05-08 04:20:00+00:00,88.36,88.37,88.31,88.34,2466.781,2026,5,8
2026-05-08 04:25:00+00:00,88.34,88.34,88.27,88.32,2910.581,2026,5,8
2026-05-08 04:30:00+00:00,88.33,88.33,88.16,88.17,9089.655,2026,5,8
2026-05-08 04:35:00+00:00,88.17,88.23,88.12,88.15,5810.749,2026,5,8
2026-05-08 04:40:00+00:00,88.15,88.16,88.01,88.12,4670.927,2026,5,8
2026-05-08 04:45:00+00:00,88.12,88.18,88.1,88.12,3535.763,2026,5,8
2026-05-08 04:50:00+00:00,88.13,88.24,88.09,88.2,4004.223,2026,5,8
2026-05-08 04:55:00+00:00,88.2,88.2,88.15,88.18,2249.663,2026,5,8
2026-05-08 05:00:00+00:00,88.17,88.2,88.07,88.15,5496.483,2026,5,8
2026-05-08 05:05:00+00:00,88.15,88.21,88.12,88.19,3092.553,2026,5,8
2026-05-08 05:10:00+00:00,88.18,88.3,88.13,88.22,11953.036,2026,5,8
2026-05-08 05:15:00+00:00,88.21,88.36,88.19,88.21,2859.1,2026,5,8
2026-05-08 05:20:00+00:00,88.22,88.24,88.16,88.24,4878.613,2026,5,8
2026-05-08 05:25:00+00:00,88.24,88.3,88.22,88.28,2687.991,2026,5,8
2026-05-08 05:30:00+00:00,88.28,88.41,88.27,88.35,3518.518,2026,5,8
2026-05-08 05:35:00+00:00,88.35,88.36,88.29,88.34,3023.334,2026,5,8
2026-05-08 05:40:00+00:00,88.33,88.39,88.33,88.37,2760.055,2026,5,8
2026-05-08 05:45:00+00:00,88.38,88.42,88.18,88.26,5748.241,2026,5,8
2026-05-08 05:50:00+00:00,88.26,88.28,88.18,88.19,1230.471,2026,5,8
2026-05-08 05:55:00+00:00,88.19,88.2,88.05,88.05,2906.272,2026,5,8
2026-05-08 06:00:00+00:00,88.05,88.05,87.84,88.03,9031.018,2026,5,8
2026-05-08 06:05:00+00:00,88.03,88.03,87.87,87.94,16618.466,2026,5,8
2026-05-08 06:10:00+00:00,87.94,88.15,87.91,88.1,7420.853,2026,5,8
2026-05-08 06:15:00+00:00,88.1,88.24,88.09,88.19,4528.942,2026,5,8
2026-05-08 06:20:00+00:00,88.19,88.24,88.15,88.15,8762.655,2026,5,8
2026-05-08 06:25:00+00:00,88.16,88.29,88.04,88.05,13132.634,2026,5,8
2026-05-08 06:30:00+00:00,88.05,88.08,87.89,87.91,9103.25,2026,5,8
2026-05-08 06:35:00+00:00,87.92,88.04,87.83,88.04,4113.884,2026,5,8
2026-05-08 06:40:00+00:00,88.04,88.13,87.99,88.03,4066.692,2026,5,8
2026-05-08 06:45:00+00:00,88.04,88.07,87.92,87.95,3007.779,2026,5,8
2026-05-08 06:50:00+00:00,87.96,88.04,87.96,88.03,2055.247,2026,5,8
2026-05-08 06:55:00+00:00,88.02,88.05,87.95,88.05,2436.595,2026,5,8
2026-05-08 07:00:00+00:00,88.05,88.05,87.91,87.94,3658.76,2026,5,8
2026-05-08 07:05:00+00:00,87.94,87.95,87.76,87.88,8739.151,2026,5,8
2026-05-08 07:10:00+00:00,87.87,87.91,87.76,87.78,5509.628,2026,5,8
2026-05-08 07:15:00+00:00,87.77,87.87,87.77,87.81,10892.645,2026,5,8
2026-05-08 07:20:00+00:00,87.81,87.88,87.65,87.75,24231.705,2026,5,8
2026-05-08 07:25:00+00:00,87.74,87.82,87.7,87.81,7337.036,2026,5,8
2026-05-08 07:30:00+00:00,87.81,87.93,87.8,87.88,14521.67,2026,5,8
2026-05-08 07:35:00+00:00,87.87,88.02,87.86,87.96,15563.258,2026,5,8
2026-05-08 07:40:00+00:00,87.96,88.1,87.96,88.05,12855.026,2026,5,8
2026-05-08 07:45:00+00:00,88.05,88.23,88.04,88.19,18789.068,2026,5,8
2026-05-08 07:50:00+00:00,88.19,88.21,88.06,88.18,15335.125,2026,5,8
2026-05-08 07:55:00+00:00,88.17,88.23,88.14,88.22,17501.485,2026,5,8
2026-05-08 08:00:00+00:00,88.23,88.27,88.19,88.27,11816.311,2026,5,8
2026-05-08 08:05:00+00:00,88.27,88.36,88.16,88.22,34260.874,2026,5,8
2026-05-08 08:10:00+00:00,88.22,88.3,88.19,88.22,8846.466,2026,5,8
2026-05-08 08:15:00+00:00,88.22,88.26,88.16,88.16,2646.207,2026,5,8
2026-05-08 08:20:00+00:00,88.16,88.2,88.05,88.05,13043.074,2026,5,8
2026-05-08 08:25:00+00:00,88.05,88.28,88.01,88.2,29157.999,2026,5,8
2026-05-08 08:30:00+00:00,88.21,88.29,88.19,88.29,6113.704,2026,5,8
2026-05-08 08:35:00+00:00,88.29,88.46,88.29,88.46,10503.25,2026,5,8
2026-05-08 08:40:00+00:00,88.46,88.52,88.38,88.48,30218.254,2026,5,8
2026-05-08 08:45:00+00:00,88.48,88.63,88.46,88.52,8242.907,2026,5,8
2026-05-08 08:50:00+00:00,88.52,88.54,88.46,88.51,5650.381,2026,5,8
2026-05-08 08:55:00+00:00,88.52,88.52,88.35,88.38,13512.822,2026,5,8
2026-05-08 09:00:00+00:00,88.38,88.39,88.23,88.3,6255.235,2026,5,8
2026-05-08 09:05:00+00:00,88.29,88.48,88.28,88.47,5475.544,2026,5,8
2026-05-08 09:10:00+00:00,88.48,88.56,88.45,88.55,6236.576,2026,5,8
2026-05-08 09:15:00+00:00,88.56,88.6,88.53,88.57,8422.752,2026,5,8
2026-05-08 09:20:00+00:00,88.57,88.69,88.56,88.64,10159.788,2026,5,8
2026-05-08 09:25:00+00:00,88.64,88.72,88.55,88.56,9584.533,2026,5,8
2026-05-08 09:30:00+00:00,88.57,88.62,88.52,88.59,8709.402,2026,5,8
2026-05-08 09:35:00+00:00,88.58,88.61,88.5,88.53,4465.775,2026,5,8
2026-05-08 09:40:00+00:00,88.53,88.53,88.46,88.47,4335.472,2026,5,8
2026-05-08 09:45:00+00:00,88.47,88.48,88.32,88.39,2689.679,2026,5,8
2026-05-08 09:50:00+00:00,88.39,88.39,88.32,88.38,3982.948,2026,5,8
2026-05-08 09:55:00+00:00,88.39,88.45,88.34,88.44,4197.274,2026,5,8
2026-05-08 10:00:00+00:00,88.44,88.61,88.43,88.58,6263.109,2026,5,8
2026-05-08 10:05:00+00:00,88.58,88.58,88.28,88.33,8414.209,2026,5,8
2026-05-08 10:10:00+00:00,88.34,88.45,88.34,88.41,3955.702,2026,5,8
2026-05-08 10:15:00+00:00,88.42,88.47,88.36,88.45,2582.69,2026,5,8
2026-05-08 10:20:00+00:00,88.45,88.49,88.36,88.48,2157.74,2026,5,8
2026-05-08 10:25:00+00:00,88.48,88.52,88.42,88.46,3153.542,2026,5,8
2026-05-08 10:30:00+00:00,88.46,88.61,88.45,88.59,4627.198,2026,5,8
2026-05-08 10:35:00+00:00,88.59,88.7,88.58,88.64,5664.031,2026,5,8
2026-05-08 10:40:00+00:00,88.63,88.71,88.59,88.67,4629.577,2026,5,8
2026-05-08 10:45:00+00:00,88.66,88.7,88.63,88.68,2683.92,2026,5,8
2026-05-08 10:50:00+00:00,88.68,88.73,88.68,88.71,5738.765,2026,5,8
2026-05-08 10:55:00+00:00,88.71,89.1,88.6,88.63,45701.031,2026,5,8
2026-05-08 11:00:00+00:00,88.64,88.74,88.58,88.65,9914.483,2026,5,8
2026-05-08 11:05:00+00:00,88.66,88.68,88.57,88.58,12090.835,2026,5,8
2026-05-08 11:10:00+00:00,88.58,88.59,88.47,88.59,8335.561,2026,5,8
2026-05-08 11:15:00+00:00,88.6,88.65,88.56,88.65,4216.569,2026,5,8
2026-05-08 11:20:00+00:00,88.65,88.73,88.57,88.68,4699.592,2026,5,8
2026-05-08 11:25:00+00:00,88.67,88.7,88.64,88.66,2402.021,2026,5,8
2026-05-08 11:30:00+00:00,88.66,88.69,88.6,88.66,2432.491,2026,5,8
2026-05-08 11:35:00+00:00,88.66,88.7,88.58,88.61,3038.848,2026,5,8
2026-05-08 11:40:00+00:00,88.62,88.64,88.5,88.52,4015.309,2026,5,8
2026-05-08 11:45:00+00:00,88.53,88.66,88.53,88.64,3436.857,2026,5,8
2026-05-08 11:50:00+00:00,88.64,88.7,88.62,88.68,3269.896,2026,5,8
2026-05-08 11:55:00+00:00,88.67,88.68,88.63,88.64,5539.354,2026,5,8
2026-05-08 12:00:00+00:00,88.64,88.72,88.59,88.6,3880.776,2026,5,8
2026-05-08 12:05:00+00:00,88.59,88.67,88.58,88.58,1821.189,2026,5,8
2026-05-08 12:10:00+00:00,88.58,88.62,88.51,88.62,2785.053,2026,5,8
2026-05-08 12:15:00+00:00,88.61,88.65,88.59,88.62,2915.198,2026,5,8
2026-05-08 12:20:00+00:00,88.61,88.62,88.52,88.57,3387.745,2026,5,8
2026-05-08 12:25:00+00:00,88.57,88.76,88.52,88.71,6564.519,2026,5,8
2026-05-08 12:30:00+00:00,88.72,88.87,88.48,88.66,15349.899,2026,5,8
2026-05-08 12:35:00+00:00,88.66,88.69,88.59,88.61,4266.226,2026,5,8
2026-05-08 12:40:00+00:00,88.62,88.75,88.61,88.73,8416.491,2026,5,8
2026-05-08 12:45:00+00:00,88.73,88.74,88.57,88.57,9832.83,2026,5,8
2026-05-08 12:50:00+00:00,88.57,88.59,88.41,88.55,6982.162,2026,5,8
2026-05-08 12:55:00+00:00,88.55,88.62,88.37,88.46,7280.998,2026,5,8
2026-05-08 13:00:00+00:00,88.47,88.56,88.42,88.51,6736.087,2026,5,8
2026-05-08 13:05:00+00:00,88.5,88.55,88.29,88.41,16128.885,2026,5,8
2026-05-08 13:10:00+00:00,88.4,88.48,88.17,88.28,13334.994,2026,5,8
2026-05-08 13:15:00+00:00,88.29,88.44,88.29,88.39,8771.168,2026,5,8
2026-05-08 13:20:00+00:00,88.38,88.5,88.38,88.5,2852.152,2026,5,8
2026-05-08 13:25:00+00:00,88.5,88.5,88.28,88.29,5855.898,2026,5,8
2026-05-08 13:30:00+00:00,88.3,88.51,88.27,88.5,8489.162,2026,5,8
2026-05-08 13:35:00+00:00,88.5,88.53,88.13,88.14,7275.651,2026,5,8
2026-05-08 13:40:00+00:00,88.14,88.16,88.01,88.11,7985.817,2026,5,8
2026-05-08 13:45:00+00:00,88.11,88.39,88.11,88.29,5159.937,2026,5,8
2026-05-08 13:50:00+00:00,88.3,88.42,88.27,88.28,4323.511,2026,5,8
2026-05-08 13:55:00+00:00,88.28,88.35,88.26,88.34,2491.516,2026,5,8
2026-05-08 14:00:00+00:00,88.34,88.62,88.34,88.62,6129.084,2026,5,8
2026-05-08 14:05:00+00:00,88.61,88.82,88.58,88.76,8640.848,2026,5,8
2026-05-08 14:10:00+00:00,88.76,88.86,88.68,88.82,7876.214,2026,5,8
2026-05-08 14:15:00+00:00,88.83,89.36,88.79,89.3,20760.98,2026,5,8
2026-05-08 14:20:00+00:00,89.3,89.37,89.15,89.36,15162.172,2026,5,8
2026-05-08 14:25:00+00:00,89.37,89.38,89.05,89.05,13023.89,2026,5,8
2026-05-08 14:30:00+00:00,89.05,89.11,88.64,89.09,14719.584,2026,5,8
2026-05-08 14:35:00+00:00,89.09,89.23,88.86,89.21,17257.764,2026,5,8
2026-05-08 14:40:00+00:00,89.2,89.24,89.11,89.22,6861.996,2026,5,8
2026-05-08 14:45:00+00:00,89.22,89.23,89.07,89.13,10462.606,2026,5,8
2026-05-08 14:50:00+00:00,89.13,89.24,89.03,89.24,12464.071,2026,5,8
2026-05-08 14:55:00+00:00,89.24,89.24,89.04,89.15,5678.501,2026,5,8
2026-05-08 15:00:00+00:00,89.16,89.29,88.95,88.97,7262.03,2026,5,8
2026-05-08 15:05:00+00:00,88.96,89.07,88.85,88.95,12743.859,2026,5,8
2026-05-08 15:10:00+00:00,88.95,89.08,88.84,88.9,6191.519,2026,5,8
2026-05-08 15:15:00+00:00,88.9,88.93,88.66,88.7,8501.074,2026,5,8
2026-05-08 15:20:00+00:00,88.7,88.84,88.44,88.48,8858.145,2026,5,8
2026-05-08 15:25:00+00:00,88.48,88.59,88.43,88.59,8130.808,2026,5,8
2026-05-08 15:30:00+00:00,88.6,88.82,88.46,88.82,5949.734,2026,5,8
2026-05-08 15:35:00+00:00,88.82,89.07,88.76,89.06,4049.124,2026,5,8
2026-05-08 15:40:00+00:00,89.06,89.3,89.02,89.18,10432.224,2026,5,8
2026-05-08 15:45:00+00:00,89.18,89.37,89.14,89.25,7836.703,2026,5,8
2026-05-08 15:50:00+00:00,89.25,89.51,89.25,89.5,7862.066,2026,5,8
2026-05-08 15:55:00+00:00,89.51,89.6,89.47,89.59,11127.006,2026,5,8
2026-05-08 16:00:00+00:00,89.6,89.64,89.34,89.41,11626.189,2026,5,8
2026-05-08 16:05:00+00:00,89.41,89.58,89.38,89.46,9151.622,2026,5,8
2026-05-08 16:10:00+00:00,89.45,89.54,89.42,89.49,7710.162,2026,5,8
2026-05-08 16:15:00+00:00,89.48,89.6,89.39,89.5,10186.03,2026,5,8
2026-05-08 16:20:00+00:00,89.5,89.72,89.43,89.72,11460.265,2026,5,8
2026-05-08 16:25:00+00:00,89.72,89.79,89.57,89.6,8984.076,2026,5,8
2026-05-08 16:30:00+00:00,89.6,89.65,89.44,89.63,7103.845,2026,5,8
2026-05-08 16:35:00+00:00,89.62,89.73,89.53,89.6,4642.707,2026,5,8
2026-05-08 16:40:00+00:00,89.59,89.73,89.53,89.71,10718.366,2026,5,8
2026-05-08 16:45:00+00:00,89.72,89.76,89.55,89.58,4743.2,2026,5,8
2026-05-08 16:50:00+00:00,89.57,89.74,89.51,89.57,5539.36,2026,5,8
2026-05-08 16:55:00+00:00,89.58,89.7,89.5,89.59,4102.408,2026,5,8
2026-05-08 17:00:00+00:00,89.6,89.79,89.56,89.75,5264.074,2026,5,8
2026-05-08 17:05:00+00:00,89.75,89.85,89.67,89.68,9061.003,2026,5,8
2026-05-08 17:10:00+00:00,89.69,89.82,89.6,89.79,15042.164,2026,5,8
2026-05-08 17:15:00+00:00,89.78,90.0,89.76,89.99,9018.315,2026,5,8
2026-05-08 17:20:00+00:00,89.99,90.09,89.92,89.97,53577.504,2026,5,8
2026-05-08 17:25:00+00:00,89.97,90.34,89.96,90.32,26960.691,2026,5,8
2026-05-08 17:30:00+00:00,90.32,91.77,90.32,91.61,145203.604,2026,5,8
2026-05-08 17:35:00+00:00,91.61,91.95,91.47,91.88,48885.146,2026,5,8
2026-05-08 17:40:00+00:00,91.89,91.94,91.48,91.51,28164.742,2026,5,8
2026-05-08 17:45:00+00:00,91.52,91.78,91.48,91.76,21812.858,2026,5,8
2026-05-08 17:50:00+00:00,91.77,91.83,91.6,91.78,19845.01,2026,5,8
2026-05-08 17:55:00+00:00,91.78,91.86,91.52,91.65,14650.758,2026,5,8
2026-05-08 18:00:00+00:00,91.66,92.04,91.65,91.77,43002.081,2026,5,8
2026-05-08 18:05:00+00:00,91.78,91.81,91.7,91.77,9075.305,2026,5,8
2026-05-08 18:10:00+00:00,91.78,91.91,91.77,91.89,16228.225,2026,5,8
2026-05-08 18:15:00+00:00,91.89,92.28,91.79,92.14,35822.998,2026,5,8
2026-05-08 18:20:00+00:00,92.13,92.34,92.1,92.26,25455.914,2026,5,8
2026-05-08 18:25:00+00:00,92.26,92.42,92.18,92.3,12803.22,2026,5,8
2026-05-08 18:30:00+00:00,92.29,92.56,92.26,92.48,18158.165,2026,5,8
2026-05-08 18:35:00+00:00,92.49,92.56,92.31,92.54,14120.635,2026,5,8
2026-05-08 18:40:00+00:00,92.53,92.55,92.26,92.31,19452.316,2026,5,8
2026-05-08 18:45:00+00:00,92.31,92.46,92.29,92.34,8420.032,2026,5,8
2026-05-08 18:50:00+00:00,92.35,92.55,92.32,92.46,12749.99,2026,5,8
2026-05-08 18:55:00+00:00,92.46,92.47,92.29,92.32,9094.603,2026,5,8
2026-05-08 19:00:00+00:00,92.32,92.32,92.04,92.07,26656.784,2026,5,8
2026-05-08 19:05:00+00:00,92.07,92.47,92.07,92.4,17476.329,2026,5,8
2026-05-08 19:10:00+00:00,92.41,92.45,92.35,92.4,10930.893,2026,5,8
2026-05-08 19:15:00+00:00,92.41,92.75,92.41,92.69,27124.882,2026,5,8
2026-05-08 19:20:00+00:00,92.69,92.77,92.5,92.5,14082.742,2026,5,8
2026-05-08 19:25:00+00:00,92.5,92.76,92.5,92.75,7743.235,2026,5,8
2026-05-08 19:30:00+00:00,92.75,92.8,92.58,92.6,17079.408,2026,5,8
2026-05-08 19:35:00+00:00,92.6,92.66,92.44,92.45,11285.069,2026,5,8
2026-05-08 19:40:00+00:00,92.45,92.57,92.42,92.48,10128.061,2026,5,8
2026-05-08 19:45:00+00:00,92.48,92.6,92.45,92.53,8614.339,2026,5,8
2026-05-08 19:50:00+00:00,92.54,92.62,92.52,92.56,6448.732,2026,5,8
2026-05-08 19:55:00+00:00,92.56,92.61,92.42,92.6,11824.304,2026,5,8
2026-05-08 20:00:00+00:00,92.61,92.67,92.33,92.38,7769.997,2026,5,8
2026-05-08 20:05:00+00:00,92.37,92.44,92.21,92.34,10425.705,2026,5,8
2026-05-08 20:10:00+00:00,92.34,92.46,92.34,92.42,7296.493,2026,5,8
2026-05-08 20:15:00+00:00,92.43,92.48,92.26,92.26,11703.771,2026,5,8
2026-05-08 20:20:00+00:00,92.25,92.51,92.23,92.48,16930.52,2026,5,8
2026-05-08 20:25:00+00:00,92.48,92.49,92.39,92.48,11403.072,2026,5,8
2026-05-08 20:30:00+00:00,92.49,92.51,92.24,92.47,17225.076,2026,5,8
2026-05-08 20:35:00+00:00,92.47,92.48,92.33,92.38,2230.718,2026,5,8
2026-05-08 20:40:00+00:00,92.37,92.41,92.29,92.35,3437.841,2026,5,8
2026-05-08 20:45:00+00:00,92.35,92.4,92.29,92.33,2936.155,2026,5,8
2026-05-08 20:50:00+00:00,92.32,92.33,92.1,92.11,5683.756,2026,5,8
2026-05-08 20:55:00+00:00,92.11,92.14,92.01,92.11,13168.382,2026,5,8
2026-05-08 21:00:00+00:00,92.12,92.23,92.07,92.19,7140.405,2026,5,8
2026-05-08 21:05:00+00:00,92.18,92.24,91.85,91.88,6271.17,2026,5,8
2026-05-08 21:10:00+00:00,91.89,91.95,91.75,91.91,19310.954,2026,5,8
2026-05-08 21:15:00+00:00,91.9,92.06,91.89,92.02,9025.698,2026,5,8
2026-05-08 21:20:00+00:00,92.03,92.13,92.0,92.0,4621.597,2026,5,8
2026-05-08 21:25:00+00:00,92.0,92.07,91.89,91.93,3908.256,2026,5,8
2026-05-08 21:30:00+00:00,91.94,92.13,91.94,92.11,13778.636,2026,5,8
2026-05-08 21:35:00+00:00,92.11,92.31,92.11,92.27,4983.107,2026,5,8
2026-05-08 21:40:00+00:00,92.27,92.39,92.22,92.38,4243.571,2026,5,8
2026-05-08 21:45:00+00:00,92.38,92.39,92.3,92.33,2869.115,2026,5,8
2026-05-08 21:50:00+00:00,92.34,92.36,92.25,92.33,4606.22,2026,5,8
2026-05-08 21:55:00+00:00,92.33,92.33,92.26,92.3,2966.66,2026,5,8
2026-05-08 22:00:00+00:00,92.31,92.52,92.28,92.48,7465.116,2026,5,8
2026-05-08 22:05:00+00:00,92.49,92.6,92.48,92.52,8133.211,2026,5,8
2026-05-08 22:10:00+00:00,92.52,92.65,92.49,92.65,5644.234,2026,5,8
2026-05-08 22:15:00+00:00,92.65,92.71,92.52,92.54,6641.296,2026,5,8
2026-05-08 22:20:00+00:00,92.54,92.59,92.47,92.55,4974.029,2026,5,8
2026-05-08 22:25:00+00:00,92.54,92.54,92.4,92.42,7327.034,2026,5,8
2026-05-08 22:30:00+00:00,92.42,92.48,92.38,92.39,8195.793,2026,5,8
2026-05-08 22:35:00+00:00,92.38,92.47,92.34,92.34,5244.343,2026,5,8
2026-05-08 22:40:00+00:00,92.35,92.41,92.34,92.36,4272.078,2026,5,8
2026-05-08 22:45:00+00:00,92.37,92.46,92.36,92.44,4300.923,2026,5,8
2026-05-08 22:50:00+00:00,92.43,92.45,92.27,92.28,4678.719,2026,5,8
2026-05-08 22:55:00+00:00,92.29,92.3,92.25,92.3,3694.84,2026,5,8
2026-05-08 23:00:00+00:00,92.3,92.3,92.23,92.24,2220.708,2026,5,8
2026-05-08 23:05:00+00:00,92.23,92.23,92.06,92.1,7447.368,2026,5,8
2026-05-08 23:10:00+00:00,92.1,92.18,92.03,92.04,8983.912,2026,5,8
2026-05-08 23:15:00+00:00,92.04,92.1,91.94,92.1,5242.708,2026,5,8
2026-05-08 23:20:00+00:00,92.09,92.11,91.96,91.97,3576.156,2026,5,8
2026-05-08 23:25:00+00:00,91.97,92.01,91.92,91.95,7051.326,2026,5,8
2026-05-08 23:30:00+00:00,91.95,91.97,91.84,91.92,6916.25,2026,5,8
2026-05-08 23:35:00+00:00,91.92,91.92,91.73,91.76,6188.414,2026,5,8
2026-05-08 23:40:00+00:00,91.75,91.88,91.75,91.82,4812.892,2026,5,8
2026-05-08 23:45:00+00:00,91.81,91.92,91.78,91.87,3419.761,2026,5,8
2026-05-08 23:50:00+00:00,91.88,91.98,91.85,91.88,4724.169,2026,5,8
2026-05-08 23:55:00+00:00,91.89,92.06,91.89,92.01,9234.016,2026,5,8
2026-05-09 00:00:00+00:00,92.02,92.04,91.87,91.88,5833.261,2026,5,9
2026-05-09 00:05:00+00:00,91.88,91.96,91.85,91.92,4795.673,2026,5,9
2026-05-09 00:10:00+00:00,91.92,92.1,91.92,92.08,5395.473,2026,5,9
2026-05-09 00:15:00+00:00,92.09,92.23,92.08,92.15,7164.972,2026,5,9
2026-05-09 00:20:00+00:00,92.16,92.41,92.15,92.28,7459.551,2026,5,9
2026-05-09 00:25:00+00:00,92.29,92.38,92.28,92.37,4064.952,2026,5,9
2026-05-09 00:30:00+00:00,92.38,92.55,92.38,92.5,7025.193,2026,5,9
2026-05-09 00:35:00+00:00,92.51,92.54,92.43,92.46,3235.782,2026,5,9
2026-05-09 00:40:00+00:00,92.45,92.47,92.33,92.37,2354.401,2026,5,9
2026-05-09 00:45:00+00:00,92.38,92.62,92.37,92.52,11199.062,2026,5,9
2026-05-09 00:50:00+00:00,92.52,92.52,92.41,92.51,7410.289,2026,5,9
2026-05-09 00:55:00+00:00,92.5,92.51,92.41,92.48,4033.4,2026,5,9
2026-05-09 01:00:00+00:00,92.48,92.52,92.44,92.48,6273.044,2026,5,9
2026-05-09 01:05:00+00:00,92.47,92.68,92.42,92.67,7913.8,2026,5,9
2026-05-09 01:10:00+00:00,92.66,92.72,92.64,92.67,7753.532,2026,5,9
2026-05-09 01:15:00+00:00,92.68,92.7,92.53,92.57,11905.654,2026,5,9
2026-05-09 01:20:00+00:00,92.57,92.57,92.47,92.49,2767.768,2026,5,9
2026-05-09 01:25:00+00:00,92.49,92.55,92.47,92.49,3510.987,2026,5,9
2026-05-09 01:30:00+00:00,92.48,92.66,92.48,92.64,2631.386,2026,5,9
2026-05-09 01:35:00+00:00,92.65,92.92,92.6,92.84,14397.84,2026,5,9
2026-05-09 01:40:00+00:00,92.85,93.35,92.84,93.18,69489.493,2026,5,9
2026-05-09 01:45:00+00:00,93.19,93.32,93.1,93.1,13567.277,2026,5,9
2026-05-09 01:50:00+00:00,93.11,93.91,93.01,93.72,156794.387,2026,5,9
2026-05-09 01:55:00+00:00,93.73,93.82,93.51,93.51,20234.221,2026,5,9
2026-05-09 02:00:00+00:00,93.52,93.63,93.3,93.49,24285.395,2026,5,9
2026-05-09 02:05:00+00:00,93.49,93.8,93.42,93.75,11616.359,2026,5,9
2026-05-09 02:10:00+00:00,93.76,93.77,93.48,93.58,10171.279,2026,5,9
2026-05-09 02:15:00+00:00,93.58,93.65,93.52,93.54,5358.769,2026,5,9
2026-05-09 02:20:00+00:00,93.54,93.59,93.35,93.44,8717.114,2026,5,9
2026-05-09 02:25:00+00:00,93.44,93.45,93.36,93.45,5968.138,2026,5,9
2026-05-09 02:30:00+00:00,93.45,93.6,93.44,93.56,16605.972,2026,5,9
2026-05-09 02:35:00+00:00,93.56,93.65,93.51,93.52,6110.667,2026,5,9
2026-05-09 02:40:00+00:00,93.53,93.55,93.4,93.48,3510.919,2026,5,9
2026-05-09 02:45:00+00:00,93.49,93.51,93.3,93.37,8531.358,2026,5,9
2026-05-09 02:50:00+00:00,93.38,93.5,93.3,93.46,5888.043,2026,5,9
2026-05-09 02:55:00+00:00,93.47,93.51,93.42,93.51,6909.553,2026,5,9
2026-05-09 03:00:00+00:00,93.51,93.55,93.41,93.55,3606.894,2026,5,9
2026-05-09 03:05:00+00:00,93.56,93.68,93.54,93.58,7209.553,2026,5,9
2026-05-09 03:10:00+00:00,93.57,93.72,93.56,93.56,8051.647,2026,5,9
2026-05-09 03:15:00+00:00,93.57,93.77,93.57,93.68,5992.155,2026,5,9
2026-05-09 03:20:00+00:00,93.68,93.77,93.63,93.66,5119.726,2026,5,9
2026-05-09 03:25:00+00:00,93.67,93.71,93.59,93.67,6510.656,2026,5,9
2026-05-09 03:30:00+00:00,93.68,93.68,93.52,93.58,9210.311,2026,5,9
2026-05-09 03:35:00+00:00,93.58,93.59,93.46,93.49,4558.417,2026,5,9
2026-05-09 03:40:00+00:00,93.49,93.55,93.41,93.53,5419.026,2026,5,9
2026-05-09 03:45:00+00:00,93.54,93.71,93.5,93.61,4450.893,2026,5,9
2026-05-09 03:50:00+00:00,93.62,93.73,93.55,93.68,7592.229,2026,5,9
2026-05-09 03:55:00+00:00,93.69,93.71,93.64,93.64,7821.261,2026,5,9
2026-05-09 04:00:00+00:00,93.65,93.8,93.62,93.77,5752.54,2026,5,9
2026-05-09 04:05:00+00:00,93.77,94.17,93.77,94.01,41772.781,2026,5,9
2026-05-09 04:10:00+00:00,94.02,94.02,93.89,93.94,5572.128,2026,5,9
2026-05-09 04:15:00+00:00,93.94,93.95,93.73,93.73,9129.8,2026,5,9
2026-05-09 04:20:00+00:00,93.74,93.78,93.66,93.68,6047.012,2026,5,9
2026-05-09 04:25:00+00:00,93.68,93.68,93.53,93.65,10441.29,2026,5,9
2026-05-09 04:30:00+00:00,93.65,93.73,93.61,93.71,10824.11,2026,5,9
2026-05-09 04:35:00+00:00,93.71,93.71,93.52,93.53,16074.572,2026,5,9
2026-05-09 04:40:00+00:00,93.53,93.61,93.42,93.44,7742.382,2026,5,9
2026-05-09 04:45:00+00:00,93.44,93.58,93.43,93.53,9309.481,2026,5,9
2026-05-09 04:50:00+00:00,93.53,93.62,93.4,93.43,8541.391,2026,5,9
2026-05-09 04:55:00+00:00,93.43,93.5,93.12,93.24,19395.84,2026,5,9
2026-05-09 05:00:00+00:00,93.24,93.24,92.94,92.98,12543.114,2026,5,9
2026-05-09 05:05:00+00:00,92.99,93.08,92.84,92.89,26060.505,2026,5,9
2026-05-09 05:10:00+00:00,92.89,93.17,92.88,93.12,13898.189,2026,5,9
2026-05-09 05:15:00+00:00,93.12,93.39,93.12,93.34,9826.355,2026,5,9
2026-05-09 05:20:00+00:00,93.34,93.53,93.33,93.48,14901.048,2026,5,9
2026-05-09 05:25:00+00:00,93.48,93.53,93.43,93.5,4596.494,2026,5,9
2026-05-09 05:30:00+00:00,93.51,93.6,93.44,93.58,4234.359,2026,5,9
2026-05-09 05:35:00+00:00,93.58,93.71,93.57,93.67,4166.2,2026,5,9
2026-05-09 05:40:00+00:00,93.68,93.74,93.64,93.71,6728.352,2026,5,9
2026-05-09 05:45:00+00:00,93.7,93.75,93.6,93.67,11775.222,2026,5,9
2026-05-09 05:50:00+00:00,93.67,93.72,93.63,93.7,3712.485,2026,5,9
2026-05-09 05:55:00+00:00,93.71,93.78,93.69,93.75,3096.792,2026,5,9
2026-05-09 06:00:00+00:00,93.75,93.97,93.73,93.91,5309.174,2026,5,9
2026-05-09 06:05:00+00:00,93.92,93.98,93.9,93.94,6735.846,2026,5,9
2026-05-09 06:10:00+00:00,93.94,94.13,93.81,93.89,31000.892,2026,5,9
2026-05-09 06:15:00+00:00,93.89,93.89,93.62,93.63,8801.223,2026,5,9
2026-05-09 06:20:00+00:00,93.64,93.73,93.56,93.58,9214.869,2026,5,9
2026-05-09 06:25:00+00:00,93.59,93.6,93.51,93.55,4716.568,2026,5,9
2026-05-09 06:30:00+00:00,93.55,93.64,93.51,93.52,12212.306,2026,5,9
2026-05-09 06:35:00+00:00,93.52,93.52,93.22,93.29,6810.57,2026,5,9
2026-05-09 06:40:00+00:00,93.29,93.52,93.21,93.44,24454.101,2026,5,9
2026-05-09 06:45:00+00:00,93.44,93.57,93.37,93.56,4077.439,2026,5,9
2026-05-09 06:50:00+00:00,93.56,93.56,93.42,93.48,3866.302,2026,5,9
2026-05-09 06:55:00+00:00,93.48,93.56,93.46,93.54,4147.509,2026,5,9
2026-05-09 07:00:00+00:00,93.54,93.68,93.53,93.59,7881.414,2026,5,9
2026-05-09 07:05:00+00:00,93.59,93.6,93.34,93.38,3415.635,2026,5,9
2026-05-09 07:10:00+00:00,93.39,93.52,93.38,93.48,8632.355,2026,5,9
2026-05-09 07:15:00+00:00,93.48,93.71,93.48,93.62,4684.539,2026,5,9
2026-05-09 07:20:00+00:00,93.62,93.81,93.6,93.8,6865.83,2026,5,9
2026-05-09 07:25:00+00:00,93.8,93.81,93.65,93.68,6296.052,2026,5,9
2026-05-09 07:30:00+00:00,93.68,93.95,93.67,93.93,9751.963,2026,5,9
2026-05-09 07:35:00+00:00,93.94,93.98,93.79,93.84,13407.827,2026,5,9
2026-05-09 07:40:00+00:00,93.85,94.0,93.63,93.72,27320.272,2026,5,9
2026-05-09 07:45:00+00:00,93.73,93.78,93.66,93.74,10548.622,2026,5,9
2026-05-09 07:50:00+00:00,93.74,93.82,93.69,93.69,4928.799,2026,5,9
2026-05-09 07:55:00+00:00,93.7,93.82,93.68,93.76,4875.813,2026,5,9
2026-05-09 08:00:00+00:00,93.76,93.86,93.7,93.74,7831.507,2026,5,9
2026-05-09 08:05:00+00:00,93.75,93.75,93.67,93.67,3215.825,2026,5,9
2026-05-09 08:10:00+00:00,93.68,93.85,93.66,93.84,10464.123,2026,5,9
2026-05-09 08:15:00+00:00,93.85,93.87,93.76,93.8,13048.677,2026,5,9
2026-05-09 08:20:00+00:00,93.8,93.82,93.76,93.8,2472.725,2026,5,9
2026-05-09 08:25:00+00:00,93.81,93.92,93.79,93.87,4492.564,2026,5,9
2026-05-09 08:30:00+00:00,93.87,93.95,93.78,93.8,4427.25,2026,5,9
2026-05-09 08:35:00+00:00,93.8,93.84,93.75,93.78,3318.611,2026,5,9
2026-05-09 08:40:00+00:00,93.77,93.81,93.74,93.76,3074.467,2026,5,9
2026-05-09 08:45:00+00:00,93.77,93.77,93.72,93.75,2527.242,2026,5,9
2026-05-09 08:50:00+00:00,93.75,93.82,93.71,93.74,3177.452,2026,5,9
2026-05-09 08:55:00+00:00,93.75,93.75,93.69,93.72,2679.467,2026,5,9
2026-05-09 09:00:00+00:00,93.71,93.71,93.62,93.62,5152.891,2026,5,9
2026-05-09 09:05:00+00:00,93.63,93.71,93.63,93.68,2170.211,2026,5,9
2026-05-09 09:10:00+00:00,93.68,93.68,93.49,93.49,7256.202,2026,5,9
2026-05-09 09:15:00+00:00,93.5,93.51,93.05,93.17,18550.707,2026,5,9
2026-05-09 09:20:00+00:00,93.16,93.43,93.12,93.43,12753.643,2026,5,9
2026-05-09 09:25:00+00:00,93.43,93.49,93.35,93.44,6165.599,2026,5,9
2026-05-09 09:30:00+00:00,93.44,93.44,93.22,93.4,10375.431,2026,5,9
2026-05-09 09:35:00+00:00,93.4,93.46,93.31,93.35,8492.36,2026,5,9
2026-05-09 09:40:00+00:00,93.36,93.39,93.3,93.31,4423.436,2026,5,9
2026-05-09 09:45:00+00:00,93.31,93.41,93.26,93.27,12337.232,2026,5,9
2026-05-09 09:50:00+00:00,93.27,93.3,93.18,93.26,6304.006,2026,5,9
2026-05-09 09:55:00+00:00,93.26,93.3,93.22,93.29,6965.579,2026,5,9
2026-05-09 10:00:00+00:00,93.29,93.3,93.09,93.18,5191.78,2026,5,9
2026-05-09 10:05:00+00:00,93.17,93.21,93.13,93.15,5710.412,2026,5,9
2026-05-09 10:10:00+00:00,93.15,93.29,93.15,93.28,4393.709,2026,5,9
2026-05-09 10:15:00+00:00,93.28,93.5,93.28,93.45,5147.172,2026,5,9
2026-05-09 10:20:00+00:00,93.44,93.52,93.28,93.32,15791.115,2026,5,9
2026-05-09 10:25:00+00:00,93.31,93.44,93.31,93.36,4068.817,2026,5,9
2026-05-09 10:30:00+00:00,93.36,93.51,93.34,93.51,4570.911,2026,5,9
2026-05-09 10:35:00+00:00,93.51,93.57,93.46,93.57,4805.547,2026,5,9
2026-05-09 10:40:00+00:00,93.57,93.6,93.48,93.49,3849.033,2026,5,9
2026-05-09 10:45:00+00:00,93.5,93.52,93.37,93.37,3993.417,2026,5,9
2026-05-09 10:50:00+00:00,93.38,93.44,93.37,93.39,1727.235,2026,5,9
2026-05-09 10:55:00+00:00,93.39,93.43,93.37,93.38,3725.206,2026,5,9
2026-05-09 11:00:00+00:00,93.38,93.46,93.33,93.45,3120.913,2026,5,9
2026-05-09 11:05:00+00:00,93.45,93.49,93.4,93.46,1733.084,2026,5,9
2026-05-09 11:10:00+00:00,93.47,93.58,93.46,93.52,3860.134,2026,5,9
2026-05-09 11:15:00+00:00,93.52,93.6,93.49,93.57,2775.442,2026,5,9
2026-05-09 11:20:00+00:00,93.58,93.67,93.57,93.65,3787.396,2026,5,9
2026-05-09 11:25:00+00:00,93.65,93.69,93.63,93.67,3260.927,2026,5,9
2026-05-09 11:30:00+00:00,93.68,93.69,93.6,93.63,2194.947,2026,5,9
2026-05-09 11:35:00+00:00,93.64,93.65,93.57,93.61,2186.292,2026,5,9
2026-05-09 11:40:00+00:00,93.61,93.61,93.56,93.58,3342.057,2026,5,9
2026-05-09 11:45:00+00:00,93.58,93.66,93.56,93.56,5123.262,2026,5,9
2026-05-09 11:50:00+00:00,93.56,93.63,93.54,93.57,6813.04,2026,5,9
2026-05-09 11:55:00+00:00,93.57,93.67,93.56,93.62,4326.37,2026,5,9
2026-05-09 12:00:00+00:00,93.61,93.71,93.59,93.68,4683.868,2026,5,9
2026-05-09 12:05:00+00:00,93.69,93.74,93.48,93.51,4202.605,2026,5,9
2026-05-09 12:10:00+00:00,93.52,93.64,93.51,93.52,4683.911,2026,5,9
2026-05-09 12:15:00+00:00,93.52,93.52,93.37,93.52,4659.615,2026,5,9
2026-05-09 12:20:00+00:00,93.52,93.67,93.51,93.67,4060.492,2026,5,9
2026-05-09 12:25:00+00:00,93.67,93.71,93.58,93.61,3945.577,2026,5,9
2026-05-09 12:30:00+00:00,93.62,93.62,93.44,93.46,1587.927,2026,5,9
2026-05-09 12:35:00+00:00,93.45,93.45,93.29,93.3,4043.459,2026,5,9
2026-05-09 12:40:00+00:00,93.29,93.36,93.27,93.36,3325.612,2026,5,9
2026-05-09 12:45:00+00:00,93.35,93.47,93.32,93.47,3804.465,2026,5,9
2026-05-09 12:50:00+00:00,93.47,93.49,93.43,93.43,1462.681,2026,5,9
2026-05-09 12:55:00+00:00,93.44,93.47,93.37,93.45,1916.807,2026,5,9
2026-05-09 13:00:00+00:00,93.45,93.46,93.31,93.36,4105.598,2026,5,9
2026-05-09 13:05:00+00:00,93.36,93.4,93.24,93.39,3943.86,2026,5,9
2026-05-09 13:10:00+00:00,93.38,93.44,93.33,93.39,2803.774,2026,5,9
2026-05-09 13:15:00+00:00,93.39,93.44,93.27,93.28,3263.065,2026,5,9
2026-05-09 13:20:00+00:00,93.28,93.28,93.1,93.19,5501.268,2026,5,9
2026-05-09 13:25:00+00:00,93.2,93.3,93.15,93.23,4377.359,2026,5,9
2026-05-09 13:30:00+00:00,93.23,93.26,93.19,93.21,2997.764,2026,5,9
2026-05-09 13:35:00+00:00,93.2,93.26,93.14,93.15,6174.039,2026,5,9
2026-05-09 13:40:00+00:00,93.14,93.28,93.01,93.28,12875.449,2026,5,9
2026-05-09 13:45:00+00:00,93.28,93.39,93.28,93.38,2791.255,2026,5,9
2026-05-09 13:50:00+00:00,93.38,93.42,93.32,93.39,1961.76,2026,5,9
2026-05-09 13:55:00+00:00,93.4,93.47,93.38,93.47,3592.937,2026,5,9
2026-05-09 14:00:00+00:00,93.46,93.47,93.27,93.32,1480.025,2026,5,9
2026-05-09 14:05:00+00:00,93.33,93.37,93.26,93.26,4995.472,2026,5,9
2026-05-09 14:10:00+00:00,93.26,93.34,93.19,93.25,6552.137,2026,5,9
2026-05-09 14:15:00+00:00,93.24,93.27,93.15,93.21,4060.852,2026,5,9
2026-05-09 14:20:00+00:00,93.22,93.28,93.03,93.11,6423.043,2026,5,9
2026-05-09 14:25:00+00:00,93.1,93.1,92.91,93.02,17394.451,2026,5,9
2026-05-09 14:30:00+00:00,93.01,93.11,92.99,93.04,6483.066,2026,5,9
2026-05-09 14:35:00+00:00,93.04,93.05,92.98,93.03,4447.185,2026,5,9
2026-05-09 14:40:00+00:00,93.04,93.08,92.99,93.04,5138.813,2026,5,9
2026-05-09 14:45:00+00:00,93.03,93.1,92.92,93.0,6087.726,2026,5,9
2026-05-09 14:50:00+00:00,92.99,92.99,92.77,92.91,17416.522,2026,5,9
2026-05-09 14:55:00+00:00,92.9,92.91,92.81,92.88,5065.321,2026,5,9
2026-05-09 15:00:00+00:00,92.88,92.97,92.81,92.81,6306.638,2026,5,9
2026-05-09 15:05:00+00:00,92.82,92.84,92.56,92.6,13314.873,2026,5,9
2026-05-09 15:10:00+00:00,92.6,92.61,92.39,92.54,28792.965,2026,5,9
2026-05-09 15:15:00+00:00,92.55,92.74,92.54,92.61,7492.315,2026,5,9
2026-05-09 15:20:00+00:00,92.61,92.75,92.6,92.7,5397.819,2026,5,9
2026-05-09 15:25:00+00:00,92.7,92.86,92.7,92.84,3512.008,2026,5,9
2026-05-09 15:30:00+00:00,92.84,92.97,92.8,92.83,5653.541,2026,5,9
2026-05-09 15:35:00+00:00,92.83,92.98,92.82,92.93,4763.75,2026,5,9
2026-05-09 15:40:00+00:00,92.94,92.95,92.7,92.7,7729.03,2026,5,9
2026-05-09 15:45:00+00:00,92.71,92.85,92.71,92.82,3683.257,2026,5,9
2026-05-09 15:50:00+00:00,92.82,92.93,92.78,92.89,9939.712,2026,5,9
2026-05-09 15:55:00+00:00,92.9,93.01,92.88,93.01,9625.838,2026,5,9
2026-05-09 16:00:00+00:00,93.01,93.03,92.82,92.87,8563.594,2026,5,9
2026-05-09 16:05:00+00:00,92.88,93.09,92.83,93.0,19693.097,2026,5,9
2026-05-09 16:10:00+00:00,93.0,93.09,92.99,93.07,10866.773,2026,5,9
2026-05-09 16:15:00+00:00,93.08,93.24,93.07,93.15,9301.14,2026,5,9
2026-05-09 16:20:00+00:00,93.15,93.31,93.11,93.18,9132.605,2026,5,9
2026-05-09 16:25:00+00:00,93.18,93.26,92.94,92.94,9255.204,2026,5,9
2026-05-09 16:30:00+00:00,92.95,92.96,92.85,92.86,11742.945,2026,5,9
2026-05-09 16:35:00+00:00,92.86,92.92,92.8,92.84,2763.802,2026,5,9
2026-05-09 16:40:00+00:00,92.83,92.83,92.69,92.75,5589.431,2026,5,9
2026-05-09 16:45:00+00:00,92.76,92.9,92.7,92.86,11950.901,2026,5,9
2026-05-09 16:50:00+00:00,92.85,92.94,92.81,92.83,4985.269,2026,5,9
2026-05-09 16:55:00+00:00,92.84,92.86,92.71,92.76,4551.81,2026,5,9
2026-05-09 17:00:00+00:00,92.77,92.96,92.76,92.94,1994.485,2026,5,9
2026-05-09 17:05:00+00:00,92.95,93.11,92.95,93.06,6125.499,2026,5,9
2026-05-09 17:10:00+00:00,93.06,93.11,92.97,93.0,10725.561,2026,5,9
2026-05-09 17:15:00+00:00,93.01,93.06,92.95,93.05,3310.559,2026,5,9
2026-05-09 17:20:00+00:00,93.04,93.13,92.98,93.1,1277.744,2026,5,9
2026-05-09 17:25:00+00:00,93.1,93.23,93.1,93.23,3252.023,2026,5,9
2026-05-09 17:30:00+00:00,93.23,93.45,93.21,93.45,6472.587,2026,5,9
2026-05-09 17:35:00+00:00,93.45,93.48,93.32,93.36,4629.413,2026,5,9
2026-05-09 17:40:00+00:00,93.36,93.48,93.35,93.39,3552.002,2026,5,9
2026-05-09 17:45:00+00:00,93.38,93.4,93.17,93.17,4938.513,2026,5,9
2026-05-09 17:50:00+00:00,93.18,93.25,93.17,93.19,1677.933,2026,5,9
2026-05-09 17:55:00+00:00,93.19,93.26,93.11,93.21,3567.977,2026,5,9
2026-05-09 18:00:00+00:00,93.21,93.33,93.21,93.22,1782.806,2026,5,9
2026-05-09 18:05:00+00:00,93.23,93.26,93.2,93.25,756.122,2026,5,9
2026-05-09 18:10:00+00:00,93.25,93.25,93.15,93.2,1844.933,2026,5,9
2026-05-09 18:15:00+00:00,93.21,93.34,93.19,93.26,2197.706,2026,5,9
2026-05-09 18:20:00+00:00,93.26,93.3,93.19,93.3,1270.047,2026,5,9
2026-05-09 18:25:00+00:00,93.29,93.65,93.29,93.56,19311.983,2026,5,9
2026-05-09 18:30:00+00:00,93.56,93.61,93.43,93.45,5738.13,2026,5,9
2026-05-09 18:35:00+00:00,93.45,93.47,93.35,93.39,5444.321,2026,5,9
2026-05-09 18:40:00+00:00,93.39,93.4,93.33,93.38,1526.878,2026,5,9
2026-05-09 18:45:00+00:00,93.38,93.38,93.28,93.34,950.249,2026,5,9
2026-05-09 18:50:00+00:00,93.34,93.35,93.3,93.31,4057.931,2026,5,9
2026-05-09 18:55:00+00:00,93.31,93.38,93.29,93.37,2239.907,2026,5,9
2026-05-09 19:00:00+00:00,93.37,93.39,93.25,93.29,792.777,2026,5,9
2026-05-09 19:05:00+00:00,93.29,93.42,93.26,93.39,2877.822,2026,5,9
2026-05-09 19:10:00+00:00,93.4,93.4,93.33,93.36,4791.014,2026,5,9
2026-05-09 19:15:00+00:00,93.36,93.36,93.24,93.29,914.104,2026,5,9
2026-05-09 19:20:00+00:00,93.29,93.34,93.28,93.31,840.57,2026,5,9
2026-05-09 19:25:00+00:00,93.3,93.34,93.22,93.34,2154.127,2026,5,9
2026-05-09 19:30:00+00:00,93.34,93.37,93.3,93.33,842.127,2026,5,9
2026-05-09 19:35:00+00:00,93.34,93.42,93.33,93.41,2269.323,2026,5,9
2026-05-09 19:40:00+00:00,93.42,93.48,93.32,93.43,6194.335,2026,5,9
2026-05-09 19:45:00+00:00,93.43,93.5,93.37,93.5,2767.569,2026,5,9
2026-05-09 19:50:00+00:00,93.5,93.58,93.49,93.58,1244.35,2026,5,9
2026-05-09 19:55:00+00:00,93.58,93.58,93.5,93.51,1878.813,2026,5,9
2026-05-09 20:00:00+00:00,93.51,93.51,93.42,93.44,1112.981,2026,5,9
2026-05-09 20:05:00+00:00,93.44,93.45,93.36,93.38,2199.362,2026,5,9
2026-05-09 20:10:00+00:00,93.37,93.38,93.32,93.33,4988.47,2026,5,9
2026-05-09 20:15:00+00:00,93.33,93.33,93.25,93.26,3788.904,2026,5,9
2026-05-09 20:20:00+00:00,93.25,93.3,93.23,93.23,1161.377,2026,5,9
2026-05-09 20:25:00+00:00,93.22,93.29,93.22,93.28,729.209,2026,5,9
2026-05-09 20:30:00+00:00,93.29,93.31,93.15,93.19,2963.195,2026,5,9
2026-05-09 20:35:00+00:00,93.19,93.27,93.18,93.26,451.034,2026,5,9
2026-05-09 20:40:00+00:00,93.27,93.34,93.22,93.26,7561.962,2026,5,9
2026-05-09 20:45:00+00:00,93.26,93.26,93.19,93.22,1512.741,2026,5,9
2026-05-09 20:50:00+00:00,93.23,93.31,93.22,93.25,509.474,2026,5,9
2026-05-09 20:55:00+00:00,93.25,93.3,93.25,93.26,605.726,2026,5,9
2026-05-09 21:00:00+00:00,93.25,93.33,93.25,93.3,1626.939,2026,5,9
2026-05-09 21:05:00+00:00,93.29,93.36,93.29,93.33,2236.144,2026,5,9
2026-05-09 21:10:00+00:00,93.33,93.43,93.32,93.36,3067.978,2026,5,9
2026-05-09 21:15:00+00:00,93.36,93.44,93.36,93.38,1291.46,2026,5,9
2026-05-09 21:20:00+00:00,93.38,93.39,93.31,93.33,1100.108,2026,5,9
2026-05-09 21:25:00+00:00,93.32,93.4,93.25,93.38,1864.687,2026,5,9
2026-05-09 21:30:00+00:00,93.38,93.4,93.29,93.34,3296.701,2026,5,9
2026-05-09 21:35:00+00:00,93.33,93.41,93.33,93.35,1776.927,2026,5,9
2026-05-09 21:40:00+00:00,93.35,93.48,93.34,93.44,5724.542,2026,5,9
2026-05-09 21:45:00+00:00,93.44,93.44,93.39,93.43,628.275,2026,5,9
2026-05-09 21:50:00+00:00,93.42,93.48,93.38,93.44,1657.731,2026,5,9
2026-05-09 21:55:00+00:00,93.44,93.56,93.43,93.49,4978.829,2026,5,9
2026-05-09 22:00:00+00:00,93.5,93.53,93.36,93.4,6245.411,2026,5,9
2026-05-09 22:05:00+00:00,93.41,93.43,93.35,93.37,1469.133,2026,5,9
2026-05-09 22:10:00+00:00,93.37,93.42,93.31,93.38,4963.305,2026,5,9
2026-05-09 22:15:00+00:00,93.38,93.41,93.37,93.38,1794.56,2026,5,9
2026-05-09 22:20:00+00:00,93.38,93.38,93.3,93.33,1279.41,2026,5,9
2026-05-09 22:25:00+00:00,93.32,93.46,93.32,93.39,4535.21,2026,5,9
2026-05-09 22:30:00+00:00,93.38,93.38,93.22,93.31,2003.876,2026,5,9
2026-05-09 22:35:00+00:00,93.31,93.38,93.27,93.38,1102.561,2026,5,9
2026-05-09 22:40:00+00:00,93.38,93.49,93.34,93.48,2175.53,2026,5,9
2026-05-09 22:45:00+00:00,93.48,93.48,93.34,93.34,925.512,2026,5,9
2026-05-09 22:50:00+00:00,93.34,93.39,93.3,93.3,1107.509,2026,5,9
2026-05-09 22:55:00+00:00,93.31,93.34,93.29,93.33,1351.079,2026,5,9
2026-05-09 23:00:00+00:00,93.33,93.49,93.33,93.39,1844.411,2026,5,9
2026-05-09 23:05:00+00:00,93.38,93.4,93.26,93.31,3619.779,2026,5,9
2026-05-09 23:10:00+00:00,93.32,93.33,93.26,93.3,1420.701,2026,5,9
2026-05-09 23:15:00+00:00,93.29,93.31,93.23,93.23,3244.355,2026,5,9
2026-05-09 23:20:00+00:00,93.24,93.26,93.19,93.2,1744.345,2026,5,9
2026-05-09 23:25:00+00:00,93.21,93.21,93.15,93.15,1828.469,2026,5,9
2026-05-09 23:30:00+00:00,93.15,93.18,93.1,93.13,2431.566,2026,5,9
2026-05-09 23:35:00+00:00,93.14,93.15,93.08,93.09,2656.896,2026,5,9
2026-05-09 23:40:00+00:00,93.08,93.09,93.06,93.07,1079.066,2026,5,9
2026-05-09 23:45:00+00:00,93.07,93.16,93.05,93.16,1930.721,2026,5,9
2026-05-09 23:50:00+00:00,93.16,93.2,93.15,93.2,1937.993,2026,5,9
2026-05-09 23:55:00+00:00,93.2,93.2,93.13,93.13,1914.706,2026,5,9
2026-05-10 00:00:00+00:00,93.12,93.18,92.99,92.99,4659.882,2026,5,10
2026-05-10 00:05:00+00:00,92.99,93.08,92.92,93.08,9625.155,2026,5,10
2026-05-10 00:10:00+00:00,93.08,93.19,93.07,93.17,3596.464,2026,5,10
2026-05-10 00:15:00+00:00,93.17,93.22,93.14,93.21,2393.613,2026,5,10
2026-05-10 00:20:00+00:00,93.21,93.34,93.2,93.27,6392.544,2026,5,10
2026-05-10 00:25:00+00:00,93.26,93.27,93.15,93.19,3499.225,2026,5,10
2026-05-10 00:30:00+00:00,93.18,93.18,93.03,93.13,4669.391,2026,5,10
2026-05-10 00:35:00+00:00,93.12,93.15,93.01,93.08,3852.694,2026,5,10
2026-05-10 00:40:00+00:00,93.08,93.14,93.0,93.05,5042.169,2026,5,10
2026-05-10 00:45:00+00:00,93.04,93.08,92.95,93.01,5588.138,2026,5,10
2026-05-10 00:50:00+00:00,93.02,93.02,92.94,92.98,4210.484,2026,5,10
2026-05-10 00:55:00+00:00,92.98,93.03,92.94,93.03,3090.481,2026,5,10
2026-05-10 01:00:00+00:00,93.03,93.03,92.87,92.96,6121.011,2026,5,10
2026-05-10 01:05:00+00:00,92.96,92.96,92.83,92.91,6018.035,2026,5,10
2026-05-10 01:10:00+00:00,92.92,92.92,92.84,92.84,2162.434,2026,5,10
2026-05-10 01:15:00+00:00,92.85,92.9,92.73,92.79,5075.645,2026,5,10
2026-05-10 01:20:00+00:00,92.79,92.83,92.62,92.63,3512.111,2026,5,10
2026-05-10 01:25:00+00:00,92.64,92.68,92.6,92.65,5446.935,2026,5,10
2026-05-10 01:30:00+00:00,92.64,92.84,92.64,92.75,9253.38,2026,5,10
2026-05-10 01:35:00+00:00,92.74,92.8,92.69,92.72,3859.52,2026,5,10
2026-05-10 01:40:00+00:00,92.73,92.8,92.72,92.78,1127.0,2026,5,10
2026-05-10 01:45:00+00:00,92.78,92.82,92.77,92.8,2009.233,2026,5,10
2026-05-10 01:50:00+00:00,92.79,92.99,92.79,92.98,3845.078,2026,5,10
2026-05-10 01:55:00+00:00,92.97,92.98,92.91,92.97,1667.382,2026,5,10
2026-05-10 02:00:00+00:00,92.96,92.98,92.81,92.91,2962.151,2026,5,10
2026-05-10 02:05:00+00:00,92.92,92.98,92.9,92.96,2171.9,2026,5,10
2026-05-10 02:10:00+00:00,92.96,92.99,92.83,92.88,5720.739,2026,5,10
2026-05-10 02:15:00+00:00,92.89,92.99,92.88,92.89,4286.513,2026,5,10
2026-05-10 02:20:00+00:00,92.88,93.06,92.87,93.04,7407.479,2026,5,10
2026-05-10 02:25:00+00:00,93.04,93.11,93.01,93.07,4485.052,2026,5,10
2026-05-10 02:30:00+00:00,93.07,93.07,92.95,92.99,6060.129,2026,5,10
2026-05-10 02:35:00+00:00,93.0,93.08,92.97,92.97,3301.562,2026,5,10
2026-05-10 02:40:00+00:00,92.97,92.98,92.91,92.95,5066.081,2026,5,10
2026-05-10 02:45:00+00:00,92.96,93.07,92.9,93.06,13616.412,2026,5,10
2026-05-10 02:50:00+00:00,93.07,93.08,92.95,93.01,2795.735,2026,5,10
2026-05-10 02:55:00+00:00,93.0,93.1,92.82,93.04,33335.73,2026,5,10
2026-05-10 03:00:00+00:00,93.05,93.18,93.01,93.16,3219.866,2026,5,10
2026-05-10 03:05:00+00:00,93.17,93.17,93.11,93.14,2823.227,2026,5,10
2026-05-10 03:10:00+00:00,93.14,93.2,93.14,93.17,8087.834,2026,5,10
2026-05-10 03:15:00+00:00,93.18,93.26,93.18,93.23,3298.283,2026,5,10
2026-05-10 03:20:00+00:00,93.24,93.26,92.98,93.16,19571.187,2026,5,10
2026-05-10 03:25:00+00:00,93.16,93.16,93.09,93.15,2584.949,2026,5,10
2026-05-10 03:30:00+00:00,93.16,93.22,93.06,93.21,3761.531,2026,5,10
2026-05-10 03:35:00+00:00,93.21,93.44,93.21,93.44,10937.391,2026,5,10
2026-05-10 03:40:00+00:00,93.43,93.51,93.35,93.39,22763.418,2026,5,10
2026-05-10 03:45:00+00:00,93.4,93.49,93.38,93.47,6318.838,2026,5,10
2026-05-10 03:50:00+00:00,93.47,93.49,93.41,93.45,27196.536,2026,5,10
2026-05-10 03:55:00+00:00,93.44,93.46,93.42,93.42,3513.204,2026,5,10
2026-05-10 04:00:00+00:00,93.41,93.45,93.27,93.28,6442.433,2026,5,10
2026-05-10 04:05:00+00:00,93.28,93.36,93.27,93.36,1881.565,2026,5,10
2026-05-10 04:10:00+00:00,93.35,93.35,93.27,93.33,2111.345,2026,5,10
2026-05-10 04:15:00+00:00,93.34,93.46,93.28,93.3,5089.589,2026,5,10
2026-05-10 04:20:00+00:00,93.3,93.3,93.24,93.25,2761.169,2026,5,10
2026-05-10 04:25:00+00:00,93.25,93.34,93.24,93.34,2011.719,2026,5,10
2026-05-10 04:30:00+00:00,93.34,93.5,93.33,93.44,17663.568,2026,5,10
2026-05-10 04:35:00+00:00,93.44,93.48,93.44,93.46,2629.819,2026,5,10
2026-05-10 04:40:00+00:00,93.46,93.49,93.38,93.38,1414.038,2026,5,10
2026-05-10 04:45:00+00:00,93.38,93.38,93.31,93.36,1530.357,2026,5,10
2026-05-10 04:50:00+00:00,93.36,93.44,93.36,93.4,1832.613,2026,5,10
2026-05-10 04:55:00+00:00,93.41,93.44,93.35,93.35,2039.182,2026,5,10
2026-05-10 05:00:00+00:00,93.36,93.36,93.24,93.32,1492.893,2026,5,10
2026-05-10 05:05:00+00:00,93.32,93.35,93.26,93.3,1614.41,2026,5,10
2026-05-10 05:10:00+00:00,93.3,93.33,93.27,93.33,2729.358,2026,5,10
2026-05-10 05:15:00+00:00,93.33,93.43,93.33,93.38,2044.099,2026,5,10
2026-05-10 05:20:00+00:00,93.38,93.49,93.33,93.48,1743.351,2026,5,10
2026-05-10 05:25:00+00:00,93.48,93.5,93.44,93.45,1623.85,2026,5,10
2026-05-10 05:30:00+00:00,93.45,93.5,93.41,93.46,2221.644,2026,5,10
2026-05-10 05:35:00+00:00,93.46,93.47,93.42,93.45,1418.281,2026,5,10
2026-05-10 05:40:00+00:00,93.45,93.45,93.39,93.42,4162.758,2026,5,10
2026-05-10 05:45:00+00:00,93.41,93.44,93.36,93.4,3067.071,2026,5,10
2026-05-10 05:50:00+00:00,93.39,93.4,93.31,93.32,4157.259,2026,5,10
2026-05-10 05:55:00+00:00,93.33,93.37,93.32,93.34,2854.282,2026,5,10
2026-05-10 06:00:00+00:00,93.34,93.43,93.3,93.37,2395.812,2026,5,10
2026-05-10 06:05:00+00:00,93.37,93.4,93.36,93.38,1262.214,2026,5,10
2026-05-10 06:10:00+00:00,93.38,93.38,93.28,93.36,758.015,2026,5,10
2026-05-10 06:15:00+00:00,93.36,93.36,93.3,93.3,1397.798,2026,5,10
2026-05-10 06:20:00+00:00,93.29,93.39,93.28,93.35,1418.267,2026,5,10
2026-05-10 06:25:00+00:00,93.35,93.35,93.25,93.28,2277.829,2026,5,10
2026-05-10 06:30:00+00:00,93.28,93.34,93.27,93.33,1469.56,2026,5,10
2026-05-10 06:35:00+00:00,93.33,93.39,93.3,93.36,2174.385,2026,5,10
2026-05-10 06:40:00+00:00,93.36,93.43,93.3,93.38,5097.789,2026,5,10
2026-05-10 06:45:00+00:00,93.38,93.41,93.37,93.4,6218.962,2026,5,10
2026-05-10 06:50:00+00:00,93.4,93.46,93.4,93.43,2341.318,2026,5,10
2026-05-10 06:55:00+00:00,93.44,93.44,93.39,93.41,1668.51,2026,5,10
2026-05-10 07:00:00+00:00,93.41,93.63,93.4,93.5,12982.424,2026,5,10
2026-05-10 07:05:00+00:00,93.5,93.57,93.46,93.49,4625.466,2026,5,10
2026-05-10 07:10:00+00:00,93.48,93.52,93.37,93.38,1710.326,2026,5,10
2026-05-10 07:15:00+00:00,93.38,93.5,93.38,93.47,2880.431,2026,5,10
2026-05-10 07:20:00+00:00,93.48,93.59,93.47,93.57,2259.626,2026,5,10
2026-05-10 07:25:00+00:00,93.56,93.6,93.53,93.54,2348.473,2026,5,10
2026-05-10 07:30:00+00:00,93.54,93.55,93.5,93.54,2520.306,2026,5,10
2026-05-10 07:35:00+00:00,93.55,93.62,93.54,93.58,3900.193,2026,5,10
2026-05-10 07:40:00+00:00,93.59,93.59,93.47,93.53,2996.972,2026,5,10
2026-05-10 07:45:00+00:00,93.53,93.59,93.5,93.55,3642.971,2026,5,10
2026-05-10 07:50:00+00:00,93.55,93.56,93.46,93.49,1300.946,2026,5,10
2026-05-10 07:55:00+00:00,93.48,93.51,93.45,93.46,1950.981,2026,5,10
2026-05-10 08:00:00+00:00,93.46,93.52,93.42,93.49,3456.109,2026,5,10
2026-05-10 08:05:00+00:00,93.49,93.94,93.48,93.9,29278.655,2026,5,10
2026-05-10 08:10:00+00:00,93.89,94.09,93.73,93.73,12649.499,2026,5,10
2026-05-10 08:15:00+00:00,93.74,93.83,93.67,93.78,4998.704,2026,5,10
2026-05-10 08:20:00+00:00,93.78,94.0,93.78,94.0,9002.175,2026,5,10
2026-05-10 08:25:00+00:00,94.0,94.03,93.86,93.9,26395.808,2026,5,10
2026-05-10 08:30:00+00:00,93.89,94.0,93.84,93.88,6264.628,2026,5,10
2026-05-10 08:35:00+00:00,93.88,93.96,93.88,93.94,2298.866,2026,5,10
2026-05-10 08:40:00+00:00,93.93,93.94,93.89,93.9,2771.841,2026,5,10
2026-05-10 08:45:00+00:00,93.9,94.04,93.88,94.01,2728.58,2026,5,10
2026-05-10 08:50:00+00:00,94.02,94.05,93.97,94.05,8471.08,2026,5,10
2026-05-10 08:55:00+00:00,94.06,94.07,94.01,94.06,4215.148,2026,5,10
2026-05-10 09:00:00+00:00,94.06,94.8,94.06,94.72,68128.572,2026,5,10
2026-05-10 09:05:00+00:00,94.71,94.72,94.48,94.59,15307.588,2026,5,10
2026-05-10 09:10:00+00:00,94.59,94.59,94.41,94.48,5669.237,2026,5,10
2026-05-10 09:15:00+00:00,94.47,94.53,94.34,94.51,6444.539,2026,5,10
2026-05-10 09:20:00+00:00,94.5,94.51,94.36,94.44,7283.875,2026,5,10
2026-05-10 09:25:00+00:00,94.45,94.56,94.44,94.52,4051.371,2026,5,10
2026-05-10 09:30:00+00:00,94.52,94.64,94.48,94.52,5108.141,2026,5,10
2026-05-10 09:35:00+00:00,94.51,94.51,94.31,94.46,6439.204,2026,5,10
2026-05-10 09:40:00+00:00,94.45,94.46,94.21,94.31,8694.649,2026,5,10
2026-05-10 09:45:00+00:00,94.31,94.46,94.3,94.43,7295.101,2026,5,10
2026-05-10 09:50:00+00:00,94.42,94.43,94.27,94.32,6755.269,2026,5,10
2026-05-10 09:55:00+00:00,94.32,94.37,94.27,94.3,9994.496,2026,5,10
2026-05-10 10:00:00+00:00,94.31,94.37,94.03,94.08,10071.237,2026,5,10
2026-05-10 10:05:00+00:00,94.09,94.2,93.93,94.03,20212.93,2026,5,10
2026-05-10 10:10:00+00:00,94.04,94.04,93.8,93.82,6671.721,2026,5,10
2026-05-10 10:15:00+00:00,93.82,93.83,93.59,93.65,17949.959,2026,5,10
2026-05-10 10:20:00+00:00,93.65,93.84,93.63,93.84,4006.58,2026,5,10
2026-05-10 10:25:00+00:00,93.84,93.87,93.77,93.82,6880.515,2026,5,10
2026-05-10 10:30:00+00:00,93.83,93.9,93.74,93.81,11162.133,2026,5,10
2026-05-10 10:35:00+00:00,93.82,93.84,93.74,93.8,4951.118,2026,5,10
2026-05-10 10:40:00+00:00,93.81,93.83,93.76,93.8,13734.207,2026,5,10
2026-05-10 10:45:00+00:00,93.79,93.82,93.66,93.71,7641.061,2026,5,10
2026-05-10 10:50:00+00:00,93.71,93.95,93.71,93.88,5637.325,2026,5,10
2026-05-10 10:55:00+00:00,93.87,93.9,93.86,93.87,2199.314,2026,5,10
2026-05-10 11:00:00+00:00,93.86,94.02,93.83,93.91,5853.79,2026,5,10
2026-05-10 11:05:00+00:00,93.9,93.94,93.8,93.8,2629.314,2026,5,10
2026-05-10 11:10:00+00:00,93.81,93.9,93.76,93.81,3321.9,2026,5,10
2026-05-10 11:15:00+00:00,93.81,93.84,93.61,93.61,7953.662,2026,5,10
2026-05-10 11:20:00+00:00,93.62,93.62,92.91,93.27,57621.238,2026,5,10
2026-05-10 11:25:00+00:00,93.26,93.37,93.2,93.32,9840.949,2026,5,10
2026-05-10 11:30:00+00:00,93.31,93.38,93.3,93.36,10914.318,2026,5,10
2026-05-10 11:35:00+00:00,93.35,93.37,93.26,93.32,10149.744,2026,5,10
2026-05-10 11:40:00+00:00,93.32,93.41,93.23,93.34,5603.35,2026,5,10
2026-05-10 11:45:00+00:00,93.35,93.51,93.34,93.4,8254.938,2026,5,10
2026-05-10 11:50:00+00:00,93.39,93.45,93.38,93.44,4145.796,2026,5,10
2026-05-10 11:55:00+00:00,93.45,93.62,93.43,93.55,10593.14,2026,5,10
2026-05-10 12:00:00+00:00,93.56,93.62,93.37,93.44,5897.343,2026,5,10
2026-05-10 12:05:00+00:00,93.45,93.45,93.37,93.39,2253.347,2026,5,10
2026-05-10 12:10:00+00:00,93.39,93.5,93.37,93.48,2892.384,2026,5,10
2026-05-10 12:15:00+00:00,93.48,93.53,93.38,93.41,2677.933,2026,5,10
2026-05-10 12:20:00+00:00,93.41,93.44,93.37,93.44,2220.716,2026,5,10
2026-05-10 12:25:00+00:00,93.44,93.47,93.31,93.38,4799.58,2026,5,10
2026-05-10 12:30:00+00:00,93.39,93.5,93.35,93.35,8489.13,2026,5,10
2026-05-10 12:35:00+00:00,93.35,93.39,93.31,93.39,3554.801,2026,5,10
2026-05-10 12:40:00+00:00,93.39,93.39,93.33,93.39,2536.654,2026,5,10
2026-05-10 12:45:00+00:00,93.39,93.46,93.39,93.41,4669.572,2026,5,10
2026-05-10 12:50:00+00:00,93.41,93.44,93.31,93.34,3334.889,2026,5,10
2026-05-10 12:55:00+00:00,93.35,93.36,93.2,93.32,6426.838,2026,5,10
2026-05-10 13:00:00+00:00,93.31,93.4,93.26,93.35,4981.875,2026,5,10
2026-05-10 13:05:00+00:00,93.36,93.5,93.24,93.39,10330.387,2026,5,10
2026-05-10 13:10:00+00:00,93.39,93.5,93.34,93.43,8394.199,2026,5,10
2026-05-10 13:15:00+00:00,93.42,93.52,93.38,93.5,9660.584,2026,5,10
2026-05-10 13:20:00+00:00,93.5,93.73,93.48,93.73,13258.73,2026,5,10
2026-05-10 13:25:00+00:00,93.73,93.78,93.65,93.67,7943.163,2026,5,10
2026-05-10 13:30:00+00:00,93.68,93.79,93.6,93.77,5679.587,2026,5,10
2026-05-10 13:35:00+00:00,93.77,93.77,93.7,93.71,2545.797,2026,5,10
2026-05-10 13:40:00+00:00,93.7,93.75,93.63,93.75,5458.346,2026,5,10
2026-05-10 13:45:00+00:00,93.74,93.85,93.7,93.85,5608.226,2026,5,10
2026-05-10 13:50:00+00:00,93.84,93.94,93.84,93.87,4334.521,2026,5,10
2026-05-10 13:55:00+00:00,93.88,93.9,93.74,93.77,4764.355,2026,5,10
2026-05-10 14:00:00+00:00,93.76,93.89,93.76,93.84,3147.136,2026,5,10
2026-05-10 14:05:00+00:00,93.84,93.84,93.72,93.83,3296.451,2026,5,10
2026-05-10 14:10:00+00:00,93.83,93.98,93.83,93.87,5057.345,2026,5,10
2026-05-10 14:15:00+00:00,93.87,93.88,93.77,93.87,3811.052,2026,5,10
2026-05-10 14:20:00+00:00,93.87,93.88,93.74,93.81,4045.5,2026,5,10
2026-05-10 14:25:00+00:00,93.82,93.83,93.7,93.74,3018.113,2026,5,10
2026-05-10 14:30:00+00:00,93.75,94.02,93.75,93.97,5790.336,2026,5,10
2026-05-10 14:35:00+00:00,93.97,94.09,93.88,93.99,9464.505,2026,5,10
2026-05-10 14:40:00+00:00,93.99,94.13,93.93,93.94,8786.31,2026,5,10
2026-05-10 14:45:00+00:00,93.93,93.98,93.68,93.76,7984.59,2026,5,10
2026-05-10 14:50:00+00:00,93.76,94.06,93.74,94.0,6888.058,2026,5,10
2026-05-10 14:55:00+00:00,93.99,94.03,93.87,93.89,7617.731,2026,5,10
2026-05-10 15:00:00+00:00,93.89,94.18,93.89,94.06,12665.149,2026,5,10
2026-05-10 15:05:00+00:00,94.07,94.19,94.0,94.04,6261.685,2026,5,10
2026-05-10 15:10:00+00:00,94.04,94.32,94.0,94.28,7857.026,2026,5,10
2026-05-10 15:15:00+00:00,94.28,94.35,94.18,94.27,6920.139,2026,5,10
2026-05-10 15:20:00+00:00,94.26,94.41,94.18,94.27,7564.321,2026,5,10
2026-05-10 15:25:00+00:00,94.28,94.41,94.24,94.36,7361.355,2026,5,10
2026-05-10 15:30:00+00:00,94.35,94.51,94.35,94.42,11268.002,2026,5,10
2026-05-10 15:35:00+00:00,94.43,94.66,94.41,94.54,16426.98,2026,5,10
2026-05-10 15:40:00+00:00,94.53,94.66,94.5,94.58,12232.264,2026,5,10
2026-05-10 15:45:00+00:00,94.57,94.73,94.5,94.56,13729.847,2026,5,10
2026-05-10 15:50:00+00:00,94.56,94.64,94.41,94.46,11957.605,2026,5,10
2026-05-10 15:55:00+00:00,94.46,94.55,94.45,94.53,4986.074,2026,5,10
2026-05-10 16:00:00+00:00,94.53,94.58,94.33,94.36,20190.994,2026,5,10
2026-05-10 16:05:00+00:00,94.36,94.45,94.29,94.45,7919.873,2026,5,10
2026-05-10 16:10:00+00:00,94.45,94.65,94.44,94.51,7724.208,2026,5,10
2026-05-10 16:15:00+00:00,94.51,94.52,94.2,94.3,10022.379,2026,5,10
2026-05-10 16:20:00+00:00,94.31,94.34,94.28,94.3,4099.723,2026,5,10
2026-05-10 16:25:00+00:00,94.29,94.44,94.18,94.36,12348.706,2026,5,10
2026-05-10 16:30:00+00:00,94.37,94.45,94.34,94.43,6248.428,2026,5,10
2026-05-10 16:35:00+00:00,94.43,94.61,94.34,94.59,7488.46,2026,5,10
2026-05-10 16:40:00+00:00,94.6,94.86,94.59,94.71,16588.1,2026,5,10
2026-05-10 16:45:00+00:00,94.71,94.98,94.65,94.82,11681.873,2026,5,10
2026-05-10 16:50:00+00:00,94.83,94.9,94.75,94.77,6545.593,2026,5,10
2026-05-10 16:55:00+00:00,94.77,94.93,94.77,94.84,14045.895,2026,5,10
2026-05-10 17:00:00+00:00,94.84,95.2,94.84,95.14,36413.576,2026,5,10
2026-05-10 17:05:00+00:00,95.13,95.22,94.93,94.95,18279.704,2026,5,10
2026-05-10 17:10:00+00:00,94.96,95.38,94.95,95.22,39207.714,2026,5,10
2026-05-10 17:15:00+00:00,95.22,95.45,95.17,95.44,18917.512,2026,5,10
2026-05-10 17:20:00+00:00,95.45,95.91,95.44,95.8,41136.913,2026,5,10
2026-05-10 17:25:00+00:00,95.8,95.99,95.7,95.93,8890.654,2026,5,10
2026-05-10 17:30:00+00:00,95.93,96.16,95.81,95.82,29322.55,2026,5,10
2026-05-10 17:35:00+00:00,95.82,95.85,95.65,95.77,11601.216,2026,5,10
2026-05-10 17:40:00+00:00,95.77,95.95,95.71,95.95,9995.53,2026,5,10
2026-05-10 17:45:00+00:00,95.95,95.95,95.7,95.79,6737.695,2026,5,10
2026-05-10 17:50:00+00:00,95.79,96.28,95.78,96.24,29395.09,2026,5,10
2026-05-10 17:55:00+00:00,96.23,96.5,96.23,96.49,17513.819,2026,5,10
2026-05-10 18:00:00+00:00,96.49,96.5,96.15,96.25,14362.315,2026,5,10
2026-05-10 18:05:00+00:00,96.26,96.31,96.12,96.24,10912.774,2026,5,10
2026-05-10 18:10:00+00:00,96.25,96.69,96.24,96.65,15537.787,2026,5,10
2026-05-10 18:15:00+00:00,96.66,96.67,96.41,96.5,14384.434,2026,5,10
2026-05-10 18:20:00+00:00,96.5,96.85,96.47,96.68,9669.055,2026,5,10
2026-05-10 18:25:00+00:00,96.68,97.0,96.57,96.61,37652.379,2026,5,10
2026-05-10 18:30:00+00:00,96.61,96.9,96.6,96.73,17873.241,2026,5,10
2026-05-10 18:35:00+00:00,96.72,96.73,96.53,96.63,9335.844,2026,5,10
2026-05-10 18:40:00+00:00,96.64,96.74,96.52,96.58,8050.596,2026,5,10
2026-05-10 18:45:00+00:00,96.58,96.77,96.58,96.75,5659.638,2026,5,10
2026-05-10 18:50:00+00:00,96.75,96.76,96.55,96.55,6295.536,2026,5,10
2026-05-10 18:55:00+00:00,96.55,96.56,96.4,96.44,4964.437,2026,5,10
2026-05-10 19:00:00+00:00,96.43,96.43,95.75,95.94,20305.548,2026,5,10
2026-05-10 19:05:00+00:00,95.95,96.19,95.95,96.17,10107.686,2026,5,10
2026-05-10 19:10:00+00:00,96.17,96.34,96.12,96.19,8514.076,2026,5,10
2026-05-10 19:15:00+00:00,96.18,96.5,96.15,96.34,8058.303,2026,5,10
2026-05-10 19:20:00+00:00,96.34,96.67,96.3,96.67,9090.284,2026,5,10
2026-05-10 19:25:00+00:00,96.67,96.88,96.58,96.81,9868.708,2026,5,10
2026-05-10 19:30:00+00:00,96.8,96.88,96.66,96.74,6655.876,2026,5,10
2026-05-10 19:35:00+00:00,96.73,96.73,96.46,96.51,4332.637,2026,5,10
2026-05-10 19:40:00+00:00,96.5,96.63,96.46,96.6,19828.226,2026,5,10
2026-05-10 19:45:00+00:00,96.59,96.65,96.45,96.49,2583.03,2026,5,10
2026-05-10 19:50:00+00:00,96.49,96.51,96.25,96.3,4937.953,2026,5,10
2026-05-10 19:55:00+00:00,96.3,96.49,96.3,96.47,4037.161,2026,5,10
2026-05-10 20:00:00+00:00,96.47,96.53,96.34,96.39,4788.898,2026,5,10
2026-05-10 20:05:00+00:00,96.38,96.6,96.38,96.6,4556.184,2026,5,10
2026-05-10 20:10:00+00:00,96.6,96.6,95.96,95.97,7134.707,2026,5,10
2026-05-10 20:15:00+00:00,95.97,96.04,95.52,95.75,20952.633,2026,5,10
2026-05-10 20:20:00+00:00,95.76,96.01,95.68,95.76,15882.093,2026,5,10
2026-05-10 20:25:00+00:00,95.77,95.92,95.72,95.82,5775.408,2026,5,10
2026-05-10 20:30:00+00:00,95.82,95.82,95.14,95.38,12159.185,2026,5,10
2026-05-10 20:35:00+00:00,95.38,95.56,95.32,95.34,10849.154,2026,5,10
2026-05-10 20:40:00+00:00,95.34,95.48,94.83,94.91,45177.716,2026,5,10
2026-05-10 20:45:00+00:00,94.92,94.92,93.55,93.65,60072.312,2026,5,10
2026-05-10 20:50:00+00:00,93.65,94.66,93.43,94.28,42040.42,2026,5,10
2026-05-10 20:55:00+00:00,94.28,94.57,94.24,94.52,16905.55,2026,5,10
2026-05-10 21:00:00+00:00,94.51,95.04,94.47,94.89,17631.773,2026,5,10
2026-05-10 21:05:00+00:00,94.89,95.25,94.81,95.2,12218.035,2026,5,10
2026-05-10 21:10:00+00:00,95.19,95.24,94.58,94.66,13563.178,2026,5,10
2026-05-10 21:15:00+00:00,94.66,95.15,94.64,95.06,9695.475,2026,5,10
2026-05-10 21:20:00+00:00,95.06,95.17,94.82,95.09,6776.455,2026,5,10
2026-05-10 21:25:00+00:00,95.08,95.34,95.0,95.33,4381.117,2026,5,10
2026-05-10 21:30:00+00:00,95.33,95.54,95.25,95.47,9933.569,2026,5,10
2026-05-10 21:35:00+00:00,95.47,95.6,95.04,95.05,10107.964,2026,5,10
2026-05-10 21:40:00+00:00,95.06,95.4,95.06,95.36,5195.653,2026,5,10
2026-05-10 21:45:00+00:00,95.37,95.54,95.37,95.4,4534.869,2026,5,10
2026-05-10 21:50:00+00:00,95.4,95.49,95.17,95.19,4252.657,2026,5,10
2026-05-10 21:55:00+00:00,95.19,95.29,95.06,95.08,7215.325,2026,5,10
2026-05-10 22:00:00+00:00,95.07,95.82,94.89,95.32,23476.102,2026,5,10
2026-05-10 22:05:00+00:00,95.32,95.58,95.26,95.45,8285.379,2026,5,10
2026-05-10 22:10:00+00:00,95.45,95.66,95.43,95.5,5832.072,2026,5,10
2026-05-10 22:15:00+00:00,95.51,95.64,95.32,95.6,12755.109,2026,5,10
2026-05-10 22:20:00+00:00,95.59,95.61,95.43,95.58,6300.27,2026,5,10
2026-05-10 22:25:00+00:00,95.57,96.08,95.53,95.75,15535.982,2026,5,10
2026-05-10 22:30:00+00:00,95.76,96.36,95.56,96.24,14313.102,2026,5,10
2026-05-10 22:35:00+00:00,96.25,96.27,95.87,95.93,7921.282,2026,5,10
2026-05-10 22:40:00+00:00,95.93,96.04,95.87,95.96,6900.949,2026,5,10
2026-05-10 22:45:00+00:00,95.97,96.16,95.97,96.13,3543.725,2026,5,10
2026-05-10 22:50:00+00:00,96.13,96.25,95.93,96.13,4470.21,2026,5,10
2026-05-10 22:55:00+00:00,96.13,96.34,96.12,96.23,8113.956,2026,5,10
2026-05-10 23:00:00+00:00,96.24,96.46,96.13,96.33,8400.293,2026,5,10
2026-05-10 23:05:00+00:00,96.33,96.43,96.23,96.41,7919.803,2026,5,10
2026-05-10 23:10:00+00:00,96.4,96.49,96.18,96.23,10728.921,2026,5,10
2026-05-10 23:15:00+00:00,96.23,96.32,95.99,96.11,6275.546,2026,5,10
2026-05-10 23:20:00+00:00,96.1,96.21,95.99,96.2,6273.314,2026,5,10
2026-05-10 23:25:00+00:00,96.19,96.71,96.19,96.34,38346.68,2026,5,10
2026-05-10 23:30:00+00:00,96.34,96.59,96.27,96.54,17776.575,2026,5,10
2026-05-10 23:35:00+00:00,96.55,96.86,96.5,96.78,14250.16,2026,5,10
2026-05-10 23:40:00+00:00,96.78,96.78,96.53,96.7,7398.887,2026,5,10
2026-05-10 23:45:00+00:00,96.69,96.71,96.53,96.61,10491.048,2026,5,10
2026-05-10 23:50:00+00:00,96.61,96.62,96.42,96.43,6422.158,2026,5,10
2026-05-10 23:55:00+00:00,96.43,96.5,96.33,96.47,7609.53,2026,5,10
