timestamp,open,high,low,close,volume,year,month,day
2022-06-11 00:00:00+00:00,37.17,37.18,37.04,37.09,10014.48,2022,6,11
2022-06-11 00:01:00+00:00,37.1,37.1,37.04,37.05,711.16,2022,6,11
2022-06-11 00:02:00+00:00,37.05,37.18,37.05,37.08,3268.84,2022,6,11
2022-06-11 00:03:00+00:00,37.09,37.1,37.01,37.06,1640.73,2022,6,11
2022-06-11 00:04:00+00:00,37.06,37.17,37.02,37.1,8362.28,2022,6,11
2022-06-11 00:05:00+00:00,37.1,37.1,36.99,37.07,12744.46,2022,6,11
2022-06-11 00:06:00+00:00,37.08,37.09,37.03,37.06,1784.41,2022,6,11
2022-06-11 00:07:00+00:00,37.06,37.08,37.05,37.07,797.92,2022,6,11
2022-06-11 00:08:00+00:00,37.07,37.14,37.07,37.14,541.14,2022,6,11
2022-06-11 00:09:00+00:00,37.14,37.23,37.13,37.22,3405.82,2022,6,11
2022-06-11 00:10:00+00:00,37.22,37.31,37.2,37.3,4365.63,2022,6,11
2022-06-11 00:11:00+00:00,37.29,37.32,37.27,37.31,2146.53,2022,6,11
2022-06-11 00:12:00+00:00,37.3,37.3,37.18,37.19,1368.17,2022,6,11
2022-06-11 00:13:00+00:00,37.19,37.23,37.19,37.21,839.46,2022,6,11
2022-06-11 00:14:00+00:00,37.21,37.26,37.21,37.26,212.08,2022,6,11
2022-06-11 00:15:00+00:00,37.25,37.26,37.2,37.21,668.85,2022,6,11
2022-06-11 00:16:00+00:00,37.21,37.21,37.18,37.21,585.6,2022,6,11
2022-06-11 00:17:00+00:00,37.22,37.24,37.22,37.22,913.95,2022,6,11
2022-06-11 00:18:00+00:00,37.22,37.3,37.22,37.29,1126.47,2022,6,11
2022-06-11 00:19:00+00:00,37.29,37.34,37.29,37.34,2150.01,2022,6,11
2022-06-11 00:20:00+00:00,37.34,37.39,37.33,37.37,1534.38,2022,6,11
2022-06-11 00:21:00+00:00,37.39,37.39,37.35,37.38,722.58,2022,6,11
2022-06-11 00:22:00+00:00,37.38,37.38,37.33,37.36,2146.06,2022,6,11
2022-06-11 00:23:00+00:00,37.36,37.4,37.35,37.37,1679.03,2022,6,11
2022-06-11 00:24:00+00:00,37.37,37.39,37.36,37.39,806.94,2022,6,11
2022-06-11 00:25:00+00:00,37.39,37.4,37.38,37.39,517.15,2022,6,11
2022-06-11 00:26:00+00:00,37.39,37.41,37.39,37.4,326.72,2022,6,11
2022-06-11 00:27:00+00:00,37.41,37.41,37.34,37.37,792.01,2022,6,11
2022-06-11 00:28:00+00:00,37.36,37.42,37.36,37.41,362.21,2022,6,11
2022-06-11 00:29:00+00:00,37.41,37.41,37.34,37.34,1061.61,2022,6,11
2022-06-11 00:30:00+00:00,37.34,37.41,37.34,37.41,883.65,2022,6,11
2022-06-11 00:31:00+00:00,37.41,37.41,37.38,37.39,792.83,2022,6,11
2022-06-11 00:32:00+00:00,37.38,37.39,37.35,37.36,1301.67,2022,6,11
2022-06-11 00:33:00+00:00,37.35,37.35,37.28,37.28,703.06,2022,6,11
2022-06-11 00:34:00+00:00,37.28,37.28,37.24,37.28,1068.52,2022,6,11
2022-06-11 00:35:00+00:00,37.28,37.38,37.28,37.38,511.48,2022,6,11
2022-06-11 00:36:00+00:00,37.38,37.38,37.37,37.38,399.66,2022,6,11
2022-06-11 00:37:00+00:00,37.38,37.43,37.37,37.43,429.79,2022,6,11
2022-06-11 00:38:00+00:00,37.43,37.44,37.38,37.4,773.25,2022,6,11
2022-06-11 00:39:00+00:00,37.4,37.47,37.4,37.47,2976.96,2022,6,11
2022-06-11 00:40:00+00:00,37.47,37.47,37.44,37.45,2050.86,2022,6,11
2022-06-11 00:41:00+00:00,37.45,37.46,37.43,37.43,2180.35,2022,6,11
2022-06-11 00:42:00+00:00,37.43,37.47,37.43,37.44,1191.7,2022,6,11
2022-06-11 00:43:00+00:00,37.45,37.46,37.43,37.43,1162.52,2022,6,11
2022-06-11 00:44:00+00:00,37.43,37.46,37.43,37.46,463.43,2022,6,11
2022-06-11 00:45:00+00:00,37.45,37.46,37.4,37.4,959.78,2022,6,11
2022-06-11 00:46:00+00:00,37.41,37.45,37.4,37.45,667.21,2022,6,11
2022-06-11 00:47:00+00:00,37.44,37.47,37.44,37.46,192.27,2022,6,11
2022-06-11 00:48:00+00:00,37.47,37.48,37.45,37.46,817.87,2022,6,11
2022-06-11 00:49:00+00:00,37.46,37.46,37.44,37.44,202.83,2022,6,11
2022-06-11 00:50:00+00:00,37.44,37.44,37.42,37.43,499.46,2022,6,11
2022-06-11 00:51:00+00:00,37.44,37.46,37.39,37.4,564.53,2022,6,11
2022-06-11 00:52:00+00:00,37.4,37.45,37.4,37.44,566.55,2022,6,11
2022-06-11 00:53:00+00:00,37.43,37.45,37.43,37.43,678.09,2022,6,11
2022-06-11 00:54:00+00:00,37.43,37.44,37.43,37.43,264.51,2022,6,11
2022-06-11 00:55:00+00:00,37.43,37.49,37.43,37.47,1259.35,2022,6,11
2022-06-11 00:56:00+00:00,37.47,37.51,37.47,37.49,652.95,2022,6,11
2022-06-11 00:57:00+00:00,37.5,37.53,37.48,37.53,964.73,2022,6,11
2022-06-11 00:58:00+00:00,37.53,37.54,37.48,37.49,862.63,2022,6,11
2022-06-11 00:59:00+00:00,37.48,37.48,37.46,37.47,853.2,2022,6,11
2022-06-11 01:00:00+00:00,37.47,37.52,37.47,37.49,842.23,2022,6,11
2022-06-11 01:01:00+00:00,37.49,37.51,37.45,37.45,1193.03,2022,6,11
2022-06-11 01:02:00+00:00,37.46,37.52,37.46,37.51,633.46,2022,6,11
2022-06-11 01:03:00+00:00,37.51,37.56,37.51,37.56,1126.53,2022,6,11
2022-06-11 01:04:00+00:00,37.56,37.56,37.5,37.51,1451.41,2022,6,11
2022-06-11 01:05:00+00:00,37.5,37.54,37.45,37.45,2925.27,2022,6,11
2022-06-11 01:06:00+00:00,37.46,37.48,37.46,37.46,336.39,2022,6,11
2022-06-11 01:07:00+00:00,37.45,37.47,37.45,37.46,420.9,2022,6,11
2022-06-11 01:08:00+00:00,37.46,37.49,37.43,37.49,983.62,2022,6,11
2022-06-11 01:09:00+00:00,37.49,37.49,37.49,37.49,67.19,2022,6,11
2022-06-11 01:10:00+00:00,37.49,37.49,37.41,37.41,1167.46,2022,6,11
2022-06-11 01:11:00+00:00,37.41,37.41,37.39,37.41,666.11,2022,6,11
2022-06-11 01:12:00+00:00,37.41,37.42,37.39,37.41,1139.97,2022,6,11
2022-06-11 01:13:00+00:00,37.42,37.43,37.41,37.41,545.83,2022,6,11
2022-06-11 01:14:00+00:00,37.41,37.45,37.41,37.45,1278.06,2022,6,11
2022-06-11 01:15:00+00:00,37.46,37.48,37.44,37.46,386.58,2022,6,11
2022-06-11 01:16:00+00:00,37.45,37.45,37.37,37.4,1497.89,2022,6,11
2022-06-11 01:17:00+00:00,37.4,37.42,37.4,37.42,157.46,2022,6,11
2022-06-11 01:18:00+00:00,37.42,37.45,37.41,37.43,322.2,2022,6,11
2022-06-11 01:19:00+00:00,37.42,37.42,37.4,37.4,284.42,2022,6,11
2022-06-11 01:20:00+00:00,37.41,37.43,37.4,37.43,444.8,2022,6,11
2022-06-11 01:21:00+00:00,37.42,37.42,37.41,37.41,156.25,2022,6,11
2022-06-11 01:22:00+00:00,37.41,37.46,37.41,37.45,589.47,2022,6,11
2022-06-11 01:23:00+00:00,37.45,37.45,37.44,37.45,177.28,2022,6,11
2022-06-11 01:24:00+00:00,37.44,37.47,37.42,37.42,274.18,2022,6,11
2022-06-11 01:25:00+00:00,37.42,37.42,37.31,37.34,1559.36,2022,6,11
2022-06-11 01:26:00+00:00,37.34,37.34,37.3,37.33,1203.41,2022,6,11
2022-06-11 01:27:00+00:00,37.33,37.39,37.31,37.35,1537.94,2022,6,11
2022-06-11 01:28:00+00:00,37.35,37.38,37.33,37.38,636.53,2022,6,11
2022-06-11 01:29:00+00:00,37.37,37.38,37.35,37.37,237.23,2022,6,11
2022-06-11 01:30:00+00:00,37.37,37.38,37.35,37.35,457.1,2022,6,11
2022-06-11 01:31:00+00:00,37.34,37.35,37.32,37.35,515.63,2022,6,11
2022-06-11 01:32:00+00:00,37.35,37.35,37.34,37.34,300.65,2022,6,11
2022-06-11 01:33:00+00:00,37.34,37.41,37.34,37.37,1116.36,2022,6,11
2022-06-11 01:34:00+00:00,37.37,37.39,37.35,37.37,397.94,2022,6,11
2022-06-11 01:35:00+00:00,37.37,37.39,37.3,37.32,1257.36,2022,6,11
2022-06-11 01:36:00+00:00,37.32,37.36,37.22,37.25,3478.58,2022,6,11
2022-06-11 01:37:00+00:00,37.25,37.27,37.24,37.27,374.99,2022,6,11
2022-06-11 01:38:00+00:00,37.27,37.33,37.24,37.33,1325.26,2022,6,11
2022-06-11 01:39:00+00:00,37.32,37.32,37.28,37.3,738.26,2022,6,11
2022-06-11 01:40:00+00:00,37.31,37.34,37.3,37.34,279.42,2022,6,11
2022-06-11 01:41:00+00:00,37.33,37.35,37.32,37.34,191.04,2022,6,11
2022-06-11 01:42:00+00:00,37.34,37.42,37.34,37.39,1054.08,2022,6,11
2022-06-11 01:43:00+00:00,37.39,37.47,37.39,37.44,615.41,2022,6,11
2022-06-11 01:44:00+00:00,37.44,37.47,37.44,37.46,220.82,2022,6,11
2022-06-11 01:45:00+00:00,37.46,37.47,37.43,37.44,607.04,2022,6,11
2022-06-11 01:46:00+00:00,37.44,37.46,37.44,37.46,112.11,2022,6,11
2022-06-11 01:47:00+00:00,37.46,37.48,37.45,37.45,406.67,2022,6,11
2022-06-11 01:48:00+00:00,37.46,37.47,37.45,37.46,231.84,2022,6,11
2022-06-11 01:49:00+00:00,37.47,37.48,37.46,37.46,173.24,2022,6,11
2022-06-11 01:50:00+00:00,37.47,37.47,37.41,37.41,414.78,2022,6,11
2022-06-11 01:51:00+00:00,37.41,37.42,37.39,37.39,462.43,2022,6,11
2022-06-11 01:52:00+00:00,37.4,37.4,37.35,37.35,163.87,2022,6,11
2022-06-11 01:53:00+00:00,37.34,37.34,37.25,37.28,11256.04,2022,6,11
2022-06-11 01:54:00+00:00,37.28,37.35,37.28,37.32,1328.91,2022,6,11
2022-06-11 01:55:00+00:00,37.32,37.33,37.31,37.33,229.82,2022,6,11
2022-06-11 01:56:00+00:00,37.32,37.33,37.31,37.32,855.22,2022,6,11
2022-06-11 01:57:00+00:00,37.32,37.34,37.32,37.32,1087.58,2022,6,11
2022-06-11 01:58:00+00:00,37.33,37.33,37.29,37.31,883.79,2022,6,11
2022-06-11 01:59:00+00:00,37.32,37.35,37.31,37.34,625.09,2022,6,11
2022-06-11 02:00:00+00:00,37.34,37.38,37.3,37.35,1116.14,2022,6,11
2022-06-11 02:01:00+00:00,37.36,37.36,37.32,37.32,929.63,2022,6,11
2022-06-11 02:02:00+00:00,37.32,37.34,37.32,37.33,347.57,2022,6,11
2022-06-11 02:03:00+00:00,37.32,37.35,37.31,37.31,721.65,2022,6,11
2022-06-11 02:04:00+00:00,37.32,37.33,37.31,37.32,330.25,2022,6,11
2022-06-11 02:05:00+00:00,37.32,37.33,37.25,37.25,1256.2,2022,6,11
2022-06-11 02:06:00+00:00,37.25,37.28,37.23,37.24,1292.87,2022,6,11
2022-06-11 02:07:00+00:00,37.25,37.26,37.15,37.19,14294.23,2022,6,11
2022-06-11 02:08:00+00:00,37.2,37.25,37.2,37.25,850.23,2022,6,11
2022-06-11 02:09:00+00:00,37.25,37.26,37.23,37.23,2258.38,2022,6,11
2022-06-11 02:10:00+00:00,37.23,37.24,37.21,37.22,1144.95,2022,6,11
2022-06-11 02:11:00+00:00,37.23,37.25,37.23,37.24,662.54,2022,6,11
2022-06-11 02:12:00+00:00,37.25,37.27,37.22,37.26,609.63,2022,6,11
2022-06-11 02:13:00+00:00,37.26,37.3,37.25,37.26,883.45,2022,6,11
2022-06-11 02:14:00+00:00,37.25,37.28,37.25,37.26,639.87,2022,6,11
2022-06-11 02:15:00+00:00,37.26,37.27,37.25,37.27,347.35,2022,6,11
2022-06-11 02:16:00+00:00,37.26,37.3,37.26,37.3,436.51,2022,6,11
2022-06-11 02:17:00+00:00,37.3,37.3,37.27,37.27,753.41,2022,6,11
2022-06-11 02:18:00+00:00,37.28,37.29,37.27,37.28,230.67,2022,6,11
2022-06-11 02:19:00+00:00,37.28,37.28,37.25,37.27,443.32,2022,6,11
2022-06-11 02:20:00+00:00,37.26,37.26,37.23,37.25,601.68,2022,6,11
2022-06-11 02:21:00+00:00,37.25,37.27,37.18,37.19,586.85,2022,6,11
2022-06-11 02:22:00+00:00,37.19,37.21,37.16,37.21,803.02,2022,6,11
2022-06-11 02:23:00+00:00,37.22,37.23,37.22,37.23,506.24,2022,6,11
2022-06-11 02:24:00+00:00,37.23,37.3,37.23,37.27,1691.74,2022,6,11
2022-06-11 02:25:00+00:00,37.27,37.3,37.26,37.3,85.25,2022,6,11
2022-06-11 02:26:00+00:00,37.3,37.3,37.28,37.29,750.9,2022,6,11
2022-06-11 02:27:00+00:00,37.29,37.3,37.28,37.29,296.39,2022,6,11
2022-06-11 02:28:00+00:00,37.29,37.35,37.29,37.33,2134.63,2022,6,11
2022-06-11 02:29:00+00:00,37.33,37.37,37.33,37.34,1206.21,2022,6,11
2022-06-11 02:30:00+00:00,37.36,37.38,37.34,37.35,663.0,2022,6,11
2022-06-11 02:31:00+00:00,37.35,37.38,37.34,37.38,554.61,2022,6,11
2022-06-11 02:32:00+00:00,37.37,37.37,37.31,37.31,917.14,2022,6,11
2022-06-11 02:33:00+00:00,37.32,37.32,37.31,37.32,399.49,2022,6,11
2022-06-11 02:34:00+00:00,37.32,37.32,37.25,37.27,1509.66,2022,6,11
2022-06-11 02:35:00+00:00,37.26,37.32,37.26,37.32,1823.2,2022,6,11
2022-06-11 02:36:00+00:00,37.32,37.34,37.32,37.33,336.72,2022,6,11
2022-06-11 02:37:00+00:00,37.33,37.33,37.3,37.31,638.44,2022,6,11
2022-06-11 02:38:00+00:00,37.3,37.34,37.3,37.34,935.93,2022,6,11
2022-06-11 02:39:00+00:00,37.34,37.36,37.31,37.36,1281.59,2022,6,11
2022-06-11 02:40:00+00:00,37.37,37.43,37.36,37.4,636.28,2022,6,11
2022-06-11 02:41:00+00:00,37.41,37.41,37.4,37.4,203.17,2022,6,11
2022-06-11 02:42:00+00:00,37.41,37.45,37.41,37.43,782.63,2022,6,11
2022-06-11 02:43:00+00:00,37.44,37.47,37.43,37.43,771.94,2022,6,11
2022-06-11 02:44:00+00:00,37.43,37.43,37.39,37.42,392.9,2022,6,11
2022-06-11 02:45:00+00:00,37.42,37.43,37.4,37.41,156.0,2022,6,11
2022-06-11 02:46:00+00:00,37.41,37.42,37.4,37.42,376.1,2022,6,11
2022-06-11 02:47:00+00:00,37.42,37.42,37.4,37.41,281.99,2022,6,11
2022-06-11 02:48:00+00:00,37.41,37.45,37.41,37.43,1591.46,2022,6,11
2022-06-11 02:49:00+00:00,37.43,37.44,37.4,37.4,1034.48,2022,6,11
2022-06-11 02:50:00+00:00,37.4,37.4,37.37,37.39,361.06,2022,6,11
2022-06-11 02:51:00+00:00,37.4,37.43,37.4,37.4,718.34,2022,6,11
2022-06-11 02:52:00+00:00,37.41,37.43,37.36,37.43,1354.56,2022,6,11
2022-06-11 02:53:00+00:00,37.44,37.54,37.44,37.54,2242.67,2022,6,11
2022-06-11 02:54:00+00:00,37.54,37.65,37.54,37.6,7068.59,2022,6,11
2022-06-11 02:55:00+00:00,37.6,37.64,37.6,37.61,328.24,2022,6,11
2022-06-11 02:56:00+00:00,37.62,37.64,37.6,37.62,713.03,2022,6,11
2022-06-11 02:57:00+00:00,37.62,37.63,37.58,37.58,281.75,2022,6,11
2022-06-11 02:58:00+00:00,37.57,37.6,37.57,37.6,442.2,2022,6,11
2022-06-11 02:59:00+00:00,37.6,37.61,37.58,37.59,391.45,2022,6,11
2022-06-11 03:00:00+00:00,37.61,37.64,37.58,37.59,599.97,2022,6,11
2022-06-11 03:01:00+00:00,37.59,37.6,37.58,37.6,196.12,2022,6,11
2022-06-11 03:02:00+00:00,37.6,37.6,37.56,37.58,293.27,2022,6,11
2022-06-11 03:03:00+00:00,37.57,37.6,37.56,37.59,800.2,2022,6,11
2022-06-11 03:04:00+00:00,37.59,37.59,37.55,37.57,511.55,2022,6,11
2022-06-11 03:05:00+00:00,37.57,37.69,37.57,37.69,6813.14,2022,6,11
2022-06-11 03:06:00+00:00,37.69,37.72,37.67,37.71,1083.69,2022,6,11
2022-06-11 03:07:00+00:00,37.72,37.72,37.68,37.72,855.03,2022,6,11
2022-06-11 03:08:00+00:00,37.71,37.72,37.68,37.68,681.27,2022,6,11
2022-06-11 03:09:00+00:00,37.69,37.71,37.67,37.7,701.96,2022,6,11
2022-06-11 03:10:00+00:00,37.71,37.72,37.68,37.72,497.47,2022,6,11
2022-06-11 03:11:00+00:00,37.71,37.71,37.67,37.68,1777.7,2022,6,11
2022-06-11 03:12:00+00:00,37.69,37.7,37.66,37.67,364.54,2022,6,11
2022-06-11 03:13:00+00:00,37.67,37.67,37.64,37.65,206.81,2022,6,11
2022-06-11 03:14:00+00:00,37.65,37.65,37.6,37.6,222.21,2022,6,11
2022-06-11 03:15:00+00:00,37.6,37.62,37.6,37.6,948.4,2022,6,11
2022-06-11 03:16:00+00:00,37.6,37.6,37.56,37.56,401.56,2022,6,11
2022-06-11 03:17:00+00:00,37.57,37.57,37.55,37.56,308.66,2022,6,11
2022-06-11 03:18:00+00:00,37.56,37.61,37.55,37.57,1739.37,2022,6,11
2022-06-11 03:19:00+00:00,37.56,37.59,37.56,37.58,220.24,2022,6,11
2022-06-11 03:20:00+00:00,37.58,37.59,37.58,37.58,213.7,2022,6,11
2022-06-11 03:21:00+00:00,37.57,37.58,37.56,37.56,268.9,2022,6,11
2022-06-11 03:22:00+00:00,37.56,37.58,37.56,37.57,101.22,2022,6,11
2022-06-11 03:23:00+00:00,37.58,37.58,37.56,37.57,164.89,2022,6,11
2022-06-11 03:24:00+00:00,37.57,37.59,37.57,37.58,461.4,2022,6,11
2022-06-11 03:25:00+00:00,37.59,37.63,37.57,37.6,2347.86,2022,6,11
2022-06-11 03:26:00+00:00,37.6,37.6,37.56,37.6,1280.16,2022,6,11
2022-06-11 03:27:00+00:00,37.6,37.65,37.6,37.65,157.12,2022,6,11
2022-06-11 03:28:00+00:00,37.65,37.67,37.61,37.62,1067.23,2022,6,11
2022-06-11 03:29:00+00:00,37.61,37.63,37.58,37.62,544.28,2022,6,11
2022-06-11 03:30:00+00:00,37.62,37.63,37.61,37.61,269.12,2022,6,11
2022-06-11 03:31:00+00:00,37.62,37.62,37.59,37.59,256.92,2022,6,11
2022-06-11 03:32:00+00:00,37.59,37.6,37.54,37.56,1251.36,2022,6,11
2022-06-11 03:33:00+00:00,37.56,37.63,37.56,37.62,773.96,2022,6,11
2022-06-11 03:34:00+00:00,37.61,37.62,37.59,37.59,309.87,2022,6,11
2022-06-11 03:35:00+00:00,37.6,37.62,37.58,37.58,260.87,2022,6,11
2022-06-11 03:36:00+00:00,37.58,37.62,37.58,37.59,391.14,2022,6,11
2022-06-11 03:37:00+00:00,37.6,37.66,37.6,37.66,890.65,2022,6,11
2022-06-11 03:38:00+00:00,37.66,37.68,37.65,37.65,632.29,2022,6,11
2022-06-11 03:39:00+00:00,37.64,37.64,37.54,37.55,741.28,2022,6,11
2022-06-11 03:40:00+00:00,37.55,37.57,37.53,37.57,1377.85,2022,6,11
2022-06-11 03:41:00+00:00,37.57,37.6,37.56,37.58,542.35,2022,6,11
2022-06-11 03:42:00+00:00,37.57,37.57,37.54,37.54,945.96,2022,6,11
2022-06-11 03:43:00+00:00,37.54,37.55,37.52,37.52,298.06,2022,6,11
2022-06-11 03:44:00+00:00,37.52,37.54,37.51,37.51,575.86,2022,6,11
2022-06-11 03:45:00+00:00,37.5,37.55,37.5,37.55,740.93,2022,6,11
2022-06-11 03:46:00+00:00,37.55,37.59,37.55,37.58,789.15,2022,6,11
2022-06-11 03:47:00+00:00,37.58,37.58,37.54,37.56,1373.26,2022,6,11
2022-06-11 03:48:00+00:00,37.56,37.6,37.56,37.57,920.12,2022,6,11
2022-06-11 03:49:00+00:00,37.57,37.58,37.56,37.56,774.33,2022,6,11
2022-06-11 03:50:00+00:00,37.57,37.6,37.56,37.6,350.9,2022,6,11
2022-06-11 03:51:00+00:00,37.6,37.62,37.59,37.59,442.01,2022,6,11
2022-06-11 03:52:00+00:00,37.59,37.59,37.56,37.56,671.29,2022,6,11
2022-06-11 03:53:00+00:00,37.56,37.57,37.53,37.53,859.19,2022,6,11
2022-06-11 03:54:00+00:00,37.52,37.56,37.51,37.56,628.47,2022,6,11
2022-06-11 03:55:00+00:00,37.55,37.57,37.55,37.55,340.52,2022,6,11
2022-06-11 03:56:00+00:00,37.55,37.56,37.54,37.55,214.94,2022,6,11
2022-06-11 03:57:00+00:00,37.55,37.56,37.54,37.56,468.78,2022,6,11
2022-06-11 03:58:00+00:00,37.55,37.58,37.55,37.58,477.57,2022,6,11
2022-06-11 03:59:00+00:00,37.58,37.58,37.53,37.54,1200.79,2022,6,11
2022-06-11 04:00:00+00:00,37.54,37.63,37.54,37.63,565.03,2022,6,11
2022-06-11 04:01:00+00:00,37.63,37.63,37.57,37.59,384.94,2022,6,11
2022-06-11 04:02:00+00:00,37.58,37.64,37.57,37.64,919.62,2022,6,11
2022-06-11 04:03:00+00:00,37.64,37.64,37.61,37.63,936.43,2022,6,11
2022-06-11 04:04:00+00:00,37.63,37.63,37.57,37.57,624.08,2022,6,11
2022-06-11 04:05:00+00:00,37.57,37.57,37.53,37.53,891.13,2022,6,11
2022-06-11 04:06:00+00:00,37.53,37.55,37.53,37.54,418.53,2022,6,11
2022-06-11 04:07:00+00:00,37.55,37.55,37.52,37.53,566.11,2022,6,11
2022-06-11 04:08:00+00:00,37.54,37.67,37.53,37.66,898.63,2022,6,11
2022-06-11 04:09:00+00:00,37.66,37.73,37.66,37.71,1805.11,2022,6,11
2022-06-11 04:10:00+00:00,37.7,37.7,37.65,37.68,587.23,2022,6,11
2022-06-11 04:11:00+00:00,37.67,37.68,37.64,37.64,801.09,2022,6,11
2022-06-11 04:12:00+00:00,37.64,37.71,37.64,37.71,743.02,2022,6,11
2022-06-11 04:13:00+00:00,37.71,37.74,37.71,37.74,1863.9,2022,6,11
2022-06-11 04:14:00+00:00,37.74,37.74,37.7,37.74,1192.59,2022,6,11
2022-06-11 04:15:00+00:00,37.74,37.75,37.69,37.7,409.17,2022,6,11
2022-06-11 04:16:00+00:00,37.69,37.7,37.67,37.67,469.19,2022,6,11
2022-06-11 04:17:00+00:00,37.67,37.69,37.66,37.67,834.84,2022,6,11
2022-06-11 04:18:00+00:00,37.66,37.74,37.64,37.74,3765.43,2022,6,11
2022-06-11 04:19:00+00:00,37.74,37.79,37.71,37.79,716.09,2022,6,11
2022-06-11 04:20:00+00:00,37.78,37.78,37.71,37.75,896.37,2022,6,11
2022-06-11 04:21:00+00:00,37.74,37.75,37.73,37.74,560.42,2022,6,11
2022-06-11 04:22:00+00:00,37.74,37.79,37.73,37.78,740.37,2022,6,11
2022-06-11 04:23:00+00:00,37.78,37.84,37.74,37.83,1133.88,2022,6,11
2022-06-11 04:24:00+00:00,37.82,37.82,37.78,37.78,1449.16,2022,6,11
2022-06-11 04:25:00+00:00,37.78,37.79,37.75,37.79,788.26,2022,6,11
2022-06-11 04:26:00+00:00,37.79,37.8,37.75,37.76,1353.65,2022,6,11
2022-06-11 04:27:00+00:00,37.75,37.77,37.75,37.76,532.43,2022,6,11
2022-06-11 04:28:00+00:00,37.75,37.77,37.72,37.72,1863.6,2022,6,11
2022-06-11 04:29:00+00:00,37.73,37.74,37.72,37.74,304.72,2022,6,11
2022-06-11 04:30:00+00:00,37.74,37.77,37.71,37.73,783.29,2022,6,11
2022-06-11 04:31:00+00:00,37.72,37.75,37.71,37.75,557.58,2022,6,11
2022-06-11 04:32:00+00:00,37.75,37.76,37.75,37.75,390.57,2022,6,11
2022-06-11 04:33:00+00:00,37.74,37.74,37.7,37.71,1162.28,2022,6,11
2022-06-11 04:34:00+00:00,37.7,37.73,37.68,37.72,758.31,2022,6,11
2022-06-11 04:35:00+00:00,37.73,37.73,37.7,37.7,147.11,2022,6,11
2022-06-11 04:36:00+00:00,37.7,37.71,37.69,37.69,218.17,2022,6,11
2022-06-11 04:37:00+00:00,37.68,37.73,37.68,37.72,243.04,2022,6,11
2022-06-11 04:38:00+00:00,37.73,37.79,37.71,37.71,1762.05,2022,6,11
2022-06-11 04:39:00+00:00,37.71,37.71,37.7,37.7,1051.32,2022,6,11
2022-06-11 04:40:00+00:00,37.7,37.72,37.69,37.72,235.39,2022,6,11
2022-06-11 04:41:00+00:00,37.72,37.74,37.7,37.74,298.62,2022,6,11
2022-06-11 04:42:00+00:00,37.74,37.77,37.72,37.76,534.81,2022,6,11
2022-06-11 04:43:00+00:00,37.76,37.77,37.74,37.77,360.2,2022,6,11
2022-06-11 04:44:00+00:00,37.78,37.8,37.74,37.74,438.67,2022,6,11
2022-06-11 04:45:00+00:00,37.75,37.77,37.72,37.76,291.87,2022,6,11
2022-06-11 04:46:00+00:00,37.76,37.77,37.75,37.76,366.1,2022,6,11
2022-06-11 04:47:00+00:00,37.76,37.8,37.76,37.78,256.94,2022,6,11
2022-06-11 04:48:00+00:00,37.79,37.8,37.78,37.79,397.94,2022,6,11
2022-06-11 04:49:00+00:00,37.79,37.79,37.77,37.79,239.4,2022,6,11
2022-06-11 04:50:00+00:00,37.79,37.79,37.77,37.79,393.5,2022,6,11
2022-06-11 04:51:00+00:00,37.78,37.78,37.77,37.78,430.47,2022,6,11
2022-06-11 04:52:00+00:00,37.78,37.79,37.78,37.79,111.87,2022,6,11
2022-06-11 04:53:00+00:00,37.79,37.79,37.77,37.77,347.29,2022,6,11
2022-06-11 04:54:00+00:00,37.78,37.83,37.77,37.83,601.83,2022,6,11
2022-06-11 04:55:00+00:00,37.83,37.9,37.83,37.87,6541.81,2022,6,11
2022-06-11 04:56:00+00:00,37.86,37.88,37.85,37.85,601.46,2022,6,11
2022-06-11 04:57:00+00:00,37.86,37.88,37.86,37.88,968.63,2022,6,11
2022-06-11 04:58:00+00:00,37.88,37.89,37.85,37.87,434.33,2022,6,11
2022-06-11 04:59:00+00:00,37.87,37.87,37.83,37.83,455.39,2022,6,11
2022-06-11 05:00:00+00:00,37.84,37.88,37.84,37.86,1058.52,2022,6,11
2022-06-11 05:01:00+00:00,37.86,37.86,37.84,37.85,394.02,2022,6,11
2022-06-11 05:02:00+00:00,37.84,37.84,37.81,37.82,145.18,2022,6,11
2022-06-11 05:03:00+00:00,37.82,37.85,37.82,37.85,330.31,2022,6,11
2022-06-11 05:04:00+00:00,37.86,37.86,37.82,37.82,408.86,2022,6,11
2022-06-11 05:05:00+00:00,37.81,37.86,37.81,37.86,495.72,2022,6,11
2022-06-11 05:06:00+00:00,37.86,37.88,37.85,37.88,453.48,2022,6,11
2022-06-11 05:07:00+00:00,37.88,37.9,37.87,37.89,525.98,2022,6,11
2022-06-11 05:08:00+00:00,37.89,37.93,37.87,37.89,16388.44,2022,6,11
2022-06-11 05:09:00+00:00,37.89,37.92,37.88,37.9,1027.67,2022,6,11
2022-06-11 05:10:00+00:00,37.9,37.9,37.82,37.82,616.82,2022,6,11
2022-06-11 05:11:00+00:00,37.83,37.84,37.81,37.82,428.93,2022,6,11
2022-06-11 05:12:00+00:00,37.82,37.83,37.78,37.8,2691.68,2022,6,11
2022-06-11 05:13:00+00:00,37.8,37.82,37.8,37.82,104.55,2022,6,11
2022-06-11 05:14:00+00:00,37.81,37.82,37.8,37.81,238.2,2022,6,11
2022-06-11 05:15:00+00:00,37.8,37.81,37.71,37.72,1221.93,2022,6,11
2022-06-11 05:16:00+00:00,37.72,37.74,37.71,37.71,717.14,2022,6,11
2022-06-11 05:17:00+00:00,37.72,37.77,37.69,37.75,1736.34,2022,6,11
2022-06-11 05:18:00+00:00,37.75,37.76,37.7,37.7,722.46,2022,6,11
2022-06-11 05:19:00+00:00,37.71,37.71,37.59,37.61,14656.14,2022,6,11
2022-06-11 05:20:00+00:00,37.61,37.67,37.61,37.67,406.62,2022,6,11
2022-06-11 05:21:00+00:00,37.66,37.66,37.59,37.6,676.94,2022,6,11
2022-06-11 05:22:00+00:00,37.6,37.62,37.56,37.57,992.56,2022,6,11
2022-06-11 05:23:00+00:00,37.58,37.61,37.57,37.6,1010.24,2022,6,11
2022-06-11 05:24:00+00:00,37.59,37.61,37.57,37.61,586.63,2022,6,11
2022-06-11 05:25:00+00:00,37.61,37.62,37.59,37.62,276.97,2022,6,11
2022-06-11 05:26:00+00:00,37.61,37.63,37.59,37.6,468.51,2022,6,11
2022-06-11 05:27:00+00:00,37.6,37.61,37.59,37.6,252.7,2022,6,11
2022-06-11 05:28:00+00:00,37.6,37.63,37.6,37.62,62.99,2022,6,11
2022-06-11 05:29:00+00:00,37.61,37.66,37.61,37.66,372.81,2022,6,11
2022-06-11 05:30:00+00:00,37.65,37.67,37.62,37.67,570.94,2022,6,11
2022-06-11 05:31:00+00:00,37.66,37.66,37.6,37.61,681.93,2022,6,11
2022-06-11 05:32:00+00:00,37.61,37.65,37.61,37.65,772.05,2022,6,11
2022-06-11 05:33:00+00:00,37.65,37.67,37.64,37.67,528.37,2022,6,11
2022-06-11 05:34:00+00:00,37.67,37.67,37.64,37.65,641.01,2022,6,11
2022-06-11 05:35:00+00:00,37.65,37.68,37.64,37.68,221.94,2022,6,11
2022-06-11 05:36:00+00:00,37.67,37.69,37.63,37.64,907.99,2022,6,11
2022-06-11 05:37:00+00:00,37.65,37.67,37.65,37.67,205.14,2022,6,11
2022-06-11 05:38:00+00:00,37.67,37.67,37.65,37.67,445.67,2022,6,11
2022-06-11 05:39:00+00:00,37.66,37.68,37.64,37.67,801.09,2022,6,11
2022-06-11 05:40:00+00:00,37.67,37.69,37.66,37.68,402.17,2022,6,11
2022-06-11 05:41:00+00:00,37.68,37.69,37.64,37.66,6394.7,2022,6,11
2022-06-11 05:42:00+00:00,37.66,37.67,37.62,37.63,807.86,2022,6,11
2022-06-11 05:43:00+00:00,37.63,37.65,37.42,37.46,51422.23,2022,6,11
2022-06-11 05:44:00+00:00,37.46,37.5,37.36,37.38,25033.33,2022,6,11
2022-06-11 05:45:00+00:00,37.39,37.4,37.37,37.4,21285.87,2022,6,11
2022-06-11 05:46:00+00:00,37.4,37.4,37.38,37.39,1690.74,2022,6,11
2022-06-11 05:47:00+00:00,37.4,37.4,37.37,37.4,12728.04,2022,6,11
2022-06-11 05:48:00+00:00,37.4,37.4,37.38,37.4,3353.01,2022,6,11
2022-06-11 05:49:00+00:00,37.4,37.4,37.39,37.39,975.8,2022,6,11
2022-06-11 05:50:00+00:00,37.39,37.4,37.36,37.39,4611.74,2022,6,11
2022-06-11 05:51:00+00:00,37.39,37.4,37.15,37.15,31534.44,2022,6,11
2022-06-11 05:52:00+00:00,37.14,37.26,37.11,37.22,30600.18,2022,6,11
2022-06-11 05:53:00+00:00,37.23,37.32,37.21,37.31,3401.96,2022,6,11
2022-06-11 05:54:00+00:00,37.32,37.33,37.27,37.3,699.92,2022,6,11
2022-06-11 05:55:00+00:00,37.29,37.35,37.29,37.35,774.9,2022,6,11
2022-06-11 05:56:00+00:00,37.35,37.35,37.29,37.33,895.62,2022,6,11
2022-06-11 05:57:00+00:00,37.33,37.35,37.3,37.32,558.26,2022,6,11
2022-06-11 05:58:00+00:00,37.31,37.33,37.14,37.16,57014.06,2022,6,11
2022-06-11 05:59:00+00:00,37.15,37.25,37.15,37.23,3653.36,2022,6,11
2022-06-11 06:00:00+00:00,37.23,37.25,37.18,37.2,2369.2,2022,6,11
2022-06-11 06:01:00+00:00,37.2,37.24,37.2,37.24,1796.44,2022,6,11
2022-06-11 06:02:00+00:00,37.24,37.26,37.21,37.26,1399.76,2022,6,11
2022-06-11 06:03:00+00:00,37.26,37.28,37.24,37.28,1350.19,2022,6,11
2022-06-11 06:04:00+00:00,37.28,37.28,37.22,37.28,2340.42,2022,6,11
2022-06-11 06:05:00+00:00,37.28,37.31,37.26,37.26,1642.59,2022,6,11
2022-06-11 06:06:00+00:00,37.26,37.29,37.14,37.2,31576.53,2022,6,11
2022-06-11 06:07:00+00:00,37.2,37.25,37.19,37.23,1179.12,2022,6,11
2022-06-11 06:08:00+00:00,37.23,37.25,37.21,37.25,737.13,2022,6,11
2022-06-11 06:09:00+00:00,37.26,37.28,37.24,37.24,1210.96,2022,6,11
2022-06-11 06:10:00+00:00,37.24,37.28,37.24,37.27,446.55,2022,6,11
2022-06-11 06:11:00+00:00,37.27,37.31,37.27,37.3,1575.82,2022,6,11
2022-06-11 06:12:00+00:00,37.3,37.31,37.28,37.3,336.35,2022,6,11
2022-06-11 06:13:00+00:00,37.3,37.31,37.29,37.29,331.01,2022,6,11
2022-06-11 06:14:00+00:00,37.29,37.3,37.26,37.27,1004.0,2022,6,11
2022-06-11 06:15:00+00:00,37.27,37.34,37.27,37.33,1179.63,2022,6,11
2022-06-11 06:16:00+00:00,37.33,37.36,37.33,37.34,813.59,2022,6,11
2022-06-11 06:17:00+00:00,37.35,37.38,37.33,37.38,1093.74,2022,6,11
2022-06-11 06:18:00+00:00,37.38,37.42,37.36,37.42,915.84,2022,6,11
2022-06-11 06:19:00+00:00,37.42,37.42,37.39,37.41,1203.74,2022,6,11
2022-06-11 06:20:00+00:00,37.41,37.41,37.36,37.37,458.28,2022,6,11
2022-06-11 06:21:00+00:00,37.37,37.41,37.37,37.41,845.11,2022,6,11
2022-06-11 06:22:00+00:00,37.41,37.41,37.39,37.41,427.79,2022,6,11
2022-06-11 06:23:00+00:00,37.41,37.41,37.39,37.41,195.99,2022,6,11
2022-06-11 06:24:00+00:00,37.4,37.44,37.39,37.41,1715.13,2022,6,11
2022-06-11 06:25:00+00:00,37.42,37.44,37.41,37.44,636.32,2022,6,11
2022-06-11 06:26:00+00:00,37.44,37.44,37.41,37.43,719.49,2022,6,11
2022-06-11 06:27:00+00:00,37.42,37.43,37.4,37.43,1603.52,2022,6,11
2022-06-11 06:28:00+00:00,37.43,37.46,37.41,37.45,1114.97,2022,6,11
2022-06-11 06:29:00+00:00,37.44,37.47,37.44,37.44,1387.04,2022,6,11
2022-06-11 06:30:00+00:00,37.44,37.48,37.44,37.46,914.74,2022,6,11
2022-06-11 06:31:00+00:00,37.47,37.47,37.44,37.47,621.17,2022,6,11
2022-06-11 06:32:00+00:00,37.47,37.48,37.46,37.46,852.76,2022,6,11
2022-06-11 06:33:00+00:00,37.46,37.46,37.35,37.37,2526.68,2022,6,11
2022-06-11 06:34:00+00:00,37.37,37.39,37.24,37.31,24529.84,2022,6,11
2022-06-11 06:35:00+00:00,37.31,37.33,37.29,37.29,490.66,2022,6,11
2022-06-11 06:36:00+00:00,37.29,37.39,37.28,37.39,1287.34,2022,6,11
2022-06-11 06:37:00+00:00,37.39,37.41,37.36,37.38,713.11,2022,6,11
2022-06-11 06:38:00+00:00,37.39,37.44,37.38,37.4,4757.92,2022,6,11
2022-06-11 06:39:00+00:00,37.4,37.43,37.39,37.42,890.08,2022,6,11
2022-06-11 06:40:00+00:00,37.43,37.43,37.41,37.42,125.4,2022,6,11
2022-06-11 06:41:00+00:00,37.41,37.43,37.4,37.4,406.86,2022,6,11
2022-06-11 06:42:00+00:00,37.4,37.4,37.36,37.36,784.94,2022,6,11
2022-06-11 06:43:00+00:00,37.37,37.38,37.36,37.37,1079.84,2022,6,11
2022-06-11 06:44:00+00:00,37.36,37.38,37.34,37.38,701.47,2022,6,11
2022-06-11 06:45:00+00:00,37.37,37.37,37.26,37.32,18389.9,2022,6,11
2022-06-11 06:46:00+00:00,37.33,37.36,37.33,37.35,500.77,2022,6,11
2022-06-11 06:47:00+00:00,37.35,37.36,37.34,37.35,120.22,2022,6,11
2022-06-11 06:48:00+00:00,37.35,37.36,37.34,37.34,472.51,2022,6,11
2022-06-11 06:49:00+00:00,37.34,37.35,37.33,37.35,585.64,2022,6,11
2022-06-11 06:50:00+00:00,37.35,37.35,37.31,37.34,1396.84,2022,6,11
2022-06-11 06:51:00+00:00,37.33,37.38,37.33,37.38,807.13,2022,6,11
2022-06-11 06:52:00+00:00,37.37,37.37,37.34,37.37,648.2,2022,6,11
2022-06-11 06:53:00+00:00,37.38,37.39,37.37,37.39,105.01,2022,6,11
2022-06-11 06:54:00+00:00,37.39,37.4,37.37,37.37,371.38,2022,6,11
2022-06-11 06:55:00+00:00,37.37,37.4,37.37,37.4,177.05,2022,6,11
2022-06-11 06:56:00+00:00,37.39,37.4,37.38,37.39,162.94,2022,6,11
2022-06-11 06:57:00+00:00,37.39,37.39,37.36,37.36,431.83,2022,6,11
2022-06-11 06:58:00+00:00,37.37,37.43,37.35,37.4,800.24,2022,6,11
2022-06-11 06:59:00+00:00,37.41,37.42,37.4,37.41,436.23,2022,6,11
2022-06-11 07:00:00+00:00,37.41,37.47,37.4,37.45,4896.35,2022,6,11
2022-06-11 07:01:00+00:00,37.45,37.46,37.45,37.45,433.0,2022,6,11
2022-06-11 07:02:00+00:00,37.45,37.46,37.43,37.45,392.4,2022,6,11
2022-06-11 07:03:00+00:00,37.45,37.47,37.44,37.47,642.66,2022,6,11
2022-06-11 07:04:00+00:00,37.48,37.5,37.47,37.49,945.22,2022,6,11
2022-06-11 07:05:00+00:00,37.49,37.49,37.44,37.45,1141.63,2022,6,11
2022-06-11 07:06:00+00:00,37.45,37.48,37.45,37.47,283.47,2022,6,11
2022-06-11 07:07:00+00:00,37.47,37.49,37.46,37.47,702.62,2022,6,11
2022-06-11 07:08:00+00:00,37.48,37.48,37.41,37.42,535.36,2022,6,11
2022-06-11 07:09:00+00:00,37.42,37.45,37.4,37.45,669.57,2022,6,11
2022-06-11 07:10:00+00:00,37.44,37.45,37.43,37.44,290.62,2022,6,11
2022-06-11 07:11:00+00:00,37.44,37.48,37.43,37.48,918.76,2022,6,11
2022-06-11 07:12:00+00:00,37.48,37.48,37.41,37.41,427.65,2022,6,11
2022-06-11 07:13:00+00:00,37.41,37.43,37.4,37.41,295.98,2022,6,11
2022-06-11 07:14:00+00:00,37.41,37.45,37.41,37.43,1627.05,2022,6,11
2022-06-11 07:15:00+00:00,37.42,37.43,37.4,37.42,466.8,2022,6,11
2022-06-11 07:16:00+00:00,37.41,37.44,37.41,37.42,327.9,2022,6,11
2022-06-11 07:17:00+00:00,37.41,37.5,37.41,37.48,572.4,2022,6,11
2022-06-11 07:18:00+00:00,37.48,37.48,37.44,37.46,815.01,2022,6,11
2022-06-11 07:19:00+00:00,37.46,37.49,37.46,37.48,754.2,2022,6,11
2022-06-11 07:20:00+00:00,37.47,37.53,37.46,37.53,4548.09,2022,6,11
2022-06-11 07:21:00+00:00,37.54,37.68,37.54,37.64,9095.38,2022,6,11
2022-06-11 07:22:00+00:00,37.63,37.66,37.62,37.63,1075.91,2022,6,11
2022-06-11 07:23:00+00:00,37.63,37.66,37.62,37.65,407.43,2022,6,11
2022-06-11 07:24:00+00:00,37.65,37.67,37.63,37.65,1949.51,2022,6,11
2022-06-11 07:25:00+00:00,37.65,37.65,37.6,37.61,644.29,2022,6,11
2022-06-11 07:26:00+00:00,37.61,37.61,37.53,37.55,865.8,2022,6,11
2022-06-11 07:27:00+00:00,37.55,37.56,37.54,37.55,463.32,2022,6,11
2022-06-11 07:28:00+00:00,37.55,37.58,37.54,37.58,1048.69,2022,6,11
2022-06-11 07:29:00+00:00,37.56,37.59,37.55,37.59,1527.59,2022,6,11
2022-06-11 07:30:00+00:00,37.58,37.67,37.58,37.65,533.42,2022,6,11
2022-06-11 07:31:00+00:00,37.66,37.69,37.64,37.68,633.53,2022,6,11
2022-06-11 07:32:00+00:00,37.69,37.7,37.68,37.7,107.02,2022,6,11
2022-06-11 07:33:00+00:00,37.7,37.7,37.66,37.67,808.68,2022,6,11
2022-06-11 07:34:00+00:00,37.67,37.69,37.66,37.68,621.35,2022,6,11
2022-06-11 07:35:00+00:00,37.69,37.76,37.69,37.72,8922.79,2022,6,11
2022-06-11 07:36:00+00:00,37.71,37.72,37.67,37.68,515.86,2022,6,11
2022-06-11 07:37:00+00:00,37.68,37.71,37.68,37.71,686.91,2022,6,11
2022-06-11 07:38:00+00:00,37.7,37.73,37.69,37.7,695.22,2022,6,11
2022-06-11 07:39:00+00:00,37.69,37.72,37.67,37.72,1406.36,2022,6,11
2022-06-11 07:40:00+00:00,37.72,37.77,37.72,37.76,334.34,2022,6,11
2022-06-11 07:41:00+00:00,37.77,37.78,37.7,37.75,13714.8,2022,6,11
2022-06-11 07:42:00+00:00,37.76,37.8,37.74,37.76,1620.45,2022,6,11
2022-06-11 07:43:00+00:00,37.76,37.76,37.71,37.72,1218.54,2022,6,11
2022-06-11 07:44:00+00:00,37.73,37.76,37.7,37.72,400.82,2022,6,11
2022-06-11 07:45:00+00:00,37.71,37.72,37.67,37.68,2000.04,2022,6,11
2022-06-11 07:46:00+00:00,37.69,37.69,37.62,37.64,987.83,2022,6,11
2022-06-11 07:47:00+00:00,37.64,37.65,37.63,37.63,454.86,2022,6,11
2022-06-11 07:48:00+00:00,37.63,37.67,37.63,37.66,554.17,2022,6,11
2022-06-11 07:49:00+00:00,37.66,37.67,37.65,37.67,703.81,2022,6,11
2022-06-11 07:50:00+00:00,37.67,37.68,37.67,37.68,315.98,2022,6,11
2022-06-11 07:51:00+00:00,37.68,37.68,37.65,37.66,321.15,2022,6,11
2022-06-11 07:52:00+00:00,37.66,37.68,37.65,37.65,606.09,2022,6,11
2022-06-11 07:53:00+00:00,37.66,37.7,37.63,37.7,1292.09,2022,6,11
2022-06-11 07:54:00+00:00,37.69,37.7,37.66,37.68,184.07,2022,6,11
2022-06-11 07:55:00+00:00,37.69,37.69,37.67,37.68,209.34,2022,6,11
2022-06-11 07:56:00+00:00,37.67,37.68,37.65,37.68,420.97,2022,6,11
2022-06-11 07:57:00+00:00,37.68,37.7,37.67,37.67,713.24,2022,6,11
2022-06-11 07:58:00+00:00,37.67,37.7,37.67,37.7,559.09,2022,6,11
2022-06-11 07:59:00+00:00,37.69,37.71,37.68,37.7,410.17,2022,6,11
2022-06-11 08:00:00+00:00,37.71,37.75,37.7,37.74,1136.69,2022,6,11
2022-06-11 08:01:00+00:00,37.74,37.77,37.73,37.74,1367.38,2022,6,11
2022-06-11 08:02:00+00:00,37.74,37.74,37.62,37.64,8055.54,2022,6,11
2022-06-11 08:03:00+00:00,37.64,37.64,37.57,37.57,1217.85,2022,6,11
2022-06-11 08:04:00+00:00,37.58,37.59,37.57,37.59,387.38,2022,6,11
2022-06-11 08:05:00+00:00,37.59,37.62,37.59,37.61,708.51,2022,6,11
2022-06-11 08:06:00+00:00,37.61,37.64,37.59,37.6,2011.2,2022,6,11
2022-06-11 08:07:00+00:00,37.6,37.61,37.55,37.56,973.82,2022,6,11
2022-06-11 08:08:00+00:00,37.55,37.57,37.54,37.57,521.41,2022,6,11
2022-06-11 08:09:00+00:00,37.56,37.59,37.56,37.59,61.34,2022,6,11
2022-06-11 08:10:00+00:00,37.59,37.59,37.56,37.56,294.24,2022,6,11
2022-06-11 08:11:00+00:00,37.56,37.58,37.55,37.58,179.01,2022,6,11
2022-06-11 08:12:00+00:00,37.58,37.58,37.53,37.54,1352.6,2022,6,11
2022-06-11 08:13:00+00:00,37.53,37.57,37.52,37.56,433.79,2022,6,11
2022-06-11 08:14:00+00:00,37.55,37.57,37.55,37.56,251.76,2022,6,11
2022-06-11 08:15:00+00:00,37.56,37.56,37.52,37.53,385.65,2022,6,11
2022-06-11 08:16:00+00:00,37.54,37.58,37.54,37.56,771.05,2022,6,11
2022-06-11 08:17:00+00:00,37.57,37.57,37.53,37.53,722.35,2022,6,11
2022-06-11 08:18:00+00:00,37.53,37.57,37.53,37.56,646.2,2022,6,11
2022-06-11 08:19:00+00:00,37.56,37.59,37.54,37.57,1452.48,2022,6,11
2022-06-11 08:20:00+00:00,37.58,37.62,37.57,37.62,297.54,2022,6,11
2022-06-11 08:21:00+00:00,37.62,37.62,37.59,37.59,291.58,2022,6,11
2022-06-11 08:22:00+00:00,37.58,37.58,37.54,37.54,1344.76,2022,6,11
2022-06-11 08:23:00+00:00,37.54,37.54,37.47,37.52,1750.42,2022,6,11
2022-06-11 08:24:00+00:00,37.52,37.56,37.51,37.53,589.6,2022,6,11
2022-06-11 08:25:00+00:00,37.53,37.59,37.53,37.58,503.56,2022,6,11
2022-06-11 08:26:00+00:00,37.58,37.58,37.54,37.58,329.7,2022,6,11
2022-06-11 08:27:00+00:00,37.57,37.58,37.55,37.56,478.36,2022,6,11
2022-06-11 08:28:00+00:00,37.55,37.56,37.53,37.53,255.27,2022,6,11
2022-06-11 08:29:00+00:00,37.53,37.53,37.51,37.51,352.73,2022,6,11
2022-06-11 08:30:00+00:00,37.52,37.56,37.5,37.51,472.0,2022,6,11
2022-06-11 08:31:00+00:00,37.51,37.54,37.51,37.54,550.22,2022,6,11
2022-06-11 08:32:00+00:00,37.53,37.55,37.51,37.52,513.57,2022,6,11
2022-06-11 08:33:00+00:00,37.51,37.53,37.45,37.47,12271.37,2022,6,11
2022-06-11 08:34:00+00:00,37.47,37.5,37.44,37.49,690.9,2022,6,11
2022-06-11 08:35:00+00:00,37.49,37.55,37.48,37.51,1013.48,2022,6,11
2022-06-11 08:36:00+00:00,37.51,37.51,37.47,37.47,327.49,2022,6,11
2022-06-11 08:37:00+00:00,37.46,37.47,37.17,37.29,16111.69,2022,6,11
2022-06-11 08:38:00+00:00,37.3,37.35,37.11,37.24,12105.68,2022,6,11
2022-06-11 08:39:00+00:00,37.23,37.25,37.12,37.22,6215.89,2022,6,11
2022-06-11 08:40:00+00:00,37.22,37.29,37.2,37.26,1361.05,2022,6,11
2022-06-11 08:41:00+00:00,37.26,37.26,37.08,37.15,42671.28,2022,6,11
2022-06-11 08:42:00+00:00,37.16,37.17,37.04,37.06,30516.39,2022,6,11
2022-06-11 08:43:00+00:00,37.06,37.06,36.8,36.92,24860.75,2022,6,11
2022-06-11 08:44:00+00:00,36.91,37.02,36.9,37.0,7107.6,2022,6,11
2022-06-11 08:45:00+00:00,36.99,37.03,36.94,36.96,12825.7,2022,6,11
2022-06-11 08:46:00+00:00,36.95,37.03,36.94,37.01,5409.48,2022,6,11
2022-06-11 08:47:00+00:00,37.01,37.02,36.95,37.01,3732.39,2022,6,11
2022-06-11 08:48:00+00:00,37.0,37.01,36.93,36.97,5028.69,2022,6,11
2022-06-11 08:49:00+00:00,36.96,37.03,36.96,37.03,2349.0,2022,6,11
2022-06-11 08:50:00+00:00,37.04,37.07,37.03,37.06,7745.31,2022,6,11
2022-06-11 08:51:00+00:00,37.06,37.08,37.05,37.07,2505.53,2022,6,11
2022-06-11 08:52:00+00:00,37.06,37.09,37.05,37.08,1690.47,2022,6,11
2022-06-11 08:53:00+00:00,37.08,37.1,37.05,37.08,2827.16,2022,6,11
2022-06-11 08:54:00+00:00,37.08,37.09,37.05,37.06,980.42,2022,6,11
2022-06-11 08:55:00+00:00,37.05,37.06,37.05,37.05,1573.64,2022,6,11
2022-06-11 08:56:00+00:00,37.06,37.09,37.02,37.09,5034.37,2022,6,11
2022-06-11 08:57:00+00:00,37.08,37.1,37.02,37.04,2175.56,2022,6,11
2022-06-11 08:58:00+00:00,37.05,37.07,36.98,36.98,3049.45,2022,6,11
2022-06-11 08:59:00+00:00,36.98,37.02,36.59,36.64,46765.14,2022,6,11
2022-06-11 09:00:00+00:00,36.62,36.65,36.25,36.4,84569.21,2022,6,11
2022-06-11 09:01:00+00:00,36.41,36.6,36.2,36.55,51197.71,2022,6,11
2022-06-11 09:02:00+00:00,36.56,36.61,36.4,36.53,17211.72,2022,6,11
2022-06-11 09:03:00+00:00,36.53,36.69,36.51,36.61,10180.13,2022,6,11
2022-06-11 09:04:00+00:00,36.62,36.65,36.51,36.59,5451.62,2022,6,11
2022-06-11 09:05:00+00:00,36.59,36.62,36.45,36.45,8038.08,2022,6,11
2022-06-11 09:06:00+00:00,36.46,36.55,36.43,36.45,5035.43,2022,6,11
2022-06-11 09:07:00+00:00,36.44,36.51,36.37,36.49,11744.32,2022,6,11
2022-06-11 09:08:00+00:00,36.5,36.72,36.5,36.64,17431.38,2022,6,11
2022-06-11 09:09:00+00:00,36.64,36.69,36.62,36.68,2720.78,2022,6,11
2022-06-11 09:10:00+00:00,36.66,36.69,36.61,36.65,3258.25,2022,6,11
2022-06-11 09:11:00+00:00,36.65,36.74,36.64,36.71,3595.7,2022,6,11
2022-06-11 09:12:00+00:00,36.73,36.73,36.64,36.65,5679.14,2022,6,11
2022-06-11 09:13:00+00:00,36.66,36.71,36.63,36.67,3969.79,2022,6,11
2022-06-11 09:14:00+00:00,36.68,36.68,36.6,36.66,6091.39,2022,6,11
2022-06-11 09:15:00+00:00,36.65,36.66,36.56,36.66,4833.47,2022,6,11
2022-06-11 09:16:00+00:00,36.65,36.84,36.64,36.75,9624.66,2022,6,11
2022-06-11 09:17:00+00:00,36.75,36.76,36.72,36.73,1475.71,2022,6,11
2022-06-11 09:18:00+00:00,36.73,36.81,36.73,36.81,763.97,2022,6,11
2022-06-11 09:19:00+00:00,36.81,36.86,36.77,36.84,2677.12,2022,6,11
2022-06-11 09:20:00+00:00,36.83,36.88,36.8,36.83,2697.45,2022,6,11
2022-06-11 09:21:00+00:00,36.83,36.83,36.8,36.82,812.63,2022,6,11
2022-06-11 09:22:00+00:00,36.81,36.83,36.77,36.81,3800.26,2022,6,11
2022-06-11 09:23:00+00:00,36.81,36.82,36.78,36.79,964.11,2022,6,11
2022-06-11 09:24:00+00:00,36.8,36.81,36.71,36.72,1278.83,2022,6,11
2022-06-11 09:25:00+00:00,36.72,36.77,36.72,36.76,1303.89,2022,6,11
2022-06-11 09:26:00+00:00,36.77,36.84,36.77,36.78,2162.92,2022,6,11
2022-06-11 09:27:00+00:00,36.79,36.79,36.74,36.77,1792.5,2022,6,11
2022-06-11 09:28:00+00:00,36.77,36.83,36.76,36.81,1199.04,2022,6,11
2022-06-11 09:29:00+00:00,36.81,36.81,36.78,36.8,588.57,2022,6,11
2022-06-11 09:30:00+00:00,36.8,36.86,36.79,36.86,665.54,2022,6,11
2022-06-11 09:31:00+00:00,36.87,36.89,36.84,36.87,1000.2,2022,6,11
2022-06-11 09:32:00+00:00,36.87,36.91,36.87,36.89,1103.58,2022,6,11
2022-06-11 09:33:00+00:00,36.88,36.95,36.88,36.95,1699.55,2022,6,11
2022-06-11 09:34:00+00:00,36.95,37.0,36.9,36.9,8267.25,2022,6,11
2022-06-11 09:35:00+00:00,36.91,36.95,36.9,36.9,1901.25,2022,6,11
2022-06-11 09:36:00+00:00,36.9,37.05,36.9,37.02,8044.36,2022,6,11
2022-06-11 09:37:00+00:00,37.03,37.09,37.0,37.06,4787.68,2022,6,11
2022-06-11 09:38:00+00:00,37.07,37.12,37.02,37.1,1505.42,2022,6,11
2022-06-11 09:39:00+00:00,37.1,37.12,37.07,37.1,1403.49,2022,6,11
2022-06-11 09:40:00+00:00,37.1,37.12,37.05,37.06,2927.78,2022,6,11
2022-06-11 09:41:00+00:00,37.06,37.07,36.99,37.0,2389.62,2022,6,11
2022-06-11 09:42:00+00:00,37.0,37.05,37.0,37.03,1213.97,2022,6,11
2022-06-11 09:43:00+00:00,37.03,37.03,36.99,37.02,870.3,2022,6,11
2022-06-11 09:44:00+00:00,37.02,37.04,37.0,37.0,1606.12,2022,6,11
2022-06-11 09:45:00+00:00,37.0,37.02,36.98,36.99,1438.95,2022,6,11
2022-06-11 09:46:00+00:00,36.99,37.0,36.98,37.0,589.57,2022,6,11
2022-06-11 09:47:00+00:00,37.0,37.07,37.0,37.06,1106.54,2022,6,11
2022-06-11 09:48:00+00:00,37.06,37.06,37.03,37.04,2009.24,2022,6,11
2022-06-11 09:49:00+00:00,37.03,37.08,37.03,37.03,1607.51,2022,6,11
2022-06-11 09:50:00+00:00,37.03,37.06,37.0,37.02,1885.79,2022,6,11
2022-06-11 09:51:00+00:00,37.01,37.03,37.01,37.01,402.28,2022,6,11
2022-06-11 09:52:00+00:00,37.02,37.02,36.98,36.99,1572.64,2022,6,11
2022-06-11 09:53:00+00:00,36.99,37.0,36.94,36.94,1365.19,2022,6,11
2022-06-11 09:54:00+00:00,36.94,36.96,36.93,36.95,1543.54,2022,6,11
2022-06-11 09:55:00+00:00,36.94,36.98,36.93,36.96,1301.63,2022,6,11
2022-06-11 09:56:00+00:00,36.95,36.96,36.92,36.93,1063.21,2022,6,11
2022-06-11 09:57:00+00:00,36.92,36.92,36.82,36.86,2652.57,2022,6,11
2022-06-11 09:58:00+00:00,36.86,36.87,36.82,36.86,2960.81,2022,6,11
2022-06-11 09:59:00+00:00,36.87,36.89,36.83,36.83,1983.1,2022,6,11
2022-06-11 10:00:00+00:00,36.83,36.89,36.8,36.87,5150.44,2022,6,11
2022-06-11 10:01:00+00:00,36.87,36.88,36.86,36.87,516.16,2022,6,11
2022-06-11 10:02:00+00:00,36.86,36.86,36.84,36.84,420.86,2022,6,11
2022-06-11 10:03:00+00:00,36.83,36.86,36.82,36.85,1261.97,2022,6,11
2022-06-11 10:04:00+00:00,36.86,36.94,36.85,36.9,2582.23,2022,6,11
2022-06-11 10:05:00+00:00,36.89,36.9,36.88,36.9,375.0,2022,6,11
2022-06-11 10:06:00+00:00,36.9,36.93,36.87,36.91,529.66,2022,6,11
2022-06-11 10:07:00+00:00,36.91,36.94,36.91,36.94,556.49,2022,6,11
2022-06-11 10:08:00+00:00,36.94,36.94,36.9,36.93,4517.06,2022,6,11
2022-06-11 10:09:00+00:00,36.93,36.94,36.91,36.92,302.34,2022,6,11
2022-06-11 10:10:00+00:00,36.93,36.96,36.9,36.96,788.3,2022,6,11
2022-06-11 10:11:00+00:00,36.96,36.96,36.92,36.94,2324.23,2022,6,11
2022-06-11 10:12:00+00:00,36.93,36.94,36.86,36.86,1201.76,2022,6,11
2022-06-11 10:13:00+00:00,36.86,36.87,36.83,36.85,1661.12,2022,6,11
2022-06-11 10:14:00+00:00,36.85,36.87,36.82,36.84,2162.02,2022,6,11
2022-06-11 10:15:00+00:00,36.85,36.87,36.82,36.85,856.93,2022,6,11
2022-06-11 10:16:00+00:00,36.84,36.86,36.84,36.85,394.17,2022,6,11
2022-06-11 10:17:00+00:00,36.85,36.88,36.84,36.88,414.93,2022,6,11
2022-06-11 10:18:00+00:00,36.88,36.88,36.85,36.87,639.16,2022,6,11
2022-06-11 10:19:00+00:00,36.86,36.87,36.85,36.87,200.09,2022,6,11
2022-06-11 10:20:00+00:00,36.86,36.88,36.86,36.87,403.89,2022,6,11
2022-06-11 10:21:00+00:00,36.87,36.88,36.86,36.87,603.04,2022,6,11
2022-06-11 10:22:00+00:00,36.86,36.88,36.86,36.87,912.07,2022,6,11
2022-06-11 10:23:00+00:00,36.87,36.88,36.78,36.8,1877.52,2022,6,11
2022-06-11 10:24:00+00:00,36.78,36.78,36.74,36.77,1931.21,2022,6,11
2022-06-11 10:25:00+00:00,36.76,36.81,36.76,36.79,913.99,2022,6,11
2022-06-11 10:26:00+00:00,36.8,36.8,36.78,36.79,862.95,2022,6,11
2022-06-11 10:27:00+00:00,36.8,36.82,36.79,36.81,296.9,2022,6,11
2022-06-11 10:28:00+00:00,36.8,36.82,36.8,36.81,137.7,2022,6,11
2022-06-11 10:29:00+00:00,36.81,36.83,36.81,36.82,334.98,2022,6,11
2022-06-11 10:30:00+00:00,36.82,36.82,36.73,36.76,4760.74,2022,6,11
2022-06-11 10:31:00+00:00,36.75,36.76,36.65,36.67,7143.09,2022,6,11
2022-06-11 10:32:00+00:00,36.66,36.68,36.52,36.61,4666.02,2022,6,11
2022-06-11 10:33:00+00:00,36.61,36.66,36.59,36.66,1064.81,2022,6,11
2022-06-11 10:34:00+00:00,36.66,36.74,36.66,36.73,7900.59,2022,6,11
2022-06-11 10:35:00+00:00,36.74,36.74,36.69,36.72,271.62,2022,6,11
2022-06-11 10:36:00+00:00,36.73,36.73,36.67,36.68,711.35,2022,6,11
2022-06-11 10:37:00+00:00,36.68,36.69,36.64,36.67,2852.16,2022,6,11
2022-06-11 10:38:00+00:00,36.67,36.69,36.65,36.66,279.4,2022,6,11
2022-06-11 10:39:00+00:00,36.66,36.68,36.58,36.6,3825.69,2022,6,11
2022-06-11 10:40:00+00:00,36.6,36.66,36.6,36.64,4082.53,2022,6,11
2022-06-11 10:41:00+00:00,36.64,36.65,36.58,36.59,1154.28,2022,6,11
2022-06-11 10:42:00+00:00,36.59,36.59,36.5,36.51,1451.3,2022,6,11
2022-06-11 10:43:00+00:00,36.51,36.53,36.49,36.49,2297.33,2022,6,11
2022-06-11 10:44:00+00:00,36.49,36.57,36.48,36.56,2730.65,2022,6,11
2022-06-11 10:45:00+00:00,36.55,36.55,36.44,36.45,1123.3,2022,6,11
2022-06-11 10:46:00+00:00,36.45,36.51,36.42,36.5,2730.74,2022,6,11
2022-06-11 10:47:00+00:00,36.52,36.66,36.49,36.66,2670.89,2022,6,11
2022-06-11 10:48:00+00:00,36.66,36.67,36.55,36.59,3044.53,2022,6,11
2022-06-11 10:49:00+00:00,36.59,36.61,36.52,36.54,1812.79,2022,6,11
2022-06-11 10:50:00+00:00,36.55,36.57,36.52,36.57,3610.8,2022,6,11
2022-06-11 10:51:00+00:00,36.57,36.57,36.53,36.55,289.23,2022,6,11
2022-06-11 10:52:00+00:00,36.55,36.55,36.52,36.52,1019.52,2022,6,11
2022-06-11 10:53:00+00:00,36.52,36.52,36.42,36.42,1219.67,2022,6,11
2022-06-11 10:54:00+00:00,36.42,36.42,36.31,36.34,5291.22,2022,6,11
2022-06-11 10:55:00+00:00,36.35,36.41,36.33,36.4,4235.41,2022,6,11
2022-06-11 10:56:00+00:00,36.4,36.4,36.31,36.37,2761.81,2022,6,11
2022-06-11 10:57:00+00:00,36.36,36.4,36.33,36.35,2155.73,2022,6,11
2022-06-11 10:58:00+00:00,36.33,36.45,36.33,36.45,1844.22,2022,6,11
2022-06-11 10:59:00+00:00,36.46,36.49,36.44,36.45,1691.98,2022,6,11
2022-06-11 11:00:00+00:00,36.45,36.45,36.34,36.36,1123.47,2022,6,11
2022-06-11 11:01:00+00:00,36.34,36.36,36.23,36.23,3157.78,2022,6,11
2022-06-11 11:02:00+00:00,36.23,36.33,35.94,36.13,38491.64,2022,6,11
2022-06-11 11:03:00+00:00,36.13,36.34,36.11,36.3,9100.88,2022,6,11
2022-06-11 11:04:00+00:00,36.3,36.36,36.26,36.35,4219.93,2022,6,11
2022-06-11 11:05:00+00:00,36.35,36.37,36.11,36.17,28155.89,2022,6,11
2022-06-11 11:06:00+00:00,36.18,36.22,36.06,36.11,6953.87,2022,6,11
2022-06-11 11:07:00+00:00,36.12,36.19,36.1,36.19,4930.98,2022,6,11
2022-06-11 11:08:00+00:00,36.18,36.2,36.14,36.17,1608.9,2022,6,11
2022-06-11 11:09:00+00:00,36.16,36.18,36.12,36.17,1215.49,2022,6,11
2022-06-11 11:10:00+00:00,36.17,36.24,36.16,36.23,2038.01,2022,6,11
2022-06-11 11:11:00+00:00,36.24,36.29,36.22,36.25,3318.09,2022,6,11
2022-06-11 11:12:00+00:00,36.26,36.28,36.24,36.26,660.73,2022,6,11
2022-06-11 11:13:00+00:00,36.26,36.27,36.19,36.26,2295.48,2022,6,11
2022-06-11 11:14:00+00:00,36.26,36.26,36.2,36.22,1700.41,2022,6,11
2022-06-11 11:15:00+00:00,36.21,36.23,36.16,36.16,1781.89,2022,6,11
2022-06-11 11:16:00+00:00,36.16,36.16,36.01,36.02,9677.04,2022,6,11
2022-06-11 11:17:00+00:00,36.02,36.11,36.0,36.07,8315.25,2022,6,11
2022-06-11 11:18:00+00:00,36.07,36.08,36.03,36.08,3580.29,2022,6,11
2022-06-11 11:19:00+00:00,36.08,36.08,36.04,36.04,2349.17,2022,6,11
2022-06-11 11:20:00+00:00,36.03,36.04,35.94,36.01,2815.47,2022,6,11
2022-06-11 11:21:00+00:00,36.01,36.01,35.76,35.85,17390.55,2022,6,11
2022-06-11 11:22:00+00:00,35.86,35.86,35.43,35.67,39424.56,2022,6,11
2022-06-11 11:23:00+00:00,35.67,35.82,35.66,35.71,9584.11,2022,6,11
2022-06-11 11:24:00+00:00,35.7,35.77,35.65,35.69,3360.37,2022,6,11
2022-06-11 11:25:00+00:00,35.69,35.81,35.66,35.81,3054.0,2022,6,11
2022-06-11 11:26:00+00:00,35.8,35.87,35.7,35.75,6224.88,2022,6,11
2022-06-11 11:27:00+00:00,35.75,35.81,35.71,35.81,1528.47,2022,6,11
2022-06-11 11:28:00+00:00,35.82,35.83,35.77,35.77,1464.0,2022,6,11
2022-06-11 11:29:00+00:00,35.76,35.78,35.68,35.69,2449.76,2022,6,11
2022-06-11 11:30:00+00:00,35.7,35.8,35.69,35.8,4034.89,2022,6,11
2022-06-11 11:31:00+00:00,35.81,35.86,35.81,35.82,3098.49,2022,6,11
2022-06-11 11:32:00+00:00,35.82,35.93,35.82,35.92,3764.92,2022,6,11
2022-06-11 11:33:00+00:00,35.92,35.93,35.87,35.9,1637.74,2022,6,11
2022-06-11 11:34:00+00:00,35.9,35.9,35.78,35.81,3748.11,2022,6,11
2022-06-11 11:35:00+00:00,35.81,35.83,35.67,35.73,5607.13,2022,6,11
2022-06-11 11:36:00+00:00,35.73,35.73,35.6,35.64,6635.52,2022,6,11
2022-06-11 11:37:00+00:00,35.64,35.64,35.35,35.36,10550.44,2022,6,11
2022-06-11 11:38:00+00:00,35.37,35.55,35.34,35.38,10400.387,2022,6,11
2022-06-11 11:39:00+00:00,35.39,35.47,35.13,35.34,26759.5,2022,6,11
2022-06-11 11:40:00+00:00,35.34,35.45,35.3,35.42,7056.75,2022,6,11
2022-06-11 11:41:00+00:00,35.4,35.53,35.38,35.48,6038.22,2022,6,11
2022-06-11 11:42:00+00:00,35.49,35.54,35.45,35.47,5548.55,2022,6,11
2022-06-11 11:43:00+00:00,35.48,35.51,35.29,35.32,15831.76,2022,6,11
2022-06-11 11:44:00+00:00,35.32,35.51,35.32,35.49,14846.27,2022,6,11
2022-06-11 11:45:00+00:00,35.49,35.57,35.45,35.57,3572.7,2022,6,11
2022-06-11 11:46:00+00:00,35.58,35.59,35.49,35.52,3225.01,2022,6,11
2022-06-11 11:47:00+00:00,35.51,35.6,35.51,35.54,2443.19,2022,6,11
2022-06-11 11:48:00+00:00,35.55,35.59,35.5,35.5,3135.87,2022,6,11
2022-06-11 11:49:00+00:00,35.5,35.5,35.35,35.42,3513.96,2022,6,11
2022-06-11 11:50:00+00:00,35.42,35.42,35.26,35.32,8363.23,2022,6,11
2022-06-11 11:51:00+00:00,35.31,35.53,35.3,35.39,4771.05,2022,6,11
2022-06-11 11:52:00+00:00,35.39,35.45,35.35,35.37,6454.14,2022,6,11
2022-06-11 11:53:00+00:00,35.37,35.42,35.28,35.31,9694.77,2022,6,11
2022-06-11 11:54:00+00:00,35.3,35.36,35.25,35.27,10387.57,2022,6,11
2022-06-11 11:55:00+00:00,35.27,35.35,35.27,35.34,5212.87,2022,6,11
2022-06-11 11:56:00+00:00,35.33,35.33,35.24,35.27,5581.47,2022,6,11
2022-06-11 11:57:00+00:00,35.28,35.34,35.26,35.34,4884.77,2022,6,11
2022-06-11 11:58:00+00:00,35.34,35.47,35.33,35.45,5081.06,2022,6,11
2022-06-11 11:59:00+00:00,35.44,35.53,35.4,35.47,7541.87,2022,6,11
2022-06-11 12:00:00+00:00,35.47,35.63,35.44,35.56,11215.39,2022,6,11
2022-06-11 12:01:00+00:00,35.57,35.75,35.57,35.68,12604.73,2022,6,11
2022-06-11 12:02:00+00:00,35.68,35.76,35.68,35.74,9978.88,2022,6,11
2022-06-11 12:03:00+00:00,35.74,35.76,35.67,35.67,5363.27,2022,6,11
2022-06-11 12:04:00+00:00,35.67,35.71,35.64,35.64,1774.42,2022,6,11
2022-06-11 12:05:00+00:00,35.65,35.69,35.64,35.67,1823.2,2022,6,11
2022-06-11 12:06:00+00:00,35.67,35.69,35.6,35.62,6669.7,2022,6,11
2022-06-11 12:07:00+00:00,35.61,35.62,35.53,35.58,4034.84,2022,6,11
2022-06-11 12:08:00+00:00,35.58,35.61,35.56,35.57,1392.21,2022,6,11
2022-06-11 12:09:00+00:00,35.56,35.56,35.5,35.54,2709.45,2022,6,11
2022-06-11 12:10:00+00:00,35.54,35.55,35.5,35.5,1844.94,2022,6,11
2022-06-11 12:11:00+00:00,35.52,35.6,35.52,35.59,2690.18,2022,6,11
2022-06-11 12:12:00+00:00,35.59,35.69,35.59,35.66,2097.94,2022,6,11
2022-06-11 12:13:00+00:00,35.66,35.7,35.65,35.7,1390.05,2022,6,11
2022-06-11 12:14:00+00:00,35.7,35.7,35.64,35.66,1676.25,2022,6,11
2022-06-11 12:15:00+00:00,35.66,35.78,35.66,35.76,2687.38,2022,6,11
2022-06-11 12:16:00+00:00,35.75,35.78,35.72,35.73,1559.86,2022,6,11
2022-06-11 12:17:00+00:00,35.73,35.74,35.67,35.68,1178.16,2022,6,11
2022-06-11 12:18:00+00:00,35.68,35.68,35.58,35.59,1775.82,2022,6,11
2022-06-11 12:19:00+00:00,35.59,35.64,35.54,35.57,2716.88,2022,6,11
2022-06-11 12:20:00+00:00,35.56,35.57,35.46,35.46,1127.82,2022,6,11
2022-06-11 12:21:00+00:00,35.45,35.5,35.4,35.41,2835.51,2022,6,11
2022-06-11 12:22:00+00:00,35.4,35.47,35.38,35.43,4353.56,2022,6,11
2022-06-11 12:23:00+00:00,35.43,35.45,35.4,35.41,4306.73,2022,6,11
2022-06-11 12:24:00+00:00,35.41,35.44,35.39,35.42,879.13,2022,6,11
2022-06-11 12:25:00+00:00,35.42,35.51,35.4,35.49,2610.07,2022,6,11
2022-06-11 12:26:00+00:00,35.48,35.49,35.42,35.46,3051.45,2022,6,11
2022-06-11 12:27:00+00:00,35.46,35.53,35.45,35.52,1735.85,2022,6,11
2022-06-11 12:28:00+00:00,35.53,35.54,35.48,35.51,901.36,2022,6,11
2022-06-11 12:29:00+00:00,35.51,35.58,35.48,35.55,811.03,2022,6,11
2022-06-11 12:30:00+00:00,35.55,35.56,35.5,35.51,743.48,2022,6,11
2022-06-11 12:31:00+00:00,35.5,35.51,35.46,35.46,1355.92,2022,6,11
2022-06-11 12:32:00+00:00,35.46,35.47,35.31,35.43,8166.52,2022,6,11
2022-06-11 12:33:00+00:00,35.42,35.42,35.25,35.25,9068.06,2022,6,11
2022-06-11 12:34:00+00:00,35.25,35.39,35.24,35.33,4069.62,2022,6,11
2022-06-11 12:35:00+00:00,35.33,35.34,35.26,35.3,1959.52,2022,6,11
2022-06-11 12:36:00+00:00,35.31,35.4,35.3,35.39,2246.27,2022,6,11
2022-06-11 12:37:00+00:00,35.39,35.4,35.36,35.39,1376.49,2022,6,11
2022-06-11 12:38:00+00:00,35.38,35.4,35.3,35.31,1311.96,2022,6,11
2022-06-11 12:39:00+00:00,35.31,35.34,35.18,35.3,8400.59,2022,6,11
2022-06-11 12:40:00+00:00,35.28,35.28,35.19,35.24,7358.14,2022,6,11
2022-06-11 12:41:00+00:00,35.23,35.33,35.23,35.29,1521.54,2022,6,11
2022-06-11 12:42:00+00:00,35.3,35.3,35.25,35.3,1569.6,2022,6,11
2022-06-11 12:43:00+00:00,35.3,35.36,35.28,35.36,1933.26,2022,6,11
2022-06-11 12:44:00+00:00,35.36,35.38,35.33,35.38,3575.61,2022,6,11
2022-06-11 12:45:00+00:00,35.38,35.38,35.28,35.3,1853.75,2022,6,11
2022-06-11 12:46:00+00:00,35.3,35.3,35.17,35.24,3746.01,2022,6,11
2022-06-11 12:47:00+00:00,35.25,35.25,35.12,35.19,5059.94,2022,6,11
2022-06-11 12:48:00+00:00,35.19,35.32,35.19,35.24,3897.39,2022,6,11
2022-06-11 12:49:00+00:00,35.24,35.29,35.22,35.25,4460.42,2022,6,11
2022-06-11 12:50:00+00:00,35.25,35.34,35.22,35.3,20060.45,2022,6,11
2022-06-11 12:51:00+00:00,35.3,35.31,35.27,35.31,4122.35,2022,6,11
2022-06-11 12:52:00+00:00,35.31,35.32,35.27,35.27,1467.17,2022,6,11
2022-06-11 12:53:00+00:00,35.27,35.27,35.16,35.19,3071.31,2022,6,11
2022-06-11 12:54:00+00:00,35.19,35.23,35.16,35.2,2788.14,2022,6,11
2022-06-11 12:55:00+00:00,35.2,35.29,35.17,35.29,2600.18,2022,6,11
2022-06-11 12:56:00+00:00,35.29,35.39,35.29,35.37,4114.11,2022,6,11
2022-06-11 12:57:00+00:00,35.36,35.37,35.09,35.18,15235.91,2022,6,11
2022-06-11 12:58:00+00:00,35.18,35.24,35.09,35.11,6564.91,2022,6,11
2022-06-11 12:59:00+00:00,35.11,35.13,34.81,34.84,55380.284,2022,6,11
2022-06-11 13:00:00+00:00,34.84,34.99,34.83,34.92,10844.38,2022,6,11
2022-06-11 13:01:00+00:00,34.92,34.97,34.87,34.97,5188.37,2022,6,11
2022-06-11 13:02:00+00:00,34.98,34.99,34.94,34.95,2212.61,2022,6,11
2022-06-11 13:03:00+00:00,34.95,34.99,34.82,34.83,4321.14,2022,6,11
2022-06-11 13:04:00+00:00,34.83,34.86,34.65,34.73,8500.07,2022,6,11
2022-06-11 13:05:00+00:00,34.73,34.74,34.6,34.67,15098.43,2022,6,11
2022-06-11 13:06:00+00:00,34.67,34.81,34.67,34.71,11493.27,2022,6,11
2022-06-11 13:07:00+00:00,34.71,34.73,34.61,34.7,6732.03,2022,6,11
2022-06-11 13:08:00+00:00,34.7,34.76,34.68,34.72,10762.45,2022,6,11
2022-06-11 13:09:00+00:00,34.72,34.83,34.72,34.82,14932.99,2022,6,11
2022-06-11 13:10:00+00:00,34.83,35.01,34.83,34.94,11911.21,2022,6,11
2022-06-11 13:11:00+00:00,34.94,35.0,34.9,34.96,3938.15,2022,6,11
2022-06-11 13:12:00+00:00,34.96,35.06,34.95,35.03,7726.12,2022,6,11
2022-06-11 13:13:00+00:00,35.03,35.1,35.0,35.07,10505.83,2022,6,11
2022-06-11 13:14:00+00:00,35.07,35.12,35.06,35.09,4014.54,2022,6,11
2022-06-11 13:15:00+00:00,35.08,35.08,34.89,34.99,8665.3,2022,6,11
2022-06-11 13:16:00+00:00,35.0,35.18,34.99,35.12,5017.94,2022,6,11
2022-06-11 13:17:00+00:00,35.13,35.13,35.04,35.06,3983.4,2022,6,11
2022-06-11 13:18:00+00:00,35.07,35.12,35.01,35.09,5229.64,2022,6,11
2022-06-11 13:19:00+00:00,35.08,35.12,35.07,35.11,2527.78,2022,6,11
2022-06-11 13:20:00+00:00,35.1,35.11,35.06,35.11,4318.08,2022,6,11
2022-06-11 13:21:00+00:00,35.12,35.16,35.08,35.1,4393.79,2022,6,11
2022-06-11 13:22:00+00:00,35.12,35.12,35.04,35.04,2078.33,2022,6,11
2022-06-11 13:23:00+00:00,35.04,35.08,34.99,35.06,4238.92,2022,6,11
2022-06-11 13:24:00+00:00,35.06,35.1,35.03,35.04,2679.96,2022,6,11
2022-06-11 13:25:00+00:00,35.04,35.1,35.02,35.09,3024.28,2022,6,11
2022-06-11 13:26:00+00:00,35.09,35.11,35.06,35.09,2401.65,2022,6,11
2022-06-11 13:27:00+00:00,35.08,35.08,34.99,35.01,3167.42,2022,6,11
2022-06-11 13:28:00+00:00,35.0,35.07,35.0,35.06,1153.63,2022,6,11
2022-06-11 13:29:00+00:00,35.06,35.09,35.05,35.09,1284.82,2022,6,11
2022-06-11 13:30:00+00:00,35.08,35.26,35.04,35.25,14716.74,2022,6,11
2022-06-11 13:31:00+00:00,35.24,35.36,35.23,35.32,8002.21,2022,6,11
2022-06-11 13:32:00+00:00,35.33,35.4,35.28,35.35,7120.39,2022,6,11
2022-06-11 13:33:00+00:00,35.34,35.38,35.31,35.35,3050.95,2022,6,11
2022-06-11 13:34:00+00:00,35.36,35.37,35.22,35.26,5092.7,2022,6,11
2022-06-11 13:35:00+00:00,35.27,35.31,35.19,35.25,3836.39,2022,6,11
2022-06-11 13:36:00+00:00,35.25,35.3,35.22,35.29,2870.14,2022,6,11
2022-06-11 13:37:00+00:00,35.28,35.31,35.25,35.27,2796.79,2022,6,11
2022-06-11 13:38:00+00:00,35.28,35.29,35.22,35.22,1948.52,2022,6,11
2022-06-11 13:39:00+00:00,35.23,35.23,35.13,35.19,6803.68,2022,6,11
2022-06-11 13:40:00+00:00,35.19,35.25,35.17,35.21,7086.02,2022,6,11
2022-06-11 13:41:00+00:00,35.21,35.21,35.14,35.18,8651.95,2022,6,11
2022-06-11 13:42:00+00:00,35.2,35.2,35.12,35.17,2182.46,2022,6,11
2022-06-11 13:43:00+00:00,35.17,35.21,35.14,35.17,1058.14,2022,6,11
2022-06-11 13:44:00+00:00,35.17,35.17,35.12,35.16,2011.8,2022,6,11
2022-06-11 13:45:00+00:00,35.16,35.28,35.16,35.25,3535.16,2022,6,11
2022-06-11 13:46:00+00:00,35.26,35.28,35.2,35.22,7314.52,2022,6,11
2022-06-11 13:47:00+00:00,35.22,35.25,35.2,35.22,2547.15,2022,6,11
2022-06-11 13:48:00+00:00,35.22,35.24,35.11,35.15,3274.56,2022,6,11
2022-06-11 13:49:00+00:00,35.14,35.16,35.11,35.16,2752.35,2022,6,11
2022-06-11 13:50:00+00:00,35.15,35.23,35.14,35.2,2178.74,2022,6,11
2022-06-11 13:51:00+00:00,35.19,35.19,35.16,35.18,2417.84,2022,6,11
2022-06-11 13:52:00+00:00,35.18,35.31,35.16,35.28,3251.61,2022,6,11
2022-06-11 13:53:00+00:00,35.27,35.34,35.26,35.31,3028.61,2022,6,11
2022-06-11 13:54:00+00:00,35.31,35.35,35.29,35.3,3093.02,2022,6,11
2022-06-11 13:55:00+00:00,35.3,35.3,35.24,35.29,3161.34,2022,6,11
2022-06-11 13:56:00+00:00,35.28,35.28,35.24,35.27,2441.75,2022,6,11
2022-06-11 13:57:00+00:00,35.27,35.27,35.17,35.17,2807.66,2022,6,11
2022-06-11 13:58:00+00:00,35.17,35.28,35.17,35.26,2147.88,2022,6,11
2022-06-11 13:59:00+00:00,35.26,35.28,35.2,35.2,4483.97,2022,6,11
2022-06-11 14:00:00+00:00,35.2,35.22,35.17,35.18,1307.92,2022,6,11
2022-06-11 14:01:00+00:00,35.17,35.18,35.14,35.15,3842.97,2022,6,11
2022-06-11 14:02:00+00:00,35.16,35.16,35.11,35.14,1486.41,2022,6,11
2022-06-11 14:03:00+00:00,35.14,35.17,35.13,35.13,1010.49,2022,6,11
2022-06-11 14:04:00+00:00,35.14,35.19,35.13,35.16,642.32,2022,6,11
2022-06-11 14:05:00+00:00,35.17,35.21,35.15,35.15,1045.49,2022,6,11
2022-06-11 14:06:00+00:00,35.15,35.15,35.05,35.05,2836.96,2022,6,11
2022-06-11 14:07:00+00:00,35.04,35.07,35.0,35.07,3004.62,2022,6,11
2022-06-11 14:08:00+00:00,35.06,35.13,35.06,35.09,2878.38,2022,6,11
2022-06-11 14:09:00+00:00,35.09,35.14,35.09,35.13,1197.67,2022,6,11
2022-06-11 14:10:00+00:00,35.12,35.13,35.03,35.08,1467.72,2022,6,11
2022-06-11 14:11:00+00:00,35.07,35.07,35.02,35.05,793.96,2022,6,11
2022-06-11 14:12:00+00:00,35.05,35.08,35.02,35.06,1557.43,2022,6,11
2022-06-11 14:13:00+00:00,35.05,35.11,35.03,35.08,2216.83,2022,6,11
2022-06-11 14:14:00+00:00,35.08,35.1,35.06,35.1,2154.54,2022,6,11
2022-06-11 14:15:00+00:00,35.1,35.1,34.93,35.0,7896.63,2022,6,11
2022-06-11 14:16:00+00:00,35.0,35.01,34.87,34.87,3326.77,2022,6,11
2022-06-11 14:17:00+00:00,34.87,34.95,34.87,34.94,3088.59,2022,6,11
2022-06-11 14:18:00+00:00,34.94,34.96,34.89,34.9,2363.87,2022,6,11
2022-06-11 14:19:00+00:00,34.91,35.0,34.91,34.94,1104.17,2022,6,11
2022-06-11 14:20:00+00:00,34.93,34.98,34.87,34.88,2159.03,2022,6,11
2022-06-11 14:21:00+00:00,34.87,34.89,34.77,34.81,5103.68,2022,6,11
2022-06-11 14:22:00+00:00,34.82,34.87,34.81,34.83,1675.17,2022,6,11
2022-06-11 14:23:00+00:00,34.83,34.84,34.79,34.82,4785.3,2022,6,11
2022-06-11 14:24:00+00:00,34.81,34.81,34.64,34.68,6977.46,2022,6,11
2022-06-11 14:25:00+00:00,34.67,34.72,34.63,34.68,4868.72,2022,6,11
2022-06-11 14:26:00+00:00,34.67,34.75,34.67,34.74,1920.85,2022,6,11
2022-06-11 14:27:00+00:00,34.74,34.79,34.66,34.78,3372.34,2022,6,11
2022-06-11 14:28:00+00:00,34.79,34.86,34.79,34.82,13405.85,2022,6,11
2022-06-11 14:29:00+00:00,34.82,34.85,34.77,34.79,8757.56,2022,6,11
2022-06-11 14:30:00+00:00,34.79,34.85,34.74,34.85,2492.39,2022,6,11
2022-06-11 14:31:00+00:00,34.85,34.95,34.83,34.88,2409.56,2022,6,11
2022-06-11 14:32:00+00:00,34.88,34.88,34.81,34.82,3175.19,2022,6,11
2022-06-11 14:33:00+00:00,34.82,34.82,34.68,34.72,3811.22,2022,6,11
2022-06-11 14:34:00+00:00,34.73,34.78,34.71,34.75,2246.29,2022,6,11
2022-06-11 14:35:00+00:00,34.76,34.77,34.73,34.74,1586.77,2022,6,11
2022-06-11 14:36:00+00:00,34.74,34.75,34.66,34.68,4072.85,2022,6,11
2022-06-11 14:37:00+00:00,34.67,34.69,34.65,34.66,2523.14,2022,6,11
2022-06-11 14:38:00+00:00,34.66,34.77,34.66,34.72,3046.41,2022,6,11
2022-06-11 14:39:00+00:00,34.72,34.77,34.72,34.74,1366.55,2022,6,11
2022-06-11 14:40:00+00:00,34.74,34.8,34.72,34.78,1358.24,2022,6,11
2022-06-11 14:41:00+00:00,34.78,34.8,34.75,34.78,2130.4,2022,6,11
2022-06-11 14:42:00+00:00,34.79,34.79,34.71,34.73,1974.49,2022,6,11
2022-06-11 14:43:00+00:00,34.74,34.74,34.57,34.59,5465.11,2022,6,11
2022-06-11 14:44:00+00:00,34.58,34.59,34.34,34.45,22231.56,2022,6,11
2022-06-11 14:45:00+00:00,34.45,34.6,34.38,34.54,7982.15,2022,6,11
2022-06-11 14:46:00+00:00,34.54,34.72,34.53,34.65,10353.84,2022,6,11
2022-06-11 14:47:00+00:00,34.65,34.71,34.63,34.64,6219.73,2022,6,11
2022-06-11 14:48:00+00:00,34.65,34.8,34.65,34.7,2865.51,2022,6,11
2022-06-11 14:49:00+00:00,34.71,34.8,34.7,34.75,1904.22,2022,6,11
2022-06-11 14:50:00+00:00,34.75,34.79,34.7,34.71,3123.27,2022,6,11
2022-06-11 14:51:00+00:00,34.71,34.76,34.68,34.7,1971.5,2022,6,11
2022-06-11 14:52:00+00:00,34.71,34.73,34.64,34.66,6814.44,2022,6,11
2022-06-11 14:53:00+00:00,34.66,34.66,34.4,34.44,12758.38,2022,6,11
2022-06-11 14:54:00+00:00,34.45,34.5,34.02,34.05,21271.78,2022,6,11
2022-06-11 14:55:00+00:00,34.06,34.24,34.05,34.19,25900.84,2022,6,11
2022-06-11 14:56:00+00:00,34.19,34.28,34.13,34.23,7853.17,2022,6,11
2022-06-11 14:57:00+00:00,34.23,34.28,34.09,34.1,6441.69,2022,6,11
2022-06-11 14:58:00+00:00,34.09,34.14,33.83,33.96,17879.478,2022,6,11
2022-06-11 14:59:00+00:00,33.95,34.03,33.93,34.0,9048.47,2022,6,11
2022-06-11 15:00:00+00:00,33.99,34.21,33.94,34.14,9722.21,2022,6,11
2022-06-11 15:01:00+00:00,34.15,34.2,34.07,34.07,5937.44,2022,6,11
2022-06-11 15:02:00+00:00,34.08,34.15,33.97,34.01,6370.71,2022,6,11
2022-06-11 15:03:00+00:00,34.0,34.01,33.69,33.96,26854.38,2022,6,11
2022-06-11 15:04:00+00:00,33.95,34.19,33.92,34.12,24633.57,2022,6,11
2022-06-11 15:05:00+00:00,34.12,34.28,34.12,34.23,8190.13,2022,6,11
2022-06-11 15:06:00+00:00,34.23,34.35,34.18,34.34,7029.25,2022,6,11
2022-06-11 15:07:00+00:00,34.34,34.41,34.24,34.25,7405.07,2022,6,11
2022-06-11 15:08:00+00:00,34.25,34.33,34.22,34.23,3799.97,2022,6,11
2022-06-11 15:09:00+00:00,34.22,34.28,34.2,34.24,3523.01,2022,6,11
2022-06-11 15:10:00+00:00,34.24,34.38,34.24,34.33,4424.81,2022,6,11
2022-06-11 15:11:00+00:00,34.31,34.35,34.27,34.32,5953.33,2022,6,11
2022-06-11 15:12:00+00:00,34.32,34.34,34.27,34.28,1778.5,2022,6,11
2022-06-11 15:13:00+00:00,34.27,34.33,34.24,34.25,1576.26,2022,6,11
2022-06-11 15:14:00+00:00,34.25,34.25,34.15,34.23,5542.64,2022,6,11
2022-06-11 15:15:00+00:00,34.23,34.25,34.1,34.1,4552.4,2022,6,11
2022-06-11 15:16:00+00:00,34.1,34.1,34.02,34.05,5948.8,2022,6,11
2022-06-11 15:17:00+00:00,34.06,34.19,34.06,34.07,4357.27,2022,6,11
2022-06-11 15:18:00+00:00,34.07,34.1,34.01,34.02,3108.27,2022,6,11
2022-06-11 15:19:00+00:00,34.01,34.05,33.94,33.99,9174.08,2022,6,11
2022-06-11 15:20:00+00:00,33.99,34.05,33.9,33.92,4196.3,2022,6,11
2022-06-11 15:21:00+00:00,33.91,33.99,33.87,33.9,7771.74,2022,6,11
2022-06-11 15:22:00+00:00,33.9,33.94,33.77,33.77,10429.88,2022,6,11
2022-06-11 15:23:00+00:00,33.76,33.84,33.57,33.67,14526.5,2022,6,11
2022-06-11 15:24:00+00:00,33.67,33.85,33.61,33.84,11487.6,2022,6,11
2022-06-11 15:25:00+00:00,33.84,34.2,33.84,34.02,24534.09,2022,6,11
2022-06-11 15:26:00+00:00,34.01,34.06,33.92,33.98,6119.99,2022,6,11
2022-06-11 15:27:00+00:00,33.98,34.03,33.87,33.93,7193.94,2022,6,11
2022-06-11 15:28:00+00:00,33.92,33.95,33.84,33.85,4832.98,2022,6,11
2022-06-11 15:29:00+00:00,33.85,34.03,33.83,33.96,9688.8,2022,6,11
2022-06-11 15:30:00+00:00,33.96,33.98,33.91,33.95,3844.29,2022,6,11
2022-06-11 15:31:00+00:00,33.96,33.96,33.74,33.81,6635.37,2022,6,11
2022-06-11 15:32:00+00:00,33.81,33.84,33.65,33.67,5658.47,2022,6,11
2022-06-11 15:33:00+00:00,33.68,33.75,33.44,33.5,15989.118,2022,6,11
2022-06-11 15:34:00+00:00,33.5,33.63,33.46,33.62,7066.04,2022,6,11
2022-06-11 15:35:00+00:00,33.63,33.66,33.44,33.51,8163.26,2022,6,11
2022-06-11 15:36:00+00:00,33.53,33.55,33.37,33.48,10360.58,2022,6,11
2022-06-11 15:37:00+00:00,33.48,33.49,33.35,33.36,7929.91,2022,6,11
2022-06-11 15:38:00+00:00,33.35,33.44,33.25,33.37,16193.38,2022,6,11
2022-06-11 15:39:00+00:00,33.37,33.51,33.31,33.51,15622.55,2022,6,11
2022-06-11 15:40:00+00:00,33.52,33.55,33.4,33.41,10763.77,2022,6,11
2022-06-11 15:41:00+00:00,33.42,33.44,33.26,33.27,14938.8,2022,6,11
2022-06-11 15:42:00+00:00,33.27,33.43,33.17,33.36,8359.34,2022,6,11
2022-06-11 15:43:00+00:00,33.36,33.51,33.35,33.46,4464.68,2022,6,11
2022-06-11 15:44:00+00:00,33.46,33.52,33.36,33.37,5130.27,2022,6,11
2022-06-11 15:45:00+00:00,33.37,33.55,33.33,33.5,6752.92,2022,6,11
2022-06-11 15:46:00+00:00,33.51,33.73,33.5,33.73,9174.65,2022,6,11
2022-06-11 15:47:00+00:00,33.73,33.75,33.54,33.56,7920.36,2022,6,11
2022-06-11 15:48:00+00:00,33.56,33.62,33.52,33.53,4837.19,2022,6,11
2022-06-11 15:49:00+00:00,33.55,33.56,33.45,33.49,4936.48,2022,6,11
2022-06-11 15:50:00+00:00,33.49,33.51,33.36,33.39,9140.17,2022,6,11
2022-06-11 15:51:00+00:00,33.39,33.53,33.36,33.48,8146.63,2022,6,11
2022-06-11 15:52:00+00:00,33.47,33.59,33.47,33.52,4717.44,2022,6,11
2022-06-11 15:53:00+00:00,33.52,33.52,33.4,33.41,5483.93,2022,6,11
2022-06-11 15:54:00+00:00,33.42,33.52,33.4,33.45,3096.06,2022,6,11
2022-06-11 15:55:00+00:00,33.46,33.58,33.45,33.57,4320.41,2022,6,11
2022-06-11 15:56:00+00:00,33.58,33.62,33.52,33.6,3386.29,2022,6,11
2022-06-11 15:57:00+00:00,33.6,33.66,33.57,33.64,1645.4,2022,6,11
2022-06-11 15:58:00+00:00,33.64,33.67,33.63,33.67,2392.49,2022,6,11
2022-06-11 15:59:00+00:00,33.68,33.83,33.68,33.76,5894.07,2022,6,11
2022-06-11 16:00:00+00:00,33.77,33.84,33.72,33.77,5090.37,2022,6,11
2022-06-11 16:01:00+00:00,33.77,33.77,33.65,33.68,4118.96,2022,6,11
2022-06-11 16:02:00+00:00,33.67,33.74,33.6,33.71,3984.64,2022,6,11
2022-06-11 16:03:00+00:00,33.71,33.81,33.68,33.75,5985.65,2022,6,11
2022-06-11 16:04:00+00:00,33.75,33.77,33.67,33.69,7493.93,2022,6,11
2022-06-11 16:05:00+00:00,33.69,33.85,33.69,33.79,8207.98,2022,6,11
2022-06-11 16:06:00+00:00,33.8,34.01,33.8,33.87,8625.39,2022,6,11
2022-06-11 16:07:00+00:00,33.87,33.97,33.86,33.95,3422.02,2022,6,11
2022-06-11 16:08:00+00:00,33.95,33.96,33.87,33.9,4074.72,2022,6,11
2022-06-11 16:09:00+00:00,33.9,33.97,33.89,33.97,4295.21,2022,6,11
2022-06-11 16:10:00+00:00,33.97,33.98,33.86,33.88,2876.11,2022,6,11
2022-06-11 16:11:00+00:00,33.88,33.89,33.78,33.82,4021.05,2022,6,11
2022-06-11 16:12:00+00:00,33.82,33.9,33.75,33.88,3048.27,2022,6,11
2022-06-11 16:13:00+00:00,33.88,33.89,33.83,33.87,5984.7,2022,6,11
2022-06-11 16:14:00+00:00,33.87,33.87,33.76,33.76,3156.19,2022,6,11
2022-06-11 16:15:00+00:00,33.76,33.81,33.67,33.7,5893.39,2022,6,11
2022-06-11 16:16:00+00:00,33.69,33.7,33.55,33.58,10064.59,2022,6,11
2022-06-11 16:17:00+00:00,33.57,33.69,33.48,33.5,10512.04,2022,6,11
2022-06-11 16:18:00+00:00,33.51,33.53,33.34,33.35,13090.6,2022,6,11
2022-06-11 16:19:00+00:00,33.36,33.51,33.34,33.39,14223.82,2022,6,11
2022-06-11 16:20:00+00:00,33.4,33.57,33.4,33.51,8248.59,2022,6,11
2022-06-11 16:21:00+00:00,33.51,33.57,33.45,33.46,3873.49,2022,6,11
2022-06-11 16:22:00+00:00,33.45,33.51,33.45,33.47,3282.97,2022,6,11
2022-06-11 16:23:00+00:00,33.47,33.57,33.47,33.56,3233.78,2022,6,11
2022-06-11 16:24:00+00:00,33.56,33.66,33.56,33.66,4225.5,2022,6,11
2022-06-11 16:25:00+00:00,33.67,33.67,33.55,33.6,3809.76,2022,6,11
2022-06-11 16:26:00+00:00,33.6,33.65,33.57,33.63,1688.95,2022,6,11
2022-06-11 16:27:00+00:00,33.63,33.7,33.62,33.67,3475.05,2022,6,11
2022-06-11 16:28:00+00:00,33.66,33.66,33.58,33.62,3652.37,2022,6,11
2022-06-11 16:29:00+00:00,33.62,33.66,33.57,33.66,2746.99,2022,6,11
2022-06-11 16:30:00+00:00,33.66,33.73,33.61,33.73,4423.41,2022,6,11
2022-06-11 16:31:00+00:00,33.72,33.73,33.61,33.61,2873.13,2022,6,11
2022-06-11 16:32:00+00:00,33.61,33.62,33.51,33.53,3878.3,2022,6,11
2022-06-11 16:33:00+00:00,33.53,33.58,33.47,33.58,5743.22,2022,6,11
2022-06-11 16:34:00+00:00,33.57,33.62,33.54,33.57,2743.68,2022,6,11
2022-06-11 16:35:00+00:00,33.57,33.57,33.45,33.47,2860.55,2022,6,11
2022-06-11 16:36:00+00:00,33.46,33.61,33.46,33.6,3901.23,2022,6,11
2022-06-11 16:37:00+00:00,33.6,33.7,33.59,33.67,5328.39,2022,6,11
2022-06-11 16:38:00+00:00,33.68,33.74,33.64,33.72,1329.61,2022,6,11
2022-06-11 16:39:00+00:00,33.72,33.86,33.72,33.81,2853.78,2022,6,11
2022-06-11 16:40:00+00:00,33.81,33.94,33.8,33.89,18269.04,2022,6,11
2022-06-11 16:41:00+00:00,33.89,33.96,33.88,33.92,2483.12,2022,6,11
2022-06-11 16:42:00+00:00,33.93,34.0,33.93,34.0,3504.12,2022,6,11
2022-06-11 16:43:00+00:00,34.0,34.03,33.93,33.97,14717.96,2022,6,11
2022-06-11 16:44:00+00:00,33.98,34.01,33.96,33.97,2169.89,2022,6,11
2022-06-11 16:45:00+00:00,33.97,34.16,33.97,34.09,12453.48,2022,6,11
2022-06-11 16:46:00+00:00,34.1,34.13,34.05,34.12,5027.75,2022,6,11
2022-06-11 16:47:00+00:00,34.12,34.17,34.08,34.14,5351.55,2022,6,11
2022-06-11 16:48:00+00:00,34.16,34.22,34.11,34.16,3964.87,2022,6,11
2022-06-11 16:49:00+00:00,34.17,34.24,34.1,34.21,6436.18,2022,6,11
2022-06-11 16:50:00+00:00,34.21,34.23,34.11,34.13,3272.39,2022,6,11
2022-06-11 16:51:00+00:00,34.15,34.16,34.08,34.12,3386.48,2022,6,11
2022-06-11 16:52:00+00:00,34.12,34.15,34.06,34.07,3422.52,2022,6,11
2022-06-11 16:53:00+00:00,34.07,34.09,34.01,34.06,2758.09,2022,6,11
2022-06-11 16:54:00+00:00,34.06,34.1,34.02,34.1,1523.63,2022,6,11
2022-06-11 16:55:00+00:00,34.1,34.1,34.04,34.06,1846.89,2022,6,11
2022-06-11 16:56:00+00:00,34.06,34.06,33.89,33.93,6570.45,2022,6,11
2022-06-11 16:57:00+00:00,33.94,33.97,33.9,33.96,1866.4,2022,6,11
2022-06-11 16:58:00+00:00,33.97,33.99,33.91,33.93,2794.39,2022,6,11
2022-06-11 16:59:00+00:00,33.92,34.01,33.88,34.0,3886.74,2022,6,11
2022-06-11 17:00:00+00:00,34.01,34.02,33.9,33.9,4255.06,2022,6,11
2022-06-11 17:01:00+00:00,33.91,33.95,33.79,33.81,3658.31,2022,6,11
2022-06-11 17:02:00+00:00,33.82,33.86,33.82,33.84,2226.16,2022,6,11
2022-06-11 17:03:00+00:00,33.83,33.94,33.82,33.9,3944.11,2022,6,11
2022-06-11 17:04:00+00:00,33.9,34.0,33.89,33.97,3095.56,2022,6,11
2022-06-11 17:05:00+00:00,33.96,34.11,33.96,34.06,4574.08,2022,6,11
2022-06-11 17:06:00+00:00,34.06,34.14,34.06,34.08,1996.25,2022,6,11
2022-06-11 17:07:00+00:00,34.08,34.16,34.07,34.15,3398.83,2022,6,11
2022-06-11 17:08:00+00:00,34.14,34.22,34.13,34.13,4958.41,2022,6,11
2022-06-11 17:09:00+00:00,34.13,34.15,34.03,34.04,2990.92,2022,6,11
2022-06-11 17:10:00+00:00,34.05,34.11,34.03,34.1,4007.84,2022,6,11
2022-06-11 17:11:00+00:00,34.09,34.1,34.07,34.08,982.02,2022,6,11
2022-06-11 17:12:00+00:00,34.08,34.09,34.03,34.06,1439.36,2022,6,11
2022-06-11 17:13:00+00:00,34.06,34.09,34.05,34.06,1525.53,2022,6,11
2022-06-11 17:14:00+00:00,34.06,34.07,34.03,34.06,1386.8,2022,6,11
2022-06-11 17:15:00+00:00,34.06,34.15,34.03,34.14,4099.73,2022,6,11
2022-06-11 17:16:00+00:00,34.14,34.16,34.09,34.12,1978.65,2022,6,11
2022-06-11 17:17:00+00:00,34.12,34.14,34.06,34.06,1612.0,2022,6,11
2022-06-11 17:18:00+00:00,34.05,34.05,33.92,33.94,15320.54,2022,6,11
2022-06-11 17:19:00+00:00,33.94,33.98,33.92,33.97,1556.95,2022,6,11
2022-06-11 17:20:00+00:00,33.97,34.0,33.95,33.95,1824.04,2022,6,11
2022-06-11 17:21:00+00:00,33.95,33.95,33.9,33.94,2337.94,2022,6,11
2022-06-11 17:22:00+00:00,33.93,33.93,33.89,33.9,552.33,2022,6,11
2022-06-11 17:23:00+00:00,33.9,33.91,33.86,33.87,1098.93,2022,6,11
2022-06-11 17:24:00+00:00,33.88,33.96,33.86,33.94,3799.86,2022,6,11
2022-06-11 17:25:00+00:00,33.95,34.01,33.93,33.98,1334.87,2022,6,11
2022-06-11 17:26:00+00:00,33.98,34.07,33.97,34.07,2416.72,2022,6,11
2022-06-11 17:27:00+00:00,34.06,34.1,34.05,34.08,2676.36,2022,6,11
2022-06-11 17:28:00+00:00,34.08,34.09,33.99,34.0,1949.22,2022,6,11
2022-06-11 17:29:00+00:00,34.0,34.02,33.95,34.02,1014.22,2022,6,11
2022-06-11 17:30:00+00:00,34.02,34.05,33.95,33.95,2495.28,2022,6,11
2022-06-11 17:31:00+00:00,33.95,33.96,33.85,33.85,5349.47,2022,6,11
2022-06-11 17:32:00+00:00,33.85,33.85,33.73,33.78,7446.88,2022,6,11
2022-06-11 17:33:00+00:00,33.78,33.97,33.78,33.97,5851.93,2022,6,11
2022-06-11 17:34:00+00:00,33.96,34.04,33.93,33.97,3859.81,2022,6,11
2022-06-11 17:35:00+00:00,33.96,34.0,33.93,33.97,1953.73,2022,6,11
2022-06-11 17:36:00+00:00,33.96,33.97,33.9,33.91,762.47,2022,6,11
2022-06-11 17:37:00+00:00,33.91,34.0,33.91,34.0,1878.76,2022,6,11
2022-06-11 17:38:00+00:00,33.99,34.06,33.98,34.02,6885.21,2022,6,11
2022-06-11 17:39:00+00:00,34.03,34.14,33.98,34.11,6069.36,2022,6,11
2022-06-11 17:40:00+00:00,34.1,34.16,34.08,34.11,2866.34,2022,6,11
2022-06-11 17:41:00+00:00,34.11,34.14,34.02,34.02,2193.18,2022,6,11
2022-06-11 17:42:00+00:00,34.01,34.04,33.93,33.97,2428.43,2022,6,11
2022-06-11 17:43:00+00:00,33.95,33.98,33.9,33.94,1802.79,2022,6,11
2022-06-11 17:44:00+00:00,33.93,33.96,33.91,33.92,1315.05,2022,6,11
2022-06-11 17:45:00+00:00,33.93,33.95,33.85,33.88,5889.39,2022,6,11
2022-06-11 17:46:00+00:00,33.87,33.88,33.83,33.83,336.21,2022,6,11
2022-06-11 17:47:00+00:00,33.84,33.86,33.8,33.82,5410.73,2022,6,11
2022-06-11 17:48:00+00:00,33.82,33.85,33.81,33.83,1232.23,2022,6,11
2022-06-11 17:49:00+00:00,33.83,33.85,33.81,33.84,985.42,2022,6,11
2022-06-11 17:50:00+00:00,33.82,33.88,33.81,33.88,804.82,2022,6,11
2022-06-11 17:51:00+00:00,33.89,33.94,33.88,33.89,1091.61,2022,6,11
2022-06-11 17:52:00+00:00,33.9,33.92,33.87,33.87,945.96,2022,6,11
2022-06-11 17:53:00+00:00,33.88,33.89,33.8,33.81,1945.98,2022,6,11
2022-06-11 17:54:00+00:00,33.81,33.94,33.8,33.93,2718.29,2022,6,11
2022-06-11 17:55:00+00:00,33.92,34.04,33.92,33.99,1272.77,2022,6,11
2022-06-11 17:56:00+00:00,33.98,34.02,33.96,33.97,1695.37,2022,6,11
2022-06-11 17:57:00+00:00,33.96,34.04,33.94,34.03,2175.01,2022,6,11
2022-06-11 17:58:00+00:00,34.03,34.06,34.0,34.04,1186.24,2022,6,11
2022-06-11 17:59:00+00:00,34.03,34.03,33.9,33.91,2703.79,2022,6,11
2022-06-11 18:00:00+00:00,33.91,33.95,33.88,33.95,3621.5,2022,6,11
2022-06-11 18:01:00+00:00,33.94,33.95,33.81,33.83,3528.67,2022,6,11
2022-06-11 18:02:00+00:00,33.84,33.88,33.83,33.86,1069.18,2022,6,11
2022-06-11 18:03:00+00:00,33.87,33.9,33.82,33.83,1935.63,2022,6,11
2022-06-11 18:04:00+00:00,33.83,33.88,33.82,33.85,792.17,2022,6,11
2022-06-11 18:05:00+00:00,33.85,34.0,33.85,33.96,1349.81,2022,6,11
2022-06-11 18:06:00+00:00,33.97,34.01,33.92,33.93,1524.56,2022,6,11
2022-06-11 18:07:00+00:00,33.93,33.99,33.93,33.99,695.61,2022,6,11
2022-06-11 18:08:00+00:00,33.98,34.01,33.97,34.0,1534.82,2022,6,11
2022-06-11 18:09:00+00:00,34.0,34.05,34.0,34.04,1161.45,2022,6,11
2022-06-11 18:10:00+00:00,34.04,34.04,33.89,33.9,1929.53,2022,6,11
2022-06-11 18:11:00+00:00,33.9,33.9,33.78,33.79,2653.14,2022,6,11
2022-06-11 18:12:00+00:00,33.79,33.86,33.79,33.85,1838.08,2022,6,11
2022-06-11 18:13:00+00:00,33.84,33.95,33.82,33.95,883.29,2022,6,11
2022-06-11 18:14:00+00:00,33.95,33.97,33.91,33.94,841.41,2022,6,11
2022-06-11 18:15:00+00:00,33.94,33.94,33.81,33.87,2047.13,2022,6,11
2022-06-11 18:16:00+00:00,33.87,33.93,33.86,33.93,4803.01,2022,6,11
2022-06-11 18:17:00+00:00,33.93,33.96,33.87,33.87,4277.41,2022,6,11
2022-06-11 18:18:00+00:00,33.88,33.88,33.82,33.85,980.37,2022,6,11
2022-06-11 18:19:00+00:00,33.84,33.99,33.83,33.97,4531.36,2022,6,11
2022-06-11 18:20:00+00:00,33.97,34.04,33.95,34.03,3990.84,2022,6,11
2022-06-11 18:21:00+00:00,34.04,34.09,33.99,34.0,3952.14,2022,6,11
2022-06-11 18:22:00+00:00,34.0,34.1,34.0,34.1,1650.95,2022,6,11
2022-06-11 18:23:00+00:00,34.09,34.1,34.05,34.09,2239.64,2022,6,11
2022-06-11 18:24:00+00:00,34.09,34.09,33.97,33.99,1340.09,2022,6,11
2022-06-11 18:25:00+00:00,33.98,33.98,33.9,33.96,4046.82,2022,6,11
2022-06-11 18:26:00+00:00,33.97,33.98,33.9,33.93,1369.64,2022,6,11
2022-06-11 18:27:00+00:00,33.93,33.94,33.88,33.91,588.06,2022,6,11
2022-06-11 18:28:00+00:00,33.91,33.91,33.89,33.91,1796.58,2022,6,11
2022-06-11 18:29:00+00:00,33.91,33.97,33.89,33.96,1121.9,2022,6,11
2022-06-11 18:30:00+00:00,33.96,34.05,33.93,34.04,3613.4,2022,6,11
2022-06-11 18:31:00+00:00,34.03,34.05,34.0,34.03,1392.18,2022,6,11
2022-06-11 18:32:00+00:00,34.04,34.17,34.04,34.14,6120.03,2022,6,11
2022-06-11 18:33:00+00:00,34.15,34.16,34.07,34.15,2676.07,2022,6,11
2022-06-11 18:34:00+00:00,34.15,34.19,34.15,34.19,656.53,2022,6,11
2022-06-11 18:35:00+00:00,34.18,34.25,34.14,34.22,3123.51,2022,6,11
2022-06-11 18:36:00+00:00,34.22,34.23,34.17,34.2,941.67,2022,6,11
2022-06-11 18:37:00+00:00,34.21,34.3,34.2,34.29,2831.62,2022,6,11
2022-06-11 18:38:00+00:00,34.29,34.7,34.27,34.69,18382.61,2022,6,11
2022-06-11 18:39:00+00:00,34.69,34.75,34.54,34.58,15980.2,2022,6,11
2022-06-11 18:40:00+00:00,34.58,34.65,34.5,34.52,6084.78,2022,6,11
2022-06-11 18:41:00+00:00,34.52,34.56,34.46,34.53,4794.62,2022,6,11
2022-06-11 18:42:00+00:00,34.53,34.58,34.49,34.56,3778.52,2022,6,11
2022-06-11 18:43:00+00:00,34.55,34.57,34.46,34.57,6405.1,2022,6,11
2022-06-11 18:44:00+00:00,34.56,34.57,34.48,34.52,3475.03,2022,6,11
2022-06-11 18:45:00+00:00,34.52,34.53,34.42,34.43,3698.79,2022,6,11
2022-06-11 18:46:00+00:00,34.42,34.42,34.31,34.31,2164.71,2022,6,11
2022-06-11 18:47:00+00:00,34.31,34.36,34.3,34.33,1876.14,2022,6,11
2022-06-11 18:48:00+00:00,34.33,34.49,34.33,34.43,3675.49,2022,6,11
2022-06-11 18:49:00+00:00,34.44,34.47,34.42,34.44,1383.83,2022,6,11
2022-06-11 18:50:00+00:00,34.44,34.47,34.38,34.47,1434.32,2022,6,11
2022-06-11 18:51:00+00:00,34.47,34.58,34.46,34.53,2316.67,2022,6,11
2022-06-11 18:52:00+00:00,34.54,34.64,34.54,34.63,1839.78,2022,6,11
2022-06-11 18:53:00+00:00,34.62,34.63,34.53,34.57,2237.61,2022,6,11
2022-06-11 18:54:00+00:00,34.57,34.61,34.55,34.57,1219.97,2022,6,11
2022-06-11 18:55:00+00:00,34.57,34.57,34.48,34.48,1219.73,2022,6,11
2022-06-11 18:56:00+00:00,34.48,34.55,34.47,34.54,1006.21,2022,6,11
2022-06-11 18:57:00+00:00,34.55,34.59,34.52,34.53,2022.48,2022,6,11
2022-06-11 18:58:00+00:00,34.53,34.54,34.47,34.51,1712.48,2022,6,11
2022-06-11 18:59:00+00:00,34.51,34.51,34.46,34.48,535.13,2022,6,11
2022-06-11 19:00:00+00:00,34.48,34.52,34.43,34.45,2010.14,2022,6,11
2022-06-11 19:01:00+00:00,34.45,34.47,34.41,34.43,839.83,2022,6,11
2022-06-11 19:02:00+00:00,34.43,34.54,34.43,34.54,2107.25,2022,6,11
2022-06-11 19:03:00+00:00,34.54,34.56,34.53,34.56,1908.38,2022,6,11
2022-06-11 19:04:00+00:00,34.55,34.55,34.51,34.52,1148.46,2022,6,11
2022-06-11 19:05:00+00:00,34.52,34.52,34.46,34.49,1844.03,2022,6,11
2022-06-11 19:06:00+00:00,34.49,34.57,34.44,34.54,1253.22,2022,6,11
2022-06-11 19:07:00+00:00,34.54,34.69,34.54,34.67,3077.89,2022,6,11
2022-06-11 19:08:00+00:00,34.66,34.75,34.64,34.66,2609.49,2022,6,11
2022-06-11 19:09:00+00:00,34.66,34.67,34.59,34.67,1243.08,2022,6,11
2022-06-11 19:10:00+00:00,34.66,34.73,34.66,34.72,3437.95,2022,6,11
2022-06-11 19:11:00+00:00,34.72,34.74,34.69,34.72,1072.8,2022,6,11
2022-06-11 19:12:00+00:00,34.73,34.77,34.69,34.7,4227.73,2022,6,11
2022-06-11 19:13:00+00:00,34.71,34.75,34.7,34.73,1409.33,2022,6,11
2022-06-11 19:14:00+00:00,34.73,34.76,34.72,34.74,1679.79,2022,6,11
2022-06-11 19:15:00+00:00,34.73,34.77,34.67,34.68,3504.97,2022,6,11
2022-06-11 19:16:00+00:00,34.68,34.69,34.59,34.66,5682.59,2022,6,11
2022-06-11 19:17:00+00:00,34.66,34.67,34.61,34.63,1452.26,2022,6,11
2022-06-11 19:18:00+00:00,34.62,34.7,34.6,34.64,1532.07,2022,6,11
2022-06-11 19:19:00+00:00,34.64,34.67,34.62,34.65,1129.01,2022,6,11
2022-06-11 19:20:00+00:00,34.66,34.66,34.6,34.63,1441.58,2022,6,11
2022-06-11 19:21:00+00:00,34.63,34.66,34.59,34.59,5348.52,2022,6,11
2022-06-11 19:22:00+00:00,34.58,34.58,34.54,34.55,1287.01,2022,6,11
2022-06-11 19:23:00+00:00,34.56,34.59,34.53,34.53,1037.11,2022,6,11
2022-06-11 19:24:00+00:00,34.53,34.58,34.52,34.54,2218.46,2022,6,11
2022-06-11 19:25:00+00:00,34.54,34.57,34.53,34.54,574.17,2022,6,11
2022-06-11 19:26:00+00:00,34.53,34.54,34.5,34.51,1234.11,2022,6,11
2022-06-11 19:27:00+00:00,34.5,34.53,34.48,34.51,3141.7,2022,6,11
2022-06-11 19:28:00+00:00,34.5,34.51,34.4,34.43,2084.92,2022,6,11
2022-06-11 19:29:00+00:00,34.42,34.48,34.41,34.45,2294.89,2022,6,11
2022-06-11 19:30:00+00:00,34.44,34.53,34.39,34.47,4349.46,2022,6,11
2022-06-11 19:31:00+00:00,34.48,34.48,34.45,34.47,1195.32,2022,6,11
2022-06-11 19:32:00+00:00,34.47,34.48,34.44,34.47,650.37,2022,6,11
2022-06-11 19:33:00+00:00,34.47,34.51,34.46,34.5,367.88,2022,6,11
2022-06-11 19:34:00+00:00,34.49,34.51,34.47,34.47,1349.48,2022,6,11
2022-06-11 19:35:00+00:00,34.46,34.48,34.34,34.36,3894.89,2022,6,11
2022-06-11 19:36:00+00:00,34.35,34.39,34.28,34.38,2624.58,2022,6,11
2022-06-11 19:37:00+00:00,34.38,34.42,34.35,34.35,842.08,2022,6,11
2022-06-11 19:38:00+00:00,34.35,34.39,34.34,34.36,311.8,2022,6,11
2022-06-11 19:39:00+00:00,34.35,34.37,34.3,34.35,2473.36,2022,6,11
2022-06-11 19:40:00+00:00,34.34,34.35,34.31,34.35,669.59,2022,6,11
2022-06-11 19:41:00+00:00,34.35,34.36,34.33,34.33,484.86,2022,6,11
2022-06-11 19:42:00+00:00,34.34,34.41,34.33,34.4,1050.13,2022,6,11
2022-06-11 19:43:00+00:00,34.41,34.42,34.34,34.36,1653.73,2022,6,11
2022-06-11 19:44:00+00:00,34.36,34.38,34.32,34.33,2649.59,2022,6,11
2022-06-11 19:45:00+00:00,34.33,34.37,34.3,34.35,1354.18,2022,6,11
2022-06-11 19:46:00+00:00,34.35,34.35,34.3,34.3,477.68,2022,6,11
2022-06-11 19:47:00+00:00,34.3,34.32,34.19,34.26,5451.71,2022,6,11
2022-06-11 19:48:00+00:00,34.26,34.29,34.25,34.28,549.7,2022,6,11
2022-06-11 19:49:00+00:00,34.28,34.3,34.27,34.3,375.89,2022,6,11
2022-06-11 19:50:00+00:00,34.3,34.3,34.27,34.28,547.08,2022,6,11
2022-06-11 19:51:00+00:00,34.27,34.27,34.17,34.18,2316.43,2022,6,11
2022-06-11 19:52:00+00:00,34.19,34.24,34.17,34.21,3119.96,2022,6,11
2022-06-11 19:53:00+00:00,34.21,34.23,34.17,34.21,1921.65,2022,6,11
2022-06-11 19:54:00+00:00,34.22,34.22,34.19,34.22,454.06,2022,6,11
2022-06-11 19:55:00+00:00,34.21,34.21,34.1,34.15,2208.58,2022,6,11
2022-06-11 19:56:00+00:00,34.14,34.19,34.14,34.16,1202.76,2022,6,11
2022-06-11 19:57:00+00:00,34.15,34.16,34.09,34.16,2177.24,2022,6,11
2022-06-11 19:58:00+00:00,34.16,34.19,34.12,34.13,1549.5,2022,6,11
2022-06-11 19:59:00+00:00,34.12,34.14,34.1,34.12,3286.34,2022,6,11
2022-06-11 20:00:00+00:00,34.12,34.14,34.03,34.07,1789.9,2022,6,11
2022-06-11 20:01:00+00:00,34.07,34.14,34.05,34.12,1004.19,2022,6,11
2022-06-11 20:02:00+00:00,34.13,34.22,34.12,34.15,3022.46,2022,6,11
2022-06-11 20:03:00+00:00,34.16,34.21,34.11,34.18,872.45,2022,6,11
2022-06-11 20:04:00+00:00,34.18,34.21,34.17,34.19,747.05,2022,6,11
2022-06-11 20:05:00+00:00,34.19,34.2,34.13,34.13,2948.09,2022,6,11
2022-06-11 20:06:00+00:00,34.14,34.14,34.06,34.07,3386.01,2022,6,11
2022-06-11 20:07:00+00:00,34.06,34.15,34.06,34.11,1940.5,2022,6,11
2022-06-11 20:08:00+00:00,34.11,34.16,34.11,34.16,553.49,2022,6,11
2022-06-11 20:09:00+00:00,34.15,34.15,34.11,34.12,2444.48,2022,6,11
2022-06-11 20:10:00+00:00,34.12,34.12,33.95,33.96,7324.57,2022,6,11
2022-06-11 20:11:00+00:00,33.98,34.06,33.97,34.04,1673.03,2022,6,11
2022-06-11 20:12:00+00:00,34.04,34.08,34.01,34.06,1663.42,2022,6,11
2022-06-11 20:13:00+00:00,34.05,34.07,33.96,34.0,1761.6,2022,6,11
2022-06-11 20:14:00+00:00,34.0,34.03,33.98,34.03,2511.79,2022,6,11
2022-06-11 20:15:00+00:00,34.03,34.04,34.0,34.03,2080.48,2022,6,11
2022-06-11 20:16:00+00:00,34.03,34.08,34.02,34.05,1324.0,2022,6,11
2022-06-11 20:17:00+00:00,34.05,34.07,34.02,34.03,951.22,2022,6,11
2022-06-11 20:18:00+00:00,34.03,34.12,34.03,34.11,646.99,2022,6,11
2022-06-11 20:19:00+00:00,34.12,34.12,34.03,34.04,808.5,2022,6,11
2022-06-11 20:20:00+00:00,34.04,34.04,33.91,33.97,4645.39,2022,6,11
2022-06-11 20:21:00+00:00,33.96,33.98,33.93,33.97,1717.79,2022,6,11
2022-06-11 20:22:00+00:00,33.96,34.11,33.96,34.02,1206.71,2022,6,11
2022-06-11 20:23:00+00:00,34.02,34.09,34.01,34.05,867.6,2022,6,11
2022-06-11 20:24:00+00:00,34.05,34.06,34.02,34.05,398.12,2022,6,11
2022-06-11 20:25:00+00:00,34.06,34.06,33.97,33.97,778.54,2022,6,11
2022-06-11 20:26:00+00:00,33.98,34.01,33.94,33.97,884.07,2022,6,11
2022-06-11 20:27:00+00:00,33.97,33.99,33.96,33.96,337.45,2022,6,11
2022-06-11 20:28:00+00:00,33.96,33.98,33.94,33.96,4066.34,2022,6,11
2022-06-11 20:29:00+00:00,33.96,33.99,33.95,33.99,307.85,2022,6,11
2022-06-11 20:30:00+00:00,33.98,33.99,33.89,33.89,2245.15,2022,6,11
2022-06-11 20:31:00+00:00,33.89,33.93,33.85,33.87,4608.85,2022,6,11
2022-06-11 20:32:00+00:00,33.87,33.97,33.86,33.97,1609.98,2022,6,11
2022-06-11 20:33:00+00:00,33.97,33.98,33.88,33.89,1380.73,2022,6,11
2022-06-11 20:34:00+00:00,33.89,33.92,33.81,33.87,5532.97,2022,6,11
2022-06-11 20:35:00+00:00,33.87,33.94,33.87,33.93,1212.11,2022,6,11
2022-06-11 20:36:00+00:00,33.93,33.95,33.89,33.91,1844.07,2022,6,11
2022-06-11 20:37:00+00:00,33.91,33.92,33.88,33.9,453.2,2022,6,11
2022-06-11 20:38:00+00:00,33.9,33.95,33.9,33.93,1683.95,2022,6,11
2022-06-11 20:39:00+00:00,33.93,33.96,33.89,33.89,1309.25,2022,6,11
2022-06-11 20:40:00+00:00,33.88,33.93,33.85,33.93,1573.55,2022,6,11
2022-06-11 20:41:00+00:00,33.93,33.94,33.91,33.91,3967.28,2022,6,11
2022-06-11 20:42:00+00:00,33.91,33.91,33.81,33.84,1426.38,2022,6,11
2022-06-11 20:43:00+00:00,33.85,33.88,33.84,33.86,864.23,2022,6,11
2022-06-11 20:44:00+00:00,33.86,33.92,33.85,33.88,2606.32,2022,6,11
2022-06-11 20:45:00+00:00,33.87,33.9,33.79,33.84,4621.12,2022,6,11
2022-06-11 20:46:00+00:00,33.84,33.94,33.82,33.92,2142.27,2022,6,11
2022-06-11 20:47:00+00:00,33.92,33.94,33.9,33.93,1145.63,2022,6,11
2022-06-11 20:48:00+00:00,33.92,33.94,33.9,33.91,390.49,2022,6,11
2022-06-11 20:49:00+00:00,33.91,33.92,33.88,33.91,560.12,2022,6,11
2022-06-11 20:50:00+00:00,33.91,33.93,33.87,33.93,893.09,2022,6,11
2022-06-11 20:51:00+00:00,33.93,33.97,33.92,33.94,969.09,2022,6,11
2022-06-11 20:52:00+00:00,33.94,33.95,33.89,33.92,755.21,2022,6,11
2022-06-11 20:53:00+00:00,33.91,33.92,33.89,33.9,447.46,2022,6,11
2022-06-11 20:54:00+00:00,33.89,33.93,33.88,33.89,508.22,2022,6,11
2022-06-11 20:55:00+00:00,33.88,33.93,33.85,33.86,934.62,2022,6,11
2022-06-11 20:56:00+00:00,33.85,33.88,33.77,33.78,3205.57,2022,6,11
2022-06-11 20:57:00+00:00,33.77,33.8,33.74,33.77,2622.0,2022,6,11
2022-06-11 20:58:00+00:00,33.77,33.84,33.68,33.79,6649.37,2022,6,11
2022-06-11 20:59:00+00:00,33.79,33.83,33.76,33.83,1368.79,2022,6,11
2022-06-11 21:00:00+00:00,33.82,33.87,33.78,33.78,1281.69,2022,6,11
2022-06-11 21:01:00+00:00,33.79,33.82,33.77,33.78,2229.45,2022,6,11
2022-06-11 21:02:00+00:00,33.78,33.89,33.76,33.84,3328.36,2022,6,11
2022-06-11 21:03:00+00:00,33.85,33.89,33.84,33.84,1157.56,2022,6,11
2022-06-11 21:04:00+00:00,33.84,33.88,33.84,33.86,989.22,2022,6,11
2022-06-11 21:05:00+00:00,33.86,33.88,33.85,33.86,736.26,2022,6,11
2022-06-11 21:06:00+00:00,33.86,33.94,33.85,33.94,1007.44,2022,6,11
2022-06-11 21:07:00+00:00,33.94,33.94,33.89,33.93,1285.03,2022,6,11
2022-06-11 21:08:00+00:00,33.93,33.94,33.89,33.89,886.07,2022,6,11
2022-06-11 21:09:00+00:00,33.88,33.96,33.88,33.93,2735.29,2022,6,11
2022-06-11 21:10:00+00:00,33.92,33.95,33.92,33.94,788.28,2022,6,11
2022-06-11 21:11:00+00:00,33.93,33.95,33.92,33.94,3757.35,2022,6,11
2022-06-11 21:12:00+00:00,33.95,34.01,33.95,33.99,1885.25,2022,6,11
2022-06-11 21:13:00+00:00,34.0,34.05,33.99,34.02,7769.5,2022,6,11
2022-06-11 21:14:00+00:00,34.01,34.1,34.01,34.08,2527.16,2022,6,11
2022-06-11 21:15:00+00:00,34.07,34.08,34.05,34.05,1473.31,2022,6,11
2022-06-11 21:16:00+00:00,34.06,34.19,34.06,34.17,1926.49,2022,6,11
2022-06-11 21:17:00+00:00,34.17,34.17,34.1,34.1,2284.03,2022,6,11
2022-06-11 21:18:00+00:00,34.09,34.11,34.05,34.07,1979.03,2022,6,11
2022-06-11 21:19:00+00:00,34.07,34.1,34.06,34.1,1235.64,2022,6,11
2022-06-11 21:20:00+00:00,34.1,34.1,34.06,34.06,408.47,2022,6,11
2022-06-11 21:21:00+00:00,34.06,34.2,34.06,34.2,2262.77,2022,6,11
2022-06-11 21:22:00+00:00,34.19,34.21,34.15,34.16,763.1,2022,6,11
2022-06-11 21:23:00+00:00,34.16,34.17,34.16,34.17,240.84,2022,6,11
2022-06-11 21:24:00+00:00,34.17,34.3,34.17,34.28,3687.93,2022,6,11
2022-06-11 21:25:00+00:00,34.28,34.3,34.27,34.28,999.15,2022,6,11
2022-06-11 21:26:00+00:00,34.27,34.36,34.26,34.35,1624.23,2022,6,11
2022-06-11 21:27:00+00:00,34.34,34.39,34.34,34.39,3243.01,2022,6,11
2022-06-11 21:28:00+00:00,34.39,34.43,34.38,34.43,1640.09,2022,6,11
2022-06-11 21:29:00+00:00,34.42,34.42,34.35,34.36,1317.76,2022,6,11
2022-06-11 21:30:00+00:00,34.37,34.37,34.34,34.35,1275.45,2022,6,11
2022-06-11 21:31:00+00:00,34.35,34.35,34.34,34.35,223.76,2022,6,11
2022-06-11 21:32:00+00:00,34.35,34.38,34.35,34.38,991.84,2022,6,11
2022-06-11 21:33:00+00:00,34.38,34.38,34.27,34.27,677.46,2022,6,11
2022-06-11 21:34:00+00:00,34.27,34.27,34.19,34.19,953.67,2022,6,11
2022-06-11 21:35:00+00:00,34.19,34.19,34.18,34.19,179.94,2022,6,11
2022-06-11 21:36:00+00:00,34.18,34.19,34.17,34.18,506.3,2022,6,11
2022-06-11 21:37:00+00:00,34.17,34.28,34.17,34.28,709.26,2022,6,11
2022-06-11 21:38:00+00:00,34.28,34.29,34.27,34.28,893.76,2022,6,11
2022-06-11 21:39:00+00:00,34.28,34.41,34.27,34.41,1436.57,2022,6,11
2022-06-11 21:40:00+00:00,34.41,34.5,34.4,34.49,1184.35,2022,6,11
2022-06-11 21:41:00+00:00,34.5,34.52,34.4,34.4,895.69,2022,6,11
2022-06-11 21:42:00+00:00,34.4,34.41,34.37,34.38,1488.68,2022,6,11
2022-06-11 21:43:00+00:00,34.38,34.53,34.38,34.53,2383.66,2022,6,11
2022-06-11 21:44:00+00:00,34.53,34.62,34.53,34.61,1489.78,2022,6,11
2022-06-11 21:45:00+00:00,34.62,34.63,34.42,34.42,1376.18,2022,6,11
2022-06-11 21:46:00+00:00,34.42,34.43,34.39,34.41,482.52,2022,6,11
2022-06-11 21:47:00+00:00,34.41,34.45,34.4,34.44,1251.5,2022,6,11
2022-06-11 21:48:00+00:00,34.43,34.44,34.4,34.4,434.46,2022,6,11
2022-06-11 21:49:00+00:00,34.4,34.48,34.4,34.48,469.18,2022,6,11
2022-06-11 21:50:00+00:00,34.47,34.47,34.4,34.42,966.72,2022,6,11
2022-06-11 21:51:00+00:00,34.42,34.46,34.42,34.45,293.99,2022,6,11
2022-06-11 21:52:00+00:00,34.44,34.48,34.43,34.45,2089.45,2022,6,11
2022-06-11 21:53:00+00:00,34.45,34.45,34.42,34.44,216.36,2022,6,11
2022-06-11 21:54:00+00:00,34.43,34.43,34.36,34.37,242.65,2022,6,11
2022-06-11 21:55:00+00:00,34.36,34.4,34.36,34.36,857.33,2022,6,11
2022-06-11 21:56:00+00:00,34.36,34.36,34.32,34.32,1008.77,2022,6,11
2022-06-11 21:57:00+00:00,34.32,34.34,34.28,34.28,964.56,2022,6,11
2022-06-11 21:58:00+00:00,34.29,34.3,34.29,34.3,219.85,2022,6,11
2022-06-11 21:59:00+00:00,34.3,34.4,34.3,34.39,2068.02,2022,6,11
2022-06-11 22:00:00+00:00,34.39,34.41,34.37,34.37,410.92,2022,6,11
2022-06-11 22:01:00+00:00,34.36,34.36,34.32,34.36,1314.1,2022,6,11
2022-06-11 22:02:00+00:00,34.36,34.37,34.29,34.3,2635.02,2022,6,11
2022-06-11 22:03:00+00:00,34.3,34.3,34.25,34.25,438.15,2022,6,11
2022-06-11 22:04:00+00:00,34.25,34.34,34.25,34.33,798.51,2022,6,11
2022-06-11 22:05:00+00:00,34.33,34.43,34.31,34.41,989.41,2022,6,11
2022-06-11 22:06:00+00:00,34.41,34.46,34.41,34.44,880.16,2022,6,11
2022-06-11 22:07:00+00:00,34.44,34.47,34.41,34.43,1585.59,2022,6,11
2022-06-11 22:08:00+00:00,34.42,34.43,34.37,34.39,646.21,2022,6,11
2022-06-11 22:09:00+00:00,34.38,34.42,34.38,34.4,362.05,2022,6,11
2022-06-11 22:10:00+00:00,34.41,34.41,34.37,34.39,459.7,2022,6,11
2022-06-11 22:11:00+00:00,34.38,34.44,34.37,34.44,1211.86,2022,6,11
2022-06-11 22:12:00+00:00,34.44,34.51,34.44,34.48,1033.78,2022,6,11
2022-06-11 22:13:00+00:00,34.47,34.53,34.46,34.51,1604.24,2022,6,11
2022-06-11 22:14:00+00:00,34.52,34.52,34.42,34.42,895.65,2022,6,11
2022-06-11 22:15:00+00:00,34.42,34.45,34.4,34.45,744.68,2022,6,11
2022-06-11 22:16:00+00:00,34.44,34.47,34.42,34.44,1454.94,2022,6,11
2022-06-11 22:17:00+00:00,34.43,34.43,34.42,34.42,208.35,2022,6,11
2022-06-11 22:18:00+00:00,34.41,34.43,34.4,34.41,985.57,2022,6,11
2022-06-11 22:19:00+00:00,34.4,34.4,34.33,34.35,1028.72,2022,6,11
2022-06-11 22:20:00+00:00,34.34,34.37,34.34,34.37,842.37,2022,6,11
2022-06-11 22:21:00+00:00,34.38,34.43,34.37,34.43,441.47,2022,6,11
2022-06-11 22:22:00+00:00,34.42,34.51,34.41,34.47,1773.43,2022,6,11
2022-06-11 22:23:00+00:00,34.48,34.5,34.47,34.49,589.89,2022,6,11
2022-06-11 22:24:00+00:00,34.48,34.51,34.44,34.48,649.04,2022,6,11
2022-06-11 22:25:00+00:00,34.49,34.5,34.46,34.46,1415.47,2022,6,11
2022-06-11 22:26:00+00:00,34.47,34.51,34.47,34.51,897.31,2022,6,11
2022-06-11 22:27:00+00:00,34.51,34.52,34.49,34.52,887.45,2022,6,11
2022-06-11 22:28:00+00:00,34.51,34.52,34.49,34.51,2920.82,2022,6,11
2022-06-11 22:29:00+00:00,34.51,34.51,34.49,34.49,424.06,2022,6,11
2022-06-11 22:30:00+00:00,34.49,34.5,34.49,34.5,207.69,2022,6,11
2022-06-11 22:31:00+00:00,34.51,34.51,34.48,34.5,947.59,2022,6,11
2022-06-11 22:32:00+00:00,34.51,34.68,34.49,34.66,2841.03,2022,6,11
2022-06-11 22:33:00+00:00,34.66,34.69,34.61,34.61,1621.08,2022,6,11
2022-06-11 22:34:00+00:00,34.6,34.66,34.59,34.62,1510.59,2022,6,11
2022-06-11 22:35:00+00:00,34.62,34.62,34.47,34.47,1651.14,2022,6,11
2022-06-11 22:36:00+00:00,34.47,34.56,34.46,34.54,866.43,2022,6,11
2022-06-11 22:37:00+00:00,34.54,34.56,34.53,34.54,345.73,2022,6,11
2022-06-11 22:38:00+00:00,34.53,34.64,34.5,34.62,1629.34,2022,6,11
2022-06-11 22:39:00+00:00,34.63,34.69,34.63,34.66,1202.33,2022,6,11
2022-06-11 22:40:00+00:00,34.65,34.66,34.59,34.6,1347.15,2022,6,11
2022-06-11 22:41:00+00:00,34.6,34.63,34.57,34.6,762.6,2022,6,11
2022-06-11 22:42:00+00:00,34.6,34.62,34.58,34.6,518.73,2022,6,11
2022-06-11 22:43:00+00:00,34.6,34.6,34.56,34.57,582.4,2022,6,11
2022-06-11 22:44:00+00:00,34.57,34.59,34.56,34.56,642.2,2022,6,11
2022-06-11 22:45:00+00:00,34.55,34.63,34.55,34.62,403.01,2022,6,11
2022-06-11 22:46:00+00:00,34.62,34.64,34.56,34.59,745.04,2022,6,11
2022-06-11 22:47:00+00:00,34.59,34.59,34.53,34.53,820.54,2022,6,11
2022-06-11 22:48:00+00:00,34.52,34.58,34.51,34.57,1445.31,2022,6,11
2022-06-11 22:49:00+00:00,34.58,34.6,34.57,34.59,308.31,2022,6,11
2022-06-11 22:50:00+00:00,34.58,34.63,34.58,34.63,554.16,2022,6,11
2022-06-11 22:51:00+00:00,34.64,34.64,34.57,34.58,868.36,2022,6,11
2022-06-11 22:52:00+00:00,34.58,34.64,34.57,34.63,1999.49,2022,6,11
2022-06-11 22:53:00+00:00,34.63,34.65,34.63,34.64,737.41,2022,6,11
2022-06-11 22:54:00+00:00,34.64,34.65,34.62,34.63,1262.85,2022,6,11
2022-06-11 22:55:00+00:00,34.63,34.64,34.59,34.61,2366.53,2022,6,11
2022-06-11 22:56:00+00:00,34.62,34.62,34.58,34.59,118.43,2022,6,11
2022-06-11 22:57:00+00:00,34.58,34.6,34.57,34.6,624.62,2022,6,11
2022-06-11 22:58:00+00:00,34.59,34.65,34.58,34.64,1000.66,2022,6,11
2022-06-11 22:59:00+00:00,34.65,34.65,34.61,34.61,1049.74,2022,6,11
2022-06-11 23:00:00+00:00,34.62,34.64,34.59,34.59,1249.49,2022,6,11
2022-06-11 23:01:00+00:00,34.59,34.6,34.55,34.59,1069.08,2022,6,11
2022-06-11 23:02:00+00:00,34.58,34.6,34.56,34.58,533.67,2022,6,11
2022-06-11 23:03:00+00:00,34.58,34.58,34.45,34.47,5828.81,2022,6,11
2022-06-11 23:04:00+00:00,34.48,34.51,34.46,34.46,622.28,2022,6,11
2022-06-11 23:05:00+00:00,34.46,34.52,34.46,34.49,652.12,2022,6,11
2022-06-11 23:06:00+00:00,34.49,34.5,34.49,34.49,658.68,2022,6,11
2022-06-11 23:07:00+00:00,34.49,34.5,34.39,34.39,1557.86,2022,6,11
2022-06-11 23:08:00+00:00,34.39,34.42,34.36,34.38,3345.55,2022,6,11
2022-06-11 23:09:00+00:00,34.37,34.39,34.31,34.32,1858.15,2022,6,11
2022-06-11 23:10:00+00:00,34.33,34.33,34.2,34.22,3685.82,2022,6,11
2022-06-11 23:11:00+00:00,34.23,34.27,34.23,34.25,807.96,2022,6,11
2022-06-11 23:12:00+00:00,34.25,34.29,34.21,34.22,3720.35,2022,6,11
2022-06-11 23:13:00+00:00,34.22,34.22,33.92,34.07,61096.88,2022,6,11
2022-06-11 23:14:00+00:00,34.06,34.08,34.03,34.05,3071.93,2022,6,11
2022-06-11 23:15:00+00:00,34.04,34.15,34.03,34.05,4947.33,2022,6,11
2022-06-11 23:16:00+00:00,34.05,34.11,34.05,34.1,2041.57,2022,6,11
2022-06-11 23:17:00+00:00,34.1,34.1,34.06,34.09,1116.16,2022,6,11
2022-06-11 23:18:00+00:00,34.08,34.15,34.08,34.1,6470.42,2022,6,11
2022-06-11 23:19:00+00:00,34.1,34.14,34.08,34.09,1477.72,2022,6,11
2022-06-11 23:20:00+00:00,34.09,34.13,34.09,34.12,511.21,2022,6,11
2022-06-11 23:21:00+00:00,34.12,34.14,34.1,34.1,1571.39,2022,6,11
2022-06-11 23:22:00+00:00,34.09,34.09,33.92,33.99,3924.48,2022,6,11
2022-06-11 23:23:00+00:00,33.99,34.03,33.95,34.03,1107.99,2022,6,11
2022-06-11 23:24:00+00:00,34.02,34.03,33.97,34.02,1649.79,2022,6,11
2022-06-11 23:25:00+00:00,34.03,34.1,34.03,34.04,1953.41,2022,6,11
2022-06-11 23:26:00+00:00,34.03,34.05,34.01,34.04,2515.02,2022,6,11
2022-06-11 23:27:00+00:00,34.04,34.05,34.02,34.05,671.18,2022,6,11
2022-06-11 23:28:00+00:00,34.04,34.04,33.93,33.96,3042.07,2022,6,11
2022-06-11 23:29:00+00:00,33.95,34.02,33.95,33.99,2375.68,2022,6,11
2022-06-11 23:30:00+00:00,33.98,33.99,33.96,33.96,1456.33,2022,6,11
2022-06-11 23:31:00+00:00,33.96,33.96,33.84,33.89,7893.21,2022,6,11
2022-06-11 23:32:00+00:00,33.89,33.93,33.87,33.9,2988.18,2022,6,11
2022-06-11 23:33:00+00:00,33.91,33.94,33.9,33.91,507.52,2022,6,11
2022-06-11 23:34:00+00:00,33.92,33.93,33.9,33.9,1310.83,2022,6,11
2022-06-11 23:35:00+00:00,33.91,33.91,33.79,33.82,7900.07,2022,6,11
2022-06-11 23:36:00+00:00,33.82,33.88,33.81,33.81,2825.56,2022,6,11
2022-06-11 23:37:00+00:00,33.8,33.87,33.78,33.84,4187.34,2022,6,11
2022-06-11 23:38:00+00:00,33.84,33.84,33.7,33.7,6569.62,2022,6,11
2022-06-11 23:39:00+00:00,33.7,33.78,33.69,33.73,4205.02,2022,6,11
2022-06-11 23:40:00+00:00,33.73,33.74,33.69,33.71,2071.03,2022,6,11
2022-06-11 23:41:00+00:00,33.71,33.71,33.69,33.69,2775.47,2022,6,11
2022-06-11 23:42:00+00:00,33.69,33.69,33.65,33.68,2531.57,2022,6,11
2022-06-11 23:43:00+00:00,33.68,33.78,33.67,33.72,4715.16,2022,6,11
2022-06-11 23:44:00+00:00,33.73,33.86,33.73,33.85,2378.94,2022,6,11
2022-06-11 23:45:00+00:00,33.86,33.86,33.62,33.76,13760.37,2022,6,11
2022-06-11 23:46:00+00:00,33.75,33.85,33.7,33.82,4967.34,2022,6,11
2022-06-11 23:47:00+00:00,33.82,33.9,33.82,33.87,3990.22,2022,6,11
2022-06-11 23:48:00+00:00,33.87,33.92,33.86,33.92,1633.08,2022,6,11
2022-06-11 23:49:00+00:00,33.93,33.97,33.89,33.96,5249.12,2022,6,11
2022-06-11 23:50:00+00:00,33.96,33.96,33.85,33.91,3448.3,2022,6,11
2022-06-11 23:51:00+00:00,33.9,33.91,33.82,33.82,1953.08,2022,6,11
2022-06-11 23:52:00+00:00,33.81,33.84,33.77,33.78,1400.14,2022,6,11
2022-06-11 23:53:00+00:00,33.79,33.82,33.79,33.82,1935.24,2022,6,11
2022-06-11 23:54:00+00:00,33.82,33.9,33.82,33.85,3521.38,2022,6,11
2022-06-11 23:55:00+00:00,33.85,33.85,33.78,33.78,1787.05,2022,6,11
2022-06-11 23:56:00+00:00,33.78,33.82,33.78,33.81,1226.79,2022,6,11
2022-06-11 23:57:00+00:00,33.81,33.83,33.78,33.78,1614.31,2022,6,11
2022-06-11 23:58:00+00:00,33.78,33.85,33.78,33.84,355.22,2022,6,11
2022-06-11 23:59:00+00:00,33.85,33.94,33.83,33.93,3106.78,2022,6,11
2022-06-12 00:00:00+00:00,33.94,33.98,33.86,33.88,5601.52,2022,6,12
2022-06-12 00:01:00+00:00,33.89,33.92,33.88,33.89,2559.5,2022,6,12
2022-06-12 00:02:00+00:00,33.88,33.9,33.84,33.86,4071.35,2022,6,12
2022-06-12 00:03:00+00:00,33.86,33.91,33.84,33.91,2047.84,2022,6,12
2022-06-12 00:04:00+00:00,33.91,34.02,33.89,34.01,6072.4,2022,6,12
2022-06-12 00:05:00+00:00,34.01,34.02,33.96,34.01,1166.76,2022,6,12
2022-06-12 00:06:00+00:00,34.02,34.1,34.01,34.08,2758.49,2022,6,12
2022-06-12 00:07:00+00:00,34.07,34.13,34.06,34.09,2636.03,2022,6,12
2022-06-12 00:08:00+00:00,34.1,34.19,34.1,34.19,3304.3,2022,6,12
2022-06-12 00:09:00+00:00,34.2,34.22,34.11,34.12,3065.87,2022,6,12
2022-06-12 00:10:00+00:00,34.12,34.18,34.12,34.16,1276.39,2022,6,12
2022-06-12 00:11:00+00:00,34.16,34.27,34.15,34.23,2866.09,2022,6,12
2022-06-12 00:12:00+00:00,34.23,34.23,34.2,34.22,792.74,2022,6,12
2022-06-12 00:13:00+00:00,34.22,34.22,34.18,34.18,1712.5,2022,6,12
2022-06-12 00:14:00+00:00,34.19,34.28,34.18,34.28,3873.62,2022,6,12
2022-06-12 00:15:00+00:00,34.29,34.31,34.16,34.24,3172.14,2022,6,12
2022-06-12 00:16:00+00:00,34.24,34.27,34.21,34.23,1708.45,2022,6,12
2022-06-12 00:17:00+00:00,34.22,34.25,34.18,34.2,2432.45,2022,6,12
2022-06-12 00:18:00+00:00,34.2,34.24,34.2,34.2,981.06,2022,6,12
2022-06-12 00:19:00+00:00,34.21,34.22,34.17,34.18,1211.87,2022,6,12
2022-06-12 00:20:00+00:00,34.18,34.24,34.18,34.22,6004.63,2022,6,12
2022-06-12 00:21:00+00:00,34.23,34.25,34.21,34.22,1020.2,2022,6,12
2022-06-12 00:22:00+00:00,34.23,34.24,34.18,34.18,1101.23,2022,6,12
2022-06-12 00:23:00+00:00,34.18,34.18,34.16,34.16,579.04,2022,6,12
2022-06-12 00:24:00+00:00,34.16,34.19,34.15,34.17,1738.77,2022,6,12
2022-06-12 00:25:00+00:00,34.17,34.18,34.03,34.09,3850.82,2022,6,12
2022-06-12 00:26:00+00:00,34.08,34.14,34.04,34.14,1613.52,2022,6,12
2022-06-12 00:27:00+00:00,34.14,34.15,34.1,34.1,1312.52,2022,6,12
2022-06-12 00:28:00+00:00,34.09,34.13,34.08,34.08,435.52,2022,6,12
2022-06-12 00:29:00+00:00,34.08,34.11,34.08,34.09,511.36,2022,6,12
2022-06-12 00:30:00+00:00,34.1,34.11,33.93,33.93,4502.2,2022,6,12
2022-06-12 00:31:00+00:00,33.94,34.02,33.94,34.0,2488.31,2022,6,12
2022-06-12 00:32:00+00:00,34.01,34.06,34.0,34.05,1491.35,2022,6,12
2022-06-12 00:33:00+00:00,34.05,34.15,34.05,34.11,3610.32,2022,6,12
2022-06-12 00:34:00+00:00,34.1,34.16,34.07,34.15,3168.67,2022,6,12
2022-06-12 00:35:00+00:00,34.16,34.18,34.12,34.13,743.28,2022,6,12
2022-06-12 00:36:00+00:00,34.12,34.2,34.11,34.16,972.38,2022,6,12
2022-06-12 00:37:00+00:00,34.16,34.16,34.09,34.11,1170.19,2022,6,12
2022-06-12 00:38:00+00:00,34.11,34.13,34.11,34.12,723.28,2022,6,12
2022-06-12 00:39:00+00:00,34.12,34.12,34.05,34.06,1232.81,2022,6,12
2022-06-12 00:40:00+00:00,34.07,34.1,34.02,34.04,1271.12,2022,6,12
2022-06-12 00:41:00+00:00,34.04,34.04,33.98,34.02,4156.68,2022,6,12
2022-06-12 00:42:00+00:00,34.02,34.04,33.93,33.97,3116.5,2022,6,12
2022-06-12 00:43:00+00:00,33.97,33.98,33.95,33.98,463.25,2022,6,12
2022-06-12 00:44:00+00:00,33.99,34.04,33.98,34.04,580.24,2022,6,12
2022-06-12 00:45:00+00:00,34.05,34.13,34.02,34.1,1703.89,2022,6,12
2022-06-12 00:46:00+00:00,34.09,34.09,33.84,33.87,11689.64,2022,6,12
2022-06-12 00:47:00+00:00,33.86,33.87,33.78,33.83,4047.74,2022,6,12
2022-06-12 00:48:00+00:00,33.83,33.98,33.83,33.96,3100.13,2022,6,12
2022-06-12 00:49:00+00:00,33.97,34.0,33.95,34.0,995.54,2022,6,12
2022-06-12 00:50:00+00:00,34.0,34.04,34.0,34.02,1917.18,2022,6,12
2022-06-12 00:51:00+00:00,34.01,34.05,33.99,34.04,1306.08,2022,6,12
2022-06-12 00:52:00+00:00,34.04,34.05,33.97,34.01,1903.88,2022,6,12
2022-06-12 00:53:00+00:00,34.02,34.04,34.01,34.03,751.42,2022,6,12
2022-06-12 00:54:00+00:00,34.02,34.06,34.01,34.04,1759.06,2022,6,12
2022-06-12 00:55:00+00:00,34.04,34.04,34.0,34.01,425.43,2022,6,12
2022-06-12 00:56:00+00:00,34.01,34.04,34.0,34.04,471.44,2022,6,12
2022-06-12 00:57:00+00:00,34.04,34.09,34.03,34.09,3018.87,2022,6,12
2022-06-12 00:58:00+00:00,34.09,34.12,34.06,34.07,1840.98,2022,6,12
2022-06-12 00:59:00+00:00,34.07,34.07,34.03,34.03,846.24,2022,6,12
2022-06-12 01:00:00+00:00,34.02,34.05,33.92,33.92,1945.13,2022,6,12
2022-06-12 01:01:00+00:00,33.92,33.94,33.9,33.93,1905.11,2022,6,12
2022-06-12 01:02:00+00:00,33.93,33.96,33.83,33.86,2035.92,2022,6,12
2022-06-12 01:03:00+00:00,33.86,33.96,33.86,33.95,2099.12,2022,6,12
2022-06-12 01:04:00+00:00,33.95,33.95,33.79,33.87,9996.95,2022,6,12
2022-06-12 01:05:00+00:00,33.87,33.87,33.8,33.81,1633.04,2022,6,12
2022-06-12 01:06:00+00:00,33.8,33.81,33.72,33.75,2119.93,2022,6,12
2022-06-12 01:07:00+00:00,33.75,33.76,33.69,33.75,2343.59,2022,6,12
2022-06-12 01:08:00+00:00,33.74,33.83,33.73,33.78,2356.17,2022,6,12
2022-06-12 01:09:00+00:00,33.78,33.8,33.69,33.7,3299.58,2022,6,12
2022-06-12 01:10:00+00:00,33.7,33.71,33.64,33.66,4667.85,2022,6,12
2022-06-12 01:11:00+00:00,33.65,33.78,33.59,33.61,14067.83,2022,6,12
2022-06-12 01:12:00+00:00,33.6,33.68,33.54,33.57,14389.43,2022,6,12
2022-06-12 01:13:00+00:00,33.56,33.68,33.52,33.62,6195.97,2022,6,12
2022-06-12 01:14:00+00:00,33.6,33.69,33.59,33.61,2965.58,2022,6,12
2022-06-12 01:15:00+00:00,33.62,33.63,33.48,33.52,7797.41,2022,6,12
2022-06-12 01:16:00+00:00,33.52,33.52,33.41,33.47,5153.07,2022,6,12
2022-06-12 01:17:00+00:00,33.47,33.5,33.34,33.35,6466.4,2022,6,12
2022-06-12 01:18:00+00:00,33.36,33.47,33.36,33.42,6340.0,2022,6,12
2022-06-12 01:19:00+00:00,33.42,33.5,33.41,33.42,3898.79,2022,6,12
2022-06-12 01:20:00+00:00,33.42,33.44,33.38,33.44,3297.37,2022,6,12
2022-06-12 01:21:00+00:00,33.45,33.46,33.39,33.41,2717.54,2022,6,12
2022-06-12 01:22:00+00:00,33.41,33.43,33.4,33.4,1660.47,2022,6,12
2022-06-12 01:23:00+00:00,33.4,33.54,33.4,33.52,2210.05,2022,6,12
2022-06-12 01:24:00+00:00,33.52,33.56,33.48,33.48,1366.43,2022,6,12
2022-06-12 01:25:00+00:00,33.47,33.49,33.44,33.46,1449.57,2022,6,12
2022-06-12 01:26:00+00:00,33.46,33.49,33.45,33.46,1525.58,2022,6,12
2022-06-12 01:27:00+00:00,33.46,33.48,33.44,33.44,669.33,2022,6,12
2022-06-12 01:28:00+00:00,33.45,33.51,33.44,33.5,1972.64,2022,6,12
2022-06-12 01:29:00+00:00,33.49,33.49,33.44,33.47,1616.48,2022,6,12
2022-06-12 01:30:00+00:00,33.46,33.47,33.31,33.32,5045.96,2022,6,12
2022-06-12 01:31:00+00:00,33.32,33.51,33.32,33.48,6003.73,2022,6,12
2022-06-12 01:32:00+00:00,33.49,33.58,33.49,33.57,2850.61,2022,6,12
2022-06-12 01:33:00+00:00,33.57,33.61,33.51,33.58,4692.73,2022,6,12
2022-06-12 01:34:00+00:00,33.57,33.6,33.56,33.59,1739.1,2022,6,12
2022-06-12 01:35:00+00:00,33.6,33.7,33.6,33.64,5657.37,2022,6,12
2022-06-12 01:36:00+00:00,33.64,33.7,33.62,33.62,3317.73,2022,6,12
2022-06-12 01:37:00+00:00,33.63,33.68,33.63,33.66,1178.44,2022,6,12
2022-06-12 01:38:00+00:00,33.65,33.65,33.6,33.61,474.81,2022,6,12
2022-06-12 01:39:00+00:00,33.6,33.6,33.46,33.48,5688.37,2022,6,12
2022-06-12 01:40:00+00:00,33.47,33.49,33.42,33.46,2288.04,2022,6,12
2022-06-12 01:41:00+00:00,33.46,33.46,33.37,33.39,2867.87,2022,6,12
2022-06-12 01:42:00+00:00,33.38,33.45,33.37,33.38,6201.66,2022,6,12
2022-06-12 01:43:00+00:00,33.37,33.37,33.31,33.33,3054.72,2022,6,12
2022-06-12 01:44:00+00:00,33.32,33.41,33.31,33.4,2045.41,2022,6,12
2022-06-12 01:45:00+00:00,33.4,33.41,33.37,33.39,1656.5,2022,6,12
2022-06-12 01:46:00+00:00,33.4,33.47,33.39,33.47,929.44,2022,6,12
2022-06-12 01:47:00+00:00,33.46,33.52,33.46,33.52,984.23,2022,6,12
2022-06-12 01:48:00+00:00,33.52,33.52,33.42,33.45,2967.12,2022,6,12
2022-06-12 01:49:00+00:00,33.45,33.45,33.36,33.41,2387.24,2022,6,12
2022-06-12 01:50:00+00:00,33.41,33.46,33.41,33.46,5713.93,2022,6,12
2022-06-12 01:51:00+00:00,33.45,33.47,33.4,33.4,846.04,2022,6,12
2022-06-12 01:52:00+00:00,33.4,33.41,33.36,33.37,827.81,2022,6,12
2022-06-12 01:53:00+00:00,33.37,33.38,33.32,33.36,1413.67,2022,6,12
2022-06-12 01:54:00+00:00,33.36,33.39,33.34,33.36,1112.11,2022,6,12
2022-06-12 01:55:00+00:00,33.36,33.36,33.04,33.16,19521.24,2022,6,12
2022-06-12 01:56:00+00:00,33.17,33.19,32.82,32.99,28884.79,2022,6,12
2022-06-12 01:57:00+00:00,32.99,33.09,32.87,32.9,11993.28,2022,6,12
2022-06-12 01:58:00+00:00,32.9,33.01,32.86,32.96,5131.78,2022,6,12
2022-06-12 01:59:00+00:00,32.96,33.02,32.94,33.01,3155.4,2022,6,12
2022-06-12 02:00:00+00:00,33.0,33.04,32.87,32.99,12041.76,2022,6,12
2022-06-12 02:01:00+00:00,32.98,33.1,32.97,33.08,7128.63,2022,6,12
2022-06-12 02:02:00+00:00,33.09,33.16,33.09,33.16,6678.76,2022,6,12
2022-06-12 02:03:00+00:00,33.15,33.18,33.1,33.17,4779.91,2022,6,12
2022-06-12 02:04:00+00:00,33.18,33.26,33.17,33.25,2436.52,2022,6,12
2022-06-12 02:05:00+00:00,33.25,33.25,33.08,33.11,4982.77,2022,6,12
2022-06-12 02:06:00+00:00,33.09,33.1,32.99,33.05,3823.36,2022,6,12
2022-06-12 02:07:00+00:00,33.06,33.12,33.06,33.1,2508.7,2022,6,12
2022-06-12 02:08:00+00:00,33.12,33.15,33.11,33.13,2239.8,2022,6,12
2022-06-12 02:09:00+00:00,33.12,33.16,33.12,33.14,1364.83,2022,6,12
2022-06-12 02:10:00+00:00,33.15,33.18,33.12,33.16,2384.29,2022,6,12
2022-06-12 02:11:00+00:00,33.17,33.17,33.1,33.14,1272.07,2022,6,12
2022-06-12 02:12:00+00:00,33.13,33.18,33.12,33.18,3439.52,2022,6,12
2022-06-12 02:13:00+00:00,33.17,33.3,33.17,33.22,1930.86,2022,6,12
2022-06-12 02:14:00+00:00,33.23,33.27,33.23,33.25,1490.2,2022,6,12
2022-06-12 02:15:00+00:00,33.25,33.26,33.07,33.08,4829.28,2022,6,12
2022-06-12 02:16:00+00:00,33.07,33.07,33.02,33.02,5891.28,2022,6,12
2022-06-12 02:17:00+00:00,33.01,33.07,32.96,32.96,3177.38,2022,6,12
2022-06-12 02:18:00+00:00,32.97,33.01,32.88,32.93,3807.04,2022,6,12
2022-06-12 02:19:00+00:00,32.93,32.98,32.92,32.93,1767.26,2022,6,12
2022-06-12 02:20:00+00:00,32.92,32.92,32.73,32.81,16799.48,2022,6,12
2022-06-12 02:21:00+00:00,32.81,32.82,32.62,32.72,14000.39,2022,6,12
2022-06-12 02:22:00+00:00,32.71,32.78,32.67,32.75,3242.42,2022,6,12
2022-06-12 02:23:00+00:00,32.77,32.77,32.61,32.66,6856.24,2022,6,12
2022-06-12 02:24:00+00:00,32.65,32.69,32.59,32.63,6302.17,2022,6,12
2022-06-12 02:25:00+00:00,32.62,32.64,32.57,32.64,5065.44,2022,6,12
2022-06-12 02:26:00+00:00,32.66,32.66,32.37,32.37,19609.38,2022,6,12
2022-06-12 02:27:00+00:00,32.37,32.47,32.22,32.24,30644.63,2022,6,12
2022-06-12 02:28:00+00:00,32.24,32.59,31.96,32.03,64945.814,2022,6,12
2022-06-12 02:29:00+00:00,32.02,32.19,31.93,32.17,34096.71,2022,6,12
2022-06-12 02:30:00+00:00,32.17,32.3,32.05,32.29,22367.23,2022,6,12
2022-06-12 02:31:00+00:00,32.27,32.37,32.14,32.17,10604.31,2022,6,12
2022-06-12 02:32:00+00:00,32.17,32.2,32.0,32.08,17163.02,2022,6,12
2022-06-12 02:33:00+00:00,32.07,32.32,32.06,32.29,7138.85,2022,6,12
2022-06-12 02:34:00+00:00,32.28,32.41,32.18,32.3,9021.7,2022,6,12
2022-06-12 02:35:00+00:00,32.29,32.29,32.12,32.25,7323.35,2022,6,12
2022-06-12 02:36:00+00:00,32.25,32.33,32.19,32.29,7140.33,2022,6,12
2022-06-12 02:37:00+00:00,32.29,32.31,32.18,32.22,4136.17,2022,6,12
2022-06-12 02:38:00+00:00,32.21,32.24,32.14,32.17,6180.32,2022,6,12
2022-06-12 02:39:00+00:00,32.18,32.2,32.09,32.14,8169.41,2022,6,12
2022-06-12 02:40:00+00:00,32.14,32.19,32.05,32.09,4685.44,2022,6,12
2022-06-12 02:41:00+00:00,32.09,32.14,31.86,31.88,11331.51,2022,6,12
2022-06-12 02:42:00+00:00,31.88,32.03,31.45,31.64,52087.94,2022,6,12
2022-06-12 02:43:00+00:00,31.65,32.02,31.56,31.94,30698.85,2022,6,12
2022-06-12 02:44:00+00:00,31.93,32.09,31.83,31.86,13700.1,2022,6,12
2022-06-12 02:45:00+00:00,31.85,32.0,31.83,31.94,10975.07,2022,6,12
2022-06-12 02:46:00+00:00,31.95,32.1,31.94,32.01,8506.31,2022,6,12
2022-06-12 02:47:00+00:00,32.02,32.14,32.01,32.08,8758.94,2022,6,12
2022-06-12 02:48:00+00:00,32.09,32.2,32.06,32.11,5716.29,2022,6,12
2022-06-12 02:49:00+00:00,32.12,32.19,32.03,32.1,8823.31,2022,6,12
2022-06-12 02:50:00+00:00,32.1,32.19,32.0,32.02,4999.16,2022,6,12
2022-06-12 02:51:00+00:00,32.0,32.04,31.87,31.94,4510.73,2022,6,12
2022-06-12 02:52:00+00:00,31.94,32.02,31.92,32.0,3366.58,2022,6,12
2022-06-12 02:53:00+00:00,32.0,32.02,31.92,31.94,3339.83,2022,6,12
2022-06-12 02:54:00+00:00,31.94,31.94,31.79,31.82,3261.0,2022,6,12
2022-06-12 02:55:00+00:00,31.82,31.95,31.8,31.93,6625.92,2022,6,12
2022-06-12 02:56:00+00:00,31.92,31.92,31.8,31.81,6988.0,2022,6,12
2022-06-12 02:57:00+00:00,31.82,31.83,31.7,31.76,8832.15,2022,6,12
2022-06-12 02:58:00+00:00,31.76,31.77,31.6,31.62,11713.79,2022,6,12
2022-06-12 02:59:00+00:00,31.61,31.82,31.58,31.77,10631.09,2022,6,12
2022-06-12 03:00:00+00:00,31.79,31.86,31.68,31.78,7780.68,2022,6,12
2022-06-12 03:01:00+00:00,31.79,31.87,31.75,31.75,6141.74,2022,6,12
2022-06-12 03:02:00+00:00,31.75,31.83,31.68,31.75,6958.85,2022,6,12
2022-06-12 03:03:00+00:00,31.75,31.95,31.75,31.94,4632.45,2022,6,12
2022-06-12 03:04:00+00:00,31.94,32.18,31.93,32.18,18206.69,2022,6,12
2022-06-12 03:05:00+00:00,32.18,32.2,32.07,32.09,3606.94,2022,6,12
2022-06-12 03:06:00+00:00,32.08,32.15,32.06,32.1,2836.49,2022,6,12
2022-06-12 03:07:00+00:00,32.11,32.11,31.92,31.98,5566.82,2022,6,12
2022-06-12 03:08:00+00:00,31.97,32.0,31.96,31.96,1293.83,2022,6,12
2022-06-12 03:09:00+00:00,31.96,32.19,31.96,31.99,15919.84,2022,6,12
2022-06-12 03:10:00+00:00,32.0,32.1,32.0,32.04,2857.48,2022,6,12
2022-06-12 03:11:00+00:00,32.04,32.16,32.04,32.14,2276.21,2022,6,12
2022-06-12 03:12:00+00:00,32.13,32.18,32.1,32.13,6997.26,2022,6,12
2022-06-12 03:13:00+00:00,32.13,32.14,32.03,32.04,4323.77,2022,6,12
2022-06-12 03:14:00+00:00,32.05,32.11,32.04,32.1,3246.45,2022,6,12
2022-06-12 03:15:00+00:00,32.09,32.13,32.07,32.09,4030.31,2022,6,12
2022-06-12 03:16:00+00:00,32.09,32.19,32.09,32.19,2690.61,2022,6,12
2022-06-12 03:17:00+00:00,32.2,32.24,32.13,32.19,4293.81,2022,6,12
2022-06-12 03:18:00+00:00,32.18,32.2,32.09,32.09,2530.0,2022,6,12
2022-06-12 03:19:00+00:00,32.08,32.08,31.99,32.02,3009.08,2022,6,12
2022-06-12 03:20:00+00:00,32.01,32.11,32.01,32.09,2087.16,2022,6,12
2022-06-12 03:21:00+00:00,32.09,32.12,32.05,32.11,1836.42,2022,6,12
2022-06-12 03:22:00+00:00,32.11,32.11,31.93,32.02,3652.94,2022,6,12
2022-06-12 03:23:00+00:00,32.01,32.06,32.0,32.04,2956.03,2022,6,12
2022-06-12 03:24:00+00:00,32.03,32.04,31.96,31.98,1470.41,2022,6,12
2022-06-12 03:25:00+00:00,31.97,32.03,31.97,32.0,1134.78,2022,6,12
2022-06-12 03:26:00+00:00,32.0,32.05,31.99,32.02,1548.32,2022,6,12
2022-06-12 03:27:00+00:00,32.01,32.01,31.86,31.89,2383.45,2022,6,12
2022-06-12 03:28:00+00:00,31.89,31.98,31.89,31.94,4744.8,2022,6,12
2022-06-12 03:29:00+00:00,31.94,32.01,31.94,32.0,2417.24,2022,6,12
2022-06-12 03:30:00+00:00,31.99,32.06,31.98,32.04,2203.06,2022,6,12
2022-06-12 03:31:00+00:00,32.04,32.05,31.97,32.01,8077.52,2022,6,12
2022-06-12 03:32:00+00:00,32.01,32.11,32.01,32.1,7755.0,2022,6,12
2022-06-12 03:33:00+00:00,32.1,32.39,32.1,32.32,10277.62,2022,6,12
2022-06-12 03:34:00+00:00,32.33,32.5,32.31,32.48,7677.39,2022,6,12
2022-06-12 03:35:00+00:00,32.48,32.65,32.4,32.54,26509.89,2022,6,12
2022-06-12 03:36:00+00:00,32.54,32.61,32.43,32.54,5648.53,2022,6,12
2022-06-12 03:37:00+00:00,32.54,32.59,32.48,32.54,2400.01,2022,6,12
2022-06-12 03:38:00+00:00,32.54,32.61,32.45,32.47,5969.79,2022,6,12
2022-06-12 03:39:00+00:00,32.47,32.5,32.36,32.41,5979.86,2022,6,12
2022-06-12 03:40:00+00:00,32.41,32.41,32.31,32.35,2713.84,2022,6,12
2022-06-12 03:41:00+00:00,32.35,32.38,32.32,32.33,1551.29,2022,6,12
2022-06-12 03:42:00+00:00,32.34,32.44,32.34,32.42,2181.83,2022,6,12
2022-06-12 03:43:00+00:00,32.44,32.46,32.38,32.42,1871.17,2022,6,12
2022-06-12 03:44:00+00:00,32.41,32.52,32.41,32.49,3793.98,2022,6,12
2022-06-12 03:45:00+00:00,32.49,32.49,32.42,32.43,2080.89,2022,6,12
2022-06-12 03:46:00+00:00,32.41,32.45,32.37,32.43,2452.99,2022,6,12
2022-06-12 03:47:00+00:00,32.43,32.53,32.4,32.52,4526.53,2022,6,12
2022-06-12 03:48:00+00:00,32.51,32.58,32.5,32.52,7540.27,2022,6,12
2022-06-12 03:49:00+00:00,32.52,32.55,32.48,32.55,1728.89,2022,6,12
2022-06-12 03:50:00+00:00,32.54,32.54,32.34,32.35,6106.63,2022,6,12
2022-06-12 03:51:00+00:00,32.34,32.46,32.34,32.42,4402.33,2022,6,12
2022-06-12 03:52:00+00:00,32.42,32.45,32.4,32.44,3516.76,2022,6,12
2022-06-12 03:53:00+00:00,32.44,32.44,32.38,32.39,1547.57,2022,6,12
2022-06-12 03:54:00+00:00,32.39,32.44,32.37,32.39,1209.0,2022,6,12
2022-06-12 03:55:00+00:00,32.39,32.46,32.38,32.46,2389.26,2022,6,12
2022-06-12 03:56:00+00:00,32.45,32.47,32.38,32.39,2012.93,2022,6,12
2022-06-12 03:57:00+00:00,32.4,32.44,32.4,32.41,779.71,2022,6,12
2022-06-12 03:58:00+00:00,32.42,32.46,32.38,32.38,957.22,2022,6,12
2022-06-12 03:59:00+00:00,32.38,32.4,32.31,32.31,1460.29,2022,6,12
2022-06-12 04:00:00+00:00,32.31,32.32,32.26,32.32,3785.69,2022,6,12
2022-06-12 04:01:00+00:00,32.33,32.45,32.33,32.41,1923.3,2022,6,12
2022-06-12 04:02:00+00:00,32.4,32.56,32.38,32.48,5295.93,2022,6,12
2022-06-12 04:03:00+00:00,32.49,32.6,32.49,32.56,3726.69,2022,6,12
2022-06-12 04:04:00+00:00,32.55,32.55,32.5,32.5,2268.24,2022,6,12
2022-06-12 04:05:00+00:00,32.52,32.54,32.44,32.47,2825.33,2022,6,12
2022-06-12 04:06:00+00:00,32.46,32.48,32.36,32.37,3371.4,2022,6,12
2022-06-12 04:07:00+00:00,32.37,32.44,32.34,32.42,723.76,2022,6,12
2022-06-12 04:08:00+00:00,32.41,32.43,32.36,32.37,1226.9,2022,6,12
2022-06-12 04:09:00+00:00,32.37,32.39,32.34,32.35,3485.12,2022,6,12
2022-06-12 04:10:00+00:00,32.35,32.38,32.29,32.33,2795.19,2022,6,12
2022-06-12 04:11:00+00:00,32.32,32.35,32.28,32.32,1843.44,2022,6,12
2022-06-12 04:12:00+00:00,32.32,32.35,32.29,32.34,1132.86,2022,6,12
2022-06-12 04:13:00+00:00,32.34,32.37,32.27,32.28,3767.6,2022,6,12
2022-06-12 04:14:00+00:00,32.27,32.3,32.15,32.21,6455.92,2022,6,12
2022-06-12 04:15:00+00:00,32.21,32.37,32.21,32.33,3031.18,2022,6,12
2022-06-12 04:16:00+00:00,32.34,32.39,32.3,32.3,2396.03,2022,6,12
2022-06-12 04:17:00+00:00,32.29,32.32,32.25,32.3,1557.83,2022,6,12
2022-06-12 04:18:00+00:00,32.29,32.29,32.19,32.2,2143.97,2022,6,12
2022-06-12 04:19:00+00:00,32.22,32.27,32.21,32.23,2314.08,2022,6,12
2022-06-12 04:20:00+00:00,32.22,32.23,32.19,32.2,1113.67,2022,6,12
2022-06-12 04:21:00+00:00,32.19,32.22,32.15,32.15,4806.6,2022,6,12
2022-06-12 04:22:00+00:00,32.15,32.19,32.08,32.19,3439.63,2022,6,12
2022-06-12 04:23:00+00:00,32.19,32.25,32.17,32.18,2031.65,2022,6,12
2022-06-12 04:24:00+00:00,32.19,32.23,32.19,32.19,1223.96,2022,6,12
2022-06-12 04:25:00+00:00,32.19,32.19,32.08,32.08,2808.08,2022,6,12
2022-06-12 04:26:00+00:00,32.07,32.18,32.04,32.17,3047.41,2022,6,12
2022-06-12 04:27:00+00:00,32.17,32.17,32.06,32.09,2875.32,2022,6,12
2022-06-12 04:28:00+00:00,32.08,32.14,32.05,32.05,3318.78,2022,6,12
2022-06-12 04:29:00+00:00,32.05,32.09,31.98,32.02,3449.64,2022,6,12
2022-06-12 04:30:00+00:00,32.02,32.1,32.02,32.08,3535.58,2022,6,12
2022-06-12 04:31:00+00:00,32.08,32.08,32.02,32.03,1216.1,2022,6,12
2022-06-12 04:32:00+00:00,32.03,32.09,31.97,32.09,3560.07,2022,6,12
2022-06-12 04:33:00+00:00,32.1,32.19,32.09,32.17,1933.86,2022,6,12
2022-06-12 04:34:00+00:00,32.17,32.19,32.08,32.08,1343.53,2022,6,12
2022-06-12 04:35:00+00:00,32.08,32.08,32.0,32.02,1518.79,2022,6,12
2022-06-12 04:36:00+00:00,32.01,32.04,31.96,32.04,3432.2,2022,6,12
2022-06-12 04:37:00+00:00,32.04,32.17,32.01,32.16,3406.94,2022,6,12
2022-06-12 04:38:00+00:00,32.16,32.17,31.99,31.99,3973.4,2022,6,12
2022-06-12 04:39:00+00:00,32.01,32.05,31.97,32.03,4649.09,2022,6,12
2022-06-12 04:40:00+00:00,32.03,32.04,31.99,32.01,1891.96,2022,6,12
2022-06-12 04:41:00+00:00,32.01,32.11,32.01,32.09,1394.18,2022,6,12
2022-06-12 04:42:00+00:00,32.08,32.1,31.97,31.98,5090.93,2022,6,12
2022-06-12 04:43:00+00:00,31.99,32.01,31.95,31.97,4475.81,2022,6,12
2022-06-12 04:44:00+00:00,31.98,31.99,31.97,31.98,1617.31,2022,6,12
2022-06-12 04:45:00+00:00,31.97,31.97,31.86,31.87,2404.24,2022,6,12
2022-06-12 04:46:00+00:00,31.88,32.01,31.87,31.92,7824.17,2022,6,12
2022-06-12 04:47:00+00:00,31.93,31.95,31.82,31.87,3361.71,2022,6,12
2022-06-12 04:48:00+00:00,31.86,31.9,31.82,31.88,2556.72,2022,6,12
2022-06-12 04:49:00+00:00,31.87,31.93,31.87,31.93,1594.12,2022,6,12
2022-06-12 04:50:00+00:00,31.93,31.96,31.92,31.92,2404.55,2022,6,12
2022-06-12 04:51:00+00:00,31.91,31.91,31.81,31.82,2554.56,2022,6,12
2022-06-12 04:52:00+00:00,31.82,31.89,31.81,31.84,6530.69,2022,6,12
2022-06-12 04:53:00+00:00,31.83,31.85,31.81,31.83,1639.45,2022,6,12
2022-06-12 04:54:00+00:00,31.84,31.87,31.74,31.74,5594.09,2022,6,12
2022-06-12 04:55:00+00:00,31.75,31.87,31.74,31.79,7656.27,2022,6,12
2022-06-12 04:56:00+00:00,31.8,31.85,31.77,31.85,5613.62,2022,6,12
2022-06-12 04:57:00+00:00,31.86,31.9,31.77,31.77,3696.37,2022,6,12
2022-06-12 04:58:00+00:00,31.78,31.82,31.77,31.78,2840.66,2022,6,12
2022-06-12 04:59:00+00:00,31.78,31.79,31.72,31.74,3140.51,2022,6,12
2022-06-12 05:00:00+00:00,31.75,31.81,31.68,31.78,3873.1,2022,6,12
2022-06-12 05:01:00+00:00,31.79,31.85,31.7,31.71,4816.81,2022,6,12
2022-06-12 05:02:00+00:00,31.71,31.71,31.63,31.63,2528.39,2022,6,12
2022-06-12 05:03:00+00:00,31.63,31.63,31.37,31.49,22520.8,2022,6,12
2022-06-12 05:04:00+00:00,31.52,31.62,31.43,31.52,11912.19,2022,6,12
2022-06-12 05:05:00+00:00,31.52,31.6,31.46,31.5,8149.0,2022,6,12
2022-06-12 05:06:00+00:00,31.51,31.58,31.47,31.54,4422.09,2022,6,12
2022-06-12 05:07:00+00:00,31.55,31.57,31.44,31.44,3316.01,2022,6,12
2022-06-12 05:08:00+00:00,31.45,31.47,31.4,31.43,5286.57,2022,6,12
2022-06-12 05:09:00+00:00,31.41,31.5,31.4,31.43,5256.77,2022,6,12
2022-06-12 05:10:00+00:00,31.43,31.53,31.43,31.52,3489.44,2022,6,12
2022-06-12 05:11:00+00:00,31.53,31.54,31.47,31.52,3068.09,2022,6,12
2022-06-12 05:12:00+00:00,31.52,31.57,31.49,31.54,3849.1,2022,6,12
2022-06-12 05:13:00+00:00,31.53,31.57,31.49,31.53,4239.58,2022,6,12
2022-06-12 05:14:00+00:00,31.54,31.54,31.46,31.47,2022.49,2022,6,12
2022-06-12 05:15:00+00:00,31.48,31.59,31.48,31.56,2774.74,2022,6,12
2022-06-12 05:16:00+00:00,31.56,31.63,31.56,31.59,3676.62,2022,6,12
2022-06-12 05:17:00+00:00,31.6,31.67,31.53,31.54,5809.71,2022,6,12
2022-06-12 05:18:00+00:00,31.53,31.55,31.47,31.49,2452.51,2022,6,12
2022-06-12 05:19:00+00:00,31.49,31.51,31.39,31.42,3331.92,2022,6,12
2022-06-12 05:20:00+00:00,31.42,31.42,31.21,31.28,16072.57,2022,6,12
2022-06-12 05:21:00+00:00,31.27,31.31,31.12,31.17,29079.66,2022,6,12
2022-06-12 05:22:00+00:00,31.16,31.23,31.14,31.17,4734.78,2022,6,12
2022-06-12 05:23:00+00:00,31.16,31.26,31.15,31.23,2962.69,2022,6,12
2022-06-12 05:24:00+00:00,31.24,31.33,31.22,31.26,2662.51,2022,6,12
2022-06-12 05:25:00+00:00,31.27,31.31,31.2,31.22,3294.37,2022,6,12
2022-06-12 05:26:00+00:00,31.21,31.25,31.14,31.19,6326.27,2022,6,12
2022-06-12 05:27:00+00:00,31.19,31.22,31.08,31.2,6393.01,2022,6,12
2022-06-12 05:28:00+00:00,31.19,31.28,31.11,31.24,8613.2,2022,6,12
2022-06-12 05:29:00+00:00,31.25,31.26,31.13,31.13,9258.93,2022,6,12
2022-06-12 05:30:00+00:00,31.12,31.18,31.1,31.17,6087.21,2022,6,12
2022-06-12 05:31:00+00:00,31.17,31.27,31.17,31.23,4612.41,2022,6,12
2022-06-12 05:32:00+00:00,31.23,31.26,31.15,31.15,4574.97,2022,6,12
2022-06-12 05:33:00+00:00,31.16,31.24,31.14,31.22,4676.41,2022,6,12
2022-06-12 05:34:00+00:00,31.21,31.28,31.2,31.27,5309.95,2022,6,12
2022-06-12 05:35:00+00:00,31.27,31.31,31.21,31.21,2510.55,2022,6,12
2022-06-12 05:36:00+00:00,31.21,31.33,31.21,31.29,6667.51,2022,6,12
2022-06-12 05:37:00+00:00,31.31,31.43,31.31,31.43,5271.21,2022,6,12
2022-06-12 05:38:00+00:00,31.43,31.48,31.37,31.43,6900.0,2022,6,12
2022-06-12 05:39:00+00:00,31.43,31.46,31.32,31.34,2574.52,2022,6,12
2022-06-12 05:40:00+00:00,31.33,31.43,31.32,31.43,3781.51,2022,6,12
2022-06-12 05:41:00+00:00,31.44,31.52,31.44,31.48,6937.95,2022,6,12
2022-06-12 05:42:00+00:00,31.48,31.55,31.48,31.55,5670.29,2022,6,12
2022-06-12 05:43:00+00:00,31.54,31.55,31.49,31.51,3482.8,2022,6,12
2022-06-12 05:44:00+00:00,31.5,31.53,31.48,31.52,1915.09,2022,6,12
2022-06-12 05:45:00+00:00,31.51,32.25,31.46,32.06,70043.72,2022,6,12
2022-06-12 05:46:00+00:00,32.06,32.5,32.06,32.3,23055.98,2022,6,12
2022-06-12 05:47:00+00:00,32.3,32.41,32.27,32.27,5081.95,2022,6,12
2022-06-12 05:48:00+00:00,32.28,32.33,32.26,32.32,4614.29,2022,6,12
2022-06-12 05:49:00+00:00,32.32,32.32,32.14,32.16,6276.1,2022,6,12
2022-06-12 05:50:00+00:00,32.16,32.28,32.15,32.22,4199.4,2022,6,12
2022-06-12 05:51:00+00:00,32.24,32.24,32.08,32.14,4209.85,2022,6,12
2022-06-12 05:52:00+00:00,32.13,32.14,32.03,32.03,7130.64,2022,6,12
2022-06-12 05:53:00+00:00,32.03,32.06,31.98,32.01,4383.22,2022,6,12
2022-06-12 05:54:00+00:00,32.02,32.06,31.99,32.03,2944.32,2022,6,12
2022-06-12 05:55:00+00:00,32.04,32.05,31.95,31.97,2224.66,2022,6,12
2022-06-12 05:56:00+00:00,31.97,31.99,31.89,31.9,4247.43,2022,6,12
2022-06-12 05:57:00+00:00,31.9,32.0,31.89,32.0,1943.63,2022,6,12
2022-06-12 05:58:00+00:00,32.0,32.02,31.8,31.83,5266.97,2022,6,12
2022-06-12 05:59:00+00:00,31.83,31.87,31.68,31.76,9320.97,2022,6,12
2022-06-12 06:00:00+00:00,31.75,31.91,31.72,31.87,6624.43,2022,6,12
2022-06-12 06:01:00+00:00,31.87,31.96,31.86,31.95,3632.76,2022,6,12
2022-06-12 06:02:00+00:00,31.94,31.95,31.87,31.94,1968.53,2022,6,12
2022-06-12 06:03:00+00:00,31.94,31.99,31.9,31.96,3810.68,2022,6,12
2022-06-12 06:04:00+00:00,31.95,31.97,31.9,31.93,2102.51,2022,6,12
2022-06-12 06:05:00+00:00,31.93,31.97,31.9,31.91,4290.11,2022,6,12
2022-06-12 06:06:00+00:00,31.9,32.0,31.88,31.99,4717.32,2022,6,12
2022-06-12 06:07:00+00:00,31.99,32.05,31.97,32.04,1935.3,2022,6,12
2022-06-12 06:08:00+00:00,32.03,32.21,32.02,32.21,3749.3,2022,6,12
2022-06-12 06:09:00+00:00,32.22,32.28,32.17,32.18,5859.33,2022,6,12
2022-06-12 06:10:00+00:00,32.18,32.19,32.1,32.12,3509.43,2022,6,12
2022-06-12 06:11:00+00:00,32.12,32.28,32.11,32.26,2998.58,2022,6,12
2022-06-12 06:12:00+00:00,32.27,32.38,32.23,32.32,3854.96,2022,6,12
2022-06-12 06:13:00+00:00,32.31,32.35,32.27,32.31,4907.33,2022,6,12
2022-06-12 06:14:00+00:00,32.32,32.33,32.29,32.3,1867.18,2022,6,12
2022-06-12 06:15:00+00:00,32.31,32.42,32.31,32.35,9153.23,2022,6,12
2022-06-12 06:16:00+00:00,32.35,32.35,32.26,32.31,2390.49,2022,6,12
2022-06-12 06:17:00+00:00,32.31,32.33,32.3,32.32,1959.71,2022,6,12
2022-06-12 06:18:00+00:00,32.31,32.35,32.29,32.29,1398.53,2022,6,12
2022-06-12 06:19:00+00:00,32.3,32.3,32.17,32.2,1891.6,2022,6,12
2022-06-12 06:20:00+00:00,32.2,32.22,32.16,32.16,2295.69,2022,6,12
2022-06-12 06:21:00+00:00,32.16,32.17,32.09,32.15,2334.19,2022,6,12
2022-06-12 06:22:00+00:00,32.16,32.16,32.07,32.08,2660.02,2022,6,12
2022-06-12 06:23:00+00:00,32.08,32.14,32.05,32.12,1879.4,2022,6,12
2022-06-12 06:24:00+00:00,32.12,32.22,32.12,32.18,2557.51,2022,6,12
2022-06-12 06:25:00+00:00,32.18,32.22,32.13,32.21,2471.1,2022,6,12
2022-06-12 06:26:00+00:00,32.21,32.27,32.2,32.26,2690.0,2022,6,12
2022-06-12 06:27:00+00:00,32.26,32.39,32.26,32.37,5127.97,2022,6,12
2022-06-12 06:28:00+00:00,32.36,32.5,32.36,32.48,7536.42,2022,6,12
2022-06-12 06:29:00+00:00,32.48,32.62,32.45,32.5,7172.93,2022,6,12
2022-06-12 06:30:00+00:00,32.5,32.66,32.49,32.62,5209.26,2022,6,12
2022-06-12 06:31:00+00:00,32.63,32.65,32.52,32.58,7506.52,2022,6,12
2022-06-12 06:32:00+00:00,32.58,32.78,32.55,32.69,6777.25,2022,6,12
2022-06-12 06:33:00+00:00,32.68,32.71,32.66,32.69,6008.04,2022,6,12
2022-06-12 06:34:00+00:00,32.7,32.71,32.58,32.61,4941.67,2022,6,12
2022-06-12 06:35:00+00:00,32.61,32.63,32.53,32.54,2438.63,2022,6,12
2022-06-12 06:36:00+00:00,32.53,32.58,32.33,32.41,18508.42,2022,6,12
2022-06-12 06:37:00+00:00,32.33,32.41,32.3,32.35,16588.49,2022,6,12
2022-06-12 06:38:00+00:00,32.35,32.43,32.31,32.31,4049.54,2022,6,12
2022-06-12 06:39:00+00:00,32.3,32.33,32.21,32.26,5074.15,2022,6,12
2022-06-12 06:40:00+00:00,32.26,32.27,32.19,32.22,4628.64,2022,6,12
2022-06-12 06:41:00+00:00,32.22,32.24,32.19,32.24,1321.95,2022,6,12
2022-06-12 06:42:00+00:00,32.24,32.27,32.2,32.22,1966.97,2022,6,12
2022-06-12 06:43:00+00:00,32.22,32.27,32.21,32.25,1126.88,2022,6,12
2022-06-12 06:44:00+00:00,32.24,32.25,32.21,32.22,768.75,2022,6,12
2022-06-12 06:45:00+00:00,32.23,32.24,32.17,32.17,999.56,2022,6,12
2022-06-12 06:46:00+00:00,32.18,32.29,32.18,32.29,1779.45,2022,6,12
2022-06-12 06:47:00+00:00,32.3,32.4,32.29,32.37,3415.53,2022,6,12
2022-06-12 06:48:00+00:00,32.36,32.4,32.33,32.34,3027.69,2022,6,12
2022-06-12 06:49:00+00:00,32.35,32.35,32.21,32.24,2171.76,2022,6,12
2022-06-12 06:50:00+00:00,32.25,32.32,32.25,32.27,2358.49,2022,6,12
2022-06-12 06:51:00+00:00,32.28,32.3,32.2,32.21,1015.93,2022,6,12
2022-06-12 06:52:00+00:00,32.21,32.24,32.19,32.24,3425.96,2022,6,12
2022-06-12 06:53:00+00:00,32.23,32.31,32.22,32.31,2268.99,2022,6,12
2022-06-12 06:54:00+00:00,32.31,32.31,32.27,32.29,760.46,2022,6,12
2022-06-12 06:55:00+00:00,32.29,32.35,32.27,32.35,1170.96,2022,6,12
2022-06-12 06:56:00+00:00,32.35,32.37,32.32,32.35,1964.79,2022,6,12
2022-06-12 06:57:00+00:00,32.35,32.36,32.32,32.34,1031.69,2022,6,12
2022-06-12 06:58:00+00:00,32.34,32.34,32.21,32.22,4435.94,2022,6,12
2022-06-12 06:59:00+00:00,32.23,32.26,32.18,32.19,2372.78,2022,6,12
2022-06-12 07:00:00+00:00,32.19,32.25,32.19,32.24,1277.81,2022,6,12
2022-06-12 07:01:00+00:00,32.25,32.3,32.22,32.28,2163.14,2022,6,12
2022-06-12 07:02:00+00:00,32.27,32.28,32.24,32.26,1205.0,2022,6,12
2022-06-12 07:03:00+00:00,32.26,32.29,32.25,32.28,410.06,2022,6,12
2022-06-12 07:04:00+00:00,32.29,32.33,32.29,32.31,1106.68,2022,6,12
2022-06-12 07:05:00+00:00,32.32,32.32,32.12,32.14,3645.36,2022,6,12
2022-06-12 07:06:00+00:00,32.14,32.18,32.08,32.13,4093.24,2022,6,12
2022-06-12 07:07:00+00:00,32.14,32.14,32.06,32.13,3182.21,2022,6,12
2022-06-12 07:08:00+00:00,32.14,32.22,32.13,32.22,1294.75,2022,6,12
2022-06-12 07:09:00+00:00,32.22,32.23,32.15,32.15,820.99,2022,6,12
2022-06-12 07:10:00+00:00,32.15,32.15,32.08,32.1,2529.43,2022,6,12
2022-06-12 07:11:00+00:00,32.1,32.16,32.06,32.08,5347.44,2022,6,12
2022-06-12 07:12:00+00:00,32.09,32.09,31.98,32.05,5576.27,2022,6,12
2022-06-12 07:13:00+00:00,32.07,32.12,32.04,32.08,3136.64,2022,6,12
2022-06-12 07:14:00+00:00,32.08,32.12,32.08,32.12,1564.72,2022,6,12
2022-06-12 07:15:00+00:00,32.13,32.14,32.02,32.02,1566.79,2022,6,12
2022-06-12 07:16:00+00:00,32.02,32.07,31.98,32.07,2075.29,2022,6,12
2022-06-12 07:17:00+00:00,32.07,32.09,32.03,32.04,1548.67,2022,6,12
2022-06-12 07:18:00+00:00,32.04,32.1,32.04,32.1,2255.72,2022,6,12
2022-06-12 07:19:00+00:00,32.09,32.12,32.04,32.05,1039.41,2022,6,12
2022-06-12 07:20:00+00:00,32.05,32.08,32.04,32.06,374.67,2022,6,12
2022-06-12 07:21:00+00:00,32.06,32.13,32.05,32.12,1286.5,2022,6,12
2022-06-12 07:22:00+00:00,32.12,32.13,32.05,32.08,1442.1,2022,6,12
2022-06-12 07:23:00+00:00,32.08,32.14,32.07,32.14,709.54,2022,6,12
2022-06-12 07:24:00+00:00,32.14,32.14,32.09,32.11,1280.8,2022,6,12
2022-06-12 07:25:00+00:00,32.11,32.13,32.08,32.09,1473.15,2022,6,12
2022-06-12 07:26:00+00:00,32.09,32.1,32.01,32.01,1109.15,2022,6,12
2022-06-12 07:27:00+00:00,32.01,32.09,32.01,32.08,1164.73,2022,6,12
2022-06-12 07:28:00+00:00,32.08,32.1,32.06,32.07,1562.4,2022,6,12
2022-06-12 07:29:00+00:00,32.06,32.06,32.01,32.01,571.86,2022,6,12
2022-06-12 07:30:00+00:00,32.01,32.03,31.97,32.0,1345.09,2022,6,12
2022-06-12 07:31:00+00:00,31.99,32.04,31.98,32.03,2313.81,2022,6,12
2022-06-12 07:32:00+00:00,32.02,32.04,31.97,31.99,1881.35,2022,6,12
2022-06-12 07:33:00+00:00,31.98,32.05,31.98,32.03,1388.29,2022,6,12
2022-06-12 07:34:00+00:00,32.02,32.03,32.0,32.02,1225.74,2022,6,12
2022-06-12 07:35:00+00:00,32.03,32.1,32.01,32.09,672.04,2022,6,12
2022-06-12 07:36:00+00:00,32.09,32.24,32.09,32.23,4142.39,2022,6,12
2022-06-12 07:37:00+00:00,32.22,32.22,32.16,32.18,1545.44,2022,6,12
2022-06-12 07:38:00+00:00,32.17,32.24,32.17,32.22,1007.81,2022,6,12
2022-06-12 07:39:00+00:00,32.22,32.31,32.21,32.27,1675.95,2022,6,12
2022-06-12 07:40:00+00:00,32.26,32.29,32.23,32.29,1540.71,2022,6,12
2022-06-12 07:41:00+00:00,32.3,32.34,32.24,32.31,5677.3,2022,6,12
2022-06-12 07:42:00+00:00,32.32,32.35,32.3,32.35,864.72,2022,6,12
2022-06-12 07:43:00+00:00,32.35,32.37,32.32,32.32,1250.85,2022,6,12
2022-06-12 07:44:00+00:00,32.33,32.33,32.28,32.28,1155.93,2022,6,12
2022-06-12 07:45:00+00:00,32.29,32.35,32.28,32.33,2162.85,2022,6,12
2022-06-12 07:46:00+00:00,32.32,32.36,32.31,32.32,1164.9,2022,6,12
2022-06-12 07:47:00+00:00,32.32,32.34,32.28,32.28,840.28,2022,6,12
2022-06-12 07:48:00+00:00,32.28,32.29,32.26,32.27,1405.61,2022,6,12
2022-06-12 07:49:00+00:00,32.26,32.27,32.16,32.17,1305.35,2022,6,12
2022-06-12 07:50:00+00:00,32.16,32.26,32.16,32.25,1260.99,2022,6,12
2022-06-12 07:51:00+00:00,32.26,32.43,32.25,32.43,4952.02,2022,6,12
2022-06-12 07:52:00+00:00,32.42,32.64,32.4,32.58,5352.92,2022,6,12
2022-06-12 07:53:00+00:00,32.58,32.66,32.5,32.64,12358.41,2022,6,12
2022-06-12 07:54:00+00:00,32.64,32.76,32.62,32.68,8955.79,2022,6,12
2022-06-12 07:55:00+00:00,32.69,32.93,32.65,32.86,11524.55,2022,6,12
2022-06-12 07:56:00+00:00,32.85,32.86,32.76,32.81,3417.71,2022,6,12
2022-06-12 07:57:00+00:00,32.8,32.91,32.8,32.84,5296.1,2022,6,12
2022-06-12 07:58:00+00:00,32.85,32.99,32.83,32.97,12495.56,2022,6,12
2022-06-12 07:59:00+00:00,32.97,33.2,32.95,33.16,30766.96,2022,6,12
2022-06-12 08:00:00+00:00,33.16,33.17,33.04,33.08,24555.31,2022,6,12
2022-06-12 08:01:00+00:00,33.08,33.09,32.98,32.99,7317.26,2022,6,12
2022-06-12 08:02:00+00:00,33.0,33.02,32.89,32.94,5003.12,2022,6,12
2022-06-12 08:03:00+00:00,32.94,32.94,32.85,32.91,5089.72,2022,6,12
2022-06-12 08:04:00+00:00,32.9,32.9,32.84,32.9,3440.67,2022,6,12
2022-06-12 08:05:00+00:00,32.89,32.94,32.87,32.92,4021.69,2022,6,12
2022-06-12 08:06:00+00:00,32.91,32.92,32.83,32.85,2897.09,2022,6,12
2022-06-12 08:07:00+00:00,32.84,32.87,32.81,32.87,1621.57,2022,6,12
2022-06-12 08:08:00+00:00,32.86,32.87,32.81,32.84,1515.16,2022,6,12
2022-06-12 08:09:00+00:00,32.85,32.85,32.83,32.85,1047.32,2022,6,12
2022-06-12 08:10:00+00:00,32.85,32.91,32.84,32.91,3591.68,2022,6,12
2022-06-12 08:11:00+00:00,32.91,32.93,32.83,32.86,1531.91,2022,6,12
2022-06-12 08:12:00+00:00,32.87,32.87,32.78,32.82,2294.58,2022,6,12
2022-06-12 08:13:00+00:00,32.81,32.85,32.8,32.85,1358.04,2022,6,12
2022-06-12 08:14:00+00:00,32.84,32.85,32.75,32.77,1971.1,2022,6,12
2022-06-12 08:15:00+00:00,32.77,32.91,32.77,32.87,6200.31,2022,6,12
2022-06-12 08:16:00+00:00,32.87,32.98,32.87,32.97,6276.58,2022,6,12
2022-06-12 08:17:00+00:00,32.96,32.98,32.9,32.93,1532.46,2022,6,12
2022-06-12 08:18:00+00:00,32.93,33.08,32.93,33.01,8172.29,2022,6,12
2022-06-12 08:19:00+00:00,33.02,33.09,33.01,33.07,1683.28,2022,6,12
2022-06-12 08:20:00+00:00,33.07,33.07,33.0,33.0,2116.77,2022,6,12
2022-06-12 08:21:00+00:00,33.01,33.04,33.0,33.03,849.89,2022,6,12
2022-06-12 08:22:00+00:00,33.03,33.05,33.02,33.03,988.24,2022,6,12
2022-06-12 08:23:00+00:00,33.04,33.04,33.02,33.03,482.1,2022,6,12
2022-06-12 08:24:00+00:00,33.03,33.08,33.01,33.01,3470.75,2022,6,12
2022-06-12 08:25:00+00:00,33.01,33.01,32.9,32.91,2103.59,2022,6,12
2022-06-12 08:26:00+00:00,32.92,33.07,32.92,33.07,2218.66,2022,6,12
2022-06-12 08:27:00+00:00,33.07,33.85,33.07,33.56,54127.92,2022,6,12
2022-06-12 08:28:00+00:00,33.55,33.61,33.4,33.52,13936.62,2022,6,12
2022-06-12 08:29:00+00:00,33.52,33.54,33.45,33.5,8308.08,2022,6,12
2022-06-12 08:30:00+00:00,33.5,33.7,33.39,33.57,28365.29,2022,6,12
2022-06-12 08:31:00+00:00,33.57,33.67,33.51,33.57,8755.73,2022,6,12
2022-06-12 08:32:00+00:00,33.59,33.68,33.56,33.58,9732.91,2022,6,12
2022-06-12 08:33:00+00:00,33.58,33.64,33.37,33.4,8997.12,2022,6,12
2022-06-12 08:34:00+00:00,33.41,33.42,33.23,33.33,9513.32,2022,6,12
2022-06-12 08:35:00+00:00,33.34,33.38,33.24,33.28,9521.99,2022,6,12
2022-06-12 08:36:00+00:00,33.27,33.31,33.22,33.29,5114.61,2022,6,12
2022-06-12 08:37:00+00:00,33.31,33.33,33.27,33.28,2925.11,2022,6,12
2022-06-12 08:38:00+00:00,33.27,33.27,33.16,33.17,3258.24,2022,6,12
2022-06-12 08:39:00+00:00,33.17,33.26,33.16,33.21,4194.68,2022,6,12
2022-06-12 08:40:00+00:00,33.21,33.24,33.17,33.19,2876.18,2022,6,12
2022-06-12 08:41:00+00:00,33.19,33.28,33.19,33.24,4546.01,2022,6,12
2022-06-12 08:42:00+00:00,33.24,33.26,33.22,33.22,2163.75,2022,6,12
2022-06-12 08:43:00+00:00,33.22,33.26,33.19,33.24,2943.27,2022,6,12
2022-06-12 08:44:00+00:00,33.24,33.26,33.19,33.23,6039.48,2022,6,12
2022-06-12 08:45:00+00:00,33.23,33.23,33.17,33.2,3153.15,2022,6,12
2022-06-12 08:46:00+00:00,33.2,33.22,33.15,33.15,2182.41,2022,6,12
2022-06-12 08:47:00+00:00,33.15,33.16,32.96,33.01,9691.97,2022,6,12
2022-06-12 08:48:00+00:00,33.01,33.07,32.95,33.03,5821.69,2022,6,12
2022-06-12 08:49:00+00:00,33.04,33.04,32.96,32.99,2179.03,2022,6,12
2022-06-12 08:50:00+00:00,32.98,33.0,32.95,32.99,1694.69,2022,6,12
2022-06-12 08:51:00+00:00,32.99,33.1,32.99,33.07,4339.17,2022,6,12
2022-06-12 08:52:00+00:00,33.07,33.09,33.02,33.04,1510.89,2022,6,12
2022-06-12 08:53:00+00:00,33.04,33.12,33.03,33.1,4569.46,2022,6,12
2022-06-12 08:54:00+00:00,33.11,33.11,33.04,33.05,2277.39,2022,6,12
2022-06-12 08:55:00+00:00,33.04,33.07,33.03,33.07,3332.93,2022,6,12
2022-06-12 08:56:00+00:00,33.07,33.11,33.07,33.07,1093.75,2022,6,12
2022-06-12 08:57:00+00:00,33.06,33.06,33.01,33.04,1032.76,2022,6,12
2022-06-12 08:58:00+00:00,33.03,33.05,33.01,33.04,876.37,2022,6,12
2022-06-12 08:59:00+00:00,33.04,33.05,33.0,33.04,943.55,2022,6,12
2022-06-12 09:00:00+00:00,33.04,33.04,33.01,33.02,3646.91,2022,6,12
2022-06-12 09:01:00+00:00,33.01,33.01,32.85,32.9,10716.8,2022,6,12
2022-06-12 09:02:00+00:00,32.91,33.03,32.91,33.01,1812.62,2022,6,12
2022-06-12 09:03:00+00:00,33.02,33.04,32.92,32.92,5278.74,2022,6,12
2022-06-12 09:04:00+00:00,32.93,33.02,32.92,33.0,2294.51,2022,6,12
2022-06-12 09:05:00+00:00,32.99,32.99,32.92,32.95,2308.01,2022,6,12
2022-06-12 09:06:00+00:00,32.95,33.0,32.95,32.96,1322.62,2022,6,12
2022-06-12 09:07:00+00:00,32.97,33.03,32.95,33.0,1721.62,2022,6,12
2022-06-12 09:08:00+00:00,32.98,33.03,32.97,33.01,1400.27,2022,6,12
2022-06-12 09:09:00+00:00,33.02,33.07,33.02,33.06,1409.98,2022,6,12
2022-06-12 09:10:00+00:00,33.06,33.19,33.06,33.16,4398.9,2022,6,12
2022-06-12 09:11:00+00:00,33.17,33.26,33.15,33.21,2712.4,2022,6,12
2022-06-12 09:12:00+00:00,33.21,33.22,33.19,33.22,819.01,2022,6,12
2022-06-12 09:13:00+00:00,33.2,33.24,33.13,33.13,1432.41,2022,6,12
2022-06-12 09:14:00+00:00,33.14,33.17,33.06,33.07,1017.83,2022,6,12
2022-06-12 09:15:00+00:00,33.06,33.08,32.94,32.97,4992.59,2022,6,12
2022-06-12 09:16:00+00:00,32.97,33.07,32.94,33.07,2455.86,2022,6,12
2022-06-12 09:17:00+00:00,33.07,33.23,33.07,33.23,3342.13,2022,6,12
2022-06-12 09:18:00+00:00,33.21,33.3,33.18,33.26,5032.34,2022,6,12
2022-06-12 09:19:00+00:00,33.26,33.35,33.22,33.22,6750.21,2022,6,12
2022-06-12 09:20:00+00:00,33.22,33.23,33.14,33.18,1697.13,2022,6,12
2022-06-12 09:21:00+00:00,33.19,33.19,33.14,33.17,2063.87,2022,6,12
2022-06-12 09:22:00+00:00,33.17,33.25,33.17,33.25,2616.62,2022,6,12
2022-06-12 09:23:00+00:00,33.25,33.35,33.25,33.35,3136.01,2022,6,12
2022-06-12 09:24:00+00:00,33.34,33.34,33.26,33.27,2727.93,2022,6,12
2022-06-12 09:25:00+00:00,33.27,33.31,33.25,33.28,2451.09,2022,6,12
2022-06-12 09:26:00+00:00,33.28,33.28,33.17,33.17,2407.03,2022,6,12
2022-06-12 09:27:00+00:00,33.17,33.26,33.17,33.24,3482.42,2022,6,12
2022-06-12 09:28:00+00:00,33.23,33.25,33.2,33.2,1604.05,2022,6,12
2022-06-12 09:29:00+00:00,33.2,33.26,33.2,33.23,1256.81,2022,6,12
2022-06-12 09:30:00+00:00,33.24,33.26,33.11,33.14,8395.8,2022,6,12
2022-06-12 09:31:00+00:00,33.12,33.14,33.04,33.06,3761.48,2022,6,12
2022-06-12 09:32:00+00:00,33.05,33.13,33.05,33.12,969.04,2022,6,12
2022-06-12 09:33:00+00:00,33.11,33.12,33.05,33.06,2691.62,2022,6,12
2022-06-12 09:34:00+00:00,33.05,33.05,32.9,32.98,3892.06,2022,6,12
2022-06-12 09:35:00+00:00,32.98,32.99,32.93,32.97,1932.75,2022,6,12
2022-06-12 09:36:00+00:00,32.97,33.04,32.95,33.0,2569.98,2022,6,12
2022-06-12 09:37:00+00:00,32.99,33.01,32.96,32.96,1230.2,2022,6,12
2022-06-12 09:38:00+00:00,32.95,32.99,32.94,32.98,1557.58,2022,6,12
2022-06-12 09:39:00+00:00,32.97,32.99,32.95,32.97,1164.44,2022,6,12
2022-06-12 09:40:00+00:00,32.97,32.99,32.81,32.86,3346.5,2022,6,12
2022-06-12 09:41:00+00:00,32.85,32.85,32.72,32.81,6911.25,2022,6,12
2022-06-12 09:42:00+00:00,32.81,32.94,32.81,32.88,4693.14,2022,6,12
2022-06-12 09:43:00+00:00,32.88,32.9,32.84,32.85,1639.67,2022,6,12
2022-06-12 09:44:00+00:00,32.85,32.9,32.85,32.87,1200.4,2022,6,12
2022-06-12 09:45:00+00:00,32.87,32.89,32.83,32.83,736.8,2022,6,12
2022-06-12 09:46:00+00:00,32.82,32.83,32.68,32.76,5177.74,2022,6,12
2022-06-12 09:47:00+00:00,32.76,32.87,32.73,32.81,3658.83,2022,6,12
2022-06-12 09:48:00+00:00,32.8,32.85,32.8,32.82,3441.24,2022,6,12
2022-06-12 09:49:00+00:00,32.84,32.85,32.8,32.81,443.51,2022,6,12
2022-06-12 09:50:00+00:00,32.81,32.84,32.8,32.83,989.88,2022,6,12
2022-06-12 09:51:00+00:00,32.83,32.83,32.79,32.79,1601.55,2022,6,12
2022-06-12 09:52:00+00:00,32.79,32.8,32.73,32.75,1390.51,2022,6,12
2022-06-12 09:53:00+00:00,32.75,32.84,32.75,32.77,1876.0,2022,6,12
2022-06-12 09:54:00+00:00,32.76,32.77,32.67,32.68,2829.29,2022,6,12
2022-06-12 09:55:00+00:00,32.68,32.72,32.57,32.59,4834.17,2022,6,12
2022-06-12 09:56:00+00:00,32.6,32.65,32.59,32.65,2134.28,2022,6,12
2022-06-12 09:57:00+00:00,32.65,32.69,32.63,32.67,1582.16,2022,6,12
2022-06-12 09:58:00+00:00,32.66,32.74,32.66,32.72,1144.51,2022,6,12
2022-06-12 09:59:00+00:00,32.72,32.72,32.56,32.57,3563.35,2022,6,12
2022-06-12 10:00:00+00:00,32.57,32.64,32.56,32.61,3048.44,2022,6,12
2022-06-12 10:01:00+00:00,32.6,32.65,32.58,32.64,1791.23,2022,6,12
2022-06-12 10:02:00+00:00,32.65,32.7,32.65,32.69,1610.57,2022,6,12
2022-06-12 10:03:00+00:00,32.69,32.72,32.69,32.69,3384.26,2022,6,12
2022-06-12 10:04:00+00:00,32.69,32.7,32.63,32.65,2441.06,2022,6,12
2022-06-12 10:05:00+00:00,32.65,32.66,32.6,32.61,3049.22,2022,6,12
2022-06-12 10:06:00+00:00,32.61,32.62,32.53,32.57,4073.43,2022,6,12
2022-06-12 10:07:00+00:00,32.57,32.58,32.42,32.49,9070.55,2022,6,12
2022-06-12 10:08:00+00:00,32.48,32.55,32.43,32.53,6757.63,2022,6,12
2022-06-12 10:09:00+00:00,32.54,32.65,32.54,32.58,2128.11,2022,6,12
2022-06-12 10:10:00+00:00,32.59,32.59,32.35,32.39,6706.53,2022,6,12
2022-06-12 10:11:00+00:00,32.39,32.53,32.39,32.42,4639.05,2022,6,12
2022-06-12 10:12:00+00:00,32.41,32.54,32.41,32.5,3113.16,2022,6,12
2022-06-12 10:13:00+00:00,32.49,32.53,32.47,32.49,5450.75,2022,6,12
2022-06-12 10:14:00+00:00,32.5,32.57,32.49,32.53,4669.61,2022,6,12
2022-06-12 10:15:00+00:00,32.53,32.54,32.46,32.54,3335.36,2022,6,12
2022-06-12 10:16:00+00:00,32.54,32.67,32.53,32.67,3322.68,2022,6,12
2022-06-12 10:17:00+00:00,32.67,32.68,32.63,32.64,4588.5,2022,6,12
2022-06-12 10:18:00+00:00,32.64,32.75,32.63,32.71,4229.92,2022,6,12
2022-06-12 10:19:00+00:00,32.71,32.78,32.69,32.72,6023.61,2022,6,12
2022-06-12 10:20:00+00:00,32.72,32.81,32.68,32.8,4795.17,2022,6,12
2022-06-12 10:21:00+00:00,32.8,32.82,32.75,32.81,2650.54,2022,6,12
2022-06-12 10:22:00+00:00,32.81,32.87,32.8,32.82,2859.78,2022,6,12
2022-06-12 10:23:00+00:00,32.81,32.82,32.75,32.77,895.93,2022,6,12
2022-06-12 10:24:00+00:00,32.78,32.78,32.72,32.74,4682.45,2022,6,12
2022-06-12 10:25:00+00:00,32.74,32.79,32.74,32.79,996.29,2022,6,12
2022-06-12 10:26:00+00:00,32.79,32.85,32.79,32.84,2174.21,2022,6,12
2022-06-12 10:27:00+00:00,32.84,32.98,32.84,32.93,3714.59,2022,6,12
2022-06-12 10:28:00+00:00,32.95,32.95,32.85,32.87,4936.44,2022,6,12
2022-06-12 10:29:00+00:00,32.88,32.94,32.86,32.86,3264.23,2022,6,12
2022-06-12 10:30:00+00:00,32.86,32.92,32.86,32.91,3140.6,2022,6,12
2022-06-12 10:31:00+00:00,32.92,32.99,32.89,32.9,3021.39,2022,6,12
2022-06-12 10:32:00+00:00,32.9,32.94,32.88,32.9,1598.29,2022,6,12
2022-06-12 10:33:00+00:00,32.9,32.98,32.88,32.95,1955.59,2022,6,12
2022-06-12 10:34:00+00:00,32.94,32.96,32.92,32.92,1189.76,2022,6,12
2022-06-12 10:35:00+00:00,32.93,32.97,32.88,32.97,2356.49,2022,6,12
2022-06-12 10:36:00+00:00,32.96,32.97,32.9,32.92,2838.31,2022,6,12
2022-06-12 10:37:00+00:00,32.91,32.98,32.9,32.96,2043.34,2022,6,12
2022-06-12 10:38:00+00:00,32.95,33.0,32.95,32.95,2500.46,2022,6,12
2022-06-12 10:39:00+00:00,32.94,32.96,32.91,32.92,989.21,2022,6,12
2022-06-12 10:40:00+00:00,32.92,32.96,32.92,32.96,956.74,2022,6,12
2022-06-12 10:41:00+00:00,32.96,33.05,32.95,33.02,4247.74,2022,6,12
2022-06-12 10:42:00+00:00,33.04,33.06,32.97,32.99,2046.16,2022,6,12
2022-06-12 10:43:00+00:00,33.0,33.0,32.86,32.92,1995.19,2022,6,12
2022-06-12 10:44:00+00:00,32.92,32.92,32.84,32.85,2074.42,2022,6,12
2022-06-12 10:45:00+00:00,32.86,32.88,32.8,32.85,728.56,2022,6,12
2022-06-12 10:46:00+00:00,32.84,32.87,32.78,32.78,834.15,2022,6,12
2022-06-12 10:47:00+00:00,32.78,32.82,32.74,32.76,3245.58,2022,6,12
2022-06-12 10:48:00+00:00,32.76,32.79,32.72,32.77,2523.03,2022,6,12
2022-06-12 10:49:00+00:00,32.77,32.81,32.57,32.6,11398.5,2022,6,12
2022-06-12 10:50:00+00:00,32.61,32.72,32.61,32.69,3947.23,2022,6,12
2022-06-12 10:51:00+00:00,32.69,32.7,32.54,32.58,4033.8,2022,6,12
2022-06-12 10:52:00+00:00,32.59,32.63,32.52,32.61,4427.01,2022,6,12
2022-06-12 10:53:00+00:00,32.62,32.66,32.59,32.62,1652.12,2022,6,12
2022-06-12 10:54:00+00:00,32.62,32.69,32.58,32.65,3169.15,2022,6,12
2022-06-12 10:55:00+00:00,32.66,32.71,32.64,32.69,950.04,2022,6,12
2022-06-12 10:56:00+00:00,32.69,32.71,32.61,32.62,1598.67,2022,6,12
2022-06-12 10:57:00+00:00,32.62,32.66,32.6,32.6,2323.73,2022,6,12
2022-06-12 10:58:00+00:00,32.6,32.63,32.55,32.58,4945.85,2022,6,12
2022-06-12 10:59:00+00:00,32.57,32.68,32.57,32.61,2540.54,2022,6,12
2022-06-12 11:00:00+00:00,32.61,32.63,32.52,32.53,5218.41,2022,6,12
2022-06-12 11:01:00+00:00,32.54,32.62,32.51,32.62,2703.96,2022,6,12
2022-06-12 11:02:00+00:00,32.62,32.63,32.58,32.6,3596.38,2022,6,12
2022-06-12 11:03:00+00:00,32.61,32.61,32.56,32.59,1338.86,2022,6,12
2022-06-12 11:04:00+00:00,32.59,32.59,32.49,32.52,12254.03,2022,6,12
2022-06-12 11:05:00+00:00,32.51,32.56,32.51,32.56,3243.22,2022,6,12
2022-06-12 11:06:00+00:00,32.57,32.59,32.5,32.51,3308.64,2022,6,12
2022-06-12 11:07:00+00:00,32.51,32.52,32.41,32.44,4849.19,2022,6,12
2022-06-12 11:08:00+00:00,32.44,32.52,32.43,32.5,2619.0,2022,6,12
2022-06-12 11:09:00+00:00,32.49,32.49,32.38,32.41,6845.1,2022,6,12
2022-06-12 11:10:00+00:00,32.4,32.48,32.37,32.45,5696.31,2022,6,12
2022-06-12 11:11:00+00:00,32.45,32.5,32.41,32.49,2944.96,2022,6,12
2022-06-12 11:12:00+00:00,32.5,32.6,32.5,32.6,4163.09,2022,6,12
2022-06-12 11:13:00+00:00,32.59,32.63,32.58,32.61,2860.32,2022,6,12
2022-06-12 11:14:00+00:00,32.6,32.71,32.58,32.65,10713.53,2022,6,12
2022-06-12 11:15:00+00:00,32.66,32.71,32.56,32.57,3382.31,2022,6,12
2022-06-12 11:16:00+00:00,32.57,32.64,32.56,32.64,1476.05,2022,6,12
2022-06-12 11:17:00+00:00,32.64,32.64,32.61,32.62,685.34,2022,6,12
2022-06-12 11:18:00+00:00,32.62,32.62,32.56,32.56,4586.9,2022,6,12
2022-06-12 11:19:00+00:00,32.56,32.61,32.51,32.61,3707.75,2022,6,12
2022-06-12 11:20:00+00:00,32.61,32.61,32.56,32.56,1109.7,2022,6,12
2022-06-12 11:21:00+00:00,32.56,32.58,32.55,32.57,579.44,2022,6,12
2022-06-12 11:22:00+00:00,32.57,32.58,32.52,32.52,659.58,2022,6,12
2022-06-12 11:23:00+00:00,32.53,32.54,32.36,32.38,4710.65,2022,6,12
2022-06-12 11:24:00+00:00,32.39,32.41,32.29,32.36,6305.41,2022,6,12
2022-06-12 11:25:00+00:00,32.38,32.45,32.38,32.4,1103.08,2022,6,12
2022-06-12 11:26:00+00:00,32.39,32.45,32.31,32.45,5095.51,2022,6,12
2022-06-12 11:27:00+00:00,32.45,32.47,32.37,32.39,1658.24,2022,6,12
2022-06-12 11:28:00+00:00,32.39,32.39,32.33,32.35,2049.48,2022,6,12
2022-06-12 11:29:00+00:00,32.35,32.38,32.32,32.35,2560.93,2022,6,12
2022-06-12 11:30:00+00:00,32.34,32.4,32.31,32.39,1561.85,2022,6,12
2022-06-12 11:31:00+00:00,32.39,32.45,32.38,32.4,5063.56,2022,6,12
2022-06-12 11:32:00+00:00,32.41,32.44,32.37,32.37,1360.42,2022,6,12
2022-06-12 11:33:00+00:00,32.36,32.43,32.35,32.41,2066.16,2022,6,12
2022-06-12 11:34:00+00:00,32.41,32.49,32.41,32.45,3538.19,2022,6,12
2022-06-12 11:35:00+00:00,32.45,32.54,32.42,32.54,5630.64,2022,6,12
2022-06-12 11:36:00+00:00,32.53,32.54,32.47,32.5,2261.8,2022,6,12
2022-06-12 11:37:00+00:00,32.5,32.54,32.49,32.51,2206.3,2022,6,12
2022-06-12 11:38:00+00:00,32.52,32.61,32.51,32.56,2978.98,2022,6,12
2022-06-12 11:39:00+00:00,32.56,32.65,32.56,32.6,2539.32,2022,6,12
2022-06-12 11:40:00+00:00,32.6,32.67,32.6,32.66,4125.75,2022,6,12
2022-06-12 11:41:00+00:00,32.66,32.66,32.51,32.57,2577.69,2022,6,12
2022-06-12 11:42:00+00:00,32.58,32.6,32.53,32.6,1970.16,2022,6,12
2022-06-12 11:43:00+00:00,32.61,32.63,32.54,32.57,2315.64,2022,6,12
2022-06-12 11:44:00+00:00,32.58,32.59,32.56,32.57,1434.0,2022,6,12
2022-06-12 11:45:00+00:00,32.58,32.64,32.57,32.61,3987.91,2022,6,12
2022-06-12 11:46:00+00:00,32.61,32.64,32.59,32.6,6084.22,2022,6,12
2022-06-12 11:47:00+00:00,32.61,32.63,32.6,32.61,1023.48,2022,6,12
2022-06-12 11:48:00+00:00,32.61,32.64,32.61,32.62,966.95,2022,6,12
2022-06-12 11:49:00+00:00,32.63,32.65,32.62,32.64,777.59,2022,6,12
2022-06-12 11:50:00+00:00,32.65,32.73,32.63,32.69,4776.17,2022,6,12
2022-06-12 11:51:00+00:00,32.71,32.8,32.7,32.72,6091.75,2022,6,12
2022-06-12 11:52:00+00:00,32.71,32.81,32.7,32.77,3909.4,2022,6,12
2022-06-12 11:53:00+00:00,32.78,32.89,32.78,32.8,5155.12,2022,6,12
2022-06-12 11:54:00+00:00,32.81,32.86,32.79,32.82,1746.72,2022,6,12
2022-06-12 11:55:00+00:00,32.82,32.82,32.73,32.77,952.43,2022,6,12
2022-06-12 11:56:00+00:00,32.78,32.82,32.72,32.74,932.48,2022,6,12
2022-06-12 11:57:00+00:00,32.75,32.77,32.72,32.75,2493.73,2022,6,12
2022-06-12 11:58:00+00:00,32.75,32.77,32.72,32.75,503.24,2022,6,12
2022-06-12 11:59:00+00:00,32.75,32.8,32.74,32.74,595.15,2022,6,12
2022-06-12 12:00:00+00:00,32.75,32.79,32.71,32.73,1889.58,2022,6,12
2022-06-12 12:01:00+00:00,32.73,32.75,32.71,32.72,1747.26,2022,6,12
2022-06-12 12:02:00+00:00,32.73,32.9,32.73,32.9,3365.17,2022,6,12
2022-06-12 12:03:00+00:00,32.91,32.91,32.85,32.86,2346.23,2022,6,12
2022-06-12 12:04:00+00:00,32.86,32.92,32.85,32.88,1171.38,2022,6,12
2022-06-12 12:05:00+00:00,32.87,32.89,32.83,32.88,666.22,2022,6,12
2022-06-12 12:06:00+00:00,32.89,32.89,32.83,32.86,1284.67,2022,6,12
2022-06-12 12:07:00+00:00,32.86,32.86,32.83,32.85,2016.56,2022,6,12
2022-06-12 12:08:00+00:00,32.85,32.85,32.78,32.8,1836.6,2022,6,12
2022-06-12 12:09:00+00:00,32.81,32.86,32.81,32.81,4112.57,2022,6,12
2022-06-12 12:10:00+00:00,32.81,32.87,32.81,32.86,584.15,2022,6,12
2022-06-12 12:11:00+00:00,32.87,32.87,32.82,32.86,642.65,2022,6,12
2022-06-12 12:12:00+00:00,32.87,32.89,32.84,32.87,1484.36,2022,6,12
2022-06-12 12:13:00+00:00,32.87,32.88,32.81,32.81,2072.38,2022,6,12
2022-06-12 12:14:00+00:00,32.81,32.86,32.81,32.85,491.24,2022,6,12
2022-06-12 12:15:00+00:00,32.86,32.95,32.86,32.91,2981.35,2022,6,12
2022-06-12 12:16:00+00:00,32.91,32.91,32.86,32.86,1083.91,2022,6,12
2022-06-12 12:17:00+00:00,32.86,32.86,32.7,32.71,3813.58,2022,6,12
2022-06-12 12:18:00+00:00,32.71,32.77,32.69,32.76,1668.81,2022,6,12
2022-06-12 12:19:00+00:00,32.76,32.76,32.71,32.73,1061.57,2022,6,12
2022-06-12 12:20:00+00:00,32.73,32.75,32.7,32.7,548.32,2022,6,12
2022-06-12 12:21:00+00:00,32.7,32.74,32.66,32.74,1883.93,2022,6,12
2022-06-12 12:22:00+00:00,32.74,32.77,32.72,32.77,1010.07,2022,6,12
2022-06-12 12:23:00+00:00,32.77,32.88,32.76,32.79,1864.5,2022,6,12
2022-06-12 12:24:00+00:00,32.79,32.82,32.78,32.81,849.37,2022,6,12
2022-06-12 12:25:00+00:00,32.81,32.85,32.81,32.85,975.74,2022,6,12
2022-06-12 12:26:00+00:00,32.86,32.95,32.86,32.89,5436.01,2022,6,12
2022-06-12 12:27:00+00:00,32.89,33.01,32.88,32.99,5245.67,2022,6,12
2022-06-12 12:28:00+00:00,32.98,33.08,32.98,33.02,5598.28,2022,6,12
2022-06-12 12:29:00+00:00,33.02,33.02,32.94,32.94,1388.38,2022,6,12
2022-06-12 12:30:00+00:00,32.94,33.05,32.94,33.05,3547.06,2022,6,12
2022-06-12 12:31:00+00:00,33.05,33.06,32.99,33.02,3031.31,2022,6,12
2022-06-12 12:32:00+00:00,33.02,33.02,33.0,33.02,664.73,2022,6,12
2022-06-12 12:33:00+00:00,33.02,33.02,32.94,32.98,1185.36,2022,6,12
2022-06-12 12:34:00+00:00,32.99,32.99,32.93,32.94,1141.37,2022,6,12
2022-06-12 12:35:00+00:00,32.94,32.94,32.9,32.91,674.15,2022,6,12
2022-06-12 12:36:00+00:00,32.92,32.92,32.88,32.89,309.52,2022,6,12
2022-06-12 12:37:00+00:00,32.89,32.93,32.88,32.88,3003.66,2022,6,12
2022-06-12 12:38:00+00:00,32.87,32.89,32.87,32.87,1148.1,2022,6,12
2022-06-12 12:39:00+00:00,32.86,32.87,32.69,32.69,7846.24,2022,6,12
2022-06-12 12:40:00+00:00,32.69,32.76,32.69,32.74,2344.86,2022,6,12
2022-06-12 12:41:00+00:00,32.74,32.74,32.61,32.65,2482.66,2022,6,12
2022-06-12 12:42:00+00:00,32.65,32.66,32.56,32.58,5821.14,2022,6,12
2022-06-12 12:43:00+00:00,32.58,32.63,32.57,32.6,2592.02,2022,6,12
2022-06-12 12:44:00+00:00,32.61,32.63,32.59,32.59,731.44,2022,6,12
2022-06-12 12:45:00+00:00,32.59,32.67,32.56,32.66,3156.92,2022,6,12
2022-06-12 12:46:00+00:00,32.66,32.73,32.63,32.73,2712.07,2022,6,12
2022-06-12 12:47:00+00:00,32.73,32.76,32.67,32.73,2177.94,2022,6,12
2022-06-12 12:48:00+00:00,32.73,32.75,32.66,32.67,1997.73,2022,6,12
2022-06-12 12:49:00+00:00,32.67,32.68,32.62,32.64,2001.89,2022,6,12
2022-06-12 12:50:00+00:00,32.63,32.7,32.63,32.67,1620.84,2022,6,12
2022-06-12 12:51:00+00:00,32.67,32.67,32.6,32.61,1947.84,2022,6,12
2022-06-12 12:52:00+00:00,32.61,32.68,32.6,32.66,1240.43,2022,6,12
2022-06-12 12:53:00+00:00,32.67,32.67,32.62,32.65,1696.93,2022,6,12
2022-06-12 12:54:00+00:00,32.65,32.67,32.64,32.64,468.59,2022,6,12
2022-06-12 12:55:00+00:00,32.63,32.63,32.58,32.59,966.48,2022,6,12
2022-06-12 12:56:00+00:00,32.6,32.67,32.59,32.63,1290.92,2022,6,12
2022-06-12 12:57:00+00:00,32.62,32.63,32.59,32.61,984.26,2022,6,12
2022-06-12 12:58:00+00:00,32.61,32.65,32.6,32.63,4014.59,2022,6,12
2022-06-12 12:59:00+00:00,32.62,32.64,32.52,32.55,6079.63,2022,6,12
2022-06-12 13:00:00+00:00,32.54,32.63,32.49,32.63,7483.46,2022,6,12
2022-06-12 13:01:00+00:00,32.64,32.72,32.62,32.67,2314.82,2022,6,12
2022-06-12 13:02:00+00:00,32.67,32.71,32.66,32.7,1640.4,2022,6,12
2022-06-12 13:03:00+00:00,32.7,32.7,32.55,32.55,2248.87,2022,6,12
2022-06-12 13:04:00+00:00,32.55,32.55,32.41,32.43,14848.42,2022,6,12
2022-06-12 13:05:00+00:00,32.43,32.48,32.37,32.46,8138.46,2022,6,12
2022-06-12 13:06:00+00:00,32.47,32.48,32.43,32.44,1298.54,2022,6,12
2022-06-12 13:07:00+00:00,32.44,32.46,32.35,32.39,5498.13,2022,6,12
2022-06-12 13:08:00+00:00,32.38,32.4,32.36,32.38,2259.24,2022,6,12
2022-06-12 13:09:00+00:00,32.37,32.41,32.35,32.36,1982.86,2022,6,12
2022-06-12 13:10:00+00:00,32.36,32.37,32.22,32.26,7194.89,2022,6,12
2022-06-12 13:11:00+00:00,32.26,32.33,32.25,32.32,1078.98,2022,6,12
2022-06-12 13:12:00+00:00,32.32,32.44,32.32,32.35,12553.35,2022,6,12
2022-06-12 13:13:00+00:00,32.37,32.4,32.35,32.38,866.34,2022,6,12
2022-06-12 13:14:00+00:00,32.38,32.41,32.37,32.41,1514.16,2022,6,12
2022-06-12 13:15:00+00:00,32.42,32.46,32.39,32.43,1947.26,2022,6,12
2022-06-12 13:16:00+00:00,32.43,32.46,32.41,32.41,2665.58,2022,6,12
2022-06-12 13:17:00+00:00,32.4,32.4,32.23,32.28,10726.99,2022,6,12
2022-06-12 13:18:00+00:00,32.27,32.28,32.17,32.21,4271.45,2022,6,12
2022-06-12 13:19:00+00:00,32.21,32.27,32.21,32.27,421.29,2022,6,12
2022-06-12 13:20:00+00:00,32.27,32.34,32.26,32.29,1841.45,2022,6,12
2022-06-12 13:21:00+00:00,32.29,32.29,32.2,32.2,1498.89,2022,6,12
2022-06-12 13:22:00+00:00,32.2,32.26,32.17,32.26,2103.17,2022,6,12
2022-06-12 13:23:00+00:00,32.26,32.28,32.23,32.27,1167.51,2022,6,12
2022-06-12 13:24:00+00:00,32.27,32.35,32.25,32.35,1571.65,2022,6,12
2022-06-12 13:25:00+00:00,32.35,32.35,32.26,32.27,1145.41,2022,6,12
2022-06-12 13:26:00+00:00,32.27,32.27,32.23,32.23,854.2,2022,6,12
2022-06-12 13:27:00+00:00,32.24,32.25,32.19,32.22,2583.83,2022,6,12
2022-06-12 13:28:00+00:00,32.23,32.25,32.18,32.2,2804.61,2022,6,12
2022-06-12 13:29:00+00:00,32.2,32.28,32.14,32.24,3897.48,2022,6,12
2022-06-12 13:30:00+00:00,32.23,32.3,32.21,32.23,2322.78,2022,6,12
2022-06-12 13:31:00+00:00,32.23,32.26,32.22,32.23,3046.92,2022,6,12
2022-06-12 13:32:00+00:00,32.22,32.22,32.16,32.18,2436.73,2022,6,12
2022-06-12 13:33:00+00:00,32.17,32.22,32.17,32.2,2738.32,2022,6,12
2022-06-12 13:34:00+00:00,32.19,32.27,32.18,32.21,3225.63,2022,6,12
2022-06-12 13:35:00+00:00,32.2,32.23,32.2,32.23,1051.66,2022,6,12
2022-06-12 13:36:00+00:00,32.22,32.25,32.2,32.2,2939.01,2022,6,12
2022-06-12 13:37:00+00:00,32.2,32.2,32.08,32.14,5314.83,2022,6,12
2022-06-12 13:38:00+00:00,32.14,32.18,32.12,32.14,3116.66,2022,6,12
2022-06-12 13:39:00+00:00,32.14,32.14,32.07,32.09,2931.0,2022,6,12
2022-06-12 13:40:00+00:00,32.08,32.24,32.07,32.23,4806.34,2022,6,12
2022-06-12 13:41:00+00:00,32.23,32.23,32.16,32.19,2661.64,2022,6,12
2022-06-12 13:42:00+00:00,32.19,32.2,32.13,32.17,1321.39,2022,6,12
2022-06-12 13:43:00+00:00,32.17,32.18,32.14,32.15,2247.47,2022,6,12
2022-06-12 13:44:00+00:00,32.14,32.22,32.13,32.19,1583.44,2022,6,12
2022-06-12 13:45:00+00:00,32.19,32.2,31.97,32.05,15032.83,2022,6,12
2022-06-12 13:46:00+00:00,32.05,32.11,31.96,32.04,7723.56,2022,6,12
2022-06-12 13:47:00+00:00,32.04,32.11,32.02,32.03,2838.84,2022,6,12
2022-06-12 13:48:00+00:00,32.04,32.06,32.02,32.02,1085.39,2022,6,12
2022-06-12 13:49:00+00:00,32.03,32.04,31.98,31.98,1753.03,2022,6,12
2022-06-12 13:50:00+00:00,31.99,32.09,31.99,32.09,2349.64,2022,6,12
2022-06-12 13:51:00+00:00,32.09,32.1,32.05,32.08,1968.51,2022,6,12
2022-06-12 13:52:00+00:00,32.08,32.08,32.0,32.03,5211.62,2022,6,12
2022-06-12 13:53:00+00:00,32.02,32.06,31.85,31.89,10980.79,2022,6,12
2022-06-12 13:54:00+00:00,31.88,31.91,31.77,31.89,18169.29,2022,6,12
2022-06-12 13:55:00+00:00,31.88,31.89,31.81,31.88,3925.02,2022,6,12
2022-06-12 13:56:00+00:00,31.88,31.97,31.87,31.97,4913.63,2022,6,12
2022-06-12 13:57:00+00:00,31.97,31.99,31.9,31.93,1432.87,2022,6,12
2022-06-12 13:58:00+00:00,31.94,31.97,31.92,31.96,1251.95,2022,6,12
2022-06-12 13:59:00+00:00,31.96,32.0,31.91,31.92,4379.48,2022,6,12
2022-06-12 14:00:00+00:00,31.92,31.97,31.86,31.97,8449.48,2022,6,12
2022-06-12 14:01:00+00:00,31.98,32.1,31.96,32.0,10075.07,2022,6,12
2022-06-12 14:02:00+00:00,32.01,32.06,31.96,32.05,4840.97,2022,6,12
2022-06-12 14:03:00+00:00,32.05,32.08,31.96,31.98,2803.04,2022,6,12
2022-06-12 14:04:00+00:00,31.97,32.03,31.95,31.96,6172.24,2022,6,12
2022-06-12 14:05:00+00:00,31.97,31.98,31.88,31.88,1964.32,2022,6,12
2022-06-12 14:06:00+00:00,31.89,31.97,31.89,31.94,5262.33,2022,6,12
2022-06-12 14:07:00+00:00,31.94,31.97,31.93,31.93,1470.34,2022,6,12
2022-06-12 14:08:00+00:00,31.93,31.98,31.91,31.97,899.55,2022,6,12
2022-06-12 14:09:00+00:00,31.97,32.03,31.96,31.99,1158.0,2022,6,12
2022-06-12 14:10:00+00:00,31.98,31.98,31.92,31.95,1136.88,2022,6,12
2022-06-12 14:11:00+00:00,31.96,31.98,31.95,31.95,985.81,2022,6,12
2022-06-12 14:12:00+00:00,31.96,31.96,31.82,31.84,4824.98,2022,6,12
2022-06-12 14:13:00+00:00,31.84,31.91,31.83,31.84,1437.59,2022,6,12
2022-06-12 14:14:00+00:00,31.85,31.87,31.78,31.8,4469.63,2022,6,12
2022-06-12 14:15:00+00:00,31.8,31.87,31.7,31.71,6787.67,2022,6,12
2022-06-12 14:16:00+00:00,31.71,31.76,31.52,31.57,26287.67,2022,6,12
2022-06-12 14:17:00+00:00,31.56,31.57,31.41,31.48,15443.99,2022,6,12
2022-06-12 14:18:00+00:00,31.48,31.56,31.4,31.42,4660.17,2022,6,12
2022-06-12 14:19:00+00:00,31.43,31.58,31.42,31.45,4741.81,2022,6,12
2022-06-12 14:20:00+00:00,31.46,31.52,31.43,31.47,6088.4,2022,6,12
2022-06-12 14:21:00+00:00,31.46,31.61,31.46,31.61,5280.42,2022,6,12
2022-06-12 14:22:00+00:00,31.6,31.7,31.53,31.7,5546.06,2022,6,12
2022-06-12 14:23:00+00:00,31.71,31.81,31.68,31.77,10698.38,2022,6,12
2022-06-12 14:24:00+00:00,31.78,32.28,31.78,32.27,24647.77,2022,6,12
2022-06-12 14:25:00+00:00,32.27,32.73,32.24,32.5,47410.71,2022,6,12
2022-06-12 14:26:00+00:00,32.5,32.52,32.31,32.43,11682.99,2022,6,12
2022-06-12 14:27:00+00:00,32.42,32.42,32.32,32.33,5150.04,2022,6,12
2022-06-12 14:28:00+00:00,32.33,32.66,32.31,32.57,10314.41,2022,6,12
2022-06-12 14:29:00+00:00,32.58,32.65,32.46,32.56,7306.64,2022,6,12
2022-06-12 14:30:00+00:00,32.56,33.09,32.52,33.01,23957.03,2022,6,12
2022-06-12 14:31:00+00:00,33.02,33.49,33.01,33.15,44653.89,2022,6,12
2022-06-12 14:32:00+00:00,33.14,33.35,33.14,33.24,13657.71,2022,6,12
2022-06-12 14:33:00+00:00,33.25,33.25,33.03,33.1,18949.51,2022,6,12
2022-06-12 14:34:00+00:00,33.1,33.22,33.03,33.03,7316.9,2022,6,12
2022-06-12 14:35:00+00:00,33.02,33.06,32.84,32.86,13913.64,2022,6,12
2022-06-12 14:36:00+00:00,32.85,33.02,32.85,33.02,5003.61,2022,6,12
2022-06-12 14:37:00+00:00,33.03,33.14,32.99,33.07,9334.97,2022,6,12
2022-06-12 14:38:00+00:00,33.07,33.22,33.07,33.11,9595.18,2022,6,12
2022-06-12 14:39:00+00:00,33.11,33.12,32.98,33.0,2927.28,2022,6,12
2022-06-12 14:40:00+00:00,32.99,33.07,32.97,32.99,7833.12,2022,6,12
2022-06-12 14:41:00+00:00,32.99,32.99,32.76,32.81,20982.84,2022,6,12
2022-06-12 14:42:00+00:00,32.81,32.88,32.74,32.86,6188.49,2022,6,12
2022-06-12 14:43:00+00:00,32.85,32.9,32.78,32.82,3848.75,2022,6,12
2022-06-12 14:44:00+00:00,32.82,32.86,32.74,32.74,2410.34,2022,6,12
2022-06-12 14:45:00+00:00,32.75,32.83,32.59,32.81,11768.82,2022,6,12
2022-06-12 14:46:00+00:00,32.82,32.95,32.8,32.91,4137.26,2022,6,12
2022-06-12 14:47:00+00:00,32.9,33.03,32.87,32.97,8112.53,2022,6,12
2022-06-12 14:48:00+00:00,32.97,33.06,32.93,32.97,4988.2,2022,6,12
2022-06-12 14:49:00+00:00,32.96,33.01,32.94,32.95,2295.74,2022,6,12
2022-06-12 14:50:00+00:00,32.95,33.2,32.94,33.14,5378.08,2022,6,12
2022-06-12 14:51:00+00:00,33.17,33.49,33.17,33.36,26458.9,2022,6,12
2022-06-12 14:52:00+00:00,33.36,33.71,33.36,33.6,20926.29,2022,6,12
2022-06-12 14:53:00+00:00,33.6,33.67,33.45,33.67,10481.33,2022,6,12
2022-06-12 14:54:00+00:00,33.67,34.05,33.67,33.81,41660.53,2022,6,12
2022-06-12 14:55:00+00:00,33.81,33.86,33.68,33.86,9251.56,2022,6,12
2022-06-12 14:56:00+00:00,33.85,33.85,33.52,33.54,17581.1,2022,6,12
2022-06-12 14:57:00+00:00,33.55,33.58,33.4,33.43,6410.17,2022,6,12
2022-06-12 14:58:00+00:00,33.43,33.58,33.4,33.49,2952.79,2022,6,12
2022-06-12 14:59:00+00:00,33.5,33.57,33.41,33.52,4397.84,2022,6,12
2022-06-12 15:00:00+00:00,33.53,33.56,33.43,33.53,8606.51,2022,6,12
2022-06-12 15:01:00+00:00,33.53,33.83,33.47,33.81,14202.96,2022,6,12
2022-06-12 15:02:00+00:00,33.8,34.03,33.71,33.76,18825.35,2022,6,12
2022-06-12 15:03:00+00:00,33.76,33.85,33.61,33.67,3741.5,2022,6,12
2022-06-12 15:04:00+00:00,33.66,33.76,33.61,33.74,4164.46,2022,6,12
2022-06-12 15:05:00+00:00,33.73,33.73,33.65,33.65,2731.93,2022,6,12
2022-06-12 15:06:00+00:00,33.65,33.79,33.64,33.78,2363.36,2022,6,12
2022-06-12 15:07:00+00:00,33.77,33.8,33.68,33.77,5415.86,2022,6,12
2022-06-12 15:08:00+00:00,33.77,34.5,33.75,34.36,42091.86,2022,6,12
2022-06-12 15:09:00+00:00,34.35,34.36,33.87,33.94,35245.58,2022,6,12
2022-06-12 15:10:00+00:00,33.94,34.11,33.91,34.02,13282.19,2022,6,12
2022-06-12 15:11:00+00:00,34.02,34.07,33.95,34.01,5505.08,2022,6,12
2022-06-12 15:12:00+00:00,34.02,34.04,33.88,33.88,4182.59,2022,6,12
2022-06-12 15:13:00+00:00,33.87,33.87,33.65,33.75,15146.34,2022,6,12
2022-06-12 15:14:00+00:00,33.75,33.85,33.69,33.71,3855.11,2022,6,12
2022-06-12 15:15:00+00:00,33.71,34.0,33.62,33.98,16972.07,2022,6,12
2022-06-12 15:16:00+00:00,33.96,33.98,33.8,33.87,15573.59,2022,6,12
2022-06-12 15:17:00+00:00,33.88,34.01,33.83,33.9,16431.92,2022,6,12
2022-06-12 15:18:00+00:00,33.91,34.26,33.9,34.2,18405.96,2022,6,12
2022-06-12 15:19:00+00:00,34.2,34.29,34.09,34.15,8464.11,2022,6,12
2022-06-12 15:20:00+00:00,34.15,34.27,34.04,34.04,12632.1,2022,6,12
2022-06-12 15:21:00+00:00,34.05,34.05,33.93,33.96,5146.36,2022,6,12
2022-06-12 15:22:00+00:00,33.95,33.99,33.87,33.9,6703.05,2022,6,12
2022-06-12 15:23:00+00:00,33.89,33.92,33.81,33.86,10360.73,2022,6,12
2022-06-12 15:24:00+00:00,33.86,33.89,33.76,33.84,11040.79,2022,6,12
2022-06-12 15:25:00+00:00,33.84,33.91,33.78,33.82,3298.24,2022,6,12
2022-06-12 15:26:00+00:00,33.83,33.86,33.71,33.74,7476.58,2022,6,12
2022-06-12 15:27:00+00:00,33.74,33.89,33.72,33.83,2891.79,2022,6,12
2022-06-12 15:28:00+00:00,33.83,33.92,33.83,33.87,3622.6,2022,6,12
2022-06-12 15:29:00+00:00,33.87,34.0,33.86,33.95,4101.52,2022,6,12
2022-06-12 15:30:00+00:00,33.96,34.0,33.87,33.97,5857.83,2022,6,12
2022-06-12 15:31:00+00:00,33.98,33.99,33.88,33.91,3143.3,2022,6,12
2022-06-12 15:32:00+00:00,33.9,34.03,33.88,34.03,3129.15,2022,6,12
2022-06-12 15:33:00+00:00,34.02,34.08,33.95,33.95,3541.85,2022,6,12
2022-06-12 15:34:00+00:00,33.95,34.17,33.95,34.1,10598.18,2022,6,12
2022-06-12 15:35:00+00:00,34.1,34.15,34.0,34.11,8874.72,2022,6,12
2022-06-12 15:36:00+00:00,34.11,34.15,33.95,34.03,16531.72,2022,6,12
2022-06-12 15:37:00+00:00,34.05,34.05,33.89,33.89,21135.32,2022,6,12
2022-06-12 15:38:00+00:00,33.88,33.97,33.85,33.97,5912.02,2022,6,12
2022-06-12 15:39:00+00:00,33.97,34.01,33.88,33.91,2506.08,2022,6,12
2022-06-12 15:40:00+00:00,33.91,33.94,33.86,33.88,5273.03,2022,6,12
2022-06-12 15:41:00+00:00,33.87,33.94,33.84,33.93,4014.31,2022,6,12
2022-06-12 15:42:00+00:00,33.93,34.11,33.93,34.07,3317.0,2022,6,12
2022-06-12 15:43:00+00:00,34.06,34.21,34.06,34.06,7227.88,2022,6,12
2022-06-12 15:44:00+00:00,34.06,34.15,34.06,34.15,5146.06,2022,6,12
2022-06-12 15:45:00+00:00,34.16,34.19,34.09,34.1,7784.22,2022,6,12
2022-06-12 15:46:00+00:00,34.09,34.11,33.88,33.89,7138.62,2022,6,12
2022-06-12 15:47:00+00:00,33.9,33.94,33.77,33.83,9374.71,2022,6,12
2022-06-12 15:48:00+00:00,33.84,33.98,33.84,33.95,5741.03,2022,6,12
2022-06-12 15:49:00+00:00,33.95,34.01,33.9,33.96,3496.25,2022,6,12
2022-06-12 15:50:00+00:00,33.94,33.98,33.84,33.85,3955.8,2022,6,12
2022-06-12 15:51:00+00:00,33.85,33.92,33.84,33.84,6217.39,2022,6,12
2022-06-12 15:52:00+00:00,33.85,33.98,33.81,33.94,3547.51,2022,6,12
2022-06-12 15:53:00+00:00,33.93,34.04,33.92,34.0,5212.32,2022,6,12
2022-06-12 15:54:00+00:00,34.0,34.03,33.92,33.97,2748.72,2022,6,12
2022-06-12 15:55:00+00:00,33.98,34.01,33.95,33.97,1348.54,2022,6,12
2022-06-12 15:56:00+00:00,33.97,34.06,33.94,34.02,2503.48,2022,6,12
2022-06-12 15:57:00+00:00,34.02,34.04,33.95,33.95,1453.44,2022,6,12
2022-06-12 15:58:00+00:00,33.96,34.09,33.96,34.05,1630.42,2022,6,12
2022-06-12 15:59:00+00:00,34.05,34.07,34.01,34.01,2068.28,2022,6,12
2022-06-12 16:00:00+00:00,34.0,34.01,33.81,33.85,4106.67,2022,6,12
2022-06-12 16:01:00+00:00,33.86,33.98,33.81,33.95,3825.17,2022,6,12
2022-06-12 16:02:00+00:00,33.96,34.01,33.94,33.94,2592.84,2022,6,12
2022-06-12 16:03:00+00:00,33.93,34.0,33.9,33.96,5444.01,2022,6,12
2022-06-12 16:04:00+00:00,33.96,33.99,33.91,33.94,1345.33,2022,6,12
2022-06-12 16:05:00+00:00,33.94,33.94,33.82,33.85,2398.38,2022,6,12
2022-06-12 16:06:00+00:00,33.84,33.93,33.84,33.93,3544.5,2022,6,12
2022-06-12 16:07:00+00:00,33.92,34.0,33.9,34.0,1628.64,2022,6,12
2022-06-12 16:08:00+00:00,33.99,34.12,33.97,34.1,4051.3,2022,6,12
2022-06-12 16:09:00+00:00,34.1,34.1,34.03,34.08,2717.04,2022,6,12
2022-06-12 16:10:00+00:00,34.07,34.13,33.98,33.98,7206.53,2022,6,12
2022-06-12 16:11:00+00:00,33.99,34.08,33.95,33.95,2069.48,2022,6,12
2022-06-12 16:12:00+00:00,33.96,34.1,33.95,34.01,3758.48,2022,6,12
2022-06-12 16:13:00+00:00,34.0,34.06,33.97,34.04,2394.19,2022,6,12
2022-06-12 16:14:00+00:00,34.04,34.18,34.04,34.15,2695.75,2022,6,12
2022-06-12 16:15:00+00:00,34.15,34.29,34.1,34.14,7793.33,2022,6,12
2022-06-12 16:16:00+00:00,34.14,34.22,34.1,34.11,3091.15,2022,6,12
2022-06-12 16:17:00+00:00,34.11,34.13,34.07,34.11,1772.62,2022,6,12
2022-06-12 16:18:00+00:00,34.11,34.19,34.11,34.17,2204.26,2022,6,12
2022-06-12 16:19:00+00:00,34.17,34.2,34.13,34.13,2458.73,2022,6,12
2022-06-12 16:20:00+00:00,34.14,34.15,34.02,34.02,3346.7,2022,6,12
2022-06-12 16:21:00+00:00,34.03,34.09,33.96,33.97,5655.31,2022,6,12
2022-06-12 16:22:00+00:00,33.97,34.04,33.94,34.0,1882.32,2022,6,12
2022-06-12 16:23:00+00:00,33.99,33.99,33.93,33.97,2070.94,2022,6,12
2022-06-12 16:24:00+00:00,33.98,34.0,33.95,34.0,653.12,2022,6,12
2022-06-12 16:25:00+00:00,34.0,34.05,33.96,34.05,1974.91,2022,6,12
2022-06-12 16:26:00+00:00,34.05,34.05,33.97,33.99,3496.38,2022,6,12
2022-06-12 16:27:00+00:00,33.98,34.01,33.98,34.0,910.19,2022,6,12
2022-06-12 16:28:00+00:00,33.99,34.0,33.92,33.92,1193.74,2022,6,12
2022-06-12 16:29:00+00:00,33.91,33.91,33.8,33.82,4139.51,2022,6,12
2022-06-12 16:30:00+00:00,33.82,33.87,33.79,33.84,11229.42,2022,6,12
2022-06-12 16:31:00+00:00,33.84,33.93,33.83,33.92,1222.69,2022,6,12
2022-06-12 16:32:00+00:00,33.92,33.93,33.9,33.93,1824.8,2022,6,12
2022-06-12 16:33:00+00:00,33.93,33.96,33.92,33.95,2336.3,2022,6,12
2022-06-12 16:34:00+00:00,33.95,33.96,33.85,33.85,1237.71,2022,6,12
2022-06-12 16:35:00+00:00,33.85,33.87,33.81,33.85,1812.66,2022,6,12
2022-06-12 16:36:00+00:00,33.85,33.91,33.83,33.83,1231.54,2022,6,12
2022-06-12 16:37:00+00:00,33.85,33.86,33.77,33.77,3628.67,2022,6,12
2022-06-12 16:38:00+00:00,33.77,33.83,33.76,33.76,2359.16,2022,6,12
2022-06-12 16:39:00+00:00,33.77,33.77,33.57,33.58,6230.62,2022,6,12
2022-06-12 16:40:00+00:00,33.58,33.81,33.57,33.76,4987.01,2022,6,12
2022-06-12 16:41:00+00:00,33.76,33.79,33.68,33.71,2370.54,2022,6,12
2022-06-12 16:42:00+00:00,33.72,33.82,33.71,33.82,4327.92,2022,6,12
2022-06-12 16:43:00+00:00,33.83,33.87,33.8,33.86,2060.66,2022,6,12
2022-06-12 16:44:00+00:00,33.86,33.95,33.85,33.86,2830.94,2022,6,12
2022-06-12 16:45:00+00:00,33.87,33.89,33.82,33.86,1509.62,2022,6,12
2022-06-12 16:46:00+00:00,33.86,33.9,33.84,33.89,1452.94,2022,6,12
2022-06-12 16:47:00+00:00,33.89,33.95,33.86,33.86,2433.24,2022,6,12
2022-06-12 16:48:00+00:00,33.86,33.95,33.86,33.95,1967.89,2022,6,12
2022-06-12 16:49:00+00:00,33.96,33.96,33.86,33.89,1111.66,2022,6,12
2022-06-12 16:50:00+00:00,33.88,33.88,33.81,33.84,2301.03,2022,6,12
2022-06-12 16:51:00+00:00,33.85,33.87,33.83,33.83,755.22,2022,6,12
2022-06-12 16:52:00+00:00,33.83,33.84,33.76,33.78,2445.37,2022,6,12
2022-06-12 16:53:00+00:00,33.77,33.77,33.67,33.72,6732.68,2022,6,12
2022-06-12 16:54:00+00:00,33.72,33.78,33.7,33.77,1981.35,2022,6,12
2022-06-12 16:55:00+00:00,33.78,33.84,33.67,33.68,5196.33,2022,6,12
2022-06-12 16:56:00+00:00,33.67,33.67,33.48,33.54,13423.37,2022,6,12
2022-06-12 16:57:00+00:00,33.54,33.64,33.48,33.55,9420.35,2022,6,12
2022-06-12 16:58:00+00:00,33.56,33.64,33.55,33.55,3922.52,2022,6,12
2022-06-12 16:59:00+00:00,33.55,33.64,33.55,33.6,2055.51,2022,6,12
2022-06-12 17:00:00+00:00,33.6,33.66,33.56,33.6,3916.44,2022,6,12
2022-06-12 17:01:00+00:00,33.6,33.64,33.56,33.57,2090.44,2022,6,12
2022-06-12 17:02:00+00:00,33.57,33.61,33.55,33.58,1075.64,2022,6,12
2022-06-12 17:03:00+00:00,33.58,33.62,33.56,33.58,1561.17,2022,6,12
2022-06-12 17:04:00+00:00,33.58,33.61,33.52,33.6,7920.87,2022,6,12
2022-06-12 17:05:00+00:00,33.6,33.76,33.59,33.75,6074.14,2022,6,12
2022-06-12 17:06:00+00:00,33.76,33.78,33.64,33.66,2993.59,2022,6,12
2022-06-12 17:07:00+00:00,33.65,33.66,33.62,33.63,1704.93,2022,6,12
2022-06-12 17:08:00+00:00,33.63,33.68,33.62,33.65,1546.2,2022,6,12
2022-06-12 17:09:00+00:00,33.64,33.67,33.61,33.65,4428.07,2022,6,12
2022-06-12 17:10:00+00:00,33.66,33.82,33.66,33.72,3684.52,2022,6,12
2022-06-12 17:11:00+00:00,33.71,33.77,33.7,33.72,2700.0,2022,6,12
2022-06-12 17:12:00+00:00,33.72,33.75,33.66,33.68,1708.41,2022,6,12
2022-06-12 17:13:00+00:00,33.67,33.72,33.67,33.69,2494.89,2022,6,12
2022-06-12 17:14:00+00:00,33.69,33.72,33.68,33.7,1064.09,2022,6,12
2022-06-12 17:15:00+00:00,33.7,33.82,33.69,33.76,4982.49,2022,6,12
2022-06-12 17:16:00+00:00,33.77,33.81,33.72,33.73,9048.74,2022,6,12
2022-06-12 17:17:00+00:00,33.73,33.73,33.68,33.7,1188.83,2022,6,12
2022-06-12 17:18:00+00:00,33.71,33.75,33.69,33.75,1716.74,2022,6,12
2022-06-12 17:19:00+00:00,33.74,33.81,33.73,33.81,2504.71,2022,6,12
2022-06-12 17:20:00+00:00,33.8,33.81,33.74,33.77,1366.56,2022,6,12
2022-06-12 17:21:00+00:00,33.78,33.82,33.77,33.81,1474.17,2022,6,12
2022-06-12 17:22:00+00:00,33.82,33.82,33.78,33.79,1098.93,2022,6,12
2022-06-12 17:23:00+00:00,33.79,33.79,33.75,33.76,1342.88,2022,6,12
2022-06-12 17:24:00+00:00,33.76,33.81,33.75,33.79,2045.09,2022,6,12
2022-06-12 17:25:00+00:00,33.78,33.78,33.75,33.75,1010.99,2022,6,12
2022-06-12 17:26:00+00:00,33.76,33.8,33.75,33.79,1339.02,2022,6,12
2022-06-12 17:27:00+00:00,33.79,33.8,33.77,33.79,1928.83,2022,6,12
2022-06-12 17:28:00+00:00,33.79,33.86,33.76,33.86,3636.15,2022,6,12
2022-06-12 17:29:00+00:00,33.86,33.86,33.81,33.83,1059.26,2022,6,12
2022-06-12 17:30:00+00:00,33.83,33.83,33.73,33.78,6051.56,2022,6,12
2022-06-12 17:31:00+00:00,33.78,33.79,33.74,33.75,2038.47,2022,6,12
2022-06-12 17:32:00+00:00,33.76,33.77,33.72,33.74,1929.63,2022,6,12
2022-06-12 17:33:00+00:00,33.74,33.8,33.74,33.8,538.27,2022,6,12
2022-06-12 17:34:00+00:00,33.8,33.8,33.75,33.78,4111.32,2022,6,12
2022-06-12 17:35:00+00:00,33.77,33.83,33.76,33.83,4255.46,2022,6,12
2022-06-12 17:36:00+00:00,33.84,33.85,33.78,33.81,2900.32,2022,6,12
2022-06-12 17:37:00+00:00,33.81,33.82,33.71,33.71,1440.95,2022,6,12
2022-06-12 17:38:00+00:00,33.72,33.74,33.7,33.73,1641.03,2022,6,12
2022-06-12 17:39:00+00:00,33.74,33.78,33.72,33.76,3823.87,2022,6,12
2022-06-12 17:40:00+00:00,33.75,33.77,33.6,33.61,3501.95,2022,6,12
2022-06-12 17:41:00+00:00,33.62,33.62,33.5,33.56,3811.03,2022,6,12
2022-06-12 17:42:00+00:00,33.56,33.63,33.56,33.61,860.03,2022,6,12
2022-06-12 17:43:00+00:00,33.61,33.65,33.61,33.64,391.26,2022,6,12
2022-06-12 17:44:00+00:00,33.63,33.66,33.63,33.65,964.7,2022,6,12
2022-06-12 17:45:00+00:00,33.64,33.67,33.61,33.67,1570.91,2022,6,12
2022-06-12 17:46:00+00:00,33.69,33.69,33.64,33.67,1319.59,2022,6,12
2022-06-12 17:47:00+00:00,33.68,33.68,33.6,33.62,1037.44,2022,6,12
2022-06-12 17:48:00+00:00,33.62,33.63,33.56,33.56,1028.47,2022,6,12
2022-06-12 17:49:00+00:00,33.55,33.65,33.53,33.57,6441.67,2022,6,12
2022-06-12 17:50:00+00:00,33.57,33.63,33.56,33.59,1323.14,2022,6,12
2022-06-12 17:51:00+00:00,33.59,33.62,33.57,33.58,1301.06,2022,6,12
2022-06-12 17:52:00+00:00,33.59,33.59,33.57,33.59,612.18,2022,6,12
2022-06-12 17:53:00+00:00,33.58,33.63,33.58,33.63,781.44,2022,6,12
2022-06-12 17:54:00+00:00,33.62,33.71,33.59,33.7,2038.88,2022,6,12
2022-06-12 17:55:00+00:00,33.7,33.71,33.12,33.26,148785.75,2022,6,12
2022-06-12 17:56:00+00:00,33.25,33.36,33.23,33.33,6313.53,2022,6,12
2022-06-12 17:57:00+00:00,33.33,33.34,33.25,33.3,6507.36,2022,6,12
2022-06-12 17:58:00+00:00,33.31,33.45,33.3,33.41,2479.57,2022,6,12
2022-06-12 17:59:00+00:00,33.41,33.42,33.34,33.38,4851.32,2022,6,12
2022-06-12 18:00:00+00:00,33.38,33.45,33.37,33.43,975.98,2022,6,12
2022-06-12 18:01:00+00:00,33.44,33.45,33.4,33.43,1656.41,2022,6,12
2022-06-12 18:02:00+00:00,33.43,33.44,33.27,33.28,5935.27,2022,6,12
2022-06-12 18:03:00+00:00,33.26,33.31,33.23,33.26,5588.96,2022,6,12
2022-06-12 18:04:00+00:00,33.26,33.29,33.19,33.21,3480.8,2022,6,12
2022-06-12 18:05:00+00:00,33.21,33.26,33.19,33.24,1781.37,2022,6,12
2022-06-12 18:06:00+00:00,33.24,33.32,33.24,33.27,4914.19,2022,6,12
2022-06-12 18:07:00+00:00,33.27,33.28,33.17,33.18,2322.83,2022,6,12
2022-06-12 18:08:00+00:00,33.18,33.19,33.08,33.14,7269.84,2022,6,12
2022-06-12 18:09:00+00:00,33.14,33.16,33.12,33.14,2627.74,2022,6,12
2022-06-12 18:10:00+00:00,33.13,33.19,33.12,33.16,1768.82,2022,6,12
2022-06-12 18:11:00+00:00,33.15,33.19,33.15,33.18,3690.69,2022,6,12
2022-06-12 18:12:00+00:00,33.17,33.19,33.13,33.19,5551.11,2022,6,12
2022-06-12 18:13:00+00:00,33.19,33.19,33.07,33.08,1860.43,2022,6,12
2022-06-12 18:14:00+00:00,33.1,33.19,33.1,33.17,3232.15,2022,6,12
2022-06-12 18:15:00+00:00,33.17,33.2,33.13,33.19,3124.37,2022,6,12
2022-06-12 18:16:00+00:00,33.19,33.27,33.19,33.25,3659.72,2022,6,12
2022-06-12 18:17:00+00:00,33.25,33.25,33.15,33.16,1955.13,2022,6,12
2022-06-12 18:18:00+00:00,33.16,33.21,33.16,33.18,1599.92,2022,6,12
2022-06-12 18:19:00+00:00,33.19,33.2,33.09,33.12,8800.02,2022,6,12
2022-06-12 18:20:00+00:00,33.13,33.15,33.07,33.13,1917.73,2022,6,12
2022-06-12 18:21:00+00:00,33.14,33.15,33.1,33.1,1098.56,2022,6,12
2022-06-12 18:22:00+00:00,33.09,33.1,32.86,32.95,9526.01,2022,6,12
2022-06-12 18:23:00+00:00,32.95,33.02,32.94,32.95,3148.17,2022,6,12
2022-06-12 18:24:00+00:00,32.95,33.0,32.95,33.0,3444.21,2022,6,12
2022-06-12 18:25:00+00:00,33.0,33.05,32.99,33.0,2053.8,2022,6,12
2022-06-12 18:26:00+00:00,33.0,33.06,33.0,33.05,3626.51,2022,6,12
2022-06-12 18:27:00+00:00,33.05,33.05,32.99,32.99,1224.79,2022,6,12
2022-06-12 18:28:00+00:00,32.99,33.01,32.93,32.94,1905.61,2022,6,12
2022-06-12 18:29:00+00:00,32.95,32.97,32.94,32.96,2195.44,2022,6,12
2022-06-12 18:30:00+00:00,32.97,32.98,32.9,32.93,4855.27,2022,6,12
2022-06-12 18:31:00+00:00,32.93,33.01,32.93,32.93,8354.56,2022,6,12
2022-06-12 18:32:00+00:00,32.93,32.95,32.91,32.91,1106.96,2022,6,12
2022-06-12 18:33:00+00:00,32.9,32.91,32.84,32.84,910.0,2022,6,12
2022-06-12 18:34:00+00:00,32.85,32.91,32.85,32.88,1223.12,2022,6,12
2022-06-12 18:35:00+00:00,32.87,32.88,32.84,32.84,2513.53,2022,6,12
2022-06-12 18:36:00+00:00,32.84,32.84,32.75,32.76,4784.47,2022,6,12
2022-06-12 18:37:00+00:00,32.77,32.81,32.74,32.78,1617.75,2022,6,12
2022-06-12 18:38:00+00:00,32.78,32.9,32.78,32.85,5934.12,2022,6,12
2022-06-12 18:39:00+00:00,32.84,32.86,32.81,32.85,1191.6,2022,6,12
2022-06-12 18:40:00+00:00,32.85,32.86,32.79,32.82,1660.43,2022,6,12
2022-06-12 18:41:00+00:00,32.82,32.84,32.79,32.83,1372.96,2022,6,12
2022-06-12 18:42:00+00:00,32.83,32.86,32.8,32.84,1515.84,2022,6,12
2022-06-12 18:43:00+00:00,32.84,32.85,32.77,32.78,1141.87,2022,6,12
2022-06-12 18:44:00+00:00,32.77,32.79,32.69,32.71,3381.28,2022,6,12
2022-06-12 18:45:00+00:00,32.71,32.85,32.71,32.85,4595.4,2022,6,12
2022-06-12 18:46:00+00:00,32.86,33.02,32.86,32.96,7240.25,2022,6,12
2022-06-12 18:47:00+00:00,32.95,32.99,32.93,32.93,1513.47,2022,6,12
2022-06-12 18:48:00+00:00,32.93,32.93,32.84,32.84,1131.37,2022,6,12
2022-06-12 18:49:00+00:00,32.84,32.84,32.75,32.8,2200.43,2022,6,12
2022-06-12 18:50:00+00:00,32.8,32.89,32.77,32.85,6973.53,2022,6,12
2022-06-12 18:51:00+00:00,32.84,32.89,32.84,32.86,1079.48,2022,6,12
2022-06-12 18:52:00+00:00,32.86,32.88,32.84,32.87,780.45,2022,6,12
2022-06-12 18:53:00+00:00,32.88,32.92,32.86,32.86,2206.02,2022,6,12
2022-06-12 18:54:00+00:00,32.86,32.96,32.86,32.93,2421.86,2022,6,12
2022-06-12 18:55:00+00:00,32.93,32.96,32.9,32.91,2738.16,2022,6,12
2022-06-12 18:56:00+00:00,32.91,32.91,32.86,32.88,1335.89,2022,6,12
2022-06-12 18:57:00+00:00,32.88,32.93,32.86,32.93,815.55,2022,6,12
2022-06-12 18:58:00+00:00,32.93,32.96,32.9,32.91,637.11,2022,6,12
2022-06-12 18:59:00+00:00,32.91,32.93,32.87,32.92,788.28,2022,6,12
2022-06-12 19:00:00+00:00,32.92,32.93,32.89,32.92,903.88,2022,6,12
2022-06-12 19:01:00+00:00,32.93,32.96,32.92,32.95,1014.97,2022,6,12
2022-06-12 19:02:00+00:00,32.96,33.1,32.96,33.1,4340.57,2022,6,12
2022-06-12 19:03:00+00:00,33.1,33.12,33.04,33.09,5882.41,2022,6,12
2022-06-12 19:04:00+00:00,33.08,33.08,32.88,32.91,3616.3,2022,6,12
2022-06-12 19:05:00+00:00,32.91,33.01,32.9,32.99,2156.97,2022,6,12
2022-06-12 19:06:00+00:00,32.98,33.01,32.94,32.94,812.15,2022,6,12
2022-06-12 19:07:00+00:00,32.95,32.95,32.88,32.88,1174.81,2022,6,12
2022-06-12 19:08:00+00:00,32.88,32.99,32.87,32.96,1695.55,2022,6,12
2022-06-12 19:09:00+00:00,32.95,32.96,32.9,32.93,1113.09,2022,6,12
2022-06-12 19:10:00+00:00,32.94,32.98,32.89,32.93,4718.96,2022,6,12
2022-06-12 19:11:00+00:00,32.94,33.0,32.94,33.0,3024.08,2022,6,12
2022-06-12 19:12:00+00:00,33.0,33.05,32.94,32.94,10594.41,2022,6,12
2022-06-12 19:13:00+00:00,32.94,32.99,32.94,32.99,1694.52,2022,6,12
2022-06-12 19:14:00+00:00,32.99,33.02,32.94,32.97,1567.63,2022,6,12
2022-06-12 19:15:00+00:00,32.97,32.97,32.68,32.78,25392.95,2022,6,12
2022-06-12 19:16:00+00:00,32.76,32.79,32.69,32.69,5941.5,2022,6,12
2022-06-12 19:17:00+00:00,32.68,32.71,32.42,32.47,23890.58,2022,6,12
2022-06-12 19:18:00+00:00,32.46,32.53,32.42,32.49,6628.28,2022,6,12
2022-06-12 19:19:00+00:00,32.5,32.53,32.31,32.44,20181.75,2022,6,12
2022-06-12 19:20:00+00:00,32.43,32.51,32.38,32.49,6178.63,2022,6,12
2022-06-12 19:21:00+00:00,32.48,32.64,32.46,32.6,7380.82,2022,6,12
2022-06-12 19:22:00+00:00,32.6,32.64,32.54,32.62,7893.57,2022,6,12
2022-06-12 19:23:00+00:00,32.62,32.68,32.59,32.64,5272.43,2022,6,12
2022-06-12 19:24:00+00:00,32.63,32.66,32.58,32.6,2878.54,2022,6,12
2022-06-12 19:25:00+00:00,32.61,32.64,32.56,32.58,2806.43,2022,6,12
2022-06-12 19:26:00+00:00,32.59,32.61,32.55,32.56,2505.31,2022,6,12
2022-06-12 19:27:00+00:00,32.57,32.59,32.47,32.47,6827.82,2022,6,12
2022-06-12 19:28:00+00:00,32.47,32.59,32.46,32.57,3166.03,2022,6,12
2022-06-12 19:29:00+00:00,32.57,32.57,32.47,32.49,1396.87,2022,6,12
2022-06-12 19:30:00+00:00,32.5,32.58,32.43,32.56,4975.85,2022,6,12
2022-06-12 19:31:00+00:00,32.55,32.72,32.55,32.69,3297.69,2022,6,12
2022-06-12 19:32:00+00:00,32.69,32.69,32.6,32.65,3225.21,2022,6,12
2022-06-12 19:33:00+00:00,32.64,32.65,32.58,32.64,1556.25,2022,6,12
2022-06-12 19:34:00+00:00,32.64,32.66,32.59,32.61,1909.91,2022,6,12
2022-06-12 19:35:00+00:00,32.61,32.62,32.58,32.61,1644.1,2022,6,12
2022-06-12 19:36:00+00:00,32.6,32.65,32.59,32.6,1639.24,2022,6,12
2022-06-12 19:37:00+00:00,32.6,32.63,32.55,32.56,2652.92,2022,6,12
2022-06-12 19:38:00+00:00,32.56,32.62,32.52,32.57,3048.02,2022,6,12
2022-06-12 19:39:00+00:00,32.58,32.68,32.57,32.66,3838.13,2022,6,12
2022-06-12 19:40:00+00:00,32.66,32.71,32.58,32.61,2882.03,2022,6,12
2022-06-12 19:41:00+00:00,32.6,32.64,32.57,32.64,2376.87,2022,6,12
2022-06-12 19:42:00+00:00,32.64,32.67,32.63,32.67,713.43,2022,6,12
2022-06-12 19:43:00+00:00,32.67,32.73,32.66,32.7,2524.22,2022,6,12
2022-06-12 19:44:00+00:00,32.7,32.7,32.59,32.62,6313.36,2022,6,12
2022-06-12 19:45:00+00:00,32.61,32.66,32.54,32.55,4438.99,2022,6,12
2022-06-12 19:46:00+00:00,32.55,32.62,32.52,32.52,2397.28,2022,6,12
2022-06-12 19:47:00+00:00,32.53,32.6,32.5,32.6,5594.8,2022,6,12
2022-06-12 19:48:00+00:00,32.6,32.64,32.56,32.64,2764.74,2022,6,12
2022-06-12 19:49:00+00:00,32.64,32.68,32.61,32.67,2446.18,2022,6,12
2022-06-12 19:50:00+00:00,32.67,32.67,32.58,32.58,1348.19,2022,6,12
2022-06-12 19:51:00+00:00,32.58,32.65,32.55,32.57,3357.27,2022,6,12
2022-06-12 19:52:00+00:00,32.57,32.6,32.55,32.59,2644.79,2022,6,12
2022-06-12 19:53:00+00:00,32.59,32.64,32.58,32.64,4381.83,2022,6,12
2022-06-12 19:54:00+00:00,32.64,32.65,32.61,32.64,1940.9,2022,6,12
2022-06-12 19:55:00+00:00,32.64,32.67,32.59,32.64,2193.7,2022,6,12
2022-06-12 19:56:00+00:00,32.64,32.7,32.64,32.67,2399.05,2022,6,12
2022-06-12 19:57:00+00:00,32.67,32.67,32.61,32.63,2400.56,2022,6,12
2022-06-12 19:58:00+00:00,32.63,32.65,32.6,32.62,1171.71,2022,6,12
2022-06-12 19:59:00+00:00,32.62,32.69,32.59,32.61,5006.35,2022,6,12
2022-06-12 20:00:00+00:00,32.61,32.69,32.57,32.67,2288.37,2022,6,12
2022-06-12 20:01:00+00:00,32.66,32.77,32.66,32.76,2533.66,2022,6,12
2022-06-12 20:02:00+00:00,32.75,32.82,32.74,32.76,4801.24,2022,6,12
2022-06-12 20:03:00+00:00,32.76,32.78,32.71,32.78,1433.52,2022,6,12
2022-06-12 20:04:00+00:00,32.78,32.82,32.73,32.77,1871.66,2022,6,12
2022-06-12 20:05:00+00:00,32.76,32.79,32.72,32.75,2607.43,2022,6,12
2022-06-12 20:06:00+00:00,32.76,32.76,32.41,32.46,117480.51,2022,6,12
2022-06-12 20:07:00+00:00,32.46,32.46,32.37,32.42,6343.08,2022,6,12
2022-06-12 20:08:00+00:00,32.42,32.46,32.26,32.33,36923.39,2022,6,12
2022-06-12 20:09:00+00:00,32.33,32.41,32.26,32.27,18575.81,2022,6,12
2022-06-12 20:10:00+00:00,32.27,32.36,32.25,32.36,8321.58,2022,6,12
2022-06-12 20:11:00+00:00,32.37,32.37,32.31,32.33,3702.24,2022,6,12
2022-06-12 20:12:00+00:00,32.32,32.4,32.32,32.38,2624.96,2022,6,12
2022-06-12 20:13:00+00:00,32.38,32.41,32.37,32.38,4013.01,2022,6,12
2022-06-12 20:14:00+00:00,32.38,32.43,32.38,32.43,1930.0,2022,6,12
2022-06-12 20:15:00+00:00,32.43,32.44,32.38,32.41,4491.61,2022,6,12
2022-06-12 20:16:00+00:00,32.4,32.51,32.39,32.47,1686.46,2022,6,12
2022-06-12 20:17:00+00:00,32.48,32.52,32.45,32.52,2090.6,2022,6,12
2022-06-12 20:18:00+00:00,32.52,32.67,32.51,32.65,19397.54,2022,6,12
2022-06-12 20:19:00+00:00,32.65,32.67,32.59,32.62,5152.09,2022,6,12
2022-06-12 20:20:00+00:00,32.61,32.62,32.58,32.62,566.37,2022,6,12
2022-06-12 20:21:00+00:00,32.63,32.64,32.6,32.61,1604.54,2022,6,12
2022-06-12 20:22:00+00:00,32.61,32.64,32.6,32.6,918.29,2022,6,12
2022-06-12 20:23:00+00:00,32.6,32.64,32.6,32.61,890.69,2022,6,12
2022-06-12 20:24:00+00:00,32.61,32.62,32.58,32.59,1195.65,2022,6,12
2022-06-12 20:25:00+00:00,32.59,32.59,32.46,32.53,8470.42,2022,6,12
2022-06-12 20:26:00+00:00,32.53,32.53,32.33,32.39,40830.46,2022,6,12
2022-06-12 20:27:00+00:00,32.38,32.4,32.34,32.36,54533.84,2022,6,12
2022-06-12 20:28:00+00:00,32.37,32.4,32.31,32.31,6999.09,2022,6,12
2022-06-12 20:29:00+00:00,32.32,32.33,32.21,32.25,8627.08,2022,6,12
2022-06-12 20:30:00+00:00,32.24,32.26,32.09,32.1,5014.19,2022,6,12
2022-06-12 20:31:00+00:00,32.1,32.21,32.08,32.2,8231.02,2022,6,12
2022-06-12 20:32:00+00:00,32.2,32.28,32.2,32.26,5366.52,2022,6,12
2022-06-12 20:33:00+00:00,32.27,32.27,32.19,32.21,7759.53,2022,6,12
2022-06-12 20:34:00+00:00,32.21,32.26,32.21,32.25,2065.6,2022,6,12
2022-06-12 20:35:00+00:00,32.24,32.25,32.15,32.18,9533.84,2022,6,12
2022-06-12 20:36:00+00:00,32.18,32.2,32.17,32.2,1681.39,2022,6,12
2022-06-12 20:37:00+00:00,32.2,32.27,32.19,32.25,3501.61,2022,6,12
2022-06-12 20:38:00+00:00,32.25,32.26,32.17,32.23,12350.25,2022,6,12
2022-06-12 20:39:00+00:00,32.22,32.23,32.03,32.11,54100.56,2022,6,12
2022-06-12 20:40:00+00:00,32.12,32.12,32.01,32.03,4751.77,2022,6,12
2022-06-12 20:41:00+00:00,32.03,32.08,32.01,32.07,5455.9,2022,6,12
2022-06-12 20:42:00+00:00,32.07,32.1,32.04,32.04,1340.86,2022,6,12
2022-06-12 20:43:00+00:00,32.03,32.05,31.96,32.04,9033.25,2022,6,12
2022-06-12 20:44:00+00:00,32.05,32.06,32.03,32.06,1382.84,2022,6,12
2022-06-12 20:45:00+00:00,32.06,32.06,31.94,32.0,4324.54,2022,6,12
2022-06-12 20:46:00+00:00,32.0,32.0,31.96,31.99,3475.19,2022,6,12
2022-06-12 20:47:00+00:00,31.99,32.06,31.97,32.03,6413.09,2022,6,12
2022-06-12 20:48:00+00:00,32.03,32.03,31.97,32.02,2427.73,2022,6,12
2022-06-12 20:49:00+00:00,32.03,32.03,32.0,32.03,1760.66,2022,6,12
2022-06-12 20:50:00+00:00,32.02,32.11,32.01,32.08,3579.42,2022,6,12
2022-06-12 20:51:00+00:00,32.07,32.09,32.02,32.02,2144.03,2022,6,12
2022-06-12 20:52:00+00:00,32.02,32.08,32.01,32.06,1766.34,2022,6,12
2022-06-12 20:53:00+00:00,32.05,32.07,32.03,32.05,1013.25,2022,6,12
2022-06-12 20:54:00+00:00,32.05,32.05,32.01,32.01,1593.43,2022,6,12
2022-06-12 20:55:00+00:00,32.01,32.01,31.9,31.97,8319.62,2022,6,12
2022-06-12 20:56:00+00:00,31.96,31.97,31.92,31.97,2342.99,2022,6,12
2022-06-12 20:57:00+00:00,31.97,31.99,31.94,31.97,2622.11,2022,6,12
2022-06-12 20:58:00+00:00,31.98,32.07,31.98,32.05,3324.24,2022,6,12
2022-06-12 20:59:00+00:00,32.05,32.06,31.97,31.97,1351.1,2022,6,12
2022-06-12 21:00:00+00:00,31.98,32.07,31.89,32.05,6721.83,2022,6,12
2022-06-12 21:01:00+00:00,32.04,32.1,32.03,32.06,3692.9,2022,6,12
2022-06-12 21:02:00+00:00,32.07,32.09,32.05,32.06,1135.9,2022,6,12
2022-06-12 21:03:00+00:00,32.07,32.08,32.01,32.03,2327.2,2022,6,12
2022-06-12 21:04:00+00:00,32.02,32.02,31.95,31.99,3652.83,2022,6,12
2022-06-12 21:05:00+00:00,31.99,32.04,31.97,32.01,1260.93,2022,6,12
2022-06-12 21:06:00+00:00,32.02,32.15,32.01,32.14,2479.91,2022,6,12
2022-06-12 21:07:00+00:00,32.15,32.16,32.05,32.11,3506.75,2022,6,12
2022-06-12 21:08:00+00:00,32.11,32.16,32.1,32.13,855.63,2022,6,12
2022-06-12 21:09:00+00:00,32.13,32.17,32.13,32.17,1433.23,2022,6,12
2022-06-12 21:10:00+00:00,32.16,32.18,32.13,32.17,1458.13,2022,6,12
2022-06-12 21:11:00+00:00,32.17,32.18,32.14,32.18,784.94,2022,6,12
2022-06-12 21:12:00+00:00,32.17,32.21,32.16,32.21,783.65,2022,6,12
2022-06-12 21:13:00+00:00,32.21,32.29,32.21,32.26,4165.57,2022,6,12
2022-06-12 21:14:00+00:00,32.26,32.29,32.25,32.28,880.89,2022,6,12
2022-06-12 21:15:00+00:00,32.27,32.28,32.25,32.28,2369.16,2022,6,12
2022-06-12 21:16:00+00:00,32.28,32.28,32.24,32.24,671.53,2022,6,12
2022-06-12 21:17:00+00:00,32.24,32.27,32.24,32.26,787.43,2022,6,12
2022-06-12 21:18:00+00:00,32.26,32.29,32.26,32.27,885.6,2022,6,12
2022-06-12 21:19:00+00:00,32.28,32.34,32.28,32.31,2292.37,2022,6,12
2022-06-12 21:20:00+00:00,32.31,32.39,32.31,32.36,2411.07,2022,6,12
2022-06-12 21:21:00+00:00,32.35,32.35,32.28,32.28,4024.97,2022,6,12
2022-06-12 21:22:00+00:00,32.28,32.32,32.27,32.3,2696.42,2022,6,12
2022-06-12 21:23:00+00:00,32.3,32.33,32.28,32.33,842.84,2022,6,12
2022-06-12 21:24:00+00:00,32.32,32.4,32.32,32.39,1444.72,2022,6,12
2022-06-12 21:25:00+00:00,32.39,32.39,32.35,32.35,1110.68,2022,6,12
2022-06-12 21:26:00+00:00,32.35,32.35,32.3,32.31,1020.01,2022,6,12
2022-06-12 21:27:00+00:00,32.3,32.31,32.29,32.3,258.0,2022,6,12
2022-06-12 21:28:00+00:00,32.3,32.35,32.3,32.34,1643.3,2022,6,12
2022-06-12 21:29:00+00:00,32.34,32.37,32.34,32.36,668.26,2022,6,12
2022-06-12 21:30:00+00:00,32.37,32.38,32.36,32.37,142.97,2022,6,12
2022-06-12 21:31:00+00:00,32.38,32.38,32.34,32.38,999.34,2022,6,12
2022-06-12 21:32:00+00:00,32.38,32.38,32.36,32.38,2102.58,2022,6,12
2022-06-12 21:33:00+00:00,32.38,32.38,32.29,32.3,540.13,2022,6,12
2022-06-12 21:34:00+00:00,32.29,32.29,32.19,32.2,901.17,2022,6,12
2022-06-12 21:35:00+00:00,32.2,32.2,32.18,32.18,405.14,2022,6,12
2022-06-12 21:36:00+00:00,32.18,32.2,32.17,32.18,574.5,2022,6,12
2022-06-12 21:37:00+00:00,32.18,32.19,32.17,32.18,404.3,2022,6,12
2022-06-12 21:38:00+00:00,32.17,32.19,32.17,32.19,231.82,2022,6,12
2022-06-12 21:39:00+00:00,32.18,32.22,32.18,32.22,587.32,2022,6,12
2022-06-12 21:40:00+00:00,32.23,32.23,32.18,32.18,2130.31,2022,6,12
2022-06-12 21:41:00+00:00,32.18,32.21,32.18,32.21,165.23,2022,6,12
2022-06-12 21:42:00+00:00,32.21,32.27,32.21,32.27,456.53,2022,6,12
2022-06-12 21:43:00+00:00,32.26,32.28,32.24,32.25,404.39,2022,6,12
2022-06-12 21:44:00+00:00,32.24,32.26,32.23,32.26,745.84,2022,6,12
2022-06-12 21:45:00+00:00,32.25,32.27,32.2,32.21,311.24,2022,6,12
2022-06-12 21:46:00+00:00,32.21,32.21,32.17,32.18,924.72,2022,6,12
2022-06-12 21:47:00+00:00,32.18,32.18,32.15,32.18,803.47,2022,6,12
2022-06-12 21:48:00+00:00,32.18,32.19,32.16,32.19,508.59,2022,6,12
2022-06-12 21:49:00+00:00,32.19,32.21,32.17,32.18,875.81,2022,6,12
2022-06-12 21:50:00+00:00,32.17,32.2,32.16,32.19,739.57,2022,6,12
2022-06-12 21:51:00+00:00,32.2,32.2,32.18,32.2,151.27,2022,6,12
2022-06-12 21:52:00+00:00,32.19,32.2,32.15,32.15,652.82,2022,6,12
2022-06-12 21:53:00+00:00,32.14,32.14,32.09,32.11,1344.27,2022,6,12
2022-06-12 21:54:00+00:00,32.1,32.11,31.9,31.91,5001.9,2022,6,12
2022-06-12 21:55:00+00:00,31.91,31.98,31.9,31.97,2065.96,2022,6,12
2022-06-12 21:56:00+00:00,31.98,32.0,31.95,31.96,415.27,2022,6,12
2022-06-12 21:57:00+00:00,31.96,31.97,31.94,31.97,897.74,2022,6,12
2022-06-12 21:58:00+00:00,31.98,32.04,31.97,32.03,390.6,2022,6,12
2022-06-12 21:59:00+00:00,32.03,32.1,32.0,32.0,1214.25,2022,6,12
2022-06-12 22:00:00+00:00,31.99,32.0,31.8,31.84,7721.87,2022,6,12
2022-06-12 22:01:00+00:00,31.83,31.86,31.69,31.7,9487.71,2022,6,12
2022-06-12 22:02:00+00:00,31.7,31.76,31.63,31.63,6444.51,2022,6,12
2022-06-12 22:03:00+00:00,31.63,31.66,31.61,31.64,3960.97,2022,6,12
2022-06-12 22:04:00+00:00,31.65,31.82,31.64,31.81,5729.61,2022,6,12
2022-06-12 22:05:00+00:00,31.8,31.86,31.79,31.8,1401.86,2022,6,12
2022-06-12 22:06:00+00:00,31.8,31.8,31.7,31.76,2389.85,2022,6,12
2022-06-12 22:07:00+00:00,31.76,31.87,31.75,31.86,5224.92,2022,6,12
2022-06-12 22:08:00+00:00,31.87,31.95,31.85,31.93,4420.04,2022,6,12
2022-06-12 22:09:00+00:00,31.93,31.99,31.91,31.96,5402.17,2022,6,12
2022-06-12 22:10:00+00:00,31.96,32.05,31.92,32.05,1775.01,2022,6,12
2022-06-12 22:11:00+00:00,32.06,32.15,32.01,32.14,5871.41,2022,6,12
2022-06-12 22:12:00+00:00,32.15,32.2,32.08,32.09,2539.22,2022,6,12
2022-06-12 22:13:00+00:00,32.08,32.09,32.0,32.05,1600.04,2022,6,12
2022-06-12 22:14:00+00:00,32.06,32.08,32.0,32.06,2850.28,2022,6,12
2022-06-12 22:15:00+00:00,32.06,32.12,32.03,32.1,2810.67,2022,6,12
2022-06-12 22:16:00+00:00,32.1,32.16,32.06,32.07,4931.27,2022,6,12
2022-06-12 22:17:00+00:00,32.06,32.09,32.04,32.06,6334.37,2022,6,12
2022-06-12 22:18:00+00:00,32.06,32.08,32.0,32.0,1557.34,2022,6,12
2022-06-12 22:19:00+00:00,31.99,32.01,31.89,31.94,2585.57,2022,6,12
2022-06-12 22:20:00+00:00,31.94,32.0,31.89,31.92,1355.11,2022,6,12
2022-06-12 22:21:00+00:00,31.91,32.0,31.9,32.0,6841.58,2022,6,12
2022-06-12 22:22:00+00:00,31.99,32.06,31.97,32.04,3156.24,2022,6,12
2022-06-12 22:23:00+00:00,32.04,32.06,31.99,32.0,2041.38,2022,6,12
2022-06-12 22:24:00+00:00,32.01,32.04,32.0,32.03,1689.71,2022,6,12
2022-06-12 22:25:00+00:00,32.03,32.06,32.03,32.05,840.69,2022,6,12
2022-06-12 22:26:00+00:00,32.06,32.06,32.02,32.03,2021.76,2022,6,12
2022-06-12 22:27:00+00:00,32.02,32.02,31.91,31.91,1522.63,2022,6,12
2022-06-12 22:28:00+00:00,31.91,31.93,31.85,31.88,5752.93,2022,6,12
2022-06-12 22:29:00+00:00,31.88,31.95,31.86,31.92,1618.63,2022,6,12
2022-06-12 22:30:00+00:00,31.91,31.91,31.82,31.84,3480.35,2022,6,12
2022-06-12 22:31:00+00:00,31.84,31.88,31.81,31.86,686.55,2022,6,12
2022-06-12 22:32:00+00:00,31.86,31.93,31.86,31.89,931.99,2022,6,12
2022-06-12 22:33:00+00:00,31.9,31.9,31.86,31.87,1111.57,2022,6,12
2022-06-12 22:34:00+00:00,31.87,31.91,31.86,31.89,2059.81,2022,6,12
2022-06-12 22:35:00+00:00,31.89,31.91,31.84,31.84,421.67,2022,6,12
2022-06-12 22:36:00+00:00,31.84,31.88,31.78,31.88,2194.32,2022,6,12
2022-06-12 22:37:00+00:00,31.87,31.87,31.8,31.82,7982.25,2022,6,12
2022-06-12 22:38:00+00:00,31.8,31.82,31.75,31.77,1817.22,2022,6,12
2022-06-12 22:39:00+00:00,31.77,31.8,31.67,31.69,5249.72,2022,6,12
2022-06-12 22:40:00+00:00,31.69,31.74,31.62,31.63,3828.35,2022,6,12
2022-06-12 22:41:00+00:00,31.64,31.66,31.56,31.63,2917.12,2022,6,12
2022-06-12 22:42:00+00:00,31.63,31.65,31.43,31.52,13945.03,2022,6,12
2022-06-12 22:43:00+00:00,31.51,31.59,31.49,31.59,8712.43,2022,6,12
2022-06-12 22:44:00+00:00,31.59,31.64,31.55,31.58,3265.28,2022,6,12
2022-06-12 22:45:00+00:00,31.58,31.71,31.55,31.66,3825.66,2022,6,12
2022-06-12 22:46:00+00:00,31.67,31.75,31.65,31.65,2996.27,2022,6,12
2022-06-12 22:47:00+00:00,31.66,31.69,31.62,31.65,2788.99,2022,6,12
2022-06-12 22:48:00+00:00,31.65,31.73,31.61,31.66,4149.8,2022,6,12
2022-06-12 22:49:00+00:00,31.67,31.7,31.65,31.69,1931.51,2022,6,12
2022-06-12 22:50:00+00:00,31.69,31.74,31.66,31.72,2301.52,2022,6,12
2022-06-12 22:51:00+00:00,31.72,31.73,31.66,31.67,2100.51,2022,6,12
2022-06-12 22:52:00+00:00,31.68,31.7,31.63,31.64,2082.27,2022,6,12
2022-06-12 22:53:00+00:00,31.63,31.65,31.35,31.41,26449.02,2022,6,12
2022-06-12 22:54:00+00:00,31.4,31.53,31.37,31.5,11292.33,2022,6,12
2022-06-12 22:55:00+00:00,31.49,31.62,31.47,31.56,4583.99,2022,6,12
2022-06-12 22:56:00+00:00,31.57,31.57,31.43,31.45,2321.75,2022,6,12
2022-06-12 22:57:00+00:00,31.46,31.5,31.41,31.48,2483.32,2022,6,12
2022-06-12 22:58:00+00:00,31.49,31.51,31.36,31.38,4311.37,2022,6,12
2022-06-12 22:59:00+00:00,31.37,31.38,31.25,31.31,9743.66,2022,6,12
2022-06-12 23:00:00+00:00,31.31,31.35,31.25,31.35,3489.84,2022,6,12
2022-06-12 23:01:00+00:00,31.35,31.53,31.35,31.53,12618.0,2022,6,12
2022-06-12 23:02:00+00:00,31.53,31.53,31.4,31.42,5174.41,2022,6,12
2022-06-12 23:03:00+00:00,31.41,31.43,31.34,31.34,2392.99,2022,6,12
2022-06-12 23:04:00+00:00,31.34,31.38,31.29,31.29,2567.11,2022,6,12
2022-06-12 23:05:00+00:00,31.29,31.38,31.29,31.32,1660.43,2022,6,12
2022-06-12 23:06:00+00:00,31.32,31.41,31.32,31.35,3009.42,2022,6,12
2022-06-12 23:07:00+00:00,31.36,31.36,31.32,31.36,1152.62,2022,6,12
2022-06-12 23:08:00+00:00,31.37,31.46,31.37,31.42,3177.56,2022,6,12
2022-06-12 23:09:00+00:00,31.44,31.51,31.44,31.51,834.53,2022,6,12
2022-06-12 23:10:00+00:00,31.52,31.53,31.48,31.52,1127.66,2022,6,12
2022-06-12 23:11:00+00:00,31.52,31.65,31.52,31.65,2121.92,2022,6,12
2022-06-12 23:12:00+00:00,31.65,31.68,31.63,31.64,2089.68,2022,6,12
2022-06-12 23:13:00+00:00,31.64,31.71,31.61,31.7,1988.2,2022,6,12
2022-06-12 23:14:00+00:00,31.7,31.71,31.64,31.66,795.02,2022,6,12
2022-06-12 23:15:00+00:00,31.66,31.73,31.58,31.6,6226.8,2022,6,12
2022-06-12 23:16:00+00:00,31.58,31.61,31.5,31.52,1340.89,2022,6,12
2022-06-12 23:17:00+00:00,31.53,31.53,31.46,31.48,1043.41,2022,6,12
2022-06-12 23:18:00+00:00,31.48,31.58,31.48,31.57,1448.41,2022,6,12
2022-06-12 23:19:00+00:00,31.58,31.58,31.49,31.5,953.67,2022,6,12
2022-06-12 23:20:00+00:00,31.49,31.51,31.46,31.51,800.32,2022,6,12
2022-06-12 23:21:00+00:00,31.52,31.52,31.38,31.4,3290.75,2022,6,12
2022-06-12 23:22:00+00:00,31.41,31.44,31.34,31.43,2340.14,2022,6,12
2022-06-12 23:23:00+00:00,31.44,31.5,31.43,31.45,2467.73,2022,6,12
2022-06-12 23:24:00+00:00,31.46,31.46,31.39,31.39,1148.2,2022,6,12
2022-06-12 23:25:00+00:00,31.38,31.45,31.35,31.45,1012.65,2022,6,12
2022-06-12 23:26:00+00:00,31.44,31.44,31.39,31.42,2075.06,2022,6,12
2022-06-12 23:27:00+00:00,31.41,31.46,31.4,31.45,2218.38,2022,6,12
2022-06-12 23:28:00+00:00,31.45,31.51,31.44,31.5,1855.45,2022,6,12
2022-06-12 23:29:00+00:00,31.49,31.55,31.48,31.54,943.42,2022,6,12
2022-06-12 23:30:00+00:00,31.54,31.6,31.48,31.57,2776.45,2022,6,12
2022-06-12 23:31:00+00:00,31.57,31.57,31.49,31.51,1679.45,2022,6,12
2022-06-12 23:32:00+00:00,31.5,31.5,31.37,31.42,2133.32,2022,6,12
2022-06-12 23:33:00+00:00,31.42,31.42,31.29,31.3,2134.0,2022,6,12
2022-06-12 23:34:00+00:00,31.3,31.39,31.25,31.26,2367.27,2022,6,12
2022-06-12 23:35:00+00:00,31.26,31.34,31.18,31.32,15545.57,2022,6,12
2022-06-12 23:36:00+00:00,31.32,31.32,31.2,31.24,5317.83,2022,6,12
2022-06-12 23:37:00+00:00,31.23,31.23,31.07,31.19,10494.03,2022,6,12
2022-06-12 23:38:00+00:00,31.19,31.2,31.11,31.15,5500.77,2022,6,12
2022-06-12 23:39:00+00:00,31.14,31.22,31.09,31.17,4061.82,2022,6,12
2022-06-12 23:40:00+00:00,31.17,31.19,30.86,30.96,31855.92,2022,6,12
2022-06-12 23:41:00+00:00,30.94,30.94,30.71,30.87,25394.44,2022,6,12
2022-06-12 23:42:00+00:00,30.86,30.87,30.7,30.83,13116.79,2022,6,12
2022-06-12 23:43:00+00:00,30.83,30.9,30.7,30.83,10908.82,2022,6,12
2022-06-12 23:44:00+00:00,30.83,31.0,30.83,30.93,13089.22,2022,6,12
2022-06-12 23:45:00+00:00,30.93,30.93,30.61,30.72,14180.97,2022,6,12
2022-06-12 23:46:00+00:00,30.72,30.84,30.66,30.81,12743.5,2022,6,12
2022-06-12 23:47:00+00:00,30.81,30.88,30.78,30.85,4643.19,2022,6,12
2022-06-12 23:48:00+00:00,30.84,31.01,30.84,30.99,3520.72,2022,6,12
2022-06-12 23:49:00+00:00,30.99,31.0,30.85,30.85,3783.75,2022,6,12
2022-06-12 23:50:00+00:00,30.85,30.94,30.85,30.94,4219.39,2022,6,12
2022-06-12 23:51:00+00:00,30.93,30.98,30.84,30.85,3696.29,2022,6,12
2022-06-12 23:52:00+00:00,30.84,30.84,30.75,30.75,3147.98,2022,6,12
2022-06-12 23:53:00+00:00,30.76,30.83,30.71,30.72,3596.5,2022,6,12
2022-06-12 23:54:00+00:00,30.71,30.71,30.57,30.62,8667.72,2022,6,12
2022-06-12 23:55:00+00:00,30.62,30.77,30.61,30.73,3123.66,2022,6,12
2022-06-12 23:56:00+00:00,30.72,30.8,30.64,30.75,2859.09,2022,6,12
2022-06-12 23:57:00+00:00,30.74,30.82,30.62,30.64,12769.49,2022,6,12
2022-06-12 23:58:00+00:00,30.65,30.73,30.61,30.65,6977.05,2022,6,12
2022-06-12 23:59:00+00:00,30.65,30.66,30.56,30.61,11443.35,2022,6,12
2022-06-13 00:00:00+00:00,30.6,30.8,30.58,30.77,6497.16,2022,6,13
2022-06-13 00:01:00+00:00,30.77,30.92,30.71,30.8,16285.39,2022,6,13
2022-06-13 00:02:00+00:00,30.8,30.83,30.65,30.7,6559.08,2022,6,13
2022-06-13 00:03:00+00:00,30.68,30.72,30.57,30.71,12336.12,2022,6,13
2022-06-13 00:04:00+00:00,30.72,30.76,30.54,30.58,7657.2,2022,6,13
2022-06-13 00:05:00+00:00,30.58,30.68,30.49,30.63,16572.59,2022,6,13
2022-06-13 00:06:00+00:00,30.64,30.68,30.51,30.64,4922.72,2022,6,13
2022-06-13 00:07:00+00:00,30.64,30.77,30.62,30.67,10865.74,2022,6,13
2022-06-13 00:08:00+00:00,30.67,30.85,30.67,30.84,6230.93,2022,6,13
2022-06-13 00:09:00+00:00,30.85,30.91,30.76,30.86,5203.37,2022,6,13
2022-06-13 00:10:00+00:00,30.85,30.91,30.74,30.75,3814.99,2022,6,13
2022-06-13 00:11:00+00:00,30.75,30.92,30.74,30.82,10744.67,2022,6,13
2022-06-13 00:12:00+00:00,30.82,30.92,30.82,30.89,4516.46,2022,6,13
2022-06-13 00:13:00+00:00,30.88,30.9,30.76,30.79,2403.37,2022,6,13
2022-06-13 00:14:00+00:00,30.79,30.81,30.66,30.68,3833.59,2022,6,13
2022-06-13 00:15:00+00:00,30.67,30.76,30.52,30.56,8738.26,2022,6,13
2022-06-13 00:16:00+00:00,30.56,30.59,30.34,30.55,16681.03,2022,6,13
2022-06-13 00:17:00+00:00,30.54,30.58,30.35,30.38,6254.19,2022,6,13
2022-06-13 00:18:00+00:00,30.37,30.59,30.34,30.57,18144.53,2022,6,13
2022-06-13 00:19:00+00:00,30.57,30.74,30.57,30.65,14428.9,2022,6,13
2022-06-13 00:20:00+00:00,30.65,30.79,30.65,30.73,7679.94,2022,6,13
2022-06-13 00:21:00+00:00,30.72,30.78,30.68,30.74,3546.81,2022,6,13
2022-06-13 00:22:00+00:00,30.75,30.94,30.73,30.94,10750.22,2022,6,13
2022-06-13 00:23:00+00:00,30.95,31.01,30.88,30.97,7001.11,2022,6,13
2022-06-13 00:24:00+00:00,30.96,30.96,30.86,30.86,2845.11,2022,6,13
2022-06-13 00:25:00+00:00,30.86,30.95,30.86,30.91,2915.93,2022,6,13
2022-06-13 00:26:00+00:00,30.91,31.0,30.87,30.93,6203.87,2022,6,13
2022-06-13 00:27:00+00:00,30.93,30.97,30.86,30.93,4262.15,2022,6,13
2022-06-13 00:28:00+00:00,30.93,30.93,30.86,30.88,3030.07,2022,6,13
2022-06-13 00:29:00+00:00,30.88,30.92,30.84,30.89,2747.93,2022,6,13
2022-06-13 00:30:00+00:00,30.88,30.9,30.76,30.82,3455.83,2022,6,13
2022-06-13 00:31:00+00:00,30.8,30.85,30.76,30.77,2643.92,2022,6,13
2022-06-13 00:32:00+00:00,30.76,30.78,30.67,30.73,5511.31,2022,6,13
2022-06-13 00:33:00+00:00,30.73,30.89,30.72,30.88,6304.57,2022,6,13
2022-06-13 00:34:00+00:00,30.88,31.11,30.86,30.98,9680.18,2022,6,13
2022-06-13 00:35:00+00:00,30.96,31.05,30.91,30.93,3662.13,2022,6,13
2022-06-13 00:36:00+00:00,30.92,30.92,30.8,30.85,2971.93,2022,6,13
2022-06-13 00:37:00+00:00,30.86,30.89,30.81,30.82,1315.67,2022,6,13
2022-06-13 00:38:00+00:00,30.83,30.86,30.68,30.69,5752.21,2022,6,13
2022-06-13 00:39:00+00:00,30.69,30.69,30.56,30.59,10572.51,2022,6,13
2022-06-13 00:40:00+00:00,30.58,30.63,30.51,30.54,10364.97,2022,6,13
2022-06-13 00:41:00+00:00,30.54,30.65,30.54,30.61,2851.4,2022,6,13
2022-06-13 00:42:00+00:00,30.6,30.63,30.55,30.56,3407.35,2022,6,13
2022-06-13 00:43:00+00:00,30.56,30.61,30.42,30.48,5220.49,2022,6,13
2022-06-13 00:44:00+00:00,30.46,30.49,30.21,30.25,14463.21,2022,6,13
2022-06-13 00:45:00+00:00,30.25,30.41,30.21,30.31,6513.75,2022,6,13
2022-06-13 00:46:00+00:00,30.31,30.39,30.2,30.2,8176.27,2022,6,13
2022-06-13 00:47:00+00:00,30.2,30.25,30.06,30.24,34530.65,2022,6,13
2022-06-13 00:48:00+00:00,30.23,30.23,30.13,30.19,5961.91,2022,6,13
2022-06-13 00:49:00+00:00,30.19,30.21,30.04,30.09,15597.35,2022,6,13
2022-06-13 00:50:00+00:00,30.09,30.11,29.86,29.89,43731.722,2022,6,13
2022-06-13 00:51:00+00:00,29.89,30.02,29.88,29.88,12212.37,2022,6,13
2022-06-13 00:52:00+00:00,29.86,30.03,29.84,29.93,12086.21,2022,6,13
2022-06-13 00:53:00+00:00,29.92,30.12,29.9,30.1,10707.08,2022,6,13
2022-06-13 00:54:00+00:00,30.1,30.13,29.88,29.91,13674.63,2022,6,13
2022-06-13 00:55:00+00:00,29.92,30.01,29.89,30.0,9755.96,2022,6,13
2022-06-13 00:56:00+00:00,30.0,30.02,29.7,29.72,14721.5,2022,6,13
2022-06-13 00:57:00+00:00,29.72,29.75,29.59,29.66,10302.85,2022,6,13
2022-06-13 00:58:00+00:00,29.66,29.68,29.5,29.66,16665.63,2022,6,13
2022-06-13 00:59:00+00:00,29.66,29.7,29.53,29.58,8981.4,2022,6,13
2022-06-13 01:00:00+00:00,29.58,29.72,29.54,29.65,12765.72,2022,6,13
2022-06-13 01:01:00+00:00,29.65,29.71,29.54,29.54,8997.98,2022,6,13
2022-06-13 01:02:00+00:00,29.53,29.65,29.48,29.61,9309.96,2022,6,13
2022-06-13 01:03:00+00:00,29.62,29.79,29.6,29.77,13018.44,2022,6,13
2022-06-13 01:04:00+00:00,29.77,29.82,29.72,29.73,9833.94,2022,6,13
2022-06-13 01:05:00+00:00,29.73,29.76,29.69,29.72,4814.43,2022,6,13
2022-06-13 01:06:00+00:00,29.73,29.74,29.69,29.7,2696.68,2022,6,13
2022-06-13 01:07:00+00:00,29.69,29.73,29.54,29.57,8675.63,2022,6,13
2022-06-13 01:08:00+00:00,29.57,29.64,29.53,29.53,8458.2,2022,6,13
2022-06-13 01:09:00+00:00,29.52,29.57,29.37,29.45,19795.98,2022,6,13
2022-06-13 01:10:00+00:00,29.45,29.56,29.32,29.56,10465.07,2022,6,13
2022-06-13 01:11:00+00:00,29.56,29.66,29.49,29.49,12509.76,2022,6,13
2022-06-13 01:12:00+00:00,29.51,29.51,29.33,29.34,10996.82,2022,6,13
2022-06-13 01:13:00+00:00,29.34,29.41,29.17,29.23,23130.26,2022,6,13
2022-06-13 01:14:00+00:00,29.23,29.36,29.17,29.18,7847.33,2022,6,13
2022-06-13 01:15:00+00:00,29.18,29.3,29.15,29.21,9591.87,2022,6,13
2022-06-13 01:16:00+00:00,29.21,29.23,29.12,29.14,9230.87,2022,6,13
2022-06-13 01:17:00+00:00,29.15,29.22,29.08,29.09,11031.88,2022,6,13
2022-06-13 01:18:00+00:00,29.09,29.33,29.07,29.31,11460.68,2022,6,13
2022-06-13 01:19:00+00:00,29.3,29.48,29.3,29.42,13468.74,2022,6,13
2022-06-13 01:20:00+00:00,29.42,29.57,29.42,29.49,7055.57,2022,6,13
2022-06-13 01:21:00+00:00,29.48,29.48,29.31,29.34,6953.68,2022,6,13
2022-06-13 01:22:00+00:00,29.34,29.38,29.24,29.26,11666.2,2022,6,13
2022-06-13 01:23:00+00:00,29.26,29.31,29.15,29.19,9998.12,2022,6,13
2022-06-13 01:24:00+00:00,29.19,29.21,29.07,29.09,10144.77,2022,6,13
2022-06-13 01:25:00+00:00,29.1,29.13,28.98,29.01,15299.06,2022,6,13
2022-06-13 01:26:00+00:00,29.01,29.1,28.92,29.05,13917.14,2022,6,13
2022-06-13 01:27:00+00:00,29.04,29.04,28.85,28.9,13177.02,2022,6,13
2022-06-13 01:28:00+00:00,28.89,29.03,28.88,29.03,16159.31,2022,6,13
2022-06-13 01:29:00+00:00,29.03,29.09,28.97,29.01,6901.48,2022,6,13
2022-06-13 01:30:00+00:00,29.0,29.21,28.96,29.2,12456.64,2022,6,13
2022-06-13 01:31:00+00:00,29.2,29.41,29.2,29.33,10793.39,2022,6,13
2022-06-13 01:32:00+00:00,29.32,29.41,29.28,29.32,8498.06,2022,6,13
2022-06-13 01:33:00+00:00,29.33,29.45,29.3,29.41,7719.04,2022,6,13
2022-06-13 01:34:00+00:00,29.41,29.46,29.23,29.24,8232.9,2022,6,13
2022-06-13 01:35:00+00:00,29.24,29.25,29.13,29.17,8175.16,2022,6,13
2022-06-13 01:36:00+00:00,29.16,29.17,29.07,29.11,6466.58,2022,6,13
2022-06-13 01:37:00+00:00,29.1,29.3,29.05,29.3,7044.94,2022,6,13
2022-06-13 01:38:00+00:00,29.3,29.32,29.18,29.29,8832.09,2022,6,13
2022-06-13 01:39:00+00:00,29.29,29.3,29.16,29.2,3920.9,2022,6,13
2022-06-13 01:40:00+00:00,29.21,29.36,29.17,29.35,4386.08,2022,6,13
2022-06-13 01:41:00+00:00,29.36,29.5,29.34,29.42,6894.33,2022,6,13
2022-06-13 01:42:00+00:00,29.41,29.44,29.35,29.36,2455.39,2022,6,13
2022-06-13 01:43:00+00:00,29.36,29.4,29.32,29.4,6393.79,2022,6,13
2022-06-13 01:44:00+00:00,29.4,29.51,29.31,29.33,15203.88,2022,6,13
2022-06-13 01:45:00+00:00,29.33,29.34,29.13,29.13,8429.09,2022,6,13
2022-06-13 01:46:00+00:00,29.12,29.13,29.0,29.04,15292.9,2022,6,13
2022-06-13 01:47:00+00:00,29.04,29.13,29.01,29.04,6706.01,2022,6,13
2022-06-13 01:48:00+00:00,29.04,29.09,29.0,29.02,9616.36,2022,6,13
2022-06-13 01:49:00+00:00,29.01,29.1,29.0,29.04,2805.75,2022,6,13
2022-06-13 01:50:00+00:00,29.04,29.04,28.94,29.0,4378.58,2022,6,13
2022-06-13 01:51:00+00:00,29.01,29.05,28.96,29.02,4544.38,2022,6,13
2022-06-13 01:52:00+00:00,29.02,29.04,28.94,28.97,3125.1,2022,6,13
2022-06-13 01:53:00+00:00,28.96,28.96,28.83,28.89,15073.94,2022,6,13
2022-06-13 01:54:00+00:00,28.9,28.96,28.89,28.91,4834.43,2022,6,13
2022-06-13 01:55:00+00:00,28.9,28.91,28.79,28.83,14073.02,2022,6,13
2022-06-13 01:56:00+00:00,28.83,28.84,28.72,28.76,9258.98,2022,6,13
2022-06-13 01:57:00+00:00,28.76,29.04,28.71,29.02,12109.55,2022,6,13
2022-06-13 01:58:00+00:00,29.02,29.18,28.95,29.18,10773.07,2022,6,13
2022-06-13 01:59:00+00:00,29.17,29.36,29.12,29.35,30451.27,2022,6,13
2022-06-13 02:00:00+00:00,29.36,29.43,29.19,29.42,10106.6,2022,6,13
2022-06-13 02:01:00+00:00,29.43,29.49,29.15,29.15,9184.42,2022,6,13
2022-06-13 02:02:00+00:00,29.15,29.17,28.97,29.09,12019.78,2022,6,13
2022-06-13 02:03:00+00:00,29.07,29.23,29.04,29.17,6371.02,2022,6,13
2022-06-13 02:04:00+00:00,29.16,29.2,29.02,29.05,3764.39,2022,6,13
2022-06-13 02:05:00+00:00,29.04,29.15,28.99,29.15,4675.86,2022,6,13
2022-06-13 02:06:00+00:00,29.16,29.24,29.09,29.2,3154.33,2022,6,13
2022-06-13 02:07:00+00:00,29.19,29.37,29.17,29.28,25070.83,2022,6,13
2022-06-13 02:08:00+00:00,29.28,29.37,29.28,29.31,5893.94,2022,6,13
2022-06-13 02:09:00+00:00,29.31,29.41,29.3,29.38,4723.01,2022,6,13
2022-06-13 02:10:00+00:00,29.37,29.38,29.21,29.22,5271.08,2022,6,13
2022-06-13 02:11:00+00:00,29.22,29.24,29.07,29.11,5252.02,2022,6,13
2022-06-13 02:12:00+00:00,29.11,29.15,29.03,29.03,7271.16,2022,6,13
2022-06-13 02:13:00+00:00,29.02,29.07,28.98,28.98,4673.39,2022,6,13
2022-06-13 02:14:00+00:00,28.98,28.99,28.88,28.96,7159.68,2022,6,13
2022-06-13 02:15:00+00:00,28.98,29.02,28.89,28.92,12187.89,2022,6,13
2022-06-13 02:16:00+00:00,28.94,28.96,28.87,28.88,9822.9,2022,6,13
2022-06-13 02:17:00+00:00,28.88,28.98,28.81,28.89,16735.75,2022,6,13
2022-06-13 02:18:00+00:00,28.9,29.01,28.89,28.98,15286.96,2022,6,13
2022-06-13 02:19:00+00:00,28.97,29.09,28.93,29.07,8972.06,2022,6,13
2022-06-13 02:20:00+00:00,29.05,29.14,28.95,28.95,14960.02,2022,6,13
2022-06-13 02:21:00+00:00,28.96,28.96,28.82,28.86,7282.59,2022,6,13
2022-06-13 02:22:00+00:00,28.85,28.99,28.81,28.99,9525.91,2022,6,13
2022-06-13 02:23:00+00:00,28.98,29.04,28.98,28.99,7103.94,2022,6,13
2022-06-13 02:24:00+00:00,28.99,28.99,28.77,28.81,6760.74,2022,6,13
2022-06-13 02:25:00+00:00,28.81,28.94,28.78,28.9,6266.98,2022,6,13
2022-06-13 02:26:00+00:00,28.9,29.01,28.9,29.0,7393.1,2022,6,13
2022-06-13 02:27:00+00:00,28.99,29.07,28.97,29.03,5477.16,2022,6,13
2022-06-13 02:28:00+00:00,29.03,29.21,29.01,29.16,12590.46,2022,6,13
2022-06-13 02:29:00+00:00,29.17,29.36,29.16,29.28,10721.98,2022,6,13
2022-06-13 02:30:00+00:00,29.29,29.39,29.19,29.19,10512.2,2022,6,13
2022-06-13 02:31:00+00:00,29.19,29.2,29.1,29.12,4443.47,2022,6,13
2022-06-13 02:32:00+00:00,29.12,29.17,29.08,29.14,9524.29,2022,6,13
2022-06-13 02:33:00+00:00,29.15,29.2,29.08,29.18,5043.1,2022,6,13
2022-06-13 02:34:00+00:00,29.17,29.19,29.09,29.15,3225.54,2022,6,13
2022-06-13 02:35:00+00:00,29.15,29.18,29.02,29.05,4884.53,2022,6,13
2022-06-13 02:36:00+00:00,29.05,29.05,28.94,28.95,6524.83,2022,6,13
2022-06-13 02:37:00+00:00,28.95,29.0,28.89,28.94,4676.15,2022,6,13
2022-06-13 02:38:00+00:00,28.95,28.98,28.87,28.97,3569.51,2022,6,13
2022-06-13 02:39:00+00:00,28.97,29.16,28.95,29.16,8302.73,2022,6,13
2022-06-13 02:40:00+00:00,29.16,29.2,28.98,28.99,7516.72,2022,6,13
2022-06-13 02:41:00+00:00,28.99,29.13,28.96,29.13,6555.27,2022,6,13
2022-06-13 02:42:00+00:00,29.12,29.15,29.0,29.03,4404.72,2022,6,13
2022-06-13 02:43:00+00:00,29.02,29.1,28.98,29.1,6194.43,2022,6,13
2022-06-13 02:44:00+00:00,29.1,29.12,29.02,29.03,3862.83,2022,6,13
2022-06-13 02:45:00+00:00,29.03,29.03,28.85,28.88,6568.05,2022,6,13
2022-06-13 02:46:00+00:00,28.88,28.91,28.71,28.76,20277.86,2022,6,13
2022-06-13 02:47:00+00:00,28.75,28.83,28.51,28.6,29920.01,2022,6,13
2022-06-13 02:48:00+00:00,28.6,28.69,28.59,28.68,6591.9,2022,6,13
2022-06-13 02:49:00+00:00,28.68,28.74,28.58,28.61,7888.16,2022,6,13
2022-06-13 02:50:00+00:00,28.62,28.63,28.55,28.57,5025.65,2022,6,13
2022-06-13 02:51:00+00:00,28.58,28.63,28.55,28.62,4772.43,2022,6,13
2022-06-13 02:52:00+00:00,28.62,28.69,28.44,28.48,13024.37,2022,6,13
2022-06-13 02:53:00+00:00,28.48,28.51,28.4,28.47,12167.61,2022,6,13
2022-06-13 02:54:00+00:00,28.46,28.58,28.34,28.58,14079.15,2022,6,13
2022-06-13 02:55:00+00:00,28.57,28.61,28.4,28.44,12914.77,2022,6,13
2022-06-13 02:56:00+00:00,28.44,28.52,28.37,28.44,11347.32,2022,6,13
2022-06-13 02:57:00+00:00,28.44,28.53,28.37,28.38,8341.25,2022,6,13
2022-06-13 02:58:00+00:00,28.38,28.42,28.36,28.39,9706.2,2022,6,13
2022-06-13 02:59:00+00:00,28.4,28.5,28.39,28.43,8904.79,2022,6,13
2022-06-13 03:00:00+00:00,28.44,28.55,28.4,28.54,4029.16,2022,6,13
2022-06-13 03:01:00+00:00,28.54,28.54,28.29,28.32,13284.76,2022,6,13
2022-06-13 03:02:00+00:00,28.32,28.36,28.14,28.28,25254.98,2022,6,13
2022-06-13 03:03:00+00:00,28.28,28.34,28.04,28.07,28404.82,2022,6,13
2022-06-13 03:04:00+00:00,28.08,28.09,27.83,27.89,42146.281,2022,6,13
2022-06-13 03:05:00+00:00,27.9,27.94,27.82,27.9,30178.81,2022,6,13
2022-06-13 03:06:00+00:00,27.9,28.01,27.83,27.95,19415.5,2022,6,13
2022-06-13 03:07:00+00:00,27.94,27.98,27.85,27.89,16869.48,2022,6,13
2022-06-13 03:08:00+00:00,27.88,27.94,27.62,27.75,35986.68,2022,6,13
2022-06-13 03:09:00+00:00,27.74,28.07,27.73,28.0,18460.19,2022,6,13
2022-06-13 03:10:00+00:00,28.01,28.49,27.97,28.42,30696.96,2022,6,13
2022-06-13 03:11:00+00:00,28.42,28.65,28.42,28.5,32057.01,2022,6,13
2022-06-13 03:12:00+00:00,28.51,28.58,28.46,28.49,9405.24,2022,6,13
2022-06-13 03:13:00+00:00,28.48,28.49,28.21,28.29,16137.23,2022,6,13
2022-06-13 03:14:00+00:00,28.3,28.37,28.22,28.33,8755.36,2022,6,13
2022-06-13 03:15:00+00:00,28.34,28.35,28.19,28.27,18391.65,2022,6,13
2022-06-13 03:16:00+00:00,28.27,28.32,28.18,28.18,14081.08,2022,6,13
2022-06-13 03:17:00+00:00,28.17,28.3,28.09,28.1,15430.32,2022,6,13
2022-06-13 03:18:00+00:00,28.09,28.2,28.0,28.04,19454.95,2022,6,13
2022-06-13 03:19:00+00:00,28.03,28.22,27.94,28.2,19788.88,2022,6,13
2022-06-13 03:20:00+00:00,28.21,28.38,28.14,28.37,29409.31,2022,6,13
2022-06-13 03:21:00+00:00,28.37,28.51,28.31,28.44,19696.78,2022,6,13
2022-06-13 03:22:00+00:00,28.44,28.47,28.3,28.31,11185.44,2022,6,13
2022-06-13 03:23:00+00:00,28.32,28.33,28.17,28.24,8017.8,2022,6,13
2022-06-13 03:24:00+00:00,28.24,28.24,27.96,27.96,13103.63,2022,6,13
2022-06-13 03:25:00+00:00,27.95,28.16,27.93,28.13,7111.01,2022,6,13
2022-06-13 03:26:00+00:00,28.14,28.23,28.12,28.2,7076.73,2022,6,13
2022-06-13 03:27:00+00:00,28.21,28.41,28.17,28.32,11881.86,2022,6,13
2022-06-13 03:28:00+00:00,28.33,28.49,28.32,28.45,8072.26,2022,6,13
2022-06-13 03:29:00+00:00,28.45,28.5,28.37,28.37,6064.35,2022,6,13
2022-06-13 03:30:00+00:00,28.38,28.64,28.34,28.61,9258.39,2022,6,13
2022-06-13 03:31:00+00:00,28.61,28.73,28.52,28.52,13391.74,2022,6,13
2022-06-13 03:32:00+00:00,28.52,28.59,28.41,28.56,5523.0,2022,6,13
2022-06-13 03:33:00+00:00,28.55,28.69,28.48,28.67,7330.69,2022,6,13
2022-06-13 03:34:00+00:00,28.68,28.7,28.6,28.67,3714.27,2022,6,13
2022-06-13 03:35:00+00:00,28.67,28.7,28.57,28.61,8918.87,2022,6,13
2022-06-13 03:36:00+00:00,28.61,28.63,28.5,28.52,7092.76,2022,6,13
2022-06-13 03:37:00+00:00,28.53,28.63,28.5,28.63,6125.68,2022,6,13
2022-06-13 03:38:00+00:00,28.64,28.68,28.61,28.64,3373.74,2022,6,13
2022-06-13 03:39:00+00:00,28.63,28.94,28.62,28.94,23095.94,2022,6,13
2022-06-13 03:40:00+00:00,28.95,29.26,28.94,29.11,36132.13,2022,6,13
2022-06-13 03:41:00+00:00,29.12,29.16,29.03,29.14,6516.87,2022,6,13
2022-06-13 03:42:00+00:00,29.13,29.13,28.91,29.0,14139.89,2022,6,13
2022-06-13 03:43:00+00:00,28.99,29.0,28.88,28.93,10232.93,2022,6,13
2022-06-13 03:44:00+00:00,28.93,28.97,28.82,28.84,7480.81,2022,6,13
2022-06-13 03:45:00+00:00,28.83,28.98,28.81,28.97,7940.77,2022,6,13
2022-06-13 03:46:00+00:00,28.97,29.13,28.97,29.02,14396.66,2022,6,13
2022-06-13 03:47:00+00:00,29.02,29.16,28.97,29.1,18363.92,2022,6,13
2022-06-13 03:48:00+00:00,29.1,29.12,29.0,29.04,6895.26,2022,6,13
2022-06-13 03:49:00+00:00,29.05,29.05,28.94,28.95,5211.3,2022,6,13
2022-06-13 03:50:00+00:00,28.95,29.04,28.87,29.0,11328.81,2022,6,13
2022-06-13 03:51:00+00:00,29.0,29.01,28.89,28.94,7824.84,2022,6,13
2022-06-13 03:52:00+00:00,28.93,29.0,28.82,28.99,8915.15,2022,6,13
2022-06-13 03:53:00+00:00,29.0,29.03,28.86,28.93,3942.52,2022,6,13
2022-06-13 03:54:00+00:00,28.93,28.93,28.87,28.9,2141.43,2022,6,13
2022-06-13 03:55:00+00:00,28.9,28.97,28.89,28.96,4137.33,2022,6,13
2022-06-13 03:56:00+00:00,28.97,28.98,28.88,28.89,5503.03,2022,6,13
2022-06-13 03:57:00+00:00,28.88,28.96,28.86,28.96,4755.34,2022,6,13
2022-06-13 03:58:00+00:00,28.96,29.04,28.92,29.01,5900.65,2022,6,13
2022-06-13 03:59:00+00:00,29.01,29.03,28.83,28.85,6999.23,2022,6,13
2022-06-13 04:00:00+00:00,28.84,28.85,28.67,28.72,15765.15,2022,6,13
2022-06-13 04:01:00+00:00,28.72,28.85,28.72,28.84,7070.76,2022,6,13
2022-06-13 04:02:00+00:00,28.83,28.88,28.75,28.79,4653.14,2022,6,13
2022-06-13 04:03:00+00:00,28.79,28.87,28.79,28.85,7891.78,2022,6,13
2022-06-13 04:04:00+00:00,28.85,28.86,28.76,28.85,7746.86,2022,6,13
2022-06-13 04:05:00+00:00,28.84,28.95,28.8,28.94,7913.22,2022,6,13
2022-06-13 04:06:00+00:00,28.94,29.04,28.9,29.04,9162.78,2022,6,13
2022-06-13 04:07:00+00:00,29.03,29.05,28.96,29.02,6838.86,2022,6,13
2022-06-13 04:08:00+00:00,29.02,29.09,29.0,29.05,4605.85,2022,6,13
2022-06-13 04:09:00+00:00,29.04,29.2,29.02,29.17,29347.52,2022,6,13
2022-06-13 04:10:00+00:00,29.16,29.26,29.13,29.22,11096.62,2022,6,13
2022-06-13 04:11:00+00:00,29.22,29.4,29.19,29.36,18253.15,2022,6,13
2022-06-13 04:12:00+00:00,29.36,29.47,29.28,29.34,23401.92,2022,6,13
2022-06-13 04:13:00+00:00,29.34,29.37,29.23,29.26,10425.85,2022,6,13
2022-06-13 04:14:00+00:00,29.25,29.29,29.16,29.21,9890.6,2022,6,13
2022-06-13 04:15:00+00:00,29.2,29.28,29.15,29.27,6376.83,2022,6,13
2022-06-13 04:16:00+00:00,29.27,29.37,29.25,29.36,6600.89,2022,6,13
2022-06-13 04:17:00+00:00,29.36,29.68,29.36,29.48,32519.72,2022,6,13
2022-06-13 04:18:00+00:00,29.47,29.47,29.28,29.28,11017.56,2022,6,13
2022-06-13 04:19:00+00:00,29.29,29.46,29.27,29.46,11859.46,2022,6,13
2022-06-13 04:20:00+00:00,29.46,29.65,29.44,29.55,23206.51,2022,6,13
2022-06-13 04:21:00+00:00,29.54,29.54,29.43,29.53,6378.43,2022,6,13
2022-06-13 04:22:00+00:00,29.52,29.56,29.44,29.49,5854.73,2022,6,13
2022-06-13 04:23:00+00:00,29.49,29.5,29.39,29.5,6643.39,2022,6,13
2022-06-13 04:24:00+00:00,29.51,29.66,29.46,29.65,6716.21,2022,6,13
2022-06-13 04:25:00+00:00,29.66,29.7,29.57,29.63,12043.4,2022,6,13
2022-06-13 04:26:00+00:00,29.64,29.64,29.43,29.43,10321.0,2022,6,13
2022-06-13 04:27:00+00:00,29.44,29.61,29.43,29.52,8001.26,2022,6,13
2022-06-13 04:28:00+00:00,29.52,29.58,29.44,29.44,5034.97,2022,6,13
2022-06-13 04:29:00+00:00,29.45,29.5,29.3,29.37,15419.93,2022,6,13
2022-06-13 04:30:00+00:00,29.37,29.42,29.25,29.4,5965.28,2022,6,13
2022-06-13 04:31:00+00:00,29.4,29.43,29.19,29.26,11339.42,2022,6,13
2022-06-13 04:32:00+00:00,29.26,29.27,28.98,29.09,30142.44,2022,6,13
2022-06-13 04:33:00+00:00,29.08,29.18,29.03,29.18,4968.19,2022,6,13
2022-06-13 04:34:00+00:00,29.17,29.22,29.13,29.19,3801.92,2022,6,13
2022-06-13 04:35:00+00:00,29.2,29.2,29.13,29.14,4926.44,2022,6,13
2022-06-13 04:36:00+00:00,29.14,29.23,29.11,29.2,4865.33,2022,6,13
2022-06-13 04:37:00+00:00,29.2,29.25,29.16,29.23,1976.16,2022,6,13
2022-06-13 04:38:00+00:00,29.23,29.25,29.11,29.11,3880.02,2022,6,13
2022-06-13 04:39:00+00:00,29.12,29.17,29.11,29.15,1721.84,2022,6,13
2022-06-13 04:40:00+00:00,29.16,29.16,29.01,29.03,3149.48,2022,6,13
2022-06-13 04:41:00+00:00,29.02,29.07,29.01,29.01,7020.38,2022,6,13
2022-06-13 04:42:00+00:00,29.02,29.03,28.89,28.93,11157.58,2022,6,13
2022-06-13 04:43:00+00:00,28.94,29.0,28.91,28.93,6834.85,2022,6,13
2022-06-13 04:44:00+00:00,28.93,28.99,28.92,28.96,6345.19,2022,6,13
2022-06-13 04:45:00+00:00,28.96,28.96,28.82,28.86,3675.17,2022,6,13
2022-06-13 04:46:00+00:00,28.85,28.89,28.79,28.79,3040.55,2022,6,13
2022-06-13 04:47:00+00:00,28.8,28.81,28.65,28.66,5447.96,2022,6,13
2022-06-13 04:48:00+00:00,28.66,28.78,28.66,28.78,4153.64,2022,6,13
2022-06-13 04:49:00+00:00,28.77,28.81,28.74,28.78,3829.79,2022,6,13
2022-06-13 04:50:00+00:00,28.78,28.78,28.65,28.68,14340.68,2022,6,13
2022-06-13 04:51:00+00:00,28.68,28.7,28.57,28.62,11934.05,2022,6,13
2022-06-13 04:52:00+00:00,28.61,28.69,28.54,28.68,7131.38,2022,6,13
2022-06-13 04:53:00+00:00,28.68,28.68,28.61,28.67,2247.0,2022,6,13
2022-06-13 04:54:00+00:00,28.67,28.7,28.63,28.68,4392.74,2022,6,13
2022-06-13 04:55:00+00:00,28.68,28.7,28.65,28.67,2190.82,2022,6,13
2022-06-13 04:56:00+00:00,28.67,28.7,28.62,28.63,4152.81,2022,6,13
2022-06-13 04:57:00+00:00,28.63,28.64,28.49,28.5,12418.21,2022,6,13
2022-06-13 04:58:00+00:00,28.5,28.58,28.5,28.55,9197.27,2022,6,13
2022-06-13 04:59:00+00:00,28.55,28.56,28.44,28.45,9619.92,2022,6,13
2022-06-13 05:00:00+00:00,28.45,28.59,28.42,28.57,7207.77,2022,6,13
2022-06-13 05:01:00+00:00,28.57,28.61,28.54,28.59,3221.73,2022,6,13
2022-06-13 05:02:00+00:00,28.59,28.67,28.57,28.64,4442.28,2022,6,13
2022-06-13 05:03:00+00:00,28.63,28.63,28.55,28.57,11353.44,2022,6,13
2022-06-13 05:04:00+00:00,28.57,28.66,28.57,28.61,4708.43,2022,6,13
2022-06-13 05:05:00+00:00,28.61,28.66,28.59,28.61,6619.8,2022,6,13
2022-06-13 05:06:00+00:00,28.61,28.72,28.59,28.7,4244.25,2022,6,13
2022-06-13 05:07:00+00:00,28.7,28.7,28.53,28.54,4982.66,2022,6,13
2022-06-13 05:08:00+00:00,28.54,28.65,28.53,28.59,5357.07,2022,6,13
2022-06-13 05:09:00+00:00,28.58,28.64,28.56,28.61,4317.71,2022,6,13
2022-06-13 05:10:00+00:00,28.6,28.61,28.55,28.58,1955.6,2022,6,13
2022-06-13 05:11:00+00:00,28.58,28.58,28.47,28.5,4865.08,2022,6,13
2022-06-13 05:12:00+00:00,28.5,28.5,28.36,28.45,6119.33,2022,6,13
2022-06-13 05:13:00+00:00,28.43,28.7,28.39,28.68,8321.68,2022,6,13
2022-06-13 05:14:00+00:00,28.68,28.73,28.64,28.7,5448.69,2022,6,13
2022-06-13 05:15:00+00:00,28.7,28.7,28.57,28.7,8641.48,2022,6,13
2022-06-13 05:16:00+00:00,28.69,28.8,28.67,28.79,6252.75,2022,6,13
2022-06-13 05:17:00+00:00,28.79,28.87,28.78,28.81,5593.08,2022,6,13
2022-06-13 05:18:00+00:00,28.81,28.83,28.67,28.68,3035.69,2022,6,13
2022-06-13 05:19:00+00:00,28.67,28.67,28.58,28.59,3349.05,2022,6,13
2022-06-13 05:20:00+00:00,28.59,28.68,28.59,28.66,3714.85,2022,6,13
2022-06-13 05:21:00+00:00,28.66,28.67,28.6,28.62,4419.73,2022,6,13
2022-06-13 05:22:00+00:00,28.6,28.6,28.47,28.49,3997.71,2022,6,13
2022-06-13 05:23:00+00:00,28.51,28.55,28.46,28.5,4398.1,2022,6,13
2022-06-13 05:24:00+00:00,28.5,28.54,28.48,28.52,2265.26,2022,6,13
2022-06-13 05:25:00+00:00,28.51,28.51,28.39,28.41,5235.59,2022,6,13
2022-06-13 05:26:00+00:00,28.41,28.49,28.39,28.41,6602.82,2022,6,13
2022-06-13 05:27:00+00:00,28.4,28.47,28.37,28.42,2711.18,2022,6,13
2022-06-13 05:28:00+00:00,28.42,28.52,28.42,28.43,4976.38,2022,6,13
2022-06-13 05:29:00+00:00,28.42,28.42,28.35,28.37,3792.39,2022,6,13
2022-06-13 05:30:00+00:00,28.36,28.47,28.24,28.46,14557.74,2022,6,13
2022-06-13 05:31:00+00:00,28.46,28.51,28.34,28.35,5628.75,2022,6,13
2022-06-13 05:32:00+00:00,28.35,28.36,28.29,28.32,3008.8,2022,6,13
2022-06-13 05:33:00+00:00,28.33,28.4,28.31,28.39,2675.8,2022,6,13
2022-06-13 05:34:00+00:00,28.38,28.42,28.29,28.29,5807.86,2022,6,13
2022-06-13 05:35:00+00:00,28.3,28.39,28.27,28.31,4404.96,2022,6,13
2022-06-13 05:36:00+00:00,28.31,28.38,28.3,28.36,3623.94,2022,6,13
2022-06-13 05:37:00+00:00,28.36,28.43,28.36,28.4,3447.13,2022,6,13
2022-06-13 05:38:00+00:00,28.4,28.46,28.35,28.43,1510.66,2022,6,13
2022-06-13 05:39:00+00:00,28.43,28.43,28.27,28.31,5683.39,2022,6,13
2022-06-13 05:40:00+00:00,28.31,28.33,28.25,28.26,4427.06,2022,6,13
2022-06-13 05:41:00+00:00,28.26,28.34,28.25,28.3,6074.7,2022,6,13
2022-06-13 05:42:00+00:00,28.3,28.33,28.28,28.31,2318.05,2022,6,13
2022-06-13 05:43:00+00:00,28.31,28.31,28.11,28.2,10359.8,2022,6,13
2022-06-13 05:44:00+00:00,28.2,28.22,28.07,28.11,10864.62,2022,6,13
2022-06-13 05:45:00+00:00,28.11,28.22,27.95,28.03,20522.81,2022,6,13
2022-06-13 05:46:00+00:00,28.02,28.12,27.99,28.05,7058.35,2022,6,13
2022-06-13 05:47:00+00:00,28.06,28.13,28.04,28.05,7330.45,2022,6,13
2022-06-13 05:48:00+00:00,28.04,28.04,27.9,27.95,17986.33,2022,6,13
2022-06-13 05:49:00+00:00,27.94,28.0,27.85,27.89,8719.05,2022,6,13
2022-06-13 05:50:00+00:00,27.88,28.04,27.85,27.98,5354.75,2022,6,13
2022-06-13 05:51:00+00:00,27.98,28.06,27.96,28.01,3991.62,2022,6,13
2022-06-13 05:52:00+00:00,28.0,28.02,27.89,27.92,10410.6,2022,6,13
2022-06-13 05:53:00+00:00,27.92,27.95,27.86,27.88,10887.14,2022,6,13
2022-06-13 05:54:00+00:00,27.88,27.95,27.86,27.87,7745.12,2022,6,13
2022-06-13 05:55:00+00:00,27.88,27.98,27.87,27.91,5372.56,2022,6,13
2022-06-13 05:56:00+00:00,27.9,27.9,27.72,27.74,14709.16,2022,6,13
2022-06-13 05:57:00+00:00,27.75,27.88,27.75,27.86,9780.41,2022,6,13
2022-06-13 05:58:00+00:00,27.86,27.89,27.77,27.82,11471.82,2022,6,13
2022-06-13 05:59:00+00:00,27.83,27.85,27.78,27.84,6192.43,2022,6,13
2022-06-13 06:00:00+00:00,27.83,27.88,27.79,27.86,13804.41,2022,6,13
2022-06-13 06:01:00+00:00,27.85,27.95,27.82,27.92,10650.54,2022,6,13
2022-06-13 06:02:00+00:00,27.92,28.03,27.92,27.94,10305.75,2022,6,13
2022-06-13 06:03:00+00:00,27.94,27.96,27.81,27.82,10337.4,2022,6,13
2022-06-13 06:04:00+00:00,27.82,27.86,27.77,27.78,13885.64,2022,6,13
2022-06-13 06:05:00+00:00,27.79,27.94,27.78,27.83,7977.26,2022,6,13
2022-06-13 06:06:00+00:00,27.83,27.94,27.81,27.83,4231.6,2022,6,13
2022-06-13 06:07:00+00:00,27.83,27.9,27.79,27.81,7651.91,2022,6,13
2022-06-13 06:08:00+00:00,27.81,27.87,27.75,27.86,14330.51,2022,6,13
2022-06-13 06:09:00+00:00,27.85,28.06,27.85,28.01,11035.67,2022,6,13
2022-06-13 06:10:00+00:00,28.01,28.12,27.99,28.07,10936.59,2022,6,13
2022-06-13 06:11:00+00:00,28.07,28.23,28.04,28.18,17441.12,2022,6,13
2022-06-13 06:12:00+00:00,28.17,28.18,28.07,28.13,4774.21,2022,6,13
2022-06-13 06:13:00+00:00,28.14,28.21,28.12,28.2,6392.77,2022,6,13
2022-06-13 06:14:00+00:00,28.21,28.33,28.19,28.29,18941.28,2022,6,13
2022-06-13 06:15:00+00:00,28.28,28.47,28.28,28.44,7170.78,2022,6,13
2022-06-13 06:16:00+00:00,28.45,28.62,28.43,28.55,10234.07,2022,6,13
2022-06-13 06:17:00+00:00,28.54,28.64,28.45,28.46,8750.23,2022,6,13
2022-06-13 06:18:00+00:00,28.46,28.56,28.36,28.55,14956.87,2022,6,13
2022-06-13 06:19:00+00:00,28.54,28.54,28.38,28.43,2794.8,2022,6,13
2022-06-13 06:20:00+00:00,28.43,28.44,28.22,28.25,8010.46,2022,6,13
2022-06-13 06:21:00+00:00,28.25,28.27,28.2,28.2,4768.87,2022,6,13
2022-06-13 06:22:00+00:00,28.21,28.27,28.12,28.12,10110.48,2022,6,13
2022-06-13 06:23:00+00:00,28.13,28.18,28.08,28.1,5243.5,2022,6,13
2022-06-13 06:24:00+00:00,28.1,28.22,28.09,28.19,3802.97,2022,6,13
2022-06-13 06:25:00+00:00,28.19,28.27,28.18,28.18,2274.84,2022,6,13
2022-06-13 06:26:00+00:00,28.17,28.28,28.17,28.23,4589.22,2022,6,13
2022-06-13 06:27:00+00:00,28.23,28.37,28.19,28.35,5743.81,2022,6,13
2022-06-13 06:28:00+00:00,28.36,28.41,28.32,28.4,5644.74,2022,6,13
2022-06-13 06:29:00+00:00,28.39,28.4,28.2,28.23,4015.27,2022,6,13
2022-06-13 06:30:00+00:00,28.24,28.33,28.14,28.21,3241.25,2022,6,13
2022-06-13 06:31:00+00:00,28.21,28.4,28.21,28.34,7205.74,2022,6,13
2022-06-13 06:32:00+00:00,28.33,28.38,28.3,28.35,6173.02,2022,6,13
2022-06-13 06:33:00+00:00,28.35,28.42,28.32,28.41,6631.28,2022,6,13
2022-06-13 06:34:00+00:00,28.41,28.48,28.36,28.44,5783.72,2022,6,13
2022-06-13 06:35:00+00:00,28.45,28.48,28.38,28.39,6769.38,2022,6,13
2022-06-13 06:36:00+00:00,28.39,28.39,28.22,28.36,15126.89,2022,6,13
2022-06-13 06:37:00+00:00,28.35,28.38,28.3,28.3,3450.18,2022,6,13
2022-06-13 06:38:00+00:00,28.29,28.38,28.29,28.36,4336.92,2022,6,13
2022-06-13 06:39:00+00:00,28.36,28.38,28.31,28.32,2972.97,2022,6,13
2022-06-13 06:40:00+00:00,28.3,28.34,28.21,28.22,5065.35,2022,6,13
2022-06-13 06:41:00+00:00,28.22,28.26,28.11,28.13,9403.36,2022,6,13
2022-06-13 06:42:00+00:00,28.12,28.18,28.08,28.11,5089.4,2022,6,13
2022-06-13 06:43:00+00:00,28.1,28.13,27.95,28.02,9629.64,2022,6,13
2022-06-13 06:44:00+00:00,28.02,28.04,27.87,27.88,14857.67,2022,6,13
2022-06-13 06:45:00+00:00,27.89,28.0,27.86,27.94,6016.67,2022,6,13
2022-06-13 06:46:00+00:00,27.95,28.01,27.91,27.96,4204.13,2022,6,13
2022-06-13 06:47:00+00:00,27.96,27.99,27.74,27.74,10415.91,2022,6,13
2022-06-13 06:48:00+00:00,27.74,27.97,27.67,27.92,16536.54,2022,6,13
2022-06-13 06:49:00+00:00,27.92,28.02,27.79,27.79,4644.84,2022,6,13
2022-06-13 06:50:00+00:00,27.78,27.91,27.74,27.88,8656.96,2022,6,13
2022-06-13 06:51:00+00:00,27.9,27.96,27.8,27.81,5171.13,2022,6,13
2022-06-13 06:52:00+00:00,27.8,27.88,27.72,27.81,7200.36,2022,6,13
2022-06-13 06:53:00+00:00,27.81,27.91,27.81,27.89,4960.02,2022,6,13
2022-06-13 06:54:00+00:00,27.89,27.92,27.85,27.87,4514.59,2022,6,13
2022-06-13 06:55:00+00:00,27.88,28.02,27.8,28.0,8505.49,2022,6,13
2022-06-13 06:56:00+00:00,28.0,28.03,27.94,27.98,5131.13,2022,6,13
2022-06-13 06:57:00+00:00,27.97,28.1,27.97,28.07,7582.68,2022,6,13
2022-06-13 06:58:00+00:00,28.07,28.12,28.04,28.05,5881.26,2022,6,13
2022-06-13 06:59:00+00:00,28.06,28.1,27.94,28.1,7003.56,2022,6,13
2022-06-13 07:00:00+00:00,28.08,28.22,28.04,28.2,14117.36,2022,6,13
2022-06-13 07:01:00+00:00,28.21,28.37,28.16,28.35,14538.39,2022,6,13
2022-06-13 07:02:00+00:00,28.34,28.35,28.21,28.22,5518.76,2022,6,13
2022-06-13 07:03:00+00:00,28.22,28.28,28.14,28.2,4300.43,2022,6,13
2022-06-13 07:04:00+00:00,28.19,28.22,28.15,28.17,4256.06,2022,6,13
2022-06-13 07:05:00+00:00,28.16,28.17,28.03,28.04,5562.47,2022,6,13
2022-06-13 07:06:00+00:00,28.04,28.14,28.02,28.14,2845.12,2022,6,13
2022-06-13 07:07:00+00:00,28.15,28.3,28.13,28.3,4732.53,2022,6,13
2022-06-13 07:08:00+00:00,28.3,28.34,28.21,28.32,3203.19,2022,6,13
2022-06-13 07:09:00+00:00,28.31,28.4,28.27,28.28,7570.11,2022,6,13
2022-06-13 07:10:00+00:00,28.28,28.35,28.25,28.28,6489.73,2022,6,13
2022-06-13 07:11:00+00:00,28.28,28.28,28.17,28.19,3869.41,2022,6,13
2022-06-13 07:12:00+00:00,28.19,28.21,28.16,28.17,5487.99,2022,6,13
2022-06-13 07:13:00+00:00,28.16,28.24,28.12,28.21,4296.06,2022,6,13
2022-06-13 07:14:00+00:00,28.22,28.25,28.2,28.22,2481.15,2022,6,13
2022-06-13 07:15:00+00:00,28.22,28.38,28.22,28.35,5879.15,2022,6,13
2022-06-13 07:16:00+00:00,28.35,28.43,28.31,28.42,3947.34,2022,6,13
2022-06-13 07:17:00+00:00,28.41,28.47,28.37,28.47,2711.93,2022,6,13
2022-06-13 07:18:00+00:00,28.47,28.63,28.41,28.56,6823.71,2022,6,13
2022-06-13 07:19:00+00:00,28.56,28.56,28.34,28.36,6148.69,2022,6,13
2022-06-13 07:20:00+00:00,28.35,28.41,28.26,28.27,4450.51,2022,6,13
2022-06-13 07:21:00+00:00,28.26,28.34,28.21,28.22,12841.44,2022,6,13
2022-06-13 07:22:00+00:00,28.22,28.27,28.19,28.2,3362.55,2022,6,13
2022-06-13 07:23:00+00:00,28.2,28.36,28.19,28.34,3237.53,2022,6,13
2022-06-13 07:24:00+00:00,28.34,28.49,28.3,28.47,7059.47,2022,6,13
2022-06-13 07:25:00+00:00,28.47,28.47,28.32,28.32,3768.37,2022,6,13
2022-06-13 07:26:00+00:00,28.31,28.31,28.24,28.25,3808.64,2022,6,13
2022-06-13 07:27:00+00:00,28.25,28.25,28.17,28.24,7063.58,2022,6,13
2022-06-13 07:28:00+00:00,28.24,28.24,28.12,28.16,9344.51,2022,6,13
2022-06-13 07:29:00+00:00,28.16,28.17,28.08,28.13,8125.19,2022,6,13
2022-06-13 07:30:00+00:00,28.13,28.19,27.96,27.99,7415.77,2022,6,13
2022-06-13 07:31:00+00:00,27.99,28.02,27.96,27.97,4813.01,2022,6,13
2022-06-13 07:32:00+00:00,27.96,28.08,27.96,28.0,4748.28,2022,6,13
2022-06-13 07:33:00+00:00,28.0,28.05,27.99,28.02,2785.91,2022,6,13
2022-06-13 07:34:00+00:00,28.02,28.06,28.01,28.05,1790.96,2022,6,13
2022-06-13 07:35:00+00:00,28.06,28.17,28.06,28.14,3100.54,2022,6,13
2022-06-13 07:36:00+00:00,28.14,28.21,28.01,28.02,10954.08,2022,6,13
2022-06-13 07:37:00+00:00,28.03,28.06,27.84,27.88,7843.11,2022,6,13
2022-06-13 07:38:00+00:00,27.88,27.93,27.81,27.89,7499.39,2022,6,13
2022-06-13 07:39:00+00:00,27.89,27.96,27.75,27.78,14119.33,2022,6,13
2022-06-13 07:40:00+00:00,27.77,27.9,27.51,27.65,33238.25,2022,6,13
2022-06-13 07:41:00+00:00,27.65,27.71,27.41,27.47,31366.07,2022,6,13
2022-06-13 07:42:00+00:00,27.48,27.59,27.38,27.45,45481.45,2022,6,13
2022-06-13 07:43:00+00:00,27.44,27.58,27.42,27.51,19080.86,2022,6,13
2022-06-13 07:44:00+00:00,27.52,27.55,27.43,27.47,12162.42,2022,6,13
2022-06-13 07:45:00+00:00,27.47,27.6,27.4,27.6,13197.6,2022,6,13
2022-06-13 07:46:00+00:00,27.6,27.89,27.59,27.87,14710.65,2022,6,13
2022-06-13 07:47:00+00:00,27.88,28.07,27.81,27.95,19132.69,2022,6,13
2022-06-13 07:48:00+00:00,27.95,27.95,27.73,27.8,8720.45,2022,6,13
2022-06-13 07:49:00+00:00,27.81,27.84,27.63,27.72,9165.12,2022,6,13
2022-06-13 07:50:00+00:00,27.72,27.73,27.56,27.63,7962.56,2022,6,13
2022-06-13 07:51:00+00:00,27.64,27.72,27.58,27.6,14080.04,2022,6,13
2022-06-13 07:52:00+00:00,27.59,27.59,27.45,27.5,11569.17,2022,6,13
2022-06-13 07:53:00+00:00,27.49,27.59,27.47,27.51,12488.78,2022,6,13
2022-06-13 07:54:00+00:00,27.5,27.5,27.33,27.39,17135.77,2022,6,13
2022-06-13 07:55:00+00:00,27.4,27.44,27.21,27.24,20154.51,2022,6,13
2022-06-13 07:56:00+00:00,27.25,27.44,27.23,27.38,20936.09,2022,6,13
2022-06-13 07:57:00+00:00,27.39,27.64,27.39,27.59,20099.33,2022,6,13
2022-06-13 07:58:00+00:00,27.57,27.61,27.44,27.53,11102.61,2022,6,13
2022-06-13 07:59:00+00:00,27.53,27.57,27.44,27.57,7760.25,2022,6,13
2022-06-13 08:00:00+00:00,27.57,27.59,27.37,27.43,14749.48,2022,6,13
2022-06-13 08:01:00+00:00,27.44,27.49,27.36,27.37,10090.43,2022,6,13
2022-06-13 08:02:00+00:00,27.38,27.43,27.22,27.22,12703.11,2022,6,13
2022-06-13 08:03:00+00:00,27.21,27.5,27.18,27.48,23480.85,2022,6,13
2022-06-13 08:04:00+00:00,27.49,27.73,27.49,27.61,26952.41,2022,6,13
2022-06-13 08:05:00+00:00,27.61,27.7,27.54,27.56,8752.81,2022,6,13
2022-06-13 08:06:00+00:00,27.56,27.63,27.34,27.36,14588.13,2022,6,13
2022-06-13 08:07:00+00:00,27.37,27.48,27.26,27.42,19835.36,2022,6,13
2022-06-13 08:08:00+00:00,27.42,27.6,27.35,27.6,8205.7,2022,6,13
2022-06-13 08:09:00+00:00,27.6,27.64,27.47,27.63,9350.95,2022,6,13
2022-06-13 08:10:00+00:00,27.63,27.7,27.52,27.58,13027.54,2022,6,13
2022-06-13 08:11:00+00:00,27.58,27.58,27.45,27.47,6992.2,2022,6,13
2022-06-13 08:12:00+00:00,27.46,27.65,27.44,27.59,9511.06,2022,6,13
2022-06-13 08:13:00+00:00,27.59,27.67,27.53,27.56,9952.49,2022,6,13
2022-06-13 08:14:00+00:00,27.57,27.69,27.57,27.59,11995.72,2022,6,13
2022-06-13 08:15:00+00:00,27.58,27.65,27.43,27.44,5511.67,2022,6,13
2022-06-13 08:16:00+00:00,27.44,27.55,27.41,27.49,10462.96,2022,6,13
2022-06-13 08:17:00+00:00,27.49,27.52,27.38,27.38,8076.48,2022,6,13
2022-06-13 08:18:00+00:00,27.39,27.43,27.29,27.36,10605.85,2022,6,13
2022-06-13 08:19:00+00:00,27.35,27.46,27.34,27.39,7337.05,2022,6,13
2022-06-13 08:20:00+00:00,27.4,27.45,27.29,27.29,9353.57,2022,6,13
2022-06-13 08:21:00+00:00,27.29,27.33,27.19,27.19,10849.48,2022,6,13
2022-06-13 08:22:00+00:00,27.19,27.3,27.18,27.24,7568.39,2022,6,13
2022-06-13 08:23:00+00:00,27.24,27.28,27.15,27.19,12376.19,2022,6,13
2022-06-13 08:24:00+00:00,27.19,27.25,27.14,27.2,15648.01,2022,6,13
2022-06-13 08:25:00+00:00,27.19,27.3,26.94,27.01,33032.686,2022,6,13
2022-06-13 08:26:00+00:00,27.0,27.16,26.9,27.11,19992.627,2022,6,13
2022-06-13 08:27:00+00:00,27.11,27.25,27.06,27.11,9975.34,2022,6,13
2022-06-13 08:28:00+00:00,27.11,27.26,27.1,27.14,6424.12,2022,6,13
2022-06-13 08:29:00+00:00,27.14,27.32,27.14,27.29,8950.81,2022,6,13
2022-06-13 08:30:00+00:00,27.29,27.44,27.25,27.43,9483.42,2022,6,13
2022-06-13 08:31:00+00:00,27.44,27.62,27.38,27.6,18340.65,2022,6,13
2022-06-13 08:32:00+00:00,27.6,27.64,27.43,27.44,10754.7,2022,6,13
2022-06-13 08:33:00+00:00,27.45,27.56,27.42,27.54,5328.25,2022,6,13
2022-06-13 08:34:00+00:00,27.53,27.62,27.52,27.58,6928.03,2022,6,13
2022-06-13 08:35:00+00:00,27.57,27.58,27.43,27.44,6838.21,2022,6,13
2022-06-13 08:36:00+00:00,27.44,27.44,27.26,27.27,20185.56,2022,6,13
2022-06-13 08:37:00+00:00,27.26,27.26,27.16,27.18,9778.04,2022,6,13
2022-06-13 08:38:00+00:00,27.18,27.21,27.07,27.1,5651.48,2022,6,13
2022-06-13 08:39:00+00:00,27.1,27.24,27.02,27.21,14946.33,2022,6,13
2022-06-13 08:40:00+00:00,27.22,27.41,27.2,27.22,15018.68,2022,6,13
2022-06-13 08:41:00+00:00,27.21,27.28,27.05,27.1,13492.06,2022,6,13
2022-06-13 08:42:00+00:00,27.1,27.12,26.97,26.99,14478.08,2022,6,13
2022-06-13 08:43:00+00:00,26.98,27.07,26.85,27.0,23091.22,2022,6,13
2022-06-13 08:44:00+00:00,27.01,27.16,26.99,27.02,30026.0,2022,6,13
2022-06-13 08:45:00+00:00,27.01,27.03,26.85,26.87,18972.95,2022,6,13
2022-06-13 08:46:00+00:00,26.86,26.95,26.78,26.84,16304.2,2022,6,13
2022-06-13 08:47:00+00:00,26.84,26.91,26.75,26.81,16045.13,2022,6,13
2022-06-13 08:48:00+00:00,26.8,26.85,26.7,26.74,18425.39,2022,6,13
2022-06-13 08:49:00+00:00,26.75,26.88,26.73,26.78,18456.87,2022,6,13
2022-06-13 08:50:00+00:00,26.78,26.85,26.72,26.78,8809.64,2022,6,13
2022-06-13 08:51:00+00:00,26.77,26.83,26.71,26.79,10875.87,2022,6,13
2022-06-13 08:52:00+00:00,26.78,26.91,26.73,26.87,11907.4,2022,6,13
2022-06-13 08:53:00+00:00,26.86,26.87,26.69,26.74,14292.52,2022,6,13
2022-06-13 08:54:00+00:00,26.73,26.75,26.65,26.7,9361.57,2022,6,13
2022-06-13 08:55:00+00:00,26.69,26.77,26.63,26.64,17521.68,2022,6,13
2022-06-13 08:56:00+00:00,26.64,26.65,26.31,26.39,51688.22,2022,6,13
2022-06-13 08:57:00+00:00,26.4,26.49,26.25,26.38,42299.66,2022,6,13
2022-06-13 08:58:00+00:00,26.38,26.44,26.25,26.25,15229.79,2022,6,13
2022-06-13 08:59:00+00:00,26.26,26.38,26.17,26.26,24350.68,2022,6,13
2022-06-13 09:00:00+00:00,26.26,26.34,26.2,26.3,16088.37,2022,6,13
2022-06-13 09:01:00+00:00,26.3,26.32,26.2,26.21,17566.02,2022,6,13
2022-06-13 09:02:00+00:00,26.21,26.27,26.17,26.2,12143.2,2022,6,13
2022-06-13 09:03:00+00:00,26.2,26.5,26.2,26.46,20284.4,2022,6,13
2022-06-13 09:04:00+00:00,26.46,26.6,26.34,26.34,16330.94,2022,6,13
2022-06-13 09:05:00+00:00,26.36,26.52,26.29,26.3,10779.55,2022,6,13
2022-06-13 09:06:00+00:00,26.3,26.37,26.18,26.23,27343.75,2022,6,13
2022-06-13 09:07:00+00:00,26.22,26.3,26.12,26.2,31935.54,2022,6,13
2022-06-13 09:08:00+00:00,26.2,26.2,26.06,26.13,27721.93,2022,6,13
2022-06-13 09:09:00+00:00,26.14,26.48,26.05,26.48,32326.24,2022,6,13
2022-06-13 09:10:00+00:00,26.46,26.57,26.36,26.42,24946.75,2022,6,13
2022-06-13 09:11:00+00:00,26.43,26.51,26.29,26.51,8935.47,2022,6,13
2022-06-13 09:12:00+00:00,26.52,26.71,26.51,26.63,15089.76,2022,6,13
2022-06-13 09:13:00+00:00,26.64,26.89,26.62,26.79,30579.44,2022,6,13
2022-06-13 09:14:00+00:00,26.8,27.07,26.78,27.06,22843.35,2022,6,13
2022-06-13 09:15:00+00:00,27.06,27.15,26.98,26.99,26754.33,2022,6,13
2022-06-13 09:16:00+00:00,26.97,27.05,26.88,26.98,12533.3,2022,6,13
2022-06-13 09:17:00+00:00,26.98,27.22,26.93,27.13,22624.44,2022,6,13
2022-06-13 09:18:00+00:00,27.13,27.46,27.07,27.43,14709.58,2022,6,13
2022-06-13 09:19:00+00:00,27.43,27.69,27.38,27.49,32610.64,2022,6,13
2022-06-13 09:20:00+00:00,27.49,27.53,27.32,27.38,11403.1,2022,6,13
2022-06-13 09:21:00+00:00,27.37,27.41,27.19,27.26,11164.3,2022,6,13
2022-06-13 09:22:00+00:00,27.25,27.3,27.13,27.25,10202.34,2022,6,13
2022-06-13 09:23:00+00:00,27.24,27.56,27.15,27.37,148941.34,2022,6,13
2022-06-13 09:24:00+00:00,27.37,27.43,27.24,27.32,16464.37,2022,6,13
2022-06-13 09:25:00+00:00,27.34,27.4,27.21,27.35,7783.16,2022,6,13
2022-06-13 09:26:00+00:00,27.35,27.38,27.26,27.33,9320.88,2022,6,13
2022-06-13 09:27:00+00:00,27.34,27.49,27.3,27.36,7823.49,2022,6,13
2022-06-13 09:28:00+00:00,27.36,27.37,27.2,27.22,6586.61,2022,6,13
2022-06-13 09:29:00+00:00,27.22,27.38,27.2,27.36,10100.82,2022,6,13
2022-06-13 09:30:00+00:00,27.36,27.4,27.2,27.21,13428.09,2022,6,13
2022-06-13 09:31:00+00:00,27.21,27.27,27.09,27.09,17043.55,2022,6,13
2022-06-13 09:32:00+00:00,27.1,27.11,26.94,26.95,22567.14,2022,6,13
2022-06-13 09:33:00+00:00,26.95,26.99,26.85,26.95,10645.02,2022,6,13
2022-06-13 09:34:00+00:00,26.95,27.12,26.77,27.11,21209.03,2022,6,13
2022-06-13 09:35:00+00:00,27.11,27.22,27.01,27.17,19300.03,2022,6,13
2022-06-13 09:36:00+00:00,27.17,27.17,26.94,26.94,13521.74,2022,6,13
2022-06-13 09:37:00+00:00,26.93,27.0,26.84,26.88,13162.86,2022,6,13
2022-06-13 09:38:00+00:00,26.88,26.99,26.83,26.94,34273.0,2022,6,13
2022-06-13 09:39:00+00:00,26.94,26.97,26.81,26.9,45228.43,2022,6,13
2022-06-13 09:40:00+00:00,26.9,26.95,26.77,26.8,20488.41,2022,6,13
2022-06-13 09:41:00+00:00,26.8,26.99,26.8,26.83,19425.31,2022,6,13
2022-06-13 09:42:00+00:00,26.83,26.91,26.77,26.87,20844.31,2022,6,13
2022-06-13 09:43:00+00:00,26.86,27.02,26.81,27.01,22471.57,2022,6,13
2022-06-13 09:44:00+00:00,26.99,27.38,26.98,27.32,79626.89,2022,6,13
2022-06-13 09:45:00+00:00,27.33,27.38,27.3,27.33,42387.47,2022,6,13
2022-06-13 09:46:00+00:00,27.33,27.61,27.32,27.39,27754.19,2022,6,13
2022-06-13 09:47:00+00:00,27.39,27.47,27.38,27.44,9578.46,2022,6,13
2022-06-13 09:48:00+00:00,27.45,27.45,27.3,27.32,17831.33,2022,6,13
2022-06-13 09:49:00+00:00,27.32,27.39,27.08,27.13,28491.14,2022,6,13
2022-06-13 09:50:00+00:00,27.12,27.2,27.08,27.18,9316.45,2022,6,13
2022-06-13 09:51:00+00:00,27.18,27.18,27.07,27.12,6874.06,2022,6,13
2022-06-13 09:52:00+00:00,27.11,27.34,27.08,27.34,10076.35,2022,6,13
2022-06-13 09:53:00+00:00,27.34,27.35,27.18,27.33,5831.37,2022,6,13
2022-06-13 09:54:00+00:00,27.33,27.4,27.26,27.31,4587.32,2022,6,13
2022-06-13 09:55:00+00:00,27.31,27.44,27.15,27.44,9097.42,2022,6,13
2022-06-13 09:56:00+00:00,27.44,27.56,27.37,27.46,18116.29,2022,6,13
2022-06-13 09:57:00+00:00,27.46,27.61,27.37,27.51,12562.61,2022,6,13
2022-06-13 09:58:00+00:00,27.5,27.93,27.47,27.85,22456.9,2022,6,13
2022-06-13 09:59:00+00:00,27.84,27.86,27.62,27.72,13012.63,2022,6,13
2022-06-13 10:00:00+00:00,27.71,28.5,27.56,28.28,61384.1,2022,6,13
2022-06-13 10:01:00+00:00,28.28,28.28,27.92,27.93,17939.26,2022,6,13
2022-06-13 10:02:00+00:00,27.91,27.92,27.78,27.87,11071.15,2022,6,13
2022-06-13 10:03:00+00:00,27.87,27.97,27.82,27.92,9255.21,2022,6,13
2022-06-13 10:04:00+00:00,27.91,28.09,27.86,27.86,8983.01,2022,6,13
2022-06-13 10:05:00+00:00,27.87,28.18,27.84,28.16,13914.69,2022,6,13
2022-06-13 10:06:00+00:00,28.16,28.31,28.12,28.14,11567.77,2022,6,13
2022-06-13 10:07:00+00:00,28.13,28.22,27.98,28.02,7910.24,2022,6,13
2022-06-13 10:08:00+00:00,28.02,28.13,27.94,27.98,10729.92,2022,6,13
2022-06-13 10:09:00+00:00,27.99,28.18,27.93,28.13,16938.65,2022,6,13
2022-06-13 10:10:00+00:00,28.13,28.17,27.99,28.07,16601.16,2022,6,13
2022-06-13 10:11:00+00:00,28.06,28.09,27.85,27.89,10936.91,2022,6,13
2022-06-13 10:12:00+00:00,27.89,27.97,27.82,27.85,13442.7,2022,6,13
2022-06-13 10:13:00+00:00,27.85,27.86,27.59,27.7,18654.33,2022,6,13
2022-06-13 10:14:00+00:00,27.69,27.73,27.57,27.67,21257.24,2022,6,13
2022-06-13 10:15:00+00:00,27.67,27.67,27.46,27.47,14346.97,2022,6,13
2022-06-13 10:16:00+00:00,27.46,27.49,27.31,27.47,12088.74,2022,6,13
2022-06-13 10:17:00+00:00,27.47,27.59,27.45,27.57,9654.29,2022,6,13
2022-06-13 10:18:00+00:00,27.57,27.57,27.42,27.44,4448.44,2022,6,13
2022-06-13 10:19:00+00:00,27.44,27.49,27.38,27.48,9335.69,2022,6,13
2022-06-13 10:20:00+00:00,27.47,27.57,27.43,27.49,9038.51,2022,6,13
2022-06-13 10:21:00+00:00,27.49,27.53,27.3,27.33,12178.9,2022,6,13
2022-06-13 10:22:00+00:00,27.33,27.36,27.21,27.24,10771.25,2022,6,13
2022-06-13 10:23:00+00:00,27.25,27.48,27.25,27.42,10671.56,2022,6,13
2022-06-13 10:24:00+00:00,27.41,27.49,27.37,27.42,7999.31,2022,6,13
2022-06-13 10:25:00+00:00,27.41,27.49,27.33,27.45,25847.74,2022,6,13
2022-06-13 10:26:00+00:00,27.43,27.49,27.38,27.42,5586.9,2022,6,13
2022-06-13 10:27:00+00:00,27.43,27.56,27.42,27.51,11094.64,2022,6,13
2022-06-13 10:28:00+00:00,27.52,27.77,27.5,27.74,12407.81,2022,6,13
2022-06-13 10:29:00+00:00,27.74,27.97,27.69,27.89,23794.84,2022,6,13
2022-06-13 10:30:00+00:00,27.89,27.94,27.84,27.92,10782.86,2022,6,13
2022-06-13 10:31:00+00:00,27.92,28.06,27.89,28.0,17761.47,2022,6,13
2022-06-13 10:32:00+00:00,28.0,28.03,27.91,27.92,9757.42,2022,6,13
2022-06-13 10:33:00+00:00,27.91,27.95,27.78,27.8,6754.83,2022,6,13
2022-06-13 10:34:00+00:00,27.8,27.82,27.71,27.72,7011.88,2022,6,13
2022-06-13 10:35:00+00:00,27.74,27.9,27.7,27.89,6698.69,2022,6,13
2022-06-13 10:36:00+00:00,27.87,27.95,27.82,27.92,3480.42,2022,6,13
2022-06-13 10:37:00+00:00,27.91,27.99,27.87,27.99,5857.83,2022,6,13
2022-06-13 10:38:00+00:00,27.98,28.1,27.95,28.01,6132.99,2022,6,13
2022-06-13 10:39:00+00:00,28.01,28.02,27.8,27.82,5436.67,2022,6,13
2022-06-13 10:40:00+00:00,27.83,27.84,27.62,27.7,9539.44,2022,6,13
2022-06-13 10:41:00+00:00,27.71,27.98,27.67,27.97,4754.94,2022,6,13
2022-06-13 10:42:00+00:00,27.97,27.99,27.82,27.93,4383.35,2022,6,13
2022-06-13 10:43:00+00:00,27.92,27.94,27.8,27.84,4447.59,2022,6,13
2022-06-13 10:44:00+00:00,27.83,27.89,27.77,27.85,4216.34,2022,6,13
2022-06-13 10:45:00+00:00,27.85,27.85,27.62,27.63,5355.96,2022,6,13
2022-06-13 10:46:00+00:00,27.63,27.64,27.47,27.48,6399.16,2022,6,13
2022-06-13 10:47:00+00:00,27.46,27.56,27.39,27.47,11546.99,2022,6,13
2022-06-13 10:48:00+00:00,27.46,27.55,27.3,27.51,17339.36,2022,6,13
2022-06-13 10:49:00+00:00,27.51,27.53,27.38,27.43,14903.68,2022,6,13
2022-06-13 10:50:00+00:00,27.42,27.48,27.37,27.39,7397.91,2022,6,13
2022-06-13 10:51:00+00:00,27.4,27.49,27.4,27.45,9195.06,2022,6,13
2022-06-13 10:52:00+00:00,27.44,27.53,27.41,27.52,5575.3,2022,6,13
2022-06-13 10:53:00+00:00,27.51,27.56,27.43,27.56,3138.5,2022,6,13
2022-06-13 10:54:00+00:00,27.55,27.55,27.38,27.39,4195.57,2022,6,13
2022-06-13 10:55:00+00:00,27.39,27.42,27.28,27.38,5681.07,2022,6,13
2022-06-13 10:56:00+00:00,27.36,27.51,27.34,27.5,3570.85,2022,6,13
2022-06-13 10:57:00+00:00,27.5,27.52,27.38,27.4,6013.18,2022,6,13
2022-06-13 10:58:00+00:00,27.39,27.41,27.34,27.37,9205.77,2022,6,13
2022-06-13 10:59:00+00:00,27.37,27.45,27.36,27.4,5795.06,2022,6,13
2022-06-13 11:00:00+00:00,27.39,27.49,27.39,27.49,4457.21,2022,6,13
2022-06-13 11:01:00+00:00,27.49,27.51,27.36,27.44,5885.18,2022,6,13
2022-06-13 11:02:00+00:00,27.43,27.53,27.41,27.49,4495.19,2022,6,13
2022-06-13 11:03:00+00:00,27.48,27.48,27.31,27.43,14494.86,2022,6,13
2022-06-13 11:04:00+00:00,27.43,27.63,27.4,27.63,4708.34,2022,6,13
2022-06-13 11:05:00+00:00,27.62,27.68,27.53,27.58,8320.05,2022,6,13
2022-06-13 11:06:00+00:00,27.59,27.59,27.29,27.34,8808.39,2022,6,13
2022-06-13 11:07:00+00:00,27.33,27.34,27.17,27.19,6023.11,2022,6,13
2022-06-13 11:08:00+00:00,27.19,27.29,27.17,27.18,7132.65,2022,6,13
2022-06-13 11:09:00+00:00,27.18,27.21,27.08,27.11,8128.24,2022,6,13
2022-06-13 11:10:00+00:00,27.12,27.15,27.06,27.12,8502.39,2022,6,13
2022-06-13 11:11:00+00:00,27.13,27.22,27.07,27.08,4646.26,2022,6,13
2022-06-13 11:12:00+00:00,27.08,27.1,26.92,26.95,29645.24,2022,6,13
2022-06-13 11:13:00+00:00,26.95,27.11,26.83,26.98,14896.19,2022,6,13
2022-06-13 11:14:00+00:00,26.97,27.04,26.94,26.99,7584.86,2022,6,13
2022-06-13 11:15:00+00:00,26.98,27.06,26.86,26.86,14207.26,2022,6,13
2022-06-13 11:16:00+00:00,26.88,26.9,26.78,26.81,8838.72,2022,6,13
2022-06-13 11:17:00+00:00,26.81,26.9,26.77,26.86,11297.39,2022,6,13
2022-06-13 11:18:00+00:00,26.86,26.98,26.77,26.8,11420.59,2022,6,13
2022-06-13 11:19:00+00:00,26.81,26.85,26.64,26.68,20948.99,2022,6,13
2022-06-13 11:20:00+00:00,26.68,26.74,26.57,26.6,12378.86,2022,6,13
2022-06-13 11:21:00+00:00,26.61,26.66,26.51,26.54,27101.87,2022,6,13
2022-06-13 11:22:00+00:00,26.52,26.57,26.45,26.5,11152.27,2022,6,13
2022-06-13 11:23:00+00:00,26.5,26.67,26.49,26.61,10618.14,2022,6,13
2022-06-13 11:24:00+00:00,26.61,26.63,26.5,26.54,8580.66,2022,6,13
2022-06-13 11:25:00+00:00,26.54,26.58,26.5,26.5,12352.73,2022,6,13
2022-06-13 11:26:00+00:00,26.5,26.53,26.44,26.49,10835.06,2022,6,13
2022-06-13 11:27:00+00:00,26.48,26.6,26.46,26.53,10817.5,2022,6,13
2022-06-13 11:28:00+00:00,26.53,26.7,26.52,26.59,14162.01,2022,6,13
2022-06-13 11:29:00+00:00,26.6,26.6,26.45,26.47,7968.94,2022,6,13
2022-06-13 11:30:00+00:00,26.47,26.59,26.41,26.57,17161.67,2022,6,13
2022-06-13 11:31:00+00:00,26.57,26.79,26.55,26.74,13909.04,2022,6,13
2022-06-13 11:32:00+00:00,26.73,26.92,26.66,26.84,15008.25,2022,6,13
2022-06-13 11:33:00+00:00,26.85,26.85,26.66,26.66,8434.63,2022,6,13
2022-06-13 11:34:00+00:00,26.65,26.75,26.64,26.75,6335.99,2022,6,13
2022-06-13 11:35:00+00:00,26.77,26.87,26.77,26.79,7696.28,2022,6,13
2022-06-13 11:36:00+00:00,26.78,26.8,26.61,26.64,9772.97,2022,6,13
2022-06-13 11:37:00+00:00,26.65,26.7,26.61,26.66,10369.62,2022,6,13
2022-06-13 11:38:00+00:00,26.65,26.65,26.59,26.61,6686.88,2022,6,13
2022-06-13 11:39:00+00:00,26.61,26.71,26.6,26.71,4469.36,2022,6,13
2022-06-13 11:40:00+00:00,26.72,26.73,26.55,26.57,4430.8,2022,6,13
2022-06-13 11:41:00+00:00,26.57,26.59,26.5,26.5,6692.49,2022,6,13
2022-06-13 11:42:00+00:00,26.5,26.58,26.41,26.57,14211.37,2022,6,13
2022-06-13 11:43:00+00:00,26.56,26.75,26.56,26.71,6928.19,2022,6,13
2022-06-13 11:44:00+00:00,26.71,26.75,26.58,26.59,6758.77,2022,6,13
2022-06-13 11:45:00+00:00,26.6,26.73,26.56,26.58,9867.28,2022,6,13
2022-06-13 11:46:00+00:00,26.58,26.61,26.51,26.57,8599.56,2022,6,13
2022-06-13 11:47:00+00:00,26.56,26.61,26.5,26.53,7815.64,2022,6,13
2022-06-13 11:48:00+00:00,26.54,26.55,26.44,26.45,6655.1,2022,6,13
2022-06-13 11:49:00+00:00,26.45,26.51,26.44,26.44,6169.98,2022,6,13
2022-06-13 11:50:00+00:00,26.45,26.55,26.45,26.52,6425.55,2022,6,13
2022-06-13 11:51:00+00:00,26.52,26.54,26.45,26.54,6559.16,2022,6,13
2022-06-13 11:52:00+00:00,26.54,26.54,26.28,26.33,9972.51,2022,6,13
2022-06-13 11:53:00+00:00,26.33,26.56,26.28,26.56,8748.92,2022,6,13
2022-06-13 11:54:00+00:00,26.56,26.57,26.36,26.39,8204.69,2022,6,13
2022-06-13 11:55:00+00:00,26.39,26.45,26.29,26.43,8504.78,2022,6,13
2022-06-13 11:56:00+00:00,26.43,26.58,26.43,26.53,10045.41,2022,6,13
2022-06-13 11:57:00+00:00,26.54,26.71,26.52,26.64,4965.54,2022,6,13
2022-06-13 11:58:00+00:00,26.65,26.72,26.63,26.7,3902.48,2022,6,13
2022-06-13 11:59:00+00:00,26.7,26.9,26.69,26.84,9884.07,2022,6,13
2022-06-13 12:00:00+00:00,26.84,27.19,26.83,27.15,19673.64,2022,6,13
2022-06-13 12:01:00+00:00,27.15,27.25,27.04,27.12,13820.5,2022,6,13
2022-06-13 12:02:00+00:00,27.12,27.12,27.0,27.11,7912.48,2022,6,13
2022-06-13 12:03:00+00:00,27.11,27.11,27.01,27.04,8268.91,2022,6,13
2022-06-13 12:04:00+00:00,27.03,27.03,26.94,26.99,8503.04,2022,6,13
2022-06-13 12:05:00+00:00,27.0,27.12,26.95,27.11,5809.26,2022,6,13
2022-06-13 12:06:00+00:00,27.08,27.15,26.94,26.95,5328.88,2022,6,13
2022-06-13 12:07:00+00:00,26.95,27.03,26.88,27.03,6680.98,2022,6,13
2022-06-13 12:08:00+00:00,27.04,27.15,27.03,27.1,5696.03,2022,6,13
2022-06-13 12:09:00+00:00,27.09,27.1,27.01,27.07,4423.33,2022,6,13
2022-06-13 12:10:00+00:00,27.07,27.22,27.06,27.19,9942.72,2022,6,13
2022-06-13 12:11:00+00:00,27.19,27.57,27.18,27.49,38478.31,2022,6,13
2022-06-13 12:12:00+00:00,27.5,27.93,27.49,27.82,34846.85,2022,6,13
2022-06-13 12:13:00+00:00,27.82,27.93,27.7,27.76,14624.63,2022,6,13
2022-06-13 12:14:00+00:00,27.76,28.02,27.73,27.99,14965.32,2022,6,13
2022-06-13 12:15:00+00:00,28.0,28.04,27.76,27.82,15137.06,2022,6,13
2022-06-13 12:16:00+00:00,27.82,27.82,27.6,27.67,11682.6,2022,6,13
2022-06-13 12:17:00+00:00,27.68,27.88,27.57,27.59,17928.88,2022,6,13
2022-06-13 12:18:00+00:00,27.6,27.68,27.44,27.46,16811.51,2022,6,13
2022-06-13 12:19:00+00:00,27.47,27.57,27.39,27.43,13018.97,2022,6,13
2022-06-13 12:20:00+00:00,27.44,27.5,27.37,27.47,13264.16,2022,6,13
2022-06-13 12:21:00+00:00,27.47,27.52,27.4,27.52,8746.47,2022,6,13
2022-06-13 12:22:00+00:00,27.53,27.64,27.52,27.59,7806.91,2022,6,13
2022-06-13 12:23:00+00:00,27.58,27.65,27.55,27.58,10055.18,2022,6,13
2022-06-13 12:24:00+00:00,27.58,27.66,27.56,27.61,5545.28,2022,6,13
2022-06-13 12:25:00+00:00,27.61,27.65,27.54,27.55,4020.65,2022,6,13
2022-06-13 12:26:00+00:00,27.55,27.65,27.55,27.64,3352.77,2022,6,13
2022-06-13 12:27:00+00:00,27.65,27.68,27.55,27.56,7844.97,2022,6,13
2022-06-13 12:28:00+00:00,27.55,27.57,27.42,27.45,7856.54,2022,6,13
2022-06-13 12:29:00+00:00,27.45,27.64,27.41,27.62,6638.8,2022,6,13
2022-06-13 12:30:00+00:00,27.61,27.63,27.4,27.41,5704.07,2022,6,13
2022-06-13 12:31:00+00:00,27.41,27.56,27.36,27.54,6786.91,2022,6,13
2022-06-13 12:32:00+00:00,27.54,27.77,27.52,27.73,9024.28,2022,6,13
2022-06-13 12:33:00+00:00,27.72,27.75,27.6,27.6,6154.13,2022,6,13
2022-06-13 12:34:00+00:00,27.6,27.65,27.56,27.65,2058.4,2022,6,13
2022-06-13 12:35:00+00:00,27.66,27.67,27.58,27.66,5594.12,2022,6,13
2022-06-13 12:36:00+00:00,27.66,27.67,27.51,27.51,5270.09,2022,6,13
2022-06-13 12:37:00+00:00,27.5,27.5,27.37,27.4,10692.6,2022,6,13
2022-06-13 12:38:00+00:00,27.39,27.4,27.3,27.32,6370.19,2022,6,13
2022-06-13 12:39:00+00:00,27.32,27.41,27.32,27.34,4574.96,2022,6,13
2022-06-13 12:40:00+00:00,27.34,27.42,27.3,27.41,2822.53,2022,6,13
2022-06-13 12:41:00+00:00,27.4,27.47,27.36,27.36,16733.59,2022,6,13
2022-06-13 12:42:00+00:00,27.36,27.37,27.2,27.25,12866.24,2022,6,13
2022-06-13 12:43:00+00:00,27.25,27.25,27.16,27.19,4248.17,2022,6,13
2022-06-13 12:44:00+00:00,27.18,27.19,26.95,27.06,17917.58,2022,6,13
2022-06-13 12:45:00+00:00,27.06,27.16,26.97,27.15,6812.65,2022,6,13
2022-06-13 12:46:00+00:00,27.16,27.21,27.11,27.17,17707.78,2022,6,13
2022-06-13 12:47:00+00:00,27.17,27.2,27.11,27.12,6074.13,2022,6,13
2022-06-13 12:48:00+00:00,27.13,27.13,26.93,26.93,5956.92,2022,6,13
2022-06-13 12:49:00+00:00,26.92,27.07,26.88,26.96,11330.9,2022,6,13
2022-06-13 12:50:00+00:00,26.96,27.06,26.94,27.05,6948.99,2022,6,13
2022-06-13 12:51:00+00:00,27.04,27.1,26.98,27.06,3860.97,2022,6,13
2022-06-13 12:52:00+00:00,27.06,27.08,26.98,26.99,4602.33,2022,6,13
2022-06-13 12:53:00+00:00,26.98,26.99,26.84,26.92,7140.72,2022,6,13
2022-06-13 12:54:00+00:00,26.92,26.93,26.81,26.84,7579.27,2022,6,13
2022-06-13 12:55:00+00:00,26.85,26.85,26.65,26.65,9058.18,2022,6,13
2022-06-13 12:56:00+00:00,26.66,26.73,26.63,26.65,9469.25,2022,6,13
2022-06-13 12:57:00+00:00,26.65,26.67,26.55,26.66,6540.6,2022,6,13
2022-06-13 12:58:00+00:00,26.66,26.68,26.47,26.51,11687.92,2022,6,13
2022-06-13 12:59:00+00:00,26.5,26.54,26.46,26.5,8522.45,2022,6,13
2022-06-13 13:00:00+00:00,26.51,26.66,26.47,26.61,8730.47,2022,6,13
2022-06-13 13:01:00+00:00,26.61,26.71,26.61,26.69,9272.62,2022,6,13
2022-06-13 13:02:00+00:00,26.69,26.69,26.5,26.55,9036.16,2022,6,13
2022-06-13 13:03:00+00:00,26.56,26.58,26.4,26.52,11159.08,2022,6,13
2022-06-13 13:04:00+00:00,26.52,26.65,26.49,26.57,6999.14,2022,6,13
2022-06-13 13:05:00+00:00,26.57,26.61,26.49,26.54,7211.85,2022,6,13
2022-06-13 13:06:00+00:00,26.53,26.58,26.47,26.56,5434.55,2022,6,13
2022-06-13 13:07:00+00:00,26.55,26.62,26.49,26.58,5148.23,2022,6,13
2022-06-13 13:08:00+00:00,26.58,26.75,26.57,26.7,13737.42,2022,6,13
2022-06-13 13:09:00+00:00,26.71,26.82,26.71,26.72,6643.79,2022,6,13
2022-06-13 13:10:00+00:00,26.71,26.95,26.68,26.9,7339.8,2022,6,13
2022-06-13 13:11:00+00:00,26.89,26.89,26.72,26.73,5049.03,2022,6,13
2022-06-13 13:12:00+00:00,26.72,26.74,26.59,26.65,9667.88,2022,6,13
2022-06-13 13:13:00+00:00,26.64,26.78,26.63,26.78,4005.88,2022,6,13
2022-06-13 13:14:00+00:00,26.79,26.79,26.65,26.68,3502.01,2022,6,13
2022-06-13 13:15:00+00:00,26.68,26.78,26.65,26.76,3720.89,2022,6,13
2022-06-13 13:16:00+00:00,26.76,26.8,26.66,26.66,2776.26,2022,6,13
2022-06-13 13:17:00+00:00,26.65,26.65,26.55,26.57,6977.43,2022,6,13
2022-06-13 13:18:00+00:00,26.58,26.58,26.22,26.24,23927.2,2022,6,13
2022-06-13 13:19:00+00:00,26.24,26.33,26.2,26.24,21370.82,2022,6,13
2022-06-13 13:20:00+00:00,26.23,26.27,26.11,26.21,21695.94,2022,6,13
2022-06-13 13:21:00+00:00,26.2,26.36,26.18,26.32,10749.21,2022,6,13
2022-06-13 13:22:00+00:00,26.33,26.55,26.3,26.53,13662.11,2022,6,13
2022-06-13 13:23:00+00:00,26.53,26.53,26.35,26.47,7237.47,2022,6,13
2022-06-13 13:24:00+00:00,26.48,26.53,26.35,26.39,5972.15,2022,6,13
2022-06-13 13:25:00+00:00,26.4,26.51,26.34,26.47,6341.56,2022,6,13
2022-06-13 13:26:00+00:00,26.48,26.55,26.4,26.54,5118.28,2022,6,13
2022-06-13 13:27:00+00:00,26.55,26.59,26.4,26.42,7413.64,2022,6,13
2022-06-13 13:28:00+00:00,26.43,26.46,26.3,26.31,7614.52,2022,6,13
2022-06-13 13:29:00+00:00,26.32,26.37,26.27,26.33,8039.85,2022,6,13
2022-06-13 13:30:00+00:00,26.34,26.87,26.3,26.86,26206.41,2022,6,13
2022-06-13 13:31:00+00:00,26.87,26.92,26.69,26.76,18213.53,2022,6,13
2022-06-13 13:32:00+00:00,26.77,27.16,26.66,27.16,15293.68,2022,6,13
2022-06-13 13:33:00+00:00,27.16,27.47,27.14,27.37,38792.46,2022,6,13
2022-06-13 13:34:00+00:00,27.37,27.41,27.15,27.18,15562.98,2022,6,13
2022-06-13 13:35:00+00:00,27.18,27.25,26.96,26.99,16321.2,2022,6,13
2022-06-13 13:36:00+00:00,26.99,27.08,26.9,27.03,13682.76,2022,6,13
2022-06-13 13:37:00+00:00,27.03,27.21,27.01,27.13,13187.01,2022,6,13
2022-06-13 13:38:00+00:00,27.12,27.21,26.99,27.05,12217.16,2022,6,13
2022-06-13 13:39:00+00:00,27.04,27.08,26.7,26.78,18499.12,2022,6,13
2022-06-13 13:40:00+00:00,26.78,26.84,26.57,26.67,19659.07,2022,6,13
2022-06-13 13:41:00+00:00,26.68,26.78,26.5,26.76,17908.67,2022,6,13
2022-06-13 13:42:00+00:00,26.77,26.77,26.6,26.71,10677.77,2022,6,13
2022-06-13 13:43:00+00:00,26.72,27.08,26.67,26.94,16545.01,2022,6,13
2022-06-13 13:44:00+00:00,26.95,27.08,26.86,27.0,11158.64,2022,6,13
2022-06-13 13:45:00+00:00,26.99,27.18,26.96,27.15,14433.44,2022,6,13
2022-06-13 13:46:00+00:00,27.15,27.2,27.08,27.12,11394.81,2022,6,13
2022-06-13 13:47:00+00:00,27.13,27.16,27.02,27.08,8520.32,2022,6,13
2022-06-13 13:48:00+00:00,27.07,27.12,26.98,27.02,5012.45,2022,6,13
2022-06-13 13:49:00+00:00,27.01,27.07,26.94,26.94,7866.95,2022,6,13
2022-06-13 13:50:00+00:00,26.94,27.01,26.84,27.01,12068.08,2022,6,13
2022-06-13 13:51:00+00:00,27.01,27.16,26.97,27.0,13199.21,2022,6,13
2022-06-13 13:52:00+00:00,27.0,27.07,26.98,27.05,7188.63,2022,6,13
2022-06-13 13:53:00+00:00,27.04,27.05,26.97,27.0,11368.49,2022,6,13
2022-06-13 13:54:00+00:00,26.99,27.07,26.89,26.92,7733.78,2022,6,13
2022-06-13 13:55:00+00:00,26.93,26.99,26.88,26.98,9188.73,2022,6,13
2022-06-13 13:56:00+00:00,26.97,27.09,26.96,27.07,8306.67,2022,6,13
2022-06-13 13:57:00+00:00,27.06,27.13,27.02,27.02,8358.52,2022,6,13
2022-06-13 13:58:00+00:00,27.01,27.12,27.0,27.12,6480.01,2022,6,13
2022-06-13 13:59:00+00:00,27.12,27.2,27.05,27.08,17930.25,2022,6,13
2022-06-13 14:00:00+00:00,27.07,27.25,27.04,27.16,15460.76,2022,6,13
2022-06-13 14:01:00+00:00,27.15,27.23,27.1,27.12,9423.84,2022,6,13
2022-06-13 14:02:00+00:00,27.12,27.14,26.89,26.9,11925.99,2022,6,13
2022-06-13 14:03:00+00:00,26.91,27.07,26.91,26.98,18955.84,2022,6,13
2022-06-13 14:04:00+00:00,26.98,27.13,26.97,27.06,16319.19,2022,6,13
2022-06-13 14:05:00+00:00,27.06,27.26,27.01,27.24,8078.04,2022,6,13
2022-06-13 14:06:00+00:00,27.24,27.36,27.21,27.26,15673.52,2022,6,13
2022-06-13 14:07:00+00:00,27.26,27.31,27.12,27.15,10693.49,2022,6,13
2022-06-13 14:08:00+00:00,27.15,27.17,26.99,27.06,23970.66,2022,6,13
2022-06-13 14:09:00+00:00,27.05,27.06,26.87,26.89,7979.43,2022,6,13
2022-06-13 14:10:00+00:00,26.9,26.99,26.8,26.84,12547.8,2022,6,13
2022-06-13 14:11:00+00:00,26.84,26.89,26.74,26.88,13385.95,2022,6,13
2022-06-13 14:12:00+00:00,26.88,26.93,26.71,26.75,11330.55,2022,6,13
2022-06-13 14:13:00+00:00,26.75,26.8,26.68,26.73,10005.1,2022,6,13
2022-06-13 14:14:00+00:00,26.74,26.81,26.69,26.78,6718.88,2022,6,13
2022-06-13 14:15:00+00:00,26.77,26.86,26.64,26.66,6040.93,2022,6,13
2022-06-13 14:16:00+00:00,26.66,26.7,26.62,26.68,5430.83,2022,6,13
2022-06-13 14:17:00+00:00,26.68,26.72,26.61,26.7,9961.86,2022,6,13
2022-06-13 14:18:00+00:00,26.7,26.78,26.68,26.7,6166.74,2022,6,13
2022-06-13 14:19:00+00:00,26.69,26.79,26.62,26.72,13580.95,2022,6,13
2022-06-13 14:20:00+00:00,26.72,26.89,26.66,26.89,4218.28,2022,6,13
2022-06-13 14:21:00+00:00,26.89,26.91,26.8,26.84,8106.79,2022,6,13
2022-06-13 14:22:00+00:00,26.84,26.86,26.7,26.72,3362.95,2022,6,13
2022-06-13 14:23:00+00:00,26.71,26.72,26.62,26.66,2451.83,2022,6,13
2022-06-13 14:24:00+00:00,26.66,26.72,26.6,26.61,4810.96,2022,6,13
2022-06-13 14:25:00+00:00,26.61,26.77,26.61,26.7,5874.22,2022,6,13
2022-06-13 14:26:00+00:00,26.7,26.77,26.65,26.65,5538.62,2022,6,13
2022-06-13 14:27:00+00:00,26.66,26.77,26.65,26.76,5091.92,2022,6,13
2022-06-13 14:28:00+00:00,26.76,26.95,26.76,26.89,9466.69,2022,6,13
2022-06-13 14:29:00+00:00,26.89,27.14,26.87,27.12,9150.71,2022,6,13
2022-06-13 14:30:00+00:00,27.13,27.22,27.06,27.14,18830.67,2022,6,13
2022-06-13 14:31:00+00:00,27.14,27.16,27.0,27.05,4580.85,2022,6,13
2022-06-13 14:32:00+00:00,27.04,27.1,26.98,27.03,4763.63,2022,6,13
2022-06-13 14:33:00+00:00,27.02,27.22,26.97,27.21,8352.4,2022,6,13
2022-06-13 14:34:00+00:00,27.21,27.26,27.06,27.08,6811.42,2022,6,13
2022-06-13 14:35:00+00:00,27.08,27.13,27.04,27.1,4423.43,2022,6,13
2022-06-13 14:36:00+00:00,27.1,27.19,27.06,27.08,4230.73,2022,6,13
2022-06-13 14:37:00+00:00,27.07,27.12,27.04,27.08,4777.39,2022,6,13
2022-06-13 14:38:00+00:00,27.09,27.13,27.06,27.1,5812.74,2022,6,13
2022-06-13 14:39:00+00:00,27.08,27.14,27.01,27.02,8821.66,2022,6,13
2022-06-13 14:40:00+00:00,27.01,27.03,26.91,26.94,10592.76,2022,6,13
2022-06-13 14:41:00+00:00,26.94,26.96,26.85,26.85,6642.52,2022,6,13
2022-06-13 14:42:00+00:00,26.85,26.91,26.7,26.76,8443.23,2022,6,13
2022-06-13 14:43:00+00:00,26.76,26.76,26.63,26.67,12336.56,2022,6,13
2022-06-13 14:44:00+00:00,26.67,26.79,26.65,26.72,8504.21,2022,6,13
2022-06-13 14:45:00+00:00,26.71,26.82,26.5,26.78,28918.85,2022,6,13
2022-06-13 14:46:00+00:00,26.78,26.8,26.67,26.67,6219.81,2022,6,13
2022-06-13 14:47:00+00:00,26.67,26.7,26.51,26.51,11147.68,2022,6,13
2022-06-13 14:48:00+00:00,26.51,26.59,26.45,26.45,9080.54,2022,6,13
2022-06-13 14:49:00+00:00,26.46,26.52,26.35,26.38,19900.53,2022,6,13
2022-06-13 14:50:00+00:00,26.38,26.45,26.26,26.3,13682.27,2022,6,13
2022-06-13 14:51:00+00:00,26.3,26.68,26.24,26.62,22016.31,2022,6,13
2022-06-13 14:52:00+00:00,26.62,27.02,26.54,26.81,22425.22,2022,6,13
2022-06-13 14:53:00+00:00,26.8,27.08,26.78,26.83,15243.37,2022,6,13
2022-06-13 14:54:00+00:00,26.85,27.05,26.82,27.0,9503.35,2022,6,13
2022-06-13 14:55:00+00:00,27.0,27.15,26.92,27.11,15870.13,2022,6,13
2022-06-13 14:56:00+00:00,27.11,27.14,26.94,26.96,15324.89,2022,6,13
2022-06-13 14:57:00+00:00,26.96,27.04,26.83,26.93,13175.53,2022,6,13
2022-06-13 14:58:00+00:00,26.93,27.05,26.86,27.01,5295.93,2022,6,13
2022-06-13 14:59:00+00:00,27.02,27.19,26.95,26.98,21111.35,2022,6,13
2022-06-13 15:00:00+00:00,26.97,27.12,26.92,27.1,13188.43,2022,6,13
2022-06-13 15:01:00+00:00,27.12,27.29,27.11,27.28,14346.85,2022,6,13
2022-06-13 15:02:00+00:00,27.28,27.37,27.14,27.32,10914.78,2022,6,13
2022-06-13 15:03:00+00:00,27.31,27.31,27.04,27.05,6966.85,2022,6,13
2022-06-13 15:04:00+00:00,27.05,27.09,26.85,26.96,19285.52,2022,6,13
2022-06-13 15:05:00+00:00,26.96,27.0,26.79,26.95,11764.01,2022,6,13
2022-06-13 15:06:00+00:00,26.95,27.04,26.84,26.9,9099.79,2022,6,13
2022-06-13 15:07:00+00:00,26.92,27.0,26.82,26.96,7415.14,2022,6,13
2022-06-13 15:08:00+00:00,26.96,27.04,26.92,26.95,7827.74,2022,6,13
2022-06-13 15:09:00+00:00,26.95,27.1,26.74,26.88,91558.16,2022,6,13
2022-06-13 15:10:00+00:00,26.89,26.98,26.84,26.9,11179.69,2022,6,13
2022-06-13 15:11:00+00:00,26.89,27.11,26.88,27.08,9353.4,2022,6,13
2022-06-13 15:12:00+00:00,27.09,27.18,26.96,27.07,28141.79,2022,6,13
2022-06-13 15:13:00+00:00,27.07,27.16,27.01,27.03,9051.24,2022,6,13
2022-06-13 15:14:00+00:00,27.03,27.16,27.0,27.14,7344.87,2022,6,13
2022-06-13 15:15:00+00:00,27.14,27.71,27.11,27.55,37557.32,2022,6,13
2022-06-13 15:16:00+00:00,27.56,27.63,27.42,27.5,16403.97,2022,6,13
2022-06-13 15:17:00+00:00,27.51,27.63,27.44,27.48,15949.9,2022,6,13
2022-06-13 15:18:00+00:00,27.48,27.61,27.41,27.42,12192.65,2022,6,13
2022-06-13 15:19:00+00:00,27.41,27.56,27.41,27.52,11688.79,2022,6,13
2022-06-13 15:20:00+00:00,27.51,27.57,27.46,27.54,5593.11,2022,6,13
2022-06-13 15:21:00+00:00,27.55,27.57,27.45,27.48,6175.2,2022,6,13
2022-06-13 15:22:00+00:00,27.48,27.5,27.4,27.47,9221.83,2022,6,13
2022-06-13 15:23:00+00:00,27.46,27.67,27.42,27.59,11536.82,2022,6,13
2022-06-13 15:24:00+00:00,27.6,27.79,27.56,27.74,10046.63,2022,6,13
2022-06-13 15:25:00+00:00,27.75,27.75,27.59,27.61,10237.61,2022,6,13
2022-06-13 15:26:00+00:00,27.6,27.61,27.5,27.53,8882.19,2022,6,13
2022-06-13 15:27:00+00:00,27.52,27.6,27.47,27.54,7781.27,2022,6,13
2022-06-13 15:28:00+00:00,27.54,27.59,27.34,27.35,9661.9,2022,6,13
2022-06-13 15:29:00+00:00,27.35,27.42,27.28,27.39,8175.57,2022,6,13
2022-06-13 15:30:00+00:00,27.39,27.55,27.37,27.39,10215.87,2022,6,13
2022-06-13 15:31:00+00:00,27.38,27.45,27.36,27.44,5300.71,2022,6,13
2022-06-13 15:32:00+00:00,27.45,27.53,27.4,27.53,5394.19,2022,6,13
2022-06-13 15:33:00+00:00,27.53,27.6,27.46,27.52,10271.1,2022,6,13
2022-06-13 15:34:00+00:00,27.52,27.64,27.52,27.57,7682.66,2022,6,13
2022-06-13 15:35:00+00:00,27.57,27.87,27.57,27.74,16600.77,2022,6,13
2022-06-13 15:36:00+00:00,27.75,27.78,27.6,27.73,9409.36,2022,6,13
2022-06-13 15:37:00+00:00,27.72,27.73,27.61,27.68,5012.92,2022,6,13
2022-06-13 15:38:00+00:00,27.68,27.88,27.68,27.77,11927.6,2022,6,13
2022-06-13 15:39:00+00:00,27.77,27.85,27.75,27.76,9182.56,2022,6,13
2022-06-13 15:40:00+00:00,27.77,27.92,27.77,27.85,11900.89,2022,6,13
2022-06-13 15:41:00+00:00,27.85,27.88,27.74,27.74,6606.19,2022,6,13
2022-06-13 15:42:00+00:00,27.74,27.89,27.68,27.84,8150.7,2022,6,13
2022-06-13 15:43:00+00:00,27.84,28.2,27.78,28.08,20269.34,2022,6,13
2022-06-13 15:44:00+00:00,28.08,28.27,27.98,28.2,22157.89,2022,6,13
2022-06-13 15:45:00+00:00,28.2,28.27,27.84,27.85,30353.03,2022,6,13
2022-06-13 15:46:00+00:00,27.85,27.98,27.83,27.89,9806.04,2022,6,13
2022-06-13 15:47:00+00:00,27.88,27.9,27.79,27.85,8282.79,2022,6,13
2022-06-13 15:48:00+00:00,27.85,27.98,27.81,27.88,14227.5,2022,6,13
2022-06-13 15:49:00+00:00,27.89,27.91,27.83,27.9,6802.03,2022,6,13
2022-06-13 15:50:00+00:00,27.9,28.02,27.8,27.83,11107.96,2022,6,13
2022-06-13 15:51:00+00:00,27.82,27.88,27.76,27.77,8091.65,2022,6,13
2022-06-13 15:52:00+00:00,27.76,27.88,27.65,27.8,8754.95,2022,6,13
2022-06-13 15:53:00+00:00,27.81,27.89,27.72,27.85,7129.05,2022,6,13
2022-06-13 15:54:00+00:00,27.85,27.9,27.75,27.81,8347.07,2022,6,13
2022-06-13 15:55:00+00:00,27.81,27.88,27.77,27.79,7992.91,2022,6,13
2022-06-13 15:56:00+00:00,27.79,27.95,27.79,27.87,9196.68,2022,6,13
2022-06-13 15:57:00+00:00,27.88,27.89,27.78,27.79,3942.44,2022,6,13
2022-06-13 15:58:00+00:00,27.78,27.93,27.74,27.93,5101.23,2022,6,13
2022-06-13 15:59:00+00:00,27.92,27.97,27.87,27.92,3866.68,2022,6,13
2022-06-13 16:00:00+00:00,27.92,27.94,27.75,27.76,9450.74,2022,6,13
2022-06-13 16:01:00+00:00,27.75,27.83,27.63,27.71,13010.65,2022,6,13
2022-06-13 16:02:00+00:00,27.71,28.02,27.67,27.97,15764.22,2022,6,13
2022-06-13 16:03:00+00:00,27.97,27.98,27.77,27.87,7512.19,2022,6,13
2022-06-13 16:04:00+00:00,27.86,28.02,27.84,28.0,6203.06,2022,6,13
2022-06-13 16:05:00+00:00,28.0,28.08,27.93,28.08,8164.47,2022,6,13
2022-06-13 16:06:00+00:00,28.08,28.15,27.96,27.96,8096.41,2022,6,13
2022-06-13 16:07:00+00:00,27.96,28.1,27.89,28.09,11478.54,2022,6,13
2022-06-13 16:08:00+00:00,28.1,28.4,28.05,28.31,17996.55,2022,6,13
2022-06-13 16:09:00+00:00,28.31,28.44,28.25,28.27,28185.04,2022,6,13
2022-06-13 16:10:00+00:00,28.26,29.2,28.26,28.95,67952.37,2022,6,13
2022-06-13 16:11:00+00:00,28.95,29.45,28.82,29.26,64046.93,2022,6,13
2022-06-13 16:12:00+00:00,29.25,29.36,28.83,28.95,35222.32,2022,6,13
2022-06-13 16:13:00+00:00,28.97,29.08,28.88,28.91,21638.02,2022,6,13
2022-06-13 16:14:00+00:00,28.9,29.06,28.82,28.84,16208.57,2022,6,13
2022-06-13 16:15:00+00:00,28.84,28.89,28.68,28.7,21655.71,2022,6,13
2022-06-13 16:16:00+00:00,28.69,28.79,28.53,28.59,11674.58,2022,6,13
2022-06-13 16:17:00+00:00,28.59,28.68,28.53,28.57,10769.87,2022,6,13
2022-06-13 16:18:00+00:00,28.57,28.79,28.52,28.76,12455.73,2022,6,13
2022-06-13 16:19:00+00:00,28.75,28.86,28.67,28.72,9475.47,2022,6,13
2022-06-13 16:20:00+00:00,28.72,28.85,28.71,28.78,14560.84,2022,6,13
2022-06-13 16:21:00+00:00,28.8,28.81,28.62,28.7,16018.42,2022,6,13
2022-06-13 16:22:00+00:00,28.71,28.82,28.67,28.72,9000.46,2022,6,13
2022-06-13 16:23:00+00:00,28.73,28.74,28.58,28.7,20457.08,2022,6,13
2022-06-13 16:24:00+00:00,28.71,28.75,28.62,28.7,8540.48,2022,6,13
2022-06-13 16:25:00+00:00,28.7,28.89,28.68,28.8,13780.48,2022,6,13
2022-06-13 16:26:00+00:00,28.8,28.86,28.66,28.74,13692.57,2022,6,13
2022-06-13 16:27:00+00:00,28.75,28.92,28.69,28.83,24530.71,2022,6,13
2022-06-13 16:28:00+00:00,28.83,28.89,28.72,28.73,14107.86,2022,6,13
2022-06-13 16:29:00+00:00,28.72,28.79,28.68,28.71,12888.19,2022,6,13
2022-06-13 16:30:00+00:00,28.71,28.87,28.64,28.85,9893.94,2022,6,13
2022-06-13 16:31:00+00:00,28.85,29.15,28.83,29.08,19346.67,2022,6,13
2022-06-13 16:32:00+00:00,29.08,29.1,28.85,28.86,12635.13,2022,6,13
2022-06-13 16:33:00+00:00,28.86,28.99,28.78,28.96,10623.73,2022,6,13
2022-06-13 16:34:00+00:00,28.97,29.08,28.84,28.93,18448.42,2022,6,13
2022-06-13 16:35:00+00:00,28.92,29.1,28.91,29.1,8259.44,2022,6,13
2022-06-13 16:36:00+00:00,29.11,29.12,28.85,28.95,18149.98,2022,6,13
2022-06-13 16:37:00+00:00,28.96,29.04,28.86,28.87,6584.2,2022,6,13
2022-06-13 16:38:00+00:00,28.86,28.91,28.78,28.88,10091.62,2022,6,13
2022-06-13 16:39:00+00:00,28.88,28.94,28.7,28.72,7473.58,2022,6,13
2022-06-13 16:40:00+00:00,28.73,28.78,28.41,28.5,17956.22,2022,6,13
2022-06-13 16:41:00+00:00,28.5,28.51,28.35,28.41,9529.51,2022,6,13
2022-06-13 16:42:00+00:00,28.41,28.42,28.25,28.42,10936.73,2022,6,13
2022-06-13 16:43:00+00:00,28.42,28.43,28.28,28.34,7039.03,2022,6,13
2022-06-13 16:44:00+00:00,28.34,28.35,28.16,28.2,12659.02,2022,6,13
2022-06-13 16:45:00+00:00,28.19,28.63,28.19,28.45,23177.34,2022,6,13
2022-06-13 16:46:00+00:00,28.45,28.62,28.43,28.61,5844.19,2022,6,13
2022-06-13 16:47:00+00:00,28.62,28.64,28.45,28.46,8772.85,2022,6,13
2022-06-13 16:48:00+00:00,28.44,28.52,28.39,28.41,6897.03,2022,6,13
2022-06-13 16:49:00+00:00,28.4,28.51,28.36,28.48,3970.44,2022,6,13
2022-06-13 16:50:00+00:00,28.48,28.5,28.41,28.45,5822.34,2022,6,13
2022-06-13 16:51:00+00:00,28.46,28.55,28.36,28.38,8856.07,2022,6,13
2022-06-13 16:52:00+00:00,28.37,28.43,28.32,28.43,9965.19,2022,6,13
2022-06-13 16:53:00+00:00,28.43,28.43,28.25,28.26,8184.08,2022,6,13
2022-06-13 16:54:00+00:00,28.27,28.27,28.16,28.23,8163.4,2022,6,13
2022-06-13 16:55:00+00:00,28.23,28.34,28.19,28.33,4055.15,2022,6,13
2022-06-13 16:56:00+00:00,28.31,28.34,28.24,28.26,3882.71,2022,6,13
2022-06-13 16:57:00+00:00,28.27,28.3,28.22,28.24,3011.68,2022,6,13
2022-06-13 16:58:00+00:00,28.24,28.32,28.2,28.27,7561.19,2022,6,13
2022-06-13 16:59:00+00:00,28.27,28.28,28.22,28.27,8228.71,2022,6,13
2022-06-13 17:00:00+00:00,28.26,28.33,28.2,28.28,4211.92,2022,6,13
2022-06-13 17:01:00+00:00,28.28,28.3,28.07,28.07,5233.51,2022,6,13
2022-06-13 17:02:00+00:00,28.07,28.11,28.03,28.09,7069.12,2022,6,13
2022-06-13 17:03:00+00:00,28.09,28.14,28.03,28.03,7054.6,2022,6,13
2022-06-13 17:04:00+00:00,28.03,28.04,27.89,27.89,15183.14,2022,6,13
2022-06-13 17:05:00+00:00,27.9,27.98,27.86,27.9,7605.94,2022,6,13
2022-06-13 17:06:00+00:00,27.89,28.04,27.89,27.98,11343.5,2022,6,13
2022-06-13 17:07:00+00:00,27.97,28.07,27.9,27.9,5765.19,2022,6,13
2022-06-13 17:08:00+00:00,27.89,27.98,27.83,27.9,13984.58,2022,6,13
2022-06-13 17:09:00+00:00,27.89,27.99,27.87,27.97,5126.85,2022,6,13
2022-06-13 17:10:00+00:00,28.0,28.01,27.83,27.84,3650.86,2022,6,13
2022-06-13 17:11:00+00:00,27.84,28.01,27.84,28.0,3243.45,2022,6,13
2022-06-13 17:12:00+00:00,28.0,28.0,27.9,27.94,6148.53,2022,6,13
2022-06-13 17:13:00+00:00,27.95,27.98,27.83,27.83,5604.37,2022,6,13
2022-06-13 17:14:00+00:00,27.82,27.97,27.81,27.95,5301.88,2022,6,13
2022-06-13 17:15:00+00:00,27.94,27.98,27.9,27.94,5709.91,2022,6,13
2022-06-13 17:16:00+00:00,27.95,28.0,27.84,27.88,5425.91,2022,6,13
2022-06-13 17:17:00+00:00,27.87,27.93,27.82,27.83,4832.21,2022,6,13
2022-06-13 17:18:00+00:00,27.83,27.87,27.72,27.86,12472.24,2022,6,13
2022-06-13 17:19:00+00:00,27.85,27.88,27.74,27.87,5376.14,2022,6,13
2022-06-13 17:20:00+00:00,27.87,27.87,27.78,27.83,4710.9,2022,6,13
2022-06-13 17:21:00+00:00,27.82,27.86,27.76,27.77,4564.72,2022,6,13
2022-06-13 17:22:00+00:00,27.76,27.88,27.75,27.86,7906.14,2022,6,13
2022-06-13 17:23:00+00:00,27.86,27.92,27.86,27.91,2417.53,2022,6,13
2022-06-13 17:24:00+00:00,27.91,27.91,27.74,27.75,7193.59,2022,6,13
2022-06-13 17:25:00+00:00,27.75,27.83,27.67,27.74,8352.29,2022,6,13
2022-06-13 17:26:00+00:00,27.73,27.73,27.62,27.65,5814.87,2022,6,13
2022-06-13 17:27:00+00:00,27.65,27.71,27.57,27.58,16330.64,2022,6,13
2022-06-13 17:28:00+00:00,27.58,27.64,27.5,27.64,7009.83,2022,6,13
2022-06-13 17:29:00+00:00,27.64,27.7,27.54,27.59,5317.54,2022,6,13
2022-06-13 17:30:00+00:00,27.59,27.75,27.58,27.69,9003.95,2022,6,13
2022-06-13 17:31:00+00:00,27.69,27.72,27.67,27.67,4141.93,2022,6,13
2022-06-13 17:32:00+00:00,27.67,27.73,27.63,27.71,6926.54,2022,6,13
2022-06-13 17:33:00+00:00,27.7,27.73,27.67,27.71,2210.99,2022,6,13
2022-06-13 17:34:00+00:00,27.71,27.71,27.62,27.65,3592.67,2022,6,13
2022-06-13 17:35:00+00:00,27.64,27.71,27.58,27.71,5173.13,2022,6,13
2022-06-13 17:36:00+00:00,27.7,27.71,27.54,27.58,3584.03,2022,6,13
2022-06-13 17:37:00+00:00,27.58,27.59,27.42,27.45,4222.39,2022,6,13
2022-06-13 17:38:00+00:00,27.45,27.52,27.42,27.5,12486.45,2022,6,13
2022-06-13 17:39:00+00:00,27.5,27.64,27.46,27.6,7365.44,2022,6,13
2022-06-13 17:40:00+00:00,27.6,27.64,27.53,27.54,2747.72,2022,6,13
2022-06-13 17:41:00+00:00,27.55,27.64,27.52,27.63,8465.83,2022,6,13
2022-06-13 17:42:00+00:00,27.63,27.7,27.61,27.7,2751.75,2022,6,13
2022-06-13 17:43:00+00:00,27.69,27.86,27.66,27.83,6206.64,2022,6,13
2022-06-13 17:44:00+00:00,27.85,28.02,27.85,27.99,9328.45,2022,6,13
2022-06-13 17:45:00+00:00,28.0,28.05,27.85,27.92,9943.53,2022,6,13
2022-06-13 17:46:00+00:00,27.93,27.95,27.88,27.94,2437.15,2022,6,13
2022-06-13 17:47:00+00:00,27.94,28.13,27.94,27.99,9336.11,2022,6,13
2022-06-13 17:48:00+00:00,27.99,28.08,27.95,28.06,4633.73,2022,6,13
2022-06-13 17:49:00+00:00,28.06,28.06,27.96,27.99,2784.05,2022,6,13
2022-06-13 17:50:00+00:00,27.98,28.0,27.9,27.94,3508.32,2022,6,13
2022-06-13 17:51:00+00:00,27.93,27.99,27.91,27.93,4200.1,2022,6,13
2022-06-13 17:52:00+00:00,27.93,28.01,27.91,27.94,3667.68,2022,6,13
2022-06-13 17:53:00+00:00,27.94,27.95,27.85,27.91,7210.13,2022,6,13
2022-06-13 17:54:00+00:00,27.91,27.97,27.89,27.96,2014.88,2022,6,13
2022-06-13 17:55:00+00:00,27.96,28.04,27.94,28.0,5636.16,2022,6,13
2022-06-13 17:56:00+00:00,27.99,28.02,27.91,27.94,3242.79,2022,6,13
2022-06-13 17:57:00+00:00,27.92,28.1,27.89,28.07,3264.12,2022,6,13
2022-06-13 17:58:00+00:00,28.08,28.15,28.05,28.1,7135.7,2022,6,13
2022-06-13 17:59:00+00:00,28.1,28.16,28.08,28.12,4288.85,2022,6,13
2022-06-13 18:00:00+00:00,28.12,28.16,28.08,28.09,4129.5,2022,6,13
2022-06-13 18:01:00+00:00,28.1,28.13,28.08,28.11,1628.21,2022,6,13
2022-06-13 18:02:00+00:00,28.1,28.1,28.0,28.02,3106.41,2022,6,13
2022-06-13 18:03:00+00:00,28.01,28.08,27.96,28.02,3509.23,2022,6,13
2022-06-13 18:04:00+00:00,28.02,28.11,28.02,28.09,1901.12,2022,6,13
2022-06-13 18:05:00+00:00,28.1,28.17,28.1,28.14,1797.37,2022,6,13
2022-06-13 18:06:00+00:00,28.13,28.2,28.07,28.13,1817.1,2022,6,13
2022-06-13 18:07:00+00:00,28.13,28.15,28.02,28.02,1421.64,2022,6,13
2022-06-13 18:08:00+00:00,28.03,28.12,28.02,28.11,3200.32,2022,6,13
2022-06-13 18:09:00+00:00,28.11,28.26,28.09,28.23,1628.75,2022,6,13
2022-06-13 18:10:00+00:00,28.21,28.26,28.17,28.26,2207.99,2022,6,13
2022-06-13 18:11:00+00:00,28.26,28.39,28.19,28.38,9272.11,2022,6,13
2022-06-13 18:12:00+00:00,28.39,28.39,28.26,28.29,2417.69,2022,6,13
2022-06-13 18:13:00+00:00,28.29,28.43,28.28,28.42,2747.88,2022,6,13
2022-06-13 18:14:00+00:00,28.42,28.55,28.34,28.5,8949.92,2022,6,13
2022-06-13 18:15:00+00:00,28.51,28.64,28.5,28.55,7706.36,2022,6,13
2022-06-13 18:16:00+00:00,28.55,28.62,28.55,28.59,3046.89,2022,6,13
2022-06-13 18:17:00+00:00,28.58,28.62,28.5,28.52,6721.57,2022,6,13
2022-06-13 18:18:00+00:00,28.52,28.53,28.37,28.41,4291.7,2022,6,13
2022-06-13 18:19:00+00:00,28.41,28.52,28.35,28.49,4156.63,2022,6,13
2022-06-13 18:20:00+00:00,28.5,28.63,28.5,28.6,4045.19,2022,6,13
2022-06-13 18:21:00+00:00,28.59,28.7,28.58,28.59,3601.41,2022,6,13
2022-06-13 18:22:00+00:00,28.59,28.65,28.57,28.6,2219.58,2022,6,13
2022-06-13 18:23:00+00:00,28.6,28.68,28.57,28.64,4339.53,2022,6,13
2022-06-13 18:24:00+00:00,28.64,28.8,28.64,28.73,5368.41,2022,6,13
2022-06-13 18:25:00+00:00,28.72,28.84,28.72,28.73,5331.93,2022,6,13
2022-06-13 18:26:00+00:00,28.74,28.81,28.63,28.64,5296.32,2022,6,13
2022-06-13 18:27:00+00:00,28.63,28.76,28.61,28.74,2007.91,2022,6,13
2022-06-13 18:28:00+00:00,28.74,28.74,28.63,28.7,4459.6,2022,6,13
2022-06-13 18:29:00+00:00,28.7,28.73,28.64,28.67,1727.84,2022,6,13
2022-06-13 18:30:00+00:00,28.66,28.74,28.66,28.71,3766.64,2022,6,13
2022-06-13 18:31:00+00:00,28.69,28.69,28.56,28.56,5171.34,2022,6,13
2022-06-13 18:32:00+00:00,28.55,28.56,28.48,28.53,5546.88,2022,6,13
2022-06-13 18:33:00+00:00,28.54,28.7,28.47,28.7,8436.11,2022,6,13
2022-06-13 18:34:00+00:00,28.66,28.71,28.56,28.62,3922.48,2022,6,13
2022-06-13 18:35:00+00:00,28.63,28.65,28.6,28.61,1818.93,2022,6,13
2022-06-13 18:36:00+00:00,28.62,28.73,28.58,28.71,4585.81,2022,6,13
2022-06-13 18:37:00+00:00,28.71,28.81,28.62,28.62,5537.85,2022,6,13
2022-06-13 18:38:00+00:00,28.63,28.66,28.55,28.57,3693.92,2022,6,13
2022-06-13 18:39:00+00:00,28.56,28.67,28.55,28.58,3239.56,2022,6,13
2022-06-13 18:40:00+00:00,28.57,28.73,28.57,28.63,1767.58,2022,6,13
2022-06-13 18:41:00+00:00,28.66,28.79,28.66,28.73,2005.34,2022,6,13
2022-06-13 18:42:00+00:00,28.72,28.73,28.64,28.66,2791.73,2022,6,13
2022-06-13 18:43:00+00:00,28.66,28.67,28.59,28.6,1333.55,2022,6,13
2022-06-13 18:44:00+00:00,28.59,28.71,28.57,28.68,1883.87,2022,6,13
2022-06-13 18:45:00+00:00,28.68,28.79,28.68,28.78,3274.82,2022,6,13
2022-06-13 18:46:00+00:00,28.78,28.81,28.66,28.67,1851.46,2022,6,13
2022-06-13 18:47:00+00:00,28.67,28.67,28.53,28.54,4753.85,2022,6,13
2022-06-13 18:48:00+00:00,28.52,28.65,28.52,28.6,5057.86,2022,6,13
2022-06-13 18:49:00+00:00,28.6,28.61,28.51,28.54,2655.0,2022,6,13
2022-06-13 18:50:00+00:00,28.53,28.55,28.46,28.51,2600.03,2022,6,13
2022-06-13 18:51:00+00:00,28.5,28.5,28.37,28.41,7184.06,2022,6,13
2022-06-13 18:52:00+00:00,28.43,28.45,28.4,28.42,3288.96,2022,6,13
2022-06-13 18:53:00+00:00,28.42,28.45,28.38,28.4,2161.27,2022,6,13
2022-06-13 18:54:00+00:00,28.39,28.41,28.34,28.36,5421.65,2022,6,13
2022-06-13 18:55:00+00:00,28.35,28.41,28.31,28.36,9396.69,2022,6,13
2022-06-13 18:56:00+00:00,28.34,28.4,28.3,28.31,2834.02,2022,6,13
2022-06-13 18:57:00+00:00,28.32,28.32,28.11,28.2,10840.14,2022,6,13
2022-06-13 18:58:00+00:00,28.19,28.32,28.18,28.28,3973.33,2022,6,13
2022-06-13 18:59:00+00:00,28.28,28.3,28.16,28.21,4483.67,2022,6,13
2022-06-13 19:00:00+00:00,28.2,28.27,28.17,28.26,4045.63,2022,6,13
2022-06-13 19:01:00+00:00,28.26,28.29,28.22,28.23,2539.27,2022,6,13
2022-06-13 19:02:00+00:00,28.23,28.25,28.18,28.2,1157.2,2022,6,13
2022-06-13 19:03:00+00:00,28.2,28.32,28.14,28.28,6658.86,2022,6,13
2022-06-13 19:04:00+00:00,28.27,28.34,28.26,28.3,1914.7,2022,6,13
2022-06-13 19:05:00+00:00,28.3,28.35,28.27,28.27,1854.75,2022,6,13
2022-06-13 19:06:00+00:00,28.27,28.31,28.19,28.2,3763.94,2022,6,13
2022-06-13 19:07:00+00:00,28.2,28.22,28.16,28.22,3796.68,2022,6,13
2022-06-13 19:08:00+00:00,28.23,28.28,28.2,28.21,1978.97,2022,6,13
2022-06-13 19:09:00+00:00,28.21,28.29,28.19,28.24,2194.62,2022,6,13
2022-06-13 19:10:00+00:00,28.25,28.31,28.17,28.2,3276.07,2022,6,13
2022-06-13 19:11:00+00:00,28.2,28.2,28.09,28.13,4730.11,2022,6,13
2022-06-13 19:12:00+00:00,28.14,28.19,28.11,28.16,2460.35,2022,6,13
2022-06-13 19:13:00+00:00,28.16,28.2,28.14,28.18,1133.4,2022,6,13
2022-06-13 19:14:00+00:00,28.17,28.23,28.17,28.21,2804.01,2022,6,13
2022-06-13 19:15:00+00:00,28.21,28.23,28.11,28.12,4042.45,2022,6,13
2022-06-13 19:16:00+00:00,28.12,28.36,28.12,28.36,13328.46,2022,6,13
2022-06-13 19:17:00+00:00,28.37,28.5,28.24,28.29,11415.98,2022,6,13
2022-06-13 19:18:00+00:00,28.3,28.41,28.26,28.3,3523.28,2022,6,13
2022-06-13 19:19:00+00:00,28.31,28.45,28.26,28.41,4043.58,2022,6,13
2022-06-13 19:20:00+00:00,28.41,28.47,28.35,28.41,3296.97,2022,6,13
2022-06-13 19:21:00+00:00,28.41,28.44,28.33,28.33,4244.89,2022,6,13
2022-06-13 19:22:00+00:00,28.32,28.34,28.26,28.29,2533.82,2022,6,13
2022-06-13 19:23:00+00:00,28.28,28.34,28.25,28.31,1272.78,2022,6,13
2022-06-13 19:24:00+00:00,28.29,28.33,28.26,28.27,1684.42,2022,6,13
2022-06-13 19:25:00+00:00,28.28,28.36,28.26,28.3,2330.0,2022,6,13
2022-06-13 19:26:00+00:00,28.3,28.33,28.26,28.26,840.51,2022,6,13
2022-06-13 19:27:00+00:00,28.26,28.34,28.25,28.34,2181.99,2022,6,13
2022-06-13 19:28:00+00:00,28.33,28.33,28.26,28.27,736.64,2022,6,13
2022-06-13 19:29:00+00:00,28.27,28.27,28.21,28.22,4189.16,2022,6,13
2022-06-13 19:30:00+00:00,28.22,28.31,28.22,28.29,3374.28,2022,6,13
2022-06-13 19:31:00+00:00,28.3,28.39,28.25,28.29,6259.75,2022,6,13
2022-06-13 19:32:00+00:00,28.29,28.3,28.14,28.14,5475.31,2022,6,13
2022-06-13 19:33:00+00:00,28.14,28.22,28.1,28.22,3957.89,2022,6,13
2022-06-13 19:34:00+00:00,28.22,28.29,28.21,28.29,2953.01,2022,6,13
2022-06-13 19:35:00+00:00,28.28,28.39,28.27,28.37,3485.91,2022,6,13
2022-06-13 19:36:00+00:00,28.36,28.43,28.32,28.35,1992.36,2022,6,13
2022-06-13 19:37:00+00:00,28.35,28.45,28.34,28.4,2032.96,2022,6,13
2022-06-13 19:38:00+00:00,28.39,28.4,28.36,28.38,1088.85,2022,6,13
2022-06-13 19:39:00+00:00,28.39,28.44,28.36,28.41,961.87,2022,6,13
2022-06-13 19:40:00+00:00,28.44,28.52,28.38,28.38,5994.67,2022,6,13
2022-06-13 19:41:00+00:00,28.39,28.45,28.38,28.39,4729.85,2022,6,13
2022-06-13 19:42:00+00:00,28.4,28.41,28.37,28.4,1611.77,2022,6,13
2022-06-13 19:43:00+00:00,28.39,28.41,28.31,28.33,2937.55,2022,6,13
2022-06-13 19:44:00+00:00,28.33,28.36,28.3,28.31,774.36,2022,6,13
2022-06-13 19:45:00+00:00,28.31,28.45,28.3,28.44,1872.08,2022,6,13
2022-06-13 19:46:00+00:00,28.44,28.5,28.42,28.49,1303.45,2022,6,13
2022-06-13 19:47:00+00:00,28.48,28.51,28.42,28.49,1863.24,2022,6,13
2022-06-13 19:48:00+00:00,28.49,28.55,28.47,28.49,2588.57,2022,6,13
2022-06-13 19:49:00+00:00,28.48,28.54,28.47,28.52,984.65,2022,6,13
2022-06-13 19:50:00+00:00,28.53,28.54,28.41,28.42,2974.81,2022,6,13
2022-06-13 19:51:00+00:00,28.43,28.44,28.35,28.35,1145.16,2022,6,13
2022-06-13 19:52:00+00:00,28.35,28.48,28.35,28.37,3518.36,2022,6,13
2022-06-13 19:53:00+00:00,28.36,28.43,28.33,28.34,3320.62,2022,6,13
2022-06-13 19:54:00+00:00,28.34,28.37,28.3,28.32,2200.21,2022,6,13
2022-06-13 19:55:00+00:00,28.32,28.34,28.26,28.31,2403.35,2022,6,13
2022-06-13 19:56:00+00:00,28.31,28.39,28.31,28.33,1552.87,2022,6,13
2022-06-13 19:57:00+00:00,28.33,28.35,28.25,28.35,1768.21,2022,6,13
2022-06-13 19:58:00+00:00,28.35,28.41,28.33,28.4,589.84,2022,6,13
2022-06-13 19:59:00+00:00,28.39,28.4,28.28,28.31,3566.36,2022,6,13
2022-06-13 20:00:00+00:00,28.31,28.43,28.3,28.43,3363.19,2022,6,13
2022-06-13 20:01:00+00:00,28.43,28.72,28.42,28.68,3915.33,2022,6,13
2022-06-13 20:02:00+00:00,28.67,28.82,28.63,28.82,3156.69,2022,6,13
2022-06-13 20:03:00+00:00,28.83,28.96,28.75,28.83,9198.23,2022,6,13
2022-06-13 20:04:00+00:00,28.82,28.93,28.8,28.89,2953.49,2022,6,13
2022-06-13 20:05:00+00:00,28.88,28.92,28.86,28.89,4706.89,2022,6,13
2022-06-13 20:06:00+00:00,28.89,29.0,28.89,28.92,5148.21,2022,6,13
2022-06-13 20:07:00+00:00,28.92,28.98,28.91,28.95,3527.48,2022,6,13
2022-06-13 20:08:00+00:00,28.94,28.96,28.93,28.96,1973.95,2022,6,13
2022-06-13 20:09:00+00:00,28.96,29.19,28.96,29.08,6701.15,2022,6,13
2022-06-13 20:10:00+00:00,29.08,29.09,29.02,29.06,2846.25,2022,6,13
2022-06-13 20:11:00+00:00,29.06,29.07,28.98,29.02,3029.93,2022,6,13
2022-06-13 20:12:00+00:00,29.01,29.07,29.01,29.05,6254.22,2022,6,13
2022-06-13 20:13:00+00:00,29.04,29.07,29.02,29.06,2832.7,2022,6,13
2022-06-13 20:14:00+00:00,29.07,29.16,29.05,29.12,2726.34,2022,6,13
2022-06-13 20:15:00+00:00,29.12,29.36,29.09,29.35,9696.92,2022,6,13
2022-06-13 20:16:00+00:00,29.35,29.37,29.23,29.24,5431.46,2022,6,13
2022-06-13 20:17:00+00:00,29.23,29.31,29.2,29.28,4691.75,2022,6,13
2022-06-13 20:18:00+00:00,29.27,29.49,29.23,29.46,16890.35,2022,6,13
2022-06-13 20:19:00+00:00,29.46,29.81,29.41,29.67,22208.73,2022,6,13
2022-06-13 20:20:00+00:00,29.68,29.76,29.58,29.75,19063.68,2022,6,13
2022-06-13 20:21:00+00:00,29.74,29.79,29.6,29.6,5315.07,2022,6,13
2022-06-13 20:22:00+00:00,29.6,29.61,29.45,29.5,7019.54,2022,6,13
2022-06-13 20:23:00+00:00,29.5,29.61,29.43,29.47,13503.59,2022,6,13
2022-06-13 20:24:00+00:00,29.46,29.49,29.41,29.49,4206.82,2022,6,13
2022-06-13 20:25:00+00:00,29.5,29.55,29.46,29.48,3791.9,2022,6,13
2022-06-13 20:26:00+00:00,29.49,29.54,29.41,29.5,9007.39,2022,6,13
2022-06-13 20:27:00+00:00,29.51,29.58,29.49,29.52,2439.23,2022,6,13
2022-06-13 20:28:00+00:00,29.53,29.6,29.46,29.46,3674.42,2022,6,13
2022-06-13 20:29:00+00:00,29.48,29.52,29.45,29.51,2133.11,2022,6,13
2022-06-13 20:30:00+00:00,29.51,29.75,29.47,29.65,8154.06,2022,6,13
2022-06-13 20:31:00+00:00,29.65,29.89,29.65,29.76,15704.82,2022,6,13
2022-06-13 20:32:00+00:00,29.77,29.77,29.58,29.6,5640.93,2022,6,13
2022-06-13 20:33:00+00:00,29.6,29.63,29.47,29.47,5665.4,2022,6,13
2022-06-13 20:34:00+00:00,29.48,29.52,29.37,29.43,6895.63,2022,6,13
2022-06-13 20:35:00+00:00,29.43,29.43,29.23,29.33,6603.21,2022,6,13
2022-06-13 20:36:00+00:00,29.33,29.37,29.31,29.34,5715.62,2022,6,13
2022-06-13 20:37:00+00:00,29.34,29.37,29.26,29.28,4383.3,2022,6,13
2022-06-13 20:38:00+00:00,29.28,29.31,29.18,29.19,4795.82,2022,6,13
2022-06-13 20:39:00+00:00,29.2,29.25,29.18,29.2,3539.7,2022,6,13
2022-06-13 20:40:00+00:00,29.2,29.3,29.19,29.25,3052.08,2022,6,13
2022-06-13 20:41:00+00:00,29.23,29.24,29.11,29.19,10217.67,2022,6,13
2022-06-13 20:42:00+00:00,29.2,29.23,29.13,29.14,3380.1,2022,6,13
2022-06-13 20:43:00+00:00,29.14,29.17,29.09,29.09,4672.69,2022,6,13
2022-06-13 20:44:00+00:00,29.09,29.15,29.03,29.1,6037.48,2022,6,13
2022-06-13 20:45:00+00:00,29.1,29.16,28.96,28.99,5426.85,2022,6,13
2022-06-13 20:46:00+00:00,28.99,28.99,28.76,28.85,8370.85,2022,6,13
2022-06-13 20:47:00+00:00,28.85,28.98,28.85,28.91,5366.74,2022,6,13
2022-06-13 20:48:00+00:00,28.93,28.97,28.92,28.94,1562.02,2022,6,13
2022-06-13 20:49:00+00:00,28.94,28.95,28.83,28.85,7147.01,2022,6,13
2022-06-13 20:50:00+00:00,28.85,28.87,28.8,28.86,2863.02,2022,6,13
2022-06-13 20:51:00+00:00,28.86,28.9,28.82,28.83,2108.97,2022,6,13
2022-06-13 20:52:00+00:00,28.83,28.85,28.79,28.85,2964.41,2022,6,13
2022-06-13 20:53:00+00:00,28.86,28.9,28.86,28.87,1345.38,2022,6,13
2022-06-13 20:54:00+00:00,28.87,28.89,28.84,28.87,2431.99,2022,6,13
2022-06-13 20:55:00+00:00,28.86,28.86,28.71,28.74,5670.86,2022,6,13
2022-06-13 20:56:00+00:00,28.74,28.74,28.66,28.68,1977.23,2022,6,13
2022-06-13 20:57:00+00:00,28.68,28.72,28.63,28.64,2159.67,2022,6,13
2022-06-13 20:58:00+00:00,28.64,28.69,28.6,28.67,3567.64,2022,6,13
2022-06-13 20:59:00+00:00,28.67,28.68,28.59,28.61,6571.0,2022,6,13
2022-06-13 21:00:00+00:00,28.61,28.65,28.61,28.63,2271.83,2022,6,13
2022-06-13 21:01:00+00:00,28.62,28.8,28.58,28.76,3785.72,2022,6,13
2022-06-13 21:02:00+00:00,28.75,28.82,28.74,28.78,2355.63,2022,6,13
2022-06-13 21:03:00+00:00,28.76,28.8,28.75,28.79,1181.37,2022,6,13
2022-06-13 21:04:00+00:00,28.79,28.85,28.76,28.84,3888.63,2022,6,13
2022-06-13 21:05:00+00:00,28.85,28.85,28.67,28.71,6713.77,2022,6,13
2022-06-13 21:06:00+00:00,28.71,28.71,28.61,28.62,2462.03,2022,6,13
2022-06-13 21:07:00+00:00,28.62,28.66,28.6,28.66,1847.52,2022,6,13
2022-06-13 21:08:00+00:00,28.67,28.68,28.63,28.67,1079.83,2022,6,13
2022-06-13 21:09:00+00:00,28.69,28.7,28.66,28.68,616.37,2022,6,13
2022-06-13 21:10:00+00:00,28.68,28.68,28.55,28.55,2783.22,2022,6,13
2022-06-13 21:11:00+00:00,28.54,28.55,28.48,28.48,5981.24,2022,6,13
2022-06-13 21:12:00+00:00,28.5,28.58,28.49,28.57,2590.61,2022,6,13
2022-06-13 21:13:00+00:00,28.56,28.67,28.56,28.64,2159.85,2022,6,13
2022-06-13 21:14:00+00:00,28.64,28.69,28.63,28.65,1327.14,2022,6,13
2022-06-13 21:15:00+00:00,28.65,28.75,28.63,28.72,885.69,2022,6,13
2022-06-13 21:16:00+00:00,28.72,28.79,28.71,28.75,1748.92,2022,6,13
2022-06-13 21:17:00+00:00,28.75,28.78,28.73,28.77,1170.4,2022,6,13
2022-06-13 21:18:00+00:00,28.77,28.8,28.73,28.79,2749.05,2022,6,13
2022-06-13 21:19:00+00:00,28.78,28.79,28.68,28.68,1650.38,2022,6,13
2022-06-13 21:20:00+00:00,28.68,28.69,28.64,28.66,2115.64,2022,6,13
2022-06-13 21:21:00+00:00,28.66,28.68,28.63,28.66,1356.6,2022,6,13
2022-06-13 21:22:00+00:00,28.66,28.7,28.65,28.68,1103.61,2022,6,13
2022-06-13 21:23:00+00:00,28.68,28.75,28.67,28.73,2721.02,2022,6,13
2022-06-13 21:24:00+00:00,28.75,28.77,28.69,28.7,954.41,2022,6,13
2022-06-13 21:25:00+00:00,28.7,28.74,28.67,28.71,1626.74,2022,6,13
2022-06-13 21:26:00+00:00,28.7,28.72,28.67,28.68,788.06,2022,6,13
2022-06-13 21:27:00+00:00,28.68,28.68,28.57,28.57,2165.6,2022,6,13
2022-06-13 21:28:00+00:00,28.58,28.6,28.54,28.55,1036.4,2022,6,13
2022-06-13 21:29:00+00:00,28.55,28.55,28.44,28.5,2517.59,2022,6,13
2022-06-13 21:30:00+00:00,28.5,28.54,28.49,28.53,1172.4,2022,6,13
2022-06-13 21:31:00+00:00,28.53,28.58,28.51,28.55,1019.51,2022,6,13
2022-06-13 21:32:00+00:00,28.57,28.59,28.55,28.56,522.28,2022,6,13
2022-06-13 21:33:00+00:00,28.56,28.57,28.52,28.53,427.31,2022,6,13
2022-06-13 21:34:00+00:00,28.53,28.53,28.51,28.52,633.48,2022,6,13
2022-06-13 21:35:00+00:00,28.51,28.52,28.42,28.44,1297.47,2022,6,13
2022-06-13 21:36:00+00:00,28.44,28.48,28.42,28.46,799.77,2022,6,13
2022-06-13 21:37:00+00:00,28.45,28.46,28.35,28.35,2639.59,2022,6,13
2022-06-13 21:38:00+00:00,28.35,28.44,28.33,28.37,1193.87,2022,6,13
2022-06-13 21:39:00+00:00,28.39,28.4,28.36,28.37,227.08,2022,6,13
2022-06-13 21:40:00+00:00,28.36,28.38,28.36,28.37,296.37,2022,6,13
2022-06-13 21:41:00+00:00,28.38,28.39,28.33,28.34,488.57,2022,6,13
2022-06-13 21:42:00+00:00,28.34,28.36,28.29,28.31,2588.03,2022,6,13
2022-06-13 21:43:00+00:00,28.3,28.32,28.25,28.26,2854.57,2022,6,13
2022-06-13 21:44:00+00:00,28.26,28.45,28.25,28.42,2692.33,2022,6,13
2022-06-13 21:45:00+00:00,28.43,28.53,28.42,28.45,944.67,2022,6,13
2022-06-13 21:46:00+00:00,28.44,28.51,28.44,28.47,1165.24,2022,6,13
2022-06-13 21:47:00+00:00,28.48,28.51,28.46,28.51,990.72,2022,6,13
2022-06-13 21:48:00+00:00,28.51,28.54,28.5,28.5,865.42,2022,6,13
2022-06-13 21:49:00+00:00,28.51,28.63,28.5,28.57,2806.69,2022,6,13
2022-06-13 21:50:00+00:00,28.57,28.58,28.5,28.56,1081.05,2022,6,13
2022-06-13 21:51:00+00:00,28.56,28.68,28.56,28.67,1851.43,2022,6,13
2022-06-13 21:52:00+00:00,28.68,28.68,28.65,28.65,618.75,2022,6,13
2022-06-13 21:53:00+00:00,28.65,28.67,28.51,28.52,1308.92,2022,6,13
2022-06-13 21:54:00+00:00,28.53,28.53,28.19,28.19,2758.37,2022,6,13
2022-06-13 21:55:00+00:00,28.19,28.25,28.14,28.15,5112.6,2022,6,13
2022-06-13 21:56:00+00:00,28.15,28.16,28.08,28.09,2591.54,2022,6,13
2022-06-13 21:57:00+00:00,28.09,28.19,28.08,28.16,1708.65,2022,6,13
2022-06-13 21:58:00+00:00,28.16,28.16,28.1,28.1,952.64,2022,6,13
2022-06-13 21:59:00+00:00,28.1,28.13,28.03,28.13,8726.22,2022,6,13
2022-06-13 22:00:00+00:00,28.12,28.25,28.07,28.22,3261.92,2022,6,13
2022-06-13 22:01:00+00:00,28.22,28.31,28.21,28.26,5559.36,2022,6,13
2022-06-13 22:02:00+00:00,28.26,28.28,28.16,28.23,2491.04,2022,6,13
2022-06-13 22:03:00+00:00,28.23,28.3,28.21,28.29,2059.93,2022,6,13
2022-06-13 22:04:00+00:00,28.29,28.3,28.24,28.26,1133.88,2022,6,13
2022-06-13 22:05:00+00:00,28.26,28.31,28.24,28.28,2877.49,2022,6,13
2022-06-13 22:06:00+00:00,28.28,28.29,28.23,28.24,2308.32,2022,6,13
2022-06-13 22:07:00+00:00,28.24,28.24,28.16,28.16,918.0,2022,6,13
2022-06-13 22:08:00+00:00,28.15,28.16,28.06,28.07,2116.03,2022,6,13
2022-06-13 22:09:00+00:00,28.07,28.07,27.98,28.0,3354.12,2022,6,13
2022-06-13 22:10:00+00:00,28.01,28.12,28.01,28.06,1245.1,2022,6,13
2022-06-13 22:11:00+00:00,28.06,28.06,27.9,27.94,4326.88,2022,6,13
2022-06-13 22:12:00+00:00,27.94,28.0,27.92,27.99,2844.46,2022,6,13
2022-06-13 22:13:00+00:00,27.99,28.04,27.96,28.0,1621.04,2022,6,13
2022-06-13 22:14:00+00:00,28.01,28.08,28.01,28.04,1857.56,2022,6,13
2022-06-13 22:15:00+00:00,28.04,28.09,28.03,28.08,2060.74,2022,6,13
2022-06-13 22:16:00+00:00,28.07,28.09,28.03,28.06,1816.06,2022,6,13
2022-06-13 22:17:00+00:00,28.05,28.07,28.02,28.07,5091.12,2022,6,13
2022-06-13 22:18:00+00:00,28.06,28.07,27.96,27.96,777.73,2022,6,13
2022-06-13 22:19:00+00:00,27.96,27.96,27.78,27.78,4330.57,2022,6,13
2022-06-13 22:20:00+00:00,27.79,27.85,27.78,27.8,4111.41,2022,6,13
2022-06-13 22:21:00+00:00,27.81,27.89,27.8,27.89,1842.23,2022,6,13
2022-06-13 22:22:00+00:00,27.9,27.92,27.83,27.85,2486.24,2022,6,13
2022-06-13 22:23:00+00:00,27.85,27.88,27.83,27.84,3048.32,2022,6,13
2022-06-13 22:24:00+00:00,27.84,27.86,27.8,27.85,2495.31,2022,6,13
2022-06-13 22:25:00+00:00,27.86,27.86,27.7,27.73,5601.65,2022,6,13
2022-06-13 22:26:00+00:00,27.73,27.81,27.71,27.8,2238.11,2022,6,13
2022-06-13 22:27:00+00:00,27.8,27.8,27.72,27.76,4069.88,2022,6,13
2022-06-13 22:28:00+00:00,27.75,27.82,27.73,27.79,2168.81,2022,6,13
2022-06-13 22:29:00+00:00,27.79,27.81,27.73,27.79,1902.8,2022,6,13
2022-06-13 22:30:00+00:00,27.79,27.8,27.74,27.79,1884.49,2022,6,13
2022-06-13 22:31:00+00:00,27.79,27.91,27.79,27.9,2210.96,2022,6,13
2022-06-13 22:32:00+00:00,27.89,27.95,27.86,27.92,3619.85,2022,6,13
2022-06-13 22:33:00+00:00,27.92,27.92,27.86,27.91,2961.44,2022,6,13
2022-06-13 22:34:00+00:00,27.9,27.94,27.84,27.93,2317.15,2022,6,13
2022-06-13 22:35:00+00:00,27.94,27.95,27.83,27.87,1588.61,2022,6,13
2022-06-13 22:36:00+00:00,27.87,27.87,27.8,27.85,611.28,2022,6,13
2022-06-13 22:37:00+00:00,27.85,27.85,27.7,27.71,2674.15,2022,6,13
2022-06-13 22:38:00+00:00,27.7,27.71,27.65,27.69,3732.24,2022,6,13
2022-06-13 22:39:00+00:00,27.69,27.71,27.58,27.6,5802.1,2022,6,13
2022-06-13 22:40:00+00:00,27.61,27.9,27.61,27.78,5041.13,2022,6,13
2022-06-13 22:41:00+00:00,27.79,27.8,27.62,27.62,3499.11,2022,6,13
2022-06-13 22:42:00+00:00,27.63,27.8,27.62,27.7,6105.55,2022,6,13
2022-06-13 22:43:00+00:00,27.69,27.76,27.62,27.76,5008.55,2022,6,13
2022-06-13 22:44:00+00:00,27.77,27.82,27.67,27.7,3140.48,2022,6,13
2022-06-13 22:45:00+00:00,27.7,27.76,27.58,27.58,2858.91,2022,6,13
2022-06-13 22:46:00+00:00,27.59,27.7,27.57,27.66,3129.28,2022,6,13
2022-06-13 22:47:00+00:00,27.67,27.7,27.39,27.48,13268.85,2022,6,13
2022-06-13 22:48:00+00:00,27.47,27.5,27.31,27.36,5388.78,2022,6,13
2022-06-13 22:49:00+00:00,27.36,27.52,27.36,27.46,9520.02,2022,6,13
2022-06-13 22:50:00+00:00,27.46,27.49,27.41,27.48,2065.87,2022,6,13
2022-06-13 22:51:00+00:00,27.46,27.52,27.44,27.5,3179.86,2022,6,13
2022-06-13 22:52:00+00:00,27.49,27.52,27.44,27.47,4028.1,2022,6,13
2022-06-13 22:53:00+00:00,27.46,27.46,27.36,27.38,3216.62,2022,6,13
2022-06-13 22:54:00+00:00,27.39,27.45,27.37,27.4,2293.85,2022,6,13
2022-06-13 22:55:00+00:00,27.4,27.43,27.33,27.33,3272.6,2022,6,13
2022-06-13 22:56:00+00:00,27.33,27.38,27.18,27.18,9128.02,2022,6,13
2022-06-13 22:57:00+00:00,27.2,27.29,27.12,27.25,5920.61,2022,6,13
2022-06-13 22:58:00+00:00,27.24,27.25,27.14,27.17,5132.66,2022,6,13
2022-06-13 22:59:00+00:00,27.17,27.23,27.12,27.18,2553.04,2022,6,13
2022-06-13 23:00:00+00:00,27.18,27.35,27.15,27.22,6155.18,2022,6,13
2022-06-13 23:01:00+00:00,27.21,27.35,27.21,27.25,4170.26,2022,6,13
2022-06-13 23:02:00+00:00,27.26,27.26,27.16,27.21,3102.8,2022,6,13
2022-06-13 23:03:00+00:00,27.2,27.23,27.06,27.11,10210.82,2022,6,13
2022-06-13 23:04:00+00:00,27.1,27.12,27.02,27.08,4885.52,2022,6,13
2022-06-13 23:05:00+00:00,27.1,27.39,27.08,27.25,27969.38,2022,6,13
2022-06-13 23:06:00+00:00,27.26,27.39,27.23,27.23,5303.97,2022,6,13
2022-06-13 23:07:00+00:00,27.24,27.37,27.18,27.19,19042.77,2022,6,13
2022-06-13 23:08:00+00:00,27.19,27.28,27.14,27.16,6898.06,2022,6,13
2022-06-13 23:09:00+00:00,27.16,27.23,27.15,27.23,4117.94,2022,6,13
2022-06-13 23:10:00+00:00,27.23,27.3,27.18,27.29,8832.05,2022,6,13
2022-06-13 23:11:00+00:00,27.29,27.37,27.27,27.37,2866.38,2022,6,13
2022-06-13 23:12:00+00:00,27.36,27.36,27.2,27.21,4234.41,2022,6,13
2022-06-13 23:13:00+00:00,27.21,27.28,27.14,27.18,3771.51,2022,6,13
2022-06-13 23:14:00+00:00,27.17,27.23,27.14,27.2,2692.17,2022,6,13
2022-06-13 23:15:00+00:00,27.18,27.25,27.08,27.19,16173.57,2022,6,13
2022-06-13 23:16:00+00:00,27.21,27.22,27.1,27.17,4289.56,2022,6,13
2022-06-13 23:17:00+00:00,27.16,27.18,27.01,27.05,3577.86,2022,6,13
2022-06-13 23:18:00+00:00,27.05,27.29,27.0,27.28,13114.34,2022,6,13
2022-06-13 23:19:00+00:00,27.3,27.47,27.3,27.43,8257.04,2022,6,13
2022-06-13 23:20:00+00:00,27.43,27.85,27.43,27.72,15498.98,2022,6,13
2022-06-13 23:21:00+00:00,27.73,27.95,27.73,27.85,11633.35,2022,6,13
2022-06-13 23:22:00+00:00,27.85,27.95,27.66,27.66,5149.42,2022,6,13
2022-06-13 23:23:00+00:00,27.66,27.74,27.65,27.69,3446.53,2022,6,13
2022-06-13 23:24:00+00:00,27.69,27.75,27.62,27.63,2257.43,2022,6,13
2022-06-13 23:25:00+00:00,27.62,27.63,27.37,27.42,12027.22,2022,6,13
2022-06-13 23:26:00+00:00,27.43,27.48,27.35,27.37,6617.9,2022,6,13
2022-06-13 23:27:00+00:00,27.37,27.42,27.12,27.22,12856.89,2022,6,13
2022-06-13 23:28:00+00:00,27.22,27.27,27.14,27.24,7095.15,2022,6,13
2022-06-13 23:29:00+00:00,27.24,27.39,27.23,27.27,6376.79,2022,6,13
2022-06-13 23:30:00+00:00,27.27,27.39,27.19,27.36,7967.45,2022,6,13
2022-06-13 23:31:00+00:00,27.37,27.4,27.28,27.31,5687.09,2022,6,13
2022-06-13 23:32:00+00:00,27.3,27.3,27.14,27.14,11281.89,2022,6,13
2022-06-13 23:33:00+00:00,27.14,27.35,27.05,27.32,13524.52,2022,6,13
2022-06-13 23:34:00+00:00,27.31,27.46,27.24,27.29,9461.21,2022,6,13
2022-06-13 23:35:00+00:00,27.29,27.52,27.29,27.46,6601.81,2022,6,13
2022-06-13 23:36:00+00:00,27.46,27.52,27.27,27.28,7812.68,2022,6,13
2022-06-13 23:37:00+00:00,27.28,27.35,27.24,27.3,3261.53,2022,6,13
2022-06-13 23:38:00+00:00,27.31,27.33,27.12,27.28,19702.17,2022,6,13
2022-06-13 23:39:00+00:00,27.28,27.31,27.17,27.24,4324.95,2022,6,13
2022-06-13 23:40:00+00:00,27.24,27.35,27.22,27.31,6534.02,2022,6,13
2022-06-13 23:41:00+00:00,27.31,27.32,27.25,27.28,2170.56,2022,6,13
2022-06-13 23:42:00+00:00,27.28,27.35,27.27,27.31,2826.29,2022,6,13
2022-06-13 23:43:00+00:00,27.3,27.35,27.28,27.32,4696.01,2022,6,13
2022-06-13 23:44:00+00:00,27.32,27.4,27.3,27.39,2595.31,2022,6,13
2022-06-13 23:45:00+00:00,27.39,27.46,27.24,27.39,9865.03,2022,6,13
2022-06-13 23:46:00+00:00,27.38,27.46,27.34,27.41,7935.37,2022,6,13
2022-06-13 23:47:00+00:00,27.42,27.54,27.41,27.44,7564.08,2022,6,13
2022-06-13 23:48:00+00:00,27.43,27.55,27.42,27.52,2111.88,2022,6,13
2022-06-13 23:49:00+00:00,27.54,27.61,27.5,27.61,4943.33,2022,6,13
2022-06-13 23:50:00+00:00,27.62,27.66,27.51,27.53,7492.9,2022,6,13
2022-06-13 23:51:00+00:00,27.54,27.75,27.52,27.73,4846.81,2022,6,13
2022-06-13 23:52:00+00:00,27.72,27.8,27.69,27.73,4315.34,2022,6,13
2022-06-13 23:53:00+00:00,27.73,27.79,27.7,27.77,1515.19,2022,6,13
2022-06-13 23:54:00+00:00,27.79,28.2,27.73,27.99,18145.13,2022,6,13
2022-06-13 23:55:00+00:00,27.99,28.48,27.9,28.39,22226.78,2022,6,13
2022-06-13 23:56:00+00:00,28.4,28.83,28.28,28.48,34110.95,2022,6,13
2022-06-13 23:57:00+00:00,28.47,28.59,28.4,28.45,16900.53,2022,6,13
2022-06-13 23:58:00+00:00,28.45,28.53,28.35,28.42,10618.07,2022,6,13
2022-06-13 23:59:00+00:00,28.4,28.68,28.36,28.6,8367.54,2022,6,13
2022-06-14 00:00:00+00:00,28.59,28.65,28.4,28.48,8664.79,2022,6,14
2022-06-14 00:01:00+00:00,28.47,28.53,28.27,28.37,20280.46,2022,6,14
2022-06-14 00:02:00+00:00,28.36,28.56,28.27,28.45,36643.56,2022,6,14
2022-06-14 00:03:00+00:00,28.45,28.5,28.31,28.37,11037.33,2022,6,14
2022-06-14 00:04:00+00:00,28.36,28.44,28.31,28.36,12400.69,2022,6,14
2022-06-14 00:05:00+00:00,28.34,28.41,28.27,28.34,10230.56,2022,6,14
2022-06-14 00:06:00+00:00,28.34,28.52,28.3,28.49,25392.82,2022,6,14
2022-06-14 00:07:00+00:00,28.49,28.54,28.36,28.4,16367.32,2022,6,14
2022-06-14 00:08:00+00:00,28.4,28.48,28.19,28.24,31995.17,2022,6,14
2022-06-14 00:09:00+00:00,28.25,28.41,28.11,28.24,31569.87,2022,6,14
2022-06-14 00:10:00+00:00,28.25,28.4,28.23,28.33,13289.97,2022,6,14
2022-06-14 00:11:00+00:00,28.33,28.39,28.26,28.3,9432.73,2022,6,14
2022-06-14 00:12:00+00:00,28.3,28.4,28.28,28.34,4292.74,2022,6,14
2022-06-14 00:13:00+00:00,28.32,28.43,28.3,28.35,14052.9,2022,6,14
2022-06-14 00:14:00+00:00,28.36,28.49,28.34,28.49,11722.13,2022,6,14
2022-06-14 00:15:00+00:00,28.5,28.52,28.21,28.24,15512.88,2022,6,14
2022-06-14 00:16:00+00:00,28.25,28.26,27.94,28.0,27471.33,2022,6,14
2022-06-14 00:17:00+00:00,28.01,28.04,27.92,27.97,26406.07,2022,6,14
2022-06-14 00:18:00+00:00,27.98,28.12,27.98,28.03,7274.5,2022,6,14
2022-06-14 00:19:00+00:00,28.04,28.08,27.96,28.06,9092.91,2022,6,14
2022-06-14 00:20:00+00:00,28.06,28.06,27.85,27.87,9336.64,2022,6,14
2022-06-14 00:21:00+00:00,27.88,27.91,27.8,27.83,7580.47,2022,6,14
2022-06-14 00:22:00+00:00,27.84,27.9,27.83,27.87,5602.93,2022,6,14
2022-06-14 00:23:00+00:00,27.87,27.92,27.8,27.88,14017.7,2022,6,14
2022-06-14 00:24:00+00:00,27.89,27.89,27.76,27.8,7847.41,2022,6,14
2022-06-14 00:25:00+00:00,27.78,27.83,27.69,27.79,15416.97,2022,6,14
2022-06-14 00:26:00+00:00,27.79,27.82,27.72,27.72,5541.9,2022,6,14
2022-06-14 00:27:00+00:00,27.71,27.8,27.71,27.75,4728.81,2022,6,14
2022-06-14 00:28:00+00:00,27.76,27.86,27.76,27.82,8259.62,2022,6,14
2022-06-14 00:29:00+00:00,27.83,27.85,27.76,27.81,9105.2,2022,6,14
2022-06-14 00:30:00+00:00,27.81,27.83,27.75,27.81,6752.69,2022,6,14
2022-06-14 00:31:00+00:00,27.82,27.88,27.82,27.87,1917.23,2022,6,14
2022-06-14 00:32:00+00:00,27.87,27.98,27.87,27.95,13464.93,2022,6,14
2022-06-14 00:33:00+00:00,27.95,28.01,27.89,27.91,6685.46,2022,6,14
2022-06-14 00:34:00+00:00,27.92,28.04,27.92,27.99,5823.15,2022,6,14
2022-06-14 00:35:00+00:00,27.99,28.08,27.96,27.97,7812.38,2022,6,14
2022-06-14 00:36:00+00:00,27.98,27.99,27.93,27.98,2555.04,2022,6,14
2022-06-14 00:37:00+00:00,27.99,28.18,27.99,28.14,18957.42,2022,6,14
2022-06-14 00:38:00+00:00,28.15,28.17,28.01,28.02,2733.5,2022,6,14
2022-06-14 00:39:00+00:00,28.02,28.04,27.9,27.97,18956.3,2022,6,14
2022-06-14 00:40:00+00:00,27.96,28.02,27.84,27.87,5834.74,2022,6,14
2022-06-14 00:41:00+00:00,27.86,27.99,27.85,27.98,5309.04,2022,6,14
2022-06-14 00:42:00+00:00,27.99,28.07,27.96,28.01,6589.28,2022,6,14
2022-06-14 00:43:00+00:00,28.01,28.18,28.01,28.13,11387.25,2022,6,14
2022-06-14 00:44:00+00:00,28.12,28.33,28.1,28.22,29594.97,2022,6,14
2022-06-14 00:45:00+00:00,28.21,28.21,28.06,28.1,4821.09,2022,6,14
2022-06-14 00:46:00+00:00,28.11,28.12,28.04,28.11,4049.22,2022,6,14
2022-06-14 00:47:00+00:00,28.11,28.15,28.03,28.03,4768.63,2022,6,14
2022-06-14 00:48:00+00:00,28.04,28.05,27.98,28.01,4302.78,2022,6,14
2022-06-14 00:49:00+00:00,28.0,28.03,27.88,27.9,7527.72,2022,6,14
2022-06-14 00:50:00+00:00,27.9,27.96,27.89,27.9,4541.84,2022,6,14
2022-06-14 00:51:00+00:00,27.9,27.93,27.87,27.87,974.54,2022,6,14
2022-06-14 00:52:00+00:00,27.87,27.89,27.84,27.86,5363.02,2022,6,14
2022-06-14 00:53:00+00:00,27.87,27.88,27.73,27.73,3246.95,2022,6,14
2022-06-14 00:54:00+00:00,27.73,27.77,27.67,27.69,8547.01,2022,6,14
2022-06-14 00:55:00+00:00,27.69,27.75,27.65,27.66,3617.72,2022,6,14
2022-06-14 00:56:00+00:00,27.65,27.77,27.6,27.67,13976.82,2022,6,14
2022-06-14 00:57:00+00:00,27.67,27.68,27.57,27.6,9167.89,2022,6,14
2022-06-14 00:58:00+00:00,27.61,27.7,27.56,27.57,5399.11,2022,6,14
2022-06-14 00:59:00+00:00,27.57,27.6,27.44,27.47,10166.12,2022,6,14
2022-06-14 01:00:00+00:00,27.48,27.62,27.43,27.61,13941.88,2022,6,14
2022-06-14 01:01:00+00:00,27.62,27.65,27.55,27.57,9439.51,2022,6,14
2022-06-14 01:02:00+00:00,27.56,27.59,27.43,27.44,7323.47,2022,6,14
2022-06-14 01:03:00+00:00,27.43,27.48,27.36,27.46,10043.38,2022,6,14
2022-06-14 01:04:00+00:00,27.45,27.54,27.42,27.46,7691.01,2022,6,14
2022-06-14 01:05:00+00:00,27.45,27.49,27.3,27.38,9400.36,2022,6,14
2022-06-14 01:06:00+00:00,27.37,27.45,27.35,27.41,7967.59,2022,6,14
2022-06-14 01:07:00+00:00,27.4,27.49,27.37,27.39,5834.02,2022,6,14
2022-06-14 01:08:00+00:00,27.38,27.4,27.33,27.39,5126.62,2022,6,14
2022-06-14 01:09:00+00:00,27.37,27.38,27.17,27.28,19007.47,2022,6,14
2022-06-14 01:10:00+00:00,27.29,27.47,27.2,27.4,12690.75,2022,6,14
2022-06-14 01:11:00+00:00,27.42,27.59,27.4,27.54,13589.17,2022,6,14
2022-06-14 01:12:00+00:00,27.55,27.59,27.48,27.58,4225.54,2022,6,14
2022-06-14 01:13:00+00:00,27.58,27.69,27.49,27.5,5087.24,2022,6,14
2022-06-14 01:14:00+00:00,27.5,27.53,27.45,27.47,5011.89,2022,6,14
2022-06-14 01:15:00+00:00,27.46,27.54,27.34,27.35,9240.66,2022,6,14
2022-06-14 01:16:00+00:00,27.34,27.37,27.25,27.33,9748.09,2022,6,14
2022-06-14 01:17:00+00:00,27.33,27.41,27.33,27.38,8258.59,2022,6,14
2022-06-14 01:18:00+00:00,27.38,27.4,27.31,27.36,2699.09,2022,6,14
2022-06-14 01:19:00+00:00,27.38,27.39,27.24,27.25,8318.58,2022,6,14
2022-06-14 01:20:00+00:00,27.25,27.38,27.24,27.28,5547.62,2022,6,14
2022-06-14 01:21:00+00:00,27.28,27.36,27.15,27.24,16035.64,2022,6,14
2022-06-14 01:22:00+00:00,27.23,27.33,27.19,27.23,10191.59,2022,6,14
2022-06-14 01:23:00+00:00,27.24,27.26,27.13,27.16,6216.34,2022,6,14
2022-06-14 01:24:00+00:00,27.16,27.19,27.11,27.13,12037.09,2022,6,14
2022-06-14 01:25:00+00:00,27.13,27.15,27.07,27.08,6708.77,2022,6,14
2022-06-14 01:26:00+00:00,27.08,27.13,26.96,26.99,15943.82,2022,6,14
2022-06-14 01:27:00+00:00,26.99,27.0,26.87,26.95,18235.19,2022,6,14
2022-06-14 01:28:00+00:00,26.96,27.07,26.88,26.9,10110.12,2022,6,14
2022-06-14 01:29:00+00:00,26.88,27.0,26.88,26.93,8078.07,2022,6,14
2022-06-14 01:30:00+00:00,26.93,27.07,26.88,27.0,14135.53,2022,6,14
2022-06-14 01:31:00+00:00,26.98,27.15,26.93,27.11,6326.44,2022,6,14
2022-06-14 01:32:00+00:00,27.11,27.16,27.09,27.16,5308.44,2022,6,14
2022-06-14 01:33:00+00:00,27.16,27.18,26.94,26.96,7798.67,2022,6,14
2022-06-14 01:34:00+00:00,26.96,26.99,26.9,26.91,9888.08,2022,6,14
2022-06-14 01:35:00+00:00,26.92,27.02,26.9,26.91,5800.64,2022,6,14
2022-06-14 01:36:00+00:00,26.9,26.93,26.75,26.75,17999.03,2022,6,14
2022-06-14 01:37:00+00:00,26.75,26.82,26.72,26.74,15491.66,2022,6,14
2022-06-14 01:38:00+00:00,26.73,26.87,26.73,26.74,8717.35,2022,6,14
2022-06-14 01:39:00+00:00,26.75,26.75,26.57,26.63,23138.29,2022,6,14
2022-06-14 01:40:00+00:00,26.64,26.73,26.59,26.6,10469.27,2022,6,14
2022-06-14 01:41:00+00:00,26.59,26.67,26.5,26.53,23510.07,2022,6,14
2022-06-14 01:42:00+00:00,26.55,26.7,26.5,26.66,7982.53,2022,6,14
2022-06-14 01:43:00+00:00,26.66,26.66,26.53,26.53,7301.13,2022,6,14
2022-06-14 01:44:00+00:00,26.52,26.56,26.46,26.47,11290.41,2022,6,14
2022-06-14 01:45:00+00:00,26.47,26.62,26.45,26.52,11463.08,2022,6,14
2022-06-14 01:46:00+00:00,26.52,26.77,26.51,26.77,11717.57,2022,6,14
2022-06-14 01:47:00+00:00,26.78,26.83,26.69,26.71,7455.02,2022,6,14
2022-06-14 01:48:00+00:00,26.71,26.73,26.6,26.73,6916.59,2022,6,14
2022-06-14 01:49:00+00:00,26.73,26.73,26.62,26.63,6517.41,2022,6,14
2022-06-14 01:50:00+00:00,26.63,26.63,26.49,26.52,4836.16,2022,6,14
2022-06-14 01:51:00+00:00,26.53,26.56,26.45,26.45,9475.83,2022,6,14
2022-06-14 01:52:00+00:00,26.45,26.48,26.41,26.41,9324.41,2022,6,14
2022-06-14 01:53:00+00:00,26.42,26.46,26.37,26.38,6734.95,2022,6,14
2022-06-14 01:54:00+00:00,26.37,26.5,26.34,26.35,10615.17,2022,6,14
2022-06-14 01:55:00+00:00,26.34,26.4,26.27,26.3,14061.14,2022,6,14
2022-06-14 01:56:00+00:00,26.3,26.31,26.21,26.23,10161.99,2022,6,14
2022-06-14 01:57:00+00:00,26.23,26.48,26.23,26.48,15628.05,2022,6,14
2022-06-14 01:58:00+00:00,26.48,26.55,26.23,26.23,13783.25,2022,6,14
2022-06-14 01:59:00+00:00,26.24,26.3,26.19,26.21,11844.78,2022,6,14
2022-06-14 02:00:00+00:00,26.22,26.26,26.16,26.23,7371.34,2022,6,14
2022-06-14 02:01:00+00:00,26.24,26.42,26.22,26.36,7985.64,2022,6,14
2022-06-14 02:02:00+00:00,26.36,26.38,26.25,26.27,8075.17,2022,6,14
2022-06-14 02:03:00+00:00,26.26,26.26,26.1,26.12,13430.97,2022,6,14
2022-06-14 02:04:00+00:00,26.11,26.14,26.0,26.04,23783.12,2022,6,14
2022-06-14 02:05:00+00:00,26.04,26.05,25.89,26.0,28788.6,2022,6,14
2022-06-14 02:06:00+00:00,25.99,26.09,25.86,26.09,18390.71,2022,6,14
2022-06-14 02:07:00+00:00,26.08,26.48,25.99,26.48,26970.59,2022,6,14
2022-06-14 02:08:00+00:00,26.48,26.63,26.42,26.5,30853.67,2022,6,14
2022-06-14 02:09:00+00:00,26.5,26.58,26.47,26.53,6083.74,2022,6,14
2022-06-14 02:10:00+00:00,26.51,26.53,26.32,26.36,10410.75,2022,6,14
2022-06-14 02:11:00+00:00,26.34,26.38,26.23,26.38,15866.24,2022,6,14
2022-06-14 02:12:00+00:00,26.38,26.55,26.34,26.5,8736.73,2022,6,14
2022-06-14 02:13:00+00:00,26.5,26.57,26.37,26.41,9273.83,2022,6,14
2022-06-14 02:14:00+00:00,26.4,26.48,26.4,26.41,4673.16,2022,6,14
2022-06-14 02:15:00+00:00,26.41,26.6,26.4,26.57,6047.51,2022,6,14
2022-06-14 02:16:00+00:00,26.57,26.63,26.53,26.59,5740.53,2022,6,14
2022-06-14 02:17:00+00:00,26.58,26.85,26.58,26.74,20170.5,2022,6,14
2022-06-14 02:18:00+00:00,26.76,26.78,26.63,26.75,9966.04,2022,6,14
2022-06-14 02:19:00+00:00,26.74,26.74,26.62,26.62,5650.67,2022,6,14
2022-06-14 02:20:00+00:00,26.62,26.63,26.54,26.62,4944.54,2022,6,14
2022-06-14 02:21:00+00:00,26.62,26.62,26.53,26.56,3569.51,2022,6,14
2022-06-14 02:22:00+00:00,26.55,26.65,26.53,26.64,5026.82,2022,6,14
2022-06-14 02:23:00+00:00,26.63,26.63,26.47,26.51,7711.48,2022,6,14
2022-06-14 02:24:00+00:00,26.49,26.5,26.33,26.36,6486.7,2022,6,14
2022-06-14 02:25:00+00:00,26.37,26.42,26.26,26.33,22393.41,2022,6,14
2022-06-14 02:26:00+00:00,26.33,26.36,26.22,26.23,12792.51,2022,6,14
2022-06-14 02:27:00+00:00,26.23,26.32,26.08,26.1,15531.34,2022,6,14
2022-06-14 02:28:00+00:00,26.11,26.16,25.99,26.01,9180.02,2022,6,14
2022-06-14 02:29:00+00:00,26.01,26.34,25.99,26.24,13710.24,2022,6,14
2022-06-14 02:30:00+00:00,26.24,26.45,26.22,26.38,10177.7,2022,6,14
2022-06-14 02:31:00+00:00,26.36,26.38,26.25,26.3,6029.58,2022,6,14
2022-06-14 02:32:00+00:00,26.29,26.32,26.17,26.21,4506.11,2022,6,14
2022-06-14 02:33:00+00:00,26.2,26.38,26.18,26.36,8509.6,2022,6,14
2022-06-14 02:34:00+00:00,26.36,26.41,26.32,26.32,5585.8,2022,6,14
2022-06-14 02:35:00+00:00,26.32,26.37,26.09,26.18,10343.31,2022,6,14
2022-06-14 02:36:00+00:00,26.18,26.18,25.99,26.1,7556.9,2022,6,14
2022-06-14 02:37:00+00:00,26.1,26.13,26.0,26.11,14300.39,2022,6,14
2022-06-14 02:38:00+00:00,26.11,26.45,26.1,26.38,7789.47,2022,6,14
2022-06-14 02:39:00+00:00,26.37,26.48,26.35,26.43,6906.83,2022,6,14
2022-06-14 02:40:00+00:00,26.43,26.51,26.27,26.28,8528.66,2022,6,14
2022-06-14 02:41:00+00:00,26.28,26.49,26.19,26.47,7890.19,2022,6,14
2022-06-14 02:42:00+00:00,26.48,26.54,26.41,26.45,5407.2,2022,6,14
2022-06-14 02:43:00+00:00,26.45,26.59,26.45,26.55,4487.53,2022,6,14
2022-06-14 02:44:00+00:00,26.57,26.79,26.57,26.76,11770.64,2022,6,14
2022-06-14 02:45:00+00:00,26.77,26.83,26.7,26.81,12644.53,2022,6,14
2022-06-14 02:46:00+00:00,26.82,26.82,26.72,26.76,4053.7,2022,6,14
2022-06-14 02:47:00+00:00,26.77,26.82,26.62,26.64,5564.88,2022,6,14
2022-06-14 02:48:00+00:00,26.64,26.8,26.58,26.79,12180.89,2022,6,14
2022-06-14 02:49:00+00:00,26.78,26.84,26.69,26.8,6352.64,2022,6,14
2022-06-14 02:50:00+00:00,26.81,27.08,26.74,26.99,14776.15,2022,6,14
2022-06-14 02:51:00+00:00,27.0,27.07,26.93,26.96,8760.76,2022,6,14
2022-06-14 02:52:00+00:00,26.96,26.98,26.86,26.9,8587.56,2022,6,14
2022-06-14 02:53:00+00:00,26.93,27.06,26.93,27.02,11293.29,2022,6,14
2022-06-14 02:54:00+00:00,27.01,27.01,26.83,26.85,6247.01,2022,6,14
2022-06-14 02:55:00+00:00,26.85,26.91,26.81,26.83,3927.21,2022,6,14
2022-06-14 02:56:00+00:00,26.82,26.84,26.74,26.74,4911.21,2022,6,14
2022-06-14 02:57:00+00:00,26.74,26.86,26.73,26.82,4835.48,2022,6,14
2022-06-14 02:58:00+00:00,26.82,26.93,26.78,26.91,3458.03,2022,6,14
2022-06-14 02:59:00+00:00,26.92,27.01,26.89,27.01,4348.9,2022,6,14
2022-06-14 03:00:00+00:00,27.02,27.15,26.93,27.09,9214.26,2022,6,14
2022-06-14 03:01:00+00:00,27.09,27.09,26.91,26.93,4961.19,2022,6,14
2022-06-14 03:02:00+00:00,26.92,26.96,26.73,26.77,15355.31,2022,6,14
2022-06-14 03:03:00+00:00,26.78,26.84,26.66,26.82,7316.73,2022,6,14
2022-06-14 03:04:00+00:00,26.82,26.86,26.75,26.75,4706.4,2022,6,14
2022-06-14 03:05:00+00:00,26.76,26.87,26.76,26.86,3756.54,2022,6,14
2022-06-14 03:06:00+00:00,26.85,26.97,26.85,26.94,3454.69,2022,6,14
2022-06-14 03:07:00+00:00,26.93,26.97,26.88,26.96,4025.8,2022,6,14
2022-06-14 03:08:00+00:00,26.96,27.15,26.95,27.11,6784.87,2022,6,14
2022-06-14 03:09:00+00:00,27.11,27.22,27.06,27.11,5960.67,2022,6,14
2022-06-14 03:10:00+00:00,27.11,27.14,27.04,27.12,4174.62,2022,6,14
2022-06-14 03:11:00+00:00,27.11,27.28,27.1,27.21,6252.39,2022,6,14
2022-06-14 03:12:00+00:00,27.21,27.31,27.11,27.12,3678.12,2022,6,14
2022-06-14 03:13:00+00:00,27.13,27.26,27.11,27.25,3076.53,2022,6,14
2022-06-14 03:14:00+00:00,27.25,27.29,27.23,27.29,3556.13,2022,6,14
2022-06-14 03:15:00+00:00,27.28,27.44,27.25,27.43,11168.89,2022,6,14
2022-06-14 03:16:00+00:00,27.43,27.51,27.32,27.49,13853.08,2022,6,14
2022-06-14 03:17:00+00:00,27.49,27.68,27.45,27.65,13228.98,2022,6,14
2022-06-14 03:18:00+00:00,27.65,27.67,27.55,27.64,7567.89,2022,6,14
2022-06-14 03:19:00+00:00,27.64,27.64,27.54,27.59,7524.67,2022,6,14
2022-06-14 03:20:00+00:00,27.59,27.6,27.48,27.5,3957.34,2022,6,14
2022-06-14 03:21:00+00:00,27.5,27.58,27.44,27.5,3957.33,2022,6,14
2022-06-14 03:22:00+00:00,27.5,27.55,27.46,27.5,5188.68,2022,6,14
2022-06-14 03:23:00+00:00,27.5,27.5,27.4,27.41,4179.54,2022,6,14
2022-06-14 03:24:00+00:00,27.42,27.6,27.4,27.51,9012.5,2022,6,14
2022-06-14 03:25:00+00:00,27.51,27.68,27.51,27.61,9374.76,2022,6,14
2022-06-14 03:26:00+00:00,27.61,27.61,27.49,27.53,9868.64,2022,6,14
2022-06-14 03:27:00+00:00,27.53,27.75,27.53,27.75,7259.03,2022,6,14
2022-06-14 03:28:00+00:00,27.75,28.04,27.74,27.91,20678.84,2022,6,14
2022-06-14 03:29:00+00:00,27.92,28.03,27.89,27.98,7111.18,2022,6,14
2022-06-14 03:30:00+00:00,27.99,28.15,27.79,28.11,12934.23,2022,6,14
2022-06-14 03:31:00+00:00,28.09,28.43,28.08,28.38,26376.42,2022,6,14
2022-06-14 03:32:00+00:00,28.39,28.45,28.24,28.43,23398.43,2022,6,14
2022-06-14 03:33:00+00:00,28.43,28.72,28.33,28.68,30487.65,2022,6,14
2022-06-14 03:34:00+00:00,28.68,28.7,28.58,28.67,21774.82,2022,6,14
2022-06-14 03:35:00+00:00,28.67,28.67,28.34,28.39,25688.14,2022,6,14
2022-06-14 03:36:00+00:00,28.4,28.4,28.23,28.33,9338.42,2022,6,14
2022-06-14 03:37:00+00:00,28.32,28.42,28.24,28.38,16710.15,2022,6,14
2022-06-14 03:38:00+00:00,28.37,28.37,28.16,28.18,12419.41,2022,6,14
2022-06-14 03:39:00+00:00,28.18,28.22,28.07,28.11,5388.86,2022,6,14
2022-06-14 03:40:00+00:00,28.12,28.13,28.04,28.12,8084.24,2022,6,14
2022-06-14 03:41:00+00:00,28.13,28.21,28.07,28.21,2604.72,2022,6,14
2022-06-14 03:42:00+00:00,28.22,28.28,28.15,28.28,3589.52,2022,6,14
2022-06-14 03:43:00+00:00,28.29,28.38,28.2,28.35,5695.77,2022,6,14
2022-06-14 03:44:00+00:00,28.35,28.4,28.24,28.28,7439.68,2022,6,14
2022-06-14 03:45:00+00:00,28.27,28.34,28.11,28.15,10691.49,2022,6,14
2022-06-14 03:46:00+00:00,28.14,28.17,28.01,28.09,6708.93,2022,6,14
2022-06-14 03:47:00+00:00,28.1,28.15,28.06,28.13,3867.47,2022,6,14
2022-06-14 03:48:00+00:00,28.12,28.28,28.12,28.2,4768.56,2022,6,14
2022-06-14 03:49:00+00:00,28.19,28.36,28.14,28.33,6966.67,2022,6,14
2022-06-14 03:50:00+00:00,28.34,28.35,28.22,28.23,3136.41,2022,6,14
2022-06-14 03:51:00+00:00,28.24,28.28,28.18,28.25,5601.47,2022,6,14
2022-06-14 03:52:00+00:00,28.26,28.41,28.25,28.35,4105.4,2022,6,14
2022-06-14 03:53:00+00:00,28.36,28.47,28.29,28.41,12951.67,2022,6,14
2022-06-14 03:54:00+00:00,28.42,28.58,28.42,28.49,6482.08,2022,6,14
2022-06-14 03:55:00+00:00,28.49,28.83,28.47,28.75,15951.36,2022,6,14
2022-06-14 03:56:00+00:00,28.76,28.98,28.64,28.96,38707.0,2022,6,14
2022-06-14 03:57:00+00:00,28.96,29.19,28.85,29.11,33323.06,2022,6,14
2022-06-14 03:58:00+00:00,29.11,29.12,28.85,28.88,13275.8,2022,6,14
2022-06-14 03:59:00+00:00,28.89,28.98,28.88,28.94,4043.89,2022,6,14
2022-06-14 04:00:00+00:00,28.94,29.02,28.88,28.95,9984.73,2022,6,14
2022-06-14 04:01:00+00:00,28.94,29.06,28.88,29.05,9005.0,2022,6,14
2022-06-14 04:02:00+00:00,29.06,29.27,29.06,29.25,18421.54,2022,6,14
2022-06-14 04:03:00+00:00,29.24,29.28,29.16,29.2,11267.09,2022,6,14
2022-06-14 04:04:00+00:00,29.19,29.41,29.15,29.25,16077.06,2022,6,14
2022-06-14 04:05:00+00:00,29.26,29.34,29.08,29.2,18201.49,2022,6,14
2022-06-14 04:06:00+00:00,29.21,29.28,29.16,29.2,6117.38,2022,6,14
2022-06-14 04:07:00+00:00,29.2,29.22,29.15,29.17,26396.78,2022,6,14
2022-06-14 04:08:00+00:00,29.17,29.17,29.06,29.07,31109.9,2022,6,14
2022-06-14 04:09:00+00:00,29.07,29.08,28.91,28.97,8213.95,2022,6,14
2022-06-14 04:10:00+00:00,28.97,28.97,28.84,28.84,4863.6,2022,6,14
2022-06-14 04:11:00+00:00,28.84,28.9,28.82,28.9,5396.1,2022,6,14
2022-06-14 04:12:00+00:00,28.9,28.94,28.85,28.86,2980.96,2022,6,14
2022-06-14 04:13:00+00:00,28.86,28.86,28.71,28.73,13500.2,2022,6,14
2022-06-14 04:14:00+00:00,28.74,28.75,28.68,28.71,5538.52,2022,6,14
2022-06-14 04:15:00+00:00,28.72,28.79,28.55,28.58,12339.94,2022,6,14
2022-06-14 04:16:00+00:00,28.59,28.62,28.45,28.49,14860.95,2022,6,14
2022-06-14 04:17:00+00:00,28.48,28.51,28.36,28.4,9668.81,2022,6,14
2022-06-14 04:18:00+00:00,28.41,28.47,28.37,28.45,7911.25,2022,6,14
2022-06-14 04:19:00+00:00,28.45,28.47,28.33,28.33,7445.49,2022,6,14
2022-06-14 04:20:00+00:00,28.33,28.42,28.31,28.41,8449.41,2022,6,14
2022-06-14 04:21:00+00:00,28.41,28.46,28.29,28.3,10552.5,2022,6,14
2022-06-14 04:22:00+00:00,28.31,28.36,28.27,28.29,4798.69,2022,6,14
2022-06-14 04:23:00+00:00,28.29,28.4,28.29,28.4,2183.29,2022,6,14
2022-06-14 04:24:00+00:00,28.4,28.47,28.37,28.4,5194.97,2022,6,14
2022-06-14 04:25:00+00:00,28.4,28.52,28.4,28.48,4411.2,2022,6,14
2022-06-14 04:26:00+00:00,28.49,28.5,28.38,28.42,3530.18,2022,6,14
2022-06-14 04:27:00+00:00,28.42,28.46,28.29,28.29,3398.61,2022,6,14
2022-06-14 04:28:00+00:00,28.29,28.41,28.29,28.39,3542.61,2022,6,14
2022-06-14 04:29:00+00:00,28.4,28.4,28.3,28.33,3207.07,2022,6,14
2022-06-14 04:30:00+00:00,28.33,28.38,28.26,28.26,13327.98,2022,6,14
2022-06-14 04:31:00+00:00,28.27,28.29,28.19,28.27,6653.48,2022,6,14
2022-06-14 04:32:00+00:00,28.25,28.3,28.23,28.26,3035.95,2022,6,14
2022-06-14 04:33:00+00:00,28.27,28.33,28.27,28.32,2763.68,2022,6,14
2022-06-14 04:34:00+00:00,28.33,28.56,28.33,28.5,8866.0,2022,6,14
2022-06-14 04:35:00+00:00,28.5,28.62,28.5,28.51,4635.97,2022,6,14
2022-06-14 04:36:00+00:00,28.5,28.51,28.34,28.37,3918.75,2022,6,14
2022-06-14 04:37:00+00:00,28.37,28.5,28.37,28.49,2277.73,2022,6,14
2022-06-14 04:38:00+00:00,28.48,28.52,28.41,28.49,4435.38,2022,6,14
2022-06-14 04:39:00+00:00,28.49,28.5,28.45,28.46,1790.56,2022,6,14
2022-06-14 04:40:00+00:00,28.46,28.6,28.42,28.52,7111.41,2022,6,14
2022-06-14 04:41:00+00:00,28.52,28.61,28.45,28.45,3721.03,2022,6,14
2022-06-14 04:42:00+00:00,28.45,28.48,28.4,28.43,2838.23,2022,6,14
2022-06-14 04:43:00+00:00,28.42,28.55,28.41,28.46,8014.92,2022,6,14
2022-06-14 04:44:00+00:00,28.46,28.49,28.4,28.41,4783.3,2022,6,14
2022-06-14 04:45:00+00:00,28.41,28.55,28.41,28.55,3002.29,2022,6,14
2022-06-14 04:46:00+00:00,28.55,28.63,28.54,28.56,3452.69,2022,6,14
2022-06-14 04:47:00+00:00,28.57,28.63,28.55,28.62,5456.36,2022,6,14
2022-06-14 04:48:00+00:00,28.62,28.71,28.58,28.58,3429.5,2022,6,14
2022-06-14 04:49:00+00:00,28.58,28.58,28.4,28.47,10030.35,2022,6,14
2022-06-14 04:50:00+00:00,28.45,28.45,28.31,28.31,4678.32,2022,6,14
2022-06-14 04:51:00+00:00,28.31,28.38,28.25,28.33,4007.6,2022,6,14
2022-06-14 04:52:00+00:00,28.34,28.34,28.17,28.18,13109.27,2022,6,14
2022-06-14 04:53:00+00:00,28.19,28.2,28.07,28.17,10705.93,2022,6,14
2022-06-14 04:54:00+00:00,28.16,28.2,28.12,28.13,6087.11,2022,6,14
2022-06-14 04:55:00+00:00,28.13,28.18,28.08,28.1,5550.07,2022,6,14
2022-06-14 04:56:00+00:00,28.11,28.2,28.08,28.19,3270.53,2022,6,14
2022-06-14 04:57:00+00:00,28.19,28.19,28.11,28.16,2417.51,2022,6,14
2022-06-14 04:58:00+00:00,28.16,28.29,28.16,28.27,9736.47,2022,6,14
2022-06-14 04:59:00+00:00,28.27,28.41,28.27,28.35,6049.84,2022,6,14
2022-06-14 05:00:00+00:00,28.35,28.45,28.32,28.4,5647.31,2022,6,14
2022-06-14 05:01:00+00:00,28.39,28.43,28.3,28.32,8124.44,2022,6,14
2022-06-14 05:02:00+00:00,28.32,28.39,28.31,28.34,4117.73,2022,6,14
2022-06-14 05:03:00+00:00,28.34,28.47,28.34,28.45,1836.08,2022,6,14
2022-06-14 05:04:00+00:00,28.45,28.74,28.42,28.7,12935.8,2022,6,14
2022-06-14 05:05:00+00:00,28.7,28.95,28.63,28.8,9755.25,2022,6,14
2022-06-14 05:06:00+00:00,28.82,28.85,28.76,28.78,4280.75,2022,6,14
2022-06-14 05:07:00+00:00,28.78,28.89,28.77,28.89,3219.64,2022,6,14
2022-06-14 05:08:00+00:00,28.89,28.93,28.8,28.81,6981.61,2022,6,14
2022-06-14 05:09:00+00:00,28.8,28.98,28.76,28.95,4815.39,2022,6,14
2022-06-14 05:10:00+00:00,28.95,29.13,28.88,29.12,16803.59,2022,6,14
2022-06-14 05:11:00+00:00,29.12,29.13,29.01,29.06,13849.38,2022,6,14
2022-06-14 05:12:00+00:00,29.05,29.09,29.03,29.07,4632.94,2022,6,14
2022-06-14 05:13:00+00:00,29.07,29.35,29.05,29.26,13563.77,2022,6,14
2022-06-14 05:14:00+00:00,29.26,29.38,29.24,29.27,18437.5,2022,6,14
2022-06-14 05:15:00+00:00,29.27,29.5,29.23,29.48,17303.78,2022,6,14
2022-06-14 05:16:00+00:00,29.49,29.84,29.45,29.72,28581.74,2022,6,14
2022-06-14 05:17:00+00:00,29.72,29.86,29.65,29.8,29668.97,2022,6,14
2022-06-14 05:18:00+00:00,29.8,30.18,29.73,29.97,44991.43,2022,6,14
2022-06-14 05:19:00+00:00,29.98,30.38,29.97,30.09,42526.1,2022,6,14
2022-06-14 05:20:00+00:00,30.08,30.46,30.02,30.43,47765.98,2022,6,14
2022-06-14 05:21:00+00:00,30.42,30.6,30.29,30.55,47377.0,2022,6,14
2022-06-14 05:22:00+00:00,30.56,30.72,30.36,30.7,28412.7,2022,6,14
2022-06-14 05:23:00+00:00,30.7,30.99,30.35,30.37,60485.65,2022,6,14
2022-06-14 05:24:00+00:00,30.41,30.48,30.12,30.2,32406.18,2022,6,14
2022-06-14 05:25:00+00:00,30.21,30.64,30.18,30.42,33282.39,2022,6,14
2022-06-14 05:26:00+00:00,30.42,30.51,30.22,30.22,13128.86,2022,6,14
2022-06-14 05:27:00+00:00,30.23,30.27,30.13,30.2,13727.02,2022,6,14
2022-06-14 05:28:00+00:00,30.22,30.23,29.98,30.1,34194.67,2022,6,14
2022-06-14 05:29:00+00:00,30.1,30.13,29.99,30.01,8452.25,2022,6,14
2022-06-14 05:30:00+00:00,30.02,30.16,30.01,30.14,25548.04,2022,6,14
2022-06-14 05:31:00+00:00,30.15,30.28,30.1,30.12,9776.85,2022,6,14
2022-06-14 05:32:00+00:00,30.13,30.15,29.94,29.95,10024.99,2022,6,14
2022-06-14 05:33:00+00:00,29.95,29.99,29.83,29.89,15309.9,2022,6,14
2022-06-14 05:34:00+00:00,29.89,29.96,29.82,29.84,9554.37,2022,6,14
2022-06-14 05:35:00+00:00,29.85,29.97,29.7,29.96,12282.87,2022,6,14
2022-06-14 05:36:00+00:00,29.96,30.07,29.88,30.02,12830.44,2022,6,14
2022-06-14 05:37:00+00:00,30.02,30.4,30.01,30.07,22773.36,2022,6,14
2022-06-14 05:38:00+00:00,30.09,30.38,30.05,30.34,7563.33,2022,6,14
2022-06-14 05:39:00+00:00,30.33,30.34,30.22,30.23,7981.91,2022,6,14
2022-06-14 05:40:00+00:00,30.24,30.36,30.23,30.32,5537.87,2022,6,14
2022-06-14 05:41:00+00:00,30.32,30.54,30.3,30.32,5789.67,2022,6,14
2022-06-14 05:42:00+00:00,30.32,30.5,30.32,30.47,8910.08,2022,6,14
2022-06-14 05:43:00+00:00,30.48,30.48,30.31,30.34,7461.38,2022,6,14
2022-06-14 05:44:00+00:00,30.35,30.36,30.23,30.24,4958.64,2022,6,14
2022-06-14 05:45:00+00:00,30.24,30.39,30.21,30.21,5559.64,2022,6,14
2022-06-14 05:46:00+00:00,30.22,30.24,30.1,30.14,8954.44,2022,6,14
2022-06-14 05:47:00+00:00,30.14,30.41,30.12,30.38,9639.05,2022,6,14
2022-06-14 05:48:00+00:00,30.37,30.73,30.37,30.68,27434.4,2022,6,14
2022-06-14 05:49:00+00:00,30.68,30.75,30.56,30.61,11123.38,2022,6,14
2022-06-14 05:50:00+00:00,30.6,30.88,30.47,30.88,13284.73,2022,6,14
2022-06-14 05:51:00+00:00,30.87,30.89,30.65,30.67,7256.32,2022,6,14
2022-06-14 05:52:00+00:00,30.68,30.71,30.53,30.59,4675.73,2022,6,14
2022-06-14 05:53:00+00:00,30.58,30.68,30.53,30.61,8664.01,2022,6,14
2022-06-14 05:54:00+00:00,30.61,30.62,30.41,30.51,10069.43,2022,6,14
2022-06-14 05:55:00+00:00,30.51,30.58,30.37,30.43,8226.24,2022,6,14
2022-06-14 05:56:00+00:00,30.43,30.43,30.31,30.42,5726.54,2022,6,14
2022-06-14 05:57:00+00:00,30.41,30.46,30.35,30.44,10530.61,2022,6,14
2022-06-14 05:58:00+00:00,30.41,30.44,30.28,30.33,6119.87,2022,6,14
2022-06-14 05:59:00+00:00,30.33,30.42,30.3,30.38,4818.74,2022,6,14
2022-06-14 06:00:00+00:00,30.37,30.46,30.31,30.33,7610.04,2022,6,14
2022-06-14 06:01:00+00:00,30.33,30.41,30.19,30.37,11220.11,2022,6,14
2022-06-14 06:02:00+00:00,30.38,30.64,30.38,30.62,11773.22,2022,6,14
2022-06-14 06:03:00+00:00,30.63,30.79,30.59,30.75,12694.07,2022,6,14
2022-06-14 06:04:00+00:00,30.75,30.79,30.62,30.65,9481.12,2022,6,14
2022-06-14 06:05:00+00:00,30.64,30.74,30.6,30.69,5709.56,2022,6,14
2022-06-14 06:06:00+00:00,30.69,30.79,30.65,30.76,8058.19,2022,6,14
2022-06-14 06:07:00+00:00,30.74,30.74,30.55,30.55,6345.53,2022,6,14
2022-06-14 06:08:00+00:00,30.55,30.64,30.5,30.54,7333.88,2022,6,14
2022-06-14 06:09:00+00:00,30.54,30.54,30.36,30.37,7128.03,2022,6,14
2022-06-14 06:10:00+00:00,30.38,30.48,30.36,30.38,6439.02,2022,6,14
2022-06-14 06:11:00+00:00,30.36,30.42,30.2,30.24,11059.05,2022,6,14
2022-06-14 06:12:00+00:00,30.25,30.3,30.11,30.24,14087.14,2022,6,14
2022-06-14 06:13:00+00:00,30.25,30.25,30.08,30.18,10026.31,2022,6,14
2022-06-14 06:14:00+00:00,30.17,30.25,30.13,30.24,7450.86,2022,6,14
2022-06-14 06:15:00+00:00,30.25,30.26,30.13,30.18,7328.5,2022,6,14
2022-06-14 06:16:00+00:00,30.18,30.2,30.0,30.07,18695.41,2022,6,14
2022-06-14 06:17:00+00:00,30.07,30.1,29.95,29.97,12204.73,2022,6,14
2022-06-14 06:18:00+00:00,29.97,30.15,29.95,30.13,7789.14,2022,6,14
2022-06-14 06:19:00+00:00,30.13,30.28,30.12,30.27,3177.04,2022,6,14
2022-06-14 06:20:00+00:00,30.27,30.47,30.22,30.46,7018.6,2022,6,14
2022-06-14 06:21:00+00:00,30.46,30.77,30.45,30.65,16936.07,2022,6,14
2022-06-14 06:22:00+00:00,30.65,30.78,30.64,30.65,6972.78,2022,6,14
2022-06-14 06:23:00+00:00,30.66,30.7,30.58,30.62,8466.08,2022,6,14
2022-06-14 06:24:00+00:00,30.61,30.68,30.56,30.58,6086.09,2022,6,14
2022-06-14 06:25:00+00:00,30.58,30.72,30.58,30.66,5593.52,2022,6,14
2022-06-14 06:26:00+00:00,30.65,30.92,30.63,30.83,28326.41,2022,6,14
2022-06-14 06:27:00+00:00,30.82,30.85,30.68,30.69,8491.83,2022,6,14
2022-06-14 06:28:00+00:00,30.69,30.74,30.64,30.68,4973.69,2022,6,14
2022-06-14 06:29:00+00:00,30.68,30.81,30.58,30.76,8973.06,2022,6,14
2022-06-14 06:30:00+00:00,30.77,30.81,30.66,30.68,10235.33,2022,6,14
2022-06-14 06:31:00+00:00,30.68,30.78,30.6,30.73,8144.35,2022,6,14
2022-06-14 06:32:00+00:00,30.73,31.9,30.73,31.87,82422.06,2022,6,14
2022-06-14 06:33:00+00:00,31.85,32.19,31.45,32.07,84205.61,2022,6,14
2022-06-14 06:34:00+00:00,32.07,32.32,31.87,31.99,72414.99,2022,6,14
2022-06-14 06:35:00+00:00,31.99,32.08,31.59,31.68,33843.9,2022,6,14
2022-06-14 06:36:00+00:00,31.67,31.69,31.27,31.39,24219.67,2022,6,14
2022-06-14 06:37:00+00:00,31.4,31.56,31.25,31.27,13545.6,2022,6,14
2022-06-14 06:38:00+00:00,31.28,31.29,31.18,31.2,12501.74,2022,6,14
2022-06-14 06:39:00+00:00,31.19,31.19,30.83,30.87,17619.42,2022,6,14
2022-06-14 06:40:00+00:00,30.87,31.03,30.87,31.01,11992.53,2022,6,14
2022-06-14 06:41:00+00:00,31.0,31.01,30.83,30.88,16903.19,2022,6,14
2022-06-14 06:42:00+00:00,30.89,30.9,30.82,30.85,16286.35,2022,6,14
2022-06-14 06:43:00+00:00,30.85,30.87,30.66,30.68,18925.28,2022,6,14
2022-06-14 06:44:00+00:00,30.68,30.76,30.57,30.6,22190.81,2022,6,14
2022-06-14 06:45:00+00:00,30.59,30.62,30.41,30.55,18384.14,2022,6,14
2022-06-14 06:46:00+00:00,30.56,30.59,30.49,30.5,7897.19,2022,6,14
2022-06-14 06:47:00+00:00,30.49,30.63,30.49,30.61,4877.55,2022,6,14
2022-06-14 06:48:00+00:00,30.61,30.62,30.5,30.59,6908.37,2022,6,14
2022-06-14 06:49:00+00:00,30.6,30.76,30.57,30.7,12274.62,2022,6,14
2022-06-14 06:50:00+00:00,30.7,30.76,30.63,30.73,12286.94,2022,6,14
2022-06-14 06:51:00+00:00,30.72,30.74,30.59,30.61,6999.78,2022,6,14
2022-06-14 06:52:00+00:00,30.6,30.61,30.51,30.55,7063.75,2022,6,14
2022-06-14 06:53:00+00:00,30.56,30.73,30.52,30.72,10127.37,2022,6,14
2022-06-14 06:54:00+00:00,30.73,30.77,30.64,30.68,4890.87,2022,6,14
2022-06-14 06:55:00+00:00,30.68,30.68,30.55,30.59,5451.86,2022,6,14
2022-06-14 06:56:00+00:00,30.58,30.85,30.57,30.82,9965.88,2022,6,14
2022-06-14 06:57:00+00:00,30.81,30.94,30.76,30.88,12442.41,2022,6,14
2022-06-14 06:58:00+00:00,30.86,30.88,30.67,30.67,4654.71,2022,6,14
2022-06-14 06:59:00+00:00,30.65,30.7,30.58,30.7,4672.31,2022,6,14
2022-06-14 07:00:00+00:00,30.71,30.72,30.61,30.65,6589.89,2022,6,14
2022-06-14 07:01:00+00:00,30.64,30.73,30.6,30.73,3761.74,2022,6,14
2022-06-14 07:02:00+00:00,30.74,31.02,30.68,30.69,12664.89,2022,6,14
2022-06-14 07:03:00+00:00,30.68,30.71,30.58,30.59,6556.34,2022,6,14
2022-06-14 07:04:00+00:00,30.58,30.64,30.48,30.55,10915.09,2022,6,14
2022-06-14 07:05:00+00:00,30.55,30.65,30.54,30.63,8168.42,2022,6,14
2022-06-14 07:06:00+00:00,30.64,30.75,30.59,30.69,4988.85,2022,6,14
2022-06-14 07:07:00+00:00,30.68,30.72,30.53,30.53,5816.69,2022,6,14
2022-06-14 07:08:00+00:00,30.53,30.55,30.33,30.33,11130.37,2022,6,14
2022-06-14 07:09:00+00:00,30.34,30.52,30.32,30.42,11427.93,2022,6,14
2022-06-14 07:10:00+00:00,30.42,30.46,30.34,30.35,7539.73,2022,6,14
2022-06-14 07:11:00+00:00,30.35,30.42,30.23,30.28,13142.59,2022,6,14
2022-06-14 07:12:00+00:00,30.28,30.36,30.21,30.33,8292.83,2022,6,14
2022-06-14 07:13:00+00:00,30.33,30.35,30.23,30.24,3548.1,2022,6,14
2022-06-14 07:14:00+00:00,30.23,30.36,30.21,30.31,9923.9,2022,6,14
2022-06-14 07:15:00+00:00,30.31,30.4,30.22,30.26,10514.91,2022,6,14
2022-06-14 07:16:00+00:00,30.26,30.42,30.22,30.38,4568.99,2022,6,14
2022-06-14 07:17:00+00:00,30.38,30.53,30.37,30.49,7830.5,2022,6,14
2022-06-14 07:18:00+00:00,30.49,30.55,30.44,30.54,6990.6,2022,6,14
2022-06-14 07:19:00+00:00,30.53,30.55,30.45,30.46,3914.05,2022,6,14
2022-06-14 07:20:00+00:00,30.46,30.46,30.34,30.41,6623.35,2022,6,14
2022-06-14 07:21:00+00:00,30.42,30.42,30.15,30.24,8879.83,2022,6,14
2022-06-14 07:22:00+00:00,30.25,30.41,30.23,30.4,5167.28,2022,6,14
2022-06-14 07:23:00+00:00,30.41,30.42,30.3,30.41,8321.13,2022,6,14
2022-06-14 07:24:00+00:00,30.41,30.43,30.31,30.36,3379.1,2022,6,14
2022-06-14 07:25:00+00:00,30.35,30.43,30.24,30.25,5072.43,2022,6,14
2022-06-14 07:26:00+00:00,30.24,30.38,30.18,30.34,6536.42,2022,6,14
2022-06-14 07:27:00+00:00,30.34,30.38,30.32,30.32,3008.66,2022,6,14
2022-06-14 07:28:00+00:00,30.33,30.38,30.3,30.35,4032.38,2022,6,14
2022-06-14 07:29:00+00:00,30.35,30.41,30.32,30.4,5719.44,2022,6,14
2022-06-14 07:30:00+00:00,30.4,30.4,30.17,30.17,6910.09,2022,6,14
2022-06-14 07:31:00+00:00,30.17,30.48,30.12,30.45,8013.74,2022,6,14
2022-06-14 07:32:00+00:00,30.46,30.68,30.45,30.53,9701.47,2022,6,14
2022-06-14 07:33:00+00:00,30.52,30.59,30.47,30.58,3730.96,2022,6,14
2022-06-14 07:34:00+00:00,30.57,30.67,30.56,30.6,6826.96,2022,6,14
2022-06-14 07:35:00+00:00,30.6,30.68,30.51,30.67,14685.01,2022,6,14
2022-06-14 07:36:00+00:00,30.67,30.77,30.63,30.67,7489.25,2022,6,14
2022-06-14 07:37:00+00:00,30.66,30.69,30.57,30.69,14906.33,2022,6,14
2022-06-14 07:38:00+00:00,30.7,30.83,30.7,30.82,7358.96,2022,6,14
2022-06-14 07:39:00+00:00,30.81,30.95,30.77,30.85,10221.98,2022,6,14
2022-06-14 07:40:00+00:00,30.83,30.88,30.78,30.85,10280.64,2022,6,14
2022-06-14 07:41:00+00:00,30.84,30.91,30.8,30.85,7975.81,2022,6,14
2022-06-14 07:42:00+00:00,30.86,31.16,30.78,31.12,26465.05,2022,6,14
2022-06-14 07:43:00+00:00,31.12,31.12,30.95,31.01,9374.86,2022,6,14
2022-06-14 07:44:00+00:00,31.0,31.05,30.91,30.96,8405.09,2022,6,14
2022-06-14 07:45:00+00:00,30.96,31.17,30.86,31.16,11191.67,2022,6,14
2022-06-14 07:46:00+00:00,31.15,31.39,31.01,31.32,19627.7,2022,6,14
2022-06-14 07:47:00+00:00,31.32,31.35,31.04,31.09,12669.21,2022,6,14
2022-06-14 07:48:00+00:00,31.09,31.15,30.97,31.02,8971.33,2022,6,14
2022-06-14 07:49:00+00:00,31.01,31.16,31.0,31.11,15384.79,2022,6,14
2022-06-14 07:50:00+00:00,31.11,31.2,31.1,31.13,5941.35,2022,6,14
2022-06-14 07:51:00+00:00,31.13,31.35,31.13,31.27,5008.48,2022,6,14
2022-06-14 07:52:00+00:00,31.27,31.34,31.2,31.27,8175.67,2022,6,14
2022-06-14 07:53:00+00:00,31.26,31.41,31.17,31.17,11293.43,2022,6,14
2022-06-14 07:54:00+00:00,31.16,31.26,31.14,31.2,9536.38,2022,6,14
2022-06-14 07:55:00+00:00,31.19,31.22,31.03,31.04,3564.89,2022,6,14
2022-06-14 07:56:00+00:00,31.04,31.08,30.98,31.04,9345.47,2022,6,14
2022-06-14 07:57:00+00:00,31.05,31.16,31.05,31.13,3456.54,2022,6,14
2022-06-14 07:58:00+00:00,31.13,31.23,31.09,31.11,4919.18,2022,6,14
2022-06-14 07:59:00+00:00,31.11,31.18,31.0,31.02,4531.17,2022,6,14
2022-06-14 08:00:00+00:00,31.02,31.12,31.0,31.0,6290.02,2022,6,14
2022-06-14 08:01:00+00:00,31.0,31.06,30.91,30.99,7375.52,2022,6,14
2022-06-14 08:02:00+00:00,31.0,31.01,30.73,30.74,14903.22,2022,6,14
2022-06-14 08:03:00+00:00,30.73,30.78,30.63,30.66,13028.42,2022,6,14
2022-06-14 08:04:00+00:00,30.66,30.79,30.64,30.77,4130.56,2022,6,14
2022-06-14 08:05:00+00:00,30.76,30.76,30.56,30.58,3217.6,2022,6,14
2022-06-14 08:06:00+00:00,30.59,30.61,30.5,30.5,7281.32,2022,6,14
2022-06-14 08:07:00+00:00,30.51,30.6,30.5,30.52,2508.01,2022,6,14
2022-06-14 08:08:00+00:00,30.52,30.58,30.52,30.58,3313.1,2022,6,14
2022-06-14 08:09:00+00:00,30.59,30.61,30.54,30.55,5707.96,2022,6,14
2022-06-14 08:10:00+00:00,30.54,30.69,30.49,30.66,11614.67,2022,6,14
2022-06-14 08:11:00+00:00,30.66,30.69,30.59,30.6,2412.7,2022,6,14
2022-06-14 08:12:00+00:00,30.6,30.6,30.52,30.55,2817.02,2022,6,14
2022-06-14 08:13:00+00:00,30.56,30.61,30.46,30.48,9067.53,2022,6,14
2022-06-14 08:14:00+00:00,30.49,30.55,30.42,30.52,8921.72,2022,6,14
2022-06-14 08:15:00+00:00,30.52,30.56,30.42,30.52,10354.16,2022,6,14
2022-06-14 08:16:00+00:00,30.51,30.56,30.47,30.55,1446.64,2022,6,14
2022-06-14 08:17:00+00:00,30.56,30.59,30.51,30.54,3349.79,2022,6,14
2022-06-14 08:18:00+00:00,30.55,30.57,30.49,30.52,2409.45,2022,6,14
2022-06-14 08:19:00+00:00,30.52,30.6,30.51,30.58,4068.98,2022,6,14
2022-06-14 08:20:00+00:00,30.55,30.62,30.55,30.56,1548.28,2022,6,14
2022-06-14 08:21:00+00:00,30.55,30.61,30.53,30.54,2859.6,2022,6,14
2022-06-14 08:22:00+00:00,30.53,30.64,30.52,30.61,5093.74,2022,6,14
2022-06-14 08:23:00+00:00,30.62,30.62,30.49,30.5,6493.31,2022,6,14
2022-06-14 08:24:00+00:00,30.5,30.6,30.5,30.6,1858.28,2022,6,14
2022-06-14 08:25:00+00:00,30.61,30.76,30.61,30.69,5433.39,2022,6,14
2022-06-14 08:26:00+00:00,30.68,30.68,30.49,30.56,4611.04,2022,6,14
2022-06-14 08:27:00+00:00,30.55,30.56,30.31,30.32,6998.2,2022,6,14
2022-06-14 08:28:00+00:00,30.32,30.37,30.26,30.37,4566.42,2022,6,14
2022-06-14 08:29:00+00:00,30.37,30.49,30.35,30.46,2078.14,2022,6,14
2022-06-14 08:30:00+00:00,30.45,30.49,30.4,30.42,3722.91,2022,6,14
2022-06-14 08:31:00+00:00,30.42,30.42,30.25,30.27,3780.01,2022,6,14
2022-06-14 08:32:00+00:00,30.27,30.38,30.26,30.36,6377.51,2022,6,14
2022-06-14 08:33:00+00:00,30.36,30.46,30.35,30.44,2897.52,2022,6,14
2022-06-14 08:34:00+00:00,30.44,30.57,30.42,30.56,5232.96,2022,6,14
2022-06-14 08:35:00+00:00,30.57,30.67,30.46,30.67,11375.49,2022,6,14
2022-06-14 08:36:00+00:00,30.67,30.74,30.55,30.59,11316.37,2022,6,14
2022-06-14 08:37:00+00:00,30.58,30.59,30.51,30.53,2223.98,2022,6,14
2022-06-14 08:38:00+00:00,30.53,30.54,30.44,30.48,2631.84,2022,6,14
2022-06-14 08:39:00+00:00,30.49,30.57,30.48,30.55,1361.32,2022,6,14
2022-06-14 08:40:00+00:00,30.55,30.57,30.36,30.38,3410.22,2022,6,14
2022-06-14 08:41:00+00:00,30.38,30.4,30.3,30.34,3281.32,2022,6,14
2022-06-14 08:42:00+00:00,30.34,30.46,30.34,30.45,12649.64,2022,6,14
2022-06-14 08:43:00+00:00,30.45,30.52,30.44,30.51,1825.78,2022,6,14
2022-06-14 08:44:00+00:00,30.52,30.52,30.38,30.38,2365.66,2022,6,14
2022-06-14 08:45:00+00:00,30.39,30.42,30.32,30.39,3709.58,2022,6,14
2022-06-14 08:46:00+00:00,30.39,30.48,30.38,30.47,1980.11,2022,6,14
2022-06-14 08:47:00+00:00,30.47,30.49,30.44,30.48,1376.01,2022,6,14
2022-06-14 08:48:00+00:00,30.48,30.51,30.35,30.35,3207.12,2022,6,14
2022-06-14 08:49:00+00:00,30.36,30.38,30.3,30.35,4581.79,2022,6,14
2022-06-14 08:50:00+00:00,30.36,30.45,30.35,30.39,1610.72,2022,6,14
2022-06-14 08:51:00+00:00,30.38,30.46,30.38,30.45,3368.88,2022,6,14
2022-06-14 08:52:00+00:00,30.44,30.48,30.29,30.29,3150.98,2022,6,14
2022-06-14 08:53:00+00:00,30.3,30.3,30.13,30.16,10302.25,2022,6,14
2022-06-14 08:54:00+00:00,30.15,30.22,30.12,30.15,12171.18,2022,6,14
2022-06-14 08:55:00+00:00,30.14,30.3,30.14,30.28,4995.83,2022,6,14
2022-06-14 08:56:00+00:00,30.27,30.32,30.22,30.23,1921.66,2022,6,14
2022-06-14 08:57:00+00:00,30.23,30.3,30.2,30.2,4290.09,2022,6,14
2022-06-14 08:58:00+00:00,30.2,30.29,30.2,30.29,4490.85,2022,6,14
2022-06-14 08:59:00+00:00,30.28,30.35,30.22,30.27,5954.61,2022,6,14
2022-06-14 09:00:00+00:00,30.27,30.34,30.25,30.33,3540.61,2022,6,14
2022-06-14 09:01:00+00:00,30.32,30.37,30.26,30.26,3675.38,2022,6,14
2022-06-14 09:02:00+00:00,30.25,30.31,30.13,30.25,11473.39,2022,6,14
2022-06-14 09:03:00+00:00,30.25,30.33,30.12,30.13,3903.34,2022,6,14
2022-06-14 09:04:00+00:00,30.14,30.17,30.04,30.05,4090.97,2022,6,14
2022-06-14 09:05:00+00:00,30.05,30.14,29.87,30.06,61482.19,2022,6,14
2022-06-14 09:06:00+00:00,30.06,30.07,29.9,29.97,7557.74,2022,6,14
2022-06-14 09:07:00+00:00,29.98,30.08,29.97,30.08,7063.62,2022,6,14
2022-06-14 09:08:00+00:00,30.08,30.12,30.05,30.1,3339.32,2022,6,14
2022-06-14 09:09:00+00:00,30.11,30.17,30.02,30.17,2758.43,2022,6,14
2022-06-14 09:10:00+00:00,30.16,30.22,30.13,30.15,5251.56,2022,6,14
2022-06-14 09:11:00+00:00,30.16,30.16,30.04,30.11,3468.3,2022,6,14
2022-06-14 09:12:00+00:00,30.1,30.24,30.1,30.16,3987.44,2022,6,14
2022-06-14 09:13:00+00:00,30.15,30.24,30.13,30.16,3499.32,2022,6,14
2022-06-14 09:14:00+00:00,30.16,30.16,30.11,30.14,4250.35,2022,6,14
2022-06-14 09:15:00+00:00,30.13,30.23,30.11,30.22,2996.61,2022,6,14
2022-06-14 09:16:00+00:00,30.23,30.29,30.13,30.16,4871.88,2022,6,14
2022-06-14 09:17:00+00:00,30.16,30.16,29.95,29.98,16524.84,2022,6,14
2022-06-14 09:18:00+00:00,29.98,29.99,29.9,29.91,5705.96,2022,6,14
2022-06-14 09:19:00+00:00,29.92,30.05,29.9,30.05,8725.74,2022,6,14
2022-06-14 09:20:00+00:00,30.05,30.06,29.97,30.05,10055.68,2022,6,14
2022-06-14 09:21:00+00:00,30.06,30.17,30.02,30.17,3522.92,2022,6,14
2022-06-14 09:22:00+00:00,30.16,30.21,30.13,30.2,3295.88,2022,6,14
2022-06-14 09:23:00+00:00,30.2,30.26,30.15,30.26,3983.27,2022,6,14
2022-06-14 09:24:00+00:00,30.26,30.42,30.25,30.25,9735.47,2022,6,14
2022-06-14 09:25:00+00:00,30.25,30.27,30.18,30.24,1683.0,2022,6,14
2022-06-14 09:26:00+00:00,30.24,30.25,30.16,30.19,4426.21,2022,6,14
2022-06-14 09:27:00+00:00,30.19,30.19,30.04,30.08,4879.32,2022,6,14
2022-06-14 09:28:00+00:00,30.07,30.1,29.97,29.99,8847.36,2022,6,14
2022-06-14 09:29:00+00:00,29.99,30.0,29.88,29.9,13909.95,2022,6,14
2022-06-14 09:30:00+00:00,29.89,29.95,29.74,29.78,10883.09,2022,6,14
2022-06-14 09:31:00+00:00,29.79,29.93,29.79,29.87,10823.51,2022,6,14
2022-06-14 09:32:00+00:00,29.88,30.02,29.87,30.0,7207.83,2022,6,14
2022-06-14 09:33:00+00:00,30.0,30.11,29.95,29.98,3937.94,2022,6,14
2022-06-14 09:34:00+00:00,29.98,30.03,29.93,29.94,9436.36,2022,6,14
2022-06-14 09:35:00+00:00,29.93,30.05,29.91,30.05,3817.43,2022,6,14
2022-06-14 09:36:00+00:00,30.05,30.06,29.97,30.0,2068.73,2022,6,14
2022-06-14 09:37:00+00:00,30.01,30.03,29.93,29.94,1878.24,2022,6,14
2022-06-14 09:38:00+00:00,29.94,29.95,29.79,29.8,10449.01,2022,6,14
2022-06-14 09:39:00+00:00,29.79,29.92,29.78,29.88,2249.12,2022,6,14
2022-06-14 09:40:00+00:00,29.89,29.99,29.89,29.95,12673.38,2022,6,14
2022-06-14 09:41:00+00:00,29.95,29.99,29.93,29.95,789.78,2022,6,14
2022-06-14 09:42:00+00:00,29.96,29.97,29.84,29.93,3547.28,2022,6,14
2022-06-14 09:43:00+00:00,29.93,29.97,29.85,29.87,9080.95,2022,6,14
2022-06-14 09:44:00+00:00,29.88,29.88,29.69,29.77,10165.3,2022,6,14
2022-06-14 09:45:00+00:00,29.77,29.85,29.73,29.73,2155.52,2022,6,14
2022-06-14 09:46:00+00:00,29.73,29.74,29.62,29.68,14592.3,2022,6,14
2022-06-14 09:47:00+00:00,29.68,29.83,29.63,29.81,17129.75,2022,6,14
2022-06-14 09:48:00+00:00,29.8,29.83,29.75,29.81,2713.78,2022,6,14
2022-06-14 09:49:00+00:00,29.81,30.03,29.8,29.92,6637.91,2022,6,14
2022-06-14 09:50:00+00:00,29.92,29.97,29.89,29.92,4850.93,2022,6,14
2022-06-14 09:51:00+00:00,29.93,29.95,29.87,29.87,3361.82,2022,6,14
2022-06-14 09:52:00+00:00,29.88,29.92,29.86,29.87,7416.03,2022,6,14
2022-06-14 09:53:00+00:00,29.87,29.88,29.75,29.77,3860.72,2022,6,14
2022-06-14 09:54:00+00:00,29.76,29.81,29.7,29.75,9531.97,2022,6,14
2022-06-14 09:55:00+00:00,29.76,29.78,29.63,29.7,9411.17,2022,6,14
2022-06-14 09:56:00+00:00,29.7,29.74,29.58,29.62,8789.2,2022,6,14
2022-06-14 09:57:00+00:00,29.62,29.68,29.56,29.62,6947.59,2022,6,14
2022-06-14 09:58:00+00:00,29.63,29.65,29.59,29.61,3098.41,2022,6,14
2022-06-14 09:59:00+00:00,29.61,29.64,29.46,29.5,8998.77,2022,6,14
2022-06-14 10:00:00+00:00,29.51,29.6,29.47,29.54,13688.84,2022,6,14
2022-06-14 10:01:00+00:00,29.54,29.62,29.48,29.52,7838.74,2022,6,14
2022-06-14 10:02:00+00:00,29.52,29.58,29.51,29.56,2966.48,2022,6,14
2022-06-14 10:03:00+00:00,29.56,29.57,29.35,29.37,20341.06,2022,6,14
2022-06-14 10:04:00+00:00,29.36,29.47,29.29,29.35,6807.26,2022,6,14
2022-06-14 10:05:00+00:00,29.35,29.41,29.34,29.36,7175.44,2022,6,14
2022-06-14 10:06:00+00:00,29.36,29.46,29.35,29.43,10452.8,2022,6,14
2022-06-14 10:07:00+00:00,29.43,29.48,29.4,29.41,3070.3,2022,6,14
2022-06-14 10:08:00+00:00,29.4,29.46,29.4,29.4,4171.21,2022,6,14
2022-06-14 10:09:00+00:00,29.4,29.54,29.4,29.53,10569.64,2022,6,14
2022-06-14 10:10:00+00:00,29.54,29.55,29.49,29.51,8661.63,2022,6,14
2022-06-14 10:11:00+00:00,29.51,29.6,29.5,29.56,3947.95,2022,6,14
2022-06-14 10:12:00+00:00,29.56,29.56,29.47,29.55,4618.38,2022,6,14
2022-06-14 10:13:00+00:00,29.55,29.58,29.49,29.51,5501.63,2022,6,14
2022-06-14 10:14:00+00:00,29.49,29.51,29.41,29.41,2726.22,2022,6,14
2022-06-14 10:15:00+00:00,29.41,29.47,29.3,29.3,7598.56,2022,6,14
2022-06-14 10:16:00+00:00,29.29,29.33,29.15,29.19,13836.98,2022,6,14
2022-06-14 10:17:00+00:00,29.19,29.27,29.12,29.13,5232.33,2022,6,14
2022-06-14 10:18:00+00:00,29.14,29.31,29.14,29.3,7150.41,2022,6,14
2022-06-14 10:19:00+00:00,29.3,29.37,29.23,29.28,2891.28,2022,6,14
2022-06-14 10:20:00+00:00,29.27,29.43,29.27,29.4,2348.5,2022,6,14
2022-06-14 10:21:00+00:00,29.4,29.6,29.35,29.49,9648.57,2022,6,14
2022-06-14 10:22:00+00:00,29.49,29.5,29.42,29.45,4701.73,2022,6,14
2022-06-14 10:23:00+00:00,29.45,29.51,29.41,29.5,2243.23,2022,6,14
2022-06-14 10:24:00+00:00,29.51,29.54,29.48,29.52,2162.98,2022,6,14
2022-06-14 10:25:00+00:00,29.53,29.56,29.43,29.46,5465.17,2022,6,14
2022-06-14 10:26:00+00:00,29.47,29.49,29.44,29.46,4333.99,2022,6,14
2022-06-14 10:27:00+00:00,29.46,29.5,29.44,29.48,2666.42,2022,6,14
2022-06-14 10:28:00+00:00,29.48,29.54,29.45,29.48,1624.78,2022,6,14
2022-06-14 10:29:00+00:00,29.47,29.58,29.47,29.57,1547.1,2022,6,14
2022-06-14 10:30:00+00:00,29.56,29.7,29.55,29.61,11271.8,2022,6,14
2022-06-14 10:31:00+00:00,29.6,29.72,29.58,29.71,9925.71,2022,6,14
2022-06-14 10:32:00+00:00,29.71,29.76,29.66,29.71,6370.59,2022,6,14
2022-06-14 10:33:00+00:00,29.71,29.73,29.65,29.73,6593.06,2022,6,14
2022-06-14 10:34:00+00:00,29.74,29.82,29.72,29.82,13727.62,2022,6,14
2022-06-14 10:35:00+00:00,29.83,29.84,29.69,29.7,4826.63,2022,6,14
2022-06-14 10:36:00+00:00,29.7,29.71,29.63,29.64,2783.25,2022,6,14
2022-06-14 10:37:00+00:00,29.65,29.69,29.59,29.59,3779.29,2022,6,14
2022-06-14 10:38:00+00:00,29.59,29.62,29.55,29.6,5934.35,2022,6,14
2022-06-14 10:39:00+00:00,29.6,29.66,29.59,29.62,5352.82,2022,6,14
2022-06-14 10:40:00+00:00,29.62,29.62,29.54,29.54,2183.59,2022,6,14
2022-06-14 10:41:00+00:00,29.55,29.55,29.41,29.43,5030.4,2022,6,14
2022-06-14 10:42:00+00:00,29.44,29.5,29.37,29.38,5811.93,2022,6,14
2022-06-14 10:43:00+00:00,29.39,29.45,29.34,29.43,7077.48,2022,6,14
2022-06-14 10:44:00+00:00,29.44,29.5,29.43,29.49,1331.54,2022,6,14
2022-06-14 10:45:00+00:00,29.49,29.55,29.47,29.53,3172.72,2022,6,14
2022-06-14 10:46:00+00:00,29.53,29.58,29.5,29.5,8282.69,2022,6,14
2022-06-14 10:47:00+00:00,29.51,29.52,29.43,29.5,5710.94,2022,6,14
2022-06-14 10:48:00+00:00,29.51,29.53,29.41,29.43,7329.95,2022,6,14
2022-06-14 10:49:00+00:00,29.43,29.43,29.28,29.3,2196.11,2022,6,14
2022-06-14 10:50:00+00:00,29.3,29.32,29.23,29.26,9714.22,2022,6,14
2022-06-14 10:51:00+00:00,29.25,29.29,29.2,29.26,4802.16,2022,6,14
2022-06-14 10:52:00+00:00,29.26,29.32,29.24,29.32,4488.8,2022,6,14
2022-06-14 10:53:00+00:00,29.32,29.32,29.25,29.29,1571.11,2022,6,14
2022-06-14 10:54:00+00:00,29.32,29.33,29.25,29.25,726.56,2022,6,14
2022-06-14 10:55:00+00:00,29.26,29.35,29.2,29.32,30985.74,2022,6,14
2022-06-14 10:56:00+00:00,29.31,29.33,29.23,29.29,13760.39,2022,6,14
2022-06-14 10:57:00+00:00,29.28,29.35,29.28,29.34,1397.85,2022,6,14
2022-06-14 10:58:00+00:00,29.35,29.42,29.32,29.4,14494.84,2022,6,14
2022-06-14 10:59:00+00:00,29.4,29.42,29.34,29.36,7111.66,2022,6,14
2022-06-14 11:00:00+00:00,29.36,29.37,29.27,29.27,6796.14,2022,6,14
2022-06-14 11:01:00+00:00,29.28,29.4,29.25,29.39,5440.44,2022,6,14
2022-06-14 11:02:00+00:00,29.4,29.42,29.34,29.42,4826.84,2022,6,14
2022-06-14 11:03:00+00:00,29.41,29.48,29.38,29.46,10896.23,2022,6,14
2022-06-14 11:04:00+00:00,29.46,29.47,29.42,29.42,3627.03,2022,6,14
2022-06-14 11:05:00+00:00,29.42,29.42,29.3,29.31,4451.17,2022,6,14
2022-06-14 11:06:00+00:00,29.31,29.31,29.17,29.17,4324.32,2022,6,14
2022-06-14 11:07:00+00:00,29.17,29.26,29.17,29.23,3453.81,2022,6,14
2022-06-14 11:08:00+00:00,29.24,29.29,29.23,29.27,1479.15,2022,6,14
2022-06-14 11:09:00+00:00,29.26,29.28,29.21,29.23,749.8,2022,6,14
2022-06-14 11:10:00+00:00,29.23,29.24,29.08,29.09,10151.62,2022,6,14
2022-06-14 11:11:00+00:00,29.09,29.1,28.9,29.0,27756.33,2022,6,14
2022-06-14 11:12:00+00:00,29.01,29.16,29.0,29.11,8828.52,2022,6,14
2022-06-14 11:13:00+00:00,29.12,29.75,29.12,29.69,27511.6,2022,6,14
2022-06-14 11:14:00+00:00,29.67,29.92,29.08,29.22,42558.27,2022,6,14
2022-06-14 11:15:00+00:00,29.23,29.31,29.03,29.15,11814.11,2022,6,14
2022-06-14 11:16:00+00:00,29.16,29.16,29.04,29.14,5050.66,2022,6,14
2022-06-14 11:17:00+00:00,29.14,29.14,29.01,29.13,12654.11,2022,6,14
2022-06-14 11:18:00+00:00,29.14,29.21,29.0,29.03,11695.98,2022,6,14
2022-06-14 11:19:00+00:00,29.02,29.12,28.97,29.09,11132.72,2022,6,14
2022-06-14 11:20:00+00:00,29.1,29.16,29.1,29.11,5278.69,2022,6,14
2022-06-14 11:21:00+00:00,29.11,29.19,29.09,29.16,3690.13,2022,6,14
2022-06-14 11:22:00+00:00,29.17,29.21,29.1,29.21,12929.49,2022,6,14
2022-06-14 11:23:00+00:00,29.21,29.25,29.1,29.1,6880.95,2022,6,14
2022-06-14 11:24:00+00:00,29.1,29.16,29.08,29.11,4542.44,2022,6,14
2022-06-14 11:25:00+00:00,29.12,29.13,28.99,29.04,9526.56,2022,6,14
2022-06-14 11:26:00+00:00,29.03,29.08,28.94,29.03,16432.49,2022,6,14
2022-06-14 11:27:00+00:00,29.04,29.04,28.98,28.98,3311.88,2022,6,14
2022-06-14 11:28:00+00:00,28.98,28.99,28.79,28.86,16568.29,2022,6,14
2022-06-14 11:29:00+00:00,28.85,28.94,28.83,28.85,7593.99,2022,6,14
2022-06-14 11:30:00+00:00,28.85,28.94,28.82,28.9,5895.33,2022,6,14
2022-06-14 11:31:00+00:00,28.9,28.97,28.89,28.95,3766.73,2022,6,14
2022-06-14 11:32:00+00:00,28.95,28.96,28.87,28.89,4929.57,2022,6,14
2022-06-14 11:33:00+00:00,28.89,28.91,28.85,28.87,7015.26,2022,6,14
2022-06-14 11:34:00+00:00,28.87,28.93,28.83,28.86,12409.96,2022,6,14
2022-06-14 11:35:00+00:00,28.85,28.92,28.83,28.89,8908.8,2022,6,14
2022-06-14 11:36:00+00:00,28.89,28.91,28.82,28.86,9189.47,2022,6,14
2022-06-14 11:37:00+00:00,28.87,28.97,28.86,28.9,6744.88,2022,6,14
2022-06-14 11:38:00+00:00,28.91,28.94,28.87,28.89,4179.32,2022,6,14
2022-06-14 11:39:00+00:00,28.88,28.89,28.8,28.81,7503.08,2022,6,14
2022-06-14 11:40:00+00:00,28.8,28.89,28.71,28.78,17575.8,2022,6,14
2022-06-14 11:41:00+00:00,28.79,28.84,28.76,28.83,4585.14,2022,6,14
2022-06-14 11:42:00+00:00,28.83,28.86,28.76,28.76,2732.19,2022,6,14
2022-06-14 11:43:00+00:00,28.77,28.77,28.68,28.71,6556.59,2022,6,14
2022-06-14 11:44:00+00:00,28.7,28.71,28.66,28.71,8740.34,2022,6,14
2022-06-14 11:45:00+00:00,28.71,28.78,28.66,28.73,11196.61,2022,6,14
2022-06-14 11:46:00+00:00,28.73,28.84,28.71,28.81,8667.63,2022,6,14
2022-06-14 11:47:00+00:00,28.82,28.92,28.81,28.9,10575.5,2022,6,14
2022-06-14 11:48:00+00:00,28.91,28.99,28.9,28.92,5323.05,2022,6,14
2022-06-14 11:49:00+00:00,28.93,29.01,28.9,28.98,7748.57,2022,6,14
2022-06-14 11:50:00+00:00,28.99,29.09,28.99,29.02,8377.43,2022,6,14
2022-06-14 11:51:00+00:00,29.03,29.06,28.93,28.95,9938.91,2022,6,14
2022-06-14 11:52:00+00:00,28.95,29.01,28.9,28.97,5617.21,2022,6,14
2022-06-14 11:53:00+00:00,28.98,29.03,28.93,28.99,5587.56,2022,6,14
2022-06-14 11:54:00+00:00,28.98,29.02,28.91,28.91,3051.65,2022,6,14
2022-06-14 11:55:00+00:00,28.9,29.0,28.89,29.0,3098.14,2022,6,14
2022-06-14 11:56:00+00:00,28.99,29.03,28.93,28.93,4670.78,2022,6,14
2022-06-14 11:57:00+00:00,28.94,29.07,28.91,29.0,9511.54,2022,6,14
2022-06-14 11:58:00+00:00,28.99,29.16,28.99,29.1,9378.99,2022,6,14
2022-06-14 11:59:00+00:00,29.09,29.17,29.06,29.1,6128.97,2022,6,14
2022-06-14 12:00:00+00:00,29.09,29.13,29.04,29.04,4245.07,2022,6,14
2022-06-14 12:01:00+00:00,29.05,29.17,29.03,29.16,6944.83,2022,6,14
2022-06-14 12:02:00+00:00,29.17,29.27,29.16,29.21,7727.72,2022,6,14
2022-06-14 12:03:00+00:00,29.21,29.25,29.19,29.24,4323.6,2022,6,14
2022-06-14 12:04:00+00:00,29.24,29.24,29.1,29.1,2846.51,2022,6,14
2022-06-14 12:05:00+00:00,29.09,29.14,29.07,29.11,2902.2,2022,6,14
2022-06-14 12:06:00+00:00,29.11,29.14,29.07,29.11,3288.97,2022,6,14
2022-06-14 12:07:00+00:00,29.11,29.11,28.98,28.99,4614.11,2022,6,14
2022-06-14 12:08:00+00:00,28.99,29.02,28.91,28.94,2324.15,2022,6,14
2022-06-14 12:09:00+00:00,28.95,28.99,28.92,28.93,1198.4,2022,6,14
2022-06-14 12:10:00+00:00,28.92,28.93,28.89,28.89,3033.9,2022,6,14
2022-06-14 12:11:00+00:00,28.89,28.93,28.87,28.87,1488.88,2022,6,14
2022-06-14 12:12:00+00:00,28.87,28.93,28.85,28.88,3256.83,2022,6,14
2022-06-14 12:13:00+00:00,28.88,28.92,28.86,28.91,1500.53,2022,6,14
2022-06-14 12:14:00+00:00,28.91,28.92,28.84,28.85,8686.14,2022,6,14
2022-06-14 12:15:00+00:00,28.85,28.88,28.53,28.66,11612.88,2022,6,14
2022-06-14 12:16:00+00:00,28.67,28.71,28.52,28.61,8226.51,2022,6,14
2022-06-14 12:17:00+00:00,28.62,28.64,28.56,28.58,5002.24,2022,6,14
2022-06-14 12:18:00+00:00,28.58,28.65,28.57,28.64,2938.36,2022,6,14
2022-06-14 12:19:00+00:00,28.63,28.68,28.59,28.61,2664.58,2022,6,14
2022-06-14 12:20:00+00:00,28.63,28.65,28.56,28.65,3541.88,2022,6,14
2022-06-14 12:21:00+00:00,28.66,28.69,28.65,28.66,3421.27,2022,6,14
2022-06-14 12:22:00+00:00,28.65,28.68,28.58,28.64,4307.1,2022,6,14
2022-06-14 12:23:00+00:00,28.66,28.7,28.64,28.69,2073.08,2022,6,14
2022-06-14 12:24:00+00:00,28.7,28.78,28.65,28.65,2148.95,2022,6,14
2022-06-14 12:25:00+00:00,28.64,28.64,28.43,28.49,8155.2,2022,6,14
2022-06-14 12:26:00+00:00,28.48,28.49,28.37,28.43,11274.59,2022,6,14
2022-06-14 12:27:00+00:00,28.43,28.51,28.4,28.5,3378.78,2022,6,14
2022-06-14 12:28:00+00:00,28.5,28.53,28.43,28.46,6281.48,2022,6,14
2022-06-14 12:29:00+00:00,28.46,28.51,28.43,28.43,3617.5,2022,6,14
2022-06-14 12:30:00+00:00,28.43,28.59,28.43,28.53,13170.55,2022,6,14
2022-06-14 12:31:00+00:00,28.53,28.85,28.52,28.76,10333.12,2022,6,14
2022-06-14 12:32:00+00:00,28.75,29.02,28.74,28.97,16009.97,2022,6,14
2022-06-14 12:33:00+00:00,28.98,29.07,28.93,28.97,10178.7,2022,6,14
2022-06-14 12:34:00+00:00,28.97,29.14,28.97,29.07,5322.03,2022,6,14
2022-06-14 12:35:00+00:00,29.08,29.1,28.93,29.02,4797.19,2022,6,14
2022-06-14 12:36:00+00:00,29.03,29.28,29.01,29.26,13324.43,2022,6,14
2022-06-14 12:37:00+00:00,29.28,29.38,29.26,29.36,9916.55,2022,6,14
2022-06-14 12:38:00+00:00,29.35,29.47,29.27,29.31,14672.78,2022,6,14
2022-06-14 12:39:00+00:00,29.31,29.31,29.24,29.25,4955.31,2022,6,14
2022-06-14 12:40:00+00:00,29.25,29.39,29.23,29.39,5483.8,2022,6,14
2022-06-14 12:41:00+00:00,29.38,29.67,29.31,29.54,39002.43,2022,6,14
2022-06-14 12:42:00+00:00,29.56,29.68,29.45,29.46,9104.92,2022,6,14
2022-06-14 12:43:00+00:00,29.46,29.53,29.39,29.4,3386.51,2022,6,14
2022-06-14 12:44:00+00:00,29.41,29.41,29.32,29.38,6256.53,2022,6,14
2022-06-14 12:45:00+00:00,29.38,29.53,29.32,29.52,5424.89,2022,6,14
2022-06-14 12:46:00+00:00,29.52,29.53,29.4,29.5,12172.81,2022,6,14
2022-06-14 12:47:00+00:00,29.51,29.58,29.36,29.36,10928.97,2022,6,14
2022-06-14 12:48:00+00:00,29.38,29.39,29.2,29.23,14463.63,2022,6,14
2022-06-14 12:49:00+00:00,29.24,29.24,29.11,29.14,6214.41,2022,6,14
2022-06-14 12:50:00+00:00,29.15,29.19,29.06,29.14,6124.84,2022,6,14
2022-06-14 12:51:00+00:00,29.14,29.19,29.09,29.1,2833.07,2022,6,14
2022-06-14 12:52:00+00:00,29.1,29.14,29.06,29.13,2141.51,2022,6,14
2022-06-14 12:53:00+00:00,29.14,29.3,29.14,29.24,7865.89,2022,6,14
2022-06-14 12:54:00+00:00,29.24,29.26,29.18,29.26,3745.41,2022,6,14
2022-06-14 12:55:00+00:00,29.26,29.36,29.16,29.17,9024.99,2022,6,14
2022-06-14 12:56:00+00:00,29.16,29.25,29.15,29.16,4357.59,2022,6,14
2022-06-14 12:57:00+00:00,29.18,29.26,29.16,29.19,5238.53,2022,6,14
2022-06-14 12:58:00+00:00,29.19,29.26,29.15,29.19,6387.97,2022,6,14
2022-06-14 12:59:00+00:00,29.18,29.24,29.17,29.17,2949.44,2022,6,14
2022-06-14 13:00:00+00:00,29.18,29.34,29.17,29.34,5389.9,2022,6,14
2022-06-14 13:01:00+00:00,29.33,29.33,29.25,29.29,5743.3,2022,6,14
2022-06-14 13:02:00+00:00,29.29,29.32,29.23,29.27,4354.64,2022,6,14
2022-06-14 13:03:00+00:00,29.28,29.31,29.22,29.25,5224.82,2022,6,14
2022-06-14 13:04:00+00:00,29.26,29.5,29.25,29.45,6964.38,2022,6,14
2022-06-14 13:05:00+00:00,29.44,29.44,29.25,29.26,4232.54,2022,6,14
2022-06-14 13:06:00+00:00,29.26,29.3,29.21,29.3,3401.02,2022,6,14
2022-06-14 13:07:00+00:00,29.29,29.33,29.25,29.25,2623.65,2022,6,14
2022-06-14 13:08:00+00:00,29.24,29.35,29.21,29.34,6653.93,2022,6,14
2022-06-14 13:09:00+00:00,29.35,29.5,29.34,29.48,9825.58,2022,6,14
2022-06-14 13:10:00+00:00,29.49,29.88,29.49,29.7,15549.96,2022,6,14
2022-06-14 13:11:00+00:00,29.7,29.77,29.62,29.73,5098.83,2022,6,14
2022-06-14 13:12:00+00:00,29.72,29.82,29.63,29.66,7639.13,2022,6,14
2022-06-14 13:13:00+00:00,29.65,29.7,29.61,29.69,3913.28,2022,6,14
2022-06-14 13:14:00+00:00,29.69,29.71,29.62,29.65,3800.83,2022,6,14
2022-06-14 13:15:00+00:00,29.66,29.86,29.66,29.83,8139.09,2022,6,14
2022-06-14 13:16:00+00:00,29.82,29.86,29.73,29.82,11091.52,2022,6,14
2022-06-14 13:17:00+00:00,29.82,30.17,29.81,30.02,27155.98,2022,6,14
2022-06-14 13:18:00+00:00,30.02,30.3,29.98,30.24,25872.41,2022,6,14
2022-06-14 13:19:00+00:00,30.24,30.5,30.16,30.27,20720.24,2022,6,14
2022-06-14 13:20:00+00:00,30.27,30.27,30.12,30.19,14629.91,2022,6,14
2022-06-14 13:21:00+00:00,30.19,30.27,30.13,30.24,9039.01,2022,6,14
2022-06-14 13:22:00+00:00,30.24,30.24,30.09,30.14,4645.7,2022,6,14
2022-06-14 13:23:00+00:00,30.14,30.21,30.05,30.21,6211.41,2022,6,14
2022-06-14 13:24:00+00:00,30.21,30.27,30.13,30.13,7427.65,2022,6,14
2022-06-14 13:25:00+00:00,30.12,30.12,30.03,30.07,8915.23,2022,6,14
2022-06-14 13:26:00+00:00,30.06,30.12,29.98,30.11,6790.51,2022,6,14
2022-06-14 13:27:00+00:00,30.12,30.3,30.12,30.21,6990.21,2022,6,14
2022-06-14 13:28:00+00:00,30.21,30.28,30.15,30.25,7925.58,2022,6,14
2022-06-14 13:29:00+00:00,30.24,30.37,30.08,30.09,27259.52,2022,6,14
2022-06-14 13:30:00+00:00,30.09,30.22,29.92,30.05,20142.56,2022,6,14
2022-06-14 13:31:00+00:00,30.04,30.04,29.89,29.99,13894.65,2022,6,14
2022-06-14 13:32:00+00:00,30.0,30.1,29.88,29.9,40486.31,2022,6,14
2022-06-14 13:33:00+00:00,29.9,29.94,29.83,29.91,10575.15,2022,6,14
2022-06-14 13:34:00+00:00,29.91,29.99,29.91,29.93,5965.55,2022,6,14
2022-06-14 13:35:00+00:00,29.94,29.95,29.78,29.82,7602.02,2022,6,14
2022-06-14 13:36:00+00:00,29.82,29.87,29.67,29.72,12764.83,2022,6,14
2022-06-14 13:37:00+00:00,29.72,29.77,29.66,29.77,21550.37,2022,6,14
2022-06-14 13:38:00+00:00,29.78,29.8,29.72,29.74,3232.41,2022,6,14
2022-06-14 13:39:00+00:00,29.75,29.84,29.72,29.76,3142.96,2022,6,14
2022-06-14 13:40:00+00:00,29.75,29.79,29.56,29.56,30232.66,2022,6,14
2022-06-14 13:41:00+00:00,29.57,29.62,29.52,29.55,9370.74,2022,6,14
2022-06-14 13:42:00+00:00,29.55,29.62,29.43,29.47,15654.8,2022,6,14
2022-06-14 13:43:00+00:00,29.47,29.49,29.36,29.37,8768.43,2022,6,14
2022-06-14 13:44:00+00:00,29.38,29.47,29.27,29.38,11502.74,2022,6,14
2022-06-14 13:45:00+00:00,29.38,29.5,29.32,29.48,5387.06,2022,6,14
2022-06-14 13:46:00+00:00,29.47,29.58,29.47,29.54,5398.75,2022,6,14
2022-06-14 13:47:00+00:00,29.54,29.59,29.46,29.51,8505.21,2022,6,14
2022-06-14 13:48:00+00:00,29.52,29.58,29.47,29.48,4074.03,2022,6,14
2022-06-14 13:49:00+00:00,29.47,29.56,29.43,29.53,5839.91,2022,6,14
2022-06-14 13:50:00+00:00,29.54,29.54,29.37,29.38,2839.02,2022,6,14
2022-06-14 13:51:00+00:00,29.38,29.42,29.23,29.26,6420.42,2022,6,14
2022-06-14 13:52:00+00:00,29.27,29.45,29.23,29.44,4241.96,2022,6,14
2022-06-14 13:53:00+00:00,29.43,29.54,29.39,29.5,5530.85,2022,6,14
2022-06-14 13:54:00+00:00,29.5,29.62,29.46,29.6,8344.36,2022,6,14
2022-06-14 13:55:00+00:00,29.62,29.71,29.56,29.68,7916.72,2022,6,14
2022-06-14 13:56:00+00:00,29.68,29.71,29.62,29.71,5388.14,2022,6,14
2022-06-14 13:57:00+00:00,29.7,29.72,29.64,29.7,3554.06,2022,6,14
2022-06-14 13:58:00+00:00,29.71,29.79,29.7,29.79,5344.34,2022,6,14
2022-06-14 13:59:00+00:00,29.8,30.05,29.79,30.0,11977.19,2022,6,14
2022-06-14 14:00:00+00:00,30.01,30.07,29.95,30.03,11793.34,2022,6,14
2022-06-14 14:01:00+00:00,30.02,30.2,29.97,30.16,5337.4,2022,6,14
2022-06-14 14:02:00+00:00,30.15,30.16,29.99,30.13,6835.62,2022,6,14
2022-06-14 14:03:00+00:00,30.13,30.14,29.96,29.96,7590.47,2022,6,14
2022-06-14 14:04:00+00:00,29.96,29.97,29.77,29.79,8199.08,2022,6,14
2022-06-14 14:05:00+00:00,29.81,29.83,29.72,29.73,14614.63,2022,6,14
2022-06-14 14:06:00+00:00,29.73,29.79,29.66,29.7,4974.96,2022,6,14
2022-06-14 14:07:00+00:00,29.69,29.82,29.67,29.8,4707.55,2022,6,14
2022-06-14 14:08:00+00:00,29.79,29.8,29.68,29.68,3247.06,2022,6,14
2022-06-14 14:09:00+00:00,29.67,29.67,29.5,29.57,6225.75,2022,6,14
2022-06-14 14:10:00+00:00,29.55,29.57,29.49,29.5,3427.8,2022,6,14
2022-06-14 14:11:00+00:00,29.5,29.52,29.36,29.47,6976.84,2022,6,14
2022-06-14 14:12:00+00:00,29.47,29.53,29.43,29.5,3997.47,2022,6,14
2022-06-14 14:13:00+00:00,29.5,29.51,29.38,29.38,5392.77,2022,6,14
2022-06-14 14:14:00+00:00,29.38,29.47,29.35,29.44,2802.21,2022,6,14
2022-06-14 14:15:00+00:00,29.44,29.44,29.28,29.29,9672.58,2022,6,14
2022-06-14 14:16:00+00:00,29.29,29.37,29.25,29.36,4600.18,2022,6,14
2022-06-14 14:17:00+00:00,29.37,29.46,29.37,29.39,6887.65,2022,6,14
2022-06-14 14:18:00+00:00,29.4,29.54,29.39,29.48,9979.88,2022,6,14
2022-06-14 14:19:00+00:00,29.48,29.58,29.46,29.5,4374.68,2022,6,14
2022-06-14 14:20:00+00:00,29.47,29.47,29.24,29.25,14903.51,2022,6,14
2022-06-14 14:21:00+00:00,29.25,29.39,29.25,29.39,8782.86,2022,6,14
2022-06-14 14:22:00+00:00,29.4,29.5,29.39,29.49,6449.21,2022,6,14
2022-06-14 14:23:00+00:00,29.48,29.54,29.38,29.42,8025.65,2022,6,14
2022-06-14 14:24:00+00:00,29.42,29.42,29.28,29.3,2982.14,2022,6,14
2022-06-14 14:25:00+00:00,29.3,29.36,29.27,29.31,5153.27,2022,6,14
2022-06-14 14:26:00+00:00,29.31,29.5,29.29,29.49,10893.29,2022,6,14
2022-06-14 14:27:00+00:00,29.48,29.63,29.4,29.41,5027.01,2022,6,14
2022-06-14 14:28:00+00:00,29.41,29.45,29.36,29.37,3397.38,2022,6,14
2022-06-14 14:29:00+00:00,29.37,29.46,29.36,29.39,3036.49,2022,6,14
2022-06-14 14:30:00+00:00,29.38,29.43,29.13,29.17,8465.95,2022,6,14
2022-06-14 14:31:00+00:00,29.16,29.27,29.13,29.19,23447.58,2022,6,14
2022-06-14 14:32:00+00:00,29.19,29.2,29.15,29.18,12819.87,2022,6,14
2022-06-14 14:33:00+00:00,29.18,29.2,29.13,29.13,11255.9,2022,6,14
2022-06-14 14:34:00+00:00,29.14,29.33,29.14,29.32,18182.76,2022,6,14
2022-06-14 14:35:00+00:00,29.32,29.4,29.29,29.32,9398.83,2022,6,14
2022-06-14 14:36:00+00:00,29.31,29.42,29.31,29.38,14021.02,2022,6,14
2022-06-14 14:37:00+00:00,29.38,29.68,29.36,29.53,37750.66,2022,6,14
2022-06-14 14:38:00+00:00,29.53,29.55,29.48,29.52,2089.69,2022,6,14
2022-06-14 14:39:00+00:00,29.51,29.55,29.35,29.42,3601.65,2022,6,14
2022-06-14 14:40:00+00:00,29.41,29.45,29.38,29.44,3331.23,2022,6,14
2022-06-14 14:41:00+00:00,29.44,29.51,29.43,29.48,4204.47,2022,6,14
2022-06-14 14:42:00+00:00,29.48,29.49,29.27,29.28,9069.17,2022,6,14
2022-06-14 14:43:00+00:00,29.27,29.27,29.16,29.16,12401.46,2022,6,14
2022-06-14 14:44:00+00:00,29.15,29.28,29.15,29.28,4277.02,2022,6,14
2022-06-14 14:45:00+00:00,29.29,29.53,29.22,29.51,3411.7,2022,6,14
2022-06-14 14:46:00+00:00,29.51,29.62,29.51,29.62,10695.59,2022,6,14
2022-06-14 14:47:00+00:00,29.62,29.77,29.61,29.72,9752.06,2022,6,14
2022-06-14 14:48:00+00:00,29.72,29.82,29.7,29.79,8187.99,2022,6,14
2022-06-14 14:49:00+00:00,29.79,29.88,29.75,29.86,7173.58,2022,6,14
2022-06-14 14:50:00+00:00,29.87,29.9,29.78,29.87,4971.12,2022,6,14
2022-06-14 14:51:00+00:00,29.88,29.95,29.74,29.78,4365.78,2022,6,14
2022-06-14 14:52:00+00:00,29.78,29.92,29.68,29.88,8999.77,2022,6,14
2022-06-14 14:53:00+00:00,29.89,29.9,29.72,29.77,12478.73,2022,6,14
2022-06-14 14:54:00+00:00,29.76,29.82,29.62,29.64,8152.28,2022,6,14
2022-06-14 14:55:00+00:00,29.64,29.76,29.59,29.68,3921.19,2022,6,14
2022-06-14 14:56:00+00:00,29.69,29.8,29.66,29.74,6892.74,2022,6,14
2022-06-14 14:57:00+00:00,29.73,29.88,29.72,29.84,6664.64,2022,6,14
2022-06-14 14:58:00+00:00,29.84,29.9,29.78,29.82,3810.63,2022,6,14
2022-06-14 14:59:00+00:00,29.83,29.99,29.82,29.92,8443.38,2022,6,14
2022-06-14 15:00:00+00:00,29.91,29.96,29.83,29.87,7313.48,2022,6,14
2022-06-14 15:01:00+00:00,29.89,30.17,29.89,30.1,16063.76,2022,6,14
2022-06-14 15:02:00+00:00,30.1,30.37,30.08,30.35,18651.17,2022,6,14
2022-06-14 15:03:00+00:00,30.36,30.44,30.25,30.27,10632.4,2022,6,14
2022-06-14 15:04:00+00:00,30.27,30.4,30.2,30.38,10581.17,2022,6,14
2022-06-14 15:05:00+00:00,30.39,30.42,30.25,30.31,35977.82,2022,6,14
2022-06-14 15:06:00+00:00,30.3,30.32,30.14,30.18,30745.02,2022,6,14
2022-06-14 15:07:00+00:00,30.17,30.2,30.06,30.2,9534.63,2022,6,14
2022-06-14 15:08:00+00:00,30.2,30.32,30.17,30.2,9603.87,2022,6,14
2022-06-14 15:09:00+00:00,30.2,30.22,30.13,30.17,3938.13,2022,6,14
2022-06-14 15:10:00+00:00,30.16,30.18,30.07,30.1,2547.32,2022,6,14
2022-06-14 15:11:00+00:00,30.1,30.19,30.06,30.17,5463.11,2022,6,14
2022-06-14 15:12:00+00:00,30.15,30.2,30.11,30.19,6526.81,2022,6,14
2022-06-14 15:13:00+00:00,30.17,30.49,30.17,30.44,12735.9,2022,6,14
2022-06-14 15:14:00+00:00,30.43,30.5,30.4,30.4,21883.24,2022,6,14
2022-06-14 15:15:00+00:00,30.4,30.45,30.0,30.15,28975.39,2022,6,14
2022-06-14 15:16:00+00:00,30.15,30.25,30.1,30.19,18132.74,2022,6,14
2022-06-14 15:17:00+00:00,30.19,30.25,30.05,30.14,10812.37,2022,6,14
2022-06-14 15:18:00+00:00,30.14,30.26,30.14,30.23,4418.56,2022,6,14
2022-06-14 15:19:00+00:00,30.24,30.25,30.11,30.14,7402.36,2022,6,14
2022-06-14 15:20:00+00:00,30.16,30.18,30.01,30.04,7310.23,2022,6,14
2022-06-14 15:21:00+00:00,30.05,30.11,30.02,30.07,3671.87,2022,6,14
2022-06-14 15:22:00+00:00,30.07,30.2,30.06,30.19,7731.34,2022,6,14
2022-06-14 15:23:00+00:00,30.2,30.31,30.19,30.19,3085.35,2022,6,14
2022-06-14 15:24:00+00:00,30.19,30.38,30.18,30.37,3556.76,2022,6,14
2022-06-14 15:25:00+00:00,30.36,30.38,30.22,30.22,5352.1,2022,6,14
2022-06-14 15:26:00+00:00,30.23,30.34,30.21,30.32,6401.74,2022,6,14
2022-06-14 15:27:00+00:00,30.32,30.32,30.26,30.26,2586.1,2022,6,14
2022-06-14 15:28:00+00:00,30.25,30.26,30.18,30.18,2650.3,2022,6,14
2022-06-14 15:29:00+00:00,30.17,30.24,30.14,30.23,3931.52,2022,6,14
2022-06-14 15:30:00+00:00,30.24,30.24,30.12,30.16,6727.8,2022,6,14
2022-06-14 15:31:00+00:00,30.16,30.19,29.96,29.98,6334.29,2022,6,14
2022-06-14 15:32:00+00:00,29.98,30.0,29.82,29.91,9730.75,2022,6,14
2022-06-14 15:33:00+00:00,29.92,30.01,29.91,29.97,4046.36,2022,6,14
2022-06-14 15:34:00+00:00,29.97,30.21,29.97,30.14,6074.03,2022,6,14
2022-06-14 15:35:00+00:00,30.15,30.3,30.15,30.3,3736.37,2022,6,14
2022-06-14 15:36:00+00:00,30.3,30.44,30.23,30.44,6697.82,2022,6,14
2022-06-14 15:37:00+00:00,30.44,30.66,30.38,30.52,16180.92,2022,6,14
2022-06-14 15:38:00+00:00,30.52,30.57,30.41,30.45,5086.06,2022,6,14
2022-06-14 15:39:00+00:00,30.46,30.56,30.42,30.43,5130.59,2022,6,14
2022-06-14 15:40:00+00:00,30.44,30.83,30.39,30.72,12935.94,2022,6,14
2022-06-14 15:41:00+00:00,30.72,30.9,30.69,30.78,23896.5,2022,6,14
2022-06-14 15:42:00+00:00,30.79,31.01,30.71,30.92,19801.32,2022,6,14
2022-06-14 15:43:00+00:00,30.93,31.17,30.82,31.04,20800.96,2022,6,14
2022-06-14 15:44:00+00:00,31.04,31.1,30.96,31.08,8985.82,2022,6,14
2022-06-14 15:45:00+00:00,31.09,31.16,30.91,31.16,15043.62,2022,6,14
2022-06-14 15:46:00+00:00,31.16,31.41,31.14,31.27,29174.05,2022,6,14
2022-06-14 15:47:00+00:00,31.26,31.27,31.19,31.21,6830.25,2022,6,14
2022-06-14 15:48:00+00:00,31.22,31.22,30.99,31.09,13446.92,2022,6,14
2022-06-14 15:49:00+00:00,31.08,31.18,30.93,30.95,8518.85,2022,6,14
2022-06-14 15:50:00+00:00,30.95,31.07,30.95,31.02,8230.51,2022,6,14
2022-06-14 15:51:00+00:00,31.01,31.09,30.9,30.91,18021.5,2022,6,14
2022-06-14 15:52:00+00:00,30.93,30.93,30.71,30.77,10960.82,2022,6,14
2022-06-14 15:53:00+00:00,30.77,30.87,30.62,30.75,14945.5,2022,6,14
2022-06-14 15:54:00+00:00,30.75,30.88,30.74,30.75,5382.7,2022,6,14
2022-06-14 15:55:00+00:00,30.75,30.83,30.71,30.75,6132.82,2022,6,14
2022-06-14 15:56:00+00:00,30.76,30.86,30.76,30.84,6810.41,2022,6,14
2022-06-14 15:57:00+00:00,30.84,30.92,30.71,30.73,8444.99,2022,6,14
2022-06-14 15:58:00+00:00,30.74,30.91,30.65,30.85,11811.52,2022,6,14
2022-06-14 15:59:00+00:00,30.84,31.14,30.84,31.03,25335.21,2022,6,14
2022-06-14 16:00:00+00:00,31.03,31.05,30.72,30.82,11241.79,2022,6,14
2022-06-14 16:01:00+00:00,30.81,31.01,30.73,30.99,4870.59,2022,6,14
2022-06-14 16:02:00+00:00,30.99,31.2,30.91,31.1,12547.35,2022,6,14
2022-06-14 16:03:00+00:00,31.11,31.15,30.75,30.77,13520.39,2022,6,14
2022-06-14 16:04:00+00:00,30.77,30.77,30.65,30.71,8306.37,2022,6,14
2022-06-14 16:05:00+00:00,30.7,30.71,30.58,30.63,6064.21,2022,6,14
2022-06-14 16:06:00+00:00,30.63,30.73,30.56,30.66,7427.72,2022,6,14
2022-06-14 16:07:00+00:00,30.67,30.69,30.51,30.54,8159.56,2022,6,14
2022-06-14 16:08:00+00:00,30.54,30.66,30.43,30.61,17837.6,2022,6,14
2022-06-14 16:09:00+00:00,30.6,30.7,30.57,30.68,4287.08,2022,6,14
2022-06-14 16:10:00+00:00,30.69,30.71,30.58,30.64,5185.38,2022,6,14
2022-06-14 16:11:00+00:00,30.65,30.69,30.59,30.64,4356.65,2022,6,14
2022-06-14 16:12:00+00:00,30.64,30.65,30.58,30.65,4466.71,2022,6,14
2022-06-14 16:13:00+00:00,30.64,30.67,30.58,30.62,3419.36,2022,6,14
2022-06-14 16:14:00+00:00,30.6,30.71,30.47,30.51,12581.47,2022,6,14
2022-06-14 16:15:00+00:00,30.51,30.65,30.43,30.64,5357.9,2022,6,14
2022-06-14 16:16:00+00:00,30.65,30.68,30.55,30.63,6457.21,2022,6,14
2022-06-14 16:17:00+00:00,30.64,30.69,30.58,30.59,3762.44,2022,6,14
2022-06-14 16:18:00+00:00,30.6,30.7,30.59,30.66,6139.78,2022,6,14
2022-06-14 16:19:00+00:00,30.66,30.83,30.66,30.78,8070.19,2022,6,14
2022-06-14 16:20:00+00:00,30.79,30.85,30.63,30.64,6044.76,2022,6,14
2022-06-14 16:21:00+00:00,30.65,30.65,30.52,30.59,4567.38,2022,6,14
2022-06-14 16:22:00+00:00,30.6,30.63,30.54,30.56,3303.98,2022,6,14
2022-06-14 16:23:00+00:00,30.56,30.66,30.53,30.59,4670.34,2022,6,14
2022-06-14 16:24:00+00:00,30.58,30.61,30.48,30.59,5885.97,2022,6,14
2022-06-14 16:25:00+00:00,30.6,30.78,30.54,30.75,7696.7,2022,6,14
2022-06-14 16:26:00+00:00,30.75,30.76,30.66,30.69,6448.27,2022,6,14
2022-06-14 16:27:00+00:00,30.69,30.73,30.64,30.67,5197.68,2022,6,14
2022-06-14 16:28:00+00:00,30.67,30.74,30.64,30.66,6816.22,2022,6,14
2022-06-14 16:29:00+00:00,30.66,30.72,30.66,30.7,1661.0,2022,6,14
2022-06-14 16:30:00+00:00,30.7,30.81,30.62,30.81,4434.93,2022,6,14
2022-06-14 16:31:00+00:00,30.81,30.85,30.64,30.64,3915.55,2022,6,14
2022-06-14 16:32:00+00:00,30.62,30.63,30.39,30.43,6946.34,2022,6,14
2022-06-14 16:33:00+00:00,30.43,30.59,30.39,30.55,5964.99,2022,6,14
2022-06-14 16:34:00+00:00,30.54,30.57,30.46,30.52,3258.97,2022,6,14
2022-06-14 16:35:00+00:00,30.51,30.51,30.36,30.36,2581.5,2022,6,14
2022-06-14 16:36:00+00:00,30.35,30.44,30.26,30.33,16123.76,2022,6,14
2022-06-14 16:37:00+00:00,30.32,30.33,30.18,30.26,18173.28,2022,6,14
2022-06-14 16:38:00+00:00,30.26,30.27,30.1,30.13,22484.03,2022,6,14
2022-06-14 16:39:00+00:00,30.14,30.23,30.1,30.14,15768.02,2022,6,14
2022-06-14 16:40:00+00:00,30.15,30.24,30.12,30.24,4638.74,2022,6,14
2022-06-14 16:41:00+00:00,30.25,30.27,30.03,30.05,22062.69,2022,6,14
2022-06-14 16:42:00+00:00,30.04,30.15,30.0,30.12,8699.38,2022,6,14
2022-06-14 16:43:00+00:00,30.14,30.16,29.89,29.89,14135.95,2022,6,14
2022-06-14 16:44:00+00:00,29.9,29.94,29.69,29.82,19984.37,2022,6,14
2022-06-14 16:45:00+00:00,29.81,29.88,29.64,29.73,11106.5,2022,6,14
2022-06-14 16:46:00+00:00,29.73,29.82,29.73,29.76,8544.86,2022,6,14
2022-06-14 16:47:00+00:00,29.77,29.89,29.77,29.79,7375.0,2022,6,14
2022-06-14 16:48:00+00:00,29.79,29.87,29.79,29.84,3306.99,2022,6,14
2022-06-14 16:49:00+00:00,29.85,29.93,29.83,29.87,5099.64,2022,6,14
2022-06-14 16:50:00+00:00,29.85,29.85,29.71,29.82,6612.27,2022,6,14
2022-06-14 16:51:00+00:00,29.81,29.88,29.77,29.88,1556.36,2022,6,14
2022-06-14 16:52:00+00:00,29.89,29.89,29.8,29.82,2523.07,2022,6,14
2022-06-14 16:53:00+00:00,29.81,29.83,29.79,29.81,2558.81,2022,6,14
2022-06-14 16:54:00+00:00,29.81,29.88,29.8,29.83,2034.73,2022,6,14
2022-06-14 16:55:00+00:00,29.83,29.91,29.8,29.9,3460.75,2022,6,14
2022-06-14 16:56:00+00:00,29.9,30.04,29.87,29.95,15852.61,2022,6,14
2022-06-14 16:57:00+00:00,29.96,29.96,29.78,29.79,7480.83,2022,6,14
2022-06-14 16:58:00+00:00,29.78,29.79,29.57,29.66,5627.18,2022,6,14
2022-06-14 16:59:00+00:00,29.67,29.81,29.64,29.76,3080.82,2022,6,14
2022-06-14 17:00:00+00:00,29.76,29.9,29.72,29.86,4941.69,2022,6,14
2022-06-14 17:01:00+00:00,29.85,29.87,29.69,29.69,4868.37,2022,6,14
2022-06-14 17:02:00+00:00,29.68,29.68,29.58,29.62,2816.94,2022,6,14
2022-06-14 17:03:00+00:00,29.63,29.86,29.61,29.82,35524.64,2022,6,14
2022-06-14 17:04:00+00:00,29.82,29.95,29.8,29.9,3822.8,2022,6,14
2022-06-14 17:05:00+00:00,29.89,29.97,29.84,29.97,4266.66,2022,6,14
2022-06-14 17:06:00+00:00,29.96,29.98,29.91,29.98,3218.28,2022,6,14
2022-06-14 17:07:00+00:00,29.98,30.0,29.91,29.99,2898.14,2022,6,14
2022-06-14 17:08:00+00:00,29.97,30.07,29.97,30.07,5408.83,2022,6,14
2022-06-14 17:09:00+00:00,30.07,30.12,30.03,30.1,4295.95,2022,6,14
2022-06-14 17:10:00+00:00,30.1,30.12,30.04,30.04,2584.82,2022,6,14
2022-06-14 17:11:00+00:00,30.04,30.06,30.0,30.01,1525.92,2022,6,14
2022-06-14 17:12:00+00:00,30.0,30.08,29.94,30.08,2507.99,2022,6,14
2022-06-14 17:13:00+00:00,30.08,30.09,29.94,30.0,2573.73,2022,6,14
2022-06-14 17:14:00+00:00,29.99,29.99,29.89,29.92,3948.11,2022,6,14
2022-06-14 17:15:00+00:00,29.92,30.01,29.88,29.99,3026.02,2022,6,14
2022-06-14 17:16:00+00:00,29.99,30.08,29.98,30.08,2513.9,2022,6,14
2022-06-14 17:17:00+00:00,30.08,30.19,30.06,30.17,5035.96,2022,6,14
2022-06-14 17:18:00+00:00,30.17,30.24,30.1,30.11,6138.93,2022,6,14
2022-06-14 17:19:00+00:00,30.11,30.18,30.05,30.18,2471.96,2022,6,14
2022-06-14 17:20:00+00:00,30.18,30.22,30.1,30.11,3360.12,2022,6,14
2022-06-14 17:21:00+00:00,30.1,30.12,30.05,30.09,1491.69,2022,6,14
2022-06-14 17:22:00+00:00,30.09,30.21,30.09,30.19,3502.05,2022,6,14
2022-06-14 17:23:00+00:00,30.19,30.28,30.18,30.21,2875.28,2022,6,14
2022-06-14 17:24:00+00:00,30.22,30.25,30.16,30.24,2841.9,2022,6,14
2022-06-14 17:25:00+00:00,30.22,30.3,30.12,30.16,4153.21,2022,6,14
2022-06-14 17:26:00+00:00,30.17,30.17,30.09,30.09,3162.79,2022,6,14
2022-06-14 17:27:00+00:00,30.08,30.18,30.06,30.17,1762.12,2022,6,14
2022-06-14 17:28:00+00:00,30.17,30.17,30.12,30.13,1456.43,2022,6,14
2022-06-14 17:29:00+00:00,30.12,30.15,30.08,30.11,11797.56,2022,6,14
2022-06-14 17:30:00+00:00,30.11,30.13,30.02,30.11,3650.91,2022,6,14
2022-06-14 17:31:00+00:00,30.11,30.3,30.11,30.28,7834.08,2022,6,14
2022-06-14 17:32:00+00:00,30.28,30.35,30.24,30.34,2779.68,2022,6,14
2022-06-14 17:33:00+00:00,30.34,30.35,30.07,30.08,2912.86,2022,6,14
2022-06-14 17:34:00+00:00,30.07,30.12,29.93,29.93,8522.6,2022,6,14
2022-06-14 17:35:00+00:00,29.93,29.94,29.75,29.82,10137.32,2022,6,14
2022-06-14 17:36:00+00:00,29.82,29.87,29.72,29.83,7679.85,2022,6,14
2022-06-14 17:37:00+00:00,29.82,29.92,29.66,29.69,38865.18,2022,6,14
2022-06-14 17:38:00+00:00,29.7,29.75,29.58,29.61,17838.87,2022,6,14
2022-06-14 17:39:00+00:00,29.61,29.61,29.46,29.54,7634.25,2022,6,14
2022-06-14 17:40:00+00:00,29.55,29.62,29.5,29.59,5360.79,2022,6,14
2022-06-14 17:41:00+00:00,29.59,29.63,29.55,29.62,2688.73,2022,6,14
2022-06-14 17:42:00+00:00,29.62,29.63,29.55,29.55,2080.45,2022,6,14
2022-06-14 17:43:00+00:00,29.55,29.55,29.45,29.5,12795.83,2022,6,14
2022-06-14 17:44:00+00:00,29.49,29.58,29.47,29.56,7997.06,2022,6,14
2022-06-14 17:45:00+00:00,29.56,29.72,29.49,29.69,11938.95,2022,6,14
2022-06-14 17:46:00+00:00,29.69,29.71,29.52,29.56,5842.84,2022,6,14
2022-06-14 17:47:00+00:00,29.56,29.62,29.45,29.51,8027.9,2022,6,14
2022-06-14 17:48:00+00:00,29.51,29.62,29.45,29.62,2395.54,2022,6,14
2022-06-14 17:49:00+00:00,29.63,29.67,29.55,29.58,3567.91,2022,6,14
2022-06-14 17:50:00+00:00,29.57,29.61,29.54,29.61,2634.22,2022,6,14
2022-06-14 17:51:00+00:00,29.6,29.68,29.6,29.63,2425.88,2022,6,14
2022-06-14 17:52:00+00:00,29.64,29.64,29.56,29.58,1665.24,2022,6,14
2022-06-14 17:53:00+00:00,29.58,29.62,29.55,29.57,1733.19,2022,6,14
2022-06-14 17:54:00+00:00,29.58,29.65,29.58,29.58,1882.66,2022,6,14
2022-06-14 17:55:00+00:00,29.58,29.59,29.51,29.53,2285.03,2022,6,14
2022-06-14 17:56:00+00:00,29.52,29.55,29.48,29.51,5443.82,2022,6,14
2022-06-14 17:57:00+00:00,29.51,29.58,29.51,29.52,1044.69,2022,6,14
2022-06-14 17:58:00+00:00,29.53,29.55,29.51,29.54,1678.09,2022,6,14
2022-06-14 17:59:00+00:00,29.53,29.53,29.38,29.39,3433.01,2022,6,14
2022-06-14 18:00:00+00:00,29.39,29.61,29.38,29.53,9257.18,2022,6,14
2022-06-14 18:01:00+00:00,29.53,29.77,29.53,29.72,6009.83,2022,6,14
2022-06-14 18:02:00+00:00,29.71,29.74,29.6,29.69,3421.09,2022,6,14
2022-06-14 18:03:00+00:00,29.69,29.71,29.63,29.63,2441.64,2022,6,14
2022-06-14 18:04:00+00:00,29.64,29.7,29.61,29.63,3324.26,2022,6,14
2022-06-14 18:05:00+00:00,29.64,29.7,29.6,29.63,1551.45,2022,6,14
2022-06-14 18:06:00+00:00,29.64,29.73,29.61,29.71,3544.25,2022,6,14
2022-06-14 18:07:00+00:00,29.71,29.81,29.71,29.75,2095.92,2022,6,14
2022-06-14 18:08:00+00:00,29.74,29.81,29.72,29.77,2161.37,2022,6,14
2022-06-14 18:09:00+00:00,29.77,29.79,29.73,29.73,1268.67,2022,6,14
2022-06-14 18:10:00+00:00,29.73,29.73,29.61,29.64,2771.78,2022,6,14
2022-06-14 18:11:00+00:00,29.62,29.7,29.59,29.59,3698.3,2022,6,14
2022-06-14 18:12:00+00:00,29.59,29.68,29.58,29.66,5674.56,2022,6,14
2022-06-14 18:13:00+00:00,29.66,29.67,29.58,29.59,1068.31,2022,6,14
2022-06-14 18:14:00+00:00,29.58,29.63,29.56,29.61,1638.21,2022,6,14
2022-06-14 18:15:00+00:00,29.62,29.69,29.62,29.66,2155.52,2022,6,14
2022-06-14 18:16:00+00:00,29.66,29.76,29.66,29.72,3465.3,2022,6,14
2022-06-14 18:17:00+00:00,29.7,29.72,29.6,29.63,999.24,2022,6,14
2022-06-14 18:18:00+00:00,29.63,29.72,29.6,29.72,1731.92,2022,6,14
2022-06-14 18:19:00+00:00,29.72,29.75,29.66,29.7,1737.39,2022,6,14
2022-06-14 18:20:00+00:00,29.7,29.74,29.66,29.72,2158.43,2022,6,14
2022-06-14 18:21:00+00:00,29.72,29.74,29.67,29.7,1223.11,2022,6,14
2022-06-14 18:22:00+00:00,29.69,29.7,29.66,29.69,1797.81,2022,6,14
2022-06-14 18:23:00+00:00,29.7,29.7,29.62,29.63,1844.51,2022,6,14
2022-06-14 18:24:00+00:00,29.63,29.71,29.61,29.62,1892.88,2022,6,14
2022-06-14 18:25:00+00:00,29.61,29.61,29.42,29.42,7732.61,2022,6,14
2022-06-14 18:26:00+00:00,29.43,29.45,29.33,29.42,7854.79,2022,6,14
2022-06-14 18:27:00+00:00,29.42,29.75,29.42,29.66,4317.2,2022,6,14
2022-06-14 18:28:00+00:00,29.66,29.72,29.66,29.68,3686.73,2022,6,14
2022-06-14 18:29:00+00:00,29.7,29.7,29.55,29.58,2807.35,2022,6,14
2022-06-14 18:30:00+00:00,29.57,29.6,29.38,29.39,6881.19,2022,6,14
2022-06-14 18:31:00+00:00,29.38,29.43,29.36,29.39,4422.72,2022,6,14
2022-06-14 18:32:00+00:00,29.39,29.51,29.35,29.48,3197.33,2022,6,14
2022-06-14 18:33:00+00:00,29.48,29.67,29.47,29.65,3455.6,2022,6,14
2022-06-14 18:34:00+00:00,29.66,29.97,29.66,29.82,12309.98,2022,6,14
2022-06-14 18:35:00+00:00,29.81,29.94,29.8,29.86,7395.19,2022,6,14
2022-06-14 18:36:00+00:00,29.86,29.91,29.79,29.83,3750.42,2022,6,14
2022-06-14 18:37:00+00:00,29.82,30.12,29.81,30.01,53442.55,2022,6,14
2022-06-14 18:38:00+00:00,30.02,30.06,29.97,30.06,3012.02,2022,6,14
2022-06-14 18:39:00+00:00,30.06,30.07,29.98,30.0,2977.51,2022,6,14
2022-06-14 18:40:00+00:00,29.99,30.0,29.88,29.95,4912.16,2022,6,14
2022-06-14 18:41:00+00:00,29.94,29.95,29.86,29.89,2576.47,2022,6,14
2022-06-14 18:42:00+00:00,29.88,29.9,29.85,29.89,4773.72,2022,6,14
2022-06-14 18:43:00+00:00,29.89,29.92,29.83,29.85,3895.25,2022,6,14
2022-06-14 18:44:00+00:00,29.85,29.98,29.83,29.91,4252.84,2022,6,14
2022-06-14 18:45:00+00:00,29.9,30.02,29.83,29.85,4496.46,2022,6,14
2022-06-14 18:46:00+00:00,29.85,29.87,29.71,29.73,5941.25,2022,6,14
2022-06-14 18:47:00+00:00,29.72,29.74,29.61,29.64,7612.64,2022,6,14
2022-06-14 18:48:00+00:00,29.65,29.69,29.55,29.58,5212.15,2022,6,14
2022-06-14 18:49:00+00:00,29.59,29.63,29.55,29.55,5368.52,2022,6,14
2022-06-14 18:50:00+00:00,29.55,29.59,29.45,29.48,8370.47,2022,6,14
2022-06-14 18:51:00+00:00,29.48,29.52,29.35,29.45,14652.83,2022,6,14
2022-06-14 18:52:00+00:00,29.44,29.57,29.37,29.42,17422.97,2022,6,14
2022-06-14 18:53:00+00:00,29.43,29.46,29.35,29.37,5310.42,2022,6,14
2022-06-14 18:54:00+00:00,29.36,29.38,29.32,29.35,4809.37,2022,6,14
2022-06-14 18:55:00+00:00,29.35,29.37,29.26,29.36,5537.37,2022,6,14
2022-06-14 18:56:00+00:00,29.37,29.48,29.36,29.41,2435.24,2022,6,14
2022-06-14 18:57:00+00:00,29.42,29.5,29.41,29.48,3361.03,2022,6,14
2022-06-14 18:58:00+00:00,29.48,29.5,29.38,29.41,2679.58,2022,6,14
2022-06-14 18:59:00+00:00,29.41,29.44,29.33,29.44,5922.93,2022,6,14
2022-06-14 19:00:00+00:00,29.43,29.44,29.25,29.4,10663.53,2022,6,14
2022-06-14 19:01:00+00:00,29.4,29.48,29.37,29.43,3340.89,2022,6,14
2022-06-14 19:02:00+00:00,29.42,29.46,29.34,29.37,1680.69,2022,6,14
2022-06-14 19:03:00+00:00,29.37,29.38,29.3,29.3,1517.37,2022,6,14
2022-06-14 19:04:00+00:00,29.3,29.35,29.27,29.29,5065.32,2022,6,14
2022-06-14 19:05:00+00:00,29.3,29.33,29.27,29.28,2655.44,2022,6,14
2022-06-14 19:06:00+00:00,29.28,29.35,29.27,29.31,2159.12,2022,6,14
2022-06-14 19:07:00+00:00,29.31,29.34,29.25,29.26,1224.16,2022,6,14
2022-06-14 19:08:00+00:00,29.25,29.28,29.22,29.26,1889.99,2022,6,14
2022-06-14 19:09:00+00:00,29.26,29.31,29.26,29.28,1228.04,2022,6,14
2022-06-14 19:10:00+00:00,29.27,29.35,29.27,29.29,4875.8,2022,6,14
2022-06-14 19:11:00+00:00,29.29,29.36,29.28,29.3,2690.14,2022,6,14
2022-06-14 19:12:00+00:00,29.31,29.31,29.17,29.19,6665.58,2022,6,14
2022-06-14 19:13:00+00:00,29.19,29.21,29.14,29.15,3901.65,2022,6,14
2022-06-14 19:14:00+00:00,29.16,29.25,29.14,29.18,2230.5,2022,6,14
2022-06-14 19:15:00+00:00,29.18,29.28,29.17,29.27,3595.31,2022,6,14
2022-06-14 19:16:00+00:00,29.27,29.32,29.25,29.28,3276.36,2022,6,14
2022-06-14 19:17:00+00:00,29.29,29.31,29.19,29.19,1384.71,2022,6,14
2022-06-14 19:18:00+00:00,29.19,29.19,29.09,29.18,3785.46,2022,6,14
2022-06-14 19:19:00+00:00,29.16,29.19,29.13,29.18,2235.09,2022,6,14
2022-06-14 19:20:00+00:00,29.17,29.28,29.17,29.21,2351.46,2022,6,14
2022-06-14 19:21:00+00:00,29.2,29.27,29.2,29.23,2483.89,2022,6,14
2022-06-14 19:22:00+00:00,29.22,29.26,29.2,29.2,1621.11,2022,6,14
2022-06-14 19:23:00+00:00,29.2,29.24,29.11,29.24,5317.02,2022,6,14
2022-06-14 19:24:00+00:00,29.23,29.23,29.05,29.06,10893.37,2022,6,14
2022-06-14 19:25:00+00:00,29.06,29.21,29.05,29.17,2287.98,2022,6,14
2022-06-14 19:26:00+00:00,29.15,29.18,29.13,29.16,1856.36,2022,6,14
2022-06-14 19:27:00+00:00,29.16,29.21,29.16,29.17,2367.05,2022,6,14
2022-06-14 19:28:00+00:00,29.18,29.2,29.15,29.2,1208.46,2022,6,14
2022-06-14 19:29:00+00:00,29.2,29.24,29.19,29.19,2407.68,2022,6,14
2022-06-14 19:30:00+00:00,29.19,29.4,29.16,29.36,4956.68,2022,6,14
2022-06-14 19:31:00+00:00,29.36,29.41,29.31,29.34,2911.05,2022,6,14
2022-06-14 19:32:00+00:00,29.34,29.45,29.32,29.4,2911.38,2022,6,14
2022-06-14 19:33:00+00:00,29.4,29.42,29.36,29.36,3537.56,2022,6,14
2022-06-14 19:34:00+00:00,29.35,29.35,29.21,29.27,3659.29,2022,6,14
2022-06-14 19:35:00+00:00,29.26,29.32,29.25,29.28,1867.97,2022,6,14
2022-06-14 19:36:00+00:00,29.29,29.31,29.24,29.28,1195.14,2022,6,14
2022-06-14 19:37:00+00:00,29.28,29.42,29.25,29.42,2694.75,2022,6,14
2022-06-14 19:38:00+00:00,29.42,29.46,29.38,29.4,2388.15,2022,6,14
2022-06-14 19:39:00+00:00,29.41,29.5,29.39,29.42,7331.88,2022,6,14
2022-06-14 19:40:00+00:00,29.41,29.48,29.4,29.42,2338.37,2022,6,14
2022-06-14 19:41:00+00:00,29.43,29.49,29.39,29.48,2929.82,2022,6,14
2022-06-14 19:42:00+00:00,29.5,29.55,29.42,29.44,6448.12,2022,6,14
2022-06-14 19:43:00+00:00,29.44,29.5,29.4,29.44,1924.93,2022,6,14
2022-06-14 19:44:00+00:00,29.43,29.44,29.38,29.39,1947.24,2022,6,14
2022-06-14 19:45:00+00:00,29.39,29.41,29.29,29.35,5290.49,2022,6,14
2022-06-14 19:46:00+00:00,29.35,29.49,29.34,29.49,4007.58,2022,6,14
2022-06-14 19:47:00+00:00,29.5,29.51,29.43,29.43,2456.25,2022,6,14
2022-06-14 19:48:00+00:00,29.43,29.46,29.4,29.43,1898.19,2022,6,14
2022-06-14 19:49:00+00:00,29.44,29.56,29.44,29.49,8298.6,2022,6,14
2022-06-14 19:50:00+00:00,29.49,29.52,29.29,29.29,10420.4,2022,6,14
2022-06-14 19:51:00+00:00,29.29,29.41,29.28,29.34,4277.13,2022,6,14
2022-06-14 19:52:00+00:00,29.34,29.5,29.32,29.45,4803.88,2022,6,14
2022-06-14 19:53:00+00:00,29.46,29.46,29.3,29.3,2676.09,2022,6,14
2022-06-14 19:54:00+00:00,29.31,29.41,29.31,29.37,3260.12,2022,6,14
2022-06-14 19:55:00+00:00,29.37,29.42,29.33,29.4,2034.89,2022,6,14
2022-06-14 19:56:00+00:00,29.4,29.43,29.37,29.43,1531.83,2022,6,14
2022-06-14 19:57:00+00:00,29.44,29.52,29.43,29.43,2293.18,2022,6,14
2022-06-14 19:58:00+00:00,29.43,29.48,29.43,29.47,2971.98,2022,6,14
2022-06-14 19:59:00+00:00,29.47,29.47,29.41,29.44,2640.67,2022,6,14
2022-06-14 20:00:00+00:00,29.45,29.49,29.36,29.4,2308.35,2022,6,14
2022-06-14 20:01:00+00:00,29.4,29.5,29.38,29.49,4757.81,2022,6,14
2022-06-14 20:02:00+00:00,29.49,29.5,29.45,29.47,3659.45,2022,6,14
2022-06-14 20:03:00+00:00,29.47,29.52,29.46,29.52,3440.22,2022,6,14
2022-06-14 20:04:00+00:00,29.52,29.68,29.52,29.56,5001.39,2022,6,14
2022-06-14 20:05:00+00:00,29.56,29.6,29.51,29.52,2123.99,2022,6,14
2022-06-14 20:06:00+00:00,29.53,29.55,29.47,29.48,2182.5,2022,6,14
2022-06-14 20:07:00+00:00,29.47,29.51,29.46,29.5,1000.96,2022,6,14
2022-06-14 20:08:00+00:00,29.49,29.51,29.47,29.49,736.18,2022,6,14
2022-06-14 20:09:00+00:00,29.49,29.52,29.49,29.5,744.31,2022,6,14
2022-06-14 20:10:00+00:00,29.49,29.51,29.44,29.46,1737.74,2022,6,14
2022-06-14 20:11:00+00:00,29.45,29.49,29.45,29.46,2608.04,2022,6,14
2022-06-14 20:12:00+00:00,29.47,29.48,29.42,29.44,2826.9,2022,6,14
2022-06-14 20:13:00+00:00,29.44,29.54,29.44,29.49,4253.94,2022,6,14
2022-06-14 20:14:00+00:00,29.48,29.48,29.31,29.37,4557.21,2022,6,14
2022-06-14 20:15:00+00:00,29.36,29.54,29.32,29.48,7564.42,2022,6,14
2022-06-14 20:16:00+00:00,29.49,29.52,29.45,29.51,1158.69,2022,6,14
2022-06-14 20:17:00+00:00,29.51,29.57,29.51,29.57,1250.73,2022,6,14
2022-06-14 20:18:00+00:00,29.57,29.62,29.54,29.54,2467.91,2022,6,14
2022-06-14 20:19:00+00:00,29.53,29.56,29.47,29.49,2242.19,2022,6,14
2022-06-14 20:20:00+00:00,29.48,29.48,29.38,29.38,4123.09,2022,6,14
2022-06-14 20:21:00+00:00,29.37,29.37,29.18,29.24,6175.06,2022,6,14
2022-06-14 20:22:00+00:00,29.24,29.24,29.13,29.14,2449.62,2022,6,14
2022-06-14 20:23:00+00:00,29.14,29.15,29.01,29.08,9164.01,2022,6,14
2022-06-14 20:24:00+00:00,29.08,29.08,28.83,28.96,19856.47,2022,6,14
2022-06-14 20:25:00+00:00,28.96,29.0,28.89,28.9,4578.52,2022,6,14
2022-06-14 20:26:00+00:00,28.89,28.89,28.76,28.84,9731.77,2022,6,14
2022-06-14 20:27:00+00:00,28.84,28.91,28.76,28.77,5585.57,2022,6,14
2022-06-14 20:28:00+00:00,28.77,28.85,28.76,28.79,4636.6,2022,6,14
2022-06-14 20:29:00+00:00,28.78,28.81,28.73,28.78,5872.77,2022,6,14
2022-06-14 20:30:00+00:00,28.78,28.8,28.72,28.78,6751.09,2022,6,14
2022-06-14 20:31:00+00:00,28.8,28.85,28.8,28.81,2245.22,2022,6,14
2022-06-14 20:32:00+00:00,28.8,28.83,28.77,28.8,3172.45,2022,6,14
2022-06-14 20:33:00+00:00,28.79,28.97,28.78,28.96,4672.87,2022,6,14
2022-06-14 20:34:00+00:00,28.96,29.13,28.91,28.99,10624.88,2022,6,14
2022-06-14 20:35:00+00:00,28.99,29.0,28.8,28.9,6524.14,2022,6,14
2022-06-14 20:36:00+00:00,28.91,28.95,28.79,28.81,3743.56,2022,6,14
2022-06-14 20:37:00+00:00,28.81,28.87,28.79,28.79,3236.69,2022,6,14
2022-06-14 20:38:00+00:00,28.79,28.86,28.79,28.85,2506.78,2022,6,14
2022-06-14 20:39:00+00:00,28.86,28.9,28.84,28.87,2485.79,2022,6,14
2022-06-14 20:40:00+00:00,28.88,28.9,28.81,28.83,1665.94,2022,6,14
2022-06-14 20:41:00+00:00,28.84,28.86,28.81,28.84,2392.19,2022,6,14
2022-06-14 20:42:00+00:00,28.85,28.92,28.85,28.86,2284.21,2022,6,14
2022-06-14 20:43:00+00:00,28.85,28.89,28.82,28.83,1937.5,2022,6,14
2022-06-14 20:44:00+00:00,28.82,28.91,28.82,28.87,1935.17,2022,6,14
2022-06-14 20:45:00+00:00,28.87,28.94,28.84,28.85,3214.33,2022,6,14
2022-06-14 20:46:00+00:00,28.85,28.98,28.85,28.95,1973.55,2022,6,14
2022-06-14 20:47:00+00:00,28.95,28.97,28.89,28.93,3011.69,2022,6,14
2022-06-14 20:48:00+00:00,28.93,28.96,28.83,28.88,3533.06,2022,6,14
2022-06-14 20:49:00+00:00,28.89,28.96,28.89,28.94,4089.52,2022,6,14
2022-06-14 20:50:00+00:00,28.95,29.16,28.94,29.15,12958.4,2022,6,14
2022-06-14 20:51:00+00:00,29.15,29.15,29.01,29.03,4141.46,2022,6,14
2022-06-14 20:52:00+00:00,29.04,29.1,29.03,29.05,4496.97,2022,6,14
2022-06-14 20:53:00+00:00,29.05,29.13,29.05,29.12,2479.75,2022,6,14
2022-06-14 20:54:00+00:00,29.11,29.15,29.02,29.05,6429.85,2022,6,14
2022-06-14 20:55:00+00:00,29.04,29.08,29.02,29.03,1056.13,2022,6,14
2022-06-14 20:56:00+00:00,29.03,29.04,28.95,28.95,2276.63,2022,6,14
2022-06-14 20:57:00+00:00,28.96,29.04,28.96,29.03,1293.58,2022,6,14
2022-06-14 20:58:00+00:00,29.04,29.14,29.04,29.1,3999.6,2022,6,14
2022-06-14 20:59:00+00:00,29.1,29.1,29.05,29.07,691.67,2022,6,14
2022-06-14 21:00:00+00:00,29.08,29.23,29.07,29.22,3371.17,2022,6,14
2022-06-14 21:01:00+00:00,29.21,29.21,29.15,29.15,695.78,2022,6,14
2022-06-14 21:02:00+00:00,29.15,29.21,29.11,29.19,1526.13,2022,6,14
2022-06-14 21:03:00+00:00,29.19,29.22,29.15,29.15,849.32,2022,6,14
2022-06-14 21:04:00+00:00,29.15,29.2,29.13,29.18,2205.53,2022,6,14
2022-06-14 21:05:00+00:00,29.16,29.23,29.16,29.23,1100.73,2022,6,14
2022-06-14 21:06:00+00:00,29.23,29.23,29.05,29.08,2423.21,2022,6,14
2022-06-14 21:07:00+00:00,29.08,29.13,29.08,29.13,3968.52,2022,6,14
2022-06-14 21:08:00+00:00,29.13,29.21,29.09,29.09,1321.9,2022,6,14
2022-06-14 21:09:00+00:00,29.08,29.12,29.04,29.1,1863.35,2022,6,14
2022-06-14 21:10:00+00:00,29.09,29.1,29.05,29.05,719.06,2022,6,14
2022-06-14 21:11:00+00:00,29.05,29.09,29.04,29.08,868.86,2022,6,14
2022-06-14 21:12:00+00:00,29.09,29.09,29.05,29.05,769.83,2022,6,14
2022-06-14 21:13:00+00:00,29.06,29.16,29.05,29.15,1321.56,2022,6,14
2022-06-14 21:14:00+00:00,29.15,29.17,29.09,29.09,1234.04,2022,6,14
2022-06-14 21:15:00+00:00,29.1,29.11,29.08,29.09,272.81,2022,6,14
2022-06-14 21:16:00+00:00,29.08,29.11,29.08,29.11,751.1,2022,6,14
2022-06-14 21:17:00+00:00,29.11,29.11,29.08,29.11,993.86,2022,6,14
2022-06-14 21:18:00+00:00,29.1,29.12,28.96,28.97,1192.2,2022,6,14
2022-06-14 21:19:00+00:00,28.96,28.97,28.89,28.93,3901.35,2022,6,14
2022-06-14 21:20:00+00:00,28.95,28.96,28.85,28.87,3029.3,2022,6,14
2022-06-14 21:21:00+00:00,28.87,28.89,28.8,28.82,3486.23,2022,6,14
2022-06-14 21:22:00+00:00,28.82,28.85,28.74,28.76,2314.07,2022,6,14
2022-06-14 21:23:00+00:00,28.74,28.74,28.49,28.56,28362.45,2022,6,14
2022-06-14 21:24:00+00:00,28.55,28.56,28.49,28.52,2885.56,2022,6,14
2022-06-14 21:25:00+00:00,28.51,28.62,28.51,28.58,4205.57,2022,6,14
2022-06-14 21:26:00+00:00,28.59,28.59,28.52,28.56,2615.82,2022,6,14
2022-06-14 21:27:00+00:00,28.56,28.57,28.53,28.56,1233.27,2022,6,14
2022-06-14 21:28:00+00:00,28.55,28.57,28.53,28.54,3106.62,2022,6,14
2022-06-14 21:29:00+00:00,28.54,28.57,28.52,28.53,2705.75,2022,6,14
2022-06-14 21:30:00+00:00,28.52,28.57,28.51,28.56,1942.8,2022,6,14
2022-06-14 21:31:00+00:00,28.57,28.59,28.56,28.59,1826.11,2022,6,14
2022-06-14 21:32:00+00:00,28.58,28.74,28.58,28.73,1509.82,2022,6,14
2022-06-14 21:33:00+00:00,28.73,28.75,28.65,28.65,2549.24,2022,6,14
2022-06-14 21:34:00+00:00,28.64,28.64,28.54,28.54,2796.46,2022,6,14
2022-06-14 21:35:00+00:00,28.54,28.59,28.51,28.55,2027.35,2022,6,14
2022-06-14 21:36:00+00:00,28.55,28.58,28.55,28.57,1335.35,2022,6,14
2022-06-14 21:37:00+00:00,28.57,28.67,28.57,28.67,2755.36,2022,6,14
2022-06-14 21:38:00+00:00,28.66,28.67,28.65,28.67,571.43,2022,6,14
2022-06-14 21:39:00+00:00,28.66,28.67,28.61,28.61,1028.06,2022,6,14
2022-06-14 21:40:00+00:00,28.61,28.65,28.56,28.56,4107.11,2022,6,14
2022-06-14 21:41:00+00:00,28.56,28.61,28.54,28.6,1569.03,2022,6,14
2022-06-14 21:42:00+00:00,28.59,28.59,28.56,28.57,1368.36,2022,6,14
2022-06-14 21:43:00+00:00,28.57,28.57,28.46,28.46,3647.06,2022,6,14
2022-06-14 21:44:00+00:00,28.46,28.52,28.43,28.48,6085.79,2022,6,14
2022-06-14 21:45:00+00:00,28.47,28.55,28.47,28.49,1668.76,2022,6,14
2022-06-14 21:46:00+00:00,28.49,28.51,28.22,28.22,5287.87,2022,6,14
2022-06-14 21:47:00+00:00,28.23,28.34,28.2,28.3,6316.53,2022,6,14
2022-06-14 21:48:00+00:00,28.3,28.33,28.27,28.29,955.14,2022,6,14
2022-06-14 21:49:00+00:00,28.29,28.32,28.21,28.22,3547.96,2022,6,14
2022-06-14 21:50:00+00:00,28.21,28.24,28.12,28.14,3622.56,2022,6,14
2022-06-14 21:51:00+00:00,28.15,28.23,28.15,28.2,4273.2,2022,6,14
2022-06-14 21:52:00+00:00,28.2,28.22,28.18,28.21,1762.79,2022,6,14
2022-06-14 21:53:00+00:00,28.22,28.25,28.2,28.2,1681.49,2022,6,14
2022-06-14 21:54:00+00:00,28.19,28.19,28.09,28.09,4480.7,2022,6,14
2022-06-14 21:55:00+00:00,28.1,28.2,28.08,28.19,1947.56,2022,6,14
2022-06-14 21:56:00+00:00,28.18,28.21,27.92,28.08,43572.51,2022,6,14
2022-06-14 21:57:00+00:00,28.08,28.11,28.05,28.09,2589.65,2022,6,14
2022-06-14 21:58:00+00:00,28.09,28.32,28.09,28.31,3796.62,2022,6,14
2022-06-14 21:59:00+00:00,28.32,28.42,28.23,28.25,7677.92,2022,6,14
2022-06-14 22:00:00+00:00,28.24,28.28,28.23,28.25,4235.25,2022,6,14
2022-06-14 22:01:00+00:00,28.26,28.32,28.26,28.29,2243.41,2022,6,14
2022-06-14 22:02:00+00:00,28.29,28.44,28.28,28.42,5339.76,2022,6,14
2022-06-14 22:03:00+00:00,28.41,28.54,28.4,28.51,7697.83,2022,6,14
2022-06-14 22:04:00+00:00,28.5,28.5,28.44,28.48,3784.63,2022,6,14
2022-06-14 22:05:00+00:00,28.48,28.48,28.43,28.45,1664.54,2022,6,14
2022-06-14 22:06:00+00:00,28.45,28.49,28.44,28.45,2763.25,2022,6,14
2022-06-14 22:07:00+00:00,28.46,28.46,28.41,28.42,2319.3,2022,6,14
2022-06-14 22:08:00+00:00,28.42,28.47,28.38,28.44,2894.42,2022,6,14
2022-06-14 22:09:00+00:00,28.45,28.46,28.4,28.4,3283.55,2022,6,14
2022-06-14 22:10:00+00:00,28.4,28.44,28.39,28.43,1486.91,2022,6,14
2022-06-14 22:11:00+00:00,28.44,28.53,28.42,28.47,6482.8,2022,6,14
2022-06-14 22:12:00+00:00,28.47,28.64,28.47,28.55,4416.84,2022,6,14
2022-06-14 22:13:00+00:00,28.55,28.63,28.51,28.6,5858.54,2022,6,14
2022-06-14 22:14:00+00:00,28.6,28.62,28.52,28.53,4937.61,2022,6,14
2022-06-14 22:15:00+00:00,28.53,28.6,28.51,28.59,1596.97,2022,6,14
2022-06-14 22:16:00+00:00,28.59,28.59,28.54,28.55,1815.11,2022,6,14
2022-06-14 22:17:00+00:00,28.54,28.62,28.52,28.57,5060.51,2022,6,14
2022-06-14 22:18:00+00:00,28.58,28.58,28.3,28.39,17404.45,2022,6,14
2022-06-14 22:19:00+00:00,28.39,28.4,28.2,28.31,5231.42,2022,6,14
2022-06-14 22:20:00+00:00,28.31,28.37,28.29,28.34,2450.6,2022,6,14
2022-06-14 22:21:00+00:00,28.35,28.36,28.32,28.33,2299.86,2022,6,14
2022-06-14 22:22:00+00:00,28.33,28.33,28.25,28.3,4748.61,2022,6,14
2022-06-14 22:23:00+00:00,28.3,28.34,28.24,28.34,3161.21,2022,6,14
2022-06-14 22:24:00+00:00,28.35,28.36,28.29,28.36,2373.69,2022,6,14
2022-06-14 22:25:00+00:00,28.36,28.36,28.31,28.33,1125.21,2022,6,14
2022-06-14 22:26:00+00:00,28.33,28.36,28.33,28.36,1686.39,2022,6,14
2022-06-14 22:27:00+00:00,28.36,28.43,28.34,28.34,4425.42,2022,6,14
2022-06-14 22:28:00+00:00,28.34,28.42,28.34,28.41,3217.82,2022,6,14
2022-06-14 22:29:00+00:00,28.41,28.44,28.38,28.4,1743.89,2022,6,14
2022-06-14 22:30:00+00:00,28.39,28.43,28.34,28.35,3265.76,2022,6,14
2022-06-14 22:31:00+00:00,28.34,28.35,28.27,28.35,2026.68,2022,6,14
2022-06-14 22:32:00+00:00,28.35,28.37,28.27,28.29,1699.41,2022,6,14
2022-06-14 22:33:00+00:00,28.29,28.3,28.24,28.27,1694.09,2022,6,14
2022-06-14 22:34:00+00:00,28.27,28.28,28.12,28.14,2671.53,2022,6,14
2022-06-14 22:35:00+00:00,28.15,28.26,28.13,28.25,4981.05,2022,6,14
2022-06-14 22:36:00+00:00,28.26,28.32,28.21,28.26,3414.49,2022,6,14
2022-06-14 22:37:00+00:00,28.27,28.28,28.23,28.26,2213.13,2022,6,14
2022-06-14 22:38:00+00:00,28.26,28.27,28.17,28.17,3023.47,2022,6,14
2022-06-14 22:39:00+00:00,28.18,28.3,28.18,28.3,2521.35,2022,6,14
2022-06-14 22:40:00+00:00,28.3,28.35,28.22,28.35,2754.16,2022,6,14
2022-06-14 22:41:00+00:00,28.35,28.41,28.35,28.4,5615.2,2022,6,14
2022-06-14 22:42:00+00:00,28.4,28.49,28.39,28.4,3816.44,2022,6,14
2022-06-14 22:43:00+00:00,28.39,28.45,28.39,28.45,1758.23,2022,6,14
2022-06-14 22:44:00+00:00,28.46,28.51,28.42,28.42,2711.28,2022,6,14
2022-06-14 22:45:00+00:00,28.43,28.56,28.43,28.47,17065.37,2022,6,14
2022-06-14 22:46:00+00:00,28.46,28.51,28.46,28.49,2534.95,2022,6,14
2022-06-14 22:47:00+00:00,28.47,28.53,28.44,28.52,2378.65,2022,6,14
2022-06-14 22:48:00+00:00,28.52,28.59,28.51,28.57,2189.34,2022,6,14
2022-06-14 22:49:00+00:00,28.57,28.64,28.57,28.58,3888.78,2022,6,14
2022-06-14 22:50:00+00:00,28.58,28.62,28.54,28.54,5289.48,2022,6,14
2022-06-14 22:51:00+00:00,28.54,28.57,28.5,28.57,2424.16,2022,6,14
2022-06-14 22:52:00+00:00,28.58,28.58,28.54,28.55,1320.79,2022,6,14
2022-06-14 22:53:00+00:00,28.55,28.59,28.54,28.58,2023.04,2022,6,14
2022-06-14 22:54:00+00:00,28.57,28.59,28.54,28.54,2239.78,2022,6,14
2022-06-14 22:55:00+00:00,28.55,28.55,28.5,28.54,3613.44,2022,6,14
2022-06-14 22:56:00+00:00,28.54,28.58,28.53,28.55,1645.86,2022,6,14
2022-06-14 22:57:00+00:00,28.55,28.55,28.5,28.52,2733.0,2022,6,14
2022-06-14 22:58:00+00:00,28.52,28.58,28.51,28.57,1384.73,2022,6,14
2022-06-14 22:59:00+00:00,28.56,28.59,28.52,28.53,2648.0,2022,6,14
2022-06-14 23:00:00+00:00,28.52,28.61,28.48,28.56,5064.08,2022,6,14
2022-06-14 23:01:00+00:00,28.56,28.58,28.53,28.57,858.86,2022,6,14
2022-06-14 23:02:00+00:00,28.57,28.57,28.53,28.57,1258.49,2022,6,14
2022-06-14 23:03:00+00:00,28.58,28.65,28.58,28.6,2432.74,2022,6,14
2022-06-14 23:04:00+00:00,28.59,28.68,28.58,28.68,1610.4,2022,6,14
2022-06-14 23:05:00+00:00,28.68,29.27,28.68,29.24,26363.77,2022,6,14
2022-06-14 23:06:00+00:00,29.24,29.31,28.96,28.96,19288.14,2022,6,14
2022-06-14 23:07:00+00:00,28.96,29.11,28.91,29.11,5348.59,2022,6,14
2022-06-14 23:08:00+00:00,29.09,29.23,29.09,29.19,8095.35,2022,6,14
2022-06-14 23:09:00+00:00,29.18,29.26,29.1,29.15,7258.17,2022,6,14
2022-06-14 23:10:00+00:00,29.14,29.19,29.11,29.12,4465.34,2022,6,14
2022-06-14 23:11:00+00:00,29.13,29.15,28.95,28.96,6067.6,2022,6,14
2022-06-14 23:12:00+00:00,28.96,28.99,28.86,28.9,4718.59,2022,6,14
2022-06-14 23:13:00+00:00,28.9,28.98,28.87,28.9,3710.03,2022,6,14
2022-06-14 23:14:00+00:00,28.9,29.05,28.9,29.03,17188.56,2022,6,14
2022-06-14 23:15:00+00:00,29.04,29.06,28.93,28.98,4118.12,2022,6,14
2022-06-14 23:16:00+00:00,28.97,29.03,28.96,28.97,2340.13,2022,6,14
2022-06-14 23:17:00+00:00,28.98,29.06,28.98,29.05,2759.2,2022,6,14
2022-06-14 23:18:00+00:00,29.04,29.12,29.03,29.05,5253.21,2022,6,14
2022-06-14 23:19:00+00:00,29.06,29.12,29.03,29.11,1627.62,2022,6,14
2022-06-14 23:20:00+00:00,29.12,29.14,29.09,29.11,1220.12,2022,6,14
2022-06-14 23:21:00+00:00,29.12,29.13,29.06,29.07,2947.26,2022,6,14
2022-06-14 23:22:00+00:00,29.07,29.1,29.01,29.08,6949.53,2022,6,14
2022-06-14 23:23:00+00:00,29.07,29.33,29.06,29.27,5711.91,2022,6,14
2022-06-14 23:24:00+00:00,29.27,29.61,29.26,29.47,28383.31,2022,6,14
2022-06-14 23:25:00+00:00,29.47,29.5,29.41,29.46,5953.54,2022,6,14
2022-06-14 23:26:00+00:00,29.46,29.62,29.32,29.47,22470.08,2022,6,14
2022-06-14 23:27:00+00:00,29.46,29.58,29.35,29.41,17333.97,2022,6,14
2022-06-14 23:28:00+00:00,29.42,29.54,29.34,29.38,9503.78,2022,6,14
2022-06-14 23:29:00+00:00,29.39,29.43,29.33,29.36,2360.31,2022,6,14
2022-06-14 23:30:00+00:00,29.36,29.58,29.36,29.49,19742.54,2022,6,14
2022-06-14 23:31:00+00:00,29.49,29.65,29.48,29.63,15734.32,2022,6,14
2022-06-14 23:32:00+00:00,29.62,29.72,29.55,29.72,6291.13,2022,6,14
2022-06-14 23:33:00+00:00,29.72,29.73,29.6,29.61,6167.96,2022,6,14
2022-06-14 23:34:00+00:00,29.6,29.67,29.54,29.64,5246.4,2022,6,14
2022-06-14 23:35:00+00:00,29.63,29.77,29.59,29.71,5362.55,2022,6,14
2022-06-14 23:36:00+00:00,29.7,29.97,29.66,29.81,22968.63,2022,6,14
2022-06-14 23:37:00+00:00,29.81,30.06,29.81,29.87,18361.09,2022,6,14
2022-06-14 23:38:00+00:00,29.86,29.9,29.78,29.84,6312.16,2022,6,14
2022-06-14 23:39:00+00:00,29.85,29.96,29.8,29.87,2952.99,2022,6,14
2022-06-14 23:40:00+00:00,29.88,29.89,29.76,29.78,17860.04,2022,6,14
2022-06-14 23:41:00+00:00,29.79,29.8,29.72,29.73,3371.01,2022,6,14
2022-06-14 23:42:00+00:00,29.74,29.82,29.69,29.76,7487.76,2022,6,14
2022-06-14 23:43:00+00:00,29.77,29.78,29.71,29.73,803.99,2022,6,14
2022-06-14 23:44:00+00:00,29.73,29.77,29.71,29.76,1386.18,2022,6,14
2022-06-14 23:45:00+00:00,29.77,29.98,29.76,29.9,4129.39,2022,6,14
2022-06-14 23:46:00+00:00,29.9,29.94,29.71,29.72,4855.87,2022,6,14
2022-06-14 23:47:00+00:00,29.72,29.79,29.7,29.78,6537.82,2022,6,14
2022-06-14 23:48:00+00:00,29.78,29.78,29.72,29.77,2073.5,2022,6,14
2022-06-14 23:49:00+00:00,29.76,29.8,29.75,29.76,2029.81,2022,6,14
2022-06-14 23:50:00+00:00,29.76,29.79,29.72,29.76,1912.66,2022,6,14
2022-06-14 23:51:00+00:00,29.77,29.94,29.76,29.85,3719.52,2022,6,14
2022-06-14 23:52:00+00:00,29.85,29.93,29.82,29.91,2967.25,2022,6,14
2022-06-14 23:53:00+00:00,29.9,29.9,29.76,29.76,2282.68,2022,6,14
2022-06-14 23:54:00+00:00,29.75,29.81,29.67,29.81,11752.19,2022,6,14
2022-06-14 23:55:00+00:00,29.81,29.83,29.73,29.77,1188.12,2022,6,14
2022-06-14 23:56:00+00:00,29.75,29.75,29.67,29.68,2954.95,2022,6,14
2022-06-14 23:57:00+00:00,29.67,29.71,29.67,29.7,1472.54,2022,6,14
2022-06-14 23:58:00+00:00,29.7,29.74,29.67,29.67,1656.54,2022,6,14
2022-06-14 23:59:00+00:00,29.67,29.67,29.51,29.59,5620.15,2022,6,14
2022-06-15 00:00:00+00:00,29.59,29.65,29.52,29.65,7943.36,2022,6,15
2022-06-15 00:01:00+00:00,29.66,29.67,29.47,29.57,12486.89,2022,6,15
2022-06-15 00:02:00+00:00,29.57,29.6,29.4,29.42,4195.58,2022,6,15
2022-06-15 00:03:00+00:00,29.43,29.6,29.42,29.53,22036.21,2022,6,15
2022-06-15 00:04:00+00:00,29.54,29.58,29.5,29.54,3553.25,2022,6,15
2022-06-15 00:05:00+00:00,29.53,29.54,29.39,29.5,12174.27,2022,6,15
2022-06-15 00:06:00+00:00,29.51,29.52,29.39,29.51,8003.23,2022,6,15
2022-06-15 00:07:00+00:00,29.52,29.52,29.42,29.43,7015.15,2022,6,15
2022-06-15 00:08:00+00:00,29.43,29.57,29.42,29.54,4063.34,2022,6,15
2022-06-15 00:09:00+00:00,29.55,29.6,29.52,29.58,2617.95,2022,6,15
2022-06-15 00:10:00+00:00,29.58,29.62,29.56,29.56,7333.8,2022,6,15
2022-06-15 00:11:00+00:00,29.55,29.59,29.5,29.51,2438.25,2022,6,15
2022-06-15 00:12:00+00:00,29.52,29.54,29.5,29.51,1537.8,2022,6,15
2022-06-15 00:13:00+00:00,29.52,29.53,29.37,29.37,4077.59,2022,6,15
2022-06-15 00:14:00+00:00,29.39,29.54,29.39,29.54,3664.19,2022,6,15
2022-06-15 00:15:00+00:00,29.53,29.65,29.44,29.59,5836.63,2022,6,15
2022-06-15 00:16:00+00:00,29.6,29.65,29.59,29.59,1852.39,2022,6,15
2022-06-15 00:17:00+00:00,29.59,29.74,29.59,29.7,7800.47,2022,6,15
2022-06-15 00:18:00+00:00,29.69,29.7,29.58,29.64,4816.74,2022,6,15
2022-06-15 00:19:00+00:00,29.63,29.69,29.63,29.69,571.33,2022,6,15
2022-06-15 00:20:00+00:00,29.69,29.79,29.67,29.77,4034.71,2022,6,15
2022-06-15 00:21:00+00:00,29.76,29.86,29.76,29.81,5780.03,2022,6,15
2022-06-15 00:22:00+00:00,29.8,29.8,29.66,29.67,3405.45,2022,6,15
2022-06-15 00:23:00+00:00,29.67,29.77,29.64,29.74,4132.81,2022,6,15
2022-06-15 00:24:00+00:00,29.73,29.77,29.7,29.7,1161.11,2022,6,15
2022-06-15 00:25:00+00:00,29.71,29.79,29.69,29.73,5204.33,2022,6,15
2022-06-15 00:26:00+00:00,29.73,29.76,29.72,29.73,2026.09,2022,6,15
2022-06-15 00:27:00+00:00,29.72,29.79,29.72,29.75,1182.59,2022,6,15
2022-06-15 00:28:00+00:00,29.75,29.75,29.63,29.66,6365.38,2022,6,15
2022-06-15 00:29:00+00:00,29.65,29.73,29.64,29.72,4275.97,2022,6,15
2022-06-15 00:30:00+00:00,29.73,29.74,29.57,29.66,4015.39,2022,6,15
2022-06-15 00:31:00+00:00,29.67,29.67,29.57,29.64,2421.06,2022,6,15
2022-06-15 00:32:00+00:00,29.64,29.84,29.63,29.8,9398.54,2022,6,15
2022-06-15 00:33:00+00:00,29.8,30.16,29.8,30.11,11492.19,2022,6,15
2022-06-15 00:34:00+00:00,30.11,30.25,30.03,30.06,17908.9,2022,6,15
2022-06-15 00:35:00+00:00,30.05,30.16,30.03,30.08,7128.93,2022,6,15
2022-06-15 00:36:00+00:00,30.09,30.15,30.07,30.11,4376.47,2022,6,15
2022-06-15 00:37:00+00:00,30.11,30.19,30.06,30.12,3742.88,2022,6,15
2022-06-15 00:38:00+00:00,30.12,30.21,30.05,30.05,3909.12,2022,6,15
2022-06-15 00:39:00+00:00,30.06,30.11,30.05,30.11,3145.56,2022,6,15
2022-06-15 00:40:00+00:00,30.11,30.12,30.02,30.03,2405.74,2022,6,15
2022-06-15 00:41:00+00:00,30.03,30.07,29.95,30.06,7524.57,2022,6,15
2022-06-15 00:42:00+00:00,30.06,30.06,29.94,29.99,3559.82,2022,6,15
2022-06-15 00:43:00+00:00,29.98,29.99,29.92,29.94,2127.31,2022,6,15
2022-06-15 00:44:00+00:00,29.94,30.01,29.92,29.93,6506.76,2022,6,15
2022-06-15 00:45:00+00:00,29.93,30.03,29.93,30.03,2190.45,2022,6,15
2022-06-15 00:46:00+00:00,30.03,30.04,29.96,29.97,2500.12,2022,6,15
2022-06-15 00:47:00+00:00,29.96,30.02,29.83,29.84,7524.06,2022,6,15
2022-06-15 00:48:00+00:00,29.84,29.86,29.74,29.77,11526.1,2022,6,15
2022-06-15 00:49:00+00:00,29.77,29.77,29.64,29.67,5733.99,2022,6,15
2022-06-15 00:50:00+00:00,29.67,29.67,29.5,29.54,15297.18,2022,6,15
2022-06-15 00:51:00+00:00,29.55,29.6,29.54,29.57,7249.87,2022,6,15
2022-06-15 00:52:00+00:00,29.57,29.6,29.54,29.55,5086.5,2022,6,15
2022-06-15 00:53:00+00:00,29.54,29.6,29.48,29.58,4541.98,2022,6,15
2022-06-15 00:54:00+00:00,29.58,29.58,29.5,29.58,3532.99,2022,6,15
2022-06-15 00:55:00+00:00,29.56,29.58,29.51,29.55,4155.11,2022,6,15
2022-06-15 00:56:00+00:00,29.56,29.56,29.42,29.49,7252.26,2022,6,15
2022-06-15 00:57:00+00:00,29.49,29.51,29.45,29.51,968.1,2022,6,15
2022-06-15 00:58:00+00:00,29.51,29.52,29.45,29.51,4486.63,2022,6,15
2022-06-15 00:59:00+00:00,29.51,29.55,29.5,29.52,3363.67,2022,6,15
2022-06-15 01:00:00+00:00,29.51,29.6,29.49,29.49,2713.49,2022,6,15
2022-06-15 01:01:00+00:00,29.5,29.52,29.43,29.44,4529.31,2022,6,15
2022-06-15 01:02:00+00:00,29.44,29.54,29.43,29.51,4343.34,2022,6,15
2022-06-15 01:03:00+00:00,29.51,29.64,29.51,29.62,2584.71,2022,6,15
2022-06-15 01:04:00+00:00,29.61,29.64,29.58,29.63,1181.54,2022,6,15
2022-06-15 01:05:00+00:00,29.62,29.62,29.48,29.49,3718.08,2022,6,15
2022-06-15 01:06:00+00:00,29.48,29.48,29.4,29.43,4449.92,2022,6,15
2022-06-15 01:07:00+00:00,29.43,29.49,29.43,29.49,661.24,2022,6,15
2022-06-15 01:08:00+00:00,29.49,29.58,29.49,29.56,924.57,2022,6,15
2022-06-15 01:09:00+00:00,29.57,29.62,29.52,29.57,7345.67,2022,6,15
2022-06-15 01:10:00+00:00,29.57,29.61,29.57,29.59,1854.97,2022,6,15
2022-06-15 01:11:00+00:00,29.59,29.63,29.56,29.62,855.47,2022,6,15
2022-06-15 01:12:00+00:00,29.63,29.66,29.57,29.64,1436.65,2022,6,15
2022-06-15 01:13:00+00:00,29.63,29.63,29.59,29.6,797.21,2022,6,15
2022-06-15 01:14:00+00:00,29.6,29.72,29.59,29.67,5670.14,2022,6,15
2022-06-15 01:15:00+00:00,29.67,29.71,29.59,29.67,2985.65,2022,6,15
2022-06-15 01:16:00+00:00,29.67,29.67,29.62,29.64,2807.56,2022,6,15
2022-06-15 01:17:00+00:00,29.65,29.73,29.65,29.71,2564.27,2022,6,15
2022-06-15 01:18:00+00:00,29.71,29.75,29.66,29.74,2036.18,2022,6,15
2022-06-15 01:19:00+00:00,29.74,29.75,29.67,29.67,2627.24,2022,6,15
2022-06-15 01:20:00+00:00,29.67,29.76,29.67,29.75,3012.77,2022,6,15
2022-06-15 01:21:00+00:00,29.74,29.78,29.67,29.69,2272.24,2022,6,15
2022-06-15 01:22:00+00:00,29.68,29.69,29.62,29.63,4076.76,2022,6,15
2022-06-15 01:23:00+00:00,29.63,29.65,29.58,29.65,3679.76,2022,6,15
2022-06-15 01:24:00+00:00,29.66,29.67,29.56,29.64,7425.07,2022,6,15
2022-06-15 01:25:00+00:00,29.63,29.73,29.61,29.71,2364.0,2022,6,15
2022-06-15 01:26:00+00:00,29.72,29.76,29.72,29.72,4668.61,2022,6,15
2022-06-15 01:27:00+00:00,29.72,29.74,29.62,29.64,2929.89,2022,6,15
2022-06-15 01:28:00+00:00,29.66,29.66,29.62,29.62,1204.08,2022,6,15
2022-06-15 01:29:00+00:00,29.62,29.71,29.62,29.68,2110.36,2022,6,15
2022-06-15 01:30:00+00:00,29.68,29.72,29.59,29.63,3565.38,2022,6,15
2022-06-15 01:31:00+00:00,29.63,29.63,29.53,29.57,4446.26,2022,6,15
2022-06-15 01:32:00+00:00,29.57,29.58,29.49,29.49,827.98,2022,6,15
2022-06-15 01:33:00+00:00,29.49,29.59,29.49,29.59,4412.57,2022,6,15
2022-06-15 01:34:00+00:00,29.6,29.6,29.49,29.52,1994.31,2022,6,15
2022-06-15 01:35:00+00:00,29.52,29.52,29.46,29.49,1517.65,2022,6,15
2022-06-15 01:36:00+00:00,29.5,29.54,29.47,29.5,3545.34,2022,6,15
2022-06-15 01:37:00+00:00,29.51,29.58,29.48,29.58,2054.11,2022,6,15
2022-06-15 01:38:00+00:00,29.58,29.68,29.54,29.68,2518.85,2022,6,15
2022-06-15 01:39:00+00:00,29.67,29.68,29.63,29.65,4040.52,2022,6,15
2022-06-15 01:40:00+00:00,29.65,29.83,29.64,29.81,6952.58,2022,6,15
2022-06-15 01:41:00+00:00,29.81,29.97,29.78,29.93,15756.56,2022,6,15
2022-06-15 01:42:00+00:00,29.93,30.09,29.92,30.04,11427.64,2022,6,15
2022-06-15 01:43:00+00:00,30.05,30.16,30.01,30.09,10429.89,2022,6,15
2022-06-15 01:44:00+00:00,30.09,30.19,30.09,30.15,11379.3,2022,6,15
2022-06-15 01:45:00+00:00,30.16,30.19,30.08,30.13,5951.73,2022,6,15
2022-06-15 01:46:00+00:00,30.14,30.28,30.07,30.18,12904.02,2022,6,15
2022-06-15 01:47:00+00:00,30.15,30.2,30.06,30.13,7521.94,2022,6,15
2022-06-15 01:48:00+00:00,30.12,30.18,30.09,30.15,7824.57,2022,6,15
2022-06-15 01:49:00+00:00,30.16,30.27,30.14,30.25,3890.98,2022,6,15
2022-06-15 01:50:00+00:00,30.26,30.27,30.16,30.24,16129.62,2022,6,15
2022-06-15 01:51:00+00:00,30.24,30.25,30.18,30.23,8126.87,2022,6,15
2022-06-15 01:52:00+00:00,30.23,30.29,30.21,30.24,7977.49,2022,6,15
2022-06-15 01:53:00+00:00,30.24,30.25,30.18,30.2,3522.56,2022,6,15
2022-06-15 01:54:00+00:00,30.21,30.26,30.18,30.21,2370.91,2022,6,15
2022-06-15 01:55:00+00:00,30.22,30.23,30.08,30.09,53843.36,2022,6,15
2022-06-15 01:56:00+00:00,30.09,30.12,30.03,30.04,4831.65,2022,6,15
2022-06-15 01:57:00+00:00,30.05,30.1,30.03,30.07,1739.47,2022,6,15
2022-06-15 01:58:00+00:00,30.07,30.09,30.04,30.04,811.86,2022,6,15
2022-06-15 01:59:00+00:00,30.03,30.03,29.96,30.02,8009.53,2022,6,15
2022-06-15 02:00:00+00:00,30.03,30.06,29.92,29.98,8901.25,2022,6,15
2022-06-15 02:01:00+00:00,29.98,29.99,29.93,29.95,5136.85,2022,6,15
2022-06-15 02:02:00+00:00,29.95,29.96,29.93,29.94,2129.45,2022,6,15
2022-06-15 02:03:00+00:00,29.94,30.0,29.93,29.98,2038.78,2022,6,15
2022-06-15 02:04:00+00:00,29.97,29.97,29.83,29.85,9364.05,2022,6,15
2022-06-15 02:05:00+00:00,29.85,29.9,29.84,29.86,968.44,2022,6,15
2022-06-15 02:06:00+00:00,29.87,29.91,29.8,29.84,7805.51,2022,6,15
2022-06-15 02:07:00+00:00,29.83,29.89,29.82,29.86,2721.98,2022,6,15
2022-06-15 02:08:00+00:00,29.86,29.89,29.81,29.89,2912.22,2022,6,15
2022-06-15 02:09:00+00:00,29.88,29.88,29.83,29.83,1137.53,2022,6,15
2022-06-15 02:10:00+00:00,29.83,29.86,29.83,29.84,1316.18,2022,6,15
2022-06-15 02:11:00+00:00,29.83,29.84,29.8,29.82,2382.34,2022,6,15
2022-06-15 02:12:00+00:00,29.82,29.87,29.8,29.82,6437.57,2022,6,15
2022-06-15 02:13:00+00:00,29.82,29.85,29.78,29.81,7418.91,2022,6,15
2022-06-15 02:14:00+00:00,29.81,29.81,29.75,29.77,1006.17,2022,6,15
2022-06-15 02:15:00+00:00,29.76,29.87,29.74,29.83,4612.15,2022,6,15
2022-06-15 02:16:00+00:00,29.82,29.82,29.67,29.68,3111.06,2022,6,15
2022-06-15 02:17:00+00:00,29.68,29.7,29.6,29.62,5550.57,2022,6,15
2022-06-15 02:18:00+00:00,29.63,29.72,29.63,29.7,2050.91,2022,6,15
2022-06-15 02:19:00+00:00,29.7,29.7,29.65,29.68,2605.71,2022,6,15
2022-06-15 02:20:00+00:00,29.68,29.68,29.6,29.63,1570.63,2022,6,15
2022-06-15 02:21:00+00:00,29.63,29.63,29.6,29.61,1287.4,2022,6,15
2022-06-15 02:22:00+00:00,29.6,29.61,29.51,29.52,4120.76,2022,6,15
2022-06-15 02:23:00+00:00,29.52,29.58,29.49,29.58,2580.44,2022,6,15
2022-06-15 02:24:00+00:00,29.57,29.58,29.42,29.42,2458.11,2022,6,15
2022-06-15 02:25:00+00:00,29.43,29.44,29.34,29.38,4104.82,2022,6,15
2022-06-15 02:26:00+00:00,29.38,29.38,29.28,29.32,6987.78,2022,6,15
2022-06-15 02:27:00+00:00,29.32,29.4,29.32,29.39,1293.32,2022,6,15
2022-06-15 02:28:00+00:00,29.39,29.4,29.35,29.4,1214.4,2022,6,15
2022-06-15 02:29:00+00:00,29.4,29.59,29.39,29.51,46576.73,2022,6,15
2022-06-15 02:30:00+00:00,29.5,29.54,29.46,29.5,18339.69,2022,6,15
2022-06-15 02:31:00+00:00,29.5,29.52,29.4,29.46,7924.66,2022,6,15
2022-06-15 02:32:00+00:00,29.45,29.45,29.37,29.44,2696.98,2022,6,15
2022-06-15 02:33:00+00:00,29.44,29.49,29.44,29.44,1984.09,2022,6,15
2022-06-15 02:34:00+00:00,29.43,29.47,29.43,29.44,1794.17,2022,6,15
2022-06-15 02:35:00+00:00,29.44,29.45,29.42,29.43,3257.12,2022,6,15
2022-06-15 02:36:00+00:00,29.43,29.45,29.38,29.45,4257.31,2022,6,15
2022-06-15 02:37:00+00:00,29.45,29.52,29.45,29.48,2936.93,2022,6,15
2022-06-15 02:38:00+00:00,29.49,29.53,29.49,29.53,1404.18,2022,6,15
2022-06-15 02:39:00+00:00,29.53,29.54,29.48,29.49,1013.46,2022,6,15
2022-06-15 02:40:00+00:00,29.49,29.57,29.49,29.57,2672.8,2022,6,15
2022-06-15 02:41:00+00:00,29.56,29.59,29.55,29.56,4373.83,2022,6,15
2022-06-15 02:42:00+00:00,29.57,29.58,29.43,29.45,12978.57,2022,6,15
2022-06-15 02:43:00+00:00,29.44,29.47,29.33,29.33,7603.84,2022,6,15
2022-06-15 02:44:00+00:00,29.33,29.33,29.21,29.3,4846.6,2022,6,15
2022-06-15 02:45:00+00:00,29.3,29.39,29.3,29.36,1834.66,2022,6,15
2022-06-15 02:46:00+00:00,29.35,29.37,29.29,29.34,8183.1,2022,6,15
2022-06-15 02:47:00+00:00,29.33,29.34,29.3,29.33,1463.03,2022,6,15
2022-06-15 02:48:00+00:00,29.33,29.35,29.31,29.32,1244.49,2022,6,15
2022-06-15 02:49:00+00:00,29.31,29.35,29.31,29.32,1336.8,2022,6,15
2022-06-15 02:50:00+00:00,29.33,29.39,29.33,29.39,1777.65,2022,6,15
2022-06-15 02:51:00+00:00,29.38,29.43,29.33,29.36,3072.39,2022,6,15
2022-06-15 02:52:00+00:00,29.35,29.4,29.22,29.24,25166.64,2022,6,15
2022-06-15 02:53:00+00:00,29.24,29.27,29.15,29.16,16380.99,2022,6,15
2022-06-15 02:54:00+00:00,29.16,29.17,29.13,29.15,4818.99,2022,6,15
2022-06-15 02:55:00+00:00,29.17,29.18,29.12,29.16,2669.01,2022,6,15
2022-06-15 02:56:00+00:00,29.16,29.27,29.13,29.27,18031.1,2022,6,15
2022-06-15 02:57:00+00:00,29.28,29.31,29.26,29.28,1391.08,2022,6,15
2022-06-15 02:58:00+00:00,29.28,29.32,29.27,29.31,2559.85,2022,6,15
2022-06-15 02:59:00+00:00,29.31,29.39,29.25,29.39,5602.47,2022,6,15
2022-06-15 03:00:00+00:00,29.38,29.47,29.35,29.37,5238.99,2022,6,15
2022-06-15 03:01:00+00:00,29.37,29.42,29.34,29.39,2131.04,2022,6,15
2022-06-15 03:02:00+00:00,29.4,29.47,29.4,29.45,2426.02,2022,6,15
2022-06-15 03:03:00+00:00,29.44,29.5,29.42,29.45,5694.15,2022,6,15
2022-06-15 03:04:00+00:00,29.46,29.46,29.36,29.38,9688.63,2022,6,15
2022-06-15 03:05:00+00:00,29.39,29.41,29.36,29.41,5383.01,2022,6,15
2022-06-15 03:06:00+00:00,29.41,29.41,29.37,29.38,846.08,2022,6,15
2022-06-15 03:07:00+00:00,29.37,29.37,29.25,29.26,3267.54,2022,6,15
2022-06-15 03:08:00+00:00,29.26,29.31,29.15,29.21,23334.13,2022,6,15
2022-06-15 03:09:00+00:00,29.2,29.24,29.07,29.09,5527.57,2022,6,15
2022-06-15 03:10:00+00:00,29.1,29.12,28.93,29.01,23710.64,2022,6,15
2022-06-15 03:11:00+00:00,29.01,29.07,29.01,29.05,3913.08,2022,6,15
2022-06-15 03:12:00+00:00,29.05,29.12,29.03,29.11,2382.49,2022,6,15
2022-06-15 03:13:00+00:00,29.1,29.11,29.05,29.07,12996.13,2022,6,15
2022-06-15 03:14:00+00:00,29.07,29.09,29.01,29.01,2289.98,2022,6,15
2022-06-15 03:15:00+00:00,29.02,29.04,28.95,29.01,1880.44,2022,6,15
2022-06-15 03:16:00+00:00,29.02,29.13,29.02,29.07,4474.7,2022,6,15
2022-06-15 03:17:00+00:00,29.07,29.07,29.01,29.02,1839.74,2022,6,15
2022-06-15 03:18:00+00:00,29.01,29.05,28.99,29.05,3230.07,2022,6,15
2022-06-15 03:19:00+00:00,29.06,29.08,29.01,29.07,1621.24,2022,6,15
2022-06-15 03:20:00+00:00,29.07,29.08,29.01,29.01,1811.14,2022,6,15
2022-06-15 03:21:00+00:00,29.02,29.04,28.99,28.99,1885.37,2022,6,15
2022-06-15 03:22:00+00:00,28.99,28.99,28.87,28.96,7204.83,2022,6,15
2022-06-15 03:23:00+00:00,28.96,28.99,28.91,28.91,2103.12,2022,6,15
2022-06-15 03:24:00+00:00,28.91,28.94,28.85,28.88,3125.48,2022,6,15
2022-06-15 03:25:00+00:00,28.87,28.88,28.79,28.85,7012.4,2022,6,15
2022-06-15 03:26:00+00:00,28.86,28.89,28.78,28.84,3202.74,2022,6,15
2022-06-15 03:27:00+00:00,28.84,28.89,28.83,28.84,1346.78,2022,6,15
2022-06-15 03:28:00+00:00,28.84,28.87,28.82,28.87,2126.41,2022,6,15
2022-06-15 03:29:00+00:00,28.88,28.94,28.87,28.94,2369.48,2022,6,15
2022-06-15 03:30:00+00:00,28.93,28.94,28.86,28.91,2719.99,2022,6,15
2022-06-15 03:31:00+00:00,28.91,28.93,28.82,28.82,1262.34,2022,6,15
2022-06-15 03:32:00+00:00,28.82,28.85,28.78,28.82,4943.33,2022,6,15
2022-06-15 03:33:00+00:00,28.82,28.86,28.77,28.86,1261.06,2022,6,15
2022-06-15 03:34:00+00:00,28.87,28.88,28.85,28.85,1630.63,2022,6,15
2022-06-15 03:35:00+00:00,28.84,28.85,28.75,28.75,1466.94,2022,6,15
2022-06-15 03:36:00+00:00,28.76,28.79,28.73,28.76,2326.9,2022,6,15
2022-06-15 03:37:00+00:00,28.76,28.78,28.74,28.76,790.47,2022,6,15
2022-06-15 03:38:00+00:00,28.76,28.79,28.74,28.75,3645.44,2022,6,15
2022-06-15 03:39:00+00:00,28.74,28.78,28.73,28.76,2858.0,2022,6,15
2022-06-15 03:40:00+00:00,28.76,28.77,28.72,28.75,3817.27,2022,6,15
2022-06-15 03:41:00+00:00,28.74,28.75,28.69,28.72,3550.96,2022,6,15
2022-06-15 03:42:00+00:00,28.71,28.77,28.71,28.73,1378.3,2022,6,15
2022-06-15 03:43:00+00:00,28.73,28.73,28.68,28.69,3187.18,2022,6,15
2022-06-15 03:44:00+00:00,28.69,28.75,28.67,28.68,2244.94,2022,6,15
2022-06-15 03:45:00+00:00,28.68,28.76,28.64,28.74,2467.63,2022,6,15
2022-06-15 03:46:00+00:00,28.73,28.76,28.7,28.71,1676.84,2022,6,15
2022-06-15 03:47:00+00:00,28.7,29.06,28.7,28.98,35321.29,2022,6,15
2022-06-15 03:48:00+00:00,28.97,28.97,28.87,28.89,3064.38,2022,6,15
2022-06-15 03:49:00+00:00,28.9,28.96,28.89,28.91,3152.73,2022,6,15
2022-06-15 03:50:00+00:00,28.92,28.95,28.86,28.87,2737.32,2022,6,15
2022-06-15 03:51:00+00:00,28.88,28.89,28.81,28.86,2136.65,2022,6,15
2022-06-15 03:52:00+00:00,28.87,28.89,28.83,28.83,1420.7,2022,6,15
2022-06-15 03:53:00+00:00,28.83,28.87,28.82,28.83,1564.02,2022,6,15
2022-06-15 03:54:00+00:00,28.82,28.84,28.8,28.83,943.7,2022,6,15
2022-06-15 03:55:00+00:00,28.84,28.88,28.81,28.87,1908.32,2022,6,15
2022-06-15 03:56:00+00:00,28.87,28.88,28.82,28.86,2337.54,2022,6,15
2022-06-15 03:57:00+00:00,28.87,28.87,28.75,28.79,9348.33,2022,6,15
2022-06-15 03:58:00+00:00,28.78,28.78,28.73,28.75,4908.61,2022,6,15
2022-06-15 03:59:00+00:00,28.74,28.8,28.72,28.8,5508.29,2022,6,15
2022-06-15 04:00:00+00:00,28.8,28.82,28.75,28.75,4505.78,2022,6,15
2022-06-15 04:01:00+00:00,28.75,28.77,28.69,28.69,5196.53,2022,6,15
2022-06-15 04:02:00+00:00,28.7,28.73,28.64,28.71,5902.2,2022,6,15
2022-06-15 04:03:00+00:00,28.71,28.71,28.62,28.67,9792.57,2022,6,15
2022-06-15 04:04:00+00:00,28.68,28.69,28.65,28.68,2876.48,2022,6,15
2022-06-15 04:05:00+00:00,28.67,28.67,28.62,28.66,2201.23,2022,6,15
2022-06-15 04:06:00+00:00,28.65,28.67,28.57,28.61,19887.47,2022,6,15
2022-06-15 04:07:00+00:00,28.61,28.63,28.54,28.56,6739.66,2022,6,15
2022-06-15 04:08:00+00:00,28.56,28.57,28.43,28.43,7344.54,2022,6,15
2022-06-15 04:09:00+00:00,28.43,28.49,28.35,28.37,8965.73,2022,6,15
2022-06-15 04:10:00+00:00,28.36,28.38,28.27,28.31,10821.52,2022,6,15
2022-06-15 04:11:00+00:00,28.31,28.34,28.19,28.24,9742.42,2022,6,15
2022-06-15 04:12:00+00:00,28.25,28.3,28.15,28.21,7332.2,2022,6,15
2022-06-15 04:13:00+00:00,28.2,28.25,28.01,28.14,68375.76,2022,6,15
2022-06-15 04:14:00+00:00,28.13,28.43,28.06,28.4,24392.44,2022,6,15
2022-06-15 04:15:00+00:00,28.39,28.5,28.27,28.29,19006.69,2022,6,15
2022-06-15 04:16:00+00:00,28.29,28.29,28.18,28.19,7880.82,2022,6,15
2022-06-15 04:17:00+00:00,28.19,28.31,28.19,28.21,4520.45,2022,6,15
2022-06-15 04:18:00+00:00,28.21,28.27,28.14,28.21,4790.63,2022,6,15
2022-06-15 04:19:00+00:00,28.21,28.27,28.18,28.21,13401.85,2022,6,15
2022-06-15 04:20:00+00:00,28.2,28.21,28.07,28.11,16907.77,2022,6,15
2022-06-15 04:21:00+00:00,28.1,28.23,28.04,28.23,11614.73,2022,6,15
2022-06-15 04:22:00+00:00,28.23,28.25,28.16,28.21,4953.73,2022,6,15
2022-06-15 04:23:00+00:00,28.22,28.32,28.21,28.24,5398.8,2022,6,15
2022-06-15 04:24:00+00:00,28.23,28.29,28.19,28.22,3273.08,2022,6,15
2022-06-15 04:25:00+00:00,28.22,28.29,28.15,28.22,3645.08,2022,6,15
2022-06-15 04:26:00+00:00,28.22,28.22,28.1,28.1,4967.41,2022,6,15
2022-06-15 04:27:00+00:00,28.1,28.16,28.06,28.09,4095.08,2022,6,15
2022-06-15 04:28:00+00:00,28.09,28.23,28.08,28.2,4333.58,2022,6,15
2022-06-15 04:29:00+00:00,28.21,28.21,28.1,28.14,2475.05,2022,6,15
2022-06-15 04:30:00+00:00,28.14,28.19,28.04,28.11,5466.72,2022,6,15
2022-06-15 04:31:00+00:00,28.12,28.19,28.09,28.18,5378.0,2022,6,15
2022-06-15 04:32:00+00:00,28.18,28.43,28.16,28.38,10026.94,2022,6,15
2022-06-15 04:33:00+00:00,28.39,28.44,28.31,28.31,5423.61,2022,6,15
2022-06-15 04:34:00+00:00,28.31,28.32,28.16,28.21,2885.07,2022,6,15
2022-06-15 04:35:00+00:00,28.2,28.2,28.05,28.07,12911.49,2022,6,15
2022-06-15 04:36:00+00:00,28.07,28.16,28.03,28.15,7575.68,2022,6,15
2022-06-15 04:37:00+00:00,28.15,28.21,28.07,28.21,4625.74,2022,6,15
2022-06-15 04:38:00+00:00,28.21,28.31,28.18,28.31,9386.5,2022,6,15
2022-06-15 04:39:00+00:00,28.3,28.35,28.26,28.3,4784.84,2022,6,15
2022-06-15 04:40:00+00:00,28.29,28.3,28.24,28.26,2485.9,2022,6,15
2022-06-15 04:41:00+00:00,28.26,28.26,28.21,28.24,2101.18,2022,6,15
2022-06-15 04:42:00+00:00,28.25,28.32,28.21,28.24,2626.63,2022,6,15
2022-06-15 04:43:00+00:00,28.23,28.26,28.16,28.25,5137.17,2022,6,15
2022-06-15 04:44:00+00:00,28.25,28.37,28.25,28.31,4747.69,2022,6,15
2022-06-15 04:45:00+00:00,28.3,28.43,28.3,28.42,5120.54,2022,6,15
2022-06-15 04:46:00+00:00,28.42,28.6,28.41,28.58,10977.02,2022,6,15
2022-06-15 04:47:00+00:00,28.58,28.71,28.57,28.68,8552.02,2022,6,15
2022-06-15 04:48:00+00:00,28.68,28.73,28.54,28.55,9858.93,2022,6,15
2022-06-15 04:49:00+00:00,28.55,28.6,28.5,28.54,12388.25,2022,6,15
2022-06-15 04:50:00+00:00,28.53,28.68,28.53,28.61,2161.73,2022,6,15
2022-06-15 04:51:00+00:00,28.61,28.62,28.54,28.57,1982.13,2022,6,15
2022-06-15 04:52:00+00:00,28.56,28.61,28.52,28.53,4482.17,2022,6,15
2022-06-15 04:53:00+00:00,28.54,28.59,28.5,28.55,1545.3,2022,6,15
2022-06-15 04:54:00+00:00,28.55,28.6,28.5,28.6,2570.84,2022,6,15
2022-06-15 04:55:00+00:00,28.61,28.66,28.51,28.51,3891.38,2022,6,15
2022-06-15 04:56:00+00:00,28.52,28.55,28.43,28.53,7828.86,2022,6,15
2022-06-15 04:57:00+00:00,28.52,28.62,28.52,28.55,3212.8,2022,6,15
2022-06-15 04:58:00+00:00,28.55,28.58,28.51,28.57,1886.43,2022,6,15
2022-06-15 04:59:00+00:00,28.57,28.61,28.52,28.55,4261.56,2022,6,15
2022-06-15 05:00:00+00:00,28.54,28.65,28.51,28.64,3432.51,2022,6,15
2022-06-15 05:01:00+00:00,28.64,28.79,28.62,28.78,5273.19,2022,6,15
2022-06-15 05:02:00+00:00,28.78,28.8,28.68,28.69,10482.12,2022,6,15
2022-06-15 05:03:00+00:00,28.68,28.71,28.53,28.54,9562.63,2022,6,15
2022-06-15 05:04:00+00:00,28.53,28.55,28.4,28.42,4874.56,2022,6,15
2022-06-15 05:05:00+00:00,28.42,28.47,28.36,28.44,13314.35,2022,6,15
2022-06-15 05:06:00+00:00,28.44,28.56,28.44,28.49,3165.48,2022,6,15
2022-06-15 05:07:00+00:00,28.48,28.56,28.46,28.52,1024.19,2022,6,15
2022-06-15 05:08:00+00:00,28.52,28.57,28.46,28.55,1315.5,2022,6,15
2022-06-15 05:09:00+00:00,28.54,28.57,28.47,28.51,2242.99,2022,6,15
2022-06-15 05:10:00+00:00,28.51,28.52,28.41,28.41,1204.56,2022,6,15
2022-06-15 05:11:00+00:00,28.42,28.47,28.39,28.45,1891.03,2022,6,15
2022-06-15 05:12:00+00:00,28.44,28.49,28.43,28.47,1694.26,2022,6,15
2022-06-15 05:13:00+00:00,28.47,28.53,28.42,28.43,2940.64,2022,6,15
2022-06-15 05:14:00+00:00,28.43,28.44,28.33,28.36,2345.78,2022,6,15
2022-06-15 05:15:00+00:00,28.36,28.4,28.17,28.2,7666.87,2022,6,15
2022-06-15 05:16:00+00:00,28.19,28.24,28.09,28.16,12782.02,2022,6,15
2022-06-15 05:17:00+00:00,28.16,28.22,28.1,28.2,3290.01,2022,6,15
2022-06-15 05:18:00+00:00,28.19,28.37,28.19,28.37,1646.24,2022,6,15
2022-06-15 05:19:00+00:00,28.37,28.38,28.17,28.17,2232.73,2022,6,15
2022-06-15 05:20:00+00:00,28.17,28.17,27.82,27.88,31635.11,2022,6,15
2022-06-15 05:21:00+00:00,27.89,27.99,27.87,27.88,7274.55,2022,6,15
2022-06-15 05:22:00+00:00,27.87,27.95,27.79,27.79,9262.69,2022,6,15
2022-06-15 05:23:00+00:00,27.78,27.83,27.67,27.72,11979.69,2022,6,15
2022-06-15 05:24:00+00:00,27.72,27.8,27.67,27.7,17505.15,2022,6,15
2022-06-15 05:25:00+00:00,27.69,27.76,27.56,27.57,7292.92,2022,6,15
2022-06-15 05:26:00+00:00,27.56,27.72,27.46,27.64,32026.77,2022,6,15
2022-06-15 05:27:00+00:00,27.63,27.7,27.61,27.61,6492.51,2022,6,15
2022-06-15 05:28:00+00:00,27.61,27.66,27.57,27.59,9018.1,2022,6,15
2022-06-15 05:29:00+00:00,27.58,27.64,27.57,27.63,4210.73,2022,6,15
2022-06-15 05:30:00+00:00,27.64,27.71,27.49,27.56,13089.47,2022,6,15
2022-06-15 05:31:00+00:00,27.56,27.73,27.35,27.7,35429.64,2022,6,15
2022-06-15 05:32:00+00:00,27.71,28.1,27.71,27.97,27045.52,2022,6,15
2022-06-15 05:33:00+00:00,27.95,28.25,27.92,28.21,20933.51,2022,6,15
2022-06-15 05:34:00+00:00,28.21,28.23,28.06,28.09,8620.62,2022,6,15
2022-06-15 05:35:00+00:00,28.09,28.25,28.08,28.21,11775.54,2022,6,15
2022-06-15 05:36:00+00:00,28.22,28.22,28.1,28.13,5331.44,2022,6,15
2022-06-15 05:37:00+00:00,28.13,28.13,27.96,27.97,6924.12,2022,6,15
2022-06-15 05:38:00+00:00,27.97,28.06,27.94,27.98,4560.6,2022,6,15
2022-06-15 05:39:00+00:00,27.98,28.02,27.92,28.02,3871.13,2022,6,15
2022-06-15 05:40:00+00:00,28.02,28.03,27.89,27.91,6346.73,2022,6,15
2022-06-15 05:41:00+00:00,27.89,27.91,27.79,27.9,9826.64,2022,6,15
2022-06-15 05:42:00+00:00,27.89,27.93,27.82,27.84,4702.44,2022,6,15
2022-06-15 05:43:00+00:00,27.83,27.92,27.8,27.91,2588.14,2022,6,15
2022-06-15 05:44:00+00:00,27.92,28.02,27.87,28.01,4782.64,2022,6,15
2022-06-15 05:45:00+00:00,28.01,28.12,27.91,27.91,6202.48,2022,6,15
2022-06-15 05:46:00+00:00,27.9,28.03,27.88,27.99,2265.98,2022,6,15
2022-06-15 05:47:00+00:00,28.0,28.1,27.98,28.1,6666.0,2022,6,15
2022-06-15 05:48:00+00:00,28.1,28.14,28.03,28.03,7934.37,2022,6,15
2022-06-15 05:49:00+00:00,28.04,28.1,28.03,28.06,4444.91,2022,6,15
2022-06-15 05:50:00+00:00,28.05,28.11,28.03,28.11,2852.89,2022,6,15
2022-06-15 05:51:00+00:00,28.12,28.14,27.93,28.0,3545.93,2022,6,15
2022-06-15 05:52:00+00:00,27.99,28.07,27.94,28.04,3268.28,2022,6,15
2022-06-15 05:53:00+00:00,28.05,28.28,28.05,28.21,8071.21,2022,6,15
2022-06-15 05:54:00+00:00,28.21,28.38,28.18,28.2,9645.26,2022,6,15
2022-06-15 05:55:00+00:00,28.2,28.2,28.12,28.17,1877.78,2022,6,15
2022-06-15 05:56:00+00:00,28.17,28.2,28.12,28.12,2959.05,2022,6,15
2022-06-15 05:57:00+00:00,28.12,28.19,28.11,28.11,1966.4,2022,6,15
2022-06-15 05:58:00+00:00,28.11,28.14,28.07,28.1,3479.93,2022,6,15
2022-06-15 05:59:00+00:00,28.1,28.12,28.02,28.05,2858.33,2022,6,15
2022-06-15 06:00:00+00:00,28.05,28.2,28.03,28.17,4935.18,2022,6,15
2022-06-15 06:01:00+00:00,28.18,28.25,28.14,28.25,8092.36,2022,6,15
2022-06-15 06:02:00+00:00,28.25,28.25,28.09,28.09,2585.61,2022,6,15
2022-06-15 06:03:00+00:00,28.08,28.1,27.97,28.03,8159.45,2022,6,15
2022-06-15 06:04:00+00:00,28.03,28.29,28.02,28.29,7181.31,2022,6,15
2022-06-15 06:05:00+00:00,28.3,28.34,28.23,28.27,4334.65,2022,6,15
2022-06-15 06:06:00+00:00,28.28,28.39,28.28,28.32,7094.15,2022,6,15
2022-06-15 06:07:00+00:00,28.33,28.49,28.33,28.39,8842.71,2022,6,15
2022-06-15 06:08:00+00:00,28.38,28.38,28.27,28.28,1971.68,2022,6,15
2022-06-15 06:09:00+00:00,28.29,28.3,28.19,28.23,4148.48,2022,6,15
2022-06-15 06:10:00+00:00,28.23,28.23,28.12,28.16,4707.73,2022,6,15
2022-06-15 06:11:00+00:00,28.15,28.15,28.05,28.06,6696.91,2022,6,15
2022-06-15 06:12:00+00:00,28.06,28.08,28.02,28.07,3203.32,2022,6,15
2022-06-15 06:13:00+00:00,28.07,28.1,28.01,28.1,3066.67,2022,6,15
2022-06-15 06:14:00+00:00,28.1,28.1,27.96,27.98,3535.22,2022,6,15
2022-06-15 06:15:00+00:00,27.97,28.04,27.83,27.84,6638.84,2022,6,15
2022-06-15 06:16:00+00:00,27.85,27.95,27.82,27.89,3107.77,2022,6,15
2022-06-15 06:17:00+00:00,27.9,28.02,27.89,28.01,2522.29,2022,6,15
2022-06-15 06:18:00+00:00,28.01,28.02,27.92,27.95,2083.13,2022,6,15
2022-06-15 06:19:00+00:00,27.95,27.98,27.8,27.8,5872.92,2022,6,15
2022-06-15 06:20:00+00:00,27.81,27.84,27.72,27.78,9633.75,2022,6,15
2022-06-15 06:21:00+00:00,27.77,27.82,27.67,27.75,16930.96,2022,6,15
2022-06-15 06:22:00+00:00,27.76,27.81,27.7,27.77,6965.64,2022,6,15
2022-06-15 06:23:00+00:00,27.77,27.81,27.72,27.72,3882.06,2022,6,15
2022-06-15 06:24:00+00:00,27.72,27.79,27.7,27.78,2306.77,2022,6,15
2022-06-15 06:25:00+00:00,27.78,27.84,27.76,27.83,6162.02,2022,6,15
2022-06-15 06:26:00+00:00,27.82,27.93,27.78,27.86,6694.24,2022,6,15
2022-06-15 06:27:00+00:00,27.86,27.9,27.81,27.86,1415.01,2022,6,15
2022-06-15 06:28:00+00:00,27.86,27.86,27.75,27.81,5658.7,2022,6,15
2022-06-15 06:29:00+00:00,27.8,27.89,27.79,27.85,4532.43,2022,6,15
2022-06-15 06:30:00+00:00,27.85,27.87,27.64,27.64,3986.68,2022,6,15
2022-06-15 06:31:00+00:00,27.65,27.72,27.62,27.68,5336.97,2022,6,15
2022-06-15 06:32:00+00:00,27.69,27.94,27.69,27.92,7248.16,2022,6,15
2022-06-15 06:33:00+00:00,27.92,28.05,27.84,28.0,15060.69,2022,6,15
2022-06-15 06:34:00+00:00,27.99,28.04,27.95,27.99,6510.74,2022,6,15
2022-06-15 06:35:00+00:00,28.0,28.08,27.98,28.02,2674.65,2022,6,15
2022-06-15 06:36:00+00:00,28.03,28.2,28.01,28.15,6167.54,2022,6,15
2022-06-15 06:37:00+00:00,28.16,28.18,28.09,28.14,1462.7,2022,6,15
2022-06-15 06:38:00+00:00,28.14,28.23,28.11,28.13,8774.89,2022,6,15
2022-06-15 06:39:00+00:00,28.13,28.25,28.13,28.24,4352.45,2022,6,15
2022-06-15 06:40:00+00:00,28.25,28.27,28.18,28.25,2934.45,2022,6,15
2022-06-15 06:41:00+00:00,28.24,28.24,28.1,28.11,8949.89,2022,6,15
2022-06-15 06:42:00+00:00,28.11,28.19,28.11,28.17,2291.02,2022,6,15
2022-06-15 06:43:00+00:00,28.17,28.33,28.16,28.28,8752.11,2022,6,15
2022-06-15 06:44:00+00:00,28.28,28.37,28.25,28.29,7948.76,2022,6,15
2022-06-15 06:45:00+00:00,28.29,28.33,28.22,28.25,4414.32,2022,6,15
2022-06-15 06:46:00+00:00,28.25,28.25,28.18,28.25,2372.9,2022,6,15
2022-06-15 06:47:00+00:00,28.25,28.25,28.19,28.21,3037.91,2022,6,15
2022-06-15 06:48:00+00:00,28.2,28.21,28.15,28.17,923.51,2022,6,15
2022-06-15 06:49:00+00:00,28.16,28.22,28.13,28.2,4496.3,2022,6,15
2022-06-15 06:50:00+00:00,28.21,28.34,28.21,28.27,2368.83,2022,6,15
2022-06-15 06:51:00+00:00,28.27,28.31,28.22,28.28,1763.38,2022,6,15
2022-06-15 06:52:00+00:00,28.29,28.4,28.27,28.39,4888.54,2022,6,15
2022-06-15 06:53:00+00:00,28.37,28.52,28.33,28.44,9462.55,2022,6,15
2022-06-15 06:54:00+00:00,28.44,28.52,28.36,28.38,2505.33,2022,6,15
2022-06-15 06:55:00+00:00,28.4,28.4,28.3,28.34,2459.41,2022,6,15
2022-06-15 06:56:00+00:00,28.35,28.43,28.34,28.4,5074.0,2022,6,15
2022-06-15 06:57:00+00:00,28.38,28.54,28.38,28.46,5396.06,2022,6,15
2022-06-15 06:58:00+00:00,28.46,28.52,28.39,28.49,3192.03,2022,6,15
2022-06-15 06:59:00+00:00,28.48,28.5,28.4,28.41,1837.82,2022,6,15
2022-06-15 07:00:00+00:00,28.4,28.48,28.38,28.43,7318.8,2022,6,15
2022-06-15 07:01:00+00:00,28.42,28.44,28.37,28.38,5907.14,2022,6,15
2022-06-15 07:02:00+00:00,28.4,28.48,28.39,28.41,6924.53,2022,6,15
2022-06-15 07:03:00+00:00,28.41,28.42,28.33,28.36,4531.73,2022,6,15
2022-06-15 07:04:00+00:00,28.36,28.42,28.33,28.37,2835.9,2022,6,15
2022-06-15 07:05:00+00:00,28.36,28.43,28.36,28.38,6244.89,2022,6,15
2022-06-15 07:06:00+00:00,28.38,28.47,28.36,28.41,5297.67,2022,6,15
2022-06-15 07:07:00+00:00,28.41,28.41,28.31,28.35,2853.96,2022,6,15
2022-06-15 07:08:00+00:00,28.35,28.37,28.29,28.29,2911.33,2022,6,15
2022-06-15 07:09:00+00:00,28.29,28.36,28.24,28.24,4932.73,2022,6,15
2022-06-15 07:10:00+00:00,28.26,28.28,28.23,28.26,3301.18,2022,6,15
2022-06-15 07:11:00+00:00,28.28,28.32,28.28,28.31,2941.06,2022,6,15
2022-06-15 07:12:00+00:00,28.31,28.38,28.3,28.3,2051.19,2022,6,15
2022-06-15 07:13:00+00:00,28.3,28.38,28.26,28.32,9001.06,2022,6,15
2022-06-15 07:14:00+00:00,28.32,28.33,28.23,28.26,5015.97,2022,6,15
2022-06-15 07:15:00+00:00,28.27,28.32,28.22,28.25,2370.78,2022,6,15
2022-06-15 07:16:00+00:00,28.25,28.34,28.24,28.32,2798.83,2022,6,15
2022-06-15 07:17:00+00:00,28.31,28.39,28.31,28.34,1006.44,2022,6,15
2022-06-15 07:18:00+00:00,28.34,28.42,28.33,28.4,3203.98,2022,6,15
2022-06-15 07:19:00+00:00,28.41,28.42,28.34,28.34,1336.0,2022,6,15
2022-06-15 07:20:00+00:00,28.34,28.34,28.2,28.24,3240.02,2022,6,15
2022-06-15 07:21:00+00:00,28.24,28.24,28.18,28.21,3096.5,2022,6,15
2022-06-15 07:22:00+00:00,28.2,28.21,28.13,28.18,2053.3,2022,6,15
2022-06-15 07:23:00+00:00,28.18,28.22,28.14,28.15,2003.73,2022,6,15
2022-06-15 07:24:00+00:00,28.16,28.21,28.15,28.17,1237.54,2022,6,15
2022-06-15 07:25:00+00:00,28.17,28.19,28.14,28.14,1859.6,2022,6,15
2022-06-15 07:26:00+00:00,28.14,28.17,28.13,28.15,871.94,2022,6,15
2022-06-15 07:27:00+00:00,28.15,28.17,28.05,28.07,11214.1,2022,6,15
2022-06-15 07:28:00+00:00,28.07,28.14,28.0,28.08,13145.73,2022,6,15
2022-06-15 07:29:00+00:00,28.08,28.13,28.06,28.1,6269.7,2022,6,15
2022-06-15 07:30:00+00:00,28.1,28.16,28.08,28.12,1610.1,2022,6,15
2022-06-15 07:31:00+00:00,28.12,28.16,27.85,27.85,5830.39,2022,6,15
2022-06-15 07:32:00+00:00,27.87,27.94,27.82,27.93,7886.71,2022,6,15
2022-06-15 07:33:00+00:00,27.93,27.99,27.89,27.99,4372.95,2022,6,15
2022-06-15 07:34:00+00:00,27.99,28.03,27.95,28.03,2731.99,2022,6,15
2022-06-15 07:35:00+00:00,28.04,28.07,27.99,28.05,3076.41,2022,6,15
2022-06-15 07:36:00+00:00,28.06,28.1,28.0,28.05,5056.11,2022,6,15
2022-06-15 07:37:00+00:00,28.06,28.06,27.99,28.01,1660.62,2022,6,15
2022-06-15 07:38:00+00:00,28.01,28.07,28.0,28.04,1904.67,2022,6,15
2022-06-15 07:39:00+00:00,28.04,28.12,28.02,28.12,1733.25,2022,6,15
2022-06-15 07:40:00+00:00,28.11,28.12,28.03,28.08,2369.43,2022,6,15
2022-06-15 07:41:00+00:00,28.06,28.06,27.96,27.96,2734.04,2022,6,15
2022-06-15 07:42:00+00:00,27.95,27.98,27.93,27.98,4823.15,2022,6,15
2022-06-15 07:43:00+00:00,27.99,28.03,27.98,28.01,2261.09,2022,6,15
2022-06-15 07:44:00+00:00,28.0,28.05,28.0,28.01,2757.14,2022,6,15
2022-06-15 07:45:00+00:00,28.02,28.08,27.96,27.96,2801.16,2022,6,15
2022-06-15 07:46:00+00:00,27.96,27.99,27.84,27.84,4004.0,2022,6,15
2022-06-15 07:47:00+00:00,27.86,27.86,27.62,27.68,54262.61,2022,6,15
2022-06-15 07:48:00+00:00,27.68,27.79,27.62,27.67,15220.33,2022,6,15
2022-06-15 07:49:00+00:00,27.65,27.75,27.52,27.52,18415.11,2022,6,15
2022-06-15 07:50:00+00:00,27.52,27.58,27.41,27.52,29317.38,2022,6,15
2022-06-15 07:51:00+00:00,27.52,27.63,27.52,27.54,8637.58,2022,6,15
2022-06-15 07:52:00+00:00,27.53,27.63,27.48,27.61,12192.97,2022,6,15
2022-06-15 07:53:00+00:00,27.61,27.74,27.61,27.64,13659.73,2022,6,15
2022-06-15 07:54:00+00:00,27.64,27.7,27.5,27.54,13765.37,2022,6,15
2022-06-15 07:55:00+00:00,27.55,27.61,27.53,27.59,5934.11,2022,6,15
2022-06-15 07:56:00+00:00,27.58,27.67,27.54,27.62,7929.69,2022,6,15
2022-06-15 07:57:00+00:00,27.62,27.73,27.62,27.69,6307.07,2022,6,15
2022-06-15 07:58:00+00:00,27.69,27.7,27.64,27.65,3301.69,2022,6,15
2022-06-15 07:59:00+00:00,27.65,27.68,27.61,27.66,9243.9,2022,6,15
2022-06-15 08:00:00+00:00,27.65,27.65,27.53,27.57,11949.64,2022,6,15
2022-06-15 08:01:00+00:00,27.58,27.61,27.48,27.48,8247.34,2022,6,15
2022-06-15 08:02:00+00:00,27.48,27.48,27.3,27.37,26855.4,2022,6,15
2022-06-15 08:03:00+00:00,27.37,27.41,27.21,27.26,32821.64,2022,6,15
2022-06-15 08:04:00+00:00,27.25,27.36,27.1,27.19,29071.3,2022,6,15
2022-06-15 08:05:00+00:00,27.18,27.47,27.17,27.38,20585.37,2022,6,15
2022-06-15 08:06:00+00:00,27.39,27.53,27.39,27.39,11686.59,2022,6,15
2022-06-15 08:07:00+00:00,27.39,27.43,27.14,27.2,12132.9,2022,6,15
2022-06-15 08:08:00+00:00,27.2,27.3,27.14,27.26,11890.8,2022,6,15
2022-06-15 08:09:00+00:00,27.27,27.34,27.23,27.26,8266.92,2022,6,15
2022-06-15 08:10:00+00:00,27.25,27.44,27.25,27.38,6779.13,2022,6,15
2022-06-15 08:11:00+00:00,27.38,27.43,27.21,27.22,7332.66,2022,6,15
2022-06-15 08:12:00+00:00,27.22,27.27,27.06,27.1,15704.53,2022,6,15
2022-06-15 08:13:00+00:00,27.1,27.17,27.01,27.04,16929.09,2022,6,15
2022-06-15 08:14:00+00:00,27.04,27.13,26.97,27.0,20603.54,2022,6,15
2022-06-15 08:15:00+00:00,27.0,27.19,26.98,27.18,12129.0,2022,6,15
2022-06-15 08:16:00+00:00,27.18,27.33,27.12,27.13,11562.92,2022,6,15
2022-06-15 08:17:00+00:00,27.13,27.19,27.05,27.13,17980.81,2022,6,15
2022-06-15 08:18:00+00:00,27.13,27.21,27.11,27.19,11338.9,2022,6,15
2022-06-15 08:19:00+00:00,27.2,27.29,27.15,27.21,11745.86,2022,6,15
2022-06-15 08:20:00+00:00,27.22,27.32,27.11,27.28,10833.98,2022,6,15
2022-06-15 08:21:00+00:00,27.27,27.31,27.16,27.17,7371.99,2022,6,15
2022-06-15 08:22:00+00:00,27.18,27.2,27.01,27.05,10989.23,2022,6,15
2022-06-15 08:23:00+00:00,27.04,27.16,27.04,27.07,4181.33,2022,6,15
2022-06-15 08:24:00+00:00,27.05,27.06,26.98,27.02,7102.24,2022,6,15
2022-06-15 08:25:00+00:00,27.03,27.18,27.03,27.17,7484.31,2022,6,15
2022-06-15 08:26:00+00:00,27.18,27.29,27.12,27.26,7842.55,2022,6,15
2022-06-15 08:27:00+00:00,27.24,27.31,27.14,27.17,11472.34,2022,6,15
2022-06-15 08:28:00+00:00,27.16,27.2,27.11,27.13,5040.34,2022,6,15
2022-06-15 08:29:00+00:00,27.14,27.2,27.05,27.08,6552.72,2022,6,15
2022-06-15 08:30:00+00:00,27.08,27.22,27.05,27.16,9180.11,2022,6,15
2022-06-15 08:31:00+00:00,27.16,27.26,27.14,27.19,5039.89,2022,6,15
2022-06-15 08:32:00+00:00,27.2,27.21,27.12,27.2,6683.76,2022,6,15
2022-06-15 08:33:00+00:00,27.2,27.36,27.17,27.33,10598.4,2022,6,15
2022-06-15 08:34:00+00:00,27.34,27.47,27.29,27.43,8413.01,2022,6,15
2022-06-15 08:35:00+00:00,27.42,27.54,27.38,27.5,9379.56,2022,6,15
2022-06-15 08:36:00+00:00,27.52,27.65,27.39,27.42,12128.24,2022,6,15
2022-06-15 08:37:00+00:00,27.42,27.53,27.32,27.35,6582.22,2022,6,15
2022-06-15 08:38:00+00:00,27.35,27.36,27.3,27.33,4901.82,2022,6,15
2022-06-15 08:39:00+00:00,27.34,27.4,27.3,27.38,7975.36,2022,6,15
2022-06-15 08:40:00+00:00,27.37,27.4,27.21,27.23,10665.5,2022,6,15
2022-06-15 08:41:00+00:00,27.22,27.3,27.11,27.14,11923.56,2022,6,15
2022-06-15 08:42:00+00:00,27.15,27.17,27.07,27.17,9057.75,2022,6,15
2022-06-15 08:43:00+00:00,27.17,27.19,27.1,27.12,4152.06,2022,6,15
2022-06-15 08:44:00+00:00,27.12,27.14,27.07,27.1,8959.2,2022,6,15
2022-06-15 08:45:00+00:00,27.11,27.14,26.93,27.0,21290.31,2022,6,15
2022-06-15 08:46:00+00:00,27.02,27.1,26.95,26.99,16959.82,2022,6,15
2022-06-15 08:47:00+00:00,26.97,27.04,26.94,26.98,9619.96,2022,6,15
2022-06-15 08:48:00+00:00,26.99,27.0,26.87,26.94,8366.93,2022,6,15
2022-06-15 08:49:00+00:00,26.94,27.07,26.88,27.02,13139.8,2022,6,15
2022-06-15 08:50:00+00:00,27.03,27.14,26.96,27.07,18762.04,2022,6,15
2022-06-15 08:51:00+00:00,27.06,27.32,27.06,27.29,13401.46,2022,6,15
2022-06-15 08:52:00+00:00,27.29,27.38,27.25,27.27,7102.17,2022,6,15
2022-06-15 08:53:00+00:00,27.26,27.32,27.17,27.22,8389.5,2022,6,15
2022-06-15 08:54:00+00:00,27.23,27.23,26.98,27.01,7409.1,2022,6,15
2022-06-15 08:55:00+00:00,27.01,27.09,26.96,27.06,12565.86,2022,6,15
2022-06-15 08:56:00+00:00,27.07,27.15,26.99,27.05,8026.98,2022,6,15
2022-06-15 08:57:00+00:00,27.04,27.11,27.03,27.07,2715.48,2022,6,15
2022-06-15 08:58:00+00:00,27.07,27.07,26.92,26.93,11140.97,2022,6,15
2022-06-15 08:59:00+00:00,26.93,27.05,26.91,27.04,5602.92,2022,6,15
2022-06-15 09:00:00+00:00,27.04,27.17,26.97,27.09,7300.02,2022,6,15
2022-06-15 09:01:00+00:00,27.09,27.17,26.96,26.97,9226.25,2022,6,15
2022-06-15 09:02:00+00:00,26.97,27.01,26.89,27.01,12574.83,2022,6,15
2022-06-15 09:03:00+00:00,27.01,27.19,27.0,27.12,7554.51,2022,6,15
2022-06-15 09:04:00+00:00,27.13,27.36,27.13,27.28,14884.54,2022,6,15
2022-06-15 09:05:00+00:00,27.28,27.32,27.21,27.23,6997.47,2022,6,15
2022-06-15 09:06:00+00:00,27.23,27.24,27.03,27.05,11979.31,2022,6,15
2022-06-15 09:07:00+00:00,27.06,27.14,27.0,27.09,5894.44,2022,6,15
2022-06-15 09:08:00+00:00,27.09,27.1,26.98,27.02,7221.72,2022,6,15
2022-06-15 09:09:00+00:00,27.02,27.19,26.97,27.18,8775.35,2022,6,15
2022-06-15 09:10:00+00:00,27.17,27.19,26.94,26.94,10735.35,2022,6,15
2022-06-15 09:11:00+00:00,26.94,27.02,26.91,26.95,8809.82,2022,6,15
2022-06-15 09:12:00+00:00,26.94,27.02,26.79,26.84,14983.59,2022,6,15
2022-06-15 09:13:00+00:00,26.83,27.01,26.79,26.89,15281.95,2022,6,15
2022-06-15 09:14:00+00:00,26.89,27.0,26.83,26.84,6635.14,2022,6,15
2022-06-15 09:15:00+00:00,26.83,27.0,26.81,26.98,5868.63,2022,6,15
2022-06-15 09:16:00+00:00,26.97,27.15,26.93,26.95,38425.64,2022,6,15
2022-06-15 09:17:00+00:00,26.95,26.97,26.9,26.93,6730.75,2022,6,15
2022-06-15 09:18:00+00:00,26.93,27.07,26.89,27.0,14599.11,2022,6,15
2022-06-15 09:19:00+00:00,27.01,27.04,26.96,27.01,7859.29,2022,6,15
2022-06-15 09:20:00+00:00,27.01,27.11,26.92,26.93,12511.92,2022,6,15
2022-06-15 09:21:00+00:00,26.92,26.98,26.79,26.9,10238.8,2022,6,15
2022-06-15 09:22:00+00:00,26.91,26.94,26.85,26.87,4390.88,2022,6,15
2022-06-15 09:23:00+00:00,26.88,26.98,26.85,26.97,4716.93,2022,6,15
2022-06-15 09:24:00+00:00,26.98,27.02,26.91,26.98,3860.36,2022,6,15
2022-06-15 09:25:00+00:00,26.97,27.01,26.84,26.86,5959.02,2022,6,15
2022-06-15 09:26:00+00:00,26.86,26.94,26.83,26.86,7164.61,2022,6,15
2022-06-15 09:27:00+00:00,26.87,26.87,26.81,26.87,5228.18,2022,6,15
2022-06-15 09:28:00+00:00,26.88,26.94,26.86,26.88,5866.75,2022,6,15
2022-06-15 09:29:00+00:00,26.88,26.98,26.83,26.97,12587.35,2022,6,15
2022-06-15 09:30:00+00:00,26.96,27.02,26.92,27.0,9860.28,2022,6,15
2022-06-15 09:31:00+00:00,27.0,27.15,26.98,27.15,18630.21,2022,6,15
2022-06-15 09:32:00+00:00,27.14,27.32,27.14,27.22,13448.55,2022,6,15
2022-06-15 09:33:00+00:00,27.23,27.29,27.09,27.12,11316.52,2022,6,15
2022-06-15 09:34:00+00:00,27.13,27.15,26.98,27.01,9151.15,2022,6,15
2022-06-15 09:35:00+00:00,27.0,27.03,26.94,26.99,8960.95,2022,6,15
2022-06-15 09:36:00+00:00,26.99,27.04,26.92,26.95,6543.97,2022,6,15
2022-06-15 09:37:00+00:00,26.94,27.03,26.87,26.99,12029.29,2022,6,15
2022-06-15 09:38:00+00:00,26.99,27.05,26.94,27.05,5185.4,2022,6,15
2022-06-15 09:39:00+00:00,27.05,27.14,26.99,27.1,7175.73,2022,6,15
2022-06-15 09:40:00+00:00,27.1,27.19,26.99,26.99,9347.35,2022,6,15
2022-06-15 09:41:00+00:00,27.0,27.14,26.96,27.13,7994.85,2022,6,15
2022-06-15 09:42:00+00:00,27.14,27.18,27.08,27.1,4107.54,2022,6,15
2022-06-15 09:43:00+00:00,27.11,27.19,27.08,27.19,5146.07,2022,6,15
2022-06-15 09:44:00+00:00,27.19,27.22,27.14,27.21,5665.69,2022,6,15
2022-06-15 09:45:00+00:00,27.22,27.29,27.13,27.14,12009.87,2022,6,15
2022-06-15 09:46:00+00:00,27.14,27.16,27.06,27.14,9032.27,2022,6,15
2022-06-15 09:47:00+00:00,27.14,27.14,27.02,27.03,6287.91,2022,6,15
2022-06-15 09:48:00+00:00,27.04,27.05,26.97,27.03,9317.45,2022,6,15
2022-06-15 09:49:00+00:00,27.04,27.04,26.97,27.03,4046.83,2022,6,15
2022-06-15 09:50:00+00:00,27.03,27.14,27.0,27.14,6435.58,2022,6,15
2022-06-15 09:51:00+00:00,27.15,27.22,27.12,27.18,9605.42,2022,6,15
2022-06-15 09:52:00+00:00,27.19,27.22,27.14,27.19,6294.11,2022,6,15
2022-06-15 09:53:00+00:00,27.2,27.32,27.14,27.31,6753.36,2022,6,15
2022-06-15 09:54:00+00:00,27.31,27.4,27.27,27.35,11351.73,2022,6,15
2022-06-15 09:55:00+00:00,27.34,27.43,27.28,27.37,14486.72,2022,6,15
2022-06-15 09:56:00+00:00,27.36,27.39,27.17,27.22,9613.1,2022,6,15
2022-06-15 09:57:00+00:00,27.21,27.27,27.17,27.2,7965.14,2022,6,15
2022-06-15 09:58:00+00:00,27.2,27.27,27.16,27.19,4077.53,2022,6,15
2022-06-15 09:59:00+00:00,27.19,27.29,27.15,27.29,9588.53,2022,6,15
2022-06-15 10:00:00+00:00,27.29,27.46,27.26,27.4,29117.0,2022,6,15
2022-06-15 10:01:00+00:00,27.41,27.47,27.24,27.27,23252.44,2022,6,15
2022-06-15 10:02:00+00:00,27.27,27.3,27.23,27.25,5516.98,2022,6,15
2022-06-15 10:03:00+00:00,27.25,27.25,27.18,27.18,7698.86,2022,6,15
2022-06-15 10:04:00+00:00,27.17,27.21,27.15,27.17,7242.4,2022,6,15
2022-06-15 10:05:00+00:00,27.18,27.33,27.17,27.32,7744.95,2022,6,15
2022-06-15 10:06:00+00:00,27.32,27.44,27.31,27.42,9924.69,2022,6,15
2022-06-15 10:07:00+00:00,27.43,27.46,27.31,27.33,8610.08,2022,6,15
2022-06-15 10:08:00+00:00,27.32,27.33,27.2,27.24,7233.3,2022,6,15
2022-06-15 10:09:00+00:00,27.24,27.31,27.16,27.17,6125.23,2022,6,15
2022-06-15 10:10:00+00:00,27.17,27.25,27.15,27.21,7441.95,2022,6,15
2022-06-15 10:11:00+00:00,27.21,27.26,27.16,27.25,4781.17,2022,6,15
2022-06-15 10:12:00+00:00,27.25,27.34,27.2,27.29,3538.48,2022,6,15
2022-06-15 10:13:00+00:00,27.28,27.28,27.19,27.2,2750.26,2022,6,15
2022-06-15 10:14:00+00:00,27.2,27.31,27.16,27.3,6317.79,2022,6,15
2022-06-15 10:15:00+00:00,27.29,27.37,27.26,27.37,8164.56,2022,6,15
2022-06-15 10:16:00+00:00,27.38,27.41,27.31,27.39,13562.37,2022,6,15
2022-06-15 10:17:00+00:00,27.38,27.52,27.31,27.52,10653.29,2022,6,15
2022-06-15 10:18:00+00:00,27.51,28.0,27.5,27.99,46119.35,2022,6,15
2022-06-15 10:19:00+00:00,27.97,28.12,27.83,27.97,48442.33,2022,6,15
2022-06-15 10:20:00+00:00,27.97,28.06,27.89,27.91,34018.7,2022,6,15
2022-06-15 10:21:00+00:00,27.91,27.91,27.64,27.68,17000.54,2022,6,15
2022-06-15 10:22:00+00:00,27.67,27.77,27.64,27.68,13350.57,2022,6,15
2022-06-15 10:23:00+00:00,27.68,27.73,27.55,27.6,26692.98,2022,6,15
2022-06-15 10:24:00+00:00,27.61,27.68,27.51,27.52,7144.79,2022,6,15
2022-06-15 10:25:00+00:00,27.51,27.55,27.37,27.43,22775.9,2022,6,15
2022-06-15 10:26:00+00:00,27.44,27.57,27.44,27.57,14648.41,2022,6,15
2022-06-15 10:27:00+00:00,27.57,27.6,27.47,27.59,8843.35,2022,6,15
2022-06-15 10:28:00+00:00,27.6,27.7,27.59,27.59,14576.55,2022,6,15
2022-06-15 10:29:00+00:00,27.59,27.66,27.56,27.59,10718.78,2022,6,15
2022-06-15 10:30:00+00:00,27.59,27.74,27.5,27.72,13000.02,2022,6,15
2022-06-15 10:31:00+00:00,27.71,27.81,27.63,27.72,9471.43,2022,6,15
2022-06-15 10:32:00+00:00,27.72,27.82,27.69,27.78,6885.45,2022,6,15
2022-06-15 10:33:00+00:00,27.79,27.87,27.7,27.81,9734.43,2022,6,15
2022-06-15 10:34:00+00:00,27.8,27.83,27.71,27.73,5397.39,2022,6,15
2022-06-15 10:35:00+00:00,27.73,27.89,27.71,27.86,7798.07,2022,6,15
2022-06-15 10:36:00+00:00,27.87,28.05,27.85,27.94,17056.82,2022,6,15
2022-06-15 10:37:00+00:00,27.94,28.0,27.89,27.9,21016.5,2022,6,15
2022-06-15 10:38:00+00:00,27.9,28.02,27.9,27.94,7201.51,2022,6,15
2022-06-15 10:39:00+00:00,27.93,27.96,27.79,27.87,22738.03,2022,6,15
2022-06-15 10:40:00+00:00,27.86,27.91,27.78,27.91,8404.27,2022,6,15
2022-06-15 10:41:00+00:00,27.9,28.01,27.84,27.98,6161.2,2022,6,15
2022-06-15 10:42:00+00:00,27.99,28.1,27.98,28.1,10073.68,2022,6,15
2022-06-15 10:43:00+00:00,28.11,28.12,27.95,28.09,9462.22,2022,6,15
2022-06-15 10:44:00+00:00,28.08,28.11,28.03,28.08,7815.96,2022,6,15
2022-06-15 10:45:00+00:00,28.07,28.1,27.98,28.09,11664.49,2022,6,15
2022-06-15 10:46:00+00:00,28.09,28.09,27.94,27.97,7137.9,2022,6,15
2022-06-15 10:47:00+00:00,27.98,27.98,27.84,27.85,6699.73,2022,6,15
2022-06-15 10:48:00+00:00,27.85,27.86,27.78,27.84,6954.2,2022,6,15
2022-06-15 10:49:00+00:00,27.85,28.04,27.82,28.02,10541.22,2022,6,15
2022-06-15 10:50:00+00:00,28.02,28.02,27.9,27.96,3009.53,2022,6,15
2022-06-15 10:51:00+00:00,27.97,28.01,27.87,27.87,2963.41,2022,6,15
2022-06-15 10:52:00+00:00,27.88,27.95,27.75,27.79,13338.0,2022,6,15
2022-06-15 10:53:00+00:00,27.8,27.85,27.79,27.8,3128.95,2022,6,15
2022-06-15 10:54:00+00:00,27.81,27.91,27.81,27.9,3937.89,2022,6,15
2022-06-15 10:55:00+00:00,27.9,27.96,27.86,27.94,3908.5,2022,6,15
2022-06-15 10:56:00+00:00,27.94,28.0,27.92,27.95,12857.34,2022,6,15
2022-06-15 10:57:00+00:00,27.96,28.01,27.93,27.95,5603.3,2022,6,15
2022-06-15 10:58:00+00:00,27.95,28.01,27.84,28.01,6880.52,2022,6,15
2022-06-15 10:59:00+00:00,28.01,28.01,27.86,27.91,6647.44,2022,6,15
2022-06-15 11:00:00+00:00,27.92,28.02,27.87,28.01,6658.96,2022,6,15
2022-06-15 11:01:00+00:00,28.01,28.09,27.99,28.05,8343.38,2022,6,15
2022-06-15 11:02:00+00:00,28.05,28.17,27.98,28.14,10684.64,2022,6,15
2022-06-15 11:03:00+00:00,28.15,28.27,28.04,28.06,16970.3,2022,6,15
2022-06-15 11:04:00+00:00,28.06,28.06,27.89,27.93,7664.96,2022,6,15
2022-06-15 11:05:00+00:00,27.91,27.99,27.9,27.96,5319.34,2022,6,15
2022-06-15 11:06:00+00:00,27.95,28.02,27.92,27.92,3420.58,2022,6,15
2022-06-15 11:07:00+00:00,27.93,27.94,27.75,27.81,11735.74,2022,6,15
2022-06-15 11:08:00+00:00,27.81,27.92,27.8,27.91,4594.22,2022,6,15
2022-06-15 11:09:00+00:00,27.92,27.92,27.8,27.8,7418.01,2022,6,15
2022-06-15 11:10:00+00:00,27.8,27.91,27.8,27.88,2872.42,2022,6,15
2022-06-15 11:11:00+00:00,27.88,27.97,27.87,27.91,7015.39,2022,6,15
2022-06-15 11:12:00+00:00,27.91,28.0,27.91,27.99,3499.78,2022,6,15
2022-06-15 11:13:00+00:00,27.98,28.07,27.98,28.06,4400.25,2022,6,15
2022-06-15 11:14:00+00:00,28.06,28.11,28.03,28.11,2924.5,2022,6,15
2022-06-15 11:15:00+00:00,28.11,28.16,28.06,28.13,4363.57,2022,6,15
2022-06-15 11:16:00+00:00,28.12,28.14,27.99,28.05,3389.9,2022,6,15
2022-06-15 11:17:00+00:00,28.04,28.09,28.0,28.07,2570.66,2022,6,15
2022-06-15 11:18:00+00:00,28.07,28.12,28.02,28.08,5047.79,2022,6,15
2022-06-15 11:19:00+00:00,28.08,28.11,28.04,28.11,3899.16,2022,6,15
2022-06-15 11:20:00+00:00,28.12,28.32,28.11,28.28,8676.37,2022,6,15
2022-06-15 11:21:00+00:00,28.27,28.47,28.26,28.42,18456.32,2022,6,15
2022-06-15 11:22:00+00:00,28.41,28.52,28.4,28.45,10790.62,2022,6,15
2022-06-15 11:23:00+00:00,28.44,28.57,28.4,28.54,18393.27,2022,6,15
2022-06-15 11:24:00+00:00,28.54,28.71,28.47,28.64,22325.98,2022,6,15
2022-06-15 11:25:00+00:00,28.64,28.67,28.54,28.66,7876.58,2022,6,15
2022-06-15 11:26:00+00:00,28.66,28.67,28.47,28.5,10130.73,2022,6,15
2022-06-15 11:27:00+00:00,28.51,28.58,28.45,28.57,4356.98,2022,6,15
2022-06-15 11:28:00+00:00,28.57,28.74,28.48,28.66,13856.21,2022,6,15
2022-06-15 11:29:00+00:00,28.66,29.0,28.64,28.9,46059.13,2022,6,15
2022-06-15 11:30:00+00:00,28.9,29.24,28.86,29.11,53143.53,2022,6,15
2022-06-15 11:31:00+00:00,29.13,29.17,28.96,28.99,44721.53,2022,6,15
2022-06-15 11:32:00+00:00,28.97,28.99,28.77,28.82,77560.4,2022,6,15
2022-06-15 11:33:00+00:00,28.83,28.83,28.68,28.77,14254.84,2022,6,15
2022-06-15 11:34:00+00:00,28.77,28.86,28.73,28.77,6585.85,2022,6,15
2022-06-15 11:35:00+00:00,28.78,28.99,28.7,28.96,11668.77,2022,6,15
2022-06-15 11:36:00+00:00,28.97,29.04,28.83,28.91,14507.47,2022,6,15
2022-06-15 11:37:00+00:00,28.91,28.91,28.75,28.83,11384.93,2022,6,15
2022-06-15 11:38:00+00:00,28.82,28.84,28.72,28.74,10007.47,2022,6,15
2022-06-15 11:39:00+00:00,28.74,28.85,28.71,28.79,4131.12,2022,6,15
2022-06-15 11:40:00+00:00,28.79,28.89,28.76,28.8,5290.46,2022,6,15
2022-06-15 11:41:00+00:00,28.8,28.83,28.7,28.83,6356.57,2022,6,15
2022-06-15 11:42:00+00:00,28.82,28.92,28.75,28.91,7016.84,2022,6,15
2022-06-15 11:43:00+00:00,28.91,29.02,28.87,29.01,14153.34,2022,6,15
2022-06-15 11:44:00+00:00,29.0,29.02,28.86,28.89,6744.0,2022,6,15
2022-06-15 11:45:00+00:00,28.88,28.94,28.74,28.81,5734.33,2022,6,15
2022-06-15 11:46:00+00:00,28.81,28.81,28.7,28.75,5712.39,2022,6,15
2022-06-15 11:47:00+00:00,28.75,28.77,28.69,28.7,8711.81,2022,6,15
2022-06-15 11:48:00+00:00,28.71,28.76,28.68,28.72,6200.24,2022,6,15
2022-06-15 11:49:00+00:00,28.73,28.73,28.59,28.62,15728.44,2022,6,15
2022-06-15 11:50:00+00:00,28.62,28.63,28.52,28.55,9724.48,2022,6,15
2022-06-15 11:51:00+00:00,28.55,28.79,28.53,28.75,12308.75,2022,6,15
2022-06-15 11:52:00+00:00,28.76,28.8,28.69,28.69,3285.03,2022,6,15
2022-06-15 11:53:00+00:00,28.68,28.83,28.66,28.75,4329.5,2022,6,15
2022-06-15 11:54:00+00:00,28.76,28.81,28.73,28.73,4885.13,2022,6,15
2022-06-15 11:55:00+00:00,28.74,28.82,28.67,28.67,5570.12,2022,6,15
2022-06-15 11:56:00+00:00,28.67,28.84,28.67,28.84,6196.55,2022,6,15
2022-06-15 11:57:00+00:00,28.84,28.85,28.71,28.72,6497.35,2022,6,15
2022-06-15 11:58:00+00:00,28.72,28.84,28.72,28.83,6255.46,2022,6,15
2022-06-15 11:59:00+00:00,28.83,28.93,28.82,28.9,5703.38,2022,6,15
2022-06-15 12:00:00+00:00,28.91,28.93,28.77,28.83,7349.57,2022,6,15
2022-06-15 12:01:00+00:00,28.83,28.85,28.73,28.74,10168.19,2022,6,15
2022-06-15 12:02:00+00:00,28.75,28.81,28.74,28.76,3163.05,2022,6,15
2022-06-15 12:03:00+00:00,28.77,28.94,28.77,28.93,10471.86,2022,6,15
2022-06-15 12:04:00+00:00,28.93,29.04,28.91,28.94,14357.17,2022,6,15
2022-06-15 12:05:00+00:00,28.94,28.97,28.82,28.84,9578.24,2022,6,15
2022-06-15 12:06:00+00:00,28.85,28.9,28.81,28.84,7628.6,2022,6,15
2022-06-15 12:07:00+00:00,28.81,29.07,28.81,29.03,6239.52,2022,6,15
2022-06-15 12:08:00+00:00,29.04,29.09,28.93,28.94,8810.87,2022,6,15
2022-06-15 12:09:00+00:00,28.94,29.06,28.94,29.01,8035.39,2022,6,15
2022-06-15 12:10:00+00:00,29.0,29.12,28.99,29.09,9372.15,2022,6,15
2022-06-15 12:11:00+00:00,29.08,29.13,29.04,29.09,11148.9,2022,6,15
2022-06-15 12:12:00+00:00,29.09,29.13,29.02,29.09,6577.43,2022,6,15
2022-06-15 12:13:00+00:00,29.08,29.2,29.01,29.14,17385.79,2022,6,15
2022-06-15 12:14:00+00:00,29.13,29.25,29.12,29.21,17984.02,2022,6,15
2022-06-15 12:15:00+00:00,29.2,29.65,29.17,29.63,42925.25,2022,6,15
2022-06-15 12:16:00+00:00,29.63,29.65,29.34,29.34,30712.98,2022,6,15
2022-06-15 12:17:00+00:00,29.33,29.39,29.07,29.1,22098.19,2022,6,15
2022-06-15 12:18:00+00:00,29.11,29.12,29.0,29.03,10627.26,2022,6,15
2022-06-15 12:19:00+00:00,29.02,29.1,28.96,29.01,17321.59,2022,6,15
2022-06-15 12:20:00+00:00,29.02,29.07,28.97,28.98,13276.01,2022,6,15
2022-06-15 12:21:00+00:00,28.97,29.04,28.93,28.96,9392.74,2022,6,15
2022-06-15 12:22:00+00:00,28.97,29.05,28.85,28.95,10521.15,2022,6,15
2022-06-15 12:23:00+00:00,28.95,28.95,28.89,28.91,2954.69,2022,6,15
2022-06-15 12:24:00+00:00,28.92,28.96,28.85,28.87,4088.12,2022,6,15
2022-06-15 12:25:00+00:00,28.88,28.98,28.81,28.96,5256.05,2022,6,15
2022-06-15 12:26:00+00:00,28.97,28.98,28.85,28.93,5248.36,2022,6,15
2022-06-15 12:27:00+00:00,28.93,28.99,28.78,28.79,9661.45,2022,6,15
2022-06-15 12:28:00+00:00,28.79,28.93,28.77,28.86,5192.77,2022,6,15
2022-06-15 12:29:00+00:00,28.86,28.97,28.83,28.94,3049.27,2022,6,15
2022-06-15 12:30:00+00:00,28.93,28.97,28.82,28.82,6994.63,2022,6,15
2022-06-15 12:31:00+00:00,28.83,28.93,28.83,28.84,6108.72,2022,6,15
2022-06-15 12:32:00+00:00,28.84,28.85,28.76,28.83,4376.62,2022,6,15
2022-06-15 12:33:00+00:00,28.83,28.97,28.77,28.95,5358.29,2022,6,15
2022-06-15 12:34:00+00:00,28.94,28.99,28.9,28.97,2199.08,2022,6,15
2022-06-15 12:35:00+00:00,28.98,29.0,28.86,28.87,2439.33,2022,6,15
2022-06-15 12:36:00+00:00,28.87,28.92,28.86,28.89,1232.14,2022,6,15
2022-06-15 12:37:00+00:00,28.88,28.89,28.81,28.83,9655.99,2022,6,15
2022-06-15 12:38:00+00:00,28.82,28.83,28.74,28.76,4995.69,2022,6,15
2022-06-15 12:39:00+00:00,28.76,28.79,28.62,28.67,20353.26,2022,6,15
2022-06-15 12:40:00+00:00,28.68,28.75,28.68,28.74,2599.03,2022,6,15
2022-06-15 12:41:00+00:00,28.73,28.78,28.7,28.75,2179.87,2022,6,15
2022-06-15 12:42:00+00:00,28.76,28.8,28.72,28.74,3746.48,2022,6,15
2022-06-15 12:43:00+00:00,28.73,28.82,28.73,28.77,4367.66,2022,6,15
2022-06-15 12:44:00+00:00,28.77,28.87,28.77,28.84,3533.35,2022,6,15
2022-06-15 12:45:00+00:00,28.85,28.95,28.83,28.93,3579.4,2022,6,15
2022-06-15 12:46:00+00:00,28.94,28.95,28.89,28.94,2518.6,2022,6,15
2022-06-15 12:47:00+00:00,28.95,29.12,28.95,29.09,10286.99,2022,6,15
2022-06-15 12:48:00+00:00,29.09,29.12,29.0,29.0,13723.26,2022,6,15
2022-06-15 12:49:00+00:00,28.99,29.04,28.95,29.01,3810.49,2022,6,15
2022-06-15 12:50:00+00:00,29.0,29.14,29.0,29.11,4018.48,2022,6,15
2022-06-15 12:51:00+00:00,29.11,29.12,28.99,29.05,2893.4,2022,6,15
2022-06-15 12:52:00+00:00,29.05,29.08,29.0,29.05,4524.43,2022,6,15
2022-06-15 12:53:00+00:00,29.04,29.1,29.01,29.1,1396.49,2022,6,15
2022-06-15 12:54:00+00:00,29.1,29.13,29.03,29.08,4909.88,2022,6,15
2022-06-15 12:55:00+00:00,29.07,29.08,28.95,28.96,4179.74,2022,6,15
2022-06-15 12:56:00+00:00,28.97,28.98,28.88,28.91,6118.17,2022,6,15
2022-06-15 12:57:00+00:00,28.91,28.98,28.87,28.89,1753.82,2022,6,15
2022-06-15 12:58:00+00:00,28.9,28.93,28.87,28.88,2438.86,2022,6,15
2022-06-15 12:59:00+00:00,28.87,28.9,28.84,28.85,4421.01,2022,6,15
2022-06-15 13:00:00+00:00,28.86,28.93,28.82,28.82,2227.62,2022,6,15
2022-06-15 13:01:00+00:00,28.81,28.85,28.79,28.83,3253.76,2022,6,15
2022-06-15 13:02:00+00:00,28.83,28.92,28.83,28.88,4926.96,2022,6,15
2022-06-15 13:03:00+00:00,28.89,28.95,28.81,28.84,2272.87,2022,6,15
2022-06-15 13:04:00+00:00,28.83,28.94,28.83,28.92,2800.05,2022,6,15
2022-06-15 13:05:00+00:00,28.93,28.99,28.93,28.96,1569.77,2022,6,15
2022-06-15 13:06:00+00:00,28.95,29.01,28.92,28.99,2302.48,2022,6,15
2022-06-15 13:07:00+00:00,28.99,29.4,28.99,29.28,21655.52,2022,6,15
2022-06-15 13:08:00+00:00,29.29,29.46,29.22,29.39,17271.03,2022,6,15
2022-06-15 13:09:00+00:00,29.39,29.45,29.36,29.4,7787.29,2022,6,15
2022-06-15 13:10:00+00:00,29.39,29.5,29.36,29.48,8375.7,2022,6,15
2022-06-15 13:11:00+00:00,29.47,29.5,29.4,29.46,6571.48,2022,6,15
2022-06-15 13:12:00+00:00,29.45,29.57,29.42,29.55,11589.82,2022,6,15
2022-06-15 13:13:00+00:00,29.55,29.55,29.44,29.5,2847.76,2022,6,15
2022-06-15 13:14:00+00:00,29.49,29.58,29.47,29.51,5058.4,2022,6,15
2022-06-15 13:15:00+00:00,29.51,29.52,29.39,29.41,3813.16,2022,6,15
2022-06-15 13:16:00+00:00,29.42,29.43,29.25,29.31,8924.9,2022,6,15
2022-06-15 13:17:00+00:00,29.32,29.41,29.29,29.34,3316.32,2022,6,15
2022-06-15 13:18:00+00:00,29.34,29.53,29.34,29.49,22278.33,2022,6,15
2022-06-15 13:19:00+00:00,29.49,30.0,29.49,29.86,52912.46,2022,6,15
2022-06-15 13:20:00+00:00,29.86,30.01,29.8,29.94,30543.86,2022,6,15
2022-06-15 13:21:00+00:00,29.93,29.94,29.73,29.74,9725.79,2022,6,15
2022-06-15 13:22:00+00:00,29.74,29.74,29.52,29.52,14656.55,2022,6,15
2022-06-15 13:23:00+00:00,29.53,29.55,29.39,29.45,13853.08,2022,6,15
2022-06-15 13:24:00+00:00,29.44,29.46,29.34,29.37,13918.25,2022,6,15
2022-06-15 13:25:00+00:00,29.37,29.41,29.31,29.35,4481.32,2022,6,15
2022-06-15 13:26:00+00:00,29.35,29.37,29.3,29.31,1622.59,2022,6,15
2022-06-15 13:27:00+00:00,29.32,29.5,29.3,29.41,6438.37,2022,6,15
2022-06-15 13:28:00+00:00,29.41,29.44,29.35,29.43,4032.29,2022,6,15
2022-06-15 13:29:00+00:00,29.43,29.44,29.34,29.43,8557.97,2022,6,15
2022-06-15 13:30:00+00:00,29.44,29.65,29.42,29.42,10203.26,2022,6,15
2022-06-15 13:31:00+00:00,29.43,29.51,29.4,29.48,6283.01,2022,6,15
2022-06-15 13:32:00+00:00,29.48,29.63,29.43,29.56,7718.42,2022,6,15
2022-06-15 13:33:00+00:00,29.57,29.66,29.5,29.52,5824.0,2022,6,15
2022-06-15 13:34:00+00:00,29.5,29.56,29.48,29.52,4745.04,2022,6,15
2022-06-15 13:35:00+00:00,29.53,29.67,29.52,29.54,8622.14,2022,6,15
2022-06-15 13:36:00+00:00,29.53,29.55,29.37,29.41,8930.41,2022,6,15
2022-06-15 13:37:00+00:00,29.41,29.49,29.38,29.41,4264.89,2022,6,15
2022-06-15 13:38:00+00:00,29.42,29.43,29.21,29.26,17561.0,2022,6,15
2022-06-15 13:39:00+00:00,29.27,29.39,29.21,29.31,11561.5,2022,6,15
2022-06-15 13:40:00+00:00,29.32,29.4,29.26,29.3,21687.09,2022,6,15
2022-06-15 13:41:00+00:00,29.31,29.49,29.3,29.47,7043.29,2022,6,15
2022-06-15 13:42:00+00:00,29.48,29.65,29.48,29.59,7740.01,2022,6,15
2022-06-15 13:43:00+00:00,29.6,29.64,29.54,29.57,4730.94,2022,6,15
2022-06-15 13:44:00+00:00,29.56,29.64,29.52,29.62,3600.81,2022,6,15
2022-06-15 13:45:00+00:00,29.61,29.7,29.58,29.65,5008.75,2022,6,15
2022-06-15 13:46:00+00:00,29.65,29.86,29.65,29.75,22149.09,2022,6,15
2022-06-15 13:47:00+00:00,29.74,29.78,29.63,29.63,7805.18,2022,6,15
2022-06-15 13:48:00+00:00,29.63,29.67,29.52,29.63,7188.58,2022,6,15
2022-06-15 13:49:00+00:00,29.64,29.79,29.59,29.76,4477.54,2022,6,15
2022-06-15 13:50:00+00:00,29.77,29.84,29.7,29.79,19139.11,2022,6,15
2022-06-15 13:51:00+00:00,29.79,29.96,29.75,29.87,14965.41,2022,6,15
2022-06-15 13:52:00+00:00,29.87,29.95,29.75,29.77,11458.41,2022,6,15
2022-06-15 13:53:00+00:00,29.76,29.83,29.73,29.74,6514.46,2022,6,15
2022-06-15 13:54:00+00:00,29.74,29.78,29.6,29.61,6875.29,2022,6,15
2022-06-15 13:55:00+00:00,29.61,29.73,29.61,29.73,7757.26,2022,6,15
2022-06-15 13:56:00+00:00,29.73,29.8,29.62,29.65,8053.33,2022,6,15
2022-06-15 13:57:00+00:00,29.64,29.66,29.55,29.56,6549.78,2022,6,15
2022-06-15 13:58:00+00:00,29.56,29.57,29.53,29.54,2612.36,2022,6,15
2022-06-15 13:59:00+00:00,29.55,29.57,29.47,29.56,4751.42,2022,6,15
2022-06-15 14:00:00+00:00,29.56,29.65,29.51,29.64,6474.26,2022,6,15
2022-06-15 14:01:00+00:00,29.65,29.71,29.55,29.6,5189.79,2022,6,15
2022-06-15 14:02:00+00:00,29.59,29.66,29.55,29.61,4600.21,2022,6,15
2022-06-15 14:03:00+00:00,29.6,29.71,29.6,29.68,3415.59,2022,6,15
2022-06-15 14:04:00+00:00,29.69,29.79,29.68,29.73,5673.41,2022,6,15
2022-06-15 14:05:00+00:00,29.73,29.8,29.65,29.66,8122.35,2022,6,15
2022-06-15 14:06:00+00:00,29.67,29.82,29.65,29.77,9485.19,2022,6,15
2022-06-15 14:07:00+00:00,29.77,29.88,29.75,29.83,6938.66,2022,6,15
2022-06-15 14:08:00+00:00,29.82,29.88,29.73,29.73,7173.69,2022,6,15
2022-06-15 14:09:00+00:00,29.73,29.81,29.71,29.72,5848.13,2022,6,15
2022-06-15 14:10:00+00:00,29.73,29.74,29.69,29.71,4172.62,2022,6,15
2022-06-15 14:11:00+00:00,29.7,29.71,29.62,29.65,9834.27,2022,6,15
2022-06-15 14:12:00+00:00,29.64,29.65,29.56,29.63,7457.74,2022,6,15
2022-06-15 14:13:00+00:00,29.63,29.7,29.61,29.61,3213.4,2022,6,15
2022-06-15 14:14:00+00:00,29.61,29.69,29.59,29.59,4276.43,2022,6,15
2022-06-15 14:15:00+00:00,29.58,29.63,29.33,29.34,17063.39,2022,6,15
2022-06-15 14:16:00+00:00,29.35,29.39,29.27,29.32,11225.29,2022,6,15
2022-06-15 14:17:00+00:00,29.32,29.36,29.21,29.25,6612.18,2022,6,15
2022-06-15 14:18:00+00:00,29.25,29.29,29.19,29.23,10035.1,2022,6,15
2022-06-15 14:19:00+00:00,29.24,29.28,29.13,29.15,15403.1,2022,6,15
2022-06-15 14:20:00+00:00,29.13,29.15,29.03,29.12,11111.25,2022,6,15
2022-06-15 14:21:00+00:00,29.12,29.27,29.11,29.25,10540.41,2022,6,15
2022-06-15 14:22:00+00:00,29.25,29.29,29.16,29.18,8823.07,2022,6,15
2022-06-15 14:23:00+00:00,29.17,29.18,29.01,29.14,11670.34,2022,6,15
2022-06-15 14:24:00+00:00,29.15,29.22,29.11,29.21,6964.79,2022,6,15
2022-06-15 14:25:00+00:00,29.21,29.25,29.18,29.21,10728.81,2022,6,15
2022-06-15 14:26:00+00:00,29.2,29.23,29.15,29.23,10545.97,2022,6,15
2022-06-15 14:27:00+00:00,29.22,29.26,29.17,29.25,2300.17,2022,6,15
2022-06-15 14:28:00+00:00,29.24,29.3,29.17,29.2,6800.97,2022,6,15
2022-06-15 14:29:00+00:00,29.2,29.26,29.19,29.21,5283.3,2022,6,15
2022-06-15 14:30:00+00:00,29.22,29.23,29.05,29.07,10337.76,2022,6,15
2022-06-15 14:31:00+00:00,29.07,29.14,29.03,29.09,7900.19,2022,6,15
2022-06-15 14:32:00+00:00,29.1,29.19,29.0,29.18,21411.3,2022,6,15
2022-06-15 14:33:00+00:00,29.18,29.2,29.09,29.09,3725.01,2022,6,15
2022-06-15 14:34:00+00:00,29.08,29.14,29.06,29.09,3452.68,2022,6,15
2022-06-15 14:35:00+00:00,29.09,29.13,29.03,29.07,4090.39,2022,6,15
2022-06-15 14:36:00+00:00,29.07,29.07,28.99,29.07,8926.46,2022,6,15
2022-06-15 14:37:00+00:00,29.08,29.15,29.07,29.07,3314.24,2022,6,15
2022-06-15 14:38:00+00:00,29.06,29.12,29.04,29.08,7170.02,2022,6,15
2022-06-15 14:39:00+00:00,29.09,29.11,28.88,28.89,3994.5,2022,6,15
2022-06-15 14:40:00+00:00,28.89,28.96,28.85,28.9,9310.8,2022,6,15
2022-06-15 14:41:00+00:00,28.91,29.07,28.89,29.02,4660.28,2022,6,15
2022-06-15 14:42:00+00:00,29.03,29.11,29.03,29.04,2688.0,2022,6,15
2022-06-15 14:43:00+00:00,29.03,29.05,28.94,29.0,7377.89,2022,6,15
2022-06-15 14:44:00+00:00,28.99,29.01,28.94,28.99,2199.34,2022,6,15
2022-06-15 14:45:00+00:00,28.98,29.09,28.97,28.98,5757.64,2022,6,15
2022-06-15 14:46:00+00:00,28.97,29.05,28.96,29.03,5276.37,2022,6,15
2022-06-15 14:47:00+00:00,29.03,29.18,29.03,29.16,10117.42,2022,6,15
2022-06-15 14:48:00+00:00,29.16,29.19,29.07,29.16,7778.9,2022,6,15
2022-06-15 14:49:00+00:00,29.16,29.19,29.13,29.13,4587.51,2022,6,15
2022-06-15 14:50:00+00:00,29.13,29.16,29.07,29.08,2799.68,2022,6,15
2022-06-15 14:51:00+00:00,29.08,29.12,29.03,29.09,3078.63,2022,6,15
2022-06-15 14:52:00+00:00,29.09,29.09,29.04,29.04,6638.81,2022,6,15
2022-06-15 14:53:00+00:00,29.04,29.06,28.94,28.98,5822.86,2022,6,15
2022-06-15 14:54:00+00:00,28.98,28.98,28.75,28.79,21380.34,2022,6,15
2022-06-15 14:55:00+00:00,28.79,28.9,28.74,28.85,9899.58,2022,6,15
2022-06-15 14:56:00+00:00,28.85,28.91,28.78,28.89,5661.08,2022,6,15
2022-06-15 14:57:00+00:00,28.88,28.96,28.85,28.93,5958.01,2022,6,15
2022-06-15 14:58:00+00:00,28.93,28.98,28.86,28.98,5096.31,2022,6,15
2022-06-15 14:59:00+00:00,28.99,29.02,28.92,28.97,8870.42,2022,6,15
2022-06-15 15:00:00+00:00,28.95,29.06,28.94,28.99,8305.92,2022,6,15
2022-06-15 15:01:00+00:00,28.98,29.01,28.9,29.01,4178.9,2022,6,15
2022-06-15 15:02:00+00:00,29.0,29.1,29.0,29.07,5304.27,2022,6,15
2022-06-15 15:03:00+00:00,29.06,29.17,29.06,29.09,6296.93,2022,6,15
2022-06-15 15:04:00+00:00,29.09,29.22,29.07,29.15,9936.92,2022,6,15
2022-06-15 15:05:00+00:00,29.16,29.22,29.12,29.18,3481.15,2022,6,15
2022-06-15 15:06:00+00:00,29.18,29.32,29.17,29.3,3920.11,2022,6,15
2022-06-15 15:07:00+00:00,29.3,29.44,29.3,29.34,4160.56,2022,6,15
2022-06-15 15:08:00+00:00,29.33,29.4,29.3,29.32,5296.79,2022,6,15
2022-06-15 15:09:00+00:00,29.32,29.4,29.31,29.32,5088.3,2022,6,15
2022-06-15 15:10:00+00:00,29.32,29.5,29.32,29.4,5752.97,2022,6,15
2022-06-15 15:11:00+00:00,29.39,29.55,29.37,29.54,10485.77,2022,6,15
2022-06-15 15:12:00+00:00,29.54,29.55,29.36,29.36,5177.9,2022,6,15
2022-06-15 15:13:00+00:00,29.37,29.37,29.29,29.29,5319.51,2022,6,15
2022-06-15 15:14:00+00:00,29.29,29.34,29.29,29.31,2379.98,2022,6,15
2022-06-15 15:15:00+00:00,29.31,29.4,29.3,29.38,4909.84,2022,6,15
2022-06-15 15:16:00+00:00,29.37,29.4,29.36,29.37,1828.45,2022,6,15
2022-06-15 15:17:00+00:00,29.37,29.38,29.27,29.29,4657.41,2022,6,15
2022-06-15 15:18:00+00:00,29.28,29.31,29.26,29.26,1916.7,2022,6,15
2022-06-15 15:19:00+00:00,29.27,29.38,29.22,29.25,3762.48,2022,6,15
2022-06-15 15:20:00+00:00,29.25,29.28,29.08,29.11,11755.23,2022,6,15
2022-06-15 15:21:00+00:00,29.11,29.13,29.05,29.1,6381.62,2022,6,15
2022-06-15 15:22:00+00:00,29.09,29.14,29.07,29.12,3523.2,2022,6,15
2022-06-15 15:23:00+00:00,29.13,29.22,29.09,29.19,4176.14,2022,6,15
2022-06-15 15:24:00+00:00,29.18,29.22,29.1,29.14,10380.8,2022,6,15
2022-06-15 15:25:00+00:00,29.14,29.22,29.13,29.21,2568.44,2022,6,15
2022-06-15 15:26:00+00:00,29.21,29.24,29.19,29.23,2470.29,2022,6,15
2022-06-15 15:27:00+00:00,29.23,29.26,29.2,29.23,1974.63,2022,6,15
2022-06-15 15:28:00+00:00,29.23,29.26,29.21,29.22,1193.76,2022,6,15
2022-06-15 15:29:00+00:00,29.23,29.23,29.16,29.18,2010.63,2022,6,15
2022-06-15 15:30:00+00:00,29.19,29.24,29.04,29.05,2194.03,2022,6,15
2022-06-15 15:31:00+00:00,29.05,29.17,29.02,29.13,3835.71,2022,6,15
2022-06-15 15:32:00+00:00,29.14,29.16,29.05,29.09,3269.99,2022,6,15
2022-06-15 15:33:00+00:00,29.09,29.12,29.03,29.04,1586.43,2022,6,15
2022-06-15 15:34:00+00:00,29.03,29.23,29.02,29.16,9331.02,2022,6,15
2022-06-15 15:35:00+00:00,29.16,29.42,29.15,29.42,4771.9,2022,6,15
2022-06-15 15:36:00+00:00,29.41,29.53,29.35,29.39,11533.75,2022,6,15
2022-06-15 15:37:00+00:00,29.37,29.57,29.35,29.55,3455.16,2022,6,15
2022-06-15 15:38:00+00:00,29.56,29.58,29.4,29.43,5239.81,2022,6,15
2022-06-15 15:39:00+00:00,29.42,29.49,29.42,29.44,3852.33,2022,6,15
2022-06-15 15:40:00+00:00,29.43,29.49,29.41,29.47,4627.43,2022,6,15
2022-06-15 15:41:00+00:00,29.48,29.52,29.43,29.46,2495.2,2022,6,15
2022-06-15 15:42:00+00:00,29.46,29.49,29.42,29.42,1287.88,2022,6,15
2022-06-15 15:43:00+00:00,29.41,29.46,29.41,29.46,2703.94,2022,6,15
2022-06-15 15:44:00+00:00,29.45,29.45,29.35,29.39,17958.4,2022,6,15
2022-06-15 15:45:00+00:00,29.39,29.48,29.35,29.44,14814.95,2022,6,15
2022-06-15 15:46:00+00:00,29.44,29.59,29.44,29.51,15586.36,2022,6,15
2022-06-15 15:47:00+00:00,29.51,29.59,29.47,29.52,8301.82,2022,6,15
2022-06-15 15:48:00+00:00,29.51,29.51,29.39,29.41,5899.51,2022,6,15
2022-06-15 15:49:00+00:00,29.41,29.45,29.4,29.42,2787.01,2022,6,15
2022-06-15 15:50:00+00:00,29.42,29.51,29.4,29.47,3189.35,2022,6,15
2022-06-15 15:51:00+00:00,29.47,29.47,29.41,29.46,2291.39,2022,6,15
2022-06-15 15:52:00+00:00,29.47,29.5,29.43,29.44,3147.21,2022,6,15
2022-06-15 15:53:00+00:00,29.44,29.47,29.38,29.41,4682.53,2022,6,15
2022-06-15 15:54:00+00:00,29.41,29.49,29.4,29.48,4208.74,2022,6,15
2022-06-15 15:55:00+00:00,29.47,29.48,29.42,29.44,2830.3,2022,6,15
2022-06-15 15:56:00+00:00,29.44,29.48,29.41,29.48,1579.45,2022,6,15
2022-06-15 15:57:00+00:00,29.49,29.53,29.45,29.52,3356.9,2022,6,15
2022-06-15 15:58:00+00:00,29.52,29.53,29.47,29.51,3165.88,2022,6,15
2022-06-15 15:59:00+00:00,29.51,29.55,29.49,29.51,2722.12,2022,6,15
2022-06-15 16:00:00+00:00,29.5,29.55,29.47,29.48,7168.54,2022,6,15
2022-06-15 16:01:00+00:00,29.48,29.59,29.48,29.59,2811.99,2022,6,15
2022-06-15 16:02:00+00:00,29.58,29.69,29.58,29.67,11821.32,2022,6,15
2022-06-15 16:03:00+00:00,29.67,29.77,29.5,29.51,6707.25,2022,6,15
2022-06-15 16:04:00+00:00,29.51,29.55,29.45,29.47,4288.49,2022,6,15
2022-06-15 16:05:00+00:00,29.47,29.48,29.36,29.4,2826.4,2022,6,15
2022-06-15 16:06:00+00:00,29.4,29.44,29.38,29.42,1552.94,2022,6,15
2022-06-15 16:07:00+00:00,29.42,29.5,29.4,29.41,1651.83,2022,6,15
2022-06-15 16:08:00+00:00,29.41,29.45,29.38,29.45,1693.18,2022,6,15
2022-06-15 16:09:00+00:00,29.45,29.56,29.45,29.56,3472.17,2022,6,15
2022-06-15 16:10:00+00:00,29.55,29.59,29.5,29.57,2616.13,2022,6,15
2022-06-15 16:11:00+00:00,29.58,29.62,29.47,29.51,6720.6,2022,6,15
2022-06-15 16:12:00+00:00,29.49,29.55,29.49,29.53,1795.54,2022,6,15
2022-06-15 16:13:00+00:00,29.52,29.54,29.38,29.39,4628.46,2022,6,15
2022-06-15 16:14:00+00:00,29.39,29.41,29.32,29.36,3399.61,2022,6,15
2022-06-15 16:15:00+00:00,29.36,29.42,29.31,29.42,3542.28,2022,6,15
2022-06-15 16:16:00+00:00,29.43,29.45,29.39,29.45,1520.19,2022,6,15
2022-06-15 16:17:00+00:00,29.45,29.48,29.4,29.45,2658.64,2022,6,15
2022-06-15 16:18:00+00:00,29.46,29.46,29.41,29.43,946.52,2022,6,15
2022-06-15 16:19:00+00:00,29.43,29.51,29.39,29.51,1851.88,2022,6,15
2022-06-15 16:20:00+00:00,29.51,29.54,29.43,29.44,1397.35,2022,6,15
2022-06-15 16:21:00+00:00,29.43,29.43,29.32,29.34,1916.62,2022,6,15
2022-06-15 16:22:00+00:00,29.34,29.41,29.34,29.35,1414.77,2022,6,15
2022-06-15 16:23:00+00:00,29.35,29.36,29.3,29.33,4110.0,2022,6,15
2022-06-15 16:24:00+00:00,29.34,29.35,29.26,29.32,1780.69,2022,6,15
2022-06-15 16:25:00+00:00,29.32,29.37,29.3,29.36,3820.2,2022,6,15
2022-06-15 16:26:00+00:00,29.35,29.35,29.3,29.32,1197.33,2022,6,15
2022-06-15 16:27:00+00:00,29.32,29.33,29.18,29.2,6844.98,2022,6,15
2022-06-15 16:28:00+00:00,29.2,29.22,29.12,29.13,3913.03,2022,6,15
2022-06-15 16:29:00+00:00,29.12,29.2,29.12,29.16,4815.51,2022,6,15
2022-06-15 16:30:00+00:00,29.16,29.18,28.93,28.96,27782.85,2022,6,15
2022-06-15 16:31:00+00:00,28.96,29.09,28.93,29.04,9692.71,2022,6,15
2022-06-15 16:32:00+00:00,29.05,29.08,29.0,29.03,3459.31,2022,6,15
2022-06-15 16:33:00+00:00,29.03,29.03,28.91,28.99,9853.39,2022,6,15
2022-06-15 16:34:00+00:00,29.0,29.06,28.87,28.87,8536.54,2022,6,15
2022-06-15 16:35:00+00:00,28.88,28.93,28.82,28.85,6463.42,2022,6,15
2022-06-15 16:36:00+00:00,28.84,28.88,28.72,28.83,19213.7,2022,6,15
2022-06-15 16:37:00+00:00,28.83,28.89,28.82,28.85,10522.98,2022,6,15
2022-06-15 16:38:00+00:00,28.85,28.85,28.77,28.79,4059.38,2022,6,15
2022-06-15 16:39:00+00:00,28.79,28.8,28.62,28.66,20388.48,2022,6,15
2022-06-15 16:40:00+00:00,28.66,28.76,28.61,28.76,15052.19,2022,6,15
2022-06-15 16:41:00+00:00,28.75,28.82,28.73,28.75,3449.82,2022,6,15
2022-06-15 16:42:00+00:00,28.74,28.76,28.7,28.71,1723.64,2022,6,15
2022-06-15 16:43:00+00:00,28.71,28.75,28.68,28.7,1478.71,2022,6,15
2022-06-15 16:44:00+00:00,28.69,28.72,28.63,28.66,4455.05,2022,6,15
2022-06-15 16:45:00+00:00,28.67,28.76,28.55,28.74,6256.6,2022,6,15
2022-06-15 16:46:00+00:00,28.73,28.77,28.68,28.7,8726.58,2022,6,15
2022-06-15 16:47:00+00:00,28.69,28.73,28.58,28.64,4392.14,2022,6,15
2022-06-15 16:48:00+00:00,28.63,28.73,28.63,28.67,5429.01,2022,6,15
2022-06-15 16:49:00+00:00,28.67,28.77,28.6,28.77,3328.15,2022,6,15
2022-06-15 16:50:00+00:00,28.77,28.77,28.65,28.68,2817.11,2022,6,15
2022-06-15 16:51:00+00:00,28.68,28.72,28.63,28.69,5846.5,2022,6,15
2022-06-15 16:52:00+00:00,28.7,28.73,28.63,28.66,1868.21,2022,6,15
2022-06-15 16:53:00+00:00,28.66,28.71,28.64,28.66,4187.88,2022,6,15
2022-06-15 16:54:00+00:00,28.66,28.75,28.65,28.69,5647.68,2022,6,15
2022-06-15 16:55:00+00:00,28.69,28.7,28.65,28.7,2719.76,2022,6,15
2022-06-15 16:56:00+00:00,28.7,28.71,28.66,28.66,2509.39,2022,6,15
2022-06-15 16:57:00+00:00,28.67,28.69,28.49,28.52,8333.16,2022,6,15
2022-06-15 16:58:00+00:00,28.51,28.7,28.47,28.7,7467.33,2022,6,15
2022-06-15 16:59:00+00:00,28.71,28.74,28.63,28.68,4427.45,2022,6,15
2022-06-15 17:00:00+00:00,28.68,28.87,28.63,28.87,4261.66,2022,6,15
2022-06-15 17:01:00+00:00,28.85,28.87,28.7,28.71,4768.84,2022,6,15
2022-06-15 17:02:00+00:00,28.7,28.7,28.54,28.61,7932.94,2022,6,15
2022-06-15 17:03:00+00:00,28.61,28.63,28.56,28.61,1846.89,2022,6,15
2022-06-15 17:04:00+00:00,28.61,28.67,28.58,28.63,3527.85,2022,6,15
2022-06-15 17:05:00+00:00,28.63,28.66,28.61,28.62,1396.04,2022,6,15
2022-06-15 17:06:00+00:00,28.61,28.61,28.43,28.46,7165.26,2022,6,15
2022-06-15 17:07:00+00:00,28.45,28.6,28.42,28.55,8647.79,2022,6,15
2022-06-15 17:08:00+00:00,28.56,28.57,28.5,28.56,4431.82,2022,6,15
2022-06-15 17:09:00+00:00,28.57,28.58,28.42,28.43,4445.99,2022,6,15
2022-06-15 17:10:00+00:00,28.42,28.59,28.4,28.52,5667.82,2022,6,15
2022-06-15 17:11:00+00:00,28.51,28.6,28.5,28.58,4748.57,2022,6,15
2022-06-15 17:12:00+00:00,28.59,28.64,28.55,28.57,2114.97,2022,6,15
2022-06-15 17:13:00+00:00,28.55,28.69,28.55,28.65,6414.66,2022,6,15
2022-06-15 17:14:00+00:00,28.64,28.75,28.63,28.73,3156.91,2022,6,15
2022-06-15 17:15:00+00:00,28.72,29.19,28.72,29.15,17403.02,2022,6,15
2022-06-15 17:16:00+00:00,29.15,29.16,29.02,29.05,7838.12,2022,6,15
2022-06-15 17:17:00+00:00,29.04,29.1,29.02,29.07,2642.52,2022,6,15
2022-06-15 17:18:00+00:00,29.07,29.17,29.06,29.09,4612.92,2022,6,15
2022-06-15 17:19:00+00:00,29.09,29.46,29.03,29.44,17333.58,2022,6,15
2022-06-15 17:20:00+00:00,29.44,29.6,29.33,29.38,16525.09,2022,6,15
2022-06-15 17:21:00+00:00,29.38,29.38,29.22,29.28,8439.06,2022,6,15
2022-06-15 17:22:00+00:00,29.28,29.34,29.19,29.26,3988.85,2022,6,15
2022-06-15 17:23:00+00:00,29.27,29.31,29.23,29.26,3932.65,2022,6,15
2022-06-15 17:24:00+00:00,29.25,29.46,29.24,29.37,3240.98,2022,6,15
2022-06-15 17:25:00+00:00,29.37,29.39,29.29,29.29,3083.29,2022,6,15
2022-06-15 17:26:00+00:00,29.29,29.29,29.18,29.22,3709.34,2022,6,15
2022-06-15 17:27:00+00:00,29.2,29.23,29.12,29.14,3213.82,2022,6,15
2022-06-15 17:28:00+00:00,29.15,29.16,29.03,29.08,9646.94,2022,6,15
2022-06-15 17:29:00+00:00,29.09,29.11,28.98,28.98,8561.94,2022,6,15
2022-06-15 17:30:00+00:00,28.98,29.02,28.74,28.81,11832.39,2022,6,15
2022-06-15 17:31:00+00:00,28.81,28.9,28.8,28.84,6015.79,2022,6,15
2022-06-15 17:32:00+00:00,28.84,28.84,28.71,28.79,12478.98,2022,6,15
2022-06-15 17:33:00+00:00,28.8,28.94,28.8,28.9,5189.74,2022,6,15
2022-06-15 17:34:00+00:00,28.89,29.17,28.89,29.08,9606.04,2022,6,15
2022-06-15 17:35:00+00:00,29.06,29.1,28.91,29.0,6059.04,2022,6,15
2022-06-15 17:36:00+00:00,29.0,29.01,28.89,28.89,4863.23,2022,6,15
2022-06-15 17:37:00+00:00,28.88,29.05,28.87,29.02,3417.04,2022,6,15
2022-06-15 17:38:00+00:00,29.03,29.11,28.97,28.99,4144.68,2022,6,15
2022-06-15 17:39:00+00:00,28.98,29.02,28.93,28.94,7582.03,2022,6,15
2022-06-15 17:40:00+00:00,28.96,29.04,28.96,29.0,1769.8,2022,6,15
2022-06-15 17:41:00+00:00,29.0,29.0,28.95,28.97,1145.72,2022,6,15
2022-06-15 17:42:00+00:00,28.96,29.06,28.91,29.04,3095.2,2022,6,15
2022-06-15 17:43:00+00:00,29.05,29.12,28.96,28.96,4309.65,2022,6,15
2022-06-15 17:44:00+00:00,28.97,29.01,28.96,28.98,2099.8,2022,6,15
2022-06-15 17:45:00+00:00,28.98,29.11,28.94,29.09,3274.64,2022,6,15
2022-06-15 17:46:00+00:00,29.09,29.12,28.99,29.04,3352.63,2022,6,15
2022-06-15 17:47:00+00:00,29.03,29.05,29.0,29.05,4511.5,2022,6,15
2022-06-15 17:48:00+00:00,29.05,29.08,28.97,29.01,4505.65,2022,6,15
2022-06-15 17:49:00+00:00,29.01,29.01,28.8,28.83,6969.39,2022,6,15
2022-06-15 17:50:00+00:00,28.82,28.99,28.77,28.9,3990.22,2022,6,15
2022-06-15 17:51:00+00:00,28.91,29.09,28.91,29.05,2974.47,2022,6,15
2022-06-15 17:52:00+00:00,29.04,29.11,29.01,29.1,3983.73,2022,6,15
2022-06-15 17:53:00+00:00,29.11,29.3,29.1,29.16,8657.27,2022,6,15
2022-06-15 17:54:00+00:00,29.15,29.54,29.15,29.52,16252.55,2022,6,15
2022-06-15 17:55:00+00:00,29.52,29.94,29.5,29.67,63740.37,2022,6,15
2022-06-15 17:56:00+00:00,29.67,29.79,29.42,29.5,16547.6,2022,6,15
2022-06-15 17:57:00+00:00,29.5,29.6,29.25,29.45,8975.45,2022,6,15
2022-06-15 17:58:00+00:00,29.46,29.52,29.38,29.39,10412.81,2022,6,15
2022-06-15 17:59:00+00:00,29.39,29.8,29.34,29.66,12652.2,2022,6,15
2022-06-15 18:00:00+00:00,29.67,30.3,29.01,29.89,77282.04,2022,6,15
2022-06-15 18:01:00+00:00,29.96,29.99,29.28,29.53,75297.11,2022,6,15
2022-06-15 18:02:00+00:00,29.54,29.69,29.31,29.32,45943.3,2022,6,15
2022-06-15 18:03:00+00:00,29.32,29.39,29.1,29.13,45104.42,2022,6,15
2022-06-15 18:04:00+00:00,29.13,29.22,28.62,28.87,52856.11,2022,6,15
2022-06-15 18:05:00+00:00,28.91,29.03,28.74,28.81,32048.06,2022,6,15
2022-06-15 18:06:00+00:00,28.8,28.91,28.44,28.49,49544.31,2022,6,15
2022-06-15 18:07:00+00:00,28.47,28.64,28.31,28.54,39632.77,2022,6,15
2022-06-15 18:08:00+00:00,28.54,28.55,28.35,28.41,19373.48,2022,6,15
2022-06-15 18:09:00+00:00,28.39,28.83,28.31,28.71,32611.67,2022,6,15
2022-06-15 18:10:00+00:00,28.72,28.74,28.14,28.27,40567.87,2022,6,15
2022-06-15 18:11:00+00:00,28.26,28.51,28.2,28.26,25154.06,2022,6,15
2022-06-15 18:12:00+00:00,28.26,28.38,28.11,28.29,24323.65,2022,6,15
2022-06-15 18:13:00+00:00,28.3,28.66,28.27,28.64,21095.51,2022,6,15
2022-06-15 18:14:00+00:00,28.64,28.81,28.45,28.57,25445.13,2022,6,15
2022-06-15 18:15:00+00:00,28.56,28.71,28.38,28.67,15317.7,2022,6,15
2022-06-15 18:16:00+00:00,28.66,28.89,28.51,28.83,19472.08,2022,6,15
2022-06-15 18:17:00+00:00,28.85,28.94,28.71,28.82,10809.24,2022,6,15
2022-06-15 18:18:00+00:00,28.81,29.02,28.81,28.96,16092.41,2022,6,15
2022-06-15 18:19:00+00:00,28.97,28.99,28.73,28.79,11419.07,2022,6,15
2022-06-15 18:20:00+00:00,28.79,28.98,28.75,28.85,11234.55,2022,6,15
2022-06-15 18:21:00+00:00,28.85,29.05,28.84,28.86,13093.27,2022,6,15
2022-06-15 18:22:00+00:00,28.86,28.86,28.68,28.69,11605.06,2022,6,15
2022-06-15 18:23:00+00:00,28.68,28.76,28.51,28.58,11048.4,2022,6,15
2022-06-15 18:24:00+00:00,28.56,28.75,28.55,28.71,10537.13,2022,6,15
2022-06-15 18:25:00+00:00,28.71,28.86,28.65,28.76,10880.5,2022,6,15
2022-06-15 18:26:00+00:00,28.75,28.9,28.66,28.85,11212.46,2022,6,15
2022-06-15 18:27:00+00:00,28.85,29.14,28.82,29.03,22091.57,2022,6,15
2022-06-15 18:28:00+00:00,29.03,29.14,28.95,29.03,10518.6,2022,6,15
2022-06-15 18:29:00+00:00,29.04,29.14,28.96,29.08,9678.55,2022,6,15
2022-06-15 18:30:00+00:00,29.08,29.2,28.92,28.96,18535.79,2022,6,15
2022-06-15 18:31:00+00:00,28.95,29.01,28.78,29.0,16085.09,2022,6,15
2022-06-15 18:32:00+00:00,29.0,29.01,28.57,28.63,16521.4,2022,6,15
2022-06-15 18:33:00+00:00,28.62,28.84,28.57,28.77,18750.07,2022,6,15
2022-06-15 18:34:00+00:00,28.76,28.9,28.66,28.81,13920.13,2022,6,15
2022-06-15 18:35:00+00:00,28.81,29.0,28.75,28.98,13245.05,2022,6,15
2022-06-15 18:36:00+00:00,28.97,29.12,28.91,29.02,11873.07,2022,6,15
2022-06-15 18:37:00+00:00,29.01,29.2,29.0,29.15,20907.81,2022,6,15
2022-06-15 18:38:00+00:00,29.16,29.83,29.14,29.81,50323.16,2022,6,15
2022-06-15 18:39:00+00:00,29.8,29.84,29.5,29.63,41258.99,2022,6,15
2022-06-15 18:40:00+00:00,29.62,30.0,29.5,29.9,50485.47,2022,6,15
2022-06-15 18:41:00+00:00,29.9,30.63,29.84,30.41,95758.51,2022,6,15
2022-06-15 18:42:00+00:00,30.4,30.91,30.36,30.68,48153.22,2022,6,15
2022-06-15 18:43:00+00:00,30.7,31.0,30.5,31.0,67760.11,2022,6,15
2022-06-15 18:44:00+00:00,31.0,31.3,30.87,31.18,57407.42,2022,6,15
2022-06-15 18:45:00+00:00,31.18,32.19,31.18,32.01,82373.13,2022,6,15
2022-06-15 18:46:00+00:00,32.01,32.2,31.17,31.37,78942.03,2022,6,15
2022-06-15 18:47:00+00:00,31.37,31.37,30.65,30.82,60734.63,2022,6,15
2022-06-15 18:48:00+00:00,30.82,31.34,30.7,31.22,43276.09,2022,6,15
2022-06-15 18:49:00+00:00,31.24,31.28,30.94,30.99,26235.49,2022,6,15
2022-06-15 18:50:00+00:00,30.98,31.16,30.82,30.92,26839.15,2022,6,15
2022-06-15 18:51:00+00:00,30.91,31.09,30.62,30.8,71477.07,2022,6,15
2022-06-15 18:52:00+00:00,30.81,30.84,30.34,30.45,45409.8,2022,6,15
2022-06-15 18:53:00+00:00,30.46,30.58,30.25,30.47,26482.8,2022,6,15
2022-06-15 18:54:00+00:00,30.48,30.6,30.29,30.56,50716.96,2022,6,15
2022-06-15 18:55:00+00:00,30.54,30.9,30.49,30.78,26366.41,2022,6,15
2022-06-15 18:56:00+00:00,30.79,30.81,30.48,30.48,20352.23,2022,6,15
2022-06-15 18:57:00+00:00,30.49,30.64,30.25,30.34,23627.54,2022,6,15
2022-06-15 18:58:00+00:00,30.34,30.68,30.24,30.58,19320.58,2022,6,15
2022-06-15 18:59:00+00:00,30.58,30.67,30.46,30.52,9600.8,2022,6,15
2022-06-15 19:00:00+00:00,30.53,30.95,30.49,30.88,17795.94,2022,6,15
2022-06-15 19:01:00+00:00,30.88,30.91,30.65,30.67,9924.17,2022,6,15
2022-06-15 19:02:00+00:00,30.68,30.71,30.42,30.69,12623.79,2022,6,15
2022-06-15 19:03:00+00:00,30.69,30.81,30.54,30.68,13524.84,2022,6,15
2022-06-15 19:04:00+00:00,30.72,30.85,30.66,30.76,9000.37,2022,6,15
2022-06-15 19:05:00+00:00,30.77,30.84,30.66,30.76,8549.25,2022,6,15
2022-06-15 19:06:00+00:00,30.75,31.1,30.7,31.09,17852.63,2022,6,15
2022-06-15 19:07:00+00:00,31.09,31.21,31.04,31.08,15846.05,2022,6,15
2022-06-15 19:08:00+00:00,31.08,31.12,30.81,30.94,8601.56,2022,6,15
2022-06-15 19:09:00+00:00,30.94,31.16,30.88,31.01,14250.05,2022,6,15
2022-06-15 19:10:00+00:00,31.01,31.27,30.91,31.03,13231.49,2022,6,15
2022-06-15 19:11:00+00:00,31.02,31.2,30.98,31.16,6249.42,2022,6,15
2022-06-15 19:12:00+00:00,31.16,31.18,30.85,30.91,9673.06,2022,6,15
2022-06-15 19:13:00+00:00,30.9,31.07,30.77,31.01,10550.52,2022,6,15
2022-06-15 19:14:00+00:00,31.01,31.12,30.96,31.04,10130.34,2022,6,15
2022-06-15 19:15:00+00:00,31.04,31.17,30.9,31.14,8526.87,2022,6,15
2022-06-15 19:16:00+00:00,31.16,31.23,31.08,31.23,11335.26,2022,6,15
2022-06-15 19:17:00+00:00,31.2,31.3,31.02,31.08,8059.03,2022,6,15
2022-06-15 19:18:00+00:00,31.09,31.2,30.96,31.09,6991.06,2022,6,15
2022-06-15 19:19:00+00:00,31.09,31.14,30.96,31.1,7971.19,2022,6,15
2022-06-15 19:20:00+00:00,31.1,31.18,30.98,31.12,6831.37,2022,6,15
2022-06-15 19:21:00+00:00,31.16,31.39,31.14,31.33,14541.12,2022,6,15
2022-06-15 19:22:00+00:00,31.32,31.69,31.3,31.53,11334.99,2022,6,15
2022-06-15 19:23:00+00:00,31.53,31.8,31.44,31.76,10976.5,2022,6,15
2022-06-15 19:24:00+00:00,31.76,31.81,31.6,31.76,23055.71,2022,6,15
2022-06-15 19:25:00+00:00,31.76,32.07,31.62,32.0,23247.66,2022,6,15
2022-06-15 19:26:00+00:00,32.03,32.14,31.96,32.05,22834.34,2022,6,15
2022-06-15 19:27:00+00:00,32.04,32.12,31.88,32.04,13812.11,2022,6,15
2022-06-15 19:28:00+00:00,32.04,32.2,31.99,32.04,15387.84,2022,6,15
2022-06-15 19:29:00+00:00,32.08,32.17,32.02,32.16,18749.77,2022,6,15
2022-06-15 19:30:00+00:00,32.15,32.23,31.78,31.85,19683.03,2022,6,15
2022-06-15 19:31:00+00:00,31.86,32.2,31.81,32.13,9593.85,2022,6,15
2022-06-15 19:32:00+00:00,32.12,32.44,32.1,32.38,40654.27,2022,6,15
2022-06-15 19:33:00+00:00,32.38,32.72,32.33,32.61,37090.66,2022,6,15
2022-06-15 19:34:00+00:00,32.63,33.0,32.49,32.93,33988.33,2022,6,15
2022-06-15 19:35:00+00:00,32.93,32.96,32.5,32.57,24184.83,2022,6,15
2022-06-15 19:36:00+00:00,32.57,32.69,32.32,32.33,14010.97,2022,6,15
2022-06-15 19:37:00+00:00,32.32,32.39,32.14,32.18,13587.22,2022,6,15
2022-06-15 19:38:00+00:00,32.17,32.23,32.04,32.07,6704.85,2022,6,15
2022-06-15 19:39:00+00:00,32.07,32.12,31.82,31.98,14771.73,2022,6,15
2022-06-15 19:40:00+00:00,31.97,32.04,31.8,31.85,14429.27,2022,6,15
2022-06-15 19:41:00+00:00,31.86,32.1,31.83,32.0,9313.91,2022,6,15
2022-06-15 19:42:00+00:00,32.01,32.04,31.89,31.94,6993.15,2022,6,15
2022-06-15 19:43:00+00:00,31.94,32.07,31.85,31.97,10771.85,2022,6,15
2022-06-15 19:44:00+00:00,31.98,32.0,31.8,31.85,7337.95,2022,6,15
2022-06-15 19:45:00+00:00,31.86,31.93,31.77,31.91,6643.01,2022,6,15
2022-06-15 19:46:00+00:00,31.91,32.08,31.84,32.01,6314.93,2022,6,15
2022-06-15 19:47:00+00:00,31.99,32.0,31.78,31.81,9305.89,2022,6,15
2022-06-15 19:48:00+00:00,31.8,31.87,31.7,31.72,9304.12,2022,6,15
2022-06-15 19:49:00+00:00,31.72,31.87,31.71,31.86,5998.97,2022,6,15
2022-06-15 19:50:00+00:00,31.86,31.86,31.58,31.64,17564.32,2022,6,15
2022-06-15 19:51:00+00:00,31.64,31.64,31.35,31.41,15885.18,2022,6,15
2022-06-15 19:52:00+00:00,31.4,31.54,31.36,31.46,10599.51,2022,6,15
2022-06-15 19:53:00+00:00,31.46,31.52,31.42,31.47,5380.97,2022,6,15
2022-06-15 19:54:00+00:00,31.48,31.6,31.4,31.43,14120.75,2022,6,15
2022-06-15 19:55:00+00:00,31.43,31.64,31.42,31.63,5330.72,2022,6,15
2022-06-15 19:56:00+00:00,31.63,31.7,31.52,31.69,5758.0,2022,6,15
2022-06-15 19:57:00+00:00,31.68,31.68,31.56,31.6,5856.66,2022,6,15
2022-06-15 19:58:00+00:00,31.59,31.62,31.47,31.53,7914.53,2022,6,15
2022-06-15 19:59:00+00:00,31.53,31.62,31.43,31.48,7322.5,2022,6,15
2022-06-15 20:00:00+00:00,31.48,31.75,31.45,31.73,7750.46,2022,6,15
2022-06-15 20:01:00+00:00,31.74,31.81,31.52,31.54,8436.34,2022,6,15
2022-06-15 20:02:00+00:00,31.54,31.54,31.43,31.45,7396.13,2022,6,15
2022-06-15 20:03:00+00:00,31.44,31.53,31.31,31.47,13226.05,2022,6,15
2022-06-15 20:04:00+00:00,31.47,31.59,31.46,31.57,6860.32,2022,6,15
2022-06-15 20:05:00+00:00,31.57,31.58,31.48,31.55,3483.92,2022,6,15
2022-06-15 20:06:00+00:00,31.54,31.59,31.51,31.51,3456.98,2022,6,15
2022-06-15 20:07:00+00:00,31.52,31.73,31.52,31.7,5594.39,2022,6,15
2022-06-15 20:08:00+00:00,31.69,31.8,31.66,31.76,5684.52,2022,6,15
2022-06-15 20:09:00+00:00,31.77,31.81,31.69,31.7,7542.51,2022,6,15
2022-06-15 20:10:00+00:00,31.69,31.72,31.59,31.59,4578.04,2022,6,15
2022-06-15 20:11:00+00:00,31.6,31.63,31.51,31.55,4726.83,2022,6,15
2022-06-15 20:12:00+00:00,31.56,31.62,31.52,31.53,2744.87,2022,6,15
2022-06-15 20:13:00+00:00,31.53,31.65,31.53,31.62,3505.53,2022,6,15
2022-06-15 20:14:00+00:00,31.61,31.61,31.32,31.35,11901.98,2022,6,15
2022-06-15 20:15:00+00:00,31.34,31.44,31.29,31.31,7118.98,2022,6,15
2022-06-15 20:16:00+00:00,31.31,31.41,31.16,31.26,19428.8,2022,6,15
2022-06-15 20:17:00+00:00,31.26,31.28,31.14,31.22,9005.87,2022,6,15
2022-06-15 20:18:00+00:00,31.23,31.24,31.13,31.16,12196.59,2022,6,15
2022-06-15 20:19:00+00:00,31.17,31.21,31.06,31.1,11886.01,2022,6,15
2022-06-15 20:20:00+00:00,31.1,31.22,31.08,31.11,5442.28,2022,6,15
2022-06-15 20:21:00+00:00,31.11,31.23,31.11,31.2,6257.12,2022,6,15
2022-06-15 20:22:00+00:00,31.2,31.3,31.19,31.23,6267.75,2022,6,15
2022-06-15 20:23:00+00:00,31.23,31.35,31.21,31.27,3026.83,2022,6,15
2022-06-15 20:24:00+00:00,31.27,31.34,31.25,31.29,4854.11,2022,6,15
2022-06-15 20:25:00+00:00,31.28,31.37,31.25,31.34,6208.55,2022,6,15
2022-06-15 20:26:00+00:00,31.33,31.38,31.1,31.17,23342.73,2022,6,15
2022-06-15 20:27:00+00:00,31.18,31.26,31.07,31.22,9485.02,2022,6,15
2022-06-15 20:28:00+00:00,31.23,31.24,31.16,31.21,2800.88,2022,6,15
2022-06-15 20:29:00+00:00,31.21,31.25,31.15,31.25,4944.91,2022,6,15
2022-06-15 20:30:00+00:00,31.24,31.35,31.14,31.15,6092.73,2022,6,15
2022-06-15 20:31:00+00:00,31.15,31.3,31.13,31.23,3564.69,2022,6,15
2022-06-15 20:32:00+00:00,31.22,31.47,31.22,31.39,11672.87,2022,6,15
2022-06-15 20:33:00+00:00,31.4,31.53,31.33,31.42,6919.11,2022,6,15
2022-06-15 20:34:00+00:00,31.41,31.42,31.34,31.39,2297.89,2022,6,15
2022-06-15 20:35:00+00:00,31.4,31.5,31.35,31.48,5779.4,2022,6,15
2022-06-15 20:36:00+00:00,31.48,31.61,31.48,31.57,6891.83,2022,6,15
2022-06-15 20:37:00+00:00,31.58,31.62,31.49,31.49,4504.58,2022,6,15
2022-06-15 20:38:00+00:00,31.5,31.54,31.47,31.52,1745.27,2022,6,15
2022-06-15 20:39:00+00:00,31.52,31.65,31.52,31.54,9345.45,2022,6,15
2022-06-15 20:40:00+00:00,31.54,31.58,31.48,31.49,1768.41,2022,6,15
2022-06-15 20:41:00+00:00,31.49,31.57,31.45,31.54,3778.95,2022,6,15
2022-06-15 20:42:00+00:00,31.54,31.58,31.5,31.51,3241.79,2022,6,15
2022-06-15 20:43:00+00:00,31.51,31.56,31.49,31.52,4072.09,2022,6,15
2022-06-15 20:44:00+00:00,31.52,31.72,31.52,31.69,4472.55,2022,6,15
2022-06-15 20:45:00+00:00,31.68,31.87,31.65,31.76,13471.16,2022,6,15
2022-06-15 20:46:00+00:00,31.76,31.79,31.58,31.6,5824.54,2022,6,15
2022-06-15 20:47:00+00:00,31.58,31.79,31.54,31.79,8937.84,2022,6,15
2022-06-15 20:48:00+00:00,31.79,31.99,31.79,31.89,9554.9,2022,6,15
2022-06-15 20:49:00+00:00,31.9,31.91,31.8,31.84,4856.52,2022,6,15
2022-06-15 20:50:00+00:00,31.86,31.86,31.76,31.79,2739.62,2022,6,15
2022-06-15 20:51:00+00:00,31.8,31.83,31.73,31.78,3659.63,2022,6,15
2022-06-15 20:52:00+00:00,31.78,31.82,31.75,31.78,2596.34,2022,6,15
2022-06-15 20:53:00+00:00,31.78,31.81,31.75,31.76,1688.69,2022,6,15
2022-06-15 20:54:00+00:00,31.75,31.82,31.71,31.81,3409.02,2022,6,15
2022-06-15 20:55:00+00:00,31.81,31.99,31.77,31.96,4854.7,2022,6,15
2022-06-15 20:56:00+00:00,31.96,31.98,31.85,31.87,1007.02,2022,6,15
2022-06-15 20:57:00+00:00,31.87,31.88,31.79,31.81,1350.44,2022,6,15
2022-06-15 20:58:00+00:00,31.81,31.83,31.74,31.76,2892.15,2022,6,15
2022-06-15 20:59:00+00:00,31.76,31.78,31.7,31.73,3614.09,2022,6,15
2022-06-15 21:00:00+00:00,31.74,31.88,31.74,31.88,1840.61,2022,6,15
2022-06-15 21:01:00+00:00,31.89,31.89,31.81,31.82,2821.74,2022,6,15
2022-06-15 21:02:00+00:00,31.82,31.82,31.72,31.77,1590.95,2022,6,15
2022-06-15 21:03:00+00:00,31.78,31.78,31.68,31.69,7015.38,2022,6,15
2022-06-15 21:04:00+00:00,31.69,31.75,31.65,31.71,2274.11,2022,6,15
2022-06-15 21:05:00+00:00,31.72,31.8,31.71,31.78,1757.29,2022,6,15
2022-06-15 21:06:00+00:00,31.78,31.87,31.77,31.84,1941.56,2022,6,15
2022-06-15 21:07:00+00:00,31.84,31.85,31.79,31.81,718.61,2022,6,15
2022-06-15 21:08:00+00:00,31.8,31.83,31.77,31.78,1408.55,2022,6,15
2022-06-15 21:09:00+00:00,31.79,31.94,31.78,31.92,1679.17,2022,6,15
2022-06-15 21:10:00+00:00,31.92,31.98,31.87,31.96,3395.89,2022,6,15
2022-06-15 21:11:00+00:00,31.96,31.96,31.87,31.87,2084.19,2022,6,15
2022-06-15 21:12:00+00:00,31.88,31.99,31.87,31.94,2978.23,2022,6,15
2022-06-15 21:13:00+00:00,31.93,31.98,31.88,31.88,2514.53,2022,6,15
2022-06-15 21:14:00+00:00,31.89,31.91,31.81,31.89,3923.37,2022,6,15
2022-06-15 21:15:00+00:00,31.89,31.91,31.84,31.88,802.16,2022,6,15
2022-06-15 21:16:00+00:00,31.87,31.9,31.84,31.9,959.79,2022,6,15
2022-06-15 21:17:00+00:00,31.9,31.94,31.88,31.88,2108.65,2022,6,15
2022-06-15 21:18:00+00:00,31.89,31.9,31.81,31.81,1178.87,2022,6,15
2022-06-15 21:19:00+00:00,31.81,31.89,31.8,31.88,1384.31,2022,6,15
2022-06-15 21:20:00+00:00,31.89,31.96,31.87,31.96,763.46,2022,6,15
2022-06-15 21:21:00+00:00,31.97,32.15,31.97,32.13,8192.34,2022,6,15
2022-06-15 21:22:00+00:00,32.13,32.19,32.11,32.19,6258.76,2022,6,15
2022-06-15 21:23:00+00:00,32.17,32.2,32.11,32.18,5055.38,2022,6,15
2022-06-15 21:24:00+00:00,32.18,32.21,32.14,32.15,4863.48,2022,6,15
2022-06-15 21:25:00+00:00,32.16,32.18,32.13,32.18,2991.87,2022,6,15
2022-06-15 21:26:00+00:00,32.17,32.25,32.16,32.18,2767.21,2022,6,15
2022-06-15 21:27:00+00:00,32.19,32.19,32.13,32.15,2815.12,2022,6,15
2022-06-15 21:28:00+00:00,32.15,32.19,32.11,32.19,2861.71,2022,6,15
2022-06-15 21:29:00+00:00,32.19,32.23,32.17,32.22,3431.38,2022,6,15
2022-06-15 21:30:00+00:00,32.22,32.23,32.15,32.16,958.74,2022,6,15
2022-06-15 21:31:00+00:00,32.16,32.16,32.03,32.05,6623.53,2022,6,15
2022-06-15 21:32:00+00:00,32.04,32.04,31.99,32.0,3222.96,2022,6,15
2022-06-15 21:33:00+00:00,32.01,32.04,31.99,32.0,4704.15,2022,6,15
2022-06-15 21:34:00+00:00,32.0,32.02,31.99,32.02,1390.41,2022,6,15
2022-06-15 21:35:00+00:00,32.03,32.44,32.02,32.4,5373.5,2022,6,15
2022-06-15 21:36:00+00:00,32.4,32.42,32.25,32.27,3253.51,2022,6,15
2022-06-15 21:37:00+00:00,32.28,32.4,32.25,32.4,2165.15,2022,6,15
2022-06-15 21:38:00+00:00,32.39,32.58,32.38,32.54,4004.26,2022,6,15
2022-06-15 21:39:00+00:00,32.54,32.58,32.46,32.49,4584.71,2022,6,15
2022-06-15 21:40:00+00:00,32.48,32.71,32.48,32.68,8016.62,2022,6,15
2022-06-15 21:41:00+00:00,32.67,32.8,32.66,32.74,2782.39,2022,6,15
2022-06-15 21:42:00+00:00,32.74,32.75,32.58,32.67,8764.95,2022,6,15
2022-06-15 21:43:00+00:00,32.67,32.69,32.55,32.62,3013.48,2022,6,15
2022-06-15 21:44:00+00:00,32.61,32.65,32.6,32.6,1616.16,2022,6,15
2022-06-15 21:45:00+00:00,32.61,32.7,32.59,32.62,2315.97,2022,6,15
2022-06-15 21:46:00+00:00,32.62,32.92,32.61,32.92,3913.58,2022,6,15
2022-06-15 21:47:00+00:00,32.91,33.15,32.88,33.13,15163.1,2022,6,15
2022-06-15 21:48:00+00:00,33.14,33.33,33.04,33.17,14494.53,2022,6,15
2022-06-15 21:49:00+00:00,33.18,33.29,33.08,33.12,6314.88,2022,6,15
2022-06-15 21:50:00+00:00,33.12,33.36,33.11,33.21,12386.59,2022,6,15
2022-06-15 21:51:00+00:00,33.21,33.36,33.21,33.29,5204.7,2022,6,15
2022-06-15 21:52:00+00:00,33.29,33.29,33.06,33.2,9767.02,2022,6,15
2022-06-15 21:53:00+00:00,33.21,33.28,33.15,33.16,16133.38,2022,6,15
2022-06-15 21:54:00+00:00,33.17,33.19,33.05,33.17,3987.6,2022,6,15
2022-06-15 21:55:00+00:00,33.17,33.29,33.13,33.13,3431.83,2022,6,15
2022-06-15 21:56:00+00:00,33.13,33.31,33.13,33.29,5542.15,2022,6,15
2022-06-15 21:57:00+00:00,33.3,33.53,33.3,33.41,9383.41,2022,6,15
2022-06-15 21:58:00+00:00,33.41,33.41,33.11,33.21,8088.2,2022,6,15
2022-06-15 21:59:00+00:00,33.21,33.23,33.06,33.1,4672.83,2022,6,15
2022-06-15 22:00:00+00:00,33.11,33.37,33.11,33.19,8155.69,2022,6,15
2022-06-15 22:01:00+00:00,33.19,33.2,33.07,33.2,4945.33,2022,6,15
2022-06-15 22:02:00+00:00,33.19,33.39,33.18,33.32,5290.64,2022,6,15
2022-06-15 22:03:00+00:00,33.32,33.49,33.31,33.47,6127.01,2022,6,15
2022-06-15 22:04:00+00:00,33.48,33.8,33.46,33.73,38951.32,2022,6,15
2022-06-15 22:05:00+00:00,33.73,33.86,33.62,33.86,37958.91,2022,6,15
2022-06-15 22:06:00+00:00,33.84,34.2,33.83,34.19,27061.96,2022,6,15
2022-06-15 22:07:00+00:00,34.19,34.8,34.16,34.76,72286.27,2022,6,15
2022-06-15 22:08:00+00:00,34.78,34.86,34.18,34.21,33408.61,2022,6,15
2022-06-15 22:09:00+00:00,34.2,34.27,33.97,34.1,15032.2,2022,6,15
2022-06-15 22:10:00+00:00,34.09,34.13,33.96,34.06,11597.56,2022,6,15
2022-06-15 22:11:00+00:00,34.06,34.48,34.03,34.35,17387.66,2022,6,15
2022-06-15 22:12:00+00:00,34.34,34.4,34.13,34.18,11682.1,2022,6,15
2022-06-15 22:13:00+00:00,34.17,34.5,34.14,34.4,10386.46,2022,6,15
2022-06-15 22:14:00+00:00,34.42,34.43,34.14,34.29,11650.08,2022,6,15
2022-06-15 22:15:00+00:00,34.3,34.79,34.14,34.59,28769.92,2022,6,15
2022-06-15 22:16:00+00:00,34.59,34.61,34.29,34.34,11664.85,2022,6,15
2022-06-15 22:17:00+00:00,34.35,34.46,34.21,34.34,28757.69,2022,6,15
2022-06-15 22:18:00+00:00,34.35,34.36,34.2,34.23,6594.55,2022,6,15
2022-06-15 22:19:00+00:00,34.23,34.27,34.08,34.12,14769.56,2022,6,15
2022-06-15 22:20:00+00:00,34.12,34.18,33.93,34.05,16963.22,2022,6,15
2022-06-15 22:21:00+00:00,34.06,34.2,34.05,34.11,5908.9,2022,6,15
2022-06-15 22:22:00+00:00,34.11,34.12,33.92,33.99,8085.69,2022,6,15
2022-06-15 22:23:00+00:00,33.99,34.03,33.77,33.96,13483.07,2022,6,15
2022-06-15 22:24:00+00:00,33.96,34.06,33.85,34.02,12970.72,2022,6,15
2022-06-15 22:25:00+00:00,34.01,34.12,34.0,34.04,11654.32,2022,6,15
2022-06-15 22:26:00+00:00,34.04,34.2,34.01,34.09,25329.95,2022,6,15
2022-06-15 22:27:00+00:00,34.11,34.46,34.09,34.42,23505.45,2022,6,15
2022-06-15 22:28:00+00:00,34.42,34.45,34.17,34.24,17636.27,2022,6,15
2022-06-15 22:29:00+00:00,34.24,34.3,34.18,34.26,10449.37,2022,6,15
2022-06-15 22:30:00+00:00,34.27,34.28,34.07,34.13,9780.53,2022,6,15
2022-06-15 22:31:00+00:00,34.13,34.26,34.1,34.25,6265.96,2022,6,15
2022-06-15 22:32:00+00:00,34.25,34.36,34.23,34.31,5987.37,2022,6,15
2022-06-15 22:33:00+00:00,34.3,34.58,34.29,34.54,10899.85,2022,6,15
2022-06-15 22:34:00+00:00,34.53,34.6,34.39,34.39,7645.57,2022,6,15
2022-06-15 22:35:00+00:00,34.39,34.41,34.22,34.23,16403.44,2022,6,15
2022-06-15 22:36:00+00:00,34.23,34.34,34.19,34.24,13329.0,2022,6,15
2022-06-15 22:37:00+00:00,34.25,34.37,34.12,34.36,11282.19,2022,6,15
2022-06-15 22:38:00+00:00,34.35,34.62,34.33,34.38,9034.37,2022,6,15
2022-06-15 22:39:00+00:00,34.38,34.38,34.26,34.28,3742.22,2022,6,15
2022-06-15 22:40:00+00:00,34.29,34.33,34.23,34.31,4849.06,2022,6,15
2022-06-15 22:41:00+00:00,34.3,34.57,34.3,34.32,6705.75,2022,6,15
2022-06-15 22:42:00+00:00,34.32,34.35,34.17,34.17,12874.32,2022,6,15
2022-06-15 22:43:00+00:00,34.18,34.24,34.1,34.21,12546.63,2022,6,15
2022-06-15 22:44:00+00:00,34.21,34.23,34.15,34.19,4994.22,2022,6,15
2022-06-15 22:45:00+00:00,34.19,34.28,34.07,34.09,8792.3,2022,6,15
2022-06-15 22:46:00+00:00,34.09,34.15,34.0,34.06,7977.48,2022,6,15
2022-06-15 22:47:00+00:00,34.07,34.18,34.05,34.07,5857.82,2022,6,15
2022-06-15 22:48:00+00:00,34.07,34.16,34.07,34.14,8633.07,2022,6,15
2022-06-15 22:49:00+00:00,34.14,34.31,34.13,34.23,5497.49,2022,6,15
2022-06-15 22:50:00+00:00,34.23,34.33,34.22,34.3,9534.64,2022,6,15
2022-06-15 22:51:00+00:00,34.29,34.29,34.07,34.11,5417.22,2022,6,15
2022-06-15 22:52:00+00:00,34.1,34.19,34.08,34.18,4138.52,2022,6,15
2022-06-15 22:53:00+00:00,34.18,34.2,34.09,34.15,3473.27,2022,6,15
2022-06-15 22:54:00+00:00,34.16,34.23,34.15,34.2,3234.33,2022,6,15
2022-06-15 22:55:00+00:00,34.21,34.21,33.94,34.04,6985.06,2022,6,15
2022-06-15 22:56:00+00:00,34.04,34.15,33.98,34.1,9056.47,2022,6,15
2022-06-15 22:57:00+00:00,34.1,34.14,34.08,34.12,1283.82,2022,6,15
2022-06-15 22:58:00+00:00,34.1,34.2,34.1,34.1,3999.94,2022,6,15
2022-06-15 22:59:00+00:00,34.1,34.21,34.1,34.13,5277.91,2022,6,15
2022-06-15 23:00:00+00:00,34.13,34.25,34.07,34.09,7957.02,2022,6,15
2022-06-15 23:01:00+00:00,34.1,34.12,33.91,33.91,4349.13,2022,6,15
2022-06-15 23:02:00+00:00,33.91,34.04,33.91,34.03,7881.42,2022,6,15
2022-06-15 23:03:00+00:00,34.04,34.19,34.02,34.09,6657.44,2022,6,15
2022-06-15 23:04:00+00:00,34.1,34.21,34.1,34.17,4774.59,2022,6,15
2022-06-15 23:05:00+00:00,34.17,34.2,34.05,34.19,4978.43,2022,6,15
2022-06-15 23:06:00+00:00,34.19,34.23,34.17,34.21,6598.05,2022,6,15
2022-06-15 23:07:00+00:00,34.2,34.21,34.14,34.15,1654.88,2022,6,15
2022-06-15 23:08:00+00:00,34.16,34.25,34.05,34.23,10870.52,2022,6,15
2022-06-15 23:09:00+00:00,34.22,34.44,34.2,34.32,10505.79,2022,6,15
2022-06-15 23:10:00+00:00,34.33,34.45,34.32,34.44,6962.38,2022,6,15
2022-06-15 23:11:00+00:00,34.45,34.46,34.35,34.42,9954.27,2022,6,15
2022-06-15 23:12:00+00:00,34.43,34.48,34.38,34.44,4844.28,2022,6,15
2022-06-15 23:13:00+00:00,34.43,34.46,34.41,34.44,1759.68,2022,6,15
2022-06-15 23:14:00+00:00,34.43,34.55,34.42,34.51,7824.96,2022,6,15
2022-06-15 23:15:00+00:00,34.51,34.52,34.35,34.44,8140.78,2022,6,15
2022-06-15 23:16:00+00:00,34.44,34.44,34.33,34.34,5183.58,2022,6,15
2022-06-15 23:17:00+00:00,34.34,34.44,34.31,34.42,6166.36,2022,6,15
2022-06-15 23:18:00+00:00,34.42,34.49,34.42,34.49,1857.48,2022,6,15
2022-06-15 23:19:00+00:00,34.49,34.51,34.47,34.48,3121.24,2022,6,15
2022-06-15 23:20:00+00:00,34.47,34.85,34.46,34.71,8683.56,2022,6,15
2022-06-15 23:21:00+00:00,34.7,34.74,34.52,34.56,9541.88,2022,6,15
2022-06-15 23:22:00+00:00,34.58,34.71,34.48,34.53,10729.51,2022,6,15
2022-06-15 23:23:00+00:00,34.52,34.57,34.44,34.46,6281.46,2022,6,15
2022-06-15 23:24:00+00:00,34.46,34.65,34.46,34.59,20120.72,2022,6,15
2022-06-15 23:25:00+00:00,34.6,34.67,34.56,34.56,6650.05,2022,6,15
2022-06-15 23:26:00+00:00,34.56,34.59,34.37,34.4,13695.08,2022,6,15
2022-06-15 23:27:00+00:00,34.39,34.46,34.28,34.3,11468.88,2022,6,15
2022-06-15 23:28:00+00:00,34.3,34.39,34.28,34.33,6383.0,2022,6,15
2022-06-15 23:29:00+00:00,34.33,34.51,34.3,34.48,4953.56,2022,6,15
2022-06-15 23:30:00+00:00,34.47,34.52,34.4,34.4,6467.14,2022,6,15
2022-06-15 23:31:00+00:00,34.4,34.44,34.11,34.15,18303.89,2022,6,15
2022-06-15 23:32:00+00:00,34.15,34.26,34.14,34.26,7214.6,2022,6,15
2022-06-15 23:33:00+00:00,34.26,34.35,34.24,34.25,5081.11,2022,6,15
2022-06-15 23:34:00+00:00,34.24,34.25,34.16,34.19,4865.52,2022,6,15
2022-06-15 23:35:00+00:00,34.2,34.25,34.17,34.18,4306.73,2022,6,15
2022-06-15 23:36:00+00:00,34.18,34.21,34.1,34.16,7952.09,2022,6,15
2022-06-15 23:37:00+00:00,34.16,34.19,34.06,34.1,6352.68,2022,6,15
2022-06-15 23:38:00+00:00,34.1,34.12,34.07,34.11,4363.72,2022,6,15
2022-06-15 23:39:00+00:00,34.12,34.15,34.08,34.1,8259.94,2022,6,15
2022-06-15 23:40:00+00:00,34.1,34.14,34.08,34.13,2405.59,2022,6,15
2022-06-15 23:41:00+00:00,34.13,34.29,34.05,34.05,9668.26,2022,6,15
2022-06-15 23:42:00+00:00,34.06,34.12,34.0,34.11,5435.31,2022,6,15
2022-06-15 23:43:00+00:00,34.11,34.17,34.02,34.04,10603.71,2022,6,15
2022-06-15 23:44:00+00:00,34.05,34.08,34.04,34.06,5950.37,2022,6,15
2022-06-15 23:45:00+00:00,34.06,34.29,34.06,34.16,16859.98,2022,6,15
2022-06-15 23:46:00+00:00,34.16,34.26,34.11,34.19,7606.66,2022,6,15
2022-06-15 23:47:00+00:00,34.2,34.32,34.19,34.29,7295.3,2022,6,15
2022-06-15 23:48:00+00:00,34.29,34.32,34.23,34.31,5352.16,2022,6,15
2022-06-15 23:49:00+00:00,34.31,34.41,34.31,34.37,9406.99,2022,6,15
2022-06-15 23:50:00+00:00,34.37,34.45,34.29,34.3,5549.32,2022,6,15
2022-06-15 23:51:00+00:00,34.31,34.34,34.24,34.31,4251.37,2022,6,15
2022-06-15 23:52:00+00:00,34.32,34.34,34.29,34.32,2079.41,2022,6,15
2022-06-15 23:53:00+00:00,34.32,34.38,34.31,34.38,3144.81,2022,6,15
2022-06-15 23:54:00+00:00,34.36,34.37,34.2,34.2,3040.13,2022,6,15
2022-06-15 23:55:00+00:00,34.2,34.4,34.2,34.39,7550.33,2022,6,15
2022-06-15 23:56:00+00:00,34.38,34.66,34.38,34.57,17208.34,2022,6,15
2022-06-15 23:57:00+00:00,34.57,34.68,34.52,34.55,37411.37,2022,6,15
2022-06-15 23:58:00+00:00,34.55,34.74,34.55,34.68,4625.71,2022,6,15
2022-06-15 23:59:00+00:00,34.69,34.79,34.68,34.76,4503.27,2022,6,15
2022-06-16 00:00:00+00:00,34.75,35.01,34.7,34.75,27127.48,2022,6,16
2022-06-16 00:01:00+00:00,34.75,34.86,34.63,34.77,10889.11,2022,6,16
2022-06-16 00:02:00+00:00,34.78,35.37,34.78,35.16,32800.76,2022,6,16
2022-06-16 00:03:00+00:00,35.16,35.58,35.14,35.38,53677.61,2022,6,16
2022-06-16 00:04:00+00:00,35.38,35.74,35.34,35.72,11769.23,2022,6,16
2022-06-16 00:05:00+00:00,35.72,36.0,35.5,35.71,60282.68,2022,6,16
2022-06-16 00:06:00+00:00,35.71,35.87,35.58,35.61,16966.01,2022,6,16
2022-06-16 00:07:00+00:00,35.61,35.65,35.45,35.5,12013.27,2022,6,16
2022-06-16 00:08:00+00:00,35.5,35.79,35.48,35.78,12306.96,2022,6,16
2022-06-16 00:09:00+00:00,35.78,35.83,35.55,35.56,14718.08,2022,6,16
2022-06-16 00:10:00+00:00,35.56,35.58,35.33,35.4,18625.64,2022,6,16
2022-06-16 00:11:00+00:00,35.4,35.51,35.33,35.42,11794.72,2022,6,16
2022-06-16 00:12:00+00:00,35.43,35.55,35.34,35.52,12700.79,2022,6,16
2022-06-16 00:13:00+00:00,35.52,35.6,35.44,35.52,8812.91,2022,6,16
2022-06-16 00:14:00+00:00,35.51,35.53,35.33,35.36,9524.07,2022,6,16
2022-06-16 00:15:00+00:00,35.37,35.37,35.17,35.24,9662.47,2022,6,16
2022-06-16 00:16:00+00:00,35.24,35.25,35.07,35.1,11008.77,2022,6,16
2022-06-16 00:17:00+00:00,35.1,35.12,34.9,34.93,7883.92,2022,6,16
2022-06-16 00:18:00+00:00,34.94,35.01,34.86,34.88,9804.1,2022,6,16
2022-06-16 00:19:00+00:00,34.88,35.0,34.8,34.85,9945.87,2022,6,16
2022-06-16 00:20:00+00:00,34.84,34.9,34.79,34.86,4955.71,2022,6,16
2022-06-16 00:21:00+00:00,34.86,34.88,34.8,34.84,3521.83,2022,6,16
2022-06-16 00:22:00+00:00,34.84,35.0,34.81,34.99,7314.39,2022,6,16
2022-06-16 00:23:00+00:00,34.99,35.04,34.82,34.85,7910.46,2022,6,16
2022-06-16 00:24:00+00:00,34.85,34.88,34.77,34.8,6109.79,2022,6,16
2022-06-16 00:25:00+00:00,34.8,35.0,34.8,35.0,2814.63,2022,6,16
2022-06-16 00:26:00+00:00,35.0,35.03,34.91,35.0,4058.2,2022,6,16
2022-06-16 00:27:00+00:00,35.0,35.11,34.98,35.02,4213.87,2022,6,16
2022-06-16 00:28:00+00:00,35.02,35.08,34.96,34.96,2858.82,2022,6,16
2022-06-16 00:29:00+00:00,34.96,35.06,34.96,35.04,3232.42,2022,6,16
2022-06-16 00:30:00+00:00,35.04,35.23,35.04,35.15,6600.08,2022,6,16
2022-06-16 00:31:00+00:00,35.16,35.4,35.16,35.23,12402.07,2022,6,16
2022-06-16 00:32:00+00:00,35.24,35.28,35.2,35.23,4925.63,2022,6,16
2022-06-16 00:33:00+00:00,35.23,35.28,35.06,35.24,11790.11,2022,6,16
2022-06-16 00:34:00+00:00,35.25,35.37,35.25,35.31,4517.02,2022,6,16
2022-06-16 00:35:00+00:00,35.32,35.42,35.31,35.35,5164.23,2022,6,16
2022-06-16 00:36:00+00:00,35.36,35.43,35.3,35.31,5234.72,2022,6,16
2022-06-16 00:37:00+00:00,35.33,35.49,35.32,35.46,5064.99,2022,6,16
2022-06-16 00:38:00+00:00,35.46,35.47,35.26,35.26,4369.29,2022,6,16
2022-06-16 00:39:00+00:00,35.25,35.29,35.16,35.22,3075.78,2022,6,16
2022-06-16 00:40:00+00:00,35.22,35.27,35.15,35.18,3525.21,2022,6,16
2022-06-16 00:41:00+00:00,35.19,35.22,35.09,35.1,4797.13,2022,6,16
2022-06-16 00:42:00+00:00,35.09,35.1,34.94,35.05,14996.63,2022,6,16
2022-06-16 00:43:00+00:00,35.05,35.08,34.99,35.05,5738.19,2022,6,16
2022-06-16 00:44:00+00:00,35.05,35.06,34.97,35.05,3251.67,2022,6,16
2022-06-16 00:45:00+00:00,35.05,35.14,34.97,35.01,5739.93,2022,6,16
2022-06-16 00:46:00+00:00,35.01,35.09,34.99,35.09,4080.96,2022,6,16
2022-06-16 00:47:00+00:00,35.08,35.09,34.99,35.04,4150.26,2022,6,16
2022-06-16 00:48:00+00:00,35.04,35.09,34.93,34.95,4006.9,2022,6,16
2022-06-16 00:49:00+00:00,34.94,34.97,34.78,34.79,9488.97,2022,6,16
2022-06-16 00:50:00+00:00,34.78,35.04,34.77,34.97,9645.5,2022,6,16
2022-06-16 00:51:00+00:00,34.96,35.06,34.96,35.02,2067.14,2022,6,16
2022-06-16 00:52:00+00:00,35.02,35.07,34.9,34.94,3305.76,2022,6,16
2022-06-16 00:53:00+00:00,34.94,35.03,34.94,35.01,1298.59,2022,6,16
2022-06-16 00:54:00+00:00,35.02,35.08,34.99,35.01,2394.86,2022,6,16
2022-06-16 00:55:00+00:00,35.0,35.06,35.0,35.02,2392.79,2022,6,16
2022-06-16 00:56:00+00:00,35.03,35.15,35.03,35.08,6980.46,2022,6,16
2022-06-16 00:57:00+00:00,35.08,35.2,35.05,35.18,4693.09,2022,6,16
2022-06-16 00:58:00+00:00,35.18,35.24,35.13,35.14,8619.82,2022,6,16
2022-06-16 00:59:00+00:00,35.12,35.27,35.05,35.19,9319.98,2022,6,16
2022-06-16 01:00:00+00:00,35.19,35.58,35.14,35.32,21924.08,2022,6,16
2022-06-16 01:01:00+00:00,35.32,35.36,35.28,35.3,2333.22,2022,6,16
2022-06-16 01:02:00+00:00,35.29,35.3,35.17,35.25,16077.05,2022,6,16
2022-06-16 01:03:00+00:00,35.25,35.25,35.18,35.24,2045.03,2022,6,16
2022-06-16 01:04:00+00:00,35.25,35.34,35.25,35.31,4961.91,2022,6,16
2022-06-16 01:05:00+00:00,35.3,35.3,35.11,35.11,5738.03,2022,6,16
2022-06-16 01:06:00+00:00,35.12,35.33,35.1,35.32,5118.91,2022,6,16
2022-06-16 01:07:00+00:00,35.33,35.39,35.14,35.16,4324.75,2022,6,16
2022-06-16 01:08:00+00:00,35.16,35.3,35.16,35.29,6071.01,2022,6,16
2022-06-16 01:09:00+00:00,35.29,35.29,35.2,35.22,2388.9,2022,6,16
2022-06-16 01:10:00+00:00,35.23,35.34,35.23,35.33,5053.33,2022,6,16
2022-06-16 01:11:00+00:00,35.33,35.37,35.3,35.36,6222.37,2022,6,16
2022-06-16 01:12:00+00:00,35.36,35.41,35.33,35.33,15256.76,2022,6,16
2022-06-16 01:13:00+00:00,35.32,35.53,35.32,35.51,20548.31,2022,6,16
2022-06-16 01:14:00+00:00,35.51,35.67,35.4,35.64,9287.38,2022,6,16
2022-06-16 01:15:00+00:00,35.64,35.71,35.51,35.53,13563.87,2022,6,16
2022-06-16 01:16:00+00:00,35.54,35.62,35.44,35.44,4031.94,2022,6,16
2022-06-16 01:17:00+00:00,35.45,35.6,35.37,35.46,9808.83,2022,6,16
2022-06-16 01:18:00+00:00,35.46,35.46,35.35,35.44,11670.54,2022,6,16
2022-06-16 01:19:00+00:00,35.43,35.46,35.39,35.39,4916.35,2022,6,16
2022-06-16 01:20:00+00:00,35.38,35.43,35.33,35.35,3167.66,2022,6,16
2022-06-16 01:21:00+00:00,35.35,35.36,35.29,35.36,3421.43,2022,6,16
2022-06-16 01:22:00+00:00,35.36,35.44,35.29,35.44,1948.99,2022,6,16
2022-06-16 01:23:00+00:00,35.44,35.45,35.31,35.31,2905.41,2022,6,16
2022-06-16 01:24:00+00:00,35.32,35.33,35.17,35.2,15904.92,2022,6,16
2022-06-16 01:25:00+00:00,35.2,35.21,35.13,35.19,11290.52,2022,6,16
2022-06-16 01:26:00+00:00,35.2,35.2,35.09,35.13,4044.46,2022,6,16
2022-06-16 01:27:00+00:00,35.13,35.17,35.05,35.07,4190.3,2022,6,16
2022-06-16 01:28:00+00:00,35.06,35.13,35.06,35.09,5815.78,2022,6,16
2022-06-16 01:29:00+00:00,35.08,35.15,35.05,35.09,4703.49,2022,6,16
2022-06-16 01:30:00+00:00,35.08,35.14,35.03,35.05,8755.87,2022,6,16
2022-06-16 01:31:00+00:00,35.05,35.07,34.97,35.0,5585.66,2022,6,16
2022-06-16 01:32:00+00:00,34.99,35.06,34.95,35.01,3509.67,2022,6,16
2022-06-16 01:33:00+00:00,35.01,35.01,34.89,34.93,6093.15,2022,6,16
2022-06-16 01:34:00+00:00,34.92,34.97,34.9,34.91,6572.43,2022,6,16
2022-06-16 01:35:00+00:00,34.92,34.95,34.86,34.91,3512.25,2022,6,16
2022-06-16 01:36:00+00:00,34.92,34.99,34.86,34.95,7428.46,2022,6,16
2022-06-16 01:37:00+00:00,34.94,35.02,34.94,34.98,4024.08,2022,6,16
2022-06-16 01:38:00+00:00,34.98,34.98,34.82,34.85,9908.71,2022,6,16
2022-06-16 01:39:00+00:00,34.85,34.89,34.79,34.83,3932.16,2022,6,16
2022-06-16 01:40:00+00:00,34.82,34.83,34.71,34.71,7213.81,2022,6,16
2022-06-16 01:41:00+00:00,34.71,34.78,34.57,34.6,10635.97,2022,6,16
2022-06-16 01:42:00+00:00,34.61,34.72,34.6,34.68,4335.38,2022,6,16
2022-06-16 01:43:00+00:00,34.69,34.72,34.66,34.68,5209.72,2022,6,16
2022-06-16 01:44:00+00:00,34.68,34.77,34.67,34.68,4547.75,2022,6,16
2022-06-16 01:45:00+00:00,34.68,34.83,34.67,34.72,8645.91,2022,6,16
2022-06-16 01:46:00+00:00,34.72,34.79,34.71,34.74,3672.61,2022,6,16
2022-06-16 01:47:00+00:00,34.75,34.78,34.66,34.67,2740.73,2022,6,16
2022-06-16 01:48:00+00:00,34.67,34.71,34.61,34.69,5683.34,2022,6,16
2022-06-16 01:49:00+00:00,34.69,34.78,34.67,34.76,3280.22,2022,6,16
2022-06-16 01:50:00+00:00,34.75,34.76,34.64,34.66,1809.72,2022,6,16
2022-06-16 01:51:00+00:00,34.65,34.69,34.61,34.68,4162.06,2022,6,16
2022-06-16 01:52:00+00:00,34.68,34.78,34.68,34.73,2234.95,2022,6,16
2022-06-16 01:53:00+00:00,34.74,34.75,34.69,34.7,2534.17,2022,6,16
2022-06-16 01:54:00+00:00,34.69,34.69,34.63,34.66,3104.96,2022,6,16
2022-06-16 01:55:00+00:00,34.68,34.68,34.42,34.49,32302.24,2022,6,16
2022-06-16 01:56:00+00:00,34.49,34.53,34.42,34.44,16633.72,2022,6,16
2022-06-16 01:57:00+00:00,34.43,34.47,34.32,34.39,16600.87,2022,6,16
2022-06-16 01:58:00+00:00,34.39,34.39,34.24,34.3,47553.05,2022,6,16
2022-06-16 01:59:00+00:00,34.29,34.34,34.25,34.27,11632.96,2022,6,16
2022-06-16 02:00:00+00:00,34.26,34.45,34.25,34.4,11391.42,2022,6,16
2022-06-16 02:01:00+00:00,34.39,34.51,34.37,34.5,11256.39,2022,6,16
2022-06-16 02:02:00+00:00,34.49,34.58,34.47,34.57,4399.79,2022,6,16
2022-06-16 02:03:00+00:00,34.57,34.57,34.5,34.52,3407.23,2022,6,16
2022-06-16 02:04:00+00:00,34.51,34.58,34.49,34.53,3562.97,2022,6,16
2022-06-16 02:05:00+00:00,34.53,34.6,34.51,34.56,2913.53,2022,6,16
2022-06-16 02:06:00+00:00,34.56,34.59,34.55,34.57,2817.71,2022,6,16
2022-06-16 02:07:00+00:00,34.56,34.6,34.49,34.49,5876.18,2022,6,16
2022-06-16 02:08:00+00:00,34.48,34.57,34.48,34.51,2498.0,2022,6,16
2022-06-16 02:09:00+00:00,34.51,34.55,34.42,34.47,2446.9,2022,6,16
2022-06-16 02:10:00+00:00,34.46,34.47,34.4,34.43,2002.5,2022,6,16
2022-06-16 02:11:00+00:00,34.43,34.43,34.33,34.33,16055.98,2022,6,16
2022-06-16 02:12:00+00:00,34.32,34.51,34.3,34.47,3777.34,2022,6,16
2022-06-16 02:13:00+00:00,34.47,34.52,34.45,34.47,2334.17,2022,6,16
2022-06-16 02:14:00+00:00,34.48,34.52,34.43,34.51,3142.03,2022,6,16
2022-06-16 02:15:00+00:00,34.5,34.52,34.46,34.51,2598.28,2022,6,16
2022-06-16 02:16:00+00:00,34.5,34.53,34.48,34.49,4097.64,2022,6,16
2022-06-16 02:17:00+00:00,34.5,34.57,34.5,34.56,2191.79,2022,6,16
2022-06-16 02:18:00+00:00,34.56,34.56,34.47,34.47,1877.78,2022,6,16
2022-06-16 02:19:00+00:00,34.47,34.49,34.41,34.42,2739.85,2022,6,16
2022-06-16 02:20:00+00:00,34.43,34.52,34.43,34.51,2762.89,2022,6,16
2022-06-16 02:21:00+00:00,34.51,34.56,34.48,34.51,1679.01,2022,6,16
2022-06-16 02:22:00+00:00,34.51,34.51,34.29,34.29,6028.77,2022,6,16
2022-06-16 02:23:00+00:00,34.29,34.36,34.18,34.27,8067.93,2022,6,16
2022-06-16 02:24:00+00:00,34.26,34.46,34.23,34.43,3500.63,2022,6,16
2022-06-16 02:25:00+00:00,34.42,34.55,34.38,34.54,3823.49,2022,6,16
2022-06-16 02:26:00+00:00,34.54,34.57,34.42,34.46,6694.79,2022,6,16
2022-06-16 02:27:00+00:00,34.46,34.53,34.39,34.41,2458.14,2022,6,16
2022-06-16 02:28:00+00:00,34.41,34.48,34.35,34.4,7466.37,2022,6,16
2022-06-16 02:29:00+00:00,34.4,34.48,34.37,34.48,1543.83,2022,6,16
2022-06-16 02:30:00+00:00,34.49,34.5,34.4,34.44,3344.43,2022,6,16
2022-06-16 02:31:00+00:00,34.45,34.66,34.44,34.62,3981.23,2022,6,16
2022-06-16 02:32:00+00:00,34.61,34.64,34.59,34.62,3100.35,2022,6,16
2022-06-16 02:33:00+00:00,34.61,34.68,34.58,34.64,3638.43,2022,6,16
2022-06-16 02:34:00+00:00,34.64,34.64,34.58,34.58,2181.63,2022,6,16
2022-06-16 02:35:00+00:00,34.58,34.65,34.58,34.59,1907.01,2022,6,16
2022-06-16 02:36:00+00:00,34.59,34.59,34.52,34.55,1904.42,2022,6,16
2022-06-16 02:37:00+00:00,34.55,34.55,34.5,34.51,2309.54,2022,6,16
2022-06-16 02:38:00+00:00,34.52,34.57,34.5,34.51,3747.58,2022,6,16
2022-06-16 02:39:00+00:00,34.5,34.51,34.42,34.43,2267.46,2022,6,16
2022-06-16 02:40:00+00:00,34.42,34.46,34.32,34.37,6178.64,2022,6,16
2022-06-16 02:41:00+00:00,34.36,34.38,34.33,34.35,5157.94,2022,6,16
2022-06-16 02:42:00+00:00,34.34,34.35,34.27,34.35,6976.95,2022,6,16
2022-06-16 02:43:00+00:00,34.34,34.38,34.32,34.34,1570.94,2022,6,16
2022-06-16 02:44:00+00:00,34.34,34.44,34.34,34.42,3243.13,2022,6,16
2022-06-16 02:45:00+00:00,34.41,34.43,34.3,34.3,2177.17,2022,6,16
2022-06-16 02:46:00+00:00,34.29,34.44,34.27,34.42,3005.06,2022,6,16
2022-06-16 02:47:00+00:00,34.43,34.58,34.43,34.55,2909.7,2022,6,16
2022-06-16 02:48:00+00:00,34.54,34.54,34.48,34.53,1632.23,2022,6,16
2022-06-16 02:49:00+00:00,34.53,34.56,34.49,34.5,1644.05,2022,6,16
2022-06-16 02:50:00+00:00,34.5,34.53,34.47,34.5,3143.42,2022,6,16
2022-06-16 02:51:00+00:00,34.49,34.59,34.48,34.55,1959.21,2022,6,16
2022-06-16 02:52:00+00:00,34.56,34.62,34.54,34.6,4523.55,2022,6,16
2022-06-16 02:53:00+00:00,34.59,34.59,34.53,34.55,2575.57,2022,6,16
2022-06-16 02:54:00+00:00,34.55,34.62,34.55,34.59,1865.46,2022,6,16
2022-06-16 02:55:00+00:00,34.59,34.6,34.56,34.57,734.16,2022,6,16
2022-06-16 02:56:00+00:00,34.58,34.58,34.5,34.5,3687.16,2022,6,16
2022-06-16 02:57:00+00:00,34.5,34.51,34.47,34.5,1567.15,2022,6,16
2022-06-16 02:58:00+00:00,34.51,34.61,34.51,34.6,1188.45,2022,6,16
2022-06-16 02:59:00+00:00,34.6,34.6,34.51,34.51,2330.61,2022,6,16
2022-06-16 03:00:00+00:00,34.52,34.54,34.47,34.5,2172.93,2022,6,16
2022-06-16 03:01:00+00:00,34.5,34.62,34.48,34.62,3272.46,2022,6,16
2022-06-16 03:02:00+00:00,34.61,34.74,34.61,34.69,5600.28,2022,6,16
2022-06-16 03:03:00+00:00,34.68,34.68,34.59,34.6,2748.28,2022,6,16
2022-06-16 03:04:00+00:00,34.6,34.63,34.54,34.63,3470.48,2022,6,16
2022-06-16 03:05:00+00:00,34.62,34.65,34.6,34.64,1193.45,2022,6,16
2022-06-16 03:06:00+00:00,34.64,34.64,34.51,34.51,1610.67,2022,6,16
2022-06-16 03:07:00+00:00,34.5,34.51,34.34,34.34,3814.19,2022,6,16
2022-06-16 03:08:00+00:00,34.35,34.37,34.25,34.27,8004.05,2022,6,16
2022-06-16 03:09:00+00:00,34.28,34.29,34.22,34.26,1883.13,2022,6,16
2022-06-16 03:10:00+00:00,34.26,34.38,34.25,34.34,3993.17,2022,6,16
2022-06-16 03:11:00+00:00,34.34,34.39,34.29,34.37,1351.58,2022,6,16
2022-06-16 03:12:00+00:00,34.38,34.46,34.38,34.43,1655.25,2022,6,16
2022-06-16 03:13:00+00:00,34.43,34.44,34.3,34.32,1881.16,2022,6,16
2022-06-16 03:14:00+00:00,34.32,34.35,34.27,34.28,1102.16,2022,6,16
2022-06-16 03:15:00+00:00,34.28,34.44,34.28,34.29,13865.73,2022,6,16
2022-06-16 03:16:00+00:00,34.33,34.33,34.2,34.23,12068.97,2022,6,16
2022-06-16 03:17:00+00:00,34.24,34.28,34.22,34.24,3277.17,2022,6,16
2022-06-16 03:18:00+00:00,34.25,34.26,34.06,34.09,12714.83,2022,6,16
2022-06-16 03:19:00+00:00,34.1,34.19,34.1,34.15,8329.27,2022,6,16
2022-06-16 03:20:00+00:00,34.15,34.18,34.11,34.12,3528.17,2022,6,16
2022-06-16 03:21:00+00:00,34.13,34.2,34.11,34.19,4859.75,2022,6,16
2022-06-16 03:22:00+00:00,34.2,34.24,34.19,34.22,2559.64,2022,6,16
2022-06-16 03:23:00+00:00,34.23,34.24,34.13,34.2,11920.22,2022,6,16
2022-06-16 03:24:00+00:00,34.21,34.24,34.18,34.2,4930.74,2022,6,16
2022-06-16 03:25:00+00:00,34.2,34.23,34.16,34.19,3052.45,2022,6,16
2022-06-16 03:26:00+00:00,34.18,34.18,34.12,34.15,4521.98,2022,6,16
2022-06-16 03:27:00+00:00,34.15,34.23,34.15,34.2,2332.57,2022,6,16
2022-06-16 03:28:00+00:00,34.21,34.3,34.21,34.27,6184.15,2022,6,16
2022-06-16 03:29:00+00:00,34.28,34.29,34.18,34.19,8401.2,2022,6,16
2022-06-16 03:30:00+00:00,34.19,34.25,34.13,34.19,4150.99,2022,6,16
2022-06-16 03:31:00+00:00,34.19,34.24,34.17,34.19,5390.52,2022,6,16
2022-06-16 03:32:00+00:00,34.18,34.24,34.17,34.17,4084.22,2022,6,16
2022-06-16 03:33:00+00:00,34.18,34.22,34.15,34.2,3157.91,2022,6,16
2022-06-16 03:34:00+00:00,34.21,34.24,34.17,34.19,6319.26,2022,6,16
2022-06-16 03:35:00+00:00,34.19,34.24,34.18,34.18,7849.25,2022,6,16
2022-06-16 03:36:00+00:00,34.18,34.22,34.14,34.17,2428.53,2022,6,16
2022-06-16 03:37:00+00:00,34.17,34.18,34.12,34.14,4093.3,2022,6,16
2022-06-16 03:38:00+00:00,34.14,34.17,34.09,34.1,6051.32,2022,6,16
2022-06-16 03:39:00+00:00,34.11,34.16,34.11,34.13,3998.86,2022,6,16
2022-06-16 03:40:00+00:00,34.14,34.18,34.12,34.14,7002.87,2022,6,16
2022-06-16 03:41:00+00:00,34.14,34.14,33.97,34.01,12878.08,2022,6,16
2022-06-16 03:42:00+00:00,34.01,34.05,33.95,33.95,6936.66,2022,6,16
2022-06-16 03:43:00+00:00,33.95,34.02,33.87,33.88,11057.38,2022,6,16
2022-06-16 03:44:00+00:00,33.87,33.92,33.73,33.84,13035.41,2022,6,16
2022-06-16 03:45:00+00:00,33.83,33.86,33.77,33.81,8881.27,2022,6,16
2022-06-16 03:46:00+00:00,33.81,33.84,33.75,33.77,10013.15,2022,6,16
2022-06-16 03:47:00+00:00,33.76,33.84,33.76,33.84,7476.83,2022,6,16
2022-06-16 03:48:00+00:00,33.83,33.85,33.79,33.79,4516.92,2022,6,16
2022-06-16 03:49:00+00:00,33.8,33.85,33.77,33.79,3619.51,2022,6,16
2022-06-16 03:50:00+00:00,33.78,33.86,33.78,33.82,4064.05,2022,6,16
2022-06-16 03:51:00+00:00,33.82,33.86,33.81,33.83,2961.73,2022,6,16
2022-06-16 03:52:00+00:00,33.83,33.87,33.83,33.85,3117.07,2022,6,16
2022-06-16 03:53:00+00:00,33.86,33.87,33.82,33.83,1952.06,2022,6,16
2022-06-16 03:54:00+00:00,33.83,33.85,33.77,33.8,3408.66,2022,6,16
2022-06-16 03:55:00+00:00,33.8,33.83,33.73,33.75,2605.47,2022,6,16
2022-06-16 03:56:00+00:00,33.74,33.83,33.74,33.8,2740.9,2022,6,16
2022-06-16 03:57:00+00:00,33.8,33.99,33.77,33.99,4360.67,2022,6,16
2022-06-16 03:58:00+00:00,33.99,33.99,33.87,33.88,2433.94,2022,6,16
2022-06-16 03:59:00+00:00,33.88,33.88,33.79,33.79,2692.12,2022,6,16
2022-06-16 04:00:00+00:00,33.79,33.89,33.77,33.82,5885.56,2022,6,16
2022-06-16 04:01:00+00:00,33.82,33.98,33.82,33.98,1867.76,2022,6,16
2022-06-16 04:02:00+00:00,33.98,34.01,33.94,33.94,5127.58,2022,6,16
2022-06-16 04:03:00+00:00,33.93,33.93,33.83,33.89,4475.87,2022,6,16
2022-06-16 04:04:00+00:00,33.9,33.9,33.79,33.8,2145.53,2022,6,16
2022-06-16 04:05:00+00:00,33.79,33.87,33.76,33.87,3486.48,2022,6,16
2022-06-16 04:06:00+00:00,33.88,34.05,33.88,34.02,7110.65,2022,6,16
2022-06-16 04:07:00+00:00,34.02,34.02,33.9,33.91,3094.0,2022,6,16
2022-06-16 04:08:00+00:00,33.9,33.95,33.83,33.95,2971.68,2022,6,16
2022-06-16 04:09:00+00:00,33.95,34.08,33.95,34.05,4897.1,2022,6,16
2022-06-16 04:10:00+00:00,34.06,34.11,34.05,34.05,3102.15,2022,6,16
2022-06-16 04:11:00+00:00,34.06,34.06,34.02,34.05,1438.4,2022,6,16
2022-06-16 04:12:00+00:00,34.04,34.19,34.03,34.15,3237.4,2022,6,16
2022-06-16 04:13:00+00:00,34.15,34.19,34.1,34.19,3667.22,2022,6,16
2022-06-16 04:14:00+00:00,34.19,34.25,34.16,34.16,2169.83,2022,6,16
2022-06-16 04:15:00+00:00,34.17,34.17,34.11,34.14,2136.1,2022,6,16
2022-06-16 04:16:00+00:00,34.14,34.19,34.12,34.15,2563.45,2022,6,16
2022-06-16 04:17:00+00:00,34.15,34.15,34.08,34.09,941.53,2022,6,16
2022-06-16 04:18:00+00:00,34.09,34.21,34.08,34.2,3560.94,2022,6,16
2022-06-16 04:19:00+00:00,34.2,34.2,34.09,34.11,6280.08,2022,6,16
2022-06-16 04:20:00+00:00,34.11,34.17,34.09,34.15,2474.98,2022,6,16
2022-06-16 04:21:00+00:00,34.15,34.15,34.09,34.12,558.66,2022,6,16
2022-06-16 04:22:00+00:00,34.12,34.14,34.07,34.09,2653.2,2022,6,16
2022-06-16 04:23:00+00:00,34.09,34.11,34.07,34.09,1995.53,2022,6,16
2022-06-16 04:24:00+00:00,34.09,34.11,34.08,34.08,562.57,2022,6,16
2022-06-16 04:25:00+00:00,34.08,34.11,34.07,34.1,1599.51,2022,6,16
2022-06-16 04:26:00+00:00,34.11,34.15,34.11,34.15,1801.24,2022,6,16
2022-06-16 04:27:00+00:00,34.15,34.15,34.11,34.13,2232.64,2022,6,16
2022-06-16 04:28:00+00:00,34.13,34.13,34.08,34.11,3468.76,2022,6,16
2022-06-16 04:29:00+00:00,34.11,34.14,34.11,34.12,1072.92,2022,6,16
2022-06-16 04:30:00+00:00,34.12,34.17,34.11,34.14,2746.94,2022,6,16
2022-06-16 04:31:00+00:00,34.15,34.15,34.09,34.1,1841.11,2022,6,16
2022-06-16 04:32:00+00:00,34.09,34.13,34.08,34.13,2466.96,2022,6,16
2022-06-16 04:33:00+00:00,34.13,34.14,34.08,34.1,1747.97,2022,6,16
2022-06-16 04:34:00+00:00,34.11,34.16,34.11,34.13,2474.92,2022,6,16
2022-06-16 04:35:00+00:00,34.12,34.13,34.01,34.03,4383.79,2022,6,16
2022-06-16 04:36:00+00:00,34.03,34.03,33.92,33.94,4688.71,2022,6,16
2022-06-16 04:37:00+00:00,33.94,33.98,33.92,33.96,5082.01,2022,6,16
2022-06-16 04:38:00+00:00,33.95,33.96,33.91,33.93,2167.61,2022,6,16
2022-06-16 04:39:00+00:00,33.93,34.0,33.93,33.95,2143.1,2022,6,16
2022-06-16 04:40:00+00:00,33.95,33.96,33.86,33.87,3930.4,2022,6,16
2022-06-16 04:41:00+00:00,33.87,33.94,33.87,33.92,3015.66,2022,6,16
2022-06-16 04:42:00+00:00,33.92,33.94,33.8,33.81,2131.28,2022,6,16
2022-06-16 04:43:00+00:00,33.8,33.82,33.63,33.67,7302.62,2022,6,16
2022-06-16 04:44:00+00:00,33.67,33.7,33.57,33.59,5150.25,2022,6,16
2022-06-16 04:45:00+00:00,33.6,33.7,33.6,33.64,3139.76,2022,6,16
2022-06-16 04:46:00+00:00,33.63,33.68,33.52,33.6,20464.62,2022,6,16
2022-06-16 04:47:00+00:00,33.61,33.74,33.58,33.6,10606.39,2022,6,16
2022-06-16 04:48:00+00:00,33.6,33.63,33.55,33.57,2346.6,2022,6,16
2022-06-16 04:49:00+00:00,33.58,33.64,33.56,33.56,5329.4,2022,6,16
2022-06-16 04:50:00+00:00,33.56,33.59,33.52,33.54,10769.69,2022,6,16
2022-06-16 04:51:00+00:00,33.54,33.57,33.5,33.5,12388.26,2022,6,16
2022-06-16 04:52:00+00:00,33.49,33.59,33.49,33.5,5820.72,2022,6,16
2022-06-16 04:53:00+00:00,33.5,33.63,33.49,33.57,8270.04,2022,6,16
2022-06-16 04:54:00+00:00,33.56,33.66,33.54,33.61,6077.07,2022,6,16
2022-06-16 04:55:00+00:00,33.61,33.73,33.61,33.69,5394.7,2022,6,16
2022-06-16 04:56:00+00:00,33.69,33.78,33.67,33.74,6758.09,2022,6,16
2022-06-16 04:57:00+00:00,33.75,33.75,33.68,33.72,1749.33,2022,6,16
2022-06-16 04:58:00+00:00,33.72,33.79,33.72,33.74,3403.4,2022,6,16
2022-06-16 04:59:00+00:00,33.74,33.75,33.69,33.71,2739.2,2022,6,16
2022-06-16 05:00:00+00:00,33.72,33.87,33.68,33.82,4250.36,2022,6,16
2022-06-16 05:01:00+00:00,33.82,33.89,33.78,33.78,2871.52,2022,6,16
2022-06-16 05:02:00+00:00,33.77,33.81,33.73,33.75,4018.56,2022,6,16
2022-06-16 05:03:00+00:00,33.76,33.85,33.76,33.8,1538.71,2022,6,16
2022-06-16 05:04:00+00:00,33.8,33.81,33.76,33.78,1357.24,2022,6,16
2022-06-16 05:05:00+00:00,33.8,33.83,33.78,33.81,5314.8,2022,6,16
2022-06-16 05:06:00+00:00,33.82,33.83,33.74,33.74,2354.48,2022,6,16
2022-06-16 05:07:00+00:00,33.75,33.78,33.67,33.67,5797.73,2022,6,16
2022-06-16 05:08:00+00:00,33.67,33.7,33.67,33.68,1473.56,2022,6,16
2022-06-16 05:09:00+00:00,33.68,33.75,33.68,33.7,11087.12,2022,6,16
2022-06-16 05:10:00+00:00,33.7,33.81,33.7,33.77,2356.59,2022,6,16
2022-06-16 05:11:00+00:00,33.76,33.76,33.65,33.66,4491.04,2022,6,16
2022-06-16 05:12:00+00:00,33.65,33.67,33.57,33.59,5762.72,2022,6,16
2022-06-16 05:13:00+00:00,33.59,33.6,33.5,33.58,17109.06,2022,6,16
2022-06-16 05:14:00+00:00,33.58,33.72,33.58,33.71,3971.81,2022,6,16
2022-06-16 05:15:00+00:00,33.71,33.81,33.67,33.8,4217.71,2022,6,16
2022-06-16 05:16:00+00:00,33.8,33.84,33.73,33.82,1834.42,2022,6,16
2022-06-16 05:17:00+00:00,33.82,33.85,33.79,33.84,4127.88,2022,6,16
2022-06-16 05:18:00+00:00,33.84,33.97,33.84,33.92,3676.03,2022,6,16
2022-06-16 05:19:00+00:00,33.92,33.97,33.91,33.94,2353.0,2022,6,16
2022-06-16 05:20:00+00:00,33.94,34.07,33.91,34.06,2100.24,2022,6,16
2022-06-16 05:21:00+00:00,34.05,34.07,33.96,33.96,4878.81,2022,6,16
2022-06-16 05:22:00+00:00,33.97,34.04,33.97,34.01,4009.59,2022,6,16
2022-06-16 05:23:00+00:00,34.0,34.06,34.0,34.02,5967.3,2022,6,16
2022-06-16 05:24:00+00:00,34.01,34.03,33.99,34.03,2143.17,2022,6,16
2022-06-16 05:25:00+00:00,34.03,34.14,34.03,34.05,3940.19,2022,6,16
2022-06-16 05:26:00+00:00,34.04,34.13,34.04,34.09,2976.45,2022,6,16
2022-06-16 05:27:00+00:00,34.09,34.1,34.06,34.07,2273.25,2022,6,16
2022-06-16 05:28:00+00:00,34.07,34.18,34.07,34.11,6782.2,2022,6,16
2022-06-16 05:29:00+00:00,34.1,34.14,34.05,34.13,5552.76,2022,6,16
2022-06-16 05:30:00+00:00,34.1,34.22,34.06,34.21,3798.14,2022,6,16
2022-06-16 05:31:00+00:00,34.2,34.21,34.08,34.11,5860.81,2022,6,16
2022-06-16 05:32:00+00:00,34.11,34.11,34.03,34.04,3992.02,2022,6,16
2022-06-16 05:33:00+00:00,34.04,34.14,34.03,34.12,3459.82,2022,6,16
2022-06-16 05:34:00+00:00,34.12,34.13,34.06,34.06,3335.54,2022,6,16
2022-06-16 05:35:00+00:00,34.07,34.1,34.03,34.07,3616.33,2022,6,16
2022-06-16 05:36:00+00:00,34.07,34.08,34.01,34.02,2240.69,2022,6,16
2022-06-16 05:37:00+00:00,34.03,34.07,34.01,34.03,2746.29,2022,6,16
2022-06-16 05:38:00+00:00,34.04,34.06,34.0,34.05,2523.48,2022,6,16
2022-06-16 05:39:00+00:00,34.05,34.1,34.01,34.01,2665.17,2022,6,16
2022-06-16 05:40:00+00:00,34.01,34.01,33.86,33.9,6670.86,2022,6,16
2022-06-16 05:41:00+00:00,33.91,33.99,33.89,33.98,4178.73,2022,6,16
2022-06-16 05:42:00+00:00,33.99,34.07,33.95,34.05,2272.73,2022,6,16
2022-06-16 05:43:00+00:00,34.05,34.09,33.92,33.94,4308.88,2022,6,16
2022-06-16 05:44:00+00:00,33.94,33.98,33.9,33.98,2972.22,2022,6,16
2022-06-16 05:45:00+00:00,33.99,34.06,33.95,34.03,2760.68,2022,6,16
2022-06-16 05:46:00+00:00,34.02,34.04,33.86,33.86,4875.04,2022,6,16
2022-06-16 05:47:00+00:00,33.86,33.88,33.8,33.83,4641.29,2022,6,16
2022-06-16 05:48:00+00:00,33.82,33.86,33.8,33.82,3600.41,2022,6,16
2022-06-16 05:49:00+00:00,33.82,33.86,33.77,33.79,4019.16,2022,6,16
2022-06-16 05:50:00+00:00,33.78,33.79,33.74,33.75,3293.02,2022,6,16
2022-06-16 05:51:00+00:00,33.75,33.78,33.67,33.68,5819.06,2022,6,16
2022-06-16 05:52:00+00:00,33.68,33.72,33.61,33.66,9211.69,2022,6,16
2022-06-16 05:53:00+00:00,33.65,33.68,33.6,33.61,3804.24,2022,6,16
2022-06-16 05:54:00+00:00,33.61,33.66,33.59,33.62,5764.76,2022,6,16
2022-06-16 05:55:00+00:00,33.62,33.75,33.6,33.68,4115.08,2022,6,16
2022-06-16 05:56:00+00:00,33.67,33.73,33.62,33.71,6569.04,2022,6,16
2022-06-16 05:57:00+00:00,33.71,33.75,33.66,33.67,8975.15,2022,6,16
2022-06-16 05:58:00+00:00,33.68,33.73,33.66,33.68,5425.65,2022,6,16
2022-06-16 05:59:00+00:00,33.69,33.74,33.66,33.68,4942.81,2022,6,16
2022-06-16 06:00:00+00:00,33.68,33.78,33.67,33.75,3274.52,2022,6,16
2022-06-16 06:01:00+00:00,33.74,33.79,33.72,33.73,3324.76,2022,6,16
2022-06-16 06:02:00+00:00,33.72,33.74,33.68,33.69,3144.03,2022,6,16
2022-06-16 06:03:00+00:00,33.7,33.8,33.7,33.76,6043.36,2022,6,16
2022-06-16 06:04:00+00:00,33.76,33.77,33.71,33.72,2278.28,2022,6,16
2022-06-16 06:05:00+00:00,33.71,33.76,33.7,33.71,2100.46,2022,6,16
2022-06-16 06:06:00+00:00,33.72,33.87,33.72,33.83,5576.63,2022,6,16
2022-06-16 06:07:00+00:00,33.84,33.86,33.73,33.74,3231.72,2022,6,16
2022-06-16 06:08:00+00:00,33.74,33.75,33.71,33.72,3443.43,2022,6,16
2022-06-16 06:09:00+00:00,33.71,33.81,33.71,33.77,4179.71,2022,6,16
2022-06-16 06:10:00+00:00,33.78,33.79,33.64,33.65,8158.2,2022,6,16
2022-06-16 06:11:00+00:00,33.65,33.71,33.64,33.65,3803.89,2022,6,16
2022-06-16 06:12:00+00:00,33.65,33.71,33.59,33.71,5035.76,2022,6,16
2022-06-16 06:13:00+00:00,33.7,33.82,33.68,33.76,5194.31,2022,6,16
2022-06-16 06:14:00+00:00,33.76,33.8,33.71,33.72,5622.77,2022,6,16
2022-06-16 06:15:00+00:00,33.72,33.8,33.72,33.76,5723.38,2022,6,16
2022-06-16 06:16:00+00:00,33.76,33.82,33.76,33.76,5751.45,2022,6,16
2022-06-16 06:17:00+00:00,33.76,33.79,33.71,33.72,2283.4,2022,6,16
2022-06-16 06:18:00+00:00,33.72,33.78,33.66,33.77,3571.85,2022,6,16
2022-06-16 06:19:00+00:00,33.76,33.77,33.71,33.73,1701.07,2022,6,16
2022-06-16 06:20:00+00:00,33.73,33.78,33.7,33.71,4123.11,2022,6,16
2022-06-16 06:21:00+00:00,33.72,33.74,33.63,33.63,4276.47,2022,6,16
2022-06-16 06:22:00+00:00,33.63,33.64,33.5,33.52,4281.84,2022,6,16
2022-06-16 06:23:00+00:00,33.53,33.58,33.5,33.51,5590.32,2022,6,16
2022-06-16 06:24:00+00:00,33.5,33.5,33.39,33.41,4499.16,2022,6,16
2022-06-16 06:25:00+00:00,33.41,33.5,33.41,33.47,5001.88,2022,6,16
2022-06-16 06:26:00+00:00,33.47,33.48,33.41,33.41,2683.21,2022,6,16
2022-06-16 06:27:00+00:00,33.41,33.48,33.37,33.45,3990.66,2022,6,16
2022-06-16 06:28:00+00:00,33.45,33.51,33.4,33.4,2466.18,2022,6,16
2022-06-16 06:29:00+00:00,33.4,33.42,33.34,33.36,3756.07,2022,6,16
2022-06-16 06:30:00+00:00,33.36,33.41,33.35,33.38,2582.95,2022,6,16
2022-06-16 06:31:00+00:00,33.38,33.44,33.35,33.38,3428.01,2022,6,16
2022-06-16 06:32:00+00:00,33.39,33.43,33.3,33.31,3939.56,2022,6,16
2022-06-16 06:33:00+00:00,33.32,33.37,33.22,33.25,8113.18,2022,6,16
2022-06-16 06:34:00+00:00,33.25,33.33,33.21,33.3,11475.57,2022,6,16
2022-06-16 06:35:00+00:00,33.3,33.39,33.26,33.33,11663.54,2022,6,16
2022-06-16 06:36:00+00:00,33.33,33.36,33.31,33.36,2285.12,2022,6,16
2022-06-16 06:37:00+00:00,33.36,33.36,33.28,33.31,2936.72,2022,6,16
2022-06-16 06:38:00+00:00,33.3,33.41,33.3,33.36,11266.15,2022,6,16
2022-06-16 06:39:00+00:00,33.37,33.39,33.33,33.35,2039.63,2022,6,16
2022-06-16 06:40:00+00:00,33.35,33.36,33.27,33.32,3534.04,2022,6,16
2022-06-16 06:41:00+00:00,33.32,33.32,33.27,33.27,2541.56,2022,6,16
2022-06-16 06:42:00+00:00,33.27,33.34,33.26,33.33,2911.93,2022,6,16
2022-06-16 06:43:00+00:00,33.34,33.38,33.24,33.26,7845.51,2022,6,16
2022-06-16 06:44:00+00:00,33.25,33.31,33.23,33.3,2841.36,2022,6,16
2022-06-16 06:45:00+00:00,33.3,33.34,33.26,33.27,5102.42,2022,6,16
2022-06-16 06:46:00+00:00,33.26,33.32,33.24,33.31,3598.25,2022,6,16
2022-06-16 06:47:00+00:00,33.32,33.32,33.21,33.22,2814.88,2022,6,16
2022-06-16 06:48:00+00:00,33.21,33.29,33.19,33.28,4007.89,2022,6,16
2022-06-16 06:49:00+00:00,33.28,33.35,33.27,33.34,9010.9,2022,6,16
2022-06-16 06:50:00+00:00,33.34,33.37,33.3,33.34,4436.66,2022,6,16
2022-06-16 06:51:00+00:00,33.35,33.36,33.3,33.34,3216.72,2022,6,16
2022-06-16 06:52:00+00:00,33.34,33.44,33.32,33.41,8013.09,2022,6,16
2022-06-16 06:53:00+00:00,33.42,33.46,33.36,33.37,3767.77,2022,6,16
2022-06-16 06:54:00+00:00,33.37,33.39,33.31,33.31,5020.55,2022,6,16
2022-06-16 06:55:00+00:00,33.31,33.35,33.29,33.31,952.9,2022,6,16
2022-06-16 06:56:00+00:00,33.3,33.35,33.29,33.33,2315.6,2022,6,16
2022-06-16 06:57:00+00:00,33.32,33.33,33.14,33.15,53010.21,2022,6,16
2022-06-16 06:58:00+00:00,33.14,33.15,33.03,33.07,9173.26,2022,6,16
2022-06-16 06:59:00+00:00,33.08,33.19,33.04,33.14,11096.95,2022,6,16
2022-06-16 07:00:00+00:00,33.14,33.19,33.1,33.19,5771.05,2022,6,16
2022-06-16 07:01:00+00:00,33.18,33.28,33.17,33.24,34764.78,2022,6,16
2022-06-16 07:02:00+00:00,33.24,33.33,33.22,33.3,8296.53,2022,6,16
2022-06-16 07:03:00+00:00,33.3,33.3,33.23,33.26,8897.55,2022,6,16
2022-06-16 07:04:00+00:00,33.26,33.32,33.25,33.28,1579.31,2022,6,16
2022-06-16 07:05:00+00:00,33.29,33.33,33.29,33.31,3847.05,2022,6,16
2022-06-16 07:06:00+00:00,33.32,33.37,33.29,33.34,3559.22,2022,6,16
2022-06-16 07:07:00+00:00,33.34,33.35,33.32,33.35,3113.7,2022,6,16
2022-06-16 07:08:00+00:00,33.35,33.35,33.32,33.33,2458.14,2022,6,16
2022-06-16 07:09:00+00:00,33.34,33.37,33.32,33.35,4227.7,2022,6,16
2022-06-16 07:10:00+00:00,33.35,33.37,33.3,33.31,2850.35,2022,6,16
2022-06-16 07:11:00+00:00,33.3,33.35,33.3,33.31,3631.71,2022,6,16
2022-06-16 07:12:00+00:00,33.31,33.41,33.28,33.4,9771.45,2022,6,16
2022-06-16 07:13:00+00:00,33.4,33.44,33.36,33.38,3464.24,2022,6,16
2022-06-16 07:14:00+00:00,33.37,33.42,33.36,33.36,6474.87,2022,6,16
2022-06-16 07:15:00+00:00,33.36,33.39,33.33,33.34,2178.4,2022,6,16
2022-06-16 07:16:00+00:00,33.33,33.33,33.21,33.22,6632.79,2022,6,16
2022-06-16 07:17:00+00:00,33.23,33.24,33.1,33.19,11075.23,2022,6,16
2022-06-16 07:18:00+00:00,33.19,33.21,33.11,33.21,5909.71,2022,6,16
2022-06-16 07:19:00+00:00,33.21,33.21,33.08,33.16,3664.18,2022,6,16
2022-06-16 07:20:00+00:00,33.17,33.19,33.11,33.18,4734.27,2022,6,16
2022-06-16 07:21:00+00:00,33.18,33.18,33.03,33.04,7989.22,2022,6,16
2022-06-16 07:22:00+00:00,33.03,33.05,32.9,32.91,18294.32,2022,6,16
2022-06-16 07:23:00+00:00,32.92,32.96,32.86,32.89,5421.56,2022,6,16
2022-06-16 07:24:00+00:00,32.89,32.95,32.88,32.91,3415.68,2022,6,16
2022-06-16 07:25:00+00:00,32.9,32.93,32.75,32.79,12057.17,2022,6,16
2022-06-16 07:26:00+00:00,32.79,32.82,32.75,32.8,7710.09,2022,6,16
2022-06-16 07:27:00+00:00,32.79,32.92,32.76,32.92,6389.17,2022,6,16
2022-06-16 07:28:00+00:00,32.92,32.93,32.85,32.9,4751.64,2022,6,16
2022-06-16 07:29:00+00:00,32.91,32.93,32.85,32.86,2841.88,2022,6,16
2022-06-16 07:30:00+00:00,32.86,32.89,32.75,32.78,7234.45,2022,6,16
2022-06-16 07:31:00+00:00,32.79,32.83,32.73,32.75,4083.6,2022,6,16
2022-06-16 07:32:00+00:00,32.76,32.79,32.74,32.75,5138.45,2022,6,16
2022-06-16 07:33:00+00:00,32.75,32.8,32.71,32.73,9054.03,2022,6,16
2022-06-16 07:34:00+00:00,32.73,32.74,32.57,32.71,29411.16,2022,6,16
2022-06-16 07:35:00+00:00,32.72,32.73,32.49,32.62,26747.98,2022,6,16
2022-06-16 07:36:00+00:00,32.62,32.68,32.6,32.63,9534.73,2022,6,16
2022-06-16 07:37:00+00:00,32.63,32.68,32.53,32.62,8066.79,2022,6,16
2022-06-16 07:38:00+00:00,32.62,32.68,32.55,32.65,8975.05,2022,6,16
2022-06-16 07:39:00+00:00,32.65,32.69,32.47,32.48,20676.93,2022,6,16
2022-06-16 07:40:00+00:00,32.48,32.59,32.47,32.49,10402.77,2022,6,16
2022-06-16 07:41:00+00:00,32.49,32.56,32.47,32.56,12124.0,2022,6,16
2022-06-16 07:42:00+00:00,32.55,32.57,32.48,32.53,5036.55,2022,6,16
2022-06-16 07:43:00+00:00,32.53,32.64,32.53,32.57,9724.51,2022,6,16
2022-06-16 07:44:00+00:00,32.57,32.63,32.55,32.6,3623.43,2022,6,16
2022-06-16 07:45:00+00:00,32.59,32.67,32.58,32.66,9023.73,2022,6,16
2022-06-16 07:46:00+00:00,32.65,32.68,32.6,32.62,5528.67,2022,6,16
2022-06-16 07:47:00+00:00,32.63,32.63,32.48,32.5,5620.21,2022,6,16
2022-06-16 07:48:00+00:00,32.5,32.58,32.49,32.5,3009.26,2022,6,16
2022-06-16 07:49:00+00:00,32.49,32.56,32.45,32.55,4953.41,2022,6,16
2022-06-16 07:50:00+00:00,32.54,32.55,32.46,32.5,4449.78,2022,6,16
2022-06-16 07:51:00+00:00,32.49,32.58,32.49,32.55,11189.55,2022,6,16
2022-06-16 07:52:00+00:00,32.54,32.64,32.52,32.53,7800.44,2022,6,16
2022-06-16 07:53:00+00:00,32.53,32.6,32.51,32.54,5446.95,2022,6,16
2022-06-16 07:54:00+00:00,32.55,32.59,32.54,32.57,3349.27,2022,6,16
2022-06-16 07:55:00+00:00,32.57,32.58,32.47,32.53,8031.17,2022,6,16
2022-06-16 07:56:00+00:00,32.53,32.65,32.52,32.64,5982.43,2022,6,16
2022-06-16 07:57:00+00:00,32.63,32.66,32.59,32.59,4160.11,2022,6,16
2022-06-16 07:58:00+00:00,32.58,32.62,32.52,32.56,2052.55,2022,6,16
2022-06-16 07:59:00+00:00,32.55,32.67,32.55,32.61,4582.73,2022,6,16
2022-06-16 08:00:00+00:00,32.61,32.64,32.51,32.56,8787.29,2022,6,16
2022-06-16 08:01:00+00:00,32.57,32.64,32.55,32.6,2853.54,2022,6,16
2022-06-16 08:02:00+00:00,32.61,32.64,32.57,32.64,4643.92,2022,6,16
2022-06-16 08:03:00+00:00,32.64,32.65,32.58,32.62,6135.37,2022,6,16
2022-06-16 08:04:00+00:00,32.62,32.66,32.61,32.63,4176.73,2022,6,16
2022-06-16 08:05:00+00:00,32.62,32.64,32.54,32.55,6118.76,2022,6,16
2022-06-16 08:06:00+00:00,32.56,32.57,32.48,32.51,6845.36,2022,6,16
2022-06-16 08:07:00+00:00,32.49,32.55,32.46,32.5,5557.43,2022,6,16
2022-06-16 08:08:00+00:00,32.5,32.54,32.46,32.5,6600.62,2022,6,16
2022-06-16 08:09:00+00:00,32.49,32.51,32.42,32.44,9126.01,2022,6,16
2022-06-16 08:10:00+00:00,32.43,32.45,32.38,32.42,11669.41,2022,6,16
2022-06-16 08:11:00+00:00,32.42,32.42,32.32,32.36,11831.74,2022,6,16
2022-06-16 08:12:00+00:00,32.36,32.39,32.32,32.35,9464.95,2022,6,16
2022-06-16 08:13:00+00:00,32.34,32.41,32.32,32.34,5322.65,2022,6,16
2022-06-16 08:14:00+00:00,32.34,32.39,32.32,32.33,4881.37,2022,6,16
2022-06-16 08:15:00+00:00,32.32,32.4,32.31,32.32,4430.12,2022,6,16
2022-06-16 08:16:00+00:00,32.31,32.33,32.2,32.3,27118.27,2022,6,16
2022-06-16 08:17:00+00:00,32.29,32.39,32.26,32.38,5925.21,2022,6,16
2022-06-16 08:18:00+00:00,32.38,32.43,32.27,32.29,20028.7,2022,6,16
2022-06-16 08:19:00+00:00,32.29,32.34,32.28,32.28,7293.99,2022,6,16
2022-06-16 08:20:00+00:00,32.28,32.38,32.27,32.37,3612.7,2022,6,16
2022-06-16 08:21:00+00:00,32.37,32.39,32.34,32.35,4022.83,2022,6,16
2022-06-16 08:22:00+00:00,32.34,32.38,32.34,32.38,3509.9,2022,6,16
2022-06-16 08:23:00+00:00,32.38,32.47,32.36,32.44,5683.0,2022,6,16
2022-06-16 08:24:00+00:00,32.43,32.62,32.4,32.58,38112.56,2022,6,16
2022-06-16 08:25:00+00:00,32.58,32.61,32.51,32.52,5927.56,2022,6,16
2022-06-16 08:26:00+00:00,32.52,32.67,32.51,32.63,22436.79,2022,6,16
2022-06-16 08:27:00+00:00,32.63,32.66,32.58,32.61,3482.32,2022,6,16
2022-06-16 08:28:00+00:00,32.61,32.65,32.57,32.65,4254.73,2022,6,16
2022-06-16 08:29:00+00:00,32.65,32.65,32.55,32.62,9871.59,2022,6,16
2022-06-16 08:30:00+00:00,32.62,32.74,32.56,32.67,7702.37,2022,6,16
2022-06-16 08:31:00+00:00,32.67,32.94,32.67,32.87,14886.71,2022,6,16
2022-06-16 08:32:00+00:00,32.86,32.96,32.85,32.9,12535.25,2022,6,16
2022-06-16 08:33:00+00:00,32.9,32.94,32.83,32.89,10407.48,2022,6,16
2022-06-16 08:34:00+00:00,32.9,32.93,32.82,32.84,4540.88,2022,6,16
2022-06-16 08:35:00+00:00,32.84,32.89,32.81,32.87,5693.68,2022,6,16
2022-06-16 08:36:00+00:00,32.88,32.94,32.83,32.92,4477.42,2022,6,16
2022-06-16 08:37:00+00:00,32.92,33.0,32.91,32.96,7907.33,2022,6,16
2022-06-16 08:38:00+00:00,32.97,33.0,32.9,32.9,8040.56,2022,6,16
2022-06-16 08:39:00+00:00,32.9,32.9,32.83,32.88,8944.6,2022,6,16
2022-06-16 08:40:00+00:00,32.88,32.89,32.79,32.8,6001.47,2022,6,16
2022-06-16 08:41:00+00:00,32.81,32.81,32.76,32.76,3399.37,2022,6,16
2022-06-16 08:42:00+00:00,32.76,32.81,32.71,32.74,4643.21,2022,6,16
2022-06-16 08:43:00+00:00,32.73,32.77,32.65,32.69,4306.96,2022,6,16
2022-06-16 08:44:00+00:00,32.68,32.69,32.58,32.61,6345.81,2022,6,16
2022-06-16 08:45:00+00:00,32.6,32.64,32.58,32.61,2802.87,2022,6,16
2022-06-16 08:46:00+00:00,32.61,32.61,32.56,32.57,1638.12,2022,6,16
2022-06-16 08:47:00+00:00,32.58,32.61,32.54,32.55,3200.16,2022,6,16
2022-06-16 08:48:00+00:00,32.56,32.59,32.5,32.58,3106.67,2022,6,16
2022-06-16 08:49:00+00:00,32.59,32.64,32.54,32.64,2575.31,2022,6,16
2022-06-16 08:50:00+00:00,32.63,32.64,32.43,32.48,6656.98,2022,6,16
2022-06-16 08:51:00+00:00,32.48,32.53,32.44,32.53,3185.9,2022,6,16
2022-06-16 08:52:00+00:00,32.54,32.6,32.52,32.58,4387.28,2022,6,16
2022-06-16 08:53:00+00:00,32.58,32.61,32.55,32.6,1549.16,2022,6,16
2022-06-16 08:54:00+00:00,32.61,32.67,32.6,32.67,3651.32,2022,6,16
2022-06-16 08:55:00+00:00,32.66,32.68,32.58,32.63,3020.97,2022,6,16
2022-06-16 08:56:00+00:00,32.63,32.69,32.6,32.66,1607.73,2022,6,16
2022-06-16 08:57:00+00:00,32.67,32.73,32.65,32.71,5277.88,2022,6,16
2022-06-16 08:58:00+00:00,32.72,32.73,32.67,32.72,5707.88,2022,6,16
2022-06-16 08:59:00+00:00,32.71,32.72,32.67,32.68,5159.45,2022,6,16
2022-06-16 09:00:00+00:00,32.68,32.69,32.62,32.67,4250.85,2022,6,16
2022-06-16 09:01:00+00:00,32.66,32.76,32.65,32.65,4080.96,2022,6,16
2022-06-16 09:02:00+00:00,32.65,32.69,32.49,32.53,6058.61,2022,6,16
2022-06-16 09:03:00+00:00,32.54,32.54,32.41,32.43,6040.43,2022,6,16
2022-06-16 09:04:00+00:00,32.44,32.5,32.33,32.38,9512.48,2022,6,16
2022-06-16 09:05:00+00:00,32.37,32.37,32.09,32.11,21262.83,2022,6,16
2022-06-16 09:06:00+00:00,32.11,32.17,32.01,32.08,14826.75,2022,6,16
2022-06-16 09:07:00+00:00,32.09,32.11,31.97,31.98,11916.33,2022,6,16
2022-06-16 09:08:00+00:00,31.98,32.06,31.92,31.96,11291.81,2022,6,16
2022-06-16 09:09:00+00:00,31.96,32.06,31.96,32.02,7553.4,2022,6,16
2022-06-16 09:10:00+00:00,32.01,32.04,31.91,31.91,4553.85,2022,6,16
2022-06-16 09:11:00+00:00,31.92,31.98,31.8,31.91,38140.36,2022,6,16
2022-06-16 09:12:00+00:00,31.92,31.99,31.86,31.91,8529.64,2022,6,16
2022-06-16 09:13:00+00:00,31.91,31.99,31.88,31.96,7010.27,2022,6,16
2022-06-16 09:14:00+00:00,31.97,32.02,31.94,31.99,6537.04,2022,6,16
2022-06-16 09:15:00+00:00,31.98,32.03,31.79,31.83,22202.77,2022,6,16
2022-06-16 09:16:00+00:00,31.83,31.87,31.78,31.81,10762.11,2022,6,16
2022-06-16 09:17:00+00:00,31.82,31.88,31.78,31.87,6248.89,2022,6,16
2022-06-16 09:18:00+00:00,31.86,31.92,31.81,31.87,14518.35,2022,6,16
2022-06-16 09:19:00+00:00,31.86,31.88,31.76,31.84,4465.19,2022,6,16
2022-06-16 09:20:00+00:00,31.85,31.86,31.74,31.74,5211.12,2022,6,16
2022-06-16 09:21:00+00:00,31.74,31.8,31.71,31.71,5226.15,2022,6,16
2022-06-16 09:22:00+00:00,31.71,31.79,31.67,31.77,6038.1,2022,6,16
2022-06-16 09:23:00+00:00,31.77,31.82,31.73,31.74,5966.48,2022,6,16
2022-06-16 09:24:00+00:00,31.73,31.77,31.69,31.69,15534.27,2022,6,16
2022-06-16 09:25:00+00:00,31.68,31.71,31.59,31.62,16335.06,2022,6,16
2022-06-16 09:26:00+00:00,31.63,31.8,31.63,31.72,7626.19,2022,6,16
2022-06-16 09:27:00+00:00,31.73,31.78,31.66,31.77,5318.01,2022,6,16
2022-06-16 09:28:00+00:00,31.76,31.82,31.74,31.82,6754.71,2022,6,16
2022-06-16 09:29:00+00:00,31.82,31.84,31.74,31.8,4401.03,2022,6,16
2022-06-16 09:30:00+00:00,31.79,31.81,31.62,31.63,9474.26,2022,6,16
2022-06-16 09:31:00+00:00,31.64,31.67,31.55,31.67,9611.68,2022,6,16
2022-06-16 09:32:00+00:00,31.68,31.7,31.5,31.59,16500.38,2022,6,16
2022-06-16 09:33:00+00:00,31.58,31.6,31.49,31.57,10830.17,2022,6,16
2022-06-16 09:34:00+00:00,31.57,31.61,31.53,31.61,5313.36,2022,6,16
2022-06-16 09:35:00+00:00,31.61,31.63,31.44,31.46,3692.09,2022,6,16
2022-06-16 09:36:00+00:00,31.47,31.62,31.42,31.51,16702.62,2022,6,16
2022-06-16 09:37:00+00:00,31.5,31.56,31.48,31.51,3800.51,2022,6,16
2022-06-16 09:38:00+00:00,31.51,31.51,31.41,31.42,9415.81,2022,6,16
2022-06-16 09:39:00+00:00,31.43,31.47,31.41,31.45,4078.68,2022,6,16
2022-06-16 09:40:00+00:00,31.44,31.46,31.37,31.41,30491.09,2022,6,16
2022-06-16 09:41:00+00:00,31.4,31.43,31.31,31.32,9854.22,2022,6,16
2022-06-16 09:42:00+00:00,31.33,31.4,31.33,31.4,3874.44,2022,6,16
2022-06-16 09:43:00+00:00,31.39,31.46,31.39,31.4,5245.4,2022,6,16
2022-06-16 09:44:00+00:00,31.41,31.43,31.37,31.42,3722.28,2022,6,16
2022-06-16 09:45:00+00:00,31.41,31.5,31.39,31.46,5507.37,2022,6,16
2022-06-16 09:46:00+00:00,31.47,31.53,31.46,31.48,5530.03,2022,6,16
2022-06-16 09:47:00+00:00,31.48,31.48,31.31,31.33,8139.41,2022,6,16
2022-06-16 09:48:00+00:00,31.33,31.34,31.21,31.31,11851.0,2022,6,16
2022-06-16 09:49:00+00:00,31.31,31.37,31.3,31.33,5737.81,2022,6,16
2022-06-16 09:50:00+00:00,31.32,31.33,31.14,31.21,9090.36,2022,6,16
2022-06-16 09:51:00+00:00,31.21,31.22,31.13,31.15,4529.37,2022,6,16
2022-06-16 09:52:00+00:00,31.15,31.23,31.15,31.22,4255.21,2022,6,16
2022-06-16 09:53:00+00:00,31.23,31.26,31.16,31.23,9997.93,2022,6,16
2022-06-16 09:54:00+00:00,31.23,31.37,31.22,31.34,8372.54,2022,6,16
2022-06-16 09:55:00+00:00,31.34,31.39,31.32,31.33,6968.93,2022,6,16
2022-06-16 09:56:00+00:00,31.32,31.35,31.27,31.28,6896.88,2022,6,16
2022-06-16 09:57:00+00:00,31.28,31.43,31.28,31.42,7152.56,2022,6,16
2022-06-16 09:58:00+00:00,31.42,31.55,31.37,31.54,11865.68,2022,6,16
2022-06-16 09:59:00+00:00,31.54,31.6,31.5,31.52,6471.38,2022,6,16
2022-06-16 10:00:00+00:00,31.52,31.56,31.45,31.55,10356.48,2022,6,16
2022-06-16 10:01:00+00:00,31.55,31.69,31.55,31.65,12000.31,2022,6,16
2022-06-16 10:02:00+00:00,31.64,31.68,31.6,31.67,9018.04,2022,6,16
2022-06-16 10:03:00+00:00,31.66,31.67,31.54,31.57,4876.32,2022,6,16
2022-06-16 10:04:00+00:00,31.58,31.62,31.55,31.58,4638.77,2022,6,16
2022-06-16 10:05:00+00:00,31.58,31.58,31.41,31.43,6760.15,2022,6,16
2022-06-16 10:06:00+00:00,31.42,31.44,31.37,31.42,6134.96,2022,6,16
2022-06-16 10:07:00+00:00,31.42,31.44,31.4,31.43,2203.39,2022,6,16
2022-06-16 10:08:00+00:00,31.43,31.55,31.43,31.51,7667.92,2022,6,16
2022-06-16 10:09:00+00:00,31.51,31.61,31.51,31.54,3595.3,2022,6,16
2022-06-16 10:10:00+00:00,31.54,31.55,31.4,31.42,5214.38,2022,6,16
2022-06-16 10:11:00+00:00,31.42,31.51,31.37,31.43,7199.62,2022,6,16
2022-06-16 10:12:00+00:00,31.43,31.48,31.39,31.42,5854.92,2022,6,16
2022-06-16 10:13:00+00:00,31.41,31.45,31.36,31.38,3609.67,2022,6,16
2022-06-16 10:14:00+00:00,31.38,31.43,31.34,31.43,2785.88,2022,6,16
2022-06-16 10:15:00+00:00,31.42,31.48,31.37,31.4,5495.65,2022,6,16
2022-06-16 10:16:00+00:00,31.41,31.41,31.31,31.35,4769.34,2022,6,16
2022-06-16 10:17:00+00:00,31.34,31.38,31.31,31.38,5433.24,2022,6,16
2022-06-16 10:18:00+00:00,31.38,31.48,31.37,31.45,3532.02,2022,6,16
2022-06-16 10:19:00+00:00,31.45,31.53,31.42,31.49,3914.31,2022,6,16
2022-06-16 10:20:00+00:00,31.49,31.51,31.44,31.48,3577.63,2022,6,16
2022-06-16 10:21:00+00:00,31.49,31.49,31.38,31.39,2889.21,2022,6,16
2022-06-16 10:22:00+00:00,31.39,31.43,31.39,31.41,2180.33,2022,6,16
2022-06-16 10:23:00+00:00,31.41,31.42,31.36,31.38,3577.14,2022,6,16
2022-06-16 10:24:00+00:00,31.38,31.45,31.37,31.42,1769.99,2022,6,16
2022-06-16 10:25:00+00:00,31.42,31.42,31.18,31.24,60913.59,2022,6,16
2022-06-16 10:26:00+00:00,31.24,31.25,31.05,31.07,15973.4,2022,6,16
2022-06-16 10:27:00+00:00,31.06,31.08,30.92,31.01,22113.76,2022,6,16
2022-06-16 10:28:00+00:00,31.01,31.01,30.92,31.01,12113.66,2022,6,16
2022-06-16 10:29:00+00:00,31.0,31.06,30.95,31.0,13709.01,2022,6,16
2022-06-16 10:30:00+00:00,31.0,31.06,30.97,31.05,6977.82,2022,6,16
2022-06-16 10:31:00+00:00,31.05,31.06,30.93,30.96,7165.16,2022,6,16
2022-06-16 10:32:00+00:00,30.97,31.07,30.95,31.06,4501.21,2022,6,16
2022-06-16 10:33:00+00:00,31.05,31.07,30.99,31.06,11190.92,2022,6,16
2022-06-16 10:34:00+00:00,31.05,31.06,30.88,30.9,18240.58,2022,6,16
2022-06-16 10:35:00+00:00,30.9,31.0,30.87,30.99,13959.84,2022,6,16
2022-06-16 10:36:00+00:00,30.99,31.04,30.98,31.0,7974.98,2022,6,16
2022-06-16 10:37:00+00:00,31.01,31.05,30.97,30.97,7016.07,2022,6,16
2022-06-16 10:38:00+00:00,30.97,31.02,30.94,30.96,8292.33,2022,6,16
2022-06-16 10:39:00+00:00,30.96,31.03,30.89,30.9,8245.99,2022,6,16
2022-06-16 10:40:00+00:00,30.9,30.92,30.73,30.77,60457.94,2022,6,16
2022-06-16 10:41:00+00:00,30.77,30.85,30.77,30.81,39035.0,2022,6,16
2022-06-16 10:42:00+00:00,30.82,30.89,30.82,30.85,8724.25,2022,6,16
2022-06-16 10:43:00+00:00,30.84,30.89,30.82,30.85,7763.24,2022,6,16
2022-06-16 10:44:00+00:00,30.84,30.96,30.83,30.93,7574.51,2022,6,16
2022-06-16 10:45:00+00:00,30.92,31.03,30.91,30.97,11861.59,2022,6,16
2022-06-16 10:46:00+00:00,30.98,31.03,30.91,30.92,6699.98,2022,6,16
2022-06-16 10:47:00+00:00,30.91,31.04,30.91,31.03,11678.81,2022,6,16
2022-06-16 10:48:00+00:00,31.03,31.07,31.01,31.03,5370.3,2022,6,16
2022-06-16 10:49:00+00:00,31.02,31.07,31.02,31.06,4085.83,2022,6,16
2022-06-16 10:50:00+00:00,31.07,31.1,30.97,30.97,20931.27,2022,6,16
2022-06-16 10:51:00+00:00,30.97,30.98,30.88,30.9,6381.93,2022,6,16
2022-06-16 10:52:00+00:00,30.89,30.96,30.83,30.95,18130.16,2022,6,16
2022-06-16 10:53:00+00:00,30.96,31.61,30.96,31.6,86336.11,2022,6,16
2022-06-16 10:54:00+00:00,31.61,31.85,31.37,31.39,32750.71,2022,6,16
2022-06-16 10:55:00+00:00,31.38,31.46,31.25,31.31,10716.67,2022,6,16
2022-06-16 10:56:00+00:00,31.31,31.32,31.23,31.3,5913.56,2022,6,16
2022-06-16 10:57:00+00:00,31.3,31.55,31.25,31.55,24031.03,2022,6,16
2022-06-16 10:58:00+00:00,31.56,31.78,31.52,31.67,29959.65,2022,6,16
2022-06-16 10:59:00+00:00,31.66,31.78,31.57,31.63,16033.73,2022,6,16
2022-06-16 11:00:00+00:00,31.62,31.72,31.43,31.48,17195.43,2022,6,16
2022-06-16 11:01:00+00:00,31.48,31.49,31.33,31.37,8551.27,2022,6,16
2022-06-16 11:02:00+00:00,31.37,31.42,31.31,31.32,12777.47,2022,6,16
2022-06-16 11:03:00+00:00,31.32,31.39,31.32,31.35,7234.86,2022,6,16
2022-06-16 11:04:00+00:00,31.35,31.49,31.29,31.46,6447.65,2022,6,16
2022-06-16 11:05:00+00:00,31.47,31.64,31.46,31.63,10949.08,2022,6,16
2022-06-16 11:06:00+00:00,31.63,31.64,31.56,31.61,5975.87,2022,6,16
2022-06-16 11:07:00+00:00,31.6,31.6,31.44,31.45,8048.99,2022,6,16
2022-06-16 11:08:00+00:00,31.45,31.46,31.39,31.42,2467.55,2022,6,16
2022-06-16 11:09:00+00:00,31.42,31.44,31.34,31.44,11869.02,2022,6,16
2022-06-16 11:10:00+00:00,31.43,31.46,31.29,31.33,9504.78,2022,6,16
2022-06-16 11:11:00+00:00,31.34,31.43,31.34,31.41,3542.58,2022,6,16
2022-06-16 11:12:00+00:00,31.41,31.41,31.32,31.41,3620.45,2022,6,16
2022-06-16 11:13:00+00:00,31.41,31.45,31.37,31.44,2593.6,2022,6,16
2022-06-16 11:14:00+00:00,31.44,31.62,31.42,31.6,8464.91,2022,6,16
2022-06-16 11:15:00+00:00,31.59,31.61,31.55,31.58,4297.89,2022,6,16
2022-06-16 11:16:00+00:00,31.57,31.61,31.41,31.42,7704.48,2022,6,16
2022-06-16 11:17:00+00:00,31.42,31.43,31.37,31.4,2812.82,2022,6,16
2022-06-16 11:18:00+00:00,31.39,31.51,31.39,31.48,3570.84,2022,6,16
2022-06-16 11:19:00+00:00,31.49,31.51,31.43,31.44,2408.23,2022,6,16
2022-06-16 11:20:00+00:00,31.44,31.47,31.35,31.42,7377.82,2022,6,16
2022-06-16 11:21:00+00:00,31.42,31.42,31.22,31.32,14972.72,2022,6,16
2022-06-16 11:22:00+00:00,31.32,31.32,31.18,31.24,8407.32,2022,6,16
2022-06-16 11:23:00+00:00,31.24,31.25,31.13,31.18,3968.01,2022,6,16
2022-06-16 11:24:00+00:00,31.18,31.24,31.06,31.08,6537.93,2022,6,16
2022-06-16 11:25:00+00:00,31.08,31.17,31.07,31.13,7061.42,2022,6,16
2022-06-16 11:26:00+00:00,31.12,31.3,31.12,31.28,7609.25,2022,6,16
2022-06-16 11:27:00+00:00,31.27,31.37,31.27,31.37,6626.19,2022,6,16
2022-06-16 11:28:00+00:00,31.37,31.51,31.34,31.46,17746.72,2022,6,16
2022-06-16 11:29:00+00:00,31.46,31.48,31.37,31.43,4401.93,2022,6,16
2022-06-16 11:30:00+00:00,31.42,31.44,31.34,31.42,7069.32,2022,6,16
2022-06-16 11:31:00+00:00,31.41,31.45,31.39,31.39,4309.96,2022,6,16
2022-06-16 11:32:00+00:00,31.38,31.42,31.33,31.41,6181.2,2022,6,16
2022-06-16 11:33:00+00:00,31.41,31.49,31.28,31.45,14167.44,2022,6,16
2022-06-16 11:34:00+00:00,31.45,31.62,31.42,31.54,14286.63,2022,6,16
2022-06-16 11:35:00+00:00,31.55,31.63,31.54,31.56,9004.21,2022,6,16
2022-06-16 11:36:00+00:00,31.55,31.61,31.5,31.52,6085.12,2022,6,16
2022-06-16 11:37:00+00:00,31.51,31.57,31.5,31.53,4137.08,2022,6,16
2022-06-16 11:38:00+00:00,31.53,31.61,31.52,31.54,5304.7,2022,6,16
2022-06-16 11:39:00+00:00,31.54,31.54,31.46,31.46,2875.43,2022,6,16
2022-06-16 11:40:00+00:00,31.46,31.5,31.42,31.44,3666.83,2022,6,16
2022-06-16 11:41:00+00:00,31.44,31.56,31.44,31.55,4991.52,2022,6,16
2022-06-16 11:42:00+00:00,31.54,31.55,31.43,31.44,3807.8,2022,6,16
2022-06-16 11:43:00+00:00,31.44,31.48,31.4,31.47,9062.68,2022,6,16
2022-06-16 11:44:00+00:00,31.47,31.51,31.45,31.47,7497.07,2022,6,16
2022-06-16 11:45:00+00:00,31.47,31.48,31.29,31.29,15764.7,2022,6,16
2022-06-16 11:46:00+00:00,31.31,31.33,31.13,31.21,12179.83,2022,6,16
2022-06-16 11:47:00+00:00,31.22,31.3,31.22,31.26,4617.4,2022,6,16
2022-06-16 11:48:00+00:00,31.26,31.31,31.17,31.19,6964.24,2022,6,16
2022-06-16 11:49:00+00:00,31.19,31.23,31.17,31.2,5114.78,2022,6,16
2022-06-16 11:50:00+00:00,31.2,31.26,31.17,31.26,3363.97,2022,6,16
2022-06-16 11:51:00+00:00,31.26,31.3,31.21,31.27,6260.04,2022,6,16
2022-06-16 11:52:00+00:00,31.27,31.3,31.24,31.28,4205.97,2022,6,16
2022-06-16 11:53:00+00:00,31.28,31.28,31.18,31.19,2953.64,2022,6,16
2022-06-16 11:54:00+00:00,31.19,31.19,30.96,31.03,13859.32,2022,6,16
2022-06-16 11:55:00+00:00,31.02,31.18,30.92,31.13,12532.38,2022,6,16
2022-06-16 11:56:00+00:00,31.13,31.28,31.13,31.16,7214.65,2022,6,16
2022-06-16 11:57:00+00:00,31.16,31.29,31.16,31.28,7557.97,2022,6,16
2022-06-16 11:58:00+00:00,31.29,31.33,31.22,31.29,5996.94,2022,6,16
2022-06-16 11:59:00+00:00,31.28,31.34,31.24,31.28,4065.03,2022,6,16
2022-06-16 12:00:00+00:00,31.28,31.5,31.23,31.48,17025.87,2022,6,16
2022-06-16 12:01:00+00:00,31.5,31.5,31.39,31.39,7111.54,2022,6,16
2022-06-16 12:02:00+00:00,31.39,31.49,31.38,31.48,7548.59,2022,6,16
2022-06-16 12:03:00+00:00,31.48,31.6,31.48,31.58,15611.15,2022,6,16
2022-06-16 12:04:00+00:00,31.59,31.61,31.5,31.54,7290.94,2022,6,16
2022-06-16 12:05:00+00:00,31.54,31.62,31.52,31.54,6372.6,2022,6,16
2022-06-16 12:06:00+00:00,31.54,31.55,31.46,31.47,2591.41,2022,6,16
2022-06-16 12:07:00+00:00,31.46,31.53,31.45,31.48,3483.18,2022,6,16
2022-06-16 12:08:00+00:00,31.47,31.52,31.44,31.47,3507.01,2022,6,16
2022-06-16 12:09:00+00:00,31.46,31.55,31.46,31.52,5520.46,2022,6,16
2022-06-16 12:10:00+00:00,31.52,31.54,31.37,31.39,17359.23,2022,6,16
2022-06-16 12:11:00+00:00,31.39,31.52,31.39,31.5,7422.54,2022,6,16
2022-06-16 12:12:00+00:00,31.5,31.53,31.42,31.44,8559.59,2022,6,16
2022-06-16 12:13:00+00:00,31.44,31.45,31.42,31.43,3706.76,2022,6,16
2022-06-16 12:14:00+00:00,31.41,31.44,31.36,31.36,6123.84,2022,6,16
2022-06-16 12:15:00+00:00,31.37,31.42,31.25,31.25,5861.26,2022,6,16
2022-06-16 12:16:00+00:00,31.25,31.25,31.15,31.17,6625.83,2022,6,16
2022-06-16 12:17:00+00:00,31.17,31.21,31.11,31.13,8406.89,2022,6,16
2022-06-16 12:18:00+00:00,31.14,31.15,31.03,31.08,16225.14,2022,6,16
2022-06-16 12:19:00+00:00,31.07,31.12,31.01,31.04,9361.8,2022,6,16
2022-06-16 12:20:00+00:00,31.03,31.24,31.03,31.24,9135.36,2022,6,16
2022-06-16 12:21:00+00:00,31.23,31.28,31.13,31.24,6030.22,2022,6,16
2022-06-16 12:22:00+00:00,31.24,31.31,31.22,31.3,5488.19,2022,6,16
2022-06-16 12:23:00+00:00,31.3,31.49,31.29,31.44,12974.47,2022,6,16
2022-06-16 12:24:00+00:00,31.44,31.95,31.43,31.95,28297.33,2022,6,16
2022-06-16 12:25:00+00:00,31.95,32.42,31.82,32.16,55611.11,2022,6,16
2022-06-16 12:26:00+00:00,32.16,32.18,31.94,32.05,22011.76,2022,6,16
2022-06-16 12:27:00+00:00,32.05,32.37,31.98,32.19,19749.35,2022,6,16
2022-06-16 12:28:00+00:00,32.19,32.26,32.12,32.18,8439.17,2022,6,16
2022-06-16 12:29:00+00:00,32.18,32.24,32.08,32.2,6160.96,2022,6,16
2022-06-16 12:30:00+00:00,32.2,32.5,32.09,32.4,36357.35,2022,6,16
2022-06-16 12:31:00+00:00,32.39,32.43,32.26,32.33,20142.13,2022,6,16
2022-06-16 12:32:00+00:00,32.32,32.32,32.16,32.32,9345.54,2022,6,16
2022-06-16 12:33:00+00:00,32.3,32.56,32.23,32.5,17436.33,2022,6,16
2022-06-16 12:34:00+00:00,32.49,32.52,32.25,32.25,22416.64,2022,6,16
2022-06-16 12:35:00+00:00,32.25,32.26,32.11,32.22,14218.43,2022,6,16
2022-06-16 12:36:00+00:00,32.21,32.23,32.15,32.2,7712.94,2022,6,16
2022-06-16 12:37:00+00:00,32.2,32.27,32.11,32.25,8880.99,2022,6,16
2022-06-16 12:38:00+00:00,32.25,32.26,32.11,32.13,9331.52,2022,6,16
2022-06-16 12:39:00+00:00,32.12,32.15,32.05,32.06,4248.13,2022,6,16
2022-06-16 12:40:00+00:00,32.06,32.09,31.97,32.02,6962.84,2022,6,16
2022-06-16 12:41:00+00:00,32.02,32.03,31.92,31.99,6330.7,2022,6,16
2022-06-16 12:42:00+00:00,31.98,32.04,31.77,31.85,12056.41,2022,6,16
2022-06-16 12:43:00+00:00,31.88,31.99,31.84,31.99,8032.59,2022,6,16
2022-06-16 12:44:00+00:00,32.0,32.0,31.87,31.91,5927.88,2022,6,16
2022-06-16 12:45:00+00:00,31.91,31.97,31.76,31.78,12445.16,2022,6,16
2022-06-16 12:46:00+00:00,31.78,31.83,31.62,31.73,17707.46,2022,6,16
2022-06-16 12:47:00+00:00,31.72,31.74,31.65,31.72,7800.03,2022,6,16
2022-06-16 12:48:00+00:00,31.72,31.79,31.7,31.75,5274.86,2022,6,16
2022-06-16 12:49:00+00:00,31.74,31.88,31.72,31.82,4976.19,2022,6,16
2022-06-16 12:50:00+00:00,31.82,31.85,31.73,31.77,6479.37,2022,6,16
2022-06-16 12:51:00+00:00,31.76,31.78,31.63,31.64,6763.34,2022,6,16
2022-06-16 12:52:00+00:00,31.64,31.76,31.64,31.75,7401.81,2022,6,16
2022-06-16 12:53:00+00:00,31.75,31.75,31.68,31.71,4833.16,2022,6,16
2022-06-16 12:54:00+00:00,31.71,31.78,31.68,31.68,6996.97,2022,6,16
2022-06-16 12:55:00+00:00,31.68,31.75,31.68,31.72,2446.13,2022,6,16
2022-06-16 12:56:00+00:00,31.71,31.73,31.66,31.7,4666.59,2022,6,16
2022-06-16 12:57:00+00:00,31.69,31.69,31.6,31.62,4445.64,2022,6,16
2022-06-16 12:58:00+00:00,31.62,31.62,31.55,31.59,5453.18,2022,6,16
2022-06-16 12:59:00+00:00,31.58,31.58,31.46,31.46,11315.17,2022,6,16
2022-06-16 13:00:00+00:00,31.47,31.58,31.46,31.56,6386.9,2022,6,16
2022-06-16 13:01:00+00:00,31.57,31.6,31.52,31.6,2999.46,2022,6,16
2022-06-16 13:02:00+00:00,31.6,31.72,31.6,31.71,4800.09,2022,6,16
2022-06-16 13:03:00+00:00,31.72,31.94,31.72,31.94,20355.56,2022,6,16
2022-06-16 13:04:00+00:00,31.94,32.0,31.88,32.0,8474.38,2022,6,16
2022-06-16 13:05:00+00:00,32.0,32.04,31.9,31.91,5263.32,2022,6,16
2022-06-16 13:06:00+00:00,31.92,31.92,31.73,31.77,5372.78,2022,6,16
2022-06-16 13:07:00+00:00,31.77,31.78,31.71,31.74,3494.28,2022,6,16
2022-06-16 13:08:00+00:00,31.75,31.88,31.74,31.87,3385.5,2022,6,16
2022-06-16 13:09:00+00:00,31.86,31.93,31.82,31.91,3802.1,2022,6,16
2022-06-16 13:10:00+00:00,31.9,31.96,31.87,31.91,3773.53,2022,6,16
2022-06-16 13:11:00+00:00,31.91,31.94,31.88,31.9,2895.84,2022,6,16
2022-06-16 13:12:00+00:00,31.9,31.94,31.77,31.77,3571.88,2022,6,16
2022-06-16 13:13:00+00:00,31.78,31.98,31.73,31.98,6312.18,2022,6,16
2022-06-16 13:14:00+00:00,31.97,32.05,31.9,31.9,3736.34,2022,6,16
2022-06-16 13:15:00+00:00,31.91,31.98,31.79,31.8,6277.65,2022,6,16
2022-06-16 13:16:00+00:00,31.8,31.81,31.74,31.75,6003.17,2022,6,16
2022-06-16 13:17:00+00:00,31.75,31.85,31.75,31.76,3923.1,2022,6,16
2022-06-16 13:18:00+00:00,31.78,31.79,31.58,31.62,30290.85,2022,6,16
2022-06-16 13:19:00+00:00,31.61,31.67,31.59,31.6,3525.67,2022,6,16
2022-06-16 13:20:00+00:00,31.6,31.67,31.59,31.6,4448.27,2022,6,16
2022-06-16 13:21:00+00:00,31.61,31.69,31.6,31.62,2619.28,2022,6,16
2022-06-16 13:22:00+00:00,31.62,31.75,31.62,31.74,3665.32,2022,6,16
2022-06-16 13:23:00+00:00,31.73,31.8,31.71,31.71,1546.37,2022,6,16
2022-06-16 13:24:00+00:00,31.72,31.77,31.69,31.75,3920.24,2022,6,16
2022-06-16 13:25:00+00:00,31.75,31.86,31.73,31.84,3077.95,2022,6,16
2022-06-16 13:26:00+00:00,31.84,31.84,31.68,31.71,3198.22,2022,6,16
2022-06-16 13:27:00+00:00,31.72,31.91,31.72,31.86,5091.68,2022,6,16
2022-06-16 13:28:00+00:00,31.86,31.9,31.83,31.87,5140.02,2022,6,16
2022-06-16 13:29:00+00:00,31.88,31.93,31.84,31.89,3295.43,2022,6,16
2022-06-16 13:30:00+00:00,31.89,32.21,31.71,32.21,27674.41,2022,6,16
2022-06-16 13:31:00+00:00,32.21,32.32,32.0,32.04,26546.89,2022,6,16
2022-06-16 13:32:00+00:00,32.04,32.09,31.93,32.06,19988.98,2022,6,16
2022-06-16 13:33:00+00:00,32.06,32.06,31.62,31.64,23399.9,2022,6,16
2022-06-16 13:34:00+00:00,31.64,31.67,31.16,31.35,38900.8,2022,6,16
2022-06-16 13:35:00+00:00,31.35,31.75,31.28,31.75,17596.13,2022,6,16
2022-06-16 13:36:00+00:00,31.74,31.74,31.46,31.57,23430.82,2022,6,16
2022-06-16 13:37:00+00:00,31.57,31.6,31.48,31.57,11522.98,2022,6,16
2022-06-16 13:38:00+00:00,31.56,31.56,31.24,31.24,15072.51,2022,6,16
2022-06-16 13:39:00+00:00,31.24,31.32,31.13,31.26,17963.94,2022,6,16
2022-06-16 13:40:00+00:00,31.29,31.45,31.27,31.35,9419.49,2022,6,16
2022-06-16 13:41:00+00:00,31.35,31.38,31.28,31.3,9739.16,2022,6,16
2022-06-16 13:42:00+00:00,31.31,31.48,31.3,31.39,11663.02,2022,6,16
2022-06-16 13:43:00+00:00,31.4,31.48,31.21,31.26,10817.73,2022,6,16
2022-06-16 13:44:00+00:00,31.25,31.31,31.2,31.3,9244.77,2022,6,16
2022-06-16 13:45:00+00:00,31.28,31.46,31.25,31.41,11202.48,2022,6,16
2022-06-16 13:46:00+00:00,31.41,31.5,31.35,31.49,8172.25,2022,6,16
2022-06-16 13:47:00+00:00,31.49,31.65,31.46,31.47,19253.46,2022,6,16
2022-06-16 13:48:00+00:00,31.46,31.6,31.38,31.52,11392.72,2022,6,16
2022-06-16 13:49:00+00:00,31.53,31.59,31.46,31.48,7911.02,2022,6,16
2022-06-16 13:50:00+00:00,31.48,31.48,31.31,31.31,8680.02,2022,6,16
2022-06-16 13:51:00+00:00,31.3,31.3,31.11,31.11,12091.73,2022,6,16
2022-06-16 13:52:00+00:00,31.12,31.12,30.94,31.02,12668.13,2022,6,16
2022-06-16 13:53:00+00:00,31.01,31.02,30.21,30.34,45903.79,2022,6,16
2022-06-16 13:54:00+00:00,30.34,30.6,30.2,30.57,42706.53,2022,6,16
2022-06-16 13:55:00+00:00,30.56,30.61,30.4,30.47,12123.26,2022,6,16
2022-06-16 13:56:00+00:00,30.46,30.57,30.43,30.5,10526.62,2022,6,16
2022-06-16 13:57:00+00:00,30.5,30.51,30.3,30.48,13835.02,2022,6,16
2022-06-16 13:58:00+00:00,30.47,30.71,30.45,30.62,17459.58,2022,6,16
2022-06-16 13:59:00+00:00,30.6,30.65,30.52,30.54,10717.12,2022,6,16
2022-06-16 14:00:00+00:00,30.53,30.64,30.45,30.55,12346.78,2022,6,16
2022-06-16 14:01:00+00:00,30.55,30.6,30.46,30.58,10338.57,2022,6,16
2022-06-16 14:02:00+00:00,30.59,30.6,30.27,30.28,13228.93,2022,6,16
2022-06-16 14:03:00+00:00,30.28,30.43,30.2,30.32,12969.06,2022,6,16
2022-06-16 14:04:00+00:00,30.33,30.39,30.14,30.19,11694.55,2022,6,16
2022-06-16 14:05:00+00:00,30.18,30.22,30.03,30.08,18792.17,2022,6,16
2022-06-16 14:06:00+00:00,30.08,30.19,30.04,30.15,16409.67,2022,6,16
2022-06-16 14:07:00+00:00,30.15,30.37,30.12,30.17,17367.11,2022,6,16
2022-06-16 14:08:00+00:00,30.17,30.26,30.11,30.18,11453.72,2022,6,16
2022-06-16 14:09:00+00:00,30.19,30.29,30.13,30.28,4540.0,2022,6,16
2022-06-16 14:10:00+00:00,30.29,30.3,30.15,30.16,5752.96,2022,6,16
2022-06-16 14:11:00+00:00,30.16,30.19,30.09,30.09,6889.68,2022,6,16
2022-06-16 14:12:00+00:00,30.08,30.2,30.07,30.14,12564.52,2022,6,16
2022-06-16 14:13:00+00:00,30.13,30.24,30.13,30.23,12023.51,2022,6,16
2022-06-16 14:14:00+00:00,30.22,30.34,30.18,30.2,5326.59,2022,6,16
2022-06-16 14:15:00+00:00,30.19,30.44,30.17,30.43,11274.17,2022,6,16
2022-06-16 14:16:00+00:00,30.43,30.76,30.41,30.68,18150.3,2022,6,16
2022-06-16 14:17:00+00:00,30.67,30.75,30.65,30.68,9080.44,2022,6,16
2022-06-16 14:18:00+00:00,30.68,30.69,30.5,30.52,8560.75,2022,6,16
2022-06-16 14:19:00+00:00,30.5,30.56,30.38,30.43,7360.09,2022,6,16
2022-06-16 14:20:00+00:00,30.42,30.57,30.4,30.49,6185.3,2022,6,16
2022-06-16 14:21:00+00:00,30.49,30.68,30.48,30.58,9953.73,2022,6,16
2022-06-16 14:22:00+00:00,30.58,30.72,30.53,30.53,32834.68,2022,6,16
2022-06-16 14:23:00+00:00,30.53,30.66,30.53,30.62,6719.57,2022,6,16
2022-06-16 14:24:00+00:00,30.62,30.69,30.56,30.57,8342.0,2022,6,16
2022-06-16 14:25:00+00:00,30.56,30.86,30.56,30.77,18650.15,2022,6,16
2022-06-16 14:26:00+00:00,30.78,30.88,30.74,30.75,16551.42,2022,6,16
2022-06-16 14:27:00+00:00,30.74,30.83,30.66,30.73,7905.25,2022,6,16
2022-06-16 14:28:00+00:00,30.72,30.84,30.65,30.76,13768.88,2022,6,16
2022-06-16 14:29:00+00:00,30.76,30.84,30.75,30.81,6757.16,2022,6,16
2022-06-16 14:30:00+00:00,30.8,30.83,30.69,30.82,6194.97,2022,6,16
2022-06-16 14:31:00+00:00,30.81,31.24,30.78,31.11,25370.02,2022,6,16
2022-06-16 14:32:00+00:00,31.08,31.21,30.98,31.12,19676.89,2022,6,16
2022-06-16 14:33:00+00:00,31.13,31.2,31.09,31.12,6455.25,2022,6,16
2022-06-16 14:34:00+00:00,31.11,31.12,31.05,31.05,4656.53,2022,6,16
2022-06-16 14:35:00+00:00,31.05,31.21,30.98,30.98,14726.41,2022,6,16
2022-06-16 14:36:00+00:00,30.99,31.06,30.84,30.84,7132.38,2022,6,16
2022-06-16 14:37:00+00:00,30.84,30.99,30.84,30.99,7082.86,2022,6,16
2022-06-16 14:38:00+00:00,30.99,30.99,30.88,30.9,6379.71,2022,6,16
2022-06-16 14:39:00+00:00,30.9,30.92,30.79,30.79,15656.23,2022,6,16
2022-06-16 14:40:00+00:00,30.78,30.79,30.68,30.73,7604.87,2022,6,16
2022-06-16 14:41:00+00:00,30.73,30.82,30.71,30.75,3932.83,2022,6,16
2022-06-16 14:42:00+00:00,30.75,30.75,30.68,30.7,9636.89,2022,6,16
2022-06-16 14:43:00+00:00,30.71,30.86,30.7,30.78,5717.42,2022,6,16
2022-06-16 14:44:00+00:00,30.78,30.8,30.5,30.5,8220.94,2022,6,16
2022-06-16 14:45:00+00:00,30.51,30.72,30.35,30.67,47804.24,2022,6,16
2022-06-16 14:46:00+00:00,30.66,30.71,30.6,30.65,10179.16,2022,6,16
2022-06-16 14:47:00+00:00,30.65,30.71,30.62,30.71,7090.91,2022,6,16
2022-06-16 14:48:00+00:00,30.71,30.72,30.67,30.69,6766.33,2022,6,16
2022-06-16 14:49:00+00:00,30.69,30.71,30.63,30.63,6191.84,2022,6,16
2022-06-16 14:50:00+00:00,30.62,30.62,30.25,30.25,25631.03,2022,6,16
2022-06-16 14:51:00+00:00,30.24,30.37,30.22,30.33,18925.78,2022,6,16
2022-06-16 14:52:00+00:00,30.33,30.46,30.31,30.39,8045.28,2022,6,16
2022-06-16 14:53:00+00:00,30.39,30.44,30.28,30.35,7924.82,2022,6,16
2022-06-16 14:54:00+00:00,30.35,30.54,30.35,30.49,5827.8,2022,6,16
2022-06-16 14:55:00+00:00,30.51,30.67,30.51,30.65,17606.84,2022,6,16
2022-06-16 14:56:00+00:00,30.65,30.85,30.61,30.81,8983.96,2022,6,16
2022-06-16 14:57:00+00:00,30.82,30.84,30.68,30.71,6063.85,2022,6,16
2022-06-16 14:58:00+00:00,30.71,30.75,30.66,30.73,5258.22,2022,6,16
2022-06-16 14:59:00+00:00,30.73,30.77,30.55,30.56,8964.42,2022,6,16
2022-06-16 15:00:00+00:00,30.56,30.72,30.53,30.72,13880.78,2022,6,16
2022-06-16 15:01:00+00:00,30.72,30.91,30.65,30.86,18671.26,2022,6,16
2022-06-16 15:02:00+00:00,30.86,30.95,30.75,30.95,10925.48,2022,6,16
2022-06-16 15:03:00+00:00,30.94,30.94,30.81,30.86,11252.88,2022,6,16
2022-06-16 15:04:00+00:00,30.85,30.93,30.85,30.87,5637.62,2022,6,16
2022-06-16 15:05:00+00:00,30.86,30.9,30.76,30.83,6010.51,2022,6,16
2022-06-16 15:06:00+00:00,30.82,31.04,30.82,30.98,6441.79,2022,6,16
2022-06-16 15:07:00+00:00,30.99,31.03,30.9,30.98,4857.83,2022,6,16
2022-06-16 15:08:00+00:00,30.96,30.98,30.9,30.97,3975.89,2022,6,16
2022-06-16 15:09:00+00:00,30.96,31.27,30.94,31.14,13563.1,2022,6,16
2022-06-16 15:10:00+00:00,31.15,31.21,31.05,31.19,9984.18,2022,6,16
2022-06-16 15:11:00+00:00,31.2,31.36,31.11,31.27,10774.39,2022,6,16
2022-06-16 15:12:00+00:00,31.28,31.34,31.21,31.25,11633.39,2022,6,16
2022-06-16 15:13:00+00:00,31.24,31.27,31.16,31.18,5653.38,2022,6,16
2022-06-16 15:14:00+00:00,31.18,31.23,31.11,31.23,8774.55,2022,6,16
2022-06-16 15:15:00+00:00,31.24,31.48,31.13,31.43,16381.95,2022,6,16
2022-06-16 15:16:00+00:00,31.41,31.41,31.24,31.29,5955.73,2022,6,16
2022-06-16 15:17:00+00:00,31.28,31.28,31.12,31.15,7490.75,2022,6,16
2022-06-16 15:18:00+00:00,31.15,31.23,31.13,31.21,4203.65,2022,6,16
2022-06-16 15:19:00+00:00,31.2,31.2,31.06,31.13,4976.04,2022,6,16
2022-06-16 15:20:00+00:00,31.13,31.13,31.04,31.09,7199.64,2022,6,16
2022-06-16 15:21:00+00:00,31.1,31.14,31.04,31.11,6539.84,2022,6,16
2022-06-16 15:22:00+00:00,31.1,31.19,31.1,31.18,5256.69,2022,6,16
2022-06-16 15:23:00+00:00,31.18,31.37,31.18,31.37,4082.09,2022,6,16
2022-06-16 15:24:00+00:00,31.37,31.38,31.26,31.27,5266.12,2022,6,16
2022-06-16 15:25:00+00:00,31.27,31.4,31.24,31.32,9818.14,2022,6,16
2022-06-16 15:26:00+00:00,31.33,31.41,31.28,31.38,3944.1,2022,6,16
2022-06-16 15:27:00+00:00,31.38,31.7,31.38,31.5,20698.8,2022,6,16
2022-06-16 15:28:00+00:00,31.51,31.54,31.36,31.49,5348.96,2022,6,16
2022-06-16 15:29:00+00:00,31.48,31.54,31.43,31.54,4122.33,2022,6,16
2022-06-16 15:30:00+00:00,31.55,31.6,31.4,31.44,6487.91,2022,6,16
2022-06-16 15:31:00+00:00,31.44,31.56,31.39,31.55,7658.09,2022,6,16
2022-06-16 15:32:00+00:00,31.55,31.58,31.43,31.5,4031.74,2022,6,16
2022-06-16 15:33:00+00:00,31.49,31.55,31.44,31.44,9344.75,2022,6,16
2022-06-16 15:34:00+00:00,31.43,31.52,31.43,31.5,6713.12,2022,6,16
2022-06-16 15:35:00+00:00,31.49,31.49,31.39,31.41,4811.61,2022,6,16
2022-06-16 15:36:00+00:00,31.41,31.41,31.3,31.33,4901.73,2022,6,16
2022-06-16 15:37:00+00:00,31.33,31.49,31.32,31.47,4356.4,2022,6,16
2022-06-16 15:38:00+00:00,31.47,31.54,31.46,31.52,4183.0,2022,6,16
2022-06-16 15:39:00+00:00,31.52,31.7,31.51,31.65,7265.43,2022,6,16
2022-06-16 15:40:00+00:00,31.65,31.7,31.52,31.54,10628.48,2022,6,16
2022-06-16 15:41:00+00:00,31.54,31.55,31.43,31.44,4937.2,2022,6,16
2022-06-16 15:42:00+00:00,31.43,31.47,31.41,31.44,3698.56,2022,6,16
2022-06-16 15:43:00+00:00,31.44,31.56,31.41,31.49,10931.47,2022,6,16
2022-06-16 15:44:00+00:00,31.48,31.54,31.48,31.5,4090.31,2022,6,16
2022-06-16 15:45:00+00:00,31.49,31.59,31.39,31.42,8996.69,2022,6,16
2022-06-16 15:46:00+00:00,31.41,31.45,31.31,31.31,4603.28,2022,6,16
2022-06-16 15:47:00+00:00,31.32,31.36,31.26,31.26,6539.79,2022,6,16
2022-06-16 15:48:00+00:00,31.27,31.33,31.24,31.32,4696.64,2022,6,16
2022-06-16 15:49:00+00:00,31.32,31.41,31.32,31.41,3804.7,2022,6,16
2022-06-16 15:50:00+00:00,31.42,31.43,31.33,31.37,3316.15,2022,6,16
2022-06-16 15:51:00+00:00,31.36,31.36,31.21,31.23,8001.57,2022,6,16
2022-06-16 15:52:00+00:00,31.24,31.29,31.17,31.23,4694.58,2022,6,16
2022-06-16 15:53:00+00:00,31.22,31.27,31.18,31.2,3749.16,2022,6,16
2022-06-16 15:54:00+00:00,31.21,31.25,31.11,31.19,5101.4,2022,6,16
2022-06-16 15:55:00+00:00,31.2,31.25,31.15,31.15,3597.78,2022,6,16
2022-06-16 15:56:00+00:00,31.15,31.21,31.15,31.17,2037.34,2022,6,16
2022-06-16 15:57:00+00:00,31.16,31.2,31.14,31.16,2714.09,2022,6,16
2022-06-16 15:58:00+00:00,31.15,31.21,31.15,31.19,4211.74,2022,6,16
2022-06-16 15:59:00+00:00,31.19,31.32,31.15,31.31,4864.9,2022,6,16
2022-06-16 16:00:00+00:00,31.31,31.38,31.12,31.34,16485.83,2022,6,16
2022-06-16 16:01:00+00:00,31.35,31.36,31.18,31.18,2843.4,2022,6,16
2022-06-16 16:02:00+00:00,31.18,31.19,31.05,31.09,10300.78,2022,6,16
2022-06-16 16:03:00+00:00,31.1,31.14,31.06,31.12,3639.17,2022,6,16
2022-06-16 16:04:00+00:00,31.11,31.13,30.99,31.01,6307.74,2022,6,16
2022-06-16 16:05:00+00:00,31.02,31.17,31.01,31.13,5432.82,2022,6,16
2022-06-16 16:06:00+00:00,31.14,31.16,31.03,31.05,5329.43,2022,6,16
2022-06-16 16:07:00+00:00,31.05,31.07,30.97,31.04,3890.2,2022,6,16
2022-06-16 16:08:00+00:00,31.06,31.12,31.05,31.1,2719.83,2022,6,16
2022-06-16 16:09:00+00:00,31.09,31.09,30.94,30.96,12589.21,2022,6,16
2022-06-16 16:10:00+00:00,30.96,31.0,30.8,30.87,17020.52,2022,6,16
2022-06-16 16:11:00+00:00,30.86,30.88,30.75,30.79,7202.52,2022,6,16
2022-06-16 16:12:00+00:00,30.79,30.81,30.77,30.8,3760.33,2022,6,16
2022-06-16 16:13:00+00:00,30.79,30.85,30.77,30.78,6424.04,2022,6,16
2022-06-16 16:14:00+00:00,30.78,30.83,30.74,30.77,5982.68,2022,6,16
2022-06-16 16:15:00+00:00,30.78,30.83,30.73,30.78,13778.2,2022,6,16
2022-06-16 16:16:00+00:00,30.78,30.8,30.7,30.72,9502.59,2022,6,16
2022-06-16 16:17:00+00:00,30.71,30.79,30.64,30.73,14614.25,2022,6,16
2022-06-16 16:18:00+00:00,30.74,31.19,30.74,31.17,10584.21,2022,6,16
2022-06-16 16:19:00+00:00,31.17,31.55,31.12,31.37,19287.33,2022,6,16
2022-06-16 16:20:00+00:00,31.36,31.48,31.27,31.44,6674.75,2022,6,16
2022-06-16 16:21:00+00:00,31.43,31.5,31.39,31.44,4655.92,2022,6,16
2022-06-16 16:22:00+00:00,31.44,31.54,31.4,31.53,5634.39,2022,6,16
2022-06-16 16:23:00+00:00,31.53,32.08,31.51,31.79,34176.44,2022,6,16
2022-06-16 16:24:00+00:00,31.79,32.03,31.78,31.95,18684.56,2022,6,16
2022-06-16 16:25:00+00:00,31.96,32.0,31.78,31.81,10585.46,2022,6,16
2022-06-16 16:26:00+00:00,31.82,31.93,31.79,31.92,5349.52,2022,6,16
2022-06-16 16:27:00+00:00,31.93,32.0,31.85,31.97,6925.73,2022,6,16
2022-06-16 16:28:00+00:00,31.96,32.02,31.9,31.97,5466.54,2022,6,16
2022-06-16 16:29:00+00:00,31.97,32.08,31.9,32.01,11159.51,2022,6,16
2022-06-16 16:30:00+00:00,32.02,32.32,31.98,32.2,51246.32,2022,6,16
2022-06-16 16:31:00+00:00,32.19,32.27,32.0,32.01,10358.47,2022,6,16
2022-06-16 16:32:00+00:00,32.0,32.02,31.86,31.9,9809.52,2022,6,16
2022-06-16 16:33:00+00:00,31.9,31.98,31.85,31.97,7594.56,2022,6,16
2022-06-16 16:34:00+00:00,31.98,32.07,31.97,32.02,5635.39,2022,6,16
2022-06-16 16:35:00+00:00,32.03,32.03,31.93,31.94,4377.48,2022,6,16
2022-06-16 16:36:00+00:00,31.93,31.99,31.82,31.92,5997.73,2022,6,16
2022-06-16 16:37:00+00:00,31.93,32.08,31.92,32.04,7624.48,2022,6,16
2022-06-16 16:38:00+00:00,32.04,32.14,32.01,32.1,5491.68,2022,6,16
2022-06-16 16:39:00+00:00,32.09,32.11,32.02,32.06,4879.33,2022,6,16
2022-06-16 16:40:00+00:00,32.06,32.08,31.97,32.06,6022.49,2022,6,16
2022-06-16 16:41:00+00:00,32.07,32.16,32.02,32.02,7193.57,2022,6,16
2022-06-16 16:42:00+00:00,32.01,32.09,31.92,32.06,9008.1,2022,6,16
2022-06-16 16:43:00+00:00,32.06,32.17,32.02,32.16,12785.84,2022,6,16
2022-06-16 16:44:00+00:00,32.15,32.33,32.09,32.16,9947.25,2022,6,16
2022-06-16 16:45:00+00:00,32.17,32.31,32.15,32.27,7703.14,2022,6,16
2022-06-16 16:46:00+00:00,32.27,32.45,32.22,32.23,20804.61,2022,6,16
2022-06-16 16:47:00+00:00,32.23,32.25,32.09,32.09,4888.41,2022,6,16
2022-06-16 16:48:00+00:00,32.09,32.39,32.09,32.36,9543.73,2022,6,16
2022-06-16 16:49:00+00:00,32.37,32.37,32.23,32.24,12486.34,2022,6,16
2022-06-16 16:50:00+00:00,32.25,32.25,32.16,32.2,5484.57,2022,6,16
2022-06-16 16:51:00+00:00,32.21,32.26,32.19,32.23,8136.49,2022,6,16
2022-06-16 16:52:00+00:00,32.22,32.3,32.12,32.28,4173.47,2022,6,16
2022-06-16 16:53:00+00:00,32.29,32.29,32.05,32.08,11674.66,2022,6,16
2022-06-16 16:54:00+00:00,32.07,32.08,31.95,31.98,8126.24,2022,6,16
2022-06-16 16:55:00+00:00,31.97,32.01,31.88,31.93,5756.54,2022,6,16
2022-06-16 16:56:00+00:00,31.93,32.0,31.89,31.97,4245.13,2022,6,16
2022-06-16 16:57:00+00:00,31.99,32.0,31.92,31.97,3931.61,2022,6,16
2022-06-16 16:58:00+00:00,31.97,31.98,31.86,31.95,2952.96,2022,6,16
2022-06-16 16:59:00+00:00,31.94,32.0,31.89,32.0,5234.68,2022,6,16
2022-06-16 17:00:00+00:00,32.0,32.06,31.93,32.0,6540.04,2022,6,16
2022-06-16 17:01:00+00:00,32.0,32.04,31.98,31.98,4693.13,2022,6,16
2022-06-16 17:02:00+00:00,31.98,32.01,31.9,31.93,6655.81,2022,6,16
2022-06-16 17:03:00+00:00,31.93,31.96,31.87,31.91,3582.43,2022,6,16
2022-06-16 17:04:00+00:00,31.9,31.93,31.87,31.93,3868.99,2022,6,16
2022-06-16 17:05:00+00:00,31.92,31.96,31.86,31.9,8010.04,2022,6,16
2022-06-16 17:06:00+00:00,31.9,31.91,31.81,31.91,6512.75,2022,6,16
2022-06-16 17:07:00+00:00,31.9,32.04,31.89,32.04,5726.11,2022,6,16
2022-06-16 17:08:00+00:00,32.03,32.08,32.01,32.07,6936.8,2022,6,16
2022-06-16 17:09:00+00:00,32.07,32.15,32.03,32.14,6695.95,2022,6,16
2022-06-16 17:10:00+00:00,32.13,32.15,32.03,32.14,3991.42,2022,6,16
2022-06-16 17:11:00+00:00,32.15,32.2,32.09,32.19,4828.04,2022,6,16
2022-06-16 17:12:00+00:00,32.2,32.53,32.16,32.35,108601.53,2022,6,16
2022-06-16 17:13:00+00:00,32.36,32.48,32.29,32.34,6252.96,2022,6,16
2022-06-16 17:14:00+00:00,32.34,32.37,32.28,32.36,4941.07,2022,6,16
2022-06-16 17:15:00+00:00,32.35,32.46,32.29,32.36,4837.63,2022,6,16
2022-06-16 17:16:00+00:00,32.34,32.34,32.2,32.24,4179.13,2022,6,16
2022-06-16 17:17:00+00:00,32.24,32.38,32.23,32.35,4324.75,2022,6,16
2022-06-16 17:18:00+00:00,32.36,32.65,32.36,32.5,12826.54,2022,6,16
2022-06-16 17:19:00+00:00,32.5,32.51,32.31,32.35,3917.81,2022,6,16
2022-06-16 17:20:00+00:00,32.35,32.4,32.26,32.38,4576.23,2022,6,16
2022-06-16 17:21:00+00:00,32.38,32.38,32.19,32.21,7884.34,2022,6,16
2022-06-16 17:22:00+00:00,32.21,32.22,32.15,32.15,4694.96,2022,6,16
2022-06-16 17:23:00+00:00,32.15,32.25,32.09,32.18,12758.29,2022,6,16
2022-06-16 17:24:00+00:00,32.17,32.18,32.08,32.12,6772.53,2022,6,16
2022-06-16 17:25:00+00:00,32.13,32.13,32.03,32.08,3675.95,2022,6,16
2022-06-16 17:26:00+00:00,32.08,32.12,32.07,32.1,2763.49,2022,6,16
2022-06-16 17:27:00+00:00,32.1,32.2,32.08,32.16,5083.78,2022,6,16
2022-06-16 17:28:00+00:00,32.15,32.35,32.15,32.34,9908.34,2022,6,16
2022-06-16 17:29:00+00:00,32.34,32.36,32.27,32.29,4739.85,2022,6,16
2022-06-16 17:30:00+00:00,32.28,32.52,32.22,32.49,7278.39,2022,6,16
2022-06-16 17:31:00+00:00,32.5,32.51,32.39,32.43,7534.37,2022,6,16
2022-06-16 17:32:00+00:00,32.42,32.47,32.26,32.47,5251.05,2022,6,16
2022-06-16 17:33:00+00:00,32.47,32.54,32.42,32.44,3021.77,2022,6,16
2022-06-16 17:34:00+00:00,32.43,32.47,32.38,32.47,3326.32,2022,6,16
2022-06-16 17:35:00+00:00,32.47,32.49,32.43,32.43,6509.59,2022,6,16
2022-06-16 17:36:00+00:00,32.42,32.47,32.4,32.4,6165.26,2022,6,16
2022-06-16 17:37:00+00:00,32.39,32.4,32.34,32.39,8081.86,2022,6,16
2022-06-16 17:38:00+00:00,32.39,32.39,32.3,32.36,3979.29,2022,6,16
2022-06-16 17:39:00+00:00,32.35,32.4,32.32,32.39,3618.45,2022,6,16
2022-06-16 17:40:00+00:00,32.38,32.4,32.31,32.31,4651.45,2022,6,16
2022-06-16 17:41:00+00:00,32.31,32.31,32.16,32.19,9246.8,2022,6,16
2022-06-16 17:42:00+00:00,32.19,32.22,32.13,32.21,5710.86,2022,6,16
2022-06-16 17:43:00+00:00,32.22,32.22,32.07,32.09,5157.9,2022,6,16
2022-06-16 17:44:00+00:00,32.08,32.15,32.04,32.09,4607.32,2022,6,16
2022-06-16 17:45:00+00:00,32.08,32.13,32.04,32.12,3953.7,2022,6,16
2022-06-16 17:46:00+00:00,32.1,32.13,31.9,31.9,21898.65,2022,6,16
2022-06-16 17:47:00+00:00,31.89,31.94,31.85,31.93,7660.09,2022,6,16
2022-06-16 17:48:00+00:00,31.93,31.98,31.85,31.86,3260.23,2022,6,16
2022-06-16 17:49:00+00:00,31.86,31.89,31.79,31.85,7946.36,2022,6,16
2022-06-16 17:50:00+00:00,31.85,31.85,31.73,31.79,10532.53,2022,6,16
2022-06-16 17:51:00+00:00,31.79,31.83,31.74,31.75,4138.23,2022,6,16
2022-06-16 17:52:00+00:00,31.75,31.8,31.73,31.76,5771.04,2022,6,16
2022-06-16 17:53:00+00:00,31.76,31.81,31.75,31.79,5533.18,2022,6,16
2022-06-16 17:54:00+00:00,31.78,31.78,31.73,31.77,3489.44,2022,6,16
2022-06-16 17:55:00+00:00,31.77,31.81,31.73,31.8,3015.25,2022,6,16
2022-06-16 17:56:00+00:00,31.8,31.8,31.72,31.75,2895.42,2022,6,16
2022-06-16 17:57:00+00:00,31.74,31.79,31.71,31.74,1406.27,2022,6,16
2022-06-16 17:58:00+00:00,31.73,31.75,31.7,31.71,3202.13,2022,6,16
2022-06-16 17:59:00+00:00,31.72,31.77,31.69,31.73,3258.17,2022,6,16
2022-06-16 18:00:00+00:00,31.73,31.78,31.69,31.73,7649.6,2022,6,16
2022-06-16 18:01:00+00:00,31.72,31.79,31.7,31.78,3167.34,2022,6,16
2022-06-16 18:02:00+00:00,31.77,31.79,31.75,31.77,2352.85,2022,6,16
2022-06-16 18:03:00+00:00,31.77,31.83,31.77,31.82,5511.61,2022,6,16
2022-06-16 18:04:00+00:00,31.81,31.86,31.78,31.79,4344.98,2022,6,16
2022-06-16 18:05:00+00:00,31.78,31.87,31.77,31.79,2928.59,2022,6,16
2022-06-16 18:06:00+00:00,31.79,31.79,31.7,31.7,2675.44,2022,6,16
2022-06-16 18:07:00+00:00,31.69,31.69,31.55,31.61,21547.95,2022,6,16
2022-06-16 18:08:00+00:00,31.61,31.76,31.58,31.69,8643.88,2022,6,16
2022-06-16 18:09:00+00:00,31.68,31.79,31.68,31.78,4527.56,2022,6,16
2022-06-16 18:10:00+00:00,31.78,31.89,31.73,31.74,3552.77,2022,6,16
2022-06-16 18:11:00+00:00,31.74,31.82,31.72,31.77,2852.04,2022,6,16
2022-06-16 18:12:00+00:00,31.77,31.82,31.76,31.78,2269.32,2022,6,16
2022-06-16 18:13:00+00:00,31.78,31.78,31.73,31.75,1545.44,2022,6,16
2022-06-16 18:14:00+00:00,31.75,31.8,31.73,31.76,4031.38,2022,6,16
2022-06-16 18:15:00+00:00,31.75,31.84,31.66,31.66,3814.33,2022,6,16
2022-06-16 18:16:00+00:00,31.68,31.73,31.66,31.66,6623.98,2022,6,16
2022-06-16 18:17:00+00:00,31.67,31.68,31.55,31.56,5764.78,2022,6,16
2022-06-16 18:18:00+00:00,31.56,31.64,31.54,31.61,3840.41,2022,6,16
2022-06-16 18:19:00+00:00,31.61,31.61,31.55,31.58,2034.61,2022,6,16
2022-06-16 18:20:00+00:00,31.59,31.68,31.55,31.66,13359.34,2022,6,16
2022-06-16 18:21:00+00:00,31.66,31.68,31.64,31.66,2688.8,2022,6,16
2022-06-16 18:22:00+00:00,31.66,31.77,31.65,31.69,3400.68,2022,6,16
2022-06-16 18:23:00+00:00,31.7,31.71,31.57,31.6,6224.17,2022,6,16
2022-06-16 18:24:00+00:00,31.61,31.75,31.57,31.73,1726.77,2022,6,16
2022-06-16 18:25:00+00:00,31.73,31.85,31.69,31.85,2783.53,2022,6,16
2022-06-16 18:26:00+00:00,31.85,31.88,31.83,31.83,3157.82,2022,6,16
2022-06-16 18:27:00+00:00,31.82,31.92,31.8,31.89,5239.42,2022,6,16
2022-06-16 18:28:00+00:00,31.88,31.91,31.86,31.88,2717.07,2022,6,16
2022-06-16 18:29:00+00:00,31.87,31.9,31.85,31.85,1224.36,2022,6,16
2022-06-16 18:30:00+00:00,31.85,32.03,31.84,32.01,5814.95,2022,6,16
2022-06-16 18:31:00+00:00,32.0,32.2,32.0,32.08,10631.33,2022,6,16
2022-06-16 18:32:00+00:00,32.08,32.09,31.99,32.01,1890.19,2022,6,16
2022-06-16 18:33:00+00:00,32.02,32.04,31.98,31.99,1392.47,2022,6,16
2022-06-16 18:34:00+00:00,32.0,32.06,31.99,32.03,2451.52,2022,6,16
2022-06-16 18:35:00+00:00,32.02,32.04,31.81,31.84,6906.75,2022,6,16
2022-06-16 18:36:00+00:00,31.84,32.0,31.76,32.0,6058.97,2022,6,16
2022-06-16 18:37:00+00:00,32.0,32.11,31.92,32.09,7288.36,2022,6,16
2022-06-16 18:38:00+00:00,32.08,32.11,32.06,32.06,1744.34,2022,6,16
2022-06-16 18:39:00+00:00,32.06,32.17,32.06,32.13,4030.19,2022,6,16
2022-06-16 18:40:00+00:00,32.13,32.21,32.11,32.14,3136.4,2022,6,16
2022-06-16 18:41:00+00:00,32.13,32.22,32.13,32.13,5577.36,2022,6,16
2022-06-16 18:42:00+00:00,32.14,32.23,32.14,32.19,1728.07,2022,6,16
2022-06-16 18:43:00+00:00,32.18,32.22,32.1,32.2,2872.66,2022,6,16
2022-06-16 18:44:00+00:00,32.2,32.24,32.14,32.16,2905.17,2022,6,16
2022-06-16 18:45:00+00:00,32.17,32.45,32.09,32.39,11095.77,2022,6,16
2022-06-16 18:46:00+00:00,32.39,32.4,32.24,32.25,4272.35,2022,6,16
2022-06-16 18:47:00+00:00,32.25,32.26,32.08,32.11,5441.96,2022,6,16
2022-06-16 18:48:00+00:00,32.09,32.09,31.92,31.93,10899.67,2022,6,16
2022-06-16 18:49:00+00:00,31.93,31.94,31.85,31.89,2910.73,2022,6,16
2022-06-16 18:50:00+00:00,31.89,32.03,31.89,32.03,3710.64,2022,6,16
2022-06-16 18:51:00+00:00,32.04,32.07,31.95,31.96,4207.94,2022,6,16
2022-06-16 18:52:00+00:00,31.96,32.01,31.9,31.96,3124.19,2022,6,16
2022-06-16 18:53:00+00:00,31.96,31.96,31.9,31.92,905.4,2022,6,16
2022-06-16 18:54:00+00:00,31.91,31.97,31.9,31.97,2278.55,2022,6,16
2022-06-16 18:55:00+00:00,31.97,32.07,31.92,32.02,3482.04,2022,6,16
2022-06-16 18:56:00+00:00,32.02,32.17,32.02,32.11,4744.07,2022,6,16
2022-06-16 18:57:00+00:00,32.12,32.14,32.04,32.05,2778.01,2022,6,16
2022-06-16 18:58:00+00:00,32.05,32.1,32.03,32.03,1055.91,2022,6,16
2022-06-16 18:59:00+00:00,32.03,32.1,32.03,32.08,4997.08,2022,6,16
2022-06-16 19:00:00+00:00,32.06,32.14,32.0,32.08,6016.67,2022,6,16
2022-06-16 19:01:00+00:00,32.07,32.19,32.07,32.19,4101.99,2022,6,16
2022-06-16 19:02:00+00:00,32.18,32.28,32.16,32.27,4000.68,2022,6,16
2022-06-16 19:03:00+00:00,32.27,32.28,32.13,32.28,2910.91,2022,6,16
2022-06-16 19:04:00+00:00,32.28,32.44,32.28,32.29,10119.25,2022,6,16
2022-06-16 19:05:00+00:00,32.29,32.34,32.18,32.21,3622.49,2022,6,16
2022-06-16 19:06:00+00:00,32.21,32.27,32.14,32.26,4185.41,2022,6,16
2022-06-16 19:07:00+00:00,32.26,32.29,32.2,32.25,5908.26,2022,6,16
2022-06-16 19:08:00+00:00,32.24,32.25,32.17,32.24,4197.94,2022,6,16
2022-06-16 19:09:00+00:00,32.25,32.54,32.25,32.52,9386.38,2022,6,16
2022-06-16 19:10:00+00:00,32.51,32.53,32.31,32.34,5769.26,2022,6,16
2022-06-16 19:11:00+00:00,32.34,32.34,32.28,32.3,2374.83,2022,6,16
2022-06-16 19:12:00+00:00,32.3,32.33,32.04,32.1,11061.14,2022,6,16
2022-06-16 19:13:00+00:00,32.09,32.1,31.97,32.03,4869.45,2022,6,16
2022-06-16 19:14:00+00:00,32.02,32.14,32.0,32.04,4462.14,2022,6,16
2022-06-16 19:15:00+00:00,32.04,32.11,31.92,31.94,4029.24,2022,6,16
2022-06-16 19:16:00+00:00,31.93,31.99,31.92,31.95,1602.18,2022,6,16
2022-06-16 19:17:00+00:00,31.95,32.12,31.93,32.12,4017.8,2022,6,16
2022-06-16 19:18:00+00:00,32.09,32.12,32.05,32.1,2029.57,2022,6,16
2022-06-16 19:19:00+00:00,32.1,32.19,32.1,32.17,5226.34,2022,6,16
2022-06-16 19:20:00+00:00,32.18,32.29,32.15,32.24,2804.48,2022,6,16
2022-06-16 19:21:00+00:00,32.24,32.26,32.17,32.17,1223.31,2022,6,16
2022-06-16 19:22:00+00:00,32.17,32.26,32.14,32.15,3248.59,2022,6,16
2022-06-16 19:23:00+00:00,32.14,32.2,32.11,32.15,3715.27,2022,6,16
2022-06-16 19:24:00+00:00,32.15,32.21,32.11,32.13,4180.31,2022,6,16
2022-06-16 19:25:00+00:00,32.12,32.18,32.07,32.18,2204.02,2022,6,16
2022-06-16 19:26:00+00:00,32.18,32.25,32.18,32.21,2981.59,2022,6,16
2022-06-16 19:27:00+00:00,32.21,32.26,32.16,32.18,4183.99,2022,6,16
2022-06-16 19:28:00+00:00,32.18,32.23,32.18,32.19,2185.22,2022,6,16
2022-06-16 19:29:00+00:00,32.2,32.24,32.19,32.19,4680.61,2022,6,16
2022-06-16 19:30:00+00:00,32.2,32.32,32.13,32.21,5749.77,2022,6,16
2022-06-16 19:31:00+00:00,32.21,32.22,32.11,32.18,4535.58,2022,6,16
2022-06-16 19:32:00+00:00,32.17,32.18,31.99,32.05,3466.94,2022,6,16
2022-06-16 19:33:00+00:00,32.04,32.04,31.92,31.96,3892.65,2022,6,16
2022-06-16 19:34:00+00:00,31.95,31.95,31.65,31.65,5203.56,2022,6,16
2022-06-16 19:35:00+00:00,31.66,31.76,31.53,31.6,16153.5,2022,6,16
2022-06-16 19:36:00+00:00,31.6,31.6,30.44,30.65,97623.74,2022,6,16
2022-06-16 19:37:00+00:00,30.62,30.98,30.45,30.66,33165.5,2022,6,16
2022-06-16 19:38:00+00:00,30.66,30.93,30.65,30.91,8369.47,2022,6,16
2022-06-16 19:39:00+00:00,30.9,30.96,30.81,30.86,9720.4,2022,6,16
2022-06-16 19:40:00+00:00,30.87,31.09,30.87,31.09,10429.06,2022,6,16
2022-06-16 19:41:00+00:00,31.08,31.16,30.99,30.99,16858.92,2022,6,16
2022-06-16 19:42:00+00:00,30.99,31.17,30.94,31.09,14680.29,2022,6,16
2022-06-16 19:43:00+00:00,31.09,31.15,31.05,31.09,6642.79,2022,6,16
2022-06-16 19:44:00+00:00,31.09,31.09,30.93,30.97,10955.02,2022,6,16
2022-06-16 19:45:00+00:00,30.97,31.15,30.95,31.04,11843.36,2022,6,16
2022-06-16 19:46:00+00:00,31.02,31.04,30.87,30.89,8619.43,2022,6,16
2022-06-16 19:47:00+00:00,30.9,30.98,30.87,30.88,4598.27,2022,6,16
2022-06-16 19:48:00+00:00,30.88,30.97,30.73,30.74,8950.76,2022,6,16
2022-06-16 19:49:00+00:00,30.74,30.8,30.59,30.72,16202.35,2022,6,16
2022-06-16 19:50:00+00:00,30.73,30.9,30.7,30.88,7964.98,2022,6,16
2022-06-16 19:51:00+00:00,30.87,30.88,30.6,30.61,8076.04,2022,6,16
2022-06-16 19:52:00+00:00,30.62,30.85,30.62,30.78,8032.51,2022,6,16
2022-06-16 19:53:00+00:00,30.79,30.88,30.75,30.79,4879.1,2022,6,16
2022-06-16 19:54:00+00:00,30.78,30.87,30.73,30.87,5774.81,2022,6,16
2022-06-16 19:55:00+00:00,30.88,30.93,30.75,30.78,6379.52,2022,6,16
2022-06-16 19:56:00+00:00,30.77,30.86,30.75,30.82,3866.98,2022,6,16
2022-06-16 19:57:00+00:00,30.83,30.85,30.77,30.77,5383.45,2022,6,16
2022-06-16 19:58:00+00:00,30.76,30.81,30.72,30.75,6059.31,2022,6,16
2022-06-16 19:59:00+00:00,30.76,30.9,30.75,30.87,7827.28,2022,6,16
2022-06-16 20:00:00+00:00,30.87,31.06,30.74,31.06,16816.84,2022,6,16
2022-06-16 20:01:00+00:00,31.06,31.2,31.01,31.11,13133.78,2022,6,16
2022-06-16 20:02:00+00:00,31.1,31.31,31.06,31.25,7160.05,2022,6,16
2022-06-16 20:03:00+00:00,31.25,31.32,31.23,31.24,10544.47,2022,6,16
2022-06-16 20:04:00+00:00,31.23,31.41,31.23,31.34,6598.76,2022,6,16
2022-06-16 20:05:00+00:00,31.32,31.37,31.26,31.3,3209.76,2022,6,16
2022-06-16 20:06:00+00:00,31.29,31.32,31.23,31.28,2908.76,2022,6,16
2022-06-16 20:07:00+00:00,31.29,31.31,31.24,31.24,2930.24,2022,6,16
2022-06-16 20:08:00+00:00,31.24,31.32,31.21,31.3,6437.16,2022,6,16
2022-06-16 20:09:00+00:00,31.31,31.31,31.12,31.14,6801.84,2022,6,16
2022-06-16 20:10:00+00:00,31.13,31.23,31.12,31.22,3921.61,2022,6,16
2022-06-16 20:11:00+00:00,31.22,31.35,31.18,31.3,4395.86,2022,6,16
2022-06-16 20:12:00+00:00,31.3,31.34,31.25,31.26,3479.51,2022,6,16
2022-06-16 20:13:00+00:00,31.27,31.29,31.2,31.28,3602.92,2022,6,16
2022-06-16 20:14:00+00:00,31.29,31.37,31.29,31.35,3345.94,2022,6,16
2022-06-16 20:15:00+00:00,31.37,31.44,31.3,31.42,5952.86,2022,6,16
2022-06-16 20:16:00+00:00,31.42,31.43,31.38,31.43,3029.97,2022,6,16
2022-06-16 20:17:00+00:00,31.44,31.47,31.4,31.42,4682.19,2022,6,16
2022-06-16 20:18:00+00:00,31.42,31.42,31.33,31.38,5847.21,2022,6,16
2022-06-16 20:19:00+00:00,31.37,31.37,31.3,31.3,2593.18,2022,6,16
2022-06-16 20:20:00+00:00,31.3,31.35,31.2,31.21,4197.53,2022,6,16
2022-06-16 20:21:00+00:00,31.21,31.26,31.19,31.22,2718.21,2022,6,16
2022-06-16 20:22:00+00:00,31.23,31.33,31.23,31.28,2939.45,2022,6,16
2022-06-16 20:23:00+00:00,31.27,31.27,31.15,31.18,3301.61,2022,6,16
2022-06-16 20:24:00+00:00,31.18,31.27,31.16,31.24,3937.84,2022,6,16
2022-06-16 20:25:00+00:00,31.24,31.27,31.19,31.2,2307.34,2022,6,16
2022-06-16 20:26:00+00:00,31.2,31.37,31.2,31.37,4267.11,2022,6,16
2022-06-16 20:27:00+00:00,31.35,31.36,31.28,31.34,726.02,2022,6,16
2022-06-16 20:28:00+00:00,31.35,31.36,31.25,31.25,1850.22,2022,6,16
2022-06-16 20:29:00+00:00,31.25,31.32,31.22,31.29,3105.73,2022,6,16
2022-06-16 20:30:00+00:00,31.28,31.29,31.18,31.18,2362.78,2022,6,16
2022-06-16 20:31:00+00:00,31.19,31.2,31.11,31.13,3986.49,2022,6,16
2022-06-16 20:32:00+00:00,31.12,31.13,31.05,31.09,3142.03,2022,6,16
2022-06-16 20:33:00+00:00,31.09,31.11,31.02,31.06,3578.12,2022,6,16
2022-06-16 20:34:00+00:00,31.06,31.12,31.05,31.06,2810.31,2022,6,16
2022-06-16 20:35:00+00:00,31.06,31.13,31.0,31.0,4158.22,2022,6,16
2022-06-16 20:36:00+00:00,30.99,31.0,30.93,30.94,5195.37,2022,6,16
2022-06-16 20:37:00+00:00,30.94,30.97,30.77,30.78,5439.9,2022,6,16
2022-06-16 20:38:00+00:00,30.77,30.79,30.63,30.71,17677.31,2022,6,16
2022-06-16 20:39:00+00:00,30.71,31.03,30.7,30.86,11283.37,2022,6,16
2022-06-16 20:40:00+00:00,30.85,30.86,30.71,30.81,9932.75,2022,6,16
2022-06-16 20:41:00+00:00,30.81,30.94,30.78,30.88,6351.66,2022,6,16
2022-06-16 20:42:00+00:00,30.89,30.93,30.71,30.82,7771.52,2022,6,16
2022-06-16 20:43:00+00:00,30.83,30.88,30.76,30.8,2852.43,2022,6,16
2022-06-16 20:44:00+00:00,30.79,30.85,30.74,30.85,7909.39,2022,6,16
2022-06-16 20:45:00+00:00,30.86,30.9,30.74,30.78,4354.24,2022,6,16
2022-06-16 20:46:00+00:00,30.77,30.87,30.77,30.83,3013.09,2022,6,16
2022-06-16 20:47:00+00:00,30.82,31.09,30.82,31.06,5077.48,2022,6,16
2022-06-16 20:48:00+00:00,31.06,31.18,31.01,31.14,3753.43,2022,6,16
2022-06-16 20:49:00+00:00,31.13,31.14,31.07,31.07,2814.06,2022,6,16
2022-06-16 20:50:00+00:00,31.06,31.11,30.99,31.1,3558.37,2022,6,16
2022-06-16 20:51:00+00:00,31.11,31.19,31.05,31.17,5039.43,2022,6,16
2022-06-16 20:52:00+00:00,31.17,31.2,31.11,31.16,3139.89,2022,6,16
2022-06-16 20:53:00+00:00,31.16,31.18,31.1,31.13,2267.07,2022,6,16
2022-06-16 20:54:00+00:00,31.13,31.16,31.09,31.12,1965.83,2022,6,16
2022-06-16 20:55:00+00:00,31.12,31.18,31.09,31.14,4025.81,2022,6,16
2022-06-16 20:56:00+00:00,31.14,31.15,30.97,30.99,5262.58,2022,6,16
2022-06-16 20:57:00+00:00,30.98,31.07,30.98,31.02,2307.15,2022,6,16
2022-06-16 20:58:00+00:00,31.03,31.13,31.03,31.07,2463.25,2022,6,16
2022-06-16 20:59:00+00:00,31.08,31.14,31.06,31.1,3635.01,2022,6,16
2022-06-16 21:00:00+00:00,31.09,31.11,31.03,31.04,1169.73,2022,6,16
2022-06-16 21:01:00+00:00,31.04,31.08,31.03,31.06,1069.83,2022,6,16
2022-06-16 21:02:00+00:00,31.06,31.14,31.06,31.11,3598.93,2022,6,16
2022-06-16 21:03:00+00:00,31.12,31.2,31.09,31.18,4135.07,2022,6,16
2022-06-16 21:04:00+00:00,31.18,31.31,31.18,31.27,7141.82,2022,6,16
2022-06-16 21:05:00+00:00,31.26,31.28,31.23,31.27,698.0,2022,6,16
2022-06-16 21:06:00+00:00,31.26,31.28,31.14,31.18,8555.99,2022,6,16
2022-06-16 21:07:00+00:00,31.18,31.24,31.18,31.21,1035.12,2022,6,16
2022-06-16 21:08:00+00:00,31.22,31.25,31.19,31.21,1823.02,2022,6,16
2022-06-16 21:09:00+00:00,31.21,31.23,31.11,31.11,6232.3,2022,6,16
2022-06-16 21:10:00+00:00,31.11,31.19,31.11,31.12,1770.65,2022,6,16
2022-06-16 21:11:00+00:00,31.12,31.18,31.11,31.13,2052.71,2022,6,16
2022-06-16 21:12:00+00:00,31.14,31.2,31.06,31.13,1659.29,2022,6,16
2022-06-16 21:13:00+00:00,31.13,31.14,31.1,31.14,1771.7,2022,6,16
2022-06-16 21:14:00+00:00,31.15,31.18,31.15,31.17,1279.72,2022,6,16
2022-06-16 21:15:00+00:00,31.17,31.23,31.16,31.23,1400.18,2022,6,16
2022-06-16 21:16:00+00:00,31.23,31.27,31.2,31.26,4600.96,2022,6,16
2022-06-16 21:17:00+00:00,31.27,31.29,31.23,31.28,2471.58,2022,6,16
2022-06-16 21:18:00+00:00,31.28,31.32,31.25,31.26,2878.11,2022,6,16
2022-06-16 21:19:00+00:00,31.26,31.3,31.26,31.27,533.85,2022,6,16
2022-06-16 21:20:00+00:00,31.28,31.3,31.26,31.28,2031.43,2022,6,16
2022-06-16 21:21:00+00:00,31.29,31.32,31.29,31.29,766.45,2022,6,16
2022-06-16 21:22:00+00:00,31.29,31.46,31.29,31.4,6300.46,2022,6,16
2022-06-16 21:23:00+00:00,31.42,31.5,31.41,31.48,4943.68,2022,6,16
2022-06-16 21:24:00+00:00,31.48,31.53,31.45,31.49,4394.53,2022,6,16
2022-06-16 21:25:00+00:00,31.48,31.52,31.46,31.48,2928.02,2022,6,16
2022-06-16 21:26:00+00:00,31.49,31.5,31.47,31.48,865.25,2022,6,16
2022-06-16 21:27:00+00:00,31.47,31.47,31.42,31.43,2475.56,2022,6,16
2022-06-16 21:28:00+00:00,31.44,31.47,31.43,31.45,1548.48,2022,6,16
2022-06-16 21:29:00+00:00,31.44,31.46,31.43,31.44,415.65,2022,6,16
2022-06-16 21:30:00+00:00,31.44,31.44,31.42,31.42,267.98,2022,6,16
2022-06-16 21:31:00+00:00,31.42,31.43,31.42,31.42,299.56,2022,6,16
2022-06-16 21:32:00+00:00,31.42,31.47,31.42,31.46,1399.92,2022,6,16
2022-06-16 21:33:00+00:00,31.47,31.56,31.47,31.56,1044.14,2022,6,16
2022-06-16 21:34:00+00:00,31.56,31.57,31.52,31.54,1571.47,2022,6,16
2022-06-16 21:35:00+00:00,31.53,31.54,31.52,31.52,277.5,2022,6,16
2022-06-16 21:36:00+00:00,31.53,31.54,31.45,31.45,1381.8,2022,6,16
2022-06-16 21:37:00+00:00,31.46,31.47,31.41,31.41,1449.16,2022,6,16
2022-06-16 21:38:00+00:00,31.42,31.42,31.39,31.4,859.22,2022,6,16
2022-06-16 21:39:00+00:00,31.4,31.41,31.37,31.37,1405.92,2022,6,16
2022-06-16 21:40:00+00:00,31.37,31.37,31.3,31.3,801.04,2022,6,16
2022-06-16 21:41:00+00:00,31.3,31.3,31.22,31.23,1354.82,2022,6,16
2022-06-16 21:42:00+00:00,31.23,31.36,31.21,31.36,2019.53,2022,6,16
2022-06-16 21:43:00+00:00,31.37,31.39,31.32,31.36,1254.39,2022,6,16
2022-06-16 21:44:00+00:00,31.35,31.35,31.31,31.31,404.28,2022,6,16
2022-06-16 21:45:00+00:00,31.3,31.48,31.28,31.47,6165.01,2022,6,16
2022-06-16 21:46:00+00:00,31.46,31.46,31.4,31.4,616.1,2022,6,16
2022-06-16 21:47:00+00:00,31.41,31.42,31.4,31.41,635.14,2022,6,16
2022-06-16 21:48:00+00:00,31.42,31.47,31.41,31.45,565.75,2022,6,16
2022-06-16 21:49:00+00:00,31.45,31.47,31.26,31.27,1765.2,2022,6,16
2022-06-16 21:50:00+00:00,31.27,31.27,31.09,31.11,2898.75,2022,6,16
2022-06-16 21:51:00+00:00,31.11,31.17,31.05,31.14,7751.72,2022,6,16
2022-06-16 21:52:00+00:00,31.13,31.18,31.08,31.18,1511.42,2022,6,16
2022-06-16 21:53:00+00:00,31.18,31.22,31.17,31.2,2309.28,2022,6,16
2022-06-16 21:54:00+00:00,31.2,31.23,31.17,31.17,2234.22,2022,6,16
2022-06-16 21:55:00+00:00,31.16,31.16,31.12,31.12,449.31,2022,6,16
2022-06-16 21:56:00+00:00,31.12,31.15,31.07,31.08,1913.37,2022,6,16
2022-06-16 21:57:00+00:00,31.07,31.08,31.02,31.02,1284.29,2022,6,16
2022-06-16 21:58:00+00:00,31.02,31.07,31.01,31.01,3907.96,2022,6,16
2022-06-16 21:59:00+00:00,31.01,31.1,30.99,31.09,2971.67,2022,6,16
2022-06-16 22:00:00+00:00,31.1,31.14,31.04,31.05,2692.57,2022,6,16
2022-06-16 22:01:00+00:00,31.04,31.08,31.01,31.08,2772.39,2022,6,16
2022-06-16 22:02:00+00:00,31.08,31.13,31.07,31.09,1770.86,2022,6,16
2022-06-16 22:03:00+00:00,31.1,31.11,30.99,31.0,2449.23,2022,6,16
2022-06-16 22:04:00+00:00,31.01,31.01,30.9,30.95,2522.22,2022,6,16
2022-06-16 22:05:00+00:00,30.94,30.94,30.9,30.92,3717.97,2022,6,16
2022-06-16 22:06:00+00:00,30.93,30.95,30.87,30.9,3056.98,2022,6,16
2022-06-16 22:07:00+00:00,30.89,30.92,30.85,30.92,2610.38,2022,6,16
2022-06-16 22:08:00+00:00,30.93,30.93,30.85,30.85,2975.46,2022,6,16
2022-06-16 22:09:00+00:00,30.86,30.9,30.81,30.83,4399.82,2022,6,16
2022-06-16 22:10:00+00:00,30.84,30.85,30.81,30.82,1993.14,2022,6,16
2022-06-16 22:11:00+00:00,30.82,30.92,30.82,30.84,4604.34,2022,6,16
2022-06-16 22:12:00+00:00,30.85,30.91,30.84,30.9,3094.95,2022,6,16
2022-06-16 22:13:00+00:00,30.89,30.96,30.89,30.9,1961.84,2022,6,16
2022-06-16 22:14:00+00:00,30.9,30.91,30.84,30.86,2655.09,2022,6,16
2022-06-16 22:15:00+00:00,30.86,30.95,30.86,30.93,4014.41,2022,6,16
2022-06-16 22:16:00+00:00,30.93,30.99,30.93,30.95,2446.83,2022,6,16
2022-06-16 22:17:00+00:00,30.95,31.04,30.95,31.02,2835.4,2022,6,16
2022-06-16 22:18:00+00:00,31.01,31.17,31.01,31.11,4577.8,2022,6,16
2022-06-16 22:19:00+00:00,31.12,31.2,31.08,31.09,2959.11,2022,6,16
2022-06-16 22:20:00+00:00,31.09,31.11,31.01,31.07,4468.27,2022,6,16
2022-06-16 22:21:00+00:00,31.07,31.17,31.07,31.13,1744.89,2022,6,16
2022-06-16 22:22:00+00:00,31.14,31.14,31.06,31.06,1314.34,2022,6,16
2022-06-16 22:23:00+00:00,31.05,31.06,31.0,31.02,687.39,2022,6,16
2022-06-16 22:24:00+00:00,31.01,31.05,30.93,30.97,6207.72,2022,6,16
2022-06-16 22:25:00+00:00,30.97,30.98,30.92,30.93,2604.33,2022,6,16
2022-06-16 22:26:00+00:00,30.93,30.93,30.86,30.91,5196.02,2022,6,16
2022-06-16 22:27:00+00:00,30.91,30.92,30.84,30.89,3959.32,2022,6,16
2022-06-16 22:28:00+00:00,30.89,30.89,30.72,30.72,3831.19,2022,6,16
2022-06-16 22:29:00+00:00,30.72,30.78,30.72,30.75,2573.23,2022,6,16
2022-06-16 22:30:00+00:00,30.76,30.77,30.51,30.54,7766.82,2022,6,16
2022-06-16 22:31:00+00:00,30.54,30.65,30.54,30.62,2354.6,2022,6,16
2022-06-16 22:32:00+00:00,30.62,30.77,30.62,30.77,5936.55,2022,6,16
2022-06-16 22:33:00+00:00,30.77,30.84,30.7,30.83,2566.24,2022,6,16
2022-06-16 22:34:00+00:00,30.81,30.84,30.79,30.82,1461.26,2022,6,16
2022-06-16 22:35:00+00:00,30.82,30.87,30.79,30.87,5045.86,2022,6,16
2022-06-16 22:36:00+00:00,30.87,30.89,30.86,30.89,557.73,2022,6,16
2022-06-16 22:37:00+00:00,30.89,30.9,30.84,30.88,1107.15,2022,6,16
2022-06-16 22:38:00+00:00,30.87,30.9,30.85,30.87,1215.39,2022,6,16
2022-06-16 22:39:00+00:00,30.87,30.88,30.84,30.87,2682.14,2022,6,16
2022-06-16 22:40:00+00:00,30.86,30.87,30.83,30.84,2074.51,2022,6,16
2022-06-16 22:41:00+00:00,30.84,30.84,30.69,30.73,3150.08,2022,6,16
2022-06-16 22:42:00+00:00,30.73,30.73,30.6,30.64,4524.59,2022,6,16
2022-06-16 22:43:00+00:00,30.63,30.63,30.54,30.57,3867.58,2022,6,16
2022-06-16 22:44:00+00:00,30.57,30.58,30.54,30.54,2666.06,2022,6,16
2022-06-16 22:45:00+00:00,30.54,30.68,30.51,30.62,4203.67,2022,6,16
2022-06-16 22:46:00+00:00,30.61,30.68,30.61,30.67,2574.42,2022,6,16
2022-06-16 22:47:00+00:00,30.67,30.68,30.41,30.42,18403.14,2022,6,16
2022-06-16 22:48:00+00:00,30.42,30.53,30.38,30.49,5694.28,2022,6,16
2022-06-16 22:49:00+00:00,30.49,30.56,30.47,30.48,2067.12,2022,6,16
2022-06-16 22:50:00+00:00,30.5,30.5,30.38,30.42,4791.57,2022,6,16
2022-06-16 22:51:00+00:00,30.43,30.43,30.31,30.36,13390.42,2022,6,16
2022-06-16 22:52:00+00:00,30.37,30.42,30.33,30.36,4289.1,2022,6,16
2022-06-16 22:53:00+00:00,30.36,30.41,30.33,30.4,5590.75,2022,6,16
2022-06-16 22:54:00+00:00,30.41,30.43,30.35,30.37,7104.5,2022,6,16
2022-06-16 22:55:00+00:00,30.36,30.46,30.27,30.35,12345.41,2022,6,16
2022-06-16 22:56:00+00:00,30.35,30.42,30.3,30.33,7154.05,2022,6,16
2022-06-16 22:57:00+00:00,30.34,30.44,30.34,30.38,6515.08,2022,6,16
2022-06-16 22:58:00+00:00,30.37,30.39,30.26,30.29,2561.59,2022,6,16
2022-06-16 22:59:00+00:00,30.28,30.34,30.24,30.27,7040.18,2022,6,16
2022-06-16 23:00:00+00:00,30.28,30.42,30.26,30.42,3277.6,2022,6,16
2022-06-16 23:01:00+00:00,30.42,30.42,30.36,30.41,1633.51,2022,6,16
2022-06-16 23:02:00+00:00,30.41,30.42,30.35,30.38,3330.49,2022,6,16
2022-06-16 23:03:00+00:00,30.37,30.38,30.17,30.19,7017.03,2022,6,16
2022-06-16 23:04:00+00:00,30.21,30.21,30.13,30.2,9161.32,2022,6,16
2022-06-16 23:05:00+00:00,30.21,30.3,30.2,30.28,3337.8,2022,6,16
2022-06-16 23:06:00+00:00,30.27,30.27,30.12,30.14,3273.6,2022,6,16
2022-06-16 23:07:00+00:00,30.14,30.16,29.78,29.92,117726.36,2022,6,16
2022-06-16 23:08:00+00:00,29.92,30.01,29.91,29.99,10875.83,2022,6,16
2022-06-16 23:09:00+00:00,29.98,30.03,29.94,30.02,3760.12,2022,6,16
2022-06-16 23:10:00+00:00,30.02,30.09,29.96,29.96,4226.95,2022,6,16
2022-06-16 23:11:00+00:00,29.95,29.99,29.89,29.91,5091.86,2022,6,16
2022-06-16 23:12:00+00:00,29.91,29.93,29.84,29.86,4661.68,2022,6,16
2022-06-16 23:13:00+00:00,29.86,29.89,29.75,29.82,7593.77,2022,6,16
2022-06-16 23:14:00+00:00,29.83,29.86,29.7,29.79,19319.57,2022,6,16
2022-06-16 23:15:00+00:00,29.78,29.8,29.68,29.7,3939.8,2022,6,16
2022-06-16 23:16:00+00:00,29.69,29.94,29.68,29.92,7448.08,2022,6,16
2022-06-16 23:17:00+00:00,29.93,29.95,29.76,29.77,3225.03,2022,6,16
2022-06-16 23:18:00+00:00,29.77,29.79,29.68,29.71,7245.19,2022,6,16
2022-06-16 23:19:00+00:00,29.7,29.73,29.56,29.56,19749.96,2022,6,16
2022-06-16 23:20:00+00:00,29.57,29.73,29.52,29.73,13251.45,2022,6,16
2022-06-16 23:21:00+00:00,29.73,29.79,29.71,29.72,3385.61,2022,6,16
2022-06-16 23:22:00+00:00,29.71,29.77,29.68,29.76,3126.53,2022,6,16
2022-06-16 23:23:00+00:00,29.75,29.76,29.67,29.68,2827.04,2022,6,16
2022-06-16 23:24:00+00:00,29.67,29.78,29.66,29.73,3722.69,2022,6,16
2022-06-16 23:25:00+00:00,29.74,29.88,29.74,29.86,5179.93,2022,6,16
2022-06-16 23:26:00+00:00,29.86,29.86,29.74,29.78,2445.03,2022,6,16
2022-06-16 23:27:00+00:00,29.79,29.85,29.76,29.83,1841.5,2022,6,16
2022-06-16 23:28:00+00:00,29.83,29.87,29.81,29.85,3311.57,2022,6,16
2022-06-16 23:29:00+00:00,29.86,30.14,29.86,30.12,7859.18,2022,6,16
2022-06-16 23:30:00+00:00,30.13,30.16,29.88,29.93,12126.6,2022,6,16
2022-06-16 23:31:00+00:00,29.93,30.18,29.91,30.16,8258.11,2022,6,16
2022-06-16 23:32:00+00:00,30.18,30.35,30.14,30.27,12207.62,2022,6,16
2022-06-16 23:33:00+00:00,30.26,30.28,30.12,30.15,4298.64,2022,6,16
2022-06-16 23:34:00+00:00,30.15,30.15,29.95,29.98,12621.66,2022,6,16
2022-06-16 23:35:00+00:00,29.98,30.07,29.88,29.92,2935.77,2022,6,16
2022-06-16 23:36:00+00:00,29.92,30.02,29.9,30.01,2950.45,2022,6,16
2022-06-16 23:37:00+00:00,30.0,30.03,29.92,30.02,4898.19,2022,6,16
2022-06-16 23:38:00+00:00,30.02,30.02,29.77,29.84,4763.34,2022,6,16
2022-06-16 23:39:00+00:00,29.83,29.84,29.75,29.77,4375.18,2022,6,16
2022-06-16 23:40:00+00:00,29.77,29.87,29.71,29.71,5431.69,2022,6,16
2022-06-16 23:41:00+00:00,29.72,29.79,29.7,29.75,2304.28,2022,6,16
2022-06-16 23:42:00+00:00,29.76,29.88,29.74,29.84,3839.44,2022,6,16
2022-06-16 23:43:00+00:00,29.83,29.87,29.77,29.83,3857.37,2022,6,16
2022-06-16 23:44:00+00:00,29.84,29.84,29.71,29.73,12448.21,2022,6,16
2022-06-16 23:45:00+00:00,29.73,29.95,29.59,29.92,8531.76,2022,6,16
2022-06-16 23:46:00+00:00,29.93,29.93,29.77,29.86,6060.7,2022,6,16
2022-06-16 23:47:00+00:00,29.86,29.9,29.76,29.81,3078.25,2022,6,16
2022-06-16 23:48:00+00:00,29.81,29.93,29.81,29.93,2966.4,2022,6,16
2022-06-16 23:49:00+00:00,29.94,30.02,29.92,30.02,1805.98,2022,6,16
2022-06-16 23:50:00+00:00,30.02,30.04,29.91,29.93,2621.25,2022,6,16
2022-06-16 23:51:00+00:00,29.92,29.94,29.83,29.86,1433.24,2022,6,16
2022-06-16 23:52:00+00:00,29.86,29.96,29.86,29.93,1174.39,2022,6,16
2022-06-16 23:53:00+00:00,29.93,29.97,29.91,29.96,3273.78,2022,6,16
2022-06-16 23:54:00+00:00,29.96,30.11,29.96,30.11,6371.02,2022,6,16
2022-06-16 23:55:00+00:00,30.11,30.15,30.03,30.04,3946.15,2022,6,16
2022-06-16 23:56:00+00:00,30.03,30.09,29.98,29.99,6356.62,2022,6,16
2022-06-16 23:57:00+00:00,29.99,30.09,29.99,30.09,2952.36,2022,6,16
2022-06-16 23:58:00+00:00,30.09,30.09,29.97,30.02,3313.96,2022,6,16
2022-06-16 23:59:00+00:00,30.02,30.13,30.02,30.12,2310.77,2022,6,16
2022-06-17 00:00:00+00:00,30.12,30.23,30.02,30.02,21418.74,2022,6,17
2022-06-17 00:01:00+00:00,30.02,30.02,29.88,29.97,5733.75,2022,6,17
2022-06-17 00:02:00+00:00,29.97,29.97,29.74,29.75,7040.66,2022,6,17
2022-06-17 00:03:00+00:00,29.74,29.86,29.74,29.83,7452.29,2022,6,17
2022-06-17 00:04:00+00:00,29.85,30.05,29.84,30.01,9947.95,2022,6,17
2022-06-17 00:05:00+00:00,30.0,30.17,29.98,30.16,5917.61,2022,6,17
2022-06-17 00:06:00+00:00,30.16,30.38,30.16,30.37,7943.9,2022,6,17
2022-06-17 00:07:00+00:00,30.37,30.41,30.26,30.34,5660.87,2022,6,17
2022-06-17 00:08:00+00:00,30.35,30.44,30.32,30.32,5362.08,2022,6,17
2022-06-17 00:09:00+00:00,30.32,30.47,30.32,30.45,7550.78,2022,6,17
2022-06-17 00:10:00+00:00,30.44,30.46,30.38,30.38,3923.48,2022,6,17
2022-06-17 00:11:00+00:00,30.38,30.42,30.27,30.31,4244.6,2022,6,17
2022-06-17 00:12:00+00:00,30.31,30.34,30.27,30.28,3730.51,2022,6,17
2022-06-17 00:13:00+00:00,30.28,30.4,30.26,30.39,6176.3,2022,6,17
2022-06-17 00:14:00+00:00,30.4,30.53,30.28,30.32,9199.7,2022,6,17
2022-06-17 00:15:00+00:00,30.32,30.46,30.24,30.45,9784.05,2022,6,17
2022-06-17 00:16:00+00:00,30.46,30.58,30.42,30.57,13107.85,2022,6,17
2022-06-17 00:17:00+00:00,30.57,30.8,30.55,30.73,12691.97,2022,6,17
2022-06-17 00:18:00+00:00,30.72,30.74,30.62,30.7,5270.35,2022,6,17
2022-06-17 00:19:00+00:00,30.7,30.71,30.57,30.62,3643.54,2022,6,17
2022-06-17 00:20:00+00:00,30.62,30.62,30.51,30.56,3265.57,2022,6,17
2022-06-17 00:21:00+00:00,30.55,30.78,30.54,30.73,7771.63,2022,6,17
2022-06-17 00:22:00+00:00,30.73,30.76,30.59,30.61,11701.49,2022,6,17
2022-06-17 00:23:00+00:00,30.61,30.63,30.52,30.59,6419.07,2022,6,17
2022-06-17 00:24:00+00:00,30.58,30.61,30.53,30.53,4143.45,2022,6,17
2022-06-17 00:25:00+00:00,30.53,30.56,30.43,30.46,3496.56,2022,6,17
2022-06-17 00:26:00+00:00,30.47,30.53,30.43,30.45,2620.81,2022,6,17
2022-06-17 00:27:00+00:00,30.45,30.48,30.4,30.42,2888.96,2022,6,17
2022-06-17 00:28:00+00:00,30.42,30.44,30.38,30.4,2284.1,2022,6,17
2022-06-17 00:29:00+00:00,30.39,30.43,30.33,30.34,8599.44,2022,6,17
2022-06-17 00:30:00+00:00,30.34,30.34,30.04,30.1,17082.18,2022,6,17
2022-06-17 00:31:00+00:00,30.09,30.09,29.75,29.78,12618.17,2022,6,17
2022-06-17 00:32:00+00:00,29.78,29.96,29.78,29.91,11245.92,2022,6,17
2022-06-17 00:33:00+00:00,29.91,29.91,29.79,29.81,4291.09,2022,6,17
2022-06-17 00:34:00+00:00,29.82,29.83,29.62,29.75,5510.05,2022,6,17
2022-06-17 00:35:00+00:00,29.75,29.76,29.39,29.48,69239.25,2022,6,17
2022-06-17 00:36:00+00:00,29.47,29.57,29.43,29.48,8311.87,2022,6,17
2022-06-17 00:37:00+00:00,29.49,29.49,29.26,29.29,9794.14,2022,6,17
2022-06-17 00:38:00+00:00,29.29,29.38,29.26,29.27,8735.5,2022,6,17
2022-06-17 00:39:00+00:00,29.27,29.4,29.27,29.38,4743.3,2022,6,17
2022-06-17 00:40:00+00:00,29.38,29.4,29.27,29.3,6996.02,2022,6,17
2022-06-17 00:41:00+00:00,29.29,29.5,29.29,29.5,4777.97,2022,6,17
2022-06-17 00:42:00+00:00,29.49,29.55,29.44,29.45,3987.58,2022,6,17
2022-06-17 00:43:00+00:00,29.45,29.48,29.31,29.4,3618.17,2022,6,17
2022-06-17 00:44:00+00:00,29.4,29.55,29.38,29.48,3072.45,2022,6,17
2022-06-17 00:45:00+00:00,29.49,29.66,29.49,29.57,16492.3,2022,6,17
2022-06-17 00:46:00+00:00,29.56,29.63,29.48,29.52,3890.19,2022,6,17
2022-06-17 00:47:00+00:00,29.52,29.52,29.43,29.48,3189.2,2022,6,17
2022-06-17 00:48:00+00:00,29.47,29.67,29.47,29.61,6050.84,2022,6,17
2022-06-17 00:49:00+00:00,29.61,29.63,29.57,29.57,5357.63,2022,6,17
2022-06-17 00:50:00+00:00,29.57,29.7,29.52,29.68,4752.54,2022,6,17
2022-06-17 00:51:00+00:00,29.69,29.75,29.69,29.72,1996.44,2022,6,17
2022-06-17 00:52:00+00:00,29.7,29.7,29.63,29.63,3471.92,2022,6,17
2022-06-17 00:53:00+00:00,29.64,29.72,29.64,29.71,2048.61,2022,6,17
2022-06-17 00:54:00+00:00,29.71,29.72,29.68,29.7,703.77,2022,6,17
2022-06-17 00:55:00+00:00,29.7,29.75,29.59,29.61,4956.94,2022,6,17
2022-06-17 00:56:00+00:00,29.61,29.7,29.61,29.69,2536.8,2022,6,17
2022-06-17 00:57:00+00:00,29.71,29.8,29.71,29.79,4273.16,2022,6,17
2022-06-17 00:58:00+00:00,29.79,29.84,29.78,29.81,2196.1,2022,6,17
2022-06-17 00:59:00+00:00,29.82,29.82,29.71,29.78,3009.44,2022,6,17
2022-06-17 01:00:00+00:00,29.77,29.87,29.72,29.85,13752.32,2022,6,17
2022-06-17 01:01:00+00:00,29.85,29.88,29.77,29.85,4883.63,2022,6,17
2022-06-17 01:02:00+00:00,29.85,29.97,29.81,29.9,5286.05,2022,6,17
2022-06-17 01:03:00+00:00,29.9,29.97,29.85,29.86,3027.41,2022,6,17
2022-06-17 01:04:00+00:00,29.85,29.87,29.78,29.82,5453.46,2022,6,17
2022-06-17 01:05:00+00:00,29.82,29.85,29.81,29.83,2615.58,2022,6,17
2022-06-17 01:06:00+00:00,29.83,30.08,29.83,30.05,7163.63,2022,6,17
2022-06-17 01:07:00+00:00,30.05,30.13,30.04,30.06,6208.82,2022,6,17
2022-06-17 01:08:00+00:00,30.06,30.17,30.06,30.12,7963.55,2022,6,17
2022-06-17 01:09:00+00:00,30.13,30.14,30.09,30.12,1844.42,2022,6,17
2022-06-17 01:10:00+00:00,30.13,30.19,30.01,30.02,5568.98,2022,6,17
2022-06-17 01:11:00+00:00,30.03,30.06,29.96,30.04,8310.29,2022,6,17
2022-06-17 01:12:00+00:00,30.05,30.16,29.99,30.13,4803.23,2022,6,17
2022-06-17 01:13:00+00:00,30.12,30.14,30.05,30.09,4929.48,2022,6,17
2022-06-17 01:14:00+00:00,30.09,30.19,30.08,30.15,3786.63,2022,6,17
2022-06-17 01:15:00+00:00,30.16,30.19,30.05,30.1,5207.94,2022,6,17
2022-06-17 01:16:00+00:00,30.11,30.11,29.99,30.02,5098.91,2022,6,17
2022-06-17 01:17:00+00:00,30.02,30.07,30.0,30.02,3446.3,2022,6,17
2022-06-17 01:18:00+00:00,30.02,30.09,30.01,30.07,3310.92,2022,6,17
2022-06-17 01:19:00+00:00,30.09,30.1,30.03,30.09,3062.3,2022,6,17
2022-06-17 01:20:00+00:00,30.09,30.12,29.92,29.93,7998.61,2022,6,17
2022-06-17 01:21:00+00:00,29.94,30.01,29.83,29.88,5688.56,2022,6,17
2022-06-17 01:22:00+00:00,29.88,29.89,29.8,29.8,2252.29,2022,6,17
2022-06-17 01:23:00+00:00,29.8,29.9,29.8,29.86,1986.9,2022,6,17
2022-06-17 01:24:00+00:00,29.87,29.97,29.87,29.96,1922.02,2022,6,17
2022-06-17 01:25:00+00:00,29.97,30.04,29.9,29.97,4344.48,2022,6,17
2022-06-17 01:26:00+00:00,29.96,29.97,29.9,29.9,2636.07,2022,6,17
2022-06-17 01:27:00+00:00,29.91,29.96,29.9,29.92,1878.37,2022,6,17
2022-06-17 01:28:00+00:00,29.91,29.96,29.91,29.93,1349.59,2022,6,17
2022-06-17 01:29:00+00:00,29.93,29.94,29.9,29.92,2379.29,2022,6,17
2022-06-17 01:30:00+00:00,29.92,30.08,29.86,30.04,10531.41,2022,6,17
2022-06-17 01:31:00+00:00,30.04,30.11,29.83,29.83,4544.54,2022,6,17
2022-06-17 01:32:00+00:00,29.85,29.89,29.74,29.83,15690.01,2022,6,17
2022-06-17 01:33:00+00:00,29.84,29.84,29.75,29.82,15893.38,2022,6,17
2022-06-17 01:34:00+00:00,29.81,29.85,29.76,29.84,12091.17,2022,6,17
2022-06-17 01:35:00+00:00,29.86,30.12,29.86,30.11,2388.31,2022,6,17
2022-06-17 01:36:00+00:00,30.12,30.45,30.1,30.37,25930.45,2022,6,17
2022-06-17 01:37:00+00:00,30.36,30.37,30.17,30.32,7669.02,2022,6,17
2022-06-17 01:38:00+00:00,30.32,30.38,30.2,30.29,26116.59,2022,6,17
2022-06-17 01:39:00+00:00,30.29,30.45,30.27,30.41,5724.32,2022,6,17
2022-06-17 01:40:00+00:00,30.41,30.44,30.34,30.36,8082.09,2022,6,17
2022-06-17 01:41:00+00:00,30.36,30.5,30.32,30.5,5842.16,2022,6,17
2022-06-17 01:42:00+00:00,30.49,30.71,30.46,30.63,14764.02,2022,6,17
2022-06-17 01:43:00+00:00,30.64,30.73,30.62,30.72,11603.7,2022,6,17
2022-06-17 01:44:00+00:00,30.73,30.73,30.61,30.73,5344.48,2022,6,17
2022-06-17 01:45:00+00:00,30.73,30.94,30.71,30.87,15774.39,2022,6,17
2022-06-17 01:46:00+00:00,30.87,30.88,30.75,30.8,5856.08,2022,6,17
2022-06-17 01:47:00+00:00,30.82,30.86,30.7,30.7,4431.18,2022,6,17
2022-06-17 01:48:00+00:00,30.7,30.75,30.62,30.69,3801.21,2022,6,17
2022-06-17 01:49:00+00:00,30.69,30.69,30.52,30.58,7329.1,2022,6,17
2022-06-17 01:50:00+00:00,30.58,30.61,30.49,30.55,4330.03,2022,6,17
2022-06-17 01:51:00+00:00,30.55,30.55,30.44,30.49,8434.37,2022,6,17
2022-06-17 01:52:00+00:00,30.5,30.59,30.49,30.57,2979.32,2022,6,17
2022-06-17 01:53:00+00:00,30.56,30.75,30.56,30.72,6709.48,2022,6,17
2022-06-17 01:54:00+00:00,30.7,30.78,30.65,30.75,6239.04,2022,6,17
2022-06-17 01:55:00+00:00,30.76,31.14,30.76,31.11,18378.09,2022,6,17
2022-06-17 01:56:00+00:00,31.12,31.12,30.91,31.03,8037.61,2022,6,17
2022-06-17 01:57:00+00:00,31.02,31.02,30.95,30.98,4141.13,2022,6,17
2022-06-17 01:58:00+00:00,30.97,31.03,30.94,30.98,3534.78,2022,6,17
2022-06-17 01:59:00+00:00,30.98,31.05,30.96,30.98,3794.96,2022,6,17
2022-06-17 02:00:00+00:00,30.97,31.1,30.96,31.1,3677.09,2022,6,17
2022-06-17 02:01:00+00:00,31.08,31.34,31.02,31.18,14499.89,2022,6,17
2022-06-17 02:02:00+00:00,31.17,31.17,31.03,31.05,5172.83,2022,6,17
2022-06-17 02:03:00+00:00,31.05,31.05,30.94,30.96,3872.14,2022,6,17
2022-06-17 02:04:00+00:00,30.96,31.13,30.9,31.03,8550.82,2022,6,17
2022-06-17 02:05:00+00:00,31.02,31.02,30.92,30.97,2350.43,2022,6,17
2022-06-17 02:06:00+00:00,30.95,30.98,30.89,30.9,3367.02,2022,6,17
2022-06-17 02:07:00+00:00,30.92,30.93,30.81,30.84,3763.75,2022,6,17
2022-06-17 02:08:00+00:00,30.84,30.92,30.82,30.88,2505.51,2022,6,17
2022-06-17 02:09:00+00:00,30.87,30.88,30.81,30.83,1528.54,2022,6,17
2022-06-17 02:10:00+00:00,30.82,30.9,30.8,30.89,2938.87,2022,6,17
2022-06-17 02:11:00+00:00,30.88,30.88,30.78,30.79,1472.67,2022,6,17
2022-06-17 02:12:00+00:00,30.78,30.83,30.7,30.83,5175.3,2022,6,17
2022-06-17 02:13:00+00:00,30.84,30.94,30.84,30.88,11520.33,2022,6,17
2022-06-17 02:14:00+00:00,30.89,30.95,30.88,30.91,1833.29,2022,6,17
2022-06-17 02:15:00+00:00,30.92,30.95,30.75,30.76,5500.26,2022,6,17
2022-06-17 02:16:00+00:00,30.76,30.79,30.68,30.7,3346.96,2022,6,17
2022-06-17 02:17:00+00:00,30.7,30.75,30.63,30.64,2611.84,2022,6,17
2022-06-17 02:18:00+00:00,30.65,30.68,30.57,30.62,7068.76,2022,6,17
2022-06-17 02:19:00+00:00,30.61,30.73,30.59,30.7,2020.08,2022,6,17
2022-06-17 02:20:00+00:00,30.7,30.77,30.59,30.59,2483.43,2022,6,17
2022-06-17 02:21:00+00:00,30.6,30.68,30.59,30.65,1784.17,2022,6,17
2022-06-17 02:22:00+00:00,30.65,30.71,30.6,30.61,1809.99,2022,6,17
2022-06-17 02:23:00+00:00,30.62,30.67,30.59,30.63,1733.02,2022,6,17
2022-06-17 02:24:00+00:00,30.63,30.67,30.59,30.6,1785.19,2022,6,17
2022-06-17 02:25:00+00:00,30.61,30.65,30.6,30.64,652.77,2022,6,17
2022-06-17 02:26:00+00:00,30.65,30.67,30.62,30.62,2893.37,2022,6,17
2022-06-17 02:27:00+00:00,30.61,30.64,30.61,30.62,1715.78,2022,6,17
2022-06-17 02:28:00+00:00,30.62,30.64,30.59,30.6,1639.74,2022,6,17
2022-06-17 02:29:00+00:00,30.59,30.62,30.57,30.58,1849.65,2022,6,17
2022-06-17 02:30:00+00:00,30.58,30.71,30.54,30.68,2566.02,2022,6,17
2022-06-17 02:31:00+00:00,30.69,30.81,30.66,30.77,3663.79,2022,6,17
2022-06-17 02:32:00+00:00,30.77,30.78,30.72,30.75,2055.59,2022,6,17
2022-06-17 02:33:00+00:00,30.76,30.85,30.73,30.73,2297.94,2022,6,17
2022-06-17 02:34:00+00:00,30.72,30.78,30.71,30.73,4101.52,2022,6,17
2022-06-17 02:35:00+00:00,30.72,30.79,30.69,30.78,1871.91,2022,6,17
2022-06-17 02:36:00+00:00,30.78,30.78,30.66,30.66,1816.04,2022,6,17
2022-06-17 02:37:00+00:00,30.65,30.66,30.55,30.6,4359.52,2022,6,17
2022-06-17 02:38:00+00:00,30.61,30.61,30.56,30.59,1793.37,2022,6,17
2022-06-17 02:39:00+00:00,30.6,30.64,30.44,30.46,12669.33,2022,6,17
2022-06-17 02:40:00+00:00,30.46,30.53,30.38,30.51,9036.02,2022,6,17
2022-06-17 02:41:00+00:00,30.52,30.57,30.47,30.52,6380.71,2022,6,17
2022-06-17 02:42:00+00:00,30.52,30.72,30.5,30.71,3028.87,2022,6,17
2022-06-17 02:43:00+00:00,30.71,30.82,30.61,30.72,9487.95,2022,6,17
2022-06-17 02:44:00+00:00,30.73,30.8,30.71,30.77,7302.35,2022,6,17
2022-06-17 02:45:00+00:00,30.76,30.87,30.73,30.81,3922.94,2022,6,17
2022-06-17 02:46:00+00:00,30.82,30.88,30.73,30.74,1764.85,2022,6,17
2022-06-17 02:47:00+00:00,30.74,30.81,30.74,30.76,2667.57,2022,6,17
2022-06-17 02:48:00+00:00,30.76,30.82,30.68,30.69,2841.91,2022,6,17
2022-06-17 02:49:00+00:00,30.7,30.7,30.58,30.61,7151.08,2022,6,17
2022-06-17 02:50:00+00:00,30.62,30.67,30.6,30.63,1117.38,2022,6,17
2022-06-17 02:51:00+00:00,30.64,30.65,30.51,30.52,3921.81,2022,6,17
2022-06-17 02:52:00+00:00,30.51,30.56,30.51,30.55,2752.25,2022,6,17
2022-06-17 02:53:00+00:00,30.54,30.55,30.51,30.52,2401.23,2022,6,17
2022-06-17 02:54:00+00:00,30.52,30.55,30.49,30.5,4152.44,2022,6,17
2022-06-17 02:55:00+00:00,30.51,30.56,30.48,30.51,5349.8,2022,6,17
2022-06-17 02:56:00+00:00,30.51,30.58,30.51,30.55,2718.93,2022,6,17
2022-06-17 02:57:00+00:00,30.55,30.55,30.41,30.48,4688.21,2022,6,17
2022-06-17 02:58:00+00:00,30.47,30.54,30.46,30.51,1450.08,2022,6,17
2022-06-17 02:59:00+00:00,30.52,30.56,30.51,30.52,3616.57,2022,6,17
2022-06-17 03:00:00+00:00,30.52,30.57,30.5,30.52,1977.11,2022,6,17
2022-06-17 03:01:00+00:00,30.53,30.56,30.47,30.5,1783.66,2022,6,17
2022-06-17 03:02:00+00:00,30.5,30.5,30.41,30.41,4884.45,2022,6,17
2022-06-17 03:03:00+00:00,30.4,30.52,30.39,30.5,4341.64,2022,6,17
2022-06-17 03:04:00+00:00,30.51,30.55,30.51,30.52,7366.8,2022,6,17
2022-06-17 03:05:00+00:00,30.51,30.57,30.5,30.54,1573.89,2022,6,17
2022-06-17 03:06:00+00:00,30.54,30.61,30.5,30.61,1244.26,2022,6,17
2022-06-17 03:07:00+00:00,30.61,30.62,30.53,30.53,2359.42,2022,6,17
2022-06-17 03:08:00+00:00,30.53,30.58,30.52,30.57,1508.45,2022,6,17
2022-06-17 03:09:00+00:00,30.56,30.57,30.51,30.51,8137.47,2022,6,17
2022-06-17 03:10:00+00:00,30.51,30.51,30.44,30.48,5053.11,2022,6,17
2022-06-17 03:11:00+00:00,30.48,30.56,30.48,30.55,2362.13,2022,6,17
2022-06-17 03:12:00+00:00,30.54,30.57,30.51,30.57,2262.81,2022,6,17
2022-06-17 03:13:00+00:00,30.56,30.64,30.53,30.53,4464.01,2022,6,17
2022-06-17 03:14:00+00:00,30.53,30.61,30.53,30.59,1502.49,2022,6,17
2022-06-17 03:15:00+00:00,30.58,30.69,30.56,30.64,9435.94,2022,6,17
2022-06-17 03:16:00+00:00,30.64,30.73,30.63,30.68,1935.81,2022,6,17
2022-06-17 03:17:00+00:00,30.68,30.72,30.67,30.69,1133.39,2022,6,17
2022-06-17 03:18:00+00:00,30.69,30.72,30.67,30.71,1840.83,2022,6,17
2022-06-17 03:19:00+00:00,30.7,30.72,30.69,30.72,3602.03,2022,6,17
2022-06-17 03:20:00+00:00,30.71,30.71,30.62,30.66,1808.2,2022,6,17
2022-06-17 03:21:00+00:00,30.66,30.66,30.59,30.64,1899.77,2022,6,17
2022-06-17 03:22:00+00:00,30.64,30.8,30.62,30.77,4271.57,2022,6,17
2022-06-17 03:23:00+00:00,30.76,30.79,30.74,30.79,3869.6,2022,6,17
2022-06-17 03:24:00+00:00,30.78,30.79,30.7,30.7,2431.74,2022,6,17
2022-06-17 03:25:00+00:00,30.7,30.78,30.7,30.72,2062.71,2022,6,17
2022-06-17 03:26:00+00:00,30.72,30.72,30.54,30.54,2858.3,2022,6,17
2022-06-17 03:27:00+00:00,30.53,30.56,30.53,30.54,2635.87,2022,6,17
2022-06-17 03:28:00+00:00,30.54,30.58,30.49,30.56,3729.59,2022,6,17
2022-06-17 03:29:00+00:00,30.56,30.62,30.53,30.62,1075.98,2022,6,17
2022-06-17 03:30:00+00:00,30.63,30.74,30.54,30.72,5344.54,2022,6,17
2022-06-17 03:31:00+00:00,30.71,30.78,30.67,30.69,3208.74,2022,6,17
2022-06-17 03:32:00+00:00,30.69,30.71,30.61,30.63,2445.83,2022,6,17
2022-06-17 03:33:00+00:00,30.63,30.68,30.57,30.58,2936.32,2022,6,17
2022-06-17 03:34:00+00:00,30.57,30.67,30.55,30.67,1355.42,2022,6,17
2022-06-17 03:35:00+00:00,30.68,30.7,30.62,30.64,3116.81,2022,6,17
2022-06-17 03:36:00+00:00,30.63,30.7,30.61,30.63,3585.21,2022,6,17
2022-06-17 03:37:00+00:00,30.63,30.68,30.63,30.68,1841.26,2022,6,17
2022-06-17 03:38:00+00:00,30.67,30.72,30.64,30.68,1679.53,2022,6,17
2022-06-17 03:39:00+00:00,30.69,30.72,30.68,30.7,1236.06,2022,6,17
2022-06-17 03:40:00+00:00,30.7,30.7,30.65,30.65,1128.38,2022,6,17
2022-06-17 03:41:00+00:00,30.64,30.66,30.62,30.62,675.87,2022,6,17
2022-06-17 03:42:00+00:00,30.62,30.66,30.57,30.58,3892.12,2022,6,17
2022-06-17 03:43:00+00:00,30.58,30.6,30.46,30.46,2059.99,2022,6,17
2022-06-17 03:44:00+00:00,30.46,30.5,30.41,30.47,4054.08,2022,6,17
2022-06-17 03:45:00+00:00,30.45,30.45,30.25,30.26,7102.26,2022,6,17
2022-06-17 03:46:00+00:00,30.26,30.34,30.26,30.33,6087.83,2022,6,17
2022-06-17 03:47:00+00:00,30.33,30.33,30.23,30.24,2493.73,2022,6,17
2022-06-17 03:48:00+00:00,30.23,30.27,30.17,30.21,9136.61,2022,6,17
2022-06-17 03:49:00+00:00,30.22,30.22,30.1,30.17,8264.37,2022,6,17
2022-06-17 03:50:00+00:00,30.16,30.2,30.1,30.13,4175.67,2022,6,17
2022-06-17 03:51:00+00:00,30.12,30.15,30.09,30.14,3005.52,2022,6,17
2022-06-17 03:52:00+00:00,30.15,30.2,30.09,30.1,7533.96,2022,6,17
2022-06-17 03:53:00+00:00,30.1,30.14,29.99,30.02,9137.72,2022,6,17
2022-06-17 03:54:00+00:00,30.03,30.06,29.93,29.95,10461.5,2022,6,17
2022-06-17 03:55:00+00:00,29.96,30.03,29.93,29.98,56785.63,2022,6,17
2022-06-17 03:56:00+00:00,29.97,30.0,29.96,29.98,4454.78,2022,6,17
2022-06-17 03:57:00+00:00,29.99,30.03,29.99,30.01,2387.86,2022,6,17
2022-06-17 03:58:00+00:00,30.02,30.04,29.98,30.02,1669.08,2022,6,17
2022-06-17 03:59:00+00:00,30.03,30.04,29.99,30.03,1413.51,2022,6,17
2022-06-17 04:00:00+00:00,30.04,30.06,29.95,30.05,5594.83,2022,6,17
2022-06-17 04:01:00+00:00,30.05,30.2,30.05,30.12,5150.46,2022,6,17
2022-06-17 04:02:00+00:00,30.12,30.12,29.94,29.98,6707.9,2022,6,17
2022-06-17 04:03:00+00:00,29.99,30.07,29.98,30.05,2348.57,2022,6,17
2022-06-17 04:04:00+00:00,30.05,30.1,30.02,30.02,2288.65,2022,6,17
2022-06-17 04:05:00+00:00,30.02,30.07,30.0,30.06,2403.75,2022,6,17
2022-06-17 04:06:00+00:00,30.07,30.16,30.04,30.14,4158.82,2022,6,17
2022-06-17 04:07:00+00:00,30.14,30.16,30.07,30.13,8979.96,2022,6,17
2022-06-17 04:08:00+00:00,30.13,30.15,30.09,30.14,1975.58,2022,6,17
2022-06-17 04:09:00+00:00,30.13,30.17,30.11,30.15,1451.38,2022,6,17
2022-06-17 04:10:00+00:00,30.15,30.25,30.13,30.23,2913.76,2022,6,17
2022-06-17 04:11:00+00:00,30.22,30.27,30.18,30.25,3814.2,2022,6,17
2022-06-17 04:12:00+00:00,30.26,30.29,30.21,30.24,3277.56,2022,6,17
2022-06-17 04:13:00+00:00,30.25,30.27,30.21,30.21,2213.62,2022,6,17
2022-06-17 04:14:00+00:00,30.22,30.25,30.2,30.24,1455.18,2022,6,17
2022-06-17 04:15:00+00:00,30.24,30.31,30.2,30.28,3756.69,2022,6,17
2022-06-17 04:16:00+00:00,30.29,30.33,30.26,30.33,1967.78,2022,6,17
2022-06-17 04:17:00+00:00,30.33,30.34,30.3,30.33,3084.93,2022,6,17
2022-06-17 04:18:00+00:00,30.33,30.33,30.31,30.31,812.52,2022,6,17
2022-06-17 04:19:00+00:00,30.33,30.4,30.33,30.37,7744.87,2022,6,17
2022-06-17 04:20:00+00:00,30.39,30.41,30.37,30.4,1963.87,2022,6,17
2022-06-17 04:21:00+00:00,30.4,30.46,30.38,30.43,6842.98,2022,6,17
2022-06-17 04:22:00+00:00,30.43,30.46,30.42,30.44,1913.66,2022,6,17
2022-06-17 04:23:00+00:00,30.44,30.56,30.44,30.54,4416.25,2022,6,17
2022-06-17 04:24:00+00:00,30.53,30.53,30.48,30.51,1499.97,2022,6,17
2022-06-17 04:25:00+00:00,30.5,30.51,30.45,30.48,1614.11,2022,6,17
2022-06-17 04:26:00+00:00,30.47,30.5,30.44,30.46,1811.83,2022,6,17
2022-06-17 04:27:00+00:00,30.47,30.51,30.44,30.46,1807.81,2022,6,17
2022-06-17 04:28:00+00:00,30.47,30.56,30.46,30.55,2397.18,2022,6,17
2022-06-17 04:29:00+00:00,30.55,30.55,30.45,30.48,3462.36,2022,6,17
2022-06-17 04:30:00+00:00,30.49,30.52,30.42,30.43,3867.82,2022,6,17
2022-06-17 04:31:00+00:00,30.44,30.49,30.44,30.44,997.34,2022,6,17
2022-06-17 04:32:00+00:00,30.43,30.45,30.4,30.41,955.56,2022,6,17
2022-06-17 04:33:00+00:00,30.41,30.42,30.39,30.41,514.32,2022,6,17
2022-06-17 04:34:00+00:00,30.42,30.46,30.39,30.44,2137.71,2022,6,17
2022-06-17 04:35:00+00:00,30.43,30.46,30.39,30.39,901.97,2022,6,17
2022-06-17 04:36:00+00:00,30.38,30.48,30.38,30.48,1046.53,2022,6,17
2022-06-17 04:37:00+00:00,30.49,30.66,30.49,30.59,6785.73,2022,6,17
2022-06-17 04:38:00+00:00,30.61,30.63,30.57,30.62,2874.46,2022,6,17
2022-06-17 04:39:00+00:00,30.62,30.65,30.59,30.63,7325.09,2022,6,17
2022-06-17 04:40:00+00:00,30.63,30.63,30.55,30.56,1367.7,2022,6,17
2022-06-17 04:41:00+00:00,30.56,30.61,30.56,30.58,2170.52,2022,6,17
2022-06-17 04:42:00+00:00,30.59,30.68,30.58,30.65,12373.53,2022,6,17
2022-06-17 04:43:00+00:00,30.66,30.71,30.64,30.65,1289.45,2022,6,17
2022-06-17 04:44:00+00:00,30.65,30.72,30.64,30.71,2017.08,2022,6,17
2022-06-17 04:45:00+00:00,30.71,30.78,30.68,30.74,6057.01,2022,6,17
2022-06-17 04:46:00+00:00,30.73,30.75,30.67,30.69,1114.11,2022,6,17
2022-06-17 04:47:00+00:00,30.69,30.79,30.68,30.74,4703.77,2022,6,17
2022-06-17 04:48:00+00:00,30.75,30.79,30.72,30.75,2231.31,2022,6,17
2022-06-17 04:49:00+00:00,30.75,30.76,30.69,30.73,2810.06,2022,6,17
2022-06-17 04:50:00+00:00,30.74,30.74,30.65,30.65,1772.58,2022,6,17
2022-06-17 04:51:00+00:00,30.66,30.68,30.64,30.65,2484.09,2022,6,17
2022-06-17 04:52:00+00:00,30.65,30.66,30.57,30.58,6962.52,2022,6,17
2022-06-17 04:53:00+00:00,30.58,30.61,30.57,30.6,1318.18,2022,6,17
2022-06-17 04:54:00+00:00,30.61,30.65,30.55,30.57,3182.12,2022,6,17
2022-06-17 04:55:00+00:00,30.58,30.6,30.53,30.55,1897.9,2022,6,17
2022-06-17 04:56:00+00:00,30.55,30.59,30.55,30.57,843.35,2022,6,17
2022-06-17 04:57:00+00:00,30.58,30.6,30.57,30.6,1162.82,2022,6,17
2022-06-17 04:58:00+00:00,30.6,30.6,30.52,30.53,4529.74,2022,6,17
2022-06-17 04:59:00+00:00,30.54,30.57,30.53,30.55,2497.46,2022,6,17
2022-06-17 05:00:00+00:00,30.54,30.63,30.52,30.61,4792.62,2022,6,17
2022-06-17 05:01:00+00:00,30.62,30.64,30.56,30.56,1366.76,2022,6,17
2022-06-17 05:02:00+00:00,30.57,30.61,30.57,30.6,670.94,2022,6,17
2022-06-17 05:03:00+00:00,30.61,30.61,30.57,30.6,1810.63,2022,6,17
2022-06-17 05:04:00+00:00,30.59,30.59,30.54,30.56,1890.61,2022,6,17
2022-06-17 05:05:00+00:00,30.57,30.6,30.54,30.55,1866.49,2022,6,17
2022-06-17 05:06:00+00:00,30.54,30.59,30.53,30.57,844.4,2022,6,17
2022-06-17 05:07:00+00:00,30.56,30.66,30.55,30.65,1470.89,2022,6,17
2022-06-17 05:08:00+00:00,30.66,30.7,30.66,30.67,1217.16,2022,6,17
2022-06-17 05:09:00+00:00,30.68,30.7,30.64,30.66,1313.5,2022,6,17
2022-06-17 05:10:00+00:00,30.66,30.72,30.66,30.71,2144.41,2022,6,17
2022-06-17 05:11:00+00:00,30.72,30.78,30.7,30.77,1922.79,2022,6,17
2022-06-17 05:12:00+00:00,30.77,30.78,30.74,30.77,1008.94,2022,6,17
2022-06-17 05:13:00+00:00,30.76,30.99,30.76,30.89,25789.87,2022,6,17
2022-06-17 05:14:00+00:00,30.9,30.95,30.85,30.85,2236.02,2022,6,17
2022-06-17 05:15:00+00:00,30.85,30.94,30.81,30.82,2709.82,2022,6,17
2022-06-17 05:16:00+00:00,30.83,30.85,30.79,30.81,3777.29,2022,6,17
2022-06-17 05:17:00+00:00,30.82,30.82,30.77,30.8,1111.67,2022,6,17
2022-06-17 05:18:00+00:00,30.8,30.84,30.79,30.79,4697.05,2022,6,17
2022-06-17 05:19:00+00:00,30.8,30.85,30.78,30.81,2157.77,2022,6,17
2022-06-17 05:20:00+00:00,30.82,30.86,30.78,30.83,2675.81,2022,6,17
2022-06-17 05:21:00+00:00,30.84,30.89,30.83,30.87,1189.54,2022,6,17
2022-06-17 05:22:00+00:00,30.87,30.92,30.87,30.88,3360.07,2022,6,17
2022-06-17 05:23:00+00:00,30.87,30.89,30.83,30.87,1931.74,2022,6,17
2022-06-17 05:24:00+00:00,30.86,30.89,30.85,30.86,1079.27,2022,6,17
2022-06-17 05:25:00+00:00,30.86,30.87,30.82,30.85,1717.75,2022,6,17
2022-06-17 05:26:00+00:00,30.84,30.86,30.82,30.85,2113.2,2022,6,17
2022-06-17 05:27:00+00:00,30.86,30.9,30.8,30.82,10102.6,2022,6,17
2022-06-17 05:28:00+00:00,30.82,30.87,30.82,30.84,3583.8,2022,6,17
2022-06-17 05:29:00+00:00,30.84,30.98,30.81,30.94,10806.7,2022,6,17
2022-06-17 05:30:00+00:00,30.94,30.98,30.89,30.9,2824.59,2022,6,17
2022-06-17 05:31:00+00:00,30.9,31.1,30.88,31.03,14451.03,2022,6,17
2022-06-17 05:32:00+00:00,31.03,31.19,30.97,31.08,6978.41,2022,6,17
2022-06-17 05:33:00+00:00,31.07,31.34,31.07,31.28,20120.34,2022,6,17
2022-06-17 05:34:00+00:00,31.27,31.3,31.19,31.3,7965.12,2022,6,17
2022-06-17 05:35:00+00:00,31.3,31.4,31.29,31.37,8207.85,2022,6,17
2022-06-17 05:36:00+00:00,31.36,31.39,31.24,31.24,3175.23,2022,6,17
2022-06-17 05:37:00+00:00,31.23,31.3,31.21,31.21,2156.55,2022,6,17
2022-06-17 05:38:00+00:00,31.21,31.25,31.14,31.14,4188.63,2022,6,17
2022-06-17 05:39:00+00:00,31.15,31.25,31.15,31.2,2575.25,2022,6,17
2022-06-17 05:40:00+00:00,31.2,31.2,31.11,31.16,781.7,2022,6,17
2022-06-17 05:41:00+00:00,31.17,31.22,31.14,31.18,3185.15,2022,6,17
2022-06-17 05:42:00+00:00,31.18,31.26,31.18,31.19,1407.5,2022,6,17
2022-06-17 05:43:00+00:00,31.19,31.22,31.06,31.1,21190.07,2022,6,17
2022-06-17 05:44:00+00:00,31.1,31.13,31.09,31.12,1324.61,2022,6,17
2022-06-17 05:45:00+00:00,31.13,31.15,31.06,31.08,2810.25,2022,6,17
2022-06-17 05:46:00+00:00,31.08,31.09,31.03,31.04,2061.7,2022,6,17
2022-06-17 05:47:00+00:00,31.04,31.09,31.0,31.02,4469.5,2022,6,17
2022-06-17 05:48:00+00:00,31.02,31.03,30.92,30.92,2268.69,2022,6,17
2022-06-17 05:49:00+00:00,30.92,30.96,30.9,30.93,2688.34,2022,6,17
2022-06-17 05:50:00+00:00,30.93,30.94,30.87,30.87,1315.71,2022,6,17
2022-06-17 05:51:00+00:00,30.87,30.89,30.83,30.87,2300.19,2022,6,17
2022-06-17 05:52:00+00:00,30.88,30.89,30.87,30.87,902.5,2022,6,17
2022-06-17 05:53:00+00:00,30.88,30.89,30.86,30.89,1320.08,2022,6,17
2022-06-17 05:54:00+00:00,30.88,30.89,30.86,30.88,1530.91,2022,6,17
2022-06-17 05:55:00+00:00,30.88,30.91,30.87,30.89,1690.51,2022,6,17
2022-06-17 05:56:00+00:00,30.88,30.93,30.88,30.92,1314.82,2022,6,17
2022-06-17 05:57:00+00:00,30.92,30.92,30.87,30.87,2413.14,2022,6,17
2022-06-17 05:58:00+00:00,30.87,30.96,30.86,30.94,3591.15,2022,6,17
2022-06-17 05:59:00+00:00,30.93,30.94,30.89,30.9,1149.13,2022,6,17
2022-06-17 06:00:00+00:00,30.9,30.94,30.88,30.93,3520.2,2022,6,17
2022-06-17 06:01:00+00:00,30.93,30.93,30.83,30.83,1744.93,2022,6,17
2022-06-17 06:02:00+00:00,30.82,30.83,30.74,30.75,7766.85,2022,6,17
2022-06-17 06:03:00+00:00,30.75,30.79,30.69,30.75,5394.17,2022,6,17
2022-06-17 06:04:00+00:00,30.74,30.79,30.74,30.76,1652.43,2022,6,17
2022-06-17 06:05:00+00:00,30.75,30.75,30.72,30.73,2191.1,2022,6,17
2022-06-17 06:06:00+00:00,30.73,30.74,30.55,30.61,9870.87,2022,6,17
2022-06-17 06:07:00+00:00,30.6,30.64,30.6,30.64,2336.71,2022,6,17
2022-06-17 06:08:00+00:00,30.64,30.71,30.63,30.7,937.9,2022,6,17
2022-06-17 06:09:00+00:00,30.7,30.72,30.68,30.71,617.64,2022,6,17
2022-06-17 06:10:00+00:00,30.71,30.73,30.7,30.7,1135.33,2022,6,17
2022-06-17 06:11:00+00:00,30.71,30.72,30.58,30.58,7044.27,2022,6,17
2022-06-17 06:12:00+00:00,30.59,30.62,30.55,30.58,4613.68,2022,6,17
2022-06-17 06:13:00+00:00,30.58,30.62,30.58,30.62,2427.9,2022,6,17
2022-06-17 06:14:00+00:00,30.62,30.66,30.62,30.66,3052.19,2022,6,17
2022-06-17 06:15:00+00:00,30.67,30.67,30.63,30.65,1928.21,2022,6,17
2022-06-17 06:16:00+00:00,30.65,30.65,30.59,30.6,2489.15,2022,6,17
2022-06-17 06:17:00+00:00,30.6,30.63,30.6,30.62,1514.53,2022,6,17
2022-06-17 06:18:00+00:00,30.61,30.65,30.6,30.62,4304.83,2022,6,17
2022-06-17 06:19:00+00:00,30.62,30.67,30.61,30.67,1756.53,2022,6,17
2022-06-17 06:20:00+00:00,30.66,30.68,30.63,30.64,2515.76,2022,6,17
2022-06-17 06:21:00+00:00,30.64,30.69,30.62,30.68,4723.13,2022,6,17
2022-06-17 06:22:00+00:00,30.68,30.7,30.58,30.59,4850.01,2022,6,17
2022-06-17 06:23:00+00:00,30.6,30.6,30.57,30.59,2155.21,2022,6,17
2022-06-17 06:24:00+00:00,30.59,30.67,30.58,30.63,2289.72,2022,6,17
2022-06-17 06:25:00+00:00,30.62,30.65,30.6,30.64,1461.6,2022,6,17
2022-06-17 06:26:00+00:00,30.63,30.66,30.63,30.66,868.38,2022,6,17
2022-06-17 06:27:00+00:00,30.66,30.8,30.64,30.77,3520.72,2022,6,17
2022-06-17 06:28:00+00:00,30.77,30.85,30.77,30.82,3212.35,2022,6,17
2022-06-17 06:29:00+00:00,30.81,30.84,30.8,30.81,1058.71,2022,6,17
2022-06-17 06:30:00+00:00,30.82,30.84,30.79,30.8,1885.15,2022,6,17
2022-06-17 06:31:00+00:00,30.8,30.87,30.8,30.86,903.41,2022,6,17
2022-06-17 06:32:00+00:00,30.86,30.99,30.85,30.99,3469.09,2022,6,17
2022-06-17 06:33:00+00:00,30.99,31.15,30.98,31.14,11804.16,2022,6,17
2022-06-17 06:34:00+00:00,31.14,31.17,31.06,31.07,5446.05,2022,6,17
2022-06-17 06:35:00+00:00,31.07,31.07,30.95,30.96,3554.71,2022,6,17
2022-06-17 06:36:00+00:00,30.96,30.99,30.91,30.95,6170.76,2022,6,17
2022-06-17 06:37:00+00:00,30.95,30.97,30.93,30.96,1427.88,2022,6,17
2022-06-17 06:38:00+00:00,30.97,31.15,30.95,31.15,2969.26,2022,6,17
2022-06-17 06:39:00+00:00,31.15,31.33,31.15,31.24,14845.72,2022,6,17
2022-06-17 06:40:00+00:00,31.25,31.26,31.14,31.14,2210.71,2022,6,17
2022-06-17 06:41:00+00:00,31.15,31.18,31.13,31.14,1450.66,2022,6,17
2022-06-17 06:42:00+00:00,31.13,31.21,31.12,31.18,2146.43,2022,6,17
2022-06-17 06:43:00+00:00,31.18,31.32,31.18,31.27,11244.81,2022,6,17
2022-06-17 06:44:00+00:00,31.26,31.28,31.23,31.28,1234.32,2022,6,17
2022-06-17 06:45:00+00:00,31.27,31.27,31.21,31.26,4005.97,2022,6,17
2022-06-17 06:46:00+00:00,31.26,31.5,31.24,31.47,23180.87,2022,6,17
2022-06-17 06:47:00+00:00,31.46,31.48,31.37,31.42,3584.64,2022,6,17
2022-06-17 06:48:00+00:00,31.41,31.49,31.38,31.48,6312.46,2022,6,17
2022-06-17 06:49:00+00:00,31.48,31.6,31.43,31.46,12879.49,2022,6,17
2022-06-17 06:50:00+00:00,31.47,31.48,31.34,31.36,3671.85,2022,6,17
2022-06-17 06:51:00+00:00,31.36,31.4,31.31,31.39,2597.94,2022,6,17
2022-06-17 06:52:00+00:00,31.39,31.41,31.32,31.34,2316.34,2022,6,17
2022-06-17 06:53:00+00:00,31.34,31.35,31.22,31.24,5329.27,2022,6,17
2022-06-17 06:54:00+00:00,31.25,31.4,31.25,31.39,4610.48,2022,6,17
2022-06-17 06:55:00+00:00,31.38,31.45,31.34,31.39,3424.7,2022,6,17
2022-06-17 06:56:00+00:00,31.38,31.41,31.34,31.41,3737.93,2022,6,17
2022-06-17 06:57:00+00:00,31.41,31.46,31.39,31.4,3043.56,2022,6,17
2022-06-17 06:58:00+00:00,31.4,31.44,31.37,31.43,3515.97,2022,6,17
2022-06-17 06:59:00+00:00,31.43,31.45,31.37,31.41,4833.51,2022,6,17
2022-06-17 07:00:00+00:00,31.41,31.57,31.39,31.53,6869.85,2022,6,17
2022-06-17 07:01:00+00:00,31.52,31.59,31.47,31.51,4984.7,2022,6,17
2022-06-17 07:02:00+00:00,31.5,31.5,31.4,31.42,4701.75,2022,6,17
2022-06-17 07:03:00+00:00,31.41,31.41,31.34,31.36,2271.84,2022,6,17
2022-06-17 07:04:00+00:00,31.35,31.35,31.23,31.24,12718.43,2022,6,17
2022-06-17 07:05:00+00:00,31.24,31.4,31.23,31.39,3298.43,2022,6,17
2022-06-17 07:06:00+00:00,31.39,31.4,31.33,31.38,3424.49,2022,6,17
2022-06-17 07:07:00+00:00,31.39,31.4,31.23,31.23,11019.89,2022,6,17
2022-06-17 07:08:00+00:00,31.24,31.25,31.2,31.22,5139.7,2022,6,17
2022-06-17 07:09:00+00:00,31.23,31.26,31.18,31.2,8093.24,2022,6,17
2022-06-17 07:10:00+00:00,31.2,31.22,31.15,31.18,1975.0,2022,6,17
2022-06-17 07:11:00+00:00,31.18,31.19,31.15,31.17,1580.7,2022,6,17
2022-06-17 07:12:00+00:00,31.18,31.19,31.11,31.15,8856.29,2022,6,17
2022-06-17 07:13:00+00:00,31.15,31.26,31.1,31.19,4779.08,2022,6,17
2022-06-17 07:14:00+00:00,31.19,31.2,31.13,31.18,1365.97,2022,6,17
2022-06-17 07:15:00+00:00,31.17,31.17,31.12,31.14,3086.77,2022,6,17
2022-06-17 07:16:00+00:00,31.13,31.17,31.11,31.17,1099.28,2022,6,17
2022-06-17 07:17:00+00:00,31.17,31.22,31.16,31.21,1263.62,2022,6,17
2022-06-17 07:18:00+00:00,31.21,31.24,31.18,31.23,4051.2,2022,6,17
2022-06-17 07:19:00+00:00,31.23,31.39,31.23,31.36,4948.88,2022,6,17
2022-06-17 07:20:00+00:00,31.37,31.37,31.29,31.33,1615.38,2022,6,17
2022-06-17 07:21:00+00:00,31.33,31.41,31.33,31.41,5073.24,2022,6,17
2022-06-17 07:22:00+00:00,31.42,31.51,31.41,31.48,7721.7,2022,6,17
2022-06-17 07:23:00+00:00,31.48,31.75,31.48,31.72,18579.95,2022,6,17
2022-06-17 07:24:00+00:00,31.72,31.86,31.66,31.84,12503.63,2022,6,17
2022-06-17 07:25:00+00:00,31.84,31.88,31.72,31.76,8991.68,2022,6,17
2022-06-17 07:26:00+00:00,31.76,31.76,31.66,31.67,8460.62,2022,6,17
2022-06-17 07:27:00+00:00,31.68,31.78,31.67,31.75,2121.82,2022,6,17
2022-06-17 07:28:00+00:00,31.76,31.85,31.75,31.78,8753.32,2022,6,17
2022-06-17 07:29:00+00:00,31.78,31.86,31.74,31.84,4861.39,2022,6,17
2022-06-17 07:30:00+00:00,31.84,31.97,31.78,31.82,10892.42,2022,6,17
2022-06-17 07:31:00+00:00,31.83,31.84,31.72,31.74,6844.85,2022,6,17
2022-06-17 07:32:00+00:00,31.74,31.76,31.67,31.74,4557.84,2022,6,17
2022-06-17 07:33:00+00:00,31.74,31.76,31.63,31.69,5216.61,2022,6,17
2022-06-17 07:34:00+00:00,31.69,31.7,31.6,31.64,3039.62,2022,6,17
2022-06-17 07:35:00+00:00,31.64,31.7,31.64,31.68,2718.92,2022,6,17
2022-06-17 07:36:00+00:00,31.66,31.66,31.62,31.65,2980.37,2022,6,17
2022-06-17 07:37:00+00:00,31.65,31.69,31.61,31.69,2460.96,2022,6,17
2022-06-17 07:38:00+00:00,31.7,31.82,31.7,31.73,3842.2,2022,6,17
2022-06-17 07:39:00+00:00,31.73,31.78,31.73,31.76,2386.89,2022,6,17
2022-06-17 07:40:00+00:00,31.74,31.79,31.68,31.68,3400.59,2022,6,17
2022-06-17 07:41:00+00:00,31.67,31.69,31.61,31.68,4525.54,2022,6,17
2022-06-17 07:42:00+00:00,31.67,31.81,31.64,31.78,6110.74,2022,6,17
2022-06-17 07:43:00+00:00,31.79,31.79,31.73,31.79,2999.0,2022,6,17
2022-06-17 07:44:00+00:00,31.79,31.92,31.76,31.9,4638.25,2022,6,17
2022-06-17 07:45:00+00:00,31.9,31.94,31.76,31.76,7254.52,2022,6,17
2022-06-17 07:46:00+00:00,31.77,31.83,31.73,31.74,2748.63,2022,6,17
2022-06-17 07:47:00+00:00,31.74,31.77,31.72,31.75,3336.15,2022,6,17
2022-06-17 07:48:00+00:00,31.76,31.76,31.69,31.75,8992.81,2022,6,17
2022-06-17 07:49:00+00:00,31.73,31.8,31.73,31.78,2657.32,2022,6,17
2022-06-17 07:50:00+00:00,31.77,31.77,31.67,31.73,3028.43,2022,6,17
2022-06-17 07:51:00+00:00,31.73,31.83,31.71,31.81,2795.99,2022,6,17
2022-06-17 07:52:00+00:00,31.8,31.87,31.75,31.87,5511.55,2022,6,17
2022-06-17 07:53:00+00:00,31.88,31.93,31.82,31.88,5754.58,2022,6,17
2022-06-17 07:54:00+00:00,31.86,31.86,31.73,31.74,2801.85,2022,6,17
2022-06-17 07:55:00+00:00,31.74,31.75,31.59,31.61,6947.06,2022,6,17
2022-06-17 07:56:00+00:00,31.61,31.61,31.48,31.58,7185.62,2022,6,17
2022-06-17 07:57:00+00:00,31.58,31.61,31.56,31.57,2881.74,2022,6,17
2022-06-17 07:58:00+00:00,31.58,31.65,31.58,31.63,4529.29,2022,6,17
2022-06-17 07:59:00+00:00,31.63,31.64,31.55,31.59,8356.78,2022,6,17
2022-06-17 08:00:00+00:00,31.59,31.65,31.51,31.64,6383.52,2022,6,17
2022-06-17 08:01:00+00:00,31.65,31.65,31.44,31.44,3613.28,2022,6,17
2022-06-17 08:02:00+00:00,31.44,31.49,31.35,31.44,6465.11,2022,6,17
2022-06-17 08:03:00+00:00,31.44,31.52,31.42,31.51,2201.25,2022,6,17
2022-06-17 08:04:00+00:00,31.52,31.54,31.48,31.51,1559.98,2022,6,17
2022-06-17 08:05:00+00:00,31.51,31.55,31.51,31.55,1628.04,2022,6,17
2022-06-17 08:06:00+00:00,31.55,31.6,31.53,31.54,3512.89,2022,6,17
2022-06-17 08:07:00+00:00,31.54,31.57,31.5,31.52,945.8,2022,6,17
2022-06-17 08:08:00+00:00,31.52,31.55,31.48,31.48,1501.61,2022,6,17
2022-06-17 08:09:00+00:00,31.48,31.64,31.48,31.63,3843.88,2022,6,17
2022-06-17 08:10:00+00:00,31.64,31.65,31.6,31.64,1480.08,2022,6,17
2022-06-17 08:11:00+00:00,31.65,31.7,31.65,31.69,2385.61,2022,6,17
2022-06-17 08:12:00+00:00,31.68,31.73,31.66,31.67,1728.32,2022,6,17
2022-06-17 08:13:00+00:00,31.66,31.71,31.65,31.68,2081.47,2022,6,17
2022-06-17 08:14:00+00:00,31.68,31.82,31.67,31.82,4139.52,2022,6,17
2022-06-17 08:15:00+00:00,31.82,31.92,31.75,31.9,7237.66,2022,6,17
2022-06-17 08:16:00+00:00,31.9,31.9,31.8,31.8,6455.54,2022,6,17
2022-06-17 08:17:00+00:00,31.8,31.83,31.68,31.7,3315.36,2022,6,17
2022-06-17 08:18:00+00:00,31.69,31.76,31.68,31.74,2205.62,2022,6,17
2022-06-17 08:19:00+00:00,31.74,31.76,31.71,31.71,873.5,2022,6,17
2022-06-17 08:20:00+00:00,31.71,31.73,31.67,31.68,2295.88,2022,6,17
2022-06-17 08:21:00+00:00,31.68,31.69,31.63,31.64,2281.46,2022,6,17
2022-06-17 08:22:00+00:00,31.63,31.7,31.6,31.66,4200.09,2022,6,17
2022-06-17 08:23:00+00:00,31.65,31.67,31.61,31.62,5165.55,2022,6,17
2022-06-17 08:24:00+00:00,31.63,31.69,31.61,31.68,3585.81,2022,6,17
2022-06-17 08:25:00+00:00,31.69,31.74,31.66,31.73,2450.9,2022,6,17
2022-06-17 08:26:00+00:00,31.73,31.78,31.72,31.74,1405.9,2022,6,17
2022-06-17 08:27:00+00:00,31.74,31.8,31.73,31.79,2489.53,2022,6,17
2022-06-17 08:28:00+00:00,31.78,31.81,31.74,31.78,3531.75,2022,6,17
2022-06-17 08:29:00+00:00,31.79,31.86,31.79,31.84,2931.25,2022,6,17
2022-06-17 08:30:00+00:00,31.85,31.9,31.77,31.86,3612.36,2022,6,17
2022-06-17 08:31:00+00:00,31.85,31.9,31.84,31.86,2242.58,2022,6,17
2022-06-17 08:32:00+00:00,31.86,31.87,31.79,31.87,2512.8,2022,6,17
2022-06-17 08:33:00+00:00,31.87,31.97,31.84,31.91,7156.65,2022,6,17
2022-06-17 08:34:00+00:00,31.91,31.91,31.79,31.79,1745.78,2022,6,17
2022-06-17 08:35:00+00:00,31.78,31.78,31.68,31.72,1898.54,2022,6,17
2022-06-17 08:36:00+00:00,31.72,31.72,31.66,31.67,2631.92,2022,6,17
2022-06-17 08:37:00+00:00,31.68,31.72,31.66,31.66,2660.7,2022,6,17
2022-06-17 08:38:00+00:00,31.66,31.72,31.66,31.72,1761.24,2022,6,17
2022-06-17 08:39:00+00:00,31.7,31.7,31.65,31.67,2696.86,2022,6,17
2022-06-17 08:40:00+00:00,31.65,31.65,31.54,31.56,4657.35,2022,6,17
2022-06-17 08:41:00+00:00,31.56,31.6,31.51,31.6,2465.8,2022,6,17
2022-06-17 08:42:00+00:00,31.59,31.61,31.53,31.61,5144.42,2022,6,17
2022-06-17 08:43:00+00:00,31.61,31.64,31.6,31.61,1987.99,2022,6,17
2022-06-17 08:44:00+00:00,31.62,31.67,31.62,31.67,1238.93,2022,6,17
2022-06-17 08:45:00+00:00,31.66,31.66,31.5,31.5,2526.11,2022,6,17
2022-06-17 08:46:00+00:00,31.5,31.54,31.5,31.51,1287.98,2022,6,17
2022-06-17 08:47:00+00:00,31.5,31.53,31.48,31.49,1942.88,2022,6,17
2022-06-17 08:48:00+00:00,31.49,31.54,31.47,31.48,3032.35,2022,6,17
2022-06-17 08:49:00+00:00,31.49,31.51,31.46,31.48,2399.02,2022,6,17
2022-06-17 08:50:00+00:00,31.49,31.49,31.4,31.45,2473.33,2022,6,17
2022-06-17 08:51:00+00:00,31.46,31.49,31.4,31.42,1493.0,2022,6,17
2022-06-17 08:52:00+00:00,31.42,31.43,31.38,31.39,1580.45,2022,6,17
2022-06-17 08:53:00+00:00,31.39,31.45,31.38,31.41,1708.48,2022,6,17
2022-06-17 08:54:00+00:00,31.41,31.45,31.39,31.43,3005.73,2022,6,17
2022-06-17 08:55:00+00:00,31.42,31.5,31.42,31.5,1480.39,2022,6,17
2022-06-17 08:56:00+00:00,31.5,31.53,31.41,31.41,1237.56,2022,6,17
2022-06-17 08:57:00+00:00,31.41,31.46,31.4,31.4,1345.8,2022,6,17
2022-06-17 08:58:00+00:00,31.4,31.43,31.36,31.36,2954.55,2022,6,17
2022-06-17 08:59:00+00:00,31.37,31.41,31.37,31.39,1687.04,2022,6,17
2022-06-17 09:00:00+00:00,31.39,31.42,31.37,31.42,1537.42,2022,6,17
2022-06-17 09:01:00+00:00,31.41,31.44,31.4,31.41,2074.69,2022,6,17
2022-06-17 09:02:00+00:00,31.4,31.41,31.33,31.34,6101.18,2022,6,17
2022-06-17 09:03:00+00:00,31.33,31.33,31.21,31.21,6993.57,2022,6,17
2022-06-17 09:04:00+00:00,31.21,31.25,31.18,31.23,4937.27,2022,6,17
2022-06-17 09:05:00+00:00,31.23,31.27,31.2,31.26,2600.48,2022,6,17
2022-06-17 09:06:00+00:00,31.26,31.32,31.26,31.31,2181.94,2022,6,17
2022-06-17 09:07:00+00:00,31.3,31.32,31.27,31.3,2867.16,2022,6,17
2022-06-17 09:08:00+00:00,31.31,31.31,31.29,31.29,1974.09,2022,6,17
2022-06-17 09:09:00+00:00,31.29,31.31,31.26,31.28,1582.72,2022,6,17
2022-06-17 09:10:00+00:00,31.28,31.37,31.27,31.37,3353.44,2022,6,17
2022-06-17 09:11:00+00:00,31.38,31.44,31.33,31.42,12551.51,2022,6,17
2022-06-17 09:12:00+00:00,31.41,31.48,31.39,31.43,4583.48,2022,6,17
2022-06-17 09:13:00+00:00,31.43,31.45,31.36,31.39,2889.05,2022,6,17
2022-06-17 09:14:00+00:00,31.38,31.39,31.36,31.37,1675.35,2022,6,17
2022-06-17 09:15:00+00:00,31.38,31.41,31.35,31.37,2009.33,2022,6,17
2022-06-17 09:16:00+00:00,31.38,31.38,31.31,31.31,1407.15,2022,6,17
2022-06-17 09:17:00+00:00,31.31,31.31,31.22,31.26,2770.91,2022,6,17
2022-06-17 09:18:00+00:00,31.25,31.41,31.24,31.39,1919.02,2022,6,17
2022-06-17 09:19:00+00:00,31.4,31.42,31.32,31.32,2436.4,2022,6,17
2022-06-17 09:20:00+00:00,31.33,31.38,31.31,31.31,2127.99,2022,6,17
2022-06-17 09:21:00+00:00,31.3,31.31,31.25,31.25,860.72,2022,6,17
2022-06-17 09:22:00+00:00,31.25,31.27,31.24,31.26,1468.35,2022,6,17
2022-06-17 09:23:00+00:00,31.26,31.29,31.22,31.25,3897.82,2022,6,17
2022-06-17 09:24:00+00:00,31.25,31.3,31.23,31.28,1122.21,2022,6,17
2022-06-17 09:25:00+00:00,31.27,31.31,31.27,31.31,3416.95,2022,6,17
2022-06-17 09:26:00+00:00,31.31,31.31,31.28,31.28,3470.41,2022,6,17
2022-06-17 09:27:00+00:00,31.29,31.41,31.29,31.39,2577.1,2022,6,17
2022-06-17 09:28:00+00:00,31.38,31.4,31.33,31.35,2972.17,2022,6,17
2022-06-17 09:29:00+00:00,31.35,31.39,31.31,31.39,964.24,2022,6,17
2022-06-17 09:30:00+00:00,31.39,31.39,31.3,31.3,2608.68,2022,6,17
2022-06-17 09:31:00+00:00,31.31,31.38,31.28,31.36,2284.1,2022,6,17
2022-06-17 09:32:00+00:00,31.35,31.36,31.32,31.33,1551.08,2022,6,17
2022-06-17 09:33:00+00:00,31.33,31.34,31.23,31.24,1214.06,2022,6,17
2022-06-17 09:34:00+00:00,31.24,31.28,31.23,31.28,1349.26,2022,6,17
2022-06-17 09:35:00+00:00,31.27,31.48,31.27,31.45,3201.79,2022,6,17
2022-06-17 09:36:00+00:00,31.45,31.58,31.45,31.56,4407.61,2022,6,17
2022-06-17 09:37:00+00:00,31.55,31.55,31.44,31.47,1767.33,2022,6,17
2022-06-17 09:38:00+00:00,31.47,31.47,31.31,31.34,2978.4,2022,6,17
2022-06-17 09:39:00+00:00,31.34,31.38,31.29,31.31,2880.63,2022,6,17
2022-06-17 09:40:00+00:00,31.3,31.3,31.23,31.23,2529.98,2022,6,17
2022-06-17 09:41:00+00:00,31.22,31.22,31.04,31.13,9446.5,2022,6,17
2022-06-17 09:42:00+00:00,31.13,31.14,30.96,31.0,10047.6,2022,6,17
2022-06-17 09:43:00+00:00,31.0,31.11,31.0,31.08,6648.53,2022,6,17
2022-06-17 09:44:00+00:00,31.08,31.18,31.08,31.16,1960.91,2022,6,17
2022-06-17 09:45:00+00:00,31.16,31.28,31.08,31.26,3543.74,2022,6,17
2022-06-17 09:46:00+00:00,31.27,31.27,31.22,31.23,1443.07,2022,6,17
2022-06-17 09:47:00+00:00,31.24,31.27,31.18,31.2,5039.76,2022,6,17
2022-06-17 09:48:00+00:00,31.2,31.21,31.12,31.12,1370.0,2022,6,17
2022-06-17 09:49:00+00:00,31.11,31.13,31.06,31.13,2668.42,2022,6,17
2022-06-17 09:50:00+00:00,31.14,31.2,31.13,31.15,5739.77,2022,6,17
2022-06-17 09:51:00+00:00,31.15,31.22,31.14,31.17,2806.04,2022,6,17
2022-06-17 09:52:00+00:00,31.17,31.2,31.12,31.19,2642.93,2022,6,17
2022-06-17 09:53:00+00:00,31.19,31.2,31.13,31.2,3423.14,2022,6,17
2022-06-17 09:54:00+00:00,31.2,31.22,31.17,31.21,1148.4,2022,6,17
2022-06-17 09:55:00+00:00,31.21,31.28,31.21,31.24,3752.7,2022,6,17
2022-06-17 09:56:00+00:00,31.23,31.27,31.2,31.26,7210.24,2022,6,17
2022-06-17 09:57:00+00:00,31.27,31.27,31.19,31.19,914.32,2022,6,17
2022-06-17 09:58:00+00:00,31.19,31.28,31.18,31.24,2523.98,2022,6,17
2022-06-17 09:59:00+00:00,31.25,31.26,31.23,31.23,2954.4,2022,6,17
2022-06-17 10:00:00+00:00,31.22,31.25,31.19,31.2,4606.23,2022,6,17
2022-06-17 10:01:00+00:00,31.2,31.22,31.16,31.22,1733.81,2022,6,17
2022-06-17 10:02:00+00:00,31.23,31.36,31.23,31.27,3152.61,2022,6,17
2022-06-17 10:03:00+00:00,31.27,31.28,31.08,31.08,2369.51,2022,6,17
2022-06-17 10:04:00+00:00,31.07,31.13,31.03,31.11,3216.08,2022,6,17
2022-06-17 10:05:00+00:00,31.1,31.11,31.04,31.1,3238.0,2022,6,17
2022-06-17 10:06:00+00:00,31.11,31.17,31.08,31.15,2431.28,2022,6,17
2022-06-17 10:07:00+00:00,31.16,31.31,31.16,31.28,2533.72,2022,6,17
2022-06-17 10:08:00+00:00,31.27,31.32,31.23,31.32,2383.37,2022,6,17
2022-06-17 10:09:00+00:00,31.32,31.39,31.3,31.38,1688.97,2022,6,17
2022-06-17 10:10:00+00:00,31.38,31.39,31.29,31.32,2195.04,2022,6,17
2022-06-17 10:11:00+00:00,31.33,31.49,31.33,31.45,2644.39,2022,6,17
2022-06-17 10:12:00+00:00,31.44,31.46,31.41,31.41,1632.54,2022,6,17
2022-06-17 10:13:00+00:00,31.41,31.42,31.36,31.4,1174.22,2022,6,17
2022-06-17 10:14:00+00:00,31.4,31.47,31.4,31.41,2857.5,2022,6,17
2022-06-17 10:15:00+00:00,31.4,31.4,31.35,31.35,2392.98,2022,6,17
2022-06-17 10:16:00+00:00,31.35,31.41,31.32,31.34,5778.25,2022,6,17
2022-06-17 10:17:00+00:00,31.34,31.37,31.29,31.3,2982.71,2022,6,17
2022-06-17 10:18:00+00:00,31.3,31.38,31.28,31.28,4187.29,2022,6,17
2022-06-17 10:19:00+00:00,31.28,31.34,31.26,31.28,1942.23,2022,6,17
2022-06-17 10:20:00+00:00,31.28,31.29,31.24,31.24,2002.98,2022,6,17
2022-06-17 10:21:00+00:00,31.24,31.33,31.24,31.32,2440.79,2022,6,17
2022-06-17 10:22:00+00:00,31.31,31.5,31.31,31.44,3429.88,2022,6,17
2022-06-17 10:23:00+00:00,31.44,31.44,31.38,31.41,2289.91,2022,6,17
2022-06-17 10:24:00+00:00,31.42,31.49,31.42,31.47,2323.0,2022,6,17
2022-06-17 10:25:00+00:00,31.46,31.47,31.38,31.47,4514.41,2022,6,17
2022-06-17 10:26:00+00:00,31.48,31.51,31.46,31.5,3175.85,2022,6,17
2022-06-17 10:27:00+00:00,31.5,31.51,31.46,31.48,2877.19,2022,6,17
2022-06-17 10:28:00+00:00,31.48,31.51,31.39,31.4,2812.11,2022,6,17
2022-06-17 10:29:00+00:00,31.42,31.48,31.41,31.44,2290.58,2022,6,17
2022-06-17 10:30:00+00:00,31.45,31.45,31.34,31.34,3182.91,2022,6,17
2022-06-17 10:31:00+00:00,31.35,31.38,31.32,31.35,2752.61,2022,6,17
2022-06-17 10:32:00+00:00,31.36,31.4,31.34,31.35,1514.02,2022,6,17
2022-06-17 10:33:00+00:00,31.35,31.4,31.32,31.4,7021.91,2022,6,17
2022-06-17 10:34:00+00:00,31.4,31.41,31.33,31.35,3284.98,2022,6,17
2022-06-17 10:35:00+00:00,31.34,31.37,31.29,31.29,965.1,2022,6,17
2022-06-17 10:36:00+00:00,31.29,31.4,31.26,31.4,4166.52,2022,6,17
2022-06-17 10:37:00+00:00,31.41,31.46,31.37,31.46,1428.31,2022,6,17
2022-06-17 10:38:00+00:00,31.47,31.5,31.41,31.45,2144.47,2022,6,17
2022-06-17 10:39:00+00:00,31.46,31.53,31.44,31.51,3984.84,2022,6,17
2022-06-17 10:40:00+00:00,31.51,31.63,31.51,31.61,5370.95,2022,6,17
2022-06-17 10:41:00+00:00,31.6,31.71,31.59,31.69,3739.76,2022,6,17
2022-06-17 10:42:00+00:00,31.7,31.71,31.64,31.67,3292.36,2022,6,17
2022-06-17 10:43:00+00:00,31.67,31.67,31.6,31.64,1537.09,2022,6,17
2022-06-17 10:44:00+00:00,31.64,31.66,31.58,31.61,2757.8,2022,6,17
2022-06-17 10:45:00+00:00,31.59,31.69,31.58,31.66,2182.48,2022,6,17
2022-06-17 10:46:00+00:00,31.66,31.68,31.6,31.62,2404.68,2022,6,17
2022-06-17 10:47:00+00:00,31.6,31.6,31.51,31.52,2741.92,2022,6,17
2022-06-17 10:48:00+00:00,31.53,31.62,31.53,31.62,1867.29,2022,6,17
2022-06-17 10:49:00+00:00,31.61,31.67,31.56,31.67,3242.14,2022,6,17
2022-06-17 10:50:00+00:00,31.67,31.84,31.63,31.74,11902.14,2022,6,17
2022-06-17 10:51:00+00:00,31.73,31.86,31.72,31.79,9439.43,2022,6,17
2022-06-17 10:52:00+00:00,31.78,31.83,31.75,31.75,1701.75,2022,6,17
2022-06-17 10:53:00+00:00,31.76,31.76,31.71,31.74,2797.83,2022,6,17
2022-06-17 10:54:00+00:00,31.74,32.01,31.74,31.87,87665.25,2022,6,17
2022-06-17 10:55:00+00:00,31.87,31.99,31.87,31.98,3213.09,2022,6,17
2022-06-17 10:56:00+00:00,31.98,32.01,31.93,31.99,4586.87,2022,6,17
2022-06-17 10:57:00+00:00,31.98,32.03,31.92,32.01,4362.46,2022,6,17
2022-06-17 10:58:00+00:00,32.0,32.19,32.0,32.02,20661.25,2022,6,17
2022-06-17 10:59:00+00:00,32.02,32.08,31.93,32.01,6746.33,2022,6,17
2022-06-17 11:00:00+00:00,32.01,32.12,31.98,32.07,6663.86,2022,6,17
2022-06-17 11:01:00+00:00,32.06,32.06,31.89,31.91,7520.53,2022,6,17
2022-06-17 11:02:00+00:00,31.91,31.93,31.88,31.9,3615.66,2022,6,17
2022-06-17 11:03:00+00:00,31.88,31.93,31.85,31.88,7043.25,2022,6,17
2022-06-17 11:04:00+00:00,31.89,31.93,31.87,31.91,1183.61,2022,6,17
2022-06-17 11:05:00+00:00,31.91,31.93,31.86,31.91,2771.7,2022,6,17
2022-06-17 11:06:00+00:00,31.91,32.01,31.9,32.01,2327.01,2022,6,17
2022-06-17 11:07:00+00:00,32.0,32.07,31.99,32.01,4763.5,2022,6,17
2022-06-17 11:08:00+00:00,32.02,32.06,31.97,31.99,5176.75,2022,6,17
2022-06-17 11:09:00+00:00,31.99,32.02,31.95,32.02,2707.49,2022,6,17
2022-06-17 11:10:00+00:00,32.02,32.03,31.96,31.97,1011.23,2022,6,17
2022-06-17 11:11:00+00:00,31.98,32.03,31.97,31.98,3339.16,2022,6,17
2022-06-17 11:12:00+00:00,31.97,31.98,31.9,31.92,3477.39,2022,6,17
2022-06-17 11:13:00+00:00,31.92,31.98,31.9,31.98,15383.61,2022,6,17
2022-06-17 11:14:00+00:00,31.99,32.15,31.99,32.09,8690.84,2022,6,17
2022-06-17 11:15:00+00:00,32.08,32.08,31.93,31.95,3089.48,2022,6,17
2022-06-17 11:16:00+00:00,31.96,31.96,31.85,31.88,3669.01,2022,6,17
2022-06-17 11:17:00+00:00,31.89,31.92,31.84,31.88,3669.44,2022,6,17
2022-06-17 11:18:00+00:00,31.87,31.87,31.81,31.82,4633.1,2022,6,17
2022-06-17 11:19:00+00:00,31.82,31.83,31.77,31.8,5930.19,2022,6,17
2022-06-17 11:20:00+00:00,31.79,31.84,31.79,31.84,5871.98,2022,6,17
2022-06-17 11:21:00+00:00,31.84,31.89,31.83,31.89,1794.2,2022,6,17
2022-06-17 11:22:00+00:00,31.9,31.93,31.86,31.9,3178.1,2022,6,17
2022-06-17 11:23:00+00:00,31.9,31.9,31.83,31.87,1461.95,2022,6,17
2022-06-17 11:24:00+00:00,31.87,31.9,31.84,31.9,2718.6,2022,6,17
2022-06-17 11:25:00+00:00,31.89,31.9,31.84,31.84,3153.36,2022,6,17
2022-06-17 11:26:00+00:00,31.84,31.85,31.8,31.84,1718.32,2022,6,17
2022-06-17 11:27:00+00:00,31.84,31.87,31.84,31.85,763.81,2022,6,17
2022-06-17 11:28:00+00:00,31.84,31.84,31.65,31.72,6027.69,2022,6,17
2022-06-17 11:29:00+00:00,31.72,31.79,31.72,31.79,2042.43,2022,6,17
2022-06-17 11:30:00+00:00,31.79,31.85,31.74,31.84,1718.94,2022,6,17
2022-06-17 11:31:00+00:00,31.84,31.93,31.83,31.92,1665.11,2022,6,17
2022-06-17 11:32:00+00:00,31.93,31.95,31.91,31.95,3751.19,2022,6,17
2022-06-17 11:33:00+00:00,31.95,32.01,31.92,31.92,9192.74,2022,6,17
2022-06-17 11:34:00+00:00,31.92,31.94,31.86,31.92,4279.77,2022,6,17
2022-06-17 11:35:00+00:00,31.92,31.93,31.88,31.88,1644.93,2022,6,17
2022-06-17 11:36:00+00:00,31.88,31.88,31.81,31.85,4575.28,2022,6,17
2022-06-17 11:37:00+00:00,31.85,31.88,31.83,31.87,1314.69,2022,6,17
2022-06-17 11:38:00+00:00,31.86,31.86,31.82,31.85,1395.65,2022,6,17
2022-06-17 11:39:00+00:00,31.85,31.93,31.84,31.9,1461.69,2022,6,17
2022-06-17 11:40:00+00:00,31.9,31.93,31.86,31.87,964.58,2022,6,17
2022-06-17 11:41:00+00:00,31.86,31.86,31.79,31.84,2099.4,2022,6,17
2022-06-17 11:42:00+00:00,31.84,31.86,31.82,31.84,907.87,2022,6,17
2022-06-17 11:43:00+00:00,31.84,31.84,31.8,31.82,1073.96,2022,6,17
2022-06-17 11:44:00+00:00,31.81,31.81,31.76,31.77,1544.62,2022,6,17
2022-06-17 11:45:00+00:00,31.77,31.87,31.75,31.86,2309.53,2022,6,17
2022-06-17 11:46:00+00:00,31.86,31.9,31.83,31.88,8598.67,2022,6,17
2022-06-17 11:47:00+00:00,31.88,31.89,31.86,31.86,1542.3,2022,6,17
2022-06-17 11:48:00+00:00,31.87,31.87,31.74,31.74,5683.84,2022,6,17
2022-06-17 11:49:00+00:00,31.74,31.75,31.62,31.64,4685.49,2022,6,17
2022-06-17 11:50:00+00:00,31.64,31.69,31.57,31.67,7867.69,2022,6,17
2022-06-17 11:51:00+00:00,31.67,31.69,31.63,31.64,6928.25,2022,6,17
2022-06-17 11:52:00+00:00,31.64,31.67,31.58,31.6,1414.07,2022,6,17
2022-06-17 11:53:00+00:00,31.6,31.64,31.57,31.58,2392.35,2022,6,17
2022-06-17 11:54:00+00:00,31.58,31.59,31.53,31.57,4342.76,2022,6,17
2022-06-17 11:55:00+00:00,31.56,31.64,31.55,31.63,2904.64,2022,6,17
2022-06-17 11:56:00+00:00,31.63,31.64,31.61,31.63,1912.27,2022,6,17
2022-06-17 11:57:00+00:00,31.62,31.65,31.59,31.65,3958.73,2022,6,17
2022-06-17 11:58:00+00:00,31.65,31.68,31.57,31.61,3307.69,2022,6,17
2022-06-17 11:59:00+00:00,31.6,31.64,31.58,31.58,2123.93,2022,6,17
2022-06-17 12:00:00+00:00,31.58,31.67,31.55,31.67,2969.62,2022,6,17
2022-06-17 12:01:00+00:00,31.67,31.68,31.61,31.64,1938.47,2022,6,17
2022-06-17 12:02:00+00:00,31.63,31.68,31.53,31.53,4675.61,2022,6,17
2022-06-17 12:03:00+00:00,31.52,31.57,31.51,31.57,6677.34,2022,6,17
2022-06-17 12:04:00+00:00,31.57,31.67,31.53,31.67,3967.82,2022,6,17
2022-06-17 12:05:00+00:00,31.66,31.69,31.63,31.64,2077.32,2022,6,17
2022-06-17 12:06:00+00:00,31.65,31.72,31.64,31.68,951.37,2022,6,17
2022-06-17 12:07:00+00:00,31.7,31.77,31.7,31.76,1802.81,2022,6,17
2022-06-17 12:08:00+00:00,31.77,31.77,31.71,31.76,3078.24,2022,6,17
2022-06-17 12:09:00+00:00,31.75,31.79,31.72,31.75,1045.74,2022,6,17
2022-06-17 12:10:00+00:00,31.75,31.75,31.7,31.73,1456.13,2022,6,17
2022-06-17 12:11:00+00:00,31.74,31.75,31.71,31.73,999.41,2022,6,17
2022-06-17 12:12:00+00:00,31.73,31.74,31.67,31.7,2777.37,2022,6,17
2022-06-17 12:13:00+00:00,31.7,31.7,31.65,31.65,837.75,2022,6,17
2022-06-17 12:14:00+00:00,31.65,31.69,31.61,31.68,1137.77,2022,6,17
2022-06-17 12:15:00+00:00,31.66,31.67,31.61,31.65,2303.92,2022,6,17
2022-06-17 12:16:00+00:00,31.65,31.82,31.64,31.78,1071.34,2022,6,17
2022-06-17 12:17:00+00:00,31.78,31.78,31.71,31.73,1032.69,2022,6,17
2022-06-17 12:18:00+00:00,31.72,31.74,31.64,31.68,5075.23,2022,6,17
2022-06-17 12:19:00+00:00,31.68,31.69,31.63,31.66,931.99,2022,6,17
2022-06-17 12:20:00+00:00,31.65,31.73,31.61,31.71,2215.78,2022,6,17
2022-06-17 12:21:00+00:00,31.72,31.76,31.7,31.74,1528.99,2022,6,17
2022-06-17 12:22:00+00:00,31.73,31.76,31.71,31.75,991.72,2022,6,17
2022-06-17 12:23:00+00:00,31.75,31.76,31.68,31.69,1272.24,2022,6,17
2022-06-17 12:24:00+00:00,31.69,31.73,31.66,31.72,3170.28,2022,6,17
2022-06-17 12:25:00+00:00,31.73,31.73,31.67,31.67,1796.26,2022,6,17
2022-06-17 12:26:00+00:00,31.66,31.67,31.57,31.63,4576.06,2022,6,17
2022-06-17 12:27:00+00:00,31.63,31.63,31.45,31.46,20862.34,2022,6,17
2022-06-17 12:28:00+00:00,31.46,31.52,31.41,31.52,3794.49,2022,6,17
2022-06-17 12:29:00+00:00,31.52,31.55,31.46,31.49,3342.74,2022,6,17
2022-06-17 12:30:00+00:00,31.49,31.57,31.48,31.49,2121.09,2022,6,17
2022-06-17 12:31:00+00:00,31.49,31.56,31.48,31.52,1831.07,2022,6,17
2022-06-17 12:32:00+00:00,31.51,31.52,31.48,31.49,2679.77,2022,6,17
2022-06-17 12:33:00+00:00,31.49,31.56,31.48,31.52,4499.53,2022,6,17
2022-06-17 12:34:00+00:00,31.51,31.54,31.49,31.51,2012.41,2022,6,17
2022-06-17 12:35:00+00:00,31.5,31.53,31.49,31.51,2721.34,2022,6,17
2022-06-17 12:36:00+00:00,31.52,31.6,31.51,31.55,5309.63,2022,6,17
2022-06-17 12:37:00+00:00,31.55,31.64,31.53,31.62,5470.46,2022,6,17
2022-06-17 12:38:00+00:00,31.62,31.65,31.59,31.63,1827.78,2022,6,17
2022-06-17 12:39:00+00:00,31.62,31.62,31.58,31.62,563.32,2022,6,17
2022-06-17 12:40:00+00:00,31.62,31.69,31.59,31.69,4929.94,2022,6,17
2022-06-17 12:41:00+00:00,31.69,31.69,31.6,31.63,5383.41,2022,6,17
2022-06-17 12:42:00+00:00,31.64,31.64,31.52,31.54,2740.05,2022,6,17
2022-06-17 12:43:00+00:00,31.55,31.58,31.39,31.41,5786.32,2022,6,17
2022-06-17 12:44:00+00:00,31.42,31.42,31.04,31.27,41382.11,2022,6,17
2022-06-17 12:45:00+00:00,31.28,31.45,31.24,31.39,7251.36,2022,6,17
2022-06-17 12:46:00+00:00,31.38,31.43,31.22,31.24,9629.29,2022,6,17
2022-06-17 12:47:00+00:00,31.25,31.32,31.21,31.24,6637.35,2022,6,17
2022-06-17 12:48:00+00:00,31.24,31.28,31.18,31.25,3884.75,2022,6,17
2022-06-17 12:49:00+00:00,31.26,31.26,31.15,31.17,8750.64,2022,6,17
2022-06-17 12:50:00+00:00,31.17,31.2,31.11,31.13,5615.47,2022,6,17
2022-06-17 12:51:00+00:00,31.13,31.16,31.08,31.15,5290.24,2022,6,17
2022-06-17 12:52:00+00:00,31.14,31.21,31.13,31.2,3741.28,2022,6,17
2022-06-17 12:53:00+00:00,31.19,31.19,31.09,31.1,5960.59,2022,6,17
2022-06-17 12:54:00+00:00,31.11,31.15,31.05,31.15,6279.62,2022,6,17
2022-06-17 12:55:00+00:00,31.15,31.24,31.15,31.21,7057.46,2022,6,17
2022-06-17 12:56:00+00:00,31.22,31.23,31.18,31.18,4210.06,2022,6,17
2022-06-17 12:57:00+00:00,31.19,31.28,31.19,31.21,4743.15,2022,6,17
2022-06-17 12:58:00+00:00,31.21,31.22,31.13,31.15,5114.39,2022,6,17
2022-06-17 12:59:00+00:00,31.16,31.23,31.16,31.22,4243.41,2022,6,17
2022-06-17 13:00:00+00:00,31.21,31.23,31.18,31.2,3327.01,2022,6,17
2022-06-17 13:01:00+00:00,31.2,31.26,31.2,31.23,2446.24,2022,6,17
2022-06-17 13:02:00+00:00,31.23,31.25,31.2,31.2,2384.91,2022,6,17
2022-06-17 13:03:00+00:00,31.2,31.24,31.16,31.24,5289.89,2022,6,17
2022-06-17 13:04:00+00:00,31.25,31.26,31.21,31.23,1103.56,2022,6,17
2022-06-17 13:05:00+00:00,31.23,31.25,31.17,31.18,1670.41,2022,6,17
2022-06-17 13:06:00+00:00,31.18,31.18,31.06,31.11,7489.17,2022,6,17
2022-06-17 13:07:00+00:00,31.1,31.11,31.02,31.05,6688.21,2022,6,17
2022-06-17 13:08:00+00:00,31.06,31.1,30.99,31.05,7974.0,2022,6,17
2022-06-17 13:09:00+00:00,31.05,31.09,31.02,31.04,4470.11,2022,6,17
2022-06-17 13:10:00+00:00,31.04,31.12,31.04,31.06,2733.12,2022,6,17
2022-06-17 13:11:00+00:00,31.06,31.07,30.99,30.99,3140.3,2022,6,17
2022-06-17 13:12:00+00:00,31.0,31.06,31.0,31.04,3591.83,2022,6,17
2022-06-17 13:13:00+00:00,31.03,31.1,30.95,30.97,9163.86,2022,6,17
2022-06-17 13:14:00+00:00,30.97,31.05,30.97,30.99,3217.37,2022,6,17
2022-06-17 13:15:00+00:00,30.99,31.04,30.85,31.01,9760.3,2022,6,17
2022-06-17 13:16:00+00:00,31.01,31.12,31.01,31.02,5581.27,2022,6,17
2022-06-17 13:17:00+00:00,31.02,31.06,31.0,31.05,4822.53,2022,6,17
2022-06-17 13:18:00+00:00,31.06,31.1,31.04,31.09,1509.06,2022,6,17
2022-06-17 13:19:00+00:00,31.09,31.17,31.07,31.15,2929.09,2022,6,17
2022-06-17 13:20:00+00:00,31.15,31.15,31.1,31.13,2213.84,2022,6,17
2022-06-17 13:21:00+00:00,31.13,31.19,31.09,31.16,4736.49,2022,6,17
2022-06-17 13:22:00+00:00,31.17,31.18,31.14,31.17,2934.16,2022,6,17
2022-06-17 13:23:00+00:00,31.18,31.18,31.07,31.12,4046.92,2022,6,17
2022-06-17 13:24:00+00:00,31.12,31.16,31.08,31.09,2830.76,2022,6,17
2022-06-17 13:25:00+00:00,31.1,31.17,31.1,31.14,6902.09,2022,6,17
2022-06-17 13:26:00+00:00,31.15,31.17,31.11,31.14,2939.6,2022,6,17
2022-06-17 13:27:00+00:00,31.13,31.37,31.13,31.23,11705.13,2022,6,17
2022-06-17 13:28:00+00:00,31.23,31.23,31.14,31.15,5864.92,2022,6,17
2022-06-17 13:29:00+00:00,31.16,31.17,31.11,31.13,4646.44,2022,6,17
2022-06-17 13:30:00+00:00,31.14,31.37,31.14,31.36,9234.97,2022,6,17
2022-06-17 13:31:00+00:00,31.37,31.66,31.37,31.49,19410.42,2022,6,17
2022-06-17 13:32:00+00:00,31.49,31.54,31.38,31.54,13253.77,2022,6,17
2022-06-17 13:33:00+00:00,31.53,31.62,31.47,31.58,7205.54,2022,6,17
2022-06-17 13:34:00+00:00,31.58,31.63,31.56,31.57,12297.53,2022,6,17
2022-06-17 13:35:00+00:00,31.57,31.63,31.53,31.57,17812.88,2022,6,17
2022-06-17 13:36:00+00:00,31.57,31.61,31.43,31.43,4495.4,2022,6,17
2022-06-17 13:37:00+00:00,31.44,31.59,31.42,31.51,9591.39,2022,6,17
2022-06-17 13:38:00+00:00,31.5,31.53,31.38,31.48,8914.0,2022,6,17
2022-06-17 13:39:00+00:00,31.48,31.48,31.4,31.44,5642.71,2022,6,17
2022-06-17 13:40:00+00:00,31.44,31.63,31.44,31.62,8627.16,2022,6,17
2022-06-17 13:41:00+00:00,31.61,31.83,31.6,31.76,18486.17,2022,6,17
2022-06-17 13:42:00+00:00,31.77,31.87,31.7,31.76,16908.41,2022,6,17
2022-06-17 13:43:00+00:00,31.76,31.85,31.73,31.81,4730.37,2022,6,17
2022-06-17 13:44:00+00:00,31.81,31.9,31.76,31.86,5801.29,2022,6,17
2022-06-17 13:45:00+00:00,31.85,31.96,31.79,31.91,7449.03,2022,6,17
2022-06-17 13:46:00+00:00,31.92,31.99,31.88,31.89,7385.53,2022,6,17
2022-06-17 13:47:00+00:00,31.89,31.94,31.71,31.75,10086.67,2022,6,17
2022-06-17 13:48:00+00:00,31.74,31.8,31.7,31.77,7493.92,2022,6,17
2022-06-17 13:49:00+00:00,31.78,31.85,31.73,31.81,8968.05,2022,6,17
2022-06-17 13:50:00+00:00,31.81,31.92,31.78,31.85,7747.5,2022,6,17
2022-06-17 13:51:00+00:00,31.86,31.96,31.86,31.95,6064.29,2022,6,17
2022-06-17 13:52:00+00:00,31.95,31.98,31.91,31.93,4725.53,2022,6,17
2022-06-17 13:53:00+00:00,31.94,32.01,31.93,31.95,8013.33,2022,6,17
2022-06-17 13:54:00+00:00,31.97,31.98,31.9,31.93,6461.49,2022,6,17
2022-06-17 13:55:00+00:00,31.93,32.06,31.91,32.01,13855.29,2022,6,17
2022-06-17 13:56:00+00:00,32.0,32.08,31.97,31.98,9428.41,2022,6,17
2022-06-17 13:57:00+00:00,31.99,31.99,31.86,31.86,3124.41,2022,6,17
2022-06-17 13:58:00+00:00,31.86,31.87,31.81,31.85,4711.6,2022,6,17
2022-06-17 13:59:00+00:00,31.85,31.86,31.77,31.83,5712.15,2022,6,17
2022-06-17 14:00:00+00:00,31.84,31.85,31.77,31.78,6452.61,2022,6,17
2022-06-17 14:01:00+00:00,31.77,31.8,31.64,31.7,9678.93,2022,6,17
2022-06-17 14:02:00+00:00,31.71,31.78,31.71,31.73,4949.55,2022,6,17
2022-06-17 14:03:00+00:00,31.74,31.77,31.69,31.75,2599.73,2022,6,17
2022-06-17 14:04:00+00:00,31.76,31.8,31.76,31.79,3061.1,2022,6,17
2022-06-17 14:05:00+00:00,31.79,31.81,31.67,31.69,9167.62,2022,6,17
2022-06-17 14:06:00+00:00,31.7,31.79,31.64,31.75,8404.41,2022,6,17
2022-06-17 14:07:00+00:00,31.75,31.85,31.67,31.68,8442.34,2022,6,17
2022-06-17 14:08:00+00:00,31.69,31.72,31.66,31.68,3633.0,2022,6,17
2022-06-17 14:09:00+00:00,31.68,31.73,31.65,31.67,6283.07,2022,6,17
2022-06-17 14:10:00+00:00,31.68,31.72,31.63,31.68,5065.46,2022,6,17
2022-06-17 14:11:00+00:00,31.67,31.71,31.67,31.67,2205.93,2022,6,17
2022-06-17 14:12:00+00:00,31.68,31.74,31.68,31.71,4464.86,2022,6,17
2022-06-17 14:13:00+00:00,31.72,31.73,31.59,31.59,6969.09,2022,6,17
2022-06-17 14:14:00+00:00,31.59,31.63,31.52,31.59,6838.94,2022,6,17
2022-06-17 14:15:00+00:00,31.58,31.61,31.44,31.45,6880.26,2022,6,17
2022-06-17 14:16:00+00:00,31.45,31.46,31.32,31.33,13812.35,2022,6,17
2022-06-17 14:17:00+00:00,31.33,31.39,31.22,31.26,30626.28,2022,6,17
2022-06-17 14:18:00+00:00,31.26,31.32,31.25,31.25,3980.05,2022,6,17
2022-06-17 14:19:00+00:00,31.25,31.28,31.21,31.27,8010.74,2022,6,17
2022-06-17 14:20:00+00:00,31.27,31.27,31.16,31.18,10120.95,2022,6,17
2022-06-17 14:21:00+00:00,31.17,31.19,31.03,31.07,14316.67,2022,6,17
2022-06-17 14:22:00+00:00,31.08,31.16,31.04,31.09,5768.37,2022,6,17
2022-06-17 14:23:00+00:00,31.09,31.12,31.0,31.11,13314.72,2022,6,17
2022-06-17 14:24:00+00:00,31.11,31.12,31.04,31.04,6322.89,2022,6,17
2022-06-17 14:25:00+00:00,31.04,31.11,31.01,31.1,10189.58,2022,6,17
2022-06-17 14:26:00+00:00,31.1,31.14,31.05,31.05,7935.39,2022,6,17
2022-06-17 14:27:00+00:00,31.05,31.08,31.02,31.02,3441.11,2022,6,17
2022-06-17 14:28:00+00:00,31.02,31.02,30.95,31.0,8101.14,2022,6,17
2022-06-17 14:29:00+00:00,31.0,31.11,30.98,31.09,6892.33,2022,6,17
2022-06-17 14:30:00+00:00,31.1,31.29,31.08,31.29,10915.72,2022,6,17
2022-06-17 14:31:00+00:00,31.28,31.29,31.19,31.19,3656.61,2022,6,17
2022-06-17 14:32:00+00:00,31.18,31.21,31.14,31.19,4625.4,2022,6,17
2022-06-17 14:33:00+00:00,31.19,31.2,30.97,30.97,9128.32,2022,6,17
2022-06-17 14:34:00+00:00,30.97,31.02,30.89,30.91,5262.4,2022,6,17
2022-06-17 14:35:00+00:00,30.9,30.99,30.83,30.97,14746.26,2022,6,17
2022-06-17 14:36:00+00:00,30.97,31.03,30.9,31.03,6521.82,2022,6,17
2022-06-17 14:37:00+00:00,31.03,31.11,30.99,31.09,4552.84,2022,6,17
2022-06-17 14:38:00+00:00,31.09,31.24,31.09,31.17,9237.61,2022,6,17
2022-06-17 14:39:00+00:00,31.17,31.19,31.13,31.15,2764.2,2022,6,17
2022-06-17 14:40:00+00:00,31.15,31.16,31.09,31.1,4149.69,2022,6,17
2022-06-17 14:41:00+00:00,31.09,31.09,31.04,31.07,2301.87,2022,6,17
2022-06-17 14:42:00+00:00,31.07,31.15,31.03,31.14,7817.39,2022,6,17
2022-06-17 14:43:00+00:00,31.14,31.23,31.12,31.2,9824.37,2022,6,17
2022-06-17 14:44:00+00:00,31.21,31.21,31.15,31.17,2015.17,2022,6,17
2022-06-17 14:45:00+00:00,31.16,31.17,31.04,31.04,1906.68,2022,6,17
2022-06-17 14:46:00+00:00,31.04,31.18,31.02,31.07,8840.24,2022,6,17
2022-06-17 14:47:00+00:00,31.07,31.13,31.04,31.06,4488.88,2022,6,17
2022-06-17 14:48:00+00:00,31.05,31.1,30.97,30.98,3078.06,2022,6,17
2022-06-17 14:49:00+00:00,30.97,31.13,30.95,31.08,10840.45,2022,6,17
2022-06-17 14:50:00+00:00,31.07,31.19,31.05,31.19,4516.85,2022,6,17
2022-06-17 14:51:00+00:00,31.18,31.19,31.13,31.17,3178.31,2022,6,17
2022-06-17 14:52:00+00:00,31.17,31.22,31.09,31.22,4435.86,2022,6,17
2022-06-17 14:53:00+00:00,31.23,31.26,31.18,31.2,5311.64,2022,6,17
2022-06-17 14:54:00+00:00,31.2,31.25,31.18,31.22,3915.39,2022,6,17
2022-06-17 14:55:00+00:00,31.23,31.29,31.21,31.21,6217.55,2022,6,17
2022-06-17 14:56:00+00:00,31.22,31.28,31.21,31.26,4178.58,2022,6,17
2022-06-17 14:57:00+00:00,31.26,31.27,31.21,31.23,6228.51,2022,6,17
2022-06-17 14:58:00+00:00,31.23,31.3,31.21,31.26,6508.83,2022,6,17
2022-06-17 14:59:00+00:00,31.26,31.26,31.21,31.22,3464.65,2022,6,17
2022-06-17 15:00:00+00:00,31.22,31.24,31.14,31.15,5256.37,2022,6,17
2022-06-17 15:01:00+00:00,31.14,31.32,31.12,31.29,5276.1,2022,6,17
2022-06-17 15:02:00+00:00,31.29,31.4,31.23,31.37,10229.95,2022,6,17
2022-06-17 15:03:00+00:00,31.37,31.45,31.32,31.42,6005.98,2022,6,17
2022-06-17 15:04:00+00:00,31.42,31.42,31.34,31.34,4334.73,2022,6,17
2022-06-17 15:05:00+00:00,31.34,31.45,31.31,31.43,3110.24,2022,6,17
2022-06-17 15:06:00+00:00,31.43,31.47,31.43,31.43,6697.54,2022,6,17
2022-06-17 15:07:00+00:00,31.44,31.48,31.42,31.48,4718.29,2022,6,17
2022-06-17 15:08:00+00:00,31.48,31.49,31.4,31.4,4045.79,2022,6,17
2022-06-17 15:09:00+00:00,31.4,31.42,31.38,31.4,3233.73,2022,6,17
2022-06-17 15:10:00+00:00,31.4,31.42,31.32,31.34,3422.43,2022,6,17
2022-06-17 15:11:00+00:00,31.34,31.37,31.3,31.31,2706.1,2022,6,17
2022-06-17 15:12:00+00:00,31.31,31.31,31.2,31.22,3027.53,2022,6,17
2022-06-17 15:13:00+00:00,31.23,31.23,31.18,31.23,3697.48,2022,6,17
2022-06-17 15:14:00+00:00,31.24,31.24,31.19,31.2,2111.72,2022,6,17
2022-06-17 15:15:00+00:00,31.19,31.29,31.17,31.17,7596.14,2022,6,17
2022-06-17 15:16:00+00:00,31.17,31.28,31.16,31.28,2991.37,2022,6,17
2022-06-17 15:17:00+00:00,31.28,31.37,31.28,31.31,4190.61,2022,6,17
2022-06-17 15:18:00+00:00,31.31,31.41,31.31,31.38,2568.69,2022,6,17
2022-06-17 15:19:00+00:00,31.38,31.52,31.38,31.49,10286.37,2022,6,17
2022-06-17 15:20:00+00:00,31.5,31.52,31.36,31.38,6669.43,2022,6,17
2022-06-17 15:21:00+00:00,31.39,31.45,31.34,31.34,1722.24,2022,6,17
2022-06-17 15:22:00+00:00,31.33,31.35,31.3,31.34,3063.24,2022,6,17
2022-06-17 15:23:00+00:00,31.33,31.37,31.31,31.32,3070.29,2022,6,17
2022-06-17 15:24:00+00:00,31.31,31.34,31.26,31.32,2014.1,2022,6,17
2022-06-17 15:25:00+00:00,31.33,31.34,31.23,31.25,4227.81,2022,6,17
2022-06-17 15:26:00+00:00,31.25,31.26,31.15,31.24,12815.39,2022,6,17
2022-06-17 15:27:00+00:00,31.24,31.4,31.24,31.4,3869.98,2022,6,17
2022-06-17 15:28:00+00:00,31.39,31.45,31.36,31.43,10390.59,2022,6,17
2022-06-17 15:29:00+00:00,31.42,31.42,31.36,31.39,1950.97,2022,6,17
2022-06-17 15:30:00+00:00,31.4,31.48,31.38,31.45,5544.43,2022,6,17
2022-06-17 15:31:00+00:00,31.46,31.52,31.4,31.42,3459.22,2022,6,17
2022-06-17 15:32:00+00:00,31.42,31.5,31.41,31.48,2684.19,2022,6,17
2022-06-17 15:33:00+00:00,31.47,31.47,31.36,31.36,2531.4,2022,6,17
2022-06-17 15:34:00+00:00,31.36,31.4,31.25,31.25,4447.13,2022,6,17
2022-06-17 15:35:00+00:00,31.25,31.32,31.22,31.22,5396.05,2022,6,17
2022-06-17 15:36:00+00:00,31.21,31.23,31.13,31.14,13557.72,2022,6,17
2022-06-17 15:37:00+00:00,31.14,31.2,31.12,31.16,4982.22,2022,6,17
2022-06-17 15:38:00+00:00,31.16,31.18,31.1,31.1,4544.9,2022,6,17
2022-06-17 15:39:00+00:00,31.09,31.21,31.06,31.2,5504.89,2022,6,17
2022-06-17 15:40:00+00:00,31.19,31.3,31.19,31.25,3175.01,2022,6,17
2022-06-17 15:41:00+00:00,31.24,31.25,31.2,31.21,2446.26,2022,6,17
2022-06-17 15:42:00+00:00,31.2,31.2,31.09,31.09,2977.05,2022,6,17
2022-06-17 15:43:00+00:00,31.09,31.17,31.06,31.15,3091.61,2022,6,17
2022-06-17 15:44:00+00:00,31.16,31.17,31.09,31.09,2129.13,2022,6,17
2022-06-17 15:45:00+00:00,31.08,31.18,31.06,31.18,6320.68,2022,6,17
2022-06-17 15:46:00+00:00,31.18,31.21,31.13,31.14,2955.3,2022,6,17
2022-06-17 15:47:00+00:00,31.14,31.16,31.1,31.12,8208.79,2022,6,17
2022-06-17 15:48:00+00:00,31.13,31.22,31.12,31.2,2981.06,2022,6,17
2022-06-17 15:49:00+00:00,31.2,31.23,31.13,31.15,2687.71,2022,6,17
2022-06-17 15:50:00+00:00,31.15,31.21,31.14,31.15,1684.05,2022,6,17
2022-06-17 15:51:00+00:00,31.14,31.14,30.98,31.0,6830.39,2022,6,17
2022-06-17 15:52:00+00:00,31.01,31.05,30.95,30.99,6207.8,2022,6,17
2022-06-17 15:53:00+00:00,30.99,31.03,30.96,31.0,8465.4,2022,6,17
2022-06-17 15:54:00+00:00,31.0,31.04,30.94,30.97,3352.32,2022,6,17
2022-06-17 15:55:00+00:00,30.98,30.99,30.93,30.94,2588.83,2022,6,17
2022-06-17 15:56:00+00:00,30.94,31.02,30.94,30.98,3163.28,2022,6,17
2022-06-17 15:57:00+00:00,30.98,31.13,30.98,31.1,4959.73,2022,6,17
2022-06-17 15:58:00+00:00,31.1,31.19,31.05,31.19,1666.33,2022,6,17
2022-06-17 15:59:00+00:00,31.2,31.27,31.19,31.21,6391.96,2022,6,17
2022-06-17 16:00:00+00:00,31.2,31.25,31.15,31.23,7499.56,2022,6,17
2022-06-17 16:01:00+00:00,31.22,31.22,31.06,31.12,5105.01,2022,6,17
2022-06-17 16:02:00+00:00,31.12,31.31,31.06,31.19,14775.53,2022,6,17
2022-06-17 16:03:00+00:00,31.2,31.34,31.16,31.32,6643.23,2022,6,17
2022-06-17 16:04:00+00:00,31.33,31.37,31.31,31.34,4661.07,2022,6,17
2022-06-17 16:05:00+00:00,31.33,31.34,31.19,31.21,5286.03,2022,6,17
2022-06-17 16:06:00+00:00,31.2,31.38,31.19,31.37,5624.11,2022,6,17
2022-06-17 16:07:00+00:00,31.37,31.45,31.37,31.42,5527.94,2022,6,17
2022-06-17 16:08:00+00:00,31.41,31.43,31.35,31.39,3346.58,2022,6,17
2022-06-17 16:09:00+00:00,31.39,31.42,31.32,31.41,3810.5,2022,6,17
2022-06-17 16:10:00+00:00,31.4,31.46,31.38,31.43,6614.99,2022,6,17
2022-06-17 16:11:00+00:00,31.43,31.45,31.35,31.36,4792.59,2022,6,17
2022-06-17 16:12:00+00:00,31.37,31.44,31.36,31.41,4103.89,2022,6,17
2022-06-17 16:13:00+00:00,31.41,31.54,31.39,31.51,6485.57,2022,6,17
2022-06-17 16:14:00+00:00,31.51,31.55,31.48,31.51,8638.12,2022,6,17
2022-06-17 16:15:00+00:00,31.51,31.54,31.44,31.44,6377.88,2022,6,17
2022-06-17 16:16:00+00:00,31.44,31.52,31.44,31.45,5956.53,2022,6,17
2022-06-17 16:17:00+00:00,31.45,31.51,31.4,31.51,3044.99,2022,6,17
2022-06-17 16:18:00+00:00,31.5,31.5,31.38,31.43,3574.21,2022,6,17
2022-06-17 16:19:00+00:00,31.43,31.44,31.38,31.4,3485.68,2022,6,17
2022-06-17 16:20:00+00:00,31.4,31.43,31.36,31.36,2425.28,2022,6,17
2022-06-17 16:21:00+00:00,31.37,31.44,31.34,31.38,3464.16,2022,6,17
2022-06-17 16:22:00+00:00,31.38,31.4,31.33,31.36,3251.4,2022,6,17
2022-06-17 16:23:00+00:00,31.37,31.39,31.35,31.37,1653.83,2022,6,17
2022-06-17 16:24:00+00:00,31.38,31.41,31.33,31.38,3729.95,2022,6,17
2022-06-17 16:25:00+00:00,31.37,31.39,31.32,31.35,2050.8,2022,6,17
2022-06-17 16:26:00+00:00,31.35,31.39,31.34,31.35,4212.85,2022,6,17
2022-06-17 16:27:00+00:00,31.35,31.39,31.31,31.39,3146.9,2022,6,17
2022-06-17 16:28:00+00:00,31.38,31.4,31.34,31.35,1776.42,2022,6,17
2022-06-17 16:29:00+00:00,31.34,31.34,31.25,31.28,4407.18,2022,6,17
2022-06-17 16:30:00+00:00,31.28,31.29,31.19,31.19,3977.39,2022,6,17
2022-06-17 16:31:00+00:00,31.18,31.2,31.13,31.18,4052.44,2022,6,17
2022-06-17 16:32:00+00:00,31.19,31.22,31.16,31.16,8116.41,2022,6,17
2022-06-17 16:33:00+00:00,31.16,31.21,31.14,31.2,6249.23,2022,6,17
2022-06-17 16:34:00+00:00,31.2,31.22,31.17,31.17,4405.22,2022,6,17
2022-06-17 16:35:00+00:00,31.17,31.18,31.12,31.14,3658.41,2022,6,17
2022-06-17 16:36:00+00:00,31.13,31.21,31.11,31.2,1975.81,2022,6,17
2022-06-17 16:37:00+00:00,31.19,31.24,31.15,31.24,3401.31,2022,6,17
2022-06-17 16:38:00+00:00,31.25,31.31,31.18,31.27,3313.47,2022,6,17
2022-06-17 16:39:00+00:00,31.27,31.32,31.22,31.31,3772.53,2022,6,17
2022-06-17 16:40:00+00:00,31.31,31.31,31.23,31.23,3639.8,2022,6,17
2022-06-17 16:41:00+00:00,31.24,31.3,31.22,31.24,1274.67,2022,6,17
2022-06-17 16:42:00+00:00,31.24,31.24,31.13,31.16,2470.02,2022,6,17
2022-06-17 16:43:00+00:00,31.15,31.2,31.13,31.2,1914.16,2022,6,17
2022-06-17 16:44:00+00:00,31.19,31.28,31.16,31.28,1879.73,2022,6,17
2022-06-17 16:45:00+00:00,31.29,31.29,31.16,31.16,3191.04,2022,6,17
2022-06-17 16:46:00+00:00,31.17,31.27,31.15,31.27,2772.33,2022,6,17
2022-06-17 16:47:00+00:00,31.27,31.34,31.25,31.3,3554.01,2022,6,17
2022-06-17 16:48:00+00:00,31.31,31.36,31.28,31.36,1428.15,2022,6,17
2022-06-17 16:49:00+00:00,31.36,31.53,31.35,31.44,18645.16,2022,6,17
2022-06-17 16:50:00+00:00,31.44,31.45,31.4,31.42,1294.0,2022,6,17
2022-06-17 16:51:00+00:00,31.42,31.44,31.23,31.24,3566.96,2022,6,17
2022-06-17 16:52:00+00:00,31.25,31.25,31.09,31.13,16131.1,2022,6,17
2022-06-17 16:53:00+00:00,31.13,31.14,31.04,31.08,7671.52,2022,6,17
2022-06-17 16:54:00+00:00,31.09,31.12,31.07,31.09,3601.3,2022,6,17
2022-06-17 16:55:00+00:00,31.1,31.18,31.08,31.12,2350.14,2022,6,17
2022-06-17 16:56:00+00:00,31.11,31.11,31.05,31.05,3201.52,2022,6,17
2022-06-17 16:57:00+00:00,31.04,31.07,31.02,31.03,7543.57,2022,6,17
2022-06-17 16:58:00+00:00,31.03,31.2,31.02,31.12,21029.19,2022,6,17
2022-06-17 16:59:00+00:00,31.12,31.16,31.09,31.09,1956.78,2022,6,17
2022-06-17 17:00:00+00:00,31.09,31.1,30.96,30.99,4697.0,2022,6,17
2022-06-17 17:01:00+00:00,31.0,31.07,30.98,31.06,6123.47,2022,6,17
2022-06-17 17:02:00+00:00,31.08,31.15,31.08,31.1,3107.26,2022,6,17
2022-06-17 17:03:00+00:00,31.11,31.13,31.05,31.06,2197.63,2022,6,17
2022-06-17 17:04:00+00:00,31.06,31.18,31.06,31.17,1973.48,2022,6,17
2022-06-17 17:05:00+00:00,31.17,31.23,31.16,31.22,5538.29,2022,6,17
2022-06-17 17:06:00+00:00,31.21,31.23,31.15,31.21,2950.71,2022,6,17
2022-06-17 17:07:00+00:00,31.21,31.31,31.2,31.3,6149.53,2022,6,17
2022-06-17 17:08:00+00:00,31.31,31.4,31.28,31.39,8449.86,2022,6,17
2022-06-17 17:09:00+00:00,31.38,31.41,31.33,31.35,5022.51,2022,6,17
2022-06-17 17:10:00+00:00,31.34,31.34,31.29,31.32,2486.77,2022,6,17
2022-06-17 17:11:00+00:00,31.33,31.39,31.33,31.38,1991.72,2022,6,17
2022-06-17 17:12:00+00:00,31.39,31.49,31.38,31.47,8038.02,2022,6,17
2022-06-17 17:13:00+00:00,31.48,31.5,31.39,31.41,8615.36,2022,6,17
2022-06-17 17:14:00+00:00,31.41,31.62,31.38,31.59,11753.28,2022,6,17
2022-06-17 17:15:00+00:00,31.59,31.68,31.55,31.58,11594.9,2022,6,17
2022-06-17 17:16:00+00:00,31.57,31.68,31.53,31.66,6230.09,2022,6,17
2022-06-17 17:17:00+00:00,31.66,31.67,31.61,31.64,4099.75,2022,6,17
2022-06-17 17:18:00+00:00,31.65,31.7,31.58,31.59,4905.81,2022,6,17
2022-06-17 17:19:00+00:00,31.58,31.67,31.57,31.58,6633.25,2022,6,17
2022-06-17 17:20:00+00:00,31.57,31.57,31.43,31.44,3128.13,2022,6,17
2022-06-17 17:21:00+00:00,31.44,31.46,31.41,31.42,1493.96,2022,6,17
2022-06-17 17:22:00+00:00,31.43,31.46,31.41,31.44,2389.7,2022,6,17
2022-06-17 17:23:00+00:00,31.44,31.5,31.4,31.49,2186.0,2022,6,17
2022-06-17 17:24:00+00:00,31.49,31.68,31.46,31.64,6025.72,2022,6,17
2022-06-17 17:25:00+00:00,31.64,31.64,31.54,31.55,3385.34,2022,6,17
2022-06-17 17:26:00+00:00,31.54,31.58,31.51,31.58,5327.48,2022,6,17
2022-06-17 17:27:00+00:00,31.57,31.8,31.56,31.74,6068.0,2022,6,17
2022-06-17 17:28:00+00:00,31.73,31.74,31.61,31.64,3905.82,2022,6,17
2022-06-17 17:29:00+00:00,31.63,31.65,31.57,31.6,2122.06,2022,6,17
2022-06-17 17:30:00+00:00,31.6,31.64,31.57,31.59,2798.97,2022,6,17
2022-06-17 17:31:00+00:00,31.58,31.61,31.5,31.5,3415.34,2022,6,17
2022-06-17 17:32:00+00:00,31.49,31.51,31.45,31.46,4011.94,2022,6,17
2022-06-17 17:33:00+00:00,31.46,31.55,31.44,31.53,1123.71,2022,6,17
2022-06-17 17:34:00+00:00,31.53,31.62,31.52,31.62,3021.32,2022,6,17
2022-06-17 17:35:00+00:00,31.62,31.62,31.58,31.61,2874.79,2022,6,17
2022-06-17 17:36:00+00:00,31.61,31.66,31.56,31.65,2126.97,2022,6,17
2022-06-17 17:37:00+00:00,31.65,31.66,31.54,31.55,1730.36,2022,6,17
2022-06-17 17:38:00+00:00,31.55,31.56,31.44,31.45,2497.8,2022,6,17
2022-06-17 17:39:00+00:00,31.45,31.5,31.41,31.46,5143.47,2022,6,17
2022-06-17 17:40:00+00:00,31.46,31.5,31.46,31.5,1935.1,2022,6,17
2022-06-17 17:41:00+00:00,31.5,31.52,31.48,31.49,2081.73,2022,6,17
2022-06-17 17:42:00+00:00,31.5,31.55,31.5,31.54,3295.16,2022,6,17
2022-06-17 17:43:00+00:00,31.53,31.6,31.5,31.54,3211.97,2022,6,17
2022-06-17 17:44:00+00:00,31.54,31.59,31.53,31.56,4802.03,2022,6,17
2022-06-17 17:45:00+00:00,31.56,31.57,31.48,31.54,2071.14,2022,6,17
2022-06-17 17:46:00+00:00,31.54,31.56,31.47,31.47,3799.03,2022,6,17
2022-06-17 17:47:00+00:00,31.46,31.47,31.33,31.44,3989.52,2022,6,17
2022-06-17 17:48:00+00:00,31.45,31.46,31.39,31.42,1716.92,2022,6,17
2022-06-17 17:49:00+00:00,31.42,31.68,31.39,31.63,7154.07,2022,6,17
2022-06-17 17:50:00+00:00,31.63,31.8,31.63,31.73,7758.22,2022,6,17
2022-06-17 17:51:00+00:00,31.73,31.73,31.67,31.72,2801.65,2022,6,17
2022-06-17 17:52:00+00:00,31.73,31.75,31.68,31.71,1145.3,2022,6,17
2022-06-17 17:53:00+00:00,31.71,31.72,31.67,31.68,2520.48,2022,6,17
2022-06-17 17:54:00+00:00,31.67,31.73,31.64,31.66,6127.4,2022,6,17
2022-06-17 17:55:00+00:00,31.65,31.67,31.53,31.59,2527.19,2022,6,17
2022-06-17 17:56:00+00:00,31.6,31.62,31.53,31.59,6383.74,2022,6,17
2022-06-17 17:57:00+00:00,31.6,31.62,31.53,31.55,2557.91,2022,6,17
2022-06-17 17:58:00+00:00,31.56,31.57,31.53,31.56,1256.43,2022,6,17
2022-06-17 17:59:00+00:00,31.55,31.61,31.52,31.61,2250.06,2022,6,17
2022-06-17 18:00:00+00:00,31.61,31.65,31.55,31.65,3166.58,2022,6,17
2022-06-17 18:01:00+00:00,31.65,31.67,31.6,31.6,5958.76,2022,6,17
2022-06-17 18:02:00+00:00,31.59,31.65,31.58,31.65,1491.81,2022,6,17
2022-06-17 18:03:00+00:00,31.64,31.64,31.57,31.57,1841.14,2022,6,17
2022-06-17 18:04:00+00:00,31.57,31.62,31.55,31.62,2762.78,2022,6,17
2022-06-17 18:05:00+00:00,31.61,31.68,31.59,31.67,2022.38,2022,6,17
2022-06-17 18:06:00+00:00,31.67,31.68,31.57,31.61,3689.06,2022,6,17
2022-06-17 18:07:00+00:00,31.62,31.64,31.57,31.62,1704.85,2022,6,17
2022-06-17 18:08:00+00:00,31.62,31.68,31.6,31.66,1564.8,2022,6,17
2022-06-17 18:09:00+00:00,31.68,31.8,31.66,31.78,2157.38,2022,6,17
2022-06-17 18:10:00+00:00,31.78,31.9,31.74,31.9,6372.03,2022,6,17
2022-06-17 18:11:00+00:00,31.91,31.95,31.79,31.88,6513.33,2022,6,17
2022-06-17 18:12:00+00:00,31.87,31.94,31.86,31.93,2167.36,2022,6,17
2022-06-17 18:13:00+00:00,31.92,31.95,31.87,31.94,3555.25,2022,6,17
2022-06-17 18:14:00+00:00,31.94,32.04,31.87,32.01,20662.31,2022,6,17
2022-06-17 18:15:00+00:00,32.0,32.04,31.9,31.95,8198.01,2022,6,17
2022-06-17 18:16:00+00:00,31.96,32.04,31.96,32.02,6837.43,2022,6,17
2022-06-17 18:17:00+00:00,32.02,32.04,31.94,31.99,5071.21,2022,6,17
2022-06-17 18:18:00+00:00,32.0,32.06,31.98,32.05,8847.46,2022,6,17
2022-06-17 18:19:00+00:00,32.05,32.08,32.03,32.04,4199.67,2022,6,17
2022-06-17 18:20:00+00:00,32.03,32.08,32.02,32.07,6427.94,2022,6,17
2022-06-17 18:21:00+00:00,32.07,32.12,31.99,32.09,13127.56,2022,6,17
2022-06-17 18:22:00+00:00,32.08,32.1,32.02,32.07,3502.58,2022,6,17
2022-06-17 18:23:00+00:00,32.07,32.1,32.04,32.06,3136.51,2022,6,17
2022-06-17 18:24:00+00:00,32.07,32.09,32.01,32.04,7567.87,2022,6,17
2022-06-17 18:25:00+00:00,32.04,32.05,31.9,31.92,4833.62,2022,6,17
2022-06-17 18:26:00+00:00,31.91,32.01,31.89,32.01,9214.14,2022,6,17
2022-06-17 18:27:00+00:00,32.01,32.02,31.98,31.99,4703.0,2022,6,17
2022-06-17 18:28:00+00:00,31.99,32.0,31.93,31.93,3281.57,2022,6,17
2022-06-17 18:29:00+00:00,31.92,31.92,31.82,31.85,10765.77,2022,6,17
2022-06-17 18:30:00+00:00,31.84,31.84,31.8,31.8,4805.71,2022,6,17
2022-06-17 18:31:00+00:00,31.81,31.82,31.62,31.68,30930.58,2022,6,17
2022-06-17 18:32:00+00:00,31.69,31.74,31.66,31.68,3130.03,2022,6,17
2022-06-17 18:33:00+00:00,31.67,31.71,31.66,31.7,3100.37,2022,6,17
2022-06-17 18:34:00+00:00,31.7,31.74,31.69,31.74,5460.26,2022,6,17
2022-06-17 18:35:00+00:00,31.74,31.74,31.68,31.68,2606.38,2022,6,17
2022-06-17 18:36:00+00:00,31.69,31.7,31.66,31.68,2126.6,2022,6,17
2022-06-17 18:37:00+00:00,31.68,31.71,31.68,31.7,1293.29,2022,6,17
2022-06-17 18:38:00+00:00,31.69,31.7,31.68,31.69,1355.41,2022,6,17
2022-06-17 18:39:00+00:00,31.69,31.82,31.68,31.82,2818.67,2022,6,17
2022-06-17 18:40:00+00:00,31.82,31.88,31.76,31.77,3306.78,2022,6,17
2022-06-17 18:41:00+00:00,31.75,31.76,31.69,31.72,2248.49,2022,6,17
2022-06-17 18:42:00+00:00,31.71,31.72,31.69,31.71,1416.9,2022,6,17
2022-06-17 18:43:00+00:00,31.71,31.72,31.62,31.62,5614.55,2022,6,17
2022-06-17 18:44:00+00:00,31.63,31.63,31.52,31.54,8432.2,2022,6,17
2022-06-17 18:45:00+00:00,31.54,31.56,31.47,31.5,4578.87,2022,6,17
2022-06-17 18:46:00+00:00,31.5,31.57,31.47,31.56,4477.6,2022,6,17
2022-06-17 18:47:00+00:00,31.57,31.59,31.53,31.58,3796.04,2022,6,17
2022-06-17 18:48:00+00:00,31.58,31.61,31.56,31.59,3917.71,2022,6,17
2022-06-17 18:49:00+00:00,31.59,31.61,31.56,31.57,2000.28,2022,6,17
2022-06-17 18:50:00+00:00,31.56,31.63,31.53,31.6,4654.93,2022,6,17
2022-06-17 18:51:00+00:00,31.6,31.62,31.56,31.59,3148.86,2022,6,17
2022-06-17 18:52:00+00:00,31.59,31.63,31.57,31.57,1552.91,2022,6,17
2022-06-17 18:53:00+00:00,31.57,31.58,31.55,31.56,1791.98,2022,6,17
2022-06-17 18:54:00+00:00,31.56,31.6,31.55,31.56,1918.65,2022,6,17
2022-06-17 18:55:00+00:00,31.56,31.6,31.56,31.59,2594.07,2022,6,17
2022-06-17 18:56:00+00:00,31.59,31.6,31.53,31.53,3952.85,2022,6,17
2022-06-17 18:57:00+00:00,31.53,31.54,31.41,31.45,7961.01,2022,6,17
2022-06-17 18:58:00+00:00,31.46,31.46,31.39,31.42,6211.05,2022,6,17
2022-06-17 18:59:00+00:00,31.43,31.5,31.41,31.49,3371.5,2022,6,17
2022-06-17 19:00:00+00:00,31.49,31.57,31.47,31.54,5834.29,2022,6,17
2022-06-17 19:01:00+00:00,31.54,31.56,31.51,31.54,1255.18,2022,6,17
2022-06-17 19:02:00+00:00,31.54,31.57,31.51,31.56,4782.75,2022,6,17
2022-06-17 19:03:00+00:00,31.56,31.6,31.54,31.54,2838.34,2022,6,17
2022-06-17 19:04:00+00:00,31.54,31.54,31.44,31.46,3822.43,2022,6,17
2022-06-17 19:05:00+00:00,31.47,31.49,31.41,31.42,3936.86,2022,6,17
2022-06-17 19:06:00+00:00,31.42,31.43,31.34,31.37,10711.05,2022,6,17
2022-06-17 19:07:00+00:00,31.37,31.52,31.36,31.43,4631.16,2022,6,17
2022-06-17 19:08:00+00:00,31.43,31.43,31.38,31.41,2567.97,2022,6,17
2022-06-17 19:09:00+00:00,31.4,31.44,31.38,31.39,3243.75,2022,6,17
2022-06-17 19:10:00+00:00,31.39,31.4,31.32,31.37,3655.56,2022,6,17
2022-06-17 19:11:00+00:00,31.37,31.41,31.34,31.34,2719.12,2022,6,17
2022-06-17 19:12:00+00:00,31.34,31.35,31.28,31.29,3409.61,2022,6,17
2022-06-17 19:13:00+00:00,31.28,31.32,31.26,31.29,5053.28,2022,6,17
2022-06-17 19:14:00+00:00,31.29,31.45,31.29,31.42,4425.08,2022,6,17
2022-06-17 19:15:00+00:00,31.41,31.46,31.39,31.45,3328.45,2022,6,17
2022-06-17 19:16:00+00:00,31.45,31.47,31.42,31.43,3662.33,2022,6,17
2022-06-17 19:17:00+00:00,31.42,31.47,31.41,31.47,1898.67,2022,6,17
2022-06-17 19:18:00+00:00,31.46,31.52,31.46,31.49,5925.57,2022,6,17
2022-06-17 19:19:00+00:00,31.48,31.5,31.46,31.49,1907.96,2022,6,17
2022-06-17 19:20:00+00:00,31.49,31.57,31.49,31.55,3655.86,2022,6,17
2022-06-17 19:21:00+00:00,31.56,31.6,31.52,31.52,3312.86,2022,6,17
2022-06-17 19:22:00+00:00,31.51,31.56,31.49,31.55,2971.17,2022,6,17
2022-06-17 19:23:00+00:00,31.55,31.55,31.52,31.54,1976.81,2022,6,17
2022-06-17 19:24:00+00:00,31.54,31.56,31.51,31.53,7185.19,2022,6,17
2022-06-17 19:25:00+00:00,31.54,31.56,31.52,31.54,1395.7,2022,6,17
2022-06-17 19:26:00+00:00,31.54,31.56,31.53,31.54,1980.35,2022,6,17
2022-06-17 19:27:00+00:00,31.54,31.56,31.47,31.47,2589.11,2022,6,17
2022-06-17 19:28:00+00:00,31.47,31.48,31.43,31.45,3560.24,2022,6,17
2022-06-17 19:29:00+00:00,31.45,31.47,31.41,31.42,2140.83,2022,6,17
2022-06-17 19:30:00+00:00,31.41,31.43,31.34,31.34,3260.16,2022,6,17
2022-06-17 19:31:00+00:00,31.34,31.34,31.29,31.33,3557.12,2022,6,17
2022-06-17 19:32:00+00:00,31.33,31.39,31.25,31.36,10129.14,2022,6,17
2022-06-17 19:33:00+00:00,31.36,31.37,31.25,31.25,3534.68,2022,6,17
2022-06-17 19:34:00+00:00,31.24,31.31,31.24,31.27,4495.87,2022,6,17
2022-06-17 19:35:00+00:00,31.26,31.33,31.25,31.33,2788.38,2022,6,17
2022-06-17 19:36:00+00:00,31.33,31.35,31.29,31.29,5191.14,2022,6,17
2022-06-17 19:37:00+00:00,31.29,31.33,31.29,31.33,1832.17,2022,6,17
2022-06-17 19:38:00+00:00,31.34,31.38,31.34,31.37,3174.83,2022,6,17
2022-06-17 19:39:00+00:00,31.37,31.4,31.35,31.39,1799.56,2022,6,17
2022-06-17 19:40:00+00:00,31.39,31.39,31.32,31.33,3069.67,2022,6,17
2022-06-17 19:41:00+00:00,31.33,31.39,31.33,31.37,2339.61,2022,6,17
2022-06-17 19:42:00+00:00,31.38,31.44,31.37,31.43,2283.41,2022,6,17
2022-06-17 19:43:00+00:00,31.41,31.43,31.38,31.39,3308.99,2022,6,17
2022-06-17 19:44:00+00:00,31.39,31.43,31.39,31.4,2336.5,2022,6,17
2022-06-17 19:45:00+00:00,31.4,31.4,31.37,31.37,4099.14,2022,6,17
2022-06-17 19:46:00+00:00,31.37,31.42,31.35,31.41,2606.33,2022,6,17
2022-06-17 19:47:00+00:00,31.41,31.43,31.39,31.4,2467.47,2022,6,17
2022-06-17 19:48:00+00:00,31.4,31.44,31.38,31.42,2155.79,2022,6,17
2022-06-17 19:49:00+00:00,31.42,31.46,31.36,31.4,6402.36,2022,6,17
2022-06-17 19:50:00+00:00,31.4,31.4,31.35,31.36,6862.19,2022,6,17
2022-06-17 19:51:00+00:00,31.36,31.38,31.32,31.32,2967.95,2022,6,17
2022-06-17 19:52:00+00:00,31.32,31.34,31.29,31.33,3719.48,2022,6,17
2022-06-17 19:53:00+00:00,31.33,31.34,31.25,31.25,3220.9,2022,6,17
2022-06-17 19:54:00+00:00,31.25,31.28,31.21,31.23,9184.61,2022,6,17
2022-06-17 19:55:00+00:00,31.23,31.29,31.22,31.23,4853.89,2022,6,17
2022-06-17 19:56:00+00:00,31.23,31.23,31.18,31.19,4951.06,2022,6,17
2022-06-17 19:57:00+00:00,31.18,31.2,31.15,31.17,4559.85,2022,6,17
2022-06-17 19:58:00+00:00,31.17,31.2,31.15,31.17,3846.41,2022,6,17
2022-06-17 19:59:00+00:00,31.17,31.19,31.14,31.14,3644.86,2022,6,17
2022-06-17 20:00:00+00:00,31.14,31.26,31.13,31.24,4374.79,2022,6,17
2022-06-17 20:01:00+00:00,31.24,31.28,31.19,31.25,3374.6,2022,6,17
2022-06-17 20:02:00+00:00,31.25,31.29,31.24,31.27,2514.54,2022,6,17
2022-06-17 20:03:00+00:00,31.28,31.3,31.25,31.27,2493.9,2022,6,17
2022-06-17 20:04:00+00:00,31.27,31.35,31.27,31.33,9230.66,2022,6,17
2022-06-17 20:05:00+00:00,31.33,31.34,31.3,31.3,5970.4,2022,6,17
2022-06-17 20:06:00+00:00,31.3,31.35,31.3,31.32,1643.69,2022,6,17
2022-06-17 20:07:00+00:00,31.32,31.33,31.31,31.32,1986.82,2022,6,17
2022-06-17 20:08:00+00:00,31.31,31.46,31.31,31.41,5189.04,2022,6,17
2022-06-17 20:09:00+00:00,31.41,31.48,31.39,31.4,9676.17,2022,6,17
2022-06-17 20:10:00+00:00,31.39,31.4,31.35,31.35,1718.05,2022,6,17
2022-06-17 20:11:00+00:00,31.35,31.41,31.35,31.41,2415.5,2022,6,17
2022-06-17 20:12:00+00:00,31.41,31.43,31.37,31.43,2385.5,2022,6,17
2022-06-17 20:13:00+00:00,31.44,31.45,31.4,31.41,1037.4,2022,6,17
2022-06-17 20:14:00+00:00,31.4,31.4,31.36,31.36,2104.97,2022,6,17
2022-06-17 20:15:00+00:00,31.36,31.43,31.36,31.39,5113.3,2022,6,17
2022-06-17 20:16:00+00:00,31.4,31.41,31.38,31.38,2156.15,2022,6,17
2022-06-17 20:17:00+00:00,31.38,31.46,31.38,31.43,3697.86,2022,6,17
2022-06-17 20:18:00+00:00,31.43,31.46,31.43,31.43,3074.61,2022,6,17
2022-06-17 20:19:00+00:00,31.42,31.44,31.38,31.39,3112.78,2022,6,17
2022-06-17 20:20:00+00:00,31.39,31.43,31.37,31.43,1913.69,2022,6,17
2022-06-17 20:21:00+00:00,31.43,31.51,31.42,31.51,4644.03,2022,6,17
2022-06-17 20:22:00+00:00,31.5,31.59,31.49,31.53,7154.63,2022,6,17
2022-06-17 20:23:00+00:00,31.53,31.58,31.51,31.55,3804.07,2022,6,17
2022-06-17 20:24:00+00:00,31.54,31.6,31.54,31.57,2986.66,2022,6,17
2022-06-17 20:25:00+00:00,31.58,31.63,31.58,31.59,2463.92,2022,6,17
2022-06-17 20:26:00+00:00,31.6,31.62,31.59,31.61,1295.37,2022,6,17
2022-06-17 20:27:00+00:00,31.61,31.65,31.58,31.63,4163.67,2022,6,17
2022-06-17 20:28:00+00:00,31.63,31.68,31.61,31.66,6040.36,2022,6,17
2022-06-17 20:29:00+00:00,31.65,31.67,31.63,31.65,4061.57,2022,6,17
2022-06-17 20:30:00+00:00,31.65,31.7,31.6,31.69,3692.51,2022,6,17
2022-06-17 20:31:00+00:00,31.69,31.74,31.68,31.71,5011.64,2022,6,17
2022-06-17 20:32:00+00:00,31.72,31.73,31.7,31.73,2396.05,2022,6,17
2022-06-17 20:33:00+00:00,31.73,31.74,31.68,31.7,1350.72,2022,6,17
2022-06-17 20:34:00+00:00,31.7,31.7,31.64,31.65,1985.52,2022,6,17
2022-06-17 20:35:00+00:00,31.65,31.68,31.64,31.66,2462.19,2022,6,17
2022-06-17 20:36:00+00:00,31.66,31.67,31.64,31.64,1009.36,2022,6,17
2022-06-17 20:37:00+00:00,31.63,31.67,31.57,31.57,3595.79,2022,6,17
2022-06-17 20:38:00+00:00,31.57,31.62,31.57,31.6,2186.45,2022,6,17
2022-06-17 20:39:00+00:00,31.6,31.63,31.58,31.59,1302.62,2022,6,17
2022-06-17 20:40:00+00:00,31.59,31.61,31.58,31.59,1165.0,2022,6,17
2022-06-17 20:41:00+00:00,31.59,31.59,31.54,31.57,1939.64,2022,6,17
2022-06-17 20:42:00+00:00,31.57,31.59,31.55,31.59,1339.77,2022,6,17
2022-06-17 20:43:00+00:00,31.58,31.59,31.56,31.58,1231.6,2022,6,17
2022-06-17 20:44:00+00:00,31.58,31.6,31.56,31.58,862.5,2022,6,17
2022-06-17 20:45:00+00:00,31.59,31.64,31.57,31.64,1374.82,2022,6,17
2022-06-17 20:46:00+00:00,31.64,31.72,31.62,31.69,2373.62,2022,6,17
2022-06-17 20:47:00+00:00,31.69,31.69,31.65,31.65,1309.92,2022,6,17
2022-06-17 20:48:00+00:00,31.64,31.67,31.6,31.62,5480.29,2022,6,17
2022-06-17 20:49:00+00:00,31.62,31.66,31.6,31.64,3242.81,2022,6,17
2022-06-17 20:50:00+00:00,31.63,31.64,31.61,31.62,905.75,2022,6,17
2022-06-17 20:51:00+00:00,31.62,31.62,31.59,31.61,838.28,2022,6,17
2022-06-17 20:52:00+00:00,31.62,31.63,31.6,31.62,1183.81,2022,6,17
2022-06-17 20:53:00+00:00,31.62,31.62,31.57,31.58,1076.33,2022,6,17
2022-06-17 20:54:00+00:00,31.58,31.58,31.54,31.56,1153.12,2022,6,17
2022-06-17 20:55:00+00:00,31.57,31.58,31.55,31.57,569.23,2022,6,17
2022-06-17 20:56:00+00:00,31.57,31.65,31.56,31.64,1383.81,2022,6,17
2022-06-17 20:57:00+00:00,31.64,31.68,31.63,31.67,593.22,2022,6,17
2022-06-17 20:58:00+00:00,31.67,31.69,31.66,31.69,3237.85,2022,6,17
2022-06-17 20:59:00+00:00,31.68,31.68,31.63,31.63,1488.37,2022,6,17
2022-06-17 21:00:00+00:00,31.64,31.74,31.64,31.74,1145.05,2022,6,17
2022-06-17 21:01:00+00:00,31.73,31.73,31.71,31.71,501.96,2022,6,17
2022-06-17 21:02:00+00:00,31.71,31.71,31.67,31.67,345.76,2022,6,17
2022-06-17 21:03:00+00:00,31.66,31.7,31.65,31.67,1549.89,2022,6,17
2022-06-17 21:04:00+00:00,31.66,31.66,31.56,31.56,960.52,2022,6,17
2022-06-17 21:05:00+00:00,31.56,31.59,31.52,31.58,1151.32,2022,6,17
2022-06-17 21:06:00+00:00,31.59,31.65,31.59,31.63,519.66,2022,6,17
2022-06-17 21:07:00+00:00,31.64,31.67,31.63,31.66,2298.04,2022,6,17
2022-06-17 21:08:00+00:00,31.67,31.68,31.66,31.66,683.77,2022,6,17
2022-06-17 21:09:00+00:00,31.66,31.67,31.6,31.61,671.71,2022,6,17
2022-06-17 21:10:00+00:00,31.61,31.63,31.6,31.62,151.96,2022,6,17
2022-06-17 21:11:00+00:00,31.63,31.63,31.61,31.61,465.83,2022,6,17
2022-06-17 21:12:00+00:00,31.61,31.61,31.52,31.53,1541.32,2022,6,17
2022-06-17 21:13:00+00:00,31.53,31.55,31.53,31.53,1673.92,2022,6,17
2022-06-17 21:14:00+00:00,31.53,31.53,31.51,31.52,512.17,2022,6,17
2022-06-17 21:15:00+00:00,31.52,31.53,31.5,31.5,554.3,2022,6,17
2022-06-17 21:16:00+00:00,31.51,31.55,31.5,31.55,2492.89,2022,6,17
2022-06-17 21:17:00+00:00,31.55,31.55,31.53,31.55,431.12,2022,6,17
2022-06-17 21:18:00+00:00,31.55,31.55,31.53,31.53,214.61,2022,6,17
2022-06-17 21:19:00+00:00,31.53,31.53,31.52,31.52,172.69,2022,6,17
2022-06-17 21:20:00+00:00,31.53,31.54,31.53,31.53,1157.52,2022,6,17
2022-06-17 21:21:00+00:00,31.53,31.54,31.52,31.52,548.52,2022,6,17
2022-06-17 21:22:00+00:00,31.53,31.54,31.53,31.54,1062.44,2022,6,17
2022-06-17 21:23:00+00:00,31.55,31.57,31.54,31.57,2449.91,2022,6,17
2022-06-17 21:24:00+00:00,31.56,31.56,31.5,31.51,1696.3,2022,6,17
2022-06-17 21:25:00+00:00,31.51,31.51,31.47,31.47,1497.82,2022,6,17
2022-06-17 21:26:00+00:00,31.47,31.49,31.44,31.44,1756.34,2022,6,17
2022-06-17 21:27:00+00:00,31.45,31.45,31.43,31.44,1940.89,2022,6,17
2022-06-17 21:28:00+00:00,31.44,31.46,31.42,31.42,1952.23,2022,6,17
2022-06-17 21:29:00+00:00,31.42,31.47,31.42,31.44,2098.56,2022,6,17
2022-06-17 21:30:00+00:00,31.43,31.43,31.41,31.42,163.59,2022,6,17
2022-06-17 21:31:00+00:00,31.41,31.42,31.39,31.39,350.4,2022,6,17
2022-06-17 21:32:00+00:00,31.39,31.4,31.35,31.35,569.44,2022,6,17
2022-06-17 21:33:00+00:00,31.35,31.36,31.35,31.36,125.02,2022,6,17
2022-06-17 21:34:00+00:00,31.36,31.36,31.33,31.35,689.84,2022,6,17
2022-06-17 21:35:00+00:00,31.35,31.35,31.31,31.34,2644.35,2022,6,17
2022-06-17 21:36:00+00:00,31.35,31.36,31.34,31.36,1578.34,2022,6,17
2022-06-17 21:37:00+00:00,31.36,31.36,31.35,31.36,321.21,2022,6,17
2022-06-17 21:38:00+00:00,31.35,31.36,31.35,31.35,233.86,2022,6,17
2022-06-17 21:39:00+00:00,31.35,31.36,31.34,31.34,980.36,2022,6,17
2022-06-17 21:40:00+00:00,31.34,31.35,31.33,31.34,121.73,2022,6,17
2022-06-17 21:41:00+00:00,31.35,31.35,31.34,31.35,156.82,2022,6,17
2022-06-17 21:42:00+00:00,31.34,31.35,31.34,31.35,298.1,2022,6,17
2022-06-17 21:43:00+00:00,31.35,31.36,31.34,31.35,389.57,2022,6,17
2022-06-17 21:44:00+00:00,31.35,31.35,31.34,31.35,904.15,2022,6,17
2022-06-17 21:45:00+00:00,31.35,31.36,31.34,31.34,234.32,2022,6,17
2022-06-17 21:46:00+00:00,31.34,31.35,31.32,31.33,669.27,2022,6,17
2022-06-17 21:47:00+00:00,31.32,31.35,31.32,31.35,1110.45,2022,6,17
2022-06-17 21:48:00+00:00,31.35,31.37,31.35,31.35,2140.17,2022,6,17
2022-06-17 21:49:00+00:00,31.35,31.41,31.35,31.41,2025.38,2022,6,17
2022-06-17 21:50:00+00:00,31.4,31.5,31.39,31.49,2521.19,2022,6,17
2022-06-17 21:51:00+00:00,31.49,31.49,31.46,31.46,978.23,2022,6,17
2022-06-17 21:52:00+00:00,31.45,31.45,31.32,31.32,2141.25,2022,6,17
2022-06-17 21:53:00+00:00,31.32,31.32,31.22,31.24,2167.58,2022,6,17
2022-06-17 21:54:00+00:00,31.24,31.29,31.23,31.29,2382.48,2022,6,17
2022-06-17 21:55:00+00:00,31.29,31.29,31.28,31.29,161.99,2022,6,17
2022-06-17 21:56:00+00:00,31.29,31.32,31.28,31.32,362.48,2022,6,17
2022-06-17 21:57:00+00:00,31.31,31.33,31.24,31.26,728.4,2022,6,17
2022-06-17 21:58:00+00:00,31.25,31.3,31.25,31.29,420.87,2022,6,17
2022-06-17 21:59:00+00:00,31.29,31.3,31.27,31.29,1979.6,2022,6,17
2022-06-17 22:00:00+00:00,31.29,31.32,31.28,31.3,1023.43,2022,6,17
2022-06-17 22:01:00+00:00,31.31,31.33,31.3,31.32,497.67,2022,6,17
2022-06-17 22:02:00+00:00,31.32,31.33,31.3,31.33,177.83,2022,6,17
2022-06-17 22:03:00+00:00,31.32,31.38,31.32,31.37,2843.03,2022,6,17
2022-06-17 22:04:00+00:00,31.36,31.36,31.35,31.36,402.66,2022,6,17
2022-06-17 22:05:00+00:00,31.36,31.38,31.35,31.37,1660.38,2022,6,17
2022-06-17 22:06:00+00:00,31.38,31.46,31.38,31.45,4558.03,2022,6,17
2022-06-17 22:07:00+00:00,31.46,31.48,31.43,31.47,1179.34,2022,6,17
2022-06-17 22:08:00+00:00,31.47,31.47,31.43,31.46,3906.22,2022,6,17
2022-06-17 22:09:00+00:00,31.47,31.47,31.44,31.45,820.12,2022,6,17
2022-06-17 22:10:00+00:00,31.46,31.46,31.41,31.41,701.17,2022,6,17
2022-06-17 22:11:00+00:00,31.41,31.44,31.4,31.44,1824.83,2022,6,17
2022-06-17 22:12:00+00:00,31.44,31.44,31.4,31.41,927.43,2022,6,17
2022-06-17 22:13:00+00:00,31.41,31.42,31.4,31.42,16966.12,2022,6,17
2022-06-17 22:14:00+00:00,31.42,31.43,31.4,31.43,3679.56,2022,6,17
2022-06-17 22:15:00+00:00,31.44,31.57,31.44,31.57,4352.62,2022,6,17
2022-06-17 22:16:00+00:00,31.56,31.64,31.54,31.59,10971.53,2022,6,17
2022-06-17 22:17:00+00:00,31.59,31.6,31.53,31.56,16685.64,2022,6,17
2022-06-17 22:18:00+00:00,31.56,31.63,31.55,31.55,11306.5,2022,6,17
2022-06-17 22:19:00+00:00,31.55,31.55,31.34,31.35,6360.67,2022,6,17
2022-06-17 22:20:00+00:00,31.34,31.37,31.32,31.33,1687.06,2022,6,17
2022-06-17 22:21:00+00:00,31.32,31.33,31.16,31.17,8120.15,2022,6,17
2022-06-17 22:22:00+00:00,31.17,31.2,31.04,31.08,13420.21,2022,6,17
2022-06-17 22:23:00+00:00,31.09,31.13,31.09,31.13,1454.57,2022,6,17
2022-06-17 22:24:00+00:00,31.12,31.12,31.07,31.12,2031.07,2022,6,17
2022-06-17 22:25:00+00:00,31.11,31.12,30.98,30.99,6829.08,2022,6,17
2022-06-17 22:26:00+00:00,31.0,31.09,31.0,31.05,3289.14,2022,6,17
2022-06-17 22:27:00+00:00,31.05,31.13,31.03,31.09,2182.56,2022,6,17
2022-06-17 22:28:00+00:00,31.09,31.12,31.0,31.12,7451.22,2022,6,17
2022-06-17 22:29:00+00:00,31.13,31.18,31.08,31.09,5636.76,2022,6,17
2022-06-17 22:30:00+00:00,31.09,31.16,31.08,31.15,2032.5,2022,6,17
2022-06-17 22:31:00+00:00,31.14,31.14,31.08,31.09,1576.43,2022,6,17
2022-06-17 22:32:00+00:00,31.08,31.1,30.98,31.01,3188.94,2022,6,17
2022-06-17 22:33:00+00:00,31.02,31.06,30.99,31.04,1466.86,2022,6,17
2022-06-17 22:34:00+00:00,31.03,31.07,31.01,31.05,1336.05,2022,6,17
2022-06-17 22:35:00+00:00,31.05,31.08,31.01,31.01,3457.81,2022,6,17
2022-06-17 22:36:00+00:00,31.01,31.05,31.0,31.05,1324.45,2022,6,17
2022-06-17 22:37:00+00:00,31.05,31.09,31.04,31.06,1260.14,2022,6,17
2022-06-17 22:38:00+00:00,31.06,31.08,31.03,31.05,2246.44,2022,6,17
2022-06-17 22:39:00+00:00,31.05,31.05,30.98,30.99,1546.3,2022,6,17
2022-06-17 22:40:00+00:00,30.99,31.05,30.99,31.02,686.98,2022,6,17
2022-06-17 22:41:00+00:00,31.02,31.04,31.0,31.02,846.81,2022,6,17
2022-06-17 22:42:00+00:00,31.03,31.04,31.02,31.04,542.59,2022,6,17
2022-06-17 22:43:00+00:00,31.03,31.06,31.02,31.05,894.63,2022,6,17
2022-06-17 22:44:00+00:00,31.05,31.05,30.98,30.98,1640.17,2022,6,17
2022-06-17 22:45:00+00:00,30.97,30.97,30.71,30.95,20223.49,2022,6,17
2022-06-17 22:46:00+00:00,30.94,31.0,30.93,31.0,3645.05,2022,6,17
2022-06-17 22:47:00+00:00,30.99,31.01,30.96,30.99,1120.24,2022,6,17
2022-06-17 22:48:00+00:00,30.99,31.03,30.98,31.02,1272.65,2022,6,17
2022-06-17 22:49:00+00:00,31.02,31.02,30.97,30.99,1558.9,2022,6,17
2022-06-17 22:50:00+00:00,30.99,31.0,30.97,31.0,1486.39,2022,6,17
2022-06-17 22:51:00+00:00,31.01,31.01,30.98,31.0,1749.73,2022,6,17
2022-06-17 22:52:00+00:00,31.0,31.04,30.99,31.04,1541.63,2022,6,17
2022-06-17 22:53:00+00:00,31.04,31.09,31.04,31.09,1789.49,2022,6,17
2022-06-17 22:54:00+00:00,31.1,31.11,31.04,31.06,2059.7,2022,6,17
2022-06-17 22:55:00+00:00,31.06,31.06,30.98,31.0,2587.52,2022,6,17
2022-06-17 22:56:00+00:00,31.0,31.02,30.99,30.99,1692.13,2022,6,17
2022-06-17 22:57:00+00:00,31.0,31.04,31.0,31.03,641.32,2022,6,17
2022-06-17 22:58:00+00:00,31.03,31.03,30.97,30.99,2782.01,2022,6,17
2022-06-17 22:59:00+00:00,30.98,30.99,30.91,30.93,2565.82,2022,6,17
2022-06-17 23:00:00+00:00,30.92,30.92,30.77,30.88,8204.99,2022,6,17
2022-06-17 23:01:00+00:00,30.88,30.91,30.87,30.88,2214.35,2022,6,17
2022-06-17 23:02:00+00:00,30.89,30.94,30.89,30.94,1184.26,2022,6,17
2022-06-17 23:03:00+00:00,30.94,30.96,30.91,30.92,932.23,2022,6,17
2022-06-17 23:04:00+00:00,30.92,30.95,30.88,30.95,2352.72,2022,6,17
2022-06-17 23:05:00+00:00,30.94,30.95,30.92,30.94,924.45,2022,6,17
2022-06-17 23:06:00+00:00,30.94,30.94,30.89,30.89,608.8,2022,6,17
2022-06-17 23:07:00+00:00,30.89,30.94,30.88,30.94,1074.32,2022,6,17
2022-06-17 23:08:00+00:00,30.93,30.95,30.93,30.94,1196.61,2022,6,17
2022-06-17 23:09:00+00:00,30.95,30.96,30.95,30.96,743.27,2022,6,17
2022-06-17 23:10:00+00:00,30.96,31.02,30.96,30.98,1904.64,2022,6,17
2022-06-17 23:11:00+00:00,30.97,30.98,30.92,30.92,1095.94,2022,6,17
2022-06-17 23:12:00+00:00,30.92,30.97,30.92,30.97,1666.2,2022,6,17
2022-06-17 23:13:00+00:00,30.98,31.0,30.95,30.99,5138.81,2022,6,17
2022-06-17 23:14:00+00:00,30.99,31.0,30.95,30.95,352.07,2022,6,17
2022-06-17 23:15:00+00:00,30.96,30.98,30.94,30.95,3633.44,2022,6,17
2022-06-17 23:16:00+00:00,30.94,30.94,30.88,30.94,3724.15,2022,6,17
2022-06-17 23:17:00+00:00,30.95,31.0,30.95,30.97,2382.99,2022,6,17
2022-06-17 23:18:00+00:00,30.97,31.0,30.96,31.0,2921.16,2022,6,17
2022-06-17 23:19:00+00:00,31.0,31.03,30.98,31.02,2098.88,2022,6,17
2022-06-17 23:20:00+00:00,31.01,31.03,31.0,31.0,2603.12,2022,6,17
2022-06-17 23:21:00+00:00,31.0,31.01,30.94,30.98,4052.2,2022,6,17
2022-06-17 23:22:00+00:00,30.98,30.98,30.95,30.96,2906.35,2022,6,17
2022-06-17 23:23:00+00:00,30.96,30.99,30.96,30.97,1601.63,2022,6,17
2022-06-17 23:24:00+00:00,30.98,31.0,30.94,31.0,3676.91,2022,6,17
2022-06-17 23:25:00+00:00,31.0,31.0,30.97,30.97,1264.22,2022,6,17
2022-06-17 23:26:00+00:00,30.97,30.98,30.92,30.92,1904.2,2022,6,17
2022-06-17 23:27:00+00:00,30.92,30.99,30.92,30.99,3048.56,2022,6,17
2022-06-17 23:28:00+00:00,30.99,31.04,30.99,31.03,991.28,2022,6,17
2022-06-17 23:29:00+00:00,31.03,31.05,31.01,31.04,1365.25,2022,6,17
2022-06-17 23:30:00+00:00,31.03,31.1,31.01,31.1,1148.08,2022,6,17
2022-06-17 23:31:00+00:00,31.1,31.12,31.02,31.04,2899.72,2022,6,17
2022-06-17 23:32:00+00:00,31.04,31.04,30.98,31.03,1719.89,2022,6,17
2022-06-17 23:33:00+00:00,31.02,31.04,31.02,31.04,947.62,2022,6,17
2022-06-17 23:34:00+00:00,31.05,31.06,31.01,31.02,1486.46,2022,6,17
2022-06-17 23:35:00+00:00,31.02,31.05,31.0,31.05,1633.47,2022,6,17
2022-06-17 23:36:00+00:00,31.06,31.06,31.02,31.02,589.03,2022,6,17
2022-06-17 23:37:00+00:00,31.03,31.03,30.89,30.94,2354.21,2022,6,17
2022-06-17 23:38:00+00:00,30.95,30.96,30.94,30.96,877.17,2022,6,17
2022-06-17 23:39:00+00:00,30.96,31.03,30.95,31.03,1718.76,2022,6,17
2022-06-17 23:40:00+00:00,31.03,31.03,30.96,30.96,468.19,2022,6,17
2022-06-17 23:41:00+00:00,30.96,30.99,30.95,30.98,1417.73,2022,6,17
2022-06-17 23:42:00+00:00,30.97,30.99,30.97,30.98,811.32,2022,6,17
2022-06-17 23:43:00+00:00,30.98,31.03,30.98,31.0,1340.03,2022,6,17
2022-06-17 23:44:00+00:00,30.99,31.03,30.99,31.0,3653.22,2022,6,17
2022-06-17 23:45:00+00:00,31.01,31.08,31.01,31.07,2975.32,2022,6,17
2022-06-17 23:46:00+00:00,31.07,31.07,31.0,31.01,1599.37,2022,6,17
2022-06-17 23:47:00+00:00,31.0,31.0,30.84,30.84,4151.21,2022,6,17
2022-06-17 23:48:00+00:00,30.84,30.85,30.78,30.82,3937.95,2022,6,17
2022-06-17 23:49:00+00:00,30.83,30.89,30.83,30.89,2224.13,2022,6,17
2022-06-17 23:50:00+00:00,30.89,30.89,30.8,30.8,3097.51,2022,6,17
2022-06-17 23:51:00+00:00,30.8,30.84,30.77,30.83,5118.76,2022,6,17
2022-06-17 23:52:00+00:00,30.82,30.85,30.81,30.83,1289.79,2022,6,17
2022-06-17 23:53:00+00:00,30.83,30.86,30.83,30.84,1048.72,2022,6,17
2022-06-17 23:54:00+00:00,30.84,30.86,30.78,30.78,886.96,2022,6,17
2022-06-17 23:55:00+00:00,30.79,30.79,30.57,30.67,22535.07,2022,6,17
2022-06-17 23:56:00+00:00,30.66,30.71,30.66,30.67,1846.02,2022,6,17
2022-06-17 23:57:00+00:00,30.67,30.71,30.66,30.67,523.2,2022,6,17
2022-06-17 23:58:00+00:00,30.67,30.71,30.67,30.68,803.87,2022,6,17
2022-06-17 23:59:00+00:00,30.67,30.71,30.66,30.71,1636.58,2022,6,17
2022-06-18 00:00:00+00:00,30.72,30.72,30.61,30.62,4406.32,2022,6,18
2022-06-18 00:01:00+00:00,30.62,30.74,30.58,30.68,3337.54,2022,6,18
2022-06-18 00:02:00+00:00,30.69,30.79,30.64,30.79,3672.78,2022,6,18
2022-06-18 00:03:00+00:00,30.79,30.81,30.71,30.74,3508.14,2022,6,18
2022-06-18 00:04:00+00:00,30.74,30.83,30.72,30.81,4406.22,2022,6,18
2022-06-18 00:05:00+00:00,30.81,30.87,30.8,30.85,2325.9,2022,6,18
2022-06-18 00:06:00+00:00,30.83,30.83,30.79,30.81,1032.85,2022,6,18
2022-06-18 00:07:00+00:00,30.8,30.8,30.71,30.72,2363.46,2022,6,18
2022-06-18 00:08:00+00:00,30.72,30.81,30.7,30.78,3645.56,2022,6,18
2022-06-18 00:09:00+00:00,30.79,30.83,30.78,30.82,4767.68,2022,6,18
2022-06-18 00:10:00+00:00,30.81,30.97,30.81,30.97,9618.62,2022,6,18
2022-06-18 00:11:00+00:00,30.97,30.99,30.93,30.97,5058.11,2022,6,18
2022-06-18 00:12:00+00:00,30.97,31.09,30.95,31.07,6558.85,2022,6,18
2022-06-18 00:13:00+00:00,31.05,31.05,30.97,31.0,3775.86,2022,6,18
2022-06-18 00:14:00+00:00,31.01,31.04,30.98,31.02,1618.86,2022,6,18
2022-06-18 00:15:00+00:00,31.02,31.09,30.99,30.99,2193.64,2022,6,18
2022-06-18 00:16:00+00:00,30.99,30.99,30.92,30.99,5267.16,2022,6,18
2022-06-18 00:17:00+00:00,31.0,31.1,31.0,31.09,3963.69,2022,6,18
2022-06-18 00:18:00+00:00,31.08,31.12,31.08,31.12,1378.44,2022,6,18
2022-06-18 00:19:00+00:00,31.11,31.17,31.07,31.1,4067.69,2022,6,18
2022-06-18 00:20:00+00:00,31.1,31.11,31.06,31.09,1637.39,2022,6,18
2022-06-18 00:21:00+00:00,31.1,31.1,31.04,31.1,1128.48,2022,6,18
2022-06-18 00:22:00+00:00,31.09,31.09,31.03,31.03,591.85,2022,6,18
2022-06-18 00:23:00+00:00,31.03,31.05,31.03,31.03,528.06,2022,6,18
2022-06-18 00:24:00+00:00,31.04,31.08,31.04,31.06,1658.51,2022,6,18
2022-06-18 00:25:00+00:00,31.05,31.08,31.05,31.07,1027.78,2022,6,18
2022-06-18 00:26:00+00:00,31.08,31.09,31.06,31.07,514.38,2022,6,18
2022-06-18 00:27:00+00:00,31.06,31.13,31.02,31.12,3360.18,2022,6,18
2022-06-18 00:28:00+00:00,31.11,31.18,31.1,31.1,4297.75,2022,6,18
2022-06-18 00:29:00+00:00,31.1,31.17,31.1,31.16,3229.77,2022,6,18
2022-06-18 00:30:00+00:00,31.18,31.21,31.12,31.18,3068.83,2022,6,18
2022-06-18 00:31:00+00:00,31.18,31.31,31.18,31.28,11151.47,2022,6,18
2022-06-18 00:32:00+00:00,31.29,31.32,31.24,31.26,3925.37,2022,6,18
2022-06-18 00:33:00+00:00,31.26,31.29,31.23,31.28,1251.35,2022,6,18
2022-06-18 00:34:00+00:00,31.27,31.28,31.22,31.27,3198.79,2022,6,18
2022-06-18 00:35:00+00:00,31.27,31.28,31.23,31.25,3628.75,2022,6,18
2022-06-18 00:36:00+00:00,31.24,31.24,31.21,31.22,543.13,2022,6,18
2022-06-18 00:37:00+00:00,31.22,31.23,31.14,31.15,1945.94,2022,6,18
2022-06-18 00:38:00+00:00,31.15,31.19,31.12,31.19,1581.9,2022,6,18
2022-06-18 00:39:00+00:00,31.18,31.21,31.17,31.2,3423.6,2022,6,18
2022-06-18 00:40:00+00:00,31.2,31.2,31.15,31.15,671.59,2022,6,18
2022-06-18 00:41:00+00:00,31.15,31.15,31.07,31.12,3790.86,2022,6,18
2022-06-18 00:42:00+00:00,31.12,31.12,31.09,31.09,1560.08,2022,6,18
2022-06-18 00:43:00+00:00,31.09,31.09,31.04,31.06,1161.21,2022,6,18
2022-06-18 00:44:00+00:00,31.07,31.15,31.07,31.14,1642.87,2022,6,18
2022-06-18 00:45:00+00:00,31.15,31.16,31.11,31.14,5027.23,2022,6,18
2022-06-18 00:46:00+00:00,31.14,31.14,31.1,31.12,4260.57,2022,6,18
2022-06-18 00:47:00+00:00,31.12,31.12,31.09,31.11,1471.26,2022,6,18
2022-06-18 00:48:00+00:00,31.11,31.11,31.03,31.03,866.61,2022,6,18
2022-06-18 00:49:00+00:00,31.04,31.11,31.03,31.07,2477.94,2022,6,18
2022-06-18 00:50:00+00:00,31.08,31.1,31.08,31.1,412.81,2022,6,18
2022-06-18 00:51:00+00:00,31.1,31.12,31.09,31.12,768.64,2022,6,18
2022-06-18 00:52:00+00:00,31.12,31.13,31.11,31.11,409.6,2022,6,18
2022-06-18 00:53:00+00:00,31.12,31.16,31.12,31.12,2032.96,2022,6,18
2022-06-18 00:54:00+00:00,31.12,31.12,31.01,31.02,5281.67,2022,6,18
2022-06-18 00:55:00+00:00,31.02,31.06,31.01,31.04,956.92,2022,6,18
2022-06-18 00:56:00+00:00,31.05,31.05,30.97,31.0,3466.36,2022,6,18
2022-06-18 00:57:00+00:00,31.0,31.02,30.98,30.99,944.44,2022,6,18
2022-06-18 00:58:00+00:00,30.99,31.02,30.98,30.99,1031.04,2022,6,18
2022-06-18 00:59:00+00:00,30.99,31.0,30.94,30.98,4197.64,2022,6,18
2022-06-18 01:00:00+00:00,30.99,31.06,30.99,31.04,4023.47,2022,6,18
2022-06-18 01:01:00+00:00,31.04,31.04,30.99,31.02,1952.93,2022,6,18
2022-06-18 01:02:00+00:00,31.02,31.06,31.0,31.0,1220.01,2022,6,18
2022-06-18 01:03:00+00:00,31.01,31.04,31.0,31.02,966.49,2022,6,18
2022-06-18 01:04:00+00:00,31.02,31.04,31.0,31.0,2949.75,2022,6,18
2022-06-18 01:05:00+00:00,31.01,31.06,31.01,31.04,874.79,2022,6,18
2022-06-18 01:06:00+00:00,31.04,31.08,31.03,31.05,1586.68,2022,6,18
2022-06-18 01:07:00+00:00,31.05,31.07,31.02,31.07,1272.52,2022,6,18
2022-06-18 01:08:00+00:00,31.06,31.06,31.04,31.05,467.87,2022,6,18
2022-06-18 01:09:00+00:00,31.05,31.05,31.03,31.04,1786.88,2022,6,18
2022-06-18 01:10:00+00:00,31.04,31.04,31.0,31.02,2634.59,2022,6,18
2022-06-18 01:11:00+00:00,31.02,31.03,30.94,30.96,4899.45,2022,6,18
2022-06-18 01:12:00+00:00,30.96,30.96,30.88,30.89,3349.02,2022,6,18
2022-06-18 01:13:00+00:00,30.9,30.9,30.78,30.82,8995.79,2022,6,18
2022-06-18 01:14:00+00:00,30.82,30.83,30.78,30.79,1147.95,2022,6,18
2022-06-18 01:15:00+00:00,30.78,30.86,30.78,30.81,2070.29,2022,6,18
2022-06-18 01:16:00+00:00,30.81,30.86,30.81,30.86,566.39,2022,6,18
2022-06-18 01:17:00+00:00,30.86,30.86,30.77,30.78,1352.34,2022,6,18
2022-06-18 01:18:00+00:00,30.79,30.81,30.77,30.78,1136.22,2022,6,18
2022-06-18 01:19:00+00:00,30.78,30.78,30.7,30.71,4234.79,2022,6,18
2022-06-18 01:20:00+00:00,30.71,30.75,30.65,30.73,2146.71,2022,6,18
2022-06-18 01:21:00+00:00,30.72,30.75,30.7,30.74,1130.71,2022,6,18
2022-06-18 01:22:00+00:00,30.73,30.77,30.71,30.76,1150.45,2022,6,18
2022-06-18 01:23:00+00:00,30.75,30.75,30.72,30.73,688.51,2022,6,18
2022-06-18 01:24:00+00:00,30.74,30.74,30.69,30.69,765.69,2022,6,18
2022-06-18 01:25:00+00:00,30.68,30.7,30.67,30.69,744.47,2022,6,18
2022-06-18 01:26:00+00:00,30.69,30.7,30.67,30.67,512.85,2022,6,18
2022-06-18 01:27:00+00:00,30.67,30.69,30.67,30.67,1639.67,2022,6,18
2022-06-18 01:28:00+00:00,30.67,30.68,30.65,30.65,929.39,2022,6,18
2022-06-18 01:29:00+00:00,30.65,30.69,30.63,30.67,4939.33,2022,6,18
2022-06-18 01:30:00+00:00,30.67,30.68,30.65,30.67,1344.2,2022,6,18
2022-06-18 01:31:00+00:00,30.67,30.69,30.66,30.66,582.62,2022,6,18
2022-06-18 01:32:00+00:00,30.66,30.67,30.58,30.62,5283.42,2022,6,18
2022-06-18 01:33:00+00:00,30.61,30.62,30.56,30.57,4335.83,2022,6,18
2022-06-18 01:34:00+00:00,30.57,30.58,30.38,30.4,21264.68,2022,6,18
2022-06-18 01:35:00+00:00,30.41,30.5,30.4,30.43,1938.26,2022,6,18
2022-06-18 01:36:00+00:00,30.42,30.43,30.35,30.37,3693.5,2022,6,18
2022-06-18 01:37:00+00:00,30.37,30.42,30.28,30.39,5506.21,2022,6,18
2022-06-18 01:38:00+00:00,30.38,30.39,30.34,30.37,2769.45,2022,6,18
2022-06-18 01:39:00+00:00,30.37,30.39,30.34,30.36,4120.2,2022,6,18
2022-06-18 01:40:00+00:00,30.37,30.38,30.25,30.28,5646.52,2022,6,18
2022-06-18 01:41:00+00:00,30.28,30.31,30.27,30.29,2316.01,2022,6,18
2022-06-18 01:42:00+00:00,30.29,30.31,30.23,30.28,4792.16,2022,6,18
2022-06-18 01:43:00+00:00,30.27,30.29,30.21,30.25,6688.13,2022,6,18
2022-06-18 01:44:00+00:00,30.26,30.27,30.0,30.2,95848.34,2022,6,18
2022-06-18 01:45:00+00:00,30.2,30.35,30.18,30.35,5297.31,2022,6,18
2022-06-18 01:46:00+00:00,30.35,30.38,30.29,30.31,5002.28,2022,6,18
2022-06-18 01:47:00+00:00,30.3,30.34,30.29,30.34,2805.4,2022,6,18
2022-06-18 01:48:00+00:00,30.34,30.36,30.31,30.33,1469.69,2022,6,18
2022-06-18 01:49:00+00:00,30.33,30.39,30.33,30.39,3974.35,2022,6,18
2022-06-18 01:50:00+00:00,30.39,30.42,30.37,30.42,4385.58,2022,6,18
2022-06-18 01:51:00+00:00,30.43,30.51,30.42,30.44,4280.37,2022,6,18
2022-06-18 01:52:00+00:00,30.44,30.44,30.4,30.41,958.77,2022,6,18
2022-06-18 01:53:00+00:00,30.42,30.42,30.34,30.35,1262.8,2022,6,18
2022-06-18 01:54:00+00:00,30.35,30.43,30.35,30.42,588.83,2022,6,18
2022-06-18 01:55:00+00:00,30.42,30.43,30.34,30.34,526.44,2022,6,18
2022-06-18 01:56:00+00:00,30.34,30.34,30.32,30.32,1193.52,2022,6,18
2022-06-18 01:57:00+00:00,30.33,30.35,30.32,30.33,1444.21,2022,6,18
2022-06-18 01:58:00+00:00,30.34,30.36,30.34,30.34,502.17,2022,6,18
2022-06-18 01:59:00+00:00,30.35,30.36,30.3,30.3,3708.15,2022,6,18
2022-06-18 02:00:00+00:00,30.29,30.35,30.25,30.31,2922.71,2022,6,18
2022-06-18 02:01:00+00:00,30.29,30.31,30.19,30.2,5674.12,2022,6,18
2022-06-18 02:02:00+00:00,30.19,30.19,30.1,30.1,12364.36,2022,6,18
2022-06-18 02:03:00+00:00,30.11,30.15,30.09,30.12,2161.76,2022,6,18
2022-06-18 02:04:00+00:00,30.12,30.12,29.95,29.98,32130.39,2022,6,18
2022-06-18 02:05:00+00:00,29.99,30.08,29.99,30.06,7346.19,2022,6,18
2022-06-18 02:06:00+00:00,30.06,30.17,30.06,30.12,3084.72,2022,6,18
2022-06-18 02:07:00+00:00,30.13,30.17,30.12,30.15,2601.91,2022,6,18
2022-06-18 02:08:00+00:00,30.15,30.17,30.13,30.15,1551.93,2022,6,18
2022-06-18 02:09:00+00:00,30.15,30.16,30.13,30.14,2681.34,2022,6,18
2022-06-18 02:10:00+00:00,30.14,30.22,30.14,30.2,4191.95,2022,6,18
2022-06-18 02:11:00+00:00,30.19,30.22,30.19,30.2,1327.94,2022,6,18
2022-06-18 02:12:00+00:00,30.2,30.22,30.18,30.18,1784.86,2022,6,18
2022-06-18 02:13:00+00:00,30.18,30.32,30.18,30.3,6089.69,2022,6,18
2022-06-18 02:14:00+00:00,30.3,30.34,30.29,30.3,7275.36,2022,6,18
2022-06-18 02:15:00+00:00,30.31,30.32,30.21,30.31,5002.15,2022,6,18
2022-06-18 02:16:00+00:00,30.31,30.31,30.21,30.24,5152.08,2022,6,18
2022-06-18 02:17:00+00:00,30.24,30.26,30.2,30.23,6169.34,2022,6,18
2022-06-18 02:18:00+00:00,30.22,30.25,30.22,30.24,1550.93,2022,6,18
2022-06-18 02:19:00+00:00,30.24,30.25,30.12,30.14,3340.62,2022,6,18
2022-06-18 02:20:00+00:00,30.13,30.19,30.12,30.17,2059.94,2022,6,18
2022-06-18 02:21:00+00:00,30.17,30.22,30.17,30.2,1345.3,2022,6,18
2022-06-18 02:22:00+00:00,30.2,30.21,30.18,30.19,1721.56,2022,6,18
2022-06-18 02:23:00+00:00,30.19,30.22,30.19,30.21,1920.84,2022,6,18
2022-06-18 02:24:00+00:00,30.21,30.21,30.19,30.2,1569.75,2022,6,18
2022-06-18 02:25:00+00:00,30.2,30.23,30.16,30.23,2685.92,2022,6,18
2022-06-18 02:26:00+00:00,30.22,30.23,30.18,30.18,2799.49,2022,6,18
2022-06-18 02:27:00+00:00,30.19,30.2,30.16,30.19,2927.71,2022,6,18
2022-06-18 02:28:00+00:00,30.19,30.19,30.16,30.19,1652.63,2022,6,18
2022-06-18 02:29:00+00:00,30.2,30.21,30.16,30.17,7030.74,2022,6,18
2022-06-18 02:30:00+00:00,30.16,30.16,30.06,30.06,5171.27,2022,6,18
2022-06-18 02:31:00+00:00,30.07,30.07,29.99,30.05,2803.26,2022,6,18
2022-06-18 02:32:00+00:00,30.06,30.12,30.04,30.04,7564.36,2022,6,18
2022-06-18 02:33:00+00:00,30.04,30.04,29.96,30.0,3276.79,2022,6,18
2022-06-18 02:34:00+00:00,30.0,30.11,30.0,30.09,1282.68,2022,6,18
2022-06-18 02:35:00+00:00,30.09,30.1,30.02,30.02,1596.71,2022,6,18
2022-06-18 02:36:00+00:00,30.01,30.03,29.99,30.0,1882.65,2022,6,18
2022-06-18 02:37:00+00:00,30.01,30.05,30.0,30.05,977.65,2022,6,18
2022-06-18 02:38:00+00:00,30.06,30.09,30.04,30.07,1209.99,2022,6,18
2022-06-18 02:39:00+00:00,30.08,30.13,30.05,30.13,1065.89,2022,6,18
2022-06-18 02:40:00+00:00,30.12,30.14,30.08,30.09,1676.63,2022,6,18
2022-06-18 02:41:00+00:00,30.08,30.12,30.07,30.08,2381.7,2022,6,18
2022-06-18 02:42:00+00:00,30.08,30.11,30.08,30.08,1376.89,2022,6,18
2022-06-18 02:43:00+00:00,30.09,30.1,30.0,30.02,2091.96,2022,6,18
2022-06-18 02:44:00+00:00,30.02,30.04,29.98,29.98,3178.15,2022,6,18
2022-06-18 02:45:00+00:00,29.98,30.01,29.9,30.01,5999.13,2022,6,18
2022-06-18 02:46:00+00:00,30.01,30.06,29.98,30.03,18549.84,2022,6,18
2022-06-18 02:47:00+00:00,30.03,30.07,30.03,30.06,2412.63,2022,6,18
2022-06-18 02:48:00+00:00,30.06,30.06,30.0,30.03,1732.8,2022,6,18
2022-06-18 02:49:00+00:00,30.03,30.06,29.99,30.0,6763.25,2022,6,18
2022-06-18 02:50:00+00:00,30.01,30.06,29.99,30.04,3734.2,2022,6,18
2022-06-18 02:51:00+00:00,30.05,30.07,30.03,30.07,1770.37,2022,6,18
2022-06-18 02:52:00+00:00,30.08,30.09,30.07,30.07,1313.7,2022,6,18
2022-06-18 02:53:00+00:00,30.06,30.08,30.04,30.08,1302.15,2022,6,18
2022-06-18 02:54:00+00:00,30.07,30.15,30.07,30.1,4339.76,2022,6,18
2022-06-18 02:55:00+00:00,30.1,30.11,30.08,30.11,4045.39,2022,6,18
2022-06-18 02:56:00+00:00,30.1,30.11,30.08,30.09,487.99,2022,6,18
2022-06-18 02:57:00+00:00,30.09,30.12,30.09,30.12,1495.0,2022,6,18
2022-06-18 02:58:00+00:00,30.11,30.15,30.08,30.15,2242.35,2022,6,18
2022-06-18 02:59:00+00:00,30.14,30.14,30.1,30.13,1118.97,2022,6,18
2022-06-18 03:00:00+00:00,30.13,30.16,30.08,30.16,1215.83,2022,6,18
2022-06-18 03:01:00+00:00,30.16,30.17,30.14,30.16,1816.38,2022,6,18
2022-06-18 03:02:00+00:00,30.15,30.21,30.15,30.21,2232.19,2022,6,18
2022-06-18 03:03:00+00:00,30.2,30.24,30.17,30.23,4435.99,2022,6,18
2022-06-18 03:04:00+00:00,30.24,30.24,30.2,30.22,2069.43,2022,6,18
2022-06-18 03:05:00+00:00,30.21,30.24,30.21,30.24,919.53,2022,6,18
2022-06-18 03:06:00+00:00,30.23,30.26,30.21,30.23,2543.92,2022,6,18
2022-06-18 03:07:00+00:00,30.22,30.23,30.19,30.19,1657.37,2022,6,18
2022-06-18 03:08:00+00:00,30.19,30.22,30.19,30.19,1348.68,2022,6,18
2022-06-18 03:09:00+00:00,30.2,30.2,30.13,30.14,638.14,2022,6,18
2022-06-18 03:10:00+00:00,30.14,30.15,30.12,30.12,467.65,2022,6,18
2022-06-18 03:11:00+00:00,30.12,30.14,30.0,30.02,5451.59,2022,6,18
2022-06-18 03:12:00+00:00,30.01,30.05,30.01,30.01,704.93,2022,6,18
2022-06-18 03:13:00+00:00,30.01,30.04,29.98,30.03,1952.3,2022,6,18
2022-06-18 03:14:00+00:00,30.04,30.05,30.0,30.02,4677.45,2022,6,18
2022-06-18 03:15:00+00:00,30.01,30.03,29.95,29.95,1876.39,2022,6,18
2022-06-18 03:16:00+00:00,29.95,29.99,29.95,29.99,2687.97,2022,6,18
2022-06-18 03:17:00+00:00,29.99,30.02,29.96,29.96,6165.57,2022,6,18
2022-06-18 03:18:00+00:00,29.97,29.97,29.89,29.9,5957.42,2022,6,18
2022-06-18 03:19:00+00:00,29.9,29.9,29.76,29.89,12899.13,2022,6,18
2022-06-18 03:20:00+00:00,29.9,29.99,29.9,29.99,2561.8,2022,6,18
2022-06-18 03:21:00+00:00,29.98,30.02,29.94,29.95,2386.55,2022,6,18
2022-06-18 03:22:00+00:00,29.94,29.98,29.92,29.95,1204.82,2022,6,18
2022-06-18 03:23:00+00:00,29.95,30.01,29.94,30.01,962.19,2022,6,18
2022-06-18 03:24:00+00:00,30.0,30.03,29.99,30.02,1787.06,2022,6,18
2022-06-18 03:25:00+00:00,30.03,30.03,29.99,30.0,1186.07,2022,6,18
2022-06-18 03:26:00+00:00,30.0,30.0,29.93,29.95,843.71,2022,6,18
2022-06-18 03:27:00+00:00,29.95,30.0,29.94,30.0,378.26,2022,6,18
2022-06-18 03:28:00+00:00,30.0,30.03,29.98,30.03,519.0,2022,6,18
2022-06-18 03:29:00+00:00,30.03,30.03,29.96,29.97,502.63,2022,6,18
2022-06-18 03:30:00+00:00,29.97,29.97,29.92,29.94,1861.29,2022,6,18
2022-06-18 03:31:00+00:00,29.93,29.95,29.92,29.95,923.28,2022,6,18
2022-06-18 03:32:00+00:00,29.96,29.98,29.95,29.97,625.93,2022,6,18
2022-06-18 03:33:00+00:00,29.98,30.01,29.96,30.0,670.72,2022,6,18
2022-06-18 03:34:00+00:00,29.99,30.0,29.96,30.0,708.08,2022,6,18
2022-06-18 03:35:00+00:00,30.0,30.02,29.99,30.01,1098.92,2022,6,18
2022-06-18 03:36:00+00:00,30.02,30.04,30.01,30.04,583.3,2022,6,18
2022-06-18 03:37:00+00:00,30.03,30.03,30.01,30.02,1176.97,2022,6,18
2022-06-18 03:38:00+00:00,30.01,30.09,30.01,30.07,4411.33,2022,6,18
2022-06-18 03:39:00+00:00,30.08,30.08,30.07,30.08,493.61,2022,6,18
2022-06-18 03:40:00+00:00,30.09,30.09,30.01,30.01,1928.12,2022,6,18
2022-06-18 03:41:00+00:00,30.01,30.02,29.96,29.99,2186.43,2022,6,18
2022-06-18 03:42:00+00:00,29.99,30.01,29.96,29.99,5176.07,2022,6,18
2022-06-18 03:43:00+00:00,29.98,30.01,29.97,29.99,2452.51,2022,6,18
2022-06-18 03:44:00+00:00,30.0,30.01,29.95,30.01,1287.91,2022,6,18
2022-06-18 03:45:00+00:00,30.0,30.0,29.93,29.98,6170.82,2022,6,18
2022-06-18 03:46:00+00:00,29.99,30.0,29.94,29.94,1103.86,2022,6,18
2022-06-18 03:47:00+00:00,29.95,29.95,29.92,29.93,1315.94,2022,6,18
2022-06-18 03:48:00+00:00,29.94,30.02,29.93,30.01,2181.64,2022,6,18
2022-06-18 03:49:00+00:00,30.02,30.04,30.01,30.04,2743.4,2022,6,18
2022-06-18 03:50:00+00:00,30.04,30.05,30.02,30.03,1116.6,2022,6,18
2022-06-18 03:51:00+00:00,30.03,30.06,30.0,30.01,1942.65,2022,6,18
2022-06-18 03:52:00+00:00,30.01,30.05,30.01,30.05,872.03,2022,6,18
2022-06-18 03:53:00+00:00,30.05,30.07,30.04,30.06,1909.1,2022,6,18
2022-06-18 03:54:00+00:00,30.06,30.07,30.04,30.06,851.78,2022,6,18
2022-06-18 03:55:00+00:00,30.06,30.06,30.04,30.04,1887.21,2022,6,18
2022-06-18 03:56:00+00:00,30.03,30.04,30.0,30.04,2227.23,2022,6,18
2022-06-18 03:57:00+00:00,30.04,30.05,30.02,30.03,1069.48,2022,6,18
2022-06-18 03:58:00+00:00,30.03,30.08,30.02,30.07,659.27,2022,6,18
2022-06-18 03:59:00+00:00,30.07,30.1,30.07,30.08,1208.86,2022,6,18
2022-06-18 04:00:00+00:00,30.08,30.14,30.08,30.1,1692.89,2022,6,18
2022-06-18 04:01:00+00:00,30.1,30.13,30.09,30.09,2753.36,2022,6,18
2022-06-18 04:02:00+00:00,30.09,30.11,30.03,30.1,5502.95,2022,6,18
2022-06-18 04:03:00+00:00,30.1,30.14,30.1,30.12,2290.36,2022,6,18
2022-06-18 04:04:00+00:00,30.13,30.13,30.09,30.1,879.84,2022,6,18
2022-06-18 04:05:00+00:00,30.1,30.12,30.07,30.08,637.13,2022,6,18
2022-06-18 04:06:00+00:00,30.08,30.09,30.06,30.08,2171.89,2022,6,18
2022-06-18 04:07:00+00:00,30.08,30.15,30.08,30.15,1363.11,2022,6,18
2022-06-18 04:08:00+00:00,30.15,30.17,30.13,30.17,647.63,2022,6,18
2022-06-18 04:09:00+00:00,30.17,30.17,30.16,30.17,242.66,2022,6,18
2022-06-18 04:10:00+00:00,30.16,30.16,30.13,30.15,1049.93,2022,6,18
2022-06-18 04:11:00+00:00,30.16,30.16,30.14,30.15,315.35,2022,6,18
2022-06-18 04:12:00+00:00,30.15,30.17,30.14,30.15,827.27,2022,6,18
2022-06-18 04:13:00+00:00,30.15,30.18,30.14,30.18,889.27,2022,6,18
2022-06-18 04:14:00+00:00,30.17,30.19,30.17,30.17,1403.02,2022,6,18
2022-06-18 04:15:00+00:00,30.16,30.17,30.06,30.08,4350.59,2022,6,18
2022-06-18 04:16:00+00:00,30.08,30.08,30.02,30.06,5362.52,2022,6,18
2022-06-18 04:17:00+00:00,30.05,30.09,30.03,30.04,1024.09,2022,6,18
2022-06-18 04:18:00+00:00,30.04,30.04,30.02,30.03,967.46,2022,6,18
2022-06-18 04:19:00+00:00,30.02,30.04,30.0,30.02,790.52,2022,6,18
2022-06-18 04:20:00+00:00,30.03,30.04,30.0,30.01,995.62,2022,6,18
2022-06-18 04:21:00+00:00,30.01,30.06,29.98,30.06,2491.93,2022,6,18
2022-06-18 04:22:00+00:00,30.05,30.09,30.03,30.07,1795.09,2022,6,18
2022-06-18 04:23:00+00:00,30.07,30.12,30.06,30.11,807.85,2022,6,18
2022-06-18 04:24:00+00:00,30.1,30.11,30.09,30.1,592.6,2022,6,18
2022-06-18 04:25:00+00:00,30.11,30.14,30.08,30.14,887.97,2022,6,18
2022-06-18 04:26:00+00:00,30.14,30.2,30.14,30.19,1467.86,2022,6,18
2022-06-18 04:27:00+00:00,30.19,30.35,30.19,30.26,8138.59,2022,6,18
2022-06-18 04:28:00+00:00,30.25,30.26,30.22,30.26,1211.33,2022,6,18
2022-06-18 04:29:00+00:00,30.27,30.28,30.25,30.27,484.36,2022,6,18
2022-06-18 04:30:00+00:00,30.26,30.26,30.23,30.24,2157.98,2022,6,18
2022-06-18 04:31:00+00:00,30.23,30.24,30.12,30.14,2114.39,2022,6,18
2022-06-18 04:32:00+00:00,30.14,30.2,30.13,30.18,606.92,2022,6,18
2022-06-18 04:33:00+00:00,30.18,30.19,30.11,30.12,1077.69,2022,6,18
2022-06-18 04:34:00+00:00,30.13,30.16,30.1,30.15,2308.43,2022,6,18
2022-06-18 04:35:00+00:00,30.16,30.21,30.16,30.2,710.95,2022,6,18
2022-06-18 04:36:00+00:00,30.2,30.2,30.19,30.19,367.54,2022,6,18
2022-06-18 04:37:00+00:00,30.19,30.24,30.19,30.22,766.68,2022,6,18
2022-06-18 04:38:00+00:00,30.22,30.25,30.19,30.22,1538.13,2022,6,18
2022-06-18 04:39:00+00:00,30.22,30.23,30.21,30.23,1150.84,2022,6,18
2022-06-18 04:40:00+00:00,30.23,30.25,30.22,30.23,2253.24,2022,6,18
2022-06-18 04:41:00+00:00,30.23,30.25,30.22,30.23,2394.79,2022,6,18
2022-06-18 04:42:00+00:00,30.23,30.25,30.22,30.24,823.42,2022,6,18
2022-06-18 04:43:00+00:00,30.25,30.25,30.24,30.24,714.07,2022,6,18
2022-06-18 04:44:00+00:00,30.24,30.25,30.2,30.23,3052.28,2022,6,18
2022-06-18 04:45:00+00:00,30.22,30.24,30.2,30.23,473.0,2022,6,18
2022-06-18 04:46:00+00:00,30.22,30.24,30.2,30.24,964.08,2022,6,18
2022-06-18 04:47:00+00:00,30.24,30.24,30.21,30.21,689.8,2022,6,18
2022-06-18 04:48:00+00:00,30.21,30.23,30.2,30.23,1037.17,2022,6,18
2022-06-18 04:49:00+00:00,30.22,30.23,30.21,30.23,233.67,2022,6,18
2022-06-18 04:50:00+00:00,30.22,30.23,30.2,30.21,1094.1,2022,6,18
2022-06-18 04:51:00+00:00,30.22,30.23,30.21,30.22,785.16,2022,6,18
2022-06-18 04:52:00+00:00,30.22,30.23,30.21,30.22,165.39,2022,6,18
2022-06-18 04:53:00+00:00,30.21,30.22,30.19,30.22,367.16,2022,6,18
2022-06-18 04:54:00+00:00,30.22,30.24,30.2,30.24,273.6,2022,6,18
2022-06-18 04:55:00+00:00,30.24,30.24,30.2,30.2,452.81,2022,6,18
2022-06-18 04:56:00+00:00,30.2,30.2,30.14,30.16,668.33,2022,6,18
2022-06-18 04:57:00+00:00,30.15,30.24,30.15,30.24,1444.23,2022,6,18
2022-06-18 04:58:00+00:00,30.24,30.26,30.24,30.26,1796.82,2022,6,18
2022-06-18 04:59:00+00:00,30.26,30.3,30.26,30.3,1470.66,2022,6,18
2022-06-18 05:00:00+00:00,30.29,30.37,30.28,30.37,3095.46,2022,6,18
2022-06-18 05:01:00+00:00,30.36,30.36,30.32,30.36,1343.74,2022,6,18
2022-06-18 05:02:00+00:00,30.35,30.41,30.35,30.4,1644.45,2022,6,18
2022-06-18 05:03:00+00:00,30.4,30.41,30.38,30.38,1279.86,2022,6,18
2022-06-18 05:04:00+00:00,30.37,30.38,30.29,30.3,1559.44,2022,6,18
2022-06-18 05:05:00+00:00,30.31,30.34,30.25,30.26,13595.69,2022,6,18
2022-06-18 05:06:00+00:00,30.26,30.3,30.25,30.29,2416.58,2022,6,18
2022-06-18 05:07:00+00:00,30.28,30.28,30.24,30.24,382.42,2022,6,18
2022-06-18 05:08:00+00:00,30.24,30.24,30.18,30.2,901.79,2022,6,18
2022-06-18 05:09:00+00:00,30.2,30.21,30.19,30.21,930.48,2022,6,18
2022-06-18 05:10:00+00:00,30.21,30.21,30.17,30.2,1229.33,2022,6,18
2022-06-18 05:11:00+00:00,30.2,30.24,30.18,30.19,1631.58,2022,6,18
2022-06-18 05:12:00+00:00,30.2,30.2,30.15,30.16,1234.26,2022,6,18
2022-06-18 05:13:00+00:00,30.17,30.24,30.16,30.24,669.86,2022,6,18
2022-06-18 05:14:00+00:00,30.23,30.23,30.16,30.16,4094.54,2022,6,18
2022-06-18 05:15:00+00:00,30.15,30.16,30.11,30.13,834.62,2022,6,18
2022-06-18 05:16:00+00:00,30.13,30.14,30.11,30.13,1941.09,2022,6,18
2022-06-18 05:17:00+00:00,30.14,30.17,30.13,30.17,576.82,2022,6,18
2022-06-18 05:18:00+00:00,30.16,30.23,30.16,30.23,891.6,2022,6,18
2022-06-18 05:19:00+00:00,30.23,30.26,30.22,30.23,311.49,2022,6,18
2022-06-18 05:20:00+00:00,30.23,30.23,30.11,30.12,993.92,2022,6,18
2022-06-18 05:21:00+00:00,30.11,30.13,30.1,30.12,912.02,2022,6,18
2022-06-18 05:22:00+00:00,30.13,30.13,30.05,30.06,4361.24,2022,6,18
2022-06-18 05:23:00+00:00,30.07,30.11,30.06,30.08,1213.35,2022,6,18
2022-06-18 05:24:00+00:00,30.09,30.09,30.05,30.06,718.75,2022,6,18
2022-06-18 05:25:00+00:00,30.06,30.1,30.06,30.1,1435.73,2022,6,18
2022-06-18 05:26:00+00:00,30.1,30.14,30.09,30.12,1426.63,2022,6,18
2022-06-18 05:27:00+00:00,30.12,30.15,30.11,30.13,409.13,2022,6,18
2022-06-18 05:28:00+00:00,30.13,30.14,30.11,30.11,1257.67,2022,6,18
2022-06-18 05:29:00+00:00,30.11,30.14,30.08,30.12,3226.19,2022,6,18
2022-06-18 05:30:00+00:00,30.11,30.15,30.1,30.15,401.94,2022,6,18
2022-06-18 05:31:00+00:00,30.15,30.16,30.09,30.09,563.69,2022,6,18
2022-06-18 05:32:00+00:00,30.09,30.09,30.04,30.05,803.79,2022,6,18
2022-06-18 05:33:00+00:00,30.05,30.07,30.04,30.06,980.44,2022,6,18
2022-06-18 05:34:00+00:00,30.06,30.07,30.05,30.07,305.8,2022,6,18
2022-06-18 05:35:00+00:00,30.07,30.08,30.05,30.05,650.42,2022,6,18
2022-06-18 05:36:00+00:00,30.06,30.07,30.03,30.06,2301.02,2022,6,18
2022-06-18 05:37:00+00:00,30.06,30.1,30.06,30.06,1014.85,2022,6,18
2022-06-18 05:38:00+00:00,30.07,30.08,30.05,30.07,430.54,2022,6,18
2022-06-18 05:39:00+00:00,30.07,30.09,30.07,30.08,401.72,2022,6,18
2022-06-18 05:40:00+00:00,30.07,30.12,30.07,30.12,872.55,2022,6,18
2022-06-18 05:41:00+00:00,30.12,30.12,30.04,30.04,655.69,2022,6,18
2022-06-18 05:42:00+00:00,30.04,30.09,30.04,30.09,911.26,2022,6,18
2022-06-18 05:43:00+00:00,30.09,30.1,30.06,30.1,564.25,2022,6,18
2022-06-18 05:44:00+00:00,30.1,30.12,30.09,30.09,1131.98,2022,6,18
2022-06-18 05:45:00+00:00,30.09,30.12,30.06,30.12,736.16,2022,6,18
2022-06-18 05:46:00+00:00,30.11,30.11,30.07,30.07,1083.67,2022,6,18
2022-06-18 05:47:00+00:00,30.07,30.08,30.04,30.05,953.14,2022,6,18
2022-06-18 05:48:00+00:00,30.05,30.06,30.04,30.06,697.92,2022,6,18
2022-06-18 05:49:00+00:00,30.06,30.07,30.04,30.04,994.84,2022,6,18
2022-06-18 05:50:00+00:00,30.04,30.06,30.03,30.05,1086.95,2022,6,18
2022-06-18 05:51:00+00:00,30.05,30.07,30.03,30.07,1199.52,2022,6,18
2022-06-18 05:52:00+00:00,30.08,30.1,30.05,30.05,3761.23,2022,6,18
2022-06-18 05:53:00+00:00,30.04,30.04,29.96,29.99,3905.13,2022,6,18
2022-06-18 05:54:00+00:00,30.0,30.02,29.99,30.0,1695.46,2022,6,18
2022-06-18 05:55:00+00:00,30.0,30.03,29.99,30.02,1867.23,2022,6,18
2022-06-18 05:56:00+00:00,30.03,30.09,30.03,30.07,1553.55,2022,6,18
2022-06-18 05:57:00+00:00,30.07,30.09,30.06,30.07,450.74,2022,6,18
2022-06-18 05:58:00+00:00,30.06,30.06,30.01,30.03,1322.21,2022,6,18
2022-06-18 05:59:00+00:00,30.03,30.08,30.03,30.08,863.74,2022,6,18
2022-06-18 06:00:00+00:00,30.08,30.1,30.04,30.06,974.36,2022,6,18
2022-06-18 06:01:00+00:00,30.06,30.07,30.04,30.04,648.14,2022,6,18
2022-06-18 06:02:00+00:00,30.04,30.04,30.01,30.02,816.26,2022,6,18
2022-06-18 06:03:00+00:00,30.02,30.07,30.0,30.07,2484.63,2022,6,18
2022-06-18 06:04:00+00:00,30.06,30.1,30.06,30.1,865.86,2022,6,18
2022-06-18 06:05:00+00:00,30.09,30.11,30.07,30.1,1030.65,2022,6,18
2022-06-18 06:06:00+00:00,30.1,30.16,30.09,30.13,1023.18,2022,6,18
2022-06-18 06:07:00+00:00,30.14,30.16,30.13,30.16,1038.89,2022,6,18
2022-06-18 06:08:00+00:00,30.15,30.15,30.13,30.14,1368.55,2022,6,18
2022-06-18 06:09:00+00:00,30.14,30.14,30.12,30.14,733.41,2022,6,18
2022-06-18 06:10:00+00:00,30.14,30.14,30.13,30.14,118.24,2022,6,18
2022-06-18 06:11:00+00:00,30.13,30.13,30.09,30.11,768.07,2022,6,18
2022-06-18 06:12:00+00:00,30.11,30.14,30.1,30.13,1700.22,2022,6,18
2022-06-18 06:13:00+00:00,30.13,30.15,30.1,30.15,688.17,2022,6,18
2022-06-18 06:14:00+00:00,30.15,30.2,30.15,30.2,4043.83,2022,6,18
2022-06-18 06:15:00+00:00,30.19,30.2,30.15,30.19,2100.26,2022,6,18
2022-06-18 06:16:00+00:00,30.19,30.19,30.16,30.16,476.94,2022,6,18
2022-06-18 06:17:00+00:00,30.16,30.18,30.15,30.15,232.26,2022,6,18
2022-06-18 06:18:00+00:00,30.16,30.2,30.16,30.18,612.44,2022,6,18
2022-06-18 06:19:00+00:00,30.19,30.21,30.15,30.16,1309.67,2022,6,18
2022-06-18 06:20:00+00:00,30.15,30.15,30.1,30.12,1423.28,2022,6,18
2022-06-18 06:21:00+00:00,30.13,30.15,30.12,30.12,534.61,2022,6,18
2022-06-18 06:22:00+00:00,30.11,30.11,30.07,30.09,889.11,2022,6,18
2022-06-18 06:23:00+00:00,30.09,30.13,30.09,30.1,504.49,2022,6,18
2022-06-18 06:24:00+00:00,30.1,30.11,30.07,30.07,793.26,2022,6,18
2022-06-18 06:25:00+00:00,30.07,30.08,30.05,30.07,705.12,2022,6,18
2022-06-18 06:26:00+00:00,30.07,30.08,30.06,30.07,407.57,2022,6,18
2022-06-18 06:27:00+00:00,30.07,30.09,30.07,30.09,464.9,2022,6,18
2022-06-18 06:28:00+00:00,30.09,30.09,30.06,30.06,785.9,2022,6,18
2022-06-18 06:29:00+00:00,30.07,30.09,30.05,30.08,2645.37,2022,6,18
2022-06-18 06:30:00+00:00,30.08,30.11,30.06,30.08,900.6,2022,6,18
2022-06-18 06:31:00+00:00,30.07,30.07,30.05,30.07,839.28,2022,6,18
2022-06-18 06:32:00+00:00,30.07,30.07,30.06,30.07,96.82,2022,6,18
2022-06-18 06:33:00+00:00,30.07,30.08,30.06,30.07,109.66,2022,6,18
2022-06-18 06:34:00+00:00,30.06,30.07,30.06,30.07,140.28,2022,6,18
2022-06-18 06:35:00+00:00,30.07,30.1,30.07,30.07,505.94,2022,6,18
2022-06-18 06:36:00+00:00,30.07,30.07,30.05,30.05,417.3,2022,6,18
2022-06-18 06:37:00+00:00,30.04,30.04,29.96,29.96,1601.47,2022,6,18
2022-06-18 06:38:00+00:00,29.97,30.0,29.97,29.98,1735.43,2022,6,18
2022-06-18 06:39:00+00:00,29.98,30.11,29.98,30.07,2645.56,2022,6,18
2022-06-18 06:40:00+00:00,30.07,30.1,30.01,30.02,976.51,2022,6,18
2022-06-18 06:41:00+00:00,30.02,30.04,30.0,30.0,296.42,2022,6,18
2022-06-18 06:42:00+00:00,30.0,30.06,30.0,30.06,945.08,2022,6,18
2022-06-18 06:43:00+00:00,30.06,30.06,30.04,30.04,620.99,2022,6,18
2022-06-18 06:44:00+00:00,30.04,30.04,30.02,30.03,587.88,2022,6,18
2022-06-18 06:45:00+00:00,30.03,30.03,30.0,30.01,569.96,2022,6,18
2022-06-18 06:46:00+00:00,30.02,30.07,30.01,30.05,581.74,2022,6,18
2022-06-18 06:47:00+00:00,30.06,30.07,30.0,30.0,1019.58,2022,6,18
2022-06-18 06:48:00+00:00,30.0,30.0,29.96,29.97,1498.74,2022,6,18
2022-06-18 06:49:00+00:00,29.97,29.97,29.86,29.86,6188.31,2022,6,18
2022-06-18 06:50:00+00:00,29.86,29.9,29.71,29.72,18435.13,2022,6,18
2022-06-18 06:51:00+00:00,29.73,29.73,29.3,29.46,80113.91,2022,6,18
2022-06-18 06:52:00+00:00,29.46,29.5,29.21,29.31,38818.7,2022,6,18
2022-06-18 06:53:00+00:00,29.3,29.31,28.88,28.97,69763.74,2022,6,18
2022-06-18 06:54:00+00:00,28.97,29.1,28.67,28.95,45259.92,2022,6,18
2022-06-18 06:55:00+00:00,28.96,29.04,28.39,28.63,55076.52,2022,6,18
2022-06-18 06:56:00+00:00,28.61,28.87,28.61,28.8,45410.09,2022,6,18
2022-06-18 06:57:00+00:00,28.79,29.08,28.68,29.08,39044.53,2022,6,18
2022-06-18 06:58:00+00:00,29.08,29.15,28.85,28.94,33329.4,2022,6,18
2022-06-18 06:59:00+00:00,28.92,28.96,28.82,28.9,14700.54,2022,6,18
2022-06-18 07:00:00+00:00,28.91,29.04,28.77,29.01,20054.92,2022,6,18
2022-06-18 07:01:00+00:00,29.0,29.03,28.82,28.88,17467.29,2022,6,18
2022-06-18 07:02:00+00:00,28.88,28.9,28.56,28.59,16725.17,2022,6,18
2022-06-18 07:03:00+00:00,28.59,28.79,28.57,28.67,13483.94,2022,6,18
2022-06-18 07:04:00+00:00,28.67,28.8,28.66,28.76,11569.32,2022,6,18
2022-06-18 07:05:00+00:00,28.76,28.83,28.6,28.67,18328.27,2022,6,18
2022-06-18 07:06:00+00:00,28.67,28.81,28.63,28.79,14337.02,2022,6,18
2022-06-18 07:07:00+00:00,28.77,28.84,28.7,28.74,11898.77,2022,6,18
2022-06-18 07:08:00+00:00,28.73,28.78,28.7,28.76,9738.11,2022,6,18
2022-06-18 07:09:00+00:00,28.77,28.89,28.77,28.89,6016.66,2022,6,18
2022-06-18 07:10:00+00:00,28.9,29.05,28.9,28.93,20194.82,2022,6,18
2022-06-18 07:11:00+00:00,28.93,28.93,28.83,28.91,8179.92,2022,6,18
2022-06-18 07:12:00+00:00,28.91,28.96,28.82,28.96,8547.87,2022,6,18
2022-06-18 07:13:00+00:00,28.95,28.97,28.86,28.86,8403.76,2022,6,18
2022-06-18 07:14:00+00:00,28.87,28.88,28.8,28.85,7457.66,2022,6,18
2022-06-18 07:15:00+00:00,28.85,28.85,28.68,28.71,14892.03,2022,6,18
2022-06-18 07:16:00+00:00,28.71,28.82,28.56,28.59,10484.39,2022,6,18
2022-06-18 07:17:00+00:00,28.59,28.67,28.25,28.34,29438.94,2022,6,18
2022-06-18 07:18:00+00:00,28.35,28.5,28.33,28.48,17173.44,2022,6,18
2022-06-18 07:19:00+00:00,28.49,28.63,28.4,28.45,19378.11,2022,6,18
2022-06-18 07:20:00+00:00,28.46,28.54,28.39,28.43,7215.26,2022,6,18
2022-06-18 07:21:00+00:00,28.43,28.46,28.33,28.46,17077.69,2022,6,18
2022-06-18 07:22:00+00:00,28.45,28.46,28.13,28.15,19714.42,2022,6,18
2022-06-18 07:23:00+00:00,28.15,28.38,28.1,28.35,30822.42,2022,6,18
2022-06-18 07:24:00+00:00,28.35,28.47,28.31,28.32,23322.3,2022,6,18
2022-06-18 07:25:00+00:00,28.32,28.39,28.19,28.34,16729.81,2022,6,18
2022-06-18 07:26:00+00:00,28.34,28.49,28.31,28.48,8625.64,2022,6,18
2022-06-18 07:27:00+00:00,28.49,28.55,28.36,28.38,10570.89,2022,6,18
2022-06-18 07:28:00+00:00,28.38,28.49,28.32,28.37,9622.37,2022,6,18
2022-06-18 07:29:00+00:00,28.37,28.46,28.3,28.43,14184.25,2022,6,18
2022-06-18 07:30:00+00:00,28.44,28.58,28.4,28.5,8130.12,2022,6,18
2022-06-18 07:31:00+00:00,28.51,28.61,28.44,28.46,7595.7,2022,6,18
2022-06-18 07:32:00+00:00,28.45,28.5,28.36,28.37,6201.38,2022,6,18
2022-06-18 07:33:00+00:00,28.38,28.4,28.3,28.34,6386.49,2022,6,18
2022-06-18 07:34:00+00:00,28.34,28.46,28.33,28.4,8021.63,2022,6,18
2022-06-18 07:35:00+00:00,28.4,28.43,28.33,28.36,8275.48,2022,6,18
2022-06-18 07:36:00+00:00,28.37,28.43,28.33,28.42,5105.82,2022,6,18
2022-06-18 07:37:00+00:00,28.42,28.57,28.41,28.54,15342.55,2022,6,18
2022-06-18 07:38:00+00:00,28.55,28.64,28.47,28.49,12827.9,2022,6,18
2022-06-18 07:39:00+00:00,28.47,28.5,28.44,28.45,3205.37,2022,6,18
2022-06-18 07:40:00+00:00,28.45,28.48,28.41,28.45,5699.29,2022,6,18
2022-06-18 07:41:00+00:00,28.44,28.45,28.34,28.35,12698.62,2022,6,18
2022-06-18 07:42:00+00:00,28.35,28.38,28.3,28.33,7162.51,2022,6,18
2022-06-18 07:43:00+00:00,28.33,28.39,28.3,28.32,5670.99,2022,6,18
2022-06-18 07:44:00+00:00,28.32,28.38,28.26,28.3,7142.15,2022,6,18
2022-06-18 07:45:00+00:00,28.3,28.36,28.26,28.3,7000.56,2022,6,18
2022-06-18 07:46:00+00:00,28.29,28.49,28.29,28.47,9870.1,2022,6,18
2022-06-18 07:47:00+00:00,28.46,28.63,28.45,28.54,12585.17,2022,6,18
2022-06-18 07:48:00+00:00,28.54,28.64,28.53,28.62,16031.81,2022,6,18
2022-06-18 07:49:00+00:00,28.62,28.77,28.58,28.76,11825.82,2022,6,18
2022-06-18 07:50:00+00:00,28.77,28.77,28.64,28.69,10866.37,2022,6,18
2022-06-18 07:51:00+00:00,28.69,28.72,28.62,28.65,5094.66,2022,6,18
2022-06-18 07:52:00+00:00,28.66,28.66,28.6,28.61,3029.09,2022,6,18
2022-06-18 07:53:00+00:00,28.61,28.66,28.6,28.64,3913.51,2022,6,18
2022-06-18 07:54:00+00:00,28.63,28.63,28.59,28.6,4155.57,2022,6,18
2022-06-18 07:55:00+00:00,28.6,28.6,28.53,28.55,5076.23,2022,6,18
2022-06-18 07:56:00+00:00,28.54,28.57,28.45,28.46,12388.3,2022,6,18
2022-06-18 07:57:00+00:00,28.47,28.57,28.47,28.51,7595.99,2022,6,18
2022-06-18 07:58:00+00:00,28.51,28.56,28.48,28.5,3789.72,2022,6,18
2022-06-18 07:59:00+00:00,28.49,28.51,28.47,28.48,4615.15,2022,6,18
2022-06-18 08:00:00+00:00,28.48,28.49,28.41,28.43,6930.42,2022,6,18
2022-06-18 08:01:00+00:00,28.43,28.47,28.37,28.41,5767.64,2022,6,18
2022-06-18 08:02:00+00:00,28.41,28.48,28.41,28.44,3312.45,2022,6,18
2022-06-18 08:03:00+00:00,28.44,28.45,28.4,28.41,2919.47,2022,6,18
2022-06-18 08:04:00+00:00,28.41,28.52,28.4,28.46,4931.38,2022,6,18
2022-06-18 08:05:00+00:00,28.45,28.48,28.43,28.45,2212.46,2022,6,18
2022-06-18 08:06:00+00:00,28.45,28.49,28.38,28.38,3024.06,2022,6,18
2022-06-18 08:07:00+00:00,28.38,28.39,28.33,28.35,4041.18,2022,6,18
2022-06-18 08:08:00+00:00,28.34,28.43,28.34,28.36,2981.8,2022,6,18
2022-06-18 08:09:00+00:00,28.36,28.42,28.33,28.34,6234.83,2022,6,18
2022-06-18 08:10:00+00:00,28.35,28.39,28.26,28.38,6572.69,2022,6,18
2022-06-18 08:11:00+00:00,28.39,28.47,28.38,28.43,6475.33,2022,6,18
2022-06-18 08:12:00+00:00,28.43,28.43,28.37,28.39,3011.61,2022,6,18
2022-06-18 08:13:00+00:00,28.39,28.39,28.21,28.29,9471.72,2022,6,18
2022-06-18 08:14:00+00:00,28.3,28.31,28.23,28.29,2546.39,2022,6,18
2022-06-18 08:15:00+00:00,28.28,28.32,28.23,28.25,3068.08,2022,6,18
2022-06-18 08:16:00+00:00,28.26,28.3,27.84,27.9,50779.18,2022,6,18
2022-06-18 08:17:00+00:00,27.9,28.09,27.88,27.96,48740.76,2022,6,18
2022-06-18 08:18:00+00:00,27.97,28.15,27.93,28.05,19649.37,2022,6,18
2022-06-18 08:19:00+00:00,28.06,28.09,27.82,27.98,30913.13,2022,6,18
2022-06-18 08:20:00+00:00,27.97,28.06,27.93,28.03,12170.93,2022,6,18
2022-06-18 08:21:00+00:00,28.03,28.1,27.94,27.97,18003.48,2022,6,18
2022-06-18 08:22:00+00:00,27.99,28.08,27.95,27.96,15527.15,2022,6,18
2022-06-18 08:23:00+00:00,27.96,28.01,27.9,27.95,8260.42,2022,6,18
2022-06-18 08:24:00+00:00,27.94,28.09,27.9,28.06,18037.7,2022,6,18
2022-06-18 08:25:00+00:00,28.05,28.23,28.04,28.22,12246.34,2022,6,18
2022-06-18 08:26:00+00:00,28.22,28.42,28.18,28.32,25330.42,2022,6,18
2022-06-18 08:27:00+00:00,28.32,28.61,28.3,28.59,41470.76,2022,6,18
2022-06-18 08:28:00+00:00,28.59,28.72,28.59,28.71,31041.7,2022,6,18
2022-06-18 08:29:00+00:00,28.72,28.72,28.58,28.61,12364.42,2022,6,18
2022-06-18 08:30:00+00:00,28.61,29.03,28.59,28.99,157799.86,2022,6,18
2022-06-18 08:31:00+00:00,28.97,29.23,28.95,28.96,35554.21,2022,6,18
2022-06-18 08:32:00+00:00,28.96,28.97,28.86,28.93,29901.17,2022,6,18
2022-06-18 08:33:00+00:00,28.93,28.98,28.8,28.83,8942.97,2022,6,18
2022-06-18 08:34:00+00:00,28.82,28.94,28.71,28.74,12448.86,2022,6,18
2022-06-18 08:35:00+00:00,28.74,28.75,28.58,28.62,12795.59,2022,6,18
2022-06-18 08:36:00+00:00,28.61,28.75,28.59,28.63,5965.42,2022,6,18
2022-06-18 08:37:00+00:00,28.63,28.73,28.61,28.71,12769.69,2022,6,18
2022-06-18 08:38:00+00:00,28.71,28.74,28.6,28.6,8820.62,2022,6,18
2022-06-18 08:39:00+00:00,28.59,28.62,28.46,28.51,15131.17,2022,6,18
2022-06-18 08:40:00+00:00,28.51,28.54,28.45,28.5,7067.37,2022,6,18
2022-06-18 08:41:00+00:00,28.49,28.61,28.49,28.58,6902.23,2022,6,18
2022-06-18 08:42:00+00:00,28.58,28.68,28.56,28.67,3130.54,2022,6,18
2022-06-18 08:43:00+00:00,28.67,28.69,28.61,28.65,4799.76,2022,6,18
2022-06-18 08:44:00+00:00,28.65,28.65,28.6,28.62,2038.0,2022,6,18
2022-06-18 08:45:00+00:00,28.63,28.72,28.61,28.71,3736.62,2022,6,18
2022-06-18 08:46:00+00:00,28.71,28.79,28.6,28.61,29425.03,2022,6,18
2022-06-18 08:47:00+00:00,28.62,28.62,28.47,28.49,30945.88,2022,6,18
2022-06-18 08:48:00+00:00,28.49,28.58,28.44,28.48,16324.64,2022,6,18
2022-06-18 08:49:00+00:00,28.47,28.5,28.45,28.47,2514.36,2022,6,18
2022-06-18 08:50:00+00:00,28.47,28.55,28.47,28.51,3769.55,2022,6,18
2022-06-18 08:51:00+00:00,28.5,28.6,28.5,28.54,3635.45,2022,6,18
2022-06-18 08:52:00+00:00,28.53,28.54,28.51,28.52,1741.54,2022,6,18
2022-06-18 08:53:00+00:00,28.52,28.56,28.5,28.54,7124.83,2022,6,18
2022-06-18 08:54:00+00:00,28.54,28.59,28.52,28.56,4807.13,2022,6,18
2022-06-18 08:55:00+00:00,28.56,28.58,28.52,28.53,4144.74,2022,6,18
2022-06-18 08:56:00+00:00,28.54,28.55,28.48,28.48,4768.12,2022,6,18
2022-06-18 08:57:00+00:00,28.49,28.51,28.47,28.5,3441.15,2022,6,18
2022-06-18 08:58:00+00:00,28.5,28.63,28.49,28.59,3321.79,2022,6,18
2022-06-18 08:59:00+00:00,28.6,28.6,28.52,28.54,2169.73,2022,6,18
2022-06-18 09:00:00+00:00,28.54,28.54,28.4,28.42,6282.1,2022,6,18
2022-06-18 09:01:00+00:00,28.42,28.44,28.34,28.37,7514.73,2022,6,18
2022-06-18 09:02:00+00:00,28.36,28.6,28.35,28.58,8124.01,2022,6,18
2022-06-18 09:03:00+00:00,28.58,28.63,28.55,28.57,7508.2,2022,6,18
2022-06-18 09:04:00+00:00,28.57,28.65,28.56,28.63,2770.55,2022,6,18
2022-06-18 09:05:00+00:00,28.63,28.81,28.61,28.79,5924.25,2022,6,18
2022-06-18 09:06:00+00:00,28.78,28.79,28.63,28.66,3408.44,2022,6,18
2022-06-18 09:07:00+00:00,28.66,28.68,28.58,28.59,3704.21,2022,6,18
2022-06-18 09:08:00+00:00,28.58,28.59,28.53,28.58,1747.48,2022,6,18
2022-06-18 09:09:00+00:00,28.58,28.63,28.52,28.53,2469.95,2022,6,18
2022-06-18 09:10:00+00:00,28.53,28.54,28.48,28.52,3957.14,2022,6,18
2022-06-18 09:11:00+00:00,28.51,28.58,28.49,28.51,4890.91,2022,6,18
2022-06-18 09:12:00+00:00,28.51,28.53,28.44,28.45,8981.16,2022,6,18
2022-06-18 09:13:00+00:00,28.44,28.53,28.44,28.52,3782.76,2022,6,18
2022-06-18 09:14:00+00:00,28.53,28.63,28.52,28.57,7224.9,2022,6,18
2022-06-18 09:15:00+00:00,28.57,28.61,28.54,28.61,3844.99,2022,6,18
2022-06-18 09:16:00+00:00,28.6,28.64,28.58,28.63,2872.39,2022,6,18
2022-06-18 09:17:00+00:00,28.63,28.67,28.6,28.62,4105.88,2022,6,18
2022-06-18 09:18:00+00:00,28.61,28.68,28.58,28.62,9534.79,2022,6,18
2022-06-18 09:19:00+00:00,28.62,28.64,28.6,28.63,1100.0,2022,6,18
2022-06-18 09:20:00+00:00,28.63,28.72,28.63,28.71,5077.49,2022,6,18
2022-06-18 09:21:00+00:00,28.71,28.85,28.69,28.8,8332.67,2022,6,18
2022-06-18 09:22:00+00:00,28.8,28.88,28.79,28.81,9168.17,2022,6,18
2022-06-18 09:23:00+00:00,28.82,28.85,28.76,28.81,5298.78,2022,6,18
2022-06-18 09:24:00+00:00,28.81,28.83,28.77,28.83,2006.92,2022,6,18
2022-06-18 09:25:00+00:00,28.83,28.9,28.81,28.84,4069.96,2022,6,18
2022-06-18 09:26:00+00:00,28.84,28.91,28.84,28.89,1701.69,2022,6,18
2022-06-18 09:27:00+00:00,28.9,28.97,28.87,28.95,5115.5,2022,6,18
2022-06-18 09:28:00+00:00,28.95,29.01,28.9,28.91,7667.28,2022,6,18
2022-06-18 09:29:00+00:00,28.9,28.99,28.87,28.99,4597.9,2022,6,18
2022-06-18 09:30:00+00:00,28.98,29.03,28.97,29.0,5899.98,2022,6,18
2022-06-18 09:31:00+00:00,29.0,29.0,28.89,28.91,7702.98,2022,6,18
2022-06-18 09:32:00+00:00,28.91,28.93,28.88,28.92,6871.66,2022,6,18
2022-06-18 09:33:00+00:00,28.92,28.94,28.86,28.88,3570.1,2022,6,18
2022-06-18 09:34:00+00:00,28.89,28.92,28.87,28.88,1929.15,2022,6,18
2022-06-18 09:35:00+00:00,28.87,28.88,28.76,28.77,2531.9,2022,6,18
2022-06-18 09:36:00+00:00,28.77,28.82,28.75,28.79,3994.11,2022,6,18
2022-06-18 09:37:00+00:00,28.8,28.82,28.72,28.72,4406.15,2022,6,18
2022-06-18 09:38:00+00:00,28.72,28.76,28.68,28.68,5258.48,2022,6,18
2022-06-18 09:39:00+00:00,28.68,28.72,28.66,28.69,2783.11,2022,6,18
2022-06-18 09:40:00+00:00,28.7,28.73,28.69,28.71,2230.12,2022,6,18
2022-06-18 09:41:00+00:00,28.72,28.79,28.69,28.72,2675.22,2022,6,18
2022-06-18 09:42:00+00:00,28.72,28.75,28.7,28.71,1022.62,2022,6,18
2022-06-18 09:43:00+00:00,28.73,28.78,28.71,28.74,3195.85,2022,6,18
2022-06-18 09:44:00+00:00,28.74,28.76,28.7,28.71,3214.6,2022,6,18
2022-06-18 09:45:00+00:00,28.71,28.78,28.71,28.76,1567.04,2022,6,18
2022-06-18 09:46:00+00:00,28.76,28.77,28.7,28.74,4934.15,2022,6,18
2022-06-18 09:47:00+00:00,28.75,28.81,28.75,28.78,4327.6,2022,6,18
2022-06-18 09:48:00+00:00,28.78,28.86,28.77,28.79,1937.95,2022,6,18
2022-06-18 09:49:00+00:00,28.8,28.85,28.79,28.79,3797.57,2022,6,18
2022-06-18 09:50:00+00:00,28.79,28.83,28.78,28.81,3542.74,2022,6,18
2022-06-18 09:51:00+00:00,28.8,28.93,28.8,28.92,4023.12,2022,6,18
2022-06-18 09:52:00+00:00,28.91,28.94,28.89,28.91,4212.39,2022,6,18
2022-06-18 09:53:00+00:00,28.91,28.95,28.89,28.94,2977.18,2022,6,18
2022-06-18 09:54:00+00:00,28.94,28.98,28.91,28.95,4151.5,2022,6,18
2022-06-18 09:55:00+00:00,28.95,29.01,28.94,28.97,3064.35,2022,6,18
2022-06-18 09:56:00+00:00,28.97,28.98,28.9,28.97,7188.37,2022,6,18
2022-06-18 09:57:00+00:00,28.98,29.0,28.94,28.97,2110.78,2022,6,18
2022-06-18 09:58:00+00:00,28.98,28.98,28.94,28.96,1039.99,2022,6,18
2022-06-18 09:59:00+00:00,28.96,29.01,28.95,28.97,3961.28,2022,6,18
2022-06-18 10:00:00+00:00,28.97,29.01,28.91,29.0,10344.17,2022,6,18
2022-06-18 10:01:00+00:00,28.99,29.11,28.99,29.07,8183.23,2022,6,18
2022-06-18 10:02:00+00:00,29.06,29.08,29.01,29.04,5853.16,2022,6,18
2022-06-18 10:03:00+00:00,29.03,29.03,28.95,28.99,6061.23,2022,6,18
2022-06-18 10:04:00+00:00,29.0,29.09,28.99,29.06,6400.37,2022,6,18
2022-06-18 10:05:00+00:00,29.05,29.07,28.95,28.95,3977.96,2022,6,18
2022-06-18 10:06:00+00:00,28.96,28.97,28.88,28.89,4631.13,2022,6,18
2022-06-18 10:07:00+00:00,28.9,28.98,28.88,28.97,3165.67,2022,6,18
2022-06-18 10:08:00+00:00,28.98,29.07,28.98,29.03,3470.57,2022,6,18
2022-06-18 10:09:00+00:00,29.04,29.1,29.01,29.09,2370.65,2022,6,18
2022-06-18 10:10:00+00:00,29.09,29.1,29.02,29.04,2872.83,2022,6,18
2022-06-18 10:11:00+00:00,29.03,29.08,29.0,29.04,4080.73,2022,6,18
2022-06-18 10:12:00+00:00,29.05,29.09,29.05,29.07,4576.86,2022,6,18
2022-06-18 10:13:00+00:00,29.07,29.08,29.05,29.05,462.78,2022,6,18
2022-06-18 10:14:00+00:00,29.06,29.11,29.04,29.07,3265.32,2022,6,18
2022-06-18 10:15:00+00:00,29.06,29.2,29.04,29.16,9308.92,2022,6,18
2022-06-18 10:16:00+00:00,29.16,29.28,29.14,29.22,10282.12,2022,6,18
2022-06-18 10:17:00+00:00,29.21,29.24,29.14,29.22,11019.33,2022,6,18
2022-06-18 10:18:00+00:00,29.22,29.25,29.18,29.22,6231.35,2022,6,18
2022-06-18 10:19:00+00:00,29.22,29.32,29.19,29.27,19196.87,2022,6,18
2022-06-18 10:20:00+00:00,29.27,29.42,29.24,29.37,10019.85,2022,6,18
2022-06-18 10:21:00+00:00,29.36,29.39,29.25,29.29,13345.08,2022,6,18
2022-06-18 10:22:00+00:00,29.29,29.37,29.28,29.31,9646.65,2022,6,18
2022-06-18 10:23:00+00:00,29.31,29.4,29.31,29.4,6689.64,2022,6,18
2022-06-18 10:24:00+00:00,29.4,30.07,29.4,29.65,182464.52,2022,6,18
2022-06-18 10:25:00+00:00,29.64,29.8,29.61,29.76,22496.69,2022,6,18
2022-06-18 10:26:00+00:00,29.77,29.8,29.68,29.74,18065.61,2022,6,18
2022-06-18 10:27:00+00:00,29.74,29.84,29.66,29.77,10613.14,2022,6,18
2022-06-18 10:28:00+00:00,29.77,29.78,29.63,29.68,7948.02,2022,6,18
2022-06-18 10:29:00+00:00,29.67,29.68,29.6,29.62,6640.52,2022,6,18
2022-06-18 10:30:00+00:00,29.62,29.67,29.58,29.66,5397.91,2022,6,18
2022-06-18 10:31:00+00:00,29.67,29.7,29.64,29.66,3039.96,2022,6,18
2022-06-18 10:32:00+00:00,29.66,29.67,29.56,29.56,5897.44,2022,6,18
2022-06-18 10:33:00+00:00,29.56,29.59,29.52,29.59,5488.52,2022,6,18
2022-06-18 10:34:00+00:00,29.58,29.59,29.56,29.57,1020.6,2022,6,18
2022-06-18 10:35:00+00:00,29.56,29.64,29.54,29.58,2145.65,2022,6,18
2022-06-18 10:36:00+00:00,29.58,29.6,29.54,29.59,2603.57,2022,6,18
2022-06-18 10:37:00+00:00,29.59,29.69,29.58,29.6,4737.31,2022,6,18
2022-06-18 10:38:00+00:00,29.6,29.76,29.56,29.72,30207.84,2022,6,18
2022-06-18 10:39:00+00:00,29.72,29.85,29.72,29.79,3818.07,2022,6,18
2022-06-18 10:40:00+00:00,29.79,29.82,29.74,29.77,7047.37,2022,6,18
2022-06-18 10:41:00+00:00,29.78,29.78,29.7,29.73,3594.63,2022,6,18
2022-06-18 10:42:00+00:00,29.72,29.97,29.7,29.9,14178.4,2022,6,18
2022-06-18 10:43:00+00:00,29.9,29.99,29.86,29.92,5731.4,2022,6,18
2022-06-18 10:44:00+00:00,29.91,29.91,29.77,29.78,3646.9,2022,6,18
2022-06-18 10:45:00+00:00,29.78,29.83,29.78,29.79,1946.78,2022,6,18
2022-06-18 10:46:00+00:00,29.78,29.8,29.65,29.7,19337.65,2022,6,18
2022-06-18 10:47:00+00:00,29.71,29.71,29.63,29.64,5816.63,2022,6,18
2022-06-18 10:48:00+00:00,29.65,29.66,29.62,29.64,2500.17,2022,6,18
2022-06-18 10:49:00+00:00,29.64,29.66,29.62,29.63,1255.62,2022,6,18
2022-06-18 10:50:00+00:00,29.65,29.65,29.6,29.63,2388.53,2022,6,18
2022-06-18 10:51:00+00:00,29.64,29.65,29.6,29.64,2514.82,2022,6,18
2022-06-18 10:52:00+00:00,29.64,29.65,29.61,29.61,1383.34,2022,6,18
2022-06-18 10:53:00+00:00,29.62,29.63,29.61,29.62,425.71,2022,6,18
2022-06-18 10:54:00+00:00,29.62,29.64,29.61,29.64,1479.74,2022,6,18
2022-06-18 10:55:00+00:00,29.64,29.74,29.63,29.7,3303.75,2022,6,18
2022-06-18 10:56:00+00:00,29.7,29.76,29.7,29.72,2189.91,2022,6,18
2022-06-18 10:57:00+00:00,29.71,29.71,29.64,29.64,1437.59,2022,6,18
2022-06-18 10:58:00+00:00,29.64,29.68,29.58,29.64,1767.28,2022,6,18
2022-06-18 10:59:00+00:00,29.63,29.65,29.6,29.63,1485.37,2022,6,18
2022-06-18 11:00:00+00:00,29.63,29.67,29.61,29.67,1245.89,2022,6,18
2022-06-18 11:01:00+00:00,29.68,29.71,29.65,29.7,1576.26,2022,6,18
2022-06-18 11:02:00+00:00,29.7,29.71,29.57,29.57,5838.01,2022,6,18
2022-06-18 11:03:00+00:00,29.57,29.6,29.53,29.57,3869.51,2022,6,18
2022-06-18 11:04:00+00:00,29.58,29.6,29.53,29.55,2370.09,2022,6,18
2022-06-18 11:05:00+00:00,29.55,29.65,29.54,29.58,11572.52,2022,6,18
2022-06-18 11:06:00+00:00,29.58,29.58,29.46,29.5,4945.21,2022,6,18
2022-06-18 11:07:00+00:00,29.51,29.52,29.43,29.46,4701.36,2022,6,18
2022-06-18 11:08:00+00:00,29.47,29.5,29.45,29.48,5498.86,2022,6,18
2022-06-18 11:09:00+00:00,29.48,29.52,29.48,29.49,2916.2,2022,6,18
2022-06-18 11:10:00+00:00,29.5,29.53,29.49,29.52,8538.76,2022,6,18
2022-06-18 11:11:00+00:00,29.53,29.7,29.53,29.7,6225.24,2022,6,18
2022-06-18 11:12:00+00:00,29.7,30.32,29.66,30.03,81750.33,2022,6,18
2022-06-18 11:13:00+00:00,30.03,30.08,29.96,29.99,8944.32,2022,6,18
2022-06-18 11:14:00+00:00,30.0,30.05,29.93,30.0,10575.46,2022,6,18
2022-06-18 11:15:00+00:00,30.0,30.06,29.97,30.05,4537.31,2022,6,18
2022-06-18 11:16:00+00:00,30.05,30.52,30.04,30.47,48691.35,2022,6,18
2022-06-18 11:17:00+00:00,30.47,30.69,30.35,30.35,15020.06,2022,6,18
2022-06-18 11:18:00+00:00,30.34,30.53,30.33,30.41,15897.26,2022,6,18
2022-06-18 11:19:00+00:00,30.41,30.42,30.35,30.35,6494.8,2022,6,18
2022-06-18 11:20:00+00:00,30.35,30.5,30.33,30.46,5578.33,2022,6,18
2022-06-18 11:21:00+00:00,30.46,30.46,30.36,30.4,6125.86,2022,6,18
2022-06-18 11:22:00+00:00,30.41,30.41,30.34,30.41,5635.36,2022,6,18
2022-06-18 11:23:00+00:00,30.41,30.44,30.38,30.39,4949.93,2022,6,18
2022-06-18 11:24:00+00:00,30.39,30.42,30.3,30.31,5486.65,2022,6,18
2022-06-18 11:25:00+00:00,30.31,30.52,30.29,30.47,7376.34,2022,6,18
2022-06-18 11:26:00+00:00,30.46,30.48,30.34,30.34,8212.76,2022,6,18
2022-06-18 11:27:00+00:00,30.33,30.44,30.33,30.37,4898.29,2022,6,18
2022-06-18 11:28:00+00:00,30.36,30.4,30.35,30.39,2078.15,2022,6,18
2022-06-18 11:29:00+00:00,30.38,30.5,30.37,30.47,5199.83,2022,6,18
2022-06-18 11:30:00+00:00,30.48,30.51,30.39,30.44,5457.1,2022,6,18
2022-06-18 11:31:00+00:00,30.44,30.44,30.35,30.35,2863.94,2022,6,18
2022-06-18 11:32:00+00:00,30.35,30.41,30.31,30.39,4052.74,2022,6,18
2022-06-18 11:33:00+00:00,30.39,30.4,30.33,30.33,1669.05,2022,6,18
2022-06-18 11:34:00+00:00,30.33,30.34,30.3,30.31,2441.77,2022,6,18
2022-06-18 11:35:00+00:00,30.31,30.37,30.3,30.3,7074.68,2022,6,18
2022-06-18 11:36:00+00:00,30.31,30.32,30.24,30.25,5256.56,2022,6,18
2022-06-18 11:37:00+00:00,30.25,30.29,30.24,30.25,2054.82,2022,6,18
2022-06-18 11:38:00+00:00,30.25,30.28,30.24,30.24,1063.93,2022,6,18
2022-06-18 11:39:00+00:00,30.24,30.27,30.19,30.2,2524.38,2022,6,18
2022-06-18 11:40:00+00:00,30.19,30.24,30.18,30.22,4533.89,2022,6,18
2022-06-18 11:41:00+00:00,30.22,30.26,30.2,30.2,2931.1,2022,6,18
2022-06-18 11:42:00+00:00,30.21,30.26,30.2,30.24,2310.97,2022,6,18
2022-06-18 11:43:00+00:00,30.24,30.29,30.24,30.27,6934.03,2022,6,18
2022-06-18 11:44:00+00:00,30.26,30.26,30.24,30.25,873.55,2022,6,18
2022-06-18 11:45:00+00:00,30.25,30.27,30.2,30.2,2828.02,2022,6,18
2022-06-18 11:46:00+00:00,30.2,30.21,30.1,30.12,5684.44,2022,6,18
2022-06-18 11:47:00+00:00,30.11,30.13,30.07,30.11,4765.99,2022,6,18
2022-06-18 11:48:00+00:00,30.1,30.12,30.04,30.07,4837.96,2022,6,18
2022-06-18 11:49:00+00:00,30.08,30.1,30.04,30.07,1978.06,2022,6,18
2022-06-18 11:50:00+00:00,30.07,30.08,30.01,30.01,4677.21,2022,6,18
2022-06-18 11:51:00+00:00,30.01,30.06,30.0,30.01,3346.84,2022,6,18
2022-06-18 11:52:00+00:00,30.02,30.03,29.98,30.0,3895.7,2022,6,18
2022-06-18 11:53:00+00:00,30.0,30.11,30.0,30.04,2740.1,2022,6,18
2022-06-18 11:54:00+00:00,30.04,30.04,29.99,30.02,3139.77,2022,6,18
2022-06-18 11:55:00+00:00,30.02,30.03,29.98,30.02,2841.67,2022,6,18
2022-06-18 11:56:00+00:00,30.02,30.05,30.01,30.04,3378.61,2022,6,18
2022-06-18 11:57:00+00:00,30.04,30.05,29.98,30.0,1869.63,2022,6,18
2022-06-18 11:58:00+00:00,30.0,30.06,29.98,29.99,4318.46,2022,6,18
2022-06-18 11:59:00+00:00,30.0,30.01,29.98,30.0,2468.33,2022,6,18
2022-06-18 12:00:00+00:00,30.0,30.04,29.98,30.03,4104.35,2022,6,18
2022-06-18 12:01:00+00:00,30.02,30.05,29.98,29.99,1307.74,2022,6,18
2022-06-18 12:02:00+00:00,29.98,30.0,29.86,29.89,8401.18,2022,6,18
2022-06-18 12:03:00+00:00,29.89,29.9,29.83,29.87,5709.89,2022,6,18
2022-06-18 12:04:00+00:00,29.88,29.9,29.83,29.9,6944.63,2022,6,18
2022-06-18 12:05:00+00:00,29.9,29.91,29.88,29.89,1216.08,2022,6,18
2022-06-18 12:06:00+00:00,29.89,29.9,29.86,29.88,1479.05,2022,6,18
2022-06-18 12:07:00+00:00,29.88,30.02,29.87,30.02,4353.45,2022,6,18
2022-06-18 12:08:00+00:00,30.02,30.05,29.96,29.96,3562.44,2022,6,18
2022-06-18 12:09:00+00:00,29.96,29.96,29.91,29.93,2512.06,2022,6,18
2022-06-18 12:10:00+00:00,29.94,29.98,29.93,29.96,1786.23,2022,6,18
2022-06-18 12:11:00+00:00,29.95,29.99,29.95,29.98,2866.11,2022,6,18
2022-06-18 12:12:00+00:00,29.97,30.03,29.97,29.99,1078.45,2022,6,18
2022-06-18 12:13:00+00:00,30.0,30.05,29.97,30.03,4981.63,2022,6,18
2022-06-18 12:14:00+00:00,30.03,30.03,29.99,29.99,1159.17,2022,6,18
2022-06-18 12:15:00+00:00,30.0,30.03,29.96,30.0,2692.25,2022,6,18
2022-06-18 12:16:00+00:00,30.0,30.21,30.0,30.07,6173.91,2022,6,18
2022-06-18 12:17:00+00:00,30.07,30.07,29.93,29.93,5037.76,2022,6,18
2022-06-18 12:18:00+00:00,29.93,29.95,29.89,29.92,3270.72,2022,6,18
2022-06-18 12:19:00+00:00,29.91,30.04,29.91,30.01,3203.97,2022,6,18
2022-06-18 12:20:00+00:00,30.01,30.07,30.0,30.05,1931.23,2022,6,18
2022-06-18 12:21:00+00:00,30.06,30.08,30.02,30.04,1043.16,2022,6,18
2022-06-18 12:22:00+00:00,30.04,30.09,30.04,30.05,1047.28,2022,6,18
2022-06-18 12:23:00+00:00,30.04,30.15,30.04,30.12,651.78,2022,6,18
2022-06-18 12:24:00+00:00,30.13,30.13,30.08,30.08,1363.5,2022,6,18
2022-06-18 12:25:00+00:00,30.08,30.12,30.08,30.12,2005.2,2022,6,18
2022-06-18 12:26:00+00:00,30.12,30.17,30.11,30.14,2153.66,2022,6,18
2022-06-18 12:27:00+00:00,30.14,30.2,30.14,30.19,2213.08,2022,6,18
2022-06-18 12:28:00+00:00,30.19,30.24,30.12,30.13,1409.55,2022,6,18
2022-06-18 12:29:00+00:00,30.13,30.15,30.12,30.12,371.38,2022,6,18
2022-06-18 12:30:00+00:00,30.12,30.16,30.11,30.11,4234.96,2022,6,18
2022-06-18 12:31:00+00:00,30.12,30.23,30.12,30.23,1169.25,2022,6,18
2022-06-18 12:32:00+00:00,30.21,30.27,30.2,30.26,2437.76,2022,6,18
2022-06-18 12:33:00+00:00,30.26,30.27,30.2,30.22,2166.2,2022,6,18
2022-06-18 12:34:00+00:00,30.22,30.25,30.21,30.24,1029.63,2022,6,18
2022-06-18 12:35:00+00:00,30.25,30.25,30.22,30.25,795.56,2022,6,18
2022-06-18 12:36:00+00:00,30.24,30.25,30.07,30.09,3866.35,2022,6,18
2022-06-18 12:37:00+00:00,30.1,30.1,29.98,30.02,5174.42,2022,6,18
2022-06-18 12:38:00+00:00,30.02,30.06,29.99,30.01,3386.11,2022,6,18
2022-06-18 12:39:00+00:00,30.02,30.2,30.01,30.17,3305.56,2022,6,18
2022-06-18 12:40:00+00:00,30.17,30.17,30.03,30.05,2775.45,2022,6,18
2022-06-18 12:41:00+00:00,30.05,30.2,30.04,30.1,6417.03,2022,6,18
2022-06-18 12:42:00+00:00,30.09,30.12,30.06,30.08,1983.16,2022,6,18
2022-06-18 12:43:00+00:00,30.08,30.12,30.07,30.1,1327.42,2022,6,18
2022-06-18 12:44:00+00:00,30.1,30.1,30.05,30.05,1310.65,2022,6,18
2022-06-18 12:45:00+00:00,30.04,30.1,30.02,30.08,2005.42,2022,6,18
2022-06-18 12:46:00+00:00,30.08,30.25,30.07,30.17,9007.68,2022,6,18
2022-06-18 12:47:00+00:00,30.18,30.21,30.17,30.2,1536.67,2022,6,18
2022-06-18 12:48:00+00:00,30.21,30.36,30.21,30.29,4462.75,2022,6,18
2022-06-18 12:49:00+00:00,30.28,30.28,30.19,30.2,2149.24,2022,6,18
2022-06-18 12:50:00+00:00,30.2,30.27,30.18,30.25,3085.19,2022,6,18
2022-06-18 12:51:00+00:00,30.24,30.25,30.2,30.22,806.47,2022,6,18
2022-06-18 12:52:00+00:00,30.22,30.22,30.18,30.18,2082.45,2022,6,18
2022-06-18 12:53:00+00:00,30.18,30.2,30.16,30.18,3900.01,2022,6,18
2022-06-18 12:54:00+00:00,30.18,30.22,30.16,30.17,2752.06,2022,6,18
2022-06-18 12:55:00+00:00,30.18,30.26,30.17,30.19,2791.85,2022,6,18
2022-06-18 12:56:00+00:00,30.18,30.44,30.17,30.38,9352.07,2022,6,18
2022-06-18 12:57:00+00:00,30.38,30.41,30.36,30.38,2639.56,2022,6,18
2022-06-18 12:58:00+00:00,30.38,30.38,30.32,30.33,2657.35,2022,6,18
2022-06-18 12:59:00+00:00,30.33,30.34,30.29,30.31,1778.96,2022,6,18
2022-06-18 13:00:00+00:00,30.31,30.33,30.23,30.27,4660.35,2022,6,18
2022-06-18 13:01:00+00:00,30.27,30.3,30.24,30.29,4569.01,2022,6,18
2022-06-18 13:02:00+00:00,30.29,30.37,30.29,30.32,1714.34,2022,6,18
2022-06-18 13:03:00+00:00,30.33,30.36,30.26,30.26,4414.59,2022,6,18
2022-06-18 13:04:00+00:00,30.26,30.29,30.17,30.17,9338.89,2022,6,18
2022-06-18 13:05:00+00:00,30.18,30.25,30.16,30.19,4985.7,2022,6,18
2022-06-18 13:06:00+00:00,30.19,30.23,30.18,30.19,1969.9,2022,6,18
2022-06-18 13:07:00+00:00,30.19,30.2,30.15,30.15,1400.9,2022,6,18
2022-06-18 13:08:00+00:00,30.15,30.18,30.14,30.15,1046.02,2022,6,18
2022-06-18 13:09:00+00:00,30.15,30.17,30.14,30.15,1544.99,2022,6,18
2022-06-18 13:10:00+00:00,30.16,30.18,30.13,30.13,1944.09,2022,6,18
2022-06-18 13:11:00+00:00,30.13,30.16,30.09,30.11,2224.44,2022,6,18
2022-06-18 13:12:00+00:00,30.1,30.17,30.1,30.15,9988.79,2022,6,18
2022-06-18 13:13:00+00:00,30.15,30.18,30.13,30.18,564.83,2022,6,18
2022-06-18 13:14:00+00:00,30.18,30.35,30.18,30.34,6833.36,2022,6,18
2022-06-18 13:15:00+00:00,30.33,30.4,30.3,30.39,4900.67,2022,6,18
2022-06-18 13:16:00+00:00,30.37,30.4,30.34,30.34,2593.6,2022,6,18
2022-06-18 13:17:00+00:00,30.34,30.35,30.32,30.32,1538.08,2022,6,18
2022-06-18 13:18:00+00:00,30.33,30.42,30.32,30.41,2880.85,2022,6,18
2022-06-18 13:19:00+00:00,30.4,30.44,30.34,30.36,3879.5,2022,6,18
2022-06-18 13:20:00+00:00,30.35,30.42,30.34,30.4,2534.89,2022,6,18
2022-06-18 13:21:00+00:00,30.4,30.41,30.37,30.38,1341.22,2022,6,18
2022-06-18 13:22:00+00:00,30.39,30.39,30.36,30.38,1621.33,2022,6,18
2022-06-18 13:23:00+00:00,30.37,30.39,30.33,30.35,2715.22,2022,6,18
2022-06-18 13:24:00+00:00,30.33,30.34,30.25,30.25,2900.17,2022,6,18
2022-06-18 13:25:00+00:00,30.25,30.32,30.24,30.26,2086.76,2022,6,18
2022-06-18 13:26:00+00:00,30.26,30.31,30.17,30.19,8663.63,2022,6,18
2022-06-18 13:27:00+00:00,30.18,30.19,30.13,30.17,5742.58,2022,6,18
2022-06-18 13:28:00+00:00,30.17,30.2,30.15,30.17,3552.6,2022,6,18
2022-06-18 13:29:00+00:00,30.18,30.23,30.17,30.2,2297.02,2022,6,18
2022-06-18 13:30:00+00:00,30.19,30.21,30.14,30.15,1789.9,2022,6,18
2022-06-18 13:31:00+00:00,30.14,30.19,30.12,30.16,2234.44,2022,6,18
2022-06-18 13:32:00+00:00,30.16,30.21,30.14,30.2,2201.14,2022,6,18
2022-06-18 13:33:00+00:00,30.2,30.21,30.13,30.15,2400.58,2022,6,18
2022-06-18 13:34:00+00:00,30.15,30.17,30.1,30.11,1037.39,2022,6,18
2022-06-18 13:35:00+00:00,30.12,30.12,30.02,30.02,6491.99,2022,6,18
2022-06-18 13:36:00+00:00,30.03,30.06,29.99,29.99,4398.53,2022,6,18
2022-06-18 13:37:00+00:00,29.99,30.0,29.96,29.98,5000.76,2022,6,18
2022-06-18 13:38:00+00:00,29.98,29.99,29.91,29.93,5613.56,2022,6,18
2022-06-18 13:39:00+00:00,29.92,29.96,29.88,29.95,3206.24,2022,6,18
2022-06-18 13:40:00+00:00,29.96,29.97,29.89,29.93,2775.35,2022,6,18
2022-06-18 13:41:00+00:00,29.92,29.97,29.86,29.97,4054.92,2022,6,18
2022-06-18 13:42:00+00:00,29.96,29.98,29.9,29.91,1339.0,2022,6,18
2022-06-18 13:43:00+00:00,29.9,29.9,29.85,29.88,5542.53,2022,6,18
2022-06-18 13:44:00+00:00,29.88,29.89,29.85,29.89,1386.1,2022,6,18
2022-06-18 13:45:00+00:00,29.89,30.0,29.88,29.96,6155.91,2022,6,18
2022-06-18 13:46:00+00:00,29.96,29.96,29.91,29.92,1935.77,2022,6,18
2022-06-18 13:47:00+00:00,29.91,29.98,29.91,29.95,1272.49,2022,6,18
2022-06-18 13:48:00+00:00,29.95,30.0,29.92,30.0,869.58,2022,6,18
2022-06-18 13:49:00+00:00,30.0,30.0,29.96,29.97,907.79,2022,6,18
2022-06-18 13:50:00+00:00,29.96,30.02,29.96,29.99,1471.58,2022,6,18
2022-06-18 13:51:00+00:00,30.0,30.05,29.97,30.03,2271.53,2022,6,18
2022-06-18 13:52:00+00:00,30.03,30.04,29.99,30.02,2133.56,2022,6,18
2022-06-18 13:53:00+00:00,30.01,30.07,30.01,30.04,2971.65,2022,6,18
2022-06-18 13:54:00+00:00,30.05,30.11,30.05,30.1,2733.65,2022,6,18
2022-06-18 13:55:00+00:00,30.1,30.14,30.06,30.07,2861.03,2022,6,18
2022-06-18 13:56:00+00:00,30.07,30.11,30.05,30.08,4709.15,2022,6,18
2022-06-18 13:57:00+00:00,30.08,30.11,30.05,30.06,4389.36,2022,6,18
2022-06-18 13:58:00+00:00,30.04,30.05,29.94,29.94,4704.13,2022,6,18
2022-06-18 13:59:00+00:00,29.95,30.04,29.94,30.03,1729.95,2022,6,18
2022-06-18 14:00:00+00:00,30.04,30.12,30.0,30.1,5476.88,2022,6,18
2022-06-18 14:01:00+00:00,30.09,30.2,30.07,30.17,7339.44,2022,6,18
2022-06-18 14:02:00+00:00,30.17,30.17,30.12,30.15,4147.32,2022,6,18
2022-06-18 14:03:00+00:00,30.16,30.17,30.12,30.14,2172.36,2022,6,18
2022-06-18 14:04:00+00:00,30.14,30.19,30.12,30.15,3242.97,2022,6,18
2022-06-18 14:05:00+00:00,30.15,30.18,30.14,30.16,1909.78,2022,6,18
2022-06-18 14:06:00+00:00,30.16,30.18,30.14,30.18,3426.33,2022,6,18
2022-06-18 14:07:00+00:00,30.17,30.24,30.15,30.21,2801.89,2022,6,18
2022-06-18 14:08:00+00:00,30.21,30.24,30.19,30.23,1811.96,2022,6,18
2022-06-18 14:09:00+00:00,30.23,30.23,30.12,30.18,6250.49,2022,6,18
2022-06-18 14:10:00+00:00,30.18,30.18,30.1,30.15,3437.57,2022,6,18
2022-06-18 14:11:00+00:00,30.15,30.21,30.15,30.21,1368.27,2022,6,18
2022-06-18 14:12:00+00:00,30.2,30.23,30.18,30.21,6856.0,2022,6,18
2022-06-18 14:13:00+00:00,30.21,30.27,30.19,30.26,7189.67,2022,6,18
2022-06-18 14:14:00+00:00,30.26,30.31,30.26,30.27,2729.53,2022,6,18
2022-06-18 14:15:00+00:00,30.27,30.38,30.25,30.3,6133.69,2022,6,18
2022-06-18 14:16:00+00:00,30.3,30.32,30.23,30.24,5604.49,2022,6,18
2022-06-18 14:17:00+00:00,30.24,30.28,30.22,30.23,1081.39,2022,6,18
2022-06-18 14:18:00+00:00,30.23,30.26,30.18,30.2,5143.24,2022,6,18
2022-06-18 14:19:00+00:00,30.21,30.23,30.14,30.15,1963.48,2022,6,18
2022-06-18 14:20:00+00:00,30.15,30.19,30.15,30.19,1550.27,2022,6,18
2022-06-18 14:21:00+00:00,30.19,30.21,30.15,30.15,2444.5,2022,6,18
2022-06-18 14:22:00+00:00,30.16,30.18,30.13,30.13,1766.56,2022,6,18
2022-06-18 14:23:00+00:00,30.12,30.18,30.11,30.17,1094.57,2022,6,18
2022-06-18 14:24:00+00:00,30.16,30.17,30.16,30.17,588.53,2022,6,18
2022-06-18 14:25:00+00:00,30.17,30.17,30.15,30.15,518.89,2022,6,18
2022-06-18 14:26:00+00:00,30.15,30.17,30.15,30.15,227.65,2022,6,18
2022-06-18 14:27:00+00:00,30.15,30.17,30.14,30.15,420.68,2022,6,18
2022-06-18 14:28:00+00:00,30.15,30.16,30.04,30.05,937.47,2022,6,18
2022-06-18 14:29:00+00:00,30.05,30.1,30.02,30.1,1769.78,2022,6,18
2022-06-18 14:30:00+00:00,30.1,30.15,30.1,30.13,423.69,2022,6,18
2022-06-18 14:31:00+00:00,30.12,30.13,29.99,30.01,3559.51,2022,6,18
2022-06-18 14:32:00+00:00,30.01,30.01,29.97,29.98,1886.35,2022,6,18
2022-06-18 14:33:00+00:00,29.99,30.0,29.96,29.96,161.08,2022,6,18
2022-06-18 14:34:00+00:00,29.97,30.07,29.91,30.06,8058.43,2022,6,18
2022-06-18 14:35:00+00:00,30.06,30.09,30.01,30.05,1429.77,2022,6,18
2022-06-18 14:36:00+00:00,30.05,30.05,29.97,29.98,11647.56,2022,6,18
2022-06-18 14:37:00+00:00,29.99,30.02,29.95,30.02,2511.74,2022,6,18
2022-06-18 14:38:00+00:00,30.02,30.07,30.0,30.02,4914.64,2022,6,18
2022-06-18 14:39:00+00:00,30.02,30.04,30.01,30.04,373.79,2022,6,18
2022-06-18 14:40:00+00:00,30.04,30.08,30.01,30.08,1616.63,2022,6,18
2022-06-18 14:41:00+00:00,30.08,30.08,30.06,30.07,862.3,2022,6,18
2022-06-18 14:42:00+00:00,30.07,30.07,30.01,30.02,662.3,2022,6,18
2022-06-18 14:43:00+00:00,30.01,30.01,29.94,29.96,1437.18,2022,6,18
2022-06-18 14:44:00+00:00,29.97,29.97,29.9,29.94,1493.05,2022,6,18
2022-06-18 14:45:00+00:00,29.94,30.06,29.9,30.06,1476.36,2022,6,18
2022-06-18 14:46:00+00:00,30.05,30.07,30.02,30.04,3546.06,2022,6,18
2022-06-18 14:47:00+00:00,30.04,30.04,29.91,29.93,3551.85,2022,6,18
2022-06-18 14:48:00+00:00,29.93,29.94,29.91,29.92,4312.2,2022,6,18
2022-06-18 14:49:00+00:00,29.92,29.93,29.87,29.88,6920.85,2022,6,18
2022-06-18 14:50:00+00:00,29.88,29.92,29.67,29.69,9564.48,2022,6,18
2022-06-18 14:51:00+00:00,29.69,29.78,29.67,29.67,6310.64,2022,6,18
2022-06-18 14:52:00+00:00,29.69,29.78,29.67,29.78,3747.5,2022,6,18
2022-06-18 14:53:00+00:00,29.77,29.77,29.68,29.68,5711.84,2022,6,18
2022-06-18 14:54:00+00:00,29.69,29.72,29.61,29.61,4706.02,2022,6,18
2022-06-18 14:55:00+00:00,29.62,29.71,29.62,29.68,4531.68,2022,6,18
2022-06-18 14:56:00+00:00,29.69,29.74,29.69,29.69,3467.01,2022,6,18
2022-06-18 14:57:00+00:00,29.7,29.7,29.61,29.62,1584.94,2022,6,18
2022-06-18 14:58:00+00:00,29.61,29.71,29.61,29.7,661.11,2022,6,18
2022-06-18 14:59:00+00:00,29.68,29.69,29.63,29.64,1265.05,2022,6,18
2022-06-18 15:00:00+00:00,29.64,29.7,29.64,29.67,3234.64,2022,6,18
2022-06-18 15:01:00+00:00,29.66,29.72,29.64,29.69,3167.99,2022,6,18
2022-06-18 15:02:00+00:00,29.68,29.71,29.67,29.71,1918.35,2022,6,18
2022-06-18 15:03:00+00:00,29.7,29.74,29.68,29.7,2064.92,2022,6,18
2022-06-18 15:04:00+00:00,29.7,29.71,29.6,29.63,5656.1,2022,6,18
2022-06-18 15:05:00+00:00,29.63,29.64,29.53,29.56,6262.48,2022,6,18
2022-06-18 15:06:00+00:00,29.56,29.61,29.52,29.59,8005.2,2022,6,18
2022-06-18 15:07:00+00:00,29.59,29.68,29.59,29.68,2267.73,2022,6,18
2022-06-18 15:08:00+00:00,29.68,29.74,29.66,29.73,2023.59,2022,6,18
2022-06-18 15:09:00+00:00,29.72,29.8,29.72,29.76,2285.35,2022,6,18
2022-06-18 15:10:00+00:00,29.75,29.78,29.69,29.71,2149.01,2022,6,18
2022-06-18 15:11:00+00:00,29.72,29.74,29.71,29.73,994.5,2022,6,18
2022-06-18 15:12:00+00:00,29.72,29.73,29.63,29.64,12381.31,2022,6,18
2022-06-18 15:13:00+00:00,29.64,29.67,29.62,29.64,3331.89,2022,6,18
2022-06-18 15:14:00+00:00,29.64,29.67,29.62,29.64,4343.79,2022,6,18
2022-06-18 15:15:00+00:00,29.63,29.74,29.59,29.74,4146.3,2022,6,18
2022-06-18 15:16:00+00:00,29.74,29.85,29.71,29.8,5254.25,2022,6,18
2022-06-18 15:17:00+00:00,29.79,29.86,29.79,29.83,5576.3,2022,6,18
2022-06-18 15:18:00+00:00,29.83,29.94,29.82,29.87,6384.01,2022,6,18
2022-06-18 15:19:00+00:00,29.86,30.0,29.85,29.96,6134.84,2022,6,18
2022-06-18 15:20:00+00:00,29.96,29.97,29.86,29.92,9029.82,2022,6,18
2022-06-18 15:21:00+00:00,29.91,29.91,29.85,29.89,1359.03,2022,6,18
2022-06-18 15:22:00+00:00,29.9,29.91,29.87,29.89,489.52,2022,6,18
2022-06-18 15:23:00+00:00,29.89,29.89,29.81,29.87,3842.32,2022,6,18
2022-06-18 15:24:00+00:00,29.88,29.95,29.88,29.94,3127.97,2022,6,18
2022-06-18 15:25:00+00:00,29.94,30.13,29.91,30.08,6651.11,2022,6,18
2022-06-18 15:26:00+00:00,30.08,30.13,30.04,30.08,7145.56,2022,6,18
2022-06-18 15:27:00+00:00,30.09,30.09,30.05,30.08,1220.56,2022,6,18
2022-06-18 15:28:00+00:00,30.09,30.09,30.0,30.01,1845.61,2022,6,18
2022-06-18 15:29:00+00:00,30.0,30.06,30.0,30.03,3906.93,2022,6,18
2022-06-18 15:30:00+00:00,30.04,30.09,30.04,30.06,6317.62,2022,6,18
2022-06-18 15:31:00+00:00,30.05,30.06,29.97,29.98,3350.84,2022,6,18
2022-06-18 15:32:00+00:00,29.99,29.99,29.95,29.99,1417.59,2022,6,18
2022-06-18 15:33:00+00:00,29.98,29.99,29.87,29.9,2339.37,2022,6,18
2022-06-18 15:34:00+00:00,29.9,29.99,29.9,29.97,6633.49,2022,6,18
2022-06-18 15:35:00+00:00,29.97,29.98,29.93,29.95,3012.18,2022,6,18
2022-06-18 15:36:00+00:00,29.95,29.95,29.91,29.94,2251.08,2022,6,18
2022-06-18 15:37:00+00:00,29.94,30.04,29.94,30.02,2288.25,2022,6,18
2022-06-18 15:38:00+00:00,30.03,30.09,30.0,30.07,2921.92,2022,6,18
2022-06-18 15:39:00+00:00,30.08,30.1,30.01,30.01,1444.92,2022,6,18
2022-06-18 15:40:00+00:00,30.01,30.02,29.9,29.92,2567.55,2022,6,18
2022-06-18 15:41:00+00:00,29.91,29.94,29.88,29.9,2792.91,2022,6,18
2022-06-18 15:42:00+00:00,29.89,29.93,29.89,29.93,1478.44,2022,6,18
2022-06-18 15:43:00+00:00,29.92,29.92,29.89,29.9,289.12,2022,6,18
2022-06-18 15:44:00+00:00,29.91,29.91,29.88,29.89,274.34,2022,6,18
2022-06-18 15:45:00+00:00,29.89,29.97,29.89,29.95,2533.94,2022,6,18
2022-06-18 15:46:00+00:00,29.94,29.98,29.92,29.97,1570.31,2022,6,18
2022-06-18 15:47:00+00:00,29.98,29.99,29.94,29.98,1215.04,2022,6,18
2022-06-18 15:48:00+00:00,29.98,29.98,29.89,29.9,1052.21,2022,6,18
2022-06-18 15:49:00+00:00,29.91,29.91,29.87,29.89,1189.69,2022,6,18
2022-06-18 15:50:00+00:00,29.89,29.91,29.77,29.8,4041.44,2022,6,18
2022-06-18 15:51:00+00:00,29.8,29.91,29.75,29.89,2698.48,2022,6,18
2022-06-18 15:52:00+00:00,29.89,29.89,29.83,29.86,2178.89,2022,6,18
2022-06-18 15:53:00+00:00,29.86,29.87,29.81,29.86,1531.29,2022,6,18
2022-06-18 15:54:00+00:00,29.85,29.85,29.82,29.84,1171.56,2022,6,18
2022-06-18 15:55:00+00:00,29.83,29.87,29.82,29.85,950.72,2022,6,18
2022-06-18 15:56:00+00:00,29.85,29.87,29.83,29.83,1013.77,2022,6,18
2022-06-18 15:57:00+00:00,29.83,29.85,29.81,29.83,1403.14,2022,6,18
2022-06-18 15:58:00+00:00,29.82,29.82,29.77,29.79,2059.02,2022,6,18
2022-06-18 15:59:00+00:00,29.79,29.83,29.78,29.81,1583.33,2022,6,18
2022-06-18 16:00:00+00:00,29.8,29.9,29.79,29.89,4029.01,2022,6,18
2022-06-18 16:01:00+00:00,29.89,29.89,29.75,29.78,2727.6,2022,6,18
2022-06-18 16:02:00+00:00,29.78,29.88,29.75,29.86,5171.05,2022,6,18
2022-06-18 16:03:00+00:00,29.87,29.96,29.87,29.95,2162.43,2022,6,18
2022-06-18 16:04:00+00:00,29.95,29.96,29.85,29.91,1397.19,2022,6,18
2022-06-18 16:05:00+00:00,29.91,29.91,29.86,29.89,1214.42,2022,6,18
2022-06-18 16:06:00+00:00,29.9,29.94,29.86,29.92,608.1,2022,6,18
2022-06-18 16:07:00+00:00,29.93,30.06,29.92,30.06,18000.1,2022,6,18
2022-06-18 16:08:00+00:00,30.05,30.06,30.0,30.01,4092.6,2022,6,18
2022-06-18 16:09:00+00:00,30.02,30.04,29.99,30.04,1576.43,2022,6,18
2022-06-18 16:10:00+00:00,30.03,30.03,29.99,30.01,2181.06,2022,6,18
2022-06-18 16:11:00+00:00,30.02,30.03,29.98,29.99,2213.86,2022,6,18
2022-06-18 16:12:00+00:00,30.0,30.02,29.92,29.94,9041.73,2022,6,18
2022-06-18 16:13:00+00:00,29.94,29.95,29.87,29.89,3393.41,2022,6,18
2022-06-18 16:14:00+00:00,29.89,29.92,29.86,29.9,2084.8,2022,6,18
2022-06-18 16:15:00+00:00,29.89,30.03,29.89,30.01,4040.75,2022,6,18
2022-06-18 16:16:00+00:00,30.01,30.05,30.0,30.03,1786.09,2022,6,18
2022-06-18 16:17:00+00:00,30.02,30.19,30.01,30.14,8049.69,2022,6,18
2022-06-18 16:18:00+00:00,30.15,30.28,30.12,30.27,8154.73,2022,6,18
2022-06-18 16:19:00+00:00,30.28,30.46,30.25,30.44,10539.59,2022,6,18
2022-06-18 16:20:00+00:00,30.44,30.64,30.39,30.42,21678.44,2022,6,18
2022-06-18 16:21:00+00:00,30.41,30.42,30.28,30.3,7108.5,2022,6,18
2022-06-18 16:22:00+00:00,30.31,30.38,30.27,30.38,4751.08,2022,6,18
2022-06-18 16:23:00+00:00,30.36,30.38,30.32,30.38,2053.37,2022,6,18
2022-06-18 16:24:00+00:00,30.37,30.39,30.31,30.39,7716.89,2022,6,18
2022-06-18 16:25:00+00:00,30.38,30.38,30.3,30.35,5474.56,2022,6,18
2022-06-18 16:26:00+00:00,30.35,30.37,30.26,30.29,3720.17,2022,6,18
2022-06-18 16:27:00+00:00,30.3,30.3,30.23,30.26,2768.11,2022,6,18
2022-06-18 16:28:00+00:00,30.26,30.3,30.22,30.29,3632.1,2022,6,18
2022-06-18 16:29:00+00:00,30.29,30.32,30.28,30.32,2425.29,2022,6,18
2022-06-18 16:30:00+00:00,30.31,30.32,30.19,30.25,5988.82,2022,6,18
2022-06-18 16:31:00+00:00,30.24,30.33,30.24,30.26,6424.75,2022,6,18
2022-06-18 16:32:00+00:00,30.27,30.32,30.24,30.28,3810.05,2022,6,18
2022-06-18 16:33:00+00:00,30.28,30.31,30.27,30.27,3487.3,2022,6,18
2022-06-18 16:34:00+00:00,30.27,30.27,30.18,30.18,3669.8,2022,6,18
2022-06-18 16:35:00+00:00,30.18,30.21,30.17,30.19,1936.65,2022,6,18
2022-06-18 16:36:00+00:00,30.19,30.23,30.15,30.16,1025.15,2022,6,18
2022-06-18 16:37:00+00:00,30.16,30.17,30.12,30.13,2383.87,2022,6,18
2022-06-18 16:38:00+00:00,30.13,30.16,30.1,30.14,3583.58,2022,6,18
2022-06-18 16:39:00+00:00,30.15,30.23,30.14,30.18,3823.45,2022,6,18
2022-06-18 16:40:00+00:00,30.18,30.2,30.16,30.19,1139.82,2022,6,18
2022-06-18 16:41:00+00:00,30.19,30.19,30.07,30.11,3181.54,2022,6,18
2022-06-18 16:42:00+00:00,30.11,30.11,29.96,30.0,8872.44,2022,6,18
2022-06-18 16:43:00+00:00,30.01,30.04,29.96,29.99,3933.15,2022,6,18
2022-06-18 16:44:00+00:00,29.99,30.02,29.95,30.01,2973.02,2022,6,18
2022-06-18 16:45:00+00:00,30.0,30.01,29.79,29.81,14587.01,2022,6,18
2022-06-18 16:46:00+00:00,29.82,29.83,29.68,29.77,13773.02,2022,6,18
2022-06-18 16:47:00+00:00,29.78,29.94,29.77,29.77,8955.94,2022,6,18
2022-06-18 16:48:00+00:00,29.76,29.87,29.75,29.81,2347.35,2022,6,18
2022-06-18 16:49:00+00:00,29.81,29.84,29.76,29.79,3965.94,2022,6,18
2022-06-18 16:50:00+00:00,29.78,29.94,29.78,29.89,5129.98,2022,6,18
2022-06-18 16:51:00+00:00,29.89,29.98,29.83,29.98,5334.77,2022,6,18
2022-06-18 16:52:00+00:00,29.98,29.98,29.93,29.96,4116.53,2022,6,18
2022-06-18 16:53:00+00:00,29.96,29.97,29.85,29.86,3429.61,2022,6,18
2022-06-18 16:54:00+00:00,29.86,29.9,29.84,29.87,1010.74,2022,6,18
2022-06-18 16:55:00+00:00,29.87,29.87,29.78,29.79,1643.33,2022,6,18
2022-06-18 16:56:00+00:00,29.79,29.81,29.76,29.79,3544.96,2022,6,18
2022-06-18 16:57:00+00:00,29.79,29.84,29.77,29.83,2751.51,2022,6,18
2022-06-18 16:58:00+00:00,29.82,29.82,29.71,29.71,5181.39,2022,6,18
2022-06-18 16:59:00+00:00,29.72,29.74,29.65,29.71,3792.23,2022,6,18
2022-06-18 17:00:00+00:00,29.71,29.76,29.71,29.75,3923.65,2022,6,18
2022-06-18 17:01:00+00:00,29.76,29.88,29.73,29.87,8609.35,2022,6,18
2022-06-18 17:02:00+00:00,29.86,29.92,29.82,29.89,6260.3,2022,6,18
2022-06-18 17:03:00+00:00,29.89,29.9,29.85,29.89,2188.67,2022,6,18
2022-06-18 17:04:00+00:00,29.88,29.93,29.88,29.9,1707.45,2022,6,18
2022-06-18 17:05:00+00:00,29.89,29.98,29.88,29.94,1900.27,2022,6,18
2022-06-18 17:06:00+00:00,29.93,30.04,29.93,29.97,3389.85,2022,6,18
2022-06-18 17:07:00+00:00,29.98,30.01,29.88,29.91,6726.61,2022,6,18
2022-06-18 17:08:00+00:00,29.92,30.13,29.9,30.07,12188.02,2022,6,18
2022-06-18 17:09:00+00:00,30.07,30.19,30.04,30.15,13556.02,2022,6,18
2022-06-18 17:10:00+00:00,30.16,30.27,30.1,30.26,11243.94,2022,6,18
2022-06-18 17:11:00+00:00,30.26,30.28,30.06,30.08,5974.03,2022,6,18
2022-06-18 17:12:00+00:00,30.09,30.11,30.01,30.02,3794.7,2022,6,18
2022-06-18 17:13:00+00:00,30.02,30.08,30.0,30.04,3254.71,2022,6,18
2022-06-18 17:14:00+00:00,30.05,30.05,29.99,30.01,3395.21,2022,6,18
2022-06-18 17:15:00+00:00,30.01,30.03,29.86,29.88,7179.67,2022,6,18
2022-06-18 17:16:00+00:00,29.89,29.92,29.81,29.86,2847.55,2022,6,18
2022-06-18 17:17:00+00:00,29.86,29.99,29.84,29.98,3557.1,2022,6,18
2022-06-18 17:18:00+00:00,29.99,30.15,29.99,30.11,6367.18,2022,6,18
2022-06-18 17:19:00+00:00,30.11,30.14,30.04,30.07,3435.47,2022,6,18
2022-06-18 17:20:00+00:00,30.06,30.16,30.06,30.14,2034.9,2022,6,18
2022-06-18 17:21:00+00:00,30.15,30.15,30.07,30.09,3236.4,2022,6,18
2022-06-18 17:22:00+00:00,30.1,30.11,30.03,30.05,1716.02,2022,6,18
2022-06-18 17:23:00+00:00,30.06,30.07,30.03,30.07,1732.48,2022,6,18
2022-06-18 17:24:00+00:00,30.06,30.11,30.05,30.06,1128.71,2022,6,18
2022-06-18 17:25:00+00:00,30.05,30.05,29.95,30.04,2306.95,2022,6,18
2022-06-18 17:26:00+00:00,30.03,30.05,30.02,30.02,1552.72,2022,6,18
2022-06-18 17:27:00+00:00,30.02,30.04,29.99,30.03,1624.42,2022,6,18
2022-06-18 17:28:00+00:00,30.02,30.02,29.99,30.0,1752.08,2022,6,18
2022-06-18 17:29:00+00:00,30.0,30.06,29.98,30.05,2434.48,2022,6,18
2022-06-18 17:30:00+00:00,30.06,30.11,30.05,30.1,3814.69,2022,6,18
2022-06-18 17:31:00+00:00,30.1,30.12,29.97,29.97,1515.87,2022,6,18
2022-06-18 17:32:00+00:00,29.96,30.0,29.91,30.0,3368.94,2022,6,18
2022-06-18 17:33:00+00:00,30.0,30.01,29.93,29.96,1259.96,2022,6,18
2022-06-18 17:34:00+00:00,29.97,29.98,29.9,29.92,805.52,2022,6,18
2022-06-18 17:35:00+00:00,29.91,29.99,29.91,29.92,1400.88,2022,6,18
2022-06-18 17:36:00+00:00,29.93,29.94,29.9,29.93,830.99,2022,6,18
2022-06-18 17:37:00+00:00,29.94,29.99,29.94,29.98,820.1,2022,6,18
2022-06-18 17:38:00+00:00,29.97,29.98,29.89,29.9,867.05,2022,6,18
2022-06-18 17:39:00+00:00,29.9,29.92,29.82,29.82,7875.48,2022,6,18
2022-06-18 17:40:00+00:00,29.82,29.83,29.76,29.77,2196.33,2022,6,18
2022-06-18 17:41:00+00:00,29.77,29.86,29.39,29.52,57274.25,2022,6,18
2022-06-18 17:42:00+00:00,29.52,29.6,29.31,29.52,48214.35,2022,6,18
2022-06-18 17:43:00+00:00,29.52,29.66,29.4,29.6,15497.16,2022,6,18
2022-06-18 17:44:00+00:00,29.61,29.77,29.6,29.71,12323.46,2022,6,18
2022-06-18 17:45:00+00:00,29.71,29.71,29.51,29.56,11388.26,2022,6,18
2022-06-18 17:46:00+00:00,29.56,29.67,29.54,29.61,5737.41,2022,6,18
2022-06-18 17:47:00+00:00,29.61,29.64,29.42,29.47,12448.61,2022,6,18
2022-06-18 17:48:00+00:00,29.46,29.55,29.42,29.42,8994.69,2022,6,18
2022-06-18 17:49:00+00:00,29.43,29.53,29.43,29.49,3916.33,2022,6,18
2022-06-18 17:50:00+00:00,29.49,29.63,29.46,29.58,15519.92,2022,6,18
2022-06-18 17:51:00+00:00,29.58,29.64,29.56,29.61,5591.2,2022,6,18
2022-06-18 17:52:00+00:00,29.6,29.65,29.57,29.65,2708.02,2022,6,18
2022-06-18 17:53:00+00:00,29.64,29.68,29.6,29.61,3194.99,2022,6,18
2022-06-18 17:54:00+00:00,29.61,29.65,29.59,29.6,5787.37,2022,6,18
2022-06-18 17:55:00+00:00,29.6,29.62,29.53,29.54,2001.84,2022,6,18
2022-06-18 17:56:00+00:00,29.53,29.61,29.53,29.56,6043.23,2022,6,18
2022-06-18 17:57:00+00:00,29.56,29.65,29.54,29.64,1442.29,2022,6,18
2022-06-18 17:58:00+00:00,29.65,29.67,29.63,29.65,3930.5,2022,6,18
2022-06-18 17:59:00+00:00,29.64,29.64,29.5,29.56,4787.6,2022,6,18
2022-06-18 18:00:00+00:00,29.57,29.58,29.52,29.58,5248.21,2022,6,18
2022-06-18 18:01:00+00:00,29.57,29.66,29.56,29.66,2479.68,2022,6,18
2022-06-18 18:02:00+00:00,29.65,29.66,29.43,29.5,7225.51,2022,6,18
2022-06-18 18:03:00+00:00,29.49,29.53,29.35,29.51,14830.97,2022,6,18
2022-06-18 18:04:00+00:00,29.52,29.62,29.5,29.62,9772.14,2022,6,18
2022-06-18 18:05:00+00:00,29.62,29.7,29.5,29.57,17662.0,2022,6,18
2022-06-18 18:06:00+00:00,29.56,29.56,29.4,29.42,5688.39,2022,6,18
2022-06-18 18:07:00+00:00,29.43,29.49,29.34,29.45,10350.18,2022,6,18
2022-06-18 18:08:00+00:00,29.45,29.5,29.39,29.39,3106.01,2022,6,18
2022-06-18 18:09:00+00:00,29.38,29.42,29.33,29.4,7578.01,2022,6,18
2022-06-18 18:10:00+00:00,29.39,29.48,29.36,29.44,5048.06,2022,6,18
2022-06-18 18:11:00+00:00,29.44,29.54,29.44,29.52,1857.67,2022,6,18
2022-06-18 18:12:00+00:00,29.52,29.54,29.47,29.51,3567.6,2022,6,18
2022-06-18 18:13:00+00:00,29.49,29.54,29.43,29.45,1148.29,2022,6,18
2022-06-18 18:14:00+00:00,29.45,29.5,29.45,29.45,2802.61,2022,6,18
2022-06-18 18:15:00+00:00,29.45,29.49,29.42,29.47,1860.96,2022,6,18
2022-06-18 18:16:00+00:00,29.47,29.5,29.42,29.44,2308.51,2022,6,18
2022-06-18 18:17:00+00:00,29.43,29.43,29.26,29.36,16693.64,2022,6,18
2022-06-18 18:18:00+00:00,29.36,29.42,29.19,29.26,14482.37,2022,6,18
2022-06-18 18:19:00+00:00,29.25,29.33,29.12,29.25,20501.3,2022,6,18
2022-06-18 18:20:00+00:00,29.24,29.34,29.19,29.32,16896.33,2022,6,18
2022-06-18 18:21:00+00:00,29.32,29.4,29.26,29.34,5674.61,2022,6,18
2022-06-18 18:22:00+00:00,29.34,29.37,29.18,29.19,9023.41,2022,6,18
2022-06-18 18:23:00+00:00,29.2,29.28,29.16,29.22,5157.16,2022,6,18
2022-06-18 18:24:00+00:00,29.22,29.34,29.22,29.33,8012.65,2022,6,18
2022-06-18 18:25:00+00:00,29.33,29.34,29.26,29.32,4248.1,2022,6,18
2022-06-18 18:26:00+00:00,29.33,29.34,29.26,29.27,3460.68,2022,6,18
2022-06-18 18:27:00+00:00,29.27,29.29,29.22,29.24,3588.18,2022,6,18
2022-06-18 18:28:00+00:00,29.24,29.25,29.11,29.14,10485.78,2022,6,18
2022-06-18 18:29:00+00:00,29.14,29.24,29.04,29.09,9133.06,2022,6,18
2022-06-18 18:30:00+00:00,29.09,29.33,29.0,29.28,29226.94,2022,6,18
2022-06-18 18:31:00+00:00,29.28,29.36,29.23,29.3,7829.68,2022,6,18
2022-06-18 18:32:00+00:00,29.3,29.3,29.1,29.18,11107.42,2022,6,18
2022-06-18 18:33:00+00:00,29.18,29.2,29.07,29.07,4472.48,2022,6,18
2022-06-18 18:34:00+00:00,29.07,29.08,28.97,29.0,10566.85,2022,6,18
2022-06-18 18:35:00+00:00,28.99,29.13,28.97,29.1,10023.11,2022,6,18
2022-06-18 18:36:00+00:00,29.11,29.14,29.07,29.08,4411.09,2022,6,18
2022-06-18 18:37:00+00:00,29.07,29.17,29.07,29.13,3544.57,2022,6,18
2022-06-18 18:38:00+00:00,29.13,29.3,29.12,29.3,5451.19,2022,6,18
2022-06-18 18:39:00+00:00,29.29,29.34,29.21,29.22,3829.09,2022,6,18
2022-06-18 18:40:00+00:00,29.22,29.33,29.22,29.29,3660.78,2022,6,18
2022-06-18 18:41:00+00:00,29.28,29.37,29.27,29.33,4193.2,2022,6,18
2022-06-18 18:42:00+00:00,29.32,29.36,29.27,29.35,2685.75,2022,6,18
2022-06-18 18:43:00+00:00,29.36,29.49,29.35,29.45,6084.65,2022,6,18
2022-06-18 18:44:00+00:00,29.46,29.52,29.45,29.46,7051.16,2022,6,18
2022-06-18 18:45:00+00:00,29.46,29.54,29.46,29.51,7410.6,2022,6,18
2022-06-18 18:46:00+00:00,29.5,29.51,29.39,29.43,6203.15,2022,6,18
2022-06-18 18:47:00+00:00,29.43,29.47,29.41,29.43,2029.23,2022,6,18
2022-06-18 18:48:00+00:00,29.43,29.46,29.32,29.36,2487.49,2022,6,18
2022-06-18 18:49:00+00:00,29.37,29.37,29.27,29.32,4828.86,2022,6,18
2022-06-18 18:50:00+00:00,29.31,29.31,29.23,29.23,4243.84,2022,6,18
2022-06-18 18:51:00+00:00,29.24,29.33,29.19,29.31,13133.97,2022,6,18
2022-06-18 18:52:00+00:00,29.31,29.4,29.31,29.36,10062.61,2022,6,18
2022-06-18 18:53:00+00:00,29.35,29.35,29.24,29.25,1879.85,2022,6,18
2022-06-18 18:54:00+00:00,29.25,29.3,29.22,29.3,2149.35,2022,6,18
2022-06-18 18:55:00+00:00,29.3,29.3,29.23,29.23,1100.8,2022,6,18
2022-06-18 18:56:00+00:00,29.22,29.24,29.17,29.19,6326.07,2022,6,18
2022-06-18 18:57:00+00:00,29.18,29.24,29.08,29.21,6553.44,2022,6,18
2022-06-18 18:58:00+00:00,29.2,29.23,29.11,29.14,5517.55,2022,6,18
2022-06-18 18:59:00+00:00,29.14,29.14,29.09,29.11,1277.12,2022,6,18
2022-06-18 19:00:00+00:00,29.12,29.19,29.09,29.11,4718.14,2022,6,18
2022-06-18 19:01:00+00:00,29.11,29.12,29.0,29.02,4761.88,2022,6,18
2022-06-18 19:02:00+00:00,29.02,29.08,28.96,29.0,6866.08,2022,6,18
2022-06-18 19:03:00+00:00,28.99,29.12,28.91,29.09,7128.2,2022,6,18
2022-06-18 19:04:00+00:00,29.08,29.13,28.97,28.98,5501.39,2022,6,18
2022-06-18 19:05:00+00:00,28.99,29.02,28.93,28.98,5623.88,2022,6,18
2022-06-18 19:06:00+00:00,28.98,29.0,28.94,28.94,3482.11,2022,6,18
2022-06-18 19:07:00+00:00,28.94,29.06,28.91,29.0,7465.53,2022,6,18
2022-06-18 19:08:00+00:00,29.0,29.07,28.99,29.05,3464.16,2022,6,18
2022-06-18 19:09:00+00:00,29.04,29.17,29.04,29.13,7305.78,2022,6,18
2022-06-18 19:10:00+00:00,29.13,29.14,29.01,29.01,3226.87,2022,6,18
2022-06-18 19:11:00+00:00,29.02,29.09,29.02,29.08,1625.79,2022,6,18
2022-06-18 19:12:00+00:00,29.07,29.12,29.02,29.1,6358.91,2022,6,18
2022-06-18 19:13:00+00:00,29.12,29.17,29.09,29.09,2788.11,2022,6,18
2022-06-18 19:14:00+00:00,29.09,29.13,29.02,29.03,4680.27,2022,6,18
2022-06-18 19:15:00+00:00,29.03,29.16,28.98,29.13,5382.8,2022,6,18
2022-06-18 19:16:00+00:00,29.13,29.26,29.13,29.15,7693.94,2022,6,18
2022-06-18 19:17:00+00:00,29.15,29.17,29.04,29.05,3084.79,2022,6,18
2022-06-18 19:18:00+00:00,29.05,29.05,28.98,28.98,2130.12,2022,6,18
2022-06-18 19:19:00+00:00,28.98,29.09,28.98,29.06,6395.38,2022,6,18
2022-06-18 19:20:00+00:00,29.05,29.08,28.99,29.04,5550.87,2022,6,18
2022-06-18 19:21:00+00:00,29.04,29.06,28.99,29.01,6693.82,2022,6,18
2022-06-18 19:22:00+00:00,29.02,29.08,29.02,29.05,2323.5,2022,6,18
2022-06-18 19:23:00+00:00,29.05,29.13,29.05,29.1,6879.29,2022,6,18
2022-06-18 19:24:00+00:00,29.11,29.13,29.03,29.04,5237.7,2022,6,18
2022-06-18 19:25:00+00:00,29.03,29.08,29.0,29.05,9031.53,2022,6,18
2022-06-18 19:26:00+00:00,29.04,29.05,28.79,28.85,20652.9,2022,6,18
2022-06-18 19:27:00+00:00,28.86,28.86,28.68,28.76,8043.82,2022,6,18
2022-06-18 19:28:00+00:00,28.75,28.79,28.7,28.7,6352.81,2022,6,18
2022-06-18 19:29:00+00:00,28.71,28.75,28.67,28.71,8682.45,2022,6,18
2022-06-18 19:30:00+00:00,28.71,28.84,28.67,28.8,4180.65,2022,6,18
2022-06-18 19:31:00+00:00,28.81,28.85,28.73,28.73,1854.93,2022,6,18
2022-06-18 19:32:00+00:00,28.73,28.73,28.68,28.68,3716.28,2022,6,18
2022-06-18 19:33:00+00:00,28.69,28.71,28.67,28.7,2744.32,2022,6,18
2022-06-18 19:34:00+00:00,28.71,28.76,28.67,28.71,4905.04,2022,6,18
2022-06-18 19:35:00+00:00,28.7,28.76,28.69,28.75,1988.72,2022,6,18
2022-06-18 19:36:00+00:00,28.74,28.74,28.63,28.65,2917.04,2022,6,18
2022-06-18 19:37:00+00:00,28.66,28.66,28.46,28.46,26939.01,2022,6,18
2022-06-18 19:38:00+00:00,28.45,28.57,28.43,28.45,9033.15,2022,6,18
2022-06-18 19:39:00+00:00,28.45,28.55,28.44,28.53,4870.86,2022,6,18
2022-06-18 19:40:00+00:00,28.53,28.53,28.42,28.43,3947.72,2022,6,18
2022-06-18 19:41:00+00:00,28.43,28.44,28.34,28.4,5426.92,2022,6,18
2022-06-18 19:42:00+00:00,28.41,28.41,28.3,28.33,12957.16,2022,6,18
2022-06-18 19:43:00+00:00,28.34,28.45,28.3,28.38,7643.17,2022,6,18
2022-06-18 19:44:00+00:00,28.38,28.47,28.31,28.4,5145.86,2022,6,18
2022-06-18 19:45:00+00:00,28.4,28.51,28.36,28.43,5351.84,2022,6,18
2022-06-18 19:46:00+00:00,28.42,28.45,28.37,28.39,6062.36,2022,6,18
2022-06-18 19:47:00+00:00,28.39,28.39,28.25,28.27,5452.74,2022,6,18
2022-06-18 19:48:00+00:00,28.27,28.33,28.23,28.26,5217.08,2022,6,18
2022-06-18 19:49:00+00:00,28.26,28.29,28.23,28.28,7381.24,2022,6,18
2022-06-18 19:50:00+00:00,28.27,28.35,28.23,28.32,6473.12,2022,6,18
2022-06-18 19:51:00+00:00,28.32,28.34,28.27,28.29,2942.06,2022,6,18
2022-06-18 19:52:00+00:00,28.3,28.34,28.27,28.27,2264.79,2022,6,18
2022-06-18 19:53:00+00:00,28.27,28.31,28.24,28.31,7513.56,2022,6,18
2022-06-18 19:54:00+00:00,28.31,28.34,28.21,28.28,6381.1,2022,6,18
2022-06-18 19:55:00+00:00,28.28,28.41,28.24,28.35,5650.99,2022,6,18
2022-06-18 19:56:00+00:00,28.36,28.37,28.28,28.28,3798.04,2022,6,18
2022-06-18 19:57:00+00:00,28.29,28.29,28.09,28.14,12745.68,2022,6,18
2022-06-18 19:58:00+00:00,28.14,28.22,28.07,28.18,5330.46,2022,6,18
2022-06-18 19:59:00+00:00,28.17,28.17,28.07,28.09,4531.84,2022,6,18
2022-06-18 20:00:00+00:00,28.1,28.14,28.07,28.08,4786.09,2022,6,18
2022-06-18 20:01:00+00:00,28.09,28.16,28.08,28.12,6655.17,2022,6,18
2022-06-18 20:02:00+00:00,28.13,28.21,28.05,28.07,7917.91,2022,6,18
2022-06-18 20:03:00+00:00,28.08,28.1,27.94,27.96,22469.29,2022,6,18
2022-06-18 20:04:00+00:00,27.95,28.03,27.92,27.95,8112.5,2022,6,18
2022-06-18 20:05:00+00:00,27.94,28.02,27.92,27.92,4042.51,2022,6,18
2022-06-18 20:06:00+00:00,27.92,27.95,27.83,27.92,10291.79,2022,6,18
2022-06-18 20:07:00+00:00,27.91,27.93,27.67,27.71,33757.06,2022,6,18
2022-06-18 20:08:00+00:00,27.72,27.8,27.54,27.55,34597.38,2022,6,18
2022-06-18 20:09:00+00:00,27.54,27.71,27.4,27.42,34283.48,2022,6,18
2022-06-18 20:10:00+00:00,27.44,27.53,27.33,27.38,18209.35,2022,6,18
2022-06-18 20:11:00+00:00,27.39,27.56,27.25,27.26,22923.5,2022,6,18
2022-06-18 20:12:00+00:00,27.26,27.4,27.15,27.37,43598.95,2022,6,18
2022-06-18 20:13:00+00:00,27.38,27.68,27.26,27.59,25208.68,2022,6,18
2022-06-18 20:14:00+00:00,27.59,28.16,27.59,27.93,55153.51,2022,6,18
2022-06-18 20:15:00+00:00,27.92,28.41,27.91,28.3,36351.86,2022,6,18
2022-06-18 20:16:00+00:00,28.3,28.5,28.23,28.4,25304.67,2022,6,18
2022-06-18 20:17:00+00:00,28.4,28.44,28.21,28.26,15131.86,2022,6,18
2022-06-18 20:18:00+00:00,28.25,28.26,27.84,27.95,16584.34,2022,6,18
2022-06-18 20:19:00+00:00,27.94,28.15,27.9,28.14,17149.23,2022,6,18
2022-06-18 20:20:00+00:00,28.14,28.34,28.05,28.07,12272.07,2022,6,18
2022-06-18 20:21:00+00:00,28.09,28.14,27.91,27.96,7452.12,2022,6,18
2022-06-18 20:22:00+00:00,27.96,28.12,27.92,28.02,6928.94,2022,6,18
2022-06-18 20:23:00+00:00,28.03,28.21,28.01,28.21,13401.0,2022,6,18
2022-06-18 20:24:00+00:00,28.21,28.34,28.12,28.16,11736.8,2022,6,18
2022-06-18 20:25:00+00:00,28.16,28.17,27.99,28.02,7378.82,2022,6,18
2022-06-18 20:26:00+00:00,28.0,28.02,27.81,27.84,6551.29,2022,6,18
2022-06-18 20:27:00+00:00,27.84,27.97,27.78,27.84,12792.73,2022,6,18
2022-06-18 20:28:00+00:00,27.84,27.86,27.62,27.66,10086.02,2022,6,18
2022-06-18 20:29:00+00:00,27.67,27.78,27.63,27.67,7990.04,2022,6,18
2022-06-18 20:30:00+00:00,27.67,27.88,27.62,27.81,8779.49,2022,6,18
2022-06-18 20:31:00+00:00,27.81,27.9,27.7,27.72,9161.98,2022,6,18
2022-06-18 20:32:00+00:00,27.71,27.75,27.64,27.67,5896.78,2022,6,18
2022-06-18 20:33:00+00:00,27.66,27.74,27.6,27.63,4678.28,2022,6,18
2022-06-18 20:34:00+00:00,27.63,27.74,27.45,27.7,17341.34,2022,6,18
2022-06-18 20:35:00+00:00,27.73,27.89,27.62,27.76,10194.5,2022,6,18
2022-06-18 20:36:00+00:00,27.76,27.88,27.7,27.88,9428.25,2022,6,18
2022-06-18 20:37:00+00:00,27.89,27.94,27.76,27.78,8108.97,2022,6,18
2022-06-18 20:38:00+00:00,27.79,27.92,27.75,27.92,4914.36,2022,6,18
2022-06-18 20:39:00+00:00,27.91,27.99,27.84,27.87,9574.79,2022,6,18
2022-06-18 20:40:00+00:00,27.88,27.93,27.77,27.79,6245.78,2022,6,18
2022-06-18 20:41:00+00:00,27.79,27.82,27.72,27.72,5124.68,2022,6,18
2022-06-18 20:42:00+00:00,27.72,27.84,27.71,27.71,5271.76,2022,6,18
2022-06-18 20:43:00+00:00,27.72,27.75,27.61,27.65,5099.48,2022,6,18
2022-06-18 20:44:00+00:00,27.64,27.65,27.57,27.57,5768.28,2022,6,18
2022-06-18 20:45:00+00:00,27.57,27.75,27.53,27.68,10197.97,2022,6,18
2022-06-18 20:46:00+00:00,27.69,27.71,27.61,27.62,6189.1,2022,6,18
2022-06-18 20:47:00+00:00,27.61,27.65,27.51,27.54,8535.93,2022,6,18
2022-06-18 20:48:00+00:00,27.54,27.57,27.37,27.53,8991.87,2022,6,18
2022-06-18 20:49:00+00:00,27.53,27.53,27.32,27.37,11001.03,2022,6,18
2022-06-18 20:50:00+00:00,27.35,27.42,27.28,27.33,7167.75,2022,6,18
2022-06-18 20:51:00+00:00,27.33,27.56,27.32,27.48,8997.58,2022,6,18
2022-06-18 20:52:00+00:00,27.47,27.53,27.32,27.32,12967.3,2022,6,18
2022-06-18 20:53:00+00:00,27.33,27.49,27.3,27.42,8008.81,2022,6,18
2022-06-18 20:54:00+00:00,27.43,27.58,27.39,27.44,12905.11,2022,6,18
2022-06-18 20:55:00+00:00,27.45,27.48,27.33,27.33,7291.81,2022,6,18
2022-06-18 20:56:00+00:00,27.34,27.52,27.34,27.48,8522.69,2022,6,18
2022-06-18 20:57:00+00:00,27.48,27.65,27.47,27.62,9991.01,2022,6,18
2022-06-18 20:58:00+00:00,27.64,27.76,27.57,27.74,6080.98,2022,6,18
2022-06-18 20:59:00+00:00,27.75,27.84,27.72,27.8,5805.73,2022,6,18
2022-06-18 21:00:00+00:00,27.8,27.95,27.75,27.9,6554.09,2022,6,18
2022-06-18 21:01:00+00:00,27.9,27.95,27.8,27.91,6579.18,2022,6,18
2022-06-18 21:02:00+00:00,27.91,27.96,27.85,27.94,3075.14,2022,6,18
2022-06-18 21:03:00+00:00,27.94,28.01,27.88,27.96,6109.5,2022,6,18
2022-06-18 21:04:00+00:00,27.97,28.25,27.96,28.24,17333.73,2022,6,18
2022-06-18 21:05:00+00:00,28.24,28.27,28.08,28.17,31008.88,2022,6,18
2022-06-18 21:06:00+00:00,28.16,28.18,28.0,28.02,15893.36,2022,6,18
2022-06-18 21:07:00+00:00,28.03,28.12,28.01,28.05,5164.47,2022,6,18
2022-06-18 21:08:00+00:00,28.04,28.17,28.04,28.14,6114.26,2022,6,18
2022-06-18 21:09:00+00:00,28.14,28.25,28.12,28.23,4825.16,2022,6,18
2022-06-18 21:10:00+00:00,28.22,28.24,28.1,28.1,6420.28,2022,6,18
2022-06-18 21:11:00+00:00,28.1,28.1,28.01,28.07,5450.36,2022,6,18
2022-06-18 21:12:00+00:00,28.07,28.14,28.04,28.09,1757.72,2022,6,18
2022-06-18 21:13:00+00:00,28.11,28.13,28.04,28.1,6699.35,2022,6,18
2022-06-18 21:14:00+00:00,28.1,28.21,28.09,28.21,3427.12,2022,6,18
2022-06-18 21:15:00+00:00,28.2,28.35,28.15,28.31,4679.85,2022,6,18
2022-06-18 21:16:00+00:00,28.3,28.43,28.3,28.37,8719.14,2022,6,18
2022-06-18 21:17:00+00:00,28.36,28.46,28.36,28.42,9294.68,2022,6,18
2022-06-18 21:18:00+00:00,28.41,28.45,28.33,28.36,9830.0,2022,6,18
2022-06-18 21:19:00+00:00,28.35,28.36,28.29,28.31,2441.8,2022,6,18
2022-06-18 21:20:00+00:00,28.31,28.42,28.28,28.41,4498.84,2022,6,18
2022-06-18 21:21:00+00:00,28.42,28.83,28.41,28.83,17756.38,2022,6,18
2022-06-18 21:22:00+00:00,28.82,28.88,28.71,28.72,12337.68,2022,6,18
2022-06-18 21:23:00+00:00,28.73,28.81,28.72,28.79,6920.4,2022,6,18
2022-06-18 21:24:00+00:00,28.8,28.89,28.7,28.86,6168.43,2022,6,18
2022-06-18 21:25:00+00:00,28.86,29.47,28.84,29.38,35546.0,2022,6,18
2022-06-18 21:26:00+00:00,29.39,29.61,29.36,29.5,37928.28,2022,6,18
2022-06-18 21:27:00+00:00,29.51,29.51,29.1,29.15,19358.42,2022,6,18
2022-06-18 21:28:00+00:00,29.15,29.16,29.04,29.05,11065.88,2022,6,18
2022-06-18 21:29:00+00:00,29.06,29.8,29.06,29.6,26850.59,2022,6,18
2022-06-18 21:30:00+00:00,29.61,29.63,29.17,29.21,12200.67,2022,6,18
2022-06-18 21:31:00+00:00,29.21,29.38,29.15,29.16,9239.52,2022,6,18
2022-06-18 21:32:00+00:00,29.17,29.17,28.97,29.0,5656.02,2022,6,18
2022-06-18 21:33:00+00:00,28.99,29.08,28.86,29.01,17160.71,2022,6,18
2022-06-18 21:34:00+00:00,29.01,29.1,28.89,28.93,5740.74,2022,6,18
2022-06-18 21:35:00+00:00,28.92,29.06,28.92,28.94,7137.37,2022,6,18
2022-06-18 21:36:00+00:00,28.93,29.04,28.9,29.0,8272.99,2022,6,18
2022-06-18 21:37:00+00:00,29.0,29.07,28.98,29.06,4442.92,2022,6,18
2022-06-18 21:38:00+00:00,29.05,29.31,29.04,29.29,7054.51,2022,6,18
2022-06-18 21:39:00+00:00,29.3,29.53,29.29,29.46,10316.89,2022,6,18
2022-06-18 21:40:00+00:00,29.46,29.51,29.41,29.47,6926.0,2022,6,18
2022-06-18 21:41:00+00:00,29.48,29.98,29.47,29.86,24657.41,2022,6,18
2022-06-18 21:42:00+00:00,29.87,29.93,29.52,29.63,14348.08,2022,6,18
2022-06-18 21:43:00+00:00,29.64,29.76,29.37,29.72,11841.78,2022,6,18
2022-06-18 21:44:00+00:00,29.72,29.87,29.57,29.81,17924.21,2022,6,18
2022-06-18 21:45:00+00:00,29.8,29.86,29.62,29.76,12919.43,2022,6,18
2022-06-18 21:46:00+00:00,29.76,29.78,29.6,29.66,5528.83,2022,6,18
2022-06-18 21:47:00+00:00,29.66,29.68,29.54,29.58,8219.98,2022,6,18
2022-06-18 21:48:00+00:00,29.57,29.64,29.47,29.48,4381.81,2022,6,18
2022-06-18 21:49:00+00:00,29.48,29.55,29.44,29.54,6780.29,2022,6,18
2022-06-18 21:50:00+00:00,29.54,29.55,29.34,29.37,9934.43,2022,6,18
2022-06-18 21:51:00+00:00,29.36,29.47,29.34,29.36,5977.62,2022,6,18
2022-06-18 21:52:00+00:00,29.35,29.45,29.32,29.41,5641.98,2022,6,18
2022-06-18 21:53:00+00:00,29.41,29.59,29.37,29.54,9156.11,2022,6,18
2022-06-18 21:54:00+00:00,29.54,29.55,29.47,29.48,2448.89,2022,6,18
2022-06-18 21:55:00+00:00,29.48,29.49,29.25,29.29,5932.24,2022,6,18
2022-06-18 21:56:00+00:00,29.29,29.3,29.19,29.26,6396.22,2022,6,18
2022-06-18 21:57:00+00:00,29.26,29.4,29.26,29.4,3802.06,2022,6,18
2022-06-18 21:58:00+00:00,29.39,29.39,29.33,29.35,3478.68,2022,6,18
2022-06-18 21:59:00+00:00,29.35,29.35,29.26,29.28,3470.35,2022,6,18
2022-06-18 22:00:00+00:00,29.28,29.33,29.25,29.3,3437.43,2022,6,18
2022-06-18 22:01:00+00:00,29.3,29.31,29.12,29.12,9449.07,2022,6,18
2022-06-18 22:02:00+00:00,29.14,29.23,29.11,29.19,8712.25,2022,6,18
2022-06-18 22:03:00+00:00,29.19,29.33,29.18,29.31,8156.16,2022,6,18
2022-06-18 22:04:00+00:00,29.31,29.48,29.31,29.45,10803.46,2022,6,18
2022-06-18 22:05:00+00:00,29.46,29.53,29.41,29.52,9570.32,2022,6,18
2022-06-18 22:06:00+00:00,29.52,29.67,29.46,29.65,16338.93,2022,6,18
2022-06-18 22:07:00+00:00,29.65,29.75,29.61,29.62,12672.48,2022,6,18
2022-06-18 22:08:00+00:00,29.62,29.73,29.61,29.67,5331.51,2022,6,18
2022-06-18 22:09:00+00:00,29.67,29.75,29.58,29.75,5818.84,2022,6,18
2022-06-18 22:10:00+00:00,29.74,29.74,29.62,29.73,7684.27,2022,6,18
2022-06-18 22:11:00+00:00,29.74,29.76,29.67,29.76,2483.53,2022,6,18
2022-06-18 22:12:00+00:00,29.76,29.79,29.72,29.78,5381.61,2022,6,18
2022-06-18 22:13:00+00:00,29.78,29.8,29.71,29.74,9194.9,2022,6,18
2022-06-18 22:14:00+00:00,29.75,29.78,29.71,29.77,5621.88,2022,6,18
2022-06-18 22:15:00+00:00,29.77,29.93,29.74,29.89,8512.13,2022,6,18
2022-06-18 22:16:00+00:00,29.88,30.19,29.86,30.14,24894.25,2022,6,18
2022-06-18 22:17:00+00:00,30.14,30.4,30.08,30.37,20225.7,2022,6,18
2022-06-18 22:18:00+00:00,30.36,30.36,30.16,30.16,10948.55,2022,6,18
2022-06-18 22:19:00+00:00,30.16,30.17,30.06,30.12,23716.01,2022,6,18
2022-06-18 22:20:00+00:00,30.13,30.18,30.07,30.09,5647.47,2022,6,18
2022-06-18 22:21:00+00:00,30.08,30.19,30.04,30.17,6500.3,2022,6,18
2022-06-18 22:22:00+00:00,30.18,30.42,30.18,30.41,13166.5,2022,6,18
2022-06-18 22:23:00+00:00,30.4,31.35,30.38,31.26,51905.48,2022,6,18
2022-06-18 22:24:00+00:00,31.28,31.5,30.87,30.91,41049.75,2022,6,18
2022-06-18 22:25:00+00:00,30.9,31.02,30.86,30.93,14476.66,2022,6,18
2022-06-18 22:26:00+00:00,30.93,31.55,30.92,31.55,31530.26,2022,6,18
2022-06-18 22:27:00+00:00,31.55,31.59,31.13,31.28,41867.8,2022,6,18
2022-06-18 22:28:00+00:00,31.27,31.41,30.99,31.1,24922.64,2022,6,18
2022-06-18 22:29:00+00:00,31.09,31.45,30.9,31.35,22024.54,2022,6,18
2022-06-18 22:30:00+00:00,31.35,31.35,31.1,31.23,34494.76,2022,6,18
2022-06-18 22:31:00+00:00,31.22,31.53,31.11,31.5,27047.13,2022,6,18
2022-06-18 22:32:00+00:00,31.5,31.55,31.22,31.28,29845.92,2022,6,18
2022-06-18 22:33:00+00:00,31.26,31.28,30.98,31.18,62062.15,2022,6,18
2022-06-18 22:34:00+00:00,31.18,31.2,30.97,31.07,15455.78,2022,6,18
2022-06-18 22:35:00+00:00,31.08,31.11,30.88,30.97,24618.75,2022,6,18
2022-06-18 22:36:00+00:00,30.97,31.12,30.96,31.07,7233.31,2022,6,18
2022-06-18 22:37:00+00:00,31.07,31.19,31.06,31.18,5645.8,2022,6,18
2022-06-18 22:38:00+00:00,31.18,31.41,31.09,31.26,16558.64,2022,6,18
2022-06-18 22:39:00+00:00,31.26,31.43,31.22,31.38,13213.41,2022,6,18
2022-06-18 22:40:00+00:00,31.38,31.39,31.23,31.3,6433.74,2022,6,18
2022-06-18 22:41:00+00:00,31.31,31.31,31.18,31.19,3770.75,2022,6,18
2022-06-18 22:42:00+00:00,31.2,31.39,31.19,31.36,9095.29,2022,6,18
2022-06-18 22:43:00+00:00,31.37,31.49,31.32,31.45,10131.31,2022,6,18
2022-06-18 22:44:00+00:00,31.45,31.49,31.34,31.47,9121.84,2022,6,18
2022-06-18 22:45:00+00:00,31.47,31.55,31.23,31.24,14193.69,2022,6,18
2022-06-18 22:46:00+00:00,31.23,31.25,31.01,31.02,13458.24,2022,6,18
2022-06-18 22:47:00+00:00,31.03,31.14,30.97,31.01,19741.41,2022,6,18
2022-06-18 22:48:00+00:00,31.0,31.13,30.97,31.02,9408.78,2022,6,18
2022-06-18 22:49:00+00:00,31.03,31.1,31.01,31.07,5965.58,2022,6,18
2022-06-18 22:50:00+00:00,31.06,31.06,30.92,30.95,8085.39,2022,6,18
2022-06-18 22:51:00+00:00,30.95,31.25,30.88,31.22,20014.3,2022,6,18
2022-06-18 22:52:00+00:00,31.22,31.62,31.17,31.6,17441.39,2022,6,18
2022-06-18 22:53:00+00:00,31.6,31.6,31.37,31.44,10520.29,2022,6,18
2022-06-18 22:54:00+00:00,31.44,31.53,31.36,31.43,13809.69,2022,6,18
2022-06-18 22:55:00+00:00,31.44,31.47,31.27,31.29,3833.99,2022,6,18
2022-06-18 22:56:00+00:00,31.28,31.41,31.23,31.38,5310.85,2022,6,18
2022-06-18 22:57:00+00:00,31.39,31.55,31.39,31.5,11498.98,2022,6,18
2022-06-18 22:58:00+00:00,31.5,31.7,31.42,31.7,32832.37,2022,6,18
2022-06-18 22:59:00+00:00,31.69,31.72,31.55,31.67,8607.7,2022,6,18
2022-06-18 23:00:00+00:00,31.67,32.04,31.63,32.0,46037.63,2022,6,18
2022-06-18 23:01:00+00:00,32.0,32.02,31.75,31.78,37413.94,2022,6,18
2022-06-18 23:02:00+00:00,31.78,31.8,31.69,31.74,11912.23,2022,6,18
2022-06-18 23:03:00+00:00,31.75,31.77,31.59,31.67,10288.54,2022,6,18
2022-06-18 23:04:00+00:00,31.68,31.84,31.67,31.78,7502.04,2022,6,18
2022-06-18 23:05:00+00:00,31.79,31.82,31.57,31.57,6047.49,2022,6,18
2022-06-18 23:06:00+00:00,31.57,31.71,31.53,31.64,6925.78,2022,6,18
2022-06-18 23:07:00+00:00,31.64,31.79,31.61,31.71,7752.09,2022,6,18
2022-06-18 23:08:00+00:00,31.72,31.75,31.57,31.58,5715.27,2022,6,18
2022-06-18 23:09:00+00:00,31.58,31.61,31.37,31.43,12112.72,2022,6,18
2022-06-18 23:10:00+00:00,31.44,31.52,31.41,31.47,6623.27,2022,6,18
2022-06-18 23:11:00+00:00,31.46,31.51,31.42,31.44,3616.02,2022,6,18
2022-06-18 23:12:00+00:00,31.45,31.52,31.42,31.48,10156.5,2022,6,18
2022-06-18 23:13:00+00:00,31.46,31.5,31.41,31.44,4171.98,2022,6,18
2022-06-18 23:14:00+00:00,31.43,31.44,31.25,31.29,21732.51,2022,6,18
2022-06-18 23:15:00+00:00,31.28,31.35,31.24,31.25,5943.79,2022,6,18
2022-06-18 23:16:00+00:00,31.25,31.26,31.11,31.18,13962.42,2022,6,18
2022-06-18 23:17:00+00:00,31.19,31.32,31.13,31.25,6390.98,2022,6,18
2022-06-18 23:18:00+00:00,31.26,31.35,31.22,31.25,12419.44,2022,6,18
2022-06-18 23:19:00+00:00,31.25,31.32,31.24,31.25,3066.84,2022,6,18
2022-06-18 23:20:00+00:00,31.26,31.33,31.26,31.32,6909.91,2022,6,18
2022-06-18 23:21:00+00:00,31.32,31.45,31.29,31.43,9785.36,2022,6,18
2022-06-18 23:22:00+00:00,31.43,31.44,31.32,31.36,3020.53,2022,6,18
2022-06-18 23:23:00+00:00,31.36,31.45,31.29,31.32,6273.83,2022,6,18
2022-06-18 23:24:00+00:00,31.33,31.42,31.3,31.41,4355.09,2022,6,18
2022-06-18 23:25:00+00:00,31.41,31.5,31.41,31.44,2262.58,2022,6,18
2022-06-18 23:26:00+00:00,31.44,31.47,31.44,31.44,1902.85,2022,6,18
2022-06-18 23:27:00+00:00,31.44,31.47,31.34,31.38,3946.0,2022,6,18
2022-06-18 23:28:00+00:00,31.38,31.47,31.36,31.45,5943.12,2022,6,18
2022-06-18 23:29:00+00:00,31.45,31.7,31.42,31.65,14374.6,2022,6,18
2022-06-18 23:30:00+00:00,31.64,31.82,31.57,31.75,13703.07,2022,6,18
2022-06-18 23:31:00+00:00,31.76,31.77,31.64,31.71,4668.35,2022,6,18
2022-06-18 23:32:00+00:00,31.71,31.73,31.61,31.7,4407.94,2022,6,18
2022-06-18 23:33:00+00:00,31.7,31.73,31.69,31.73,3016.88,2022,6,18
2022-06-18 23:34:00+00:00,31.72,31.86,31.72,31.78,4721.35,2022,6,18
2022-06-18 23:35:00+00:00,31.79,31.9,31.79,31.86,4950.7,2022,6,18
2022-06-18 23:36:00+00:00,31.85,31.86,31.7,31.76,5611.73,2022,6,18
2022-06-18 23:37:00+00:00,31.76,31.79,31.65,31.71,4368.98,2022,6,18
2022-06-18 23:38:00+00:00,31.71,31.81,31.71,31.71,2704.3,2022,6,18
2022-06-18 23:39:00+00:00,31.72,31.76,31.55,31.6,6047.77,2022,6,18
2022-06-18 23:40:00+00:00,31.6,31.65,31.56,31.61,3860.03,2022,6,18
2022-06-18 23:41:00+00:00,31.61,31.72,31.55,31.57,5425.6,2022,6,18
2022-06-18 23:42:00+00:00,31.57,31.7,31.57,31.63,4395.36,2022,6,18
2022-06-18 23:43:00+00:00,31.63,31.71,31.63,31.65,2771.97,2022,6,18
2022-06-18 23:44:00+00:00,31.64,31.66,31.41,31.46,10966.31,2022,6,18
2022-06-18 23:45:00+00:00,31.47,31.6,31.45,31.55,8966.29,2022,6,18
2022-06-18 23:46:00+00:00,31.55,31.55,31.47,31.48,11847.06,2022,6,18
2022-06-18 23:47:00+00:00,31.49,31.62,31.44,31.52,8155.78,2022,6,18
2022-06-18 23:48:00+00:00,31.52,31.69,31.51,31.67,2967.39,2022,6,18
2022-06-18 23:49:00+00:00,31.67,31.93,31.6,31.93,46890.33,2022,6,18
2022-06-18 23:50:00+00:00,31.92,31.93,31.83,31.89,3355.31,2022,6,18
2022-06-18 23:51:00+00:00,31.9,31.9,31.8,31.83,6487.34,2022,6,18
2022-06-18 23:52:00+00:00,31.82,31.86,31.81,31.83,3692.17,2022,6,18
2022-06-18 23:53:00+00:00,31.84,32.01,31.84,31.95,23544.32,2022,6,18
2022-06-18 23:54:00+00:00,31.94,31.98,31.82,31.86,6847.62,2022,6,18
2022-06-18 23:55:00+00:00,31.86,31.87,31.8,31.8,15206.3,2022,6,18
2022-06-18 23:56:00+00:00,31.8,31.86,31.8,31.84,2856.68,2022,6,18
2022-06-18 23:57:00+00:00,31.83,31.97,31.82,31.97,5584.74,2022,6,18
2022-06-18 23:58:00+00:00,31.97,32.06,31.91,31.98,14574.54,2022,6,18
2022-06-18 23:59:00+00:00,31.99,32.02,31.93,32.02,6313.3,2022,6,18
2022-06-19 00:00:00+00:00,32.01,32.35,32.0,32.23,32179.47,2022,6,19
2022-06-19 00:01:00+00:00,32.22,32.23,31.8,31.81,28620.68,2022,6,19
2022-06-19 00:02:00+00:00,31.8,31.8,31.52,31.54,35282.12,2022,6,19
2022-06-19 00:03:00+00:00,31.52,31.64,31.41,31.64,20307.62,2022,6,19
2022-06-19 00:04:00+00:00,31.64,31.72,31.54,31.71,18016.69,2022,6,19
2022-06-19 00:05:00+00:00,31.71,31.74,31.57,31.7,8829.55,2022,6,19
2022-06-19 00:06:00+00:00,31.69,31.98,31.65,31.94,27625.38,2022,6,19
2022-06-19 00:07:00+00:00,31.94,32.13,31.94,32.07,28060.15,2022,6,19
2022-06-19 00:08:00+00:00,32.08,32.22,32.06,32.19,13449.08,2022,6,19
2022-06-19 00:09:00+00:00,32.19,32.2,32.11,32.16,4668.61,2022,6,19
2022-06-19 00:10:00+00:00,32.15,32.29,32.14,32.27,12533.36,2022,6,19
2022-06-19 00:11:00+00:00,32.27,32.27,31.94,32.0,22745.27,2022,6,19
2022-06-19 00:12:00+00:00,31.99,32.05,31.8,31.82,13067.35,2022,6,19
2022-06-19 00:13:00+00:00,31.82,31.95,31.79,31.84,9174.59,2022,6,19
2022-06-19 00:14:00+00:00,31.84,31.84,31.74,31.74,10523.68,2022,6,19
2022-06-19 00:15:00+00:00,31.74,31.9,31.72,31.75,6654.65,2022,6,19
2022-06-19 00:16:00+00:00,31.75,31.8,31.72,31.77,4731.62,2022,6,19
2022-06-19 00:17:00+00:00,31.75,31.87,31.75,31.87,4988.17,2022,6,19
2022-06-19 00:18:00+00:00,31.87,31.91,31.8,31.91,3380.38,2022,6,19
2022-06-19 00:19:00+00:00,31.9,31.91,31.82,31.89,4752.24,2022,6,19
2022-06-19 00:20:00+00:00,31.9,31.99,31.89,31.96,3420.73,2022,6,19
2022-06-19 00:21:00+00:00,31.96,32.05,31.92,32.05,12664.23,2022,6,19
2022-06-19 00:22:00+00:00,32.04,32.12,31.98,32.11,9755.55,2022,6,19
2022-06-19 00:23:00+00:00,32.1,32.17,32.04,32.14,10384.58,2022,6,19
2022-06-19 00:24:00+00:00,32.15,32.26,32.02,32.04,11533.17,2022,6,19
2022-06-19 00:25:00+00:00,32.04,32.16,31.97,32.11,6724.07,2022,6,19
2022-06-19 00:26:00+00:00,32.11,32.23,32.04,32.09,8251.45,2022,6,19
2022-06-19 00:27:00+00:00,32.08,32.08,32.0,32.05,2733.12,2022,6,19
2022-06-19 00:28:00+00:00,32.05,32.1,32.01,32.03,3523.31,2022,6,19
2022-06-19 00:29:00+00:00,32.04,32.05,31.89,31.92,8323.57,2022,6,19
2022-06-19 00:30:00+00:00,31.92,32.05,31.9,32.05,3589.12,2022,6,19
2022-06-19 00:31:00+00:00,32.05,32.12,31.82,31.83,8402.77,2022,6,19
2022-06-19 00:32:00+00:00,31.83,31.83,31.65,31.68,6063.77,2022,6,19
2022-06-19 00:33:00+00:00,31.68,31.7,31.45,31.5,24515.45,2022,6,19
2022-06-19 00:34:00+00:00,31.49,31.5,31.23,31.43,27527.34,2022,6,19
2022-06-19 00:35:00+00:00,31.44,31.61,31.44,31.52,8102.23,2022,6,19
2022-06-19 00:36:00+00:00,31.54,31.62,31.46,31.62,4253.39,2022,6,19
2022-06-19 00:37:00+00:00,31.61,31.61,31.52,31.55,2705.66,2022,6,19
2022-06-19 00:38:00+00:00,31.54,31.55,31.46,31.47,3366.47,2022,6,19
2022-06-19 00:39:00+00:00,31.47,31.55,31.45,31.52,4098.83,2022,6,19
2022-06-19 00:40:00+00:00,31.52,31.53,31.4,31.4,8270.71,2022,6,19
2022-06-19 00:41:00+00:00,31.4,31.45,31.34,31.34,3304.96,2022,6,19
2022-06-19 00:42:00+00:00,31.34,31.37,31.21,31.22,6863.56,2022,6,19
2022-06-19 00:43:00+00:00,31.22,31.33,31.17,31.27,8808.17,2022,6,19
2022-06-19 00:44:00+00:00,31.26,31.4,31.26,31.39,6273.54,2022,6,19
2022-06-19 00:45:00+00:00,31.38,31.39,31.19,31.2,8163.14,2022,6,19
2022-06-19 00:46:00+00:00,31.21,31.21,31.02,31.11,23875.81,2022,6,19
2022-06-19 00:47:00+00:00,31.12,31.3,31.06,31.3,10049.36,2022,6,19
2022-06-19 00:48:00+00:00,31.31,31.34,31.15,31.19,6758.76,2022,6,19
2022-06-19 00:49:00+00:00,31.19,31.24,31.15,31.19,2672.65,2022,6,19
2022-06-19 00:50:00+00:00,31.2,31.27,31.16,31.23,16366.29,2022,6,19
2022-06-19 00:51:00+00:00,31.22,31.26,31.18,31.22,2232.19,2022,6,19
2022-06-19 00:52:00+00:00,31.21,31.31,31.2,31.21,8779.71,2022,6,19
2022-06-19 00:53:00+00:00,31.21,31.23,31.09,31.11,5658.29,2022,6,19
2022-06-19 00:54:00+00:00,31.11,31.14,30.91,31.11,17248.14,2022,6,19
2022-06-19 00:55:00+00:00,31.12,31.12,31.02,31.06,4508.44,2022,6,19
2022-06-19 00:56:00+00:00,31.05,31.09,31.0,31.02,3255.03,2022,6,19
2022-06-19 00:57:00+00:00,31.02,31.12,30.99,31.03,34312.05,2022,6,19
2022-06-19 00:58:00+00:00,31.03,31.04,30.81,30.95,9542.56,2022,6,19
2022-06-19 00:59:00+00:00,30.94,30.99,30.91,30.95,5484.07,2022,6,19
2022-06-19 01:00:00+00:00,30.96,31.04,30.93,31.04,8256.3,2022,6,19
2022-06-19 01:01:00+00:00,31.04,31.06,31.01,31.05,3491.84,2022,6,19
2022-06-19 01:02:00+00:00,31.04,31.13,31.02,31.11,8700.22,2022,6,19
2022-06-19 01:03:00+00:00,31.1,31.14,31.0,31.04,8852.49,2022,6,19
2022-06-19 01:04:00+00:00,31.03,31.04,30.95,30.98,6025.12,2022,6,19
2022-06-19 01:05:00+00:00,30.98,31.0,30.9,30.9,4216.14,2022,6,19
2022-06-19 01:06:00+00:00,30.9,30.91,30.74,30.77,7078.49,2022,6,19
2022-06-19 01:07:00+00:00,30.77,30.93,30.76,30.85,9441.57,2022,6,19
2022-06-19 01:08:00+00:00,30.85,30.94,30.84,30.85,4188.3,2022,6,19
2022-06-19 01:09:00+00:00,30.85,30.9,30.83,30.83,3437.05,2022,6,19
2022-06-19 01:10:00+00:00,30.83,30.92,30.8,30.89,12923.01,2022,6,19
2022-06-19 01:11:00+00:00,30.89,30.98,30.88,30.94,9652.62,2022,6,19
2022-06-19 01:12:00+00:00,30.94,30.96,30.83,30.85,9111.54,2022,6,19
2022-06-19 01:13:00+00:00,30.86,30.91,30.81,30.81,9417.96,2022,6,19
2022-06-19 01:14:00+00:00,30.81,30.89,30.81,30.88,3057.22,2022,6,19
2022-06-19 01:15:00+00:00,30.87,30.95,30.84,30.87,5648.61,2022,6,19
2022-06-19 01:16:00+00:00,30.87,30.91,30.87,30.89,2704.23,2022,6,19
2022-06-19 01:17:00+00:00,30.88,30.91,30.86,30.86,4525.51,2022,6,19
2022-06-19 01:18:00+00:00,30.86,30.9,30.8,30.81,2506.08,2022,6,19
2022-06-19 01:19:00+00:00,30.81,30.81,30.59,30.6,18403.42,2022,6,19
2022-06-19 01:20:00+00:00,30.6,30.68,30.44,30.49,20371.75,2022,6,19
2022-06-19 01:21:00+00:00,30.49,30.63,30.47,30.61,17798.2,2022,6,19
2022-06-19 01:22:00+00:00,30.61,30.73,30.61,30.7,10260.08,2022,6,19
2022-06-19 01:23:00+00:00,30.69,30.71,30.61,30.65,8882.33,2022,6,19
2022-06-19 01:24:00+00:00,30.65,30.69,30.61,30.62,10418.32,2022,6,19
2022-06-19 01:25:00+00:00,30.62,30.67,30.62,30.62,4787.44,2022,6,19
2022-06-19 01:26:00+00:00,30.62,30.66,30.59,30.64,5209.87,2022,6,19
2022-06-19 01:27:00+00:00,30.64,30.72,30.59,30.6,15186.04,2022,6,19
2022-06-19 01:28:00+00:00,30.6,30.62,30.57,30.58,5882.3,2022,6,19
2022-06-19 01:29:00+00:00,30.59,30.64,30.54,30.61,20029.56,2022,6,19
2022-06-19 01:30:00+00:00,30.6,30.6,30.52,30.53,15902.92,2022,6,19
2022-06-19 01:31:00+00:00,30.53,30.53,30.35,30.39,33650.3,2022,6,19
2022-06-19 01:32:00+00:00,30.37,30.49,30.34,30.43,30512.78,2022,6,19
2022-06-19 01:33:00+00:00,30.42,30.53,30.37,30.48,8657.25,2022,6,19
2022-06-19 01:34:00+00:00,30.48,30.55,30.47,30.49,10142.8,2022,6,19
2022-06-19 01:35:00+00:00,30.48,30.54,30.44,30.44,2269.91,2022,6,19
2022-06-19 01:36:00+00:00,30.44,30.5,30.43,30.47,4179.64,2022,6,19
2022-06-19 01:37:00+00:00,30.47,30.56,30.46,30.47,11479.02,2022,6,19
2022-06-19 01:38:00+00:00,30.47,30.49,30.38,30.38,11189.48,2022,6,19
2022-06-19 01:39:00+00:00,30.38,30.51,30.38,30.46,5521.45,2022,6,19
2022-06-19 01:40:00+00:00,30.47,30.5,30.43,30.43,3283.99,2022,6,19
2022-06-19 01:41:00+00:00,30.42,30.44,30.35,30.38,8746.79,2022,6,19
2022-06-19 01:42:00+00:00,30.39,30.39,30.3,30.31,10495.02,2022,6,19
2022-06-19 01:43:00+00:00,30.31,30.34,30.27,30.31,16530.72,2022,6,19
2022-06-19 01:44:00+00:00,30.3,30.43,30.28,30.34,4840.46,2022,6,19
2022-06-19 01:45:00+00:00,30.34,30.43,30.34,30.39,9719.36,2022,6,19
2022-06-19 01:46:00+00:00,30.4,30.46,30.37,30.44,10314.54,2022,6,19
2022-06-19 01:47:00+00:00,30.43,30.43,30.34,30.35,15215.68,2022,6,19
2022-06-19 01:48:00+00:00,30.36,30.36,30.25,30.3,12928.03,2022,6,19
2022-06-19 01:49:00+00:00,30.3,30.42,30.29,30.37,13353.81,2022,6,19
2022-06-19 01:50:00+00:00,30.37,30.42,30.36,30.4,9259.63,2022,6,19
2022-06-19 01:51:00+00:00,30.4,30.49,30.39,30.46,6681.42,2022,6,19
2022-06-19 01:52:00+00:00,30.46,30.46,30.36,30.4,5248.11,2022,6,19
2022-06-19 01:53:00+00:00,30.4,30.46,30.38,30.44,5334.72,2022,6,19
2022-06-19 01:54:00+00:00,30.46,30.47,30.35,30.36,9925.72,2022,6,19
2022-06-19 01:55:00+00:00,30.37,30.39,30.31,30.33,8150.01,2022,6,19
2022-06-19 01:56:00+00:00,30.33,30.36,30.24,30.32,8785.06,2022,6,19
2022-06-19 01:57:00+00:00,30.31,30.35,30.24,30.26,10687.87,2022,6,19
2022-06-19 01:58:00+00:00,30.26,30.27,30.15,30.17,7794.56,2022,6,19
2022-06-19 01:59:00+00:00,30.16,30.24,30.15,30.21,6339.1,2022,6,19
2022-06-19 02:00:00+00:00,30.22,30.29,30.2,30.27,4110.38,2022,6,19
2022-06-19 02:01:00+00:00,30.26,30.35,30.23,30.33,4632.59,2022,6,19
2022-06-19 02:02:00+00:00,30.32,30.38,30.3,30.34,4565.36,2022,6,19
2022-06-19 02:03:00+00:00,30.34,30.37,30.3,30.33,3544.06,2022,6,19
2022-06-19 02:04:00+00:00,30.33,30.33,30.18,30.19,2496.85,2022,6,19
2022-06-19 02:05:00+00:00,30.18,30.22,30.07,30.09,6755.38,2022,6,19
2022-06-19 02:06:00+00:00,30.09,30.15,30.06,30.13,7564.61,2022,6,19
2022-06-19 02:07:00+00:00,30.13,30.19,30.12,30.15,3848.14,2022,6,19
2022-06-19 02:08:00+00:00,30.15,30.19,30.09,30.13,5474.82,2022,6,19
2022-06-19 02:09:00+00:00,30.13,30.17,30.11,30.17,3534.79,2022,6,19
2022-06-19 02:10:00+00:00,30.17,30.2,30.16,30.19,4532.61,2022,6,19
2022-06-19 02:11:00+00:00,30.19,30.3,30.19,30.29,5661.68,2022,6,19
2022-06-19 02:12:00+00:00,30.29,30.34,30.26,30.33,2584.79,2022,6,19
2022-06-19 02:13:00+00:00,30.33,30.36,30.25,30.35,12362.31,2022,6,19
2022-06-19 02:14:00+00:00,30.36,30.38,30.31,30.37,4467.59,2022,6,19
2022-06-19 02:15:00+00:00,30.37,30.4,30.33,30.36,3563.87,2022,6,19
2022-06-19 02:16:00+00:00,30.35,30.38,30.29,30.3,1737.28,2022,6,19
2022-06-19 02:17:00+00:00,30.3,30.3,30.13,30.15,8896.2,2022,6,19
2022-06-19 02:18:00+00:00,30.15,30.19,30.06,30.1,8756.5,2022,6,19
2022-06-19 02:19:00+00:00,30.1,30.17,30.04,30.15,4283.68,2022,6,19
2022-06-19 02:20:00+00:00,30.16,30.16,30.06,30.13,7698.4,2022,6,19
2022-06-19 02:21:00+00:00,30.13,30.14,30.06,30.09,2392.74,2022,6,19
2022-06-19 02:22:00+00:00,30.08,30.1,30.0,30.06,7598.63,2022,6,19
2022-06-19 02:23:00+00:00,30.05,30.06,29.93,29.98,8891.2,2022,6,19
2022-06-19 02:24:00+00:00,29.98,30.06,29.96,30.0,4446.59,2022,6,19
2022-06-19 02:25:00+00:00,30.0,30.02,29.9,29.97,3843.89,2022,6,19
2022-06-19 02:26:00+00:00,29.96,29.97,29.87,29.9,4049.93,2022,6,19
2022-06-19 02:27:00+00:00,29.9,29.94,29.87,29.91,4142.04,2022,6,19
2022-06-19 02:28:00+00:00,29.91,29.93,29.85,29.87,5317.36,2022,6,19
2022-06-19 02:29:00+00:00,29.86,29.88,29.77,29.83,9861.4,2022,6,19
2022-06-19 02:30:00+00:00,29.83,29.87,29.74,29.81,12805.66,2022,6,19
2022-06-19 02:31:00+00:00,29.81,29.94,29.8,29.83,7076.91,2022,6,19
2022-06-19 02:32:00+00:00,29.83,29.88,29.83,29.84,4862.11,2022,6,19
2022-06-19 02:33:00+00:00,29.84,29.92,29.83,29.87,6724.54,2022,6,19
2022-06-19 02:34:00+00:00,29.87,29.91,29.84,29.9,3758.68,2022,6,19
2022-06-19 02:35:00+00:00,29.9,29.97,29.88,29.92,4107.37,2022,6,19
2022-06-19 02:36:00+00:00,29.92,29.96,29.86,29.9,7688.92,2022,6,19
2022-06-19 02:37:00+00:00,29.91,29.92,29.87,29.89,3417.94,2022,6,19
2022-06-19 02:38:00+00:00,29.89,30.04,29.89,30.02,6612.21,2022,6,19
2022-06-19 02:39:00+00:00,30.02,30.16,30.01,30.06,7376.32,2022,6,19
2022-06-19 02:40:00+00:00,30.06,30.21,30.04,30.18,8093.12,2022,6,19
2022-06-19 02:41:00+00:00,30.18,30.18,30.1,30.17,3446.39,2022,6,19
2022-06-19 02:42:00+00:00,30.16,30.29,30.11,30.26,10466.38,2022,6,19
2022-06-19 02:43:00+00:00,30.26,30.34,30.24,30.3,7784.03,2022,6,19
2022-06-19 02:44:00+00:00,30.3,30.31,30.17,30.24,8117.66,2022,6,19
2022-06-19 02:45:00+00:00,30.25,30.39,30.21,30.38,12268.68,2022,6,19
2022-06-19 02:46:00+00:00,30.38,30.39,30.27,30.31,17898.31,2022,6,19
2022-06-19 02:47:00+00:00,30.3,30.33,30.28,30.3,4063.96,2022,6,19
2022-06-19 02:48:00+00:00,30.31,30.35,30.28,30.31,5004.17,2022,6,19
2022-06-19 02:49:00+00:00,30.31,30.31,30.25,30.28,4840.34,2022,6,19
2022-06-19 02:50:00+00:00,30.29,30.35,30.27,30.34,3297.81,2022,6,19
2022-06-19 02:51:00+00:00,30.35,30.39,30.3,30.39,2441.34,2022,6,19
2022-06-19 02:52:00+00:00,30.39,30.61,30.38,30.57,11185.63,2022,6,19
2022-06-19 02:53:00+00:00,30.56,30.57,30.46,30.48,2054.86,2022,6,19
2022-06-19 02:54:00+00:00,30.48,30.48,30.44,30.46,2318.38,2022,6,19
2022-06-19 02:55:00+00:00,30.46,30.46,30.42,30.45,1378.87,2022,6,19
2022-06-19 02:56:00+00:00,30.45,30.46,30.38,30.44,5835.94,2022,6,19
2022-06-19 02:57:00+00:00,30.44,30.45,30.39,30.4,2100.43,2022,6,19
2022-06-19 02:58:00+00:00,30.4,30.41,30.36,30.36,2994.04,2022,6,19
2022-06-19 02:59:00+00:00,30.36,30.39,30.28,30.29,4623.02,2022,6,19
2022-06-19 03:00:00+00:00,30.29,30.32,30.27,30.29,2877.38,2022,6,19
2022-06-19 03:01:00+00:00,30.3,30.37,30.3,30.36,2261.94,2022,6,19
2022-06-19 03:02:00+00:00,30.35,30.42,30.35,30.4,3371.15,2022,6,19
2022-06-19 03:03:00+00:00,30.41,30.5,30.4,30.49,2830.21,2022,6,19
2022-06-19 03:04:00+00:00,30.5,30.51,30.47,30.51,1985.85,2022,6,19
2022-06-19 03:05:00+00:00,30.51,30.77,30.51,30.74,16133.2,2022,6,19
2022-06-19 03:06:00+00:00,30.74,30.83,30.64,30.7,9509.36,2022,6,19
2022-06-19 03:07:00+00:00,30.69,30.74,30.66,30.7,7327.65,2022,6,19
2022-06-19 03:08:00+00:00,30.7,30.74,30.68,30.72,4917.94,2022,6,19
2022-06-19 03:09:00+00:00,30.73,30.76,30.7,30.71,9527.52,2022,6,19
2022-06-19 03:10:00+00:00,30.72,30.73,30.69,30.72,2793.61,2022,6,19
2022-06-19 03:11:00+00:00,30.71,30.74,30.65,30.65,3143.73,2022,6,19
2022-06-19 03:12:00+00:00,30.66,30.9,30.66,30.86,13973.24,2022,6,19
2022-06-19 03:13:00+00:00,30.88,30.94,30.82,30.84,10280.27,2022,6,19
2022-06-19 03:14:00+00:00,30.83,30.93,30.81,30.89,15426.91,2022,6,19
2022-06-19 03:15:00+00:00,30.89,30.94,30.82,30.82,4510.64,2022,6,19
2022-06-19 03:16:00+00:00,30.82,30.82,30.65,30.7,5917.32,2022,6,19
2022-06-19 03:17:00+00:00,30.7,30.7,30.63,30.64,3050.61,2022,6,19
2022-06-19 03:18:00+00:00,30.65,30.72,30.62,30.63,4686.06,2022,6,19
2022-06-19 03:19:00+00:00,30.62,30.7,30.62,30.68,2639.78,2022,6,19
2022-06-19 03:20:00+00:00,30.68,30.68,30.63,30.64,3387.74,2022,6,19
2022-06-19 03:21:00+00:00,30.64,30.74,30.63,30.73,7558.65,2022,6,19
2022-06-19 03:22:00+00:00,30.73,30.8,30.71,30.72,2239.84,2022,6,19
2022-06-19 03:23:00+00:00,30.71,30.73,30.69,30.71,1692.01,2022,6,19
2022-06-19 03:24:00+00:00,30.71,30.77,30.71,30.76,1629.5,2022,6,19
2022-06-19 03:25:00+00:00,30.75,30.76,30.66,30.68,2205.2,2022,6,19
2022-06-19 03:26:00+00:00,30.67,30.67,30.58,30.61,5183.53,2022,6,19
2022-06-19 03:27:00+00:00,30.62,30.63,30.53,30.59,2125.42,2022,6,19
2022-06-19 03:28:00+00:00,30.6,30.69,30.55,30.58,3047.55,2022,6,19
2022-06-19 03:29:00+00:00,30.58,30.58,30.51,30.54,2328.05,2022,6,19
2022-06-19 03:30:00+00:00,30.54,30.61,30.52,30.59,1854.73,2022,6,19
2022-06-19 03:31:00+00:00,30.6,30.77,30.6,30.73,7077.85,2022,6,19
2022-06-19 03:32:00+00:00,30.73,30.78,30.73,30.76,501.08,2022,6,19
2022-06-19 03:33:00+00:00,30.76,30.76,30.68,30.69,3150.81,2022,6,19
2022-06-19 03:34:00+00:00,30.7,30.74,30.69,30.74,4421.76,2022,6,19
2022-06-19 03:35:00+00:00,30.74,30.76,30.69,30.75,4539.21,2022,6,19
2022-06-19 03:36:00+00:00,30.75,30.75,30.7,30.74,3088.26,2022,6,19
2022-06-19 03:37:00+00:00,30.74,30.76,30.7,30.76,1407.3,2022,6,19
2022-06-19 03:38:00+00:00,30.76,30.77,30.73,30.75,3622.2,2022,6,19
2022-06-19 03:39:00+00:00,30.75,30.75,30.6,30.6,2016.83,2022,6,19
2022-06-19 03:40:00+00:00,30.59,30.61,30.49,30.55,3912.67,2022,6,19
2022-06-19 03:41:00+00:00,30.56,30.56,30.48,30.49,3864.88,2022,6,19
2022-06-19 03:42:00+00:00,30.49,30.5,30.44,30.46,2049.06,2022,6,19
2022-06-19 03:43:00+00:00,30.46,30.51,30.41,30.45,3334.69,2022,6,19
2022-06-19 03:44:00+00:00,30.45,30.48,30.44,30.46,2278.68,2022,6,19
2022-06-19 03:45:00+00:00,30.47,30.49,30.44,30.47,817.89,2022,6,19
2022-06-19 03:46:00+00:00,30.46,30.5,30.4,30.43,9188.57,2022,6,19
2022-06-19 03:47:00+00:00,30.42,30.43,30.33,30.34,6987.09,2022,6,19
2022-06-19 03:48:00+00:00,30.34,30.37,30.33,30.35,3055.37,2022,6,19
2022-06-19 03:49:00+00:00,30.35,30.43,30.35,30.4,3235.78,2022,6,19
2022-06-19 03:50:00+00:00,30.42,30.48,30.41,30.44,2639.7,2022,6,19
2022-06-19 03:51:00+00:00,30.44,30.45,30.36,30.39,2687.69,2022,6,19
2022-06-19 03:52:00+00:00,30.4,30.42,30.29,30.31,5254.76,2022,6,19
2022-06-19 03:53:00+00:00,30.31,30.32,30.26,30.3,4104.32,2022,6,19
2022-06-19 03:54:00+00:00,30.28,30.36,30.28,30.36,4240.24,2022,6,19
2022-06-19 03:55:00+00:00,30.35,30.35,30.21,30.22,10229.06,2022,6,19
2022-06-19 03:56:00+00:00,30.22,30.26,30.13,30.15,12041.16,2022,6,19
2022-06-19 03:57:00+00:00,30.15,30.15,30.05,30.11,8291.88,2022,6,19
2022-06-19 03:58:00+00:00,30.11,30.18,30.1,30.18,2566.89,2022,6,19
2022-06-19 03:59:00+00:00,30.18,30.19,30.1,30.19,1621.58,2022,6,19
2022-06-19 04:00:00+00:00,30.18,30.21,30.13,30.16,1534.88,2022,6,19
2022-06-19 04:01:00+00:00,30.17,30.21,30.15,30.2,3479.94,2022,6,19
2022-06-19 04:02:00+00:00,30.19,30.2,30.13,30.15,2059.8,2022,6,19
2022-06-19 04:03:00+00:00,30.14,30.17,30.1,30.16,4262.05,2022,6,19
2022-06-19 04:04:00+00:00,30.17,30.22,30.15,30.16,1511.57,2022,6,19
2022-06-19 04:05:00+00:00,30.16,30.17,30.11,30.11,2158.29,2022,6,19
2022-06-19 04:06:00+00:00,30.12,30.19,30.1,30.15,4006.81,2022,6,19
2022-06-19 04:07:00+00:00,30.15,30.25,30.15,30.23,2542.63,2022,6,19
2022-06-19 04:08:00+00:00,30.23,30.27,30.22,30.25,2413.19,2022,6,19
2022-06-19 04:09:00+00:00,30.25,30.35,30.24,30.3,5895.77,2022,6,19
2022-06-19 04:10:00+00:00,30.3,30.49,30.3,30.42,8263.45,2022,6,19
2022-06-19 04:11:00+00:00,30.42,30.42,30.34,30.36,2615.03,2022,6,19
2022-06-19 04:12:00+00:00,30.36,30.46,30.33,30.46,2831.69,2022,6,19
2022-06-19 04:13:00+00:00,30.47,30.51,30.42,30.44,8786.36,2022,6,19
2022-06-19 04:14:00+00:00,30.44,30.5,30.43,30.43,4044.59,2022,6,19
2022-06-19 04:15:00+00:00,30.44,30.49,30.41,30.41,7086.49,2022,6,19
2022-06-19 04:16:00+00:00,30.41,30.42,30.35,30.36,1844.6,2022,6,19
2022-06-19 04:17:00+00:00,30.36,30.44,30.36,30.44,1257.28,2022,6,19
2022-06-19 04:18:00+00:00,30.44,30.46,30.42,30.42,6602.23,2022,6,19
2022-06-19 04:19:00+00:00,30.42,30.42,30.34,30.38,1818.3,2022,6,19
2022-06-19 04:20:00+00:00,30.38,30.53,30.36,30.49,3890.74,2022,6,19
2022-06-19 04:21:00+00:00,30.49,30.52,30.46,30.48,2157.56,2022,6,19
2022-06-19 04:22:00+00:00,30.48,30.48,30.43,30.47,1636.46,2022,6,19
2022-06-19 04:23:00+00:00,30.46,30.52,30.45,30.51,6478.9,2022,6,19
2022-06-19 04:24:00+00:00,30.51,30.52,30.41,30.41,2295.26,2022,6,19
2022-06-19 04:25:00+00:00,30.41,30.47,30.4,30.46,1833.07,2022,6,19
2022-06-19 04:26:00+00:00,30.47,30.49,30.44,30.46,2739.12,2022,6,19
2022-06-19 04:27:00+00:00,30.45,30.45,30.39,30.42,5523.66,2022,6,19
2022-06-19 04:28:00+00:00,30.43,30.44,30.37,30.37,3533.99,2022,6,19
2022-06-19 04:29:00+00:00,30.37,30.39,30.3,30.31,1467.69,2022,6,19
2022-06-19 04:30:00+00:00,30.31,30.33,30.28,30.28,1385.31,2022,6,19
2022-06-19 04:31:00+00:00,30.28,30.31,30.27,30.29,1235.63,2022,6,19
2022-06-19 04:32:00+00:00,30.29,30.3,30.2,30.21,3846.27,2022,6,19
2022-06-19 04:33:00+00:00,30.21,30.45,30.21,30.45,6090.15,2022,6,19
2022-06-19 04:34:00+00:00,30.45,30.61,30.43,30.59,17604.67,2022,6,19
2022-06-19 04:35:00+00:00,30.6,30.6,30.35,30.43,29431.63,2022,6,19
2022-06-19 04:36:00+00:00,30.42,30.42,30.2,30.22,24294.73,2022,6,19
2022-06-19 04:37:00+00:00,30.21,30.26,30.09,30.26,35207.86,2022,6,19
2022-06-19 04:38:00+00:00,30.25,30.25,30.21,30.23,2887.1,2022,6,19
2022-06-19 04:39:00+00:00,30.23,30.23,30.16,30.16,2404.99,2022,6,19
2022-06-19 04:40:00+00:00,30.16,30.2,30.16,30.17,1264.97,2022,6,19
2022-06-19 04:41:00+00:00,30.17,30.28,30.15,30.27,2271.24,2022,6,19
2022-06-19 04:42:00+00:00,30.28,30.31,30.16,30.19,3044.64,2022,6,19
2022-06-19 04:43:00+00:00,30.19,30.21,30.16,30.2,4966.49,2022,6,19
2022-06-19 04:44:00+00:00,30.2,30.27,30.19,30.24,3042.56,2022,6,19
2022-06-19 04:45:00+00:00,30.24,30.32,30.22,30.27,2083.26,2022,6,19
2022-06-19 04:46:00+00:00,30.28,30.29,30.17,30.18,2210.21,2022,6,19
2022-06-19 04:47:00+00:00,30.18,30.22,30.18,30.2,1105.68,2022,6,19
2022-06-19 04:48:00+00:00,30.2,30.25,30.2,30.22,614.74,2022,6,19
2022-06-19 04:49:00+00:00,30.22,30.27,30.22,30.25,1783.19,2022,6,19
2022-06-19 04:50:00+00:00,30.25,30.27,30.21,30.21,517.99,2022,6,19
2022-06-19 04:51:00+00:00,30.21,30.26,30.21,30.22,992.05,2022,6,19
2022-06-19 04:52:00+00:00,30.22,30.22,30.11,30.12,3449.88,2022,6,19
2022-06-19 04:53:00+00:00,30.12,30.12,30.03,30.05,5050.53,2022,6,19
2022-06-19 04:54:00+00:00,30.04,30.13,30.03,30.13,4158.34,2022,6,19
2022-06-19 04:55:00+00:00,30.13,30.19,30.07,30.09,2939.64,2022,6,19
2022-06-19 04:56:00+00:00,30.1,30.17,30.1,30.15,769.57,2022,6,19
2022-06-19 04:57:00+00:00,30.15,30.17,30.12,30.13,1210.15,2022,6,19
2022-06-19 04:58:00+00:00,30.12,30.18,30.1,30.18,2080.81,2022,6,19
2022-06-19 04:59:00+00:00,30.17,30.24,30.17,30.23,845.56,2022,6,19
2022-06-19 05:00:00+00:00,30.23,30.27,30.18,30.24,1887.94,2022,6,19
2022-06-19 05:01:00+00:00,30.24,30.24,30.18,30.19,1717.87,2022,6,19
2022-06-19 05:02:00+00:00,30.19,30.25,30.18,30.21,1110.31,2022,6,19
2022-06-19 05:03:00+00:00,30.2,30.22,30.17,30.19,972.5,2022,6,19
2022-06-19 05:04:00+00:00,30.19,30.21,30.11,30.13,1204.77,2022,6,19
2022-06-19 05:05:00+00:00,30.13,30.13,30.07,30.08,2094.61,2022,6,19
2022-06-19 05:06:00+00:00,30.08,30.1,29.91,29.92,8645.61,2022,6,19
2022-06-19 05:07:00+00:00,29.92,29.94,29.83,29.85,4623.1,2022,6,19
2022-06-19 05:08:00+00:00,29.84,30.02,29.82,30.02,4819.89,2022,6,19
2022-06-19 05:09:00+00:00,30.01,30.39,30.01,30.06,8235.13,2022,6,19
2022-06-19 05:10:00+00:00,30.06,30.35,30.06,30.16,12501.84,2022,6,19
2022-06-19 05:11:00+00:00,30.16,30.19,29.94,29.98,2608.9,2022,6,19
2022-06-19 05:12:00+00:00,29.98,30.12,29.95,30.01,3197.78,2022,6,19
2022-06-19 05:13:00+00:00,30.0,30.06,29.91,29.95,13226.73,2022,6,19
2022-06-19 05:14:00+00:00,29.95,30.03,29.86,29.86,7127.73,2022,6,19
2022-06-19 05:15:00+00:00,29.86,29.93,29.5,29.83,184211.11,2022,6,19
2022-06-19 05:16:00+00:00,29.81,29.85,29.74,29.77,6363.37,2022,6,19
2022-06-19 05:17:00+00:00,29.78,29.82,29.71,29.73,5163.1,2022,6,19
2022-06-19 05:18:00+00:00,29.72,29.76,29.66,29.67,4142.47,2022,6,19
2022-06-19 05:19:00+00:00,29.68,29.69,29.5,29.58,16854.12,2022,6,19
2022-06-19 05:20:00+00:00,29.58,29.61,29.47,29.55,8820.73,2022,6,19
2022-06-19 05:21:00+00:00,29.55,29.58,29.44,29.45,5279.16,2022,6,19
2022-06-19 05:22:00+00:00,29.46,29.54,29.41,29.5,6505.0,2022,6,19
2022-06-19 05:23:00+00:00,29.5,29.51,29.26,29.28,15714.17,2022,6,19
2022-06-19 05:24:00+00:00,29.27,29.45,29.26,29.39,9509.72,2022,6,19
2022-06-19 05:25:00+00:00,29.4,29.41,29.26,29.28,8952.43,2022,6,19
2022-06-19 05:26:00+00:00,29.28,29.3,29.21,29.24,6919.04,2022,6,19
2022-06-19 05:27:00+00:00,29.25,29.38,29.23,29.32,7807.79,2022,6,19
2022-06-19 05:28:00+00:00,29.33,29.52,29.32,29.45,7212.34,2022,6,19
2022-06-19 05:29:00+00:00,29.45,29.45,29.39,29.44,3379.91,2022,6,19
2022-06-19 05:30:00+00:00,29.44,29.5,29.32,29.46,6544.87,2022,6,19
2022-06-19 05:31:00+00:00,29.45,29.54,29.44,29.47,2836.79,2022,6,19
2022-06-19 05:32:00+00:00,29.48,29.49,29.42,29.44,1660.32,2022,6,19
2022-06-19 05:33:00+00:00,29.43,29.49,29.43,29.46,965.61,2022,6,19
2022-06-19 05:34:00+00:00,29.46,29.48,29.44,29.45,1635.85,2022,6,19
2022-06-19 05:35:00+00:00,29.46,29.47,29.25,29.27,5499.9,2022,6,19
2022-06-19 05:36:00+00:00,29.28,29.34,29.28,29.3,1733.95,2022,6,19
2022-06-19 05:37:00+00:00,29.3,29.34,29.24,29.33,4394.73,2022,6,19
2022-06-19 05:38:00+00:00,29.33,29.34,29.12,29.14,8284.5,2022,6,19
2022-06-19 05:39:00+00:00,29.14,29.22,29.06,29.09,10002.0,2022,6,19
2022-06-19 05:40:00+00:00,29.09,29.17,29.09,29.15,4914.63,2022,6,19
2022-06-19 05:41:00+00:00,29.14,29.24,29.12,29.18,8759.71,2022,6,19
2022-06-19 05:42:00+00:00,29.18,29.22,29.1,29.12,9694.83,2022,6,19
2022-06-19 05:43:00+00:00,29.13,29.17,29.04,29.17,4382.33,2022,6,19
2022-06-19 05:44:00+00:00,29.16,29.16,29.12,29.14,1396.34,2022,6,19
2022-06-19 05:45:00+00:00,29.14,29.16,29.05,29.09,2329.32,2022,6,19
2022-06-19 05:46:00+00:00,29.1,29.22,29.1,29.22,3255.69,2022,6,19
2022-06-19 05:47:00+00:00,29.22,29.3,29.14,29.15,6512.86,2022,6,19
2022-06-19 05:48:00+00:00,29.14,29.19,29.13,29.17,5336.11,2022,6,19
2022-06-19 05:49:00+00:00,29.16,29.2,29.12,29.17,5139.36,2022,6,19
2022-06-19 05:50:00+00:00,29.17,29.28,29.12,29.26,4987.43,2022,6,19
2022-06-19 05:51:00+00:00,29.26,29.27,29.2,29.24,2068.81,2022,6,19
2022-06-19 05:52:00+00:00,29.23,29.24,29.21,29.23,1262.68,2022,6,19
2022-06-19 05:53:00+00:00,29.22,29.23,29.2,29.21,2676.62,2022,6,19
2022-06-19 05:54:00+00:00,29.21,29.22,29.17,29.21,1427.27,2022,6,19
2022-06-19 05:55:00+00:00,29.21,29.27,29.14,29.27,1941.27,2022,6,19
2022-06-19 05:56:00+00:00,29.27,29.37,29.25,29.33,4529.32,2022,6,19
2022-06-19 05:57:00+00:00,29.33,29.36,29.29,29.31,2230.79,2022,6,19
2022-06-19 05:58:00+00:00,29.3,29.33,29.3,29.31,419.55,2022,6,19
2022-06-19 05:59:00+00:00,29.31,29.38,29.29,29.33,2138.63,2022,6,19
2022-06-19 06:00:00+00:00,29.32,29.34,29.21,29.22,1838.7,2022,6,19
2022-06-19 06:01:00+00:00,29.22,29.22,29.12,29.12,3272.78,2022,6,19
2022-06-19 06:02:00+00:00,29.13,29.14,28.84,28.9,26892.67,2022,6,19
2022-06-19 06:03:00+00:00,28.9,29.08,28.9,29.05,4882.44,2022,6,19
2022-06-19 06:04:00+00:00,29.05,29.19,29.05,29.15,5487.58,2022,6,19
2022-06-19 06:05:00+00:00,29.15,29.3,29.15,29.27,6046.88,2022,6,19
2022-06-19 06:06:00+00:00,29.27,29.44,29.27,29.37,10735.06,2022,6,19
2022-06-19 06:07:00+00:00,29.38,29.45,29.35,29.4,5724.51,2022,6,19
2022-06-19 06:08:00+00:00,29.4,29.55,29.35,29.49,13764.2,2022,6,19
2022-06-19 06:09:00+00:00,29.49,29.51,29.45,29.47,3030.47,2022,6,19
2022-06-19 06:10:00+00:00,29.46,29.52,29.43,29.51,4409.81,2022,6,19
2022-06-19 06:11:00+00:00,29.51,29.56,29.5,29.53,3186.54,2022,6,19
2022-06-19 06:12:00+00:00,29.53,29.55,29.51,29.53,2173.74,2022,6,19
2022-06-19 06:13:00+00:00,29.53,29.55,29.44,29.44,3116.36,2022,6,19
2022-06-19 06:14:00+00:00,29.46,29.48,29.43,29.45,1759.49,2022,6,19
2022-06-19 06:15:00+00:00,29.45,29.49,29.38,29.41,1980.45,2022,6,19
2022-06-19 06:16:00+00:00,29.41,29.63,29.41,29.59,5986.4,2022,6,19
2022-06-19 06:17:00+00:00,29.6,29.73,29.6,29.69,4415.82,2022,6,19
2022-06-19 06:18:00+00:00,29.68,29.72,29.66,29.68,4801.38,2022,6,19
2022-06-19 06:19:00+00:00,29.67,29.81,29.61,29.71,12666.7,2022,6,19
2022-06-19 06:20:00+00:00,29.71,29.75,29.6,29.65,4866.48,2022,6,19
2022-06-19 06:21:00+00:00,29.65,29.68,29.54,29.58,4586.23,2022,6,19
2022-06-19 06:22:00+00:00,29.58,29.62,29.55,29.57,2502.9,2022,6,19
2022-06-19 06:23:00+00:00,29.56,29.6,29.53,29.59,1786.26,2022,6,19
2022-06-19 06:24:00+00:00,29.58,29.6,29.47,29.48,6883.35,2022,6,19
2022-06-19 06:25:00+00:00,29.48,29.52,29.43,29.45,2851.06,2022,6,19
2022-06-19 06:26:00+00:00,29.45,29.47,29.36,29.39,4248.73,2022,6,19
2022-06-19 06:27:00+00:00,29.4,29.45,29.38,29.38,3004.33,2022,6,19
2022-06-19 06:28:00+00:00,29.38,29.42,29.3,29.4,2322.58,2022,6,19
2022-06-19 06:29:00+00:00,29.4,29.45,29.39,29.41,2340.61,2022,6,19
2022-06-19 06:30:00+00:00,29.42,29.53,29.42,29.49,7419.01,2022,6,19
2022-06-19 06:31:00+00:00,29.49,29.52,29.47,29.5,895.19,2022,6,19
2022-06-19 06:32:00+00:00,29.5,29.52,29.48,29.51,634.07,2022,6,19
2022-06-19 06:33:00+00:00,29.51,29.52,29.34,29.36,3364.14,2022,6,19
2022-06-19 06:34:00+00:00,29.36,29.36,29.25,29.33,4917.65,2022,6,19
2022-06-19 06:35:00+00:00,29.33,29.33,29.27,29.29,1930.71,2022,6,19
2022-06-19 06:36:00+00:00,29.29,29.29,29.21,29.21,1392.38,2022,6,19
2022-06-19 06:37:00+00:00,29.22,29.22,29.17,29.21,1873.36,2022,6,19
2022-06-19 06:38:00+00:00,29.22,29.28,29.17,29.18,5033.25,2022,6,19
2022-06-19 06:39:00+00:00,29.18,29.22,29.18,29.22,1733.47,2022,6,19
2022-06-19 06:40:00+00:00,29.22,29.24,29.21,29.23,1441.05,2022,6,19
2022-06-19 06:41:00+00:00,29.24,29.29,29.22,29.25,4330.1,2022,6,19
2022-06-19 06:42:00+00:00,29.26,29.33,29.25,29.28,4108.65,2022,6,19
2022-06-19 06:43:00+00:00,29.28,29.31,29.26,29.29,568.12,2022,6,19
2022-06-19 06:44:00+00:00,29.28,29.31,29.28,29.31,379.21,2022,6,19
2022-06-19 06:45:00+00:00,29.31,29.31,29.27,29.31,1037.59,2022,6,19
2022-06-19 06:46:00+00:00,29.31,29.33,29.26,29.28,922.01,2022,6,19
2022-06-19 06:47:00+00:00,29.27,29.28,29.14,29.14,1524.43,2022,6,19
2022-06-19 06:48:00+00:00,29.14,29.15,29.11,29.15,971.48,2022,6,19
2022-06-19 06:49:00+00:00,29.15,29.19,29.15,29.18,700.76,2022,6,19
2022-06-19 06:50:00+00:00,29.19,29.2,29.16,29.18,902.47,2022,6,19
2022-06-19 06:51:00+00:00,29.18,29.21,29.17,29.19,849.75,2022,6,19
2022-06-19 06:52:00+00:00,29.19,29.23,29.18,29.19,729.81,2022,6,19
2022-06-19 06:53:00+00:00,29.19,29.22,29.18,29.21,718.69,2022,6,19
2022-06-19 06:54:00+00:00,29.22,29.27,29.22,29.27,1233.09,2022,6,19
2022-06-19 06:55:00+00:00,29.27,29.35,29.25,29.35,1719.09,2022,6,19
2022-06-19 06:56:00+00:00,29.34,29.5,29.34,29.35,4512.15,2022,6,19
2022-06-19 06:57:00+00:00,29.35,29.35,29.14,29.15,2622.43,2022,6,19
2022-06-19 06:58:00+00:00,29.14,29.15,29.07,29.15,7793.63,2022,6,19
2022-06-19 06:59:00+00:00,29.16,29.23,29.14,29.22,907.25,2022,6,19
2022-06-19 07:00:00+00:00,29.22,29.24,29.18,29.21,1176.14,2022,6,19
2022-06-19 07:01:00+00:00,29.21,29.21,29.15,29.16,1406.78,2022,6,19
2022-06-19 07:02:00+00:00,29.15,29.16,29.1,29.12,1563.2,2022,6,19
2022-06-19 07:03:00+00:00,29.13,29.2,29.13,29.2,1919.85,2022,6,19
2022-06-19 07:04:00+00:00,29.2,29.28,29.2,29.26,1934.84,2022,6,19
2022-06-19 07:05:00+00:00,29.27,29.33,29.26,29.32,1541.08,2022,6,19
2022-06-19 07:06:00+00:00,29.31,29.35,29.3,29.33,1472.44,2022,6,19
2022-06-19 07:07:00+00:00,29.32,29.36,29.29,29.35,1785.26,2022,6,19
2022-06-19 07:08:00+00:00,29.35,29.44,29.35,29.42,2723.28,2022,6,19
2022-06-19 07:09:00+00:00,29.42,29.47,29.42,29.44,2490.73,2022,6,19
2022-06-19 07:10:00+00:00,29.44,29.48,29.37,29.47,7193.07,2022,6,19
2022-06-19 07:11:00+00:00,29.47,29.49,29.4,29.47,10003.57,2022,6,19
2022-06-19 07:12:00+00:00,29.47,29.49,29.43,29.46,5759.5,2022,6,19
2022-06-19 07:13:00+00:00,29.46,29.48,29.43,29.45,2502.37,2022,6,19
2022-06-19 07:14:00+00:00,29.45,29.61,29.42,29.55,4932.64,2022,6,19
2022-06-19 07:15:00+00:00,29.56,29.67,29.55,29.6,6834.98,2022,6,19
2022-06-19 07:16:00+00:00,29.6,29.63,29.56,29.6,2092.09,2022,6,19
2022-06-19 07:17:00+00:00,29.6,29.62,29.56,29.57,2697.3,2022,6,19
2022-06-19 07:18:00+00:00,29.57,29.63,29.56,29.63,5648.47,2022,6,19
2022-06-19 07:19:00+00:00,29.64,29.7,29.59,29.6,5474.52,2022,6,19
2022-06-19 07:20:00+00:00,29.6,29.62,29.57,29.61,3731.09,2022,6,19
2022-06-19 07:21:00+00:00,29.61,29.78,29.6,29.67,7769.54,2022,6,19
2022-06-19 07:22:00+00:00,29.66,29.67,29.5,29.5,5058.02,2022,6,19
2022-06-19 07:23:00+00:00,29.51,29.53,29.36,29.38,3848.24,2022,6,19
2022-06-19 07:24:00+00:00,29.38,29.39,29.32,29.38,3435.66,2022,6,19
2022-06-19 07:25:00+00:00,29.38,29.44,29.37,29.4,3806.23,2022,6,19
2022-06-19 07:26:00+00:00,29.39,29.47,29.36,29.42,5250.2,2022,6,19
2022-06-19 07:27:00+00:00,29.42,29.47,29.4,29.42,2188.37,2022,6,19
2022-06-19 07:28:00+00:00,29.42,29.49,29.42,29.44,2489.72,2022,6,19
2022-06-19 07:29:00+00:00,29.44,29.47,29.42,29.44,791.09,2022,6,19
2022-06-19 07:30:00+00:00,29.45,29.51,29.42,29.51,2832.99,2022,6,19
2022-06-19 07:31:00+00:00,29.52,29.52,29.44,29.45,4302.92,2022,6,19
2022-06-19 07:32:00+00:00,29.44,29.51,29.42,29.42,9993.47,2022,6,19
2022-06-19 07:33:00+00:00,29.43,29.43,29.27,29.28,6447.73,2022,6,19
2022-06-19 07:34:00+00:00,29.28,29.37,29.27,29.35,3080.18,2022,6,19
2022-06-19 07:35:00+00:00,29.34,29.4,29.34,29.37,1930.37,2022,6,19
2022-06-19 07:36:00+00:00,29.38,29.41,29.37,29.39,338.75,2022,6,19
2022-06-19 07:37:00+00:00,29.38,29.4,29.37,29.38,1472.89,2022,6,19
2022-06-19 07:38:00+00:00,29.38,29.4,29.36,29.4,2257.97,2022,6,19
2022-06-19 07:39:00+00:00,29.4,29.41,29.39,29.4,731.86,2022,6,19
2022-06-19 07:40:00+00:00,29.4,29.4,29.3,29.3,829.86,2022,6,19
2022-06-19 07:41:00+00:00,29.31,29.31,29.17,29.19,2519.78,2022,6,19
2022-06-19 07:42:00+00:00,29.19,29.27,29.17,29.2,16672.36,2022,6,19
2022-06-19 07:43:00+00:00,29.19,29.26,29.19,29.26,1760.8,2022,6,19
2022-06-19 07:44:00+00:00,29.26,29.28,29.18,29.23,1471.07,2022,6,19
2022-06-19 07:45:00+00:00,29.24,29.3,29.23,29.26,1202.1,2022,6,19
2022-06-19 07:46:00+00:00,29.26,29.28,29.24,29.26,1539.17,2022,6,19
2022-06-19 07:47:00+00:00,29.26,29.26,29.19,29.2,2034.03,2022,6,19
2022-06-19 07:48:00+00:00,29.19,29.21,29.17,29.2,1176.44,2022,6,19
2022-06-19 07:49:00+00:00,29.2,29.2,29.12,29.15,4592.51,2022,6,19
2022-06-19 07:50:00+00:00,29.14,29.16,29.04,29.05,4275.77,2022,6,19
2022-06-19 07:51:00+00:00,29.05,29.12,29.05,29.12,5652.71,2022,6,19
2022-06-19 07:52:00+00:00,29.12,29.13,29.1,29.1,2213.11,2022,6,19
2022-06-19 07:53:00+00:00,29.1,29.15,29.08,29.13,4875.87,2022,6,19
2022-06-19 07:54:00+00:00,29.13,29.15,29.12,29.13,920.67,2022,6,19
2022-06-19 07:55:00+00:00,29.14,29.16,29.12,29.15,4060.78,2022,6,19
2022-06-19 07:56:00+00:00,29.15,29.16,29.14,29.14,369.16,2022,6,19
2022-06-19 07:57:00+00:00,29.15,29.15,29.1,29.12,1657.95,2022,6,19
2022-06-19 07:58:00+00:00,29.13,29.14,29.12,29.13,1143.22,2022,6,19
2022-06-19 07:59:00+00:00,29.14,29.21,29.14,29.21,2116.0,2022,6,19
2022-06-19 08:00:00+00:00,29.21,29.22,29.16,29.2,2441.84,2022,6,19
2022-06-19 08:01:00+00:00,29.2,29.2,29.15,29.17,1996.46,2022,6,19
2022-06-19 08:02:00+00:00,29.17,29.24,29.14,29.24,1672.88,2022,6,19
2022-06-19 08:03:00+00:00,29.24,29.27,29.2,29.22,11518.63,2022,6,19
2022-06-19 08:04:00+00:00,29.21,29.23,29.16,29.16,989.29,2022,6,19
2022-06-19 08:05:00+00:00,29.16,29.18,29.15,29.18,1693.99,2022,6,19
2022-06-19 08:06:00+00:00,29.18,29.22,29.15,29.19,981.32,2022,6,19
2022-06-19 08:07:00+00:00,29.19,29.34,29.19,29.26,3135.49,2022,6,19
2022-06-19 08:08:00+00:00,29.26,29.28,29.24,29.26,1507.05,2022,6,19
2022-06-19 08:09:00+00:00,29.27,29.27,29.17,29.18,1704.32,2022,6,19
2022-06-19 08:10:00+00:00,29.18,29.18,28.9,28.98,20394.59,2022,6,19
2022-06-19 08:11:00+00:00,28.96,29.0,28.89,28.96,27033.25,2022,6,19
2022-06-19 08:12:00+00:00,28.96,28.99,28.9,28.9,10380.59,2022,6,19
2022-06-19 08:13:00+00:00,28.9,28.9,28.84,28.86,6013.14,2022,6,19
2022-06-19 08:14:00+00:00,28.87,28.96,28.86,28.95,4395.1,2022,6,19
2022-06-19 08:15:00+00:00,28.94,29.0,28.91,28.91,5356.32,2022,6,19
2022-06-19 08:16:00+00:00,28.91,28.95,28.79,28.8,4622.62,2022,6,19
2022-06-19 08:17:00+00:00,28.8,28.85,28.68,28.81,13202.11,2022,6,19
2022-06-19 08:18:00+00:00,28.81,28.89,28.8,28.88,2812.88,2022,6,19
2022-06-19 08:19:00+00:00,28.89,28.95,28.88,28.93,2501.58,2022,6,19
2022-06-19 08:20:00+00:00,28.93,29.09,28.93,29.06,34657.53,2022,6,19
2022-06-19 08:21:00+00:00,29.06,29.07,29.01,29.04,2216.9,2022,6,19
2022-06-19 08:22:00+00:00,29.04,29.1,29.04,29.1,2779.19,2022,6,19
2022-06-19 08:23:00+00:00,29.09,29.18,29.08,29.16,3278.8,2022,6,19
2022-06-19 08:24:00+00:00,29.16,29.25,29.14,29.23,12174.71,2022,6,19
2022-06-19 08:25:00+00:00,29.23,29.24,29.19,29.22,2254.81,2022,6,19
2022-06-19 08:26:00+00:00,29.22,29.22,29.1,29.13,4259.09,2022,6,19
2022-06-19 08:27:00+00:00,29.13,29.15,29.1,29.14,1046.9,2022,6,19
2022-06-19 08:28:00+00:00,29.13,29.14,29.09,29.11,3886.25,2022,6,19
2022-06-19 08:29:00+00:00,29.1,29.17,29.07,29.15,2739.56,2022,6,19
2022-06-19 08:30:00+00:00,29.15,29.3,29.13,29.27,7144.61,2022,6,19
2022-06-19 08:31:00+00:00,29.28,29.42,29.27,29.37,9391.47,2022,6,19
2022-06-19 08:32:00+00:00,29.37,29.41,29.36,29.38,7418.59,2022,6,19
2022-06-19 08:33:00+00:00,29.37,29.53,29.35,29.51,36399.43,2022,6,19
2022-06-19 08:34:00+00:00,29.5,29.6,29.5,29.53,5600.07,2022,6,19
2022-06-19 08:35:00+00:00,29.52,29.54,29.36,29.39,5379.09,2022,6,19
2022-06-19 08:36:00+00:00,29.4,29.43,29.36,29.42,6367.99,2022,6,19
2022-06-19 08:37:00+00:00,29.42,29.44,29.39,29.41,639.32,2022,6,19
2022-06-19 08:38:00+00:00,29.42,29.43,29.38,29.39,1365.69,2022,6,19
2022-06-19 08:39:00+00:00,29.39,29.47,29.39,29.43,1987.48,2022,6,19
2022-06-19 08:40:00+00:00,29.43,29.48,29.42,29.45,4490.97,2022,6,19
2022-06-19 08:41:00+00:00,29.45,29.46,29.4,29.43,1863.72,2022,6,19
2022-06-19 08:42:00+00:00,29.42,29.43,29.38,29.4,1310.67,2022,6,19
2022-06-19 08:43:00+00:00,29.41,29.42,29.39,29.41,1189.95,2022,6,19
2022-06-19 08:44:00+00:00,29.4,29.41,29.39,29.41,2374.84,2022,6,19
2022-06-19 08:45:00+00:00,29.42,29.43,29.33,29.35,1546.3,2022,6,19
2022-06-19 08:46:00+00:00,29.34,29.36,29.27,29.29,2012.14,2022,6,19
2022-06-19 08:47:00+00:00,29.29,29.3,29.27,29.29,2274.14,2022,6,19
2022-06-19 08:48:00+00:00,29.29,29.36,29.29,29.35,2430.09,2022,6,19
2022-06-19 08:49:00+00:00,29.33,29.34,29.31,29.32,2403.72,2022,6,19
2022-06-19 08:50:00+00:00,29.31,29.34,29.27,29.28,800.07,2022,6,19
2022-06-19 08:51:00+00:00,29.27,29.3,29.23,29.25,1635.65,2022,6,19
2022-06-19 08:52:00+00:00,29.25,29.26,29.23,29.26,463.46,2022,6,19
2022-06-19 08:53:00+00:00,29.26,29.33,29.26,29.33,590.25,2022,6,19
2022-06-19 08:54:00+00:00,29.33,29.37,29.32,29.35,2211.04,2022,6,19
2022-06-19 08:55:00+00:00,29.35,29.41,29.34,29.41,1348.51,2022,6,19
2022-06-19 08:56:00+00:00,29.41,29.53,29.39,29.49,12054.74,2022,6,19
2022-06-19 08:57:00+00:00,29.49,29.53,29.49,29.52,2675.48,2022,6,19
2022-06-19 08:58:00+00:00,29.52,29.52,29.45,29.46,2028.69,2022,6,19
2022-06-19 08:59:00+00:00,29.46,29.49,29.46,29.48,2944.37,2022,6,19
2022-06-19 09:00:00+00:00,29.47,29.49,29.43,29.48,4943.19,2022,6,19
2022-06-19 09:01:00+00:00,29.49,29.49,29.41,29.42,1759.2,2022,6,19
2022-06-19 09:02:00+00:00,29.41,29.45,29.4,29.45,1266.48,2022,6,19
2022-06-19 09:03:00+00:00,29.45,29.49,29.39,29.41,1957.08,2022,6,19
2022-06-19 09:04:00+00:00,29.4,29.42,29.39,29.42,1017.0,2022,6,19
2022-06-19 09:05:00+00:00,29.41,29.44,29.41,29.43,771.14,2022,6,19
2022-06-19 09:06:00+00:00,29.42,29.42,29.38,29.38,1153.8,2022,6,19
2022-06-19 09:07:00+00:00,29.39,29.39,29.33,29.35,1196.26,2022,6,19
2022-06-19 09:08:00+00:00,29.35,29.39,29.34,29.39,1544.17,2022,6,19
2022-06-19 09:09:00+00:00,29.4,29.48,29.4,29.48,2192.24,2022,6,19
2022-06-19 09:10:00+00:00,29.49,29.53,29.48,29.51,2587.94,2022,6,19
2022-06-19 09:11:00+00:00,29.51,29.57,29.51,29.57,860.65,2022,6,19
2022-06-19 09:12:00+00:00,29.56,29.56,29.49,29.51,6348.85,2022,6,19
2022-06-19 09:13:00+00:00,29.51,29.6,29.49,29.56,9940.92,2022,6,19
2022-06-19 09:14:00+00:00,29.56,29.74,29.55,29.72,24281.33,2022,6,19
2022-06-19 09:15:00+00:00,29.72,29.78,29.64,29.65,20769.68,2022,6,19
2022-06-19 09:16:00+00:00,29.65,30.02,29.63,29.87,30474.91,2022,6,19
2022-06-19 09:17:00+00:00,29.86,30.14,29.85,30.14,15586.65,2022,6,19
2022-06-19 09:18:00+00:00,30.14,30.31,30.11,30.21,24202.26,2022,6,19
2022-06-19 09:19:00+00:00,30.2,30.23,30.09,30.18,5337.32,2022,6,19
2022-06-19 09:20:00+00:00,30.19,30.21,30.04,30.05,7650.24,2022,6,19
2022-06-19 09:21:00+00:00,30.05,30.13,30.03,30.08,3208.38,2022,6,19
2022-06-19 09:22:00+00:00,30.09,30.1,30.0,30.0,6416.44,2022,6,19
2022-06-19 09:23:00+00:00,30.01,30.11,30.01,30.06,2306.84,2022,6,19
2022-06-19 09:24:00+00:00,30.06,30.19,30.05,30.18,3201.56,2022,6,19
2022-06-19 09:25:00+00:00,30.17,30.18,30.12,30.14,4028.02,2022,6,19
2022-06-19 09:26:00+00:00,30.14,30.14,30.08,30.11,2075.48,2022,6,19
2022-06-19 09:27:00+00:00,30.11,30.16,30.08,30.15,1952.03,2022,6,19
2022-06-19 09:28:00+00:00,30.15,30.23,30.14,30.2,3911.22,2022,6,19
2022-06-19 09:29:00+00:00,30.21,30.27,30.18,30.19,6961.37,2022,6,19
2022-06-19 09:30:00+00:00,30.19,30.24,30.11,30.23,10703.12,2022,6,19
2022-06-19 09:31:00+00:00,30.23,30.5,30.23,30.4,33977.39,2022,6,19
2022-06-19 09:32:00+00:00,30.41,30.43,30.28,30.3,27756.4,2022,6,19
2022-06-19 09:33:00+00:00,30.3,30.46,30.29,30.39,11984.54,2022,6,19
2022-06-19 09:34:00+00:00,30.39,30.56,30.34,30.53,18836.71,2022,6,19
2022-06-19 09:35:00+00:00,30.52,30.54,30.36,30.38,12872.98,2022,6,19
2022-06-19 09:36:00+00:00,30.38,30.47,30.37,30.37,8674.04,2022,6,19
2022-06-19 09:37:00+00:00,30.38,30.41,30.34,30.37,5613.45,2022,6,19
2022-06-19 09:38:00+00:00,30.37,30.38,30.28,30.37,8686.98,2022,6,19
2022-06-19 09:39:00+00:00,30.36,30.4,30.31,30.4,7078.54,2022,6,19
2022-06-19 09:40:00+00:00,30.4,30.4,30.31,30.35,4286.87,2022,6,19
2022-06-19 09:41:00+00:00,30.34,30.35,30.3,30.32,2610.68,2022,6,19
2022-06-19 09:42:00+00:00,30.32,30.45,30.32,30.43,8879.46,2022,6,19
2022-06-19 09:43:00+00:00,30.43,30.43,30.4,30.41,1230.14,2022,6,19
2022-06-19 09:44:00+00:00,30.41,30.53,30.41,30.53,3197.49,2022,6,19
2022-06-19 09:45:00+00:00,30.53,30.61,30.51,30.6,5483.67,2022,6,19
2022-06-19 09:46:00+00:00,30.61,30.79,30.61,30.75,24339.51,2022,6,19
2022-06-19 09:47:00+00:00,30.74,30.75,30.48,30.48,12643.3,2022,6,19
2022-06-19 09:48:00+00:00,30.5,30.52,30.39,30.42,4727.35,2022,6,19
2022-06-19 09:49:00+00:00,30.42,30.48,30.39,30.39,6356.14,2022,6,19
2022-06-19 09:50:00+00:00,30.39,30.43,30.35,30.35,2762.83,2022,6,19
2022-06-19 09:51:00+00:00,30.35,30.37,30.26,30.26,6109.26,2022,6,19
2022-06-19 09:52:00+00:00,30.26,30.27,30.2,30.24,5376.27,2022,6,19
2022-06-19 09:53:00+00:00,30.24,30.28,30.14,30.16,6630.01,2022,6,19
2022-06-19 09:54:00+00:00,30.16,30.29,30.14,30.29,7616.8,2022,6,19
2022-06-19 09:55:00+00:00,30.29,30.3,30.19,30.19,2919.4,2022,6,19
2022-06-19 09:56:00+00:00,30.19,30.2,30.09,30.11,12530.32,2022,6,19
2022-06-19 09:57:00+00:00,30.12,30.17,30.1,30.13,5006.21,2022,6,19
2022-06-19 09:58:00+00:00,30.13,30.13,30.07,30.08,7157.19,2022,6,19
2022-06-19 09:59:00+00:00,30.08,30.11,30.03,30.09,8294.56,2022,6,19
2022-06-19 10:00:00+00:00,30.09,30.13,30.06,30.07,9042.68,2022,6,19
2022-06-19 10:01:00+00:00,30.07,30.12,30.02,30.04,13370.53,2022,6,19
2022-06-19 10:02:00+00:00,30.04,30.06,30.01,30.05,5776.05,2022,6,19
2022-06-19 10:03:00+00:00,30.06,30.15,30.06,30.14,3270.82,2022,6,19
2022-06-19 10:04:00+00:00,30.13,30.23,30.13,30.21,4800.53,2022,6,19
2022-06-19 10:05:00+00:00,30.21,30.27,30.17,30.24,7516.05,2022,6,19
2022-06-19 10:06:00+00:00,30.24,30.26,30.17,30.21,2895.39,2022,6,19
2022-06-19 10:07:00+00:00,30.21,30.27,30.19,30.26,3432.34,2022,6,19
2022-06-19 10:08:00+00:00,30.26,30.33,30.25,30.32,5391.73,2022,6,19
2022-06-19 10:09:00+00:00,30.31,30.34,30.28,30.32,2252.23,2022,6,19
2022-06-19 10:10:00+00:00,30.32,30.33,30.27,30.29,4930.18,2022,6,19
2022-06-19 10:11:00+00:00,30.29,30.36,30.27,30.36,2434.33,2022,6,19
2022-06-19 10:12:00+00:00,30.36,30.67,30.36,30.66,18681.36,2022,6,19
2022-06-19 10:13:00+00:00,30.67,30.67,30.56,30.62,5649.21,2022,6,19
2022-06-19 10:14:00+00:00,30.61,30.72,30.6,30.67,13019.64,2022,6,19
2022-06-19 10:15:00+00:00,30.67,30.87,30.64,30.86,8973.95,2022,6,19
2022-06-19 10:16:00+00:00,30.86,31.3,30.76,31.14,54235.0,2022,6,19
2022-06-19 10:17:00+00:00,31.14,31.17,31.01,31.14,22926.62,2022,6,19
2022-06-19 10:18:00+00:00,31.14,31.17,31.04,31.1,12853.29,2022,6,19
2022-06-19 10:19:00+00:00,31.1,31.25,31.1,31.18,9154.81,2022,6,19
2022-06-19 10:20:00+00:00,31.18,31.57,31.18,31.4,33436.28,2022,6,19
2022-06-19 10:21:00+00:00,31.4,31.49,31.29,31.31,25513.78,2022,6,19
2022-06-19 10:22:00+00:00,31.31,31.52,31.25,31.39,41588.1,2022,6,19
2022-06-19 10:23:00+00:00,31.39,31.92,31.37,31.81,33733.38,2022,6,19
2022-06-19 10:24:00+00:00,31.8,31.83,31.5,31.69,50216.74,2022,6,19
2022-06-19 10:25:00+00:00,31.68,31.72,31.6,31.67,25721.33,2022,6,19
2022-06-19 10:26:00+00:00,31.66,31.74,31.65,31.66,16055.91,2022,6,19
2022-06-19 10:27:00+00:00,31.67,31.88,31.66,31.81,13634.05,2022,6,19
2022-06-19 10:28:00+00:00,31.82,32.12,31.79,32.0,68607.26,2022,6,19
2022-06-19 10:29:00+00:00,32.01,32.03,31.83,31.85,59825.03,2022,6,19
2022-06-19 10:30:00+00:00,31.85,31.94,31.8,31.87,15789.01,2022,6,19
2022-06-19 10:31:00+00:00,31.87,32.32,31.84,32.32,47413.81,2022,6,19
2022-06-19 10:32:00+00:00,32.31,32.33,32.01,32.1,23626.43,2022,6,19
2022-06-19 10:33:00+00:00,32.1,32.16,32.02,32.02,9308.22,2022,6,19
2022-06-19 10:34:00+00:00,32.02,32.06,31.95,32.01,14887.18,2022,6,19
2022-06-19 10:35:00+00:00,32.02,32.09,32.0,32.02,5706.29,2022,6,19
2022-06-19 10:36:00+00:00,32.03,32.22,32.02,32.14,14127.85,2022,6,19
2022-06-19 10:37:00+00:00,32.13,32.18,31.94,31.96,12955.74,2022,6,19
2022-06-19 10:38:00+00:00,31.94,31.95,31.74,31.76,32359.22,2022,6,19
2022-06-19 10:39:00+00:00,31.76,31.84,31.67,31.79,15155.51,2022,6,19
2022-06-19 10:40:00+00:00,31.8,32.06,31.78,32.0,6868.34,2022,6,19
2022-06-19 10:41:00+00:00,32.01,32.09,31.92,32.03,14598.7,2022,6,19
2022-06-19 10:42:00+00:00,32.01,32.02,31.9,31.93,3961.49,2022,6,19
2022-06-19 10:43:00+00:00,31.94,32.0,31.9,32.0,3341.4,2022,6,19
2022-06-19 10:44:00+00:00,31.99,32.03,31.94,31.96,7589.05,2022,6,19
2022-06-19 10:45:00+00:00,31.96,31.99,31.85,31.87,5568.23,2022,6,19
2022-06-19 10:46:00+00:00,31.87,31.88,31.76,31.81,8048.65,2022,6,19
2022-06-19 10:47:00+00:00,31.81,31.82,31.76,31.81,6033.77,2022,6,19
2022-06-19 10:48:00+00:00,31.82,32.15,31.81,32.1,30102.75,2022,6,19
2022-06-19 10:49:00+00:00,32.1,32.1,32.0,32.03,5680.3,2022,6,19
2022-06-19 10:50:00+00:00,32.03,32.07,31.89,31.96,20780.88,2022,6,19
2022-06-19 10:51:00+00:00,31.96,32.03,31.9,32.02,3685.42,2022,6,19
2022-06-19 10:52:00+00:00,32.03,32.34,32.03,32.25,29218.88,2022,6,19
2022-06-19 10:53:00+00:00,32.26,32.33,32.19,32.21,9787.41,2022,6,19
2022-06-19 10:54:00+00:00,32.22,32.22,32.11,32.17,4799.14,2022,6,19
2022-06-19 10:55:00+00:00,32.17,32.34,32.1,32.3,11153.37,2022,6,19
2022-06-19 10:56:00+00:00,32.29,32.48,32.27,32.3,13559.58,2022,6,19
2022-06-19 10:57:00+00:00,32.31,32.32,32.22,32.29,4648.65,2022,6,19
2022-06-19 10:58:00+00:00,32.28,32.97,32.28,32.64,78966.75,2022,6,19
2022-06-19 10:59:00+00:00,32.62,32.75,32.38,32.51,34517.77,2022,6,19
2022-06-19 11:00:00+00:00,32.51,32.69,32.43,32.62,28494.16,2022,6,19
2022-06-19 11:01:00+00:00,32.61,32.76,32.42,32.46,25632.5,2022,6,19
2022-06-19 11:02:00+00:00,32.47,32.53,32.29,32.33,11325.52,2022,6,19
2022-06-19 11:03:00+00:00,32.34,32.4,32.3,32.36,5132.73,2022,6,19
2022-06-19 11:04:00+00:00,32.36,32.36,32.22,32.31,8623.62,2022,6,19
2022-06-19 11:05:00+00:00,32.31,32.38,32.16,32.2,6870.87,2022,6,19
2022-06-19 11:06:00+00:00,32.19,32.24,32.16,32.18,4283.93,2022,6,19
2022-06-19 11:07:00+00:00,32.18,32.3,32.17,32.25,6751.0,2022,6,19
2022-06-19 11:08:00+00:00,32.25,32.31,32.23,32.28,11056.8,2022,6,19
2022-06-19 11:09:00+00:00,32.29,32.3,32.2,32.26,2800.62,2022,6,19
2022-06-19 11:10:00+00:00,32.27,32.27,32.22,32.22,2611.3,2022,6,19
2022-06-19 11:11:00+00:00,32.21,32.26,32.18,32.21,2495.24,2022,6,19
2022-06-19 11:12:00+00:00,32.2,32.54,32.19,32.41,14421.43,2022,6,19
2022-06-19 11:13:00+00:00,32.41,32.41,32.33,32.33,6339.34,2022,6,19
2022-06-19 11:14:00+00:00,32.34,32.4,32.33,32.39,1503.63,2022,6,19
2022-06-19 11:15:00+00:00,32.39,32.57,32.38,32.49,9657.21,2022,6,19
2022-06-19 11:16:00+00:00,32.48,32.49,32.3,32.3,6304.23,2022,6,19
2022-06-19 11:17:00+00:00,32.31,32.49,32.25,32.46,3357.21,2022,6,19
2022-06-19 11:18:00+00:00,32.47,32.56,32.41,32.41,5816.65,2022,6,19
2022-06-19 11:19:00+00:00,32.42,32.42,32.33,32.37,2765.25,2022,6,19
2022-06-19 11:20:00+00:00,32.38,32.42,32.3,32.32,2228.74,2022,6,19
2022-06-19 11:21:00+00:00,32.31,32.34,32.23,32.28,2769.08,2022,6,19
2022-06-19 11:22:00+00:00,32.28,32.38,32.28,32.36,5407.95,2022,6,19
2022-06-19 11:23:00+00:00,32.35,32.41,32.33,32.37,3221.53,2022,6,19
2022-06-19 11:24:00+00:00,32.39,32.53,32.38,32.42,4225.87,2022,6,19
2022-06-19 11:25:00+00:00,32.43,32.5,32.42,32.44,2159.12,2022,6,19
2022-06-19 11:26:00+00:00,32.44,32.48,32.41,32.41,2093.87,2022,6,19
2022-06-19 11:27:00+00:00,32.4,32.42,32.36,32.41,2734.34,2022,6,19
2022-06-19 11:28:00+00:00,32.41,32.63,32.41,32.54,17226.29,2022,6,19
2022-06-19 11:29:00+00:00,32.55,32.67,32.55,32.64,4490.5,2022,6,19
2022-06-19 11:30:00+00:00,32.64,32.78,32.6,32.77,12008.06,2022,6,19
2022-06-19 11:31:00+00:00,32.77,32.85,32.64,32.66,20604.57,2022,6,19
2022-06-19 11:32:00+00:00,32.65,32.74,32.63,32.73,4839.71,2022,6,19
2022-06-19 11:33:00+00:00,32.74,33.0,32.72,32.91,17804.66,2022,6,19
2022-06-19 11:34:00+00:00,32.9,32.91,32.74,32.8,7320.14,2022,6,19
2022-06-19 11:35:00+00:00,32.81,32.83,32.55,32.58,8132.6,2022,6,19
2022-06-19 11:36:00+00:00,32.57,32.62,32.49,32.51,8163.78,2022,6,19
2022-06-19 11:37:00+00:00,32.5,32.63,32.5,32.63,3966.33,2022,6,19
2022-06-19 11:38:00+00:00,32.62,32.62,32.5,32.51,2197.52,2022,6,19
2022-06-19 11:39:00+00:00,32.5,32.52,32.4,32.47,7058.54,2022,6,19
2022-06-19 11:40:00+00:00,32.47,32.47,32.35,32.39,7652.25,2022,6,19
2022-06-19 11:41:00+00:00,32.39,32.41,32.32,32.33,3665.59,2022,6,19
2022-06-19 11:42:00+00:00,32.33,32.36,32.21,32.3,18628.32,2022,6,19
2022-06-19 11:43:00+00:00,32.29,32.35,32.25,32.33,5997.76,2022,6,19
2022-06-19 11:44:00+00:00,32.33,32.44,32.32,32.4,2926.69,2022,6,19
2022-06-19 11:45:00+00:00,32.4,32.43,32.26,32.34,5517.69,2022,6,19
2022-06-19 11:46:00+00:00,32.33,32.37,32.33,32.36,1771.33,2022,6,19
2022-06-19 11:47:00+00:00,32.35,32.35,32.26,32.26,1803.9,2022,6,19
2022-06-19 11:48:00+00:00,32.25,32.38,32.24,32.35,6866.12,2022,6,19
2022-06-19 11:49:00+00:00,32.36,32.45,32.35,32.43,2670.13,2022,6,19
2022-06-19 11:50:00+00:00,32.42,32.45,32.39,32.4,4180.08,2022,6,19
2022-06-19 11:51:00+00:00,32.39,32.44,32.37,32.42,3838.16,2022,6,19
2022-06-19 11:52:00+00:00,32.43,32.45,32.38,32.4,3332.35,2022,6,19
2022-06-19 11:53:00+00:00,32.41,32.48,32.41,32.45,1991.23,2022,6,19
2022-06-19 11:54:00+00:00,32.45,32.46,32.39,32.42,1766.89,2022,6,19
2022-06-19 11:55:00+00:00,32.42,32.5,32.41,32.49,2986.12,2022,6,19
2022-06-19 11:56:00+00:00,32.49,32.5,32.45,32.46,1300.88,2022,6,19
2022-06-19 11:57:00+00:00,32.46,32.52,32.45,32.52,1675.67,2022,6,19
2022-06-19 11:58:00+00:00,32.52,32.53,32.44,32.44,1392.61,2022,6,19
2022-06-19 11:59:00+00:00,32.45,32.48,32.39,32.4,2937.31,2022,6,19
2022-06-19 12:00:00+00:00,32.41,32.5,32.41,32.47,5465.33,2022,6,19
2022-06-19 12:01:00+00:00,32.47,32.5,32.45,32.47,3666.44,2022,6,19
2022-06-19 12:02:00+00:00,32.46,32.65,32.45,32.63,5096.5,2022,6,19
2022-06-19 12:03:00+00:00,32.64,32.67,32.58,32.62,5442.04,2022,6,19
2022-06-19 12:04:00+00:00,32.61,32.62,32.36,32.39,4119.23,2022,6,19
2022-06-19 12:05:00+00:00,32.38,32.5,32.29,32.49,17897.02,2022,6,19
2022-06-19 12:06:00+00:00,32.49,32.57,32.46,32.51,2309.57,2022,6,19
2022-06-19 12:07:00+00:00,32.51,32.57,32.45,32.57,5414.68,2022,6,19
2022-06-19 12:08:00+00:00,32.58,32.58,32.48,32.56,3276.92,2022,6,19
2022-06-19 12:09:00+00:00,32.56,32.61,32.51,32.56,3487.56,2022,6,19
2022-06-19 12:10:00+00:00,32.56,32.65,32.53,32.61,4169.59,2022,6,19
2022-06-19 12:11:00+00:00,32.61,32.64,32.55,32.63,5478.27,2022,6,19
2022-06-19 12:12:00+00:00,32.64,32.7,32.6,32.69,8164.13,2022,6,19
2022-06-19 12:13:00+00:00,32.7,32.79,32.67,32.7,7774.24,2022,6,19
2022-06-19 12:14:00+00:00,32.7,32.74,32.68,32.69,1452.32,2022,6,19
2022-06-19 12:15:00+00:00,32.69,32.72,32.57,32.66,2403.5,2022,6,19
2022-06-19 12:16:00+00:00,32.66,32.8,32.63,32.75,7207.62,2022,6,19
2022-06-19 12:17:00+00:00,32.75,32.78,32.7,32.78,3104.2,2022,6,19
2022-06-19 12:18:00+00:00,32.77,32.98,32.73,32.89,12006.71,2022,6,19
2022-06-19 12:19:00+00:00,32.9,32.94,32.77,32.78,3047.03,2022,6,19
2022-06-19 12:20:00+00:00,32.78,32.81,32.6,32.62,5456.81,2022,6,19
2022-06-19 12:21:00+00:00,32.61,32.61,32.48,32.5,5568.4,2022,6,19
2022-06-19 12:22:00+00:00,32.49,32.51,32.38,32.44,4632.48,2022,6,19
2022-06-19 12:23:00+00:00,32.45,32.53,32.44,32.44,3295.44,2022,6,19
2022-06-19 12:24:00+00:00,32.45,32.45,32.37,32.39,2510.43,2022,6,19
2022-06-19 12:25:00+00:00,32.38,32.4,32.26,32.31,4296.7,2022,6,19
2022-06-19 12:26:00+00:00,32.31,32.34,32.28,32.32,1742.51,2022,6,19
2022-06-19 12:27:00+00:00,32.31,32.35,32.2,32.22,14719.97,2022,6,19
2022-06-19 12:28:00+00:00,32.22,32.25,32.1,32.13,9136.57,2022,6,19
2022-06-19 12:29:00+00:00,32.14,32.14,31.89,31.96,32133.27,2022,6,19
2022-06-19 12:30:00+00:00,31.97,32.13,31.78,31.96,23893.66,2022,6,19
2022-06-19 12:31:00+00:00,31.96,32.03,31.92,32.02,9228.88,2022,6,19
2022-06-19 12:32:00+00:00,32.02,32.08,31.96,32.07,7448.22,2022,6,19
2022-06-19 12:33:00+00:00,32.06,32.21,32.06,32.13,5904.49,2022,6,19
2022-06-19 12:34:00+00:00,32.14,32.23,32.14,32.18,3204.56,2022,6,19
2022-06-19 12:35:00+00:00,32.17,32.22,32.16,32.17,2797.55,2022,6,19
2022-06-19 12:36:00+00:00,32.17,32.24,32.08,32.22,5112.38,2022,6,19
2022-06-19 12:37:00+00:00,32.23,32.25,32.18,32.21,1922.59,2022,6,19
2022-06-19 12:38:00+00:00,32.21,32.22,32.13,32.18,1786.08,2022,6,19
2022-06-19 12:39:00+00:00,32.18,32.2,32.09,32.1,2761.71,2022,6,19
2022-06-19 12:40:00+00:00,32.09,32.1,31.93,31.98,6121.6,2022,6,19
2022-06-19 12:41:00+00:00,31.98,32.01,31.96,31.97,3352.47,2022,6,19
2022-06-19 12:42:00+00:00,31.96,31.98,31.94,31.97,1734.5,2022,6,19
2022-06-19 12:43:00+00:00,31.96,31.98,31.85,31.87,6380.19,2022,6,19
2022-06-19 12:44:00+00:00,31.87,31.88,31.76,31.79,7178.96,2022,6,19
2022-06-19 12:45:00+00:00,31.79,31.97,31.79,31.84,5885.57,2022,6,19
2022-06-19 12:46:00+00:00,31.83,31.85,31.78,31.85,4756.89,2022,6,19
2022-06-19 12:47:00+00:00,31.85,31.99,31.84,31.94,8203.2,2022,6,19
2022-06-19 12:48:00+00:00,31.94,31.97,31.91,31.94,1970.87,2022,6,19
2022-06-19 12:49:00+00:00,31.94,31.96,31.92,31.94,4730.49,2022,6,19
2022-06-19 12:50:00+00:00,31.95,32.02,31.92,32.0,5533.23,2022,6,19
2022-06-19 12:51:00+00:00,32.0,32.0,31.89,31.93,3279.57,2022,6,19
2022-06-19 12:52:00+00:00,31.94,31.94,31.81,31.81,1864.07,2022,6,19
2022-06-19 12:53:00+00:00,31.81,31.85,31.69,31.69,4678.81,2022,6,19
2022-06-19 12:54:00+00:00,31.69,31.75,31.65,31.7,6498.53,2022,6,19
2022-06-19 12:55:00+00:00,31.7,31.75,31.54,31.68,16077.06,2022,6,19
2022-06-19 12:56:00+00:00,31.69,31.78,31.69,31.77,4084.33,2022,6,19
2022-06-19 12:57:00+00:00,31.78,31.86,31.76,31.77,3497.92,2022,6,19
2022-06-19 12:58:00+00:00,31.77,31.86,31.75,31.85,1837.43,2022,6,19
2022-06-19 12:59:00+00:00,31.85,31.87,31.67,31.68,6458.18,2022,6,19
2022-06-19 13:00:00+00:00,31.68,31.84,31.68,31.84,2436.34,2022,6,19
2022-06-19 13:01:00+00:00,31.84,31.87,31.75,31.79,3466.16,2022,6,19
2022-06-19 13:02:00+00:00,31.77,31.84,31.76,31.83,1239.49,2022,6,19
2022-06-19 13:03:00+00:00,31.83,31.88,31.82,31.85,2747.21,2022,6,19
2022-06-19 13:04:00+00:00,31.86,31.87,31.78,31.78,1280.19,2022,6,19
2022-06-19 13:05:00+00:00,31.78,31.87,31.77,31.86,880.36,2022,6,19
2022-06-19 13:06:00+00:00,31.87,31.91,31.79,31.81,1926.12,2022,6,19
2022-06-19 13:07:00+00:00,31.8,31.89,31.79,31.85,1799.55,2022,6,19
2022-06-19 13:08:00+00:00,31.85,31.89,31.8,31.81,5825.07,2022,6,19
2022-06-19 13:09:00+00:00,31.81,31.87,31.81,31.84,1636.66,2022,6,19
2022-06-19 13:10:00+00:00,31.84,31.87,31.81,31.85,2716.0,2022,6,19
2022-06-19 13:11:00+00:00,31.84,31.87,31.63,31.63,4715.2,2022,6,19
2022-06-19 13:12:00+00:00,31.63,31.79,31.63,31.78,3178.62,2022,6,19
2022-06-19 13:13:00+00:00,31.79,31.92,31.73,31.74,8858.9,2022,6,19
2022-06-19 13:14:00+00:00,31.75,31.78,31.59,31.64,3640.65,2022,6,19
2022-06-19 13:15:00+00:00,31.65,31.85,31.61,31.85,2116.87,2022,6,19
2022-06-19 13:16:00+00:00,31.82,31.89,31.76,31.83,6825.32,2022,6,19
2022-06-19 13:17:00+00:00,31.83,32.05,31.83,31.96,4951.98,2022,6,19
2022-06-19 13:18:00+00:00,31.95,32.14,31.92,32.0,6187.76,2022,6,19
2022-06-19 13:19:00+00:00,32.0,32.0,31.93,31.95,2405.83,2022,6,19
2022-06-19 13:20:00+00:00,31.96,32.06,31.95,32.02,4932.59,2022,6,19
2022-06-19 13:21:00+00:00,32.01,32.08,32.0,32.0,3160.82,2022,6,19
2022-06-19 13:22:00+00:00,32.0,32.06,32.0,32.04,1893.12,2022,6,19
2022-06-19 13:23:00+00:00,32.04,32.13,32.04,32.11,7026.88,2022,6,19
2022-06-19 13:24:00+00:00,32.1,32.11,32.07,32.07,1392.88,2022,6,19
2022-06-19 13:25:00+00:00,32.08,32.15,32.07,32.15,2000.45,2022,6,19
2022-06-19 13:26:00+00:00,32.14,32.15,32.08,32.1,1721.1,2022,6,19
2022-06-19 13:27:00+00:00,32.09,32.15,32.05,32.13,6215.37,2022,6,19
2022-06-19 13:28:00+00:00,32.13,32.13,32.08,32.08,1180.7,2022,6,19
2022-06-19 13:29:00+00:00,32.09,32.14,32.07,32.13,1500.11,2022,6,19
2022-06-19 13:30:00+00:00,32.12,32.59,32.12,32.33,94722.04,2022,6,19
2022-06-19 13:31:00+00:00,32.32,32.32,32.14,32.16,5313.98,2022,6,19
2022-06-19 13:32:00+00:00,32.16,32.2,32.14,32.19,3471.36,2022,6,19
2022-06-19 13:33:00+00:00,32.19,32.28,32.17,32.2,2023.65,2022,6,19
2022-06-19 13:34:00+00:00,32.19,32.2,32.09,32.12,4428.81,2022,6,19
2022-06-19 13:35:00+00:00,32.12,32.23,32.11,32.21,1692.78,2022,6,19
2022-06-19 13:36:00+00:00,32.21,32.34,32.21,32.24,4035.81,2022,6,19
2022-06-19 13:37:00+00:00,32.24,32.28,32.22,32.28,1413.98,2022,6,19
2022-06-19 13:38:00+00:00,32.27,32.36,32.26,32.27,4007.37,2022,6,19
2022-06-19 13:39:00+00:00,32.26,32.26,32.18,32.18,1673.1,2022,6,19
2022-06-19 13:40:00+00:00,32.18,32.18,32.12,32.13,1780.78,2022,6,19
2022-06-19 13:41:00+00:00,32.13,32.16,32.13,32.15,1471.66,2022,6,19
2022-06-19 13:42:00+00:00,32.14,32.18,32.14,32.17,1005.95,2022,6,19
2022-06-19 13:43:00+00:00,32.17,32.23,32.14,32.16,1261.35,2022,6,19
2022-06-19 13:44:00+00:00,32.16,32.16,32.07,32.07,4167.12,2022,6,19
2022-06-19 13:45:00+00:00,32.07,32.13,31.98,32.0,3726.1,2022,6,19
2022-06-19 13:46:00+00:00,32.01,32.03,31.97,32.0,1872.18,2022,6,19
2022-06-19 13:47:00+00:00,32.01,32.16,32.01,32.13,1972.96,2022,6,19
2022-06-19 13:48:00+00:00,32.14,32.17,32.11,32.17,1128.96,2022,6,19
2022-06-19 13:49:00+00:00,32.17,32.21,32.09,32.1,2651.81,2022,6,19
2022-06-19 13:50:00+00:00,32.1,32.11,31.96,31.98,2851.88,2022,6,19
2022-06-19 13:51:00+00:00,31.98,32.03,31.93,32.0,5468.48,2022,6,19
2022-06-19 13:52:00+00:00,32.0,32.07,31.99,32.02,2516.2,2022,6,19
2022-06-19 13:53:00+00:00,32.03,32.07,31.96,31.96,8893.02,2022,6,19
2022-06-19 13:54:00+00:00,31.97,31.99,31.91,31.91,1714.64,2022,6,19
2022-06-19 13:55:00+00:00,31.9,31.98,31.89,31.97,2609.38,2022,6,19
2022-06-19 13:56:00+00:00,31.97,31.98,31.84,31.87,6278.67,2022,6,19
2022-06-19 13:57:00+00:00,31.88,31.89,31.81,31.85,2544.51,2022,6,19
2022-06-19 13:58:00+00:00,31.85,31.89,31.66,31.73,9016.21,2022,6,19
2022-06-19 13:59:00+00:00,31.74,31.8,31.63,31.68,14226.08,2022,6,19
2022-06-19 14:00:00+00:00,31.68,31.87,31.66,31.8,12337.26,2022,6,19
2022-06-19 14:01:00+00:00,31.79,31.91,31.76,31.85,2778.36,2022,6,19
2022-06-19 14:02:00+00:00,31.85,31.88,31.83,31.87,5241.28,2022,6,19
2022-06-19 14:03:00+00:00,31.86,31.95,31.85,31.94,3684.76,2022,6,19
2022-06-19 14:04:00+00:00,31.93,31.94,31.83,31.84,2095.34,2022,6,19
2022-06-19 14:05:00+00:00,31.84,31.98,31.84,31.91,7481.38,2022,6,19
2022-06-19 14:06:00+00:00,31.9,32.0,31.9,31.95,1977.77,2022,6,19
2022-06-19 14:07:00+00:00,31.96,32.01,31.93,31.96,3561.64,2022,6,19
2022-06-19 14:08:00+00:00,31.97,31.99,31.89,31.89,2092.17,2022,6,19
2022-06-19 14:09:00+00:00,31.88,31.9,31.81,31.89,980.24,2022,6,19
2022-06-19 14:10:00+00:00,31.88,31.92,31.86,31.9,694.48,2022,6,19
2022-06-19 14:11:00+00:00,31.9,31.9,31.75,31.76,4494.67,2022,6,19
2022-06-19 14:12:00+00:00,31.76,31.76,31.66,31.76,2270.59,2022,6,19
2022-06-19 14:13:00+00:00,31.77,31.82,31.76,31.79,1160.13,2022,6,19
2022-06-19 14:14:00+00:00,31.8,31.81,31.63,31.63,3284.48,2022,6,19
2022-06-19 14:15:00+00:00,31.64,31.74,31.6,31.72,14175.86,2022,6,19
2022-06-19 14:16:00+00:00,31.72,31.89,31.72,31.83,8561.45,2022,6,19
2022-06-19 14:17:00+00:00,31.84,31.89,31.81,31.85,1324.58,2022,6,19
2022-06-19 14:18:00+00:00,31.84,31.88,31.84,31.88,1419.73,2022,6,19
2022-06-19 14:19:00+00:00,31.88,31.89,31.85,31.87,705.38,2022,6,19
2022-06-19 14:20:00+00:00,31.87,31.91,31.87,31.91,555.56,2022,6,19
2022-06-19 14:21:00+00:00,31.91,31.97,31.9,31.93,4830.84,2022,6,19
2022-06-19 14:22:00+00:00,31.93,31.93,31.89,31.91,933.97,2022,6,19
2022-06-19 14:23:00+00:00,31.91,31.91,31.78,31.84,2131.03,2022,6,19
2022-06-19 14:24:00+00:00,31.83,31.83,31.8,31.81,367.48,2022,6,19
2022-06-19 14:25:00+00:00,31.81,31.84,31.8,31.81,714.15,2022,6,19
2022-06-19 14:26:00+00:00,31.82,31.83,31.8,31.82,1335.84,2022,6,19
2022-06-19 14:27:00+00:00,31.82,31.84,31.8,31.84,1912.01,2022,6,19
2022-06-19 14:28:00+00:00,31.84,32.0,31.83,31.97,3550.24,2022,6,19
2022-06-19 14:29:00+00:00,31.96,31.99,31.92,31.96,3839.87,2022,6,19
2022-06-19 14:30:00+00:00,31.96,32.12,31.94,32.08,6821.9,2022,6,19
2022-06-19 14:31:00+00:00,32.08,32.1,32.03,32.03,1167.62,2022,6,19
2022-06-19 14:32:00+00:00,32.02,32.03,31.96,32.02,1573.17,2022,6,19
2022-06-19 14:33:00+00:00,32.02,32.04,32.01,32.03,1562.12,2022,6,19
2022-06-19 14:34:00+00:00,32.02,32.17,32.01,32.11,4090.3,2022,6,19
2022-06-19 14:35:00+00:00,32.11,32.16,32.11,32.13,861.51,2022,6,19
2022-06-19 14:36:00+00:00,32.13,32.13,32.08,32.08,628.16,2022,6,19
2022-06-19 14:37:00+00:00,32.08,32.08,32.03,32.05,3145.12,2022,6,19
2022-06-19 14:38:00+00:00,32.05,32.17,32.03,32.13,2146.13,2022,6,19
2022-06-19 14:39:00+00:00,32.14,32.14,32.07,32.12,945.99,2022,6,19
2022-06-19 14:40:00+00:00,32.11,32.12,32.05,32.09,1726.1,2022,6,19
2022-06-19 14:41:00+00:00,32.1,32.16,32.07,32.15,5679.29,2022,6,19
2022-06-19 14:42:00+00:00,32.15,32.21,32.14,32.15,4336.9,2022,6,19
2022-06-19 14:43:00+00:00,32.15,32.2,32.15,32.16,4307.5,2022,6,19
2022-06-19 14:44:00+00:00,32.15,32.18,32.13,32.16,3595.0,2022,6,19
2022-06-19 14:45:00+00:00,32.17,32.33,32.11,32.28,4700.88,2022,6,19
2022-06-19 14:46:00+00:00,32.28,32.41,32.25,32.32,13291.44,2022,6,19
2022-06-19 14:47:00+00:00,32.33,32.39,32.28,32.28,2436.85,2022,6,19
2022-06-19 14:48:00+00:00,32.29,32.32,32.28,32.3,1408.81,2022,6,19
2022-06-19 14:49:00+00:00,32.29,32.36,32.28,32.34,1798.96,2022,6,19
2022-06-19 14:50:00+00:00,32.34,32.34,32.28,32.29,2089.67,2022,6,19
2022-06-19 14:51:00+00:00,32.29,32.49,32.28,32.47,4942.11,2022,6,19
2022-06-19 14:52:00+00:00,32.47,32.52,32.4,32.41,9594.56,2022,6,19
2022-06-19 14:53:00+00:00,32.4,32.4,32.3,32.31,2713.9,2022,6,19
2022-06-19 14:54:00+00:00,32.32,32.37,32.3,32.36,3493.23,2022,6,19
2022-06-19 14:55:00+00:00,32.36,32.38,32.31,32.36,724.64,2022,6,19
2022-06-19 14:56:00+00:00,32.36,32.46,32.35,32.46,1571.1,2022,6,19
2022-06-19 14:57:00+00:00,32.47,32.48,32.39,32.42,5488.81,2022,6,19
2022-06-19 14:58:00+00:00,32.41,32.59,32.41,32.42,7863.92,2022,6,19
2022-06-19 14:59:00+00:00,32.41,32.47,32.36,32.47,2763.91,2022,6,19
2022-06-19 15:00:00+00:00,32.47,32.67,32.44,32.6,7049.29,2022,6,19
2022-06-19 15:01:00+00:00,32.6,32.61,32.44,32.45,3431.88,2022,6,19
2022-06-19 15:02:00+00:00,32.44,32.49,32.44,32.46,3994.02,2022,6,19
2022-06-19 15:03:00+00:00,32.47,32.67,32.46,32.6,4193.31,2022,6,19
2022-06-19 15:04:00+00:00,32.59,32.65,32.37,32.39,7895.05,2022,6,19
2022-06-19 15:05:00+00:00,32.39,32.44,32.37,32.4,4091.97,2022,6,19
2022-06-19 15:06:00+00:00,32.39,32.45,32.35,32.4,3822.97,2022,6,19
2022-06-19 15:07:00+00:00,32.41,32.41,32.3,32.37,15267.11,2022,6,19
2022-06-19 15:08:00+00:00,32.36,32.37,32.27,32.32,2229.37,2022,6,19
2022-06-19 15:09:00+00:00,32.32,32.32,32.18,32.21,6535.91,2022,6,19
2022-06-19 15:10:00+00:00,32.2,32.25,32.2,32.24,2307.65,2022,6,19
2022-06-19 15:11:00+00:00,32.24,32.26,32.18,32.21,1718.38,2022,6,19
2022-06-19 15:12:00+00:00,32.2,32.24,32.12,32.13,5277.35,2022,6,19
2022-06-19 15:13:00+00:00,32.14,32.22,32.09,32.22,7234.42,2022,6,19
2022-06-19 15:14:00+00:00,32.23,32.25,32.11,32.14,1776.23,2022,6,19
2022-06-19 15:15:00+00:00,32.15,32.21,32.1,32.11,2483.96,2022,6,19
2022-06-19 15:16:00+00:00,32.12,32.14,31.97,32.0,11039.63,2022,6,19
2022-06-19 15:17:00+00:00,32.01,32.02,31.85,31.85,9344.01,2022,6,19
2022-06-19 15:18:00+00:00,31.86,31.91,31.74,31.82,19470.76,2022,6,19
2022-06-19 15:19:00+00:00,31.82,31.85,31.71,31.77,17496.7,2022,6,19
2022-06-19 15:20:00+00:00,31.77,31.9,31.77,31.85,2280.38,2022,6,19
2022-06-19 15:21:00+00:00,31.85,31.86,31.77,31.84,1318.24,2022,6,19
2022-06-19 15:22:00+00:00,31.84,31.85,31.82,31.85,1080.39,2022,6,19
2022-06-19 15:23:00+00:00,31.85,31.93,31.82,31.87,15076.94,2022,6,19
2022-06-19 15:24:00+00:00,31.87,31.93,31.86,31.91,1399.77,2022,6,19
2022-06-19 15:25:00+00:00,31.91,32.0,31.91,31.94,3341.9,2022,6,19
2022-06-19 15:26:00+00:00,31.95,32.09,31.92,32.0,4613.3,2022,6,19
2022-06-19 15:27:00+00:00,32.01,32.07,32.0,32.01,1378.3,2022,6,19
2022-06-19 15:28:00+00:00,32.02,32.02,31.93,31.99,1078.47,2022,6,19
2022-06-19 15:29:00+00:00,32.0,32.01,31.95,31.97,1128.77,2022,6,19
2022-06-19 15:30:00+00:00,31.98,32.06,31.98,32.04,1192.3,2022,6,19
2022-06-19 15:31:00+00:00,32.02,32.09,32.02,32.07,3256.99,2022,6,19
2022-06-19 15:32:00+00:00,32.06,32.1,32.04,32.06,1254.15,2022,6,19
2022-06-19 15:33:00+00:00,32.06,32.6,32.06,32.58,35667.29,2022,6,19
2022-06-19 15:34:00+00:00,32.59,32.59,32.37,32.49,15586.22,2022,6,19
2022-06-19 15:35:00+00:00,32.5,32.54,32.4,32.46,13413.18,2022,6,19
2022-06-19 15:36:00+00:00,32.47,32.73,32.47,32.71,9950.77,2022,6,19
2022-06-19 15:37:00+00:00,32.71,32.72,32.61,32.67,7445.96,2022,6,19
2022-06-19 15:38:00+00:00,32.67,32.88,32.64,32.76,9496.44,2022,6,19
2022-06-19 15:39:00+00:00,32.76,32.85,32.67,32.7,7783.81,2022,6,19
2022-06-19 15:40:00+00:00,32.69,32.74,32.63,32.65,7036.29,2022,6,19
2022-06-19 15:41:00+00:00,32.66,32.66,32.47,32.5,4661.18,2022,6,19
2022-06-19 15:42:00+00:00,32.48,32.49,32.4,32.43,3768.21,2022,6,19
2022-06-19 15:43:00+00:00,32.44,32.47,32.32,32.47,9282.46,2022,6,19
2022-06-19 15:44:00+00:00,32.47,32.55,32.42,32.55,35071.03,2022,6,19
2022-06-19 15:45:00+00:00,32.55,32.6,32.4,32.49,6536.1,2022,6,19
2022-06-19 15:46:00+00:00,32.5,32.72,32.48,32.67,5227.1,2022,6,19
2022-06-19 15:47:00+00:00,32.66,32.78,32.58,32.74,4646.8,2022,6,19
2022-06-19 15:48:00+00:00,32.74,32.84,32.65,32.82,5222.38,2022,6,19
2022-06-19 15:49:00+00:00,32.82,32.83,32.74,32.8,5836.7,2022,6,19
2022-06-19 15:50:00+00:00,32.81,32.97,32.73,32.94,6784.33,2022,6,19
2022-06-19 15:51:00+00:00,32.95,33.3,32.91,33.12,47161.8,2022,6,19
2022-06-19 15:52:00+00:00,33.1,33.22,33.01,33.13,12801.8,2022,6,19
2022-06-19 15:53:00+00:00,33.12,33.16,33.06,33.16,8810.76,2022,6,19
2022-06-19 15:54:00+00:00,33.15,33.39,33.07,33.25,17365.46,2022,6,19
2022-06-19 15:55:00+00:00,33.26,33.39,33.2,33.2,10310.7,2022,6,19
2022-06-19 15:56:00+00:00,33.2,33.23,33.12,33.22,9475.47,2022,6,19
2022-06-19 15:57:00+00:00,33.22,33.37,33.21,33.27,9203.23,2022,6,19
2022-06-19 15:58:00+00:00,33.28,33.35,33.26,33.33,4024.75,2022,6,19
2022-06-19 15:59:00+00:00,33.33,33.62,33.29,33.47,37123.02,2022,6,19
2022-06-19 16:00:00+00:00,33.47,33.49,33.25,33.29,13972.92,2022,6,19
2022-06-19 16:01:00+00:00,33.3,33.37,33.14,33.33,11599.71,2022,6,19
2022-06-19 16:02:00+00:00,33.32,33.44,33.24,33.26,8625.18,2022,6,19
2022-06-19 16:03:00+00:00,33.26,33.26,33.15,33.17,4134.05,2022,6,19
2022-06-19 16:04:00+00:00,33.19,33.35,33.19,33.29,4602.99,2022,6,19
2022-06-19 16:05:00+00:00,33.29,33.36,33.15,33.15,6508.39,2022,6,19
2022-06-19 16:06:00+00:00,33.16,33.16,33.05,33.09,5413.76,2022,6,19
2022-06-19 16:07:00+00:00,33.09,33.16,33.03,33.06,5637.79,2022,6,19
2022-06-19 16:08:00+00:00,33.06,33.13,32.93,33.07,11194.18,2022,6,19
2022-06-19 16:09:00+00:00,33.06,33.12,33.01,33.09,8108.72,2022,6,19
2022-06-19 16:10:00+00:00,33.09,33.18,33.0,33.15,9415.99,2022,6,19
2022-06-19 16:11:00+00:00,33.15,33.16,33.04,33.06,2919.73,2022,6,19
2022-06-19 16:12:00+00:00,33.04,33.15,33.04,33.1,3285.07,2022,6,19
2022-06-19 16:13:00+00:00,33.11,33.2,33.07,33.15,3599.47,2022,6,19
2022-06-19 16:14:00+00:00,33.14,33.2,33.1,33.15,2669.49,2022,6,19
2022-06-19 16:15:00+00:00,33.15,33.26,33.15,33.21,5002.56,2022,6,19
2022-06-19 16:16:00+00:00,33.2,33.22,33.08,33.08,4028.64,2022,6,19
2022-06-19 16:17:00+00:00,33.07,33.12,32.96,32.98,2922.61,2022,6,19
2022-06-19 16:18:00+00:00,32.96,33.03,32.93,33.01,3902.58,2022,6,19
2022-06-19 16:19:00+00:00,33.0,33.0,32.87,32.88,9328.63,2022,6,19
2022-06-19 16:20:00+00:00,32.89,32.97,32.89,32.93,5121.29,2022,6,19
2022-06-19 16:21:00+00:00,32.93,32.97,32.9,32.92,4652.6,2022,6,19
2022-06-19 16:22:00+00:00,32.92,32.94,32.9,32.9,3298.25,2022,6,19
2022-06-19 16:23:00+00:00,32.9,32.9,32.71,32.73,10488.72,2022,6,19
2022-06-19 16:24:00+00:00,32.73,32.85,32.72,32.85,5043.4,2022,6,19
2022-06-19 16:25:00+00:00,32.85,32.95,32.85,32.86,2501.97,2022,6,19
2022-06-19 16:26:00+00:00,32.86,32.91,32.82,32.83,2578.7,2022,6,19
2022-06-19 16:27:00+00:00,32.82,32.82,32.73,32.75,1083.42,2022,6,19
2022-06-19 16:28:00+00:00,32.75,32.82,32.75,32.81,2468.52,2022,6,19
2022-06-19 16:29:00+00:00,32.8,32.87,32.79,32.81,1049.74,2022,6,19
2022-06-19 16:30:00+00:00,32.82,32.86,32.8,32.83,1982.35,2022,6,19
2022-06-19 16:31:00+00:00,32.84,32.85,32.72,32.73,2449.22,2022,6,19
2022-06-19 16:32:00+00:00,32.73,32.74,32.55,32.61,10744.61,2022,6,19
2022-06-19 16:33:00+00:00,32.62,32.7,32.6,32.67,3141.02,2022,6,19
2022-06-19 16:34:00+00:00,32.67,32.7,32.65,32.65,1184.79,2022,6,19
2022-06-19 16:35:00+00:00,32.65,32.66,32.55,32.59,2691.49,2022,6,19
2022-06-19 16:36:00+00:00,32.59,32.63,32.55,32.56,2199.57,2022,6,19
2022-06-19 16:37:00+00:00,32.55,32.65,32.55,32.6,5780.49,2022,6,19
2022-06-19 16:38:00+00:00,32.6,32.65,32.51,32.61,5835.32,2022,6,19
2022-06-19 16:39:00+00:00,32.62,32.65,32.55,32.56,4287.09,2022,6,19
2022-06-19 16:40:00+00:00,32.57,32.59,32.54,32.56,1089.58,2022,6,19
2022-06-19 16:41:00+00:00,32.56,32.58,32.5,32.52,2814.23,2022,6,19
2022-06-19 16:42:00+00:00,32.51,32.56,32.45,32.53,4019.82,2022,6,19
2022-06-19 16:43:00+00:00,32.52,32.65,32.51,32.64,5897.91,2022,6,19
2022-06-19 16:44:00+00:00,32.63,32.64,32.56,32.56,3133.29,2022,6,19
2022-06-19 16:45:00+00:00,32.56,32.73,32.53,32.62,11463.12,2022,6,19
2022-06-19 16:46:00+00:00,32.63,32.69,32.58,32.58,4185.92,2022,6,19
2022-06-19 16:47:00+00:00,32.59,32.59,32.42,32.42,8717.15,2022,6,19
2022-06-19 16:48:00+00:00,32.42,32.44,32.26,32.3,12749.09,2022,6,19
2022-06-19 16:49:00+00:00,32.3,32.41,32.2,32.29,42675.53,2022,6,19
2022-06-19 16:50:00+00:00,32.3,32.42,32.3,32.37,5073.89,2022,6,19
2022-06-19 16:51:00+00:00,32.37,32.54,32.37,32.53,4910.52,2022,6,19
2022-06-19 16:52:00+00:00,32.52,32.54,32.46,32.49,5201.34,2022,6,19
2022-06-19 16:53:00+00:00,32.49,32.55,32.44,32.51,2495.26,2022,6,19
2022-06-19 16:54:00+00:00,32.51,32.55,32.49,32.49,2083.83,2022,6,19
2022-06-19 16:55:00+00:00,32.48,32.52,32.44,32.49,2562.67,2022,6,19
2022-06-19 16:56:00+00:00,32.49,32.52,32.47,32.5,2177.62,2022,6,19
2022-06-19 16:57:00+00:00,32.5,32.5,32.43,32.45,1677.51,2022,6,19
2022-06-19 16:58:00+00:00,32.45,32.46,32.37,32.43,8832.5,2022,6,19
2022-06-19 16:59:00+00:00,32.42,32.53,32.42,32.44,10831.02,2022,6,19
2022-06-19 17:00:00+00:00,32.44,32.54,32.41,32.53,4173.1,2022,6,19
2022-06-19 17:01:00+00:00,32.52,32.53,32.49,32.49,2974.73,2022,6,19
2022-06-19 17:02:00+00:00,32.48,32.56,32.46,32.49,3722.24,2022,6,19
2022-06-19 17:03:00+00:00,32.49,32.5,32.41,32.42,4001.8,2022,6,19
2022-06-19 17:04:00+00:00,32.41,32.49,32.4,32.47,5578.77,2022,6,19
2022-06-19 17:05:00+00:00,32.47,32.49,32.44,32.44,2131.11,2022,6,19
2022-06-19 17:06:00+00:00,32.45,32.46,32.4,32.43,3765.47,2022,6,19
2022-06-19 17:07:00+00:00,32.43,32.43,32.27,32.28,3416.28,2022,6,19
2022-06-19 17:08:00+00:00,32.27,32.29,32.23,32.24,4443.49,2022,6,19
2022-06-19 17:09:00+00:00,32.24,32.26,32.21,32.22,3922.64,2022,6,19
2022-06-19 17:10:00+00:00,32.22,32.24,32.2,32.24,2490.18,2022,6,19
2022-06-19 17:11:00+00:00,32.24,32.25,32.08,32.12,5938.75,2022,6,19
2022-06-19 17:12:00+00:00,32.13,32.2,32.13,32.19,1610.31,2022,6,19
2022-06-19 17:13:00+00:00,32.19,32.22,32.18,32.2,3892.68,2022,6,19
2022-06-19 17:14:00+00:00,32.19,32.21,32.16,32.18,1866.45,2022,6,19
2022-06-19 17:15:00+00:00,32.18,32.2,32.14,32.17,2388.54,2022,6,19
2022-06-19 17:16:00+00:00,32.18,32.21,32.17,32.2,1025.42,2022,6,19
2022-06-19 17:17:00+00:00,32.2,32.2,32.14,32.14,1943.14,2022,6,19
2022-06-19 17:18:00+00:00,32.13,32.13,32.0,32.07,7944.31,2022,6,19
2022-06-19 17:19:00+00:00,32.07,32.09,32.03,32.06,5286.04,2022,6,19
2022-06-19 17:20:00+00:00,32.05,32.19,32.05,32.15,4178.67,2022,6,19
2022-06-19 17:21:00+00:00,32.15,32.19,32.06,32.06,2842.02,2022,6,19
2022-06-19 17:22:00+00:00,32.06,32.06,32.01,32.03,1413.12,2022,6,19
2022-06-19 17:23:00+00:00,32.03,32.14,32.03,32.11,1288.1,2022,6,19
2022-06-19 17:24:00+00:00,32.1,32.15,32.09,32.11,1403.44,2022,6,19
2022-06-19 17:25:00+00:00,32.11,32.16,32.11,32.14,1416.19,2022,6,19
2022-06-19 17:26:00+00:00,32.14,32.14,32.1,32.11,937.83,2022,6,19
2022-06-19 17:27:00+00:00,32.11,32.19,32.1,32.13,2298.66,2022,6,19
2022-06-19 17:28:00+00:00,32.12,32.2,32.1,32.18,1922.65,2022,6,19
2022-06-19 17:29:00+00:00,32.18,32.19,32.15,32.18,1469.69,2022,6,19
2022-06-19 17:30:00+00:00,32.17,32.31,32.14,32.25,2554.99,2022,6,19
2022-06-19 17:31:00+00:00,32.26,32.32,32.22,32.23,3332.18,2022,6,19
2022-06-19 17:32:00+00:00,32.23,32.23,32.08,32.1,3870.05,2022,6,19
2022-06-19 17:33:00+00:00,32.1,32.14,32.07,32.13,1145.03,2022,6,19
2022-06-19 17:34:00+00:00,32.14,32.15,32.01,32.07,3149.43,2022,6,19
2022-06-19 17:35:00+00:00,32.06,32.09,32.04,32.09,1063.58,2022,6,19
2022-06-19 17:36:00+00:00,32.08,32.08,32.01,32.07,4093.35,2022,6,19
2022-06-19 17:37:00+00:00,32.07,32.11,32.06,32.07,919.0,2022,6,19
2022-06-19 17:38:00+00:00,32.07,32.16,32.07,32.11,1174.12,2022,6,19
2022-06-19 17:39:00+00:00,32.12,32.23,32.1,32.21,4087.3,2022,6,19
2022-06-19 17:40:00+00:00,32.21,32.28,32.2,32.28,2104.66,2022,6,19
2022-06-19 17:41:00+00:00,32.29,32.3,32.22,32.22,1842.67,2022,6,19
2022-06-19 17:42:00+00:00,32.22,32.23,32.09,32.12,8185.51,2022,6,19
2022-06-19 17:43:00+00:00,32.13,32.2,32.13,32.16,1661.73,2022,6,19
2022-06-19 17:44:00+00:00,32.16,32.23,32.16,32.2,1972.75,2022,6,19
2022-06-19 17:45:00+00:00,32.2,32.24,32.11,32.11,1656.27,2022,6,19
2022-06-19 17:46:00+00:00,32.11,32.28,32.08,32.27,4514.45,2022,6,19
2022-06-19 17:47:00+00:00,32.28,32.29,32.2,32.26,2871.43,2022,6,19
2022-06-19 17:48:00+00:00,32.26,32.28,32.19,32.2,1731.68,2022,6,19
2022-06-19 17:49:00+00:00,32.2,32.21,32.15,32.16,674.32,2022,6,19
2022-06-19 17:50:00+00:00,32.15,32.18,32.08,32.12,4649.17,2022,6,19
2022-06-19 17:51:00+00:00,32.13,32.13,32.07,32.08,856.51,2022,6,19
2022-06-19 17:52:00+00:00,32.08,32.1,32.0,32.05,5491.86,2022,6,19
2022-06-19 17:53:00+00:00,32.03,32.1,32.03,32.08,1371.9,2022,6,19
2022-06-19 17:54:00+00:00,32.08,32.18,32.08,32.17,8579.35,2022,6,19
2022-06-19 17:55:00+00:00,32.17,32.22,32.16,32.22,3787.03,2022,6,19
2022-06-19 17:56:00+00:00,32.21,32.22,32.13,32.21,8156.06,2022,6,19
2022-06-19 17:57:00+00:00,32.22,32.32,32.21,32.31,5402.03,2022,6,19
2022-06-19 17:58:00+00:00,32.32,32.4,32.29,32.3,6953.2,2022,6,19
2022-06-19 17:59:00+00:00,32.29,32.33,32.28,32.3,2370.56,2022,6,19
2022-06-19 18:00:00+00:00,32.29,32.37,32.28,32.35,899.86,2022,6,19
2022-06-19 18:01:00+00:00,32.34,32.38,32.31,32.31,2313.27,2022,6,19
2022-06-19 18:02:00+00:00,32.32,32.32,32.26,32.28,1016.14,2022,6,19
2022-06-19 18:03:00+00:00,32.28,32.32,32.27,32.31,1270.35,2022,6,19
2022-06-19 18:04:00+00:00,32.31,32.35,32.27,32.27,949.44,2022,6,19
2022-06-19 18:05:00+00:00,32.28,32.37,32.28,32.35,2317.39,2022,6,19
2022-06-19 18:06:00+00:00,32.35,32.41,32.34,32.35,7517.68,2022,6,19
2022-06-19 18:07:00+00:00,32.35,32.35,32.31,32.33,1244.83,2022,6,19
2022-06-19 18:08:00+00:00,32.34,32.42,32.34,32.41,927.53,2022,6,19
2022-06-19 18:09:00+00:00,32.41,32.61,32.41,32.55,4461.65,2022,6,19
2022-06-19 18:10:00+00:00,32.54,32.57,32.48,32.5,4179.91,2022,6,19
2022-06-19 18:11:00+00:00,32.48,32.6,32.46,32.56,1437.85,2022,6,19
2022-06-19 18:12:00+00:00,32.57,32.64,32.53,32.61,2130.63,2022,6,19
2022-06-19 18:13:00+00:00,32.62,32.72,32.59,32.69,5986.53,2022,6,19
2022-06-19 18:14:00+00:00,32.69,32.69,32.53,32.62,2692.25,2022,6,19
2022-06-19 18:15:00+00:00,32.61,32.93,32.57,32.79,7917.33,2022,6,19
2022-06-19 18:16:00+00:00,32.8,32.87,32.74,32.78,3476.24,2022,6,19
2022-06-19 18:17:00+00:00,32.79,32.79,32.64,32.67,1536.55,2022,6,19
2022-06-19 18:18:00+00:00,32.66,32.67,32.58,32.61,2953.53,2022,6,19
2022-06-19 18:19:00+00:00,32.6,32.64,32.57,32.63,777.7,2022,6,19
2022-06-19 18:20:00+00:00,32.63,32.72,32.62,32.71,1086.02,2022,6,19
2022-06-19 18:21:00+00:00,32.71,32.71,32.56,32.58,1454.01,2022,6,19
2022-06-19 18:22:00+00:00,32.58,32.62,32.56,32.57,880.71,2022,6,19
2022-06-19 18:23:00+00:00,32.58,32.65,32.57,32.62,873.01,2022,6,19
2022-06-19 18:24:00+00:00,32.62,32.71,32.61,32.64,1092.75,2022,6,19
2022-06-19 18:25:00+00:00,32.64,32.64,32.58,32.61,2174.96,2022,6,19
2022-06-19 18:26:00+00:00,32.61,32.61,32.54,32.56,898.12,2022,6,19
2022-06-19 18:27:00+00:00,32.56,32.63,32.56,32.63,917.66,2022,6,19
2022-06-19 18:28:00+00:00,32.62,32.65,32.6,32.63,959.59,2022,6,19
2022-06-19 18:29:00+00:00,32.63,32.69,32.62,32.66,588.44,2022,6,19
2022-06-19 18:30:00+00:00,32.66,32.73,32.61,32.62,1355.35,2022,6,19
2022-06-19 18:31:00+00:00,32.61,32.63,32.56,32.63,1501.0,2022,6,19
2022-06-19 18:32:00+00:00,32.64,32.66,32.6,32.63,812.24,2022,6,19
2022-06-19 18:33:00+00:00,32.62,32.68,32.62,32.67,634.79,2022,6,19
2022-06-19 18:34:00+00:00,32.67,32.67,32.59,32.61,4417.4,2022,6,19
2022-06-19 18:35:00+00:00,32.61,32.66,32.56,32.59,2016.85,2022,6,19
2022-06-19 18:36:00+00:00,32.58,32.67,32.58,32.64,1921.82,2022,6,19
2022-06-19 18:37:00+00:00,32.64,32.64,32.56,32.56,1902.19,2022,6,19
2022-06-19 18:38:00+00:00,32.56,32.57,32.51,32.52,2265.68,2022,6,19
2022-06-19 18:39:00+00:00,32.51,32.53,32.44,32.5,2445.22,2022,6,19
2022-06-19 18:40:00+00:00,32.48,32.48,32.41,32.41,857.98,2022,6,19
2022-06-19 18:41:00+00:00,32.41,32.45,32.37,32.45,2368.29,2022,6,19
2022-06-19 18:42:00+00:00,32.44,32.45,32.38,32.4,997.53,2022,6,19
2022-06-19 18:43:00+00:00,32.4,32.43,32.37,32.4,5602.21,2022,6,19
2022-06-19 18:44:00+00:00,32.39,32.41,32.33,32.39,1959.54,2022,6,19
2022-06-19 18:45:00+00:00,32.39,32.48,32.31,32.37,2759.04,2022,6,19
2022-06-19 18:46:00+00:00,32.37,32.4,32.33,32.37,855.85,2022,6,19
2022-06-19 18:47:00+00:00,32.37,32.42,32.36,32.41,632.61,2022,6,19
2022-06-19 18:48:00+00:00,32.41,32.46,32.4,32.42,1030.78,2022,6,19
2022-06-19 18:49:00+00:00,32.41,32.46,32.4,32.46,1129.81,2022,6,19
2022-06-19 18:50:00+00:00,32.46,32.54,32.42,32.51,1189.76,2022,6,19
2022-06-19 18:51:00+00:00,32.51,32.6,32.49,32.59,2647.08,2022,6,19
2022-06-19 18:52:00+00:00,32.59,32.74,32.56,32.68,3265.01,2022,6,19
2022-06-19 18:53:00+00:00,32.68,32.75,32.63,32.74,2406.65,2022,6,19
2022-06-19 18:54:00+00:00,32.75,32.9,32.74,32.86,5921.15,2022,6,19
2022-06-19 18:55:00+00:00,32.86,33.23,32.84,33.05,23497.76,2022,6,19
2022-06-19 18:56:00+00:00,33.05,33.08,32.92,33.04,4524.36,2022,6,19
2022-06-19 18:57:00+00:00,33.03,33.25,33.02,33.24,7083.98,2022,6,19
2022-06-19 18:58:00+00:00,33.25,33.6,33.21,33.56,35107.81,2022,6,19
2022-06-19 18:59:00+00:00,33.56,33.95,33.52,33.89,58760.49,2022,6,19
2022-06-19 19:00:00+00:00,33.9,34.28,33.8,34.12,44922.6,2022,6,19
2022-06-19 19:01:00+00:00,34.14,34.15,33.72,33.74,20526.22,2022,6,19
2022-06-19 19:02:00+00:00,33.75,33.81,33.57,33.78,17170.89,2022,6,19
2022-06-19 19:03:00+00:00,33.79,33.98,33.7,33.71,12598.85,2022,6,19
2022-06-19 19:04:00+00:00,33.71,33.75,33.6,33.67,12529.75,2022,6,19
2022-06-19 19:05:00+00:00,33.67,33.71,33.5,33.5,7916.09,2022,6,19
2022-06-19 19:06:00+00:00,33.51,33.54,33.31,33.35,10966.1,2022,6,19
2022-06-19 19:07:00+00:00,33.36,33.42,33.28,33.32,7940.55,2022,6,19
2022-06-19 19:08:00+00:00,33.32,33.33,33.22,33.24,3679.85,2022,6,19
2022-06-19 19:09:00+00:00,33.23,33.38,33.21,33.36,10261.03,2022,6,19
2022-06-19 19:10:00+00:00,33.37,33.52,33.26,33.52,4993.46,2022,6,19
2022-06-19 19:11:00+00:00,33.52,33.58,33.44,33.46,6461.33,2022,6,19
2022-06-19 19:12:00+00:00,33.45,33.56,33.45,33.52,4826.43,2022,6,19
2022-06-19 19:13:00+00:00,33.52,33.56,33.29,33.36,54252.56,2022,6,19
2022-06-19 19:14:00+00:00,33.35,33.38,33.27,33.31,5099.55,2022,6,19
2022-06-19 19:15:00+00:00,33.3,33.45,33.3,33.42,4979.98,2022,6,19
2022-06-19 19:16:00+00:00,33.43,33.46,33.35,33.35,5706.92,2022,6,19
2022-06-19 19:17:00+00:00,33.35,33.36,33.05,33.15,10251.43,2022,6,19
2022-06-19 19:18:00+00:00,33.15,33.21,33.13,33.16,3811.97,2022,6,19
2022-06-19 19:19:00+00:00,33.15,33.18,33.07,33.1,3434.53,2022,6,19
2022-06-19 19:20:00+00:00,33.09,33.1,33.02,33.06,2237.21,2022,6,19
2022-06-19 19:21:00+00:00,33.06,33.15,33.05,33.14,3003.68,2022,6,19
2022-06-19 19:22:00+00:00,33.14,33.32,33.14,33.28,6336.42,2022,6,19
2022-06-19 19:23:00+00:00,33.27,33.35,33.26,33.35,2227.69,2022,6,19
2022-06-19 19:24:00+00:00,33.34,33.39,33.29,33.31,2517.98,2022,6,19
2022-06-19 19:25:00+00:00,33.31,33.42,33.29,33.36,5678.69,2022,6,19
2022-06-19 19:26:00+00:00,33.35,33.47,33.34,33.45,3852.12,2022,6,19
2022-06-19 19:27:00+00:00,33.44,33.53,33.41,33.51,4015.85,2022,6,19
2022-06-19 19:28:00+00:00,33.51,33.51,33.39,33.44,5753.69,2022,6,19
2022-06-19 19:29:00+00:00,33.44,33.66,33.43,33.54,6884.19,2022,6,19
2022-06-19 19:30:00+00:00,33.55,33.63,33.52,33.54,4866.83,2022,6,19
2022-06-19 19:31:00+00:00,33.55,33.55,33.31,33.46,6617.75,2022,6,19
2022-06-19 19:32:00+00:00,33.47,33.6,33.43,33.52,6129.48,2022,6,19
2022-06-19 19:33:00+00:00,33.51,33.68,33.49,33.59,14010.5,2022,6,19
2022-06-19 19:34:00+00:00,33.59,33.7,33.54,33.66,9690.78,2022,6,19
2022-06-19 19:35:00+00:00,33.66,33.7,33.62,33.67,12194.27,2022,6,19
2022-06-19 19:36:00+00:00,33.68,33.8,33.64,33.73,9511.47,2022,6,19
2022-06-19 19:37:00+00:00,33.74,33.75,33.46,33.46,8772.08,2022,6,19
2022-06-19 19:38:00+00:00,33.48,33.58,33.46,33.46,5253.66,2022,6,19
2022-06-19 19:39:00+00:00,33.47,33.54,33.38,33.38,4402.15,2022,6,19
2022-06-19 19:40:00+00:00,33.37,33.48,33.37,33.44,4087.77,2022,6,19
2022-06-19 19:41:00+00:00,33.45,33.6,33.43,33.57,6732.91,2022,6,19
2022-06-19 19:42:00+00:00,33.58,33.61,33.54,33.55,5616.37,2022,6,19
2022-06-19 19:43:00+00:00,33.54,33.72,33.54,33.72,5459.67,2022,6,19
2022-06-19 19:44:00+00:00,33.72,33.73,33.58,33.59,5716.94,2022,6,19
2022-06-19 19:45:00+00:00,33.59,33.72,33.47,33.72,7474.28,2022,6,19
2022-06-19 19:46:00+00:00,33.72,33.77,33.69,33.72,6247.16,2022,6,19
2022-06-19 19:47:00+00:00,33.73,33.86,33.66,33.67,8618.81,2022,6,19
2022-06-19 19:48:00+00:00,33.67,33.69,33.49,33.58,4901.85,2022,6,19
2022-06-19 19:49:00+00:00,33.59,33.64,33.54,33.6,4949.58,2022,6,19
2022-06-19 19:50:00+00:00,33.62,33.68,33.54,33.57,3544.57,2022,6,19
2022-06-19 19:51:00+00:00,33.58,33.61,33.52,33.61,3923.88,2022,6,19
2022-06-19 19:52:00+00:00,33.6,33.6,33.36,33.38,4214.05,2022,6,19
2022-06-19 19:53:00+00:00,33.39,33.44,33.33,33.33,6555.56,2022,6,19
2022-06-19 19:54:00+00:00,33.33,33.4,33.3,33.33,6257.39,2022,6,19
2022-06-19 19:55:00+00:00,33.34,33.44,33.32,33.32,3997.96,2022,6,19
2022-06-19 19:56:00+00:00,33.31,33.48,33.27,33.43,5532.72,2022,6,19
2022-06-19 19:57:00+00:00,33.43,33.49,33.38,33.39,3498.18,2022,6,19
2022-06-19 19:58:00+00:00,33.4,33.42,33.23,33.26,6401.04,2022,6,19
2022-06-19 19:59:00+00:00,33.26,33.28,33.16,33.21,11825.31,2022,6,19
2022-06-19 20:00:00+00:00,33.2,33.36,33.2,33.25,3433.91,2022,6,19
2022-06-19 20:01:00+00:00,33.24,33.26,33.07,33.1,10702.72,2022,6,19
2022-06-19 20:02:00+00:00,33.11,33.16,33.1,33.12,2692.81,2022,6,19
2022-06-19 20:03:00+00:00,33.11,33.14,33.06,33.08,5319.79,2022,6,19
2022-06-19 20:04:00+00:00,33.08,33.1,33.04,33.08,2830.05,2022,6,19
2022-06-19 20:05:00+00:00,33.08,33.1,33.06,33.07,1929.31,2022,6,19
2022-06-19 20:06:00+00:00,33.07,33.1,33.06,33.08,3015.04,2022,6,19
2022-06-19 20:07:00+00:00,33.08,33.27,33.07,33.23,4600.23,2022,6,19
2022-06-19 20:08:00+00:00,33.23,33.3,33.2,33.27,2664.98,2022,6,19
2022-06-19 20:09:00+00:00,33.27,33.41,33.24,33.41,6880.95,2022,6,19
2022-06-19 20:10:00+00:00,33.41,33.54,33.34,33.53,7396.02,2022,6,19
2022-06-19 20:11:00+00:00,33.54,33.65,33.43,33.47,10185.46,2022,6,19
2022-06-19 20:12:00+00:00,33.46,33.57,33.42,33.45,2968.04,2022,6,19
2022-06-19 20:13:00+00:00,33.46,33.57,33.4,33.43,12461.44,2022,6,19
2022-06-19 20:14:00+00:00,33.43,33.55,33.43,33.47,10715.27,2022,6,19
2022-06-19 20:15:00+00:00,33.47,33.57,33.45,33.46,6313.13,2022,6,19
2022-06-19 20:16:00+00:00,33.48,33.53,33.43,33.51,2185.23,2022,6,19
2022-06-19 20:17:00+00:00,33.51,33.63,33.51,33.6,4040.94,2022,6,19
2022-06-19 20:18:00+00:00,33.6,33.66,33.52,33.52,2999.04,2022,6,19
2022-06-19 20:19:00+00:00,33.53,33.53,33.45,33.49,3898.98,2022,6,19
2022-06-19 20:20:00+00:00,33.49,33.49,33.4,33.41,1492.52,2022,6,19
2022-06-19 20:21:00+00:00,33.41,33.43,33.36,33.43,1957.9,2022,6,19
2022-06-19 20:22:00+00:00,33.43,33.6,33.43,33.58,3056.23,2022,6,19
2022-06-19 20:23:00+00:00,33.58,33.68,33.56,33.56,8432.31,2022,6,19
2022-06-19 20:24:00+00:00,33.57,33.67,33.48,33.64,3774.55,2022,6,19
2022-06-19 20:25:00+00:00,33.64,33.68,33.57,33.59,4360.07,2022,6,19
2022-06-19 20:26:00+00:00,33.6,33.67,33.58,33.6,1917.44,2022,6,19
2022-06-19 20:27:00+00:00,33.59,33.61,33.53,33.58,1034.65,2022,6,19
2022-06-19 20:28:00+00:00,33.57,33.6,33.53,33.6,2987.55,2022,6,19
2022-06-19 20:29:00+00:00,33.59,33.97,33.58,33.96,12693.47,2022,6,19
2022-06-19 20:30:00+00:00,33.96,34.31,33.87,34.24,35604.05,2022,6,19
2022-06-19 20:31:00+00:00,34.23,34.3,34.08,34.09,11681.25,2022,6,19
2022-06-19 20:32:00+00:00,34.09,34.36,34.02,34.29,17682.4,2022,6,19
2022-06-19 20:33:00+00:00,34.28,34.88,34.23,34.72,37454.56,2022,6,19
2022-06-19 20:34:00+00:00,34.72,34.79,34.47,34.73,16159.57,2022,6,19
2022-06-19 20:35:00+00:00,34.73,34.77,34.49,34.52,8490.06,2022,6,19
2022-06-19 20:36:00+00:00,34.51,34.86,34.5,34.81,10294.35,2022,6,19
2022-06-19 20:37:00+00:00,34.81,34.88,34.54,34.62,7175.21,2022,6,19
2022-06-19 20:38:00+00:00,34.61,34.67,34.46,34.5,6766.99,2022,6,19
2022-06-19 20:39:00+00:00,34.49,34.53,34.37,34.37,20776.65,2022,6,19
2022-06-19 20:40:00+00:00,34.37,34.75,34.37,34.65,25366.42,2022,6,19
2022-06-19 20:41:00+00:00,34.65,34.65,34.41,34.48,15929.61,2022,6,19
2022-06-19 20:42:00+00:00,34.48,34.67,34.48,34.63,6925.54,2022,6,19
2022-06-19 20:43:00+00:00,34.63,34.64,34.54,34.54,8532.84,2022,6,19
2022-06-19 20:44:00+00:00,34.55,34.56,34.47,34.54,4400.24,2022,6,19
2022-06-19 20:45:00+00:00,34.54,34.65,34.48,34.63,12797.66,2022,6,19
2022-06-19 20:46:00+00:00,34.64,34.8,34.57,34.78,8635.14,2022,6,19
2022-06-19 20:47:00+00:00,34.78,34.94,34.72,34.81,20930.04,2022,6,19
2022-06-19 20:48:00+00:00,34.8,34.82,34.63,34.69,10030.5,2022,6,19
2022-06-19 20:49:00+00:00,34.69,34.76,34.66,34.7,7969.44,2022,6,19
2022-06-19 20:50:00+00:00,34.7,34.72,34.58,34.62,4605.83,2022,6,19
2022-06-19 20:51:00+00:00,34.61,34.95,34.59,34.93,12772.73,2022,6,19
2022-06-19 20:52:00+00:00,34.92,34.97,34.66,34.66,10141.0,2022,6,19
2022-06-19 20:53:00+00:00,34.66,34.66,34.53,34.57,6043.03,2022,6,19
2022-06-19 20:54:00+00:00,34.58,34.63,34.52,34.53,4168.67,2022,6,19
2022-06-19 20:55:00+00:00,34.54,34.66,34.49,34.6,6230.96,2022,6,19
2022-06-19 20:56:00+00:00,34.6,34.7,34.57,34.69,1995.02,2022,6,19
2022-06-19 20:57:00+00:00,34.68,34.97,34.68,34.8,20436.7,2022,6,19
2022-06-19 20:58:00+00:00,34.8,34.85,34.72,34.8,11550.56,2022,6,19
2022-06-19 20:59:00+00:00,34.79,34.86,34.75,34.85,3351.78,2022,6,19
2022-06-19 21:00:00+00:00,34.85,34.89,34.63,34.63,8889.05,2022,6,19
2022-06-19 21:01:00+00:00,34.63,34.73,34.6,34.64,6737.88,2022,6,19
2022-06-19 21:02:00+00:00,34.64,34.76,34.63,34.75,4394.22,2022,6,19
2022-06-19 21:03:00+00:00,34.75,34.77,34.65,34.65,3615.53,2022,6,19
2022-06-19 21:04:00+00:00,34.65,34.65,34.57,34.57,7129.28,2022,6,19
2022-06-19 21:05:00+00:00,34.57,34.93,34.57,34.87,6783.13,2022,6,19
2022-06-19 21:06:00+00:00,34.87,34.95,34.77,34.77,6664.24,2022,6,19
2022-06-19 21:07:00+00:00,34.76,34.76,34.64,34.66,4787.8,2022,6,19
2022-06-19 21:08:00+00:00,34.66,34.7,34.48,34.58,6208.5,2022,6,19
2022-06-19 21:09:00+00:00,34.58,34.58,34.49,34.54,4182.99,2022,6,19
2022-06-19 21:10:00+00:00,34.55,34.58,34.48,34.5,3466.46,2022,6,19
2022-06-19 21:11:00+00:00,34.51,34.59,34.47,34.52,2163.47,2022,6,19
2022-06-19 21:12:00+00:00,34.51,34.82,34.5,34.82,10615.68,2022,6,19
2022-06-19 21:13:00+00:00,34.82,34.83,34.68,34.78,10003.15,2022,6,19
2022-06-19 21:14:00+00:00,34.79,34.8,34.62,34.63,3179.82,2022,6,19
2022-06-19 21:15:00+00:00,34.62,34.71,34.55,34.7,2297.74,2022,6,19
2022-06-19 21:16:00+00:00,34.71,34.76,34.67,34.71,2626.33,2022,6,19
2022-06-19 21:17:00+00:00,34.7,34.76,34.65,34.75,3746.02,2022,6,19
2022-06-19 21:18:00+00:00,34.76,34.76,34.69,34.75,1053.16,2022,6,19
2022-06-19 21:19:00+00:00,34.75,34.75,34.57,34.57,3330.34,2022,6,19
2022-06-19 21:20:00+00:00,34.56,34.57,34.49,34.5,2738.8,2022,6,19
2022-06-19 21:21:00+00:00,34.5,34.57,34.46,34.48,2966.44,2022,6,19
2022-06-19 21:22:00+00:00,34.49,34.52,34.48,34.51,2864.93,2022,6,19
2022-06-19 21:23:00+00:00,34.5,34.64,34.49,34.64,1981.65,2022,6,19
2022-06-19 21:24:00+00:00,34.64,34.66,34.57,34.57,1175.43,2022,6,19
2022-06-19 21:25:00+00:00,34.58,34.6,34.51,34.58,1323.6,2022,6,19
2022-06-19 21:26:00+00:00,34.58,34.67,34.58,34.64,2901.11,2022,6,19
2022-06-19 21:27:00+00:00,34.64,34.65,34.64,34.64,311.86,2022,6,19
2022-06-19 21:28:00+00:00,34.65,34.66,34.5,34.51,3064.41,2022,6,19
2022-06-19 21:29:00+00:00,34.51,34.54,34.35,34.35,5029.18,2022,6,19
2022-06-19 21:30:00+00:00,34.35,34.41,34.3,34.38,4239.81,2022,6,19
2022-06-19 21:31:00+00:00,34.38,34.46,34.38,34.46,3781.33,2022,6,19
2022-06-19 21:32:00+00:00,34.45,34.46,34.3,34.3,6275.91,2022,6,19
2022-06-19 21:33:00+00:00,34.3,34.38,34.3,34.36,1793.2,2022,6,19
2022-06-19 21:34:00+00:00,34.37,34.4,34.36,34.36,2385.95,2022,6,19
2022-06-19 21:35:00+00:00,34.37,34.48,34.35,34.47,1256.18,2022,6,19
2022-06-19 21:36:00+00:00,34.48,34.67,34.48,34.64,4405.59,2022,6,19
2022-06-19 21:37:00+00:00,34.63,34.66,34.54,34.64,2806.63,2022,6,19
2022-06-19 21:38:00+00:00,34.64,34.64,34.54,34.59,4702.29,2022,6,19
2022-06-19 21:39:00+00:00,34.59,34.7,34.59,34.68,1493.41,2022,6,19
2022-06-19 21:40:00+00:00,34.68,34.73,34.66,34.68,3567.98,2022,6,19
2022-06-19 21:41:00+00:00,34.68,34.68,34.53,34.55,1914.32,2022,6,19
2022-06-19 21:42:00+00:00,34.56,34.65,34.55,34.58,4468.32,2022,6,19
2022-06-19 21:43:00+00:00,34.58,34.62,34.54,34.59,4623.15,2022,6,19
2022-06-19 21:44:00+00:00,34.58,34.59,34.52,34.53,2298.87,2022,6,19
2022-06-19 21:45:00+00:00,34.53,34.65,34.52,34.57,2134.91,2022,6,19
2022-06-19 21:46:00+00:00,34.56,34.65,34.56,34.63,1393.73,2022,6,19
2022-06-19 21:47:00+00:00,34.63,34.66,34.62,34.64,1130.56,2022,6,19
2022-06-19 21:48:00+00:00,34.63,34.64,34.58,34.58,961.68,2022,6,19
2022-06-19 21:49:00+00:00,34.58,34.65,34.58,34.64,875.91,2022,6,19
2022-06-19 21:50:00+00:00,34.64,34.65,34.61,34.62,1244.66,2022,6,19
2022-06-19 21:51:00+00:00,34.61,34.62,34.48,34.52,2203.02,2022,6,19
2022-06-19 21:52:00+00:00,34.52,34.56,34.47,34.47,2197.61,2022,6,19
2022-06-19 21:53:00+00:00,34.48,34.51,34.3,34.36,3658.14,2022,6,19
2022-06-19 21:54:00+00:00,34.36,34.4,34.22,34.25,3747.09,2022,6,19
2022-06-19 21:55:00+00:00,34.26,34.31,34.23,34.27,3408.55,2022,6,19
2022-06-19 21:56:00+00:00,34.27,34.41,34.25,34.34,2319.23,2022,6,19
2022-06-19 21:57:00+00:00,34.34,34.37,34.31,34.33,1364.73,2022,6,19
2022-06-19 21:58:00+00:00,34.33,34.47,34.33,34.4,2253.72,2022,6,19
2022-06-19 21:59:00+00:00,34.4,34.5,34.36,34.43,1793.61,2022,6,19
2022-06-19 22:00:00+00:00,34.43,34.54,34.39,34.53,1726.63,2022,6,19
2022-06-19 22:01:00+00:00,34.52,34.6,34.5,34.57,2579.49,2022,6,19
2022-06-19 22:02:00+00:00,34.57,34.59,34.49,34.58,1499.83,2022,6,19
2022-06-19 22:03:00+00:00,34.57,34.57,34.42,34.45,1458.66,2022,6,19
2022-06-19 22:04:00+00:00,34.45,34.48,34.4,34.4,1631.44,2022,6,19
2022-06-19 22:05:00+00:00,34.4,34.42,34.35,34.36,2521.8,2022,6,19
2022-06-19 22:06:00+00:00,34.36,34.37,34.27,34.31,1714.47,2022,6,19
2022-06-19 22:07:00+00:00,34.32,34.32,34.25,34.27,2204.08,2022,6,19
2022-06-19 22:08:00+00:00,34.28,34.28,34.16,34.17,3872.06,2022,6,19
2022-06-19 22:09:00+00:00,34.16,34.27,34.13,34.2,4622.43,2022,6,19
2022-06-19 22:10:00+00:00,34.2,34.33,34.2,34.25,4320.8,2022,6,19
2022-06-19 22:11:00+00:00,34.25,34.36,34.25,34.34,2693.54,2022,6,19
2022-06-19 22:12:00+00:00,34.34,34.54,34.34,34.52,9624.98,2022,6,19
2022-06-19 22:13:00+00:00,34.52,34.55,34.45,34.45,3014.88,2022,6,19
2022-06-19 22:14:00+00:00,34.45,34.55,34.43,34.55,2969.85,2022,6,19
2022-06-19 22:15:00+00:00,34.54,34.68,34.51,34.67,3525.49,2022,6,19
2022-06-19 22:16:00+00:00,34.67,34.89,34.66,34.88,12706.59,2022,6,19
2022-06-19 22:17:00+00:00,34.88,34.92,34.72,34.81,5839.16,2022,6,19
2022-06-19 22:18:00+00:00,34.8,34.83,34.74,34.81,9176.97,2022,6,19
2022-06-19 22:19:00+00:00,34.8,34.89,34.78,34.87,3298.6,2022,6,19
2022-06-19 22:20:00+00:00,34.88,34.88,34.76,34.8,3046.94,2022,6,19
2022-06-19 22:21:00+00:00,34.81,34.89,34.8,34.89,3758.96,2022,6,19
2022-06-19 22:22:00+00:00,34.87,35.4,34.85,35.33,30154.72,2022,6,19
2022-06-19 22:23:00+00:00,35.34,35.36,35.09,35.12,12477.15,2022,6,19
2022-06-19 22:24:00+00:00,35.12,35.15,35.0,35.04,8508.7,2022,6,19
2022-06-19 22:25:00+00:00,35.03,35.18,35.02,35.09,6678.33,2022,6,19
2022-06-19 22:26:00+00:00,35.1,35.27,35.1,35.17,6421.91,2022,6,19
2022-06-19 22:27:00+00:00,35.17,35.34,35.15,35.23,7956.62,2022,6,19
2022-06-19 22:28:00+00:00,35.23,35.3,35.1,35.15,18450.71,2022,6,19
2022-06-19 22:29:00+00:00,35.16,35.16,35.0,35.1,6459.19,2022,6,19
2022-06-19 22:30:00+00:00,35.1,35.18,34.97,34.97,3564.43,2022,6,19
2022-06-19 22:31:00+00:00,34.96,34.96,34.8,34.81,6192.45,2022,6,19
2022-06-19 22:32:00+00:00,34.81,34.92,34.76,34.92,4031.26,2022,6,19
2022-06-19 22:33:00+00:00,34.9,34.97,34.87,34.93,3843.61,2022,6,19
2022-06-19 22:34:00+00:00,34.93,34.95,34.78,34.78,2731.21,2022,6,19
2022-06-19 22:35:00+00:00,34.78,34.8,34.73,34.79,4879.36,2022,6,19
2022-06-19 22:36:00+00:00,34.79,34.81,34.71,34.78,4440.18,2022,6,19
2022-06-19 22:37:00+00:00,34.78,34.81,34.76,34.76,2113.77,2022,6,19
2022-06-19 22:38:00+00:00,34.76,34.81,34.72,34.74,2639.05,2022,6,19
2022-06-19 22:39:00+00:00,34.73,34.81,34.72,34.77,2150.72,2022,6,19
2022-06-19 22:40:00+00:00,34.77,34.84,34.69,34.7,2452.23,2022,6,19
2022-06-19 22:41:00+00:00,34.7,34.71,34.67,34.69,2745.11,2022,6,19
2022-06-19 22:42:00+00:00,34.7,34.8,34.69,34.7,5575.25,2022,6,19
2022-06-19 22:43:00+00:00,34.71,34.72,34.62,34.66,3271.41,2022,6,19
2022-06-19 22:44:00+00:00,34.66,34.75,34.65,34.73,5596.6,2022,6,19
2022-06-19 22:45:00+00:00,34.74,34.75,34.65,34.65,3655.54,2022,6,19
2022-06-19 22:46:00+00:00,34.64,34.71,34.62,34.7,3333.43,2022,6,19
2022-06-19 22:47:00+00:00,34.71,34.85,34.71,34.77,5277.45,2022,6,19
2022-06-19 22:48:00+00:00,34.77,34.8,34.44,34.46,15737.75,2022,6,19
2022-06-19 22:49:00+00:00,34.46,34.59,34.42,34.49,7105.43,2022,6,19
2022-06-19 22:50:00+00:00,34.5,34.62,34.49,34.6,1876.84,2022,6,19
2022-06-19 22:51:00+00:00,34.59,34.6,34.51,34.51,4848.65,2022,6,19
2022-06-19 22:52:00+00:00,34.51,34.52,34.46,34.48,3374.99,2022,6,19
2022-06-19 22:53:00+00:00,34.48,34.55,34.41,34.54,7627.36,2022,6,19
2022-06-19 22:54:00+00:00,34.52,34.68,34.51,34.68,10616.54,2022,6,19
2022-06-19 22:55:00+00:00,34.68,34.72,34.61,34.7,2964.94,2022,6,19
2022-06-19 22:56:00+00:00,34.69,34.69,34.58,34.61,2962.71,2022,6,19
2022-06-19 22:57:00+00:00,34.62,34.7,34.62,34.69,1936.78,2022,6,19
2022-06-19 22:58:00+00:00,34.68,34.72,34.63,34.65,4213.29,2022,6,19
2022-06-19 22:59:00+00:00,34.66,34.71,34.66,34.69,802.94,2022,6,19
2022-06-19 23:00:00+00:00,34.68,34.72,34.66,34.67,2029.2,2022,6,19
2022-06-19 23:01:00+00:00,34.66,34.68,34.65,34.67,1758.91,2022,6,19
2022-06-19 23:02:00+00:00,34.67,34.67,34.53,34.54,5909.36,2022,6,19
2022-06-19 23:03:00+00:00,34.54,34.54,34.42,34.45,3312.36,2022,6,19
2022-06-19 23:04:00+00:00,34.45,34.5,34.41,34.44,2912.19,2022,6,19
2022-06-19 23:05:00+00:00,34.43,34.46,34.28,34.3,8357.72,2022,6,19
2022-06-19 23:06:00+00:00,34.3,34.38,34.29,34.33,2281.34,2022,6,19
2022-06-19 23:07:00+00:00,34.33,34.33,34.26,34.27,4149.4,2022,6,19
2022-06-19 23:08:00+00:00,34.28,34.32,34.26,34.29,2236.39,2022,6,19
2022-06-19 23:09:00+00:00,34.28,34.32,34.15,34.15,7534.99,2022,6,19
2022-06-19 23:10:00+00:00,34.15,34.16,33.95,33.98,22606.23,2022,6,19
2022-06-19 23:11:00+00:00,33.97,34.08,33.97,34.02,7691.71,2022,6,19
2022-06-19 23:12:00+00:00,34.01,34.07,34.0,34.03,3165.6,2022,6,19
2022-06-19 23:13:00+00:00,34.02,34.07,34.0,34.03,2394.01,2022,6,19
2022-06-19 23:14:00+00:00,34.04,34.04,33.97,34.02,2563.06,2022,6,19
2022-06-19 23:15:00+00:00,34.02,34.04,33.91,34.02,6257.34,2022,6,19
2022-06-19 23:16:00+00:00,34.03,34.06,33.85,33.87,5289.76,2022,6,19
2022-06-19 23:17:00+00:00,33.87,33.94,33.85,33.9,4887.12,2022,6,19
2022-06-19 23:18:00+00:00,33.91,33.96,33.9,33.96,2091.64,2022,6,19
2022-06-19 23:19:00+00:00,33.95,34.01,33.94,33.99,1846.61,2022,6,19
2022-06-19 23:20:00+00:00,33.99,34.0,33.94,33.94,1949.98,2022,6,19
2022-06-19 23:21:00+00:00,33.95,33.99,33.94,33.95,1630.92,2022,6,19
2022-06-19 23:22:00+00:00,33.95,33.98,33.95,33.97,1440.46,2022,6,19
2022-06-19 23:23:00+00:00,33.97,34.0,33.91,33.91,4209.63,2022,6,19
2022-06-19 23:24:00+00:00,33.9,33.98,33.9,33.95,4471.73,2022,6,19
2022-06-19 23:25:00+00:00,33.95,33.96,33.86,33.92,3266.05,2022,6,19
2022-06-19 23:26:00+00:00,33.92,34.0,33.88,34.0,3751.4,2022,6,19
2022-06-19 23:27:00+00:00,34.0,34.0,33.93,33.93,1277.25,2022,6,19
2022-06-19 23:28:00+00:00,33.93,33.97,33.9,33.96,3510.6,2022,6,19
2022-06-19 23:29:00+00:00,33.96,34.01,33.93,33.93,2282.94,2022,6,19
2022-06-19 23:30:00+00:00,33.94,33.99,33.93,33.93,1383.65,2022,6,19
2022-06-19 23:31:00+00:00,33.94,34.01,33.93,34.01,2520.97,2022,6,19
2022-06-19 23:32:00+00:00,34.01,34.1,34.0,34.09,3403.4,2022,6,19
2022-06-19 23:33:00+00:00,34.09,34.15,34.08,34.11,2375.83,2022,6,19
2022-06-19 23:34:00+00:00,34.11,34.13,34.09,34.09,1286.03,2022,6,19
2022-06-19 23:35:00+00:00,34.1,34.14,34.09,34.1,2060.66,2022,6,19
2022-06-19 23:36:00+00:00,34.11,34.18,34.11,34.13,2515.95,2022,6,19
2022-06-19 23:37:00+00:00,34.13,34.13,34.1,34.1,964.63,2022,6,19
2022-06-19 23:38:00+00:00,34.1,34.15,34.1,34.14,625.58,2022,6,19
2022-06-19 23:39:00+00:00,34.14,34.15,34.12,34.13,1160.37,2022,6,19
2022-06-19 23:40:00+00:00,34.12,34.14,34.1,34.14,654.88,2022,6,19
2022-06-19 23:41:00+00:00,34.14,34.14,34.07,34.07,1967.81,2022,6,19
2022-06-19 23:42:00+00:00,34.07,34.07,33.9,33.92,3247.28,2022,6,19
2022-06-19 23:43:00+00:00,33.91,33.92,33.87,33.88,2168.06,2022,6,19
2022-06-19 23:44:00+00:00,33.88,33.9,33.85,33.89,5773.99,2022,6,19
2022-06-19 23:45:00+00:00,33.9,34.1,33.89,33.96,4833.0,2022,6,19
2022-06-19 23:46:00+00:00,33.96,34.15,33.96,34.15,1440.9,2022,6,19
2022-06-19 23:47:00+00:00,34.16,34.28,34.11,34.13,2682.57,2022,6,19
2022-06-19 23:48:00+00:00,34.12,34.16,34.09,34.16,873.95,2022,6,19
2022-06-19 23:49:00+00:00,34.17,34.22,34.14,34.19,1636.67,2022,6,19
2022-06-19 23:50:00+00:00,34.19,34.22,34.12,34.12,1115.02,2022,6,19
2022-06-19 23:51:00+00:00,34.13,34.17,34.1,34.16,878.57,2022,6,19
2022-06-19 23:52:00+00:00,34.17,34.25,34.17,34.19,1929.5,2022,6,19
2022-06-19 23:53:00+00:00,34.19,34.28,34.18,34.28,1818.85,2022,6,19
2022-06-19 23:54:00+00:00,34.29,34.36,34.29,34.3,1752.43,2022,6,19
2022-06-19 23:55:00+00:00,34.31,34.32,34.3,34.3,949.64,2022,6,19
2022-06-19 23:56:00+00:00,34.29,34.32,34.23,34.23,510.27,2022,6,19
2022-06-19 23:57:00+00:00,34.24,34.35,34.24,34.29,1958.23,2022,6,19
2022-06-19 23:58:00+00:00,34.29,34.33,34.25,34.25,1127.38,2022,6,19
2022-06-19 23:59:00+00:00,34.26,34.28,34.19,34.19,891.2,2022,6,19
2022-06-20 00:00:00+00:00,34.19,34.29,34.14,34.14,3174.57,2022,6,20
2022-06-20 00:01:00+00:00,34.13,34.13,33.96,34.05,5178.88,2022,6,20
2022-06-20 00:02:00+00:00,34.06,34.48,34.0,34.47,4973.55,2022,6,20
2022-06-20 00:03:00+00:00,34.47,34.58,34.12,34.12,6578.89,2022,6,20
2022-06-20 00:04:00+00:00,34.12,34.26,34.03,34.22,3306.51,2022,6,20
2022-06-20 00:05:00+00:00,34.23,34.31,34.05,34.05,2528.98,2022,6,20
2022-06-20 00:06:00+00:00,34.04,34.05,33.81,33.85,5921.82,2022,6,20
2022-06-20 00:07:00+00:00,33.84,33.88,33.74,33.8,8410.07,2022,6,20
2022-06-20 00:08:00+00:00,33.8,33.92,33.8,33.82,5357.14,2022,6,20
2022-06-20 00:09:00+00:00,33.83,33.92,33.62,33.65,4660.83,2022,6,20
2022-06-20 00:10:00+00:00,33.66,33.7,33.53,33.54,11115.04,2022,6,20
2022-06-20 00:11:00+00:00,33.54,33.6,33.4,33.46,20820.36,2022,6,20
2022-06-20 00:12:00+00:00,33.45,33.52,33.33,33.37,9976.96,2022,6,20
2022-06-20 00:13:00+00:00,33.39,33.44,33.28,33.36,7002.59,2022,6,20
2022-06-20 00:14:00+00:00,33.35,33.4,33.3,33.37,4006.07,2022,6,20
2022-06-20 00:15:00+00:00,33.37,33.52,33.32,33.45,11581.02,2022,6,20
2022-06-20 00:16:00+00:00,33.46,33.64,33.4,33.61,3940.04,2022,6,20
2022-06-20 00:17:00+00:00,33.6,33.83,33.52,33.73,12035.89,2022,6,20
2022-06-20 00:18:00+00:00,33.73,33.8,33.7,33.79,5561.45,2022,6,20
2022-06-20 00:19:00+00:00,33.79,33.85,33.76,33.81,3118.27,2022,6,20
2022-06-20 00:20:00+00:00,33.81,33.85,33.71,33.74,2793.04,2022,6,20
2022-06-20 00:21:00+00:00,33.74,33.84,33.66,33.8,3007.74,2022,6,20
2022-06-20 00:22:00+00:00,33.81,33.84,33.67,33.71,1774.41,2022,6,20
2022-06-20 00:23:00+00:00,33.71,33.76,33.7,33.75,2034.32,2022,6,20
2022-06-20 00:24:00+00:00,33.76,33.79,33.68,33.69,7383.2,2022,6,20
2022-06-20 00:25:00+00:00,33.69,33.8,33.69,33.74,3431.6,2022,6,20
2022-06-20 00:26:00+00:00,33.74,33.87,33.73,33.84,1936.04,2022,6,20
2022-06-20 00:27:00+00:00,33.85,33.89,33.71,33.77,3197.87,2022,6,20
2022-06-20 00:28:00+00:00,33.77,33.77,33.57,33.57,4666.01,2022,6,20
2022-06-20 00:29:00+00:00,33.57,33.68,33.56,33.59,3797.93,2022,6,20
2022-06-20 00:30:00+00:00,33.58,33.7,33.52,33.68,3443.03,2022,6,20
2022-06-20 00:31:00+00:00,33.67,33.73,33.64,33.67,1932.41,2022,6,20
2022-06-20 00:32:00+00:00,33.66,33.66,33.44,33.45,2919.73,2022,6,20
2022-06-20 00:33:00+00:00,33.44,33.47,33.32,33.47,4571.81,2022,6,20
2022-06-20 00:34:00+00:00,33.48,33.57,33.45,33.51,5707.47,2022,6,20
2022-06-20 00:35:00+00:00,33.52,33.52,33.39,33.42,6645.86,2022,6,20
2022-06-20 00:36:00+00:00,33.43,33.53,33.43,33.47,9213.26,2022,6,20
2022-06-20 00:37:00+00:00,33.48,33.49,33.32,33.34,3944.08,2022,6,20
2022-06-20 00:38:00+00:00,33.33,33.47,33.32,33.4,2287.66,2022,6,20
2022-06-20 00:39:00+00:00,33.41,33.54,33.41,33.53,8156.64,2022,6,20
2022-06-20 00:40:00+00:00,33.52,33.57,33.45,33.49,4246.78,2022,6,20
2022-06-20 00:41:00+00:00,33.49,33.54,33.44,33.45,3240.41,2022,6,20
2022-06-20 00:42:00+00:00,33.45,33.53,33.44,33.46,2334.53,2022,6,20
2022-06-20 00:43:00+00:00,33.46,33.49,33.43,33.49,1160.55,2022,6,20
2022-06-20 00:44:00+00:00,33.49,33.54,33.35,33.39,3526.07,2022,6,20
2022-06-20 00:45:00+00:00,33.4,33.55,33.4,33.5,1854.9,2022,6,20
2022-06-20 00:46:00+00:00,33.51,33.65,33.51,33.52,11867.43,2022,6,20
2022-06-20 00:47:00+00:00,33.53,33.6,33.5,33.53,1948.63,2022,6,20
2022-06-20 00:48:00+00:00,33.53,33.56,33.43,33.47,2091.89,2022,6,20
2022-06-20 00:49:00+00:00,33.49,33.58,33.49,33.51,1137.61,2022,6,20
2022-06-20 00:50:00+00:00,33.51,33.51,33.43,33.46,2272.19,2022,6,20
2022-06-20 00:51:00+00:00,33.45,33.47,33.3,33.35,5895.59,2022,6,20
2022-06-20 00:52:00+00:00,33.35,33.35,33.08,33.2,16432.53,2022,6,20
2022-06-20 00:53:00+00:00,33.2,33.32,33.19,33.28,3772.01,2022,6,20
2022-06-20 00:54:00+00:00,33.27,33.34,33.26,33.3,1703.73,2022,6,20
2022-06-20 00:55:00+00:00,33.29,33.36,33.27,33.33,2408.69,2022,6,20
2022-06-20 00:56:00+00:00,33.33,33.39,33.29,33.29,1427.11,2022,6,20
2022-06-20 00:57:00+00:00,33.29,33.29,33.22,33.24,1776.33,2022,6,20
2022-06-20 00:58:00+00:00,33.23,33.27,33.15,33.18,3478.83,2022,6,20
2022-06-20 00:59:00+00:00,33.17,33.23,33.14,33.14,2600.47,2022,6,20
2022-06-20 01:00:00+00:00,33.15,33.27,33.15,33.24,8859.45,2022,6,20
2022-06-20 01:01:00+00:00,33.24,33.46,33.23,33.42,4220.73,2022,6,20
2022-06-20 01:02:00+00:00,33.42,33.46,33.36,33.39,2989.21,2022,6,20
2022-06-20 01:03:00+00:00,33.39,33.43,33.36,33.38,1627.73,2022,6,20
2022-06-20 01:04:00+00:00,33.39,33.42,33.32,33.34,2305.09,2022,6,20
2022-06-20 01:05:00+00:00,33.34,33.39,33.3,33.38,2295.11,2022,6,20
2022-06-20 01:06:00+00:00,33.38,33.38,33.24,33.26,16512.74,2022,6,20
2022-06-20 01:07:00+00:00,33.25,33.26,33.2,33.24,1178.23,2022,6,20
2022-06-20 01:08:00+00:00,33.25,33.29,33.21,33.21,6918.21,2022,6,20
2022-06-20 01:09:00+00:00,33.21,33.22,33.1,33.12,2946.1,2022,6,20
2022-06-20 01:10:00+00:00,33.12,33.12,32.89,32.94,14558.75,2022,6,20
2022-06-20 01:11:00+00:00,32.93,33.0,32.75,32.76,15922.4,2022,6,20
2022-06-20 01:12:00+00:00,32.76,32.85,32.67,32.71,17527.28,2022,6,20
2022-06-20 01:13:00+00:00,32.7,32.85,32.69,32.78,34692.95,2022,6,20
2022-06-20 01:14:00+00:00,32.78,32.83,32.71,32.8,12109.31,2022,6,20
2022-06-20 01:15:00+00:00,32.79,32.84,32.71,32.73,14499.11,2022,6,20
2022-06-20 01:16:00+00:00,32.74,32.78,32.7,32.7,8311.73,2022,6,20
2022-06-20 01:17:00+00:00,32.72,32.91,32.72,32.85,4809.75,2022,6,20
2022-06-20 01:18:00+00:00,32.84,32.9,32.73,32.79,2291.99,2022,6,20
2022-06-20 01:19:00+00:00,32.79,32.81,32.72,32.72,3953.42,2022,6,20
2022-06-20 01:20:00+00:00,32.72,32.86,32.72,32.84,2161.52,2022,6,20
2022-06-20 01:21:00+00:00,32.84,32.84,32.73,32.76,31295.89,2022,6,20
2022-06-20 01:22:00+00:00,32.76,32.76,32.6,32.64,12114.2,2022,6,20
2022-06-20 01:23:00+00:00,32.64,32.75,32.6,32.73,15841.0,2022,6,20
2022-06-20 01:24:00+00:00,32.74,32.81,32.72,32.73,1824.53,2022,6,20
2022-06-20 01:25:00+00:00,32.75,32.77,32.7,32.74,875.84,2022,6,20
2022-06-20 01:26:00+00:00,32.75,32.75,32.7,32.71,2930.76,2022,6,20
2022-06-20 01:27:00+00:00,32.71,32.74,32.66,32.74,3701.34,2022,6,20
2022-06-20 01:28:00+00:00,32.74,32.77,32.66,32.66,4406.14,2022,6,20
2022-06-20 01:29:00+00:00,32.66,32.79,32.6,32.75,8749.55,2022,6,20
2022-06-20 01:30:00+00:00,32.74,32.81,32.69,32.75,2700.26,2022,6,20
2022-06-20 01:31:00+00:00,32.76,32.79,32.69,32.71,2128.4,2022,6,20
2022-06-20 01:32:00+00:00,32.71,32.73,32.69,32.69,1782.41,2022,6,20
2022-06-20 01:33:00+00:00,32.69,32.71,32.65,32.7,2825.86,2022,6,20
2022-06-20 01:34:00+00:00,32.7,32.79,32.7,32.79,3234.81,2022,6,20
2022-06-20 01:35:00+00:00,32.8,32.83,32.69,32.78,3493.12,2022,6,20
2022-06-20 01:36:00+00:00,32.77,32.78,32.73,32.77,1577.11,2022,6,20
2022-06-20 01:37:00+00:00,32.76,32.77,32.73,32.73,1262.32,2022,6,20
2022-06-20 01:38:00+00:00,32.72,32.73,32.66,32.7,10244.23,2022,6,20
2022-06-20 01:39:00+00:00,32.71,32.76,32.64,32.65,1780.11,2022,6,20
2022-06-20 01:40:00+00:00,32.65,32.68,32.4,32.44,53641.82,2022,6,20
2022-06-20 01:41:00+00:00,32.44,32.5,32.36,32.41,52539.14,2022,6,20
2022-06-20 01:42:00+00:00,32.4,32.5,32.39,32.46,4914.71,2022,6,20
2022-06-20 01:43:00+00:00,32.46,32.49,32.38,32.42,4300.21,2022,6,20
2022-06-20 01:44:00+00:00,32.42,32.42,32.36,32.4,4786.2,2022,6,20
2022-06-20 01:45:00+00:00,32.41,32.49,32.41,32.45,5223.29,2022,6,20
2022-06-20 01:46:00+00:00,32.44,32.45,32.35,32.39,8941.04,2022,6,20
2022-06-20 01:47:00+00:00,32.38,32.4,32.31,32.36,10469.02,2022,6,20
2022-06-20 01:48:00+00:00,32.35,32.43,32.35,32.37,3976.5,2022,6,20
2022-06-20 01:49:00+00:00,32.37,32.42,32.3,32.3,7791.85,2022,6,20
2022-06-20 01:50:00+00:00,32.29,32.33,32.26,32.31,4582.6,2022,6,20
2022-06-20 01:51:00+00:00,32.3,32.34,32.27,32.31,2852.79,2022,6,20
2022-06-20 01:52:00+00:00,32.31,32.34,32.28,32.28,2969.51,2022,6,20
2022-06-20 01:53:00+00:00,32.28,32.3,32.12,32.23,9232.09,2022,6,20
2022-06-20 01:54:00+00:00,32.24,32.43,32.22,32.41,4450.88,2022,6,20
2022-06-20 01:55:00+00:00,32.41,32.5,32.37,32.46,3756.11,2022,6,20
2022-06-20 01:56:00+00:00,32.45,32.54,32.41,32.51,4370.44,2022,6,20
2022-06-20 01:57:00+00:00,32.51,32.56,32.49,32.54,2972.87,2022,6,20
2022-06-20 01:58:00+00:00,32.53,32.56,32.5,32.54,3064.56,2022,6,20
2022-06-20 01:59:00+00:00,32.53,32.57,32.51,32.51,3162.15,2022,6,20
2022-06-20 02:00:00+00:00,32.51,32.65,32.5,32.65,3397.9,2022,6,20
2022-06-20 02:01:00+00:00,32.65,32.81,32.62,32.8,10430.59,2022,6,20
2022-06-20 02:02:00+00:00,32.8,32.8,32.72,32.73,9025.69,2022,6,20
2022-06-20 02:03:00+00:00,32.74,32.76,32.71,32.76,3766.76,2022,6,20
2022-06-20 02:04:00+00:00,32.77,32.85,32.77,32.82,5668.42,2022,6,20
2022-06-20 02:05:00+00:00,32.82,32.87,32.8,32.87,2927.88,2022,6,20
2022-06-20 02:06:00+00:00,32.87,33.25,32.86,33.24,16119.88,2022,6,20
2022-06-20 02:07:00+00:00,33.23,33.23,33.02,33.05,6713.6,2022,6,20
2022-06-20 02:08:00+00:00,33.04,33.05,32.9,32.93,3247.58,2022,6,20
2022-06-20 02:09:00+00:00,32.93,33.07,32.9,33.04,3103.87,2022,6,20
2022-06-20 02:10:00+00:00,33.05,33.06,32.95,32.97,4001.41,2022,6,20
2022-06-20 02:11:00+00:00,32.97,32.99,32.9,32.91,4306.04,2022,6,20
2022-06-20 02:12:00+00:00,32.91,32.95,32.85,32.87,2432.78,2022,6,20
2022-06-20 02:13:00+00:00,32.87,32.87,32.77,32.78,6984.74,2022,6,20
2022-06-20 02:14:00+00:00,32.79,32.82,32.77,32.79,2334.89,2022,6,20
2022-06-20 02:15:00+00:00,32.8,32.83,32.7,32.71,3196.59,2022,6,20
2022-06-20 02:16:00+00:00,32.71,32.77,32.64,32.7,6035.67,2022,6,20
2022-06-20 02:17:00+00:00,32.71,32.72,32.56,32.6,7335.52,2022,6,20
2022-06-20 02:18:00+00:00,32.6,32.63,32.57,32.61,8113.5,2022,6,20
2022-06-20 02:19:00+00:00,32.61,32.63,32.58,32.61,1272.96,2022,6,20
2022-06-20 02:20:00+00:00,32.61,32.7,32.61,32.65,1704.31,2022,6,20
2022-06-20 02:21:00+00:00,32.65,32.7,32.65,32.69,1102.75,2022,6,20
2022-06-20 02:22:00+00:00,32.69,32.71,32.6,32.63,3363.66,2022,6,20
2022-06-20 02:23:00+00:00,32.62,32.67,32.54,32.57,10195.4,2022,6,20
2022-06-20 02:24:00+00:00,32.57,32.58,32.4,32.43,11558.5,2022,6,20
2022-06-20 02:25:00+00:00,32.42,32.46,32.31,32.33,12442.55,2022,6,20
2022-06-20 02:26:00+00:00,32.33,32.39,32.27,32.28,4843.41,2022,6,20
2022-06-20 02:27:00+00:00,32.29,32.3,32.14,32.19,10660.4,2022,6,20
2022-06-20 02:28:00+00:00,32.19,32.21,31.86,31.89,30727.45,2022,6,20
2022-06-20 02:29:00+00:00,31.9,31.98,31.82,31.88,19600.99,2022,6,20
2022-06-20 02:30:00+00:00,31.89,31.94,31.81,31.91,6419.31,2022,6,20
2022-06-20 02:31:00+00:00,31.92,32.11,31.92,32.04,9898.43,2022,6,20
2022-06-20 02:32:00+00:00,32.04,32.12,32.03,32.11,3131.29,2022,6,20
2022-06-20 02:33:00+00:00,32.11,32.13,31.98,32.12,4780.98,2022,6,20
2022-06-20 02:34:00+00:00,32.11,32.14,32.04,32.09,2444.44,2022,6,20
2022-06-20 02:35:00+00:00,32.09,32.18,32.04,32.15,11388.12,2022,6,20
2022-06-20 02:36:00+00:00,32.14,32.2,32.06,32.09,9128.23,2022,6,20
2022-06-20 02:37:00+00:00,32.08,32.12,32.01,32.12,3172.46,2022,6,20
2022-06-20 02:38:00+00:00,32.13,32.19,32.08,32.13,2631.2,2022,6,20
2022-06-20 02:39:00+00:00,32.13,32.14,32.07,32.13,2421.47,2022,6,20
2022-06-20 02:40:00+00:00,32.13,32.19,32.12,32.14,1387.37,2022,6,20
2022-06-20 02:41:00+00:00,32.14,32.17,32.1,32.12,2174.05,2022,6,20
2022-06-20 02:42:00+00:00,32.13,32.18,32.09,32.14,1629.26,2022,6,20
2022-06-20 02:43:00+00:00,32.15,32.18,32.09,32.18,2851.24,2022,6,20
2022-06-20 02:44:00+00:00,32.17,32.29,32.17,32.25,7094.41,2022,6,20
2022-06-20 02:45:00+00:00,32.25,32.27,32.18,32.18,1432.33,2022,6,20
2022-06-20 02:46:00+00:00,32.19,32.24,32.16,32.24,3056.59,2022,6,20
2022-06-20 02:47:00+00:00,32.24,32.45,32.23,32.4,9500.67,2022,6,20
2022-06-20 02:48:00+00:00,32.39,32.39,32.3,32.31,2049.46,2022,6,20
2022-06-20 02:49:00+00:00,32.31,32.4,32.31,32.4,2114.72,2022,6,20
2022-06-20 02:50:00+00:00,32.38,32.39,32.33,32.38,3655.33,2022,6,20
2022-06-20 02:51:00+00:00,32.37,32.38,32.31,32.33,5843.72,2022,6,20
2022-06-20 02:52:00+00:00,32.34,32.35,32.28,32.31,1129.13,2022,6,20
2022-06-20 02:53:00+00:00,32.31,32.43,32.3,32.37,1594.46,2022,6,20
2022-06-20 02:54:00+00:00,32.37,32.39,32.31,32.39,1214.9,2022,6,20
2022-06-20 02:55:00+00:00,32.38,32.39,32.32,32.35,896.86,2022,6,20
2022-06-20 02:56:00+00:00,32.34,32.36,32.31,32.36,1108.23,2022,6,20
2022-06-20 02:57:00+00:00,32.37,32.48,32.35,32.42,1735.77,2022,6,20
2022-06-20 02:58:00+00:00,32.42,32.46,32.39,32.39,461.14,2022,6,20
2022-06-20 02:59:00+00:00,32.39,32.46,32.39,32.45,1119.89,2022,6,20
2022-06-20 03:00:00+00:00,32.45,32.52,32.4,32.46,2482.91,2022,6,20
2022-06-20 03:01:00+00:00,32.46,32.48,32.33,32.36,2074.69,2022,6,20
2022-06-20 03:02:00+00:00,32.36,32.36,32.29,32.32,2340.41,2022,6,20
2022-06-20 03:03:00+00:00,32.33,32.35,32.29,32.29,4322.74,2022,6,20
2022-06-20 03:04:00+00:00,32.29,32.3,32.06,32.1,17499.45,2022,6,20
2022-06-20 03:05:00+00:00,32.11,32.18,32.1,32.17,3494.85,2022,6,20
2022-06-20 03:06:00+00:00,32.17,32.26,32.12,32.25,1808.98,2022,6,20
2022-06-20 03:07:00+00:00,32.26,32.46,32.26,32.45,8878.92,2022,6,20
2022-06-20 03:08:00+00:00,32.43,32.44,32.33,32.36,8618.5,2022,6,20
2022-06-20 03:09:00+00:00,32.36,32.39,32.33,32.36,2299.57,2022,6,20
2022-06-20 03:10:00+00:00,32.36,32.41,32.36,32.39,1372.22,2022,6,20
2022-06-20 03:11:00+00:00,32.39,32.43,32.38,32.42,1701.74,2022,6,20
2022-06-20 03:12:00+00:00,32.42,32.43,32.39,32.4,1321.86,2022,6,20
2022-06-20 03:13:00+00:00,32.4,32.46,32.38,32.41,3323.18,2022,6,20
2022-06-20 03:14:00+00:00,32.41,32.42,32.32,32.37,4299.08,2022,6,20
2022-06-20 03:15:00+00:00,32.38,32.39,32.32,32.32,1998.67,2022,6,20
2022-06-20 03:16:00+00:00,32.31,32.31,32.13,32.2,9044.49,2022,6,20
2022-06-20 03:17:00+00:00,32.19,32.32,32.13,32.3,2231.09,2022,6,20
2022-06-20 03:18:00+00:00,32.3,32.3,32.24,32.26,1526.1,2022,6,20
2022-06-20 03:19:00+00:00,32.26,32.29,32.26,32.26,1559.03,2022,6,20
2022-06-20 03:20:00+00:00,32.25,32.27,32.22,32.24,1842.1,2022,6,20
2022-06-20 03:21:00+00:00,32.24,32.41,32.24,32.41,4253.57,2022,6,20
2022-06-20 03:22:00+00:00,32.4,32.42,32.37,32.38,3157.39,2022,6,20
2022-06-20 03:23:00+00:00,32.37,32.41,32.36,32.41,2245.3,2022,6,20
2022-06-20 03:24:00+00:00,32.41,32.41,32.36,32.38,711.49,2022,6,20
2022-06-20 03:25:00+00:00,32.39,32.43,32.36,32.42,1051.64,2022,6,20
2022-06-20 03:26:00+00:00,32.43,32.63,32.43,32.54,7590.92,2022,6,20
2022-06-20 03:27:00+00:00,32.53,32.55,32.49,32.51,2670.29,2022,6,20
2022-06-20 03:28:00+00:00,32.51,32.6,32.51,32.59,7500.6,2022,6,20
2022-06-20 03:29:00+00:00,32.59,32.65,32.58,32.6,1686.48,2022,6,20
2022-06-20 03:30:00+00:00,32.6,32.61,32.58,32.61,1263.73,2022,6,20
2022-06-20 03:31:00+00:00,32.61,32.61,32.55,32.57,1042.78,2022,6,20
2022-06-20 03:32:00+00:00,32.56,32.58,32.53,32.57,2282.81,2022,6,20
2022-06-20 03:33:00+00:00,32.59,32.61,32.49,32.52,4540.17,2022,6,20
2022-06-20 03:34:00+00:00,32.52,32.54,32.47,32.47,1092.19,2022,6,20
2022-06-20 03:35:00+00:00,32.47,32.48,32.42,32.42,835.39,2022,6,20
2022-06-20 03:36:00+00:00,32.43,32.47,32.41,32.46,1841.39,2022,6,20
2022-06-20 03:37:00+00:00,32.46,32.51,32.45,32.5,619.5,2022,6,20
2022-06-20 03:38:00+00:00,32.5,32.51,32.46,32.5,1628.18,2022,6,20
2022-06-20 03:39:00+00:00,32.51,32.55,32.5,32.55,3432.18,2022,6,20
2022-06-20 03:40:00+00:00,32.55,32.66,32.55,32.62,3338.6,2022,6,20
2022-06-20 03:41:00+00:00,32.61,32.64,32.55,32.58,17410.64,2022,6,20
2022-06-20 03:42:00+00:00,32.58,32.62,32.57,32.6,1717.88,2022,6,20
2022-06-20 03:43:00+00:00,32.6,32.77,32.59,32.7,6289.77,2022,6,20
2022-06-20 03:44:00+00:00,32.71,32.82,32.67,32.77,6609.37,2022,6,20
2022-06-20 03:45:00+00:00,32.76,32.85,32.76,32.77,4738.16,2022,6,20
2022-06-20 03:46:00+00:00,32.77,32.77,32.6,32.61,3519.34,2022,6,20
2022-06-20 03:47:00+00:00,32.62,32.62,32.53,32.54,3017.8,2022,6,20
2022-06-20 03:48:00+00:00,32.54,32.55,32.49,32.54,2262.43,2022,6,20
2022-06-20 03:49:00+00:00,32.55,32.58,32.5,32.51,1131.97,2022,6,20
2022-06-20 03:50:00+00:00,32.52,32.54,32.47,32.5,9168.23,2022,6,20
2022-06-20 03:51:00+00:00,32.5,32.5,32.44,32.45,3108.12,2022,6,20
2022-06-20 03:52:00+00:00,32.45,32.46,32.36,32.4,2730.67,2022,6,20
2022-06-20 03:53:00+00:00,32.41,32.44,32.38,32.42,4656.46,2022,6,20
2022-06-20 03:54:00+00:00,32.42,32.42,32.34,32.35,4526.57,2022,6,20
2022-06-20 03:55:00+00:00,32.34,32.4,32.34,32.34,3779.52,2022,6,20
2022-06-20 03:56:00+00:00,32.34,32.38,32.34,32.38,1965.92,2022,6,20
2022-06-20 03:57:00+00:00,32.38,32.39,32.28,32.31,3519.42,2022,6,20
2022-06-20 03:58:00+00:00,32.31,32.31,32.23,32.31,6645.96,2022,6,20
2022-06-20 03:59:00+00:00,32.31,32.31,32.26,32.27,1626.81,2022,6,20
2022-06-20 04:00:00+00:00,32.27,32.29,32.21,32.23,2338.61,2022,6,20
2022-06-20 04:01:00+00:00,32.24,32.25,32.2,32.22,1306.62,2022,6,20
2022-06-20 04:02:00+00:00,32.22,32.23,32.15,32.17,2336.73,2022,6,20
2022-06-20 04:03:00+00:00,32.18,32.2,32.15,32.16,1137.52,2022,6,20
2022-06-20 04:04:00+00:00,32.16,32.22,32.15,32.2,3347.75,2022,6,20
2022-06-20 04:05:00+00:00,32.2,32.26,32.19,32.22,1121.13,2022,6,20
2022-06-20 04:06:00+00:00,32.23,32.23,32.14,32.18,1403.16,2022,6,20
2022-06-20 04:07:00+00:00,32.19,32.23,32.19,32.23,1011.38,2022,6,20
2022-06-20 04:08:00+00:00,32.23,32.3,32.23,32.26,957.75,2022,6,20
2022-06-20 04:09:00+00:00,32.25,32.31,32.25,32.28,794.83,2022,6,20
2022-06-20 04:10:00+00:00,32.27,32.36,32.26,32.32,1559.92,2022,6,20
2022-06-20 04:11:00+00:00,32.33,32.39,32.33,32.39,2122.81,2022,6,20
2022-06-20 04:12:00+00:00,32.38,32.39,32.35,32.36,1013.28,2022,6,20
2022-06-20 04:13:00+00:00,32.36,32.39,32.35,32.37,1128.4,2022,6,20
2022-06-20 04:14:00+00:00,32.37,32.38,32.29,32.31,2800.76,2022,6,20
2022-06-20 04:15:00+00:00,32.31,32.39,32.3,32.37,1391.8,2022,6,20
2022-06-20 04:16:00+00:00,32.37,32.43,32.34,32.41,1728.72,2022,6,20
2022-06-20 04:17:00+00:00,32.41,32.49,32.4,32.45,1156.64,2022,6,20
2022-06-20 04:18:00+00:00,32.44,32.5,32.42,32.49,1796.1,2022,6,20
2022-06-20 04:19:00+00:00,32.5,32.55,32.49,32.51,2236.85,2022,6,20
2022-06-20 04:20:00+00:00,32.5,32.6,32.48,32.6,673.04,2022,6,20
2022-06-20 04:21:00+00:00,32.6,32.69,32.58,32.6,5012.59,2022,6,20
2022-06-20 04:22:00+00:00,32.62,32.62,32.55,32.56,724.07,2022,6,20
2022-06-20 04:23:00+00:00,32.56,32.58,32.5,32.56,1097.85,2022,6,20
2022-06-20 04:24:00+00:00,32.56,32.64,32.56,32.62,1121.91,2022,6,20
2022-06-20 04:25:00+00:00,32.62,32.75,32.62,32.69,6268.12,2022,6,20
2022-06-20 04:26:00+00:00,32.69,32.71,32.67,32.69,870.78,2022,6,20
2022-06-20 04:27:00+00:00,32.7,32.79,32.69,32.75,7569.06,2022,6,20
2022-06-20 04:28:00+00:00,32.75,32.77,32.71,32.76,2246.73,2022,6,20
2022-06-20 04:29:00+00:00,32.77,32.83,32.74,32.82,1405.3,2022,6,20
2022-06-20 04:30:00+00:00,32.82,32.83,32.73,32.75,3376.48,2022,6,20
2022-06-20 04:31:00+00:00,32.73,32.74,32.66,32.7,1891.28,2022,6,20
2022-06-20 04:32:00+00:00,32.7,32.7,32.63,32.7,1212.55,2022,6,20
2022-06-20 04:33:00+00:00,32.71,32.74,32.68,32.73,479.15,2022,6,20
2022-06-20 04:34:00+00:00,32.74,32.8,32.74,32.75,2620.75,2022,6,20
2022-06-20 04:35:00+00:00,32.74,32.75,32.66,32.72,1853.34,2022,6,20
2022-06-20 04:36:00+00:00,32.72,32.75,32.66,32.66,1689.05,2022,6,20
2022-06-20 04:37:00+00:00,32.66,32.67,32.58,32.63,2043.17,2022,6,20
2022-06-20 04:38:00+00:00,32.64,32.67,32.6,32.64,1110.9,2022,6,20
2022-06-20 04:39:00+00:00,32.64,32.64,32.6,32.63,471.34,2022,6,20
2022-06-20 04:40:00+00:00,32.62,32.62,32.55,32.59,1430.69,2022,6,20
2022-06-20 04:41:00+00:00,32.58,32.63,32.57,32.62,482.02,2022,6,20
2022-06-20 04:42:00+00:00,32.61,32.62,32.59,32.62,867.69,2022,6,20
2022-06-20 04:43:00+00:00,32.62,32.68,32.61,32.64,605.51,2022,6,20
2022-06-20 04:44:00+00:00,32.63,32.64,32.49,32.49,7429.0,2022,6,20
2022-06-20 04:45:00+00:00,32.49,32.56,32.49,32.52,614.22,2022,6,20
2022-06-20 04:46:00+00:00,32.53,32.54,32.44,32.46,712.59,2022,6,20
2022-06-20 04:47:00+00:00,32.46,32.48,32.45,32.47,366.39,2022,6,20
2022-06-20 04:48:00+00:00,32.47,32.5,32.37,32.39,2237.03,2022,6,20
2022-06-20 04:49:00+00:00,32.4,32.42,32.28,32.29,2557.2,2022,6,20
2022-06-20 04:50:00+00:00,32.3,32.38,32.29,32.35,1934.53,2022,6,20
2022-06-20 04:51:00+00:00,32.36,32.37,32.3,32.31,1262.87,2022,6,20
2022-06-20 04:52:00+00:00,32.31,32.33,32.25,32.26,4360.83,2022,6,20
2022-06-20 04:53:00+00:00,32.27,32.28,32.2,32.2,9739.06,2022,6,20
2022-06-20 04:54:00+00:00,32.2,32.22,32.09,32.1,4360.03,2022,6,20
2022-06-20 04:55:00+00:00,32.1,32.1,31.86,31.9,8279.38,2022,6,20
2022-06-20 04:56:00+00:00,31.89,31.98,31.8,31.8,11876.52,2022,6,20
2022-06-20 04:57:00+00:00,31.8,31.99,31.77,31.93,5873.46,2022,6,20
2022-06-20 04:58:00+00:00,31.93,31.94,31.85,31.88,4679.95,2022,6,20
2022-06-20 04:59:00+00:00,31.88,31.88,31.79,31.85,2147.09,2022,6,20
2022-06-20 05:00:00+00:00,31.84,31.95,31.77,31.92,3105.56,2022,6,20
2022-06-20 05:01:00+00:00,31.92,31.97,31.9,31.92,2125.03,2022,6,20
2022-06-20 05:02:00+00:00,31.92,32.02,31.92,31.99,3320.5,2022,6,20
2022-06-20 05:03:00+00:00,31.99,32.0,31.93,31.94,1120.91,2022,6,20
2022-06-20 05:04:00+00:00,31.94,31.99,31.92,31.99,1104.63,2022,6,20
2022-06-20 05:05:00+00:00,31.98,32.01,31.95,32.0,538.92,2022,6,20
2022-06-20 05:06:00+00:00,32.0,32.07,32.0,32.06,4504.22,2022,6,20
2022-06-20 05:07:00+00:00,32.07,32.09,32.06,32.06,1063.18,2022,6,20
2022-06-20 05:08:00+00:00,32.07,32.12,32.06,32.08,3184.39,2022,6,20
2022-06-20 05:09:00+00:00,32.09,32.17,32.09,32.15,1035.48,2022,6,20
2022-06-20 05:10:00+00:00,32.15,32.18,32.05,32.07,1003.85,2022,6,20
2022-06-20 05:11:00+00:00,32.06,32.08,32.03,32.04,1784.25,2022,6,20
2022-06-20 05:12:00+00:00,32.05,32.07,31.99,32.0,906.24,2022,6,20
2022-06-20 05:13:00+00:00,32.0,32.02,31.94,31.95,1073.52,2022,6,20
2022-06-20 05:14:00+00:00,31.95,32.08,31.93,32.05,1588.89,2022,6,20
2022-06-20 05:15:00+00:00,32.05,32.12,32.03,32.03,2239.07,2022,6,20
2022-06-20 05:16:00+00:00,32.01,32.01,31.83,31.85,3984.93,2022,6,20
2022-06-20 05:17:00+00:00,31.86,31.88,31.73,31.8,4764.13,2022,6,20
2022-06-20 05:18:00+00:00,31.8,31.86,31.78,31.78,4089.49,2022,6,20
2022-06-20 05:19:00+00:00,31.78,31.87,31.77,31.82,1583.75,2022,6,20
2022-06-20 05:20:00+00:00,31.82,31.87,31.81,31.83,3479.11,2022,6,20
2022-06-20 05:21:00+00:00,31.82,31.99,31.81,31.89,2601.71,2022,6,20
2022-06-20 05:22:00+00:00,31.88,31.97,31.88,31.93,1905.84,2022,6,20
2022-06-20 05:23:00+00:00,31.93,31.98,31.92,31.93,1833.86,2022,6,20
2022-06-20 05:24:00+00:00,31.92,31.97,31.88,31.89,2903.66,2022,6,20
2022-06-20 05:25:00+00:00,31.9,31.93,31.76,31.76,1553.96,2022,6,20
2022-06-20 05:26:00+00:00,31.75,31.92,31.73,31.89,5479.32,2022,6,20
2022-06-20 05:27:00+00:00,31.92,31.93,31.88,31.89,2259.5,2022,6,20
2022-06-20 05:28:00+00:00,31.91,31.95,31.87,31.95,3057.72,2022,6,20
2022-06-20 05:29:00+00:00,31.94,32.05,31.92,32.02,5578.4,2022,6,20
2022-06-20 05:30:00+00:00,32.02,32.08,31.96,31.96,2875.83,2022,6,20
2022-06-20 05:31:00+00:00,31.96,32.0,31.75,31.8,2207.14,2022,6,20
2022-06-20 05:32:00+00:00,31.82,31.86,31.8,31.86,4890.41,2022,6,20
2022-06-20 05:33:00+00:00,31.87,32.03,31.87,32.01,3311.13,2022,6,20
2022-06-20 05:34:00+00:00,32.0,32.01,31.89,31.99,1629.84,2022,6,20
2022-06-20 05:35:00+00:00,31.99,32.02,31.97,32.01,1640.54,2022,6,20
2022-06-20 05:36:00+00:00,32.01,32.01,31.92,31.99,2438.1,2022,6,20
2022-06-20 05:37:00+00:00,31.98,32.12,31.97,32.1,3107.49,2022,6,20
2022-06-20 05:38:00+00:00,32.11,32.12,32.06,32.08,2167.55,2022,6,20
2022-06-20 05:39:00+00:00,32.09,32.1,32.04,32.08,1539.5,2022,6,20
2022-06-20 05:40:00+00:00,32.09,32.18,32.06,32.17,1895.65,2022,6,20
2022-06-20 05:41:00+00:00,32.17,32.17,32.09,32.11,2054.82,2022,6,20
2022-06-20 05:42:00+00:00,32.12,32.15,32.05,32.06,1951.2,2022,6,20
2022-06-20 05:43:00+00:00,32.07,32.11,32.06,32.08,790.43,2022,6,20
2022-06-20 05:44:00+00:00,32.07,32.12,32.07,32.07,2938.28,2022,6,20
2022-06-20 05:45:00+00:00,32.07,32.13,31.98,32.04,2133.6,2022,6,20
2022-06-20 05:46:00+00:00,32.04,32.1,32.04,32.08,1647.32,2022,6,20
2022-06-20 05:47:00+00:00,32.09,32.14,32.07,32.14,1832.07,2022,6,20
2022-06-20 05:48:00+00:00,32.13,32.16,32.11,32.15,1245.1,2022,6,20
2022-06-20 05:49:00+00:00,32.15,32.15,32.07,32.09,1953.63,2022,6,20
2022-06-20 05:50:00+00:00,32.08,32.27,32.08,32.25,5285.89,2022,6,20
2022-06-20 05:51:00+00:00,32.26,32.32,32.21,32.31,3575.87,2022,6,20
2022-06-20 05:52:00+00:00,32.31,32.4,32.26,32.33,5050.97,2022,6,20
2022-06-20 05:53:00+00:00,32.32,32.36,32.27,32.36,2977.09,2022,6,20
2022-06-20 05:54:00+00:00,32.35,32.35,32.3,32.33,2784.73,2022,6,20
2022-06-20 05:55:00+00:00,32.33,32.33,32.26,32.32,2908.99,2022,6,20
2022-06-20 05:56:00+00:00,32.31,32.34,32.27,32.34,1397.82,2022,6,20
2022-06-20 05:57:00+00:00,32.34,32.47,32.32,32.41,4544.12,2022,6,20
2022-06-20 05:58:00+00:00,32.4,32.4,32.3,32.35,3241.49,2022,6,20
2022-06-20 05:59:00+00:00,32.34,32.36,32.3,32.36,2592.54,2022,6,20
2022-06-20 06:00:00+00:00,32.35,32.37,32.3,32.31,5412.21,2022,6,20
2022-06-20 06:01:00+00:00,32.31,32.34,32.28,32.28,2219.7,2022,6,20
2022-06-20 06:02:00+00:00,32.29,32.33,32.29,32.32,1934.48,2022,6,20
2022-06-20 06:03:00+00:00,32.31,32.32,32.28,32.3,2648.88,2022,6,20
2022-06-20 06:04:00+00:00,32.31,32.31,32.26,32.26,1579.11,2022,6,20
2022-06-20 06:05:00+00:00,32.26,32.29,32.25,32.29,1726.31,2022,6,20
2022-06-20 06:06:00+00:00,32.28,32.28,32.21,32.21,1030.39,2022,6,20
2022-06-20 06:07:00+00:00,32.21,32.3,32.2,32.28,851.21,2022,6,20
2022-06-20 06:08:00+00:00,32.28,32.31,32.26,32.27,858.02,2022,6,20
2022-06-20 06:09:00+00:00,32.28,32.33,32.24,32.32,1131.11,2022,6,20
2022-06-20 06:10:00+00:00,32.32,32.32,32.26,32.32,1183.44,2022,6,20
2022-06-20 06:11:00+00:00,32.33,32.36,32.31,32.35,1017.73,2022,6,20
2022-06-20 06:12:00+00:00,32.35,32.42,32.35,32.41,968.21,2022,6,20
2022-06-20 06:13:00+00:00,32.41,32.47,32.4,32.45,3143.71,2022,6,20
2022-06-20 06:14:00+00:00,32.45,32.51,32.45,32.51,3529.68,2022,6,20
2022-06-20 06:15:00+00:00,32.5,32.55,32.47,32.54,9914.24,2022,6,20
2022-06-20 06:16:00+00:00,32.55,32.62,32.43,32.46,5301.98,2022,6,20
2022-06-20 06:17:00+00:00,32.44,32.44,32.33,32.33,2039.87,2022,6,20
2022-06-20 06:18:00+00:00,32.34,32.37,32.29,32.34,4662.02,2022,6,20
2022-06-20 06:19:00+00:00,32.33,32.33,32.21,32.25,3019.55,2022,6,20
2022-06-20 06:20:00+00:00,32.25,32.27,32.2,32.25,5987.4,2022,6,20
2022-06-20 06:21:00+00:00,32.24,32.24,32.16,32.17,2876.44,2022,6,20
2022-06-20 06:22:00+00:00,32.17,32.18,32.08,32.12,3695.49,2022,6,20
2022-06-20 06:23:00+00:00,32.12,32.16,32.09,32.09,1718.95,2022,6,20
2022-06-20 06:24:00+00:00,32.09,32.11,32.03,32.04,2337.25,2022,6,20
2022-06-20 06:25:00+00:00,32.04,32.1,32.04,32.07,1732.67,2022,6,20
2022-06-20 06:26:00+00:00,32.07,32.12,32.06,32.1,3696.18,2022,6,20
2022-06-20 06:27:00+00:00,32.1,32.12,32.09,32.09,1602.28,2022,6,20
2022-06-20 06:28:00+00:00,32.1,32.12,32.07,32.07,4452.77,2022,6,20
2022-06-20 06:29:00+00:00,32.06,32.07,31.97,31.97,6254.23,2022,6,20
2022-06-20 06:30:00+00:00,31.98,32.02,31.9,31.93,6016.97,2022,6,20
2022-06-20 06:31:00+00:00,31.93,31.93,31.86,31.9,4864.0,2022,6,20
2022-06-20 06:32:00+00:00,31.89,31.91,31.86,31.91,2427.41,2022,6,20
2022-06-20 06:33:00+00:00,31.92,32.02,31.92,31.97,2917.13,2022,6,20
2022-06-20 06:34:00+00:00,31.97,32.06,31.97,32.04,2121.03,2022,6,20
2022-06-20 06:35:00+00:00,32.03,32.17,32.0,32.16,5662.25,2022,6,20
2022-06-20 06:36:00+00:00,32.16,32.19,32.06,32.12,2292.22,2022,6,20
2022-06-20 06:37:00+00:00,32.12,32.12,32.07,32.11,2814.14,2022,6,20
2022-06-20 06:38:00+00:00,32.11,32.12,32.06,32.1,2673.82,2022,6,20
2022-06-20 06:39:00+00:00,32.09,32.12,32.05,32.07,2707.01,2022,6,20
2022-06-20 06:40:00+00:00,32.07,32.21,32.05,32.19,4032.05,2022,6,20
2022-06-20 06:41:00+00:00,32.18,32.25,32.13,32.22,2299.25,2022,6,20
2022-06-20 06:42:00+00:00,32.21,32.25,32.2,32.24,1626.56,2022,6,20
2022-06-20 06:43:00+00:00,32.24,32.25,32.2,32.23,6157.83,2022,6,20
2022-06-20 06:44:00+00:00,32.24,32.28,32.22,32.23,1227.34,2022,6,20
2022-06-20 06:45:00+00:00,32.26,32.37,32.25,32.35,4232.59,2022,6,20
2022-06-20 06:46:00+00:00,32.34,32.39,32.32,32.32,2365.09,2022,6,20
2022-06-20 06:47:00+00:00,32.32,32.32,32.28,32.31,1003.18,2022,6,20
2022-06-20 06:48:00+00:00,32.3,32.39,32.3,32.33,1483.13,2022,6,20
2022-06-20 06:49:00+00:00,32.33,32.35,32.31,32.31,469.76,2022,6,20
2022-06-20 06:50:00+00:00,32.3,32.37,32.29,32.37,1235.04,2022,6,20
2022-06-20 06:51:00+00:00,32.36,32.47,32.35,32.4,3387.3,2022,6,20
2022-06-20 06:52:00+00:00,32.41,32.47,32.36,32.37,2556.65,2022,6,20
2022-06-20 06:53:00+00:00,32.38,32.43,32.33,32.4,3097.13,2022,6,20
2022-06-20 06:54:00+00:00,32.39,32.46,32.37,32.42,1058.17,2022,6,20
2022-06-20 06:55:00+00:00,32.42,32.46,32.41,32.45,1892.66,2022,6,20
2022-06-20 06:56:00+00:00,32.44,32.45,32.37,32.39,5108.54,2022,6,20
2022-06-20 06:57:00+00:00,32.38,32.4,32.35,32.37,617.56,2022,6,20
2022-06-20 06:58:00+00:00,32.37,32.45,32.35,32.45,1040.84,2022,6,20
2022-06-20 06:59:00+00:00,32.45,32.55,32.44,32.53,3210.02,2022,6,20
2022-06-20 07:00:00+00:00,32.53,32.57,32.49,32.49,5727.06,2022,6,20
2022-06-20 07:01:00+00:00,32.48,32.51,32.4,32.47,4637.34,2022,6,20
2022-06-20 07:02:00+00:00,32.48,32.49,32.42,32.47,1523.74,2022,6,20
2022-06-20 07:03:00+00:00,32.46,32.5,32.42,32.43,1134.12,2022,6,20
2022-06-20 07:04:00+00:00,32.43,32.44,32.36,32.38,4359.73,2022,6,20
2022-06-20 07:05:00+00:00,32.37,32.37,32.24,32.24,1602.06,2022,6,20
2022-06-20 07:06:00+00:00,32.24,32.27,32.22,32.22,3603.3,2022,6,20
2022-06-20 07:07:00+00:00,32.22,32.29,32.2,32.23,12081.75,2022,6,20
2022-06-20 07:08:00+00:00,32.24,32.24,32.17,32.19,2806.16,2022,6,20
2022-06-20 07:09:00+00:00,32.19,32.22,32.17,32.2,2058.73,2022,6,20
2022-06-20 07:10:00+00:00,32.19,32.26,32.19,32.24,2503.71,2022,6,20
2022-06-20 07:11:00+00:00,32.24,32.35,32.23,32.34,3135.92,2022,6,20
2022-06-20 07:12:00+00:00,32.35,32.35,32.21,32.21,1406.66,2022,6,20
2022-06-20 07:13:00+00:00,32.2,32.2,32.11,32.15,1529.47,2022,6,20
2022-06-20 07:14:00+00:00,32.16,32.2,32.15,32.19,1570.36,2022,6,20
2022-06-20 07:15:00+00:00,32.19,32.21,32.09,32.1,1784.51,2022,6,20
2022-06-20 07:16:00+00:00,32.09,32.11,32.05,32.05,2373.57,2022,6,20
2022-06-20 07:17:00+00:00,32.05,32.07,32.0,32.07,2140.11,2022,6,20
2022-06-20 07:18:00+00:00,32.06,32.14,32.05,32.11,2374.47,2022,6,20
2022-06-20 07:19:00+00:00,32.11,32.2,32.1,32.17,5598.57,2022,6,20
2022-06-20 07:20:00+00:00,32.18,32.18,32.12,32.13,620.13,2022,6,20
2022-06-20 07:21:00+00:00,32.13,32.19,32.13,32.18,1037.93,2022,6,20
2022-06-20 07:22:00+00:00,32.18,32.18,32.1,32.1,2519.31,2022,6,20
2022-06-20 07:23:00+00:00,32.09,32.09,31.95,32.04,5808.25,2022,6,20
2022-06-20 07:24:00+00:00,32.04,32.14,32.04,32.11,1470.99,2022,6,20
2022-06-20 07:25:00+00:00,32.11,32.17,32.07,32.07,1186.05,2022,6,20
2022-06-20 07:26:00+00:00,32.06,32.15,32.06,32.1,3365.56,2022,6,20
2022-06-20 07:27:00+00:00,32.09,32.16,32.08,32.15,4519.44,2022,6,20
2022-06-20 07:28:00+00:00,32.15,32.2,32.12,32.17,1721.48,2022,6,20
2022-06-20 07:29:00+00:00,32.17,32.17,32.1,32.13,1321.05,2022,6,20
2022-06-20 07:30:00+00:00,32.13,32.2,32.11,32.17,1654.27,2022,6,20
2022-06-20 07:31:00+00:00,32.17,32.2,32.17,32.19,1950.89,2022,6,20
2022-06-20 07:32:00+00:00,32.19,32.2,32.16,32.16,753.29,2022,6,20
2022-06-20 07:33:00+00:00,32.15,32.19,32.15,32.19,1937.72,2022,6,20
2022-06-20 07:34:00+00:00,32.19,32.2,32.17,32.19,808.22,2022,6,20
2022-06-20 07:35:00+00:00,32.2,32.2,32.09,32.1,2945.94,2022,6,20
2022-06-20 07:36:00+00:00,32.11,32.11,31.92,31.93,2849.56,2022,6,20
2022-06-20 07:37:00+00:00,31.93,31.98,31.85,31.86,10617.1,2022,6,20
2022-06-20 07:38:00+00:00,31.87,31.97,31.82,31.93,4870.52,2022,6,20
2022-06-20 07:39:00+00:00,31.94,32.07,31.93,32.01,3776.6,2022,6,20
2022-06-20 07:40:00+00:00,32.01,32.04,31.95,31.97,1456.2,2022,6,20
2022-06-20 07:41:00+00:00,31.97,31.98,31.93,31.97,1297.09,2022,6,20
2022-06-20 07:42:00+00:00,31.98,32.0,31.95,31.98,1400.94,2022,6,20
2022-06-20 07:43:00+00:00,31.97,32.02,31.95,31.99,1019.0,2022,6,20
2022-06-20 07:44:00+00:00,32.01,32.01,31.95,31.96,1004.82,2022,6,20
2022-06-20 07:45:00+00:00,31.96,32.02,31.94,32.0,1217.69,2022,6,20
2022-06-20 07:46:00+00:00,32.0,32.01,31.92,31.93,3100.47,2022,6,20
2022-06-20 07:47:00+00:00,31.93,31.99,31.92,31.98,2533.03,2022,6,20
2022-06-20 07:48:00+00:00,31.98,32.04,31.96,32.02,5756.37,2022,6,20
2022-06-20 07:49:00+00:00,32.02,32.1,32.02,32.05,4060.06,2022,6,20
2022-06-20 07:50:00+00:00,32.07,32.12,32.05,32.11,1525.59,2022,6,20
2022-06-20 07:51:00+00:00,32.11,32.15,32.1,32.11,2186.9,2022,6,20
2022-06-20 07:52:00+00:00,32.1,32.14,32.08,32.08,1556.59,2022,6,20
2022-06-20 07:53:00+00:00,32.07,32.12,32.07,32.1,879.62,2022,6,20
2022-06-20 07:54:00+00:00,32.11,32.12,32.08,32.09,1344.32,2022,6,20
2022-06-20 07:55:00+00:00,32.1,32.18,32.08,32.16,2795.39,2022,6,20
2022-06-20 07:56:00+00:00,32.16,32.19,32.15,32.18,1298.38,2022,6,20
2022-06-20 07:57:00+00:00,32.17,32.3,32.17,32.26,9821.6,2022,6,20
2022-06-20 07:58:00+00:00,32.25,32.34,32.25,32.29,3726.34,2022,6,20
2022-06-20 07:59:00+00:00,32.3,32.36,32.28,32.33,5313.48,2022,6,20
2022-06-20 08:00:00+00:00,32.33,32.37,32.28,32.33,3688.22,2022,6,20
2022-06-20 08:01:00+00:00,32.32,32.36,32.24,32.25,2050.12,2022,6,20
2022-06-20 08:02:00+00:00,32.24,32.27,32.2,32.23,2080.69,2022,6,20
2022-06-20 08:03:00+00:00,32.24,32.26,32.22,32.23,1233.58,2022,6,20
2022-06-20 08:04:00+00:00,32.23,32.26,32.22,32.25,1419.82,2022,6,20
2022-06-20 08:05:00+00:00,32.26,32.27,32.2,32.21,3438.29,2022,6,20
2022-06-20 08:06:00+00:00,32.21,32.24,32.17,32.17,2462.44,2022,6,20
2022-06-20 08:07:00+00:00,32.17,32.6,32.17,32.58,40996.29,2022,6,20
2022-06-20 08:08:00+00:00,32.58,32.73,32.53,32.72,12004.1,2022,6,20
2022-06-20 08:09:00+00:00,32.73,32.73,32.6,32.65,7086.09,2022,6,20
2022-06-20 08:10:00+00:00,32.66,32.68,32.62,32.65,5468.95,2022,6,20
2022-06-20 08:11:00+00:00,32.66,32.72,32.62,32.7,9408.47,2022,6,20
2022-06-20 08:12:00+00:00,32.7,32.98,32.69,32.9,22192.25,2022,6,20
2022-06-20 08:13:00+00:00,32.9,33.23,32.88,33.08,33123.55,2022,6,20
2022-06-20 08:14:00+00:00,33.1,33.17,33.01,33.01,7723.45,2022,6,20
2022-06-20 08:15:00+00:00,33.02,33.18,32.98,33.06,8824.34,2022,6,20
2022-06-20 08:16:00+00:00,33.05,33.06,32.96,33.0,9525.78,2022,6,20
2022-06-20 08:17:00+00:00,33.0,33.07,32.95,32.99,9291.96,2022,6,20
2022-06-20 08:18:00+00:00,32.98,33.09,32.97,33.08,6815.09,2022,6,20
2022-06-20 08:19:00+00:00,33.06,33.22,33.06,33.18,11692.16,2022,6,20
2022-06-20 08:20:00+00:00,33.19,33.19,33.01,33.17,6955.41,2022,6,20
2022-06-20 08:21:00+00:00,33.17,33.29,33.15,33.28,13049.47,2022,6,20
2022-06-20 08:22:00+00:00,33.28,33.35,33.2,33.27,5499.48,2022,6,20
2022-06-20 08:23:00+00:00,33.28,33.29,33.2,33.21,5606.07,2022,6,20
2022-06-20 08:24:00+00:00,33.21,33.21,33.09,33.1,6488.29,2022,6,20
2022-06-20 08:25:00+00:00,33.11,33.12,33.04,33.09,4887.36,2022,6,20
2022-06-20 08:26:00+00:00,33.09,33.29,33.08,33.29,7879.84,2022,6,20
2022-06-20 08:27:00+00:00,33.29,33.31,33.2,33.21,2317.51,2022,6,20
2022-06-20 08:28:00+00:00,33.21,33.27,33.17,33.27,5164.44,2022,6,20
2022-06-20 08:29:00+00:00,33.27,33.53,33.26,33.46,25073.72,2022,6,20
2022-06-20 08:30:00+00:00,33.45,33.5,33.28,33.29,8172.46,2022,6,20
2022-06-20 08:31:00+00:00,33.29,33.35,33.26,33.34,6409.02,2022,6,20
2022-06-20 08:32:00+00:00,33.33,33.65,33.25,33.64,102763.2,2022,6,20
2022-06-20 08:33:00+00:00,33.64,33.66,33.42,33.45,13441.53,2022,6,20
2022-06-20 08:34:00+00:00,33.45,33.57,33.37,33.41,14584.85,2022,6,20
2022-06-20 08:35:00+00:00,33.41,33.47,33.32,33.47,7249.43,2022,6,20
2022-06-20 08:36:00+00:00,33.47,33.61,33.38,33.51,11689.99,2022,6,20
2022-06-20 08:37:00+00:00,33.51,33.54,33.45,33.53,8524.07,2022,6,20
2022-06-20 08:38:00+00:00,33.54,33.58,33.45,33.56,6820.98,2022,6,20
2022-06-20 08:39:00+00:00,33.55,33.57,33.44,33.47,6056.13,2022,6,20
2022-06-20 08:40:00+00:00,33.47,33.52,33.41,33.46,5710.29,2022,6,20
2022-06-20 08:41:00+00:00,33.47,33.54,33.44,33.51,5593.66,2022,6,20
2022-06-20 08:42:00+00:00,33.51,33.79,33.51,33.73,24914.08,2022,6,20
2022-06-20 08:43:00+00:00,33.73,33.73,33.58,33.65,8376.3,2022,6,20
2022-06-20 08:44:00+00:00,33.64,33.66,33.56,33.61,7724.4,2022,6,20
2022-06-20 08:45:00+00:00,33.61,33.7,33.46,33.5,9164.46,2022,6,20
2022-06-20 08:46:00+00:00,33.5,33.55,33.44,33.45,10108.69,2022,6,20
2022-06-20 08:47:00+00:00,33.46,33.49,33.41,33.45,5180.8,2022,6,20
2022-06-20 08:48:00+00:00,33.44,33.47,33.36,33.37,3424.68,2022,6,20
2022-06-20 08:49:00+00:00,33.36,33.39,33.31,33.37,14396.95,2022,6,20
2022-06-20 08:50:00+00:00,33.37,33.41,33.34,33.39,2788.6,2022,6,20
2022-06-20 08:51:00+00:00,33.38,33.44,33.38,33.42,2307.81,2022,6,20
2022-06-20 08:52:00+00:00,33.41,33.53,33.36,33.5,9354.12,2022,6,20
2022-06-20 08:53:00+00:00,33.5,33.53,33.45,33.49,2466.92,2022,6,20
2022-06-20 08:54:00+00:00,33.49,33.55,33.44,33.44,3797.45,2022,6,20
2022-06-20 08:55:00+00:00,33.44,33.52,33.43,33.51,2281.34,2022,6,20
2022-06-20 08:56:00+00:00,33.5,33.58,33.46,33.56,2646.66,2022,6,20
2022-06-20 08:57:00+00:00,33.57,33.59,33.5,33.56,4813.93,2022,6,20
2022-06-20 08:58:00+00:00,33.56,33.68,33.55,33.66,6601.18,2022,6,20
2022-06-20 08:59:00+00:00,33.66,33.67,33.59,33.65,4237.88,2022,6,20
2022-06-20 09:00:00+00:00,33.66,33.76,33.63,33.76,4597.03,2022,6,20
2022-06-20 09:01:00+00:00,33.75,33.85,33.58,33.6,10300.44,2022,6,20
2022-06-20 09:02:00+00:00,33.6,33.62,33.51,33.58,6031.59,2022,6,20
2022-06-20 09:03:00+00:00,33.58,33.59,33.52,33.54,13003.46,2022,6,20
2022-06-20 09:04:00+00:00,33.53,33.63,33.52,33.61,4995.36,2022,6,20
2022-06-20 09:05:00+00:00,33.61,33.67,33.52,33.67,3620.13,2022,6,20
2022-06-20 09:06:00+00:00,33.68,33.76,33.59,33.59,3137.29,2022,6,20
2022-06-20 09:07:00+00:00,33.59,33.61,33.54,33.56,1855.4,2022,6,20
2022-06-20 09:08:00+00:00,33.54,33.57,33.51,33.53,3188.24,2022,6,20
2022-06-20 09:09:00+00:00,33.54,33.73,33.53,33.71,6025.15,2022,6,20
2022-06-20 09:10:00+00:00,33.72,33.88,33.71,33.85,13871.62,2022,6,20
2022-06-20 09:11:00+00:00,33.85,33.96,33.83,33.93,10824.87,2022,6,20
2022-06-20 09:12:00+00:00,33.92,34.03,33.9,33.95,18803.39,2022,6,20
2022-06-20 09:13:00+00:00,33.95,34.0,33.8,33.93,17915.94,2022,6,20
2022-06-20 09:14:00+00:00,33.92,33.96,33.85,33.9,4509.62,2022,6,20
2022-06-20 09:15:00+00:00,33.9,33.94,33.79,33.8,10676.34,2022,6,20
2022-06-20 09:16:00+00:00,33.8,33.86,33.7,33.74,7659.03,2022,6,20
2022-06-20 09:17:00+00:00,33.74,33.78,33.7,33.72,3209.64,2022,6,20
2022-06-20 09:18:00+00:00,33.72,33.73,33.67,33.72,2707.37,2022,6,20
2022-06-20 09:19:00+00:00,33.7,33.7,33.65,33.67,3081.25,2022,6,20
2022-06-20 09:20:00+00:00,33.67,33.67,33.62,33.64,2803.18,2022,6,20
2022-06-20 09:21:00+00:00,33.64,33.69,33.63,33.66,3092.58,2022,6,20
2022-06-20 09:22:00+00:00,33.66,33.73,33.66,33.7,3851.57,2022,6,20
2022-06-20 09:23:00+00:00,33.71,33.74,33.67,33.7,3378.59,2022,6,20
2022-06-20 09:24:00+00:00,33.69,33.75,33.68,33.74,5054.0,2022,6,20
2022-06-20 09:25:00+00:00,33.73,33.74,33.69,33.71,1258.66,2022,6,20
2022-06-20 09:26:00+00:00,33.71,33.8,33.68,33.8,5925.05,2022,6,20
2022-06-20 09:27:00+00:00,33.82,33.93,33.79,33.89,6449.88,2022,6,20
2022-06-20 09:28:00+00:00,33.89,33.94,33.81,33.81,3492.59,2022,6,20
2022-06-20 09:29:00+00:00,33.81,33.89,33.79,33.86,2551.08,2022,6,20
2022-06-20 09:30:00+00:00,33.87,34.13,33.86,34.13,12942.07,2022,6,20
2022-06-20 09:31:00+00:00,34.13,34.47,34.02,34.42,116296.49,2022,6,20
2022-06-20 09:32:00+00:00,34.43,34.45,34.4,34.42,43915.27,2022,6,20
2022-06-20 09:33:00+00:00,34.41,34.45,34.4,34.44,27389.52,2022,6,20
2022-06-20 09:34:00+00:00,34.43,34.45,34.4,34.41,24575.77,2022,6,20
2022-06-20 09:35:00+00:00,34.4,34.49,34.4,34.43,36636.76,2022,6,20
2022-06-20 09:36:00+00:00,34.42,34.45,34.4,34.4,46009.82,2022,6,20
2022-06-20 09:37:00+00:00,34.4,34.46,34.16,34.43,93207.6,2022,6,20
2022-06-20 09:38:00+00:00,34.42,34.75,34.42,34.61,29726.16,2022,6,20
2022-06-20 09:39:00+00:00,34.61,34.79,34.54,34.75,15949.35,2022,6,20
2022-06-20 09:40:00+00:00,34.76,34.78,34.52,34.54,18579.02,2022,6,20
2022-06-20 09:41:00+00:00,34.53,34.55,34.42,34.44,8778.68,2022,6,20
2022-06-20 09:42:00+00:00,34.44,34.52,34.42,34.45,6019.11,2022,6,20
2022-06-20 09:43:00+00:00,34.46,34.53,34.45,34.5,5492.3,2022,6,20
2022-06-20 09:44:00+00:00,34.5,34.5,34.45,34.46,3067.64,2022,6,20
2022-06-20 09:45:00+00:00,34.45,34.57,34.45,34.47,6162.96,2022,6,20
2022-06-20 09:46:00+00:00,34.47,34.5,34.4,34.4,10370.52,2022,6,20
2022-06-20 09:47:00+00:00,34.41,34.47,34.4,34.47,31202.95,2022,6,20
2022-06-20 09:48:00+00:00,34.46,34.56,34.43,34.56,5689.79,2022,6,20
2022-06-20 09:49:00+00:00,34.56,34.78,34.55,34.76,10562.25,2022,6,20
2022-06-20 09:50:00+00:00,34.77,34.77,34.6,34.62,6627.25,2022,6,20
2022-06-20 09:51:00+00:00,34.61,34.62,34.51,34.54,5318.31,2022,6,20
2022-06-20 09:52:00+00:00,34.54,34.54,34.43,34.44,10162.51,2022,6,20
2022-06-20 09:53:00+00:00,34.43,34.48,34.42,34.47,4605.9,2022,6,20
2022-06-20 09:54:00+00:00,34.48,34.52,34.46,34.46,3813.06,2022,6,20
2022-06-20 09:55:00+00:00,34.46,34.46,34.4,34.42,5897.85,2022,6,20
2022-06-20 09:56:00+00:00,34.42,34.45,34.4,34.43,9987.75,2022,6,20
2022-06-20 09:57:00+00:00,34.43,34.63,34.42,34.44,7843.75,2022,6,20
2022-06-20 09:58:00+00:00,34.45,34.6,34.45,34.56,10157.51,2022,6,20
2022-06-20 09:59:00+00:00,34.56,34.75,34.56,34.72,6941.39,2022,6,20
2022-06-20 10:00:00+00:00,34.72,34.78,34.69,34.71,8207.71,2022,6,20
2022-06-20 10:01:00+00:00,34.71,34.78,34.61,34.77,8464.65,2022,6,20
2022-06-20 10:02:00+00:00,34.77,34.89,34.68,34.7,13067.71,2022,6,20
2022-06-20 10:03:00+00:00,34.7,34.71,34.55,34.62,6621.24,2022,6,20
2022-06-20 10:04:00+00:00,34.61,34.72,34.6,34.7,4213.99,2022,6,20
2022-06-20 10:05:00+00:00,34.69,34.74,34.64,34.65,3592.4,2022,6,20
2022-06-20 10:06:00+00:00,34.65,34.72,34.58,34.72,3144.21,2022,6,20
2022-06-20 10:07:00+00:00,34.71,34.71,34.6,34.65,2620.08,2022,6,20
2022-06-20 10:08:00+00:00,34.65,34.65,34.56,34.6,3407.75,2022,6,20
2022-06-20 10:09:00+00:00,34.59,34.71,34.59,34.64,3007.84,2022,6,20
2022-06-20 10:10:00+00:00,34.64,34.7,34.57,34.69,2757.22,2022,6,20
2022-06-20 10:11:00+00:00,34.69,34.71,34.57,34.59,3024.88,2022,6,20
2022-06-20 10:12:00+00:00,34.58,34.66,34.58,34.6,2066.75,2022,6,20
2022-06-20 10:13:00+00:00,34.61,34.61,34.49,34.49,8671.29,2022,6,20
2022-06-20 10:14:00+00:00,34.49,34.51,34.4,34.4,18932.09,2022,6,20
2022-06-20 10:15:00+00:00,34.4,34.45,34.4,34.41,21587.76,2022,6,20
2022-06-20 10:16:00+00:00,34.41,34.45,34.4,34.42,5870.94,2022,6,20
2022-06-20 10:17:00+00:00,34.41,34.54,34.41,34.45,12034.65,2022,6,20
2022-06-20 10:18:00+00:00,34.46,34.58,34.44,34.45,8693.05,2022,6,20
2022-06-20 10:19:00+00:00,34.46,34.53,34.44,34.47,4136.54,2022,6,20
2022-06-20 10:20:00+00:00,34.47,34.68,34.47,34.53,10423.18,2022,6,20
2022-06-20 10:21:00+00:00,34.52,34.67,34.52,34.56,3178.97,2022,6,20
2022-06-20 10:22:00+00:00,34.55,34.58,34.47,34.49,3378.8,2022,6,20
2022-06-20 10:23:00+00:00,34.49,34.68,34.49,34.65,6436.24,2022,6,20
2022-06-20 10:24:00+00:00,34.66,34.93,34.64,34.91,14165.68,2022,6,20
2022-06-20 10:25:00+00:00,34.92,34.98,34.78,34.94,16940.51,2022,6,20
2022-06-20 10:26:00+00:00,34.94,35.35,34.93,35.2,39099.82,2022,6,20
2022-06-20 10:27:00+00:00,35.2,35.49,35.18,35.31,26396.37,2022,6,20
2022-06-20 10:28:00+00:00,35.31,35.34,35.15,35.15,7895.4,2022,6,20
2022-06-20 10:29:00+00:00,35.16,35.28,35.14,35.23,3589.04,2022,6,20
2022-06-20 10:30:00+00:00,35.23,35.29,35.13,35.13,7260.51,2022,6,20
2022-06-20 10:31:00+00:00,35.14,35.23,35.12,35.12,7890.91,2022,6,20
2022-06-20 10:32:00+00:00,35.13,35.3,35.12,35.17,10198.42,2022,6,20
2022-06-20 10:33:00+00:00,35.17,35.2,35.14,35.18,2414.51,2022,6,20
2022-06-20 10:34:00+00:00,35.16,35.31,35.16,35.19,17009.31,2022,6,20
2022-06-20 10:35:00+00:00,35.2,35.27,35.18,35.23,4890.9,2022,6,20
2022-06-20 10:36:00+00:00,35.23,35.29,35.19,35.29,2725.06,2022,6,20
2022-06-20 10:37:00+00:00,35.28,35.36,35.25,35.28,4410.77,2022,6,20
2022-06-20 10:38:00+00:00,35.28,35.32,35.22,35.23,2424.27,2022,6,20
2022-06-20 10:39:00+00:00,35.22,35.33,35.19,35.3,4430.88,2022,6,20
2022-06-20 10:40:00+00:00,35.3,35.6,35.26,35.47,17758.7,2022,6,20
2022-06-20 10:41:00+00:00,35.48,35.68,35.45,35.61,7870.06,2022,6,20
2022-06-20 10:42:00+00:00,35.6,35.78,35.55,35.75,11001.44,2022,6,20
2022-06-20 10:43:00+00:00,35.76,35.87,35.66,35.75,16271.83,2022,6,20
2022-06-20 10:44:00+00:00,35.74,35.79,35.65,35.66,12072.55,2022,6,20
2022-06-20 10:45:00+00:00,35.67,35.74,35.53,35.54,4860.35,2022,6,20
2022-06-20 10:46:00+00:00,35.53,35.88,35.53,35.75,23068.07,2022,6,20
2022-06-20 10:47:00+00:00,35.75,35.97,35.68,35.9,11088.81,2022,6,20
2022-06-20 10:48:00+00:00,35.91,35.92,35.64,35.72,7870.48,2022,6,20
2022-06-20 10:49:00+00:00,35.71,35.75,35.62,35.65,8853.33,2022,6,20
2022-06-20 10:50:00+00:00,35.64,35.79,35.64,35.71,4631.91,2022,6,20
2022-06-20 10:51:00+00:00,35.71,35.79,35.69,35.78,5675.85,2022,6,20
2022-06-20 10:52:00+00:00,35.78,35.91,35.75,35.89,6866.38,2022,6,20
2022-06-20 10:53:00+00:00,35.89,35.92,35.77,35.84,4475.67,2022,6,20
2022-06-20 10:54:00+00:00,35.84,36.39,35.81,36.33,41206.14,2022,6,20
2022-06-20 10:55:00+00:00,36.33,36.5,36.24,36.34,43490.36,2022,6,20
2022-06-20 10:56:00+00:00,36.34,36.4,36.25,36.26,19289.52,2022,6,20
2022-06-20 10:57:00+00:00,36.28,36.4,36.26,36.35,5611.4,2022,6,20
2022-06-20 10:58:00+00:00,36.37,36.4,36.22,36.26,5278.19,2022,6,20
2022-06-20 10:59:00+00:00,36.25,36.3,36.18,36.29,7818.52,2022,6,20
2022-06-20 11:00:00+00:00,36.29,36.4,36.28,36.38,7178.12,2022,6,20
2022-06-20 11:01:00+00:00,36.37,36.37,36.21,36.22,6157.38,2022,6,20
2022-06-20 11:02:00+00:00,36.22,36.27,36.15,36.17,5690.42,2022,6,20
2022-06-20 11:03:00+00:00,36.18,36.19,35.94,35.94,14106.78,2022,6,20
2022-06-20 11:04:00+00:00,35.95,36.05,35.93,36.0,14475.2,2022,6,20
2022-06-20 11:05:00+00:00,36.0,36.05,35.96,35.98,5912.27,2022,6,20
2022-06-20 11:06:00+00:00,35.98,36.0,35.78,35.88,18118.97,2022,6,20
2022-06-20 11:07:00+00:00,35.87,35.93,35.84,35.86,5699.45,2022,6,20
2022-06-20 11:08:00+00:00,35.86,35.9,35.74,35.79,11072.54,2022,6,20
2022-06-20 11:09:00+00:00,35.8,35.82,35.75,35.78,5306.2,2022,6,20
2022-06-20 11:10:00+00:00,35.78,35.91,35.78,35.87,5847.54,2022,6,20
2022-06-20 11:11:00+00:00,35.87,35.89,35.68,35.7,3381.48,2022,6,20
2022-06-20 11:12:00+00:00,35.7,35.79,35.68,35.78,3951.85,2022,6,20
2022-06-20 11:13:00+00:00,35.78,35.8,35.75,35.78,2364.77,2022,6,20
2022-06-20 11:14:00+00:00,35.79,35.82,35.74,35.79,3961.75,2022,6,20
2022-06-20 11:15:00+00:00,35.79,35.84,35.78,35.84,1969.65,2022,6,20
2022-06-20 11:16:00+00:00,35.85,35.85,35.73,35.78,2411.09,2022,6,20
2022-06-20 11:17:00+00:00,35.78,35.82,35.75,35.79,2318.58,2022,6,20
2022-06-20 11:18:00+00:00,35.79,35.82,35.75,35.79,2074.58,2022,6,20
2022-06-20 11:19:00+00:00,35.79,35.81,35.71,35.71,2929.74,2022,6,20
2022-06-20 11:20:00+00:00,35.72,35.73,35.59,35.65,7041.94,2022,6,20
2022-06-20 11:21:00+00:00,35.65,35.81,35.65,35.76,4218.84,2022,6,20
2022-06-20 11:22:00+00:00,35.76,35.89,35.76,35.86,3676.51,2022,6,20
2022-06-20 11:23:00+00:00,35.86,35.92,35.84,35.9,1989.36,2022,6,20
2022-06-20 11:24:00+00:00,35.89,35.99,35.89,35.98,4285.33,2022,6,20
2022-06-20 11:25:00+00:00,35.98,36.0,35.93,35.95,2029.19,2022,6,20
2022-06-20 11:26:00+00:00,35.96,36.03,35.94,35.99,8010.9,2022,6,20
2022-06-20 11:27:00+00:00,36.0,36.17,35.95,35.96,7720.42,2022,6,20
2022-06-20 11:28:00+00:00,35.95,36.03,35.95,35.97,3436.45,2022,6,20
2022-06-20 11:29:00+00:00,35.96,36.01,35.95,36.0,2526.12,2022,6,20
2022-06-20 11:30:00+00:00,36.0,36.14,35.91,35.92,4612.7,2022,6,20
2022-06-20 11:31:00+00:00,35.93,35.97,35.9,35.92,1967.95,2022,6,20
2022-06-20 11:32:00+00:00,35.93,35.95,35.89,35.94,5264.42,2022,6,20
2022-06-20 11:33:00+00:00,35.95,36.07,35.92,35.99,4521.42,2022,6,20
2022-06-20 11:34:00+00:00,35.99,36.05,35.98,36.01,3284.77,2022,6,20
2022-06-20 11:35:00+00:00,36.0,36.04,35.98,36.0,3098.44,2022,6,20
2022-06-20 11:36:00+00:00,36.01,36.09,35.96,36.08,2053.55,2022,6,20
2022-06-20 11:37:00+00:00,36.08,36.34,36.07,36.32,15991.1,2022,6,20
2022-06-20 11:38:00+00:00,36.32,36.36,36.21,36.25,4470.05,2022,6,20
2022-06-20 11:39:00+00:00,36.26,36.26,36.15,36.24,5659.19,2022,6,20
2022-06-20 11:40:00+00:00,36.24,36.64,36.24,36.64,15235.34,2022,6,20
2022-06-20 11:41:00+00:00,36.6,36.75,36.57,36.61,14206.42,2022,6,20
2022-06-20 11:42:00+00:00,36.61,36.7,36.53,36.7,4764.46,2022,6,20
2022-06-20 11:43:00+00:00,36.69,36.71,36.63,36.69,5075.73,2022,6,20
2022-06-20 11:44:00+00:00,36.69,36.7,36.63,36.66,2785.14,2022,6,20
2022-06-20 11:45:00+00:00,36.66,36.67,36.45,36.52,8328.99,2022,6,20
2022-06-20 11:46:00+00:00,36.53,36.54,36.41,36.48,5301.87,2022,6,20
2022-06-20 11:47:00+00:00,36.47,36.7,36.47,36.66,4717.97,2022,6,20
2022-06-20 11:48:00+00:00,36.65,36.69,36.56,36.58,6768.92,2022,6,20
2022-06-20 11:49:00+00:00,36.59,36.82,36.56,36.81,7282.44,2022,6,20
2022-06-20 11:50:00+00:00,36.81,36.82,36.71,36.82,6756.68,2022,6,20
2022-06-20 11:51:00+00:00,36.8,36.9,36.61,36.62,6302.85,2022,6,20
2022-06-20 11:52:00+00:00,36.62,36.72,36.55,36.63,5709.09,2022,6,20
2022-06-20 11:53:00+00:00,36.62,36.63,36.44,36.44,6817.46,2022,6,20
2022-06-20 11:54:00+00:00,36.44,36.58,36.43,36.52,3282.51,2022,6,20
2022-06-20 11:55:00+00:00,36.52,36.56,36.51,36.53,2499.03,2022,6,20
2022-06-20 11:56:00+00:00,36.53,36.54,36.31,36.35,9898.53,2022,6,20
2022-06-20 11:57:00+00:00,36.34,36.44,36.31,36.34,4062.82,2022,6,20
2022-06-20 11:58:00+00:00,36.34,36.41,36.28,36.33,3051.41,2022,6,20
2022-06-20 11:59:00+00:00,36.32,36.39,36.3,36.34,3162.13,2022,6,20
2022-06-20 12:00:00+00:00,36.33,36.41,36.26,36.3,5287.52,2022,6,20
2022-06-20 12:01:00+00:00,36.29,36.33,35.91,35.93,29125.7,2022,6,20
2022-06-20 12:02:00+00:00,35.92,35.98,35.66,35.78,37072.42,2022,6,20
2022-06-20 12:03:00+00:00,35.78,35.8,35.5,35.64,18715.16,2022,6,20
2022-06-20 12:04:00+00:00,35.64,35.77,35.64,35.69,7754.46,2022,6,20
2022-06-20 12:05:00+00:00,35.69,35.76,35.66,35.67,5997.53,2022,6,20
2022-06-20 12:06:00+00:00,35.67,35.73,35.59,35.63,9404.94,2022,6,20
2022-06-20 12:07:00+00:00,35.64,35.7,35.53,35.6,17412.25,2022,6,20
2022-06-20 12:08:00+00:00,35.6,35.67,35.56,35.6,8551.85,2022,6,20
2022-06-20 12:09:00+00:00,35.61,35.84,35.61,35.77,7183.48,2022,6,20
2022-06-20 12:10:00+00:00,35.77,35.79,35.7,35.71,3469.96,2022,6,20
2022-06-20 12:11:00+00:00,35.71,35.76,35.67,35.76,3528.76,2022,6,20
2022-06-20 12:12:00+00:00,35.75,35.8,35.74,35.76,7365.92,2022,6,20
2022-06-20 12:13:00+00:00,35.76,35.81,35.71,35.78,2624.05,2022,6,20
2022-06-20 12:14:00+00:00,35.8,35.8,35.7,35.7,1582.42,2022,6,20
2022-06-20 12:15:00+00:00,35.69,35.75,35.56,35.59,5451.02,2022,6,20
2022-06-20 12:16:00+00:00,35.59,35.63,35.53,35.55,3467.91,2022,6,20
2022-06-20 12:17:00+00:00,35.57,35.59,35.46,35.53,6785.61,2022,6,20
2022-06-20 12:18:00+00:00,35.55,35.74,35.55,35.7,3282.47,2022,6,20
2022-06-20 12:19:00+00:00,35.7,35.77,35.68,35.74,4576.07,2022,6,20
2022-06-20 12:20:00+00:00,35.73,35.8,35.7,35.76,4052.58,2022,6,20
2022-06-20 12:21:00+00:00,35.77,35.83,35.71,35.79,2426.26,2022,6,20
2022-06-20 12:22:00+00:00,35.79,35.87,35.79,35.84,3023.68,2022,6,20
2022-06-20 12:23:00+00:00,35.83,35.85,35.82,35.82,1021.09,2022,6,20
2022-06-20 12:24:00+00:00,35.83,36.08,35.83,36.07,6407.49,2022,6,20
2022-06-20 12:25:00+00:00,36.06,36.07,35.9,35.91,6212.32,2022,6,20
2022-06-20 12:26:00+00:00,35.9,35.9,35.7,35.7,4989.9,2022,6,20
2022-06-20 12:27:00+00:00,35.7,35.73,35.56,35.6,6357.15,2022,6,20
2022-06-20 12:28:00+00:00,35.6,35.68,35.43,35.43,7053.4,2022,6,20
2022-06-20 12:29:00+00:00,35.43,35.44,35.31,35.35,17071.08,2022,6,20
2022-06-20 12:30:00+00:00,35.34,35.53,35.33,35.51,6968.1,2022,6,20
2022-06-20 12:31:00+00:00,35.51,35.57,35.47,35.53,2067.74,2022,6,20
2022-06-20 12:32:00+00:00,35.53,35.69,35.53,35.57,9761.94,2022,6,20
2022-06-20 12:33:00+00:00,35.57,35.6,35.39,35.42,9623.68,2022,6,20
2022-06-20 12:34:00+00:00,35.41,35.49,35.3,35.39,12266.3,2022,6,20
2022-06-20 12:35:00+00:00,35.39,35.41,35.27,35.3,9198.93,2022,6,20
2022-06-20 12:36:00+00:00,35.31,35.43,35.31,35.41,4077.9,2022,6,20
2022-06-20 12:37:00+00:00,35.4,35.49,35.38,35.48,5448.15,2022,6,20
2022-06-20 12:38:00+00:00,35.48,35.51,35.42,35.43,4730.44,2022,6,20
2022-06-20 12:39:00+00:00,35.42,35.47,35.37,35.37,2895.07,2022,6,20
2022-06-20 12:40:00+00:00,35.38,35.45,35.36,35.37,4443.54,2022,6,20
2022-06-20 12:41:00+00:00,35.36,35.45,35.35,35.43,2485.15,2022,6,20
2022-06-20 12:42:00+00:00,35.43,35.49,35.43,35.47,3273.05,2022,6,20
2022-06-20 12:43:00+00:00,35.47,35.48,35.4,35.43,3311.58,2022,6,20
2022-06-20 12:44:00+00:00,35.44,35.49,35.36,35.47,4198.22,2022,6,20
2022-06-20 12:45:00+00:00,35.48,35.57,35.44,35.56,5089.71,2022,6,20
2022-06-20 12:46:00+00:00,35.57,35.68,35.56,35.64,7761.55,2022,6,20
2022-06-20 12:47:00+00:00,35.64,35.68,35.53,35.55,7576.37,2022,6,20
2022-06-20 12:48:00+00:00,35.55,35.61,35.48,35.55,4955.94,2022,6,20
2022-06-20 12:49:00+00:00,35.54,35.66,35.53,35.63,2445.52,2022,6,20
2022-06-20 12:50:00+00:00,35.62,35.65,35.6,35.65,3340.77,2022,6,20
2022-06-20 12:51:00+00:00,35.65,35.84,35.65,35.66,11840.4,2022,6,20
2022-06-20 12:52:00+00:00,35.67,35.72,35.64,35.65,1823.12,2022,6,20
2022-06-20 12:53:00+00:00,35.65,35.74,35.65,35.67,4884.63,2022,6,20
2022-06-20 12:54:00+00:00,35.67,35.7,35.64,35.68,2692.85,2022,6,20
2022-06-20 12:55:00+00:00,35.68,35.72,35.63,35.69,5043.09,2022,6,20
2022-06-20 12:56:00+00:00,35.7,35.82,35.67,35.77,3058.83,2022,6,20
2022-06-20 12:57:00+00:00,35.78,35.86,35.75,35.79,2522.06,2022,6,20
2022-06-20 12:58:00+00:00,35.79,35.81,35.74,35.74,2120.68,2022,6,20
2022-06-20 12:59:00+00:00,35.75,35.81,35.74,35.76,1816.7,2022,6,20
2022-06-20 13:00:00+00:00,35.76,35.78,35.67,35.69,4131.18,2022,6,20
2022-06-20 13:01:00+00:00,35.67,35.71,35.64,35.68,1536.28,2022,6,20
2022-06-20 13:02:00+00:00,35.68,35.7,35.61,35.61,922.02,2022,6,20
2022-06-20 13:03:00+00:00,35.61,35.61,35.45,35.49,6657.61,2022,6,20
2022-06-20 13:04:00+00:00,35.5,35.56,35.43,35.56,1949.22,2022,6,20
2022-06-20 13:05:00+00:00,35.55,35.59,35.51,35.53,1170.96,2022,6,20
2022-06-20 13:06:00+00:00,35.54,35.54,35.44,35.48,1029.33,2022,6,20
2022-06-20 13:07:00+00:00,35.49,35.55,35.48,35.52,2123.14,2022,6,20
2022-06-20 13:08:00+00:00,35.52,35.54,35.45,35.47,1896.34,2022,6,20
2022-06-20 13:09:00+00:00,35.47,35.49,35.38,35.44,2179.7,2022,6,20
2022-06-20 13:10:00+00:00,35.45,35.49,35.4,35.41,1855.13,2022,6,20
2022-06-20 13:11:00+00:00,35.41,35.45,35.37,35.43,2635.26,2022,6,20
2022-06-20 13:12:00+00:00,35.45,35.45,35.37,35.4,2620.1,2022,6,20
2022-06-20 13:13:00+00:00,35.4,35.42,35.27,35.29,4128.96,2022,6,20
2022-06-20 13:14:00+00:00,35.29,35.48,35.29,35.42,3105.62,2022,6,20
2022-06-20 13:15:00+00:00,35.42,35.75,35.39,35.69,21617.31,2022,6,20
2022-06-20 13:16:00+00:00,35.68,35.72,35.65,35.71,2844.68,2022,6,20
2022-06-20 13:17:00+00:00,35.72,35.74,35.66,35.69,2006.35,2022,6,20
2022-06-20 13:18:00+00:00,35.69,35.75,35.65,35.67,1364.1,2022,6,20
2022-06-20 13:19:00+00:00,35.67,35.71,35.65,35.69,1727.32,2022,6,20
2022-06-20 13:20:00+00:00,35.68,35.76,35.67,35.68,3001.5,2022,6,20
2022-06-20 13:21:00+00:00,35.67,35.74,35.65,35.71,1008.92,2022,6,20
2022-06-20 13:22:00+00:00,35.7,35.75,35.69,35.7,1593.89,2022,6,20
2022-06-20 13:23:00+00:00,35.7,35.7,35.65,35.66,1793.1,2022,6,20
2022-06-20 13:24:00+00:00,35.66,35.78,35.65,35.76,2019.16,2022,6,20
2022-06-20 13:25:00+00:00,35.77,35.99,35.76,35.92,10117.01,2022,6,20
2022-06-20 13:26:00+00:00,35.92,35.93,35.85,35.88,1779.59,2022,6,20
2022-06-20 13:27:00+00:00,35.87,36.04,35.87,36.04,5908.97,2022,6,20
2022-06-20 13:28:00+00:00,36.04,36.08,35.95,36.0,6280.95,2022,6,20
2022-06-20 13:29:00+00:00,35.99,36.01,35.91,35.91,3055.96,2022,6,20
2022-06-20 13:30:00+00:00,35.91,36.1,35.91,36.03,8472.99,2022,6,20
2022-06-20 13:31:00+00:00,36.04,36.09,35.98,36.0,9528.87,2022,6,20
2022-06-20 13:32:00+00:00,36.0,36.0,35.85,35.86,3150.38,2022,6,20
2022-06-20 13:33:00+00:00,35.86,35.89,35.76,35.76,4773.28,2022,6,20
2022-06-20 13:34:00+00:00,35.76,35.81,35.75,35.75,2038.5,2022,6,20
2022-06-20 13:35:00+00:00,35.75,35.78,35.6,35.61,3469.44,2022,6,20
2022-06-20 13:36:00+00:00,35.6,35.65,35.49,35.53,5183.72,2022,6,20
2022-06-20 13:37:00+00:00,35.53,35.67,35.5,35.66,3695.82,2022,6,20
2022-06-20 13:38:00+00:00,35.66,35.75,35.6,35.74,2275.11,2022,6,20
2022-06-20 13:39:00+00:00,35.73,35.81,35.73,35.75,3887.83,2022,6,20
2022-06-20 13:40:00+00:00,35.75,35.78,35.65,35.65,3219.42,2022,6,20
2022-06-20 13:41:00+00:00,35.66,35.74,35.65,35.66,3199.37,2022,6,20
2022-06-20 13:42:00+00:00,35.66,35.77,35.65,35.75,1918.99,2022,6,20
2022-06-20 13:43:00+00:00,35.76,35.88,35.76,35.83,4216.37,2022,6,20
2022-06-20 13:44:00+00:00,35.83,35.85,35.72,35.72,1246.34,2022,6,20
2022-06-20 13:45:00+00:00,35.73,35.77,35.58,35.59,3428.06,2022,6,20
2022-06-20 13:46:00+00:00,35.58,35.58,35.24,35.25,11250.72,2022,6,20
2022-06-20 13:47:00+00:00,35.26,35.34,35.14,35.3,14437.63,2022,6,20
2022-06-20 13:48:00+00:00,35.29,35.31,35.21,35.22,3744.09,2022,6,20
2022-06-20 13:49:00+00:00,35.24,35.25,35.0,35.06,19726.25,2022,6,20
2022-06-20 13:50:00+00:00,35.07,35.16,35.03,35.14,8519.34,2022,6,20
2022-06-20 13:51:00+00:00,35.13,35.19,35.08,35.16,3548.54,2022,6,20
2022-06-20 13:52:00+00:00,35.16,35.31,35.16,35.26,3946.91,2022,6,20
2022-06-20 13:53:00+00:00,35.27,35.31,35.22,35.23,3180.95,2022,6,20
2022-06-20 13:54:00+00:00,35.25,35.33,35.2,35.2,2192.3,2022,6,20
2022-06-20 13:55:00+00:00,35.21,35.38,35.21,35.36,3496.43,2022,6,20
2022-06-20 13:56:00+00:00,35.36,35.4,35.33,35.36,2000.5,2022,6,20
2022-06-20 13:57:00+00:00,35.36,35.38,35.27,35.28,2409.78,2022,6,20
2022-06-20 13:58:00+00:00,35.28,35.35,35.22,35.29,10685.27,2022,6,20
2022-06-20 13:59:00+00:00,35.29,35.36,35.28,35.32,1019.51,2022,6,20
2022-06-20 14:00:00+00:00,35.33,35.42,35.28,35.4,1718.39,2022,6,20
2022-06-20 14:01:00+00:00,35.4,35.65,35.37,35.59,15951.97,2022,6,20
2022-06-20 14:02:00+00:00,35.59,35.73,35.56,35.67,4675.92,2022,6,20
2022-06-20 14:03:00+00:00,35.66,35.68,35.53,35.59,2178.46,2022,6,20
2022-06-20 14:04:00+00:00,35.59,35.62,35.51,35.54,6301.36,2022,6,20
2022-06-20 14:05:00+00:00,35.53,35.59,35.45,35.56,2153.83,2022,6,20
2022-06-20 14:06:00+00:00,35.57,35.64,35.55,35.61,1771.46,2022,6,20
2022-06-20 14:07:00+00:00,35.6,35.64,35.57,35.59,3825.1,2022,6,20
2022-06-20 14:08:00+00:00,35.59,35.61,35.5,35.55,1506.43,2022,6,20
2022-06-20 14:09:00+00:00,35.57,35.63,35.56,35.6,1170.97,2022,6,20
2022-06-20 14:10:00+00:00,35.59,35.62,35.55,35.62,1931.32,2022,6,20
2022-06-20 14:11:00+00:00,35.62,35.76,35.62,35.72,1481.72,2022,6,20
2022-06-20 14:12:00+00:00,35.72,35.81,35.69,35.7,9540.87,2022,6,20
2022-06-20 14:13:00+00:00,35.7,35.72,35.61,35.63,1744.04,2022,6,20
2022-06-20 14:14:00+00:00,35.63,35.73,35.57,35.58,1872.69,2022,6,20
2022-06-20 14:15:00+00:00,35.57,35.62,35.43,35.55,8229.34,2022,6,20
2022-06-20 14:16:00+00:00,35.55,35.78,35.54,35.78,5265.95,2022,6,20
2022-06-20 14:17:00+00:00,35.78,35.78,35.7,35.74,2881.54,2022,6,20
2022-06-20 14:18:00+00:00,35.75,35.76,35.64,35.65,1953.55,2022,6,20
2022-06-20 14:19:00+00:00,35.65,35.7,35.62,35.65,4538.18,2022,6,20
2022-06-20 14:20:00+00:00,35.65,35.77,35.65,35.73,3635.46,2022,6,20
2022-06-20 14:21:00+00:00,35.72,35.75,35.69,35.69,1440.63,2022,6,20
2022-06-20 14:22:00+00:00,35.69,35.74,35.67,35.74,4575.35,2022,6,20
2022-06-20 14:23:00+00:00,35.74,35.87,35.7,35.87,7022.89,2022,6,20
2022-06-20 14:24:00+00:00,35.87,35.88,35.8,35.86,3511.4,2022,6,20
2022-06-20 14:25:00+00:00,35.87,35.92,35.84,35.9,7095.64,2022,6,20
2022-06-20 14:26:00+00:00,35.9,35.91,35.86,35.89,2038.2,2022,6,20
2022-06-20 14:27:00+00:00,35.9,36.03,35.87,35.99,5747.54,2022,6,20
2022-06-20 14:28:00+00:00,35.98,36.0,35.88,35.93,6271.99,2022,6,20
2022-06-20 14:29:00+00:00,35.94,35.97,35.88,35.89,5094.6,2022,6,20
2022-06-20 14:30:00+00:00,35.88,35.94,35.86,35.89,3868.82,2022,6,20
2022-06-20 14:31:00+00:00,35.88,36.06,35.83,36.05,7600.17,2022,6,20
2022-06-20 14:32:00+00:00,36.06,36.28,36.06,36.19,14102.66,2022,6,20
2022-06-20 14:33:00+00:00,36.18,36.23,36.1,36.17,6277.86,2022,6,20
2022-06-20 14:34:00+00:00,36.17,36.2,36.06,36.13,6796.27,2022,6,20
2022-06-20 14:35:00+00:00,36.14,36.46,36.12,36.28,13777.91,2022,6,20
2022-06-20 14:36:00+00:00,36.28,36.31,36.03,36.07,8445.42,2022,6,20
2022-06-20 14:37:00+00:00,36.06,36.12,36.0,36.05,3567.22,2022,6,20
2022-06-20 14:38:00+00:00,36.04,36.07,36.02,36.05,2696.22,2022,6,20
2022-06-20 14:39:00+00:00,36.06,36.08,35.98,36.0,5459.32,2022,6,20
2022-06-20 14:40:00+00:00,36.0,36.06,35.99,36.06,4933.8,2022,6,20
2022-06-20 14:41:00+00:00,36.06,36.12,36.01,36.09,5429.42,2022,6,20
2022-06-20 14:42:00+00:00,36.1,36.24,36.1,36.18,2720.67,2022,6,20
2022-06-20 14:43:00+00:00,36.18,36.23,36.05,36.07,2363.02,2022,6,20
2022-06-20 14:44:00+00:00,36.06,36.08,36.0,36.03,3749.09,2022,6,20
2022-06-20 14:45:00+00:00,36.01,36.15,36.0,36.14,2375.44,2022,6,20
2022-06-20 14:46:00+00:00,36.13,36.29,36.1,36.22,4044.53,2022,6,20
2022-06-20 14:47:00+00:00,36.21,36.22,36.15,36.2,2514.92,2022,6,20
2022-06-20 14:48:00+00:00,36.21,36.25,36.16,36.19,2087.65,2022,6,20
2022-06-20 14:49:00+00:00,36.19,36.28,36.16,36.17,2916.08,2022,6,20
2022-06-20 14:50:00+00:00,36.17,36.27,36.06,36.07,2964.19,2022,6,20
2022-06-20 14:51:00+00:00,36.07,36.11,35.93,35.97,2801.35,2022,6,20
2022-06-20 14:52:00+00:00,35.96,36.09,35.96,36.04,2465.74,2022,6,20
2022-06-20 14:53:00+00:00,36.03,36.21,36.03,36.18,1226.72,2022,6,20
2022-06-20 14:54:00+00:00,36.19,36.37,36.19,36.28,10993.32,2022,6,20
2022-06-20 14:55:00+00:00,36.28,36.59,36.28,36.53,11125.95,2022,6,20
2022-06-20 14:56:00+00:00,36.52,36.58,36.42,36.42,7278.63,2022,6,20
2022-06-20 14:57:00+00:00,36.42,36.48,36.41,36.45,3290.01,2022,6,20
2022-06-20 14:58:00+00:00,36.45,36.45,36.33,36.34,2138.45,2022,6,20
2022-06-20 14:59:00+00:00,36.35,36.35,36.22,36.3,4304.75,2022,6,20
2022-06-20 15:00:00+00:00,36.29,36.45,36.27,36.27,3475.16,2022,6,20
2022-06-20 15:01:00+00:00,36.27,36.28,36.11,36.22,4743.97,2022,6,20
2022-06-20 15:02:00+00:00,36.23,36.39,36.17,36.38,3169.3,2022,6,20
2022-06-20 15:03:00+00:00,36.39,36.63,36.39,36.63,7774.94,2022,6,20
2022-06-20 15:04:00+00:00,36.6,36.63,36.49,36.63,4425.46,2022,6,20
2022-06-20 15:05:00+00:00,36.64,36.73,36.31,36.34,15631.05,2022,6,20
2022-06-20 15:06:00+00:00,36.35,36.36,36.17,36.27,9764.08,2022,6,20
2022-06-20 15:07:00+00:00,36.28,36.34,36.12,36.14,4554.88,2022,6,20
2022-06-20 15:08:00+00:00,36.14,36.2,36.08,36.1,6175.04,2022,6,20
2022-06-20 15:09:00+00:00,36.1,36.23,36.08,36.2,4743.49,2022,6,20
2022-06-20 15:10:00+00:00,36.2,36.23,36.09,36.13,3125.94,2022,6,20
2022-06-20 15:11:00+00:00,36.12,36.14,35.97,36.0,7119.5,2022,6,20
2022-06-20 15:12:00+00:00,36.01,36.03,35.87,35.93,7434.49,2022,6,20
2022-06-20 15:13:00+00:00,35.94,35.99,35.84,35.87,10126.19,2022,6,20
2022-06-20 15:14:00+00:00,35.87,35.97,35.87,35.88,4333.93,2022,6,20
2022-06-20 15:15:00+00:00,35.89,35.96,35.69,35.72,5695.1,2022,6,20
2022-06-20 15:16:00+00:00,35.72,35.73,35.55,35.71,9321.7,2022,6,20
2022-06-20 15:17:00+00:00,35.71,35.76,35.66,35.72,5654.62,2022,6,20
2022-06-20 15:18:00+00:00,35.73,35.75,35.4,35.54,19023.71,2022,6,20
2022-06-20 15:19:00+00:00,35.53,35.59,35.44,35.59,4489.6,2022,6,20
2022-06-20 15:20:00+00:00,35.6,35.64,35.51,35.53,4108.45,2022,6,20
2022-06-20 15:21:00+00:00,35.52,35.61,35.5,35.59,1311.94,2022,6,20
2022-06-20 15:22:00+00:00,35.59,35.62,35.41,35.41,18547.2,2022,6,20
2022-06-20 15:23:00+00:00,35.41,35.47,35.16,35.18,20118.73,2022,6,20
2022-06-20 15:24:00+00:00,35.18,35.31,35.18,35.26,7857.25,2022,6,20
2022-06-20 15:25:00+00:00,35.26,35.26,34.92,35.18,28629.97,2022,6,20
2022-06-20 15:26:00+00:00,35.18,35.22,34.99,35.05,40036.02,2022,6,20
2022-06-20 15:27:00+00:00,35.06,35.12,34.95,35.06,17726.26,2022,6,20
2022-06-20 15:28:00+00:00,35.06,35.08,34.93,34.98,11530.93,2022,6,20
2022-06-20 15:29:00+00:00,34.99,35.0,34.96,34.99,13855.34,2022,6,20
2022-06-20 15:30:00+00:00,34.99,35.0,34.85,34.88,9569.93,2022,6,20
2022-06-20 15:31:00+00:00,34.87,34.91,34.46,34.75,281388.7,2022,6,20
2022-06-20 15:32:00+00:00,34.75,34.84,34.7,34.82,11443.11,2022,6,20
2022-06-20 15:33:00+00:00,34.81,35.0,34.74,34.85,47210.24,2022,6,20
2022-06-20 15:34:00+00:00,34.85,34.91,34.84,34.85,6772.28,2022,6,20
2022-06-20 15:35:00+00:00,34.85,34.97,34.85,34.91,7230.82,2022,6,20
2022-06-20 15:36:00+00:00,34.9,34.98,34.9,34.92,6405.19,2022,6,20
2022-06-20 15:37:00+00:00,34.93,35.03,34.91,34.98,7039.18,2022,6,20
2022-06-20 15:38:00+00:00,34.97,35.07,34.97,35.02,6430.84,2022,6,20
2022-06-20 15:39:00+00:00,35.02,35.14,35.02,35.08,12510.88,2022,6,20
2022-06-20 15:40:00+00:00,35.08,35.19,35.04,35.18,7974.55,2022,6,20
2022-06-20 15:41:00+00:00,35.17,35.24,35.15,35.18,4672.11,2022,6,20
2022-06-20 15:42:00+00:00,35.17,35.19,34.96,34.98,5502.45,2022,6,20
2022-06-20 15:43:00+00:00,34.97,35.01,34.81,34.84,7575.01,2022,6,20
2022-06-20 15:44:00+00:00,34.84,34.96,34.82,34.95,3357.34,2022,6,20
2022-06-20 15:45:00+00:00,34.95,35.02,34.88,34.97,5374.06,2022,6,20
2022-06-20 15:46:00+00:00,34.97,35.08,34.94,35.03,5016.44,2022,6,20
2022-06-20 15:47:00+00:00,35.03,35.05,34.98,34.99,1714.1,2022,6,20
2022-06-20 15:48:00+00:00,34.98,35.02,34.96,35.02,2746.81,2022,6,20
2022-06-20 15:49:00+00:00,35.01,35.1,35.0,35.08,4058.7,2022,6,20
2022-06-20 15:50:00+00:00,35.08,35.16,35.07,35.12,5582.14,2022,6,20
2022-06-20 15:51:00+00:00,35.14,35.21,35.09,35.16,3229.12,2022,6,20
2022-06-20 15:52:00+00:00,35.15,35.19,35.13,35.14,4432.67,2022,6,20
2022-06-20 15:53:00+00:00,35.15,35.22,35.14,35.22,4716.29,2022,6,20
2022-06-20 15:54:00+00:00,35.21,35.23,35.15,35.23,11935.02,2022,6,20
2022-06-20 15:55:00+00:00,35.24,35.31,35.15,35.18,13702.97,2022,6,20
2022-06-20 15:56:00+00:00,35.19,35.22,35.1,35.18,8376.67,2022,6,20
2022-06-20 15:57:00+00:00,35.18,35.24,35.16,35.24,3006.91,2022,6,20
2022-06-20 15:58:00+00:00,35.24,35.3,35.18,35.22,8293.27,2022,6,20
2022-06-20 15:59:00+00:00,35.21,35.3,35.21,35.29,3669.98,2022,6,20
2022-06-20 16:00:00+00:00,35.28,35.29,35.21,35.24,8122.49,2022,6,20
2022-06-20 16:01:00+00:00,35.24,35.26,35.08,35.1,6009.48,2022,6,20
2022-06-20 16:02:00+00:00,35.1,35.11,34.85,34.91,11306.46,2022,6,20
2022-06-20 16:03:00+00:00,34.91,34.96,34.81,34.83,12288.11,2022,6,20
2022-06-20 16:04:00+00:00,34.83,34.92,34.78,34.89,10417.03,2022,6,20
2022-06-20 16:05:00+00:00,34.9,35.08,34.89,34.98,5843.69,2022,6,20
2022-06-20 16:06:00+00:00,34.99,35.03,34.82,34.82,5112.43,2022,6,20
2022-06-20 16:07:00+00:00,34.81,34.81,34.59,34.67,23023.46,2022,6,20
2022-06-20 16:08:00+00:00,34.67,34.77,34.64,34.68,7023.63,2022,6,20
2022-06-20 16:09:00+00:00,34.69,34.89,34.69,34.81,4477.65,2022,6,20
2022-06-20 16:10:00+00:00,34.82,34.9,34.78,34.88,4611.53,2022,6,20
2022-06-20 16:11:00+00:00,34.88,34.92,34.82,34.89,4289.04,2022,6,20
2022-06-20 16:12:00+00:00,34.89,34.92,34.8,34.8,3030.91,2022,6,20
2022-06-20 16:13:00+00:00,34.81,34.84,34.69,34.7,3977.4,2022,6,20
2022-06-20 16:14:00+00:00,34.71,34.77,34.64,34.77,5490.29,2022,6,20
2022-06-20 16:15:00+00:00,34.77,34.79,34.66,34.71,4288.95,2022,6,20
2022-06-20 16:16:00+00:00,34.71,34.89,34.71,34.84,4118.06,2022,6,20
2022-06-20 16:17:00+00:00,34.84,34.9,34.83,34.89,3529.61,2022,6,20
2022-06-20 16:18:00+00:00,34.89,34.94,34.73,34.73,5629.59,2022,6,20
2022-06-20 16:19:00+00:00,34.74,34.75,34.56,34.56,4716.44,2022,6,20
2022-06-20 16:20:00+00:00,34.58,34.64,34.43,34.5,13140.47,2022,6,20
2022-06-20 16:21:00+00:00,34.5,34.65,34.48,34.55,15960.67,2022,6,20
2022-06-20 16:22:00+00:00,34.56,34.68,34.53,34.57,6189.72,2022,6,20
2022-06-20 16:23:00+00:00,34.56,34.57,34.48,34.53,7185.42,2022,6,20
2022-06-20 16:24:00+00:00,34.52,34.63,34.52,34.62,5265.36,2022,6,20
2022-06-20 16:25:00+00:00,34.62,34.68,34.61,34.61,4050.88,2022,6,20
2022-06-20 16:26:00+00:00,34.61,34.68,34.53,34.65,6556.25,2022,6,20
2022-06-20 16:27:00+00:00,34.65,34.72,34.65,34.7,2691.45,2022,6,20
2022-06-20 16:28:00+00:00,34.69,34.74,34.65,34.71,1934.3,2022,6,20
2022-06-20 16:29:00+00:00,34.73,34.73,34.67,34.68,1689.65,2022,6,20
2022-06-20 16:30:00+00:00,34.68,34.7,34.61,34.63,2471.69,2022,6,20
2022-06-20 16:31:00+00:00,34.63,34.72,34.61,34.72,4145.25,2022,6,20
2022-06-20 16:32:00+00:00,34.71,34.85,34.7,34.83,5073.19,2022,6,20
2022-06-20 16:33:00+00:00,34.84,34.86,34.8,34.84,4786.71,2022,6,20
2022-06-20 16:34:00+00:00,34.83,34.88,34.78,34.86,2771.03,2022,6,20
2022-06-20 16:35:00+00:00,34.87,34.88,34.81,34.85,1803.32,2022,6,20
2022-06-20 16:36:00+00:00,34.85,34.86,34.78,34.84,1533.77,2022,6,20
2022-06-20 16:37:00+00:00,34.84,34.89,34.8,34.82,2124.7,2022,6,20
2022-06-20 16:38:00+00:00,34.81,34.83,34.72,34.81,4630.44,2022,6,20
2022-06-20 16:39:00+00:00,34.82,34.96,34.82,34.95,5116.17,2022,6,20
2022-06-20 16:40:00+00:00,34.96,34.99,34.76,34.76,2647.78,2022,6,20
2022-06-20 16:41:00+00:00,34.76,34.76,34.62,34.62,4551.61,2022,6,20
2022-06-20 16:42:00+00:00,34.61,34.66,34.56,34.6,4771.1,2022,6,20
2022-06-20 16:43:00+00:00,34.6,34.67,34.58,34.65,2594.97,2022,6,20
2022-06-20 16:44:00+00:00,34.65,34.68,34.53,34.55,6663.82,2022,6,20
2022-06-20 16:45:00+00:00,34.55,34.68,34.52,34.66,3533.57,2022,6,20
2022-06-20 16:46:00+00:00,34.65,34.7,34.6,34.62,3377.97,2022,6,20
2022-06-20 16:47:00+00:00,34.61,34.72,34.6,34.71,5178.3,2022,6,20
2022-06-20 16:48:00+00:00,34.71,34.76,34.63,34.63,3671.63,2022,6,20
2022-06-20 16:49:00+00:00,34.62,34.67,34.34,34.43,102268.18,2022,6,20
2022-06-20 16:50:00+00:00,34.43,34.57,34.42,34.57,5564.66,2022,6,20
2022-06-20 16:51:00+00:00,34.57,34.62,34.52,34.52,3345.64,2022,6,20
2022-06-20 16:52:00+00:00,34.52,34.57,34.49,34.5,3004.14,2022,6,20
2022-06-20 16:53:00+00:00,34.5,34.5,34.31,34.35,8783.19,2022,6,20
2022-06-20 16:54:00+00:00,34.35,34.43,34.27,34.37,10145.89,2022,6,20
2022-06-20 16:55:00+00:00,34.38,34.4,34.28,34.32,5701.98,2022,6,20
2022-06-20 16:56:00+00:00,34.32,34.4,34.27,34.39,13234.98,2022,6,20
2022-06-20 16:57:00+00:00,34.4,34.5,34.4,34.47,10920.18,2022,6,20
2022-06-20 16:58:00+00:00,34.48,34.58,34.46,34.54,4976.19,2022,6,20
2022-06-20 16:59:00+00:00,34.53,34.65,34.53,34.55,8139.18,2022,6,20
2022-06-20 17:00:00+00:00,34.55,34.68,34.55,34.63,4054.31,2022,6,20
2022-06-20 17:01:00+00:00,34.63,34.69,34.62,34.65,2105.89,2022,6,20
2022-06-20 17:02:00+00:00,34.64,34.68,34.61,34.62,3282.11,2022,6,20
2022-06-20 17:03:00+00:00,34.61,34.61,34.54,34.54,2839.93,2022,6,20
2022-06-20 17:04:00+00:00,34.53,34.69,34.53,34.63,3040.23,2022,6,20
2022-06-20 17:05:00+00:00,34.63,34.63,34.46,34.47,3765.73,2022,6,20
2022-06-20 17:06:00+00:00,34.46,34.48,34.24,34.31,13813.26,2022,6,20
2022-06-20 17:07:00+00:00,34.32,34.51,34.14,34.47,13904.01,2022,6,20
2022-06-20 17:08:00+00:00,34.46,34.61,34.42,34.56,5825.8,2022,6,20
2022-06-20 17:09:00+00:00,34.55,34.67,34.53,34.65,8141.08,2022,6,20
2022-06-20 17:10:00+00:00,34.65,34.7,34.62,34.67,3309.23,2022,6,20
2022-06-20 17:11:00+00:00,34.68,34.75,34.63,34.72,3186.3,2022,6,20
2022-06-20 17:12:00+00:00,34.72,34.92,34.68,34.84,7821.96,2022,6,20
2022-06-20 17:13:00+00:00,34.84,34.87,34.73,34.75,3903.03,2022,6,20
2022-06-20 17:14:00+00:00,34.77,34.8,34.66,34.68,2272.59,2022,6,20
2022-06-20 17:15:00+00:00,34.69,34.84,34.69,34.8,7288.77,2022,6,20
2022-06-20 17:16:00+00:00,34.81,34.83,34.77,34.82,3492.32,2022,6,20
2022-06-20 17:17:00+00:00,34.81,34.88,34.77,34.87,1461.08,2022,6,20
2022-06-20 17:18:00+00:00,34.87,34.97,34.85,34.89,4646.48,2022,6,20
2022-06-20 17:19:00+00:00,34.89,34.92,34.81,34.83,2391.6,2022,6,20
2022-06-20 17:20:00+00:00,34.84,34.89,34.79,34.89,4543.34,2022,6,20
2022-06-20 17:21:00+00:00,34.89,34.95,34.86,34.94,3309.4,2022,6,20
2022-06-20 17:22:00+00:00,34.95,35.08,34.93,35.07,8348.37,2022,6,20
2022-06-20 17:23:00+00:00,35.07,35.09,34.91,34.97,9002.34,2022,6,20
2022-06-20 17:24:00+00:00,34.97,34.98,34.87,34.95,4036.53,2022,6,20
2022-06-20 17:25:00+00:00,34.95,34.97,34.91,34.93,3254.26,2022,6,20
2022-06-20 17:26:00+00:00,34.92,35.01,34.9,35.01,3759.88,2022,6,20
2022-06-20 17:27:00+00:00,35.01,35.01,34.8,34.85,2952.54,2022,6,20
2022-06-20 17:28:00+00:00,34.86,34.93,34.83,34.93,3303.38,2022,6,20
2022-06-20 17:29:00+00:00,34.93,34.94,34.84,34.85,4492.73,2022,6,20
2022-06-20 17:30:00+00:00,34.85,34.87,34.79,34.83,2259.19,2022,6,20
2022-06-20 17:31:00+00:00,34.83,34.93,34.81,34.81,2518.47,2022,6,20
2022-06-20 17:32:00+00:00,34.8,34.89,34.8,34.85,2909.38,2022,6,20
2022-06-20 17:33:00+00:00,34.84,34.94,34.82,34.88,2876.68,2022,6,20
2022-06-20 17:34:00+00:00,34.89,34.97,34.87,34.96,2424.81,2022,6,20
2022-06-20 17:35:00+00:00,34.96,35.06,34.94,34.94,4323.19,2022,6,20
2022-06-20 17:36:00+00:00,34.93,34.97,34.91,34.91,1819.94,2022,6,20
2022-06-20 17:37:00+00:00,34.92,35.03,34.92,34.98,4989.15,2022,6,20
2022-06-20 17:38:00+00:00,34.99,35.02,34.97,34.99,2616.25,2022,6,20
2022-06-20 17:39:00+00:00,35.0,35.14,34.96,35.1,5293.34,2022,6,20
2022-06-20 17:40:00+00:00,35.11,35.18,35.06,35.11,4019.96,2022,6,20
2022-06-20 17:41:00+00:00,35.1,35.1,34.98,35.02,2460.03,2022,6,20
2022-06-20 17:42:00+00:00,35.02,35.04,34.97,35.01,2504.67,2022,6,20
2022-06-20 17:43:00+00:00,35.02,35.09,34.99,35.09,5474.13,2022,6,20
2022-06-20 17:44:00+00:00,35.08,35.12,34.99,35.08,3149.62,2022,6,20
2022-06-20 17:45:00+00:00,35.09,35.2,35.01,35.16,6355.93,2022,6,20
2022-06-20 17:46:00+00:00,35.16,35.23,35.13,35.2,2925.66,2022,6,20
2022-06-20 17:47:00+00:00,35.2,35.29,35.15,35.21,5579.37,2022,6,20
2022-06-20 17:48:00+00:00,35.22,35.24,35.15,35.22,3785.64,2022,6,20
2022-06-20 17:49:00+00:00,35.21,35.23,35.15,35.16,3116.94,2022,6,20
2022-06-20 17:50:00+00:00,35.16,35.17,35.08,35.11,2992.44,2022,6,20
2022-06-20 17:51:00+00:00,35.11,35.14,35.01,35.03,2453.53,2022,6,20
2022-06-20 17:52:00+00:00,35.02,35.04,34.71,34.76,17331.19,2022,6,20
2022-06-20 17:53:00+00:00,34.76,34.84,34.6,34.8,13106.83,2022,6,20
2022-06-20 17:54:00+00:00,34.8,34.83,34.66,34.74,6541.54,2022,6,20
2022-06-20 17:55:00+00:00,34.74,34.82,34.68,34.71,5850.63,2022,6,20
2022-06-20 17:56:00+00:00,34.72,34.73,34.51,34.53,24569.7,2022,6,20
2022-06-20 17:57:00+00:00,34.53,34.69,34.47,34.48,17424.53,2022,6,20
2022-06-20 17:58:00+00:00,34.48,34.53,34.4,34.42,9214.25,2022,6,20
2022-06-20 17:59:00+00:00,34.42,34.45,34.34,34.38,7732.1,2022,6,20
2022-06-20 18:00:00+00:00,34.37,34.49,34.32,34.45,6778.76,2022,6,20
2022-06-20 18:01:00+00:00,34.45,34.52,34.42,34.43,8569.72,2022,6,20
2022-06-20 18:02:00+00:00,34.42,34.43,34.19,34.23,15559.81,2022,6,20
2022-06-20 18:03:00+00:00,34.22,34.33,34.21,34.31,8856.71,2022,6,20
2022-06-20 18:04:00+00:00,34.32,34.43,34.31,34.31,7004.27,2022,6,20
2022-06-20 18:05:00+00:00,34.31,34.44,34.28,34.28,4616.4,2022,6,20
2022-06-20 18:06:00+00:00,34.28,34.38,34.22,34.33,7017.34,2022,6,20
2022-06-20 18:07:00+00:00,34.33,34.36,34.23,34.29,7166.03,2022,6,20
2022-06-20 18:08:00+00:00,34.29,34.43,34.28,34.4,5518.71,2022,6,20
2022-06-20 18:09:00+00:00,34.4,34.42,34.32,34.32,2944.36,2022,6,20
2022-06-20 18:10:00+00:00,34.33,34.45,34.33,34.43,3244.25,2022,6,20
2022-06-20 18:11:00+00:00,34.43,34.43,34.3,34.35,9774.52,2022,6,20
2022-06-20 18:12:00+00:00,34.35,34.37,34.27,34.29,9070.83,2022,6,20
2022-06-20 18:13:00+00:00,34.29,34.29,34.03,34.09,17528.9,2022,6,20
2022-06-20 18:14:00+00:00,34.11,34.18,34.05,34.15,6942.51,2022,6,20
2022-06-20 18:15:00+00:00,34.15,34.23,34.1,34.13,3826.54,2022,6,20
2022-06-20 18:16:00+00:00,34.12,34.24,34.1,34.16,4683.83,2022,6,20
2022-06-20 18:17:00+00:00,34.16,34.24,34.12,34.16,3290.17,2022,6,20
2022-06-20 18:18:00+00:00,34.16,34.16,34.03,34.13,2789.67,2022,6,20
2022-06-20 18:19:00+00:00,34.12,34.22,34.1,34.22,3478.83,2022,6,20
2022-06-20 18:20:00+00:00,34.22,34.45,34.22,34.45,7743.22,2022,6,20
2022-06-20 18:21:00+00:00,34.45,34.54,34.39,34.53,14329.12,2022,6,20
2022-06-20 18:22:00+00:00,34.54,34.64,34.52,34.55,5524.5,2022,6,20
2022-06-20 18:23:00+00:00,34.54,34.57,34.5,34.51,2574.81,2022,6,20
2022-06-20 18:24:00+00:00,34.49,34.53,34.47,34.5,2785.27,2022,6,20
2022-06-20 18:25:00+00:00,34.51,34.63,34.5,34.63,2363.32,2022,6,20
2022-06-20 18:26:00+00:00,34.62,34.68,34.58,34.59,5819.06,2022,6,20
2022-06-20 18:27:00+00:00,34.59,34.62,34.51,34.57,2894.2,2022,6,20
2022-06-20 18:28:00+00:00,34.57,34.58,34.47,34.51,2743.71,2022,6,20
2022-06-20 18:29:00+00:00,34.51,34.51,34.43,34.49,2217.31,2022,6,20
2022-06-20 18:30:00+00:00,34.5,34.61,34.35,34.38,3756.64,2022,6,20
2022-06-20 18:31:00+00:00,34.37,34.52,34.33,34.46,3496.88,2022,6,20
2022-06-20 18:32:00+00:00,34.46,34.47,34.39,34.41,2442.81,2022,6,20
2022-06-20 18:33:00+00:00,34.42,34.49,34.4,34.43,1610.26,2022,6,20
2022-06-20 18:34:00+00:00,34.42,34.44,34.39,34.41,2656.4,2022,6,20
2022-06-20 18:35:00+00:00,34.42,34.51,34.39,34.48,2950.12,2022,6,20
2022-06-20 18:36:00+00:00,34.49,34.55,34.45,34.47,6228.24,2022,6,20
2022-06-20 18:37:00+00:00,34.46,34.51,34.38,34.5,5746.58,2022,6,20
2022-06-20 18:38:00+00:00,34.51,34.56,34.51,34.53,2271.04,2022,6,20
2022-06-20 18:39:00+00:00,34.53,34.61,34.51,34.59,2380.07,2022,6,20
2022-06-20 18:40:00+00:00,34.58,34.77,34.56,34.72,7664.17,2022,6,20
2022-06-20 18:41:00+00:00,34.72,34.75,34.63,34.63,2028.17,2022,6,20
2022-06-20 18:42:00+00:00,34.62,34.65,34.61,34.64,1399.99,2022,6,20
2022-06-20 18:43:00+00:00,34.64,34.64,34.56,34.58,1112.08,2022,6,20
2022-06-20 18:44:00+00:00,34.59,34.59,34.51,34.56,916.36,2022,6,20
2022-06-20 18:45:00+00:00,34.56,34.59,34.44,34.46,2293.84,2022,6,20
2022-06-20 18:46:00+00:00,34.46,34.47,34.39,34.46,1822.25,2022,6,20
2022-06-20 18:47:00+00:00,34.46,34.52,34.46,34.48,4988.85,2022,6,20
2022-06-20 18:48:00+00:00,34.48,34.5,34.47,34.49,685.9,2022,6,20
2022-06-20 18:49:00+00:00,34.48,34.48,34.35,34.38,9674.04,2022,6,20
2022-06-20 18:50:00+00:00,34.38,34.41,34.36,34.36,936.85,2022,6,20
2022-06-20 18:51:00+00:00,34.37,34.43,34.35,34.43,3387.94,2022,6,20
2022-06-20 18:52:00+00:00,34.43,34.49,34.39,34.4,2357.84,2022,6,20
2022-06-20 18:53:00+00:00,34.41,34.47,34.36,34.44,1948.99,2022,6,20
2022-06-20 18:54:00+00:00,34.43,34.46,34.4,34.4,2502.29,2022,6,20
2022-06-20 18:55:00+00:00,34.4,34.44,34.39,34.39,1695.32,2022,6,20
2022-06-20 18:56:00+00:00,34.4,34.44,34.38,34.41,658.53,2022,6,20
2022-06-20 18:57:00+00:00,34.4,34.46,34.38,34.44,1961.81,2022,6,20
2022-06-20 18:58:00+00:00,34.44,34.57,34.43,34.56,2179.21,2022,6,20
2022-06-20 18:59:00+00:00,34.56,34.57,34.48,34.52,2252.17,2022,6,20
2022-06-20 19:00:00+00:00,34.52,34.54,34.44,34.48,2299.8,2022,6,20
2022-06-20 19:01:00+00:00,34.48,34.53,34.43,34.43,2113.09,2022,6,20
2022-06-20 19:02:00+00:00,34.44,34.46,34.37,34.38,4196.67,2022,6,20
2022-06-20 19:03:00+00:00,34.38,34.43,34.34,34.4,2949.06,2022,6,20
2022-06-20 19:04:00+00:00,34.41,34.47,34.38,34.42,3695.62,2022,6,20
2022-06-20 19:05:00+00:00,34.42,34.44,34.32,34.33,4976.84,2022,6,20
2022-06-20 19:06:00+00:00,34.33,34.33,34.13,34.13,5634.01,2022,6,20
2022-06-20 19:07:00+00:00,34.14,34.19,34.07,34.09,9329.53,2022,6,20
2022-06-20 19:08:00+00:00,34.08,34.08,33.94,34.0,9082.66,2022,6,20
2022-06-20 19:09:00+00:00,34.01,34.07,33.97,33.98,2996.39,2022,6,20
2022-06-20 19:10:00+00:00,33.99,34.22,33.99,34.17,7828.47,2022,6,20
2022-06-20 19:11:00+00:00,34.16,34.16,34.05,34.06,1777.64,2022,6,20
2022-06-20 19:12:00+00:00,34.07,34.19,34.07,34.14,2126.08,2022,6,20
2022-06-20 19:13:00+00:00,34.15,34.23,34.13,34.22,860.78,2022,6,20
2022-06-20 19:14:00+00:00,34.22,34.33,34.2,34.32,2312.07,2022,6,20
2022-06-20 19:15:00+00:00,34.32,34.32,34.22,34.26,2372.13,2022,6,20
2022-06-20 19:16:00+00:00,34.26,34.37,34.22,34.35,1415.29,2022,6,20
2022-06-20 19:17:00+00:00,34.35,34.44,34.34,34.43,2432.36,2022,6,20
2022-06-20 19:18:00+00:00,34.44,34.58,34.44,34.52,5731.37,2022,6,20
2022-06-20 19:19:00+00:00,34.51,34.51,34.41,34.42,1937.75,2022,6,20
2022-06-20 19:20:00+00:00,34.43,34.55,34.42,34.49,2078.32,2022,6,20
2022-06-20 19:21:00+00:00,34.48,34.67,34.48,34.65,3450.86,2022,6,20
2022-06-20 19:22:00+00:00,34.65,34.69,34.56,34.59,4229.04,2022,6,20
2022-06-20 19:23:00+00:00,34.58,34.58,34.53,34.56,1832.84,2022,6,20
2022-06-20 19:24:00+00:00,34.56,34.57,34.46,34.46,2626.01,2022,6,20
2022-06-20 19:25:00+00:00,34.47,34.47,34.36,34.37,2668.55,2022,6,20
2022-06-20 19:26:00+00:00,34.37,34.45,34.34,34.45,1584.66,2022,6,20
2022-06-20 19:27:00+00:00,34.46,34.64,34.44,34.44,2661.45,2022,6,20
2022-06-20 19:28:00+00:00,34.45,34.51,34.4,34.49,1553.52,2022,6,20
2022-06-20 19:29:00+00:00,34.5,34.57,34.47,34.48,1370.99,2022,6,20
2022-06-20 19:30:00+00:00,34.48,34.53,34.44,34.47,2875.91,2022,6,20
2022-06-20 19:31:00+00:00,34.47,34.5,34.39,34.39,1620.63,2022,6,20
2022-06-20 19:32:00+00:00,34.39,34.41,34.35,34.38,2892.76,2022,6,20
2022-06-20 19:33:00+00:00,34.38,34.38,34.31,34.36,1832.1,2022,6,20
2022-06-20 19:34:00+00:00,34.37,34.41,34.36,34.36,1642.32,2022,6,20
2022-06-20 19:35:00+00:00,34.36,34.47,34.26,34.46,5149.76,2022,6,20
2022-06-20 19:36:00+00:00,34.47,34.61,34.47,34.54,3819.33,2022,6,20
2022-06-20 19:37:00+00:00,34.55,34.56,34.49,34.49,1225.96,2022,6,20
2022-06-20 19:38:00+00:00,34.49,34.59,34.47,34.57,2281.76,2022,6,20
2022-06-20 19:39:00+00:00,34.57,34.65,34.57,34.62,10516.68,2022,6,20
2022-06-20 19:40:00+00:00,34.63,34.7,34.55,34.68,3898.3,2022,6,20
2022-06-20 19:41:00+00:00,34.69,34.72,34.65,34.68,3802.2,2022,6,20
2022-06-20 19:42:00+00:00,34.68,34.69,34.66,34.66,987.42,2022,6,20
2022-06-20 19:43:00+00:00,34.65,34.69,34.58,34.61,700.62,2022,6,20
2022-06-20 19:44:00+00:00,34.62,34.72,34.6,34.72,3062.81,2022,6,20
2022-06-20 19:45:00+00:00,34.72,34.88,34.71,34.81,9603.51,2022,6,20
2022-06-20 19:46:00+00:00,34.81,34.84,34.78,34.8,1980.86,2022,6,20
2022-06-20 19:47:00+00:00,34.8,34.97,34.75,34.94,3416.71,2022,6,20
2022-06-20 19:48:00+00:00,34.94,34.99,34.87,34.88,5002.29,2022,6,20
2022-06-20 19:49:00+00:00,34.89,34.91,34.77,34.8,2604.29,2022,6,20
2022-06-20 19:50:00+00:00,34.8,34.83,34.76,34.82,2688.73,2022,6,20
2022-06-20 19:51:00+00:00,34.82,34.85,34.79,34.79,2471.54,2022,6,20
2022-06-20 19:52:00+00:00,34.79,34.81,34.74,34.8,1511.98,2022,6,20
2022-06-20 19:53:00+00:00,34.8,34.81,34.71,34.71,2706.82,2022,6,20
2022-06-20 19:54:00+00:00,34.71,34.73,34.67,34.72,2834.51,2022,6,20
2022-06-20 19:55:00+00:00,34.7,34.76,34.7,34.76,5915.04,2022,6,20
2022-06-20 19:56:00+00:00,34.75,34.75,34.53,34.59,7489.7,2022,6,20
2022-06-20 19:57:00+00:00,34.59,34.6,34.52,34.57,1904.78,2022,6,20
2022-06-20 19:58:00+00:00,34.56,34.56,34.41,34.47,4302.24,2022,6,20
2022-06-20 19:59:00+00:00,34.46,34.54,34.44,34.45,2230.01,2022,6,20
2022-06-20 20:00:00+00:00,34.45,34.56,34.45,34.54,2642.65,2022,6,20
2022-06-20 20:01:00+00:00,34.54,34.54,34.29,34.3,6548.85,2022,6,20
2022-06-20 20:02:00+00:00,34.3,34.34,34.25,34.26,1966.24,2022,6,20
2022-06-20 20:03:00+00:00,34.26,34.3,34.15,34.17,3582.25,2022,6,20
2022-06-20 20:04:00+00:00,34.18,34.22,34.07,34.21,6544.38,2022,6,20
2022-06-20 20:05:00+00:00,34.22,34.3,34.15,34.17,2024.71,2022,6,20
2022-06-20 20:06:00+00:00,34.17,34.37,34.17,34.34,1383.69,2022,6,20
2022-06-20 20:07:00+00:00,34.34,34.52,34.34,34.47,5762.12,2022,6,20
2022-06-20 20:08:00+00:00,34.46,34.54,34.4,34.41,3129.47,2022,6,20
2022-06-20 20:09:00+00:00,34.41,34.48,34.4,34.48,1671.01,2022,6,20
2022-06-20 20:10:00+00:00,34.49,34.6,34.48,34.48,3178.16,2022,6,20
2022-06-20 20:11:00+00:00,34.48,34.52,34.44,34.46,1540.59,2022,6,20
2022-06-20 20:12:00+00:00,34.47,34.53,34.45,34.52,1981.22,2022,6,20
2022-06-20 20:13:00+00:00,34.52,34.59,34.47,34.58,1919.84,2022,6,20
2022-06-20 20:14:00+00:00,34.58,34.6,34.52,34.57,1245.17,2022,6,20
2022-06-20 20:15:00+00:00,34.58,34.62,34.48,34.52,2953.96,2022,6,20
2022-06-20 20:16:00+00:00,34.53,34.57,34.5,34.54,1299.58,2022,6,20
2022-06-20 20:17:00+00:00,34.54,34.79,34.53,34.77,5967.41,2022,6,20
2022-06-20 20:18:00+00:00,34.76,34.8,34.7,34.72,4880.06,2022,6,20
2022-06-20 20:19:00+00:00,34.72,34.74,34.63,34.63,1797.9,2022,6,20
2022-06-20 20:20:00+00:00,34.63,34.7,34.62,34.62,1951.45,2022,6,20
2022-06-20 20:21:00+00:00,34.62,34.68,34.62,34.62,1128.79,2022,6,20
2022-06-20 20:22:00+00:00,34.63,34.68,34.58,34.68,1761.33,2022,6,20
2022-06-20 20:23:00+00:00,34.68,34.68,34.6,34.62,1037.95,2022,6,20
2022-06-20 20:24:00+00:00,34.62,34.62,34.54,34.55,2257.44,2022,6,20
2022-06-20 20:25:00+00:00,34.56,34.6,34.48,34.51,2175.88,2022,6,20
2022-06-20 20:26:00+00:00,34.5,34.53,34.45,34.48,1833.22,2022,6,20
2022-06-20 20:27:00+00:00,34.48,34.56,34.47,34.55,1329.65,2022,6,20
2022-06-20 20:28:00+00:00,34.55,34.61,34.53,34.6,1984.28,2022,6,20
2022-06-20 20:29:00+00:00,34.6,34.62,34.53,34.56,724.28,2022,6,20
2022-06-20 20:30:00+00:00,34.57,34.6,34.51,34.51,1934.52,2022,6,20
2022-06-20 20:31:00+00:00,34.51,34.63,34.5,34.59,1403.37,2022,6,20
2022-06-20 20:32:00+00:00,34.59,34.62,34.54,34.54,776.69,2022,6,20
2022-06-20 20:33:00+00:00,34.54,34.58,34.54,34.58,587.98,2022,6,20
2022-06-20 20:34:00+00:00,34.57,34.66,34.55,34.61,3039.51,2022,6,20
2022-06-20 20:35:00+00:00,34.62,34.62,34.56,34.57,544.97,2022,6,20
2022-06-20 20:36:00+00:00,34.57,34.66,34.57,34.66,2055.05,2022,6,20
2022-06-20 20:37:00+00:00,34.67,34.82,34.67,34.78,7183.4,2022,6,20
2022-06-20 20:38:00+00:00,34.78,34.94,34.77,34.83,8295.98,2022,6,20
2022-06-20 20:39:00+00:00,34.83,34.94,34.82,34.89,6895.65,2022,6,20
2022-06-20 20:40:00+00:00,34.88,34.88,34.79,34.81,1996.51,2022,6,20
2022-06-20 20:41:00+00:00,34.81,34.84,34.78,34.79,1750.14,2022,6,20
2022-06-20 20:42:00+00:00,34.79,34.85,34.76,34.81,1145.08,2022,6,20
2022-06-20 20:43:00+00:00,34.81,34.87,34.79,34.86,2144.11,2022,6,20
2022-06-20 20:44:00+00:00,34.85,34.93,34.8,34.89,2379.1,2022,6,20
2022-06-20 20:45:00+00:00,34.91,34.96,34.84,34.84,5344.76,2022,6,20
2022-06-20 20:46:00+00:00,34.84,34.84,34.72,34.82,4516.38,2022,6,20
2022-06-20 20:47:00+00:00,34.81,34.82,34.75,34.78,1321.46,2022,6,20
2022-06-20 20:48:00+00:00,34.78,34.8,34.76,34.8,1165.53,2022,6,20
2022-06-20 20:49:00+00:00,34.8,34.8,34.77,34.78,636.7,2022,6,20
2022-06-20 20:50:00+00:00,34.78,34.78,34.75,34.78,1274.25,2022,6,20
2022-06-20 20:51:00+00:00,34.78,34.78,34.74,34.77,850.48,2022,6,20
2022-06-20 20:52:00+00:00,34.76,35.02,34.76,35.0,9211.28,2022,6,20
2022-06-20 20:53:00+00:00,35.0,35.18,35.0,35.11,11654.69,2022,6,20
2022-06-20 20:54:00+00:00,35.12,35.18,35.03,35.09,4683.23,2022,6,20
2022-06-20 20:55:00+00:00,35.09,35.19,35.02,35.15,4610.14,2022,6,20
2022-06-20 20:56:00+00:00,35.16,35.19,35.1,35.16,2905.59,2022,6,20
2022-06-20 20:57:00+00:00,35.16,35.16,35.04,35.04,1486.27,2022,6,20
2022-06-20 20:58:00+00:00,35.04,35.09,35.02,35.09,2736.42,2022,6,20
2022-06-20 20:59:00+00:00,35.09,35.13,35.02,35.05,1965.63,2022,6,20
2022-06-20 21:00:00+00:00,35.05,35.12,35.03,35.08,3839.9,2022,6,20
2022-06-20 21:01:00+00:00,35.06,35.13,35.04,35.13,4603.75,2022,6,20
2022-06-20 21:02:00+00:00,35.12,35.19,35.12,35.18,4854.2,2022,6,20
2022-06-20 21:03:00+00:00,35.18,35.2,35.16,35.17,3119.51,2022,6,20
2022-06-20 21:04:00+00:00,35.16,35.17,35.11,35.15,2686.47,2022,6,20
2022-06-20 21:05:00+00:00,35.14,35.14,34.93,34.98,5728.58,2022,6,20
2022-06-20 21:06:00+00:00,34.99,35.02,34.94,34.96,2603.8,2022,6,20
2022-06-20 21:07:00+00:00,34.96,34.98,34.88,34.89,2463.93,2022,6,20
2022-06-20 21:08:00+00:00,34.89,34.98,34.88,34.96,1288.05,2022,6,20
2022-06-20 21:09:00+00:00,34.96,35.05,34.95,34.96,3456.8,2022,6,20
2022-06-20 21:10:00+00:00,34.95,35.0,34.95,34.97,2905.09,2022,6,20
2022-06-20 21:11:00+00:00,34.98,35.0,34.95,34.98,1767.0,2022,6,20
2022-06-20 21:12:00+00:00,34.98,34.98,34.85,34.91,1792.98,2022,6,20
2022-06-20 21:13:00+00:00,34.91,34.98,34.89,34.94,1187.82,2022,6,20
2022-06-20 21:14:00+00:00,34.95,34.98,34.92,34.94,854.23,2022,6,20
2022-06-20 21:15:00+00:00,34.94,35.0,34.88,34.88,10933.58,2022,6,20
2022-06-20 21:16:00+00:00,34.87,34.93,34.87,34.9,736.75,2022,6,20
2022-06-20 21:17:00+00:00,34.91,34.91,34.86,34.88,2252.9,2022,6,20
2022-06-20 21:18:00+00:00,34.88,34.89,34.81,34.81,1672.66,2022,6,20
2022-06-20 21:19:00+00:00,34.81,34.88,34.8,34.88,3436.14,2022,6,20
2022-06-20 21:20:00+00:00,34.87,34.93,34.81,34.91,3241.81,2022,6,20
2022-06-20 21:21:00+00:00,34.92,35.04,34.92,34.99,6801.69,2022,6,20
2022-06-20 21:22:00+00:00,34.99,35.04,34.99,35.01,2974.07,2022,6,20
2022-06-20 21:23:00+00:00,35.01,35.02,34.95,34.96,2732.78,2022,6,20
2022-06-20 21:24:00+00:00,34.97,35.05,34.91,35.02,3735.51,2022,6,20
2022-06-20 21:25:00+00:00,35.03,35.03,34.93,34.93,1163.14,2022,6,20
2022-06-20 21:26:00+00:00,34.93,35.05,34.93,35.03,4155.71,2022,6,20
2022-06-20 21:27:00+00:00,35.04,35.06,35.02,35.03,1743.49,2022,6,20
2022-06-20 21:28:00+00:00,35.02,35.02,34.98,34.99,775.54,2022,6,20
2022-06-20 21:29:00+00:00,34.99,34.99,34.94,34.94,1803.47,2022,6,20
2022-06-20 21:30:00+00:00,34.94,34.96,34.9,34.92,1408.78,2022,6,20
2022-06-20 21:31:00+00:00,34.92,34.93,34.92,34.93,363.28,2022,6,20
2022-06-20 21:32:00+00:00,34.93,34.93,34.84,34.84,728.42,2022,6,20
2022-06-20 21:33:00+00:00,34.85,34.85,34.83,34.85,532.27,2022,6,20
2022-06-20 21:34:00+00:00,34.85,34.87,34.78,34.79,1442.6,2022,6,20
2022-06-20 21:35:00+00:00,34.78,34.8,34.66,34.73,6491.99,2022,6,20
2022-06-20 21:36:00+00:00,34.73,34.73,34.57,34.58,4761.28,2022,6,20
2022-06-20 21:37:00+00:00,34.58,34.7,34.57,34.69,977.14,2022,6,20
2022-06-20 21:38:00+00:00,34.69,34.74,34.69,34.7,676.37,2022,6,20
2022-06-20 21:39:00+00:00,34.7,34.71,34.66,34.68,1409.24,2022,6,20
2022-06-20 21:40:00+00:00,34.68,34.7,34.66,34.69,1128.36,2022,6,20
2022-06-20 21:41:00+00:00,34.69,34.84,34.69,34.83,1015.96,2022,6,20
2022-06-20 21:42:00+00:00,34.83,34.88,34.74,34.74,927.97,2022,6,20
2022-06-20 21:43:00+00:00,34.74,34.77,34.71,34.73,1645.87,2022,6,20
2022-06-20 21:44:00+00:00,34.73,34.76,34.67,34.68,873.56,2022,6,20
2022-06-20 21:45:00+00:00,34.68,34.69,34.59,34.61,1364.39,2022,6,20
2022-06-20 21:46:00+00:00,34.61,34.63,34.52,34.53,2116.15,2022,6,20
2022-06-20 21:47:00+00:00,34.52,34.53,34.43,34.44,4337.7,2022,6,20
2022-06-20 21:48:00+00:00,34.43,34.48,34.4,34.42,3757.16,2022,6,20
2022-06-20 21:49:00+00:00,34.42,34.42,34.3,34.31,4628.44,2022,6,20
2022-06-20 21:50:00+00:00,34.31,34.38,34.31,34.37,13456.81,2022,6,20
2022-06-20 21:51:00+00:00,34.37,34.4,34.3,34.31,1430.85,2022,6,20
2022-06-20 21:52:00+00:00,34.3,34.34,34.24,34.29,2934.24,2022,6,20
2022-06-20 21:53:00+00:00,34.29,34.42,34.29,34.36,1957.51,2022,6,20
2022-06-20 21:54:00+00:00,34.37,34.41,34.37,34.4,1588.77,2022,6,20
2022-06-20 21:55:00+00:00,34.41,34.54,34.41,34.54,1456.95,2022,6,20
2022-06-20 21:56:00+00:00,34.53,34.53,34.46,34.52,8417.11,2022,6,20
2022-06-20 21:57:00+00:00,34.51,34.53,34.47,34.49,686.82,2022,6,20
2022-06-20 21:58:00+00:00,34.49,34.57,34.49,34.54,829.05,2022,6,20
2022-06-20 21:59:00+00:00,34.54,34.57,34.5,34.53,816.36,2022,6,20
2022-06-20 22:00:00+00:00,34.54,34.58,34.48,34.48,1747.62,2022,6,20
2022-06-20 22:01:00+00:00,34.48,34.54,34.47,34.51,2260.22,2022,6,20
2022-06-20 22:02:00+00:00,34.51,34.51,34.42,34.42,2753.6,2022,6,20
2022-06-20 22:03:00+00:00,34.43,34.44,34.28,34.32,4133.07,2022,6,20
2022-06-20 22:04:00+00:00,34.33,34.4,34.3,34.39,2268.09,2022,6,20
2022-06-20 22:05:00+00:00,34.39,34.39,34.25,34.28,2426.79,2022,6,20
2022-06-20 22:06:00+00:00,34.27,34.28,34.18,34.2,3747.13,2022,6,20
2022-06-20 22:07:00+00:00,34.2,34.26,34.18,34.21,2096.52,2022,6,20
2022-06-20 22:08:00+00:00,34.2,34.33,34.2,34.28,3156.74,2022,6,20
2022-06-20 22:09:00+00:00,34.27,34.3,34.15,34.17,8081.7,2022,6,20
2022-06-20 22:10:00+00:00,34.17,34.3,34.15,34.26,3156.03,2022,6,20
2022-06-20 22:11:00+00:00,34.26,34.3,34.23,34.29,3573.79,2022,6,20
2022-06-20 22:12:00+00:00,34.28,34.3,34.26,34.28,1398.55,2022,6,20
2022-06-20 22:13:00+00:00,34.28,34.28,34.21,34.22,1211.99,2022,6,20
2022-06-20 22:14:00+00:00,34.21,34.22,34.12,34.14,3309.86,2022,6,20
2022-06-20 22:15:00+00:00,34.15,34.27,34.14,34.23,1841.65,2022,6,20
2022-06-20 22:16:00+00:00,34.22,34.27,34.05,34.06,4203.86,2022,6,20
2022-06-20 22:17:00+00:00,34.05,34.08,33.92,33.97,9475.79,2022,6,20
2022-06-20 22:18:00+00:00,33.97,33.98,33.78,33.9,17631.82,2022,6,20
2022-06-20 22:19:00+00:00,33.89,33.97,33.85,33.91,2953.16,2022,6,20
2022-06-20 22:20:00+00:00,33.91,34.13,33.9,34.12,5404.89,2022,6,20
2022-06-20 22:21:00+00:00,34.11,34.12,33.97,34.03,3443.12,2022,6,20
2022-06-20 22:22:00+00:00,34.02,34.03,33.97,33.99,2247.71,2022,6,20
2022-06-20 22:23:00+00:00,33.99,34.0,33.94,33.94,2256.59,2022,6,20
2022-06-20 22:24:00+00:00,33.95,33.95,33.8,33.84,9769.23,2022,6,20
2022-06-20 22:25:00+00:00,33.83,33.99,33.83,33.98,5919.07,2022,6,20
2022-06-20 22:26:00+00:00,33.99,34.08,33.99,34.03,6317.04,2022,6,20
2022-06-20 22:27:00+00:00,34.02,34.13,34.01,34.07,5599.64,2022,6,20
2022-06-20 22:28:00+00:00,34.07,34.08,33.96,34.04,25109.74,2022,6,20
2022-06-20 22:29:00+00:00,34.05,34.14,34.01,34.14,1569.28,2022,6,20
2022-06-20 22:30:00+00:00,34.14,34.4,34.11,34.35,12080.93,2022,6,20
2022-06-20 22:31:00+00:00,34.35,34.42,34.26,34.27,6099.65,2022,6,20
2022-06-20 22:32:00+00:00,34.26,34.26,34.21,34.22,1706.0,2022,6,20
2022-06-20 22:33:00+00:00,34.22,34.31,34.19,34.29,9232.49,2022,6,20
2022-06-20 22:34:00+00:00,34.3,34.34,34.24,34.28,1876.63,2022,6,20
2022-06-20 22:35:00+00:00,34.29,34.4,34.29,34.35,2033.85,2022,6,20
2022-06-20 22:36:00+00:00,34.36,34.36,34.23,34.26,2058.29,2022,6,20
2022-06-20 22:37:00+00:00,34.26,34.38,34.24,34.32,4073.63,2022,6,20
2022-06-20 22:38:00+00:00,34.32,34.35,34.3,34.35,2805.19,2022,6,20
2022-06-20 22:39:00+00:00,34.36,34.4,34.31,34.38,740.43,2022,6,20
2022-06-20 22:40:00+00:00,34.38,34.4,34.32,34.4,1145.2,2022,6,20
2022-06-20 22:41:00+00:00,34.4,34.83,34.4,34.8,14418.75,2022,6,20
2022-06-20 22:42:00+00:00,34.8,34.86,34.63,34.64,10356.87,2022,6,20
2022-06-20 22:43:00+00:00,34.64,34.7,34.6,34.7,2693.57,2022,6,20
2022-06-20 22:44:00+00:00,34.7,34.7,34.63,34.68,1422.96,2022,6,20
2022-06-20 22:45:00+00:00,34.69,34.73,34.61,34.62,6432.81,2022,6,20
2022-06-20 22:46:00+00:00,34.62,34.79,34.61,34.78,3738.01,2022,6,20
2022-06-20 22:47:00+00:00,34.77,34.97,34.77,34.93,7486.93,2022,6,20
2022-06-20 22:48:00+00:00,34.93,34.95,34.79,34.8,3502.27,2022,6,20
2022-06-20 22:49:00+00:00,34.81,34.86,34.79,34.8,1762.78,2022,6,20
2022-06-20 22:50:00+00:00,34.8,34.86,34.79,34.84,2656.86,2022,6,20
2022-06-20 22:51:00+00:00,34.84,34.85,34.81,34.85,737.9,2022,6,20
2022-06-20 22:52:00+00:00,34.83,34.89,34.77,34.8,682.64,2022,6,20
2022-06-20 22:53:00+00:00,34.8,34.83,34.74,34.75,1180.38,2022,6,20
2022-06-20 22:54:00+00:00,34.76,34.83,34.75,34.78,1858.54,2022,6,20
2022-06-20 22:55:00+00:00,34.78,34.82,34.76,34.78,825.44,2022,6,20
2022-06-20 22:56:00+00:00,34.78,34.85,34.76,34.85,1990.8,2022,6,20
2022-06-20 22:57:00+00:00,34.83,34.9,34.8,34.8,1658.4,2022,6,20
2022-06-20 22:58:00+00:00,34.81,34.96,34.8,34.96,1705.93,2022,6,20
2022-06-20 22:59:00+00:00,34.95,35.0,34.85,34.86,2464.25,2022,6,20
2022-06-20 23:00:00+00:00,34.86,34.91,34.78,34.79,2763.82,2022,6,20
2022-06-20 23:01:00+00:00,34.79,34.83,34.78,34.79,998.53,2022,6,20
2022-06-20 23:02:00+00:00,34.79,34.87,34.78,34.83,1476.52,2022,6,20
2022-06-20 23:03:00+00:00,34.82,34.92,34.81,34.88,1364.88,2022,6,20
2022-06-20 23:04:00+00:00,34.87,34.96,34.85,34.96,1122.08,2022,6,20
2022-06-20 23:05:00+00:00,34.96,34.99,34.88,34.88,2900.18,2022,6,20
2022-06-20 23:06:00+00:00,34.88,34.98,34.85,34.88,2334.36,2022,6,20
2022-06-20 23:07:00+00:00,34.88,34.94,34.85,34.87,898.05,2022,6,20
2022-06-20 23:08:00+00:00,34.87,34.89,34.78,34.82,3648.35,2022,6,20
2022-06-20 23:09:00+00:00,34.81,34.81,34.71,34.79,1865.79,2022,6,20
2022-06-20 23:10:00+00:00,34.78,34.78,34.63,34.63,5083.58,2022,6,20
2022-06-20 23:11:00+00:00,34.63,34.68,34.62,34.63,1983.1,2022,6,20
2022-06-20 23:12:00+00:00,34.62,34.62,34.52,34.58,2462.73,2022,6,20
2022-06-20 23:13:00+00:00,34.57,34.79,34.57,34.75,3865.15,2022,6,20
2022-06-20 23:14:00+00:00,34.74,34.76,34.65,34.69,1537.21,2022,6,20
2022-06-20 23:15:00+00:00,34.7,34.7,34.54,34.54,3115.4,2022,6,20
2022-06-20 23:16:00+00:00,34.57,34.72,34.54,34.71,2814.28,2022,6,20
2022-06-20 23:17:00+00:00,34.7,34.71,34.65,34.65,1482.06,2022,6,20
2022-06-20 23:18:00+00:00,34.65,34.7,34.62,34.69,1323.31,2022,6,20
2022-06-20 23:19:00+00:00,34.7,34.7,34.64,34.65,783.36,2022,6,20
2022-06-20 23:20:00+00:00,34.65,34.67,34.63,34.66,509.88,2022,6,20
2022-06-20 23:21:00+00:00,34.67,34.8,34.66,34.68,2223.88,2022,6,20
2022-06-20 23:22:00+00:00,34.68,34.73,34.67,34.7,1151.69,2022,6,20
2022-06-20 23:23:00+00:00,34.71,34.76,34.69,34.74,1074.33,2022,6,20
2022-06-20 23:24:00+00:00,34.73,34.8,34.72,34.76,2661.93,2022,6,20
2022-06-20 23:25:00+00:00,34.76,34.79,34.71,34.71,566.65,2022,6,20
2022-06-20 23:26:00+00:00,34.71,34.77,34.71,34.72,936.04,2022,6,20
2022-06-20 23:27:00+00:00,34.72,34.77,34.57,34.58,1372.26,2022,6,20
2022-06-20 23:28:00+00:00,34.57,34.6,34.45,34.48,3672.58,2022,6,20
2022-06-20 23:29:00+00:00,34.47,34.78,34.47,34.78,2168.73,2022,6,20
2022-06-20 23:30:00+00:00,34.78,34.88,34.74,34.81,4342.26,2022,6,20
2022-06-20 23:31:00+00:00,34.81,34.88,34.75,34.79,3076.95,2022,6,20
2022-06-20 23:32:00+00:00,34.78,35.0,34.76,34.99,4209.45,2022,6,20
2022-06-20 23:33:00+00:00,34.99,35.09,34.97,35.07,8910.83,2022,6,20
2022-06-20 23:34:00+00:00,35.07,35.29,35.07,35.23,22204.16,2022,6,20
2022-06-20 23:35:00+00:00,35.22,35.32,35.14,35.22,9317.33,2022,6,20
2022-06-20 23:36:00+00:00,35.21,35.24,35.15,35.2,8537.1,2022,6,20
2022-06-20 23:37:00+00:00,35.18,35.24,35.16,35.23,1730.59,2022,6,20
2022-06-20 23:38:00+00:00,35.23,35.37,35.17,35.33,5758.09,2022,6,20
2022-06-20 23:39:00+00:00,35.34,35.76,35.34,35.66,34067.67,2022,6,20
2022-06-20 23:40:00+00:00,35.65,35.71,35.41,35.62,15746.43,2022,6,20
2022-06-20 23:41:00+00:00,35.62,35.62,35.37,35.54,10024.09,2022,6,20
2022-06-20 23:42:00+00:00,35.53,35.64,35.48,35.56,4634.47,2022,6,20
2022-06-20 23:43:00+00:00,35.56,35.64,35.55,35.6,3876.35,2022,6,20
2022-06-20 23:44:00+00:00,35.61,35.61,35.52,35.54,2303.74,2022,6,20
2022-06-20 23:45:00+00:00,35.53,35.66,35.39,35.4,9479.8,2022,6,20
2022-06-20 23:46:00+00:00,35.41,35.53,35.4,35.5,3471.41,2022,6,20
2022-06-20 23:47:00+00:00,35.49,35.57,35.45,35.47,3188.75,2022,6,20
2022-06-20 23:48:00+00:00,35.48,35.51,35.42,35.51,1941.44,2022,6,20
2022-06-20 23:49:00+00:00,35.51,35.55,35.42,35.47,3114.6,2022,6,20
2022-06-20 23:50:00+00:00,35.47,35.49,35.38,35.42,2832.09,2022,6,20
2022-06-20 23:51:00+00:00,35.43,35.53,35.42,35.47,3316.69,2022,6,20
2022-06-20 23:52:00+00:00,35.46,35.53,35.46,35.51,2925.08,2022,6,20
2022-06-20 23:53:00+00:00,35.51,35.56,35.5,35.54,1893.58,2022,6,20
2022-06-20 23:54:00+00:00,35.54,35.55,35.46,35.5,1882.75,2022,6,20
2022-06-20 23:55:00+00:00,35.5,35.53,35.42,35.43,3697.85,2022,6,20
2022-06-20 23:56:00+00:00,35.43,35.47,35.42,35.42,1583.56,2022,6,20
2022-06-20 23:57:00+00:00,35.42,35.45,35.32,35.32,4430.92,2022,6,20
2022-06-20 23:58:00+00:00,35.35,35.43,35.28,35.29,13920.77,2022,6,20
2022-06-20 23:59:00+00:00,35.29,35.31,35.24,35.24,2919.57,2022,6,20
